cell_type	comparison	tf	activity	pvalue	n_targets	n_de_targets	concordant_up	concordant_down	padj
AF_inner	healthy_vs_degenerated_all	MYC	0.006385696040868455	0.04480037765186519	783	5	5	0	0.2010273356173438
AF_inner	healthy_vs_degenerated_all	SPI1	0.011857707509881422	0.025342864001262014	253	3	3	0	0.13968507717231032
AF_inner	healthy_vs_degenerated_all	SMAD3	0.0	0.052460803517473474	147	2	1	1	0.21167935515668637
AF_inner	healthy_vs_degenerated_all	SMAD4	-0.009174311926605505	0.24035701020322947	109	1	0	1	0.6185658350818406
AF_inner	healthy_vs_degenerated_all	STAT5A	0.017857142857142856	5.954940203917554e-05	168	5	4	1	0.00260528633921393
AF_inner	healthy_vs_degenerated_all	STAT5B	0.024096385542168676	0.018384277843799732	83	2	2	0	0.11388490699698949
AF_inner	healthy_vs_degenerated_all	RELA	0.022727272727272728	9.125629886375196e-08	440	10	10	0	1.6660819607896756e-05
AF_inner	healthy_vs_degenerated_all	WT1	0.015625	0.04092717856429239	128	2	2	0	0.18848042759871497
AF_inner	healthy_vs_degenerated_all	NR0B2	0.01098901098901099	0.2049700400781706	91	1	1	0	0.5353695076668635
AF_inner	healthy_vs_degenerated_all	SP1	0.005698005698005698	6.2223505156442085e-06	1053	12	9	3	0.0003629704467459122
AF_inner	healthy_vs_degenerated_all	TP53	0.0	6.358442400317988e-07	847	12	6	6	7.418182800370985e-05
AF_inner	healthy_vs_degenerated_all	ZBTB16	0.046511627906976744	0.005195417235246166	43	2	2	0	0.051954172352461664
AF_inner	healthy_vs_degenerated_all	ETV6	0.045454545454545456	0.05382703602555739	22	1	1	0	0.21167935515668637
AF_inner	healthy_vs_degenerated_all	RUNX1	0.0	0.05566919168800805	152	2	1	1	0.21499343898538814
AF_inner	healthy_vs_degenerated_all	STAT1	0.016194331983805668	0.00331285970394949	247	4	4	0	0.03680955226610544
AF_inner	healthy_vs_degenerated_all	STAT3	0.005747126436781609	0.0002113195418441909	348	6	4	2	0.006723803604133346
AF_inner	healthy_vs_degenerated_all	ETV4	0.03571428571428571	0.008680531329102573	56	2	2	0	0.07410209671185124
AF_inner	healthy_vs_degenerated_all	MTF1	-0.034482758620689655	0.07035392407036459	29	1	0	1	0.24747611482037796
AF_inner	healthy_vs_degenerated_all	CREB1	0.02535211267605634	7.180059010723209e-10	355	11	10	1	5.026041307506246e-07
AF_inner	healthy_vs_degenerated_all	FOXA2	0.0	1.0	78	0	0	0	1.0
AF_inner	healthy_vs_degenerated_all	NFATC2	0.04918032786885246	0.00047585726699617066	61	3	3	0	0.009797061379332925
AF_inner	healthy_vs_degenerated_all	CEBPB	0.011235955056179775	0.01185189183600785	356	4	4	0	0.09427641233188061
AF_inner	healthy_vs_degenerated_all	FOS	0.0196078431372549	0.0004178288271359225	255	5	5	0	0.009614165854622277
AF_inner	healthy_vs_degenerated_all	PLAG1	0.0	1.0	8	0	0	0	1.0
AF_inner	healthy_vs_degenerated_all	E2F1	0.006896551724137931	0.005849764349031839	290	4	3	1	0.056063764918466395
AF_inner	healthy_vs_degenerated_all	E2F3	0.014925373134328358	0.15527972926747605	67	1	1	0	0.4229408968374834
AF_inner	healthy_vs_degenerated_all	HBP1	0.05128205128205128	0.004290374202297129	39	2	2	0	0.044165616788352804
AF_inner	healthy_vs_degenerated_all	YY1	0.005050505050505051	0.013302467821516548	198	3	2	1	0.097095175807691
AF_inner	healthy_vs_degenerated_all	ESR1	0.007827788649706457	3.2434327396786285e-05	511	8	6	2	0.0016217163698393142
AF_inner	healthy_vs_degenerated_all	JUN	0.010040160642570281	2.9862463581547776e-06	498	9	7	2	0.00020903724507083442
AF_inner	healthy_vs_degenerated_all	NR1I3	0.024390243902439025	0.09803363278896438	41	1	1	0	0.3091150583435814
AF_inner	healthy_vs_degenerated_all	CEBPG	0.013605442176870748	0.052460803517473474	147	2	2	0	0.21167935515668637
AF_inner	healthy_vs_degenerated_all	MAFK	0.0	1.0	21	0	0	0	1.0
AF_inner	healthy_vs_degenerated_all	NFE2L3	0.0	1.0	6	0	0	0	1.0
AF_inner	healthy_vs_degenerated_all	PHOX2A	0.0	1.0	8	0	0	0	1.0
AF_inner	healthy_vs_degenerated_all	STAT4	0.0	1.0	21	0	0	0	1.0
AF_inner	healthy_vs_degenerated_all	IRF1	0.03125	0.0002891423957992923	128	4	4	0	0.008310379035265096
AF_inner	healthy_vs_degenerated_all	ATF2	0.020202020202020204	0.025557923961567017	99	2	2	0	0.13976989666481962
AF_inner	healthy_vs_degenerated_all	NR2C2	0.0	1.0	50	0	0	0	1.0
AF_inner	healthy_vs_degenerated_all	IRF3	0.016666666666666666	0.14022536764338686	60	1	1	0	0.39106676235207494
AF_inner	healthy_vs_degenerated_all	TFAP2A	0.02	0.0003816075353993757	250	5	5	0	0.009403296166073202
AF_inner	healthy_vs_degenerated_all	HNF1A	0.013513513513513514	0.17007713749438486	74	1	1	0	0.4561455794868559
AF_inner	healthy_vs_degenerated_all	ETS1	0.011627906976744186	0.0691617864492996	172	2	2	0	0.24451136623489758
AF_inner	healthy_vs_degenerated_all	ARNT	0.03389830508474576	0.009598927152800403	59	2	2	0	0.0781308024065149
AF_inner	healthy_vs_degenerated_all	AHR	0.0	0.0004524044764668649	144	4	2	2	0.009614165854622277
AF_inner	healthy_vs_degenerated_all	PAX6	0.0	0.033682556407078686	115	2	1	1	0.17085354699242813
AF_inner	healthy_vs_degenerated_all	NFYA	0.012195121951219513	0.0011291170914178644	82	3	2	1	0.018632312267718065
AF_inner	healthy_vs_degenerated_all	ZNF148	0.0	1.0	23	0	0	0	1.0
AF_inner	healthy_vs_degenerated_all	NFIC	0.0	1.0	65	0	0	0	1.0
AF_inner	healthy_vs_degenerated_all	RBPJ	0.02702702702702703	0.0026898047765293496	111	3	3	0	0.033299092690844675
AF_inner	healthy_vs_degenerated_all	HES1	0.0	1.0	71	0	0	0	1.0
AF_inner	healthy_vs_degenerated_all	GATA4	0.01098901098901099	0.001524974284200807	91	3	2	1	0.02223920831126177
AF_inner	healthy_vs_degenerated_all	GATA6	0.01694915254237288	0.00043132418671730304	59	3	2	1	0.009614165854622277
AF_inner	healthy_vs_degenerated_all	HNF4A	0.005291005291005291	0.37992406008832647	189	1	1	0	0.9600969027502835
AF_inner	healthy_vs_degenerated_all	RXRG	0.0	1.0	6	0	0	0	1.0
AF_inner	healthy_vs_degenerated_all	RARA	-0.020833333333333332	0.005582733253792759	144	3	0	3	0.05504103207964691
AF_inner	healthy_vs_degenerated_all	DBP	0.0	1.0	24	0	0	0	1.0
AF_inner	healthy_vs_degenerated_all	HLF	0.07142857142857142	0.03458850239151579	14	1	1	0	0.17171596931958194
AF_inner	healthy_vs_degenerated_all	PPARG	0.0	0.006064262124370294	293	4	2	2	0.056093809044449675
AF_inner	healthy_vs_degenerated_all	MAX	0.0	1.0	44	0	0	0	1.0
AF_inner	healthy_vs_degenerated_all	USF2	0.023255813953488372	0.019652957849469674	86	2	2	0	0.11423772647525719
AF_inner	healthy_vs_degenerated_all	IRF2	-0.020833333333333332	0.1138075354309183	48	1	0	1	0.3361404000069317
AF_inner	healthy_vs_degenerated_all	SP3	-0.0029069767441860465	0.0016032405912281015	344	5	2	3	0.02290343701754431
AF_inner	healthy_vs_degenerated_all	AR	0.002364066193853428	0.0039238087502015346	423	5	3	2	0.04099501679315037
AF_inner	healthy_vs_degenerated_all	CUX1	0.010869565217391304	0.20697743153466105	92	1	1	0	0.538602981688709
AF_inner	healthy_vs_degenerated_all	ATF1	0.02857142857142857	0.013315909825054765	70	2	2	0	0.097095175807691
AF_inner	healthy_vs_degenerated_all	KAT7	0.03076923076923077	0.01155934259681477	65	2	2	0	0.09300620480195793
AF_inner	healthy_vs_degenerated_all	CREBZF	0.0	1.0	12	0	0	0	1.0
AF_inner	healthy_vs_degenerated_all	GLI3	0.0	1.0	35	0	0	0	1.0
AF_inner	healthy_vs_degenerated_all	NKX2-5	0.019230769230769232	0.12270017226057807	52	1	1	0	0.35787550242668603
AF_inner	healthy_vs_degenerated_all	TGFB1I1	0.0	1.0	12	0	0	0	1.0
AF_inner	healthy_vs_degenerated_all	RARB	-0.044444444444444446	0.005678012885892959	45	2	0	2	0.055202903057292654
AF_inner	healthy_vs_degenerated_all	RARG	0.0	1.0	33	0	0	0	1.0
AF_inner	healthy_vs_degenerated_all	TEAD1	0.0625	0.0394335659646881	16	1	1	0	0.1828046104323289
AF_inner	healthy_vs_degenerated_all	PPARA	0.0	0.0018417584455495014	210	4	2	2	0.024792902151627903
AF_inner	healthy_vs_degenerated_all	ESR2	0.0	0.06846336113572539	171	2	1	1	0.24327082637059783
AF_inner	healthy_vs_degenerated_all	NR3C1	0.009216589861751152	0.0020756034493723966	217	4	3	1	0.02741363046340901
AF_inner	healthy_vs_degenerated_all	PGR	-0.017857142857142856	0.00017325261351479082	112	4	1	3	0.005775087117159694
AF_inner	healthy_vs_degenerated_all	NRG1	0.03225806451612903	0.07502400066865164	31	1	1	0	0.2549359246022143
AF_inner	healthy_vs_degenerated_all	TBP	0.008	0.27052018509782916	125	1	1	0	0.6911099619287607
AF_inner	healthy_vs_degenerated_all	REL	0.012048192771084338	0.18873168001072305	83	1	1	0	0.49853651323587217
AF_inner	healthy_vs_degenerated_all	ISL1	0.0	1.0	23	0	0	0	1.0
AF_inner	healthy_vs_degenerated_all	ZBTB14	0.0	1.0	6	0	0	0	1.0
AF_inner	healthy_vs_degenerated_all	MYB	0.013986013986013986	0.04994447820502799	143	2	2	0	0.21167935515668637
AF_inner	healthy_vs_degenerated_all	PITX1	0.0	1.0	26	0	0	0	1.0
AF_inner	healthy_vs_degenerated_all	EGR1	0.013029315960912053	7.6600002640019e-07	307	8	6	2	7.6600002640019e-05
AF_inner	healthy_vs_degenerated_all	MYOD1	0.008928571428571428	0.0027590676800985587	112	3	2	1	0.033299092690844675
AF_inner	healthy_vs_degenerated_all	ETS2	0.0	1.0	87	0	0	0	1.0
AF_inner	healthy_vs_degenerated_all	GTF2I	0.0	1.0	20	0	0	0	1.0
AF_inner	healthy_vs_degenerated_all	NR2F1	0.0	1.0	44	0	0	0	1.0
AF_inner	healthy_vs_degenerated_all	ENO1	-0.06666666666666667	0.03701400315855379	15	1	0	1	0.1762571578978752
AF_inner	healthy_vs_degenerated_all	JDP2	0.0	1.0	32	0	0	0	1.0
AF_inner	healthy_vs_degenerated_all	MAZ	0.03225806451612903	0.07502400066865164	31	1	1	0	0.2549359246022143
AF_inner	healthy_vs_degenerated_all	NR4A1	0.0125	0.18255935667510848	80	1	1	0	0.48405890027490883
AF_inner	healthy_vs_degenerated_all	HMGA1	0.03636363636363636	0.008383715996803834	55	2	2	0	0.07245186663904547
AF_inner	healthy_vs_degenerated_all	NFKB1	0.023880597014925373	1.4757500183763669e-06	335	8	8	0	0.0001291281266079321
AF_inner	healthy_vs_degenerated_all	USF1	0.0	0.06638259893363198	168	2	1	1	0.23829650899252505
AF_inner	healthy_vs_degenerated_all	DDIT3	0.023809523809523808	0.018803146828033135	84	2	2	0	0.11423772647525719
AF_inner	healthy_vs_degenerated_all	ATF4	0.02727272727272727	0.0026216307539687848	110	3	3	0	0.033299092690844675
AF_inner	healthy_vs_degenerated_all	ATF3	0.02127659574468085	0.023210008420076682	94	2	2	0	0.13208947881344454
AF_inner	healthy_vs_degenerated_all	TAF1	0.02564102564102564	0.09347677905703512	39	1	1	0	0.2987842252964593
AF_inner	healthy_vs_degenerated_all	RUNX2	0.0594059405940594	1.781298736343676e-07	101	6	6	0	2.4938182308811464e-05
AF_inner	healthy_vs_degenerated_all	TFAP2B	0.05	0.049052720194298224	20	1	1	0	0.20937136668298023
AF_inner	healthy_vs_degenerated_all	CREM	-0.01639344262295082	0.14239188639132944	61	1	0	1	0.3955330177536929
AF_inner	healthy_vs_degenerated_all	IRF8	0.0	0.006970603635995509	50	2	1	1	0.061764842344264
AF_inner	healthy_vs_degenerated_all	ETV5	0.0625	0.0394335659646881	16	1	1	0	0.1828046104323289
AF_inner	healthy_vs_degenerated_all	DMTF1	0.0	1.0	16	0	0	0	1.0
AF_inner	healthy_vs_degenerated_all	NR5A1	0.013888888888888888	0.16587527588882714	72	1	1	0	0.44658728123915004
AF_inner	healthy_vs_degenerated_all	NEUROD2	0.0	1.0	9	0	0	0	1.0
AF_inner	healthy_vs_degenerated_all	NEUROD1	0.0	1.0	45	0	0	0	1.0
AF_inner	healthy_vs_degenerated_all	HHEX	-0.045454545454545456	0.05382703602555739	22	1	0	1	0.21167935515668637
AF_inner	healthy_vs_degenerated_all	FOXO3	0.005714285714285714	0.009535177756602958	175	3	2	1	0.0781308024065149
AF_inner	healthy_vs_degenerated_all	MBD1	0.0	1.0	15	0	0	0	1.0
AF_inner	healthy_vs_degenerated_all	CEBPD	0.014084507042253521	0.16376657917265824	71	1	1	0	0.4426123761423196
AF_inner	healthy_vs_degenerated_all	ELK1	0.057692307692307696	0.0002967992512594677	52	3	3	0	0.008310379035265096
AF_inner	healthy_vs_degenerated_all	FLI1	0.0	0.015566925708100997	76	2	1	1	0.10183970089411867
AF_inner	healthy_vs_degenerated_all	ELK4	0.0	1.0	6	0	0	0	1.0
AF_inner	healthy_vs_degenerated_all	PREB	0.0	1.0	13	0	0	0	1.0
AF_inner	healthy_vs_degenerated_all	POU1F1	0.0	1.0	39	0	0	0	1.0
AF_inner	healthy_vs_degenerated_all	PAX5	0.020833333333333332	0.1138075354309183	48	1	1	0	0.3361404000069317
AF_inner	healthy_vs_degenerated_all	CEBPA	0.0	0.06569390232958779	167	2	1	1	0.23703985376655387
AF_inner	healthy_vs_degenerated_all	LITAF	0.041666666666666664	0.05857799358171382	24	1	1	0	0.22045481455483695
AF_inner	healthy_vs_degenerated_all	STAT6	0.0449438202247191	7.09889918840174e-05	89	4	4	0	0.0027606830177117877
AF_inner	healthy_vs_degenerated_all	HIF1A	0.010362694300518135	0.00036864230016185465	386	6	5	1	0.009403296166073202
AF_inner	healthy_vs_degenerated_all	TP73	0.0	0.0315668196537889	111	2	1	1	0.16367980561223874
AF_inner	healthy_vs_degenerated_all	KLF11	0.0	1.0	18	0	0	0	1.0
AF_inner	healthy_vs_degenerated_all	TCF4	0.043478260869565216	0.005926740862809305	46	2	2	0	0.056063764918466395
AF_inner	healthy_vs_degenerated_all	HIVEP2	0.0	1.0	11	0	0	0	1.0
AF_inner	healthy_vs_degenerated_all	E2F4	0.0	1.0	160	0	0	0	1.0
AF_inner	healthy_vs_degenerated_all	GATA5	0.0	1.0	17	0	0	0	1.0
AF_inner	healthy_vs_degenerated_all	SRF	0.037037037037037035	0.0010896920062114601	81	3	3	0	0.01860449766702493
AF_inner	healthy_vs_degenerated_all	ELF1	0.0	1.0	61	0	0	0	1.0
AF_inner	healthy_vs_degenerated_all	GATA3	0.006944444444444444	0.304825305002172	144	1	1	0	0.7731076576142043
AF_inner	healthy_vs_degenerated_all	MSX1	0.05263157894736842	0.04665676800666192	19	1	1	0	0.2016033185473046
AF_inner	healthy_vs_degenerated_all	OTX2	0.037037037037037035	0.06566087644931264	27	1	1	0	0.23703985376655387
AF_inner	healthy_vs_degenerated_all	LHX2	0.0	1.0	24	0	0	0	1.0
AF_inner	healthy_vs_degenerated_all	GABPA	0.03333333333333333	0.07269182689221493	30	1	1	0	0.25315561604253956
AF_inner	healthy_vs_degenerated_all	HSF2	0.043478260869565216	0.05620542762046576	23	1	1	0	0.21499343898538814
AF_inner	healthy_vs_degenerated_all	VDR	0.01818181818181818	0.00016162534447582366	110	4	3	1	0.0056568870566538285
AF_inner	healthy_vs_degenerated_all	HOXC8	0.07142857142857142	0.03458850239151579	14	1	1	0	0.17171596931958194
AF_inner	healthy_vs_degenerated_all	HR	0.028169014084507043	0.013680350091059286	71	2	2	0	0.09872417591486082
AF_inner	healthy_vs_degenerated_all	RELB	0.0	1.0	41	0	0	0	1.0
AF_inner	healthy_vs_degenerated_all	CEBPE	0.0	1.0	23	0	0	0	1.0
AF_inner	healthy_vs_degenerated_all	NR0B1	0.02631578947368421	0.09118994816332383	38	1	1	0	0.2941611231074962
AF_inner	healthy_vs_degenerated_all	LEF1	0.023809523809523808	0.018803146828033135	84	2	2	0	0.11423772647525719
AF_inner	healthy_vs_degenerated_all	ID1	0.046875	0.000548022257758012	64	3	3	0	0.0106586971027032
AF_inner	healthy_vs_degenerated_all	ZNF143	-0.038461538461538464	0.06330570414977298	26	1	0	1	0.23080204637938065
AF_inner	healthy_vs_degenerated_all	SOX9	0.0	0.015566925708100997	76	2	1	1	0.10183970089411867
AF_inner	healthy_vs_degenerated_all	YBX1	0.0	1.0	82	0	0	0	1.0
AF_inner	healthy_vs_degenerated_all	HSF1	0.03571428571428571	0.0012106494902300018	84	3	3	0	0.018632312267718065
AF_inner	healthy_vs_degenerated_all	FOXE1	0.0	1.0	5	0	0	0	1.0
AF_inner	healthy_vs_degenerated_all	POU4F1	0.0	1.0	21	0	0	0	1.0
AF_inner	healthy_vs_degenerated_all	NOTO	0.0	1.0	5	0	0	0	1.0
AF_inner	healthy_vs_degenerated_all	HNF1B	0.0	1.0	37	0	0	0	1.0
AF_inner	healthy_vs_degenerated_all	PAX3	0.011904761904761904	0.19077901173581566	84	1	1	0	0.5001696936894043
AF_inner	healthy_vs_degenerated_all	ID2	0.01818181818181818	0.12931253111914479	55	1	1	0	0.36796248692439576
AF_inner	healthy_vs_degenerated_all	MEF2A	0.03614457831325301	0.001169433673334234	83	3	3	0	0.018632312267718065
AF_inner	healthy_vs_degenerated_all	PDX1	-0.017241379310344827	0.13587632001568106	58	1	0	1	0.38045369604390694
AF_inner	healthy_vs_degenerated_all	NR2F2	-0.018518518518518517	0.0003319603279102843	54	3	1	2	0.008937393443738423
AF_inner	healthy_vs_degenerated_all	NR1H4	0.0	0.023672040489447068	95	2	1	1	0.1336324866339754
AF_inner	healthy_vs_degenerated_all	ASCL1	0.0	1.0	50	0	0	0	1.0
AF_inner	healthy_vs_degenerated_all	RFX1	0.0	1.0	19	0	0	0	1.0
AF_inner	healthy_vs_degenerated_all	CRX	0.047619047619047616	0.051442804869971485	21	1	1	0	0.21167935515668637
AF_inner	healthy_vs_degenerated_all	NRL	0.06666666666666667	0.03701400315855379	15	1	1	0	0.1762571578978752
AF_inner	healthy_vs_degenerated_all	UBTF	0.0	1.0	9	0	0	0	1.0
AF_inner	healthy_vs_degenerated_all	MYBL2	0.0	1.0	47	0	0	0	1.0
AF_inner	healthy_vs_degenerated_all	ELF2	0.0	1.0	8	0	0	0	1.0
AF_inner	healthy_vs_degenerated_all	JUND	0.0375	0.0010511506095652403	80	3	3	0	0.018395135667391704
AF_inner	healthy_vs_degenerated_all	TP63	0.022988505747126436	0.0009205023705930186	174	4	4	0	0.016521837420900333
AF_inner	healthy_vs_degenerated_all	NFKBIB	0.058823529411764705	0.041847204965227806	17	1	1	0	0.18898737726231915
AF_inner	healthy_vs_degenerated_all	HOXC6	0.0	1.0	11	0	0	0	1.0
AF_inner	healthy_vs_degenerated_all	FOXO1	0.008733624454148471	0.0025231038538319193	229	4	3	1	0.032706901808932286
AF_inner	healthy_vs_degenerated_all	PITX2	0.01	0.22285975424765483	100	1	1	0	0.5756525017467099
AF_inner	healthy_vs_degenerated_all	NR5A2	0.0	1.0	43	0	0	0	1.0
AF_inner	healthy_vs_degenerated_all	POU2F1	0.0	1.0	82	0	0	0	1.0
AF_inner	healthy_vs_degenerated_all	XBP1	0.0425531914893617	0.006180388843561142	47	2	2	0	0.056093809044449675
AF_inner	healthy_vs_degenerated_all	SREBF1	0.0	0.030016391397880548	108	2	1	1	0.15680204461579392
AF_inner	healthy_vs_degenerated_all	TCF3	0.0	1.0	92	0	0	0	1.0
AF_inner	healthy_vs_degenerated_all	LRRFIP1	0.0	1.0	13	0	0	0	1.0
AF_inner	healthy_vs_degenerated_all	TCF12	0.0	1.0	38	0	0	0	1.0
AF_inner	healthy_vs_degenerated_all	E4F1	0.0	1.0	10	0	0	0	1.0
AF_inner	healthy_vs_degenerated_all	HOXB1	0.0	1.0	6	0	0	0	1.0
AF_inner	healthy_vs_degenerated_all	BRCA1	0.017857142857142856	0.13150584020623643	56	1	1	0	0.3711858392917964
AF_inner	healthy_vs_degenerated_all	ZNF362	0.0	1.0	14	0	0	0	1.0
AF_inner	healthy_vs_degenerated_all	NRF1	0.0	1.0	80	0	0	0	1.0
AF_inner	healthy_vs_degenerated_all	GATA1	-0.010101010101010102	0.22089154400125277	99	1	0	1	0.5726817807439887
AF_inner	healthy_vs_degenerated_all	MYCN	0.0	1.0	120	0	0	0	1.0
AF_inner	healthy_vs_degenerated_all	PKNOX1	0.0	1.0	12	0	0	0	1.0
AF_inner	healthy_vs_degenerated_all	NR4A3	0.0	1.0	31	0	0	0	1.0
AF_inner	healthy_vs_degenerated_all	SSRP1	0.03669724770642202	0.00015602861132202076	109	4	4	0	0.0056568870566538285
AF_inner	healthy_vs_degenerated_all	ZNF91	0.0	1.0	35	0	0	0	1.0
AF_inner	healthy_vs_degenerated_all	NR2C1	0.0	1.0	14	0	0	0	1.0
AF_inner	healthy_vs_degenerated_all	ID3	0.06451612903225806	0.002726613599114518	31	2	2	0	0.033299092690844675
AF_inner	healthy_vs_degenerated_all	ERF	0.0	1.0	15	0	0	0	1.0
AF_inner	healthy_vs_degenerated_all	ZNF354C	0.045454545454545456	0.05382703602555739	22	1	1	0	0.21167935515668637
AF_inner	healthy_vs_degenerated_all	HMGA2	0.05405405405405406	0.0038683340946354776	37	2	2	0	0.04099501679315037
AF_inner	healthy_vs_degenerated_all	POU2F2	0.0	1.0	30	0	0	0	1.0
AF_inner	healthy_vs_degenerated_all	PHOX2B	0.0	1.0	11	0	0	0	1.0
AF_inner	healthy_vs_degenerated_all	SREBF2	0.017543859649122806	0.13369376554904103	57	1	1	0	0.37584592724630006
AF_inner	healthy_vs_degenerated_all	ELF4	0.0	0.003466888860860932	35	2	1	1	0.037919096915666445
AF_inner	healthy_vs_degenerated_all	TTF1	-0.021739130434782608	0.10932834270035328	46	1	0	1	0.329869999526928
AF_inner	healthy_vs_degenerated_all	DLX4	0.029411764705882353	0.0819862842717884	34	1	1	0	0.27070942919930135
AF_inner	healthy_vs_degenerated_all	NR1I2	0.0	0.07197925782304035	176	2	1	1	0.2519274023806412
AF_inner	healthy_vs_degenerated_all	NR1H3	0.0	0.026523227821914845	101	2	1	1	0.14392449205690225
AF_inner	healthy_vs_degenerated_all	MITF	0.022988505747126436	6.495021794280223e-05	87	4	3	1	0.0026744207388212683
AF_inner	healthy_vs_degenerated_all	NCOA1	0.014925373134328358	0.15527972926747605	67	1	1	0	0.4229408968374834
AF_inner	healthy_vs_degenerated_all	NCOR1	-0.029411764705882353	0.01260008690004978	68	2	0	2	0.09587022641342223
AF_inner	healthy_vs_degenerated_all	FOSL1	0.0	1.0	44	0	0	0	1.0
AF_inner	healthy_vs_degenerated_all	JUNB	0.024390243902439025	0.017969462321619823	82	2	2	0	0.11230913951012389
AF_inner	healthy_vs_degenerated_all	MTF2	0.0	1.0	6	0	0	0	1.0
AF_inner	healthy_vs_degenerated_all	DNMT1	0.006666666666666667	0.006250453007810106	150	3	2	1	0.056093809044449675
AF_inner	healthy_vs_degenerated_all	KLF5	0.014925373134328358	0.15527972926747605	67	1	1	0	0.4229408968374834
AF_inner	healthy_vs_degenerated_all	NR3C2	0.023255813953488372	0.10256816487410053	43	1	1	0	0.31910095738609057
AF_inner	healthy_vs_degenerated_all	MYRF	0.0	1.0	7	0	0	0	1.0
AF_inner	healthy_vs_degenerated_all	EBF1	0.0	1.0	25	0	0	0	1.0
AF_inner	healthy_vs_degenerated_all	CREBBP	0.03225806451612903	0.07502400066865164	31	1	1	0	0.2549359246022143
AF_inner	healthy_vs_degenerated_all	ZFPM1	0.0	1.0	12	0	0	0	1.0
AF_inner	healthy_vs_degenerated_all	APEX1	-0.02857142857142857	0.08429567825446262	35	1	0	1	0.2757335270005787
AF_inner	healthy_vs_degenerated_all	TEAD2	0.0	1.0	5	0	0	0	1.0
AF_inner	healthy_vs_degenerated_all	TFAM	0.0	1.0	12	0	0	0	1.0
AF_inner	healthy_vs_degenerated_all	IRF4	0.023809523809523808	0.10030368237087148	42	1	1	0	0.3148546083390585
AF_inner	healthy_vs_degenerated_all	ZBED1	0.0	1.0	19	0	0	0	1.0
AF_inner	healthy_vs_degenerated_all	NCOA2	0.018867924528301886	0.12490971008956331	53	1	1	0	0.3598222101345445
AF_inner	healthy_vs_degenerated_all	FOXA1	0.022222222222222223	0.10708048179084138	45	1	1	0	0.3244863084570951
AF_inner	healthy_vs_degenerated_all	NR4A2	0.0	1.0	45	0	0	0	1.0
AF_inner	healthy_vs_degenerated_all	KLF1	0.0	1.0	22	0	0	0	1.0
AF_inner	healthy_vs_degenerated_all	LHX3	0.0	1.0	7	0	0	0	1.0
AF_inner	healthy_vs_degenerated_all	CTCF	0.016666666666666666	0.0364034100674035	120	2	2	0	0.1762571578978752
AF_inner	healthy_vs_degenerated_all	BCL6	0.012987012987012988	0.17634128586296657	77	1	1	0	0.4693494300535232
AF_inner	healthy_vs_degenerated_all	RB1	0.03125	0.07735045907016869	32	1	1	0	0.26031404494768307
AF_inner	healthy_vs_degenerated_all	TFCP2	0.0	1.0	58	0	0	0	1.0
AF_inner	healthy_vs_degenerated_all	REST	0.0	1.0	41	0	0	0	1.0
AF_inner	healthy_vs_degenerated_all	ESRRA	0.025	0.0957580028031169	40	1	1	0	0.30468455437355374
AF_inner	healthy_vs_degenerated_all	HOXD3	0.0	1.0	9	0	0	0	1.0
AF_inner	healthy_vs_degenerated_all	IRF9	0.0	1.0	17	0	0	0	1.0
AF_inner	healthy_vs_degenerated_all	TFE3	0.06060606060606061	0.003086245778944545	33	2	2	0	0.03484471040743842
AF_inner	healthy_vs_degenerated_all	ZNF236	0.0	1.0	7	0	0	0	1.0
AF_inner	healthy_vs_degenerated_all	TFAP2C	0.0	1.0	24	0	0	0	1.0
AF_inner	healthy_vs_degenerated_all	PAX8	0.0	0.001636410511761236	24	2	1	1	0.022909747164657306
AF_inner	healthy_vs_degenerated_all	NKX2-1	0.0	1.0	44	0	0	0	1.0
AF_inner	healthy_vs_degenerated_all	PBX1	0.0	1.0	43	0	0	0	1.0
AF_inner	healthy_vs_degenerated_all	SP4	0.024390243902439025	0.09803363278896438	41	1	1	0	0.3091150583435814
AF_inner	healthy_vs_degenerated_all	CIITA	0.0	1.0	26	0	0	0	1.0
AF_inner	healthy_vs_degenerated_all	CDX2	-0.022727272727272728	0.10482709359295363	44	1	0	1	0.32183756804854186
AF_inner	healthy_vs_degenerated_all	ELF3	0.045454545454545456	0.05382703602555739	22	1	1	0	0.21167935515668637
AF_inner	healthy_vs_degenerated_all	ELF5	0.0	1.0	7	0	0	0	1.0
AF_inner	healthy_vs_degenerated_all	ZEB1	0.0	1.0	47	0	0	0	1.0
AF_inner	healthy_vs_degenerated_all	EGR3	0.04	0.06094474780399922	25	1	1	0	0.22813541958716285
AF_inner	healthy_vs_degenerated_all	EWSR1	0.0	0.00724368290176889	51	2	1	1	0.06338222539047779
AF_inner	healthy_vs_degenerated_all	NAB2	-0.16666666666666666	0.014969020131272298	6	1	0	1	0.09979346754181533
AF_inner	healthy_vs_degenerated_all	DEAF1	0.0	1.0	11	0	0	0	1.0
AF_inner	healthy_vs_degenerated_all	TBPL1	0.0	1.0	30	0	0	0	1.0
AF_inner	healthy_vs_degenerated_all	MEF2C	0.03508771929824561	1.216618618072285e-05	57	4	3	1	0.0006551023328081535
AF_inner	healthy_vs_degenerated_all	POU4F2	0.0	1.0	23	0	0	0	1.0
AF_inner	healthy_vs_degenerated_all	TAL1	0.0	1.0	79	0	0	0	1.0
AF_inner	healthy_vs_degenerated_all	EPAS1	0.024691358024691357	0.01755872219405394	81	2	2	0	0.11073068050304287
AF_inner	healthy_vs_degenerated_all	SMARCA1	0.0	1.0	41	0	0	0	1.0
AF_inner	healthy_vs_degenerated_all	NFATC4	0.06060606060606061	0.003086245778944545	33	2	2	0	0.03484471040743842
AF_inner	healthy_vs_degenerated_all	FOXM1	0.024691358024691357	0.01755872219405394	81	2	2	0	0.11073068050304287
AF_inner	healthy_vs_degenerated_all	MYF5	0.0	1.0	17	0	0	0	1.0
AF_inner	healthy_vs_degenerated_all	MYOG	0.0	1.0	42	0	0	0	1.0
AF_inner	healthy_vs_degenerated_all	SMAD7	-0.01818181818181818	0.12931253111914479	55	1	0	1	0.36796248692439576
AF_inner	healthy_vs_degenerated_all	SOX10	0.0	1.0	25	0	0	0	1.0
AF_inner	healthy_vs_degenerated_all	POU3F1	0.0	1.0	14	0	0	0	1.0
AF_inner	healthy_vs_degenerated_all	NKRF	0.125	0.019910003757116254	8	1	1	0	0.11423772647525719
AF_inner	healthy_vs_degenerated_all	ATF6	0.02127659574468085	0.11157068952332698	47	1	1	0	0.33519091273102525
AF_inner	healthy_vs_degenerated_all	HOPX	0.0	1.0	5	0	0	0	1.0
AF_inner	healthy_vs_degenerated_all	NKX6-1	0.0	1.0	8	0	0	0	1.0
AF_inner	healthy_vs_degenerated_all	ERG	0.022222222222222223	0.10708048179084138	45	1	1	0	0.3244863084570951
AF_inner	healthy_vs_degenerated_all	PITX3	0.0	1.0	20	0	0	0	1.0
AF_inner	healthy_vs_degenerated_all	HOXB2	0.16666666666666666	0.014969020131272298	6	1	1	0	0.09979346754181533
AF_inner	healthy_vs_degenerated_all	SATB1	0.0	1.0	39	0	0	0	1.0
AF_inner	healthy_vs_degenerated_all	NFKB2	0.019230769230769232	0.12270017226057807	52	1	1	0	0.35787550242668603
AF_inner	healthy_vs_degenerated_all	RORA	0.01818181818181818	0.12931253111914479	55	1	1	0	0.36796248692439576
AF_inner	healthy_vs_degenerated_all	PROX1	0.0	1.0	25	0	0	0	1.0
AF_inner	healthy_vs_degenerated_all	KLF3	0.0	1.0	10	0	0	0	1.0
AF_inner	healthy_vs_degenerated_all	PEG3	0.14285714285714285	0.01744253814137342	7	1	1	0	0.11073068050304287
AF_inner	healthy_vs_degenerated_all	NR2E3	0.0	1.0	10	0	0	0	1.0
AF_inner	healthy_vs_degenerated_all	NCOR2	0.018867924528301886	0.12490971008956331	53	1	1	0	0.3598222101345445
AF_inner	healthy_vs_degenerated_all	NCOA3	0.0	1.0	68	0	0	0	1.0
AF_inner	healthy_vs_degenerated_all	ZFHX3	0.0	1.0	8	0	0	0	1.0
AF_inner	healthy_vs_degenerated_all	SMAD1	0.05	0.0004532392474321931	60	3	3	0	0.009614165854622277
AF_inner	healthy_vs_degenerated_all	SPDEF	0.0	1.0	13	0	0	0	1.0
AF_inner	healthy_vs_degenerated_all	PAX2	0.0	1.0	17	0	0	0	1.0
AF_inner	healthy_vs_degenerated_all	KLF13	0.0	1.0	14	0	0	0	1.0
AF_inner	healthy_vs_degenerated_all	GTF2IRD1	0.0	1.0	6	0	0	0	1.0
AF_inner	healthy_vs_degenerated_all	MAFB	0.03225806451612903	0.07502400066865164	31	1	1	0	0.2549359246022143
AF_inner	healthy_vs_degenerated_all	NR2F6	0.0	1.0	7	0	0	0	1.0
AF_inner	healthy_vs_degenerated_all	ELK3	0.047619047619047616	0.051442804869971485	21	1	1	0	0.21167935515668637
AF_inner	healthy_vs_degenerated_all	KLF6	0.020833333333333332	0.1138075354309183	48	1	1	0	0.3361404000069317
AF_inner	healthy_vs_degenerated_all	SNAI1	0.0	1.0	88	0	0	0	1.0
AF_inner	healthy_vs_degenerated_all	HESX1	0.0	1.0	18	0	0	0	1.0
AF_inner	healthy_vs_degenerated_all	BACH2	0.0	1.0	6	0	0	0	1.0
AF_inner	healthy_vs_degenerated_all	PATZ1	0.0	1.0	9	0	0	0	1.0
AF_inner	healthy_vs_degenerated_all	ZHX2	0.0	1.0	11	0	0	0	1.0
AF_inner	healthy_vs_degenerated_all	ONECUT1	0.0	1.0	22	0	0	0	1.0
AF_inner	healthy_vs_degenerated_all	RXRA	0.012987012987012988	0.17634128586296657	77	1	1	0	0.4693494300535232
AF_inner	healthy_vs_degenerated_all	NR1H2	0.02702702702702703	0.08889749670341639	37	1	1	0	0.2894337101971696
AF_inner	healthy_vs_degenerated_all	KAT5	0.0	1.0	48	0	0	0	1.0
AF_inner	healthy_vs_degenerated_all	GBX2	0.0	1.0	6	0	0	0	1.0
AF_inner	healthy_vs_degenerated_all	YBX3	-0.043478260869565216	0.05620542762046576	23	1	0	1	0.21499343898538814
AF_inner	healthy_vs_degenerated_all	SMAD6	0.0	1.0	23	0	0	0	1.0
AF_inner	healthy_vs_degenerated_all	MYBL1	0.0	1.0	11	0	0	0	1.0
AF_inner	healthy_vs_degenerated_all	CDX1	0.038461538461538464	0.06330570414977298	26	1	1	0	0.23080204637938065
AF_inner	healthy_vs_degenerated_all	TFDP1	0.0	1.0	31	0	0	0	1.0
AF_inner	healthy_vs_degenerated_all	KLF12	0.0	1.0	9	0	0	0	1.0
AF_inner	healthy_vs_degenerated_all	KMT2A	0.0	1.0	66	0	0	0	1.0
AF_inner	healthy_vs_degenerated_all	GATA2	0.0	1.0	67	0	0	0	1.0
AF_inner	healthy_vs_degenerated_all	PRDM1	0.022222222222222223	0.10708048179084138	45	1	1	0	0.3244863084570951
AF_inner	healthy_vs_degenerated_all	MXD1	0.0	1.0	22	0	0	0	1.0
AF_inner	healthy_vs_degenerated_all	CLOCK	0.0	1.0	56	0	0	0	1.0
AF_inner	healthy_vs_degenerated_all	BHLHE40	-0.03225806451612903	0.07502400066865164	31	1	0	1	0.2549359246022143
AF_inner	healthy_vs_degenerated_all	SRY	0.029411764705882353	0.0819862842717884	34	1	1	0	0.27070942919930135
AF_inner	healthy_vs_degenerated_all	MAF	0.0	1.0	41	0	0	0	1.0
AF_inner	healthy_vs_degenerated_all	AIRE	0.08333333333333333	0.029719630188874187	12	1	1	0	0.15641910625723257
AF_inner	healthy_vs_degenerated_all	ZGPAT	0.0	1.0	9	0	0	0	1.0
AF_inner	healthy_vs_degenerated_all	ETV1	0.0	1.0	19	0	0	0	1.0
AF_inner	healthy_vs_degenerated_all	KLF4	0.0	0.029506616105896787	107	2	1	1	0.15641910625723257
AF_inner	healthy_vs_degenerated_all	EGR2	0.017543859649122806	0.00038956512688017556	57	3	2	1	0.009403296166073202
AF_inner	healthy_vs_degenerated_all	SIX4	0.0	1.0	5	0	0	0	1.0
AF_inner	healthy_vs_degenerated_all	NEUROG3	0.0	1.0	18	0	0	0	1.0
AF_inner	healthy_vs_degenerated_all	CXXC1	0.0	1.0	19	0	0	0	1.0
AF_inner	healthy_vs_degenerated_all	TBX21	0.0	1.0	34	0	0	0	1.0
AF_inner	healthy_vs_degenerated_all	HOXA10	0.022727272727272728	0.10482709359295363	44	1	1	0	0.32183756804854186
AF_inner	healthy_vs_degenerated_all	LMX1B	0.0	1.0	16	0	0	0	1.0
AF_inner	healthy_vs_degenerated_all	TBX2	0.0	1.0	26	0	0	0	1.0
AF_inner	healthy_vs_degenerated_all	ZNF699	0.0	1.0	39	0	0	0	1.0
AF_inner	healthy_vs_degenerated_all	RFX5	0.0	1.0	18	0	0	0	1.0
AF_inner	healthy_vs_degenerated_all	RFXANK	0.0	1.0	13	0	0	0	1.0
AF_inner	healthy_vs_degenerated_all	RFXAP	0.0	1.0	12	0	0	0	1.0
AF_inner	healthy_vs_degenerated_all	BARX2	0.0	1.0	12	0	0	0	1.0
AF_inner	healthy_vs_degenerated_all	FOXO4	-0.038461538461538464	0.06330570414977298	26	1	0	1	0.23080204637938065
AF_inner	healthy_vs_degenerated_all	DLX5	0.03125	0.07735045907016869	32	1	1	0	0.26031404494768307
AF_inner	healthy_vs_degenerated_all	ID4	0.0	1.0	12	0	0	0	1.0
AF_inner	healthy_vs_degenerated_all	SPIB	0.0	1.0	12	0	0	0	1.0
AF_inner	healthy_vs_degenerated_all	FOXN1	0.0	1.0	39	0	0	0	1.0
AF_inner	healthy_vs_degenerated_all	TBX5	0.05263157894736842	0.04665676800666192	19	1	1	0	0.2016033185473046
AF_inner	healthy_vs_degenerated_all	TLX1	0.0	1.0	8	0	0	0	1.0
AF_inner	healthy_vs_degenerated_all	HIVEP1	-0.125	0.019910003757116254	8	1	0	1	0.11423772647525719
AF_inner	healthy_vs_degenerated_all	SMAD2	0.011904761904761904	0.19077901173581566	84	1	1	0	0.5001696936894043
AF_inner	healthy_vs_degenerated_all	NKX3-1	0.015873015873015872	0.14670897749954584	63	1	1	0	0.4059141669947909
AF_inner	healthy_vs_degenerated_all	HAND1	0.0	1.0	10	0	0	0	1.0
AF_inner	healthy_vs_degenerated_all	HAND2	0.03571428571428571	0.06801027850079405	28	1	1	0	0.2428938517885502
AF_inner	healthy_vs_degenerated_all	PAX7	0.0	1.0	11	0	0	0	1.0
AF_inner	healthy_vs_degenerated_all	SFPQ	0.038461538461538464	0.06330570414977298	26	1	1	0	0.23080204637938065
AF_inner	healthy_vs_degenerated_all	BMAL1	0.020833333333333332	0.1138075354309183	48	1	1	0	0.3361404000069317
AF_inner	healthy_vs_degenerated_all	SKIL	0.0	1.0	19	0	0	0	1.0
AF_inner	healthy_vs_degenerated_all	TBXT	0.0	1.0	11	0	0	0	1.0
AF_inner	healthy_vs_degenerated_all	MSX2	0.0	1.0	35	0	0	0	1.0
AF_inner	healthy_vs_degenerated_all	MZF1	0.0	1.0	18	0	0	0	1.0
AF_inner	healthy_vs_degenerated_all	HOXA5	0.0	1.0	14	0	0	0	1.0
AF_inner	healthy_vs_degenerated_all	HOXB4	0.0	1.0	10	0	0	0	1.0
AF_inner	healthy_vs_degenerated_all	CREB3	0.1	0.024826835454776142	10	1	1	0	0.13792686363764523
AF_inner	healthy_vs_degenerated_all	NFE2	0.0	1.0	16	0	0	0	1.0
AF_inner	healthy_vs_degenerated_all	ZNF76	0.0	1.0	7	0	0	0	1.0
AF_inner	healthy_vs_degenerated_all	FOXQ1	0.06666666666666667	0.03701400315855379	15	1	1	0	0.1762571578978752
AF_inner	healthy_vs_degenerated_all	ZGLP1	0.0	1.0	16	0	0	0	1.0
AF_inner	healthy_vs_degenerated_all	NFYB	0.02857142857142857	0.08429567825446262	35	1	1	0	0.2757335270005787
AF_inner	healthy_vs_degenerated_all	ETV3	0.0	1.0	11	0	0	0	1.0
AF_inner	healthy_vs_degenerated_all	GSC	0.0	1.0	9	0	0	0	1.0
AF_inner	healthy_vs_degenerated_all	IRF7	0.0	1.0	14	0	0	0	1.0
AF_inner	healthy_vs_degenerated_all	NFATC3	0.0	0.0017758922468645818	25	2	1	1	0.024374991623631513
AF_inner	healthy_vs_degenerated_all	KDM5A	0.0	1.0	15	0	0	0	1.0
AF_inner	healthy_vs_degenerated_all	GRHL3	0.0	1.0	23	0	0	0	1.0
AF_inner	healthy_vs_degenerated_all	THRA	0.0	1.0	60	0	0	0	1.0
AF_inner	healthy_vs_degenerated_all	SOX17	-0.02631578947368421	0.09118994816332383	38	1	0	1	0.2941611231074962
AF_inner	healthy_vs_degenerated_all	ZIC2	0.0	1.0	6	0	0	0	1.0
AF_inner	healthy_vs_degenerated_all	TBX15	0.0	1.0	27	0	0	0	1.0
AF_inner	healthy_vs_degenerated_all	NFAT5	0.046511627906976744	0.005195417235246166	43	2	2	0	0.051954172352461664
AF_inner	healthy_vs_degenerated_all	MEF2B	0.0	1.0	5	0	0	0	1.0
AF_inner	healthy_vs_degenerated_all	BMAL2	0.0	1.0	7	0	0	0	1.0
AF_inner	healthy_vs_degenerated_all	NFE2L2	-0.005813953488372093	0.009097209481923002	172	3	1	2	0.07672345346200123
AF_inner	healthy_vs_degenerated_all	ZIC1	0.0	1.0	11	0	0	0	1.0
AF_inner	healthy_vs_degenerated_all	MEIS1	0.0	1.0	16	0	0	0	1.0
AF_inner	healthy_vs_degenerated_all	HOXA9	0.0	1.0	35	0	0	0	1.0
AF_inner	healthy_vs_degenerated_all	MAFA	0.0	1.0	13	0	0	0	1.0
AF_inner	healthy_vs_degenerated_all	NR1D1	0.047619047619047616	0.051442804869971485	21	1	1	0	0.21167935515668637
AF_inner	healthy_vs_degenerated_all	MYF6	0.0	1.0	8	0	0	0	1.0
AF_inner	healthy_vs_degenerated_all	ZNF263	0.0	1.0	9	0	0	0	1.0
AF_inner	healthy_vs_degenerated_all	NFIA	0.0	1.0	44	0	0	0	1.0
AF_inner	healthy_vs_degenerated_all	HEY2	0.0	1.0	15	0	0	0	1.0
AF_inner	healthy_vs_degenerated_all	HOXB7	0.0	0.0009158065690903282	18	2	1	1	0.016521837420900333
AF_inner	healthy_vs_degenerated_all	ZNF350	0.0	1.0	9	0	0	0	1.0
AF_inner	healthy_vs_degenerated_all	BCL11A	0.0	1.0	9	0	0	0	1.0
AF_inner	healthy_vs_degenerated_all	TWIST1	0.028985507246376812	0.012955814432029901	69	2	2	0	0.097095175807691
AF_inner	healthy_vs_degenerated_all	ZNF395	0.0	1.0	5	0	0	0	1.0
AF_inner	healthy_vs_degenerated_all	TFDP2	0.0	1.0	6	0	0	0	1.0
AF_inner	healthy_vs_degenerated_all	GTF3A	0.047619047619047616	0.051442804869971485	21	1	1	0	0.21167935515668637
AF_inner	healthy_vs_degenerated_all	KLF10	-0.041666666666666664	0.05857799358171382	24	1	0	1	0.22045481455483695
AF_inner	healthy_vs_degenerated_all	KLF2	-0.02	0.118264777031582	50	1	0	1	0.347837579504653
AF_inner	healthy_vs_degenerated_all	PHF20	0.0	1.0	9	0	0	0	1.0
AF_inner	healthy_vs_degenerated_all	TGIF1	0.0	1.0	9	0	0	0	1.0
AF_inner	healthy_vs_degenerated_all	FOXG1	0.0	1.0	16	0	0	0	1.0
AF_inner	healthy_vs_degenerated_all	SF1	0.0	1.0	8	0	0	0	1.0
AF_inner	healthy_vs_degenerated_all	MBD2	0.0	1.0	76	0	0	0	1.0
AF_inner	healthy_vs_degenerated_all	FOXF2	0.0	1.0	11	0	0	0	1.0
AF_inner	healthy_vs_degenerated_all	ZBTB32	0.0	1.0	5	0	0	0	1.0
AF_inner	healthy_vs_degenerated_all	HEY1	-0.038461538461538464	0.06330570414977298	26	1	0	1	0.23080204637938065
AF_inner	healthy_vs_degenerated_all	ZBTB17	0.0	1.0	39	0	0	0	1.0
AF_inner	healthy_vs_degenerated_all	IRF5	0.0	1.0	20	0	0	0	1.0
AF_inner	healthy_vs_degenerated_all	THRB	0.023255813953488372	0.10256816487410053	43	1	1	0	0.31910095738609057
AF_inner	healthy_vs_degenerated_all	POU3F2	0.0	1.0	21	0	0	0	1.0
AF_inner	healthy_vs_degenerated_all	FOXI1	0.0	1.0	7	0	0	0	1.0
AF_inner	healthy_vs_degenerated_all	KCNIP3	0.0	1.0	12	0	0	0	1.0
AF_inner	healthy_vs_degenerated_all	FOSB	0.0	1.0	32	0	0	0	1.0
AF_inner	healthy_vs_degenerated_all	NFE2L1	0.0	1.0	9	0	0	0	1.0
AF_inner	healthy_vs_degenerated_all	TRERF1	0.0	1.0	11	0	0	0	1.0
AF_inner	healthy_vs_degenerated_all	FOXP1	0.0	1.0	17	0	0	0	1.0
AF_inner	healthy_vs_degenerated_all	FOXP2	0.0	1.0	6	0	0	0	1.0
AF_inner	healthy_vs_degenerated_all	BARX1	0.125	0.019910003757116254	8	1	1	0	0.11423772647525719
AF_inner	healthy_vs_degenerated_all	ZFPM2	0.0	1.0	8	0	0	0	1.0
AF_inner	healthy_vs_degenerated_all	IKZF1	0.0	1.0	32	0	0	0	1.0
AF_inner	healthy_vs_degenerated_all	BCL3	0.0	1.0	24	0	0	0	1.0
AF_inner	healthy_vs_degenerated_all	SP2	0.0	1.0	19	0	0	0	1.0
AF_inner	healthy_vs_degenerated_all	SIM2	0.0	1.0	9	0	0	0	1.0
AF_inner	healthy_vs_degenerated_all	NFATC1	0.034482758620689655	2.4291172810298525e-06	87	5	4	1	0.00018893134408009963
AF_inner	healthy_vs_degenerated_all	POU2F3	0.0	1.0	6	0	0	0	1.0
AF_inner	healthy_vs_degenerated_all	HOXA7	0.0	1.0	12	0	0	0	1.0
AF_inner	healthy_vs_degenerated_all	NPAS2	0.0	1.0	8	0	0	0	1.0
AF_inner	healthy_vs_degenerated_all	DLX2	0.0	1.0	18	0	0	0	1.0
AF_inner	healthy_vs_degenerated_all	PRRX1	0.16666666666666666	0.014969020131272298	6	1	1	0	0.09979346754181533
AF_inner	healthy_vs_degenerated_all	VEZF1	0.0	1.0	6	0	0	0	1.0
AF_inner	healthy_vs_degenerated_all	CTBP2	0.0	1.0	12	0	0	0	1.0
AF_inner	healthy_vs_degenerated_all	SOX6	0.0	1.0	19	0	0	0	1.0
AF_inner	healthy_vs_degenerated_all	HIPK2	-0.125	0.019910003757116254	8	1	0	1	0.11423772647525719
AF_inner	healthy_vs_degenerated_all	FOXA3	0.0	1.0	9	0	0	0	1.0
AF_inner	healthy_vs_degenerated_all	RORC	0.0	1.0	8	0	0	0	1.0
AF_inner	healthy_vs_degenerated_all	SIX3	0.0	1.0	5	0	0	0	1.0
AF_inner	healthy_vs_degenerated_all	PPARD	0.011904761904761904	0.0012106494902300018	84	3	2	1	0.018632312267718065
AF_inner	healthy_vs_degenerated_all	MECOM	0.0	1.0	18	0	0	0	1.0
AF_inner	healthy_vs_degenerated_all	SIRT1	0.0	1.0	53	0	0	0	1.0
AF_inner	healthy_vs_degenerated_all	ZBTB7B	0.0	1.0	14	0	0	0	1.0
AF_inner	healthy_vs_degenerated_all	ZBTB7A	0.0	1.0	34	0	0	0	1.0
AF_inner	healthy_vs_degenerated_all	NR6A1	0.0	1.0	9	0	0	0	1.0
AF_inner	healthy_vs_degenerated_all	STAT2	0.02564102564102564	0.09347677905703512	39	1	1	0	0.2987842252964593
AF_inner	healthy_vs_degenerated_all	ESRRG	0.0	1.0	20	0	0	0	1.0
AF_inner	healthy_vs_degenerated_all	PRDM2	0.0	1.0	10	0	0	0	1.0
AF_inner	healthy_vs_degenerated_all	PURA	0.0	1.0	16	0	0	0	1.0
AF_inner	healthy_vs_degenerated_all	TBX1	0.0	1.0	9	0	0	0	1.0
AF_inner	healthy_vs_degenerated_all	SALL2	0.0	1.0	5	0	0	0	1.0
AF_inner	healthy_vs_degenerated_all	ATOH1	0.0	1.0	5	0	0	0	1.0
AF_inner	healthy_vs_degenerated_all	NEUROD6	0.0	1.0	9	0	0	0	1.0
AF_inner	healthy_vs_degenerated_all	NEUROG1	0.0	1.0	10	0	0	0	1.0
AF_inner	healthy_vs_degenerated_all	NEUROG2	0.0	1.0	15	0	0	0	1.0
AF_inner	healthy_vs_degenerated_all	AHRR	0.0	1.0	5	0	0	0	1.0
AF_inner	healthy_vs_degenerated_all	HMGB2	0.0	1.0	9	0	0	0	1.0
AF_inner	healthy_vs_degenerated_all	DLX3	0.07692307692307693	0.03215704947535622	13	1	1	0	0.16430609220984932
AF_inner	healthy_vs_degenerated_all	TWIST2	0.030303030303030304	0.07967121573551932	33	1	1	0	0.26684139241561494
AF_inner	healthy_vs_degenerated_all	TFAP4	0.0	1.0	35	0	0	0	1.0
AF_inner	healthy_vs_degenerated_all	KAT6B	0.0	1.0	7	0	0	0	1.0
AF_inner	healthy_vs_degenerated_all	SALL3	0.0	1.0	9	0	0	0	1.0
AF_inner	healthy_vs_degenerated_all	MXI1	0.0	1.0	9	0	0	0	1.0
AF_inner	healthy_vs_degenerated_all	E2F5	0.0	1.0	10	0	0	0	1.0
AF_inner	healthy_vs_degenerated_all	E2F2	0.0	1.0	49	0	0	0	1.0
AF_inner	healthy_vs_degenerated_all	FOXD3	0.0	1.0	14	0	0	0	1.0
AF_inner	healthy_vs_degenerated_all	POU5F1	-0.014084507042253521	0.16376657917265824	71	1	0	1	0.4426123761423196
AF_inner	healthy_vs_degenerated_all	PLAGL1	0.0	1.0	16	0	0	0	1.0
AF_inner	healthy_vs_degenerated_all	SNAI2	0.0	1.0	44	0	0	0	1.0
AF_inner	healthy_vs_degenerated_all	NOTCH1	0.0196078431372549	0.0002801616245477811	51	3	2	1	0.008310379035265096
AF_inner	healthy_vs_degenerated_all	FOXC2	0.0	1.0	17	0	0	0	1.0
AF_inner	healthy_vs_degenerated_all	FOXD1	0.0	1.0	6	0	0	0	1.0
AF_inner	healthy_vs_degenerated_all	KLF9	0.0	1.0	22	0	0	0	1.0
AF_inner	healthy_vs_degenerated_all	TBPL2	0.0	1.0	8	0	0	0	1.0
AF_inner	healthy_vs_degenerated_all	NFIL3	-0.045454545454545456	0.05382703602555739	22	1	0	1	0.21167935515668637
AF_inner	healthy_vs_degenerated_all	ZNF384	0.05263157894736842	0.04665676800666192	19	1	1	0	0.2016033185473046
AF_inner	healthy_vs_degenerated_all	HOXA11	0.0	1.0	6	0	0	0	1.0
AF_inner	healthy_vs_degenerated_all	MEF2D	0.0	1.0	20	0	0	0	1.0
AF_inner	healthy_vs_degenerated_all	SMAD5	0.0	0.0029037902216246694	32	2	1	1	0.03387755258562114
AF_inner	healthy_vs_degenerated_all	PBX2	0.0	1.0	8	0	0	0	1.0
AF_inner	healthy_vs_degenerated_all	EMX2	0.0	1.0	7	0	0	0	1.0
AF_inner	healthy_vs_degenerated_all	MLXIPL	0.0	1.0	14	0	0	0	1.0
AF_inner	healthy_vs_degenerated_all	ZBTB33	0.0	1.0	10	0	0	0	1.0
AF_inner	healthy_vs_degenerated_all	ETV2	0.0	1.0	7	0	0	0	1.0
AF_inner	healthy_vs_degenerated_all	KLF15	0.05263157894736842	0.04665676800666192	19	1	1	0	0.2016033185473046
AF_inner	healthy_vs_degenerated_all	DNMT3A	0.018867924528301886	0.12490971008956331	53	1	1	0	0.3598222101345445
AF_inner	healthy_vs_degenerated_all	DNMT3B	0.015384615384615385	0.15100489140404227	65	1	1	0	0.41615521253082516
AF_inner	healthy_vs_degenerated_all	OLIG1	0.0	1.0	5	0	0	0	1.0
AF_inner	healthy_vs_degenerated_all	OLIG2	0.0	1.0	15	0	0	0	1.0
AF_inner	healthy_vs_degenerated_all	RREB1	0.0	1.0	7	0	0	0	1.0
AF_inner	healthy_vs_degenerated_all	ZNF202	0.0	1.0	6	0	0	0	1.0
AF_inner	healthy_vs_degenerated_all	MAFG	0.0	1.0	9	0	0	0	1.0
AF_inner	healthy_vs_degenerated_all	TEF	0.0	1.0	12	0	0	0	1.0
AF_inner	healthy_vs_degenerated_all	HOXD13	0.058823529411764705	0.041847204965227806	17	1	1	0	0.18898737726231915
AF_inner	healthy_vs_degenerated_all	ZKSCAN7	0.0	1.0	11	0	0	0	1.0
AF_inner	healthy_vs_degenerated_all	BACH1	-0.06666666666666667	0.03701400315855379	15	1	0	1	0.1762571578978752
AF_inner	healthy_vs_degenerated_all	MYT1	0.0	1.0	6	0	0	0	1.0
AF_inner	healthy_vs_degenerated_all	ZNF160	0.0	1.0	5	0	0	0	1.0
AF_inner	healthy_vs_degenerated_all	TEAD4	0.125	0.019910003757116254	8	1	1	0	0.11423772647525719
AF_inner	healthy_vs_degenerated_all	GCM1	0.0	1.0	9	0	0	0	1.0
AF_inner	healthy_vs_degenerated_all	BHLHE41	-0.045454545454545456	0.05382703602555739	22	1	0	1	0.21167935515668637
AF_inner	healthy_vs_degenerated_all	MTA1	0.022727272727272728	0.10482709359295363	44	1	1	0	0.32183756804854186
AF_inner	healthy_vs_degenerated_all	EHF	0.0	1.0	11	0	0	0	1.0
AF_inner	healthy_vs_degenerated_all	TCF7L2	0.030927835051546393	4.160074094211612e-06	97	5	4	1	0.0002647319878134662
AF_inner	healthy_vs_degenerated_all	VSX2	0.0	1.0	28	0	0	0	1.0
AF_inner	healthy_vs_degenerated_all	TSC22D1	0.0	1.0	7	0	0	0	1.0
AF_inner	healthy_vs_degenerated_all	SOX5	0.058823529411764705	0.041847204965227806	17	1	1	0	0.18898737726231915
AF_inner	healthy_vs_degenerated_all	SOX2	-0.017857142857142856	0.13150584020623643	56	1	0	1	0.3711858392917964
AF_inner	healthy_vs_degenerated_all	NKX3-2	0.0	1.0	7	0	0	0	1.0
AF_inner	healthy_vs_degenerated_all	PAX9	0.0	1.0	8	0	0	0	1.0
AF_inner	healthy_vs_degenerated_all	TCF21	0.0	1.0	9	0	0	0	1.0
AF_inner	healthy_vs_degenerated_all	HIC1	0.0	0.0012510266808324986	21	2	1	1	0.018632312267718065
AF_inner	healthy_vs_degenerated_all	ZEB2	0.0	1.0	26	0	0	0	1.0
AF_inner	healthy_vs_degenerated_all	ZNF335	0.0	1.0	7	0	0	0	1.0
AF_inner	healthy_vs_degenerated_all	NONO	0.0	1.0	17	0	0	0	1.0
AF_inner	healthy_vs_degenerated_all	CEBPZ	0.0	1.0	16	0	0	0	1.0
AF_inner	healthy_vs_degenerated_all	SIX1	0.0	1.0	10	0	0	0	1.0
AF_inner	healthy_vs_degenerated_all	NFIX	0.0	1.0	21	0	0	0	1.0
AF_inner	healthy_vs_degenerated_all	MNT	0.0	1.0	10	0	0	0	1.0
AF_inner	healthy_vs_degenerated_all	KDM5D	0.0	1.0	5	0	0	0	1.0
AF_inner	healthy_vs_degenerated_all	TBX6	0.0	1.0	8	0	0	0	1.0
AF_inner	healthy_vs_degenerated_all	HOXA1	0.0	1.0	23	0	0	0	1.0
AF_inner	healthy_vs_degenerated_all	BCL11B	0.0	1.0	20	0	0	0	1.0
AF_inner	healthy_vs_degenerated_all	RXRB	0.0	1.0	11	0	0	0	1.0
AF_inner	healthy_vs_degenerated_all	E2F6	0.0	1.0	37	0	0	0	1.0
AF_inner	healthy_vs_degenerated_all	HOXA13	0.0	1.0	13	0	0	0	1.0
AF_inner	healthy_vs_degenerated_all	KAT6A	0.0	1.0	12	0	0	0	1.0
AF_inner	healthy_vs_degenerated_all	GFI1	0.0	1.0	43	0	0	0	1.0
AF_inner	healthy_vs_degenerated_all	RUNX3	0.0	1.0	56	0	0	0	1.0
AF_inner	healthy_vs_degenerated_all	GLI1	0.006711409395973154	0.0061360005141473	149	3	2	1	0.056093809044449675
AF_inner	healthy_vs_degenerated_all	KLF8	0.0	1.0	19	0	0	0	1.0
AF_inner	healthy_vs_degenerated_all	HIF3A	-0.16666666666666666	0.014969020131272298	6	1	0	1	0.09979346754181533
AF_inner	healthy_vs_degenerated_all	BHLHA15	0.0	1.0	12	0	0	0	1.0
AF_inner	healthy_vs_degenerated_all	MEOX2	0.0	1.0	6	0	0	0	1.0
AF_inner	healthy_vs_degenerated_all	JARID2	0.0	1.0	12	0	0	0	1.0
AF_inner	healthy_vs_degenerated_all	NFYC	-0.05	0.049052720194298224	20	1	0	1	0.20937136668298023
AF_inner	healthy_vs_degenerated_all	GFI1B	0.0	1.0	10	0	0	0	1.0
AF_inner	healthy_vs_degenerated_all	ASCL2	0.0	1.0	8	0	0	0	1.0
AF_inner	healthy_vs_degenerated_all	MSC	0.0	1.0	23	0	0	0	1.0
AF_inner	healthy_vs_degenerated_all	HOXB9	0.16666666666666666	0.014969020131272298	6	1	1	0	0.09979346754181533
AF_inner	healthy_vs_degenerated_all	HLX	0.0	1.0	13	0	0	0	1.0
AF_inner	healthy_vs_degenerated_all	RCOR2	0.0	1.0	13	0	0	0	1.0
AF_inner	healthy_vs_degenerated_all	NKX2-2	0.0	1.0	12	0	0	0	1.0
AF_inner	healthy_vs_degenerated_all	ARID4A	0.0	1.0	6	0	0	0	1.0
AF_inner	healthy_vs_degenerated_all	HINFP	0.0	1.0	10	0	0	0	1.0
AF_inner	healthy_vs_degenerated_all	SMARCC1	0.0	1.0	7	0	0	0	1.0
AF_inner	healthy_vs_degenerated_all	KAT2B	0.0	1.0	14	0	0	0	1.0
AF_inner	healthy_vs_degenerated_all	ZNF219	0.0	1.0	5	0	0	0	1.0
AF_inner	healthy_vs_degenerated_all	HDGF	0.16666666666666666	0.014969020131272298	6	1	1	0	0.09979346754181533
AF_inner	healthy_vs_degenerated_all	EP300	0.03389830508474576	0.009598927152800403	59	2	2	0	0.0781308024065149
AF_inner	healthy_vs_degenerated_all	TRPS1	0.06666666666666667	0.03701400315855379	15	1	1	0	0.1762571578978752
AF_inner	healthy_vs_degenerated_all	CTNNB1	0.01509433962264151	4.731700785526899e-05	265	6	5	1	0.002208127033245886
AF_inner	healthy_vs_degenerated_all	PML	0.0	1.0	16	0	0	0	1.0
AF_inner	healthy_vs_degenerated_all	KLF7	0.0	1.0	9	0	0	0	1.0
AF_inner	healthy_vs_degenerated_all	PROP1	0.0	1.0	7	0	0	0	1.0
AF_inner	healthy_vs_degenerated_all	LMO2	-0.041666666666666664	0.05857799358171382	24	1	0	1	0.22045481455483695
AF_inner	healthy_vs_degenerated_all	TBX20	0.0	1.0	6	0	0	0	1.0
AF_inner	healthy_vs_degenerated_all	MEOX1	0.0	1.0	7	0	0	0	1.0
AF_inner	healthy_vs_degenerated_all	FOXL2	-0.05263157894736842	0.04665676800666192	19	1	0	1	0.2016033185473046
AF_inner	healthy_vs_degenerated_all	HTATIP2	-0.0625	0.0394335659646881	16	1	0	1	0.1828046104323289
AF_inner	healthy_vs_degenerated_all	EZH2	0.0078125	0.2760443776315739	128	1	1	0	0.7026584157894609
AF_inner	healthy_vs_degenerated_all	GLI2	0.008	0.27052018509782916	125	1	1	0	0.6911099619287607
AF_inner	healthy_vs_degenerated_all	TCF7	0.125	0.0007205610665395033	16	2	2	0	0.013632236393990603
AF_inner	healthy_vs_degenerated_all	FOXC1	0.0	1.0	15	0	0	0	1.0
AF_inner	healthy_vs_degenerated_all	HOXB13	0.0	1.0	10	0	0	0	1.0
AF_inner	healthy_vs_degenerated_all	ABL1	0.0	1.0	10	0	0	0	1.0
AF_inner	healthy_vs_degenerated_all	TBX3	0.0	1.0	20	0	0	0	1.0
AF_inner	healthy_vs_degenerated_all	HNF4G	0.0	1.0	8	0	0	0	1.0
AF_inner	healthy_vs_degenerated_all	NFKBIZ	0.0	1.0	6	0	0	0	1.0
AF_inner	healthy_vs_degenerated_all	PLAGL2	0.0	1.0	8	0	0	0	1.0
AF_inner	healthy_vs_degenerated_all	TET1	0.0	1.0	13	0	0	0	1.0
AF_inner	healthy_vs_degenerated_all	FOXH1	0.0	1.0	12	0	0	0	1.0
AF_inner	healthy_vs_degenerated_all	FOXP3	0.0	0.0038683340946354776	37	2	1	1	0.04099501679315037
AF_inner	healthy_vs_degenerated_all	IKZF4	0.0	1.0	5	0	0	0	1.0
AF_inner	healthy_vs_degenerated_all	HOXA2	0.0	1.0	7	0	0	0	1.0
AF_inner	healthy_vs_degenerated_all	MLX	0.0	1.0	5	0	0	0	1.0
AF_inner	healthy_vs_degenerated_all	CREB3L1	0.0	1.0	10	0	0	0	1.0
AF_inner	healthy_vs_degenerated_all	TFDP3	0.0	1.0	5	0	0	0	1.0
AF_inner	healthy_vs_degenerated_all	SP7	0.0625	0.0029037902216246694	32	2	2	0	0.03387755258562114
AF_inner	healthy_vs_degenerated_all	OVOL1	0.0	1.0	8	0	0	0	1.0
AF_inner	healthy_vs_degenerated_all	ZNF436	0.0	1.0	7	0	0	0	1.0
AF_inner	healthy_vs_degenerated_all	ATF7	0.0	1.0	7	0	0	0	1.0
AF_inner	healthy_vs_degenerated_all	HOXB3	0.0	1.0	6	0	0	0	1.0
AF_inner	healthy_vs_degenerated_all	SCX	0.0	1.0	11	0	0	0	1.0
AF_inner	healthy_vs_degenerated_all	NANOG	0.0	1.0	44	0	0	0	1.0
AF_inner	healthy_vs_degenerated_all	ARX	0.05263157894736842	0.04665676800666192	19	1	1	0	0.2016033185473046
AF_inner	healthy_vs_degenerated_all	VHL	-0.043478260869565216	0.05620542762046576	23	1	0	1	0.21499343898538814
AF_inner	healthy_vs_degenerated_all	SOX4	0.0	1.0	22	0	0	0	1.0
AF_inner	healthy_vs_degenerated_all	SMAD9	0.2	0.012489435272634183	5	1	1	0	0.09587022641342223
AF_inner	healthy_vs_degenerated_all	ATF5	0.0	1.0	29	0	0	0	1.0
AF_inner	healthy_vs_degenerated_all	CTCFL	0.0	1.0	10	0	0	0	1.0
AF_inner	healthy_vs_degenerated_all	SP6	0.0	1.0	6	0	0	0	1.0
AF_inner	healthy_vs_degenerated_all	SMARCA5	0.0	1.0	8	0	0	0	1.0
AF_inner	healthy_vs_degenerated_all	EOMES	0.0	1.0	18	0	0	0	1.0
AF_inner	healthy_vs_degenerated_all	LMO4	0.0	1.0	5	0	0	0	1.0
AF_inner	healthy_vs_degenerated_all	TLX3	0.0	1.0	5	0	0	0	1.0
AF_inner	healthy_vs_degenerated_all	ESRRB	0.0	1.0	9	0	0	0	1.0
AF_inner	healthy_vs_degenerated_all	AEBP1	0.0	1.0	5	0	0	0	1.0
AF_inner	healthy_vs_degenerated_all	LHX1	0.0	1.0	6	0	0	0	1.0
AF_inner	healthy_vs_degenerated_all	ZXDC	0.0	1.0	6	0	0	0	1.0
AF_inner	healthy_vs_degenerated_all	SPIC	0.0	1.0	7	0	0	0	1.0
AF_inner	healthy_vs_degenerated_all	SALL1	0.2	0.012489435272634183	5	1	1	0	0.09587022641342223
AF_inner	healthy_vs_degenerated_all	NR2E1	0.07692307692307693	0.03215704947535622	13	1	1	0	0.16430609220984932
AF_inner	healthy_vs_degenerated_all	ZFP42	0.0	1.0	13	0	0	0	1.0
AF_inner	healthy_vs_degenerated_all	HOXD4	0.0	1.0	6	0	0	0	1.0
AF_inner	healthy_vs_degenerated_all	FOXF1	0.0	1.0	5	0	0	0	1.0
AF_inner	healthy_vs_degenerated_all	MLXIP	0.0	1.0	5	0	0	0	1.0
AF_inner	healthy_vs_degenerated_all	KMT2B	0.0	1.0	13	0	0	0	1.0
AF_inner	healthy_vs_degenerated_all	NFIB	0.0	1.0	20	0	0	0	1.0
AF_inner	healthy_vs_degenerated_all	EBF3	0.0	1.0	8	0	0	0	1.0
AF_inner	healthy_vs_degenerated_all	EN1	0.0	1.0	9	0	0	0	1.0
AF_inner	healthy_vs_degenerated_all	MTA3	0.0	1.0	11	0	0	0	1.0
AF_inner	healthy_vs_degenerated_all	TBX18	0.0	1.0	10	0	0	0	1.0
AF_inner	healthy_vs_degenerated_all	PRDM4	0.0	1.0	6	0	0	0	1.0
AF_inner	healthy_vs_degenerated_all	MEIS2	0.0	1.0	7	0	0	0	1.0
AF_inner	healthy_vs_degenerated_all	EGR4	0.0	1.0	13	0	0	0	1.0
AF_inner	healthy_vs_degenerated_all	HSF4	0.0	1.0	10	0	0	0	1.0
AF_inner	healthy_vs_degenerated_all	DLX1	0.0	1.0	7	0	0	0	1.0
AF_inner	healthy_vs_degenerated_all	BCLAF1	0.0	1.0	8	0	0	0	1.0
AF_inner	healthy_vs_degenerated_all	KDM5C	0.0	1.0	12	0	0	0	1.0
AF_inner	healthy_vs_degenerated_all	AIP	0.0	1.0	5	0	0	0	1.0
AF_inner	healthy_vs_degenerated_all	PTF1A	0.0	1.0	9	0	0	0	1.0
AF_inner	healthy_vs_degenerated_all	FOSL2	0.029411764705882353	0.0819862842717884	34	1	1	0	0.27070942919930135
AF_inner	healthy_vs_degenerated_all	MED1	0.0	1.0	13	0	0	0	1.0
AF_inner	healthy_vs_degenerated_all	SON	0.0	1.0	5	0	0	0	1.0
AF_inner	healthy_vs_degenerated_all	LYL1	0.0	1.0	12	0	0	0	1.0
AF_inner	healthy_vs_degenerated_all	GLIS3	0.0	1.0	5	0	0	0	1.0
AF_inner	healthy_vs_degenerated_all	HOXD1	0.0	1.0	5	0	0	0	1.0
AF_inner	healthy_vs_degenerated_all	SALL4	0.0	1.0	19	0	0	0	1.0
AF_inner	healthy_vs_degenerated_all	KDM5B	0.0	1.0	31	0	0	0	1.0
AF_inner	healthy_vs_degenerated_all	TADA2A	0.0	1.0	7	0	0	0	1.0
AF_inner	healthy_vs_degenerated_all	ARID5B	0.0	1.0	8	0	0	0	1.0
AF_inner	healthy_vs_degenerated_all	FEZF1	0.0	1.0	6	0	0	0	1.0
AF_inner	healthy_vs_degenerated_all	SATB2	0.043478260869565216	0.05620542762046576	23	1	1	0	0.21499343898538814
AF_inner	healthy_vs_degenerated_all	NSD2	0.0	1.0	7	0	0	0	1.0
AF_inner	healthy_vs_degenerated_all	PBRM1	0.0	1.0	8	0	0	0	1.0
AF_inner	healthy_vs_degenerated_all	ZBTB4	0.0	1.0	13	0	0	0	1.0
AF_inner	healthy_vs_degenerated_all	THAP11	0.0	1.0	6	0	0	0	1.0
AF_inner	healthy_vs_degenerated_all	FOXJ1	0.0	1.0	14	0	0	0	1.0
AF_inner	healthy_vs_degenerated_all	SHOX2	0.0	1.0	5	0	0	0	1.0
AF_inner	healthy_vs_degenerated_all	TOX3	0.0	1.0	6	0	0	0	1.0
AF_inner	healthy_vs_degenerated_all	PPARGC1A	0.0	1.0	24	0	0	0	1.0
AF_inner	healthy_vs_degenerated_all	SOX3	0.0	1.0	5	0	0	0	1.0
AF_inner	healthy_vs_degenerated_all	BATF	0.0	1.0	12	0	0	0	1.0
AF_inner	healthy_vs_degenerated_all	ARID3B	0.0	1.0	5	0	0	0	1.0
AF_inner	healthy_vs_degenerated_all	ZNF300	0.0	1.0	7	0	0	0	1.0
AF_inner	healthy_vs_degenerated_all	NUPR1	0.0	1.0	6	0	0	0	1.0
AF_inner	healthy_vs_degenerated_all	CREB3L3	0.0	1.0	5	0	0	0	1.0
AF_inner	healthy_vs_degenerated_all	ZNF331	0.0	1.0	17	0	0	0	1.0
AF_inner	healthy_vs_degenerated_all	RFX3	0.0	1.0	5	0	0	0	1.0
AF_inner	healthy_vs_degenerated_all	ZNF382	-0.09090909090909091	0.027276230277811096	11	1	0	1	0.1468720091882136
AF_inner	healthy_vs_degenerated_all	HOXD8	0.0	1.0	5	0	0	0	1.0
AF_inner	healthy_vs_degenerated_all	LHX8	0.0	1.0	10	0	0	0	1.0
AF_inner	healthy_vs_degenerated_all	GRHL2	0.0	1.0	6	0	0	0	1.0
AF_inner	healthy_vs_degenerated_all	IRX1	0.0625	0.0394335659646881	16	1	1	0	0.1828046104323289
AF_inner	healthy_vs_degenerated_all	SOX11	0.0	1.0	11	0	0	0	1.0
AF_inner	healthy_vs_degenerated_all	IRF6	0.14285714285714285	0.000548161565281879	14	2	2	0	0.0106586971027032
AF_inner	healthy_vs_degenerated_all	E2F7	0.16666666666666666	0.014969020131272298	6	1	1	0	0.09979346754181533
AF_inner	healthy_vs_degenerated_all	HEYL	0.0	1.0	5	0	0	0	1.0
AF_inner	healthy_vs_degenerated_all	MECP2	0.0	1.0	26	0	0	0	1.0
AF_inner	healthy_vs_degenerated_all	VENTX	0.0	1.0	5	0	0	0	1.0
AF_inner	healthy_vs_degenerated_all	MAML1	0.0	1.0	5	0	0	0	1.0
AF_inner	healthy_vs_degenerated_all	DMAP1	0.0	1.0	5	0	0	0	1.0
AF_inner	healthy_vs_degenerated_all	LMX1A	0.0	1.0	5	0	0	0	1.0
AF_inner	healthy_vs_degenerated_all	DOT1L	0.0	1.0	8	0	0	0	1.0
AF_inner	healthy_vs_degenerated_all	ARID3A	0.0	1.0	6	0	0	0	1.0
AF_inner	healthy_vs_degenerated_all	ARID1A	0.0	1.0	7	0	0	0	1.0
AF_inner	healthy_vs_degenerated_all	ZBTB18	0.0	1.0	8	0	0	0	1.0
AF_inner	healthy_vs_degenerated_all	ZNF804A	0.0	1.0	8	0	0	0	1.0
AF_inner	healthy_vs_degenerated_all	TCF15	0.0	1.0	5	0	0	0	1.0
AF_inner	healthy_vs_degenerated_all	NPM1	0.0	1.0	12	0	0	0	1.0
AF_inner	healthy_vs_degenerated_all	SETBP1	-0.2	0.012489435272634183	5	1	0	1	0.09587022641342223
AF_inner	healthy_vs_degenerated_all	KDM2A	0.0	1.0	10	0	0	0	1.0
AF_inner	healthy_vs_degenerated_all	MKX	0.0	1.0	6	0	0	0	1.0
AF_inner	healthy_vs_degenerated_all	ZFX	0.0	1.0	5	0	0	0	1.0
AF_inner	healthy_vs_degenerated_all	KLF17	0.0	1.0	5	0	0	0	1.0
AF_inner	healthy_vs_degenerated_all	HOXA4	0.0	1.0	5	0	0	0	1.0
AF_inner	healthy_vs_degenerated_all	HDAC3	0.045454545454545456	0.05382703602555739	22	1	1	0	0.21167935515668637
AF_inner	healthy_vs_degenerated_all	ASXL1	0.0	1.0	5	0	0	0	1.0
AF_inner	healthy_vs_degenerated_all	BTG2	0.0	1.0	6	0	0	0	1.0
AF_inner	healthy_vs_degenerated_all	CHD4	0.0	1.0	5	0	0	0	1.0
AF_inner	healthy_vs_degenerated_all	CREB5	0.0	1.0	12	0	0	0	1.0
AF_inner	healthy_vs_degenerated_all	CTBP1	0.0	1.0	9	0	0	0	1.0
AF_inner	healthy_vs_degenerated_all	DACH1	0.16666666666666666	0.014969020131272298	6	1	1	0	0.09979346754181533
AF_inner	healthy_vs_degenerated_all	HDAC1	0.02857142857142857	0.013315909825054765	70	2	2	0	0.097095175807691
AF_inner	healthy_vs_degenerated_all	HCFC1	0.0	1.0	7	0	0	0	1.0
AF_inner	healthy_vs_degenerated_all	ETV7	0.0	1.0	9	0	0	0	1.0
AF_inner	healthy_vs_degenerated_all	FHL2	0.0	1.0	7	0	0	0	1.0
AF_inner	healthy_vs_degenerated_all	HDAC4	0.0	0.0012510266808324986	21	2	1	1	0.018632312267718065
AF_inner	healthy_vs_degenerated_all	HDAC5	0.125	0.019910003757116254	8	1	1	0	0.11423772647525719
AF_inner	healthy_vs_degenerated_all	HDAC7	0.0	1.0	12	0	0	0	1.0
AF_inner	healthy_vs_degenerated_all	HDAC9	0.0	1.0	18	0	0	0	1.0
AF_inner	healthy_vs_degenerated_all	ING4	-0.07142857142857142	0.03458850239151579	14	1	0	1	0.17171596931958194
AF_inner	healthy_vs_degenerated_all	MYOCD	0.0	1.0	6	0	0	0	1.0
AF_inner	healthy_vs_degenerated_all	PAWR	0.0	1.0	5	0	0	0	1.0
AF_inner	healthy_vs_degenerated_all	SIN3A	0.0	1.0	9	0	0	0	1.0
AF_inner	healthy_vs_degenerated_all	SMARCA4	0.0	1.0	10	0	0	0	1.0
AF_inner	healthy_vs_degenerated_all	SMARCB1	0.0	1.0	5	0	0	0	1.0
AF_inner	healthy_vs_degenerated_all	TRIM28	0.0	1.0	5	0	0	0	1.0
AF_inner	healthy_vs_degenerated_all	WWTR1	0.0	1.0	9	0	0	0	1.0
AF_inner	healthy_vs_degenerated_all	PIN1	0.0	1.0	5	0	0	0	1.0
AF_inner	healthy_vs_degenerated_all	FGF2	0.1	0.024826835454776142	10	1	1	0	0.13792686363764523
AF_inner	healthy_vs_degenerated_all	PARK7	0.0	1.0	8	0	0	0	1.0
AF_inner	healthy_vs_degenerated_all	YAP1	0.0	1.0	9	0	0	0	1.0
AF_inner	healthy_vs_degenerated_all	BCOR	0.0	1.0	7	0	0	0	1.0
AF_inner	healthy_vs_degenerated_all	BRD4	0.0	1.0	10	0	0	0	1.0
AF_inner	healthy_vs_degenerated_all	SRSF2	0.0	1.0	12	0	0	0	1.0
AF_inner	healthy_vs_degenerated_all	ZMYND8	-0.14285714285714285	0.01744253814137342	7	1	0	1	0.11073068050304287
AF_inner	healthy_vs_degenerated_all	ARID4B	-0.08333333333333333	0.029719630188874187	12	1	0	1	0.15641910625723257
AF_inner	healthy_vs_degenerated_all	AP1	0.013574660633484163	9.520468347369575e-08	442	10	8	2	1.6660819607896756e-05
AF_inner	healthy_vs_degenerated_all	NFKB	0.017133956386292833	2.733536029434749e-09	642	13	12	1	9.567376103021622e-07
AF_inner	healthy_vs_degenerated_severe	MYC	0.006385696040868455	0.014904205928589414	783	7	6	1	0.11348201759510629
AF_inner	healthy_vs_degenerated_severe	SPI1	0.011857707509881422	0.05261903809615138	253	3	3	0	0.22736621399571583
AF_inner	healthy_vs_degenerated_severe	SMAD3	0.0	0.08679040691284427	147	2	1	1	0.29635748701946824
AF_inner	healthy_vs_degenerated_severe	SMAD4	-0.009174311926605505	0.30698010157906086	109	1	0	1	0.7647191142538883
AF_inner	healthy_vs_degenerated_severe	STAT5A	0.017857142857142856	0.00024002617050193533	168	5	4	1	0.0076371963341524875
AF_inner	healthy_vs_degenerated_severe	STAT5B	0.024096385542168676	0.031466479670931684	83	2	2	0	0.16315952421964577
AF_inner	healthy_vs_degenerated_severe	RELA	0.02727272727272727	1.6940761157485298e-08	440	12	12	0	2.9646332025599272e-06
AF_inner	healthy_vs_degenerated_severe	WT1	0.015625	0.06838864411857686	128	2	2	0	0.26448646896687183
AF_inner	healthy_vs_degenerated_severe	NR0B2	0.01098901098901099	0.26358586471249495	91	1	1	0	0.66610146317237
AF_inner	healthy_vs_degenerated_severe	SP1	0.00949667616334283	1.7955713075879942e-07	1053	16	13	3	1.840756473869699e-05
AF_inner	healthy_vs_degenerated_severe	TP53	0.0011806375442739079	2.996802666109607e-06	847	13	7	6	0.00020977618662767247
AF_inner	healthy_vs_degenerated_severe	ZBTB16	0.046511627906976744	0.009088204584687254	43	2	2	0	0.08596950282812267
AF_inner	healthy_vs_degenerated_severe	ETV6	0.045454545454545456	0.07114641024140925	22	1	1	0	0.2649068466435451
AF_inner	healthy_vs_degenerated_severe	RUNX1	-0.006578947368421052	0.014298598793764045	152	3	1	2	0.11246088938915541
AF_inner	healthy_vs_degenerated_severe	STAT1	0.016194331983805668	0.009289072697921773	247	4	4	0	0.08669801184726988
AF_inner	healthy_vs_degenerated_severe	STAT3	0.008620689655172414	0.00014970998108116633	348	7	5	2	0.005515630881937707
AF_inner	healthy_vs_degenerated_severe	ETV4	0.03571428571428571	0.015076896623349835	56	2	2	0	0.11348201759510629
AF_inner	healthy_vs_degenerated_severe	MTF1	-0.034482758620689655	0.09272463600955068	29	1	0	1	0.3135615710467897
AF_inner	healthy_vs_degenerated_severe	CREB1	0.030985915492957747	1.0564713208125244e-10	355	13	12	1	7.39529924568767e-08
AF_inner	healthy_vs_degenerated_severe	FOXA2	0.01282051282051282	0.2305992491162194	78	1	1	0	0.5934539499314471
AF_inner	healthy_vs_degenerated_severe	NFATC2	0.04918032786885246	0.0011097640809828381	61	3	3	0	0.020443022544420705
AF_inner	healthy_vs_degenerated_severe	CEBPB	0.014044943820224719	0.006606016941627274	356	5	5	0	0.06701756317592887
AF_inner	healthy_vs_degenerated_severe	FOS	0.0196078431372549	0.0015864037890040432	255	5	5	0	0.025825177960530937
AF_inner	healthy_vs_degenerated_severe	PLAG1	0.0	1.0	8	0	0	0	1.0
AF_inner	healthy_vs_degenerated_severe	E2F1	0.006896551724137931	0.01595397769484325	290	4	3	1	0.11651327098282277
AF_inner	healthy_vs_degenerated_severe	E2F3	0.014925373134328358	0.20155903343947332	67	1	1	0	0.5324200883306842
AF_inner	healthy_vs_degenerated_severe	HBP1	0.05128205128205128	0.007521558247789268	39	2	2	0	0.07312626074239566
AF_inner	healthy_vs_degenerated_severe	YY1	0.005050505050505051	0.028536541961466575	198	3	2	1	0.1536583028694354
AF_inner	healthy_vs_degenerated_severe	ESR1	0.009784735812133072	7.786882890852665e-07	511	11	8	3	6.813522529496081e-05
AF_inner	healthy_vs_degenerated_severe	JUN	0.010040160642570281	3.5803623645135285e-05	498	9	7	2	0.0017901811822567642
AF_inner	healthy_vs_degenerated_severe	NR1I3	0.024390243902439025	0.12857764353793774	41	1	1	0	0.38463397639554026
AF_inner	healthy_vs_degenerated_severe	CEBPG	0.013605442176870748	0.08679040691284427	147	2	2	0	0.29635748701946824
AF_inner	healthy_vs_degenerated_severe	MAFK	0.0	1.0	21	0	0	0	1.0
AF_inner	healthy_vs_degenerated_severe	NFE2L3	0.0	1.0	6	0	0	0	1.0
AF_inner	healthy_vs_degenerated_severe	PHOX2A	0.0	1.0	8	0	0	0	1.0
AF_inner	healthy_vs_degenerated_severe	STAT4	0.0	1.0	21	0	0	0	1.0
AF_inner	healthy_vs_degenerated_severe	IRF1	0.03125	0.0008763121240609943	128	4	4	0	0.01858843899523321
AF_inner	healthy_vs_degenerated_severe	ATF2	0.030303030303030304	0.004423585867056448	99	3	3	0	0.05338810529206058
AF_inner	healthy_vs_degenerated_severe	NR2C2	0.0	1.0	50	0	0	0	1.0
AF_inner	healthy_vs_degenerated_severe	IRF3	0.016666666666666666	0.1825220107749276	60	1	1	0	0.4914054136248051
AF_inner	healthy_vs_degenerated_severe	TFAP2A	0.02	0.0014538466004107714	250	5	5	0	0.024821771226525367
AF_inner	healthy_vs_degenerated_severe	HNF1A	0.013513513513513514	0.22016106163785729	74	1	1	0	0.5729098258234204
AF_inner	healthy_vs_degenerated_severe	ETS1	0.011627906976744186	0.11294356128991986	172	2	2	0	0.35294862903099955
AF_inner	healthy_vs_degenerated_severe	ARNT	0.03389830508474576	0.01664475299754611	59	2	2	0	0.11651327098282277
AF_inner	healthy_vs_degenerated_severe	AHR	-0.006944444444444444	0.00011677887299721865	144	5	2	3	0.004808541829297239
AF_inner	healthy_vs_degenerated_severe	PAX6	0.0	0.05667180552167134	115	2	1	1	0.2375464902105984
AF_inner	healthy_vs_degenerated_severe	NFYA	0.012195121951219513	0.0025992453719149455	82	3	2	1	0.03676315103686938
AF_inner	healthy_vs_degenerated_severe	ZNF148	0.0	1.0	23	0	0	0	1.0
AF_inner	healthy_vs_degenerated_severe	NFIC	0.015384615384615385	0.19616470307165126	65	1	1	0	0.5241041685120453
AF_inner	healthy_vs_degenerated_severe	RBPJ	0.02702702702702703	0.006082484400384371	111	3	3	0	0.0636403378561753
AF_inner	healthy_vs_degenerated_severe	HES1	0.0	1.0	71	0	0	0	1.0
AF_inner	healthy_vs_degenerated_severe	GATA4	0.01098901098901099	0.003491083086425782	91	3	2	1	0.04287295018417628
AF_inner	healthy_vs_degenerated_severe	GATA6	0.01694915254237288	0.0010071564933110647	59	3	2	1	0.01958359848104848
AF_inner	healthy_vs_degenerated_severe	HNF4A	0.005291005291005291	0.4713806634020481	189	1	1	0	1.0
AF_inner	healthy_vs_degenerated_severe	RXRG	0.0	1.0	6	0	0	0	1.0
AF_inner	healthy_vs_degenerated_severe	RARA	-0.020833333333333332	0.012372589564086493	144	3	0	3	0.10434714090193428
AF_inner	healthy_vs_degenerated_severe	DBP	0.0	1.0	24	0	0	0	1.0
AF_inner	healthy_vs_degenerated_severe	HLF	0.07142857142857142	0.04586886344990534	14	1	1	0	0.21405469609955827
AF_inner	healthy_vs_degenerated_severe	PPARG	-0.0034129692832764505	0.0029032843120844402	293	5	2	3	0.03695089124471106
AF_inner	healthy_vs_degenerated_severe	MAX	0.0	1.0	44	0	0	0	1.0
AF_inner	healthy_vs_degenerated_severe	USF2	0.023255813953488372	0.03358360101967468	86	2	2	0	0.1679180050983734
AF_inner	healthy_vs_degenerated_severe	IRF2	-0.020833333333333332	0.14884625938346308	48	1	0	1	0.42013057084042
AF_inner	healthy_vs_degenerated_severe	SP3	0.0029069767441860465	0.00013938796827441555	344	7	4	3	0.0054206432106717155
AF_inner	healthy_vs_degenerated_severe	AR	0.002364066193853428	0.013294109252352769	423	5	3	2	0.10799947458344854
AF_inner	healthy_vs_degenerated_severe	CUX1	0.010869565217391304	0.26606505253037316	92	1	1	0	0.6699479739973424
AF_inner	healthy_vs_degenerated_severe	ATF1	0.02857142857142857	0.02295233080772553	70	2	2	0	0.13532434592374132
AF_inner	healthy_vs_degenerated_severe	KAT7	0.03076923076923077	0.019978768072765465	65	2	2	0	0.12376228009677721
AF_inner	healthy_vs_degenerated_severe	CREBZF	0.0	1.0	12	0	0	0	1.0
AF_inner	healthy_vs_degenerated_severe	GLI3	0.0	1.0	35	0	0	0	1.0
AF_inner	healthy_vs_degenerated_severe	NKX2-5	0.0	0.013092511069844827	52	2	1	1	0.1078206793987221
AF_inner	healthy_vs_degenerated_severe	TGFB1I1	0.0	1.0	12	0	0	0	1.0
AF_inner	healthy_vs_degenerated_severe	RARB	-0.044444444444444446	0.009921496363954228	45	2	0	2	0.09019542149049299
AF_inner	healthy_vs_degenerated_severe	RARG	0.0	1.0	33	0	0	0	1.0
AF_inner	healthy_vs_degenerated_severe	TEAD1	0.0625	0.0522507883884543	16	1	1	0	0.22717734081936652
AF_inner	healthy_vs_degenerated_severe	PPARA	0.0	0.005289735594891941	210	4	2	2	0.059374075255146416
AF_inner	healthy_vs_degenerated_severe	ESR2	0.005847953216374269	0.019522159462571922	171	3	2	1	0.12376228009677721
AF_inner	healthy_vs_degenerated_severe	NR3C1	0.004608294930875576	0.0007734539054929221	217	5	3	2	0.01700891033624863
AF_inner	healthy_vs_degenerated_severe	PGR	-0.017857142857142856	0.0005306602292788729	112	4	1	3	0.013757857796118928
AF_inner	healthy_vs_degenerated_severe	NRG1	0.03225806451612903	0.09879901542920515	31	1	1	0	0.32469160000208264
AF_inner	healthy_vs_degenerated_severe	TBP	0.008	0.343440461717034	125	1	1	0	0.8465081802884641
AF_inner	healthy_vs_degenerated_severe	REL	0.012048192771084338	0.24345444426042695	83	1	1	0	0.6219639086945215
AF_inner	healthy_vs_degenerated_severe	ISL1	0.0	1.0	23	0	0	0	1.0
AF_inner	healthy_vs_degenerated_severe	ZBTB14	0.0	1.0	6	0	0	0	1.0
AF_inner	healthy_vs_degenerated_severe	MYB	0.013986013986013986	0.0828006167378215	143	2	2	0	0.2894870901258779
AF_inner	healthy_vs_degenerated_severe	PITX1	0.0	1.0	26	0	0	0	1.0
AF_inner	healthy_vs_degenerated_severe	EGR1	0.019543973941368076	5.949781454348199e-08	307	10	8	2	8.329694036087479e-06
AF_inner	healthy_vs_degenerated_severe	MYOD1	0.008928571428571428	0.00623528690050654	112	3	2	1	0.06418677691697909
AF_inner	healthy_vs_degenerated_severe	ETS2	0.0	1.0	87	0	0	0	1.0
AF_inner	healthy_vs_degenerated_severe	GTF2I	0.0	1.0	20	0	0	0	1.0
AF_inner	healthy_vs_degenerated_severe	NR2F1	0.0	1.0	44	0	0	0	1.0
AF_inner	healthy_vs_degenerated_severe	ENO1	-0.06666666666666667	0.049065076752785236	15	1	0	1	0.22158421759322366
AF_inner	healthy_vs_degenerated_severe	JDP2	0.0	1.0	32	0	0	0	1.0
AF_inner	healthy_vs_degenerated_severe	MAZ	0.03225806451612903	0.09879901542920515	31	1	1	0	0.32469160000208264
AF_inner	healthy_vs_degenerated_severe	NR4A1	0.0125	0.23576683294627773	80	1	1	0	0.6045303408878917
AF_inner	healthy_vs_degenerated_severe	HMGA1	0.03636363636363636	0.01456932448628369	55	2	2	0	0.11331696822665092
AF_inner	healthy_vs_degenerated_severe	NFKB1	0.03283582089552239	1.0905644532383432e-08	335	11	11	0	2.5446503908894674e-06
AF_inner	healthy_vs_degenerated_severe	USF1	0.0	0.10862938355839444	168	2	1	1	0.3440749705469507
AF_inner	healthy_vs_degenerated_severe	DDIT3	0.023809523809523808	0.03216606464531139	84	2	2	0	0.164352155122029
AF_inner	healthy_vs_degenerated_severe	ATF4	0.02727272727272727	0.0059319569547548485	110	3	3	0	0.0636403378561753
AF_inner	healthy_vs_degenerated_severe	ATF3	0.02127659574468085	0.03949178804425251	94	2	2	0	0.19331644497186543
AF_inner	healthy_vs_degenerated_severe	TAF1	0.02564102564102564	0.12270017226057807	39	1	1	0	0.37181870381993354
AF_inner	healthy_vs_degenerated_severe	RUNX2	0.0594059405940594	1.0382511309828365e-06	101	6	6	0	8.07528657431095e-05
AF_inner	healthy_vs_degenerated_severe	TFAP2B	0.05	0.06488929326906862	20	1	1	0	0.2580824164110683
AF_inner	healthy_vs_degenerated_severe	CREM	-0.01639344262295082	0.18526859315133803	61	1	0	1	0.49688894714918247
AF_inner	healthy_vs_degenerated_severe	IRF8	0.0	0.012146772363115697	50	2	1	1	0.10369195919732913
AF_inner	healthy_vs_degenerated_severe	ETV5	0.0625	0.0522507883884543	16	1	1	0	0.22717734081936652
AF_inner	healthy_vs_degenerated_severe	DMTF1	0.0	1.0	16	0	0	0	1.0
AF_inner	healthy_vs_degenerated_severe	NR5A1	0.013888888888888888	0.21489001111477282	72	1	1	0	0.5612798797773918
AF_inner	healthy_vs_degenerated_severe	NEUROD2	0.0	1.0	9	0	0	0	1.0
AF_inner	healthy_vs_degenerated_severe	NEUROD1	0.0	1.0	45	0	0	0	1.0
AF_inner	healthy_vs_degenerated_severe	HHEX	-0.045454545454545456	0.07114641024140925	22	1	0	1	0.2649068466435451
AF_inner	healthy_vs_degenerated_severe	FOXO3	0.005714285714285714	0.020739412033329883	175	3	2	1	0.12734726687132386
AF_inner	healthy_vs_degenerated_severe	MBD1	0.0	1.0	15	0	0	0	1.0
AF_inner	healthy_vs_degenerated_severe	CEBPD	0.014084507042253521	0.21224139820300222	71	1	1	0	0.5564381226295939
AF_inner	healthy_vs_degenerated_severe	ELK1	0.057692307692307696	0.0006960575332013443	52	3	3	0	0.0162413424413647
AF_inner	healthy_vs_degenerated_severe	FLI1	0.0	0.026745259626916963	76	2	1	1	0.14512931580497576
AF_inner	healthy_vs_degenerated_severe	ELK4	0.0	1.0	6	0	0	0	1.0
AF_inner	healthy_vs_degenerated_severe	PREB	0.0	1.0	13	0	0	0	1.0
AF_inner	healthy_vs_degenerated_severe	POU1F1	0.0	1.0	39	0	0	0	1.0
AF_inner	healthy_vs_degenerated_severe	PAX5	0.020833333333333332	0.14884625938346308	48	1	1	0	0.42013057084042
AF_inner	healthy_vs_degenerated_severe	CEBPA	0.0	0.10755803551257558	167	2	1	1	0.3431141226153
AF_inner	healthy_vs_degenerated_severe	LITAF	0.041666666666666664	0.07736245876842032	24	1	1	0	0.2777113904507396
AF_inner	healthy_vs_degenerated_severe	STAT6	0.0449438202247191	0.00022077209784314927	89	4	4	0	0.007359069928104976
AF_inner	healthy_vs_degenerated_severe	HIF1A	0.012953367875647668	0.00028238304374847813	386	7	6	1	0.008236172109330612
AF_inner	healthy_vs_degenerated_severe	TP73	0.0	0.05322511173807617	111	2	1	1	0.22857409948867066
AF_inner	healthy_vs_degenerated_severe	KLF11	0.0	1.0	18	0	0	0	1.0
AF_inner	healthy_vs_degenerated_severe	TCF4	0.043478260869565216	0.010350431867205771	46	2	2	0	0.0917126874309372
AF_inner	healthy_vs_degenerated_severe	HIVEP2	0.0	1.0	11	0	0	0	1.0
AF_inner	healthy_vs_degenerated_severe	E2F4	0.0	1.0	160	0	0	0	1.0
AF_inner	healthy_vs_degenerated_severe	GATA5	0.0	1.0	17	0	0	0	1.0
AF_inner	healthy_vs_degenerated_severe	SRF	0.037037037037037035	0.0025100376998067942	81	3	3	0	0.03676315103686938
AF_inner	healthy_vs_degenerated_severe	ELF1	0.0	1.0	61	0	0	0	1.0
AF_inner	healthy_vs_degenerated_severe	GATA3	0.006944444444444444	0.3842989692301993	144	1	1	0	0.940591882731257
AF_inner	healthy_vs_degenerated_severe	MSX1	0.05263157894736842	0.061745251063585055	19	1	1	0	0.24840043531327322
AF_inner	healthy_vs_degenerated_severe	OTX2	0.037037037037037035	0.08661010592516845	27	1	1	0	0.29635748701946824
AF_inner	healthy_vs_degenerated_severe	LHX2	0.0	1.0	24	0	0	0	1.0
AF_inner	healthy_vs_degenerated_severe	GABPA	0.03333333333333333	0.09576682835721026	30	1	1	0	0.3222922108175345
AF_inner	healthy_vs_degenerated_severe	HSF2	0.043478260869565216	0.07425955150260465	23	1	1	0	0.2707379481865794
AF_inner	healthy_vs_degenerated_severe	VDR	0.01818181818181818	0.0004957020104082891	110	4	3	1	0.013345823357146246
AF_inner	healthy_vs_degenerated_severe	HOXC8	0.07142857142857142	0.04586886344990534	14	1	1	0	0.21405469609955827
AF_inner	healthy_vs_degenerated_severe	HR	0.028169014084507043	0.02356771945927752	71	2	2	0	0.13634217869003523
AF_inner	healthy_vs_degenerated_severe	RELB	0.0	1.0	41	0	0	0	1.0
AF_inner	healthy_vs_degenerated_severe	CEBPE	0.0	1.0	23	0	0	0	1.0
AF_inner	healthy_vs_degenerated_severe	NR0B1	0.02631578947368421	0.11974687446537832	38	1	1	0	0.3676439128323019
AF_inner	healthy_vs_degenerated_severe	LEF1	0.023809523809523808	0.03216606464531139	84	2	2	0	0.164352155122029
AF_inner	healthy_vs_degenerated_severe	ID1	0.046875	0.0012756862167110307	64	3	3	0	0.02238953881061322
AF_inner	healthy_vs_degenerated_severe	ZNF143	-0.038461538461538464	0.08353770315061049	26	1	0	1	0.2894870901258779
AF_inner	healthy_vs_degenerated_severe	SOX9	0.0	0.026745259626916963	76	2	1	1	0.14512931580497576
AF_inner	healthy_vs_degenerated_severe	YBX1	0.0	1.0	82	0	0	0	1.0
AF_inner	healthy_vs_degenerated_severe	HSF1	0.03571428571428571	0.0027834957213629676	84	3	3	0	0.03676315103686938
AF_inner	healthy_vs_degenerated_severe	FOXE1	0.0	1.0	5	0	0	0	1.0
AF_inner	healthy_vs_degenerated_severe	POU4F1	0.0	1.0	21	0	0	0	1.0
AF_inner	healthy_vs_degenerated_severe	NOTO	0.0	1.0	5	0	0	0	1.0
AF_inner	healthy_vs_degenerated_severe	HNF1B	0.0	1.0	37	0	0	0	1.0
AF_inner	healthy_vs_degenerated_severe	PAX3	0.011904761904761904	0.24600008738832002	84	1	1	0	0.6239132651153044
AF_inner	healthy_vs_degenerated_severe	ID2	0.01818181818181818	0.16865230146781712	55	1	1	0	0.4629671020685176
AF_inner	healthy_vs_degenerated_severe	MEF2A	0.03614457831325301	0.002690393332536789	83	3	3	0	0.03676315103686938
AF_inner	healthy_vs_degenerated_severe	PDX1	-0.017241379310344827	0.17700157510943595	58	1	0	1	0.478382635430908
AF_inner	healthy_vs_degenerated_severe	NR2F2	-0.018518518518518517	0.0007775501867999374	54	3	1	2	0.01700891033624863
AF_inner	healthy_vs_degenerated_severe	NR1H4	0.0	0.04025633265879296	95	2	1	1	0.19569050598024357
AF_inner	healthy_vs_degenerated_severe	ASCL1	0.0	1.0	50	0	0	0	1.0
AF_inner	healthy_vs_degenerated_severe	RFX1	0.0	1.0	19	0	0	0	1.0
AF_inner	healthy_vs_degenerated_severe	CRX	0.047619047619047616	0.06802300189509224	21	1	1	0	0.26448646896687183
AF_inner	healthy_vs_degenerated_severe	NRL	0.06666666666666667	0.049065076752785236	15	1	1	0	0.22158421759322366
AF_inner	healthy_vs_degenerated_severe	UBTF	0.0	1.0	9	0	0	0	1.0
AF_inner	healthy_vs_degenerated_severe	MYBL2	0.0	1.0	47	0	0	0	1.0
AF_inner	healthy_vs_degenerated_severe	ELF2	0.0	1.0	8	0	0	0	1.0
AF_inner	healthy_vs_degenerated_severe	JUND	0.0375	0.0024227559779117585	80	3	3	0	0.03676315103686938
AF_inner	healthy_vs_degenerated_severe	TP63	0.022988505747126436	0.0027066884726491915	174	4	4	0	0.03676315103686938
AF_inner	healthy_vs_degenerated_severe	NFKBIB	0.058823529411764705	0.05542603218742347	17	1	1	0	0.23372423211564114
AF_inner	healthy_vs_degenerated_severe	HOXC6	0.0	1.0	11	0	0	0	1.0
AF_inner	healthy_vs_degenerated_severe	FOXO1	0.008733624454148471	0.00715766243084556	229	4	3	1	0.07056850283932242
AF_inner	healthy_vs_degenerated_severe	PITX2	0.01	0.28560606125835436	100	1	1	0	0.7140151531458859
AF_inner	healthy_vs_degenerated_severe	NR5A2	0.0	1.0	43	0	0	0	1.0
AF_inner	healthy_vs_degenerated_severe	POU2F1	0.0	1.0	82	0	0	0	1.0
AF_inner	healthy_vs_degenerated_severe	XBP1	0.0425531914893617	0.010787484037803077	47	2	2	0	0.09439048533077692
AF_inner	healthy_vs_degenerated_severe	SREBF1	0.0	0.050691858511022564	108	2	1	1	0.22601465578162927
AF_inner	healthy_vs_degenerated_severe	TCF3	0.0	1.0	92	0	0	0	1.0
AF_inner	healthy_vs_degenerated_severe	LRRFIP1	0.0	1.0	13	0	0	0	1.0
AF_inner	healthy_vs_degenerated_severe	TCF12	0.0	1.0	38	0	0	0	1.0
AF_inner	healthy_vs_degenerated_severe	E4F1	0.0	1.0	10	0	0	0	1.0
AF_inner	healthy_vs_degenerated_severe	HOXB1	0.0	1.0	6	0	0	0	1.0
AF_inner	healthy_vs_degenerated_severe	BRCA1	0.0	0.015076896623349835	56	2	1	1	0.11348201759510629
AF_inner	healthy_vs_degenerated_severe	ZNF362	0.0	1.0	14	0	0	0	1.0
AF_inner	healthy_vs_degenerated_severe	NRF1	0.0	1.0	80	0	0	0	1.0
AF_inner	healthy_vs_degenerated_severe	GATA1	-0.010101010101010102	0.28319162704448664	99	1	0	1	0.7105166269933357
AF_inner	healthy_vs_degenerated_severe	MYCN	0.008333333333333333	0.33225351957733545	120	1	1	0	0.8247427790926766
AF_inner	healthy_vs_degenerated_severe	PKNOX1	0.0	1.0	12	0	0	0	1.0
AF_inner	healthy_vs_degenerated_severe	NR4A3	0.0	1.0	31	0	0	0	1.0
AF_inner	healthy_vs_degenerated_severe	SSRP1	0.03669724770642202	0.0004788536016140011	109	4	4	0	0.013345823357146246
AF_inner	healthy_vs_degenerated_severe	ZNF91	0.0	1.0	35	0	0	0	1.0
AF_inner	healthy_vs_degenerated_severe	NR2C1	0.0	1.0	14	0	0	0	1.0
AF_inner	healthy_vs_degenerated_severe	ID3	0.06451612903225806	0.004801216197362927	31	2	2	0	0.056963582002611
AF_inner	healthy_vs_degenerated_severe	ERF	0.0	1.0	15	0	0	0	1.0
AF_inner	healthy_vs_degenerated_severe	ZNF354C	0.045454545454545456	0.07114641024140925	22	1	1	0	0.2649068466435451
AF_inner	healthy_vs_degenerated_severe	HMGA2	0.08108108108108109	0.00025353314692064775	37	3	3	0	0.00771622621062841
AF_inner	healthy_vs_degenerated_severe	POU2F2	0.0	1.0	30	0	0	0	1.0
AF_inner	healthy_vs_degenerated_severe	PHOX2B	0.0	1.0	11	0	0	0	1.0
AF_inner	healthy_vs_degenerated_severe	SREBF2	0.017543859649122806	0.17422766286583277	57	1	1	0	0.4745500544983772
AF_inner	healthy_vs_degenerated_severe	ELF4	0.0	0.006091289480519636	35	2	1	1	0.0636403378561753
AF_inner	healthy_vs_degenerated_severe	TTF1	0.0	0.010350431867205771	46	2	1	1	0.0917126874309372
AF_inner	healthy_vs_degenerated_severe	DLX4	0.029411764705882353	0.10783586710766573	34	1	1	0	0.3431141226153
AF_inner	healthy_vs_degenerated_severe	NR1I2	0.0	0.11730234977600935	176	2	1	1	0.36332586213808205
AF_inner	healthy_vs_degenerated_severe	NR1H3	0.0	0.044960308750965766	101	2	1	1	0.21405469609955827
AF_inner	healthy_vs_degenerated_severe	MITF	0.022988505747126436	0.0002022600715919043	87	4	3	1	0.007079102505716651
AF_inner	healthy_vs_degenerated_severe	NCOA1	0.014925373134328358	0.20155903343947332	67	1	1	0	0.5324200883306842
AF_inner	healthy_vs_degenerated_severe	NCOR1	-0.029411764705882353	0.02174207626449748	68	2	0	2	0.13234307291433248
AF_inner	healthy_vs_degenerated_severe	FOSL1	0.0	1.0	44	0	0	0	1.0
AF_inner	healthy_vs_degenerated_severe	JUNB	0.024390243902439025	0.030773080000126997	82	2	2	0	0.1607548955230515
AF_inner	healthy_vs_degenerated_severe	MTF2	0.0	1.0	6	0	0	0	1.0
AF_inner	healthy_vs_degenerated_severe	DNMT1	0.0	0.0015766917964796384	150	4	2	2	0.025825177960530937
AF_inner	healthy_vs_degenerated_severe	KLF5	0.014925373134328358	0.20155903343947332	67	1	1	0	0.5324200883306842
AF_inner	healthy_vs_degenerated_severe	NR3C2	0.023255813953488372	0.13441649094413302	43	1	1	0	0.39701073274638443
AF_inner	healthy_vs_degenerated_severe	MYRF	0.0	1.0	7	0	0	0	1.0
AF_inner	healthy_vs_degenerated_severe	EBF1	0.0	1.0	25	0	0	0	1.0
AF_inner	healthy_vs_degenerated_severe	CREBBP	0.03225806451612903	0.09879901542920515	31	1	1	0	0.32469160000208264
AF_inner	healthy_vs_degenerated_severe	ZFPM1	0.0	1.0	12	0	0	0	1.0
AF_inner	healthy_vs_degenerated_severe	APEX1	-0.02857142857142857	0.11082835468493477	35	1	0	1	0.34789169632042305
AF_inner	healthy_vs_degenerated_severe	TEAD2	0.0	1.0	5	0	0	0	1.0
AF_inner	healthy_vs_degenerated_severe	TFAM	0.0	1.0	12	0	0	0	1.0
AF_inner	healthy_vs_degenerated_severe	IRF4	0.023809523809523808	0.13150187963344812	42	1	1	0	0.3917077265677178
AF_inner	healthy_vs_degenerated_severe	ZBED1	0.0	1.0	19	0	0	0	1.0
AF_inner	healthy_vs_degenerated_severe	NCOA2	0.018867924528301886	0.1630400256379193	53	1	1	0	0.45288896010533136
AF_inner	healthy_vs_degenerated_severe	FOXA1	0.044444444444444446	0.009921496363954228	45	2	2	0	0.09019542149049299
AF_inner	healthy_vs_degenerated_severe	NR4A2	0.022222222222222223	0.14021696335165723	45	1	1	0	0.40226178010721336
AF_inner	healthy_vs_degenerated_severe	KLF1	0.0	1.0	22	0	0	0	1.0
AF_inner	healthy_vs_degenerated_severe	LHX3	0.0	1.0	7	0	0	0	1.0
AF_inner	healthy_vs_degenerated_severe	CTCF	0.016666666666666666	0.061087436156964124	120	2	2	0	0.24840043531327322
AF_inner	healthy_vs_degenerated_severe	BCL6	0.012987012987012988	0.2280026214522814	77	1	1	0	0.5889366605778487
AF_inner	healthy_vs_degenerated_severe	RB1	0.03125	0.10182122948812948	32	1	1	0	0.3315109797287937
AF_inner	healthy_vs_degenerated_severe	TFCP2	0.017241379310344827	0.17700157510943595	58	1	1	0	0.478382635430908
AF_inner	healthy_vs_degenerated_severe	REST	0.0	1.0	41	0	0	0	1.0
AF_inner	healthy_vs_degenerated_severe	ESRRA	0.025	0.12564375149934748	40	1	1	0	0.37909752607561736
AF_inner	healthy_vs_degenerated_severe	HOXD3	0.0	1.0	9	0	0	0	1.0
AF_inner	healthy_vs_degenerated_severe	IRF9	0.0	1.0	17	0	0	0	1.0
AF_inner	healthy_vs_degenerated_severe	TFE3	0.06060606060606061	0.0054284868804705295	33	2	2	0	0.059374075255146416
AF_inner	healthy_vs_degenerated_severe	ZNF236	0.0	1.0	7	0	0	0	1.0
AF_inner	healthy_vs_degenerated_severe	TFAP2C	0.0	1.0	24	0	0	0	1.0
AF_inner	healthy_vs_degenerated_severe	PAX8	0.0	0.0028926843888438633	24	2	1	1	0.03695089124471106
AF_inner	healthy_vs_degenerated_severe	NKX2-1	0.022727272727272728	0.1373215085297082	44	1	1	0	0.3988591534057914
AF_inner	healthy_vs_degenerated_severe	PBX1	0.0	1.0	43	0	0	0	1.0
AF_inner	healthy_vs_degenerated_severe	SP4	0.024390243902439025	0.12857764353793774	41	1	1	0	0.38463397639554026
AF_inner	healthy_vs_degenerated_severe	CIITA	0.0	1.0	26	0	0	0	1.0
AF_inner	healthy_vs_degenerated_severe	CDX2	-0.022727272727272728	0.1373215085297082	44	1	0	1	0.3988591534057914
AF_inner	healthy_vs_degenerated_severe	ELF3	0.045454545454545456	0.07114641024140925	22	1	1	0	0.2649068466435451
AF_inner	healthy_vs_degenerated_severe	ELF5	0.0	1.0	7	0	0	0	1.0
AF_inner	healthy_vs_degenerated_severe	ZEB1	0.0	1.0	47	0	0	0	1.0
AF_inner	healthy_vs_degenerated_severe	EGR3	0.04	0.08045516502407957	25	1	1	0	0.28733987508599845
AF_inner	healthy_vs_degenerated_severe	EWSR1	0.0	0.012615724395358527	51	2	1	1	0.10513103662798773
AF_inner	healthy_vs_degenerated_severe	NAB2	-0.16666666666666666	0.019917001835204864	6	1	0	1	0.12376228009677721
AF_inner	healthy_vs_degenerated_severe	DEAF1	0.0	1.0	11	0	0	0	1.0
AF_inner	healthy_vs_degenerated_severe	TBPL1	0.0	1.0	30	0	0	0	1.0
AF_inner	healthy_vs_degenerated_severe	MEF2C	0.03508771929824561	3.8649936194039543e-05	57	4	3	1	0.0018036636890551786
AF_inner	healthy_vs_degenerated_severe	POU4F2	-0.043478260869565216	0.07425955150260465	23	1	0	1	0.2707379481865794
AF_inner	healthy_vs_degenerated_severe	TAL1	0.0	1.0	79	0	0	0	1.0
AF_inner	healthy_vs_degenerated_severe	EPAS1	0.024691358024691357	0.030085913301877883	81	2	2	0	0.15834691211514676
AF_inner	healthy_vs_degenerated_severe	SMARCA1	0.0	1.0	41	0	0	0	1.0
AF_inner	healthy_vs_degenerated_severe	NFATC4	0.06060606060606061	0.0054284868804705295	33	2	2	0	0.059374075255146416
AF_inner	healthy_vs_degenerated_severe	FOXM1	0.024691358024691357	0.030085913301877883	81	2	2	0	0.15834691211514676
AF_inner	healthy_vs_degenerated_severe	MYF5	0.0	1.0	17	0	0	0	1.0
AF_inner	healthy_vs_degenerated_severe	MYOG	0.0	1.0	42	0	0	0	1.0
AF_inner	healthy_vs_degenerated_severe	SMAD7	-0.01818181818181818	0.16865230146781712	55	1	0	1	0.4629671020685176
AF_inner	healthy_vs_degenerated_severe	SOX10	0.0	1.0	25	0	0	0	1.0
AF_inner	healthy_vs_degenerated_severe	POU3F1	0.0	1.0	14	0	0	0	1.0
AF_inner	healthy_vs_degenerated_severe	NKRF	0.125	0.02646914057077731	8	1	1	0	0.14512931580497576
AF_inner	healthy_vs_degenerated_severe	ATF6	0.02127659574468085	0.14597930806126727	47	1	1	0	0.4170837373179065
AF_inner	healthy_vs_degenerated_severe	HOPX	0.0	1.0	5	0	0	0	1.0
AF_inner	healthy_vs_degenerated_severe	NKX6-1	0.0	1.0	8	0	0	0	1.0
AF_inner	healthy_vs_degenerated_severe	ERG	0.022222222222222223	0.14021696335165723	45	1	1	0	0.40226178010721336
AF_inner	healthy_vs_degenerated_severe	PITX3	0.0	1.0	20	0	0	0	1.0
AF_inner	healthy_vs_degenerated_severe	HOXB2	0.16666666666666666	0.019917001835204864	6	1	1	0	0.12376228009677721
AF_inner	healthy_vs_degenerated_severe	SATB1	0.0	1.0	39	0	0	0	1.0
AF_inner	healthy_vs_degenerated_severe	NFKB2	0.019230769230769232	0.16021996999955812	52	1	1	0	0.4486159159987627
AF_inner	healthy_vs_degenerated_severe	RORA	0.01818181818181818	0.16865230146781712	55	1	1	0	0.4629671020685176
AF_inner	healthy_vs_degenerated_severe	PROX1	0.0	1.0	25	0	0	0	1.0
AF_inner	healthy_vs_degenerated_severe	KLF3	0.0	1.0	10	0	0	0	1.0
AF_inner	healthy_vs_degenerated_severe	PEG3	0.14285714285714285	0.0231984593012128	7	1	1	0	0.13532434592374132
AF_inner	healthy_vs_degenerated_severe	NR2E3	0.0	1.0	10	0	0	0	1.0
AF_inner	healthy_vs_degenerated_severe	NCOR2	0.018867924528301886	0.1630400256379193	53	1	1	0	0.45288896010533136
AF_inner	healthy_vs_degenerated_severe	NCOA3	0.0	1.0	68	0	0	0	1.0
AF_inner	healthy_vs_degenerated_severe	ZFHX3	0.0	1.0	8	0	0	0	1.0
AF_inner	healthy_vs_degenerated_severe	SMAD1	0.05	0.0010576720525055188	60	3	3	0	0.020010011804158463
AF_inner	healthy_vs_degenerated_severe	SPDEF	0.0	1.0	13	0	0	0	1.0
AF_inner	healthy_vs_degenerated_severe	PAX2	0.0	1.0	17	0	0	0	1.0
AF_inner	healthy_vs_degenerated_severe	KLF13	0.0	1.0	14	0	0	0	1.0
AF_inner	healthy_vs_degenerated_severe	GTF2IRD1	0.0	1.0	6	0	0	0	1.0
AF_inner	healthy_vs_degenerated_severe	MAFB	0.03225806451612903	0.09879901542920515	31	1	1	0	0.32469160000208264
AF_inner	healthy_vs_degenerated_severe	NR2F6	0.0	1.0	7	0	0	0	1.0
AF_inner	healthy_vs_degenerated_severe	ELK3	0.047619047619047616	0.06802300189509224	21	1	1	0	0.26448646896687183
AF_inner	healthy_vs_degenerated_severe	KLF6	0.041666666666666664	0.011232595918061078	48	2	2	0	0.09707181657583647
AF_inner	healthy_vs_degenerated_severe	SNAI1	0.0	1.0	88	0	0	0	1.0
AF_inner	healthy_vs_degenerated_severe	HESX1	0.0	1.0	18	0	0	0	1.0
AF_inner	healthy_vs_degenerated_severe	BACH2	0.0	1.0	6	0	0	0	1.0
AF_inner	healthy_vs_degenerated_severe	PATZ1	0.0	1.0	9	0	0	0	1.0
AF_inner	healthy_vs_degenerated_severe	ZHX2	0.0	1.0	11	0	0	0	1.0
AF_inner	healthy_vs_degenerated_severe	ONECUT1	0.0	1.0	22	0	0	0	1.0
AF_inner	healthy_vs_degenerated_severe	RXRA	0.012987012987012988	0.2280026214522814	77	1	1	0	0.5889366605778487
AF_inner	healthy_vs_degenerated_severe	NR1H2	0.02702702702702703	0.11678382665803744	37	1	1	0	0.36332586213808205
AF_inner	healthy_vs_degenerated_severe	KAT5	0.0	1.0	48	0	0	0	1.0
AF_inner	healthy_vs_degenerated_severe	GBX2	0.0	1.0	6	0	0	0	1.0
AF_inner	healthy_vs_degenerated_severe	YBX3	-0.043478260869565216	0.07425955150260465	23	1	0	1	0.2707379481865794
AF_inner	healthy_vs_degenerated_severe	SMAD6	0.0	1.0	23	0	0	0	1.0
AF_inner	healthy_vs_degenerated_severe	MYBL1	0.0	1.0	11	0	0	0	1.0
AF_inner	healthy_vs_degenerated_severe	CDX1	0.038461538461538464	0.08353770315061049	26	1	1	0	0.2894870901258779
AF_inner	healthy_vs_degenerated_severe	TFDP1	0.0	1.0	31	0	0	0	1.0
AF_inner	healthy_vs_degenerated_severe	KLF12	0.0	1.0	9	0	0	0	1.0
AF_inner	healthy_vs_degenerated_severe	KMT2A	0.0	1.0	66	0	0	0	1.0
AF_inner	healthy_vs_degenerated_severe	GATA2	0.0	1.0	67	0	0	0	1.0
AF_inner	healthy_vs_degenerated_severe	PRDM1	0.022222222222222223	0.14021696335165723	45	1	1	0	0.40226178010721336
AF_inner	healthy_vs_degenerated_severe	MXD1	0.0	1.0	22	0	0	0	1.0
AF_inner	healthy_vs_degenerated_severe	CLOCK	0.0	1.0	56	0	0	0	1.0
AF_inner	healthy_vs_degenerated_severe	BHLHE40	-0.03225806451612903	0.09879901542920515	31	1	0	1	0.32469160000208264
AF_inner	healthy_vs_degenerated_severe	SRY	0.029411764705882353	0.10783586710766573	34	1	1	0	0.3431141226153
AF_inner	healthy_vs_degenerated_severe	MAF	0.0	1.0	41	0	0	0	1.0
AF_inner	healthy_vs_degenerated_severe	AIRE	0.08333333333333333	0.03944479598442866	12	1	1	0	0.19331644497186543
AF_inner	healthy_vs_degenerated_severe	ZGPAT	0.0	1.0	9	0	0	0	1.0
AF_inner	healthy_vs_degenerated_severe	ETV1	0.0	1.0	19	0	0	0	1.0
AF_inner	healthy_vs_degenerated_severe	KLF4	0.0	0.049857522068866324	107	2	1	1	0.22371965030901556
AF_inner	healthy_vs_degenerated_severe	EGR2	0.017543859649122806	0.0009107782771254854	57	3	2	1	0.018751317470230584
AF_inner	healthy_vs_degenerated_severe	SIX4	0.0	1.0	5	0	0	0	1.0
AF_inner	healthy_vs_degenerated_severe	NEUROG3	0.0	1.0	18	0	0	0	1.0
AF_inner	healthy_vs_degenerated_severe	CXXC1	0.0	1.0	19	0	0	0	1.0
AF_inner	healthy_vs_degenerated_severe	TBX21	0.0	1.0	34	0	0	0	1.0
AF_inner	healthy_vs_degenerated_severe	HOXA10	0.022727272727272728	0.1373215085297082	44	1	1	0	0.3988591534057914
AF_inner	healthy_vs_degenerated_severe	LMX1B	0.0	1.0	16	0	0	0	1.0
AF_inner	healthy_vs_degenerated_severe	TBX2	0.0	1.0	26	0	0	0	1.0
AF_inner	healthy_vs_degenerated_severe	ZNF699	0.0	1.0	39	0	0	0	1.0
AF_inner	healthy_vs_degenerated_severe	RFX5	0.0	1.0	18	0	0	0	1.0
AF_inner	healthy_vs_degenerated_severe	RFXANK	0.0	1.0	13	0	0	0	1.0
AF_inner	healthy_vs_degenerated_severe	RFXAP	0.0	1.0	12	0	0	0	1.0
AF_inner	healthy_vs_degenerated_severe	BARX2	0.0	1.0	12	0	0	0	1.0
AF_inner	healthy_vs_degenerated_severe	FOXO4	-0.038461538461538464	0.08353770315061049	26	1	0	1	0.2894870901258779
AF_inner	healthy_vs_degenerated_severe	DLX5	0.03125	0.10182122948812948	32	1	1	0	0.3315109797287937
AF_inner	healthy_vs_degenerated_severe	ID4	0.0	1.0	12	0	0	0	1.0
AF_inner	healthy_vs_degenerated_severe	SPIB	0.0	1.0	12	0	0	0	1.0
AF_inner	healthy_vs_degenerated_severe	FOXN1	0.0	1.0	39	0	0	0	1.0
AF_inner	healthy_vs_degenerated_severe	TBX5	0.05263157894736842	0.061745251063585055	19	1	1	0	0.24840043531327322
AF_inner	healthy_vs_degenerated_severe	TLX1	0.0	1.0	8	0	0	0	1.0
AF_inner	healthy_vs_degenerated_severe	HIVEP1	-0.125	0.02646914057077731	8	1	0	1	0.14512931580497576
AF_inner	healthy_vs_degenerated_severe	SMAD2	0.011904761904761904	0.24600008738832002	84	1	1	0	0.6239132651153044
AF_inner	healthy_vs_degenerated_severe	NKX3-1	0.0	0.01883854730947365	63	2	1	1	0.12376228009677721
AF_inner	healthy_vs_degenerated_severe	HAND1	0.0	1.0	10	0	0	0	1.0
AF_inner	healthy_vs_degenerated_severe	HAND2	0.03571428571428571	0.08967240602135751	28	1	1	0	0.304712059295875
AF_inner	healthy_vs_degenerated_severe	PAX7	0.0	1.0	11	0	0	0	1.0
AF_inner	healthy_vs_degenerated_severe	SFPQ	0.038461538461538464	0.08353770315061049	26	1	1	0	0.2894870901258779
AF_inner	healthy_vs_degenerated_severe	BMAL1	0.020833333333333332	0.14884625938346308	48	1	1	0	0.42013057084042
AF_inner	healthy_vs_degenerated_severe	SKIL	0.0	1.0	19	0	0	0	1.0
AF_inner	healthy_vs_degenerated_severe	TBXT	0.0	1.0	11	0	0	0	1.0
AF_inner	healthy_vs_degenerated_severe	MSX2	0.0	1.0	35	0	0	0	1.0
AF_inner	healthy_vs_degenerated_severe	MZF1	0.0	1.0	18	0	0	0	1.0
AF_inner	healthy_vs_degenerated_severe	HOXA5	0.0	1.0	14	0	0	0	1.0
AF_inner	healthy_vs_degenerated_severe	HOXB4	0.0	1.0	10	0	0	0	1.0
AF_inner	healthy_vs_degenerated_severe	CREB3	0.1	0.032978313199114664	10	1	1	0	0.16607783625453426
AF_inner	healthy_vs_degenerated_severe	NFE2	0.0	1.0	16	0	0	0	1.0
AF_inner	healthy_vs_degenerated_severe	ZNF76	0.0	1.0	7	0	0	0	1.0
AF_inner	healthy_vs_degenerated_severe	FOXQ1	0.06666666666666667	0.049065076752785236	15	1	1	0	0.22158421759322366
AF_inner	healthy_vs_degenerated_severe	ZGLP1	0.0	1.0	16	0	0	0	1.0
AF_inner	healthy_vs_degenerated_severe	NFYB	0.02857142857142857	0.11082835468493477	35	1	1	0	0.34789169632042305
AF_inner	healthy_vs_degenerated_severe	ETV3	0.0	1.0	11	0	0	0	1.0
AF_inner	healthy_vs_degenerated_severe	GSC	0.0	1.0	9	0	0	0	1.0
AF_inner	healthy_vs_degenerated_severe	IRF7	0.0	1.0	14	0	0	0	1.0
AF_inner	healthy_vs_degenerated_severe	NFATC3	0.0	0.0031375086325980306	25	2	1	1	0.03921885790747538
AF_inner	healthy_vs_degenerated_severe	KDM5A	0.0	1.0	15	0	0	0	1.0
AF_inner	healthy_vs_degenerated_severe	GRHL3	0.0	1.0	23	0	0	0	1.0
AF_inner	healthy_vs_degenerated_severe	THRA	0.0	1.0	60	0	0	0	1.0
AF_inner	healthy_vs_degenerated_severe	SOX17	-0.02631578947368421	0.11974687446537832	38	1	0	1	0.3676439128323019
AF_inner	healthy_vs_degenerated_severe	ZIC2	0.0	1.0	6	0	0	0	1.0
AF_inner	healthy_vs_degenerated_severe	TBX15	0.0	1.0	27	0	0	0	1.0
AF_inner	healthy_vs_degenerated_severe	NFAT5	0.046511627906976744	0.009088204584687254	43	2	2	0	0.08596950282812267
AF_inner	healthy_vs_degenerated_severe	MEF2B	0.0	1.0	5	0	0	0	1.0
AF_inner	healthy_vs_degenerated_severe	BMAL2	0.0	1.0	7	0	0	0	1.0
AF_inner	healthy_vs_degenerated_severe	NFE2L2	-0.005813953488372093	0.01982262347475742	172	3	1	2	0.12376228009677721
AF_inner	healthy_vs_degenerated_severe	ZIC1	0.0	1.0	11	0	0	0	1.0
AF_inner	healthy_vs_degenerated_severe	MEIS1	0.0	1.0	16	0	0	0	1.0
AF_inner	healthy_vs_degenerated_severe	HOXA9	0.0	1.0	35	0	0	0	1.0
AF_inner	healthy_vs_degenerated_severe	MAFA	0.0	1.0	13	0	0	0	1.0
AF_inner	healthy_vs_degenerated_severe	NR1D1	0.047619047619047616	0.06802300189509224	21	1	1	0	0.26448646896687183
AF_inner	healthy_vs_degenerated_severe	MYF6	0.0	1.0	8	0	0	0	1.0
AF_inner	healthy_vs_degenerated_severe	ZNF263	0.0	1.0	9	0	0	0	1.0
AF_inner	healthy_vs_degenerated_severe	NFIA	0.0	1.0	44	0	0	0	1.0
AF_inner	healthy_vs_degenerated_severe	HEY2	0.0	1.0	15	0	0	0	1.0
AF_inner	healthy_vs_degenerated_severe	HOXB7	0.0	0.0016242675259339281	18	2	1	1	0.025840619730767036
AF_inner	healthy_vs_degenerated_severe	ZNF350	-0.1111111111111111	0.029729080340905437	9	1	0	1	0.15834691211514676
AF_inner	healthy_vs_degenerated_severe	BCL11A	0.0	1.0	9	0	0	0	1.0
AF_inner	healthy_vs_degenerated_severe	TWIST1	0.028985507246376812	0.02234376612228993	69	2	2	0	0.13483307142761164
AF_inner	healthy_vs_degenerated_severe	ZNF395	0.0	1.0	5	0	0	0	1.0
AF_inner	healthy_vs_degenerated_severe	TFDP2	0.0	1.0	6	0	0	0	1.0
AF_inner	healthy_vs_degenerated_severe	GTF3A	0.047619047619047616	0.06802300189509224	21	1	1	0	0.26448646896687183
AF_inner	healthy_vs_degenerated_severe	KLF10	-0.041666666666666664	0.07736245876842032	24	1	0	1	0.2777113904507396
AF_inner	healthy_vs_degenerated_severe	KLF2	-0.02	0.15455187282086122	50	1	0	1	0.4344831766048307
AF_inner	healthy_vs_degenerated_severe	PHF20	0.0	1.0	9	0	0	0	1.0
AF_inner	healthy_vs_degenerated_severe	TGIF1	0.0	1.0	9	0	0	0	1.0
AF_inner	healthy_vs_degenerated_severe	FOXG1	0.0	1.0	16	0	0	0	1.0
AF_inner	healthy_vs_degenerated_severe	SF1	0.0	1.0	8	0	0	0	1.0
AF_inner	healthy_vs_degenerated_severe	MBD2	0.0	1.0	76	0	0	0	1.0
AF_inner	healthy_vs_degenerated_severe	FOXF2	0.0	1.0	11	0	0	0	1.0
AF_inner	healthy_vs_degenerated_severe	ZBTB32	0.0	1.0	5	0	0	0	1.0
AF_inner	healthy_vs_degenerated_severe	HEY1	-0.038461538461538464	0.08353770315061049	26	1	0	1	0.2894870901258779
AF_inner	healthy_vs_degenerated_severe	ZBTB17	-0.02564102564102564	0.12270017226057807	39	1	0	1	0.37181870381993354
AF_inner	healthy_vs_degenerated_severe	IRF5	0.0	1.0	20	0	0	0	1.0
AF_inner	healthy_vs_degenerated_severe	THRB	0.023255813953488372	0.13441649094413302	43	1	1	0	0.39701073274638443
AF_inner	healthy_vs_degenerated_severe	POU3F2	0.0	1.0	21	0	0	0	1.0
AF_inner	healthy_vs_degenerated_severe	FOXI1	0.0	1.0	7	0	0	0	1.0
AF_inner	healthy_vs_degenerated_severe	KCNIP3	0.0	1.0	12	0	0	0	1.0
AF_inner	healthy_vs_degenerated_severe	FOSB	0.0	1.0	32	0	0	0	1.0
AF_inner	healthy_vs_degenerated_severe	NFE2L1	0.0	1.0	9	0	0	0	1.0
AF_inner	healthy_vs_degenerated_severe	TRERF1	0.0	1.0	11	0	0	0	1.0
AF_inner	healthy_vs_degenerated_severe	FOXP1	0.0	1.0	17	0	0	0	1.0
AF_inner	healthy_vs_degenerated_severe	FOXP2	0.0	1.0	6	0	0	0	1.0
AF_inner	healthy_vs_degenerated_severe	BARX1	0.125	0.02646914057077731	8	1	1	0	0.14512931580497576
AF_inner	healthy_vs_degenerated_severe	ZFPM2	0.0	1.0	8	0	0	0	1.0
AF_inner	healthy_vs_degenerated_severe	IKZF1	0.0	1.0	32	0	0	0	1.0
AF_inner	healthy_vs_degenerated_severe	BCL3	0.0	1.0	24	0	0	0	1.0
AF_inner	healthy_vs_degenerated_severe	SP2	0.0	1.0	19	0	0	0	1.0
AF_inner	healthy_vs_degenerated_severe	SIM2	0.0	1.0	9	0	0	0	1.0
AF_inner	healthy_vs_degenerated_severe	NFATC1	0.034482758620689655	1.0355925442909432e-05	87	5	4	1	0.0006590134372760547
AF_inner	healthy_vs_degenerated_severe	POU2F3	0.0	1.0	6	0	0	0	1.0
AF_inner	healthy_vs_degenerated_severe	HOXA7	0.0	1.0	12	0	0	0	1.0
AF_inner	healthy_vs_degenerated_severe	NPAS2	0.0	1.0	8	0	0	0	1.0
AF_inner	healthy_vs_degenerated_severe	DLX2	0.0	1.0	18	0	0	0	1.0
AF_inner	healthy_vs_degenerated_severe	PRRX1	0.16666666666666666	0.019917001835204864	6	1	1	0	0.12376228009677721
AF_inner	healthy_vs_degenerated_severe	VEZF1	0.0	1.0	6	0	0	0	1.0
AF_inner	healthy_vs_degenerated_severe	CTBP2	0.0	1.0	12	0	0	0	1.0
AF_inner	healthy_vs_degenerated_severe	SOX6	0.0	1.0	19	0	0	0	1.0
AF_inner	healthy_vs_degenerated_severe	HIPK2	-0.125	0.02646914057077731	8	1	0	1	0.14512931580497576
AF_inner	healthy_vs_degenerated_severe	FOXA3	0.0	1.0	9	0	0	0	1.0
AF_inner	healthy_vs_degenerated_severe	RORC	0.0	1.0	8	0	0	0	1.0
AF_inner	healthy_vs_degenerated_severe	SIX3	0.0	1.0	5	0	0	0	1.0
AF_inner	healthy_vs_degenerated_severe	PPARD	0.011904761904761904	0.0027834957213629676	84	3	2	1	0.03676315103686938
AF_inner	healthy_vs_degenerated_severe	MECOM	0.0	1.0	18	0	0	0	1.0
AF_inner	healthy_vs_degenerated_severe	SIRT1	0.0	1.0	53	0	0	0	1.0
AF_inner	healthy_vs_degenerated_severe	ZBTB7B	0.0	1.0	14	0	0	0	1.0
AF_inner	healthy_vs_degenerated_severe	ZBTB7A	0.0	1.0	34	0	0	0	1.0
AF_inner	healthy_vs_degenerated_severe	NR6A1	0.0	1.0	9	0	0	0	1.0
AF_inner	healthy_vs_degenerated_severe	STAT2	0.02564102564102564	0.12270017226057807	39	1	1	0	0.37181870381993354
AF_inner	healthy_vs_degenerated_severe	ESRRG	0.0	1.0	20	0	0	0	1.0
AF_inner	healthy_vs_degenerated_severe	PRDM2	0.0	1.0	10	0	0	0	1.0
AF_inner	healthy_vs_degenerated_severe	PURA	0.0	1.0	16	0	0	0	1.0
AF_inner	healthy_vs_degenerated_severe	TBX1	0.0	1.0	9	0	0	0	1.0
AF_inner	healthy_vs_degenerated_severe	SALL2	0.0	1.0	5	0	0	0	1.0
AF_inner	healthy_vs_degenerated_severe	ATOH1	0.0	1.0	5	0	0	0	1.0
AF_inner	healthy_vs_degenerated_severe	NEUROD6	0.0	1.0	9	0	0	0	1.0
AF_inner	healthy_vs_degenerated_severe	NEUROG1	0.0	1.0	10	0	0	0	1.0
AF_inner	healthy_vs_degenerated_severe	NEUROG2	0.0	1.0	15	0	0	0	1.0
AF_inner	healthy_vs_degenerated_severe	AHRR	0.0	1.0	5	0	0	0	1.0
AF_inner	healthy_vs_degenerated_severe	HMGB2	0.0	1.0	9	0	0	0	1.0
AF_inner	healthy_vs_degenerated_severe	DLX3	0.07692307692307693	0.04266211454216199	13	1	1	0	0.2045443847911876
AF_inner	healthy_vs_degenerated_severe	TWIST2	0.030303030303030304	0.10483350269461889	33	1	1	0	0.33973820317700565
AF_inner	healthy_vs_degenerated_severe	TFAP4	0.0	1.0	35	0	0	0	1.0
AF_inner	healthy_vs_degenerated_severe	KAT6B	0.0	1.0	7	0	0	0	1.0
AF_inner	healthy_vs_degenerated_severe	SALL3	0.0	1.0	9	0	0	0	1.0
AF_inner	healthy_vs_degenerated_severe	MXI1	0.0	1.0	9	0	0	0	1.0
AF_inner	healthy_vs_degenerated_severe	E2F5	0.0	1.0	10	0	0	0	1.0
AF_inner	healthy_vs_degenerated_severe	E2F2	0.0	1.0	49	0	0	0	1.0
AF_inner	healthy_vs_degenerated_severe	FOXD3	0.0	1.0	14	0	0	0	1.0
AF_inner	healthy_vs_degenerated_severe	POU5F1	-0.014084507042253521	0.21224139820300222	71	1	0	1	0.5564381226295939
AF_inner	healthy_vs_degenerated_severe	PLAGL1	0.0	1.0	16	0	0	0	1.0
AF_inner	healthy_vs_degenerated_severe	SNAI2	0.0	1.0	44	0	0	0	1.0
AF_inner	healthy_vs_degenerated_severe	NOTCH1	0.0196078431372549	0.000657447573165852	51	3	2	1	0.015869424179865393
AF_inner	healthy_vs_degenerated_severe	FOXC2	0.0	1.0	17	0	0	0	1.0
AF_inner	healthy_vs_degenerated_severe	FOXD1	0.0	1.0	6	0	0	0	1.0
AF_inner	healthy_vs_degenerated_severe	KLF9	0.0	1.0	22	0	0	0	1.0
AF_inner	healthy_vs_degenerated_severe	TBPL2	0.0	1.0	8	0	0	0	1.0
AF_inner	healthy_vs_degenerated_severe	NFIL3	-0.045454545454545456	0.07114641024140925	22	1	0	1	0.2649068466435451
AF_inner	healthy_vs_degenerated_severe	ZNF384	0.05263157894736842	0.061745251063585055	19	1	1	0	0.24840043531327322
AF_inner	healthy_vs_degenerated_severe	HOXA11	0.0	1.0	6	0	0	0	1.0
AF_inner	healthy_vs_degenerated_severe	MEF2D	0.0	1.0	20	0	0	0	1.0
AF_inner	healthy_vs_degenerated_severe	SMAD5	0.0	0.005110379602549557	32	2	1	1	0.058643700357126065
AF_inner	healthy_vs_degenerated_severe	PBX2	0.0	1.0	8	0	0	0	1.0
AF_inner	healthy_vs_degenerated_severe	EMX2	0.0	1.0	7	0	0	0	1.0
AF_inner	healthy_vs_degenerated_severe	MLXIPL	0.0	1.0	14	0	0	0	1.0
AF_inner	healthy_vs_degenerated_severe	ZBTB33	0.0	1.0	10	0	0	0	1.0
AF_inner	healthy_vs_degenerated_severe	ETV2	0.0	1.0	7	0	0	0	1.0
AF_inner	healthy_vs_degenerated_severe	KLF15	0.05263157894736842	0.061745251063585055	19	1	1	0	0.24840043531327322
AF_inner	healthy_vs_degenerated_severe	DNMT3A	0.0	0.013577076804776388	53	2	1	1	0.10799947458344854
AF_inner	healthy_vs_degenerated_severe	DNMT3B	0.0	0.019978768072765465	65	2	1	1	0.12376228009677721
AF_inner	healthy_vs_degenerated_severe	OLIG1	0.0	1.0	5	0	0	0	1.0
AF_inner	healthy_vs_degenerated_severe	OLIG2	0.0	1.0	15	0	0	0	1.0
AF_inner	healthy_vs_degenerated_severe	RREB1	0.0	1.0	7	0	0	0	1.0
AF_inner	healthy_vs_degenerated_severe	ZNF202	0.0	1.0	6	0	0	0	1.0
AF_inner	healthy_vs_degenerated_severe	MAFG	0.0	1.0	9	0	0	0	1.0
AF_inner	healthy_vs_degenerated_severe	TEF	0.0	1.0	12	0	0	0	1.0
AF_inner	healthy_vs_degenerated_severe	HOXD13	0.058823529411764705	0.05542603218742347	17	1	1	0	0.23372423211564114
AF_inner	healthy_vs_degenerated_severe	ZKSCAN7	0.0	1.0	11	0	0	0	1.0
AF_inner	healthy_vs_degenerated_severe	BACH1	-0.06666666666666667	0.049065076752785236	15	1	0	1	0.22158421759322366
AF_inner	healthy_vs_degenerated_severe	MYT1	0.0	1.0	6	0	0	0	1.0
AF_inner	healthy_vs_degenerated_severe	ZNF160	0.0	1.0	5	0	0	0	1.0
AF_inner	healthy_vs_degenerated_severe	TEAD4	0.125	0.02646914057077731	8	1	1	0	0.14512931580497576
AF_inner	healthy_vs_degenerated_severe	GCM1	0.0	1.0	9	0	0	0	1.0
AF_inner	healthy_vs_degenerated_severe	BHLHE41	-0.045454545454545456	0.07114641024140925	22	1	0	1	0.2649068466435451
AF_inner	healthy_vs_degenerated_severe	MTA1	0.022727272727272728	0.1373215085297082	44	1	1	0	0.3988591534057914
AF_inner	healthy_vs_degenerated_severe	EHF	0.0	1.0	11	0	0	0	1.0
AF_inner	healthy_vs_degenerated_severe	TCF7L2	0.030927835051546393	1.7612673742909357e-05	97	5	4	1	0.001027405968336379
AF_inner	healthy_vs_degenerated_severe	VSX2	0.0	1.0	28	0	0	0	1.0
AF_inner	healthy_vs_degenerated_severe	TSC22D1	0.0	1.0	7	0	0	0	1.0
AF_inner	healthy_vs_degenerated_severe	SOX5	0.058823529411764705	0.05542603218742347	17	1	1	0	0.23372423211564114
AF_inner	healthy_vs_degenerated_severe	SOX2	-0.017857142857142856	0.17144458155589828	56	1	0	1	0.4687937776919094
AF_inner	healthy_vs_degenerated_severe	NKX3-2	0.0	1.0	7	0	0	0	1.0
AF_inner	healthy_vs_degenerated_severe	PAX9	0.0	1.0	8	0	0	0	1.0
AF_inner	healthy_vs_degenerated_severe	TCF21	0.0	1.0	9	0	0	0	1.0
AF_inner	healthy_vs_degenerated_severe	HIC1	0.0	0.002215120748596289	21	2	1	1	0.03445743386705338
AF_inner	healthy_vs_degenerated_severe	ZEB2	0.0	1.0	26	0	0	0	1.0
AF_inner	healthy_vs_degenerated_severe	ZNF335	0.0	1.0	7	0	0	0	1.0
AF_inner	healthy_vs_degenerated_severe	NONO	0.0	1.0	17	0	0	0	1.0
AF_inner	healthy_vs_degenerated_severe	CEBPZ	0.0	1.0	16	0	0	0	1.0
AF_inner	healthy_vs_degenerated_severe	SIX1	0.0	1.0	10	0	0	0	1.0
AF_inner	healthy_vs_degenerated_severe	NFIX	0.0	1.0	21	0	0	0	1.0
AF_inner	healthy_vs_degenerated_severe	MNT	0.0	1.0	10	0	0	0	1.0
AF_inner	healthy_vs_degenerated_severe	KDM5D	0.0	1.0	5	0	0	0	1.0
AF_inner	healthy_vs_degenerated_severe	TBX6	0.0	1.0	8	0	0	0	1.0
AF_inner	healthy_vs_degenerated_severe	HOXA1	0.0	1.0	23	0	0	0	1.0
AF_inner	healthy_vs_degenerated_severe	BCL11B	0.0	1.0	20	0	0	0	1.0
AF_inner	healthy_vs_degenerated_severe	RXRB	0.0	1.0	11	0	0	0	1.0
AF_inner	healthy_vs_degenerated_severe	E2F6	0.0	1.0	37	0	0	0	1.0
AF_inner	healthy_vs_degenerated_severe	HOXA13	0.0	1.0	13	0	0	0	1.0
AF_inner	healthy_vs_degenerated_severe	KAT6A	0.0	1.0	12	0	0	0	1.0
AF_inner	healthy_vs_degenerated_severe	GFI1	0.0	1.0	43	0	0	0	1.0
AF_inner	healthy_vs_degenerated_severe	RUNX3	0.0	1.0	56	0	0	0	1.0
AF_inner	healthy_vs_degenerated_severe	GLI1	0.006711409395973154	0.013557529649655023	149	3	2	1	0.10799947458344854
AF_inner	healthy_vs_degenerated_severe	KLF8	0.0	1.0	19	0	0	0	1.0
AF_inner	healthy_vs_degenerated_severe	HIF3A	-0.16666666666666666	0.019917001835204864	6	1	0	1	0.12376228009677721
AF_inner	healthy_vs_degenerated_severe	BHLHA15	0.0	1.0	12	0	0	0	1.0
AF_inner	healthy_vs_degenerated_severe	MEOX2	0.0	1.0	6	0	0	0	1.0
AF_inner	healthy_vs_degenerated_severe	JARID2	0.0	1.0	12	0	0	0	1.0
AF_inner	healthy_vs_degenerated_severe	NFYC	-0.05	0.06488929326906862	20	1	0	1	0.2580824164110683
AF_inner	healthy_vs_degenerated_severe	GFI1B	0.0	1.0	10	0	0	0	1.0
AF_inner	healthy_vs_degenerated_severe	ASCL2	0.0	1.0	8	0	0	0	1.0
AF_inner	healthy_vs_degenerated_severe	MSC	0.0	1.0	23	0	0	0	1.0
AF_inner	healthy_vs_degenerated_severe	HOXB9	0.16666666666666666	0.019917001835204864	6	1	1	0	0.12376228009677721
AF_inner	healthy_vs_degenerated_severe	HLX	0.0	1.0	13	0	0	0	1.0
AF_inner	healthy_vs_degenerated_severe	RCOR2	0.0	1.0	13	0	0	0	1.0
AF_inner	healthy_vs_degenerated_severe	NKX2-2	0.0	1.0	12	0	0	0	1.0
AF_inner	healthy_vs_degenerated_severe	ARID4A	0.0	1.0	6	0	0	0	1.0
AF_inner	healthy_vs_degenerated_severe	HINFP	0.0	1.0	10	0	0	0	1.0
AF_inner	healthy_vs_degenerated_severe	SMARCC1	0.0	1.0	7	0	0	0	1.0
AF_inner	healthy_vs_degenerated_severe	KAT2B	0.0	1.0	14	0	0	0	1.0
AF_inner	healthy_vs_degenerated_severe	ZNF219	0.0	1.0	5	0	0	0	1.0
AF_inner	healthy_vs_degenerated_severe	HDGF	0.16666666666666666	0.019917001835204864	6	1	1	0	0.12376228009677721
AF_inner	healthy_vs_degenerated_severe	EP300	0.03389830508474576	0.01664475299754611	59	2	2	0	0.11651327098282277
AF_inner	healthy_vs_degenerated_severe	TRPS1	0.06666666666666667	0.049065076752785236	15	1	1	0	0.22158421759322366
AF_inner	healthy_vs_degenerated_severe	CTNNB1	0.011320754716981131	2.6943524152738888e-05	265	7	5	2	0.0014508051466859402
AF_inner	healthy_vs_degenerated_severe	PML	0.0	1.0	16	0	0	0	1.0
AF_inner	healthy_vs_degenerated_severe	KLF7	0.0	1.0	9	0	0	0	1.0
AF_inner	healthy_vs_degenerated_severe	PROP1	0.0	1.0	7	0	0	0	1.0
AF_inner	healthy_vs_degenerated_severe	LMO2	-0.041666666666666664	0.07736245876842032	24	1	0	1	0.2777113904507396
AF_inner	healthy_vs_degenerated_severe	TBX20	0.0	1.0	6	0	0	0	1.0
AF_inner	healthy_vs_degenerated_severe	MEOX1	0.0	1.0	7	0	0	0	1.0
AF_inner	healthy_vs_degenerated_severe	FOXL2	-0.05263157894736842	0.061745251063585055	19	1	0	1	0.24840043531327322
AF_inner	healthy_vs_degenerated_severe	HTATIP2	-0.0625	0.0522507883884543	16	1	0	1	0.22717734081936652
AF_inner	healthy_vs_degenerated_severe	EZH2	0.0078125	0.3500641771769377	128	1	1	0	0.8598067509608996
AF_inner	healthy_vs_degenerated_severe	GLI2	0.008	0.343440461717034	125	1	1	0	0.8465081802884641
AF_inner	healthy_vs_degenerated_severe	TCF7	0.125	0.0012794022177493268	16	2	2	0	0.02238953881061322
AF_inner	healthy_vs_degenerated_severe	FOXC1	0.0	1.0	15	0	0	0	1.0
AF_inner	healthy_vs_degenerated_severe	HOXB13	0.0	1.0	10	0	0	0	1.0
AF_inner	healthy_vs_degenerated_severe	ABL1	0.0	1.0	10	0	0	0	1.0
AF_inner	healthy_vs_degenerated_severe	TBX3	0.0	1.0	20	0	0	0	1.0
AF_inner	healthy_vs_degenerated_severe	HNF4G	0.0	1.0	8	0	0	0	1.0
AF_inner	healthy_vs_degenerated_severe	NFKBIZ	0.0	1.0	6	0	0	0	1.0
AF_inner	healthy_vs_degenerated_severe	PLAGL2	0.0	1.0	8	0	0	0	1.0
AF_inner	healthy_vs_degenerated_severe	TET1	0.0	1.0	13	0	0	0	1.0
AF_inner	healthy_vs_degenerated_severe	FOXH1	0.0	1.0	12	0	0	0	1.0
AF_inner	healthy_vs_degenerated_severe	FOXP3	0.0	0.006789139784457624	37	2	1	1	0.06789139784457625
AF_inner	healthy_vs_degenerated_severe	IKZF4	0.0	1.0	5	0	0	0	1.0
AF_inner	healthy_vs_degenerated_severe	HOXA2	0.0	1.0	7	0	0	0	1.0
AF_inner	healthy_vs_degenerated_severe	MLX	0.0	1.0	5	0	0	0	1.0
AF_inner	healthy_vs_degenerated_severe	CREB3L1	0.0	1.0	10	0	0	0	1.0
AF_inner	healthy_vs_degenerated_severe	TFDP3	0.0	1.0	5	0	0	0	1.0
AF_inner	healthy_vs_degenerated_severe	SP7	0.0625	0.005110379602549557	32	2	2	0	0.058643700357126065
AF_inner	healthy_vs_degenerated_severe	OVOL1	0.0	1.0	8	0	0	0	1.0
AF_inner	healthy_vs_degenerated_severe	ZNF436	0.0	1.0	7	0	0	0	1.0
AF_inner	healthy_vs_degenerated_severe	ATF7	0.0	1.0	7	0	0	0	1.0
AF_inner	healthy_vs_degenerated_severe	HOXB3	0.0	1.0	6	0	0	0	1.0
AF_inner	healthy_vs_degenerated_severe	SCX	0.0	1.0	11	0	0	0	1.0
AF_inner	healthy_vs_degenerated_severe	NANOG	0.0	1.0	44	0	0	0	1.0
AF_inner	healthy_vs_degenerated_severe	ARX	0.05263157894736842	0.061745251063585055	19	1	1	0	0.24840043531327322
AF_inner	healthy_vs_degenerated_severe	VHL	-0.043478260869565216	0.07425955150260465	23	1	0	1	0.2707379481865794
AF_inner	healthy_vs_degenerated_severe	SOX4	0.0	1.0	22	0	0	0	1.0
AF_inner	healthy_vs_degenerated_severe	SMAD9	0.2	0.016624733365917434	5	1	1	0	0.11651327098282277
AF_inner	healthy_vs_degenerated_severe	ATF5	0.0	1.0	29	0	0	0	1.0
AF_inner	healthy_vs_degenerated_severe	CTCFL	0.0	1.0	10	0	0	0	1.0
AF_inner	healthy_vs_degenerated_severe	SP6	0.0	1.0	6	0	0	0	1.0
AF_inner	healthy_vs_degenerated_severe	SMARCA5	0.0	1.0	8	0	0	0	1.0
AF_inner	healthy_vs_degenerated_severe	EOMES	0.0	1.0	18	0	0	0	1.0
AF_inner	healthy_vs_degenerated_severe	LMO4	0.0	1.0	5	0	0	0	1.0
AF_inner	healthy_vs_degenerated_severe	TLX3	0.0	1.0	5	0	0	0	1.0
AF_inner	healthy_vs_degenerated_severe	ESRRB	0.0	1.0	9	0	0	0	1.0
AF_inner	healthy_vs_degenerated_severe	AEBP1	0.0	1.0	5	0	0	0	1.0
AF_inner	healthy_vs_degenerated_severe	LHX1	0.0	1.0	6	0	0	0	1.0
AF_inner	healthy_vs_degenerated_severe	ZXDC	0.0	1.0	6	0	0	0	1.0
AF_inner	healthy_vs_degenerated_severe	SPIC	0.0	1.0	7	0	0	0	1.0
AF_inner	healthy_vs_degenerated_severe	SALL1	0.2	0.016624733365917434	5	1	1	0	0.11651327098282277
AF_inner	healthy_vs_degenerated_severe	NR2E1	0.07692307692307693	0.04266211454216199	13	1	1	0	0.2045443847911876
AF_inner	healthy_vs_degenerated_severe	ZFP42	0.0	1.0	13	0	0	0	1.0
AF_inner	healthy_vs_degenerated_severe	HOXD4	0.0	1.0	6	0	0	0	1.0
AF_inner	healthy_vs_degenerated_severe	FOXF1	0.0	1.0	5	0	0	0	1.0
AF_inner	healthy_vs_degenerated_severe	MLXIP	0.0	1.0	5	0	0	0	1.0
AF_inner	healthy_vs_degenerated_severe	KMT2B	0.0	1.0	13	0	0	0	1.0
AF_inner	healthy_vs_degenerated_severe	NFIB	0.0	1.0	20	0	0	0	1.0
AF_inner	healthy_vs_degenerated_severe	EBF3	0.0	1.0	8	0	0	0	1.0
AF_inner	healthy_vs_degenerated_severe	EN1	0.0	1.0	9	0	0	0	1.0
AF_inner	healthy_vs_degenerated_severe	MTA3	0.0	1.0	11	0	0	0	1.0
AF_inner	healthy_vs_degenerated_severe	TBX18	0.0	1.0	10	0	0	0	1.0
AF_inner	healthy_vs_degenerated_severe	PRDM4	0.0	1.0	6	0	0	0	1.0
AF_inner	healthy_vs_degenerated_severe	MEIS2	0.0	1.0	7	0	0	0	1.0
AF_inner	healthy_vs_degenerated_severe	EGR4	0.0	1.0	13	0	0	0	1.0
AF_inner	healthy_vs_degenerated_severe	HSF4	0.0	1.0	10	0	0	0	1.0
AF_inner	healthy_vs_degenerated_severe	DLX1	0.0	1.0	7	0	0	0	1.0
AF_inner	healthy_vs_degenerated_severe	BCLAF1	0.0	1.0	8	0	0	0	1.0
AF_inner	healthy_vs_degenerated_severe	KDM5C	0.0	1.0	12	0	0	0	1.0
AF_inner	healthy_vs_degenerated_severe	AIP	0.0	1.0	5	0	0	0	1.0
AF_inner	healthy_vs_degenerated_severe	PTF1A	0.0	1.0	9	0	0	0	1.0
AF_inner	healthy_vs_degenerated_severe	FOSL2	0.029411764705882353	0.10783586710766573	34	1	1	0	0.3431141226153
AF_inner	healthy_vs_degenerated_severe	MED1	0.0	1.0	13	0	0	0	1.0
AF_inner	healthy_vs_degenerated_severe	SON	0.0	1.0	5	0	0	0	1.0
AF_inner	healthy_vs_degenerated_severe	LYL1	0.0	1.0	12	0	0	0	1.0
AF_inner	healthy_vs_degenerated_severe	GLIS3	0.0	1.0	5	0	0	0	1.0
AF_inner	healthy_vs_degenerated_severe	HOXD1	0.0	1.0	5	0	0	0	1.0
AF_inner	healthy_vs_degenerated_severe	SALL4	0.0	1.0	19	0	0	0	1.0
AF_inner	healthy_vs_degenerated_severe	KDM5B	0.0	1.0	31	0	0	0	1.0
AF_inner	healthy_vs_degenerated_severe	TADA2A	0.0	1.0	7	0	0	0	1.0
AF_inner	healthy_vs_degenerated_severe	ARID5B	0.0	1.0	8	0	0	0	1.0
AF_inner	healthy_vs_degenerated_severe	FEZF1	0.0	1.0	6	0	0	0	1.0
AF_inner	healthy_vs_degenerated_severe	SATB2	0.0	0.0026573024951103206	23	2	1	1	0.03676315103686938
AF_inner	healthy_vs_degenerated_severe	NSD2	0.0	1.0	7	0	0	0	1.0
AF_inner	healthy_vs_degenerated_severe	PBRM1	0.0	1.0	8	0	0	0	1.0
AF_inner	healthy_vs_degenerated_severe	ZBTB4	0.0	1.0	13	0	0	0	1.0
AF_inner	healthy_vs_degenerated_severe	THAP11	0.0	1.0	6	0	0	0	1.0
AF_inner	healthy_vs_degenerated_severe	FOXJ1	0.0	1.0	14	0	0	0	1.0
AF_inner	healthy_vs_degenerated_severe	SHOX2	0.0	1.0	5	0	0	0	1.0
AF_inner	healthy_vs_degenerated_severe	TOX3	0.0	1.0	6	0	0	0	1.0
AF_inner	healthy_vs_degenerated_severe	PPARGC1A	0.0	1.0	24	0	0	0	1.0
AF_inner	healthy_vs_degenerated_severe	SOX3	0.0	1.0	5	0	0	0	1.0
AF_inner	healthy_vs_degenerated_severe	BATF	0.0	1.0	12	0	0	0	1.0
AF_inner	healthy_vs_degenerated_severe	ARID3B	0.0	1.0	5	0	0	0	1.0
AF_inner	healthy_vs_degenerated_severe	ZNF300	0.0	1.0	7	0	0	0	1.0
AF_inner	healthy_vs_degenerated_severe	NUPR1	0.0	1.0	6	0	0	0	1.0
AF_inner	healthy_vs_degenerated_severe	CREB3L3	0.0	1.0	5	0	0	0	1.0
AF_inner	healthy_vs_degenerated_severe	ZNF331	0.0	1.0	17	0	0	0	1.0
AF_inner	healthy_vs_degenerated_severe	RFX3	0.0	1.0	5	0	0	0	1.0
AF_inner	healthy_vs_degenerated_severe	ZNF382	-0.18181818181818182	0.0005927089525467331	11	2	0	2	0.014817723813668327
AF_inner	healthy_vs_degenerated_severe	HOXD8	0.0	1.0	5	0	0	0	1.0
AF_inner	healthy_vs_degenerated_severe	LHX8	0.0	1.0	10	0	0	0	1.0
AF_inner	healthy_vs_degenerated_severe	GRHL2	0.0	1.0	6	0	0	0	1.0
AF_inner	healthy_vs_degenerated_severe	IRX1	0.0625	0.0522507883884543	16	1	1	0	0.22717734081936652
AF_inner	healthy_vs_degenerated_severe	SOX11	0.0	1.0	11	0	0	0	1.0
AF_inner	healthy_vs_degenerated_severe	IRF6	0.14285714285714285	0.0009743787414985999	14	2	2	0	0.019487574829971998
AF_inner	healthy_vs_degenerated_severe	E2F7	0.16666666666666666	0.019917001835204864	6	1	1	0	0.12376228009677721
AF_inner	healthy_vs_degenerated_severe	HEYL	0.0	1.0	5	0	0	0	1.0
AF_inner	healthy_vs_degenerated_severe	MECP2	0.0	1.0	26	0	0	0	1.0
AF_inner	healthy_vs_degenerated_severe	VENTX	0.0	1.0	5	0	0	0	1.0
AF_inner	healthy_vs_degenerated_severe	MAML1	0.0	1.0	5	0	0	0	1.0
AF_inner	healthy_vs_degenerated_severe	DMAP1	0.0	1.0	5	0	0	0	1.0
AF_inner	healthy_vs_degenerated_severe	LMX1A	0.2	0.016624733365917434	5	1	1	0	0.11651327098282277
AF_inner	healthy_vs_degenerated_severe	DOT1L	0.0	1.0	8	0	0	0	1.0
AF_inner	healthy_vs_degenerated_severe	ARID3A	0.0	1.0	6	0	0	0	1.0
AF_inner	healthy_vs_degenerated_severe	ARID1A	0.0	1.0	7	0	0	0	1.0
AF_inner	healthy_vs_degenerated_severe	ZBTB18	0.0	1.0	8	0	0	0	1.0
AF_inner	healthy_vs_degenerated_severe	ZNF804A	0.0	1.0	8	0	0	0	1.0
AF_inner	healthy_vs_degenerated_severe	TCF15	0.0	1.0	5	0	0	0	1.0
AF_inner	healthy_vs_degenerated_severe	NPM1	0.0	1.0	12	0	0	0	1.0
AF_inner	healthy_vs_degenerated_severe	SETBP1	-0.2	0.016624733365917434	5	1	0	1	0.11651327098282277
AF_inner	healthy_vs_degenerated_severe	KDM2A	0.0	1.0	10	0	0	0	1.0
AF_inner	healthy_vs_degenerated_severe	MKX	0.0	1.0	6	0	0	0	1.0
AF_inner	healthy_vs_degenerated_severe	ZFX	0.0	1.0	5	0	0	0	1.0
AF_inner	healthy_vs_degenerated_severe	KLF17	0.0	1.0	5	0	0	0	1.0
AF_inner	healthy_vs_degenerated_severe	HOXA4	0.0	1.0	5	0	0	0	1.0
AF_inner	healthy_vs_degenerated_severe	HDAC3	0.045454545454545456	0.07114641024140925	22	1	1	0	0.2649068466435451
AF_inner	healthy_vs_degenerated_severe	ASXL1	0.0	1.0	5	0	0	0	1.0
AF_inner	healthy_vs_degenerated_severe	BTG2	0.0	1.0	6	0	0	0	1.0
AF_inner	healthy_vs_degenerated_severe	CHD4	0.0	1.0	5	0	0	0	1.0
AF_inner	healthy_vs_degenerated_severe	CREB5	0.0	1.0	12	0	0	0	1.0
AF_inner	healthy_vs_degenerated_severe	CTBP1	0.0	1.0	9	0	0	0	1.0
AF_inner	healthy_vs_degenerated_severe	DACH1	0.16666666666666666	0.019917001835204864	6	1	1	0	0.12376228009677721
AF_inner	healthy_vs_degenerated_severe	HDAC1	0.02857142857142857	0.02295233080772553	70	2	2	0	0.13532434592374132
AF_inner	healthy_vs_degenerated_severe	HCFC1	0.0	1.0	7	0	0	0	1.0
AF_inner	healthy_vs_degenerated_severe	ETV7	0.0	1.0	9	0	0	0	1.0
AF_inner	healthy_vs_degenerated_severe	FHL2	0.0	1.0	7	0	0	0	1.0
AF_inner	healthy_vs_degenerated_severe	HDAC4	0.047619047619047616	4.506906201198081e-05	21	3	2	1	0.0019717714630241604
AF_inner	healthy_vs_degenerated_severe	HDAC5	0.125	0.02646914057077731	8	1	1	0	0.14512931580497576
AF_inner	healthy_vs_degenerated_severe	HDAC7	0.0	1.0	12	0	0	0	1.0
AF_inner	healthy_vs_degenerated_severe	HDAC9	0.0	1.0	18	0	0	0	1.0
AF_inner	healthy_vs_degenerated_severe	ING4	-0.07142857142857142	0.04586886344990534	14	1	0	1	0.21405469609955827
AF_inner	healthy_vs_degenerated_severe	MYOCD	0.0	1.0	6	0	0	0	1.0
AF_inner	healthy_vs_degenerated_severe	PAWR	0.0	1.0	5	0	0	0	1.0
AF_inner	healthy_vs_degenerated_severe	SIN3A	0.0	1.0	9	0	0	0	1.0
AF_inner	healthy_vs_degenerated_severe	SMARCA4	0.0	1.0	10	0	0	0	1.0
AF_inner	healthy_vs_degenerated_severe	SMARCB1	0.0	1.0	5	0	0	0	1.0
AF_inner	healthy_vs_degenerated_severe	TRIM28	0.0	1.0	5	0	0	0	1.0
AF_inner	healthy_vs_degenerated_severe	WWTR1	0.0	1.0	9	0	0	0	1.0
AF_inner	healthy_vs_degenerated_severe	PIN1	0.0	1.0	5	0	0	0	1.0
AF_inner	healthy_vs_degenerated_severe	FGF2	0.1	0.032978313199114664	10	1	1	0	0.16607783625453426
AF_inner	healthy_vs_degenerated_severe	PARK7	0.0	1.0	8	0	0	0	1.0
AF_inner	healthy_vs_degenerated_severe	YAP1	0.0	1.0	9	0	0	0	1.0
AF_inner	healthy_vs_degenerated_severe	BCOR	0.0	1.0	7	0	0	0	1.0
AF_inner	healthy_vs_degenerated_severe	BRD4	0.0	1.0	10	0	0	0	1.0
AF_inner	healthy_vs_degenerated_severe	SRSF2	0.0	1.0	12	0	0	0	1.0
AF_inner	healthy_vs_degenerated_severe	ZMYND8	-0.14285714285714285	0.0231984593012128	7	1	0	1	0.13532434592374132
AF_inner	healthy_vs_degenerated_severe	ARID4B	-0.08333333333333333	0.03944479598442866	12	1	0	1	0.19331644497186543
AF_inner	healthy_vs_degenerated_severe	AP1	0.01583710407239819	1.840756473869699e-07	442	11	9	2	1.840756473869699e-05
AF_inner	healthy_vs_degenerated_severe	NFKB	0.020249221183800622	1.607360265326788e-09	642	15	14	1	5.625760928643759e-07
AF_outer	healthy_vs_degenerated_all	MYC	0.0	1.0	781	0	0	0	1.0
AF_outer	healthy_vs_degenerated_all	SPI1	0.0	1.0	250	0	0	0	1.0
AF_outer	healthy_vs_degenerated_all	SMAD3	0.0	0.0012933727736761096	146	2	1	1	0.12915250982851437
AF_outer	healthy_vs_degenerated_all	SMAD4	0.0	1.0	109	0	0	0	1.0
AF_outer	healthy_vs_degenerated_all	STAT5A	0.0	1.0	165	0	0	0	1.0
AF_outer	healthy_vs_degenerated_all	STAT5B	-0.012048192771084338	0.031755542375588225	83	1	0	1	0.5340940219963164
AF_outer	healthy_vs_degenerated_all	RELA	-0.0022988505747126436	0.00041406792792585237	435	3	1	2	0.09844863530144835
AF_outer	healthy_vs_degenerated_all	WT1	0.0	1.0	127	0	0	0	1.0
AF_outer	healthy_vs_degenerated_all	NR0B2	0.011235955056179775	0.034018161924701924	89	1	1	0	0.5340940219963164
AF_outer	healthy_vs_degenerated_all	SP1	-0.0009541984732824427	0.005302707005526086	1048	3	1	2	0.25240292216428817
AF_outer	healthy_vs_degenerated_all	TP53	-0.001183431952662722	0.28605062322161107	845	1	0	1	1.0
AF_outer	healthy_vs_degenerated_all	ZBTB16	0.0	1.0	43	0	0	0	1.0
AF_outer	healthy_vs_degenerated_all	ETV6	0.0	1.0	21	0	0	0	1.0
AF_outer	healthy_vs_degenerated_all	RUNX1	0.0	1.0	150	0	0	0	1.0
AF_outer	healthy_vs_degenerated_all	STAT1	0.0	0.003618930412322636	246	2	1	1	0.22996657801941114
AF_outer	healthy_vs_degenerated_all	STAT3	0.0	0.007044179530831893	346	2	1	1	0.28964008776773487
AF_outer	healthy_vs_degenerated_all	ETV4	0.0	1.0	55	0	0	0	1.0
AF_outer	healthy_vs_degenerated_all	MTF1	0.0	1.0	29	0	0	0	1.0
AF_outer	healthy_vs_degenerated_all	CREB1	-0.002824858757062147	0.12965143072850982	354	1	0	1	1.0
AF_outer	healthy_vs_degenerated_all	FOXA2	0.0	1.0	78	0	0	0	1.0
AF_outer	healthy_vs_degenerated_all	NFATC2	0.0	1.0	59	0	0	0	1.0
AF_outer	healthy_vs_degenerated_all	CEBPB	0.0	1.0	352	0	0	0	1.0
AF_outer	healthy_vs_degenerated_all	FOS	0.0	1.0	252	0	0	0	1.0
AF_outer	healthy_vs_degenerated_all	PLAG1	0.0	1.0	8	0	0	0	1.0
AF_outer	healthy_vs_degenerated_all	E2F1	0.003472222222222222	0.10660561076077836	288	1	1	0	1.0
AF_outer	healthy_vs_degenerated_all	E2F3	0.0	1.0	66	0	0	0	1.0
AF_outer	healthy_vs_degenerated_all	HBP1	0.0	1.0	38	0	0	0	1.0
AF_outer	healthy_vs_degenerated_all	YY1	0.0	1.0	196	0	0	0	1.0
AF_outer	healthy_vs_degenerated_all	ESR1	-0.00196078431372549	0.18216108578484275	510	1	0	1	1.0
AF_outer	healthy_vs_degenerated_all	JUN	-0.004048582995951417	0.014005792250910564	494	2	0	2	0.3916019513354594
AF_outer	healthy_vs_degenerated_all	NR1I3	0.0	1.0	41	0	0	0	1.0
AF_outer	healthy_vs_degenerated_all	CEBPG	0.0	0.0012758760575584038	145	2	1	1	0.12915250982851437
AF_outer	healthy_vs_degenerated_all	MAFK	0.0	1.0	19	0	0	0	1.0
AF_outer	healthy_vs_degenerated_all	NFE2L3	0.0	1.0	6	0	0	0	1.0
AF_outer	healthy_vs_degenerated_all	PHOX2A	0.0	1.0	8	0	0	0	1.0
AF_outer	healthy_vs_degenerated_all	STAT4	0.05	0.007730178003917861	20	1	1	0	0.3001885791521436
AF_outer	healthy_vs_degenerated_all	IRF1	0.0	1.0	126	0	0	0	1.0
AF_outer	healthy_vs_degenerated_all	ATF2	0.0	1.0	97	0	0	0	1.0
AF_outer	healthy_vs_degenerated_all	NR2C2	0.0	1.0	49	0	0	0	1.0
AF_outer	healthy_vs_degenerated_all	IRF3	-0.01694915254237288	0.022660848032027864	59	1	0	1	0.5109655733673379
AF_outer	healthy_vs_degenerated_all	TFAP2A	-0.004032258064516129	0.09239260528558041	248	1	0	1	1.0
AF_outer	healthy_vs_degenerated_all	HNF1A	-0.0136986301369863	0.027974695898357573	73	1	0	1	0.5340940219963164
AF_outer	healthy_vs_degenerated_all	ETS1	0.0	1.0	170	0	0	0	1.0
AF_outer	healthy_vs_degenerated_all	ARNT	0.0	1.0	58	0	0	0	1.0
AF_outer	healthy_vs_degenerated_all	AHR	0.0	1.0	143	0	0	0	1.0
AF_outer	healthy_vs_degenerated_all	PAX6	0.0	1.0	114	0	0	0	1.0
AF_outer	healthy_vs_degenerated_all	NFYA	0.0	1.0	82	0	0	0	1.0
AF_outer	healthy_vs_degenerated_all	ZNF148	0.0	1.0	23	0	0	0	1.0
AF_outer	healthy_vs_degenerated_all	NFIC	0.0	1.0	63	0	0	0	1.0
AF_outer	healthy_vs_degenerated_all	RBPJ	0.0	1.0	110	0	0	0	1.0
AF_outer	healthy_vs_degenerated_all	HES1	0.0	1.0	71	0	0	0	1.0
AF_outer	healthy_vs_degenerated_all	GATA4	0.0	1.0	90	0	0	0	1.0
AF_outer	healthy_vs_degenerated_all	GATA6	0.0	1.0	57	0	0	0	1.0
AF_outer	healthy_vs_degenerated_all	HNF4A	-0.005319148936170213	0.07072010688119586	188	1	0	1	0.9327048058482247
AF_outer	healthy_vs_degenerated_all	RXRG	0.0	1.0	6	0	0	0	1.0
AF_outer	healthy_vs_degenerated_all	RARA	0.0	1.0	142	0	0	0	1.0
AF_outer	healthy_vs_degenerated_all	DBP	-0.041666666666666664	0.009270222066863716	24	1	0	1	0.3067631938828132
AF_outer	healthy_vs_degenerated_all	HLF	0.0	1.0	13	0	0	0	1.0
AF_outer	healthy_vs_degenerated_all	PPARG	0.00684931506849315	0.005061592814038235	292	2	2	0	0.25240292216428817
AF_outer	healthy_vs_degenerated_all	MAX	0.0	1.0	44	0	0	0	1.0
AF_outer	healthy_vs_degenerated_all	USF2	-0.011627906976744186	0.03288740356022732	86	1	0	1	0.5340940219963164
AF_outer	healthy_vs_degenerated_all	IRF2	0.0	1.0	47	0	0	0	1.0
AF_outer	healthy_vs_degenerated_all	SP3	0.005847953216374269	0.006886805904777925	342	2	2	0	0.28964008776773487
AF_outer	healthy_vs_degenerated_all	AR	0.0	1.0	420	0	0	0	1.0
AF_outer	healthy_vs_degenerated_all	CUX1	0.01098901098901099	0.034771388581089385	91	1	1	0	0.5340940219963164
AF_outer	healthy_vs_degenerated_all	ATF1	0.0	1.0	69	0	0	0	1.0
AF_outer	healthy_vs_degenerated_all	KAT7	-0.015625	0.024561422733965377	64	1	0	1	0.5282992822770726
AF_outer	healthy_vs_degenerated_all	CREBZF	0.0	1.0	12	0	0	0	1.0
AF_outer	healthy_vs_degenerated_all	GLI3	0.0	1.0	35	0	0	0	1.0
AF_outer	healthy_vs_degenerated_all	NKX2-5	0.0	1.0	52	0	0	0	1.0
AF_outer	healthy_vs_degenerated_all	TGFB1I1	0.0	1.0	12	0	0	0	1.0
AF_outer	healthy_vs_degenerated_all	RARB	0.0	1.0	45	0	0	0	1.0
AF_outer	healthy_vs_degenerated_all	RARG	0.0	1.0	33	0	0	0	1.0
AF_outer	healthy_vs_degenerated_all	TEAD1	0.0	1.0	16	0	0	0	1.0
AF_outer	healthy_vs_degenerated_all	PPARA	-0.004807692307692308	0.0779916684994988	208	1	0	1	1.0
AF_outer	healthy_vs_degenerated_all	ESR2	0.0	1.0	170	0	0	0	1.0
AF_outer	healthy_vs_degenerated_all	NR3C1	-0.004651162790697674	0.08052548559562137	215	1	0	1	1.0
AF_outer	healthy_vs_degenerated_all	PGR	-0.009009009009009009	0.04227677430523074	111	1	0	1	0.6211017390867681
AF_outer	healthy_vs_degenerated_all	NRG1	0.0	1.0	30	0	0	0	1.0
AF_outer	healthy_vs_degenerated_all	TBP	0.0	1.0	125	0	0	0	1.0
AF_outer	healthy_vs_degenerated_all	REL	0.0	1.0	81	0	0	0	1.0
AF_outer	healthy_vs_degenerated_all	ISL1	0.0	1.0	23	0	0	0	1.0
AF_outer	healthy_vs_degenerated_all	ZBTB14	0.0	1.0	6	0	0	0	1.0
AF_outer	healthy_vs_degenerated_all	MYB	0.0	1.0	142	0	0	0	1.0
AF_outer	healthy_vs_degenerated_all	PITX1	0.0	1.0	26	0	0	0	1.0
AF_outer	healthy_vs_degenerated_all	EGR1	-0.0033112582781456954	0.11153612841433176	302	1	0	1	1.0
AF_outer	healthy_vs_degenerated_all	MYOD1	-0.008928571428571428	0.04265076319909138	112	1	0	1	0.6211017390867681
AF_outer	healthy_vs_degenerated_all	ETS2	0.0	1.0	86	0	0	0	1.0
AF_outer	healthy_vs_degenerated_all	GTF2I	0.0	1.0	20	0	0	0	1.0
AF_outer	healthy_vs_degenerated_all	NR2F1	0.0	1.0	43	0	0	0	1.0
AF_outer	healthy_vs_degenerated_all	ENO1	0.0	1.0	15	0	0	0	1.0
AF_outer	healthy_vs_degenerated_all	JDP2	0.0	1.0	31	0	0	0	1.0
AF_outer	healthy_vs_degenerated_all	MAZ	0.0	1.0	30	0	0	0	1.0
AF_outer	healthy_vs_degenerated_all	NR4A1	0.0	1.0	79	0	0	0	1.0
AF_outer	healthy_vs_degenerated_all	HMGA1	-0.018518518518518517	0.020757188382918484	54	1	0	1	0.5003198165400007
AF_outer	healthy_vs_degenerated_all	NFKB1	-0.0030303030303030303	0.00018320057104241467	330	3	1	2	0.09844863530144835
AF_outer	healthy_vs_degenerated_all	USF1	0.005952380952380952	0.06340081770194171	168	1	1	0	0.8670525521876484
AF_outer	healthy_vs_degenerated_all	DDIT3	0.0	1.0	84	0	0	0	1.0
AF_outer	healthy_vs_degenerated_all	ATF4	0.0	1.0	109	0	0	0	1.0
AF_outer	healthy_vs_degenerated_all	ATF3	0.010869565217391304	0.035147818328799076	92	1	1	0	0.5340940219963164
AF_outer	healthy_vs_degenerated_all	TAF1	0.0	1.0	38	0	0	0	1.0
AF_outer	healthy_vs_degenerated_all	RUNX2	0.0	1.0	99	0	0	0	1.0
AF_outer	healthy_vs_degenerated_all	TFAP2B	0.0	1.0	18	0	0	0	1.0
AF_outer	healthy_vs_degenerated_all	CREM	0.0	1.0	60	0	0	0	1.0
AF_outer	healthy_vs_degenerated_all	IRF8	0.0	1.0	49	0	0	0	1.0
AF_outer	healthy_vs_degenerated_all	ETV5	0.0	1.0	16	0	0	0	1.0
AF_outer	healthy_vs_degenerated_all	DMTF1	0.0	1.0	16	0	0	0	1.0
AF_outer	healthy_vs_degenerated_all	NR5A1	0.0	1.0	71	0	0	0	1.0
AF_outer	healthy_vs_degenerated_all	NEUROD2	0.0	1.0	9	0	0	0	1.0
AF_outer	healthy_vs_degenerated_all	NEUROD1	0.0	1.0	45	0	0	0	1.0
AF_outer	healthy_vs_degenerated_all	HHEX	0.0	1.0	22	0	0	0	1.0
AF_outer	healthy_vs_degenerated_all	FOXO3	0.0	1.0	174	0	0	0	1.0
AF_outer	healthy_vs_degenerated_all	MBD1	0.0	1.0	14	0	0	0	1.0
AF_outer	healthy_vs_degenerated_all	CEBPD	-0.014492753623188406	0.02645891648943993	69	1	0	1	0.5340940219963164
AF_outer	healthy_vs_degenerated_all	ELK1	0.0	1.0	51	0	0	0	1.0
AF_outer	healthy_vs_degenerated_all	FLI1	0.0	1.0	75	0	0	0	1.0
AF_outer	healthy_vs_degenerated_all	ELK4	0.0	1.0	6	0	0	0	1.0
AF_outer	healthy_vs_degenerated_all	PREB	0.0	1.0	13	0	0	0	1.0
AF_outer	healthy_vs_degenerated_all	POU1F1	0.0	1.0	39	0	0	0	1.0
AF_outer	healthy_vs_degenerated_all	PAX5	0.0	1.0	48	0	0	0	1.0
AF_outer	healthy_vs_degenerated_all	CEBPA	-0.006024096385542169	0.06266625414077302	166	1	0	1	0.8670525521876484
AF_outer	healthy_vs_degenerated_all	LITAF	0.0	1.0	23	0	0	0	1.0
AF_outer	healthy_vs_degenerated_all	STAT6	0.0	1.0	87	0	0	0	1.0
AF_outer	healthy_vs_degenerated_all	HIF1A	0.0	0.008491780213329556	381	2	1	1	0.3067631938828132
AF_outer	healthy_vs_degenerated_all	TP73	0.0	1.0	110	0	0	0	1.0
AF_outer	healthy_vs_degenerated_all	KLF11	0.0	1.0	17	0	0	0	1.0
AF_outer	healthy_vs_degenerated_all	TCF4	0.0	1.0	46	0	0	0	1.0
AF_outer	healthy_vs_degenerated_all	HIVEP2	0.0	1.0	11	0	0	0	1.0
AF_outer	healthy_vs_degenerated_all	E2F4	0.0	1.0	160	0	0	0	1.0
AF_outer	healthy_vs_degenerated_all	GATA5	0.0	1.0	17	0	0	0	1.0
AF_outer	healthy_vs_degenerated_all	SRF	0.0	1.0	81	0	0	0	1.0
AF_outer	healthy_vs_degenerated_all	ELF1	0.0	1.0	61	0	0	0	1.0
AF_outer	healthy_vs_degenerated_all	GATA3	-0.006993006993006993	0.05418420796109781	143	1	0	1	0.7729543135674973
AF_outer	healthy_vs_degenerated_all	MSX1	0.0	1.0	19	0	0	0	1.0
AF_outer	healthy_vs_degenerated_all	OTX2	0.0	1.0	27	0	0	0	1.0
AF_outer	healthy_vs_degenerated_all	LHX2	0.0	1.0	24	0	0	0	1.0
AF_outer	healthy_vs_degenerated_all	GABPA	0.0	1.0	30	0	0	0	1.0
AF_outer	healthy_vs_degenerated_all	HSF2	0.0	1.0	23	0	0	0	1.0
AF_outer	healthy_vs_degenerated_all	VDR	0.0	0.0007238220997695401	109	2	1	1	0.12648791193472714
AF_outer	healthy_vs_degenerated_all	HOXC8	0.0	1.0	14	0	0	0	1.0
AF_outer	healthy_vs_degenerated_all	HR	0.0	1.0	69	0	0	0	1.0
AF_outer	healthy_vs_degenerated_all	RELB	0.0	1.0	40	0	0	0	1.0
AF_outer	healthy_vs_degenerated_all	CEBPE	0.0	1.0	22	0	0	0	1.0
AF_outer	healthy_vs_degenerated_all	NR0B1	0.0	1.0	38	0	0	0	1.0
AF_outer	healthy_vs_degenerated_all	LEF1	0.0	1.0	84	0	0	0	1.0
AF_outer	healthy_vs_degenerated_all	ID1	0.0	1.0	63	0	0	0	1.0
AF_outer	healthy_vs_degenerated_all	ZNF143	0.0	1.0	25	0	0	0	1.0
AF_outer	healthy_vs_degenerated_all	SOX9	0.0	1.0	76	0	0	0	1.0
AF_outer	healthy_vs_degenerated_all	YBX1	-0.012345679012345678	0.03100035514981251	81	1	0	1	0.5340940219963164
AF_outer	healthy_vs_degenerated_all	HSF1	-0.012195121951219513	0.031378010094216625	82	1	0	1	0.5340940219963164
AF_outer	healthy_vs_degenerated_all	FOXE1	0.0	1.0	5	0	0	0	1.0
AF_outer	healthy_vs_degenerated_all	POU4F1	0.0	1.0	21	0	0	0	1.0
AF_outer	healthy_vs_degenerated_all	NOTO	0.0	1.0	5	0	0	0	1.0
AF_outer	healthy_vs_degenerated_all	HNF1B	0.0	1.0	37	0	0	0	1.0
AF_outer	healthy_vs_degenerated_all	PAX3	0.0	1.0	84	0	0	0	1.0
AF_outer	healthy_vs_degenerated_all	ID2	0.0	1.0	55	0	0	0	1.0
AF_outer	healthy_vs_degenerated_all	MEF2A	0.0	1.0	83	0	0	0	1.0
AF_outer	healthy_vs_degenerated_all	PDX1	0.0	1.0	57	0	0	0	1.0
AF_outer	healthy_vs_degenerated_all	NR2F2	0.0	1.0	53	0	0	0	1.0
AF_outer	healthy_vs_degenerated_all	NR1H4	0.0	1.0	94	0	0	0	1.0
AF_outer	healthy_vs_degenerated_all	ASCL1	0.0	1.0	50	0	0	0	1.0
AF_outer	healthy_vs_degenerated_all	RFX1	0.0	1.0	19	0	0	0	1.0
AF_outer	healthy_vs_degenerated_all	CRX	0.0	1.0	21	0	0	0	1.0
AF_outer	healthy_vs_degenerated_all	NRL	0.0	1.0	15	0	0	0	1.0
AF_outer	healthy_vs_degenerated_all	UBTF	0.0	1.0	9	0	0	0	1.0
AF_outer	healthy_vs_degenerated_all	MYBL2	0.0	1.0	47	0	0	0	1.0
AF_outer	healthy_vs_degenerated_all	ELF2	0.0	1.0	8	0	0	0	1.0
AF_outer	healthy_vs_degenerated_all	JUND	-0.012658227848101266	0.030244677144375728	79	1	0	1	0.5340940219963164
AF_outer	healthy_vs_degenerated_all	TP63	0.0	1.0	173	0	0	0	1.0
AF_outer	healthy_vs_degenerated_all	NFKBIB	0.0	1.0	16	0	0	0	1.0
AF_outer	healthy_vs_degenerated_all	HOXC6	0.0	1.0	11	0	0	0	1.0
AF_outer	healthy_vs_degenerated_all	FOXO1	0.0	1.0	228	0	0	0	1.0
AF_outer	healthy_vs_degenerated_all	PITX2	0.0	1.0	99	0	0	0	1.0
AF_outer	healthy_vs_degenerated_all	NR5A2	0.0	1.0	43	0	0	0	1.0
AF_outer	healthy_vs_degenerated_all	POU2F1	0.0125	0.030622577510494693	80	1	1	0	0.5340940219963164
AF_outer	healthy_vs_degenerated_all	XBP1	0.0	1.0	47	0	0	0	1.0
AF_outer	healthy_vs_degenerated_all	SREBF1	0.0	1.0	107	0	0	0	1.0
AF_outer	healthy_vs_degenerated_all	TCF3	0.0	1.0	91	0	0	0	1.0
AF_outer	healthy_vs_degenerated_all	LRRFIP1	0.0	1.0	12	0	0	0	1.0
AF_outer	healthy_vs_degenerated_all	TCF12	0.0	1.0	37	0	0	0	1.0
AF_outer	healthy_vs_degenerated_all	E4F1	0.0	1.0	10	0	0	0	1.0
AF_outer	healthy_vs_degenerated_all	HOXB1	0.0	1.0	6	0	0	0	1.0
AF_outer	healthy_vs_degenerated_all	BRCA1	0.017857142857142856	0.021519022692430233	56	1	1	0	0.5013932287336245
AF_outer	healthy_vs_degenerated_all	ZNF362	0.0	1.0	14	0	0	0	1.0
AF_outer	healthy_vs_degenerated_all	NRF1	0.0	1.0	79	0	0	0	1.0
AF_outer	healthy_vs_degenerated_all	GATA1	0.0	1.0	97	0	0	0	1.0
AF_outer	healthy_vs_degenerated_all	MYCN	0.0	1.0	120	0	0	0	1.0
AF_outer	healthy_vs_degenerated_all	PKNOX1	0.0	1.0	12	0	0	0	1.0
AF_outer	healthy_vs_degenerated_all	NR4A3	0.0	1.0	31	0	0	0	1.0
AF_outer	healthy_vs_degenerated_all	SSRP1	0.0	1.0	108	0	0	0	1.0
AF_outer	healthy_vs_degenerated_all	ZNF91	0.0	1.0	35	0	0	0	1.0
AF_outer	healthy_vs_degenerated_all	NR2C1	-0.07142857142857142	0.005416371720263694	14	1	0	1	0.25240292216428817
AF_outer	healthy_vs_degenerated_all	ID3	0.0	1.0	31	0	0	0	1.0
AF_outer	healthy_vs_degenerated_all	ERF	0.0	1.0	15	0	0	0	1.0
AF_outer	healthy_vs_degenerated_all	ZNF354C	0.0	1.0	21	0	0	0	1.0
AF_outer	healthy_vs_degenerated_all	HMGA2	0.0	1.0	36	0	0	0	1.0
AF_outer	healthy_vs_degenerated_all	POU2F2	0.0	1.0	29	0	0	0	1.0
AF_outer	healthy_vs_degenerated_all	PHOX2B	0.0	1.0	11	0	0	0	1.0
AF_outer	healthy_vs_degenerated_all	SREBF2	0.0	1.0	56	0	0	0	1.0
AF_outer	healthy_vs_degenerated_all	ELF4	0.0	1.0	35	0	0	0	1.0
AF_outer	healthy_vs_degenerated_all	TTF1	-0.022222222222222223	0.017322814162464683	45	1	0	1	0.43245168212724333
AF_outer	healthy_vs_degenerated_all	DLX4	0.0	1.0	33	0	0	0	1.0
AF_outer	healthy_vs_degenerated_all	NR1I2	0.0	1.0	175	0	0	0	1.0
AF_outer	healthy_vs_degenerated_all	NR1H3	0.0	1.0	100	0	0	0	1.0
AF_outer	healthy_vs_degenerated_all	MITF	0.011494252873563218	0.03326444550815705	87	1	1	0	0.5340940219963164
AF_outer	healthy_vs_degenerated_all	NCOA1	-0.015384615384615385	0.02494116783282317	65	1	0	1	0.5282992822770726
AF_outer	healthy_vs_degenerated_all	NCOR1	0.0	1.0	68	0	0	0	1.0
AF_outer	healthy_vs_degenerated_all	FOSL1	0.0	1.0	44	0	0	0	1.0
AF_outer	healthy_vs_degenerated_all	JUNB	0.0	1.0	80	0	0	0	1.0
AF_outer	healthy_vs_degenerated_all	MTF2	0.0	1.0	6	0	0	0	1.0
AF_outer	healthy_vs_degenerated_all	DNMT1	0.0	1.0	149	0	0	0	1.0
AF_outer	healthy_vs_degenerated_all	KLF5	0.0	1.0	67	0	0	0	1.0
AF_outer	healthy_vs_degenerated_all	NR3C2	-0.023809523809523808	0.0161757946688815	42	1	0	1	0.428674911921014
AF_outer	healthy_vs_degenerated_all	MYRF	0.0	1.0	7	0	0	0	1.0
AF_outer	healthy_vs_degenerated_all	EBF1	0.0	1.0	24	0	0	0	1.0
AF_outer	healthy_vs_degenerated_all	CREBBP	0.0	1.0	31	0	0	0	1.0
AF_outer	healthy_vs_degenerated_all	ZFPM1	0.0	1.0	12	0	0	0	1.0
AF_outer	healthy_vs_degenerated_all	APEX1	0.0	1.0	34	0	0	0	1.0
AF_outer	healthy_vs_degenerated_all	TEAD2	0.0	1.0	5	0	0	0	1.0
AF_outer	healthy_vs_degenerated_all	TFAM	0.0	1.0	12	0	0	0	1.0
AF_outer	healthy_vs_degenerated_all	IRF4	0.0	1.0	41	0	0	0	1.0
AF_outer	healthy_vs_degenerated_all	ZBED1	0.0	1.0	19	0	0	0	1.0
AF_outer	healthy_vs_degenerated_all	NCOA2	0.0	1.0	52	0	0	0	1.0
AF_outer	healthy_vs_degenerated_all	FOXA1	0.0	1.0	45	0	0	0	1.0
AF_outer	healthy_vs_degenerated_all	NR4A2	0.0	1.0	45	0	0	0	1.0
AF_outer	healthy_vs_degenerated_all	KLF1	0.0	1.0	21	0	0	0	1.0
AF_outer	healthy_vs_degenerated_all	LHX3	0.0	1.0	7	0	0	0	1.0
AF_outer	healthy_vs_degenerated_all	CTCF	0.0	1.0	118	0	0	0	1.0
AF_outer	healthy_vs_degenerated_all	BCL6	0.0	1.0	77	0	0	0	1.0
AF_outer	healthy_vs_degenerated_all	RB1	0.0	1.0	32	0	0	0	1.0
AF_outer	healthy_vs_degenerated_all	TFCP2	0.0	1.0	57	0	0	0	1.0
AF_outer	healthy_vs_degenerated_all	REST	0.0	1.0	41	0	0	0	1.0
AF_outer	healthy_vs_degenerated_all	ESRRA	0.0	1.0	40	0	0	0	1.0
AF_outer	healthy_vs_degenerated_all	HOXD3	0.0	1.0	9	0	0	0	1.0
AF_outer	healthy_vs_degenerated_all	IRF9	0.0	1.0	17	0	0	0	1.0
AF_outer	healthy_vs_degenerated_all	TFE3	0.0	1.0	33	0	0	0	1.0
AF_outer	healthy_vs_degenerated_all	ZNF236	0.0	1.0	7	0	0	0	1.0
AF_outer	healthy_vs_degenerated_all	TFAP2C	-0.041666666666666664	0.009270222066863716	24	1	0	1	0.3067631938828132
AF_outer	healthy_vs_degenerated_all	PAX8	0.0	1.0	23	0	0	0	1.0
AF_outer	healthy_vs_degenerated_all	NKX2-1	0.0	1.0	43	0	0	0	1.0
AF_outer	healthy_vs_degenerated_all	PBX1	0.0	1.0	43	0	0	0	1.0
AF_outer	healthy_vs_degenerated_all	SP4	0.0	1.0	41	0	0	0	1.0
AF_outer	healthy_vs_degenerated_all	CIITA	0.0	1.0	26	0	0	0	1.0
AF_outer	healthy_vs_degenerated_all	CDX2	0.0	1.0	44	0	0	0	1.0
AF_outer	healthy_vs_degenerated_all	ELF3	0.0	1.0	22	0	0	0	1.0
AF_outer	healthy_vs_degenerated_all	ELF5	0.0	1.0	7	0	0	0	1.0
AF_outer	healthy_vs_degenerated_all	ZEB1	0.0	1.0	47	0	0	0	1.0
AF_outer	healthy_vs_degenerated_all	EGR3	0.0	1.0	24	0	0	0	1.0
AF_outer	healthy_vs_degenerated_all	EWSR1	0.0	1.0	51	0	0	0	1.0
AF_outer	healthy_vs_degenerated_all	NAB2	0.0	1.0	6	0	0	0	1.0
AF_outer	healthy_vs_degenerated_all	DEAF1	0.0	1.0	11	0	0	0	1.0
AF_outer	healthy_vs_degenerated_all	TBPL1	0.0	1.0	29	0	0	0	1.0
AF_outer	healthy_vs_degenerated_all	MEF2C	0.0	1.0	55	0	0	0	1.0
AF_outer	healthy_vs_degenerated_all	POU4F2	0.0	1.0	23	0	0	0	1.0
AF_outer	healthy_vs_degenerated_all	TAL1	0.0	1.0	78	0	0	0	1.0
AF_outer	healthy_vs_degenerated_all	EPAS1	0.0	1.0	79	0	0	0	1.0
AF_outer	healthy_vs_degenerated_all	SMARCA1	0.0	1.0	41	0	0	0	1.0
AF_outer	healthy_vs_degenerated_all	NFATC4	0.0	1.0	32	0	0	0	1.0
AF_outer	healthy_vs_degenerated_all	FOXM1	0.0	1.0	81	0	0	0	1.0
AF_outer	healthy_vs_degenerated_all	MYF5	0.0	1.0	17	0	0	0	1.0
AF_outer	healthy_vs_degenerated_all	MYOG	0.0	1.0	42	0	0	0	1.0
AF_outer	healthy_vs_degenerated_all	SMAD7	0.0	1.0	55	0	0	0	1.0
AF_outer	healthy_vs_degenerated_all	SOX10	0.0	1.0	25	0	0	0	1.0
AF_outer	healthy_vs_degenerated_all	POU3F1	0.0	1.0	14	0	0	0	1.0
AF_outer	healthy_vs_degenerated_all	NKRF	0.0	1.0	8	0	0	0	1.0
AF_outer	healthy_vs_degenerated_all	ATF6	0.0	1.0	47	0	0	0	1.0
AF_outer	healthy_vs_degenerated_all	HOPX	0.0	1.0	5	0	0	0	1.0
AF_outer	healthy_vs_degenerated_all	NKX6-1	0.0	1.0	8	0	0	0	1.0
AF_outer	healthy_vs_degenerated_all	ERG	0.0	1.0	45	0	0	0	1.0
AF_outer	healthy_vs_degenerated_all	PITX3	0.0	1.0	19	0	0	0	1.0
AF_outer	healthy_vs_degenerated_all	HOXB2	0.0	1.0	6	0	0	0	1.0
AF_outer	healthy_vs_degenerated_all	SATB1	0.0	1.0	39	0	0	0	1.0
AF_outer	healthy_vs_degenerated_all	NFKB2	0.0	1.0	51	0	0	0	1.0
AF_outer	healthy_vs_degenerated_all	RORA	0.0	1.0	54	0	0	0	1.0
AF_outer	healthy_vs_degenerated_all	PROX1	0.0	1.0	25	0	0	0	1.0
AF_outer	healthy_vs_degenerated_all	KLF3	0.0	1.0	9	0	0	0	1.0
AF_outer	healthy_vs_degenerated_all	PEG3	0.0	1.0	7	0	0	0	1.0
AF_outer	healthy_vs_degenerated_all	NR2E3	0.0	1.0	10	0	0	0	1.0
AF_outer	healthy_vs_degenerated_all	NCOR2	0.0	1.0	52	0	0	0	1.0
AF_outer	healthy_vs_degenerated_all	NCOA3	0.0	1.0	67	0	0	0	1.0
AF_outer	healthy_vs_degenerated_all	ZFHX3	0.0	1.0	8	0	0	0	1.0
AF_outer	healthy_vs_degenerated_all	SMAD1	0.0	1.0	60	0	0	0	1.0
AF_outer	healthy_vs_degenerated_all	SPDEF	0.0	1.0	13	0	0	0	1.0
AF_outer	healthy_vs_degenerated_all	PAX2	0.0	1.0	17	0	0	0	1.0
AF_outer	healthy_vs_degenerated_all	KLF13	0.0	1.0	14	0	0	0	1.0
AF_outer	healthy_vs_degenerated_all	GTF2IRD1	0.0	1.0	6	0	0	0	1.0
AF_outer	healthy_vs_degenerated_all	MAFB	0.0	1.0	31	0	0	0	1.0
AF_outer	healthy_vs_degenerated_all	NR2F6	0.0	1.0	7	0	0	0	1.0
AF_outer	healthy_vs_degenerated_all	ELK3	0.0	1.0	21	0	0	0	1.0
AF_outer	healthy_vs_degenerated_all	KLF6	0.0	1.0	48	0	0	0	1.0
AF_outer	healthy_vs_degenerated_all	SNAI1	0.0	1.0	87	0	0	0	1.0
AF_outer	healthy_vs_degenerated_all	HESX1	0.0	1.0	17	0	0	0	1.0
AF_outer	healthy_vs_degenerated_all	BACH2	0.0	1.0	6	0	0	0	1.0
AF_outer	healthy_vs_degenerated_all	PATZ1	0.0	1.0	9	0	0	0	1.0
AF_outer	healthy_vs_degenerated_all	ZHX2	0.0	1.0	11	0	0	0	1.0
AF_outer	healthy_vs_degenerated_all	ONECUT1	0.0	1.0	22	0	0	0	1.0
AF_outer	healthy_vs_degenerated_all	RXRA	0.0	1.0	77	0	0	0	1.0
AF_outer	healthy_vs_degenerated_all	NR1H2	0.0	1.0	37	0	0	0	1.0
AF_outer	healthy_vs_degenerated_all	KAT5	0.0	1.0	46	0	0	0	1.0
AF_outer	healthy_vs_degenerated_all	GBX2	0.0	1.0	6	0	0	0	1.0
AF_outer	healthy_vs_degenerated_all	YBX3	0.0	1.0	23	0	0	0	1.0
AF_outer	healthy_vs_degenerated_all	SMAD6	0.0	1.0	23	0	0	0	1.0
AF_outer	healthy_vs_degenerated_all	MYBL1	0.0	1.0	11	0	0	0	1.0
AF_outer	healthy_vs_degenerated_all	CDX1	0.0	1.0	25	0	0	0	1.0
AF_outer	healthy_vs_degenerated_all	TFDP1	0.0	1.0	31	0	0	0	1.0
AF_outer	healthy_vs_degenerated_all	KLF12	0.0	1.0	9	0	0	0	1.0
AF_outer	healthy_vs_degenerated_all	KMT2A	0.0	1.0	66	0	0	0	1.0
AF_outer	healthy_vs_degenerated_all	GATA2	0.0	1.0	66	0	0	0	1.0
AF_outer	healthy_vs_degenerated_all	PRDM1	0.0	1.0	44	0	0	0	1.0
AF_outer	healthy_vs_degenerated_all	MXD1	0.0	1.0	21	0	0	0	1.0
AF_outer	healthy_vs_degenerated_all	CLOCK	0.0	1.0	56	0	0	0	1.0
AF_outer	healthy_vs_degenerated_all	BHLHE40	0.0	1.0	31	0	0	0	1.0
AF_outer	healthy_vs_degenerated_all	SRY	-0.029411764705882353	0.01311162016420562	34	1	0	1	0.3916019513354594
AF_outer	healthy_vs_degenerated_all	MAF	0.0	1.0	41	0	0	0	1.0
AF_outer	healthy_vs_degenerated_all	AIRE	0.0	1.0	12	0	0	0	1.0
AF_outer	healthy_vs_degenerated_all	ZGPAT	0.0	1.0	9	0	0	0	1.0
AF_outer	healthy_vs_degenerated_all	ETV1	0.0	1.0	19	0	0	0	1.0
AF_outer	healthy_vs_degenerated_all	KLF4	0.0	1.0	104	0	0	0	1.0
AF_outer	healthy_vs_degenerated_all	EGR2	0.0	1.0	56	0	0	0	1.0
AF_outer	healthy_vs_degenerated_all	SIX4	0.0	1.0	5	0	0	0	1.0
AF_outer	healthy_vs_degenerated_all	NEUROG3	0.0	1.0	18	0	0	0	1.0
AF_outer	healthy_vs_degenerated_all	CXXC1	0.0	1.0	19	0	0	0	1.0
AF_outer	healthy_vs_degenerated_all	TBX21	0.0	1.0	33	0	0	0	1.0
AF_outer	healthy_vs_degenerated_all	HOXA10	0.0	1.0	44	0	0	0	1.0
AF_outer	healthy_vs_degenerated_all	LMX1B	0.0	1.0	16	0	0	0	1.0
AF_outer	healthy_vs_degenerated_all	TBX2	0.0	1.0	26	0	0	0	1.0
AF_outer	healthy_vs_degenerated_all	ZNF699	0.0	1.0	39	0	0	0	1.0
AF_outer	healthy_vs_degenerated_all	RFX5	0.0	1.0	18	0	0	0	1.0
AF_outer	healthy_vs_degenerated_all	RFXANK	0.0	1.0	13	0	0	0	1.0
AF_outer	healthy_vs_degenerated_all	RFXAP	0.0	1.0	12	0	0	0	1.0
AF_outer	healthy_vs_degenerated_all	BARX2	0.0	1.0	12	0	0	0	1.0
AF_outer	healthy_vs_degenerated_all	FOXO4	0.0	1.0	25	0	0	0	1.0
AF_outer	healthy_vs_degenerated_all	DLX5	0.0	1.0	32	0	0	0	1.0
AF_outer	healthy_vs_degenerated_all	ID4	0.0	1.0	12	0	0	0	1.0
AF_outer	healthy_vs_degenerated_all	SPIB	0.0	1.0	12	0	0	0	1.0
AF_outer	healthy_vs_degenerated_all	FOXN1	0.0	1.0	39	0	0	0	1.0
AF_outer	healthy_vs_degenerated_all	TBX5	0.0	1.0	19	0	0	0	1.0
AF_outer	healthy_vs_degenerated_all	TLX1	0.0	1.0	8	0	0	0	1.0
AF_outer	healthy_vs_degenerated_all	HIVEP1	0.0	1.0	8	0	0	0	1.0
AF_outer	healthy_vs_degenerated_all	SMAD2	-0.011904761904761904	0.032132952025802394	84	1	0	1	0.5340940219963164
AF_outer	healthy_vs_degenerated_all	NKX3-1	0.0	1.0	62	0	0	0	1.0
AF_outer	healthy_vs_degenerated_all	HAND1	0.0	1.0	10	0	0	0	1.0
AF_outer	healthy_vs_degenerated_all	HAND2	0.0	1.0	28	0	0	0	1.0
AF_outer	healthy_vs_degenerated_all	PAX7	0.0	1.0	11	0	0	0	1.0
AF_outer	healthy_vs_degenerated_all	SFPQ	0.0	1.0	26	0	0	0	1.0
AF_outer	healthy_vs_degenerated_all	BMAL1	0.0	1.0	48	0	0	0	1.0
AF_outer	healthy_vs_degenerated_all	SKIL	0.0	1.0	19	0	0	0	1.0
AF_outer	healthy_vs_degenerated_all	TBXT	0.0	1.0	11	0	0	0	1.0
AF_outer	healthy_vs_degenerated_all	MSX2	0.0	1.0	35	0	0	0	1.0
AF_outer	healthy_vs_degenerated_all	MZF1	0.0	1.0	18	0	0	0	1.0
AF_outer	healthy_vs_degenerated_all	HOXA5	0.0	1.0	14	0	0	0	1.0
AF_outer	healthy_vs_degenerated_all	HOXB4	0.0	1.0	10	0	0	0	1.0
AF_outer	healthy_vs_degenerated_all	CREB3	0.0	1.0	10	0	0	0	1.0
AF_outer	healthy_vs_degenerated_all	NFE2	0.0	1.0	14	0	0	0	1.0
AF_outer	healthy_vs_degenerated_all	ZNF76	0.0	1.0	7	0	0	0	1.0
AF_outer	healthy_vs_degenerated_all	FOXQ1	0.0	1.0	15	0	0	0	1.0
AF_outer	healthy_vs_degenerated_all	ZGLP1	0.0	1.0	14	0	0	0	1.0
AF_outer	healthy_vs_degenerated_all	NFYB	0.0	1.0	35	0	0	0	1.0
AF_outer	healthy_vs_degenerated_all	ETV3	0.0	1.0	11	0	0	0	1.0
AF_outer	healthy_vs_degenerated_all	GSC	0.0	1.0	9	0	0	0	1.0
AF_outer	healthy_vs_degenerated_all	IRF7	0.0	1.0	14	0	0	0	1.0
AF_outer	healthy_vs_degenerated_all	NFATC3	0.0	1.0	24	0	0	0	1.0
AF_outer	healthy_vs_degenerated_all	KDM5A	0.0	1.0	15	0	0	0	1.0
AF_outer	healthy_vs_degenerated_all	GRHL3	0.0	1.0	23	0	0	0	1.0
AF_outer	healthy_vs_degenerated_all	THRA	0.0	1.0	60	0	0	0	1.0
AF_outer	healthy_vs_degenerated_all	SOX17	0.0	1.0	38	0	0	0	1.0
AF_outer	healthy_vs_degenerated_all	ZIC2	0.0	1.0	6	0	0	0	1.0
AF_outer	healthy_vs_degenerated_all	TBX15	0.0	1.0	27	0	0	0	1.0
AF_outer	healthy_vs_degenerated_all	NFAT5	0.0	1.0	42	0	0	0	1.0
AF_outer	healthy_vs_degenerated_all	MEF2B	0.0	1.0	5	0	0	0	1.0
AF_outer	healthy_vs_degenerated_all	BMAL2	0.0	1.0	7	0	0	0	1.0
AF_outer	healthy_vs_degenerated_all	NFE2L2	0.005847953216374269	0.06450176353899531	171	1	1	0	0.8670525521876484
AF_outer	healthy_vs_degenerated_all	ZIC1	0.0	1.0	11	0	0	0	1.0
AF_outer	healthy_vs_degenerated_all	MEIS1	0.0	1.0	16	0	0	0	1.0
AF_outer	healthy_vs_degenerated_all	HOXA9	0.0	1.0	34	0	0	0	1.0
AF_outer	healthy_vs_degenerated_all	MAFA	0.0	1.0	12	0	0	0	1.0
AF_outer	healthy_vs_degenerated_all	NR1D1	0.0	1.0	21	0	0	0	1.0
AF_outer	healthy_vs_degenerated_all	MYF6	0.0	1.0	8	0	0	0	1.0
AF_outer	healthy_vs_degenerated_all	ZNF263	0.0	1.0	8	0	0	0	1.0
AF_outer	healthy_vs_degenerated_all	NFIA	0.0	1.0	43	0	0	0	1.0
AF_outer	healthy_vs_degenerated_all	HEY2	0.0	1.0	15	0	0	0	1.0
AF_outer	healthy_vs_degenerated_all	HOXB7	0.0	1.0	18	0	0	0	1.0
AF_outer	healthy_vs_degenerated_all	ZNF350	0.0	1.0	9	0	0	0	1.0
AF_outer	healthy_vs_degenerated_all	BCL11A	0.0	1.0	9	0	0	0	1.0
AF_outer	healthy_vs_degenerated_all	TWIST1	0.0	1.0	68	0	0	0	1.0
AF_outer	healthy_vs_degenerated_all	ZNF395	0.0	1.0	5	0	0	0	1.0
AF_outer	healthy_vs_degenerated_all	TFDP2	0.0	1.0	6	0	0	0	1.0
AF_outer	healthy_vs_degenerated_all	GTF3A	0.0	1.0	20	0	0	0	1.0
AF_outer	healthy_vs_degenerated_all	KLF10	0.0	1.0	24	0	0	0	1.0
AF_outer	healthy_vs_degenerated_all	KLF2	0.0	1.0	47	0	0	0	1.0
AF_outer	healthy_vs_degenerated_all	PHF20	0.0	1.0	9	0	0	0	1.0
AF_outer	healthy_vs_degenerated_all	TGIF1	0.0	1.0	9	0	0	0	1.0
AF_outer	healthy_vs_degenerated_all	FOXG1	0.0	1.0	16	0	0	0	1.0
AF_outer	healthy_vs_degenerated_all	SF1	0.0	1.0	8	0	0	0	1.0
AF_outer	healthy_vs_degenerated_all	MBD2	0.0	1.0	75	0	0	0	1.0
AF_outer	healthy_vs_degenerated_all	FOXF2	0.0	1.0	11	0	0	0	1.0
AF_outer	healthy_vs_degenerated_all	ZBTB32	0.0	1.0	5	0	0	0	1.0
AF_outer	healthy_vs_degenerated_all	HEY1	0.0	1.0	26	0	0	0	1.0
AF_outer	healthy_vs_degenerated_all	ZBTB17	0.0	1.0	39	0	0	0	1.0
AF_outer	healthy_vs_degenerated_all	IRF5	0.0	1.0	19	0	0	0	1.0
AF_outer	healthy_vs_degenerated_all	THRB	0.0	1.0	43	0	0	0	1.0
AF_outer	healthy_vs_degenerated_all	POU3F2	0.0	1.0	21	0	0	0	1.0
AF_outer	healthy_vs_degenerated_all	FOXI1	0.0	1.0	7	0	0	0	1.0
AF_outer	healthy_vs_degenerated_all	KCNIP3	0.0	1.0	12	0	0	0	1.0
AF_outer	healthy_vs_degenerated_all	FOSB	0.0	1.0	31	0	0	0	1.0
AF_outer	healthy_vs_degenerated_all	NFE2L1	0.0	1.0	9	0	0	0	1.0
AF_outer	healthy_vs_degenerated_all	TRERF1	0.0	1.0	11	0	0	0	1.0
AF_outer	healthy_vs_degenerated_all	FOXP1	0.0	1.0	17	0	0	0	1.0
AF_outer	healthy_vs_degenerated_all	FOXP2	0.0	1.0	6	0	0	0	1.0
AF_outer	healthy_vs_degenerated_all	BARX1	0.0	1.0	8	0	0	0	1.0
AF_outer	healthy_vs_degenerated_all	ZFPM2	0.0	1.0	8	0	0	0	1.0
AF_outer	healthy_vs_degenerated_all	IKZF1	0.0	1.0	31	0	0	0	1.0
AF_outer	healthy_vs_degenerated_all	BCL3	0.0	1.0	23	0	0	0	1.0
AF_outer	healthy_vs_degenerated_all	SP2	0.0	1.0	19	0	0	0	1.0
AF_outer	healthy_vs_degenerated_all	SIM2	0.0	1.0	9	0	0	0	1.0
AF_outer	healthy_vs_degenerated_all	NFATC1	0.0	1.0	86	0	0	0	1.0
AF_outer	healthy_vs_degenerated_all	POU2F3	0.0	1.0	6	0	0	0	1.0
AF_outer	healthy_vs_degenerated_all	HOXA7	0.0	1.0	12	0	0	0	1.0
AF_outer	healthy_vs_degenerated_all	NPAS2	0.0	1.0	8	0	0	0	1.0
AF_outer	healthy_vs_degenerated_all	DLX2	0.0	1.0	18	0	0	0	1.0
AF_outer	healthy_vs_degenerated_all	PRRX1	0.0	1.0	6	0	0	0	1.0
AF_outer	healthy_vs_degenerated_all	VEZF1	0.0	1.0	6	0	0	0	1.0
AF_outer	healthy_vs_degenerated_all	CTBP2	0.08333333333333333	0.004644104542271153	12	1	1	0	0.25240292216428817
AF_outer	healthy_vs_degenerated_all	SOX6	0.0	1.0	19	0	0	0	1.0
AF_outer	healthy_vs_degenerated_all	HIPK2	0.0	1.0	8	0	0	0	1.0
AF_outer	healthy_vs_degenerated_all	FOXA3	0.0	1.0	9	0	0	0	1.0
AF_outer	healthy_vs_degenerated_all	RORC	0.0	1.0	7	0	0	0	1.0
AF_outer	healthy_vs_degenerated_all	SIX3	0.0	1.0	5	0	0	0	1.0
AF_outer	healthy_vs_degenerated_all	PPARD	0.0	1.0	84	0	0	0	1.0
AF_outer	healthy_vs_degenerated_all	MECOM	0.0	1.0	18	0	0	0	1.0
AF_outer	healthy_vs_degenerated_all	SIRT1	0.0	1.0	51	0	0	0	1.0
AF_outer	healthy_vs_degenerated_all	ZBTB7B	0.0	1.0	14	0	0	0	1.0
AF_outer	healthy_vs_degenerated_all	ZBTB7A	0.0	1.0	33	0	0	0	1.0
AF_outer	healthy_vs_degenerated_all	NR6A1	0.0	1.0	9	0	0	0	1.0
AF_outer	healthy_vs_degenerated_all	STAT2	0.0	1.0	39	0	0	0	1.0
AF_outer	healthy_vs_degenerated_all	ESRRG	0.0	1.0	20	0	0	0	1.0
AF_outer	healthy_vs_degenerated_all	PRDM2	0.0	1.0	10	0	0	0	1.0
AF_outer	healthy_vs_degenerated_all	PURA	0.0	1.0	16	0	0	0	1.0
AF_outer	healthy_vs_degenerated_all	TBX1	0.0	1.0	9	0	0	0	1.0
AF_outer	healthy_vs_degenerated_all	SALL2	0.0	1.0	5	0	0	0	1.0
AF_outer	healthy_vs_degenerated_all	ATOH1	0.0	1.0	5	0	0	0	1.0
AF_outer	healthy_vs_degenerated_all	NEUROD6	0.0	1.0	9	0	0	0	1.0
AF_outer	healthy_vs_degenerated_all	NEUROG1	0.0	1.0	10	0	0	0	1.0
AF_outer	healthy_vs_degenerated_all	NEUROG2	0.0	1.0	15	0	0	0	1.0
AF_outer	healthy_vs_degenerated_all	AHRR	0.0	1.0	5	0	0	0	1.0
AF_outer	healthy_vs_degenerated_all	HMGB2	0.0	1.0	8	0	0	0	1.0
AF_outer	healthy_vs_degenerated_all	DLX3	0.0	1.0	12	0	0	0	1.0
AF_outer	healthy_vs_degenerated_all	TWIST2	0.0	1.0	32	0	0	0	1.0
AF_outer	healthy_vs_degenerated_all	TFAP4	0.02857142857142857	0.01349507634080287	35	1	1	0	0.3916019513354594
AF_outer	healthy_vs_degenerated_all	KAT6B	0.0	1.0	7	0	0	0	1.0
AF_outer	healthy_vs_degenerated_all	SALL3	0.0	1.0	8	0	0	0	1.0
AF_outer	healthy_vs_degenerated_all	MXI1	0.0	1.0	9	0	0	0	1.0
AF_outer	healthy_vs_degenerated_all	E2F5	0.0	1.0	10	0	0	0	1.0
AF_outer	healthy_vs_degenerated_all	E2F2	0.0	1.0	49	0	0	0	1.0
AF_outer	healthy_vs_degenerated_all	FOXD3	0.0	1.0	14	0	0	0	1.0
AF_outer	healthy_vs_degenerated_all	POU5F1	0.0	1.0	70	0	0	0	1.0
AF_outer	healthy_vs_degenerated_all	PLAGL1	0.0	1.0	16	0	0	0	1.0
AF_outer	healthy_vs_degenerated_all	SNAI2	0.0	1.0	43	0	0	0	1.0
AF_outer	healthy_vs_degenerated_all	NOTCH1	0.0	1.0	51	0	0	0	1.0
AF_outer	healthy_vs_degenerated_all	FOXC2	0.0	1.0	17	0	0	0	1.0
AF_outer	healthy_vs_degenerated_all	FOXD1	0.0	1.0	6	0	0	0	1.0
AF_outer	healthy_vs_degenerated_all	KLF9	0.0	1.0	22	0	0	0	1.0
AF_outer	healthy_vs_degenerated_all	TBPL2	0.0	1.0	8	0	0	0	1.0
AF_outer	healthy_vs_degenerated_all	NFIL3	0.0	1.0	22	0	0	0	1.0
AF_outer	healthy_vs_degenerated_all	ZNF384	0.0	1.0	18	0	0	0	1.0
AF_outer	healthy_vs_degenerated_all	HOXA11	0.0	1.0	6	0	0	0	1.0
AF_outer	healthy_vs_degenerated_all	MEF2D	0.0	1.0	20	0	0	0	1.0
AF_outer	healthy_vs_degenerated_all	SMAD5	0.0	1.0	32	0	0	0	1.0
AF_outer	healthy_vs_degenerated_all	PBX2	0.0	1.0	8	0	0	0	1.0
AF_outer	healthy_vs_degenerated_all	EMX2	0.0	1.0	7	0	0	0	1.0
AF_outer	healthy_vs_degenerated_all	MLXIPL	0.0	1.0	14	0	0	0	1.0
AF_outer	healthy_vs_degenerated_all	ZBTB33	0.0	1.0	9	0	0	0	1.0
AF_outer	healthy_vs_degenerated_all	ETV2	0.0	1.0	7	0	0	0	1.0
AF_outer	healthy_vs_degenerated_all	KLF15	0.0	1.0	19	0	0	0	1.0
AF_outer	healthy_vs_degenerated_all	DNMT3A	0.0	1.0	53	0	0	0	1.0
AF_outer	healthy_vs_degenerated_all	DNMT3B	0.0	1.0	64	0	0	0	1.0
AF_outer	healthy_vs_degenerated_all	OLIG1	0.0	1.0	5	0	0	0	1.0
AF_outer	healthy_vs_degenerated_all	OLIG2	0.0	1.0	15	0	0	0	1.0
AF_outer	healthy_vs_degenerated_all	RREB1	0.0	1.0	7	0	0	0	1.0
AF_outer	healthy_vs_degenerated_all	ZNF202	0.0	1.0	6	0	0	0	1.0
AF_outer	healthy_vs_degenerated_all	MAFG	0.0	1.0	9	0	0	0	1.0
AF_outer	healthy_vs_degenerated_all	TEF	0.0	1.0	11	0	0	0	1.0
AF_outer	healthy_vs_degenerated_all	HOXD13	0.0	1.0	16	0	0	0	1.0
AF_outer	healthy_vs_degenerated_all	ZKSCAN7	0.0	1.0	11	0	0	0	1.0
AF_outer	healthy_vs_degenerated_all	BACH1	0.0	1.0	14	0	0	0	1.0
AF_outer	healthy_vs_degenerated_all	MYT1	0.0	1.0	6	0	0	0	1.0
AF_outer	healthy_vs_degenerated_all	ZNF160	0.0	1.0	5	0	0	0	1.0
AF_outer	healthy_vs_degenerated_all	TEAD4	0.0	1.0	8	0	0	0	1.0
AF_outer	healthy_vs_degenerated_all	GCM1	0.0	1.0	9	0	0	0	1.0
AF_outer	healthy_vs_degenerated_all	BHLHE41	0.0	1.0	22	0	0	0	1.0
AF_outer	healthy_vs_degenerated_all	MTA1	-0.023255813953488372	0.016558258400382515	43	1	0	1	0.428674911921014
AF_outer	healthy_vs_degenerated_all	EHF	0.0	1.0	11	0	0	0	1.0
AF_outer	healthy_vs_degenerated_all	TCF7L2	0.0	1.0	97	0	0	0	1.0
AF_outer	healthy_vs_degenerated_all	VSX2	0.0	1.0	28	0	0	0	1.0
AF_outer	healthy_vs_degenerated_all	TSC22D1	0.0	1.0	7	0	0	0	1.0
AF_outer	healthy_vs_degenerated_all	SOX5	0.0	1.0	17	0	0	0	1.0
AF_outer	healthy_vs_degenerated_all	SOX2	0.0	1.0	56	0	0	0	1.0
AF_outer	healthy_vs_degenerated_all	NKX3-2	0.0	1.0	7	0	0	0	1.0
AF_outer	healthy_vs_degenerated_all	PAX9	0.0	1.0	8	0	0	0	1.0
AF_outer	healthy_vs_degenerated_all	TCF21	0.0	1.0	9	0	0	0	1.0
AF_outer	healthy_vs_degenerated_all	HIC1	0.0	1.0	21	0	0	0	1.0
AF_outer	healthy_vs_degenerated_all	ZEB2	0.0	1.0	26	0	0	0	1.0
AF_outer	healthy_vs_degenerated_all	ZNF335	0.0	1.0	7	0	0	0	1.0
AF_outer	healthy_vs_degenerated_all	NONO	0.0	1.0	17	0	0	0	1.0
AF_outer	healthy_vs_degenerated_all	CEBPZ	0.0	1.0	16	0	0	0	1.0
AF_outer	healthy_vs_degenerated_all	SIX1	0.0	1.0	10	0	0	0	1.0
AF_outer	healthy_vs_degenerated_all	NFIX	0.0	1.0	21	0	0	0	1.0
AF_outer	healthy_vs_degenerated_all	MNT	0.0	1.0	10	0	0	0	1.0
AF_outer	healthy_vs_degenerated_all	KDM5D	0.0	1.0	5	0	0	0	1.0
AF_outer	healthy_vs_degenerated_all	TBX6	0.0	1.0	8	0	0	0	1.0
AF_outer	healthy_vs_degenerated_all	HOXA1	0.0	1.0	23	0	0	0	1.0
AF_outer	healthy_vs_degenerated_all	BCL11B	0.0	1.0	20	0	0	0	1.0
AF_outer	healthy_vs_degenerated_all	RXRB	0.0	1.0	11	0	0	0	1.0
AF_outer	healthy_vs_degenerated_all	E2F6	0.0	1.0	37	0	0	0	1.0
AF_outer	healthy_vs_degenerated_all	HOXA13	0.0	1.0	12	0	0	0	1.0
AF_outer	healthy_vs_degenerated_all	KAT6A	0.0	1.0	12	0	0	0	1.0
AF_outer	healthy_vs_degenerated_all	GFI1	0.0	1.0	41	0	0	0	1.0
AF_outer	healthy_vs_degenerated_all	RUNX3	0.0	1.0	56	0	0	0	1.0
AF_outer	healthy_vs_degenerated_all	GLI1	0.0	1.0	149	0	0	0	1.0
AF_outer	healthy_vs_degenerated_all	KLF8	0.0	1.0	19	0	0	0	1.0
AF_outer	healthy_vs_degenerated_all	HIF3A	0.0	1.0	6	0	0	0	1.0
AF_outer	healthy_vs_degenerated_all	BHLHA15	0.0	1.0	12	0	0	0	1.0
AF_outer	healthy_vs_degenerated_all	MEOX2	0.0	1.0	6	0	0	0	1.0
AF_outer	healthy_vs_degenerated_all	JARID2	0.0	1.0	12	0	0	0	1.0
AF_outer	healthy_vs_degenerated_all	NFYC	0.0	1.0	20	0	0	0	1.0
AF_outer	healthy_vs_degenerated_all	GFI1B	0.0	1.0	10	0	0	0	1.0
AF_outer	healthy_vs_degenerated_all	ASCL2	0.0	1.0	8	0	0	0	1.0
AF_outer	healthy_vs_degenerated_all	MSC	0.0	1.0	23	0	0	0	1.0
AF_outer	healthy_vs_degenerated_all	HOXB9	0.0	1.0	6	0	0	0	1.0
AF_outer	healthy_vs_degenerated_all	HLX	0.0	1.0	13	0	0	0	1.0
AF_outer	healthy_vs_degenerated_all	RCOR2	0.0	1.0	12	0	0	0	1.0
AF_outer	healthy_vs_degenerated_all	NKX2-2	0.0	1.0	12	0	0	0	1.0
AF_outer	healthy_vs_degenerated_all	ARID4A	0.0	1.0	6	0	0	0	1.0
AF_outer	healthy_vs_degenerated_all	HINFP	0.0	1.0	10	0	0	0	1.0
AF_outer	healthy_vs_degenerated_all	SMARCC1	0.0	1.0	7	0	0	0	1.0
AF_outer	healthy_vs_degenerated_all	KAT2B	0.0	1.0	14	0	0	0	1.0
AF_outer	healthy_vs_degenerated_all	ZNF219	0.0	1.0	5	0	0	0	1.0
AF_outer	healthy_vs_degenerated_all	HDGF	0.0	1.0	6	0	0	0	1.0
AF_outer	healthy_vs_degenerated_all	EP300	0.0	1.0	58	0	0	0	1.0
AF_outer	healthy_vs_degenerated_all	TRPS1	0.0	1.0	15	0	0	0	1.0
AF_outer	healthy_vs_degenerated_all	CTNNB1	0.0	1.0	265	0	0	0	1.0
AF_outer	healthy_vs_degenerated_all	PML	0.0	1.0	16	0	0	0	1.0
AF_outer	healthy_vs_degenerated_all	KLF7	0.0	1.0	9	0	0	0	1.0
AF_outer	healthy_vs_degenerated_all	PROP1	0.0	1.0	7	0	0	0	1.0
AF_outer	healthy_vs_degenerated_all	LMO2	0.0	1.0	24	0	0	0	1.0
AF_outer	healthy_vs_degenerated_all	TBX20	0.0	1.0	6	0	0	0	1.0
AF_outer	healthy_vs_degenerated_all	MEOX1	0.0	1.0	7	0	0	0	1.0
AF_outer	healthy_vs_degenerated_all	FOXL2	0.0	1.0	19	0	0	0	1.0
AF_outer	healthy_vs_degenerated_all	HTATIP2	0.0	1.0	16	0	0	0	1.0
AF_outer	healthy_vs_degenerated_all	EZH2	0.0	1.0	127	0	0	0	1.0
AF_outer	healthy_vs_degenerated_all	GLI2	0.0	1.0	125	0	0	0	1.0
AF_outer	healthy_vs_degenerated_all	TCF7	0.0	1.0	16	0	0	0	1.0
AF_outer	healthy_vs_degenerated_all	FOXC1	0.0	1.0	15	0	0	0	1.0
AF_outer	healthy_vs_degenerated_all	HOXB13	0.0	1.0	10	0	0	0	1.0
AF_outer	healthy_vs_degenerated_all	ABL1	0.0	1.0	10	0	0	0	1.0
AF_outer	healthy_vs_degenerated_all	TBX3	0.0	1.0	20	0	0	0	1.0
AF_outer	healthy_vs_degenerated_all	HNF4G	-0.125	0.0030980710104534666	8	1	0	1	0.22996657801941114
AF_outer	healthy_vs_degenerated_all	NFKBIZ	0.0	1.0	5	0	0	0	1.0
AF_outer	healthy_vs_degenerated_all	PLAGL2	0.0	1.0	7	0	0	0	1.0
AF_outer	healthy_vs_degenerated_all	TET1	0.0	1.0	13	0	0	0	1.0
AF_outer	healthy_vs_degenerated_all	FOXH1	0.0	1.0	12	0	0	0	1.0
AF_outer	healthy_vs_degenerated_all	FOXP3	0.0	1.0	37	0	0	0	1.0
AF_outer	healthy_vs_degenerated_all	IKZF4	0.0	1.0	5	0	0	0	1.0
AF_outer	healthy_vs_degenerated_all	HOXA2	0.0	1.0	7	0	0	0	1.0
AF_outer	healthy_vs_degenerated_all	MLX	0.0	1.0	5	0	0	0	1.0
AF_outer	healthy_vs_degenerated_all	CREB3L1	0.0	1.0	10	0	0	0	1.0
AF_outer	healthy_vs_degenerated_all	TFDP3	0.0	1.0	5	0	0	0	1.0
AF_outer	healthy_vs_degenerated_all	SP7	0.0	1.0	31	0	0	0	1.0
AF_outer	healthy_vs_degenerated_all	OVOL1	0.0	1.0	8	0	0	0	1.0
AF_outer	healthy_vs_degenerated_all	ZNF436	0.0	1.0	7	0	0	0	1.0
AF_outer	healthy_vs_degenerated_all	ATF7	0.0	1.0	5	0	0	0	1.0
AF_outer	healthy_vs_degenerated_all	HOXB3	0.0	1.0	6	0	0	0	1.0
AF_outer	healthy_vs_degenerated_all	SCX	0.0	1.0	11	0	0	0	1.0
AF_outer	healthy_vs_degenerated_all	NANOG	0.0	1.0	43	0	0	0	1.0
AF_outer	healthy_vs_degenerated_all	ARX	0.0	1.0	19	0	0	0	1.0
AF_outer	healthy_vs_degenerated_all	VHL	0.0	1.0	23	0	0	0	1.0
AF_outer	healthy_vs_degenerated_all	SOX4	0.0	1.0	22	0	0	0	1.0
AF_outer	healthy_vs_degenerated_all	SMAD9	0.0	1.0	5	0	0	0	1.0
AF_outer	healthy_vs_degenerated_all	ATF5	0.0	1.0	29	0	0	0	1.0
AF_outer	healthy_vs_degenerated_all	CTCFL	0.0	1.0	10	0	0	0	1.0
AF_outer	healthy_vs_degenerated_all	SP6	0.0	1.0	6	0	0	0	1.0
AF_outer	healthy_vs_degenerated_all	SMARCA5	0.0	1.0	8	0	0	0	1.0
AF_outer	healthy_vs_degenerated_all	EOMES	0.0	1.0	18	0	0	0	1.0
AF_outer	healthy_vs_degenerated_all	LMO4	0.0	1.0	5	0	0	0	1.0
AF_outer	healthy_vs_degenerated_all	TLX3	0.0	1.0	5	0	0	0	1.0
AF_outer	healthy_vs_degenerated_all	ESRRB	0.0	1.0	9	0	0	0	1.0
AF_outer	healthy_vs_degenerated_all	LHX1	0.0	1.0	6	0	0	0	1.0
AF_outer	healthy_vs_degenerated_all	ZXDC	0.0	1.0	6	0	0	0	1.0
AF_outer	healthy_vs_degenerated_all	SPIC	0.0	1.0	7	0	0	0	1.0
AF_outer	healthy_vs_degenerated_all	SALL1	0.0	1.0	5	0	0	0	1.0
AF_outer	healthy_vs_degenerated_all	NR2E1	0.0	1.0	13	0	0	0	1.0
AF_outer	healthy_vs_degenerated_all	ZFP42	0.0	1.0	13	0	0	0	1.0
AF_outer	healthy_vs_degenerated_all	HOXD4	0.0	1.0	6	0	0	0	1.0
AF_outer	healthy_vs_degenerated_all	FOXF1	0.0	1.0	5	0	0	0	1.0
AF_outer	healthy_vs_degenerated_all	MLXIP	0.0	1.0	5	0	0	0	1.0
AF_outer	healthy_vs_degenerated_all	KMT2B	0.0	1.0	13	0	0	0	1.0
AF_outer	healthy_vs_degenerated_all	NFIB	0.0	1.0	20	0	0	0	1.0
AF_outer	healthy_vs_degenerated_all	EBF3	0.0	1.0	8	0	0	0	1.0
AF_outer	healthy_vs_degenerated_all	EN1	0.0	1.0	9	0	0	0	1.0
AF_outer	healthy_vs_degenerated_all	MTA3	0.0	1.0	11	0	0	0	1.0
AF_outer	healthy_vs_degenerated_all	TBX18	0.0	1.0	10	0	0	0	1.0
AF_outer	healthy_vs_degenerated_all	PRDM4	0.0	1.0	6	0	0	0	1.0
AF_outer	healthy_vs_degenerated_all	MEIS2	0.0	1.0	7	0	0	0	1.0
AF_outer	healthy_vs_degenerated_all	EGR4	0.0	1.0	12	0	0	0	1.0
AF_outer	healthy_vs_degenerated_all	HSF4	0.0	1.0	10	0	0	0	1.0
AF_outer	healthy_vs_degenerated_all	DLX1	0.0	1.0	7	0	0	0	1.0
AF_outer	healthy_vs_degenerated_all	BCLAF1	0.0	1.0	7	0	0	0	1.0
AF_outer	healthy_vs_degenerated_all	KDM5C	0.0	1.0	12	0	0	0	1.0
AF_outer	healthy_vs_degenerated_all	AIP	0.0	1.0	5	0	0	0	1.0
AF_outer	healthy_vs_degenerated_all	PTF1A	0.0	1.0	9	0	0	0	1.0
AF_outer	healthy_vs_degenerated_all	FOSL2	0.0	1.0	34	0	0	0	1.0
AF_outer	healthy_vs_degenerated_all	MED1	0.0	1.0	13	0	0	0	1.0
AF_outer	healthy_vs_degenerated_all	SON	0.0	1.0	5	0	0	0	1.0
AF_outer	healthy_vs_degenerated_all	LYL1	0.0	1.0	12	0	0	0	1.0
AF_outer	healthy_vs_degenerated_all	GLIS3	0.0	1.0	5	0	0	0	1.0
AF_outer	healthy_vs_degenerated_all	HOXD1	0.0	1.0	5	0	0	0	1.0
AF_outer	healthy_vs_degenerated_all	SALL4	0.0	1.0	17	0	0	0	1.0
AF_outer	healthy_vs_degenerated_all	KDM5B	0.0	1.0	31	0	0	0	1.0
AF_outer	healthy_vs_degenerated_all	TADA2A	0.0	1.0	7	0	0	0	1.0
AF_outer	healthy_vs_degenerated_all	ARID5B	0.0	1.0	8	0	0	0	1.0
AF_outer	healthy_vs_degenerated_all	FEZF1	0.0	1.0	6	0	0	0	1.0
AF_outer	healthy_vs_degenerated_all	SATB2	0.0	1.0	23	0	0	0	1.0
AF_outer	healthy_vs_degenerated_all	NSD2	0.0	1.0	7	0	0	0	1.0
AF_outer	healthy_vs_degenerated_all	PBRM1	0.0	1.0	8	0	0	0	1.0
AF_outer	healthy_vs_degenerated_all	ZBTB4	0.0	1.0	12	0	0	0	1.0
AF_outer	healthy_vs_degenerated_all	THAP11	0.0	1.0	6	0	0	0	1.0
AF_outer	healthy_vs_degenerated_all	FOXJ1	0.0	1.0	14	0	0	0	1.0
AF_outer	healthy_vs_degenerated_all	SHOX2	0.0	1.0	5	0	0	0	1.0
AF_outer	healthy_vs_degenerated_all	TOX3	0.0	1.0	6	0	0	0	1.0
AF_outer	healthy_vs_degenerated_all	PPARGC1A	0.0	1.0	24	0	0	0	1.0
AF_outer	healthy_vs_degenerated_all	SOX3	0.0	1.0	5	0	0	0	1.0
AF_outer	healthy_vs_degenerated_all	BATF	0.0	1.0	12	0	0	0	1.0
AF_outer	healthy_vs_degenerated_all	ARID3B	0.0	1.0	5	0	0	0	1.0
AF_outer	healthy_vs_degenerated_all	ZNF300	0.0	1.0	7	0	0	0	1.0
AF_outer	healthy_vs_degenerated_all	NUPR1	0.0	1.0	6	0	0	0	1.0
AF_outer	healthy_vs_degenerated_all	CREB3L3	0.0	1.0	5	0	0	0	1.0
AF_outer	healthy_vs_degenerated_all	ZNF331	0.0	1.0	17	0	0	0	1.0
AF_outer	healthy_vs_degenerated_all	RFX3	0.0	1.0	5	0	0	0	1.0
AF_outer	healthy_vs_degenerated_all	ZNF382	0.0	1.0	11	0	0	0	1.0
AF_outer	healthy_vs_degenerated_all	HOXD8	0.0	1.0	5	0	0	0	1.0
AF_outer	healthy_vs_degenerated_all	LHX8	0.0	1.0	10	0	0	0	1.0
AF_outer	healthy_vs_degenerated_all	GRHL2	0.0	1.0	6	0	0	0	1.0
AF_outer	healthy_vs_degenerated_all	IRX1	0.0	1.0	16	0	0	0	1.0
AF_outer	healthy_vs_degenerated_all	SOX11	0.0	1.0	11	0	0	0	1.0
AF_outer	healthy_vs_degenerated_all	IRF6	0.0	1.0	14	0	0	0	1.0
AF_outer	healthy_vs_degenerated_all	E2F7	0.0	1.0	6	0	0	0	1.0
AF_outer	healthy_vs_degenerated_all	HEYL	0.0	1.0	5	0	0	0	1.0
AF_outer	healthy_vs_degenerated_all	MECP2	-0.04	0.009654921695882532	25	1	0	1	0.3067631938828132
AF_outer	healthy_vs_degenerated_all	VENTX	0.0	1.0	5	0	0	0	1.0
AF_outer	healthy_vs_degenerated_all	MAML1	0.0	1.0	5	0	0	0	1.0
AF_outer	healthy_vs_degenerated_all	DMAP1	0.0	1.0	5	0	0	0	1.0
AF_outer	healthy_vs_degenerated_all	LMX1A	0.0	1.0	5	0	0	0	1.0
AF_outer	healthy_vs_degenerated_all	DOT1L	0.0	1.0	8	0	0	0	1.0
AF_outer	healthy_vs_degenerated_all	ARID3A	0.0	1.0	6	0	0	0	1.0
AF_outer	healthy_vs_degenerated_all	ARID1A	0.0	1.0	7	0	0	0	1.0
AF_outer	healthy_vs_degenerated_all	ZBTB18	0.0	1.0	8	0	0	0	1.0
AF_outer	healthy_vs_degenerated_all	ZNF804A	0.0	1.0	8	0	0	0	1.0
AF_outer	healthy_vs_degenerated_all	TCF15	0.0	1.0	5	0	0	0	1.0
AF_outer	healthy_vs_degenerated_all	NPM1	0.0	1.0	12	0	0	0	1.0
AF_outer	healthy_vs_degenerated_all	SETBP1	0.0	1.0	5	0	0	0	1.0
AF_outer	healthy_vs_degenerated_all	KDM2A	0.0	1.0	10	0	0	0	1.0
AF_outer	healthy_vs_degenerated_all	MKX	0.0	1.0	6	0	0	0	1.0
AF_outer	healthy_vs_degenerated_all	ZFX	0.0	1.0	5	0	0	0	1.0
AF_outer	healthy_vs_degenerated_all	KLF17	0.0	1.0	5	0	0	0	1.0
AF_outer	healthy_vs_degenerated_all	HOXA4	0.0	1.0	5	0	0	0	1.0
AF_outer	healthy_vs_degenerated_all	HDAC3	0.0	1.0	20	0	0	0	1.0
AF_outer	healthy_vs_degenerated_all	ASXL1	0.0	1.0	5	0	0	0	1.0
AF_outer	healthy_vs_degenerated_all	BTG2	0.0	1.0	6	0	0	0	1.0
AF_outer	healthy_vs_degenerated_all	CHD4	0.0	1.0	5	0	0	0	1.0
AF_outer	healthy_vs_degenerated_all	CREB5	0.0	1.0	12	0	0	0	1.0
AF_outer	healthy_vs_degenerated_all	CTBP1	0.1111111111111111	0.0034847668711941743	9	1	1	0	0.22996657801941114
AF_outer	healthy_vs_degenerated_all	DACH1	0.0	1.0	6	0	0	0	1.0
AF_outer	healthy_vs_degenerated_all	HDAC1	0.0	1.0	70	0	0	0	1.0
AF_outer	healthy_vs_degenerated_all	HCFC1	0.0	1.0	7	0	0	0	1.0
AF_outer	healthy_vs_degenerated_all	ETV7	0.0	1.0	9	0	0	0	1.0
AF_outer	healthy_vs_degenerated_all	FHL2	0.0	1.0	7	0	0	0	1.0
AF_outer	healthy_vs_degenerated_all	HDAC4	0.0	1.0	21	0	0	0	1.0
AF_outer	healthy_vs_degenerated_all	HDAC5	0.0	1.0	8	0	0	0	1.0
AF_outer	healthy_vs_degenerated_all	HDAC7	0.0	1.0	11	0	0	0	1.0
AF_outer	healthy_vs_degenerated_all	HDAC9	0.0	1.0	18	0	0	0	1.0
AF_outer	healthy_vs_degenerated_all	ING4	0.0	1.0	14	0	0	0	1.0
AF_outer	healthy_vs_degenerated_all	MYOCD	0.0	1.0	6	0	0	0	1.0
AF_outer	healthy_vs_degenerated_all	PAWR	0.0	1.0	5	0	0	0	1.0
AF_outer	healthy_vs_degenerated_all	SIN3A	0.1111111111111111	0.0034847668711941743	9	1	1	0	0.22996657801941114
AF_outer	healthy_vs_degenerated_all	SMARCA4	0.0	1.0	10	0	0	0	1.0
AF_outer	healthy_vs_degenerated_all	SMARCB1	0.0	1.0	5	0	0	0	1.0
AF_outer	healthy_vs_degenerated_all	TRIM28	0.0	1.0	5	0	0	0	1.0
AF_outer	healthy_vs_degenerated_all	WWTR1	0.0	1.0	9	0	0	0	1.0
AF_outer	healthy_vs_degenerated_all	PIN1	0.0	1.0	5	0	0	0	1.0
AF_outer	healthy_vs_degenerated_all	FGF2	0.0	1.0	9	0	0	0	1.0
AF_outer	healthy_vs_degenerated_all	PARK7	0.0	1.0	8	0	0	0	1.0
AF_outer	healthy_vs_degenerated_all	YAP1	0.0	1.0	9	0	0	0	1.0
AF_outer	healthy_vs_degenerated_all	BCOR	0.0	1.0	7	0	0	0	1.0
AF_outer	healthy_vs_degenerated_all	BRD4	0.0	1.0	9	0	0	0	1.0
AF_outer	healthy_vs_degenerated_all	SRSF2	0.0	1.0	12	0	0	0	1.0
AF_outer	healthy_vs_degenerated_all	ZMYND8	0.0	1.0	7	0	0	0	1.0
AF_outer	healthy_vs_degenerated_all	ARID4B	0.0	1.0	12	0	0	0	1.0
AF_outer	healthy_vs_degenerated_all	AP1	-0.00228310502283105	0.00042252633176587275	438	3	1	2	0.09844863530144835
AF_outer	healthy_vs_degenerated_all	NFKB	-0.0015723270440251573	0.0012587556525402068	636	3	1	2	0.12915250982851437
AF_outer	healthy_vs_degenerated_severe	MYC	-0.0012787723785166241	0.5657907747926135	782	3	1	2	1.0
AF_outer	healthy_vs_degenerated_severe	SPI1	0.0	0.24156245863812228	251	2	1	1	1.0
AF_outer	healthy_vs_degenerated_severe	SMAD3	0.0	0.10474325447634521	147	2	1	1	1.0
AF_outer	healthy_vs_degenerated_severe	SMAD4	0.0	1.0	109	0	0	0	1.0
AF_outer	healthy_vs_degenerated_severe	STAT5A	0.006024096385542169	0.4650094704105739	166	1	1	0	1.0
AF_outer	healthy_vs_degenerated_severe	STAT5B	-0.012048192771084338	0.26795251104832807	83	1	0	1	1.0
AF_outer	healthy_vs_degenerated_severe	RELA	-0.00684931506849315	0.0011868829664327674	438	7	2	5	0.28432893132382747
AF_outer	healthy_vs_degenerated_severe	WT1	0.007874015748031496	0.37994217335533337	127	1	1	0	1.0
AF_outer	healthy_vs_degenerated_severe	NR0B2	0.01098901098901099	0.004780874295959636	91	3	2	1	0.5577686678619576
AF_outer	healthy_vs_degenerated_severe	SP1	0.0	0.1986308219346641	1052	6	3	3	1.0
AF_outer	healthy_vs_degenerated_severe	TP53	0.0	0.09565824870783862	847	6	3	3	1.0
AF_outer	healthy_vs_degenerated_severe	ZBTB16	0.0	1.0	43	0	0	0	1.0
AF_outer	healthy_vs_degenerated_severe	ETV6	0.0	1.0	21	0	0	0	1.0
AF_outer	healthy_vs_degenerated_severe	RUNX1	0.0	1.0	149	0	0	0	1.0
AF_outer	healthy_vs_degenerated_severe	STAT1	0.0	0.2360200656302682	247	2	1	1	1.0
AF_outer	healthy_vs_degenerated_severe	STAT3	0.002881844380403458	0.14028996290170298	347	3	2	1	1.0
AF_outer	healthy_vs_degenerated_severe	ETV4	0.0	1.0	56	0	0	0	1.0
AF_outer	healthy_vs_degenerated_severe	MTF1	0.0	1.0	29	0	0	0	1.0
AF_outer	healthy_vs_degenerated_severe	CREB1	-0.0028169014084507044	0.7397179915880661	355	1	0	1	1.0
AF_outer	healthy_vs_degenerated_severe	FOXA2	0.0	1.0	78	0	0	0	1.0
AF_outer	healthy_vs_degenerated_severe	NFATC2	0.0	1.0	61	0	0	0	1.0
AF_outer	healthy_vs_degenerated_severe	CEBPB	0.00847457627118644	0.14636958538720782	354	3	3	0	1.0
AF_outer	healthy_vs_degenerated_severe	FOS	-0.003937007874015748	0.6170520717862383	254	1	0	1	1.0
AF_outer	healthy_vs_degenerated_severe	PLAG1	0.0	1.0	8	0	0	0	1.0
AF_outer	healthy_vs_degenerated_severe	E2F1	0.006920415224913495	0.2943738016156633	289	2	2	0	1.0
AF_outer	healthy_vs_degenerated_severe	E2F3	0.0	1.0	67	0	0	0	1.0
AF_outer	healthy_vs_degenerated_severe	HBP1	0.0	1.0	39	0	0	0	1.0
AF_outer	healthy_vs_degenerated_severe	YY1	0.0	1.0	198	0	0	0	1.0
AF_outer	healthy_vs_degenerated_severe	ESR1	0.0	0.12375366796703767	511	4	2	2	1.0
AF_outer	healthy_vs_degenerated_severe	JUN	-0.008064516129032258	0.01031563661309866	496	6	1	5	0.9000438893144108
AF_outer	healthy_vs_degenerated_severe	NR1I3	0.0	1.0	41	0	0	0	1.0
AF_outer	healthy_vs_degenerated_severe	CEBPG	0.00684931506849315	0.017308395601684512	146	3	2	1	0.9000438893144108
AF_outer	healthy_vs_degenerated_severe	MAFK	-0.047619047619047616	0.07573697734618096	21	1	0	1	1.0
AF_outer	healthy_vs_degenerated_severe	NFE2L3	0.16666666666666666	0.02224049473066674	6	1	1	0	0.9000438893144108
AF_outer	healthy_vs_degenerated_severe	PHOX2A	0.0	1.0	8	0	0	0	1.0
AF_outer	healthy_vs_degenerated_severe	STAT4	0.047619047619047616	0.07573697734618096	21	1	1	0	1.0
AF_outer	healthy_vs_degenerated_severe	IRF1	0.0	1.0	127	0	0	0	1.0
AF_outer	healthy_vs_degenerated_severe	ATF2	0.0	1.0	98	0	0	0	1.0
AF_outer	healthy_vs_degenerated_severe	NR2C2	0.0	1.0	50	0	0	0	1.0
AF_outer	healthy_vs_degenerated_severe	IRF3	-0.016666666666666666	0.20173039702353443	60	1	0	1	1.0
AF_outer	healthy_vs_degenerated_severe	TFAP2A	-0.004	0.06694495272329587	250	3	1	2	1.0
AF_outer	healthy_vs_degenerated_severe	HNF1A	0.0	0.0312798001098557	74	2	1	1	0.9000438893144108
AF_outer	healthy_vs_degenerated_severe	ETS1	0.0	1.0	171	0	0	0	1.0
AF_outer	healthy_vs_degenerated_severe	ARNT	0.0	1.0	59	0	0	0	1.0
AF_outer	healthy_vs_degenerated_severe	AHR	0.013888888888888888	0.10119879655874994	144	2	2	0	1.0
AF_outer	healthy_vs_degenerated_severe	PAX6	0.008695652173913044	0.3511889528849316	115	1	1	0	1.0
AF_outer	healthy_vs_degenerated_severe	NFYA	0.0	1.0	82	0	0	0	1.0
AF_outer	healthy_vs_degenerated_severe	ZNF148	0.0	1.0	23	0	0	0	1.0
AF_outer	healthy_vs_degenerated_severe	NFIC	0.015625	0.21365578389811224	64	1	1	0	1.0
AF_outer	healthy_vs_degenerated_severe	RBPJ	0.0	1.0	111	0	0	0	1.0
AF_outer	healthy_vs_degenerated_severe	HES1	-0.014084507042253521	0.23410533219022775	71	1	0	1	1.0
AF_outer	healthy_vs_degenerated_severe	GATA4	0.0	1.0	91	0	0	0	1.0
AF_outer	healthy_vs_degenerated_severe	GATA6	0.0	1.0	59	0	0	0	1.0
AF_outer	healthy_vs_degenerated_severe	HNF4A	-0.005291005291005291	0.03372910206895538	189	3	1	2	0.9000438893144108
AF_outer	healthy_vs_degenerated_severe	RXRG	0.0	1.0	6	0	0	0	1.0
AF_outer	healthy_vs_degenerated_severe	RARA	0.006944444444444444	0.41854344467294646	144	1	1	0	1.0
AF_outer	healthy_vs_degenerated_severe	DBP	-0.041666666666666664	0.08608577171475836	24	1	0	1	1.0
AF_outer	healthy_vs_degenerated_severe	HLF	0.0	1.0	14	0	0	0	1.0
AF_outer	healthy_vs_degenerated_severe	PPARG	0.0034129692832764505	0.00471322608307337	293	5	3	2	0.5577686678619576
AF_outer	healthy_vs_degenerated_severe	MAX	0.0	1.0	44	0	0	0	1.0
AF_outer	healthy_vs_degenerated_severe	USF2	0.0	0.041144863511515924	86	2	1	1	0.9000438893144108
AF_outer	healthy_vs_degenerated_severe	IRF2	0.0	1.0	48	0	0	0	1.0
AF_outer	healthy_vs_degenerated_severe	SP3	0.0029069767441860465	0.13771193747629235	344	3	2	1	1.0
AF_outer	healthy_vs_degenerated_severe	AR	0.0	1.0	421	0	0	0	1.0
AF_outer	healthy_vs_degenerated_severe	CUX1	0.01098901098901099	0.28969605882943883	91	1	1	0	1.0
AF_outer	healthy_vs_degenerated_severe	ATF1	0.0	1.0	70	0	0	0	1.0
AF_outer	healthy_vs_degenerated_severe	KAT7	-0.015384615384615385	0.21660966761144806	65	1	0	1	1.0
AF_outer	healthy_vs_degenerated_severe	CREBZF	-0.08333333333333333	0.04399469130828964	12	1	0	1	0.9057730563471397
AF_outer	healthy_vs_degenerated_severe	GLI3	0.0	1.0	35	0	0	0	1.0
AF_outer	healthy_vs_degenerated_severe	NKX2-5	0.0	1.0	52	0	0	0	1.0
AF_outer	healthy_vs_degenerated_severe	TGFB1I1	0.0	1.0	12	0	0	0	1.0
AF_outer	healthy_vs_degenerated_severe	RARB	0.0	1.0	45	0	0	0	1.0
AF_outer	healthy_vs_degenerated_severe	RARG	0.0	1.0	33	0	0	0	1.0
AF_outer	healthy_vs_degenerated_severe	TEAD1	0.0	1.0	16	0	0	0	1.0
AF_outer	healthy_vs_degenerated_severe	PPARA	0.0	0.18400841531941892	209	2	1	1	1.0
AF_outer	healthy_vs_degenerated_severe	ESR2	-0.005847953216374269	0.47504977857931013	171	1	0	1	1.0
AF_outer	healthy_vs_degenerated_severe	NR3C1	0.0	0.19482701909861158	217	2	1	1	1.0
AF_outer	healthy_vs_degenerated_severe	PGR	0.0	0.06480333123768145	111	2	1	1	1.0
AF_outer	healthy_vs_degenerated_severe	NRG1	0.0	1.0	30	0	0	0	1.0
AF_outer	healthy_vs_degenerated_severe	TBP	0.0	1.0	125	0	0	0	1.0
AF_outer	healthy_vs_degenerated_severe	REL	0.012195121951219513	0.2651889888952952	82	1	1	0	1.0
AF_outer	healthy_vs_degenerated_severe	ISL1	0.0	1.0	23	0	0	0	1.0
AF_outer	healthy_vs_degenerated_severe	ZBTB14	0.0	1.0	6	0	0	0	1.0
AF_outer	healthy_vs_degenerated_severe	MYB	0.0	1.0	143	0	0	0	1.0
AF_outer	healthy_vs_degenerated_severe	PITX1	0.0	1.0	26	0	0	0	1.0
AF_outer	healthy_vs_degenerated_severe	EGR1	-0.003278688524590164	0.10584226267072953	305	3	1	2	1.0
AF_outer	healthy_vs_degenerated_severe	MYOD1	-0.008928571428571428	0.3437983117343206	112	1	0	1	1.0
AF_outer	healthy_vs_degenerated_severe	ETS2	0.011494252873563218	0.2789048230425705	87	1	1	0	1.0
AF_outer	healthy_vs_degenerated_severe	GTF2I	0.0	1.0	20	0	0	0	1.0
AF_outer	healthy_vs_degenerated_severe	NR2F1	-0.022727272727272728	0.15222574588569565	44	1	0	1	1.0
AF_outer	healthy_vs_degenerated_severe	ENO1	0.0	1.0	15	0	0	0	1.0
AF_outer	healthy_vs_degenerated_severe	JDP2	0.0	1.0	32	0	0	0	1.0
AF_outer	healthy_vs_degenerated_severe	MAZ	0.0	1.0	31	0	0	0	1.0
AF_outer	healthy_vs_degenerated_severe	NR4A1	0.0	1.0	80	0	0	0	1.0
AF_outer	healthy_vs_degenerated_severe	HMGA1	-0.018518518518518517	0.18350833466414737	54	1	0	1	1.0
AF_outer	healthy_vs_degenerated_severe	NFKB1	-0.009009009009009009	0.0002324391641520747	333	7	2	5	0.1627074149064523
AF_outer	healthy_vs_degenerated_severe	USF1	0.011904761904761904	0.13043976078140843	168	2	2	0	1.0
AF_outer	healthy_vs_degenerated_severe	DDIT3	0.0	1.0	84	0	0	0	1.0
AF_outer	healthy_vs_degenerated_severe	ATF4	0.0	1.0	110	0	0	0	1.0
AF_outer	healthy_vs_degenerated_severe	ATF3	0.010752688172043012	0.2950320019406665	93	1	1	0	1.0
AF_outer	healthy_vs_degenerated_severe	TAF1	0.0	1.0	39	0	0	0	1.0
AF_outer	healthy_vs_degenerated_severe	RUNX2	0.0	1.0	99	0	0	0	1.0
AF_outer	healthy_vs_degenerated_severe	TFAP2B	0.0	1.0	20	0	0	0	1.0
AF_outer	healthy_vs_degenerated_severe	CREM	0.01639344262295082	0.20472830151541724	61	1	1	0	1.0
AF_outer	healthy_vs_degenerated_severe	IRF8	0.0	1.0	50	0	0	0	1.0
AF_outer	healthy_vs_degenerated_severe	ETV5	0.0	1.0	16	0	0	0	1.0
AF_outer	healthy_vs_degenerated_severe	DMTF1	0.0	1.0	16	0	0	0	1.0
AF_outer	healthy_vs_degenerated_severe	NR5A1	0.013888888888888888	0.2369837026128911	72	1	1	0	1.0
AF_outer	healthy_vs_degenerated_severe	NEUROD2	0.0	1.0	9	0	0	0	1.0
AF_outer	healthy_vs_degenerated_severe	NEUROD1	0.044444444444444446	0.012282673667085934	45	2	2	0	0.9000438893144108
AF_outer	healthy_vs_degenerated_severe	HHEX	0.0	1.0	22	0	0	0	1.0
AF_outer	healthy_vs_degenerated_severe	FOXO3	0.005714285714285714	0.4829484899663266	175	1	1	0	1.0
AF_outer	healthy_vs_degenerated_severe	MBD1	0.0	1.0	15	0	0	0	1.0
AF_outer	healthy_vs_degenerated_severe	CEBPD	-0.014285714285714285	0.23121629142975908	70	1	0	1	1.0
AF_outer	healthy_vs_degenerated_severe	ELK1	0.0	1.0	52	0	0	0	1.0
AF_outer	healthy_vs_degenerated_severe	FLI1	0.0	1.0	75	0	0	0	1.0
AF_outer	healthy_vs_degenerated_severe	ELK4	0.0	1.0	6	0	0	0	1.0
AF_outer	healthy_vs_degenerated_severe	PREB	0.0	1.0	13	0	0	0	1.0
AF_outer	healthy_vs_degenerated_severe	POU1F1	0.0	1.0	39	0	0	0	1.0
AF_outer	healthy_vs_degenerated_severe	PAX5	0.0	1.0	48	0	0	0	1.0
AF_outer	healthy_vs_degenerated_severe	CEBPA	-0.005988023952095809	0.4670325145308101	167	1	0	1	1.0
AF_outer	healthy_vs_degenerated_severe	LITAF	0.0	1.0	24	0	0	0	1.0
AF_outer	healthy_vs_degenerated_severe	STAT6	0.0	1.0	88	0	0	0	1.0
AF_outer	healthy_vs_degenerated_severe	HIF1A	0.0026041666666666665	0.1733648692241634	384	3	2	1	1.0
AF_outer	healthy_vs_degenerated_severe	TP73	-0.009009009009009009	0.34131642729223316	111	1	0	1	1.0
AF_outer	healthy_vs_degenerated_severe	KLF11	0.0	1.0	18	0	0	0	1.0
AF_outer	healthy_vs_degenerated_severe	TCF4	0.0	1.0	46	0	0	0	1.0
AF_outer	healthy_vs_degenerated_severe	HIVEP2	0.0	1.0	11	0	0	0	1.0
AF_outer	healthy_vs_degenerated_severe	E2F4	-0.00625	0.4527117641121934	160	1	0	1	1.0
AF_outer	healthy_vs_degenerated_severe	GATA5	0.0	1.0	17	0	0	0	1.0
AF_outer	healthy_vs_degenerated_severe	SRF	0.0	1.0	81	0	0	0	1.0
AF_outer	healthy_vs_degenerated_severe	ELF1	0.0	1.0	61	0	0	0	1.0
AF_outer	healthy_vs_degenerated_severe	GATA3	-0.006944444444444444	0.41854344467294646	144	1	0	1	1.0
AF_outer	healthy_vs_degenerated_severe	MSX1	0.0	1.0	19	0	0	0	1.0
AF_outer	healthy_vs_degenerated_severe	OTX2	0.0	1.0	27	0	0	0	1.0
AF_outer	healthy_vs_degenerated_severe	LHX2	0.0	1.0	24	0	0	0	1.0
AF_outer	healthy_vs_degenerated_severe	GABPA	0.0	1.0	30	0	0	0	1.0
AF_outer	healthy_vs_degenerated_severe	HSF2	0.0	1.0	23	0	0	0	1.0
AF_outer	healthy_vs_degenerated_severe	VDR	0.0	0.06378492781695885	110	2	1	1	1.0
AF_outer	healthy_vs_degenerated_severe	HOXC8	0.0	1.0	14	0	0	0	1.0
AF_outer	healthy_vs_degenerated_severe	HR	-0.014084507042253521	0.23410533219022775	71	1	0	1	1.0
AF_outer	healthy_vs_degenerated_severe	RELB	0.0	1.0	41	0	0	0	1.0
AF_outer	healthy_vs_degenerated_severe	CEBPE	0.0	1.0	23	0	0	0	1.0
AF_outer	healthy_vs_degenerated_severe	NR0B1	0.0	1.0	38	0	0	0	1.0
AF_outer	healthy_vs_degenerated_severe	LEF1	0.0	0.039427991768557026	84	2	1	1	0.9000438893144108
AF_outer	healthy_vs_degenerated_severe	ID1	0.0	1.0	64	0	0	0	1.0
AF_outer	healthy_vs_degenerated_severe	ZNF143	0.0	1.0	25	0	0	0	1.0
AF_outer	healthy_vs_degenerated_severe	SOX9	0.0	1.0	76	0	0	0	1.0
AF_outer	healthy_vs_degenerated_severe	YBX1	-0.024390243902439025	0.037739514842969994	82	2	0	2	0.9000438893144108
AF_outer	healthy_vs_degenerated_severe	HSF1	-0.012048192771084338	0.26795251104832807	83	1	0	1	1.0
AF_outer	healthy_vs_degenerated_severe	FOXE1	0.0	1.0	5	0	0	0	1.0
AF_outer	healthy_vs_degenerated_severe	POU4F1	0.0	1.0	21	0	0	0	1.0
AF_outer	healthy_vs_degenerated_severe	NOTO	0.0	1.0	5	0	0	0	1.0
AF_outer	healthy_vs_degenerated_severe	HNF1B	0.02702702702702703	0.1296301146682461	37	1	1	0	1.0
AF_outer	healthy_vs_degenerated_severe	PAX3	0.0	1.0	84	0	0	0	1.0
AF_outer	healthy_vs_degenerated_severe	ID2	0.0	1.0	55	0	0	0	1.0
AF_outer	healthy_vs_degenerated_severe	MEF2A	0.0	1.0	83	0	0	0	1.0
AF_outer	healthy_vs_degenerated_severe	PDX1	0.0	1.0	58	0	0	0	1.0
AF_outer	healthy_vs_degenerated_severe	NR2F2	0.0	1.0	54	0	0	0	1.0
AF_outer	healthy_vs_degenerated_severe	NR1H4	0.010526315789473684	0.30032854640562445	95	1	1	0	1.0
AF_outer	healthy_vs_degenerated_severe	ASCL1	0.0	1.0	50	0	0	0	1.0
AF_outer	healthy_vs_degenerated_severe	RFX1	0.0	1.0	19	0	0	0	1.0
AF_outer	healthy_vs_degenerated_severe	CRX	0.0	1.0	21	0	0	0	1.0
AF_outer	healthy_vs_degenerated_severe	NRL	0.0	1.0	15	0	0	0	1.0
AF_outer	healthy_vs_degenerated_severe	UBTF	0.0	1.0	9	0	0	0	1.0
AF_outer	healthy_vs_degenerated_severe	MYBL2	0.0	1.0	47	0	0	0	1.0
AF_outer	healthy_vs_degenerated_severe	ELF2	0.0	1.0	8	0	0	0	1.0
AF_outer	healthy_vs_degenerated_severe	JUND	-0.025	0.036079940610027034	80	2	0	2	0.9000438893144108
AF_outer	healthy_vs_degenerated_severe	TP63	-0.011494252873563218	0.1380331472859088	174	2	0	2	1.0
AF_outer	healthy_vs_degenerated_severe	NFKBIB	0.0	1.0	17	0	0	0	1.0
AF_outer	healthy_vs_degenerated_severe	HOXC6	0.0	1.0	11	0	0	0	1.0
AF_outer	healthy_vs_degenerated_severe	FOXO1	0.004366812227074236	0.5788112844581614	229	1	1	0	1.0
AF_outer	healthy_vs_degenerated_severe	PITX2	0.0	1.0	100	0	0	0	1.0
AF_outer	healthy_vs_degenerated_severe	NR5A2	0.0	1.0	43	0	0	0	1.0
AF_outer	healthy_vs_degenerated_severe	POU2F1	0.012345679012345678	0.26241521482148616	81	1	1	0	1.0
AF_outer	healthy_vs_degenerated_severe	XBP1	0.0	1.0	47	0	0	0	1.0
AF_outer	healthy_vs_degenerated_severe	SREBF1	0.0	1.0	108	0	0	0	1.0
AF_outer	healthy_vs_degenerated_severe	TCF3	0.0	1.0	92	0	0	0	1.0
AF_outer	healthy_vs_degenerated_severe	LRRFIP1	0.0	1.0	13	0	0	0	1.0
AF_outer	healthy_vs_degenerated_severe	TCF12	-0.02702702702702703	0.1296301146682461	37	1	0	1	1.0
AF_outer	healthy_vs_degenerated_severe	E4F1	0.0	1.0	10	0	0	0	1.0
AF_outer	healthy_vs_degenerated_severe	HOXB1	0.0	1.0	6	0	0	0	1.0
AF_outer	healthy_vs_degenerated_severe	BRCA1	0.0	0.01861240981527591	56	2	1	1	0.9000438893144108
AF_outer	healthy_vs_degenerated_severe	ZNF362	0.0	1.0	14	0	0	0	1.0
AF_outer	healthy_vs_degenerated_severe	NRF1	-0.0125	0.25963115146470156	80	1	0	1	1.0
AF_outer	healthy_vs_degenerated_severe	GATA1	0.0	1.0	97	0	0	0	1.0
AF_outer	healthy_vs_degenerated_severe	MYCN	0.0	1.0	120	0	0	0	1.0
AF_outer	healthy_vs_degenerated_severe	PKNOX1	0.0	1.0	12	0	0	0	1.0
AF_outer	healthy_vs_degenerated_severe	NR4A3	0.03225806451612903	0.10979215044895352	31	1	1	0	1.0
AF_outer	healthy_vs_degenerated_severe	SSRP1	0.0	1.0	109	0	0	0	1.0
AF_outer	healthy_vs_degenerated_severe	ZNF91	0.02857142857142857	0.12306621977730721	35	1	1	0	1.0
AF_outer	healthy_vs_degenerated_severe	NR2C1	-0.07142857142857142	0.05113983658723006	14	1	0	1	0.917894502847719
AF_outer	healthy_vs_degenerated_severe	ID3	0.0	1.0	31	0	0	0	1.0
AF_outer	healthy_vs_degenerated_severe	ERF	0.0	1.0	15	0	0	0	1.0
AF_outer	healthy_vs_degenerated_severe	ZNF354C	0.0	1.0	22	0	0	0	1.0
AF_outer	healthy_vs_degenerated_severe	HMGA2	0.0	1.0	36	0	0	0	1.0
AF_outer	healthy_vs_degenerated_severe	POU2F2	0.034482758620689655	0.10308126529853305	29	1	1	0	1.0
AF_outer	healthy_vs_degenerated_severe	PHOX2B	0.0	1.0	11	0	0	0	1.0
AF_outer	healthy_vs_degenerated_severe	SREBF2	0.0	1.0	57	0	0	0	1.0
AF_outer	healthy_vs_degenerated_severe	ELF4	0.0	1.0	35	0	0	0	1.0
AF_outer	healthy_vs_degenerated_severe	TTF1	-0.021739130434782608	0.15857506748085123	46	1	0	1	1.0
AF_outer	healthy_vs_degenerated_severe	DLX4	0.0	1.0	34	0	0	0	1.0
AF_outer	healthy_vs_degenerated_severe	NR1I2	0.0	1.0	176	0	0	0	1.0
AF_outer	healthy_vs_degenerated_severe	NR1H3	0.0	1.0	101	0	0	0	1.0
AF_outer	healthy_vs_degenerated_severe	MITF	0.011494252873563218	0.2789048230425705	87	1	1	0	1.0
AF_outer	healthy_vs_degenerated_severe	NCOA1	-0.015151515151515152	0.21955264573687971	66	1	0	1	1.0
AF_outer	healthy_vs_degenerated_severe	NCOR1	-0.014705882352941176	0.22540604331936462	68	1	0	1	1.0
AF_outer	healthy_vs_degenerated_severe	FOSL1	0.022727272727272728	0.15222574588569565	44	1	1	0	1.0
AF_outer	healthy_vs_degenerated_severe	JUNB	-0.024691358024691357	0.03690608292192511	81	2	0	2	0.9000438893144108
AF_outer	healthy_vs_degenerated_severe	MTF2	0.0	1.0	6	0	0	0	1.0
AF_outer	healthy_vs_degenerated_severe	DNMT1	-0.006666666666666667	0.43159543817788976	150	1	0	1	1.0
AF_outer	healthy_vs_degenerated_severe	KLF5	0.0	1.0	67	0	0	0	1.0
AF_outer	healthy_vs_degenerated_severe	NR3C2	-0.023255813953488372	0.1490334517391898	43	1	0	1	1.0
AF_outer	healthy_vs_degenerated_severe	MYRF	0.0	1.0	7	0	0	0	1.0
AF_outer	healthy_vs_degenerated_severe	EBF1	0.0	1.0	25	0	0	0	1.0
AF_outer	healthy_vs_degenerated_severe	CREBBP	0.0	1.0	31	0	0	0	1.0
AF_outer	healthy_vs_degenerated_severe	ZFPM1	0.0	1.0	12	0	0	0	1.0
AF_outer	healthy_vs_degenerated_severe	APEX1	0.0	0.0075604078222029315	35	2	1	1	0.7560407822202931
AF_outer	healthy_vs_degenerated_severe	TEAD2	0.0	1.0	5	0	0	0	1.0
AF_outer	healthy_vs_degenerated_severe	TFAM	0.0	1.0	12	0	0	0	1.0
AF_outer	healthy_vs_degenerated_severe	IRF4	0.0	1.0	42	0	0	0	1.0
AF_outer	healthy_vs_degenerated_severe	ZBED1	0.0	1.0	19	0	0	0	1.0
AF_outer	healthy_vs_degenerated_severe	NCOA2	0.0	1.0	53	0	0	0	1.0
AF_outer	healthy_vs_degenerated_severe	FOXA1	0.0	1.0	45	0	0	0	1.0
AF_outer	healthy_vs_degenerated_severe	NR4A2	0.0	1.0	45	0	0	0	1.0
AF_outer	healthy_vs_degenerated_severe	KLF1	0.0	1.0	21	0	0	0	1.0
AF_outer	healthy_vs_degenerated_severe	LHX3	0.0	1.0	7	0	0	0	1.0
AF_outer	healthy_vs_degenerated_severe	CTCF	0.0	1.0	119	0	0	0	1.0
AF_outer	healthy_vs_degenerated_severe	BCL6	0.0	1.0	77	0	0	0	1.0
AF_outer	healthy_vs_degenerated_severe	RB1	0.0	1.0	32	0	0	0	1.0
AF_outer	healthy_vs_degenerated_severe	TFCP2	0.0	1.0	57	0	0	0	1.0
AF_outer	healthy_vs_degenerated_severe	REST	0.0	1.0	41	0	0	0	1.0
AF_outer	healthy_vs_degenerated_severe	ESRRA	0.025	0.13938552198711956	40	1	1	0	1.0
AF_outer	healthy_vs_degenerated_severe	HOXD3	0.0	1.0	9	0	0	0	1.0
AF_outer	healthy_vs_degenerated_severe	IRF9	0.0	1.0	17	0	0	0	1.0
AF_outer	healthy_vs_degenerated_severe	TFE3	0.0	1.0	33	0	0	0	1.0
AF_outer	healthy_vs_degenerated_severe	ZNF236	0.0	1.0	7	0	0	0	1.0
AF_outer	healthy_vs_degenerated_severe	TFAP2C	-0.041666666666666664	0.08608577171475836	24	1	0	1	1.0
AF_outer	healthy_vs_degenerated_severe	PAX8	0.0	1.0	24	0	0	0	1.0
AF_outer	healthy_vs_degenerated_severe	NKX2-1	0.0	1.0	44	0	0	0	1.0
AF_outer	healthy_vs_degenerated_severe	PBX1	0.0	1.0	43	0	0	0	1.0
AF_outer	healthy_vs_degenerated_severe	SP4	0.0	1.0	41	0	0	0	1.0
AF_outer	healthy_vs_degenerated_severe	CIITA	0.0	1.0	26	0	0	0	1.0
AF_outer	healthy_vs_degenerated_severe	CDX2	0.022727272727272728	0.15222574588569565	44	1	1	0	1.0
AF_outer	healthy_vs_degenerated_severe	ELF3	0.0	1.0	22	0	0	0	1.0
AF_outer	healthy_vs_degenerated_severe	ELF5	0.0	1.0	7	0	0	0	1.0
AF_outer	healthy_vs_degenerated_severe	ZEB1	0.0	1.0	47	0	0	0	1.0
AF_outer	healthy_vs_degenerated_severe	EGR3	0.0	1.0	25	0	0	0	1.0
AF_outer	healthy_vs_degenerated_severe	EWSR1	0.0	1.0	51	0	0	0	1.0
AF_outer	healthy_vs_degenerated_severe	NAB2	0.0	1.0	6	0	0	0	1.0
AF_outer	healthy_vs_degenerated_severe	DEAF1	0.0	1.0	11	0	0	0	1.0
AF_outer	healthy_vs_degenerated_severe	TBPL1	0.0	1.0	30	0	0	0	1.0
AF_outer	healthy_vs_degenerated_severe	MEF2C	0.0	1.0	57	0	0	0	1.0
AF_outer	healthy_vs_degenerated_severe	POU4F2	0.0	1.0	23	0	0	0	1.0
AF_outer	healthy_vs_degenerated_severe	TAL1	0.01282051282051282	0.25403200678432053	78	1	1	0	1.0
AF_outer	healthy_vs_degenerated_severe	EPAS1	0.0	1.0	79	0	0	0	1.0
AF_outer	healthy_vs_degenerated_severe	SMARCA1	0.0	1.0	41	0	0	0	1.0
AF_outer	healthy_vs_degenerated_severe	NFATC4	0.0	1.0	33	0	0	0	1.0
AF_outer	healthy_vs_degenerated_severe	FOXM1	0.012345679012345678	0.26241521482148616	81	1	1	0	1.0
AF_outer	healthy_vs_degenerated_severe	MYF5	0.0	1.0	17	0	0	0	1.0
AF_outer	healthy_vs_degenerated_severe	MYOG	0.0	1.0	42	0	0	0	1.0
AF_outer	healthy_vs_degenerated_severe	SMAD7	0.0	1.0	55	0	0	0	1.0
AF_outer	healthy_vs_degenerated_severe	SOX10	0.0	1.0	25	0	0	0	1.0
AF_outer	healthy_vs_degenerated_severe	POU3F1	0.07142857142857142	0.05113983658723006	14	1	1	0	0.917894502847719
AF_outer	healthy_vs_degenerated_severe	NKRF	0.0	1.0	8	0	0	0	1.0
AF_outer	healthy_vs_degenerated_severe	ATF6	0.0	1.0	47	0	0	0	1.0
AF_outer	healthy_vs_degenerated_severe	HOPX	0.0	1.0	5	0	0	0	1.0
AF_outer	healthy_vs_degenerated_severe	NKX6-1	0.0	1.0	8	0	0	0	1.0
AF_outer	healthy_vs_degenerated_severe	ERG	0.0	1.0	45	0	0	0	1.0
AF_outer	healthy_vs_degenerated_severe	PITX3	0.05	0.07226185383302641	20	1	1	0	1.0
AF_outer	healthy_vs_degenerated_severe	HOXB2	0.0	1.0	6	0	0	0	1.0
AF_outer	healthy_vs_degenerated_severe	SATB1	-0.02564102564102564	0.1361457193178947	39	1	0	1	1.0
AF_outer	healthy_vs_degenerated_severe	NFKB2	0.0	1.0	52	0	0	0	1.0
AF_outer	healthy_vs_degenerated_severe	RORA	0.0	1.0	55	0	0	0	1.0
AF_outer	healthy_vs_degenerated_severe	PROX1	0.0	1.0	25	0	0	0	1.0
AF_outer	healthy_vs_degenerated_severe	KLF3	0.0	1.0	9	0	0	0	1.0
AF_outer	healthy_vs_degenerated_severe	PEG3	0.0	1.0	7	0	0	0	1.0
AF_outer	healthy_vs_degenerated_severe	NR2E3	0.0	1.0	10	0	0	0	1.0
AF_outer	healthy_vs_degenerated_severe	NCOR2	0.0	1.0	53	0	0	0	1.0
AF_outer	healthy_vs_degenerated_severe	NCOA3	0.0	1.0	68	0	0	0	1.0
AF_outer	healthy_vs_degenerated_severe	ZFHX3	0.0	1.0	8	0	0	0	1.0
AF_outer	healthy_vs_degenerated_severe	SMAD1	0.0	1.0	60	0	0	0	1.0
AF_outer	healthy_vs_degenerated_severe	SPDEF	0.0	1.0	13	0	0	0	1.0
AF_outer	healthy_vs_degenerated_severe	PAX2	0.058823529411764705	0.06175925695216247	17	1	1	0	1.0
AF_outer	healthy_vs_degenerated_severe	KLF13	0.0	1.0	14	0	0	0	1.0
AF_outer	healthy_vs_degenerated_severe	GTF2IRD1	0.0	1.0	6	0	0	0	1.0
AF_outer	healthy_vs_degenerated_severe	MAFB	0.0	1.0	31	0	0	0	1.0
AF_outer	healthy_vs_degenerated_severe	NR2F6	0.0	1.0	7	0	0	0	1.0
AF_outer	healthy_vs_degenerated_severe	ELK3	0.0	1.0	21	0	0	0	1.0
AF_outer	healthy_vs_degenerated_severe	KLF6	0.0	1.0	48	0	0	0	1.0
AF_outer	healthy_vs_degenerated_severe	SNAI1	0.0	1.0	88	0	0	0	1.0
AF_outer	healthy_vs_degenerated_severe	HESX1	0.0	1.0	17	0	0	0	1.0
AF_outer	healthy_vs_degenerated_severe	BACH2	0.0	1.0	6	0	0	0	1.0
AF_outer	healthy_vs_degenerated_severe	PATZ1	0.0	1.0	9	0	0	0	1.0
AF_outer	healthy_vs_degenerated_severe	ZHX2	0.0	1.0	11	0	0	0	1.0
AF_outer	healthy_vs_degenerated_severe	ONECUT1	0.0	1.0	22	0	0	0	1.0
AF_outer	healthy_vs_degenerated_severe	RXRA	0.0	1.0	77	0	0	0	1.0
AF_outer	healthy_vs_degenerated_severe	NR1H2	0.0	1.0	37	0	0	0	1.0
AF_outer	healthy_vs_degenerated_severe	KAT5	0.0	1.0	48	0	0	0	1.0
AF_outer	healthy_vs_degenerated_severe	GBX2	0.0	1.0	6	0	0	0	1.0
AF_outer	healthy_vs_degenerated_severe	YBX3	0.0	1.0	23	0	0	0	1.0
AF_outer	healthy_vs_degenerated_severe	SMAD6	0.0	1.0	23	0	0	0	1.0
AF_outer	healthy_vs_degenerated_severe	MYBL1	0.0	1.0	11	0	0	0	1.0
AF_outer	healthy_vs_degenerated_severe	CDX1	0.0	1.0	26	0	0	0	1.0
AF_outer	healthy_vs_degenerated_severe	TFDP1	0.0	1.0	31	0	0	0	1.0
AF_outer	healthy_vs_degenerated_severe	KLF12	0.0	1.0	9	0	0	0	1.0
AF_outer	healthy_vs_degenerated_severe	KMT2A	0.0	1.0	66	0	0	0	1.0
AF_outer	healthy_vs_degenerated_severe	GATA2	0.0	1.0	66	0	0	0	1.0
AF_outer	healthy_vs_degenerated_severe	PRDM1	0.0	1.0	45	0	0	0	1.0
AF_outer	healthy_vs_degenerated_severe	MXD1	0.0	1.0	21	0	0	0	1.0
AF_outer	healthy_vs_degenerated_severe	CLOCK	0.0	1.0	56	0	0	0	1.0
AF_outer	healthy_vs_degenerated_severe	BHLHE40	0.0	1.0	31	0	0	0	1.0
AF_outer	healthy_vs_degenerated_severe	SRY	-0.029411764705882353	0.11976605372144697	34	1	0	1	1.0
AF_outer	healthy_vs_degenerated_severe	MAF	-0.024390243902439025	0.1426133828073954	41	1	0	1	1.0
AF_outer	healthy_vs_degenerated_severe	AIRE	0.0	1.0	12	0	0	0	1.0
AF_outer	healthy_vs_degenerated_severe	ZGPAT	0.0	1.0	9	0	0	0	1.0
AF_outer	healthy_vs_degenerated_severe	ETV1	0.0	1.0	19	0	0	0	1.0
AF_outer	healthy_vs_degenerated_severe	KLF4	0.0	1.0	106	0	0	0	1.0
AF_outer	healthy_vs_degenerated_severe	EGR2	0.0	1.0	57	0	0	0	1.0
AF_outer	healthy_vs_degenerated_severe	SIX4	0.2	0.018567801815336044	5	1	1	0	0.9000438893144108
AF_outer	healthy_vs_degenerated_severe	NEUROG3	0.0	1.0	18	0	0	0	1.0
AF_outer	healthy_vs_degenerated_severe	CXXC1	0.0	1.0	19	0	0	0	1.0
AF_outer	healthy_vs_degenerated_severe	TBX21	0.0	1.0	34	0	0	0	1.0
AF_outer	healthy_vs_degenerated_severe	HOXA10	0.0	1.0	44	0	0	0	1.0
AF_outer	healthy_vs_degenerated_severe	LMX1B	0.0	1.0	16	0	0	0	1.0
AF_outer	healthy_vs_degenerated_severe	TBX2	0.0	1.0	26	0	0	0	1.0
AF_outer	healthy_vs_degenerated_severe	ZNF699	0.0	1.0	39	0	0	0	1.0
AF_outer	healthy_vs_degenerated_severe	RFX5	0.0	1.0	18	0	0	0	1.0
AF_outer	healthy_vs_degenerated_severe	RFXANK	0.0	1.0	13	0	0	0	1.0
AF_outer	healthy_vs_degenerated_severe	RFXAP	0.0	1.0	12	0	0	0	1.0
AF_outer	healthy_vs_degenerated_severe	BARX2	0.0	1.0	12	0	0	0	1.0
AF_outer	healthy_vs_degenerated_severe	FOXO4	0.0	1.0	26	0	0	0	1.0
AF_outer	healthy_vs_degenerated_severe	DLX5	0.0	1.0	32	0	0	0	1.0
AF_outer	healthy_vs_degenerated_severe	ID4	0.0	1.0	12	0	0	0	1.0
AF_outer	healthy_vs_degenerated_severe	SPIB	0.0	1.0	12	0	0	0	1.0
AF_outer	healthy_vs_degenerated_severe	FOXN1	0.0	1.0	39	0	0	0	1.0
AF_outer	healthy_vs_degenerated_severe	TBX5	0.0	1.0	19	0	0	0	1.0
AF_outer	healthy_vs_degenerated_severe	TLX1	0.125	0.029545406048209513	8	1	1	0	0.9000438893144108
AF_outer	healthy_vs_degenerated_severe	HIVEP1	0.0	1.0	8	0	0	0	1.0
AF_outer	healthy_vs_degenerated_severe	SMAD2	-0.011904761904761904	0.2707058185095299	84	1	0	1	1.0
AF_outer	healthy_vs_degenerated_severe	NKX3-1	0.0	1.0	63	0	0	0	1.0
AF_outer	healthy_vs_degenerated_severe	HAND1	0.0	1.0	10	0	0	0	1.0
AF_outer	healthy_vs_degenerated_severe	HAND2	0.03571428571428571	0.099707203383065	28	1	1	0	1.0
AF_outer	healthy_vs_degenerated_severe	PAX7	0.0	1.0	11	0	0	0	1.0
AF_outer	healthy_vs_degenerated_severe	SFPQ	0.0	1.0	26	0	0	0	1.0
AF_outer	healthy_vs_degenerated_severe	BMAL1	0.0	1.0	48	0	0	0	1.0
AF_outer	healthy_vs_degenerated_severe	SKIL	0.0	1.0	19	0	0	0	1.0
AF_outer	healthy_vs_degenerated_severe	TBXT	0.0	1.0	11	0	0	0	1.0
AF_outer	healthy_vs_degenerated_severe	MSX2	0.0	1.0	35	0	0	0	1.0
AF_outer	healthy_vs_degenerated_severe	MZF1	0.0	1.0	18	0	0	0	1.0
AF_outer	healthy_vs_degenerated_severe	HOXA5	0.0	1.0	14	0	0	0	1.0
AF_outer	healthy_vs_degenerated_severe	HOXB4	0.0	1.0	10	0	0	0	1.0
AF_outer	healthy_vs_degenerated_severe	CREB3	0.0	1.0	10	0	0	0	1.0
AF_outer	healthy_vs_degenerated_severe	NFE2	0.0	1.0	15	0	0	0	1.0
AF_outer	healthy_vs_degenerated_severe	ZNF76	0.0	1.0	7	0	0	0	1.0
AF_outer	healthy_vs_degenerated_severe	FOXQ1	0.0	1.0	15	0	0	0	1.0
AF_outer	healthy_vs_degenerated_severe	ZGLP1	0.0	1.0	16	0	0	0	1.0
AF_outer	healthy_vs_degenerated_severe	NFYB	0.0	1.0	35	0	0	0	1.0
AF_outer	healthy_vs_degenerated_severe	ETV3	0.0	1.0	11	0	0	0	1.0
AF_outer	healthy_vs_degenerated_severe	GSC	0.0	1.0	9	0	0	0	1.0
AF_outer	healthy_vs_degenerated_severe	IRF7	0.0	1.0	14	0	0	0	1.0
AF_outer	healthy_vs_degenerated_severe	NFATC3	0.0	1.0	25	0	0	0	1.0
AF_outer	healthy_vs_degenerated_severe	KDM5A	0.0	1.0	15	0	0	0	1.0
AF_outer	healthy_vs_degenerated_severe	GRHL3	0.0	1.0	23	0	0	0	1.0
AF_outer	healthy_vs_degenerated_severe	THRA	0.0	1.0	60	0	0	0	1.0
AF_outer	healthy_vs_degenerated_severe	SOX17	0.0	1.0	38	0	0	0	1.0
AF_outer	healthy_vs_degenerated_severe	ZIC2	0.0	1.0	6	0	0	0	1.0
AF_outer	healthy_vs_degenerated_severe	TBX15	0.0	1.0	27	0	0	0	1.0
AF_outer	healthy_vs_degenerated_severe	NFAT5	0.0	1.0	43	0	0	0	1.0
AF_outer	healthy_vs_degenerated_severe	MEF2B	0.0	1.0	5	0	0	0	1.0
AF_outer	healthy_vs_degenerated_severe	BMAL2	0.0	1.0	7	0	0	0	1.0
AF_outer	healthy_vs_degenerated_severe	NFE2L2	0.0	0.1354908992960391	172	2	1	1	1.0
AF_outer	healthy_vs_degenerated_severe	ZIC1	0.0	1.0	11	0	0	0	1.0
AF_outer	healthy_vs_degenerated_severe	MEIS1	0.0	1.0	16	0	0	0	1.0
AF_outer	healthy_vs_degenerated_severe	HOXA9	0.0	1.0	34	0	0	0	1.0
AF_outer	healthy_vs_degenerated_severe	MAFA	-0.07692307692307693	0.04757384880274612	13	1	0	1	0.917894502847719
AF_outer	healthy_vs_degenerated_severe	NR1D1	0.0	1.0	21	0	0	0	1.0
AF_outer	healthy_vs_degenerated_severe	MYF6	0.0	1.0	8	0	0	0	1.0
AF_outer	healthy_vs_degenerated_severe	ZNF263	0.0	1.0	9	0	0	0	1.0
AF_outer	healthy_vs_degenerated_severe	NFIA	0.022727272727272728	0.15222574588569565	44	1	1	0	1.0
AF_outer	healthy_vs_degenerated_severe	HEY2	0.0	1.0	15	0	0	0	1.0
AF_outer	healthy_vs_degenerated_severe	HOXB7	0.0	1.0	18	0	0	0	1.0
AF_outer	healthy_vs_degenerated_severe	ZNF350	0.0	1.0	9	0	0	0	1.0
AF_outer	healthy_vs_degenerated_severe	BCL11A	0.0	1.0	9	0	0	0	1.0
AF_outer	healthy_vs_degenerated_severe	TWIST1	0.0	1.0	69	0	0	0	1.0
AF_outer	healthy_vs_degenerated_severe	ZNF395	0.0	1.0	5	0	0	0	1.0
AF_outer	healthy_vs_degenerated_severe	TFDP2	0.0	1.0	6	0	0	0	1.0
AF_outer	healthy_vs_degenerated_severe	GTF3A	0.0	1.0	21	0	0	0	1.0
AF_outer	healthy_vs_degenerated_severe	KLF10	0.041666666666666664	0.08608577171475836	24	1	1	0	1.0
AF_outer	healthy_vs_degenerated_severe	KLF2	-0.02040816326530612	0.16801152039433823	49	1	0	1	1.0
AF_outer	healthy_vs_degenerated_severe	PHF20	0.0	1.0	9	0	0	0	1.0
AF_outer	healthy_vs_degenerated_severe	TGIF1	0.0	1.0	9	0	0	0	1.0
AF_outer	healthy_vs_degenerated_severe	FOXG1	0.0	1.0	16	0	0	0	1.0
AF_outer	healthy_vs_degenerated_severe	SF1	0.0	1.0	8	0	0	0	1.0
AF_outer	healthy_vs_degenerated_severe	MBD2	0.0	1.0	76	0	0	0	1.0
AF_outer	healthy_vs_degenerated_severe	FOXF2	0.0	1.0	11	0	0	0	1.0
AF_outer	healthy_vs_degenerated_severe	ZBTB32	0.0	1.0	5	0	0	0	1.0
AF_outer	healthy_vs_degenerated_severe	HEY1	0.0	1.0	26	0	0	0	1.0
AF_outer	healthy_vs_degenerated_severe	ZBTB17	0.0	1.0	39	0	0	0	1.0
AF_outer	healthy_vs_degenerated_severe	IRF5	0.0	1.0	20	0	0	0	1.0
AF_outer	healthy_vs_degenerated_severe	THRB	0.0	1.0	43	0	0	0	1.0
AF_outer	healthy_vs_degenerated_severe	POU3F2	0.0	1.0	21	0	0	0	1.0
AF_outer	healthy_vs_degenerated_severe	FOXI1	0.0	1.0	7	0	0	0	1.0
AF_outer	healthy_vs_degenerated_severe	KCNIP3	0.0	1.0	12	0	0	0	1.0
AF_outer	healthy_vs_degenerated_severe	FOSB	-0.03125	0.11312906347641823	32	1	0	1	1.0
AF_outer	healthy_vs_degenerated_severe	NFE2L1	-0.1111111111111111	0.033177721900636184	9	1	0	1	0.9000438893144108
AF_outer	healthy_vs_degenerated_severe	TRERF1	0.0	1.0	11	0	0	0	1.0
AF_outer	healthy_vs_degenerated_severe	FOXP1	0.0	1.0	17	0	0	0	1.0
AF_outer	healthy_vs_degenerated_severe	FOXP2	0.0	1.0	6	0	0	0	1.0
AF_outer	healthy_vs_degenerated_severe	BARX1	0.0	1.0	8	0	0	0	1.0
AF_outer	healthy_vs_degenerated_severe	ZFPM2	0.0	1.0	8	0	0	0	1.0
AF_outer	healthy_vs_degenerated_severe	IKZF1	0.0	1.0	32	0	0	0	1.0
AF_outer	healthy_vs_degenerated_severe	BCL3	0.041666666666666664	0.08608577171475836	24	1	1	0	1.0
AF_outer	healthy_vs_degenerated_severe	SP2	0.0	1.0	19	0	0	0	1.0
AF_outer	healthy_vs_degenerated_severe	SIM2	0.0	1.0	9	0	0	0	1.0
AF_outer	healthy_vs_degenerated_severe	NFATC1	0.0	1.0	87	0	0	0	1.0
AF_outer	healthy_vs_degenerated_severe	POU2F3	0.0	1.0	6	0	0	0	1.0
AF_outer	healthy_vs_degenerated_severe	HOXA7	0.0	1.0	12	0	0	0	1.0
AF_outer	healthy_vs_degenerated_severe	NPAS2	0.0	1.0	8	0	0	0	1.0
AF_outer	healthy_vs_degenerated_severe	DLX2	0.0	1.0	18	0	0	0	1.0
AF_outer	healthy_vs_degenerated_severe	PRRX1	0.0	1.0	6	0	0	0	1.0
AF_outer	healthy_vs_degenerated_severe	VEZF1	0.0	1.0	6	0	0	0	1.0
AF_outer	healthy_vs_degenerated_severe	CTBP2	0.08333333333333333	0.04399469130828964	12	1	1	0	0.9057730563471397
AF_outer	healthy_vs_degenerated_severe	SOX6	0.0	1.0	19	0	0	0	1.0
AF_outer	healthy_vs_degenerated_severe	HIPK2	0.0	1.0	8	0	0	0	1.0
AF_outer	healthy_vs_degenerated_severe	FOXA3	0.0	1.0	9	0	0	0	1.0
AF_outer	healthy_vs_degenerated_severe	RORC	0.0	1.0	8	0	0	0	1.0
AF_outer	healthy_vs_degenerated_severe	SIX3	0.0	1.0	5	0	0	0	1.0
AF_outer	healthy_vs_degenerated_severe	PPARD	0.011904761904761904	0.2707058185095299	84	1	1	0	1.0
AF_outer	healthy_vs_degenerated_severe	MECOM	0.05555555555555555	0.06527304032510582	18	1	1	0	1.0
AF_outer	healthy_vs_degenerated_severe	SIRT1	0.038461538461538464	0.016179243437188014	52	2	2	0	0.9000438893144108
AF_outer	healthy_vs_degenerated_severe	ZBTB7B	0.0	1.0	14	0	0	0	1.0
AF_outer	healthy_vs_degenerated_severe	ZBTB7A	0.0	1.0	33	0	0	0	1.0
AF_outer	healthy_vs_degenerated_severe	NR6A1	0.0	1.0	9	0	0	0	1.0
AF_outer	healthy_vs_degenerated_severe	STAT2	0.0	1.0	39	0	0	0	1.0
AF_outer	healthy_vs_degenerated_severe	ESRRG	0.05	0.07226185383302641	20	1	1	0	1.0
AF_outer	healthy_vs_degenerated_severe	PRDM2	0.0	1.0	10	0	0	0	1.0
AF_outer	healthy_vs_degenerated_severe	PURA	0.0	1.0	16	0	0	0	1.0
AF_outer	healthy_vs_degenerated_severe	TBX1	0.0	1.0	9	0	0	0	1.0
AF_outer	healthy_vs_degenerated_severe	SALL2	0.0	1.0	5	0	0	0	1.0
AF_outer	healthy_vs_degenerated_severe	ATOH1	0.0	1.0	5	0	0	0	1.0
AF_outer	healthy_vs_degenerated_severe	NEUROD6	0.0	1.0	9	0	0	0	1.0
AF_outer	healthy_vs_degenerated_severe	NEUROG1	0.0	1.0	10	0	0	0	1.0
AF_outer	healthy_vs_degenerated_severe	NEUROG2	0.0	1.0	15	0	0	0	1.0
AF_outer	healthy_vs_degenerated_severe	AHRR	0.0	1.0	5	0	0	0	1.0
AF_outer	healthy_vs_degenerated_severe	HMGB2	0.0	1.0	9	0	0	0	1.0
AF_outer	healthy_vs_degenerated_severe	DLX3	0.0	1.0	12	0	0	0	1.0
AF_outer	healthy_vs_degenerated_severe	TWIST2	0.0	1.0	33	0	0	0	1.0
AF_outer	healthy_vs_degenerated_severe	TFAP4	0.02857142857142857	0.12306621977730721	35	1	1	0	1.0
AF_outer	healthy_vs_degenerated_severe	KAT6B	0.0	1.0	7	0	0	0	1.0
AF_outer	healthy_vs_degenerated_severe	SALL3	0.0	1.0	9	0	0	0	1.0
AF_outer	healthy_vs_degenerated_severe	MXI1	0.0	1.0	9	0	0	0	1.0
AF_outer	healthy_vs_degenerated_severe	E2F5	0.0	1.0	10	0	0	0	1.0
AF_outer	healthy_vs_degenerated_severe	E2F2	0.0	1.0	49	0	0	0	1.0
AF_outer	healthy_vs_degenerated_severe	FOXD3	0.0	1.0	14	0	0	0	1.0
AF_outer	healthy_vs_degenerated_severe	POU5F1	0.0	1.0	71	0	0	0	1.0
AF_outer	healthy_vs_degenerated_severe	PLAGL1	0.0	1.0	16	0	0	0	1.0
AF_outer	healthy_vs_degenerated_severe	SNAI2	0.0	1.0	44	0	0	0	1.0
AF_outer	healthy_vs_degenerated_severe	NOTCH1	0.0	1.0	51	0	0	0	1.0
AF_outer	healthy_vs_degenerated_severe	FOXC2	0.0	1.0	17	0	0	0	1.0
AF_outer	healthy_vs_degenerated_severe	FOXD1	0.0	1.0	6	0	0	0	1.0
AF_outer	healthy_vs_degenerated_severe	KLF9	0.0	1.0	22	0	0	0	1.0
AF_outer	healthy_vs_degenerated_severe	TBPL2	0.0	1.0	8	0	0	0	1.0
AF_outer	healthy_vs_degenerated_severe	NFIL3	0.0	1.0	22	0	0	0	1.0
AF_outer	healthy_vs_degenerated_severe	ZNF384	0.0	1.0	19	0	0	0	1.0
AF_outer	healthy_vs_degenerated_severe	HOXA11	0.0	1.0	6	0	0	0	1.0
AF_outer	healthy_vs_degenerated_severe	MEF2D	0.0	1.0	20	0	0	0	1.0
AF_outer	healthy_vs_degenerated_severe	SMAD5	0.0	1.0	32	0	0	0	1.0
AF_outer	healthy_vs_degenerated_severe	PBX2	0.0	1.0	8	0	0	0	1.0
AF_outer	healthy_vs_degenerated_severe	EMX2	0.0	1.0	7	0	0	0	1.0
AF_outer	healthy_vs_degenerated_severe	MLXIPL	0.0	1.0	14	0	0	0	1.0
AF_outer	healthy_vs_degenerated_severe	ZBTB33	0.0	1.0	9	0	0	0	1.0
AF_outer	healthy_vs_degenerated_severe	ETV2	0.0	1.0	7	0	0	0	1.0
AF_outer	healthy_vs_degenerated_severe	KLF15	0.0	1.0	19	0	0	0	1.0
AF_outer	healthy_vs_degenerated_severe	DNMT3A	0.0	1.0	53	0	0	0	1.0
AF_outer	healthy_vs_degenerated_severe	DNMT3B	-0.015384615384615385	0.21660966761144806	65	1	0	1	1.0
AF_outer	healthy_vs_degenerated_severe	OLIG1	0.0	1.0	5	0	0	0	1.0
AF_outer	healthy_vs_degenerated_severe	OLIG2	0.0	1.0	15	0	0	0	1.0
AF_outer	healthy_vs_degenerated_severe	RREB1	0.0	1.0	7	0	0	0	1.0
AF_outer	healthy_vs_degenerated_severe	ZNF202	0.0	1.0	6	0	0	0	1.0
AF_outer	healthy_vs_degenerated_severe	MAFG	-0.1111111111111111	0.033177721900636184	9	1	0	1	0.9000438893144108
AF_outer	healthy_vs_degenerated_severe	TEF	0.0	1.0	12	0	0	0	1.0
AF_outer	healthy_vs_degenerated_severe	HOXD13	0.0	1.0	17	0	0	0	1.0
AF_outer	healthy_vs_degenerated_severe	ZKSCAN7	0.09090909090909091	0.04040231632260003	11	1	1	0	0.9000438893144108
AF_outer	healthy_vs_degenerated_severe	BACH1	0.07142857142857142	0.05113983658723006	14	1	1	0	0.917894502847719
AF_outer	healthy_vs_degenerated_severe	MYT1	0.0	1.0	6	0	0	0	1.0
AF_outer	healthy_vs_degenerated_severe	ZNF160	0.0	1.0	5	0	0	0	1.0
AF_outer	healthy_vs_degenerated_severe	TEAD4	0.0	1.0	8	0	0	0	1.0
AF_outer	healthy_vs_degenerated_severe	GCM1	0.0	1.0	9	0	0	0	1.0
AF_outer	healthy_vs_degenerated_severe	BHLHE41	0.0	1.0	22	0	0	0	1.0
AF_outer	healthy_vs_degenerated_severe	MTA1	-0.022727272727272728	0.15222574588569565	44	1	0	1	1.0
AF_outer	healthy_vs_degenerated_severe	EHF	0.0	1.0	11	0	0	0	1.0
AF_outer	healthy_vs_degenerated_severe	TCF7L2	0.0	1.0	97	0	0	0	1.0
AF_outer	healthy_vs_degenerated_severe	VSX2	0.0	1.0	28	0	0	0	1.0
AF_outer	healthy_vs_degenerated_severe	TSC22D1	0.0	1.0	7	0	0	0	1.0
AF_outer	healthy_vs_degenerated_severe	SOX5	0.0	1.0	17	0	0	0	1.0
AF_outer	healthy_vs_degenerated_severe	SOX2	0.0	1.0	56	0	0	0	1.0
AF_outer	healthy_vs_degenerated_severe	NKX3-2	0.0	1.0	7	0	0	0	1.0
AF_outer	healthy_vs_degenerated_severe	PAX9	0.0	1.0	8	0	0	0	1.0
AF_outer	healthy_vs_degenerated_severe	TCF21	0.0	1.0	9	0	0	0	1.0
AF_outer	healthy_vs_degenerated_severe	HIC1	0.0	1.0	21	0	0	0	1.0
AF_outer	healthy_vs_degenerated_severe	ZEB2	0.0	1.0	26	0	0	0	1.0
AF_outer	healthy_vs_degenerated_severe	ZNF335	0.0	1.0	7	0	0	0	1.0
AF_outer	healthy_vs_degenerated_severe	NONO	0.0	1.0	17	0	0	0	1.0
AF_outer	healthy_vs_degenerated_severe	CEBPZ	0.0	1.0	16	0	0	0	1.0
AF_outer	healthy_vs_degenerated_severe	SIX1	0.0	1.0	10	0	0	0	1.0
AF_outer	healthy_vs_degenerated_severe	NFIX	0.0	1.0	21	0	0	0	1.0
AF_outer	healthy_vs_degenerated_severe	MNT	0.0	1.0	10	0	0	0	1.0
AF_outer	healthy_vs_degenerated_severe	KDM5D	0.0	1.0	5	0	0	0	1.0
AF_outer	healthy_vs_degenerated_severe	TBX6	0.0	1.0	8	0	0	0	1.0
AF_outer	healthy_vs_degenerated_severe	HOXA1	0.043478260869565216	0.08264889009376732	23	1	1	0	1.0
AF_outer	healthy_vs_degenerated_severe	BCL11B	0.0	1.0	20	0	0	0	1.0
AF_outer	healthy_vs_degenerated_severe	RXRB	0.0	1.0	11	0	0	0	1.0
AF_outer	healthy_vs_degenerated_severe	E2F6	0.0	1.0	37	0	0	0	1.0
AF_outer	healthy_vs_degenerated_severe	HOXA13	0.0	1.0	13	0	0	0	1.0
AF_outer	healthy_vs_degenerated_severe	KAT6A	0.0	1.0	12	0	0	0	1.0
AF_outer	healthy_vs_degenerated_severe	GFI1	0.0	1.0	42	0	0	0	1.0
AF_outer	healthy_vs_degenerated_severe	RUNX3	0.0	1.0	56	0	0	0	1.0
AF_outer	healthy_vs_degenerated_severe	GLI1	0.0	1.0	149	0	0	0	1.0
AF_outer	healthy_vs_degenerated_severe	KLF8	0.0	1.0	19	0	0	0	1.0
AF_outer	healthy_vs_degenerated_severe	HIF3A	0.0	1.0	6	0	0	0	1.0
AF_outer	healthy_vs_degenerated_severe	BHLHA15	0.0	1.0	12	0	0	0	1.0
AF_outer	healthy_vs_degenerated_severe	MEOX2	0.0	1.0	6	0	0	0	1.0
AF_outer	healthy_vs_degenerated_severe	JARID2	0.0	1.0	12	0	0	0	1.0
AF_outer	healthy_vs_degenerated_severe	NFYC	0.0	1.0	20	0	0	0	1.0
AF_outer	healthy_vs_degenerated_severe	GFI1B	0.0	1.0	10	0	0	0	1.0
AF_outer	healthy_vs_degenerated_severe	ASCL2	0.0	1.0	8	0	0	0	1.0
AF_outer	healthy_vs_degenerated_severe	MSC	0.0	1.0	23	0	0	0	1.0
AF_outer	healthy_vs_degenerated_severe	HOXB9	0.0	1.0	6	0	0	0	1.0
AF_outer	healthy_vs_degenerated_severe	HLX	0.0	1.0	13	0	0	0	1.0
AF_outer	healthy_vs_degenerated_severe	RCOR2	0.0	1.0	13	0	0	0	1.0
AF_outer	healthy_vs_degenerated_severe	NKX2-2	0.0	1.0	12	0	0	0	1.0
AF_outer	healthy_vs_degenerated_severe	ARID4A	0.0	1.0	6	0	0	0	1.0
AF_outer	healthy_vs_degenerated_severe	HINFP	0.0	1.0	10	0	0	0	1.0
AF_outer	healthy_vs_degenerated_severe	SMARCC1	0.0	1.0	7	0	0	0	1.0
AF_outer	healthy_vs_degenerated_severe	KAT2B	0.0	1.0	14	0	0	0	1.0
AF_outer	healthy_vs_degenerated_severe	ZNF219	0.0	1.0	5	0	0	0	1.0
AF_outer	healthy_vs_degenerated_severe	HDGF	0.0	1.0	6	0	0	0	1.0
AF_outer	healthy_vs_degenerated_severe	EP300	0.0	1.0	59	0	0	0	1.0
AF_outer	healthy_vs_degenerated_severe	TRPS1	0.0	1.0	15	0	0	0	1.0
AF_outer	healthy_vs_degenerated_severe	CTNNB1	0.0	0.261006551037745	265	2	1	1	1.0
AF_outer	healthy_vs_degenerated_severe	PML	0.0	1.0	16	0	0	0	1.0
AF_outer	healthy_vs_degenerated_severe	KLF7	0.0	1.0	9	0	0	0	1.0
AF_outer	healthy_vs_degenerated_severe	PROP1	0.0	1.0	7	0	0	0	1.0
AF_outer	healthy_vs_degenerated_severe	LMO2	0.0	1.0	24	0	0	0	1.0
AF_outer	healthy_vs_degenerated_severe	TBX20	0.0	1.0	6	0	0	0	1.0
AF_outer	healthy_vs_degenerated_severe	MEOX1	0.0	1.0	7	0	0	0	1.0
AF_outer	healthy_vs_degenerated_severe	FOXL2	0.0	1.0	19	0	0	0	1.0
AF_outer	healthy_vs_degenerated_severe	HTATIP2	-0.0625	0.05823249330363527	16	1	0	1	0.9942133003059681
AF_outer	healthy_vs_degenerated_severe	EZH2	-0.0078125	0.3822809490557554	128	1	0	1	1.0
AF_outer	healthy_vs_degenerated_severe	GLI2	0.0	1.0	125	0	0	0	1.0
AF_outer	healthy_vs_degenerated_severe	TCF7	-0.0625	0.05823249330363527	16	1	0	1	0.9942133003059681
AF_outer	healthy_vs_degenerated_severe	FOXC1	0.0	1.0	15	0	0	0	1.0
AF_outer	healthy_vs_degenerated_severe	HOXB13	0.0	1.0	10	0	0	0	1.0
AF_outer	healthy_vs_degenerated_severe	ABL1	0.0	1.0	10	0	0	0	1.0
AF_outer	healthy_vs_degenerated_severe	TBX3	0.0	1.0	20	0	0	0	1.0
AF_outer	healthy_vs_degenerated_severe	HNF4G	-0.125	0.029545406048209513	8	1	0	1	0.9000438893144108
AF_outer	healthy_vs_degenerated_severe	NFKBIZ	0.0	1.0	6	0	0	0	1.0
AF_outer	healthy_vs_degenerated_severe	PLAGL2	0.0	1.0	8	0	0	0	1.0
AF_outer	healthy_vs_degenerated_severe	TET1	0.0	1.0	13	0	0	0	1.0
AF_outer	healthy_vs_degenerated_severe	FOXH1	0.0	1.0	12	0	0	0	1.0
AF_outer	healthy_vs_degenerated_severe	FOXP3	0.0	1.0	37	0	0	0	1.0
AF_outer	healthy_vs_degenerated_severe	IKZF4	0.0	1.0	5	0	0	0	1.0
AF_outer	healthy_vs_degenerated_severe	HOXA2	0.0	1.0	7	0	0	0	1.0
AF_outer	healthy_vs_degenerated_severe	MLX	0.0	1.0	5	0	0	0	1.0
AF_outer	healthy_vs_degenerated_severe	CREB3L1	0.0	1.0	10	0	0	0	1.0
AF_outer	healthy_vs_degenerated_severe	TFDP3	0.0	1.0	5	0	0	0	1.0
AF_outer	healthy_vs_degenerated_severe	SP7	-0.03125	0.11312906347641823	32	1	0	1	1.0
AF_outer	healthy_vs_degenerated_severe	OVOL1	0.0	1.0	8	0	0	0	1.0
AF_outer	healthy_vs_degenerated_severe	ZNF436	0.0	1.0	7	0	0	0	1.0
AF_outer	healthy_vs_degenerated_severe	ATF7	0.0	1.0	6	0	0	0	1.0
AF_outer	healthy_vs_degenerated_severe	HOXB3	0.0	1.0	6	0	0	0	1.0
AF_outer	healthy_vs_degenerated_severe	SCX	0.0	1.0	11	0	0	0	1.0
AF_outer	healthy_vs_degenerated_severe	NANOG	0.0	1.0	44	0	0	0	1.0
AF_outer	healthy_vs_degenerated_severe	ARX	0.0	1.0	19	0	0	0	1.0
AF_outer	healthy_vs_degenerated_severe	VHL	0.0	1.0	23	0	0	0	1.0
AF_outer	healthy_vs_degenerated_severe	SOX4	0.0	1.0	22	0	0	0	1.0
AF_outer	healthy_vs_degenerated_severe	SMAD9	0.0	1.0	5	0	0	0	1.0
AF_outer	healthy_vs_degenerated_severe	ATF5	0.0	1.0	29	0	0	0	1.0
AF_outer	healthy_vs_degenerated_severe	CTCFL	0.0	1.0	10	0	0	0	1.0
AF_outer	healthy_vs_degenerated_severe	SP6	0.0	1.0	6	0	0	0	1.0
AF_outer	healthy_vs_degenerated_severe	SMARCA5	0.0	1.0	8	0	0	0	1.0
AF_outer	healthy_vs_degenerated_severe	EOMES	0.0	1.0	18	0	0	0	1.0
AF_outer	healthy_vs_degenerated_severe	LMO4	0.0	1.0	5	0	0	0	1.0
AF_outer	healthy_vs_degenerated_severe	TLX3	0.0	1.0	5	0	0	0	1.0
AF_outer	healthy_vs_degenerated_severe	ESRRB	0.0	1.0	9	0	0	0	1.0
AF_outer	healthy_vs_degenerated_severe	AEBP1	0.0	1.0	5	0	0	0	1.0
AF_outer	healthy_vs_degenerated_severe	LHX1	0.0	1.0	6	0	0	0	1.0
AF_outer	healthy_vs_degenerated_severe	ZXDC	0.0	1.0	6	0	0	0	1.0
AF_outer	healthy_vs_degenerated_severe	SPIC	0.0	1.0	7	0	0	0	1.0
AF_outer	healthy_vs_degenerated_severe	SALL1	0.0	1.0	5	0	0	0	1.0
AF_outer	healthy_vs_degenerated_severe	NR2E1	0.0	1.0	13	0	0	0	1.0
AF_outer	healthy_vs_degenerated_severe	ZFP42	0.0	1.0	13	0	0	0	1.0
AF_outer	healthy_vs_degenerated_severe	HOXD4	0.0	1.0	6	0	0	0	1.0
AF_outer	healthy_vs_degenerated_severe	FOXF1	0.0	1.0	5	0	0	0	1.0
AF_outer	healthy_vs_degenerated_severe	MLXIP	0.0	1.0	5	0	0	0	1.0
AF_outer	healthy_vs_degenerated_severe	KMT2B	0.0	1.0	13	0	0	0	1.0
AF_outer	healthy_vs_degenerated_severe	NFIB	0.0	1.0	20	0	0	0	1.0
AF_outer	healthy_vs_degenerated_severe	EBF3	0.0	1.0	8	0	0	0	1.0
AF_outer	healthy_vs_degenerated_severe	EN1	0.0	1.0	9	0	0	0	1.0
AF_outer	healthy_vs_degenerated_severe	MTA3	0.0	1.0	11	0	0	0	1.0
AF_outer	healthy_vs_degenerated_severe	TBX18	0.0	1.0	10	0	0	0	1.0
AF_outer	healthy_vs_degenerated_severe	PRDM4	0.0	1.0	6	0	0	0	1.0
AF_outer	healthy_vs_degenerated_severe	MEIS2	0.0	1.0	7	0	0	0	1.0
AF_outer	healthy_vs_degenerated_severe	EGR4	0.0	1.0	13	0	0	0	1.0
AF_outer	healthy_vs_degenerated_severe	HSF4	0.0	1.0	10	0	0	0	1.0
AF_outer	healthy_vs_degenerated_severe	DLX1	0.0	1.0	7	0	0	0	1.0
AF_outer	healthy_vs_degenerated_severe	BCLAF1	-0.125	0.029545406048209513	8	1	0	1	0.9000438893144108
AF_outer	healthy_vs_degenerated_severe	KDM5C	0.0	1.0	12	0	0	0	1.0
AF_outer	healthy_vs_degenerated_severe	AIP	0.0	1.0	5	0	0	0	1.0
AF_outer	healthy_vs_degenerated_severe	PTF1A	0.0	1.0	9	0	0	0	1.0
AF_outer	healthy_vs_degenerated_severe	FOSL2	0.0	1.0	34	0	0	0	1.0
AF_outer	healthy_vs_degenerated_severe	MED1	0.07692307692307693	0.04757384880274612	13	1	1	0	0.917894502847719
AF_outer	healthy_vs_degenerated_severe	SON	0.0	1.0	5	0	0	0	1.0
AF_outer	healthy_vs_degenerated_severe	LYL1	0.0	1.0	12	0	0	0	1.0
AF_outer	healthy_vs_degenerated_severe	GLIS3	0.0	1.0	5	0	0	0	1.0
AF_outer	healthy_vs_degenerated_severe	HOXD1	0.0	1.0	5	0	0	0	1.0
AF_outer	healthy_vs_degenerated_severe	SALL4	0.0	1.0	19	0	0	0	1.0
AF_outer	healthy_vs_degenerated_severe	KDM5B	0.0	1.0	31	0	0	0	1.0
AF_outer	healthy_vs_degenerated_severe	TADA2A	0.0	1.0	7	0	0	0	1.0
AF_outer	healthy_vs_degenerated_severe	ARID5B	0.0	1.0	8	0	0	0	1.0
AF_outer	healthy_vs_degenerated_severe	FEZF1	0.0	1.0	6	0	0	0	1.0
AF_outer	healthy_vs_degenerated_severe	SATB2	0.0	1.0	23	0	0	0	1.0
AF_outer	healthy_vs_degenerated_severe	NSD2	0.0	1.0	7	0	0	0	1.0
AF_outer	healthy_vs_degenerated_severe	PBRM1	0.0	1.0	8	0	0	0	1.0
AF_outer	healthy_vs_degenerated_severe	ZBTB4	0.0	1.0	12	0	0	0	1.0
AF_outer	healthy_vs_degenerated_severe	THAP11	0.0	1.0	6	0	0	0	1.0
AF_outer	healthy_vs_degenerated_severe	FOXJ1	0.0	1.0	14	0	0	0	1.0
AF_outer	healthy_vs_degenerated_severe	SHOX2	0.0	1.0	5	0	0	0	1.0
AF_outer	healthy_vs_degenerated_severe	TOX3	0.0	1.0	6	0	0	0	1.0
AF_outer	healthy_vs_degenerated_severe	PPARGC1A	0.0	1.0	24	0	0	0	1.0
AF_outer	healthy_vs_degenerated_severe	SOX3	0.0	1.0	5	0	0	0	1.0
AF_outer	healthy_vs_degenerated_severe	BATF	0.0	1.0	12	0	0	0	1.0
AF_outer	healthy_vs_degenerated_severe	ARID3B	0.0	1.0	5	0	0	0	1.0
AF_outer	healthy_vs_degenerated_severe	ZNF300	0.0	1.0	7	0	0	0	1.0
AF_outer	healthy_vs_degenerated_severe	NUPR1	0.0	1.0	6	0	0	0	1.0
AF_outer	healthy_vs_degenerated_severe	CREB3L3	0.0	1.0	5	0	0	0	1.0
AF_outer	healthy_vs_degenerated_severe	ZNF331	0.0	1.0	17	0	0	0	1.0
AF_outer	healthy_vs_degenerated_severe	RFX3	0.0	1.0	5	0	0	0	1.0
AF_outer	healthy_vs_degenerated_severe	ZNF382	0.0	1.0	11	0	0	0	1.0
AF_outer	healthy_vs_degenerated_severe	HOXD8	0.0	1.0	5	0	0	0	1.0
AF_outer	healthy_vs_degenerated_severe	LHX8	0.0	1.0	10	0	0	0	1.0
AF_outer	healthy_vs_degenerated_severe	GRHL2	0.0	1.0	6	0	0	0	1.0
AF_outer	healthy_vs_degenerated_severe	IRX1	0.0	1.0	16	0	0	0	1.0
AF_outer	healthy_vs_degenerated_severe	SOX11	0.0	1.0	11	0	0	0	1.0
AF_outer	healthy_vs_degenerated_severe	IRF6	0.0	1.0	14	0	0	0	1.0
AF_outer	healthy_vs_degenerated_severe	E2F7	0.0	1.0	6	0	0	0	1.0
AF_outer	healthy_vs_degenerated_severe	HEYL	0.0	1.0	5	0	0	0	1.0
AF_outer	healthy_vs_degenerated_severe	MECP2	-0.038461538461538464	0.09292161518793622	26	1	0	1	1.0
AF_outer	healthy_vs_degenerated_severe	VENTX	0.0	1.0	5	0	0	0	1.0
AF_outer	healthy_vs_degenerated_severe	MAML1	0.0	1.0	5	0	0	0	1.0
AF_outer	healthy_vs_degenerated_severe	DMAP1	0.0	1.0	5	0	0	0	1.0
AF_outer	healthy_vs_degenerated_severe	LMX1A	0.0	1.0	5	0	0	0	1.0
AF_outer	healthy_vs_degenerated_severe	DOT1L	0.0	1.0	8	0	0	0	1.0
AF_outer	healthy_vs_degenerated_severe	ARID3A	0.0	1.0	6	0	0	0	1.0
AF_outer	healthy_vs_degenerated_severe	ARID1A	0.0	1.0	7	0	0	0	1.0
AF_outer	healthy_vs_degenerated_severe	ZBTB18	0.125	0.029545406048209513	8	1	1	0	0.9000438893144108
AF_outer	healthy_vs_degenerated_severe	ZNF804A	0.0	1.0	8	0	0	0	1.0
AF_outer	healthy_vs_degenerated_severe	TCF15	0.0	1.0	5	0	0	0	1.0
AF_outer	healthy_vs_degenerated_severe	NPM1	0.0	1.0	12	0	0	0	1.0
AF_outer	healthy_vs_degenerated_severe	SETBP1	0.0	1.0	5	0	0	0	1.0
AF_outer	healthy_vs_degenerated_severe	KDM2A	0.0	1.0	10	0	0	0	1.0
AF_outer	healthy_vs_degenerated_severe	MKX	0.0	1.0	6	0	0	0	1.0
AF_outer	healthy_vs_degenerated_severe	ZFX	0.0	1.0	5	0	0	0	1.0
AF_outer	healthy_vs_degenerated_severe	KLF17	0.0	1.0	5	0	0	0	1.0
AF_outer	healthy_vs_degenerated_severe	HOXA4	0.0	1.0	5	0	0	0	1.0
AF_outer	healthy_vs_degenerated_severe	HDAC3	0.0	1.0	22	0	0	0	1.0
AF_outer	healthy_vs_degenerated_severe	ASXL1	0.0	1.0	5	0	0	0	1.0
AF_outer	healthy_vs_degenerated_severe	BTG2	0.0	1.0	6	0	0	0	1.0
AF_outer	healthy_vs_degenerated_severe	CHD4	0.0	1.0	5	0	0	0	1.0
AF_outer	healthy_vs_degenerated_severe	CREB5	0.0	1.0	12	0	0	0	1.0
AF_outer	healthy_vs_degenerated_severe	CTBP1	0.1111111111111111	0.033177721900636184	9	1	1	0	0.9000438893144108
AF_outer	healthy_vs_degenerated_severe	DACH1	0.0	1.0	6	0	0	0	1.0
AF_outer	healthy_vs_degenerated_severe	HDAC1	0.0	1.0	70	0	0	0	1.0
AF_outer	healthy_vs_degenerated_severe	HCFC1	0.0	1.0	7	0	0	0	1.0
AF_outer	healthy_vs_degenerated_severe	ETV7	0.0	1.0	9	0	0	0	1.0
AF_outer	healthy_vs_degenerated_severe	FHL2	0.0	1.0	7	0	0	0	1.0
AF_outer	healthy_vs_degenerated_severe	HDAC4	0.0	1.0	21	0	0	0	1.0
AF_outer	healthy_vs_degenerated_severe	HDAC5	0.0	1.0	8	0	0	0	1.0
AF_outer	healthy_vs_degenerated_severe	HDAC7	0.0	1.0	12	0	0	0	1.0
AF_outer	healthy_vs_degenerated_severe	HDAC9	0.0	1.0	18	0	0	0	1.0
AF_outer	healthy_vs_degenerated_severe	ING4	0.0	1.0	14	0	0	0	1.0
AF_outer	healthy_vs_degenerated_severe	MYOCD	0.0	1.0	6	0	0	0	1.0
AF_outer	healthy_vs_degenerated_severe	PAWR	0.0	1.0	5	0	0	0	1.0
AF_outer	healthy_vs_degenerated_severe	SIN3A	0.1111111111111111	0.033177721900636184	9	1	1	0	0.9000438893144108
AF_outer	healthy_vs_degenerated_severe	SMARCA4	0.0	1.0	10	0	0	0	1.0
AF_outer	healthy_vs_degenerated_severe	SMARCB1	0.0	1.0	5	0	0	0	1.0
AF_outer	healthy_vs_degenerated_severe	TRIM28	0.0	1.0	5	0	0	0	1.0
AF_outer	healthy_vs_degenerated_severe	WWTR1	0.0	1.0	9	0	0	0	1.0
AF_outer	healthy_vs_degenerated_severe	PIN1	0.0	1.0	5	0	0	0	1.0
AF_outer	healthy_vs_degenerated_severe	FGF2	0.0	1.0	9	0	0	0	1.0
AF_outer	healthy_vs_degenerated_severe	PARK7	-0.125	0.029545406048209513	8	1	0	1	0.9000438893144108
AF_outer	healthy_vs_degenerated_severe	YAP1	0.0	1.0	9	0	0	0	1.0
AF_outer	healthy_vs_degenerated_severe	BCOR	0.0	1.0	7	0	0	0	1.0
AF_outer	healthy_vs_degenerated_severe	BRD4	0.1	0.03679667589416722	10	1	1	0	0.9000438893144108
AF_outer	healthy_vs_degenerated_severe	SRSF2	0.0	1.0	12	0	0	0	1.0
AF_outer	healthy_vs_degenerated_severe	ZMYND8	0.0	1.0	7	0	0	0	1.0
AF_outer	healthy_vs_degenerated_severe	ARID4B	0.0	1.0	12	0	0	0	1.0
AF_outer	healthy_vs_degenerated_severe	AP1	-0.006818181818181818	0.0012185525628164034	440	7	2	5	0.28432893132382747
AF_outer	healthy_vs_degenerated_severe	NFKB	-0.00625	0.0024980310144029723	640	8	2	6	0.43715542752052017
Fibrochondrocyte_chondroid	mild_vs_severe	MYC	0.0	0.21271349097473008	675	2	1	1	1.0
Fibrochondrocyte_chondroid	mild_vs_severe	SPI1	0.005917159763313609	0.19605938022792793	169	1	1	0	1.0
Fibrochondrocyte_chondroid	mild_vs_severe	SMAD3	0.0	1.0	103	0	0	0	1.0
Fibrochondrocyte_chondroid	mild_vs_severe	SMAD4	0.0	1.0	77	0	0	0	1.0
Fibrochondrocyte_chondroid	mild_vs_severe	STAT5A	0.0	1.0	122	0	0	0	1.0
Fibrochondrocyte_chondroid	mild_vs_severe	STAT5B	0.0	1.0	64	0	0	0	1.0
Fibrochondrocyte_chondroid	mild_vs_severe	RELA	0.012618296529968454	0.0005513913376037846	317	4	4	0	0.08626623808507841
Fibrochondrocyte_chondroid	mild_vs_severe	WT1	0.0	1.0	90	0	0	0	1.0
Fibrochondrocyte_chondroid	mild_vs_severe	NR0B2	0.0	1.0	64	0	0	0	1.0
Fibrochondrocyte_chondroid	mild_vs_severe	SP1	0.003826530612244898	0.0021706104738975374	784	5	4	1	0.16578037494392442
Fibrochondrocyte_chondroid	mild_vs_severe	TP53	0.004297994269340974	0.0012892947331122474	698	5	4	1	0.14225435657261554
Fibrochondrocyte_chondroid	mild_vs_severe	ZBTB16	0.029411764705882353	0.042693568251114894	34	1	1	0	0.3833872159209605
Fibrochondrocyte_chondroid	mild_vs_severe	ETV6	0.0	1.0	17	0	0	0	1.0
Fibrochondrocyte_chondroid	mild_vs_severe	RUNX1	0.009009009009009009	0.13320293240565267	111	1	1	0	0.7466696486225118
Fibrochondrocyte_chondroid	mild_vs_severe	STAT1	0.004975124378109453	0.2289000691358606	201	1	1	0	1.0
Fibrochondrocyte_chondroid	mild_vs_severe	STAT3	0.011583011583011582	0.0039416248504321495	259	3	3	0	0.2006943986345036
Fibrochondrocyte_chondroid	mild_vs_severe	ETV4	0.0	1.0	40	0	0	0	1.0
Fibrochondrocyte_chondroid	mild_vs_severe	MTF1	0.0	1.0	24	0	0	0	1.0
Fibrochondrocyte_chondroid	mild_vs_severe	CREB1	0.011583011583011582	0.0039416248504321495	259	3	3	0	0.2006943986345036
Fibrochondrocyte_chondroid	mild_vs_severe	FOXA2	0.023255813953488372	0.05370802312324503	43	1	1	0	0.43178423853029885
Fibrochondrocyte_chondroid	mild_vs_severe	NFATC2	0.0	1.0	47	0	0	0	1.0
Fibrochondrocyte_chondroid	mild_vs_severe	CEBPB	0.004016064257028112	0.2758323490229469	249	1	1	0	1.0
Fibrochondrocyte_chondroid	mild_vs_severe	FOS	0.010362694300518135	0.024540043739897904	193	2	2	0	0.31576367102
Fibrochondrocyte_chondroid	mild_vs_severe	PLAG1	0.0	1.0	7	0	0	0	1.0
Fibrochondrocyte_chondroid	mild_vs_severe	E2F1	0.004048582995951417	0.2739310235461466	247	1	1	0	1.0
Fibrochondrocyte_chondroid	mild_vs_severe	E2F3	0.017857142857142856	0.06941017472357731	56	1	1	0	0.47934956209491647
Fibrochondrocyte_chondroid	mild_vs_severe	HBP1	0.03333333333333333	0.03776014444407917	30	1	1	0	0.3833872159209605
Fibrochondrocyte_chondroid	mild_vs_severe	YY1	0.0	1.0	156	0	0	0	1.0
Fibrochondrocyte_chondroid	mild_vs_severe	ESR1	0.005154639175257732	0.08630961534645891	388	2	2	0	0.5401468476442257
Fibrochondrocyte_chondroid	mild_vs_severe	JUN	0.007936507936507936	0.011234973141830595	378	3	3	0	0.2595632625095247
Fibrochondrocyte_chondroid	mild_vs_severe	NR1I3	-0.038461538461538464	0.03280312121193283	26	1	0	1	0.3579054832230529
Fibrochondrocyte_chondroid	mild_vs_severe	CEBPG	0.010526315789473684	0.11507702998933984	95	1	1	0	0.6696387173665395
Fibrochondrocyte_chondroid	mild_vs_severe	MAFK	0.0	1.0	16	0	0	0	1.0
Fibrochondrocyte_chondroid	mild_vs_severe	STAT4	0.0	1.0	13	0	0	0	1.0
Fibrochondrocyte_chondroid	mild_vs_severe	IRF1	0.0	1.0	93	0	0	0	1.0
Fibrochondrocyte_chondroid	mild_vs_severe	ATF2	0.0125	0.09776493664902407	80	1	1	0	0.591429468243106
Fibrochondrocyte_chondroid	mild_vs_severe	NR2C2	0.029411764705882353	0.042693568251114894	34	1	1	0	0.3833872159209605
Fibrochondrocyte_chondroid	mild_vs_severe	IRF3	0.0	1.0	51	0	0	0	1.0
Fibrochondrocyte_chondroid	mild_vs_severe	TFAP2A	0.0	1.0	181	0	0	0	1.0
Fibrochondrocyte_chondroid	mild_vs_severe	HNF1A	0.0	1.0	41	0	0	0	1.0
Fibrochondrocyte_chondroid	mild_vs_severe	ETS1	0.0	1.0	123	0	0	0	1.0
Fibrochondrocyte_chondroid	mild_vs_severe	ARNT	0.0	1.0	41	0	0	0	1.0
Fibrochondrocyte_chondroid	mild_vs_severe	AHR	0.0	1.0	94	0	0	0	1.0
Fibrochondrocyte_chondroid	mild_vs_severe	PAX6	0.0	1.0	78	0	0	0	1.0
Fibrochondrocyte_chondroid	mild_vs_severe	NFYA	0.02857142857142857	0.0034990117328958254	70	2	2	0	0.2006943986345036
Fibrochondrocyte_chondroid	mild_vs_severe	ZNF148	0.0	1.0	21	0	0	0	1.0
Fibrochondrocyte_chondroid	mild_vs_severe	NFIC	0.022222222222222223	0.05613964469528089	45	1	1	0	0.4397605501130336
Fibrochondrocyte_chondroid	mild_vs_severe	RBPJ	0.012048192771084338	0.10125231294731687	83	1	1	0	0.6006326525321418
Fibrochondrocyte_chondroid	mild_vs_severe	HES1	0.0	0.0020215066494687316	53	2	1	1	0.16578037494392442
Fibrochondrocyte_chondroid	mild_vs_severe	GATA4	0.017543859649122806	0.07060795513673074	57	1	1	0	0.47934956209491647
Fibrochondrocyte_chondroid	mild_vs_severe	GATA6	0.02857142857142857	0.04392324895984818	35	1	1	0	0.3833872159209605
Fibrochondrocyte_chondroid	mild_vs_severe	HNF4A	0.008	0.1487796672527044	125	1	1	0	0.8189583485711927
Fibrochondrocyte_chondroid	mild_vs_severe	RARA	0.0	1.0	99	0	0	0	1.0
Fibrochondrocyte_chondroid	mild_vs_severe	DBP	0.0	1.0	19	0	0	0	1.0
Fibrochondrocyte_chondroid	mild_vs_severe	HLF	0.0	1.0	11	0	0	0	1.0
Fibrochondrocyte_chondroid	mild_vs_severe	PPARG	0.004901960784313725	0.23191413712643602	204	1	1	0	1.0
Fibrochondrocyte_chondroid	mild_vs_severe	MAX	0.030303030303030304	0.04146241906459231	33	1	1	0	0.3833872159209605
Fibrochondrocyte_chondroid	mild_vs_severe	USF2	0.0	1.0	64	0	0	0	1.0
Fibrochondrocyte_chondroid	mild_vs_severe	IRF2	0.0	1.0	31	0	0	0	1.0
Fibrochondrocyte_chondroid	mild_vs_severe	SP3	0.0	1.0	255	0	0	0	1.0
Fibrochondrocyte_chondroid	mild_vs_severe	AR	0.0029239766081871343	0.3593071856693149	342	1	1	0	1.0
Fibrochondrocyte_chondroid	mild_vs_severe	CUX1	0.0	1.0	74	0	0	0	1.0
Fibrochondrocyte_chondroid	mild_vs_severe	ATF1	0.0	1.0	59	0	0	0	1.0
Fibrochondrocyte_chondroid	mild_vs_severe	KAT7	0.0	1.0	56	0	0	0	1.0
Fibrochondrocyte_chondroid	mild_vs_severe	CREBZF	0.0	1.0	11	0	0	0	1.0
Fibrochondrocyte_chondroid	mild_vs_severe	GLI3	0.0	1.0	25	0	0	0	1.0
Fibrochondrocyte_chondroid	mild_vs_severe	NKX2-5	0.03125	0.04022979978167733	32	1	1	0	0.3833872159209605
Fibrochondrocyte_chondroid	mild_vs_severe	TGFB1I1	0.0	1.0	11	0	0	0	1.0
Fibrochondrocyte_chondroid	mild_vs_severe	RARB	0.0	1.0	31	0	0	0	1.0
Fibrochondrocyte_chondroid	mild_vs_severe	RARG	0.0	1.0	20	0	0	0	1.0
Fibrochondrocyte_chondroid	mild_vs_severe	TEAD1	0.0	1.0	14	0	0	0	1.0
Fibrochondrocyte_chondroid	mild_vs_severe	PPARA	0.0	1.0	151	0	0	0	1.0
Fibrochondrocyte_chondroid	mild_vs_severe	ESR2	0.01639344262295082	0.010295501394664392	122	2	2	0	0.2595632625095247
Fibrochondrocyte_chondroid	mild_vs_severe	NR3C1	0.012578616352201259	0.017054266932711032	159	2	2	0	0.297718774168184
Fibrochondrocyte_chondroid	mild_vs_severe	PGR	0.0	1.0	84	0	0	0	1.0
Fibrochondrocyte_chondroid	mild_vs_severe	NRG1	0.0	1.0	26	0	0	0	1.0
Fibrochondrocyte_chondroid	mild_vs_severe	TBP	0.0	1.0	103	0	0	0	1.0
Fibrochondrocyte_chondroid	mild_vs_severe	REL	0.014925373134328358	0.08250727602980967	67	1	1	0	0.5362972941937629
Fibrochondrocyte_chondroid	mild_vs_severe	ISL1	0.0	1.0	10	0	0	0	1.0
Fibrochondrocyte_chondroid	mild_vs_severe	ZBTB14	0.0	1.0	5	0	0	0	1.0
Fibrochondrocyte_chondroid	mild_vs_severe	MYB	0.0	1.0	104	0	0	0	1.0
Fibrochondrocyte_chondroid	mild_vs_severe	PITX1	0.058823529411764705	0.021562993303888594	17	1	1	0	0.3063950908994403
Fibrochondrocyte_chondroid	mild_vs_severe	EGR1	0.008888888888888889	0.032608306619782285	225	2	2	0	0.3579054832230529
Fibrochondrocyte_chondroid	mild_vs_severe	MYOD1	0.0	1.0	82	0	0	0	1.0
Fibrochondrocyte_chondroid	mild_vs_severe	ETS2	0.0	1.0	65	0	0	0	1.0
Fibrochondrocyte_chondroid	mild_vs_severe	GTF2I	0.0	1.0	17	0	0	0	1.0
Fibrochondrocyte_chondroid	mild_vs_severe	NR2F1	0.0	1.0	21	0	0	0	1.0
Fibrochondrocyte_chondroid	mild_vs_severe	ENO1	0.08333333333333333	0.015266186701145898	12	1	1	0	0.2826557598303074
Fibrochondrocyte_chondroid	mild_vs_severe	JDP2	0.0	1.0	28	0	0	0	1.0
Fibrochondrocyte_chondroid	mild_vs_severe	MAZ	0.0	1.0	21	0	0	0	1.0
Fibrochondrocyte_chondroid	mild_vs_severe	NR4A1	0.0	1.0	56	0	0	0	1.0
Fibrochondrocyte_chondroid	mild_vs_severe	HMGA1	0.0	1.0	39	0	0	0	1.0
Fibrochondrocyte_chondroid	mild_vs_severe	NFKB1	0.017167381974248927	0.000170096727406197	233	4	4	0	0.08626623808507841
Fibrochondrocyte_chondroid	mild_vs_severe	USF1	0.0	1.0	123	0	0	0	1.0
Fibrochondrocyte_chondroid	mild_vs_severe	DDIT3	0.014285714285714285	0.0860493894591648	70	1	1	0	0.5401468476442257
Fibrochondrocyte_chondroid	mild_vs_severe	ATF4	0.0	1.0	82	0	0	0	1.0
Fibrochondrocyte_chondroid	mild_vs_severe	ATF3	0.013888888888888888	0.08840373938530699	72	1	1	0	0.5401468476442257
Fibrochondrocyte_chondroid	mild_vs_severe	TAF1	0.0	1.0	35	0	0	0	1.0
Fibrochondrocyte_chondroid	mild_vs_severe	RUNX2	0.012345679012345678	0.09892878912178861	81	1	1	0	0.5926028446413024
Fibrochondrocyte_chondroid	mild_vs_severe	TFAP2B	0.08333333333333333	0.015266186701145898	12	1	1	0	0.2826557598303074
Fibrochondrocyte_chondroid	mild_vs_severe	CREM	0.0	1.0	42	0	0	0	1.0
Fibrochondrocyte_chondroid	mild_vs_severe	IRF8	0.0	1.0	42	0	0	0	1.0
Fibrochondrocyte_chondroid	mild_vs_severe	ETV5	0.16666666666666666	0.007660353030090569	6	1	1	0	0.2595632625095247
Fibrochondrocyte_chondroid	mild_vs_severe	DMTF1	0.0	1.0	13	0	0	0	1.0
Fibrochondrocyte_chondroid	mild_vs_severe	NR5A1	0.0	1.0	44	0	0	0	1.0
Fibrochondrocyte_chondroid	mild_vs_severe	NEUROD2	0.0	1.0	8	0	0	0	1.0
Fibrochondrocyte_chondroid	mild_vs_severe	NEUROD1	0.0	1.0	24	0	0	0	1.0
Fibrochondrocyte_chondroid	mild_vs_severe	HHEX	0.0	1.0	15	0	0	0	1.0
Fibrochondrocyte_chondroid	mild_vs_severe	FOXO3	0.012903225806451613	0.016251673189812695	155	2	2	0	0.2920521270286928
Fibrochondrocyte_chondroid	mild_vs_severe	MBD1	0.0	1.0	10	0	0	0	1.0
Fibrochondrocyte_chondroid	mild_vs_severe	CEBPD	0.02040816326530612	0.06098549125299092	49	1	1	0	0.4544162823850909
Fibrochondrocyte_chondroid	mild_vs_severe	ELK1	0.0	1.0	43	0	0	0	1.0
Fibrochondrocyte_chondroid	mild_vs_severe	FLI1	0.017241379310344827	0.07180430385207516	58	1	1	0	0.48211461157821894
Fibrochondrocyte_chondroid	mild_vs_severe	ELK4	0.0	1.0	6	0	0	0	1.0
Fibrochondrocyte_chondroid	mild_vs_severe	PREB	0.0	1.0	8	0	0	0	1.0
Fibrochondrocyte_chondroid	mild_vs_severe	POU1F1	0.0	1.0	27	0	0	0	1.0
Fibrochondrocyte_chondroid	mild_vs_severe	PAX5	0.02857142857142857	0.04392324895984818	35	1	1	0	0.3833872159209605
Fibrochondrocyte_chondroid	mild_vs_severe	CEBPA	0.0	1.0	111	0	0	0	1.0
Fibrochondrocyte_chondroid	mild_vs_severe	LITAF	0.05	0.02532310945986907	20	1	1	0	0.31576367102
Fibrochondrocyte_chondroid	mild_vs_severe	STAT6	0.0	1.0	57	0	0	0	1.0
Fibrochondrocyte_chondroid	mild_vs_severe	HIF1A	0.0032679738562091504	0.3281157193490636	306	1	1	0	1.0
Fibrochondrocyte_chondroid	mild_vs_severe	TP73	0.010101010101010102	0.11964120991936339	99	1	1	0	0.6831848529040283
Fibrochondrocyte_chondroid	mild_vs_severe	KLF11	0.0	1.0	17	0	0	0	1.0
Fibrochondrocyte_chondroid	mild_vs_severe	TCF4	0.0	1.0	31	0	0	0	1.0
Fibrochondrocyte_chondroid	mild_vs_severe	HIVEP2	0.0	1.0	8	0	0	0	1.0
Fibrochondrocyte_chondroid	mild_vs_severe	E2F4	0.0070921985815602835	0.16626319780622612	141	1	1	0	0.8989983527398598
Fibrochondrocyte_chondroid	mild_vs_severe	GATA5	0.0	1.0	8	0	0	0	1.0
Fibrochondrocyte_chondroid	mild_vs_severe	SRF	0.0	1.0	59	0	0	0	1.0
Fibrochondrocyte_chondroid	mild_vs_severe	ELF1	0.0	1.0	43	0	0	0	1.0
Fibrochondrocyte_chondroid	mild_vs_severe	GATA3	0.01	0.1207788343481181	100	1	1	0	0.6832950720990756
Fibrochondrocyte_chondroid	mild_vs_severe	MSX1	0.07142857142857142	0.01778941118078571	14	1	1	0	0.3019258397627797
Fibrochondrocyte_chondroid	mild_vs_severe	OTX2	0.0	1.0	14	0	0	0	1.0
Fibrochondrocyte_chondroid	mild_vs_severe	LHX2	0.0	1.0	17	0	0	0	1.0
Fibrochondrocyte_chondroid	mild_vs_severe	GABPA	0.0	1.0	24	0	0	0	1.0
Fibrochondrocyte_chondroid	mild_vs_severe	HSF2	0.05263157894736842	0.024071230884863393	19	1	1	0	0.31576367102
Fibrochondrocyte_chondroid	mild_vs_severe	VDR	0.02531645569620253	0.004434690292485842	79	2	2	0	0.20843044374683456
Fibrochondrocyte_chondroid	mild_vs_severe	HOXC8	0.08333333333333333	0.015266186701145898	12	1	1	0	0.2826557598303074
Fibrochondrocyte_chondroid	mild_vs_severe	HR	0.0	1.0	51	0	0	0	1.0
Fibrochondrocyte_chondroid	mild_vs_severe	RELB	0.0	1.0	31	0	0	0	1.0
Fibrochondrocyte_chondroid	mild_vs_severe	CEBPE	0.0	1.0	17	0	0	0	1.0
Fibrochondrocyte_chondroid	mild_vs_severe	NR0B1	0.0	1.0	22	0	0	0	1.0
Fibrochondrocyte_chondroid	mild_vs_severe	LEF1	0.0	1.0	52	0	0	0	1.0
Fibrochondrocyte_chondroid	mild_vs_severe	ID1	0.0	1.0	51	0	0	0	1.0
Fibrochondrocyte_chondroid	mild_vs_severe	ZNF143	0.0	1.0	22	0	0	0	1.0
Fibrochondrocyte_chondroid	mild_vs_severe	SOX9	-0.018518518518518517	0.06701031247662607	54	1	0	1	0.47934956209491647
Fibrochondrocyte_chondroid	mild_vs_severe	YBX1	0.0	1.0	66	0	0	0	1.0
Fibrochondrocyte_chondroid	mild_vs_severe	HSF1	0.029850746268656716	0.003210475598220423	67	2	2	0	0.2006943986345036
Fibrochondrocyte_chondroid	mild_vs_severe	POU4F1	0.0	1.0	16	0	0	0	1.0
Fibrochondrocyte_chondroid	mild_vs_severe	NOTO	0.0	1.0	5	0	0	0	1.0
Fibrochondrocyte_chondroid	mild_vs_severe	HNF1B	0.0	1.0	19	0	0	0	1.0
Fibrochondrocyte_chondroid	mild_vs_severe	PAX3	0.0	1.0	57	0	0	0	1.0
Fibrochondrocyte_chondroid	mild_vs_severe	ID2	0.0	1.0	40	0	0	0	1.0
Fibrochondrocyte_chondroid	mild_vs_severe	MEF2A	0.01818181818181818	0.06821096103121078	55	1	1	0	0.47934956209491647
Fibrochondrocyte_chondroid	mild_vs_severe	PDX1	-0.022222222222222223	0.05613964469528089	45	1	0	1	0.4397605501130336
Fibrochondrocyte_chondroid	mild_vs_severe	NR2F2	0.030303030303030304	0.04146241906459231	33	1	1	0	0.3833872159209605
Fibrochondrocyte_chondroid	mild_vs_severe	NR1H4	0.0	1.0	67	0	0	0	1.0
Fibrochondrocyte_chondroid	mild_vs_severe	ASCL1	0.03333333333333333	0.03776014444407917	30	1	1	0	0.3833872159209605
Fibrochondrocyte_chondroid	mild_vs_severe	RFX1	0.0	1.0	17	0	0	0	1.0
Fibrochondrocyte_chondroid	mild_vs_severe	CRX	0.0	1.0	9	0	0	0	1.0
Fibrochondrocyte_chondroid	mild_vs_severe	NRL	0.0	1.0	9	0	0	0	1.0
Fibrochondrocyte_chondroid	mild_vs_severe	UBTF	0.0	1.0	9	0	0	0	1.0
Fibrochondrocyte_chondroid	mild_vs_severe	MYBL2	0.0	1.0	43	0	0	0	1.0
Fibrochondrocyte_chondroid	mild_vs_severe	ELF2	0.0	1.0	6	0	0	0	1.0
Fibrochondrocyte_chondroid	mild_vs_severe	JUND	0.017543859649122806	0.07060795513673074	57	1	1	0	0.47934956209491647
Fibrochondrocyte_chondroid	mild_vs_severe	TP63	0.007142857142857143	0.16518032228616747	140	1	1	0	0.8989983527398598
Fibrochondrocyte_chondroid	mild_vs_severe	NFKBIB	0.0	1.0	15	0	0	0	1.0
Fibrochondrocyte_chondroid	mild_vs_severe	HOXC6	0.0	1.0	8	0	0	0	1.0
Fibrochondrocyte_chondroid	mild_vs_severe	FOXO1	0.011363636363636364	0.020651291063655413	176	2	2	0	0.3063950908994403
Fibrochondrocyte_chondroid	mild_vs_severe	PITX2	0.0	1.0	60	0	0	0	1.0
Fibrochondrocyte_chondroid	mild_vs_severe	NR5A2	0.0	1.0	25	0	0	0	1.0
Fibrochondrocyte_chondroid	mild_vs_severe	POU2F1	0.02127659574468085	0.05856546314309131	47	1	1	0	0.4509044236716111
Fibrochondrocyte_chondroid	mild_vs_severe	XBP1	0.0	1.0	39	0	0	0	1.0
Fibrochondrocyte_chondroid	mild_vs_severe	SREBF1	0.0	1.0	82	0	0	0	1.0
Fibrochondrocyte_chondroid	mild_vs_severe	TCF3	0.01639344262295082	0.0753847756013099	61	1	1	0	0.4952698698107565
Fibrochondrocyte_chondroid	mild_vs_severe	LRRFIP1	0.0	1.0	8	0	0	0	1.0
Fibrochondrocyte_chondroid	mild_vs_severe	TCF12	0.0	1.0	25	0	0	0	1.0
Fibrochondrocyte_chondroid	mild_vs_severe	E4F1	0.0	1.0	8	0	0	0	1.0
Fibrochondrocyte_chondroid	mild_vs_severe	BRCA1	0.020833333333333332	0.05977620019214484	48	1	1	0	0.4509044236716111
Fibrochondrocyte_chondroid	mild_vs_severe	ZNF362	0.0	1.0	11	0	0	0	1.0
Fibrochondrocyte_chondroid	mild_vs_severe	NRF1	0.0	1.0	62	0	0	0	1.0
Fibrochondrocyte_chondroid	mild_vs_severe	GATA1	0.0	1.0	66	0	0	0	1.0
Fibrochondrocyte_chondroid	mild_vs_severe	MYCN	0.0	1.0	98	0	0	0	1.0
Fibrochondrocyte_chondroid	mild_vs_severe	PKNOX1	0.0	1.0	9	0	0	0	1.0
Fibrochondrocyte_chondroid	mild_vs_severe	NR4A3	0.0	1.0	16	0	0	0	1.0
Fibrochondrocyte_chondroid	mild_vs_severe	SSRP1	0.0	1.0	77	0	0	0	1.0
Fibrochondrocyte_chondroid	mild_vs_severe	ZNF91	0.0	0.00041356908576983673	24	2	1	1	0.08626623808507841
Fibrochondrocyte_chondroid	mild_vs_severe	NR2C1	0.0	1.0	9	0	0	0	1.0
Fibrochondrocyte_chondroid	mild_vs_severe	ID3	0.041666666666666664	0.030315727275511763	24	1	1	0	0.3494888559497677
Fibrochondrocyte_chondroid	mild_vs_severe	ERF	0.0	1.0	12	0	0	0	1.0
Fibrochondrocyte_chondroid	mild_vs_severe	ZNF354C	0.058823529411764705	0.021562993303888594	17	1	1	0	0.3063950908994403
Fibrochondrocyte_chondroid	mild_vs_severe	HMGA2	0.0	1.0	27	0	0	0	1.0
Fibrochondrocyte_chondroid	mild_vs_severe	POU2F2	0.0	1.0	15	0	0	0	1.0
Fibrochondrocyte_chondroid	mild_vs_severe	SREBF2	0.0	1.0	46	0	0	0	1.0
Fibrochondrocyte_chondroid	mild_vs_severe	ELF4	0.0	1.0	29	0	0	0	1.0
Fibrochondrocyte_chondroid	mild_vs_severe	TTF1	0.0	1.0	31	0	0	0	1.0
Fibrochondrocyte_chondroid	mild_vs_severe	DLX4	0.0	1.0	23	0	0	0	1.0
Fibrochondrocyte_chondroid	mild_vs_severe	NR1I2	0.0	1.0	145	0	0	0	1.0
Fibrochondrocyte_chondroid	mild_vs_severe	NR1H3	0.014084507042253521	0.08722726928495615	71	1	1	0	0.5401468476442257
Fibrochondrocyte_chondroid	mild_vs_severe	MITF	0.0	1.0	60	0	0	0	1.0
Fibrochondrocyte_chondroid	mild_vs_severe	NCOA1	0.0	1.0	49	0	0	0	1.0
Fibrochondrocyte_chondroid	mild_vs_severe	NCOR1	0.0	1.0	56	0	0	0	1.0
Fibrochondrocyte_chondroid	mild_vs_severe	FOSL1	0.0	1.0	34	0	0	0	1.0
Fibrochondrocyte_chondroid	mild_vs_severe	JUNB	0.0	1.0	55	0	0	0	1.0
Fibrochondrocyte_chondroid	mild_vs_severe	DNMT1	-0.008771929824561403	0.13656291731078096	114	1	0	1	0.7585449316080651
Fibrochondrocyte_chondroid	mild_vs_severe	KLF5	0.0196078431372549	0.06339974178546477	51	1	1	0	0.4611576456061783
Fibrochondrocyte_chondroid	mild_vs_severe	NR3C2	0.029411764705882353	0.042693568251114894	34	1	1	0	0.3833872159209605
Fibrochondrocyte_chondroid	mild_vs_severe	MYRF	0.0	1.0	5	0	0	0	1.0
Fibrochondrocyte_chondroid	mild_vs_severe	EBF1	-0.1111111111111111	0.011470062336754775	9	1	0	1	0.2595632625095247
Fibrochondrocyte_chondroid	mild_vs_severe	CREBBP	0.0	1.0	25	0	0	0	1.0
Fibrochondrocyte_chondroid	mild_vs_severe	ZFPM1	0.0	1.0	9	0	0	0	1.0
Fibrochondrocyte_chondroid	mild_vs_severe	APEX1	0.0	1.0	27	0	0	0	1.0
Fibrochondrocyte_chondroid	mild_vs_severe	TFAM	0.0	1.0	11	0	0	0	1.0
Fibrochondrocyte_chondroid	mild_vs_severe	IRF4	0.0	1.0	29	0	0	0	1.0
Fibrochondrocyte_chondroid	mild_vs_severe	ZBED1	0.0	1.0	16	0	0	0	1.0
Fibrochondrocyte_chondroid	mild_vs_severe	NCOA2	0.0	1.0	39	0	0	0	1.0
Fibrochondrocyte_chondroid	mild_vs_severe	FOXA1	0.07142857142857142	0.0005647544228155706	28	2	2	0	0.08626623808507841
Fibrochondrocyte_chondroid	mild_vs_severe	NR4A2	0.0	1.0	28	0	0	0	1.0
Fibrochondrocyte_chondroid	mild_vs_severe	KLF1	0.0	1.0	16	0	0	0	1.0
Fibrochondrocyte_chondroid	mild_vs_severe	LHX3	0.0	1.0	5	0	0	0	1.0
Fibrochondrocyte_chondroid	mild_vs_severe	CTCF	-0.011111111111111112	0.109340906143325	90	1	0	1	0.6423778235920344
Fibrochondrocyte_chondroid	mild_vs_severe	BCL6	0.020833333333333332	0.05977620019214484	48	1	1	0	0.4509044236716111
Fibrochondrocyte_chondroid	mild_vs_severe	RB1	0.0	1.0	29	0	0	0	1.0
Fibrochondrocyte_chondroid	mild_vs_severe	TFCP2	0.0	1.0	38	0	0	0	1.0
Fibrochondrocyte_chondroid	mild_vs_severe	REST	0.0	1.0	19	0	0	0	1.0
Fibrochondrocyte_chondroid	mild_vs_severe	ESRRA	0.0	1.0	26	0	0	0	1.0
Fibrochondrocyte_chondroid	mild_vs_severe	HOXD3	0.0	1.0	5	0	0	0	1.0
Fibrochondrocyte_chondroid	mild_vs_severe	IRF9	0.0	1.0	13	0	0	0	1.0
Fibrochondrocyte_chondroid	mild_vs_severe	TFE3	0.0	1.0	27	0	0	0	1.0
Fibrochondrocyte_chondroid	mild_vs_severe	ZNF236	0.0	1.0	6	0	0	0	1.0
Fibrochondrocyte_chondroid	mild_vs_severe	TFAP2C	0.0	1.0	15	0	0	0	1.0
Fibrochondrocyte_chondroid	mild_vs_severe	PAX8	0.0	1.0	16	0	0	0	1.0
Fibrochondrocyte_chondroid	mild_vs_severe	NKX2-1	0.0	1.0	29	0	0	0	1.0
Fibrochondrocyte_chondroid	mild_vs_severe	PBX1	0.0	1.0	24	0	0	0	1.0
Fibrochondrocyte_chondroid	mild_vs_severe	SP4	0.0	1.0	31	0	0	0	1.0
Fibrochondrocyte_chondroid	mild_vs_severe	CIITA	0.0	1.0	20	0	0	0	1.0
Fibrochondrocyte_chondroid	mild_vs_severe	CDX2	0.0	1.0	30	0	0	0	1.0
Fibrochondrocyte_chondroid	mild_vs_severe	ELF3	0.0	1.0	16	0	0	0	1.0
Fibrochondrocyte_chondroid	mild_vs_severe	ZEB1	0.0	1.0	32	0	0	0	1.0
Fibrochondrocyte_chondroid	mild_vs_severe	EGR3	0.0	1.0	18	0	0	0	1.0
Fibrochondrocyte_chondroid	mild_vs_severe	EWSR1	0.0	1.0	44	0	0	0	1.0
Fibrochondrocyte_chondroid	mild_vs_severe	NAB2	0.0	1.0	6	0	0	0	1.0
Fibrochondrocyte_chondroid	mild_vs_severe	DEAF1	0.0	1.0	7	0	0	0	1.0
Fibrochondrocyte_chondroid	mild_vs_severe	TBPL1	0.0	1.0	25	0	0	0	1.0
Fibrochondrocyte_chondroid	mild_vs_severe	MEF2C	0.030303030303030304	0.04146241906459231	33	1	1	0	0.3833872159209605
Fibrochondrocyte_chondroid	mild_vs_severe	POU4F2	0.0	1.0	15	0	0	0	1.0
Fibrochondrocyte_chondroid	mild_vs_severe	TAL1	0.0	1.0	59	0	0	0	1.0
Fibrochondrocyte_chondroid	mild_vs_severe	EPAS1	0.0	1.0	61	0	0	0	1.0
Fibrochondrocyte_chondroid	mild_vs_severe	SMARCA1	0.030303030303030304	0.04146241906459231	33	1	1	0	0.3833872159209605
Fibrochondrocyte_chondroid	mild_vs_severe	NFATC4	0.0	1.0	27	0	0	0	1.0
Fibrochondrocyte_chondroid	mild_vs_severe	FOXM1	0.0	1.0	57	0	0	0	1.0
Fibrochondrocyte_chondroid	mild_vs_severe	MYF5	0.0	1.0	12	0	0	0	1.0
Fibrochondrocyte_chondroid	mild_vs_severe	MYOG	0.0	1.0	28	0	0	0	1.0
Fibrochondrocyte_chondroid	mild_vs_severe	SMAD7	0.0	1.0	42	0	0	0	1.0
Fibrochondrocyte_chondroid	mild_vs_severe	SOX10	0.0	1.0	15	0	0	0	1.0
Fibrochondrocyte_chondroid	mild_vs_severe	POU3F1	0.0	1.0	5	0	0	0	1.0
Fibrochondrocyte_chondroid	mild_vs_severe	NKRF	0.0	1.0	7	0	0	0	1.0
Fibrochondrocyte_chondroid	mild_vs_severe	ATF6	0.0	1.0	39	0	0	0	1.0
Fibrochondrocyte_chondroid	mild_vs_severe	NKX6-1	0.0	1.0	6	0	0	0	1.0
Fibrochondrocyte_chondroid	mild_vs_severe	ERG	0.0	1.0	34	0	0	0	1.0
Fibrochondrocyte_chondroid	mild_vs_severe	PITX3	0.0	1.0	9	0	0	0	1.0
Fibrochondrocyte_chondroid	mild_vs_severe	HOXB2	0.0	1.0	5	0	0	0	1.0
Fibrochondrocyte_chondroid	mild_vs_severe	SATB1	0.0	1.0	23	0	0	0	1.0
Fibrochondrocyte_chondroid	mild_vs_severe	NFKB2	0.0	1.0	42	0	0	0	1.0
Fibrochondrocyte_chondroid	mild_vs_severe	RORA	0.0	1.0	33	0	0	0	1.0
Fibrochondrocyte_chondroid	mild_vs_severe	PROX1	0.0	1.0	14	0	0	0	1.0
Fibrochondrocyte_chondroid	mild_vs_severe	KLF3	0.0	1.0	5	0	0	0	1.0
Fibrochondrocyte_chondroid	mild_vs_severe	PEG3	0.0	1.0	6	0	0	0	1.0
Fibrochondrocyte_chondroid	mild_vs_severe	NR2E3	0.0	1.0	6	0	0	0	1.0
Fibrochondrocyte_chondroid	mild_vs_severe	NCOR2	0.0	1.0	41	0	0	0	1.0
Fibrochondrocyte_chondroid	mild_vs_severe	NCOA3	0.0	1.0	49	0	0	0	1.0
Fibrochondrocyte_chondroid	mild_vs_severe	ZFHX3	0.0	1.0	5	0	0	0	1.0
Fibrochondrocyte_chondroid	mild_vs_severe	SMAD1	0.045454545454545456	0.0013969331250993343	44	2	2	0	0.14225435657261554
Fibrochondrocyte_chondroid	mild_vs_severe	SPDEF	0.0	1.0	8	0	0	0	1.0
Fibrochondrocyte_chondroid	mild_vs_severe	PAX2	0.0	1.0	9	0	0	0	1.0
Fibrochondrocyte_chondroid	mild_vs_severe	KLF13	0.0	1.0	9	0	0	0	1.0
Fibrochondrocyte_chondroid	mild_vs_severe	MAFB	0.0	1.0	27	0	0	0	1.0
Fibrochondrocyte_chondroid	mild_vs_severe	ELK3	0.0	1.0	18	0	0	0	1.0
Fibrochondrocyte_chondroid	mild_vs_severe	KLF6	0.02702702702702703	0.04637821141019283	37	1	1	0	0.3991139038257439
Fibrochondrocyte_chondroid	mild_vs_severe	SNAI1	0.0	1.0	67	0	0	0	1.0
Fibrochondrocyte_chondroid	mild_vs_severe	HESX1	0.0	1.0	14	0	0	0	1.0
Fibrochondrocyte_chondroid	mild_vs_severe	BACH2	0.0	1.0	6	0	0	0	1.0
Fibrochondrocyte_chondroid	mild_vs_severe	PATZ1	0.0	1.0	8	0	0	0	1.0
Fibrochondrocyte_chondroid	mild_vs_severe	ZHX2	0.0	1.0	6	0	0	0	1.0
Fibrochondrocyte_chondroid	mild_vs_severe	ONECUT1	0.0	1.0	11	0	0	0	1.0
Fibrochondrocyte_chondroid	mild_vs_severe	RXRA	0.0	1.0	49	0	0	0	1.0
Fibrochondrocyte_chondroid	mild_vs_severe	NR1H2	0.0	1.0	29	0	0	0	1.0
Fibrochondrocyte_chondroid	mild_vs_severe	KAT5	0.0	1.0	40	0	0	0	1.0
Fibrochondrocyte_chondroid	mild_vs_severe	YBX3	0.0	1.0	21	0	0	0	1.0
Fibrochondrocyte_chondroid	mild_vs_severe	SMAD6	0.0	1.0	17	0	0	0	1.0
Fibrochondrocyte_chondroid	mild_vs_severe	MYBL1	0.0	1.0	8	0	0	0	1.0
Fibrochondrocyte_chondroid	mild_vs_severe	CDX1	0.0	1.0	18	0	0	0	1.0
Fibrochondrocyte_chondroid	mild_vs_severe	TFDP1	0.0	1.0	28	0	0	0	1.0
Fibrochondrocyte_chondroid	mild_vs_severe	KMT2A	0.0	1.0	53	0	0	0	1.0
Fibrochondrocyte_chondroid	mild_vs_severe	GATA2	0.0	1.0	38	0	0	0	1.0
Fibrochondrocyte_chondroid	mild_vs_severe	PRDM1	0.0	1.0	33	0	0	0	1.0
Fibrochondrocyte_chondroid	mild_vs_severe	MXD1	0.0	1.0	16	0	0	0	1.0
Fibrochondrocyte_chondroid	mild_vs_severe	CLOCK	0.0	1.0	45	0	0	0	1.0
Fibrochondrocyte_chondroid	mild_vs_severe	BHLHE40	0.0	1.0	26	0	0	0	1.0
Fibrochondrocyte_chondroid	mild_vs_severe	SRY	0.0	1.0	19	0	0	0	1.0
Fibrochondrocyte_chondroid	mild_vs_severe	MAF	0.0	1.0	28	0	0	0	1.0
Fibrochondrocyte_chondroid	mild_vs_severe	AIRE	0.09090909090909091	0.014002318587267644	11	1	1	0	0.2826557598303074
Fibrochondrocyte_chondroid	mild_vs_severe	ZGPAT	0.0	1.0	5	0	0	0	1.0
Fibrochondrocyte_chondroid	mild_vs_severe	ETV1	0.0	1.0	13	0	0	0	1.0
Fibrochondrocyte_chondroid	mild_vs_severe	KLF4	0.013888888888888888	0.08840373938530699	72	1	1	0	0.5401468476442257
Fibrochondrocyte_chondroid	mild_vs_severe	EGR2	0.0	1.0	45	0	0	0	1.0
Fibrochondrocyte_chondroid	mild_vs_severe	NEUROG3	0.0	1.0	11	0	0	0	1.0
Fibrochondrocyte_chondroid	mild_vs_severe	CXXC1	0.0	1.0	11	0	0	0	1.0
Fibrochondrocyte_chondroid	mild_vs_severe	TBX21	0.0	1.0	17	0	0	0	1.0
Fibrochondrocyte_chondroid	mild_vs_severe	HOXA10	0.0	1.0	29	0	0	0	1.0
Fibrochondrocyte_chondroid	mild_vs_severe	LMX1B	0.0	1.0	12	0	0	0	1.0
Fibrochondrocyte_chondroid	mild_vs_severe	TBX2	0.0	1.0	20	0	0	0	1.0
Fibrochondrocyte_chondroid	mild_vs_severe	ZNF699	0.0	1.0	29	0	0	0	1.0
Fibrochondrocyte_chondroid	mild_vs_severe	RFX5	0.0	1.0	13	0	0	0	1.0
Fibrochondrocyte_chondroid	mild_vs_severe	RFXANK	0.0	1.0	8	0	0	0	1.0
Fibrochondrocyte_chondroid	mild_vs_severe	RFXAP	0.0	1.0	7	0	0	0	1.0
Fibrochondrocyte_chondroid	mild_vs_severe	BARX2	0.0	1.0	10	0	0	0	1.0
Fibrochondrocyte_chondroid	mild_vs_severe	FOXO4	0.047619047619047616	0.026573496747284257	21	1	1	0	0.318360912011582
Fibrochondrocyte_chondroid	mild_vs_severe	DLX5	0.05	0.02532310945986907	20	1	1	0	0.31576367102
Fibrochondrocyte_chondroid	mild_vs_severe	ID4	0.0	1.0	9	0	0	0	1.0
Fibrochondrocyte_chondroid	mild_vs_severe	SPIB	0.0	1.0	9	0	0	0	1.0
Fibrochondrocyte_chondroid	mild_vs_severe	FOXN1	0.0	1.0	30	0	0	0	1.0
Fibrochondrocyte_chondroid	mild_vs_severe	TBX5	0.09090909090909091	0.014002318587267644	11	1	1	0	0.2826557598303074
Fibrochondrocyte_chondroid	mild_vs_severe	TLX1	0.0	1.0	6	0	0	0	1.0
Fibrochondrocyte_chondroid	mild_vs_severe	HIVEP1	0.0	1.0	8	0	0	0	1.0
Fibrochondrocyte_chondroid	mild_vs_severe	SMAD2	0.0	1.0	57	0	0	0	1.0
Fibrochondrocyte_chondroid	mild_vs_severe	NKX3-1	0.02	0.062193337919883435	50	1	1	0	0.4578328851692624
Fibrochondrocyte_chondroid	mild_vs_severe	HAND2	0.058823529411764705	0.021562993303888594	17	1	1	0	0.3063950908994403
Fibrochondrocyte_chondroid	mild_vs_severe	PAX7	0.0	1.0	9	0	0	0	1.0
Fibrochondrocyte_chondroid	mild_vs_severe	SFPQ	0.0	1.0	19	0	0	0	1.0
Fibrochondrocyte_chondroid	mild_vs_severe	BMAL1	0.0	1.0	44	0	0	0	1.0
Fibrochondrocyte_chondroid	mild_vs_severe	SKIL	0.0	1.0	14	0	0	0	1.0
Fibrochondrocyte_chondroid	mild_vs_severe	TBXT	0.0	1.0	6	0	0	0	1.0
Fibrochondrocyte_chondroid	mild_vs_severe	MSX2	0.0	1.0	22	0	0	0	1.0
Fibrochondrocyte_chondroid	mild_vs_severe	MZF1	0.0	1.0	13	0	0	0	1.0
Fibrochondrocyte_chondroid	mild_vs_severe	HOXA5	0.0	1.0	9	0	0	0	1.0
Fibrochondrocyte_chondroid	mild_vs_severe	HOXB4	0.0	1.0	5	0	0	0	1.0
Fibrochondrocyte_chondroid	mild_vs_severe	CREB3	0.0	1.0	8	0	0	0	1.0
Fibrochondrocyte_chondroid	mild_vs_severe	NFE2	0.0	1.0	11	0	0	0	1.0
Fibrochondrocyte_chondroid	mild_vs_severe	ZNF76	0.0	1.0	6	0	0	0	1.0
Fibrochondrocyte_chondroid	mild_vs_severe	FOXQ1	0.0	1.0	9	0	0	0	1.0
Fibrochondrocyte_chondroid	mild_vs_severe	ZGLP1	0.0	1.0	9	0	0	0	1.0
Fibrochondrocyte_chondroid	mild_vs_severe	NFYB	0.034482758620689655	0.03652310514400729	29	1	1	0	0.3833872159209605
Fibrochondrocyte_chondroid	mild_vs_severe	ETV3	0.0	1.0	10	0	0	0	1.0
Fibrochondrocyte_chondroid	mild_vs_severe	GSC	0.0	1.0	5	0	0	0	1.0
Fibrochondrocyte_chondroid	mild_vs_severe	IRF7	0.0	1.0	8	0	0	0	1.0
Fibrochondrocyte_chondroid	mild_vs_severe	NFATC3	0.0	1.0	17	0	0	0	1.0
Fibrochondrocyte_chondroid	mild_vs_severe	KDM5A	0.0	1.0	13	0	0	0	1.0
Fibrochondrocyte_chondroid	mild_vs_severe	GRHL3	0.0	1.0	14	0	0	0	1.0
Fibrochondrocyte_chondroid	mild_vs_severe	THRA	0.0	1.0	40	0	0	0	1.0
Fibrochondrocyte_chondroid	mild_vs_severe	SOX17	0.0	1.0	25	0	0	0	1.0
Fibrochondrocyte_chondroid	mild_vs_severe	TBX15	0.0	1.0	19	0	0	0	1.0
Fibrochondrocyte_chondroid	mild_vs_severe	NFAT5	0.02857142857142857	0.04392324895984818	35	1	1	0	0.3833872159209605
Fibrochondrocyte_chondroid	mild_vs_severe	BMAL2	0.0	1.0	6	0	0	0	1.0
Fibrochondrocyte_chondroid	mild_vs_severe	NFE2L2	0.0	1.0	143	0	0	0	1.0
Fibrochondrocyte_chondroid	mild_vs_severe	ZIC1	0.0	1.0	9	0	0	0	1.0
Fibrochondrocyte_chondroid	mild_vs_severe	MEIS1	0.0	1.0	9	0	0	0	1.0
Fibrochondrocyte_chondroid	mild_vs_severe	HOXA9	0.0	1.0	26	0	0	0	1.0
Fibrochondrocyte_chondroid	mild_vs_severe	MAFA	0.0	1.0	11	0	0	0	1.0
Fibrochondrocyte_chondroid	mild_vs_severe	NR1D1	0.0	1.0	13	0	0	0	1.0
Fibrochondrocyte_chondroid	mild_vs_severe	MYF6	0.0	1.0	6	0	0	0	1.0
Fibrochondrocyte_chondroid	mild_vs_severe	ZNF263	0.0	1.0	5	0	0	0	1.0
Fibrochondrocyte_chondroid	mild_vs_severe	NFIA	0.0	1.0	31	0	0	0	1.0
Fibrochondrocyte_chondroid	mild_vs_severe	HEY2	0.0	1.0	10	0	0	0	1.0
Fibrochondrocyte_chondroid	mild_vs_severe	HOXB7	0.0	1.0	11	0	0	0	1.0
Fibrochondrocyte_chondroid	mild_vs_severe	ZNF350	-0.1111111111111111	0.011470062336754775	9	1	0	1	0.2595632625095247
Fibrochondrocyte_chondroid	mild_vs_severe	BCL11A	0.0	1.0	7	0	0	0	1.0
Fibrochondrocyte_chondroid	mild_vs_severe	TWIST1	0.0	1.0	53	0	0	0	1.0
Fibrochondrocyte_chondroid	mild_vs_severe	ZNF395	0.0	1.0	5	0	0	0	1.0
Fibrochondrocyte_chondroid	mild_vs_severe	TFDP2	0.0	1.0	5	0	0	0	1.0
Fibrochondrocyte_chondroid	mild_vs_severe	GTF3A	0.0	1.0	16	0	0	0	1.0
Fibrochondrocyte_chondroid	mild_vs_severe	KLF10	0.0	1.0	17	0	0	0	1.0
Fibrochondrocyte_chondroid	mild_vs_severe	KLF2	0.0	1.0	33	0	0	0	1.0
Fibrochondrocyte_chondroid	mild_vs_severe	PHF20	0.0	1.0	7	0	0	0	1.0
Fibrochondrocyte_chondroid	mild_vs_severe	TGIF1	0.0	1.0	8	0	0	0	1.0
Fibrochondrocyte_chondroid	mild_vs_severe	FOXG1	0.0	1.0	12	0	0	0	1.0
Fibrochondrocyte_chondroid	mild_vs_severe	SF1	0.0	1.0	5	0	0	0	1.0
Fibrochondrocyte_chondroid	mild_vs_severe	MBD2	-0.017543859649122806	0.07060795513673074	57	1	0	1	0.47934956209491647
Fibrochondrocyte_chondroid	mild_vs_severe	FOXF2	0.0	1.0	8	0	0	0	1.0
Fibrochondrocyte_chondroid	mild_vs_severe	HEY1	-0.047619047619047616	0.026573496747284257	21	1	0	1	0.318360912011582
Fibrochondrocyte_chondroid	mild_vs_severe	ZBTB17	0.0	1.0	36	0	0	0	1.0
Fibrochondrocyte_chondroid	mild_vs_severe	IRF5	0.0	1.0	12	0	0	0	1.0
Fibrochondrocyte_chondroid	mild_vs_severe	THRB	0.0	1.0	30	0	0	0	1.0
Fibrochondrocyte_chondroid	mild_vs_severe	POU3F2	0.0	1.0	13	0	0	0	1.0
Fibrochondrocyte_chondroid	mild_vs_severe	FOXI1	0.0	1.0	5	0	0	0	1.0
Fibrochondrocyte_chondroid	mild_vs_severe	KCNIP3	0.0	1.0	7	0	0	0	1.0
Fibrochondrocyte_chondroid	mild_vs_severe	FOSB	0.0	1.0	20	0	0	0	1.0
Fibrochondrocyte_chondroid	mild_vs_severe	NFE2L1	0.0	1.0	8	0	0	0	1.0
Fibrochondrocyte_chondroid	mild_vs_severe	TRERF1	0.0	1.0	5	0	0	0	1.0
Fibrochondrocyte_chondroid	mild_vs_severe	FOXP1	0.0	1.0	10	0	0	0	1.0
Fibrochondrocyte_chondroid	mild_vs_severe	FOXP2	0.0	1.0	5	0	0	0	1.0
Fibrochondrocyte_chondroid	mild_vs_severe	BARX1	0.14285714285714285	0.008931768336906601	7	1	1	0	0.2595632625095247
Fibrochondrocyte_chondroid	mild_vs_severe	ZFPM2	0.0	1.0	7	0	0	0	1.0
Fibrochondrocyte_chondroid	mild_vs_severe	IKZF1	0.0	1.0	14	0	0	0	1.0
Fibrochondrocyte_chondroid	mild_vs_severe	BCL3	0.0	1.0	19	0	0	0	1.0
Fibrochondrocyte_chondroid	mild_vs_severe	SP2	0.0	1.0	16	0	0	0	1.0
Fibrochondrocyte_chondroid	mild_vs_severe	SIM2	0.0	1.0	8	0	0	0	1.0
Fibrochondrocyte_chondroid	mild_vs_severe	NFATC1	0.0	1.0	63	0	0	0	1.0
Fibrochondrocyte_chondroid	mild_vs_severe	POU2F3	0.0	1.0	5	0	0	0	1.0
Fibrochondrocyte_chondroid	mild_vs_severe	HOXA7	0.0	1.0	10	0	0	0	1.0
Fibrochondrocyte_chondroid	mild_vs_severe	NPAS2	0.0	1.0	6	0	0	0	1.0
Fibrochondrocyte_chondroid	mild_vs_severe	DLX2	0.0	1.0	11	0	0	0	1.0
Fibrochondrocyte_chondroid	mild_vs_severe	PRRX1	0.0	1.0	5	0	0	0	1.0
Fibrochondrocyte_chondroid	mild_vs_severe	VEZF1	0.0	1.0	5	0	0	0	1.0
Fibrochondrocyte_chondroid	mild_vs_severe	CTBP2	0.0	1.0	9	0	0	0	1.0
Fibrochondrocyte_chondroid	mild_vs_severe	SOX6	0.0	1.0	15	0	0	0	1.0
Fibrochondrocyte_chondroid	mild_vs_severe	HIPK2	0.0	1.0	7	0	0	0	1.0
Fibrochondrocyte_chondroid	mild_vs_severe	RORC	0.0	1.0	6	0	0	0	1.0
Fibrochondrocyte_chondroid	mild_vs_severe	PPARD	0.016666666666666666	0.0741927125069567	60	1	1	0	0.49273638414946247
Fibrochondrocyte_chondroid	mild_vs_severe	MECOM	0.0	1.0	11	0	0	0	1.0
Fibrochondrocyte_chondroid	mild_vs_severe	SIRT1	0.0	1.0	39	0	0	0	1.0
Fibrochondrocyte_chondroid	mild_vs_severe	ZBTB7B	0.0	1.0	11	0	0	0	1.0
Fibrochondrocyte_chondroid	mild_vs_severe	ZBTB7A	0.0	1.0	29	0	0	0	1.0
Fibrochondrocyte_chondroid	mild_vs_severe	STAT2	0.0	1.0	29	0	0	0	1.0
Fibrochondrocyte_chondroid	mild_vs_severe	ESRRG	0.0	1.0	14	0	0	0	1.0
Fibrochondrocyte_chondroid	mild_vs_severe	PRDM2	0.0	1.0	7	0	0	0	1.0
Fibrochondrocyte_chondroid	mild_vs_severe	PURA	0.0	1.0	12	0	0	0	1.0
Fibrochondrocyte_chondroid	mild_vs_severe	NEUROD6	0.0	1.0	8	0	0	0	1.0
Fibrochondrocyte_chondroid	mild_vs_severe	NEUROG2	0.0	1.0	8	0	0	0	1.0
Fibrochondrocyte_chondroid	mild_vs_severe	HMGB2	0.0	1.0	6	0	0	0	1.0
Fibrochondrocyte_chondroid	mild_vs_severe	DLX3	0.1	0.01273694435133601	10	1	1	0	0.2779383213809394
Fibrochondrocyte_chondroid	mild_vs_severe	TWIST2	0.0	1.0	24	0	0	0	1.0
Fibrochondrocyte_chondroid	mild_vs_severe	TFAP4	0.0	1.0	23	0	0	0	1.0
Fibrochondrocyte_chondroid	mild_vs_severe	KAT6B	0.0	1.0	5	0	0	0	1.0
Fibrochondrocyte_chondroid	mild_vs_severe	SALL3	0.0	1.0	5	0	0	0	1.0
Fibrochondrocyte_chondroid	mild_vs_severe	MXI1	0.0	1.0	8	0	0	0	1.0
Fibrochondrocyte_chondroid	mild_vs_severe	E2F5	0.0	1.0	9	0	0	0	1.0
Fibrochondrocyte_chondroid	mild_vs_severe	E2F2	0.025	0.050049681873510964	40	1	1	0	0.4077380749962026
Fibrochondrocyte_chondroid	mild_vs_severe	FOXD3	0.0	1.0	8	0	0	0	1.0
Fibrochondrocyte_chondroid	mild_vs_severe	POU5F1	0.025	0.050049681873510964	40	1	1	0	0.4077380749962026
Fibrochondrocyte_chondroid	mild_vs_severe	PLAGL1	0.0	1.0	14	0	0	0	1.0
Fibrochondrocyte_chondroid	mild_vs_severe	SNAI2	0.0	1.0	27	0	0	0	1.0
Fibrochondrocyte_chondroid	mild_vs_severe	NOTCH1	-0.025	0.050049681873510964	40	1	0	1	0.4077380749962026
Fibrochondrocyte_chondroid	mild_vs_severe	FOXC2	0.0	1.0	11	0	0	0	1.0
Fibrochondrocyte_chondroid	mild_vs_severe	FOXD1	0.0	1.0	5	0	0	0	1.0
Fibrochondrocyte_chondroid	mild_vs_severe	KLF9	0.0	1.0	16	0	0	0	1.0
Fibrochondrocyte_chondroid	mild_vs_severe	TBPL2	0.0	1.0	8	0	0	0	1.0
Fibrochondrocyte_chondroid	mild_vs_severe	NFIL3	0.0	1.0	14	0	0	0	1.0
Fibrochondrocyte_chondroid	mild_vs_severe	ZNF384	0.0	1.0	10	0	0	0	1.0
Fibrochondrocyte_chondroid	mild_vs_severe	HOXA11	0.0	1.0	5	0	0	0	1.0
Fibrochondrocyte_chondroid	mild_vs_severe	MEF2D	0.058823529411764705	0.021562993303888594	17	1	1	0	0.3063950908994403
Fibrochondrocyte_chondroid	mild_vs_severe	SMAD5	0.038461538461538464	0.03280312121193283	26	1	1	0	0.3579054832230529
Fibrochondrocyte_chondroid	mild_vs_severe	MLXIPL	0.0	1.0	10	0	0	0	1.0
Fibrochondrocyte_chondroid	mild_vs_severe	ZBTB33	0.0	1.0	7	0	0	0	1.0
Fibrochondrocyte_chondroid	mild_vs_severe	KLF15	0.0	1.0	12	0	0	0	1.0
Fibrochondrocyte_chondroid	mild_vs_severe	DNMT3A	0.0	1.0	39	0	0	0	1.0
Fibrochondrocyte_chondroid	mild_vs_severe	DNMT3B	0.0	1.0	51	0	0	0	1.0
Fibrochondrocyte_chondroid	mild_vs_severe	OLIG2	0.0	1.0	9	0	0	0	1.0
Fibrochondrocyte_chondroid	mild_vs_severe	MAFG	0.0	1.0	9	0	0	0	1.0
Fibrochondrocyte_chondroid	mild_vs_severe	TEF	0.0	1.0	9	0	0	0	1.0
Fibrochondrocyte_chondroid	mild_vs_severe	HOXD13	0.125	0.010201670885257624	8	1	1	0	0.2595632625095247
Fibrochondrocyte_chondroid	mild_vs_severe	ZKSCAN7	0.0	1.0	7	0	0	0	1.0
Fibrochondrocyte_chondroid	mild_vs_severe	BACH1	0.0	1.0	14	0	0	0	1.0
Fibrochondrocyte_chondroid	mild_vs_severe	TEAD4	0.0	1.0	7	0	0	0	1.0
Fibrochondrocyte_chondroid	mild_vs_severe	GCM1	0.0	1.0	5	0	0	0	1.0
Fibrochondrocyte_chondroid	mild_vs_severe	BHLHE41	0.058823529411764705	0.021562993303888594	17	1	1	0	0.3063950908994403
Fibrochondrocyte_chondroid	mild_vs_severe	MTA1	0.025	0.050049681873510964	40	1	1	0	0.4077380749962026
Fibrochondrocyte_chondroid	mild_vs_severe	EHF	0.0	1.0	8	0	0	0	1.0
Fibrochondrocyte_chondroid	mild_vs_severe	TCF7L2	0.014084507042253521	0.08722726928495615	71	1	1	0	0.5401468476442257
Fibrochondrocyte_chondroid	mild_vs_severe	VSX2	0.0	1.0	14	0	0	0	1.0
Fibrochondrocyte_chondroid	mild_vs_severe	TSC22D1	0.0	1.0	7	0	0	0	1.0
Fibrochondrocyte_chondroid	mild_vs_severe	SOX5	0.0	1.0	10	0	0	0	1.0
Fibrochondrocyte_chondroid	mild_vs_severe	SOX2	0.0	1.0	34	0	0	0	1.0
Fibrochondrocyte_chondroid	mild_vs_severe	NKX3-2	0.0	1.0	6	0	0	0	1.0
Fibrochondrocyte_chondroid	mild_vs_severe	PAX9	0.0	1.0	5	0	0	0	1.0
Fibrochondrocyte_chondroid	mild_vs_severe	TCF21	0.0	1.0	6	0	0	0	1.0
Fibrochondrocyte_chondroid	mild_vs_severe	HIC1	0.0	1.0	17	0	0	0	1.0
Fibrochondrocyte_chondroid	mild_vs_severe	ZEB2	0.0	1.0	17	0	0	0	1.0
Fibrochondrocyte_chondroid	mild_vs_severe	NONO	0.0	1.0	11	0	0	0	1.0
Fibrochondrocyte_chondroid	mild_vs_severe	CEBPZ	0.0	1.0	13	0	0	0	1.0
Fibrochondrocyte_chondroid	mild_vs_severe	SIX1	0.0	1.0	7	0	0	0	1.0
Fibrochondrocyte_chondroid	mild_vs_severe	NFIX	0.0	1.0	15	0	0	0	1.0
Fibrochondrocyte_chondroid	mild_vs_severe	MNT	0.0	1.0	8	0	0	0	1.0
Fibrochondrocyte_chondroid	mild_vs_severe	HOXA1	0.0	1.0	14	0	0	0	1.0
Fibrochondrocyte_chondroid	mild_vs_severe	BCL11B	0.0	1.0	18	0	0	0	1.0
Fibrochondrocyte_chondroid	mild_vs_severe	RXRB	0.0	1.0	7	0	0	0	1.0
Fibrochondrocyte_chondroid	mild_vs_severe	E2F6	0.0	1.0	32	0	0	0	1.0
Fibrochondrocyte_chondroid	mild_vs_severe	HOXA13	0.0	1.0	6	0	0	0	1.0
Fibrochondrocyte_chondroid	mild_vs_severe	KAT6A	0.0	1.0	10	0	0	0	1.0
Fibrochondrocyte_chondroid	mild_vs_severe	GFI1	0.0	1.0	32	0	0	0	1.0
Fibrochondrocyte_chondroid	mild_vs_severe	RUNX3	0.0	1.0	43	0	0	0	1.0
Fibrochondrocyte_chondroid	mild_vs_severe	GLI1	0.0	1.0	112	0	0	0	1.0
Fibrochondrocyte_chondroid	mild_vs_severe	KLF8	0.0	1.0	15	0	0	0	1.0
Fibrochondrocyte_chondroid	mild_vs_severe	MEOX2	0.0	1.0	6	0	0	0	1.0
Fibrochondrocyte_chondroid	mild_vs_severe	JARID2	0.0	1.0	10	0	0	0	1.0
Fibrochondrocyte_chondroid	mild_vs_severe	NFYC	0.05555555555555555	0.022817859380633333	18	1	1	0	0.31576367102
Fibrochondrocyte_chondroid	mild_vs_severe	GFI1B	0.0	1.0	8	0	0	0	1.0
Fibrochondrocyte_chondroid	mild_vs_severe	ASCL2	0.0	1.0	5	0	0	0	1.0
Fibrochondrocyte_chondroid	mild_vs_severe	MSC	0.0	1.0	13	0	0	0	1.0
Fibrochondrocyte_chondroid	mild_vs_severe	HOXB9	0.0	1.0	5	0	0	0	1.0
Fibrochondrocyte_chondroid	mild_vs_severe	HLX	0.0	1.0	12	0	0	0	1.0
Fibrochondrocyte_chondroid	mild_vs_severe	RCOR2	0.0	1.0	12	0	0	0	1.0
Fibrochondrocyte_chondroid	mild_vs_severe	NKX2-2	0.0	1.0	9	0	0	0	1.0
Fibrochondrocyte_chondroid	mild_vs_severe	ARID4A	0.0	1.0	6	0	0	0	1.0
Fibrochondrocyte_chondroid	mild_vs_severe	HINFP	0.0	1.0	9	0	0	0	1.0
Fibrochondrocyte_chondroid	mild_vs_severe	SMARCC1	0.0	1.0	6	0	0	0	1.0
Fibrochondrocyte_chondroid	mild_vs_severe	KAT2B	0.0	1.0	12	0	0	0	1.0
Fibrochondrocyte_chondroid	mild_vs_severe	HDGF	0.0	1.0	5	0	0	0	1.0
Fibrochondrocyte_chondroid	mild_vs_severe	EP300	0.0	1.0	42	0	0	0	1.0
Fibrochondrocyte_chondroid	mild_vs_severe	TRPS1	0.0	1.0	12	0	0	0	1.0
Fibrochondrocyte_chondroid	mild_vs_severe	CTNNB1	0.0	0.02501614628519733	195	2	1	1	0.31576367102
Fibrochondrocyte_chondroid	mild_vs_severe	PML	0.0	1.0	15	0	0	0	1.0
Fibrochondrocyte_chondroid	mild_vs_severe	KLF7	0.0	1.0	8	0	0	0	1.0
Fibrochondrocyte_chondroid	mild_vs_severe	PROP1	0.0	1.0	6	0	0	0	1.0
Fibrochondrocyte_chondroid	mild_vs_severe	LMO2	0.0	1.0	18	0	0	0	1.0
Fibrochondrocyte_chondroid	mild_vs_severe	MEOX1	0.0	1.0	6	0	0	0	1.0
Fibrochondrocyte_chondroid	mild_vs_severe	FOXL2	0.0	1.0	13	0	0	0	1.0
Fibrochondrocyte_chondroid	mild_vs_severe	HTATIP2	0.0	1.0	11	0	0	0	1.0
Fibrochondrocyte_chondroid	mild_vs_severe	EZH2	0.0	1.0	97	0	0	0	1.0
Fibrochondrocyte_chondroid	mild_vs_severe	GLI2	0.01020408163265306	0.11850221878535278	98	1	1	0	0.6830646762061373
Fibrochondrocyte_chondroid	mild_vs_severe	TCF7	0.0	1.0	12	0	0	0	1.0
Fibrochondrocyte_chondroid	mild_vs_severe	FOXC1	0.1111111111111111	0.011470062336754775	9	1	1	0	0.2595632625095247
Fibrochondrocyte_chondroid	mild_vs_severe	HOXB13	0.0	1.0	8	0	0	0	1.0
Fibrochondrocyte_chondroid	mild_vs_severe	ABL1	0.0	1.0	10	0	0	0	1.0
Fibrochondrocyte_chondroid	mild_vs_severe	TBX3	0.0	1.0	11	0	0	0	1.0
Fibrochondrocyte_chondroid	mild_vs_severe	NFKBIZ	0.2	0.006387423301523709	5	1	1	0	0.24391972732693665
Fibrochondrocyte_chondroid	mild_vs_severe	PLAGL2	0.0	1.0	5	0	0	0	1.0
Fibrochondrocyte_chondroid	mild_vs_severe	TET1	0.0	1.0	9	0	0	0	1.0
Fibrochondrocyte_chondroid	mild_vs_severe	FOXH1	0.0	1.0	7	0	0	0	1.0
Fibrochondrocyte_chondroid	mild_vs_severe	FOXP3	0.0	1.0	27	0	0	0	1.0
Fibrochondrocyte_chondroid	mild_vs_severe	CREB3L1	0.0	1.0	7	0	0	0	1.0
Fibrochondrocyte_chondroid	mild_vs_severe	TFDP3	0.0	1.0	5	0	0	0	1.0
Fibrochondrocyte_chondroid	mild_vs_severe	SP7	0.043478260869565216	0.029069804017605845	23	1	1	0	0.34157019720686865
Fibrochondrocyte_chondroid	mild_vs_severe	OVOL1	0.125	0.010201670885257624	8	1	1	0	0.2595632625095247
Fibrochondrocyte_chondroid	mild_vs_severe	ZNF436	0.0	1.0	5	0	0	0	1.0
Fibrochondrocyte_chondroid	mild_vs_severe	ATF7	0.2	0.006387423301523709	5	1	1	0	0.24391972732693665
Fibrochondrocyte_chondroid	mild_vs_severe	SCX	0.0	1.0	8	0	0	0	1.0
Fibrochondrocyte_chondroid	mild_vs_severe	NANOG	0.0	1.0	30	0	0	0	1.0
Fibrochondrocyte_chondroid	mild_vs_severe	ARX	0.0	1.0	13	0	0	0	1.0
Fibrochondrocyte_chondroid	mild_vs_severe	VHL	0.0	1.0	19	0	0	0	1.0
Fibrochondrocyte_chondroid	mild_vs_severe	SOX4	0.0	1.0	18	0	0	0	1.0
Fibrochondrocyte_chondroid	mild_vs_severe	ATF5	0.0	1.0	21	0	0	0	1.0
Fibrochondrocyte_chondroid	mild_vs_severe	CTCFL	0.0	1.0	6	0	0	0	1.0
Fibrochondrocyte_chondroid	mild_vs_severe	SP6	0.2	0.006387423301523709	5	1	1	0	0.24391972732693665
Fibrochondrocyte_chondroid	mild_vs_severe	SMARCA5	0.0	1.0	8	0	0	0	1.0
Fibrochondrocyte_chondroid	mild_vs_severe	EOMES	0.0	1.0	8	0	0	0	1.0
Fibrochondrocyte_chondroid	mild_vs_severe	ESRRB	0.0	1.0	5	0	0	0	1.0
Fibrochondrocyte_chondroid	mild_vs_severe	ZXDC	0.0	1.0	5	0	0	0	1.0
Fibrochondrocyte_chondroid	mild_vs_severe	NR2E1	0.0	1.0	10	0	0	0	1.0
Fibrochondrocyte_chondroid	mild_vs_severe	ZFP42	0.0	1.0	12	0	0	0	1.0
Fibrochondrocyte_chondroid	mild_vs_severe	KMT2B	0.0	1.0	11	0	0	0	1.0
Fibrochondrocyte_chondroid	mild_vs_severe	NFIB	0.0	1.0	14	0	0	0	1.0
Fibrochondrocyte_chondroid	mild_vs_severe	EN1	0.0	1.0	5	0	0	0	1.0
Fibrochondrocyte_chondroid	mild_vs_severe	MTA3	0.0	1.0	9	0	0	0	1.0
Fibrochondrocyte_chondroid	mild_vs_severe	TBX18	0.0	1.0	7	0	0	0	1.0
Fibrochondrocyte_chondroid	mild_vs_severe	EGR4	0.0	1.0	9	0	0	0	1.0
Fibrochondrocyte_chondroid	mild_vs_severe	HSF4	0.0	1.0	8	0	0	0	1.0
Fibrochondrocyte_chondroid	mild_vs_severe	BCLAF1	0.0	1.0	5	0	0	0	1.0
Fibrochondrocyte_chondroid	mild_vs_severe	KDM5C	0.0	1.0	10	0	0	0	1.0
Fibrochondrocyte_chondroid	mild_vs_severe	FOSL2	0.0	1.0	22	0	0	0	1.0
Fibrochondrocyte_chondroid	mild_vs_severe	MED1	0.0	1.0	9	0	0	0	1.0
Fibrochondrocyte_chondroid	mild_vs_severe	LYL1	0.0	1.0	12	0	0	0	1.0
Fibrochondrocyte_chondroid	mild_vs_severe	HOXD1	0.0	1.0	5	0	0	0	1.0
Fibrochondrocyte_chondroid	mild_vs_severe	SALL4	0.0	1.0	6	0	0	0	1.0
Fibrochondrocyte_chondroid	mild_vs_severe	KDM5B	0.0	1.0	20	0	0	0	1.0
Fibrochondrocyte_chondroid	mild_vs_severe	TADA2A	0.0	1.0	6	0	0	0	1.0
Fibrochondrocyte_chondroid	mild_vs_severe	SATB2	0.0	1.0	17	0	0	0	1.0
Fibrochondrocyte_chondroid	mild_vs_severe	NSD2	0.0	1.0	6	0	0	0	1.0
Fibrochondrocyte_chondroid	mild_vs_severe	PBRM1	0.0	1.0	7	0	0	0	1.0
Fibrochondrocyte_chondroid	mild_vs_severe	ZBTB4	0.0	1.0	12	0	0	0	1.0
Fibrochondrocyte_chondroid	mild_vs_severe	THAP11	0.0	1.0	6	0	0	0	1.0
Fibrochondrocyte_chondroid	mild_vs_severe	FOXJ1	0.0	1.0	8	0	0	0	1.0
Fibrochondrocyte_chondroid	mild_vs_severe	PPARGC1A	0.0	1.0	18	0	0	0	1.0
Fibrochondrocyte_chondroid	mild_vs_severe	BATF	0.0	1.0	7	0	0	0	1.0
Fibrochondrocyte_chondroid	mild_vs_severe	ARID3B	0.0	1.0	5	0	0	0	1.0
Fibrochondrocyte_chondroid	mild_vs_severe	ZNF300	0.0	1.0	5	0	0	0	1.0
Fibrochondrocyte_chondroid	mild_vs_severe	NUPR1	0.0	1.0	6	0	0	0	1.0
Fibrochondrocyte_chondroid	mild_vs_severe	ZNF331	0.0	1.0	16	0	0	0	1.0
Fibrochondrocyte_chondroid	mild_vs_severe	ZNF382	0.0	1.0	11	0	0	0	1.0
Fibrochondrocyte_chondroid	mild_vs_severe	HOXD8	0.0	1.0	5	0	0	0	1.0
Fibrochondrocyte_chondroid	mild_vs_severe	LHX8	0.0	1.0	7	0	0	0	1.0
Fibrochondrocyte_chondroid	mild_vs_severe	IRX1	0.0	1.0	11	0	0	0	1.0
Fibrochondrocyte_chondroid	mild_vs_severe	SOX11	0.0	1.0	7	0	0	0	1.0
Fibrochondrocyte_chondroid	mild_vs_severe	IRF6	0.0	1.0	9	0	0	0	1.0
Fibrochondrocyte_chondroid	mild_vs_severe	HEYL	0.0	1.0	5	0	0	0	1.0
Fibrochondrocyte_chondroid	mild_vs_severe	MECP2	0.0	1.0	16	0	0	0	1.0
Fibrochondrocyte_chondroid	mild_vs_severe	MAML1	0.0	1.0	5	0	0	0	1.0
Fibrochondrocyte_chondroid	mild_vs_severe	DOT1L	0.0	1.0	8	0	0	0	1.0
Fibrochondrocyte_chondroid	mild_vs_severe	ARID3A	0.0	1.0	6	0	0	0	1.0
Fibrochondrocyte_chondroid	mild_vs_severe	ARID1A	0.0	1.0	5	0	0	0	1.0
Fibrochondrocyte_chondroid	mild_vs_severe	ZBTB18	0.0	1.0	6	0	0	0	1.0
Fibrochondrocyte_chondroid	mild_vs_severe	TCF15	0.0	1.0	5	0	0	0	1.0
Fibrochondrocyte_chondroid	mild_vs_severe	NPM1	0.0	1.0	11	0	0	0	1.0
Fibrochondrocyte_chondroid	mild_vs_severe	SETBP1	0.0	1.0	5	0	0	0	1.0
Fibrochondrocyte_chondroid	mild_vs_severe	KDM2A	0.0	1.0	8	0	0	0	1.0
Fibrochondrocyte_chondroid	mild_vs_severe	MKX	0.0	1.0	6	0	0	0	1.0
Fibrochondrocyte_chondroid	mild_vs_severe	HDAC3	0.0	1.0	14	0	0	0	1.0
Fibrochondrocyte_chondroid	mild_vs_severe	BTG2	0.0	1.0	6	0	0	0	1.0
Fibrochondrocyte_chondroid	mild_vs_severe	CREB5	0.0	1.0	9	0	0	0	1.0
Fibrochondrocyte_chondroid	mild_vs_severe	CTBP1	0.0	1.0	8	0	0	0	1.0
Fibrochondrocyte_chondroid	mild_vs_severe	HDAC1	0.0	1.0	57	0	0	0	1.0
Fibrochondrocyte_chondroid	mild_vs_severe	HCFC1	0.0	1.0	7	0	0	0	1.0
Fibrochondrocyte_chondroid	mild_vs_severe	ETV7	0.0	1.0	8	0	0	0	1.0
Fibrochondrocyte_chondroid	mild_vs_severe	FHL2	0.0	1.0	6	0	0	0	1.0
Fibrochondrocyte_chondroid	mild_vs_severe	HDAC4	0.0	1.0	16	0	0	0	1.0
Fibrochondrocyte_chondroid	mild_vs_severe	HDAC7	0.0	1.0	10	0	0	0	1.0
Fibrochondrocyte_chondroid	mild_vs_severe	HDAC9	0.0	1.0	14	0	0	0	1.0
Fibrochondrocyte_chondroid	mild_vs_severe	ING4	0.0	1.0	14	0	0	0	1.0
Fibrochondrocyte_chondroid	mild_vs_severe	SIN3A	0.0	1.0	8	0	0	0	1.0
Fibrochondrocyte_chondroid	mild_vs_severe	SMARCA4	0.0	1.0	7	0	0	0	1.0
Fibrochondrocyte_chondroid	mild_vs_severe	WWTR1	0.0	1.0	8	0	0	0	1.0
Fibrochondrocyte_chondroid	mild_vs_severe	PIN1	0.0	1.0	5	0	0	0	1.0
Fibrochondrocyte_chondroid	mild_vs_severe	FGF2	0.125	0.010201670885257624	8	1	1	0	0.2595632625095247
Fibrochondrocyte_chondroid	mild_vs_severe	PARK7	0.0	1.0	6	0	0	0	1.0
Fibrochondrocyte_chondroid	mild_vs_severe	YAP1	0.0	1.0	8	0	0	0	1.0
Fibrochondrocyte_chondroid	mild_vs_severe	BCOR	0.0	1.0	5	0	0	0	1.0
Fibrochondrocyte_chondroid	mild_vs_severe	BRD4	0.0	1.0	8	0	0	0	1.0
Fibrochondrocyte_chondroid	mild_vs_severe	SRSF2	0.0	1.0	12	0	0	0	1.0
Fibrochondrocyte_chondroid	mild_vs_severe	ZMYND8	0.0	1.0	6	0	0	0	1.0
Fibrochondrocyte_chondroid	mild_vs_severe	ARID4B	0.0	1.0	8	0	0	0	1.0
Fibrochondrocyte_chondroid	mild_vs_severe	AP1	0.009287925696594427	0.007299199896446616	323	3	3	0	0.2595632625095247
Fibrochondrocyte_chondroid	mild_vs_severe	NFKB	0.00631578947368421	0.020740368859384357	475	3	3	0	0.3063950908994403
Fibrochondrocyte_stressed	mild_vs_severe	MYC	-0.0014749262536873156	0.5939791603745168	678	1	0	1	1.0
Fibrochondrocyte_stressed	mild_vs_severe	SPI1	0.0	1.0	171	0	0	0	1.0
Fibrochondrocyte_stressed	mild_vs_severe	SMAD3	0.009523809523809525	0.1270247281188902	105	1	1	0	0.575403059463928
Fibrochondrocyte_stressed	mild_vs_severe	SMAD4	0.0	1.0	77	0	0	0	1.0
Fibrochondrocyte_stressed	mild_vs_severe	STAT5A	0.008333333333333333	0.14389561900856418	120	1	1	0	0.6198645932854344
Fibrochondrocyte_stressed	mild_vs_severe	STAT5B	0.0	1.0	64	0	0	0	1.0
Fibrochondrocyte_stressed	mild_vs_severe	RELA	0.009433962264150943	0.007085339303837667	318	3	3	0	0.11027694762639652
Fibrochondrocyte_stressed	mild_vs_severe	WT1	0.0	1.0	90	0	0	0	1.0
Fibrochondrocyte_stressed	mild_vs_severe	NR0B2	0.015625	0.07932266104018719	64	1	1	0	0.40461222900330773
Fibrochondrocyte_stressed	mild_vs_severe	SP1	0.005134788189987163	0.014622984613473578	779	4	4	0	0.1674745596297823
Fibrochondrocyte_stressed	mild_vs_severe	TP53	0.0014347202295552368	0.05610119152064963	697	3	2	1	0.34748391074524826
Fibrochondrocyte_stressed	mild_vs_severe	ZBTB16	0.0	1.0	34	0	0	0	1.0
Fibrochondrocyte_stressed	mild_vs_severe	ETV6	0.0	1.0	16	0	0	0	1.0
Fibrochondrocyte_stressed	mild_vs_severe	RUNX1	0.008928571428571428	0.13493586215141581	112	1	1	0	0.5978545133278058
Fibrochondrocyte_stressed	mild_vs_severe	STAT1	0.0196078431372549	0.00010366393701993582	204	4	4	0	0.015731002442775262
Fibrochondrocyte_stressed	mild_vs_severe	STAT3	0.011627906976744186	0.003952458549714144	258	3	3	0	0.08568365498844589
Fibrochondrocyte_stressed	mild_vs_severe	ETV4	0.02564102564102564	0.04905979700225271	39	1	1	0	0.3345988402288471
Fibrochondrocyte_stressed	mild_vs_severe	MTF1	0.0	1.0	25	0	0	0	1.0
Fibrochondrocyte_stressed	mild_vs_severe	CREB1	0.01532567049808429	0.0002679684002974413	261	4	4	0	0.027109469830091146
Fibrochondrocyte_stressed	mild_vs_severe	FOXA2	0.0	1.0	44	0	0	0	1.0
Fibrochondrocyte_stressed	mild_vs_severe	NFATC2	0.041666666666666664	0.0016767678324275633	48	2	2	0	0.07357987450462658
Fibrochondrocyte_stressed	mild_vs_severe	CEBPB	0.004032258064516129	0.2760305908440325	248	1	1	0	1.0
Fibrochondrocyte_stressed	mild_vs_severe	FOS	0.0051813471502590676	0.00173175373121652	193	3	2	1	0.07357987450462658
Fibrochondrocyte_stressed	mild_vs_severe	PLAG1	0.0	1.0	7	0	0	0	1.0
Fibrochondrocyte_stressed	mild_vs_severe	E2F1	0.00398406374501992	0.27888701923595616	251	1	1	0	1.0
Fibrochondrocyte_stressed	mild_vs_severe	E2F3	0.0	1.0	59	0	0	0	1.0
Fibrochondrocyte_stressed	mild_vs_severe	HBP1	0.0	1.0	29	0	0	0	1.0
Fibrochondrocyte_stressed	mild_vs_severe	YY1	0.00641025641025641	0.18315838559073777	156	1	1	0	0.756307075194407
Fibrochondrocyte_stressed	mild_vs_severe	ESR1	0.002617801047120419	8.005837694860605e-05	382	5	3	2	0.015731002442775262
Fibrochondrocyte_stressed	mild_vs_severe	JUN	0.002631578947368421	0.01154861210217723	380	3	2	1	0.1430613784902363
Fibrochondrocyte_stressed	mild_vs_severe	NR1I3	0.037037037037037035	0.034207868356024004	27	1	1	0	0.2805969742176564
Fibrochondrocyte_stressed	mild_vs_severe	CEBPG	0.021052631578947368	0.006411999354644685	95	2	2	0	0.11027694762639652
Fibrochondrocyte_stressed	mild_vs_severe	MAFK	0.0	1.0	16	0	0	0	1.0
Fibrochondrocyte_stressed	mild_vs_severe	STAT4	0.0	1.0	12	0	0	0	1.0
Fibrochondrocyte_stressed	mild_vs_severe	IRF1	0.021739130434782608	0.006024591640212984	92	2	2	0	0.11027694762639652
Fibrochondrocyte_stressed	mild_vs_severe	ATF2	0.0125	0.09821893399124963	80	1	1	0	0.4731658169260994
Fibrochondrocyte_stressed	mild_vs_severe	NR2C2	0.0	1.0	34	0	0	0	1.0
Fibrochondrocyte_stressed	mild_vs_severe	IRF3	0.0196078431372549	0.06369941326949663	51	1	1	0	0.37178407552485054
Fibrochondrocyte_stressed	mild_vs_severe	TFAP2A	0.005681818181818182	0.20424185048415208	176	1	1	0	0.8376675894856779
Fibrochondrocyte_stressed	mild_vs_severe	HNF1A	0.0	1.0	40	0	0	0	1.0
Fibrochondrocyte_stressed	mild_vs_severe	ETS1	0.008264462809917356	0.14500950946710325	121	1	1	0	0.6198645932854344
Fibrochondrocyte_stressed	mild_vs_severe	ARNT	0.0	0.0012855296862920476	42	2	1	1	0.06502637663160608
Fibrochondrocyte_stressed	mild_vs_severe	AHR	0.010638297872340425	0.11445710006934369	94	1	1	0	0.5344266134007049
Fibrochondrocyte_stressed	mild_vs_severe	PAX6	0.0	1.0	74	0	0	0	1.0
Fibrochondrocyte_stressed	mild_vs_severe	NFYA	0.0	1.0	70	0	0	0	1.0
Fibrochondrocyte_stressed	mild_vs_severe	ZNF148	0.0	1.0	20	0	0	0	1.0
Fibrochondrocyte_stressed	mild_vs_severe	NFIC	0.0	1.0	42	0	0	0	1.0
Fibrochondrocyte_stressed	mild_vs_severe	RBPJ	0.012048192771084338	0.10172164023178558	83	1	1	0	0.4786436869821229
Fibrochondrocyte_stressed	mild_vs_severe	HES1	0.0	1.0	53	0	0	0	1.0
Fibrochondrocyte_stressed	mild_vs_severe	GATA4	0.034482758620689655	0.0024391889488150783	58	2	2	0	0.0814511737962752
Fibrochondrocyte_stressed	mild_vs_severe	GATA6	0.0	1.0	34	0	0	0	1.0
Fibrochondrocyte_stressed	mild_vs_severe	HNF4A	0.00819672131147541	0.1461220540221232	122	1	1	0	0.6202523551848167
Fibrochondrocyte_stressed	mild_vs_severe	RARA	-0.020202020202020204	0.006945895098294179	99	2	0	2	0.11027694762639652
Fibrochondrocyte_stressed	mild_vs_severe	DBP	0.0	1.0	19	0	0	0	1.0
Fibrochondrocyte_stressed	mild_vs_severe	HLF	0.0	1.0	11	0	0	0	1.0
Fibrochondrocyte_stressed	mild_vs_severe	PPARG	-0.0049504950495049506	0.001973302216875945	202	3	1	2	0.07486215285273115
Fibrochondrocyte_stressed	mild_vs_severe	MAX	0.0	1.0	33	0	0	0	1.0
Fibrochondrocyte_stressed	mild_vs_severe	USF2	0.01639344262295082	0.07573893489164547	61	1	1	0	0.3896062159256678
Fibrochondrocyte_stressed	mild_vs_severe	IRF2	-0.03333333333333333	0.03794090947333951	30	1	0	1	0.2972955194668616
Fibrochondrocyte_stressed	mild_vs_severe	SP3	0.012	0.0036167257172841595	250	3	3	0	0.08568365498844589
Fibrochondrocyte_stressed	mild_vs_severe	AR	0.0029585798816568047	0.008383768581196419	338	3	2	1	0.11834761694851689
Fibrochondrocyte_stressed	mild_vs_severe	CUX1	0.0	1.0	72	0	0	0	1.0
Fibrochondrocyte_stressed	mild_vs_severe	ATF1	0.017241379310344827	0.07214225912982891	58	1	1	0	0.3841258885246154
Fibrochondrocyte_stressed	mild_vs_severe	KAT7	0.01818181818181818	0.06853259057340762	55	1	1	0	0.3841258885246154
Fibrochondrocyte_stressed	mild_vs_severe	CREBZF	0.0	1.0	11	0	0	0	1.0
Fibrochondrocyte_stressed	mild_vs_severe	GLI3	0.0	1.0	23	0	0	0	1.0
Fibrochondrocyte_stressed	mild_vs_severe	NKX2-5	0.0	1.0	32	0	0	0	1.0
Fibrochondrocyte_stressed	mild_vs_severe	TGFB1I1	0.0	1.0	11	0	0	0	1.0
Fibrochondrocyte_stressed	mild_vs_severe	RARB	-0.03225806451612903	0.039182276041761	31	1	0	1	0.2972955194668616
Fibrochondrocyte_stressed	mild_vs_severe	RARG	0.0	1.0	20	0	0	0	1.0
Fibrochondrocyte_stressed	mild_vs_severe	TEAD1	0.0	1.0	14	0	0	0	1.0
Fibrochondrocyte_stressed	mild_vs_severe	PPARA	-0.006711409395973154	0.0008201838382849764	149	3	1	2	0.049274995909873574
Fibrochondrocyte_stressed	mild_vs_severe	ESR2	0.008264462809917356	0.14500950946710325	121	1	1	0	0.6198645932854344
Fibrochondrocyte_stressed	mild_vs_severe	NR3C1	0.0	0.016602313714178155	156	2	1	1	0.1832291713546571
Fibrochondrocyte_stressed	mild_vs_severe	PGR	-0.012195121951219513	0.10055547767273926	82	1	0	1	0.4768529292761932
Fibrochondrocyte_stressed	mild_vs_severe	NRG1	0.0	1.0	26	0	0	0	1.0
Fibrochondrocyte_stressed	mild_vs_severe	TBP	0.009708737864077669	0.1247520957610074	103	1	1	0	0.5693573092250488
Fibrochondrocyte_stressed	mild_vs_severe	REL	0.0	1.0	66	0	0	0	1.0
Fibrochondrocyte_stressed	mild_vs_severe	ISL1	0.0	1.0	9	0	0	0	1.0
Fibrochondrocyte_stressed	mild_vs_severe	ZBTB14	0.0	1.0	5	0	0	0	1.0
Fibrochondrocyte_stressed	mild_vs_severe	MYB	0.009345794392523364	0.12929187993896266	107	1	1	0	0.5813346009107432
Fibrochondrocyte_stressed	mild_vs_severe	PITX1	0.0	1.0	17	0	0	0	1.0
Fibrochondrocyte_stressed	mild_vs_severe	EGR1	0.0044444444444444444	0.0026837289553962172	225	3	2	1	0.0814511737962752
Fibrochondrocyte_stressed	mild_vs_severe	MYOD1	0.0	1.0	81	0	0	0	1.0
Fibrochondrocyte_stressed	mild_vs_severe	ETS2	0.0	1.0	66	0	0	0	1.0
Fibrochondrocyte_stressed	mild_vs_severe	GTF2I	0.0	1.0	18	0	0	0	1.0
Fibrochondrocyte_stressed	mild_vs_severe	NR2F1	0.0	1.0	21	0	0	0	1.0
Fibrochondrocyte_stressed	mild_vs_severe	ENO1	-0.08333333333333333	0.015340064823400014	12	1	0	1	0.17243369162599645
Fibrochondrocyte_stressed	mild_vs_severe	JDP2	0.0	1.0	28	0	0	0	1.0
Fibrochondrocyte_stressed	mild_vs_severe	MAZ	0.0	1.0	21	0	0	0	1.0
Fibrochondrocyte_stressed	mild_vs_severe	NR4A1	0.0	1.0	56	0	0	0	1.0
Fibrochondrocyte_stressed	mild_vs_severe	HMGA1	0.02631578947368421	0.047830284364464695	38	1	1	0	0.3345988402288471
Fibrochondrocyte_stressed	mild_vs_severe	NFKB1	0.012875536480686695	0.002963537145227793	233	3	3	0	0.08176668396151228
Fibrochondrocyte_stressed	mild_vs_severe	USF1	-0.008333333333333333	0.14389561900856418	120	1	0	1	0.6198645932854344
Fibrochondrocyte_stressed	mild_vs_severe	DDIT3	0.014492753623188406	0.08526687790184294	69	1	1	0	0.42078857631234684
Fibrochondrocyte_stressed	mild_vs_severe	ATF4	0.023809523809523808	0.005046688481237661	84	2	2	0	0.10563241062452622
Fibrochondrocyte_stressed	mild_vs_severe	ATF3	0.0	1.0	72	0	0	0	1.0
Fibrochondrocyte_stressed	mild_vs_severe	TAF1	0.0	1.0	35	0	0	0	1.0
Fibrochondrocyte_stressed	mild_vs_severe	RUNX2	0.012658227848101266	0.09704854973945376	79	1	1	0	0.47126775753478745
Fibrochondrocyte_stressed	mild_vs_severe	TFAP2B	0.0	1.0	11	0	0	0	1.0
Fibrochondrocyte_stressed	mild_vs_severe	CREM	0.0	1.0	42	0	0	0	1.0
Fibrochondrocyte_stressed	mild_vs_severe	IRF8	0.025	0.05028783526827692	40	1	1	0	0.33916351119826765
Fibrochondrocyte_stressed	mild_vs_severe	ETV5	0.16666666666666666	0.0076975575954440776	6	1	1	0	0.11124803477225131
Fibrochondrocyte_stressed	mild_vs_severe	DMTF1	0.0	1.0	13	0	0	0	1.0
Fibrochondrocyte_stressed	mild_vs_severe	NR5A1	0.023255813953488372	0.05396312014894506	43	1	1	0	0.34479593610957526
Fibrochondrocyte_stressed	mild_vs_severe	NEUROD2	0.0	1.0	8	0	0	0	1.0
Fibrochondrocyte_stressed	mild_vs_severe	NEUROD1	0.0	1.0	25	0	0	0	1.0
Fibrochondrocyte_stressed	mild_vs_severe	HHEX	0.0	1.0	14	0	0	0	1.0
Fibrochondrocyte_stressed	mild_vs_severe	FOXO3	0.006535947712418301	0.17995149561952406	153	1	1	0	0.748154505760624
Fibrochondrocyte_stressed	mild_vs_severe	MBD1	0.0	1.0	10	0	0	0	1.0
Fibrochondrocyte_stressed	mild_vs_severe	CEBPD	0.020833333333333332	0.06005925952302094	48	1	1	0	0.36455970530473714
Fibrochondrocyte_stressed	mild_vs_severe	ELK1	0.023255813953488372	0.05396312014894506	43	1	1	0	0.34479593610957526
Fibrochondrocyte_stressed	mild_vs_severe	FLI1	0.0	1.0	60	0	0	0	1.0
Fibrochondrocyte_stressed	mild_vs_severe	ELK4	0.0	1.0	6	0	0	0	1.0
Fibrochondrocyte_stressed	mild_vs_severe	PREB	0.0	1.0	8	0	0	0	1.0
Fibrochondrocyte_stressed	mild_vs_severe	POU1F1	0.0	1.0	26	0	0	0	1.0
Fibrochondrocyte_stressed	mild_vs_severe	PAX5	0.0	1.0	36	0	0	0	1.0
Fibrochondrocyte_stressed	mild_vs_severe	CEBPA	0.009009009009009009	0.0003466130178175389	111	3	2	1	0.03005630025932087
Fibrochondrocyte_stressed	mild_vs_severe	LITAF	0.0	1.0	20	0	0	0	1.0
Fibrochondrocyte_stressed	mild_vs_severe	STAT6	0.017857142857142856	0.06973725974033353	56	1	1	0	0.3841258885246154
Fibrochondrocyte_stressed	mild_vs_severe	HIF1A	0.006578947368421052	0.00047920983683578564	304	4	3	1	0.03636004636991524
Fibrochondrocyte_stressed	mild_vs_severe	TP73	0.0	1.0	99	0	0	0	1.0
Fibrochondrocyte_stressed	mild_vs_severe	KLF11	0.0	1.0	17	0	0	0	1.0
Fibrochondrocyte_stressed	mild_vs_severe	TCF4	0.0	1.0	31	0	0	0	1.0
Fibrochondrocyte_stressed	mild_vs_severe	HIVEP2	0.0	1.0	8	0	0	0	1.0
Fibrochondrocyte_stressed	mild_vs_severe	E2F4	0.0	1.0	149	0	0	0	1.0
Fibrochondrocyte_stressed	mild_vs_severe	GATA5	0.0	1.0	8	0	0	0	1.0
Fibrochondrocyte_stressed	mild_vs_severe	SRF	0.017241379310344827	0.07214225912982891	58	1	1	0	0.3841258885246154
Fibrochondrocyte_stressed	mild_vs_severe	ELF1	0.0	1.0	43	0	0	0	1.0
Fibrochondrocyte_stressed	mild_vs_severe	GATA3	0.010101010101010102	0.1201903404984722	99	1	1	0	0.5526934597164593
Fibrochondrocyte_stressed	mild_vs_severe	MSX1	0.0	1.0	14	0	0	0	1.0
Fibrochondrocyte_stressed	mild_vs_severe	OTX2	0.0	1.0	15	0	0	0	1.0
Fibrochondrocyte_stressed	mild_vs_severe	LHX2	0.0	1.0	17	0	0	0	1.0
Fibrochondrocyte_stressed	mild_vs_severe	GABPA	0.0	1.0	25	0	0	0	1.0
Fibrochondrocyte_stressed	mild_vs_severe	HSF2	0.0	1.0	19	0	0	0	1.0
Fibrochondrocyte_stressed	mild_vs_severe	VDR	0.0	1.0	80	0	0	0	1.0
Fibrochondrocyte_stressed	mild_vs_severe	HOXC8	0.0	1.0	12	0	0	0	1.0
Fibrochondrocyte_stressed	mild_vs_severe	HR	0.0	1.0	50	0	0	0	1.0
Fibrochondrocyte_stressed	mild_vs_severe	RELB	0.03225806451612903	0.039182276041761	31	1	1	0	0.2972955194668616
Fibrochondrocyte_stressed	mild_vs_severe	CEBPE	0.0	1.0	17	0	0	0	1.0
Fibrochondrocyte_stressed	mild_vs_severe	NR0B1	0.0	1.0	21	0	0	0	1.0
Fibrochondrocyte_stressed	mild_vs_severe	LEF1	0.0196078431372549	0.06369941326949663	51	1	1	0	0.37178407552485054
Fibrochondrocyte_stressed	mild_vs_severe	ID1	0.04	0.0018182835544800638	50	2	2	0	0.07357987450462658
Fibrochondrocyte_stressed	mild_vs_severe	ZNF143	-0.047619047619047616	0.02670140103646552	21	1	0	1	0.24190672282290404
Fibrochondrocyte_stressed	mild_vs_severe	SOX9	0.0	1.0	56	0	0	0	1.0
Fibrochondrocyte_stressed	mild_vs_severe	YBX1	0.0	1.0	65	0	0	0	1.0
Fibrochondrocyte_stressed	mild_vs_severe	HSF1	0.014925373134328358	0.08289348062519464	67	1	1	0	0.4158375433015963
Fibrochondrocyte_stressed	mild_vs_severe	POU4F1	0.0	1.0	15	0	0	0	1.0
Fibrochondrocyte_stressed	mild_vs_severe	NOTO	0.0	1.0	5	0	0	0	1.0
Fibrochondrocyte_stressed	mild_vs_severe	HNF1B	0.0	1.0	18	0	0	0	1.0
Fibrochondrocyte_stressed	mild_vs_severe	PAX3	0.0	1.0	54	0	0	0	1.0
Fibrochondrocyte_stressed	mild_vs_severe	ID2	0.024390243902439025	0.05151440079468324	41	1	1	0	0.33988305741709485
Fibrochondrocyte_stressed	mild_vs_severe	MEF2A	0.019230769230769232	0.06490988590909649	52	1	1	0	0.37524095949353875
Fibrochondrocyte_stressed	mild_vs_severe	PDX1	0.0	1.0	43	0	0	0	1.0
Fibrochondrocyte_stressed	mild_vs_severe	NR2F2	-0.03125	0.04042215512143796	32	1	0	1	0.30291664393472645
Fibrochondrocyte_stressed	mild_vs_severe	NR1H4	-0.030303030303030304	0.0031466429412659105	66	2	0	2	0.08304401153688729
Fibrochondrocyte_stressed	mild_vs_severe	ASCL1	0.0	1.0	31	0	0	0	1.0
Fibrochondrocyte_stressed	mild_vs_severe	RFX1	0.0	1.0	16	0	0	0	1.0
Fibrochondrocyte_stressed	mild_vs_severe	CRX	0.0	1.0	10	0	0	0	1.0
Fibrochondrocyte_stressed	mild_vs_severe	NRL	0.0	1.0	10	0	0	0	1.0
Fibrochondrocyte_stressed	mild_vs_severe	UBTF	0.0	1.0	9	0	0	0	1.0
Fibrochondrocyte_stressed	mild_vs_severe	MYBL2	0.0	1.0	43	0	0	0	1.0
Fibrochondrocyte_stressed	mild_vs_severe	ELF2	0.0	1.0	6	0	0	0	1.0
Fibrochondrocyte_stressed	mild_vs_severe	JUND	0.017857142857142856	0.06973725974033353	56	1	1	0	0.3841258885246154
Fibrochondrocyte_stressed	mild_vs_severe	TP63	0.007142857142857143	0.1659194105615973	140	1	1	0	0.6993964042422887
Fibrochondrocyte_stressed	mild_vs_severe	NFKBIB	0.07142857142857142	0.01787539672872808	14	1	1	0	0.18707527266099902
Fibrochondrocyte_stressed	mild_vs_severe	HOXC6	0.0	1.0	8	0	0	0	1.0
Fibrochondrocyte_stressed	mild_vs_severe	FOXO1	0.0	0.020618378902660564	175	2	1	1	0.20186058054701553
Fibrochondrocyte_stressed	mild_vs_severe	PITX2	0.01639344262295082	0.07573893489164547	61	1	1	0	0.3896062159256678
Fibrochondrocyte_stressed	mild_vs_severe	NR5A2	0.0	1.0	24	0	0	0	1.0
Fibrochondrocyte_stressed	mild_vs_severe	POU2F1	0.0	1.0	47	0	0	0	1.0
Fibrochondrocyte_stressed	mild_vs_severe	XBP1	0.0	1.0	39	0	0	0	1.0
Fibrochondrocyte_stressed	mild_vs_severe	SREBF1	0.012195121951219513	0.10055547767273926	82	1	1	0	0.4768529292761932
Fibrochondrocyte_stressed	mild_vs_severe	TCF3	0.0	1.0	62	0	0	0	1.0
Fibrochondrocyte_stressed	mild_vs_severe	LRRFIP1	0.0	1.0	9	0	0	0	1.0
Fibrochondrocyte_stressed	mild_vs_severe	TCF12	0.0	1.0	25	0	0	0	1.0
Fibrochondrocyte_stressed	mild_vs_severe	E4F1	0.0	1.0	8	0	0	0	1.0
Fibrochondrocyte_stressed	mild_vs_severe	BRCA1	0.0	1.0	48	0	0	0	1.0
Fibrochondrocyte_stressed	mild_vs_severe	ZNF362	0.0	1.0	11	0	0	0	1.0
Fibrochondrocyte_stressed	mild_vs_severe	NRF1	0.0	1.0	61	0	0	0	1.0
Fibrochondrocyte_stressed	mild_vs_severe	GATA1	0.015151515151515152	0.08170463884081992	66	1	1	0	0.4132892981364808
Fibrochondrocyte_stressed	mild_vs_severe	MYCN	0.0	0.006945895098294179	99	2	1	1	0.11027694762639652
Fibrochondrocyte_stressed	mild_vs_severe	PKNOX1	0.0	1.0	9	0	0	0	1.0
Fibrochondrocyte_stressed	mild_vs_severe	NR4A3	0.0	1.0	16	0	0	0	1.0
Fibrochondrocyte_stressed	mild_vs_severe	SSRP1	0.012987012987012988	0.09470354857840857	77	1	1	0	0.4635891450572097
Fibrochondrocyte_stressed	mild_vs_severe	ZNF91	0.0	1.0	25	0	0	0	1.0
Fibrochondrocyte_stressed	mild_vs_severe	NR2C1	0.0	1.0	9	0	0	0	1.0
Fibrochondrocyte_stressed	mild_vs_severe	ID3	0.043478260869565216	0.029209555240430382	23	1	1	0	0.2607382357491359
Fibrochondrocyte_stressed	mild_vs_severe	ERF	0.0	1.0	12	0	0	0	1.0
Fibrochondrocyte_stressed	mild_vs_severe	ZNF354C	0.0	1.0	17	0	0	0	1.0
Fibrochondrocyte_stressed	mild_vs_severe	HMGA2	0.037037037037037035	0.034207868356024004	27	1	1	0	0.2805969742176564
Fibrochondrocyte_stressed	mild_vs_severe	POU2F2	0.0	1.0	16	0	0	0	1.0
Fibrochondrocyte_stressed	mild_vs_severe	SREBF2	0.021739130434782608	0.057625194341689286	46	1	1	0	0.3533181107616707
Fibrochondrocyte_stressed	mild_vs_severe	ELF4	0.0	1.0	29	0	0	0	1.0
Fibrochondrocyte_stressed	mild_vs_severe	TTF1	-0.03225806451612903	0.039182276041761	31	1	0	1	0.2972955194668616
Fibrochondrocyte_stressed	mild_vs_severe	DLX4	0.0	1.0	23	0	0	0	1.0
Fibrochondrocyte_stressed	mild_vs_severe	NR1I2	0.0	1.0	144	0	0	0	1.0
Fibrochondrocyte_stressed	mild_vs_severe	NR1H3	-0.027777777777777776	0.0037330777919124475	72	2	0	2	0.08568365498844589
Fibrochondrocyte_stressed	mild_vs_severe	MITF	0.03333333333333333	0.0026080006964693957	60	2	2	0	0.0814511737962752
Fibrochondrocyte_stressed	mild_vs_severe	NCOA1	0.0	1.0	48	0	0	0	1.0
Fibrochondrocyte_stressed	mild_vs_severe	NCOR1	-0.01818181818181818	0.06853259057340762	55	1	0	1	0.3841258885246154
Fibrochondrocyte_stressed	mild_vs_severe	FOSL1	0.0	1.0	34	0	0	0	1.0
Fibrochondrocyte_stressed	mild_vs_severe	JUNB	0.018518518518518517	0.06732647295113864	54	1	1	0	0.3841258885246154
Fibrochondrocyte_stressed	mild_vs_severe	DNMT1	0.008620689655172414	0.13942656805967202	116	1	1	0	0.6132748319726153
Fibrochondrocyte_stressed	mild_vs_severe	KLF5	0.0	1.0	50	0	0	0	1.0
Fibrochondrocyte_stressed	mild_vs_severe	NR3C2	0.05714285714285714	0.000892957092271185	35	2	2	0	0.049274995909873574
Fibrochondrocyte_stressed	mild_vs_severe	MYRF	0.0	1.0	5	0	0	0	1.0
Fibrochondrocyte_stressed	mild_vs_severe	EBF1	0.0	1.0	10	0	0	0	1.0
Fibrochondrocyte_stressed	mild_vs_severe	CREBBP	0.04	0.03171170659223824	25	1	1	0	0.2789711000215741
Fibrochondrocyte_stressed	mild_vs_severe	ZFPM1	0.0	1.0	9	0	0	0	1.0
Fibrochondrocyte_stressed	mild_vs_severe	APEX1	0.0	1.0	26	0	0	0	1.0
Fibrochondrocyte_stressed	mild_vs_severe	TFAM	0.1	0.012798656630625403	10	1	1	0	0.1553756914957924
Fibrochondrocyte_stressed	mild_vs_severe	IRF4	0.0	1.0	29	0	0	0	1.0
Fibrochondrocyte_stressed	mild_vs_severe	ZBED1	0.0	1.0	16	0	0	0	1.0
Fibrochondrocyte_stressed	mild_vs_severe	NCOA2	0.02564102564102564	0.04905979700225271	39	1	1	0	0.3345988402288471
Fibrochondrocyte_stressed	mild_vs_severe	FOXA1	0.03571428571428571	0.03545370728010176	28	1	1	0	0.2869386709202903
Fibrochondrocyte_stressed	mild_vs_severe	NR4A2	0.0	1.0	27	0	0	0	1.0
Fibrochondrocyte_stressed	mild_vs_severe	KLF1	0.0	1.0	17	0	0	0	1.0
Fibrochondrocyte_stressed	mild_vs_severe	LHX3	0.2	0.006418464123971485	5	1	1	0	0.11027694762639652
Fibrochondrocyte_stressed	mild_vs_severe	CTCF	0.0	1.0	91	0	0	0	1.0
Fibrochondrocyte_stressed	mild_vs_severe	BCL6	0.0	1.0	49	0	0	0	1.0
Fibrochondrocyte_stressed	mild_vs_severe	RB1	0.0	1.0	30	0	0	0	1.0
Fibrochondrocyte_stressed	mild_vs_severe	TFCP2	0.0	1.0	38	0	0	0	1.0
Fibrochondrocyte_stressed	mild_vs_severe	REST	0.0	1.0	18	0	0	0	1.0
Fibrochondrocyte_stressed	mild_vs_severe	ESRRA	0.0	1.0	26	0	0	0	1.0
Fibrochondrocyte_stressed	mild_vs_severe	HOXD3	0.0	1.0	5	0	0	0	1.0
Fibrochondrocyte_stressed	mild_vs_severe	IRF9	0.0	1.0	13	0	0	0	1.0
Fibrochondrocyte_stressed	mild_vs_severe	TFE3	0.0	1.0	27	0	0	0	1.0
Fibrochondrocyte_stressed	mild_vs_severe	ZNF236	0.0	1.0	6	0	0	0	1.0
Fibrochondrocyte_stressed	mild_vs_severe	TFAP2C	0.0	1.0	15	0	0	0	1.0
Fibrochondrocyte_stressed	mild_vs_severe	PAX8	0.0	1.0	16	0	0	0	1.0
Fibrochondrocyte_stressed	mild_vs_severe	NKX2-1	0.0	1.0	29	0	0	0	1.0
Fibrochondrocyte_stressed	mild_vs_severe	PBX1	0.0	1.0	24	0	0	0	1.0
Fibrochondrocyte_stressed	mild_vs_severe	SP4	0.0	1.0	32	0	0	0	1.0
Fibrochondrocyte_stressed	mild_vs_severe	CIITA	0.0	1.0	20	0	0	0	1.0
Fibrochondrocyte_stressed	mild_vs_severe	CDX2	-0.034482758620689655	0.03669805376905115	29	1	0	1	0.29310156102386903
Fibrochondrocyte_stressed	mild_vs_severe	ELF3	0.06666666666666667	0.019140788266165748	15	1	1	0	0.1936409746260435
Fibrochondrocyte_stressed	mild_vs_severe	ZEB1	0.0	1.0	33	0	0	0	1.0
Fibrochondrocyte_stressed	mild_vs_severe	EGR3	0.0	1.0	18	0	0	0	1.0
Fibrochondrocyte_stressed	mild_vs_severe	EWSR1	0.0	1.0	44	0	0	0	1.0
Fibrochondrocyte_stressed	mild_vs_severe	NAB2	0.0	1.0	6	0	0	0	1.0
Fibrochondrocyte_stressed	mild_vs_severe	DEAF1	0.0	1.0	7	0	0	0	1.0
Fibrochondrocyte_stressed	mild_vs_severe	TBPL1	0.038461538461538464	0.032960535344675704	26	1	1	0	0.2805969742176564
Fibrochondrocyte_stressed	mild_vs_severe	MEF2C	0.0	1.0	33	0	0	0	1.0
Fibrochondrocyte_stressed	mild_vs_severe	POU4F2	0.0	1.0	14	0	0	0	1.0
Fibrochondrocyte_stressed	mild_vs_severe	TAL1	0.0	1.0	58	0	0	0	1.0
Fibrochondrocyte_stressed	mild_vs_severe	EPAS1	-0.016666666666666666	0.07454148394665962	60	1	0	1	0.3896062159256678
Fibrochondrocyte_stressed	mild_vs_severe	SMARCA1	0.0	1.0	33	0	0	0	1.0
Fibrochondrocyte_stressed	mild_vs_severe	NFATC4	0.038461538461538464	0.032960535344675704	26	1	1	0	0.2805969742176564
Fibrochondrocyte_stressed	mild_vs_severe	FOXM1	0.017543859649122806	0.07094048205774248	57	1	1	0	0.3841258885246154
Fibrochondrocyte_stressed	mild_vs_severe	MYF5	0.0	1.0	12	0	0	0	1.0
Fibrochondrocyte_stressed	mild_vs_severe	MYOG	0.0	1.0	28	0	0	0	1.0
Fibrochondrocyte_stressed	mild_vs_severe	SMAD7	0.0	1.0	43	0	0	0	1.0
Fibrochondrocyte_stressed	mild_vs_severe	SOX10	0.0	1.0	15	0	0	0	1.0
Fibrochondrocyte_stressed	mild_vs_severe	POU3F1	0.0	1.0	5	0	0	0	1.0
Fibrochondrocyte_stressed	mild_vs_severe	NKRF	0.16666666666666666	0.0076975575954440776	6	1	1	0	0.11124803477225131
Fibrochondrocyte_stressed	mild_vs_severe	ATF6	0.02564102564102564	0.04905979700225271	39	1	1	0	0.3345988402288471
Fibrochondrocyte_stressed	mild_vs_severe	ERG	0.0	1.0	33	0	0	0	1.0
Fibrochondrocyte_stressed	mild_vs_severe	PITX3	0.0	1.0	8	0	0	0	1.0
Fibrochondrocyte_stressed	mild_vs_severe	HOXB2	0.0	1.0	5	0	0	0	1.0
Fibrochondrocyte_stressed	mild_vs_severe	SATB1	0.0	1.0	22	0	0	0	1.0
Fibrochondrocyte_stressed	mild_vs_severe	NFKB2	0.024390243902439025	0.05151440079468324	41	1	1	0	0.33988305741709485
Fibrochondrocyte_stressed	mild_vs_severe	RORA	0.030303030303030304	0.04166054835782251	33	1	1	0	0.3046741307614249
Fibrochondrocyte_stressed	mild_vs_severe	PROX1	0.0	1.0	13	0	0	0	1.0
Fibrochondrocyte_stressed	mild_vs_severe	KLF3	0.0	1.0	5	0	0	0	1.0
Fibrochondrocyte_stressed	mild_vs_severe	PEG3	0.0	1.0	6	0	0	0	1.0
Fibrochondrocyte_stressed	mild_vs_severe	NR2E3	0.0	1.0	6	0	0	0	1.0
Fibrochondrocyte_stressed	mild_vs_severe	NCOR2	0.0	1.0	39	0	0	0	1.0
Fibrochondrocyte_stressed	mild_vs_severe	NCOA3	0.0	1.0	49	0	0	0	1.0
Fibrochondrocyte_stressed	mild_vs_severe	ZFHX3	0.0	1.0	5	0	0	0	1.0
Fibrochondrocyte_stressed	mild_vs_severe	SMAD1	0.0	1.0	44	0	0	0	1.0
Fibrochondrocyte_stressed	mild_vs_severe	SPDEF	0.0	1.0	8	0	0	0	1.0
Fibrochondrocyte_stressed	mild_vs_severe	PAX2	0.0	1.0	9	0	0	0	1.0
Fibrochondrocyte_stressed	mild_vs_severe	KLF13	0.0	1.0	7	0	0	0	1.0
Fibrochondrocyte_stressed	mild_vs_severe	MAFB	0.0	1.0	27	0	0	0	1.0
Fibrochondrocyte_stressed	mild_vs_severe	ELK3	0.0	1.0	17	0	0	0	1.0
Fibrochondrocyte_stressed	mild_vs_severe	KLF6	0.0	1.0	36	0	0	0	1.0
Fibrochondrocyte_stressed	mild_vs_severe	SNAI1	0.014705882352941176	0.0840808931167555	68	1	1	0	0.41833690263828355
Fibrochondrocyte_stressed	mild_vs_severe	HESX1	0.0	1.0	14	0	0	0	1.0
Fibrochondrocyte_stressed	mild_vs_severe	BACH2	0.0	1.0	6	0	0	0	1.0
Fibrochondrocyte_stressed	mild_vs_severe	PATZ1	0.0	1.0	8	0	0	0	1.0
Fibrochondrocyte_stressed	mild_vs_severe	ZHX2	0.0	1.0	7	0	0	0	1.0
Fibrochondrocyte_stressed	mild_vs_severe	ONECUT1	0.0	1.0	10	0	0	0	1.0
Fibrochondrocyte_stressed	mild_vs_severe	RXRA	0.0	1.0	49	0	0	0	1.0
Fibrochondrocyte_stressed	mild_vs_severe	NR1H2	0.0	1.0	29	0	0	0	1.0
Fibrochondrocyte_stressed	mild_vs_severe	KAT5	0.0	1.0	40	0	0	0	1.0
Fibrochondrocyte_stressed	mild_vs_severe	YBX3	0.0	1.0	21	0	0	0	1.0
Fibrochondrocyte_stressed	mild_vs_severe	SMAD6	0.0	1.0	17	0	0	0	1.0
Fibrochondrocyte_stressed	mild_vs_severe	MYBL1	0.0	1.0	9	0	0	0	1.0
Fibrochondrocyte_stressed	mild_vs_severe	CDX1	0.058823529411764705	0.021667030880870138	17	1	1	0	0.2087601229315583
Fibrochondrocyte_stressed	mild_vs_severe	TFDP1	0.0	1.0	29	0	0	0	1.0
Fibrochondrocyte_stressed	mild_vs_severe	KMT2A	0.0	1.0	54	0	0	0	1.0
Fibrochondrocyte_stressed	mild_vs_severe	GATA2	0.02564102564102564	0.04905979700225271	39	1	1	0	0.3345988402288471
Fibrochondrocyte_stressed	mild_vs_severe	PRDM1	0.0	1.0	33	0	0	0	1.0
Fibrochondrocyte_stressed	mild_vs_severe	MXD1	0.0	1.0	16	0	0	0	1.0
Fibrochondrocyte_stressed	mild_vs_severe	CLOCK	0.0	1.0	44	0	0	0	1.0
Fibrochondrocyte_stressed	mild_vs_severe	BHLHE40	0.0	1.0	26	0	0	0	1.0
Fibrochondrocyte_stressed	mild_vs_severe	SRY	0.0	1.0	18	0	0	0	1.0
Fibrochondrocyte_stressed	mild_vs_severe	MAF	0.0	1.0	27	0	0	0	1.0
Fibrochondrocyte_stressed	mild_vs_severe	AIRE	0.0	1.0	11	0	0	0	1.0
Fibrochondrocyte_stressed	mild_vs_severe	ETV1	0.0	1.0	13	0	0	0	1.0
Fibrochondrocyte_stressed	mild_vs_severe	KLF4	0.028169014084507043	0.003632047835662569	71	2	2	0	0.08568365498844589
Fibrochondrocyte_stressed	mild_vs_severe	EGR2	0.022727272727272728	0.055185277232816465	44	1	1	0	0.3453346729929855
Fibrochondrocyte_stressed	mild_vs_severe	NEUROG3	0.0	1.0	9	0	0	0	1.0
Fibrochondrocyte_stressed	mild_vs_severe	CXXC1	0.0	1.0	10	0	0	0	1.0
Fibrochondrocyte_stressed	mild_vs_severe	TBX21	0.05555555555555555	0.02292788530116542	18	1	1	0	0.21411117504319094
Fibrochondrocyte_stressed	mild_vs_severe	HOXA10	0.0	1.0	30	0	0	0	1.0
Fibrochondrocyte_stressed	mild_vs_severe	LMX1B	0.0	1.0	13	0	0	0	1.0
Fibrochondrocyte_stressed	mild_vs_severe	TBX2	0.0	1.0	20	0	0	0	1.0
Fibrochondrocyte_stressed	mild_vs_severe	ZNF699	0.0	1.0	29	0	0	0	1.0
Fibrochondrocyte_stressed	mild_vs_severe	RFX5	0.0	1.0	13	0	0	0	1.0
Fibrochondrocyte_stressed	mild_vs_severe	RFXANK	0.0	1.0	8	0	0	0	1.0
Fibrochondrocyte_stressed	mild_vs_severe	RFXAP	0.0	1.0	7	0	0	0	1.0
Fibrochondrocyte_stressed	mild_vs_severe	BARX2	0.0	1.0	9	0	0	0	1.0
Fibrochondrocyte_stressed	mild_vs_severe	FOXO4	0.0	1.0	21	0	0	0	1.0
Fibrochondrocyte_stressed	mild_vs_severe	DLX5	0.0	1.0	19	0	0	0	1.0
Fibrochondrocyte_stressed	mild_vs_severe	ID4	0.0	1.0	9	0	0	0	1.0
Fibrochondrocyte_stressed	mild_vs_severe	SPIB	0.0	1.0	9	0	0	0	1.0
Fibrochondrocyte_stressed	mild_vs_severe	FOXN1	0.0	1.0	31	0	0	0	1.0
Fibrochondrocyte_stressed	mild_vs_severe	TBX5	0.09090909090909091	0.014070121102306285	11	1	1	0	0.16424160594422912
Fibrochondrocyte_stressed	mild_vs_severe	TLX1	0.0	1.0	6	0	0	0	1.0
Fibrochondrocyte_stressed	mild_vs_severe	HIVEP1	-0.125	0.010251158710392458	8	1	0	1	0.1296344445251713
Fibrochondrocyte_stressed	mild_vs_severe	SMAD2	0.0	1.0	57	0	0	0	1.0
Fibrochondrocyte_stressed	mild_vs_severe	NKX3-1	0.0	1.0	49	0	0	0	1.0
Fibrochondrocyte_stressed	mild_vs_severe	HAND2	0.0	1.0	17	0	0	0	1.0
Fibrochondrocyte_stressed	mild_vs_severe	PAX7	0.0	1.0	9	0	0	0	1.0
Fibrochondrocyte_stressed	mild_vs_severe	SFPQ	0.05555555555555555	0.02292788530116542	18	1	1	0	0.21411117504319094
Fibrochondrocyte_stressed	mild_vs_severe	BMAL1	0.0	1.0	44	0	0	0	1.0
Fibrochondrocyte_stressed	mild_vs_severe	SKIL	0.0	1.0	14	0	0	0	1.0
Fibrochondrocyte_stressed	mild_vs_severe	TBXT	0.0	1.0	6	0	0	0	1.0
Fibrochondrocyte_stressed	mild_vs_severe	MSX2	0.0	1.0	22	0	0	0	1.0
Fibrochondrocyte_stressed	mild_vs_severe	MZF1	0.0	1.0	14	0	0	0	1.0
Fibrochondrocyte_stressed	mild_vs_severe	HOXA5	0.0	1.0	9	0	0	0	1.0
Fibrochondrocyte_stressed	mild_vs_severe	HOXB4	0.0	1.0	5	0	0	0	1.0
Fibrochondrocyte_stressed	mild_vs_severe	CREB3	0.0	1.0	8	0	0	0	1.0
Fibrochondrocyte_stressed	mild_vs_severe	NFE2	0.0	1.0	11	0	0	0	1.0
Fibrochondrocyte_stressed	mild_vs_severe	ZNF76	0.0	1.0	6	0	0	0	1.0
Fibrochondrocyte_stressed	mild_vs_severe	FOXQ1	0.0	1.0	8	0	0	0	1.0
Fibrochondrocyte_stressed	mild_vs_severe	ZGLP1	0.0	1.0	9	0	0	0	1.0
Fibrochondrocyte_stressed	mild_vs_severe	NFYB	0.0	1.0	29	0	0	0	1.0
Fibrochondrocyte_stressed	mild_vs_severe	ETV3	0.0	1.0	10	0	0	0	1.0
Fibrochondrocyte_stressed	mild_vs_severe	GSC	0.2	0.006418464123971485	5	1	1	0	0.11027694762639652
Fibrochondrocyte_stressed	mild_vs_severe	IRF7	0.0	1.0	8	0	0	0	1.0
Fibrochondrocyte_stressed	mild_vs_severe	NFATC3	0.1111111111111111	0.0002325057358500752	18	2	2	0	0.027109469830091146
Fibrochondrocyte_stressed	mild_vs_severe	KDM5A	0.0	1.0	12	0	0	0	1.0
Fibrochondrocyte_stressed	mild_vs_severe	GRHL3	0.0	1.0	14	0	0	0	1.0
Fibrochondrocyte_stressed	mild_vs_severe	THRA	0.0	1.0	40	0	0	0	1.0
Fibrochondrocyte_stressed	mild_vs_severe	SOX17	0.0	1.0	25	0	0	0	1.0
Fibrochondrocyte_stressed	mild_vs_severe	TBX15	0.0	1.0	19	0	0	0	1.0
Fibrochondrocyte_stressed	mild_vs_severe	NFAT5	0.0	1.0	35	0	0	0	1.0
Fibrochondrocyte_stressed	mild_vs_severe	BMAL2	0.0	1.0	6	0	0	0	1.0
Fibrochondrocyte_stressed	mild_vs_severe	NFE2L2	-0.007042253521126761	0.16809260617254185	142	1	0	1	0.7036704272188475
Fibrochondrocyte_stressed	mild_vs_severe	ZIC1	0.0	1.0	9	0	0	0	1.0
Fibrochondrocyte_stressed	mild_vs_severe	MEIS1	0.0	1.0	9	0	0	0	1.0
Fibrochondrocyte_stressed	mild_vs_severe	HOXA9	0.0	1.0	27	0	0	0	1.0
Fibrochondrocyte_stressed	mild_vs_severe	MAFA	0.0	1.0	9	0	0	0	1.0
Fibrochondrocyte_stressed	mild_vs_severe	NR1D1	0.09090909090909091	0.014070121102306285	11	1	1	0	0.16424160594422912
Fibrochondrocyte_stressed	mild_vs_severe	MYF6	0.0	1.0	6	0	0	0	1.0
Fibrochondrocyte_stressed	mild_vs_severe	ZNF263	0.0	1.0	6	0	0	0	1.0
Fibrochondrocyte_stressed	mild_vs_severe	NFIA	0.0	1.0	29	0	0	0	1.0
Fibrochondrocyte_stressed	mild_vs_severe	HEY2	0.0	1.0	10	0	0	0	1.0
Fibrochondrocyte_stressed	mild_vs_severe	HOXB7	0.0	1.0	11	0	0	0	1.0
Fibrochondrocyte_stressed	mild_vs_severe	ZNF350	0.0	1.0	9	0	0	0	1.0
Fibrochondrocyte_stressed	mild_vs_severe	BCL11A	0.0	1.0	8	0	0	0	1.0
Fibrochondrocyte_stressed	mild_vs_severe	TWIST1	0.0	1.0	52	0	0	0	1.0
Fibrochondrocyte_stressed	mild_vs_severe	ZNF395	0.0	1.0	5	0	0	0	1.0
Fibrochondrocyte_stressed	mild_vs_severe	TFDP2	0.0	1.0	5	0	0	0	1.0
Fibrochondrocyte_stressed	mild_vs_severe	GTF3A	0.0	1.0	16	0	0	0	1.0
Fibrochondrocyte_stressed	mild_vs_severe	KLF10	0.0	1.0	17	0	0	0	1.0
Fibrochondrocyte_stressed	mild_vs_severe	KLF2	-0.030303030303030304	0.04166054835782251	33	1	0	1	0.3046741307614249
Fibrochondrocyte_stressed	mild_vs_severe	PHF20	0.0	1.0	6	0	0	0	1.0
Fibrochondrocyte_stressed	mild_vs_severe	TGIF1	0.0	1.0	8	0	0	0	1.0
Fibrochondrocyte_stressed	mild_vs_severe	FOXG1	0.0	1.0	12	0	0	0	1.0
Fibrochondrocyte_stressed	mild_vs_severe	MBD2	0.0	1.0	57	0	0	0	1.0
Fibrochondrocyte_stressed	mild_vs_severe	FOXF2	0.0	1.0	8	0	0	0	1.0
Fibrochondrocyte_stressed	mild_vs_severe	HEY1	0.0	1.0	21	0	0	0	1.0
Fibrochondrocyte_stressed	mild_vs_severe	ZBTB17	0.0	1.0	35	0	0	0	1.0
Fibrochondrocyte_stressed	mild_vs_severe	IRF5	0.0	1.0	11	0	0	0	1.0
Fibrochondrocyte_stressed	mild_vs_severe	THRB	0.0	1.0	29	0	0	0	1.0
Fibrochondrocyte_stressed	mild_vs_severe	POU3F2	0.0	1.0	13	0	0	0	1.0
Fibrochondrocyte_stressed	mild_vs_severe	FOXI1	0.0	1.0	5	0	0	0	1.0
Fibrochondrocyte_stressed	mild_vs_severe	KCNIP3	0.0	1.0	8	0	0	0	1.0
Fibrochondrocyte_stressed	mild_vs_severe	FOSB	0.0	1.0	20	0	0	0	1.0
Fibrochondrocyte_stressed	mild_vs_severe	NFE2L1	0.0	1.0	7	0	0	0	1.0
Fibrochondrocyte_stressed	mild_vs_severe	FOXP1	0.0	1.0	11	0	0	0	1.0
Fibrochondrocyte_stressed	mild_vs_severe	FOXP2	0.0	1.0	5	0	0	0	1.0
Fibrochondrocyte_stressed	mild_vs_severe	BARX1	0.0	1.0	7	0	0	0	1.0
Fibrochondrocyte_stressed	mild_vs_severe	ZFPM2	-0.14285714285714285	0.008975121895026911	7	1	0	1	0.12106442200625189
Fibrochondrocyte_stressed	mild_vs_severe	IKZF1	0.0	1.0	13	0	0	0	1.0
Fibrochondrocyte_stressed	mild_vs_severe	BCL3	0.0	1.0	18	0	0	0	1.0
Fibrochondrocyte_stressed	mild_vs_severe	SP2	0.0	1.0	16	0	0	0	1.0
Fibrochondrocyte_stressed	mild_vs_severe	SIM2	0.0	1.0	8	0	0	0	1.0
Fibrochondrocyte_stressed	mild_vs_severe	NFATC1	0.031746031746031744	0.002871306206888106	63	2	2	0	0.08176668396151228
Fibrochondrocyte_stressed	mild_vs_severe	POU2F3	0.0	1.0	5	0	0	0	1.0
Fibrochondrocyte_stressed	mild_vs_severe	HOXA7	0.0	1.0	10	0	0	0	1.0
Fibrochondrocyte_stressed	mild_vs_severe	NPAS2	0.0	1.0	5	0	0	0	1.0
Fibrochondrocyte_stressed	mild_vs_severe	DLX2	0.0	1.0	12	0	0	0	1.0
Fibrochondrocyte_stressed	mild_vs_severe	PRRX1	0.0	1.0	5	0	0	0	1.0
Fibrochondrocyte_stressed	mild_vs_severe	VEZF1	0.16666666666666666	0.0076975575954440776	6	1	1	0	0.11124803477225131
Fibrochondrocyte_stressed	mild_vs_severe	CTBP2	0.0	1.0	9	0	0	0	1.0
Fibrochondrocyte_stressed	mild_vs_severe	SOX6	0.0	1.0	15	0	0	0	1.0
Fibrochondrocyte_stressed	mild_vs_severe	HIPK2	0.0	1.0	7	0	0	0	1.0
Fibrochondrocyte_stressed	mild_vs_severe	RORC	0.0	1.0	6	0	0	0	1.0
Fibrochondrocyte_stressed	mild_vs_severe	PPARD	0.017241379310344827	0.07214225912982891	58	1	1	0	0.3841258885246154
Fibrochondrocyte_stressed	mild_vs_severe	MECOM	0.0	1.0	12	0	0	0	1.0
Fibrochondrocyte_stressed	mild_vs_severe	SIRT1	0.02564102564102564	0.04905979700225271	39	1	1	0	0.3345988402288471
Fibrochondrocyte_stressed	mild_vs_severe	ZBTB7B	0.0	1.0	12	0	0	0	1.0
Fibrochondrocyte_stressed	mild_vs_severe	ZBTB7A	0.0	1.0	29	0	0	0	1.0
Fibrochondrocyte_stressed	mild_vs_severe	NR6A1	0.0	1.0	5	0	0	0	1.0
Fibrochondrocyte_stressed	mild_vs_severe	STAT2	0.07142857142857142	0.000570217405925158	28	2	2	0	0.03845799615517454
Fibrochondrocyte_stressed	mild_vs_severe	ESRRG	0.0	1.0	14	0	0	0	1.0
Fibrochondrocyte_stressed	mild_vs_severe	PRDM2	0.0	1.0	7	0	0	0	1.0
Fibrochondrocyte_stressed	mild_vs_severe	PURA	0.0	1.0	13	0	0	0	1.0
Fibrochondrocyte_stressed	mild_vs_severe	NEUROD6	0.0	1.0	8	0	0	0	1.0
Fibrochondrocyte_stressed	mild_vs_severe	NEUROG2	0.0	1.0	8	0	0	0	1.0
Fibrochondrocyte_stressed	mild_vs_severe	HMGB2	0.0	1.0	6	0	0	0	1.0
Fibrochondrocyte_stressed	mild_vs_severe	DLX3	0.0	1.0	9	0	0	0	1.0
Fibrochondrocyte_stressed	mild_vs_severe	TWIST2	0.0	1.0	24	0	0	0	1.0
Fibrochondrocyte_stressed	mild_vs_severe	TFAP4	0.0	1.0	23	0	0	0	1.0
Fibrochondrocyte_stressed	mild_vs_severe	KAT6B	0.0	1.0	6	0	0	0	1.0
Fibrochondrocyte_stressed	mild_vs_severe	MXI1	0.0	1.0	8	0	0	0	1.0
Fibrochondrocyte_stressed	mild_vs_severe	E2F5	0.0	1.0	9	0	0	0	1.0
Fibrochondrocyte_stressed	mild_vs_severe	E2F2	0.0	1.0	43	0	0	0	1.0
Fibrochondrocyte_stressed	mild_vs_severe	FOXD3	0.0	1.0	8	0	0	0	1.0
Fibrochondrocyte_stressed	mild_vs_severe	POU5F1	0.0	1.0	39	0	0	0	1.0
Fibrochondrocyte_stressed	mild_vs_severe	PLAGL1	0.0	1.0	14	0	0	0	1.0
Fibrochondrocyte_stressed	mild_vs_severe	SNAI2	0.0	1.0	27	0	0	0	1.0
Fibrochondrocyte_stressed	mild_vs_severe	NOTCH1	0.0	1.0	40	0	0	0	1.0
Fibrochondrocyte_stressed	mild_vs_severe	FOXC2	0.0	1.0	11	0	0	0	1.0
Fibrochondrocyte_stressed	mild_vs_severe	FOXD1	0.0	1.0	5	0	0	0	1.0
Fibrochondrocyte_stressed	mild_vs_severe	KLF9	0.0	1.0	15	0	0	0	1.0
Fibrochondrocyte_stressed	mild_vs_severe	TBPL2	0.0	1.0	8	0	0	0	1.0
Fibrochondrocyte_stressed	mild_vs_severe	NFIL3	-0.06666666666666667	0.019140788266165748	15	1	0	1	0.1936409746260435
Fibrochondrocyte_stressed	mild_vs_severe	ZNF384	0.0	1.0	10	0	0	0	1.0
Fibrochondrocyte_stressed	mild_vs_severe	MEF2D	0.0	1.0	17	0	0	0	1.0
Fibrochondrocyte_stressed	mild_vs_severe	SMAD5	0.0	1.0	26	0	0	0	1.0
Fibrochondrocyte_stressed	mild_vs_severe	MLXIPL	0.0	1.0	10	0	0	0	1.0
Fibrochondrocyte_stressed	mild_vs_severe	ZBTB33	0.0	1.0	7	0	0	0	1.0
Fibrochondrocyte_stressed	mild_vs_severe	KLF15	0.0	1.0	11	0	0	0	1.0
Fibrochondrocyte_stressed	mild_vs_severe	DNMT3A	0.0	1.0	40	0	0	0	1.0
Fibrochondrocyte_stressed	mild_vs_severe	DNMT3B	0.02040816326530612	0.061274101691288836	49	1	1	0	0.3682512844219042
Fibrochondrocyte_stressed	mild_vs_severe	OLIG2	0.0	1.0	10	0	0	0	1.0
Fibrochondrocyte_stressed	mild_vs_severe	MAFG	0.0	1.0	8	0	0	0	1.0
Fibrochondrocyte_stressed	mild_vs_severe	TEF	0.0	1.0	9	0	0	0	1.0
Fibrochondrocyte_stressed	mild_vs_severe	HOXD13	0.0	1.0	7	0	0	0	1.0
Fibrochondrocyte_stressed	mild_vs_severe	ZKSCAN7	0.0	1.0	8	0	0	0	1.0
Fibrochondrocyte_stressed	mild_vs_severe	BACH1	0.0	1.0	14	0	0	0	1.0
Fibrochondrocyte_stressed	mild_vs_severe	TEAD4	0.0	1.0	7	0	0	0	1.0
Fibrochondrocyte_stressed	mild_vs_severe	GCM1	0.0	1.0	5	0	0	0	1.0
Fibrochondrocyte_stressed	mild_vs_severe	BHLHE41	0.0	1.0	17	0	0	0	1.0
Fibrochondrocyte_stressed	mild_vs_severe	MTA1	0.0	1.0	39	0	0	0	1.0
Fibrochondrocyte_stressed	mild_vs_severe	EHF	0.0	1.0	8	0	0	0	1.0
Fibrochondrocyte_stressed	mild_vs_severe	TCF7L2	0.0273972602739726	0.003835416952983158	73	2	2	0	0.08568365498844589
Fibrochondrocyte_stressed	mild_vs_severe	VSX2	0.0	1.0	14	0	0	0	1.0
Fibrochondrocyte_stressed	mild_vs_severe	TSC22D1	0.0	1.0	7	0	0	0	1.0
Fibrochondrocyte_stressed	mild_vs_severe	SOX5	0.0	1.0	10	0	0	0	1.0
Fibrochondrocyte_stressed	mild_vs_severe	SOX2	0.0	1.0	34	0	0	0	1.0
Fibrochondrocyte_stressed	mild_vs_severe	NKX3-2	0.0	1.0	6	0	0	0	1.0
Fibrochondrocyte_stressed	mild_vs_severe	PAX9	0.0	1.0	6	0	0	0	1.0
Fibrochondrocyte_stressed	mild_vs_severe	TCF21	0.0	1.0	5	0	0	0	1.0
Fibrochondrocyte_stressed	mild_vs_severe	HIC1	0.0	1.0	17	0	0	0	1.0
Fibrochondrocyte_stressed	mild_vs_severe	ZEB2	0.0	1.0	17	0	0	0	1.0
Fibrochondrocyte_stressed	mild_vs_severe	NONO	0.0	1.0	11	0	0	0	1.0
Fibrochondrocyte_stressed	mild_vs_severe	CEBPZ	0.0	1.0	13	0	0	0	1.0
Fibrochondrocyte_stressed	mild_vs_severe	SIX1	0.0	1.0	7	0	0	0	1.0
Fibrochondrocyte_stressed	mild_vs_severe	NFIX	0.0	1.0	14	0	0	0	1.0
Fibrochondrocyte_stressed	mild_vs_severe	MNT	0.0	1.0	8	0	0	0	1.0
Fibrochondrocyte_stressed	mild_vs_severe	HOXA1	0.0	1.0	14	0	0	0	1.0
Fibrochondrocyte_stressed	mild_vs_severe	BCL11B	0.0	1.0	18	0	0	0	1.0
Fibrochondrocyte_stressed	mild_vs_severe	RXRB	0.0	1.0	7	0	0	0	1.0
Fibrochondrocyte_stressed	mild_vs_severe	E2F6	0.0	1.0	33	0	0	0	1.0
Fibrochondrocyte_stressed	mild_vs_severe	KAT6A	0.0	1.0	11	0	0	0	1.0
Fibrochondrocyte_stressed	mild_vs_severe	GFI1	0.0	1.0	30	0	0	0	1.0
Fibrochondrocyte_stressed	mild_vs_severe	RUNX3	-0.022727272727272728	0.055185277232816465	44	1	0	1	0.3453346729929855
Fibrochondrocyte_stressed	mild_vs_severe	GLI1	0.009009009009009009	0.13380979074928853	111	1	1	0	0.5972245807707216
Fibrochondrocyte_stressed	mild_vs_severe	KLF8	0.0	1.0	15	0	0	0	1.0
Fibrochondrocyte_stressed	mild_vs_severe	HIF3A	-0.2	0.006418464123971485	5	1	0	1	0.11027694762639652
Fibrochondrocyte_stressed	mild_vs_severe	MEOX2	0.0	1.0	6	0	0	0	1.0
Fibrochondrocyte_stressed	mild_vs_severe	JARID2	0.0	1.0	10	0	0	0	1.0
Fibrochondrocyte_stressed	mild_vs_severe	NFYC	0.0	1.0	18	0	0	0	1.0
Fibrochondrocyte_stressed	mild_vs_severe	GFI1B	0.0	1.0	8	0	0	0	1.0
Fibrochondrocyte_stressed	mild_vs_severe	ASCL2	0.0	1.0	5	0	0	0	1.0
Fibrochondrocyte_stressed	mild_vs_severe	MSC	0.0	1.0	13	0	0	0	1.0
Fibrochondrocyte_stressed	mild_vs_severe	HOXB9	0.0	1.0	5	0	0	0	1.0
Fibrochondrocyte_stressed	mild_vs_severe	HLX	0.0	1.0	12	0	0	0	1.0
Fibrochondrocyte_stressed	mild_vs_severe	RCOR2	0.0	1.0	12	0	0	0	1.0
Fibrochondrocyte_stressed	mild_vs_severe	NKX2-2	0.0	1.0	8	0	0	0	1.0
Fibrochondrocyte_stressed	mild_vs_severe	ARID4A	0.0	1.0	6	0	0	0	1.0
Fibrochondrocyte_stressed	mild_vs_severe	HINFP	0.0	1.0	9	0	0	0	1.0
Fibrochondrocyte_stressed	mild_vs_severe	SMARCC1	0.0	1.0	6	0	0	0	1.0
Fibrochondrocyte_stressed	mild_vs_severe	KAT2B	0.0	1.0	11	0	0	0	1.0
Fibrochondrocyte_stressed	mild_vs_severe	HDGF	0.0	1.0	5	0	0	0	1.0
Fibrochondrocyte_stressed	mild_vs_severe	EP300	0.023809523809523808	0.052739495211961036	42	1	1	0	0.3442244472436597
Fibrochondrocyte_stressed	mild_vs_severe	TRPS1	0.0	1.0	12	0	0	0	1.0
Fibrochondrocyte_stressed	mild_vs_severe	CTNNB1	0.010101010101010102	0.0259708027649765	198	2	2	0	0.2388526860354657
Fibrochondrocyte_stressed	mild_vs_severe	PML	0.0	1.0	15	0	0	0	1.0
Fibrochondrocyte_stressed	mild_vs_severe	KLF7	0.0	1.0	7	0	0	0	1.0
Fibrochondrocyte_stressed	mild_vs_severe	PROP1	0.0	1.0	6	0	0	0	1.0
Fibrochondrocyte_stressed	mild_vs_severe	LMO2	0.0	1.0	17	0	0	0	1.0
Fibrochondrocyte_stressed	mild_vs_severe	MEOX1	0.0	1.0	6	0	0	0	1.0
Fibrochondrocyte_stressed	mild_vs_severe	FOXL2	0.0	0.0001007401702753019	12	2	1	1	0.015731002442775262
Fibrochondrocyte_stressed	mild_vs_severe	HTATIP2	0.0	1.0	11	0	0	0	1.0
Fibrochondrocyte_stressed	mild_vs_severe	EZH2	0.010416666666666666	0.11675454651891094	96	1	1	0	0.5409924407402973
Fibrochondrocyte_stressed	mild_vs_severe	GLI2	0.02040816326530612	0.006810570805651131	98	2	2	0	0.11027694762639652
Fibrochondrocyte_stressed	mild_vs_severe	TCF7	0.0	1.0	12	0	0	0	1.0
Fibrochondrocyte_stressed	mild_vs_severe	FOXC1	0.0	1.0	9	0	0	0	1.0
Fibrochondrocyte_stressed	mild_vs_severe	HOXB13	0.0	1.0	8	0	0	0	1.0
Fibrochondrocyte_stressed	mild_vs_severe	ABL1	0.0	1.0	10	0	0	0	1.0
Fibrochondrocyte_stressed	mild_vs_severe	TBX3	0.0	1.0	11	0	0	0	1.0
Fibrochondrocyte_stressed	mild_vs_severe	NFKBIZ	0.0	1.0	5	0	0	0	1.0
Fibrochondrocyte_stressed	mild_vs_severe	PLAGL2	0.0	1.0	5	0	0	0	1.0
Fibrochondrocyte_stressed	mild_vs_severe	TET1	0.0	1.0	9	0	0	0	1.0
Fibrochondrocyte_stressed	mild_vs_severe	FOXH1	0.14285714285714285	0.008975121895026911	7	1	1	0	0.12106442200625189
Fibrochondrocyte_stressed	mild_vs_severe	FOXP3	0.037037037037037035	0.034207868356024004	27	1	1	0	0.2805969742176564
Fibrochondrocyte_stressed	mild_vs_severe	CREB3L1	0.0	1.0	6	0	0	0	1.0
Fibrochondrocyte_stressed	mild_vs_severe	TFDP3	0.0	1.0	5	0	0	0	1.0
Fibrochondrocyte_stressed	mild_vs_severe	SP7	0.0	1.0	23	0	0	0	1.0
Fibrochondrocyte_stressed	mild_vs_severe	OVOL1	0.0	1.0	8	0	0	0	1.0
Fibrochondrocyte_stressed	mild_vs_severe	ZNF436	0.0	1.0	5	0	0	0	1.0
Fibrochondrocyte_stressed	mild_vs_severe	ATF7	0.0	1.0	5	0	0	0	1.0
Fibrochondrocyte_stressed	mild_vs_severe	SCX	0.0	1.0	8	0	0	0	1.0
Fibrochondrocyte_stressed	mild_vs_severe	NANOG	0.0	1.0	31	0	0	0	1.0
Fibrochondrocyte_stressed	mild_vs_severe	ARX	0.0	1.0	12	0	0	0	1.0
Fibrochondrocyte_stressed	mild_vs_severe	VHL	0.0	1.0	20	0	0	0	1.0
Fibrochondrocyte_stressed	mild_vs_severe	SOX4	0.0	1.0	18	0	0	0	1.0
Fibrochondrocyte_stressed	mild_vs_severe	ATF5	0.0	1.0	21	0	0	0	1.0
Fibrochondrocyte_stressed	mild_vs_severe	CTCFL	0.0	1.0	6	0	0	0	1.0
Fibrochondrocyte_stressed	mild_vs_severe	SP6	0.0	1.0	5	0	0	0	1.0
Fibrochondrocyte_stressed	mild_vs_severe	SMARCA5	0.0	1.0	8	0	0	0	1.0
Fibrochondrocyte_stressed	mild_vs_severe	EOMES	0.125	0.010251158710392458	8	1	1	0	0.1296344445251713
Fibrochondrocyte_stressed	mild_vs_severe	ESRRB	0.0	1.0	5	0	0	0	1.0
Fibrochondrocyte_stressed	mild_vs_severe	ZXDC	0.0	1.0	5	0	0	0	1.0
Fibrochondrocyte_stressed	mild_vs_severe	NR2E1	0.0	1.0	10	0	0	0	1.0
Fibrochondrocyte_stressed	mild_vs_severe	ZFP42	0.0	1.0	11	0	0	0	1.0
Fibrochondrocyte_stressed	mild_vs_severe	KMT2B	0.0	1.0	11	0	0	0	1.0
Fibrochondrocyte_stressed	mild_vs_severe	NFIB	0.0	1.0	13	0	0	0	1.0
Fibrochondrocyte_stressed	mild_vs_severe	EN1	0.0	1.0	5	0	0	0	1.0
Fibrochondrocyte_stressed	mild_vs_severe	MTA3	0.0	1.0	9	0	0	0	1.0
Fibrochondrocyte_stressed	mild_vs_severe	TBX18	0.0	1.0	7	0	0	0	1.0
Fibrochondrocyte_stressed	mild_vs_severe	EGR4	0.0	1.0	9	0	0	0	1.0
Fibrochondrocyte_stressed	mild_vs_severe	HSF4	0.0	1.0	8	0	0	0	1.0
Fibrochondrocyte_stressed	mild_vs_severe	BCLAF1	0.0	1.0	5	0	0	0	1.0
Fibrochondrocyte_stressed	mild_vs_severe	KDM5C	0.0	1.0	10	0	0	0	1.0
Fibrochondrocyte_stressed	mild_vs_severe	FOSL2	0.0	1.0	21	0	0	0	1.0
Fibrochondrocyte_stressed	mild_vs_severe	MED1	0.0	1.0	9	0	0	0	1.0
Fibrochondrocyte_stressed	mild_vs_severe	LYL1	0.0	1.0	12	0	0	0	1.0
Fibrochondrocyte_stressed	mild_vs_severe	HOXD1	0.0	1.0	5	0	0	0	1.0
Fibrochondrocyte_stressed	mild_vs_severe	SALL4	0.0	1.0	7	0	0	0	1.0
Fibrochondrocyte_stressed	mild_vs_severe	KDM5B	0.0	1.0	20	0	0	0	1.0
Fibrochondrocyte_stressed	mild_vs_severe	TADA2A	0.0	1.0	6	0	0	0	1.0
Fibrochondrocyte_stressed	mild_vs_severe	SATB2	0.0	1.0	17	0	0	0	1.0
Fibrochondrocyte_stressed	mild_vs_severe	NSD2	0.0	1.0	6	0	0	0	1.0
Fibrochondrocyte_stressed	mild_vs_severe	PBRM1	0.0	1.0	7	0	0	0	1.0
Fibrochondrocyte_stressed	mild_vs_severe	ZBTB4	0.0	1.0	12	0	0	0	1.0
Fibrochondrocyte_stressed	mild_vs_severe	THAP11	0.0	1.0	6	0	0	0	1.0
Fibrochondrocyte_stressed	mild_vs_severe	FOXJ1	0.0	1.0	8	0	0	0	1.0
Fibrochondrocyte_stressed	mild_vs_severe	PPARGC1A	0.0	1.0	18	0	0	0	1.0
Fibrochondrocyte_stressed	mild_vs_severe	BATF	0.0	1.0	7	0	0	0	1.0
Fibrochondrocyte_stressed	mild_vs_severe	ARID3B	0.0	1.0	5	0	0	0	1.0
Fibrochondrocyte_stressed	mild_vs_severe	ZNF300	0.0	1.0	5	0	0	0	1.0
Fibrochondrocyte_stressed	mild_vs_severe	NUPR1	0.0	1.0	6	0	0	0	1.0
Fibrochondrocyte_stressed	mild_vs_severe	ZNF331	0.0	1.0	17	0	0	0	1.0
Fibrochondrocyte_stressed	mild_vs_severe	ZNF382	0.0	1.0	11	0	0	0	1.0
Fibrochondrocyte_stressed	mild_vs_severe	HOXD8	0.0	1.0	5	0	0	0	1.0
Fibrochondrocyte_stressed	mild_vs_severe	LHX8	0.0	1.0	7	0	0	0	1.0
Fibrochondrocyte_stressed	mild_vs_severe	IRX1	0.2	6.878759942779545e-05	10	2	2	0	0.015731002442775262
Fibrochondrocyte_stressed	mild_vs_severe	SOX11	0.0	1.0	7	0	0	0	1.0
Fibrochondrocyte_stressed	mild_vs_severe	IRF6	0.0	1.0	8	0	0	0	1.0
Fibrochondrocyte_stressed	mild_vs_severe	E2F7	0.0	1.0	5	0	0	0	1.0
Fibrochondrocyte_stressed	mild_vs_severe	HEYL	0.0	1.0	5	0	0	0	1.0
Fibrochondrocyte_stressed	mild_vs_severe	MECP2	0.0	1.0	17	0	0	0	1.0
Fibrochondrocyte_stressed	mild_vs_severe	MAML1	0.0	1.0	5	0	0	0	1.0
Fibrochondrocyte_stressed	mild_vs_severe	DOT1L	0.0	1.0	8	0	0	0	1.0
Fibrochondrocyte_stressed	mild_vs_severe	ARID3A	0.0	1.0	6	0	0	0	1.0
Fibrochondrocyte_stressed	mild_vs_severe	ARID1A	0.0	1.0	5	0	0	0	1.0
Fibrochondrocyte_stressed	mild_vs_severe	ZBTB18	0.0	1.0	6	0	0	0	1.0
Fibrochondrocyte_stressed	mild_vs_severe	TCF15	0.0	1.0	5	0	0	0	1.0
Fibrochondrocyte_stressed	mild_vs_severe	NPM1	0.0	1.0	11	0	0	0	1.0
Fibrochondrocyte_stressed	mild_vs_severe	SETBP1	-0.2	0.006418464123971485	5	1	0	1	0.11027694762639652
Fibrochondrocyte_stressed	mild_vs_severe	KDM2A	0.0	1.0	8	0	0	0	1.0
Fibrochondrocyte_stressed	mild_vs_severe	MKX	0.0	1.0	6	0	0	0	1.0
Fibrochondrocyte_stressed	mild_vs_severe	HDAC3	0.0	1.0	13	0	0	0	1.0
Fibrochondrocyte_stressed	mild_vs_severe	BTG2	0.0	1.0	6	0	0	0	1.0
Fibrochondrocyte_stressed	mild_vs_severe	CREB5	0.0	1.0	9	0	0	0	1.0
Fibrochondrocyte_stressed	mild_vs_severe	CTBP1	0.0	1.0	8	0	0	0	1.0
Fibrochondrocyte_stressed	mild_vs_severe	HDAC1	0.01694915254237288	0.07334259255915646	59	1	1	0	0.3871213363774606
Fibrochondrocyte_stressed	mild_vs_severe	HCFC1	0.0	1.0	7	0	0	0	1.0
Fibrochondrocyte_stressed	mild_vs_severe	ETV7	0.0	1.0	8	0	0	0	1.0
Fibrochondrocyte_stressed	mild_vs_severe	FHL2	0.0	1.0	6	0	0	0	1.0
Fibrochondrocyte_stressed	mild_vs_severe	HDAC4	0.0625	0.020404665759426087	16	1	1	0	0.20186058054701553
Fibrochondrocyte_stressed	mild_vs_severe	HDAC7	0.0	1.0	10	0	0	0	1.0
Fibrochondrocyte_stressed	mild_vs_severe	HDAC9	-0.07142857142857142	0.01787539672872808	14	1	0	1	0.18707527266099902
Fibrochondrocyte_stressed	mild_vs_severe	ING4	-0.07142857142857142	0.01787539672872808	14	1	0	1	0.18707527266099902
Fibrochondrocyte_stressed	mild_vs_severe	SIN3A	0.0	1.0	8	0	0	0	1.0
Fibrochondrocyte_stressed	mild_vs_severe	SMARCA4	0.0	1.0	7	0	0	0	1.0
Fibrochondrocyte_stressed	mild_vs_severe	WWTR1	0.0	1.0	8	0	0	0	1.0
Fibrochondrocyte_stressed	mild_vs_severe	PIN1	0.0	1.0	5	0	0	0	1.0
Fibrochondrocyte_stressed	mild_vs_severe	FGF2	0.0	1.0	8	0	0	0	1.0
Fibrochondrocyte_stressed	mild_vs_severe	PARK7	0.0	1.0	6	0	0	0	1.0
Fibrochondrocyte_stressed	mild_vs_severe	YAP1	0.0	1.0	8	0	0	0	1.0
Fibrochondrocyte_stressed	mild_vs_severe	BCOR	0.0	1.0	5	0	0	0	1.0
Fibrochondrocyte_stressed	mild_vs_severe	BRD4	0.0	1.0	8	0	0	0	1.0
Fibrochondrocyte_stressed	mild_vs_severe	SRSF2	0.0	1.0	12	0	0	0	1.0
Fibrochondrocyte_stressed	mild_vs_severe	ZMYND8	0.0	1.0	6	0	0	0	1.0
Fibrochondrocyte_stressed	mild_vs_severe	ARID4B	-0.125	0.010251158710392458	8	1	0	1	0.1296344445251713
Fibrochondrocyte_stressed	mild_vs_severe	AP1	0.006172839506172839	0.06355223840134813	324	2	2	0	0.37178407552485054
Fibrochondrocyte_stressed	mild_vs_severe	NFKB	0.008421052631578947	0.0025311686216383886	475	4	4	0	0.0814511737962752
NP_fibrocartilaginous	healthy_vs_degenerated_mild	MYC	0.0	0.00875245217565067	681	4	2	2	0.2012805590470102
NP_fibrocartilaginous	healthy_vs_degenerated_mild	SPI1	0.005780346820809248	0.19859916629740354	173	1	1	0	1.0
NP_fibrocartilaginous	healthy_vs_degenerated_mild	SMAD3	0.0	1.0	106	0	0	0	1.0
NP_fibrocartilaginous	healthy_vs_degenerated_mild	SMAD4	-0.01282051282051282	0.09460692837683997	78	1	0	1	0.5480061700318843
NP_fibrocartilaginous	healthy_vs_degenerated_mild	STAT5A	0.0	0.010277540407633515	123	2	1	1	0.21364071878587143
NP_fibrocartilaginous	healthy_vs_degenerated_mild	STAT5B	0.0	1.0	64	0	0	0	1.0
NP_fibrocartilaginous	healthy_vs_degenerated_mild	RELA	0.0	0.0005521257814204569	320	4	2	2	0.05650087163202675
NP_fibrocartilaginous	healthy_vs_degenerated_mild	WT1	0.0	0.005740699544184392	91	2	1	1	0.19420631512949585
NP_fibrocartilaginous	healthy_vs_degenerated_mild	NR0B2	0.015384615384615385	0.07943960885027196	65	1	1	0	0.4877591983406698
NP_fibrocartilaginous	healthy_vs_degenerated_mild	SP1	-0.0050568900126422255	0.014690090669452467	791	4	0	4	0.24444817617731068
NP_fibrocartilaginous	healthy_vs_degenerated_mild	TP53	-0.004267425320056899	0.055360195725003045	703	3	0	3	0.44954441776247983
NP_fibrocartilaginous	healthy_vs_degenerated_mild	ZBTB16	0.0	1.0	35	0	0	0	1.0
NP_fibrocartilaginous	healthy_vs_degenerated_mild	ETV6	0.0	1.0	17	0	0	0	1.0
NP_fibrocartilaginous	healthy_vs_degenerated_mild	RUNX1	0.0	1.0	113	0	0	0	1.0
NP_fibrocartilaginous	healthy_vs_degenerated_mild	STAT1	0.004878048780487805	0.2310520700669969	205	1	1	0	1.0
NP_fibrocartilaginous	healthy_vs_degenerated_mild	STAT3	-0.007662835249042145	0.0002540821993359252	261	4	1	3	0.03900161759806452
NP_fibrocartilaginous	healthy_vs_degenerated_mild	ETV4	0.0	1.0	40	0	0	0	1.0
NP_fibrocartilaginous	healthy_vs_degenerated_mild	MTF1	0.0	1.0	25	0	0	0	1.0
NP_fibrocartilaginous	healthy_vs_degenerated_mild	CREB1	0.0	0.04295161142219562	264	2	1	1	0.404989619323495
NP_fibrocartilaginous	healthy_vs_degenerated_mild	FOXA2	0.0	1.0	44	0	0	0	1.0
NP_fibrocartilaginous	healthy_vs_degenerated_mild	NFATC2	0.020833333333333332	0.05924932596207612	48	1	1	0	0.46394054853184075
NP_fibrocartilaginous	healthy_vs_degenerated_mild	CEBPB	0.00398406374501992	0.27556992327647384	251	1	1	0	1.0
NP_fibrocartilaginous	healthy_vs_degenerated_mild	FOS	-0.010309278350515464	0.02436135438790574	194	2	0	2	0.2991574318834825
NP_fibrocartilaginous	healthy_vs_degenerated_mild	PLAG1	-0.14285714285714285	0.008851099502067224	7	1	0	1	0.2012805590470102
NP_fibrocartilaginous	healthy_vs_degenerated_mild	E2F1	0.0	0.03975416972417367	253	2	1	1	0.404989619323495
NP_fibrocartilaginous	healthy_vs_degenerated_mild	E2F3	0.0	1.0	59	0	0	0	1.0
NP_fibrocartilaginous	healthy_vs_degenerated_mild	HBP1	-0.03333333333333333	0.037423726936607705	30	1	0	1	0.396175316190985
NP_fibrocartilaginous	healthy_vs_degenerated_mild	YY1	-0.006329113924050633	0.18295311465857986	158	1	0	1	0.9439765747930088
NP_fibrocartilaginous	healthy_vs_degenerated_mild	ESR1	-0.007712082262210797	0.01184955286380448	389	3	0	3	0.22736329557424848
NP_fibrocartilaginous	healthy_vs_degenerated_mild	JUN	-0.0026109660574412533	0.01135954734938144	383	3	1	2	0.22499232492000656
NP_fibrocartilaginous	healthy_vs_degenerated_mild	NR1I3	0.0	1.0	27	0	0	0	1.0
NP_fibrocartilaginous	healthy_vs_degenerated_mild	CEBPG	0.0	1.0	96	0	0	0	1.0
NP_fibrocartilaginous	healthy_vs_degenerated_mild	MAFK	0.0	1.0	16	0	0	0	1.0
NP_fibrocartilaginous	healthy_vs_degenerated_mild	STAT4	0.0	1.0	13	0	0	0	1.0
NP_fibrocartilaginous	healthy_vs_degenerated_mild	IRF1	0.0	1.0	93	0	0	0	1.0
NP_fibrocartilaginous	healthy_vs_degenerated_mild	ATF2	0.0	0.004575097414826181	81	2	1	1	0.18727398751355168
NP_fibrocartilaginous	healthy_vs_degenerated_mild	NR2C2	0.0	1.0	34	0	0	0	1.0
NP_fibrocartilaginous	healthy_vs_degenerated_mild	IRF3	0.0	1.0	51	0	0	0	1.0
NP_fibrocartilaginous	healthy_vs_degenerated_mild	TFAP2A	0.0	1.0	182	0	0	0	1.0
NP_fibrocartilaginous	healthy_vs_degenerated_mild	HNF1A	0.0	1.0	41	0	0	0	1.0
NP_fibrocartilaginous	healthy_vs_degenerated_mild	ETS1	-0.016129032258064516	0.010438471601915543	124	2	0	2	0.21364071878587143
NP_fibrocartilaginous	healthy_vs_degenerated_mild	ARNT	0.0	1.0	42	0	0	0	1.0
NP_fibrocartilaginous	healthy_vs_degenerated_mild	AHR	0.0	1.0	95	0	0	0	1.0
NP_fibrocartilaginous	healthy_vs_degenerated_mild	PAX6	0.01282051282051282	0.09460692837683997	78	1	1	0	0.5480061700318843
NP_fibrocartilaginous	healthy_vs_degenerated_mild	NFYA	0.0	0.003534491581079133	71	2	1	1	0.16693675621404522
NP_fibrocartilaginous	healthy_vs_degenerated_mild	ZNF148	0.0	1.0	21	0	0	0	1.0
NP_fibrocartilaginous	healthy_vs_degenerated_mild	NFIC	0.0	1.0	45	0	0	0	1.0
NP_fibrocartilaginous	healthy_vs_degenerated_mild	RBPJ	0.012048192771084338	0.1003784709846923	83	1	1	0	0.5654346897669823
NP_fibrocartilaginous	healthy_vs_degenerated_mild	HES1	0.018867924528301886	0.06522992124677715	53	1	1	0	0.4655225160243212
NP_fibrocartilaginous	healthy_vs_degenerated_mild	GATA4	0.0	1.0	58	0	0	0	1.0
NP_fibrocartilaginous	healthy_vs_degenerated_mild	GATA6	0.0	1.0	35	0	0	0	1.0
NP_fibrocartilaginous	healthy_vs_degenerated_mild	HNF4A	-0.008	0.1475280983731503	125	1	0	1	0.7808814862165026
NP_fibrocartilaginous	healthy_vs_degenerated_mild	RARA	0.0	1.0	100	0	0	0	1.0
NP_fibrocartilaginous	healthy_vs_degenerated_mild	DBP	0.0	1.0	19	0	0	0	1.0
NP_fibrocartilaginous	healthy_vs_degenerated_mild	HLF	0.0	1.0	11	0	0	0	1.0
NP_fibrocartilaginous	healthy_vs_degenerated_mild	PPARG	-0.009708737864077669	0.0272396800681312	206	2	0	2	0.3155691238081615
NP_fibrocartilaginous	healthy_vs_degenerated_mild	MAX	0.0	1.0	33	0	0	0	1.0
NP_fibrocartilaginous	healthy_vs_degenerated_mild	USF2	0.015625	0.07826317384560774	64	1	1	0	0.48538978526467835
NP_fibrocartilaginous	healthy_vs_degenerated_mild	IRF2	0.0	1.0	31	0	0	0	1.0
NP_fibrocartilaginous	healthy_vs_degenerated_mild	SP3	-0.007782101167315175	0.04090562169860008	257	2	0	2	0.404989619323495
NP_fibrocartilaginous	healthy_vs_degenerated_mild	AR	-0.0029069767441860465	0.35835760827505386	344	1	0	1	1.0
NP_fibrocartilaginous	healthy_vs_degenerated_mild	CUX1	0.0	1.0	74	0	0	0	1.0
NP_fibrocartilaginous	healthy_vs_degenerated_mild	ATF1	-0.01694915254237288	0.07236002948425675	59	1	0	1	0.4655225160243212
NP_fibrocartilaginous	healthy_vs_degenerated_mild	KAT7	0.0	1.0	56	0	0	0	1.0
NP_fibrocartilaginous	healthy_vs_degenerated_mild	CREBZF	0.0	1.0	11	0	0	0	1.0
NP_fibrocartilaginous	healthy_vs_degenerated_mild	GLI3	0.0	1.0	25	0	0	0	1.0
NP_fibrocartilaginous	healthy_vs_degenerated_mild	NKX2-5	0.0	1.0	32	0	0	0	1.0
NP_fibrocartilaginous	healthy_vs_degenerated_mild	TGFB1I1	0.0	1.0	11	0	0	0	1.0
NP_fibrocartilaginous	healthy_vs_degenerated_mild	RARB	0.0	1.0	31	0	0	0	1.0
NP_fibrocartilaginous	healthy_vs_degenerated_mild	RARG	0.0	1.0	20	0	0	0	1.0
NP_fibrocartilaginous	healthy_vs_degenerated_mild	TEAD1	0.0	1.0	14	0	0	0	1.0
NP_fibrocartilaginous	healthy_vs_degenerated_mild	PPARA	0.0	1.0	152	0	0	0	1.0
NP_fibrocartilaginous	healthy_vs_degenerated_mild	ESR2	0.0	1.0	122	0	0	0	1.0
NP_fibrocartilaginous	healthy_vs_degenerated_mild	NR3C1	0.0	0.016963838626520775	160	2	1	1	0.2603949229170939
NP_fibrocartilaginous	healthy_vs_degenerated_mild	PGR	0.023809523809523808	0.004911784526629542	84	2	2	0	0.18848973120940868
NP_fibrocartilaginous	healthy_vs_degenerated_mild	NRG1	0.0	1.0	26	0	0	0	1.0
NP_fibrocartilaginous	healthy_vs_degenerated_mild	TBP	0.0	1.0	103	0	0	0	1.0
NP_fibrocartilaginous	healthy_vs_degenerated_mild	REL	-0.014925373134328358	0.08178829721928378	67	1	0	1	0.49233347541804157
NP_fibrocartilaginous	healthy_vs_degenerated_mild	ISL1	0.0	1.0	10	0	0	0	1.0
NP_fibrocartilaginous	healthy_vs_degenerated_mild	ZBTB14	0.0	1.0	5	0	0	0	1.0
NP_fibrocartilaginous	healthy_vs_degenerated_mild	MYB	-0.009345794392523364	0.12760938754437914	107	1	0	1	0.6995728924307928
NP_fibrocartilaginous	healthy_vs_degenerated_mild	PITX1	-0.058823529411764705	0.021369392405143944	17	1	0	1	0.2954138620772412
NP_fibrocartilaginous	healthy_vs_degenerated_mild	EGR1	0.004405286343612335	0.0026453987953809262	227	3	2	1	0.16242748603638887
NP_fibrocartilaginous	healthy_vs_degenerated_mild	MYOD1	0.0	1.0	84	0	0	0	1.0
NP_fibrocartilaginous	healthy_vs_degenerated_mild	ETS2	-0.029411764705882353	0.0032471174629175917	68	2	0	2	0.16614417685261676
NP_fibrocartilaginous	healthy_vs_degenerated_mild	GTF2I	0.0	1.0	18	0	0	0	1.0
NP_fibrocartilaginous	healthy_vs_degenerated_mild	NR2F1	-0.047619047619047616	0.02633547496202407	21	1	0	1	0.310961185128515
NP_fibrocartilaginous	healthy_vs_degenerated_mild	ENO1	-0.08333333333333333	0.015128714486543657	12	1	0	1	0.24444817617731068
NP_fibrocartilaginous	healthy_vs_degenerated_mild	JDP2	0.0	1.0	28	0	0	0	1.0
NP_fibrocartilaginous	healthy_vs_degenerated_mild	MAZ	0.0	1.0	21	0	0	0	1.0
NP_fibrocartilaginous	healthy_vs_degenerated_mild	NR4A1	0.017543859649122806	0.06998895744663733	57	1	1	0	0.4655225160243212
NP_fibrocartilaginous	healthy_vs_degenerated_mild	HMGA1	0.0	1.0	39	0	0	0	1.0
NP_fibrocartilaginous	healthy_vs_degenerated_mild	NFKB1	-0.00425531914893617	0.002918784472249769	235	3	1	2	0.16292124236012348
NP_fibrocartilaginous	healthy_vs_degenerated_mild	USF1	0.008064516129032258	0.14643267784788402	124	1	1	0	0.7808814862165026
NP_fibrocartilaginous	healthy_vs_degenerated_mild	DDIT3	0.0	1.0	70	0	0	0	1.0
NP_fibrocartilaginous	healthy_vs_degenerated_mild	ATF4	0.011904761904761904	0.10152867202635571	84	1	1	0	0.5667145874925673
NP_fibrocartilaginous	healthy_vs_degenerated_mild	ATF3	-0.0136986301369863	0.0888010188635748	73	1	0	1	0.5293575299246109
NP_fibrocartilaginous	healthy_vs_degenerated_mild	TAF1	0.0	1.0	35	0	0	0	1.0
NP_fibrocartilaginous	healthy_vs_degenerated_mild	RUNX2	0.012345679012345678	0.09807396592568403	81	1	1	0	0.5575686581330555
NP_fibrocartilaginous	healthy_vs_degenerated_mild	TFAP2B	0.0	1.0	12	0	0	0	1.0
NP_fibrocartilaginous	healthy_vs_degenerated_mild	CREM	0.0	1.0	43	0	0	0	1.0
NP_fibrocartilaginous	healthy_vs_degenerated_mild	IRF8	0.023809523809523808	0.05202571587963901	42	1	1	0	0.443663743751366
NP_fibrocartilaginous	healthy_vs_degenerated_mild	ETV5	-0.16666666666666666	0.0075911263242799685	6	1	0	1	0.19420631512949585
NP_fibrocartilaginous	healthy_vs_degenerated_mild	DMTF1	-0.15384615384615385	0.00011570514381063688	13	2	0	2	0.035521479149865524
NP_fibrocartilaginous	healthy_vs_degenerated_mild	NR5A1	0.0	1.0	44	0	0	0	1.0
NP_fibrocartilaginous	healthy_vs_degenerated_mild	NEUROD2	0.0	1.0	8	0	0	0	1.0
NP_fibrocartilaginous	healthy_vs_degenerated_mild	NEUROD1	0.0	1.0	25	0	0	0	1.0
NP_fibrocartilaginous	healthy_vs_degenerated_mild	HHEX	0.0	1.0	15	0	0	0	1.0
NP_fibrocartilaginous	healthy_vs_degenerated_mild	FOXO3	-0.0064516129032258064	0.1797900644829159	155	1	0	1	0.9355177931568676
NP_fibrocartilaginous	healthy_vs_degenerated_mild	MBD1	0.0	1.0	10	0	0	0	1.0
NP_fibrocartilaginous	healthy_vs_degenerated_mild	CEBPD	0.0	1.0	49	0	0	0	1.0
NP_fibrocartilaginous	healthy_vs_degenerated_mild	ELK1	-0.023255813953488372	0.05323321655998516	43	1	0	1	0.44774239681960126
NP_fibrocartilaginous	healthy_vs_degenerated_mild	FLI1	-0.016666666666666666	0.07354345937192046	60	1	0	1	0.4655225160243212
NP_fibrocartilaginous	healthy_vs_degenerated_mild	ELK4	-0.16666666666666666	0.0075911263242799685	6	1	0	1	0.19420631512949585
NP_fibrocartilaginous	healthy_vs_degenerated_mild	PREB	0.0	1.0	8	0	0	0	1.0
NP_fibrocartilaginous	healthy_vs_degenerated_mild	POU1F1	0.0	1.0	27	0	0	0	1.0
NP_fibrocartilaginous	healthy_vs_degenerated_mild	PAX5	0.0	1.0	36	0	0	0	1.0
NP_fibrocartilaginous	healthy_vs_degenerated_mild	CEBPA	0.008928571428571428	0.13318527721552287	112	1	1	0	0.7236792938967349
NP_fibrocartilaginous	healthy_vs_degenerated_mild	LITAF	0.0	1.0	20	0	0	0	1.0
NP_fibrocartilaginous	healthy_vs_degenerated_mild	STAT6	0.017241379310344827	0.07117519602132272	58	1	1	0	0.4655225160243212
NP_fibrocartilaginous	healthy_vs_degenerated_mild	HIF1A	0.0	1.0	307	0	0	0	1.0
NP_fibrocartilaginous	healthy_vs_degenerated_mild	TP73	0.0	1.0	100	0	0	0	1.0
NP_fibrocartilaginous	healthy_vs_degenerated_mild	KLF11	0.0	1.0	17	0	0	0	1.0
NP_fibrocartilaginous	healthy_vs_degenerated_mild	TCF4	0.0	1.0	31	0	0	0	1.0
NP_fibrocartilaginous	healthy_vs_degenerated_mild	HIVEP2	0.0	1.0	8	0	0	0	1.0
NP_fibrocartilaginous	healthy_vs_degenerated_mild	E2F4	0.0	1.0	149	0	0	0	1.0
NP_fibrocartilaginous	healthy_vs_degenerated_mild	GATA5	0.0	1.0	8	0	0	0	1.0
NP_fibrocartilaginous	healthy_vs_degenerated_mild	SRF	-0.016666666666666666	0.07354345937192046	60	1	0	1	0.4655225160243212
NP_fibrocartilaginous	healthy_vs_degenerated_mild	ELF1	0.0	1.0	44	0	0	0	1.0
NP_fibrocartilaginous	healthy_vs_degenerated_mild	GATA3	0.0	1.0	101	0	0	0	1.0
NP_fibrocartilaginous	healthy_vs_degenerated_mild	MSX1	0.0	1.0	14	0	0	0	1.0
NP_fibrocartilaginous	healthy_vs_degenerated_mild	OTX2	0.0	1.0	15	0	0	0	1.0
NP_fibrocartilaginous	healthy_vs_degenerated_mild	LHX2	0.0	1.0	17	0	0	0	1.0
NP_fibrocartilaginous	healthy_vs_degenerated_mild	GABPA	0.0	1.0	25	0	0	0	1.0
NP_fibrocartilaginous	healthy_vs_degenerated_mild	HSF2	0.05263157894736842	0.02385536618638949	19	1	1	0	0.2989223436416969
NP_fibrocartilaginous	healthy_vs_degenerated_mild	VDR	-0.0125	0.09691965890703147	80	1	0	1	0.5561557997095077
NP_fibrocartilaginous	healthy_vs_degenerated_mild	HOXC8	0.0	1.0	12	0	0	0	1.0
NP_fibrocartilaginous	healthy_vs_degenerated_mild	HR	0.0	1.0	51	0	0	0	1.0
NP_fibrocartilaginous	healthy_vs_degenerated_mild	RELB	0.0	1.0	31	0	0	0	1.0
NP_fibrocartilaginous	healthy_vs_degenerated_mild	CEBPE	0.0	1.0	17	0	0	0	1.0
NP_fibrocartilaginous	healthy_vs_degenerated_mild	NR0B1	0.0	1.0	22	0	0	0	1.0
NP_fibrocartilaginous	healthy_vs_degenerated_mild	LEF1	0.0	1.0	52	0	0	0	1.0
NP_fibrocartilaginous	healthy_vs_degenerated_mild	ID1	0.019230769230769232	0.0640366340121145	52	1	1	0	0.4655225160243212
NP_fibrocartilaginous	healthy_vs_degenerated_mild	ZNF143	0.0	1.0	22	0	0	0	1.0
NP_fibrocartilaginous	healthy_vs_degenerated_mild	SOX9	0.017857142857142856	0.06880131222217803	56	1	1	0	0.4655225160243212
NP_fibrocartilaginous	healthy_vs_degenerated_mild	YBX1	0.0	1.0	66	0	0	0	1.0
NP_fibrocartilaginous	healthy_vs_degenerated_mild	HSF1	-0.014925373134328358	0.08178829721928378	67	1	0	1	0.49233347541804157
NP_fibrocartilaginous	healthy_vs_degenerated_mild	POU4F1	-0.0625	0.020124202138277824	16	1	0	1	0.2941966693548234
NP_fibrocartilaginous	healthy_vs_degenerated_mild	NOTO	0.0	1.0	5	0	0	0	1.0
NP_fibrocartilaginous	healthy_vs_degenerated_mild	HNF1B	0.0	1.0	19	0	0	0	1.0
NP_fibrocartilaginous	healthy_vs_degenerated_mild	PAX3	0.0	1.0	57	0	0	0	1.0
NP_fibrocartilaginous	healthy_vs_degenerated_mild	ID2	0.024390243902439025	0.050816785293222054	41	1	1	0	0.4394578333808217
NP_fibrocartilaginous	healthy_vs_degenerated_mild	MEF2A	0.01818181818181818	0.06761225880837929	55	1	1	0	0.4655225160243212
NP_fibrocartilaginous	healthy_vs_degenerated_mild	PDX1	0.0	1.0	45	0	0	0	1.0
NP_fibrocartilaginous	healthy_vs_degenerated_mild	NR2F2	0.0	1.0	33	0	0	0	1.0
NP_fibrocartilaginous	healthy_vs_degenerated_mild	NR1H4	0.0	1.0	68	0	0	0	1.0
NP_fibrocartilaginous	healthy_vs_degenerated_mild	ASCL1	0.0	1.0	31	0	0	0	1.0
NP_fibrocartilaginous	healthy_vs_degenerated_mild	RFX1	0.0	1.0	17	0	0	0	1.0
NP_fibrocartilaginous	healthy_vs_degenerated_mild	CRX	0.0	1.0	10	0	0	0	1.0
NP_fibrocartilaginous	healthy_vs_degenerated_mild	NRL	0.0	1.0	10	0	0	0	1.0
NP_fibrocartilaginous	healthy_vs_degenerated_mild	UBTF	0.0	1.0	9	0	0	0	1.0
NP_fibrocartilaginous	healthy_vs_degenerated_mild	MYBL2	0.0	1.0	44	0	0	0	1.0
NP_fibrocartilaginous	healthy_vs_degenerated_mild	ELF2	0.0	1.0	7	0	0	0	1.0
NP_fibrocartilaginous	healthy_vs_degenerated_mild	JUND	0.0	0.00229317965245844	57	2	1	1	0.16242748603638887
NP_fibrocartilaginous	healthy_vs_degenerated_mild	TP63	0.0	1.0	141	0	0	0	1.0
NP_fibrocartilaginous	healthy_vs_degenerated_mild	NFKBIB	0.0	1.0	15	0	0	0	1.0
NP_fibrocartilaginous	healthy_vs_degenerated_mild	HOXC6	0.0	1.0	8	0	0	0	1.0
NP_fibrocartilaginous	healthy_vs_degenerated_mild	FOXO1	0.0056179775280898875	0.20375237896924547	178	1	1	0	1.0
NP_fibrocartilaginous	healthy_vs_degenerated_mild	PITX2	0.0	1.0	61	0	0	0	1.0
NP_fibrocartilaginous	healthy_vs_degenerated_mild	NR5A2	0.0	1.0	25	0	0	0	1.0
NP_fibrocartilaginous	healthy_vs_degenerated_mild	POU2F1	0.0	1.0	48	0	0	0	1.0
NP_fibrocartilaginous	healthy_vs_degenerated_mild	XBP1	0.025	0.04960642323785319	40	1	1	0	0.43511919811488375
NP_fibrocartilaginous	healthy_vs_degenerated_mild	SREBF1	0.0	1.0	82	0	0	0	1.0
NP_fibrocartilaginous	healthy_vs_degenerated_mild	TCF3	0.0	1.0	63	0	0	0	1.0
NP_fibrocartilaginous	healthy_vs_degenerated_mild	LRRFIP1	0.0	1.0	9	0	0	0	1.0
NP_fibrocartilaginous	healthy_vs_degenerated_mild	TCF12	0.0	1.0	25	0	0	0	1.0
NP_fibrocartilaginous	healthy_vs_degenerated_mild	E4F1	0.0	1.0	8	0	0	0	1.0
NP_fibrocartilaginous	healthy_vs_degenerated_mild	BRCA1	-0.020833333333333332	0.05924932596207612	48	1	0	1	0.46394054853184075
NP_fibrocartilaginous	healthy_vs_degenerated_mild	ZNF362	0.0	1.0	11	0	0	0	1.0
NP_fibrocartilaginous	healthy_vs_degenerated_mild	NRF1	0.0	1.0	62	0	0	0	1.0
NP_fibrocartilaginous	healthy_vs_degenerated_mild	GATA1	0.0	1.0	67	0	0	0	1.0
NP_fibrocartilaginous	healthy_vs_degenerated_mild	MYCN	0.0	1.0	100	0	0	0	1.0
NP_fibrocartilaginous	healthy_vs_degenerated_mild	PKNOX1	0.0	1.0	9	0	0	0	1.0
NP_fibrocartilaginous	healthy_vs_degenerated_mild	NR4A3	0.0	1.0	16	0	0	0	1.0
NP_fibrocartilaginous	healthy_vs_degenerated_mild	SSRP1	0.0	0.004249659667966771	78	2	1	1	0.18637793115225693
NP_fibrocartilaginous	healthy_vs_degenerated_mild	ZNF91	0.0	1.0	25	0	0	0	1.0
NP_fibrocartilaginous	healthy_vs_degenerated_mild	NR2C1	0.0	1.0	9	0	0	0	1.0
NP_fibrocartilaginous	healthy_vs_degenerated_mild	ID3	0.041666666666666664	0.030044669178042546	24	1	1	0	0.34161901620959484
NP_fibrocartilaginous	healthy_vs_degenerated_mild	ERF	0.0	1.0	12	0	0	0	1.0
NP_fibrocartilaginous	healthy_vs_degenerated_mild	ZNF354C	0.0	1.0	17	0	0	0	1.0
NP_fibrocartilaginous	healthy_vs_degenerated_mild	HMGA2	0.0	0.0005154136055670873	27	2	1	1	0.05650087163202675
NP_fibrocartilaginous	healthy_vs_degenerated_mild	POU2F2	0.0	1.0	17	0	0	0	1.0
NP_fibrocartilaginous	healthy_vs_degenerated_mild	SREBF2	0.0	1.0	46	0	0	0	1.0
NP_fibrocartilaginous	healthy_vs_degenerated_mild	ELF4	0.0	1.0	30	0	0	0	1.0
NP_fibrocartilaginous	healthy_vs_degenerated_mild	TTF1	0.0	1.0	31	0	0	0	1.0
NP_fibrocartilaginous	healthy_vs_degenerated_mild	DLX4	0.0	1.0	23	0	0	0	1.0
NP_fibrocartilaginous	healthy_vs_degenerated_mild	NR1I2	-0.006896551724137931	0.16916425415522973	145	1	0	1	0.8877508722334279
NP_fibrocartilaginous	healthy_vs_degenerated_mild	NR1H3	0.0	1.0	72	0	0	0	1.0
NP_fibrocartilaginous	healthy_vs_degenerated_mild	MITF	0.016666666666666666	0.07354345937192046	60	1	1	0	0.4655225160243212
NP_fibrocartilaginous	healthy_vs_degenerated_mild	NCOA1	-0.02040816326530612	0.06044827993900205	49	1	0	1	0.46394054853184075
NP_fibrocartilaginous	healthy_vs_degenerated_mild	NCOR1	-0.017543859649122806	0.06998895744663733	57	1	0	1	0.4655225160243212
NP_fibrocartilaginous	healthy_vs_degenerated_mild	FOSL1	-0.029411764705882353	0.042314102338839595	34	1	0	1	0.404989619323495
NP_fibrocartilaginous	healthy_vs_degenerated_mild	JUNB	-0.01818181818181818	0.06761225880837929	55	1	0	1	0.4655225160243212
NP_fibrocartilaginous	healthy_vs_degenerated_mild	DNMT1	-0.00847457627118644	0.13983265843857676	118	1	0	1	0.7531337919411064
NP_fibrocartilaginous	healthy_vs_degenerated_mild	KLF5	-0.019230769230769232	0.0640366340121145	52	1	0	1	0.4655225160243212
NP_fibrocartilaginous	healthy_vs_degenerated_mild	NR3C2	-0.02857142857142857	0.0435330861162063	35	1	0	1	0.404989619323495
NP_fibrocartilaginous	healthy_vs_degenerated_mild	MYRF	0.0	1.0	5	0	0	0	1.0
NP_fibrocartilaginous	healthy_vs_degenerated_mild	EBF1	0.0	1.0	10	0	0	0	1.0
NP_fibrocartilaginous	healthy_vs_degenerated_mild	CREBBP	0.0	1.0	25	0	0	0	1.0
NP_fibrocartilaginous	healthy_vs_degenerated_mild	ZFPM1	0.0	1.0	9	0	0	0	1.0
NP_fibrocartilaginous	healthy_vs_degenerated_mild	APEX1	0.0	1.0	27	0	0	0	1.0
NP_fibrocartilaginous	healthy_vs_degenerated_mild	TFAM	0.0	1.0	11	0	0	0	1.0
NP_fibrocartilaginous	healthy_vs_degenerated_mild	IRF4	0.034482758620689655	0.03619751512378808	29	1	1	0	0.38991709273694525
NP_fibrocartilaginous	healthy_vs_degenerated_mild	ZBED1	0.0	1.0	16	0	0	0	1.0
NP_fibrocartilaginous	healthy_vs_degenerated_mild	NCOA2	0.0	1.0	39	0	0	0	1.0
NP_fibrocartilaginous	healthy_vs_degenerated_mild	FOXA1	0.0	1.0	28	0	0	0	1.0
NP_fibrocartilaginous	healthy_vs_degenerated_mild	NR4A2	0.0	1.0	28	0	0	0	1.0
NP_fibrocartilaginous	healthy_vs_degenerated_mild	KLF1	0.0	1.0	17	0	0	0	1.0
NP_fibrocartilaginous	healthy_vs_degenerated_mild	LHX3	0.0	1.0	5	0	0	0	1.0
NP_fibrocartilaginous	healthy_vs_degenerated_mild	CTCF	0.0	1.0	92	0	0	0	1.0
NP_fibrocartilaginous	healthy_vs_degenerated_mild	BCL6	-0.02	0.06164581490630483	50	1	0	1	0.4655225160243212
NP_fibrocartilaginous	healthy_vs_degenerated_mild	RB1	0.0	1.0	30	0	0	0	1.0
NP_fibrocartilaginous	healthy_vs_degenerated_mild	TFCP2	0.0	1.0	39	0	0	0	1.0
NP_fibrocartilaginous	healthy_vs_degenerated_mild	REST	0.0	1.0	19	0	0	0	1.0
NP_fibrocartilaginous	healthy_vs_degenerated_mild	ESRRA	0.0	1.0	26	0	0	0	1.0
NP_fibrocartilaginous	healthy_vs_degenerated_mild	HOXD3	0.0	1.0	5	0	0	0	1.0
NP_fibrocartilaginous	healthy_vs_degenerated_mild	IRF9	0.0	1.0	13	0	0	0	1.0
NP_fibrocartilaginous	healthy_vs_degenerated_mild	TFE3	0.0	1.0	27	0	0	0	1.0
NP_fibrocartilaginous	healthy_vs_degenerated_mild	ZNF236	0.0	1.0	6	0	0	0	1.0
NP_fibrocartilaginous	healthy_vs_degenerated_mild	TFAP2C	0.0	1.0	15	0	0	0	1.0
NP_fibrocartilaginous	healthy_vs_degenerated_mild	PAX8	0.0	1.0	16	0	0	0	1.0
NP_fibrocartilaginous	healthy_vs_degenerated_mild	NKX2-1	0.0	1.0	29	0	0	0	1.0
NP_fibrocartilaginous	healthy_vs_degenerated_mild	PBX1	0.0	1.0	24	0	0	0	1.0
NP_fibrocartilaginous	healthy_vs_degenerated_mild	SP4	0.0	1.0	32	0	0	0	1.0
NP_fibrocartilaginous	healthy_vs_degenerated_mild	CIITA	0.0	1.0	20	0	0	0	1.0
NP_fibrocartilaginous	healthy_vs_degenerated_mild	CDX2	0.0	1.0	30	0	0	0	1.0
NP_fibrocartilaginous	healthy_vs_degenerated_mild	ELF3	-0.0625	0.020124202138277824	16	1	0	1	0.2941966693548234
NP_fibrocartilaginous	healthy_vs_degenerated_mild	ZEB1	0.0	1.0	33	0	0	0	1.0
NP_fibrocartilaginous	healthy_vs_degenerated_mild	EGR3	0.05555555555555555	0.02261311322089631	18	1	1	0	0.2954138620772412
NP_fibrocartilaginous	healthy_vs_degenerated_mild	EWSR1	0.0	1.0	44	0	0	0	1.0
NP_fibrocartilaginous	healthy_vs_degenerated_mild	NAB2	0.16666666666666666	0.0075911263242799685	6	1	1	0	0.19420631512949585
NP_fibrocartilaginous	healthy_vs_degenerated_mild	DEAF1	0.0	1.0	7	0	0	0	1.0
NP_fibrocartilaginous	healthy_vs_degenerated_mild	TBPL1	0.0	1.0	26	0	0	0	1.0
NP_fibrocartilaginous	healthy_vs_degenerated_mild	MEF2C	0.030303030303030304	0.04109367610843211	33	1	1	0	0.404989619323495
NP_fibrocartilaginous	healthy_vs_degenerated_mild	POU4F2	0.0	1.0	15	0	0	0	1.0
NP_fibrocartilaginous	healthy_vs_degenerated_mild	TAL1	0.0	1.0	60	0	0	0	1.0
NP_fibrocartilaginous	healthy_vs_degenerated_mild	EPAS1	0.0	1.0	61	0	0	0	1.0
NP_fibrocartilaginous	healthy_vs_degenerated_mild	SMARCA1	0.0	1.0	33	0	0	0	1.0
NP_fibrocartilaginous	healthy_vs_degenerated_mild	NFATC4	0.0	1.0	27	0	0	0	1.0
NP_fibrocartilaginous	healthy_vs_degenerated_mild	FOXM1	0.0	1.0	58	0	0	0	1.0
NP_fibrocartilaginous	healthy_vs_degenerated_mild	MYF5	0.0	1.0	12	0	0	0	1.0
NP_fibrocartilaginous	healthy_vs_degenerated_mild	MYOG	0.0	1.0	29	0	0	0	1.0
NP_fibrocartilaginous	healthy_vs_degenerated_mild	SMAD7	0.0	1.0	43	0	0	0	1.0
NP_fibrocartilaginous	healthy_vs_degenerated_mild	SOX10	0.0	1.0	15	0	0	0	1.0
NP_fibrocartilaginous	healthy_vs_degenerated_mild	POU3F1	0.0	1.0	5	0	0	0	1.0
NP_fibrocartilaginous	healthy_vs_degenerated_mild	NKRF	0.0	1.0	7	0	0	0	1.0
NP_fibrocartilaginous	healthy_vs_degenerated_mild	ATF6	0.0	1.0	39	0	0	0	1.0
NP_fibrocartilaginous	healthy_vs_degenerated_mild	NKX6-1	0.0	1.0	6	0	0	0	1.0
NP_fibrocartilaginous	healthy_vs_degenerated_mild	ERG	0.0	1.0	34	0	0	0	1.0
NP_fibrocartilaginous	healthy_vs_degenerated_mild	PITX3	0.0	1.0	9	0	0	0	1.0
NP_fibrocartilaginous	healthy_vs_degenerated_mild	HOXB2	0.0	1.0	5	0	0	0	1.0
NP_fibrocartilaginous	healthy_vs_degenerated_mild	SATB1	0.0	1.0	23	0	0	0	1.0
NP_fibrocartilaginous	healthy_vs_degenerated_mild	NFKB2	0.0	1.0	42	0	0	0	1.0
NP_fibrocartilaginous	healthy_vs_degenerated_mild	RORA	0.0	1.0	34	0	0	0	1.0
NP_fibrocartilaginous	healthy_vs_degenerated_mild	PROX1	0.0	1.0	14	0	0	0	1.0
NP_fibrocartilaginous	healthy_vs_degenerated_mild	KLF3	0.0	1.0	5	0	0	0	1.0
NP_fibrocartilaginous	healthy_vs_degenerated_mild	PEG3	0.0	1.0	6	0	0	0	1.0
NP_fibrocartilaginous	healthy_vs_degenerated_mild	NR2E3	0.0	1.0	6	0	0	0	1.0
NP_fibrocartilaginous	healthy_vs_degenerated_mild	NCOR2	0.0	1.0	41	0	0	0	1.0
NP_fibrocartilaginous	healthy_vs_degenerated_mild	NCOA3	0.0	1.0	50	0	0	0	1.0
NP_fibrocartilaginous	healthy_vs_degenerated_mild	ZFHX3	0.0	1.0	5	0	0	0	1.0
NP_fibrocartilaginous	healthy_vs_degenerated_mild	SMAD1	-0.022727272727272728	2.0891992397716447e-05	44	3	1	2	0.012827683332197899
NP_fibrocartilaginous	healthy_vs_degenerated_mild	SPDEF	0.0	1.0	8	0	0	0	1.0
NP_fibrocartilaginous	healthy_vs_degenerated_mild	PAX2	0.0	1.0	9	0	0	0	1.0
NP_fibrocartilaginous	healthy_vs_degenerated_mild	KLF13	0.0	1.0	9	0	0	0	1.0
NP_fibrocartilaginous	healthy_vs_degenerated_mild	MAFB	0.037037037037037035	0.03374073887661585	27	1	1	0	0.37666933945894787
NP_fibrocartilaginous	healthy_vs_degenerated_mild	ELK3	0.05555555555555555	0.02261311322089631	18	1	1	0	0.2954138620772412
NP_fibrocartilaginous	healthy_vs_degenerated_mild	KLF6	-0.02702702702702703	0.04596673260572824	37	1	0	1	0.42124737044652444
NP_fibrocartilaginous	healthy_vs_degenerated_mild	SNAI1	0.0	1.0	68	0	0	0	1.0
NP_fibrocartilaginous	healthy_vs_degenerated_mild	HESX1	0.0	1.0	14	0	0	0	1.0
NP_fibrocartilaginous	healthy_vs_degenerated_mild	BACH2	0.0	1.0	6	0	0	0	1.0
NP_fibrocartilaginous	healthy_vs_degenerated_mild	PATZ1	0.0	1.0	8	0	0	0	1.0
NP_fibrocartilaginous	healthy_vs_degenerated_mild	ZHX2	0.0	1.0	7	0	0	0	1.0
NP_fibrocartilaginous	healthy_vs_degenerated_mild	ONECUT1	0.0	1.0	11	0	0	0	1.0
NP_fibrocartilaginous	healthy_vs_degenerated_mild	RXRA	0.02040816326530612	0.06044827993900205	49	1	1	0	0.46394054853184075
NP_fibrocartilaginous	healthy_vs_degenerated_mild	NR1H2	0.0	1.0	29	0	0	0	1.0
NP_fibrocartilaginous	healthy_vs_degenerated_mild	KAT5	0.0	1.0	40	0	0	0	1.0
NP_fibrocartilaginous	healthy_vs_degenerated_mild	YBX3	0.0	1.0	21	0	0	0	1.0
NP_fibrocartilaginous	healthy_vs_degenerated_mild	SMAD6	0.0	1.0	17	0	0	0	1.0
NP_fibrocartilaginous	healthy_vs_degenerated_mild	MYBL1	0.0	1.0	9	0	0	0	1.0
NP_fibrocartilaginous	healthy_vs_degenerated_mild	CDX1	0.0	1.0	18	0	0	0	1.0
NP_fibrocartilaginous	healthy_vs_degenerated_mild	TFDP1	0.0	1.0	29	0	0	0	1.0
NP_fibrocartilaginous	healthy_vs_degenerated_mild	KMT2A	-0.018518518518518517	0.06642179566413095	54	1	0	1	0.4655225160243212
NP_fibrocartilaginous	healthy_vs_degenerated_mild	GATA2	0.0	1.0	39	0	0	0	1.0
NP_fibrocartilaginous	healthy_vs_degenerated_mild	PRDM1	0.030303030303030304	0.04109367610843211	33	1	1	0	0.404989619323495
NP_fibrocartilaginous	healthy_vs_degenerated_mild	MXD1	0.0	1.0	16	0	0	0	1.0
NP_fibrocartilaginous	healthy_vs_degenerated_mild	CLOCK	-0.022222222222222223	0.05564393444617014	45	1	0	1	0.44954441776247983
NP_fibrocartilaginous	healthy_vs_degenerated_mild	BHLHE40	0.0	1.0	26	0	0	0	1.0
NP_fibrocartilaginous	healthy_vs_degenerated_mild	SRY	0.0	1.0	19	0	0	0	1.0
NP_fibrocartilaginous	healthy_vs_degenerated_mild	MAF	0.0	1.0	28	0	0	0	1.0
NP_fibrocartilaginous	healthy_vs_degenerated_mild	AIRE	0.0	1.0	11	0	0	0	1.0
NP_fibrocartilaginous	healthy_vs_degenerated_mild	ZGPAT	0.0	1.0	5	0	0	0	1.0
NP_fibrocartilaginous	healthy_vs_degenerated_mild	ETV1	0.0	1.0	13	0	0	0	1.0
NP_fibrocartilaginous	healthy_vs_degenerated_mild	KLF4	0.0	1.0	74	0	0	0	1.0
NP_fibrocartilaginous	healthy_vs_degenerated_mild	EGR2	0.0	0.001434884669503845	45	2	1	1	0.12585988386790867
NP_fibrocartilaginous	healthy_vs_degenerated_mild	NEUROG3	0.0	1.0	11	0	0	0	1.0
NP_fibrocartilaginous	healthy_vs_degenerated_mild	CXXC1	0.0	1.0	11	0	0	0	1.0
NP_fibrocartilaginous	healthy_vs_degenerated_mild	TBX21	0.0	1.0	18	0	0	0	1.0
NP_fibrocartilaginous	healthy_vs_degenerated_mild	HOXA10	0.0	1.0	30	0	0	0	1.0
NP_fibrocartilaginous	healthy_vs_degenerated_mild	LMX1B	0.0	1.0	13	0	0	0	1.0
NP_fibrocartilaginous	healthy_vs_degenerated_mild	TBX2	0.0	1.0	20	0	0	0	1.0
NP_fibrocartilaginous	healthy_vs_degenerated_mild	ZNF699	0.0	1.0	30	0	0	0	1.0
NP_fibrocartilaginous	healthy_vs_degenerated_mild	RFX5	0.0	1.0	13	0	0	0	1.0
NP_fibrocartilaginous	healthy_vs_degenerated_mild	RFXANK	0.0	1.0	8	0	0	0	1.0
NP_fibrocartilaginous	healthy_vs_degenerated_mild	RFXAP	0.0	1.0	7	0	0	0	1.0
NP_fibrocartilaginous	healthy_vs_degenerated_mild	BARX2	0.0	1.0	10	0	0	0	1.0
NP_fibrocartilaginous	healthy_vs_degenerated_mild	FOXO4	0.0	1.0	21	0	0	0	1.0
NP_fibrocartilaginous	healthy_vs_degenerated_mild	DLX5	0.0	1.0	20	0	0	0	1.0
NP_fibrocartilaginous	healthy_vs_degenerated_mild	ID4	0.0	1.0	9	0	0	0	1.0
NP_fibrocartilaginous	healthy_vs_degenerated_mild	SPIB	0.0	1.0	9	0	0	0	1.0
NP_fibrocartilaginous	healthy_vs_degenerated_mild	FOXN1	0.0	1.0	31	0	0	0	1.0
NP_fibrocartilaginous	healthy_vs_degenerated_mild	TBX5	0.0	1.0	11	0	0	0	1.0
NP_fibrocartilaginous	healthy_vs_degenerated_mild	TLX1	0.0	1.0	6	0	0	0	1.0
NP_fibrocartilaginous	healthy_vs_degenerated_mild	HIVEP1	0.0	1.0	8	0	0	0	1.0
NP_fibrocartilaginous	healthy_vs_degenerated_mild	SMAD2	0.0	1.0	57	0	0	0	1.0
NP_fibrocartilaginous	healthy_vs_degenerated_mild	NKX3-1	0.0	1.0	50	0	0	0	1.0
NP_fibrocartilaginous	healthy_vs_degenerated_mild	HAND2	0.0	1.0	17	0	0	0	1.0
NP_fibrocartilaginous	healthy_vs_degenerated_mild	PAX7	0.0	1.0	9	0	0	0	1.0
NP_fibrocartilaginous	healthy_vs_degenerated_mild	SFPQ	0.0	1.0	19	0	0	0	1.0
NP_fibrocartilaginous	healthy_vs_degenerated_mild	BMAL1	-0.022727272727272728	0.05443928889557755	44	1	0	1	0.44954441776247983
NP_fibrocartilaginous	healthy_vs_degenerated_mild	SKIL	0.0	1.0	14	0	0	0	1.0
NP_fibrocartilaginous	healthy_vs_degenerated_mild	TBXT	0.0	1.0	6	0	0	0	1.0
NP_fibrocartilaginous	healthy_vs_degenerated_mild	MSX2	0.0	1.0	22	0	0	0	1.0
NP_fibrocartilaginous	healthy_vs_degenerated_mild	MZF1	0.0	1.0	14	0	0	0	1.0
NP_fibrocartilaginous	healthy_vs_degenerated_mild	HOXA5	0.0	1.0	9	0	0	0	1.0
NP_fibrocartilaginous	healthy_vs_degenerated_mild	HOXB4	0.0	1.0	5	0	0	0	1.0
NP_fibrocartilaginous	healthy_vs_degenerated_mild	CREB3	0.125	0.010109587131939442	8	1	1	0	0.21364071878587143
NP_fibrocartilaginous	healthy_vs_degenerated_mild	NFE2	0.0	1.0	11	0	0	0	1.0
NP_fibrocartilaginous	healthy_vs_degenerated_mild	ZNF76	0.0	1.0	6	0	0	0	1.0
NP_fibrocartilaginous	healthy_vs_degenerated_mild	FOXQ1	0.0	1.0	9	0	0	0	1.0
NP_fibrocartilaginous	healthy_vs_degenerated_mild	ZGLP1	0.0	1.0	9	0	0	0	1.0
NP_fibrocartilaginous	healthy_vs_degenerated_mild	NFYB	0.034482758620689655	0.03619751512378808	29	1	1	0	0.38991709273694525
NP_fibrocartilaginous	healthy_vs_degenerated_mild	ETV3	0.0	1.0	10	0	0	0	1.0
NP_fibrocartilaginous	healthy_vs_degenerated_mild	GSC	0.0	1.0	5	0	0	0	1.0
NP_fibrocartilaginous	healthy_vs_degenerated_mild	IRF7	0.0	1.0	8	0	0	0	1.0
NP_fibrocartilaginous	healthy_vs_degenerated_mild	NFATC3	-0.05555555555555555	0.02261311322089631	18	1	0	1	0.2954138620772412
NP_fibrocartilaginous	healthy_vs_degenerated_mild	KDM5A	0.0	1.0	13	0	0	0	1.0
NP_fibrocartilaginous	healthy_vs_degenerated_mild	GRHL3	0.0	1.0	14	0	0	0	1.0
NP_fibrocartilaginous	healthy_vs_degenerated_mild	THRA	0.0	1.0	40	0	0	0	1.0
NP_fibrocartilaginous	healthy_vs_degenerated_mild	SOX17	0.0	1.0	25	0	0	0	1.0
NP_fibrocartilaginous	healthy_vs_degenerated_mild	TBX15	-0.05263157894736842	0.02385536618638949	19	1	0	1	0.2989223436416969
NP_fibrocartilaginous	healthy_vs_degenerated_mild	NFAT5	0.02857142857142857	0.0435330861162063	35	1	1	0	0.404989619323495
NP_fibrocartilaginous	healthy_vs_degenerated_mild	BMAL2	0.0	1.0	6	0	0	0	1.0
NP_fibrocartilaginous	healthy_vs_degenerated_mild	NFE2L2	0.0	1.0	143	0	0	0	1.0
NP_fibrocartilaginous	healthy_vs_degenerated_mild	ZIC1	0.0	1.0	9	0	0	0	1.0
NP_fibrocartilaginous	healthy_vs_degenerated_mild	MEIS1	0.0	1.0	9	0	0	0	1.0
NP_fibrocartilaginous	healthy_vs_degenerated_mild	HOXA9	0.0	1.0	27	0	0	0	1.0
NP_fibrocartilaginous	healthy_vs_degenerated_mild	MAFA	0.0	1.0	11	0	0	0	1.0
NP_fibrocartilaginous	healthy_vs_degenerated_mild	NR1D1	0.0	1.0	13	0	0	0	1.0
NP_fibrocartilaginous	healthy_vs_degenerated_mild	MYF6	0.0	1.0	6	0	0	0	1.0
NP_fibrocartilaginous	healthy_vs_degenerated_mild	ZNF263	0.0	1.0	6	0	0	0	1.0
NP_fibrocartilaginous	healthy_vs_degenerated_mild	NFIA	0.0	1.0	31	0	0	0	1.0
NP_fibrocartilaginous	healthy_vs_degenerated_mild	HEY2	0.0	1.0	10	0	0	0	1.0
NP_fibrocartilaginous	healthy_vs_degenerated_mild	HOXB7	0.0	1.0	11	0	0	0	1.0
NP_fibrocartilaginous	healthy_vs_degenerated_mild	ZNF350	0.0	1.0	9	0	0	0	1.0
NP_fibrocartilaginous	healthy_vs_degenerated_mild	BCL11A	0.0	1.0	8	0	0	0	1.0
NP_fibrocartilaginous	healthy_vs_degenerated_mild	TWIST1	0.0	1.0	53	0	0	0	1.0
NP_fibrocartilaginous	healthy_vs_degenerated_mild	ZNF395	0.0	1.0	5	0	0	0	1.0
NP_fibrocartilaginous	healthy_vs_degenerated_mild	TFDP2	0.0	1.0	5	0	0	0	1.0
NP_fibrocartilaginous	healthy_vs_degenerated_mild	GTF3A	0.0	1.0	16	0	0	0	1.0
NP_fibrocartilaginous	healthy_vs_degenerated_mild	KLF10	-0.058823529411764705	0.021369392405143944	17	1	0	1	0.2954138620772412
NP_fibrocartilaginous	healthy_vs_degenerated_mild	KLF2	0.0	1.0	34	0	0	0	1.0
NP_fibrocartilaginous	healthy_vs_degenerated_mild	PHF20	0.0	1.0	7	0	0	0	1.0
NP_fibrocartilaginous	healthy_vs_degenerated_mild	TGIF1	0.0	1.0	8	0	0	0	1.0
NP_fibrocartilaginous	healthy_vs_degenerated_mild	FOXG1	0.0	1.0	12	0	0	0	1.0
NP_fibrocartilaginous	healthy_vs_degenerated_mild	SF1	0.0	1.0	5	0	0	0	1.0
NP_fibrocartilaginous	healthy_vs_degenerated_mild	MBD2	0.0	1.0	57	0	0	0	1.0
NP_fibrocartilaginous	healthy_vs_degenerated_mild	FOXF2	0.0	1.0	8	0	0	0	1.0
NP_fibrocartilaginous	healthy_vs_degenerated_mild	HEY1	0.0	1.0	21	0	0	0	1.0
NP_fibrocartilaginous	healthy_vs_degenerated_mild	ZBTB17	0.0	1.0	36	0	0	0	1.0
NP_fibrocartilaginous	healthy_vs_degenerated_mild	IRF5	0.0	1.0	12	0	0	0	1.0
NP_fibrocartilaginous	healthy_vs_degenerated_mild	THRB	0.0	1.0	30	0	0	0	1.0
NP_fibrocartilaginous	healthy_vs_degenerated_mild	POU3F2	0.0	1.0	13	0	0	0	1.0
NP_fibrocartilaginous	healthy_vs_degenerated_mild	FOXI1	0.0	1.0	5	0	0	0	1.0
NP_fibrocartilaginous	healthy_vs_degenerated_mild	KCNIP3	0.0	1.0	8	0	0	0	1.0
NP_fibrocartilaginous	healthy_vs_degenerated_mild	FOSB	0.0	1.0	20	0	0	0	1.0
NP_fibrocartilaginous	healthy_vs_degenerated_mild	NFE2L1	0.0	1.0	8	0	0	0	1.0
NP_fibrocartilaginous	healthy_vs_degenerated_mild	TRERF1	0.0	1.0	5	0	0	0	1.0
NP_fibrocartilaginous	healthy_vs_degenerated_mild	FOXP1	0.0	1.0	11	0	0	0	1.0
NP_fibrocartilaginous	healthy_vs_degenerated_mild	FOXP2	0.0	1.0	5	0	0	0	1.0
NP_fibrocartilaginous	healthy_vs_degenerated_mild	BARX1	0.0	1.0	7	0	0	0	1.0
NP_fibrocartilaginous	healthy_vs_degenerated_mild	ZFPM2	0.0	1.0	7	0	0	0	1.0
NP_fibrocartilaginous	healthy_vs_degenerated_mild	IKZF1	0.0	1.0	14	0	0	0	1.0
NP_fibrocartilaginous	healthy_vs_degenerated_mild	BCL3	0.0	1.0	19	0	0	0	1.0
NP_fibrocartilaginous	healthy_vs_degenerated_mild	SP2	0.0	1.0	16	0	0	0	1.0
NP_fibrocartilaginous	healthy_vs_degenerated_mild	SIM2	0.0	1.0	8	0	0	0	1.0
NP_fibrocartilaginous	healthy_vs_degenerated_mild	NFATC1	0.015625	0.07826317384560774	64	1	1	0	0.48538978526467835
NP_fibrocartilaginous	healthy_vs_degenerated_mild	POU2F3	0.0	1.0	5	0	0	0	1.0
NP_fibrocartilaginous	healthy_vs_degenerated_mild	HOXA7	0.0	1.0	10	0	0	0	1.0
NP_fibrocartilaginous	healthy_vs_degenerated_mild	NPAS2	0.0	1.0	6	0	0	0	1.0
NP_fibrocartilaginous	healthy_vs_degenerated_mild	DLX2	0.0	1.0	12	0	0	0	1.0
NP_fibrocartilaginous	healthy_vs_degenerated_mild	PRRX1	0.0	1.0	5	0	0	0	1.0
NP_fibrocartilaginous	healthy_vs_degenerated_mild	VEZF1	0.0	1.0	6	0	0	0	1.0
NP_fibrocartilaginous	healthy_vs_degenerated_mild	CTBP2	0.0	1.0	9	0	0	0	1.0
NP_fibrocartilaginous	healthy_vs_degenerated_mild	SOX6	0.0	1.0	15	0	0	0	1.0
NP_fibrocartilaginous	healthy_vs_degenerated_mild	HIPK2	0.0	1.0	7	0	0	0	1.0
NP_fibrocartilaginous	healthy_vs_degenerated_mild	RORC	0.0	1.0	6	0	0	0	1.0
NP_fibrocartilaginous	healthy_vs_degenerated_mild	PPARD	0.0	1.0	60	0	0	0	1.0
NP_fibrocartilaginous	healthy_vs_degenerated_mild	MECOM	0.0	1.0	12	0	0	0	1.0
NP_fibrocartilaginous	healthy_vs_degenerated_mild	SIRT1	0.0	1.0	39	0	0	0	1.0
NP_fibrocartilaginous	healthy_vs_degenerated_mild	ZBTB7B	0.0	1.0	12	0	0	0	1.0
NP_fibrocartilaginous	healthy_vs_degenerated_mild	ZBTB7A	0.0	1.0	29	0	0	0	1.0
NP_fibrocartilaginous	healthy_vs_degenerated_mild	NR6A1	0.0	1.0	5	0	0	0	1.0
NP_fibrocartilaginous	healthy_vs_degenerated_mild	STAT2	0.0	1.0	29	0	0	0	1.0
NP_fibrocartilaginous	healthy_vs_degenerated_mild	ESRRG	0.0	1.0	14	0	0	0	1.0
NP_fibrocartilaginous	healthy_vs_degenerated_mild	PRDM2	0.0	1.0	7	0	0	0	1.0
NP_fibrocartilaginous	healthy_vs_degenerated_mild	PURA	0.0	1.0	13	0	0	0	1.0
NP_fibrocartilaginous	healthy_vs_degenerated_mild	NEUROD6	0.0	1.0	8	0	0	0	1.0
NP_fibrocartilaginous	healthy_vs_degenerated_mild	NEUROG2	0.0	1.0	8	0	0	0	1.0
NP_fibrocartilaginous	healthy_vs_degenerated_mild	HMGB2	0.0	1.0	6	0	0	0	1.0
NP_fibrocartilaginous	healthy_vs_degenerated_mild	DLX3	0.0	1.0	10	0	0	0	1.0
NP_fibrocartilaginous	healthy_vs_degenerated_mild	TWIST2	0.0	1.0	24	0	0	0	1.0
NP_fibrocartilaginous	healthy_vs_degenerated_mild	TFAP4	0.0	1.0	23	0	0	0	1.0
NP_fibrocartilaginous	healthy_vs_degenerated_mild	KAT6B	0.0	1.0	6	0	0	0	1.0
NP_fibrocartilaginous	healthy_vs_degenerated_mild	SALL3	0.0	1.0	5	0	0	0	1.0
NP_fibrocartilaginous	healthy_vs_degenerated_mild	MXI1	0.0	1.0	8	0	0	0	1.0
NP_fibrocartilaginous	healthy_vs_degenerated_mild	E2F5	0.0	1.0	9	0	0	0	1.0
NP_fibrocartilaginous	healthy_vs_degenerated_mild	E2F2	0.0	1.0	43	0	0	0	1.0
NP_fibrocartilaginous	healthy_vs_degenerated_mild	FOXD3	0.0	1.0	8	0	0	0	1.0
NP_fibrocartilaginous	healthy_vs_degenerated_mild	POU5F1	0.0	1.0	40	0	0	0	1.0
NP_fibrocartilaginous	healthy_vs_degenerated_mild	PLAGL1	0.0	1.0	14	0	0	0	1.0
NP_fibrocartilaginous	healthy_vs_degenerated_mild	SNAI2	0.0	1.0	27	0	0	0	1.0
NP_fibrocartilaginous	healthy_vs_degenerated_mild	NOTCH1	0.025	0.04960642323785319	40	1	1	0	0.43511919811488375
NP_fibrocartilaginous	healthy_vs_degenerated_mild	FOXC2	0.0	1.0	11	0	0	0	1.0
NP_fibrocartilaginous	healthy_vs_degenerated_mild	FOXD1	0.0	1.0	5	0	0	0	1.0
NP_fibrocartilaginous	healthy_vs_degenerated_mild	KLF9	0.0	1.0	16	0	0	0	1.0
NP_fibrocartilaginous	healthy_vs_degenerated_mild	TBPL2	0.0	1.0	8	0	0	0	1.0
NP_fibrocartilaginous	healthy_vs_degenerated_mild	NFIL3	0.0	1.0	15	0	0	0	1.0
NP_fibrocartilaginous	healthy_vs_degenerated_mild	ZNF384	0.1	0.01262211221401696	10	1	1	0	0.2279404970413651
NP_fibrocartilaginous	healthy_vs_degenerated_mild	HOXA11	0.0	1.0	5	0	0	0	1.0
NP_fibrocartilaginous	healthy_vs_degenerated_mild	MEF2D	0.0	1.0	17	0	0	0	1.0
NP_fibrocartilaginous	healthy_vs_degenerated_mild	SMAD5	0.0	1.0	26	0	0	0	1.0
NP_fibrocartilaginous	healthy_vs_degenerated_mild	MLXIPL	0.0	1.0	10	0	0	0	1.0
NP_fibrocartilaginous	healthy_vs_degenerated_mild	ZBTB33	0.0	1.0	7	0	0	0	1.0
NP_fibrocartilaginous	healthy_vs_degenerated_mild	KLF15	0.0	1.0	12	0	0	0	1.0
NP_fibrocartilaginous	healthy_vs_degenerated_mild	DNMT3A	0.0	1.0	40	0	0	0	1.0
NP_fibrocartilaginous	healthy_vs_degenerated_mild	DNMT3B	-0.0196078431372549	0.06284193241439111	51	1	0	1	0.4655225160243212
NP_fibrocartilaginous	healthy_vs_degenerated_mild	OLIG2	0.0	1.0	10	0	0	0	1.0
NP_fibrocartilaginous	healthy_vs_degenerated_mild	MAFG	0.0	1.0	9	0	0	0	1.0
NP_fibrocartilaginous	healthy_vs_degenerated_mild	TEF	0.0	1.0	9	0	0	0	1.0
NP_fibrocartilaginous	healthy_vs_degenerated_mild	HOXD13	0.0	1.0	8	0	0	0	1.0
NP_fibrocartilaginous	healthy_vs_degenerated_mild	ZKSCAN7	0.0	1.0	8	0	0	0	1.0
NP_fibrocartilaginous	healthy_vs_degenerated_mild	BACH1	0.0	1.0	14	0	0	0	1.0
NP_fibrocartilaginous	healthy_vs_degenerated_mild	TEAD4	0.0	1.0	7	0	0	0	1.0
NP_fibrocartilaginous	healthy_vs_degenerated_mild	GCM1	0.0	1.0	5	0	0	0	1.0
NP_fibrocartilaginous	healthy_vs_degenerated_mild	BHLHE41	0.0	1.0	17	0	0	0	1.0
NP_fibrocartilaginous	healthy_vs_degenerated_mild	MTA1	-0.025	0.04960642323785319	40	1	0	1	0.43511919811488375
NP_fibrocartilaginous	healthy_vs_degenerated_mild	EHF	0.0	1.0	8	0	0	0	1.0
NP_fibrocartilaginous	healthy_vs_degenerated_mild	TCF7L2	0.013513513513513514	0.08996495916794627	74	1	1	0	0.5311392781646058
NP_fibrocartilaginous	healthy_vs_degenerated_mild	VSX2	0.0	1.0	14	0	0	0	1.0
NP_fibrocartilaginous	healthy_vs_degenerated_mild	TSC22D1	0.0	1.0	7	0	0	0	1.0
NP_fibrocartilaginous	healthy_vs_degenerated_mild	SOX5	0.1	0.01262211221401696	10	1	1	0	0.2279404970413651
NP_fibrocartilaginous	healthy_vs_degenerated_mild	SOX2	0.0	1.0	34	0	0	0	1.0
NP_fibrocartilaginous	healthy_vs_degenerated_mild	NKX3-2	0.0	1.0	6	0	0	0	1.0
NP_fibrocartilaginous	healthy_vs_degenerated_mild	PAX9	0.0	1.0	6	0	0	0	1.0
NP_fibrocartilaginous	healthy_vs_degenerated_mild	TCF21	0.0	1.0	6	0	0	0	1.0
NP_fibrocartilaginous	healthy_vs_degenerated_mild	HIC1	0.0	1.0	17	0	0	0	1.0
NP_fibrocartilaginous	healthy_vs_degenerated_mild	ZEB2	0.0	1.0	17	0	0	0	1.0
NP_fibrocartilaginous	healthy_vs_degenerated_mild	NONO	0.0	1.0	11	0	0	0	1.0
NP_fibrocartilaginous	healthy_vs_degenerated_mild	CEBPZ	0.0	1.0	13	0	0	0	1.0
NP_fibrocartilaginous	healthy_vs_degenerated_mild	SIX1	0.0	1.0	7	0	0	0	1.0
NP_fibrocartilaginous	healthy_vs_degenerated_mild	NFIX	0.0	1.0	15	0	0	0	1.0
NP_fibrocartilaginous	healthy_vs_degenerated_mild	MNT	0.0	1.0	8	0	0	0	1.0
NP_fibrocartilaginous	healthy_vs_degenerated_mild	HOXA1	0.0	1.0	14	0	0	0	1.0
NP_fibrocartilaginous	healthy_vs_degenerated_mild	BCL11B	0.0	1.0	18	0	0	0	1.0
NP_fibrocartilaginous	healthy_vs_degenerated_mild	RXRB	0.0	1.0	7	0	0	0	1.0
NP_fibrocartilaginous	healthy_vs_degenerated_mild	E2F6	0.0	1.0	33	0	0	0	1.0
NP_fibrocartilaginous	healthy_vs_degenerated_mild	HOXA13	0.0	1.0	6	0	0	0	1.0
NP_fibrocartilaginous	healthy_vs_degenerated_mild	KAT6A	0.0	1.0	11	0	0	0	1.0
NP_fibrocartilaginous	healthy_vs_degenerated_mild	GFI1	0.0	1.0	32	0	0	0	1.0
NP_fibrocartilaginous	healthy_vs_degenerated_mild	RUNX3	0.0	1.0	44	0	0	0	1.0
NP_fibrocartilaginous	healthy_vs_degenerated_mild	GLI1	0.0	1.0	113	0	0	0	1.0
NP_fibrocartilaginous	healthy_vs_degenerated_mild	KLF8	0.0	1.0	15	0	0	0	1.0
NP_fibrocartilaginous	healthy_vs_degenerated_mild	HIF3A	0.0	1.0	5	0	0	0	1.0
NP_fibrocartilaginous	healthy_vs_degenerated_mild	MEOX2	0.0	1.0	6	0	0	0	1.0
NP_fibrocartilaginous	healthy_vs_degenerated_mild	JARID2	0.0	1.0	10	0	0	0	1.0
NP_fibrocartilaginous	healthy_vs_degenerated_mild	NFYC	-0.1111111111111111	0.00022613853735385515	18	2	0	2	0.03900161759806452
NP_fibrocartilaginous	healthy_vs_degenerated_mild	GFI1B	0.0	1.0	9	0	0	0	1.0
NP_fibrocartilaginous	healthy_vs_degenerated_mild	ASCL2	-0.2	0.006329665980039904	5	1	0	1	0.19420631512949585
NP_fibrocartilaginous	healthy_vs_degenerated_mild	MSC	0.0	1.0	13	0	0	0	1.0
NP_fibrocartilaginous	healthy_vs_degenerated_mild	HOXB9	0.0	1.0	5	0	0	0	1.0
NP_fibrocartilaginous	healthy_vs_degenerated_mild	HLX	0.08333333333333333	0.015128714486543657	12	1	1	0	0.24444817617731068
NP_fibrocartilaginous	healthy_vs_degenerated_mild	RCOR2	0.0	1.0	12	0	0	0	1.0
NP_fibrocartilaginous	healthy_vs_degenerated_mild	NKX2-2	0.0	1.0	9	0	0	0	1.0
NP_fibrocartilaginous	healthy_vs_degenerated_mild	ARID4A	0.0	1.0	6	0	0	0	1.0
NP_fibrocartilaginous	healthy_vs_degenerated_mild	HINFP	0.0	1.0	9	0	0	0	1.0
NP_fibrocartilaginous	healthy_vs_degenerated_mild	SMARCC1	0.0	1.0	6	0	0	0	1.0
NP_fibrocartilaginous	healthy_vs_degenerated_mild	KAT2B	0.0	1.0	12	0	0	0	1.0
NP_fibrocartilaginous	healthy_vs_degenerated_mild	HDGF	0.0	1.0	5	0	0	0	1.0
NP_fibrocartilaginous	healthy_vs_degenerated_mild	EP300	0.0	1.0	42	0	0	0	1.0
NP_fibrocartilaginous	healthy_vs_degenerated_mild	TRPS1	0.0	1.0	12	0	0	0	1.0
NP_fibrocartilaginous	healthy_vs_degenerated_mild	CTNNB1	0.0	1.0	200	0	0	0	1.0
NP_fibrocartilaginous	healthy_vs_degenerated_mild	PML	0.0	1.0	15	0	0	0	1.0
NP_fibrocartilaginous	healthy_vs_degenerated_mild	KLF7	0.0	1.0	8	0	0	0	1.0
NP_fibrocartilaginous	healthy_vs_degenerated_mild	PROP1	0.0	1.0	6	0	0	0	1.0
NP_fibrocartilaginous	healthy_vs_degenerated_mild	LMO2	0.0	1.0	18	0	0	0	1.0
NP_fibrocartilaginous	healthy_vs_degenerated_mild	MEOX1	0.0	1.0	6	0	0	0	1.0
NP_fibrocartilaginous	healthy_vs_degenerated_mild	FOXL2	0.0	1.0	13	0	0	0	1.0
NP_fibrocartilaginous	healthy_vs_degenerated_mild	HTATIP2	0.0	1.0	11	0	0	0	1.0
NP_fibrocartilaginous	healthy_vs_degenerated_mild	EZH2	0.0	1.0	97	0	0	0	1.0
NP_fibrocartilaginous	healthy_vs_degenerated_mild	GLI2	0.009900990099009901	0.12087436059302512	101	1	1	0	0.6686203369740309
NP_fibrocartilaginous	healthy_vs_degenerated_mild	TCF7	0.0	1.0	12	0	0	0	1.0
NP_fibrocartilaginous	healthy_vs_degenerated_mild	FOXC1	0.0	1.0	9	0	0	0	1.0
NP_fibrocartilaginous	healthy_vs_degenerated_mild	HOXB13	0.0	1.0	8	0	0	0	1.0
NP_fibrocartilaginous	healthy_vs_degenerated_mild	ABL1	0.0	1.0	10	0	0	0	1.0
NP_fibrocartilaginous	healthy_vs_degenerated_mild	TBX3	0.0	1.0	11	0	0	0	1.0
NP_fibrocartilaginous	healthy_vs_degenerated_mild	NFKBIZ	0.0	1.0	5	0	0	0	1.0
NP_fibrocartilaginous	healthy_vs_degenerated_mild	PLAGL2	0.0	1.0	5	0	0	0	1.0
NP_fibrocartilaginous	healthy_vs_degenerated_mild	TET1	0.0	1.0	9	0	0	0	1.0
NP_fibrocartilaginous	healthy_vs_degenerated_mild	FOXH1	0.0	1.0	7	0	0	0	1.0
NP_fibrocartilaginous	healthy_vs_degenerated_mild	FOXP3	0.0	1.0	27	0	0	0	1.0
NP_fibrocartilaginous	healthy_vs_degenerated_mild	CREB3L1	0.0	1.0	7	0	0	0	1.0
NP_fibrocartilaginous	healthy_vs_degenerated_mild	TFDP3	0.0	1.0	5	0	0	0	1.0
NP_fibrocartilaginous	healthy_vs_degenerated_mild	SP7	0.0	1.0	24	0	0	0	1.0
NP_fibrocartilaginous	healthy_vs_degenerated_mild	OVOL1	0.0	1.0	8	0	0	0	1.0
NP_fibrocartilaginous	healthy_vs_degenerated_mild	ZNF436	0.0	1.0	5	0	0	0	1.0
NP_fibrocartilaginous	healthy_vs_degenerated_mild	ATF7	-0.2	0.006329665980039904	5	1	0	1	0.19420631512949585
NP_fibrocartilaginous	healthy_vs_degenerated_mild	SCX	0.0	1.0	8	0	0	0	1.0
NP_fibrocartilaginous	healthy_vs_degenerated_mild	NANOG	0.0	1.0	31	0	0	0	1.0
NP_fibrocartilaginous	healthy_vs_degenerated_mild	ARX	-0.07692307692307693	0.016379798598438074	13	1	0	1	0.2578768292164353
NP_fibrocartilaginous	healthy_vs_degenerated_mild	VHL	0.0	1.0	20	0	0	0	1.0
NP_fibrocartilaginous	healthy_vs_degenerated_mild	SOX4	0.0	1.0	18	0	0	0	1.0
NP_fibrocartilaginous	healthy_vs_degenerated_mild	ATF5	-0.047619047619047616	0.02633547496202407	21	1	0	1	0.310961185128515
NP_fibrocartilaginous	healthy_vs_degenerated_mild	CTCFL	0.0	1.0	6	0	0	0	1.0
NP_fibrocartilaginous	healthy_vs_degenerated_mild	SP6	0.0	1.0	5	0	0	0	1.0
NP_fibrocartilaginous	healthy_vs_degenerated_mild	SMARCA5	0.0	1.0	8	0	0	0	1.0
NP_fibrocartilaginous	healthy_vs_degenerated_mild	EOMES	0.0	1.0	8	0	0	0	1.0
NP_fibrocartilaginous	healthy_vs_degenerated_mild	ESRRB	0.0	1.0	5	0	0	0	1.0
NP_fibrocartilaginous	healthy_vs_degenerated_mild	ZXDC	0.0	1.0	5	0	0	0	1.0
NP_fibrocartilaginous	healthy_vs_degenerated_mild	NR2E1	0.0	1.0	10	0	0	0	1.0
NP_fibrocartilaginous	healthy_vs_degenerated_mild	ZFP42	0.0	1.0	12	0	0	0	1.0
NP_fibrocartilaginous	healthy_vs_degenerated_mild	KMT2B	0.0	1.0	11	0	0	0	1.0
NP_fibrocartilaginous	healthy_vs_degenerated_mild	NFIB	0.0	1.0	14	0	0	0	1.0
NP_fibrocartilaginous	healthy_vs_degenerated_mild	EN1	0.0	1.0	5	0	0	0	1.0
NP_fibrocartilaginous	healthy_vs_degenerated_mild	MTA3	0.0	1.0	9	0	0	0	1.0
NP_fibrocartilaginous	healthy_vs_degenerated_mild	TBX18	0.0	1.0	7	0	0	0	1.0
NP_fibrocartilaginous	healthy_vs_degenerated_mild	EGR4	0.0	1.0	9	0	0	0	1.0
NP_fibrocartilaginous	healthy_vs_degenerated_mild	HSF4	0.0	1.0	8	0	0	0	1.0
NP_fibrocartilaginous	healthy_vs_degenerated_mild	BCLAF1	0.0	1.0	5	0	0	0	1.0
NP_fibrocartilaginous	healthy_vs_degenerated_mild	KDM5C	0.0	1.0	10	0	0	0	1.0
NP_fibrocartilaginous	healthy_vs_degenerated_mild	FOSL2	0.0	1.0	22	0	0	0	1.0
NP_fibrocartilaginous	healthy_vs_degenerated_mild	MED1	0.0	1.0	9	0	0	0	1.0
NP_fibrocartilaginous	healthy_vs_degenerated_mild	LYL1	0.0	1.0	12	0	0	0	1.0
NP_fibrocartilaginous	healthy_vs_degenerated_mild	HOXD1	0.0	1.0	5	0	0	0	1.0
NP_fibrocartilaginous	healthy_vs_degenerated_mild	SALL4	0.0	1.0	7	0	0	0	1.0
NP_fibrocartilaginous	healthy_vs_degenerated_mild	KDM5B	0.0	1.0	20	0	0	0	1.0
NP_fibrocartilaginous	healthy_vs_degenerated_mild	TADA2A	0.0	1.0	6	0	0	0	1.0
NP_fibrocartilaginous	healthy_vs_degenerated_mild	SATB2	0.0	1.0	17	0	0	0	1.0
NP_fibrocartilaginous	healthy_vs_degenerated_mild	NSD2	0.0	1.0	6	0	0	0	1.0
NP_fibrocartilaginous	healthy_vs_degenerated_mild	PBRM1	0.0	1.0	7	0	0	0	1.0
NP_fibrocartilaginous	healthy_vs_degenerated_mild	ZBTB4	0.0	1.0	12	0	0	0	1.0
NP_fibrocartilaginous	healthy_vs_degenerated_mild	THAP11	0.0	1.0	6	0	0	0	1.0
NP_fibrocartilaginous	healthy_vs_degenerated_mild	FOXJ1	0.0	1.0	8	0	0	0	1.0
NP_fibrocartilaginous	healthy_vs_degenerated_mild	PPARGC1A	0.0	1.0	18	0	0	0	1.0
NP_fibrocartilaginous	healthy_vs_degenerated_mild	BATF	0.0	1.0	7	0	0	0	1.0
NP_fibrocartilaginous	healthy_vs_degenerated_mild	ARID3B	0.0	1.0	5	0	0	0	1.0
NP_fibrocartilaginous	healthy_vs_degenerated_mild	ZNF300	0.0	1.0	5	0	0	0	1.0
NP_fibrocartilaginous	healthy_vs_degenerated_mild	NUPR1	0.0	1.0	6	0	0	0	1.0
NP_fibrocartilaginous	healthy_vs_degenerated_mild	ZNF331	0.0	1.0	17	0	0	0	1.0
NP_fibrocartilaginous	healthy_vs_degenerated_mild	ZNF382	0.0	1.0	11	0	0	0	1.0
NP_fibrocartilaginous	healthy_vs_degenerated_mild	HOXD8	0.0	1.0	5	0	0	0	1.0
NP_fibrocartilaginous	healthy_vs_degenerated_mild	LHX8	-0.14285714285714285	0.008851099502067224	7	1	0	1	0.2012805590470102
NP_fibrocartilaginous	healthy_vs_degenerated_mild	IRX1	0.09090909090909091	0.013876152895229312	11	1	1	0	0.24342736793345138
NP_fibrocartilaginous	healthy_vs_degenerated_mild	SOX11	0.0	1.0	7	0	0	0	1.0
NP_fibrocartilaginous	healthy_vs_degenerated_mild	IRF6	0.0	1.0	10	0	0	0	1.0
NP_fibrocartilaginous	healthy_vs_degenerated_mild	E2F7	0.0	1.0	5	0	0	0	1.0
NP_fibrocartilaginous	healthy_vs_degenerated_mild	HEYL	0.0	1.0	5	0	0	0	1.0
NP_fibrocartilaginous	healthy_vs_degenerated_mild	MECP2	0.0	1.0	17	0	0	0	1.0
NP_fibrocartilaginous	healthy_vs_degenerated_mild	MAML1	-0.2	0.006329665980039904	5	1	0	1	0.19420631512949585
NP_fibrocartilaginous	healthy_vs_degenerated_mild	DOT1L	0.0	1.0	8	0	0	0	1.0
NP_fibrocartilaginous	healthy_vs_degenerated_mild	ARID3A	0.0	1.0	6	0	0	0	1.0
NP_fibrocartilaginous	healthy_vs_degenerated_mild	ARID1A	0.0	1.0	5	0	0	0	1.0
NP_fibrocartilaginous	healthy_vs_degenerated_mild	ZBTB18	0.0	1.0	6	0	0	0	1.0
NP_fibrocartilaginous	healthy_vs_degenerated_mild	TCF15	0.0	1.0	5	0	0	0	1.0
NP_fibrocartilaginous	healthy_vs_degenerated_mild	NPM1	0.0	1.0	11	0	0	0	1.0
NP_fibrocartilaginous	healthy_vs_degenerated_mild	SETBP1	0.0	1.0	5	0	0	0	1.0
NP_fibrocartilaginous	healthy_vs_degenerated_mild	KDM2A	0.0	1.0	8	0	0	0	1.0
NP_fibrocartilaginous	healthy_vs_degenerated_mild	MKX	0.0	1.0	6	0	0	0	1.0
NP_fibrocartilaginous	healthy_vs_degenerated_mild	HDAC3	0.0	1.0	14	0	0	0	1.0
NP_fibrocartilaginous	healthy_vs_degenerated_mild	BTG2	0.0	1.0	6	0	0	0	1.0
NP_fibrocartilaginous	healthy_vs_degenerated_mild	CREB5	0.0	1.0	9	0	0	0	1.0
NP_fibrocartilaginous	healthy_vs_degenerated_mild	CTBP1	0.0	1.0	8	0	0	0	1.0
NP_fibrocartilaginous	healthy_vs_degenerated_mild	HDAC1	0.01694915254237288	0.07236002948425675	59	1	1	0	0.4655225160243212
NP_fibrocartilaginous	healthy_vs_degenerated_mild	HCFC1	0.0	1.0	7	0	0	0	1.0
NP_fibrocartilaginous	healthy_vs_degenerated_mild	ETV7	0.0	1.0	8	0	0	0	1.0
NP_fibrocartilaginous	healthy_vs_degenerated_mild	FHL2	0.0	1.0	6	0	0	0	1.0
NP_fibrocartilaginous	healthy_vs_degenerated_mild	HDAC4	0.0	1.0	16	0	0	0	1.0
NP_fibrocartilaginous	healthy_vs_degenerated_mild	HDAC7	0.0	1.0	10	0	0	0	1.0
NP_fibrocartilaginous	healthy_vs_degenerated_mild	HDAC9	0.0	1.0	14	0	0	0	1.0
NP_fibrocartilaginous	healthy_vs_degenerated_mild	ING4	0.0	1.0	14	0	0	0	1.0
NP_fibrocartilaginous	healthy_vs_degenerated_mild	SIN3A	0.0	1.0	8	0	0	0	1.0
NP_fibrocartilaginous	healthy_vs_degenerated_mild	SMARCA4	0.0	1.0	7	0	0	0	1.0
NP_fibrocartilaginous	healthy_vs_degenerated_mild	WWTR1	0.0	1.0	8	0	0	0	1.0
NP_fibrocartilaginous	healthy_vs_degenerated_mild	PIN1	0.0	1.0	5	0	0	0	1.0
NP_fibrocartilaginous	healthy_vs_degenerated_mild	FGF2	0.0	1.0	8	0	0	0	1.0
NP_fibrocartilaginous	healthy_vs_degenerated_mild	PARK7	0.0	1.0	6	0	0	0	1.0
NP_fibrocartilaginous	healthy_vs_degenerated_mild	YAP1	0.0	1.0	8	0	0	0	1.0
NP_fibrocartilaginous	healthy_vs_degenerated_mild	BCOR	0.0	1.0	5	0	0	0	1.0
NP_fibrocartilaginous	healthy_vs_degenerated_mild	BRD4	0.0	1.0	8	0	0	0	1.0
NP_fibrocartilaginous	healthy_vs_degenerated_mild	SRSF2	0.0	1.0	12	0	0	0	1.0
NP_fibrocartilaginous	healthy_vs_degenerated_mild	ZMYND8	0.0	1.0	6	0	0	0	1.0
NP_fibrocartilaginous	healthy_vs_degenerated_mild	ARID4B	0.0	1.0	8	0	0	0	1.0
NP_fibrocartilaginous	healthy_vs_degenerated_mild	AP1	-0.0030581039755351682	0.007364551574185979	327	3	1	2	0.19420631512949585
NP_fibrocartilaginous	healthy_vs_degenerated_mild	NFKB	0.0	0.002480379082254191	479	4	2	2	0.16242748603638887
NP_fibrocartilaginous	healthy_vs_degenerated_severe	MYC	-0.010279001468428781	0.05731252970392946	681	17	5	12	0.6237508340805706
NP_fibrocartilaginous	healthy_vs_degenerated_severe	SPI1	0.011560693641618497	0.782846247378505	173	2	2	0	1.0
NP_fibrocartilaginous	healthy_vs_degenerated_severe	SMAD3	0.02830188679245283	0.2547352836814599	106	3	3	0	0.8840981334142917
NP_fibrocartilaginous	healthy_vs_degenerated_severe	SMAD4	0.038461538461538464	0.1378691463161323	78	3	3	0	0.7515819608893956
NP_fibrocartilaginous	healthy_vs_degenerated_severe	STAT5A	0.008130081300813009	0.3312494001759191	123	3	2	1	1.0
NP_fibrocartilaginous	healthy_vs_degenerated_severe	STAT5B	-0.015625	0.6561752686918672	64	1	0	1	1.0
NP_fibrocartilaginous	healthy_vs_degenerated_severe	RELA	0.003125	0.611827730698308	320	5	3	2	1.0
NP_fibrocartilaginous	healthy_vs_degenerated_severe	WT1	0.04395604395604396	0.06343426933074964	91	4	4	0	0.6601464638827166
NP_fibrocartilaginous	healthy_vs_degenerated_severe	NR0B2	0.015384615384615385	0.6618800823574771	65	1	1	0	1.0
NP_fibrocartilaginous	healthy_vs_degenerated_severe	SP1	0.008849557522123894	0.15808361797097636	791	17	12	5	0.7607944511492059
NP_fibrocartilaginous	healthy_vs_degenerated_severe	TP53	0.02418207681365576	4.219434587191605e-07	703	31	24	7	0.0002590732836535645
NP_fibrocartilaginous	healthy_vs_degenerated_severe	ZBTB16	0.05714285714285714	0.11312038869067001	35	2	2	0	0.7160403985161998
NP_fibrocartilaginous	healthy_vs_degenerated_severe	ETV6	0.0	1.0	17	0	0	0	1.0
NP_fibrocartilaginous	healthy_vs_degenerated_severe	RUNX1	0.008849557522123894	0.8488188479034322	113	1	1	0	1.0
NP_fibrocartilaginous	healthy_vs_degenerated_severe	STAT1	0.00975609756097561	0.8558698776235785	205	2	2	0	1.0
NP_fibrocartilaginous	healthy_vs_degenerated_severe	STAT3	0.0	0.261832576335712	261	6	3	3	0.8855886062678959
NP_fibrocartilaginous	healthy_vs_degenerated_severe	ETV4	0.0	1.0	40	0	0	0	1.0
NP_fibrocartilaginous	healthy_vs_degenerated_severe	MTF1	0.0	1.0	25	0	0	0	1.0
NP_fibrocartilaginous	healthy_vs_degenerated_severe	CREB1	0.007575757575757576	0.2702329332117031	264	6	4	2	0.8855886062678959
NP_fibrocartilaginous	healthy_vs_degenerated_severe	FOXA2	0.022727272727272728	0.51968720096708	44	1	1	0	1.0
NP_fibrocartilaginous	healthy_vs_degenerated_severe	NFATC2	0.0625	0.04444664017822815	48	3	3	0	0.5053747605450386
NP_fibrocartilaginous	healthy_vs_degenerated_severe	CEBPB	0.00398406374501992	0.12168276840945676	251	7	4	3	0.7219249673655663
NP_fibrocartilaginous	healthy_vs_degenerated_severe	FOS	0.0	0.1018884105321905	194	6	3	3	0.7160403985161998
NP_fibrocartilaginous	healthy_vs_degenerated_severe	PLAG1	0.14285714285714285	0.10994028087378206	7	1	1	0	0.7160403985161998
NP_fibrocartilaginous	healthy_vs_degenerated_severe	E2F1	-0.03162055335968379	4.284130069254191e-06	253	16	4	12	0.0012852891252708777
NP_fibrocartilaginous	healthy_vs_degenerated_severe	E2F3	-0.0847457627118644	0.002816751926400507	59	5	0	5	0.12353469162927937
NP_fibrocartilaginous	healthy_vs_degenerated_severe	HBP1	0.06666666666666667	0.08715537120249355	30	2	2	0	0.7135119722444139
NP_fibrocartilaginous	healthy_vs_degenerated_severe	YY1	0.0	0.7386216785825326	158	2	1	1	1.0
NP_fibrocartilaginous	healthy_vs_degenerated_severe	ESR1	-0.007712082262210797	0.0019543935992514475	389	15	6	9	0.09999980582836572
NP_fibrocartilaginous	healthy_vs_degenerated_severe	JUN	0.015665796344647518	0.024839699973816392	383	12	9	3	0.3719896532664211
NP_fibrocartilaginous	healthy_vs_degenerated_severe	NR1I3	0.037037037037037035	0.36214229031753614	27	1	1	0	1.0
NP_fibrocartilaginous	healthy_vs_degenerated_severe	CEBPG	0.010416666666666666	0.21102076806538542	96	3	2	1	0.8097921974509166
NP_fibrocartilaginous	healthy_vs_degenerated_severe	MAFK	0.0	1.0	16	0	0	0	1.0
NP_fibrocartilaginous	healthy_vs_degenerated_severe	STAT4	0.0	1.0	13	0	0	0	1.0
NP_fibrocartilaginous	healthy_vs_degenerated_severe	IRF1	0.021505376344086023	0.45573091337982835	93	2	2	0	1.0
NP_fibrocartilaginous	healthy_vs_degenerated_severe	ATF2	0.0	0.38733426588311365	81	2	1	1	1.0
NP_fibrocartilaginous	healthy_vs_degenerated_severe	NR2C2	0.0	1.0	34	0	0	0	1.0
NP_fibrocartilaginous	healthy_vs_degenerated_severe	IRF3	0.0196078431372549	0.5726939678525287	51	1	1	0	1.0
NP_fibrocartilaginous	healthy_vs_degenerated_severe	TFAP2A	0.01098901098901099	0.8061292520624279	182	2	2	0	1.0
NP_fibrocartilaginous	healthy_vs_degenerated_severe	HNF1A	0.024390243902439025	0.4950141224928976	41	1	1	0	1.0
NP_fibrocartilaginous	healthy_vs_degenerated_severe	ETS1	0.0	0.14868641683219694	124	4	2	2	0.7607944511492059
NP_fibrocartilaginous	healthy_vs_degenerated_severe	ARNT	0.0	1.0	42	0	0	0	1.0
NP_fibrocartilaginous	healthy_vs_degenerated_severe	AHR	0.0	0.4667092415240619	95	2	1	1	1.0
NP_fibrocartilaginous	healthy_vs_degenerated_severe	PAX6	0.038461538461538464	0.009248784459238059	78	5	4	1	0.21841360222969877
NP_fibrocartilaginous	healthy_vs_degenerated_severe	NFYA	-0.014084507042253521	0.006253371033186861	71	5	2	3	0.1669378180163797
NP_fibrocartilaginous	healthy_vs_degenerated_severe	ZNF148	0.0	1.0	21	0	0	0	1.0
NP_fibrocartilaginous	healthy_vs_degenerated_severe	NFIC	-0.022222222222222223	0.5276421494996117	45	1	0	1	1.0
NP_fibrocartilaginous	healthy_vs_degenerated_severe	RBPJ	0.03614457831325301	0.011913376713580616	83	5	4	1	0.24800157560654784
NP_fibrocartilaginous	healthy_vs_degenerated_severe	HES1	0.018867924528301886	0.5867403634561033	53	1	1	0	1.0
NP_fibrocartilaginous	healthy_vs_degenerated_severe	GATA4	0.0	0.24814048257939852	58	2	1	1	0.8840981334142917
NP_fibrocartilaginous	healthy_vs_degenerated_severe	GATA6	0.05714285714285714	0.11312038869067001	35	2	2	0	0.7160403985161998
NP_fibrocartilaginous	healthy_vs_degenerated_severe	HNF4A	0.024	0.3403008245240658	125	3	3	0	1.0
NP_fibrocartilaginous	healthy_vs_degenerated_severe	RARA	0.01	0.8119269947986046	100	1	1	0	1.0
NP_fibrocartilaginous	healthy_vs_degenerated_severe	DBP	0.0	1.0	19	0	0	0	1.0
NP_fibrocartilaginous	healthy_vs_degenerated_severe	HLF	-0.09090909090909091	0.16727565293997196	11	1	0	1	0.7607944511492059
NP_fibrocartilaginous	healthy_vs_degenerated_severe	PPARG	-0.014563106796116505	0.6646828169287086	206	3	0	3	1.0
NP_fibrocartilaginous	healthy_vs_degenerated_severe	MAX	0.030303030303030304	0.42288348286353317	33	1	1	0	1.0
NP_fibrocartilaginous	healthy_vs_degenerated_severe	USF2	0.015625	0.08876111173005508	64	3	2	1	0.7160403985161998
NP_fibrocartilaginous	healthy_vs_degenerated_severe	IRF2	0.0	1.0	31	0	0	0	1.0
NP_fibrocartilaginous	healthy_vs_degenerated_severe	SP3	0.007782101167315175	0.25074499648405363	257	6	4	2	0.8840981334142917
NP_fibrocartilaginous	healthy_vs_degenerated_severe	AR	-0.005813953488372093	0.8240220729621491	344	4	1	3	1.0
NP_fibrocartilaginous	healthy_vs_degenerated_severe	CUX1	0.0	0.0337439669276289	74	4	2	2	0.41337971595889195
NP_fibrocartilaginous	healthy_vs_degenerated_severe	ATF1	-0.05084745762711865	0.07341465354960161	59	3	0	3	0.6934861119916214
NP_fibrocartilaginous	healthy_vs_degenerated_severe	KAT7	-0.017857142857142856	0.6069534956276272	56	1	0	1	1.0
NP_fibrocartilaginous	healthy_vs_degenerated_severe	CREBZF	0.0	1.0	11	0	0	0	1.0
NP_fibrocartilaginous	healthy_vs_degenerated_severe	GLI3	0.04	0.3405144734218452	25	1	1	0	1.0
NP_fibrocartilaginous	healthy_vs_degenerated_severe	NKX2-5	0.0625	0.001795434262754933	32	4	3	1	0.09999980582836572
NP_fibrocartilaginous	healthy_vs_degenerated_severe	TGFB1I1	0.0	1.0	11	0	0	0	1.0
NP_fibrocartilaginous	healthy_vs_degenerated_severe	RARB	0.0	1.0	31	0	0	0	1.0
NP_fibrocartilaginous	healthy_vs_degenerated_severe	RARG	0.0	1.0	20	0	0	0	1.0
NP_fibrocartilaginous	healthy_vs_degenerated_severe	TEAD1	0.0	1.0	14	0	0	0	1.0
NP_fibrocartilaginous	healthy_vs_degenerated_severe	PPARA	0.006578947368421052	0.9215980866799918	152	1	1	0	1.0
NP_fibrocartilaginous	healthy_vs_degenerated_severe	ESR2	0.01639344262295082	0.6011358701325604	122	2	2	0	1.0
NP_fibrocartilaginous	healthy_vs_degenerated_severe	NR3C1	0.00625	0.9314980933809904	160	1	1	0	1.0
NP_fibrocartilaginous	healthy_vs_degenerated_severe	PGR	0.011904761904761904	0.012502702703527763	84	5	3	2	0.24800157560654784
NP_fibrocartilaginous	healthy_vs_degenerated_severe	NRG1	0.0	1.0	26	0	0	0	1.0
NP_fibrocartilaginous	healthy_vs_degenerated_severe	TBP	-0.019417475728155338	0.09050764639195014	103	4	1	3	0.7160403985161998
NP_fibrocartilaginous	healthy_vs_degenerated_severe	REL	-0.014925373134328358	0.6730088228946429	67	1	0	1	1.0
NP_fibrocartilaginous	healthy_vs_degenerated_severe	ISL1	0.0	1.0	10	0	0	0	1.0
NP_fibrocartilaginous	healthy_vs_degenerated_severe	ZBTB14	0.0	1.0	5	0	0	0	1.0
NP_fibrocartilaginous	healthy_vs_degenerated_severe	MYB	-0.009345794392523364	0.25918186321591613	107	3	1	2	0.8840981334142917
NP_fibrocartilaginous	healthy_vs_degenerated_severe	PITX1	-0.058823529411764705	0.24646298734204253	17	1	0	1	0.8840981334142917
NP_fibrocartilaginous	healthy_vs_degenerated_severe	EGR1	0.01762114537444934	0.03445433518325186	227	8	6	2	0.41337971595889195
NP_fibrocartilaginous	healthy_vs_degenerated_severe	MYOD1	0.011904761904761904	0.16122547532946266	84	3	2	1	0.7607944511492059
NP_fibrocartilaginous	healthy_vs_degenerated_severe	ETS2	-0.014705882352941176	0.6784358148911023	68	1	0	1	1.0
NP_fibrocartilaginous	healthy_vs_degenerated_severe	GTF2I	0.0	1.0	18	0	0	0	1.0
NP_fibrocartilaginous	healthy_vs_degenerated_severe	NR2F1	0.0	1.0	21	0	0	0	1.0
NP_fibrocartilaginous	healthy_vs_degenerated_severe	ENO1	0.0	1.0	12	0	0	0	1.0
NP_fibrocartilaginous	healthy_vs_degenerated_severe	JDP2	0.03571428571428571	0.3726901826637296	28	1	1	0	1.0
NP_fibrocartilaginous	healthy_vs_degenerated_severe	MAZ	0.0	1.0	21	0	0	0	1.0
NP_fibrocartilaginous	healthy_vs_degenerated_severe	NR4A1	0.017543859649122806	0.06764158541626392	57	3	2	1	0.6808513679604269
NP_fibrocartilaginous	healthy_vs_degenerated_severe	HMGA1	-0.02564102564102564	0.4778692283749212	39	1	0	1	1.0
NP_fibrocartilaginous	healthy_vs_degenerated_severe	NFKB1	0.0	0.5453960318195032	235	4	2	2	1.0
NP_fibrocartilaginous	healthy_vs_degenerated_severe	USF1	0.008064516129032258	0.33577575513485414	124	3	2	1	1.0
NP_fibrocartilaginous	healthy_vs_degenerated_severe	DDIT3	0.0	1.0	70	0	0	0	1.0
NP_fibrocartilaginous	healthy_vs_degenerated_severe	ATF4	0.03571428571428571	0.16122547532946266	84	3	3	0	0.7607944511492059
NP_fibrocartilaginous	healthy_vs_degenerated_severe	ATF3	0.0273972602739726	0.3397274757965106	73	2	2	0	1.0
NP_fibrocartilaginous	healthy_vs_degenerated_severe	TAF1	-0.02857142857142857	0.4418236600027332	35	1	0	1	1.0
NP_fibrocartilaginous	healthy_vs_degenerated_severe	RUNX2	0.037037037037037035	0.0003682669659672309	81	7	5	2	0.04526797902829284
NP_fibrocartilaginous	healthy_vs_degenerated_severe	TFAP2B	0.08333333333333333	0.1810259551686895	12	1	1	0	0.7718745588442734
NP_fibrocartilaginous	healthy_vs_degenerated_severe	CREM	-0.023255813953488372	0.03364614478900583	43	3	1	2	0.41337971595889195
NP_fibrocartilaginous	healthy_vs_degenerated_severe	IRF8	0.023809523809523808	0.503375424322073	42	1	1	0	1.0
NP_fibrocartilaginous	healthy_vs_degenerated_severe	ETV5	0.0	1.0	6	0	0	0	1.0
NP_fibrocartilaginous	healthy_vs_degenerated_severe	DMTF1	0.07692307692307693	0.19455043354263915	13	1	1	0	0.7807448770926826
NP_fibrocartilaginous	healthy_vs_degenerated_severe	NR5A1	0.0	1.0	44	0	0	0	1.0
NP_fibrocartilaginous	healthy_vs_degenerated_severe	NEUROD2	0.0	1.0	8	0	0	0	1.0
NP_fibrocartilaginous	healthy_vs_degenerated_severe	NEUROD1	0.04	0.3405144734218452	25	1	1	0	1.0
NP_fibrocartilaginous	healthy_vs_degenerated_severe	HHEX	0.0	1.0	15	0	0	0	1.0
NP_fibrocartilaginous	healthy_vs_degenerated_severe	FOXO3	0.012903225806451613	0.2531292100580427	155	4	3	1	0.8840981334142917
NP_fibrocartilaginous	healthy_vs_degenerated_severe	MBD1	-0.1	0.153295777359774	10	1	0	1	0.7607944511492059
NP_fibrocartilaginous	healthy_vs_degenerated_severe	CEBPD	0.02040816326530612	0.5581728571302139	49	1	1	0	1.0
NP_fibrocartilaginous	healthy_vs_degenerated_severe	ELK1	-0.023255813953488372	0.5115990320714481	43	1	0	1	1.0
NP_fibrocartilaginous	healthy_vs_degenerated_severe	FLI1	0.0	0.01705148289482837	60	4	2	2	0.28296244587634106
NP_fibrocartilaginous	healthy_vs_degenerated_severe	ELK4	0.0	1.0	6	0	0	0	1.0
NP_fibrocartilaginous	healthy_vs_degenerated_severe	PREB	0.0	1.0	8	0	0	0	1.0
NP_fibrocartilaginous	healthy_vs_degenerated_severe	POU1F1	0.0	1.0	27	0	0	0	1.0
NP_fibrocartilaginous	healthy_vs_degenerated_severe	PAX5	0.08333333333333333	0.02115639834449631	36	3	3	0	0.3330776559877111
NP_fibrocartilaginous	healthy_vs_degenerated_severe	CEBPA	0.008928571428571428	0.2815564211182896	112	3	2	1	0.9100383789900378
NP_fibrocartilaginous	healthy_vs_degenerated_severe	LITAF	0.0	1.0	20	0	0	0	1.0
NP_fibrocartilaginous	healthy_vs_degenerated_severe	STAT6	0.017241379310344827	0.6198795488975184	58	1	1	0	1.0
NP_fibrocartilaginous	healthy_vs_degenerated_severe	HIF1A	-0.003257328990228013	0.5748285877964545	307	5	2	3	1.0
NP_fibrocartilaginous	healthy_vs_degenerated_severe	TP73	0.0	0.006150305353315443	100	6	3	3	0.1669378180163797
NP_fibrocartilaginous	healthy_vs_degenerated_severe	KLF11	0.0	1.0	17	0	0	0	1.0
NP_fibrocartilaginous	healthy_vs_degenerated_severe	TCF4	0.0	1.0	31	0	0	0	1.0
NP_fibrocartilaginous	healthy_vs_degenerated_severe	HIVEP2	0.0	1.0	8	0	0	0	1.0
NP_fibrocartilaginous	healthy_vs_degenerated_severe	E2F4	-0.026845637583892617	6.279914292854452e-06	149	12	4	8	0.0012852891252708777
NP_fibrocartilaginous	healthy_vs_degenerated_severe	GATA5	0.0	1.0	8	0	0	0	1.0
NP_fibrocartilaginous	healthy_vs_degenerated_severe	SRF	0.016666666666666666	0.07638113621564227	60	3	2	1	0.7001106595292894
NP_fibrocartilaginous	healthy_vs_degenerated_severe	ELF1	0.0	1.0	44	0	0	0	1.0
NP_fibrocartilaginous	healthy_vs_degenerated_severe	GATA3	-0.009900990099009901	0.23268690116491605	101	3	1	2	0.870039908360969
NP_fibrocartilaginous	healthy_vs_degenerated_severe	MSX1	0.07142857142857142	0.20785277665472968	14	1	1	0	0.8026516029308429
NP_fibrocartilaginous	healthy_vs_degenerated_severe	OTX2	-0.06666666666666667	0.22093661317790247	15	1	0	1	0.8373770400693341
NP_fibrocartilaginous	healthy_vs_degenerated_severe	LHX2	0.11764705882352941	0.03128592069103008	17	2	2	0	0.41337971595889195
NP_fibrocartilaginous	healthy_vs_degenerated_severe	GABPA	-0.04	0.3405144734218452	25	1	0	1	1.0
NP_fibrocartilaginous	healthy_vs_degenerated_severe	HSF2	0.05263157894736842	0.27115742341753163	19	1	1	0	0.8855886062678959
NP_fibrocartilaginous	healthy_vs_degenerated_severe	VDR	0.0125	0.14552059100535564	80	3	2	1	0.7607944511492059
NP_fibrocartilaginous	healthy_vs_degenerated_severe	HOXC8	0.08333333333333333	0.1810259551686895	12	1	1	0	0.7718745588442734
NP_fibrocartilaginous	healthy_vs_degenerated_severe	HR	0.0	0.2054821735378525	51	2	1	1	0.8026516029308429
NP_fibrocartilaginous	healthy_vs_degenerated_severe	RELB	0.0	1.0	31	0	0	0	1.0
NP_fibrocartilaginous	healthy_vs_degenerated_severe	CEBPE	0.0	1.0	17	0	0	0	1.0
NP_fibrocartilaginous	healthy_vs_degenerated_severe	NR0B1	0.0	1.0	22	0	0	0	1.0
NP_fibrocartilaginous	healthy_vs_degenerated_severe	LEF1	0.019230769230769232	0.05417700423591189	52	3	2	1	0.6048123745609073
NP_fibrocartilaginous	healthy_vs_degenerated_severe	ID1	0.0	0.010474715009652406	52	4	2	2	0.22969553628309203
NP_fibrocartilaginous	healthy_vs_degenerated_severe	ZNF143	-0.13636363636363635	0.005397961240768148	22	3	0	3	0.1669378180163797
NP_fibrocartilaginous	healthy_vs_degenerated_severe	SOX9	0.0	0.013509029577227202	56	4	2	2	0.2513498230429546
NP_fibrocartilaginous	healthy_vs_degenerated_severe	YBX1	-0.045454545454545456	0.004584450132916219	66	5	1	4	0.1669378180163797
NP_fibrocartilaginous	healthy_vs_degenerated_severe	HSF1	0.014925373134328358	0.6730088228946429	67	1	1	0	1.0
NP_fibrocartilaginous	healthy_vs_degenerated_severe	POU4F1	0.0	1.0	16	0	0	0	1.0
NP_fibrocartilaginous	healthy_vs_degenerated_severe	NOTO	0.0	1.0	5	0	0	0	1.0
NP_fibrocartilaginous	healthy_vs_degenerated_severe	HNF1B	0.05263157894736842	0.27115742341753163	19	1	1	0	0.8855886062678959
NP_fibrocartilaginous	healthy_vs_degenerated_severe	PAX3	-0.03508771929824561	0.24201499033809248	57	2	0	2	0.8840981334142917
NP_fibrocartilaginous	healthy_vs_degenerated_severe	ID2	0.07317073170731707	0.029761217730865076	41	3	3	0	0.41337971595889195
NP_fibrocartilaginous	healthy_vs_degenerated_severe	MEF2A	0.03636363636363636	0.012703822350428301	55	4	3	1	0.24800157560654784
NP_fibrocartilaginous	healthy_vs_degenerated_severe	PDX1	-0.044444444444444446	0.16966946553568296	45	2	0	2	0.7660077341096275
NP_fibrocartilaginous	healthy_vs_degenerated_severe	NR2F2	0.030303030303030304	0.01675642328380686	33	3	2	1	0.28296244587634106
NP_fibrocartilaginous	healthy_vs_degenerated_severe	NR1H4	0.0	1.0	68	0	0	0	1.0
NP_fibrocartilaginous	healthy_vs_degenerated_severe	ASCL1	-0.03225806451612903	0.40330427307737504	31	1	0	1	1.0
NP_fibrocartilaginous	healthy_vs_degenerated_severe	RFX1	0.0	1.0	17	0	0	0	1.0
NP_fibrocartilaginous	healthy_vs_degenerated_severe	CRX	0.0	1.0	10	0	0	0	1.0
NP_fibrocartilaginous	healthy_vs_degenerated_severe	NRL	0.0	1.0	10	0	0	0	1.0
NP_fibrocartilaginous	healthy_vs_degenerated_severe	UBTF	0.0	1.0	9	0	0	0	1.0
NP_fibrocartilaginous	healthy_vs_degenerated_severe	MYBL2	0.022727272727272728	0.03568261391827569	44	3	2	1	0.41337971595889195
NP_fibrocartilaginous	healthy_vs_degenerated_severe	ELF2	0.0	1.0	7	0	0	0	1.0
NP_fibrocartilaginous	healthy_vs_degenerated_severe	JUND	0.017543859649122806	0.6134702546506545	57	1	1	0	1.0
NP_fibrocartilaginous	healthy_vs_degenerated_severe	TP63	0.03546099290780142	0.08385990768224312	141	5	5	0	0.705342237217771
NP_fibrocartilaginous	healthy_vs_degenerated_severe	NFKBIB	0.0	1.0	15	0	0	0	1.0
NP_fibrocartilaginous	healthy_vs_degenerated_severe	HOXC6	0.0	1.0	8	0	0	0	1.0
NP_fibrocartilaginous	healthy_vs_degenerated_severe	FOXO1	0.011235955056179775	0.33821870963746453	178	4	3	1	1.0
NP_fibrocartilaginous	healthy_vs_degenerated_severe	PITX2	0.03278688524590164	0.26654113377334826	61	2	2	0	0.8855886062678959
NP_fibrocartilaginous	healthy_vs_degenerated_severe	NR5A2	0.04	0.3405144734218452	25	1	1	0	1.0
NP_fibrocartilaginous	healthy_vs_degenerated_severe	POU2F1	0.0	1.0	48	0	0	0	1.0
NP_fibrocartilaginous	healthy_vs_degenerated_severe	XBP1	0.025	0.4865128340176139	40	1	1	0	1.0
NP_fibrocartilaginous	healthy_vs_degenerated_severe	SREBF1	0.0	1.0	82	0	0	0	1.0
NP_fibrocartilaginous	healthy_vs_degenerated_severe	TCF3	0.0	1.0	63	0	0	0	1.0
NP_fibrocartilaginous	healthy_vs_degenerated_severe	LRRFIP1	0.0	1.0	9	0	0	0	1.0
NP_fibrocartilaginous	healthy_vs_degenerated_severe	TCF12	0.0	1.0	25	0	0	0	1.0
NP_fibrocartilaginous	healthy_vs_degenerated_severe	E4F1	0.125	0.12463199762337138	8	1	1	0	0.7219249673655663
NP_fibrocartilaginous	healthy_vs_degenerated_severe	BRCA1	0.0	0.18745380392764593	48	2	1	1	0.7807448770926826
NP_fibrocartilaginous	healthy_vs_degenerated_severe	ZNF362	0.09090909090909091	0.16727565293997196	11	1	1	0	0.7607944511492059
NP_fibrocartilaginous	healthy_vs_degenerated_severe	NRF1	-0.016129032258064516	0.6444769000844376	62	1	0	1	1.0
NP_fibrocartilaginous	healthy_vs_degenerated_severe	GATA1	0.014925373134328358	0.6730088228946429	67	1	1	0	1.0
NP_fibrocartilaginous	healthy_vs_degenerated_severe	MYCN	-0.02	0.4935742516191594	100	2	0	2	1.0
NP_fibrocartilaginous	healthy_vs_degenerated_severe	PKNOX1	0.0	1.0	9	0	0	0	1.0
NP_fibrocartilaginous	healthy_vs_degenerated_severe	NR4A3	0.0	1.0	16	0	0	0	1.0
NP_fibrocartilaginous	healthy_vs_degenerated_severe	SSRP1	0.01282051282051282	0.7280135530025366	78	1	1	0	1.0
NP_fibrocartilaginous	healthy_vs_degenerated_severe	ZNF91	0.0	1.0	25	0	0	0	1.0
NP_fibrocartilaginous	healthy_vs_degenerated_severe	NR2C1	0.0	1.0	9	0	0	0	1.0
NP_fibrocartilaginous	healthy_vs_degenerated_severe	ID3	0.08333333333333333	0.05892108856135684	24	2	2	0	0.6237508340805706
NP_fibrocartilaginous	healthy_vs_degenerated_severe	ERF	0.0	1.0	12	0	0	0	1.0
NP_fibrocartilaginous	healthy_vs_degenerated_severe	ZNF354C	0.058823529411764705	0.24646298734204253	17	1	1	0	0.8840981334142917
NP_fibrocartilaginous	healthy_vs_degenerated_severe	HMGA2	0.0	0.07258729859655441	27	2	1	1	0.6934861119916214
NP_fibrocartilaginous	healthy_vs_degenerated_severe	POU2F2	0.0	1.0	17	0	0	0	1.0
NP_fibrocartilaginous	healthy_vs_degenerated_severe	SREBF2	-0.021739130434782608	0.5354660600193668	46	1	0	1	1.0
NP_fibrocartilaginous	healthy_vs_degenerated_severe	ELF4	0.0	1.0	30	0	0	0	1.0
NP_fibrocartilaginous	healthy_vs_degenerated_severe	TTF1	0.0	1.0	31	0	0	0	1.0
NP_fibrocartilaginous	healthy_vs_degenerated_severe	DLX4	0.0	1.0	23	0	0	0	1.0
NP_fibrocartilaginous	healthy_vs_degenerated_severe	NR1I2	0.013793103448275862	0.21765163924823408	145	4	3	1	0.8300503509218368
NP_fibrocartilaginous	healthy_vs_degenerated_severe	NR1H3	-0.013888888888888888	0.6992625332310642	72	1	0	1	1.0
NP_fibrocartilaginous	healthy_vs_degenerated_severe	MITF	0.06666666666666667	0.01705148289482837	60	4	4	0	0.28296244587634106
NP_fibrocartilaginous	healthy_vs_degenerated_severe	NCOA1	-0.04081632653061224	0.1934394997190537	49	2	0	2	0.7807448770926826
NP_fibrocartilaginous	healthy_vs_degenerated_severe	NCOR1	-0.017543859649122806	0.6134702546506545	57	1	0	1	1.0
NP_fibrocartilaginous	healthy_vs_degenerated_severe	FOSL1	-0.08823529411764706	0.01815960148058913	34	3	0	3	0.2934209291863612
NP_fibrocartilaginous	healthy_vs_degenerated_severe	JUNB	0.0	0.2297873370504107	55	2	1	1	0.8655792941653507
NP_fibrocartilaginous	healthy_vs_degenerated_severe	DNMT1	-0.01694915254237288	0.0007343698640035818	118	8	3	5	0.06441472807117131
NP_fibrocartilaginous	healthy_vs_degenerated_severe	KLF5	-0.019230769230769232	0.5797755283925803	52	1	0	1	1.0
NP_fibrocartilaginous	healthy_vs_degenerated_severe	NR3C2	0.0	1.0	35	0	0	0	1.0
NP_fibrocartilaginous	healthy_vs_degenerated_severe	MYRF	0.0	1.0	5	0	0	0	1.0
NP_fibrocartilaginous	healthy_vs_degenerated_severe	EBF1	0.0	1.0	10	0	0	0	1.0
NP_fibrocartilaginous	healthy_vs_degenerated_severe	CREBBP	0.0	1.0	25	0	0	0	1.0
NP_fibrocartilaginous	healthy_vs_degenerated_severe	ZFPM1	-0.1111111111111111	0.1390825170276839	9	1	0	1	0.7515819608893956
NP_fibrocartilaginous	healthy_vs_degenerated_severe	APEX1	-0.037037037037037035	0.36214229031753614	27	1	0	1	1.0
NP_fibrocartilaginous	healthy_vs_degenerated_severe	TFAM	0.0	1.0	11	0	0	0	1.0
NP_fibrocartilaginous	healthy_vs_degenerated_severe	IRF4	0.034482758620689655	0.38306459309128094	29	1	1	0	1.0
NP_fibrocartilaginous	healthy_vs_degenerated_severe	ZBED1	0.0	1.0	16	0	0	0	1.0
NP_fibrocartilaginous	healthy_vs_degenerated_severe	NCOA2	0.0	1.0	39	0	0	0	1.0
NP_fibrocartilaginous	healthy_vs_degenerated_severe	FOXA1	0.0	0.07734919697030485	28	2	1	1	0.7001106595292894
NP_fibrocartilaginous	healthy_vs_degenerated_severe	NR4A2	-0.03571428571428571	0.3726901826637296	28	1	0	1	1.0
NP_fibrocartilaginous	healthy_vs_degenerated_severe	KLF1	0.0	1.0	17	0	0	0	1.0
NP_fibrocartilaginous	healthy_vs_degenerated_severe	LHX3	0.0	1.0	5	0	0	0	1.0
NP_fibrocartilaginous	healthy_vs_degenerated_severe	CTCF	-0.03260869565217391	0.19403417115878316	92	3	0	3	0.7807448770926826
NP_fibrocartilaginous	healthy_vs_degenerated_severe	BCL6	0.04	0.1994497635292705	50	2	2	0	0.7900784181094973
NP_fibrocartilaginous	healthy_vs_degenerated_severe	RB1	0.06666666666666667	0.08715537120249355	30	2	2	0	0.7135119722444139
NP_fibrocartilaginous	healthy_vs_degenerated_severe	TFCP2	0.0	1.0	39	0	0	0	1.0
NP_fibrocartilaginous	healthy_vs_degenerated_severe	REST	0.0	1.0	19	0	0	0	1.0
NP_fibrocartilaginous	healthy_vs_degenerated_severe	ESRRA	0.0	1.0	26	0	0	0	1.0
NP_fibrocartilaginous	healthy_vs_degenerated_severe	HOXD3	0.0	1.0	5	0	0	0	1.0
NP_fibrocartilaginous	healthy_vs_degenerated_severe	IRF9	0.0	1.0	13	0	0	0	1.0
NP_fibrocartilaginous	healthy_vs_degenerated_severe	TFE3	0.07407407407407407	0.07258729859655441	27	2	2	0	0.6934861119916214
NP_fibrocartilaginous	healthy_vs_degenerated_severe	ZNF236	0.0	1.0	6	0	0	0	1.0
NP_fibrocartilaginous	healthy_vs_degenerated_severe	TFAP2C	0.0	1.0	15	0	0	0	1.0
NP_fibrocartilaginous	healthy_vs_degenerated_severe	PAX8	-0.0625	0.23380551283315942	16	1	0	1	0.870039908360969
NP_fibrocartilaginous	healthy_vs_degenerated_severe	NKX2-1	0.0	1.0	29	0	0	0	1.0
NP_fibrocartilaginous	healthy_vs_degenerated_severe	PBX1	0.0	1.0	24	0	0	0	1.0
NP_fibrocartilaginous	healthy_vs_degenerated_severe	SP4	-0.03125	0.4131750804123976	32	1	0	1	1.0
NP_fibrocartilaginous	healthy_vs_degenerated_severe	CIITA	0.0	1.0	20	0	0	0	1.0
NP_fibrocartilaginous	healthy_vs_degenerated_severe	CDX2	0.0	1.0	30	0	0	0	1.0
NP_fibrocartilaginous	healthy_vs_degenerated_severe	ELF3	0.0	1.0	16	0	0	0	1.0
NP_fibrocartilaginous	healthy_vs_degenerated_severe	ZEB1	-0.06060606060606061	0.10250620197605584	33	2	0	2	0.7160403985161998
NP_fibrocartilaginous	healthy_vs_degenerated_severe	EGR3	0.0	1.0	18	0	0	0	1.0
NP_fibrocartilaginous	healthy_vs_degenerated_severe	EWSR1	-0.022727272727272728	0.03568261391827569	44	3	1	2	0.41337971595889195
NP_fibrocartilaginous	healthy_vs_degenerated_severe	NAB2	0.0	1.0	6	0	0	0	1.0
NP_fibrocartilaginous	healthy_vs_degenerated_severe	DEAF1	0.0	1.0	7	0	0	0	1.0
NP_fibrocartilaginous	healthy_vs_degenerated_severe	TBPL1	0.0	1.0	26	0	0	0	1.0
NP_fibrocartilaginous	healthy_vs_degenerated_severe	MEF2C	0.09090909090909091	0.01675642328380686	33	3	3	0	0.28296244587634106
NP_fibrocartilaginous	healthy_vs_degenerated_severe	POU4F2	0.0	1.0	15	0	0	0	1.0
NP_fibrocartilaginous	healthy_vs_degenerated_severe	TAL1	0.016666666666666666	0.6323827643947819	60	1	1	0	1.0
NP_fibrocartilaginous	healthy_vs_degenerated_severe	EPAS1	0.0	1.0	61	0	0	0	1.0
NP_fibrocartilaginous	healthy_vs_degenerated_severe	SMARCA1	-0.030303030303030304	0.42288348286353317	33	1	0	1	1.0
NP_fibrocartilaginous	healthy_vs_degenerated_severe	NFATC4	0.037037037037037035	0.36214229031753614	27	1	1	0	1.0
NP_fibrocartilaginous	healthy_vs_degenerated_severe	FOXM1	-0.06896551724137931	0.00036863175104473	58	6	1	5	0.04526797902829284
NP_fibrocartilaginous	healthy_vs_degenerated_severe	MYF5	0.08333333333333333	0.1810259551686895	12	1	1	0	0.7718745588442734
NP_fibrocartilaginous	healthy_vs_degenerated_severe	MYOG	0.0	1.0	29	0	0	0	1.0
NP_fibrocartilaginous	healthy_vs_degenerated_severe	SMAD7	0.023255813953488372	0.03364614478900583	43	3	2	1	0.41337971595889195
NP_fibrocartilaginous	healthy_vs_degenerated_severe	SOX10	0.0	1.0	15	0	0	0	1.0
NP_fibrocartilaginous	healthy_vs_degenerated_severe	POU3F1	0.0	1.0	5	0	0	0	1.0
NP_fibrocartilaginous	healthy_vs_degenerated_severe	NKRF	0.0	1.0	7	0	0	0	1.0
NP_fibrocartilaginous	healthy_vs_degenerated_severe	ATF6	0.0	1.0	39	0	0	0	1.0
NP_fibrocartilaginous	healthy_vs_degenerated_severe	NKX6-1	-0.16666666666666666	0.09500336350347575	6	1	0	1	0.7160403985161998
NP_fibrocartilaginous	healthy_vs_degenerated_severe	ERG	0.029411764705882353	0.4324321379652458	34	1	1	0	1.0
NP_fibrocartilaginous	healthy_vs_degenerated_severe	PITX3	0.0	1.0	9	0	0	0	1.0
NP_fibrocartilaginous	healthy_vs_degenerated_severe	HOXB2	0.0	1.0	5	0	0	0	1.0
NP_fibrocartilaginous	healthy_vs_degenerated_severe	SATB1	-0.043478260869565216	0.006133208064825324	23	3	1	2	0.1669378180163797
NP_fibrocartilaginous	healthy_vs_degenerated_severe	NFKB2	0.0	1.0	42	0	0	0	1.0
NP_fibrocartilaginous	healthy_vs_degenerated_severe	RORA	-0.029411764705882353	0.4324321379652458	34	1	0	1	1.0
NP_fibrocartilaginous	healthy_vs_degenerated_severe	PROX1	0.0	1.0	14	0	0	0	1.0
NP_fibrocartilaginous	healthy_vs_degenerated_severe	KLF3	0.0	1.0	5	0	0	0	1.0
NP_fibrocartilaginous	healthy_vs_degenerated_severe	PEG3	0.0	1.0	6	0	0	0	1.0
NP_fibrocartilaginous	healthy_vs_degenerated_severe	NR2E3	0.0	1.0	6	0	0	0	1.0
NP_fibrocartilaginous	healthy_vs_degenerated_severe	NCOR2	0.0	1.0	41	0	0	0	1.0
NP_fibrocartilaginous	healthy_vs_degenerated_severe	NCOA3	-0.04	0.1994497635292705	50	2	0	2	0.7900784181094973
NP_fibrocartilaginous	healthy_vs_degenerated_severe	ZFHX3	0.0	1.0	5	0	0	0	1.0
NP_fibrocartilaginous	healthy_vs_degenerated_severe	SMAD1	0.09090909090909091	0.005814400022317956	44	4	4	0	0.1669378180163797
NP_fibrocartilaginous	healthy_vs_degenerated_severe	SPDEF	0.0	1.0	8	0	0	0	1.0
NP_fibrocartilaginous	healthy_vs_degenerated_severe	PAX2	0.0	1.0	9	0	0	0	1.0
NP_fibrocartilaginous	healthy_vs_degenerated_severe	KLF13	0.0	1.0	9	0	0	0	1.0
NP_fibrocartilaginous	healthy_vs_degenerated_severe	MAFB	0.07407407407407407	0.07258729859655441	27	2	2	0	0.6934861119916214
NP_fibrocartilaginous	healthy_vs_degenerated_severe	ELK3	0.0	1.0	18	0	0	0	1.0
NP_fibrocartilaginous	healthy_vs_degenerated_severe	KLF6	0.0	1.0	37	0	0	0	1.0
NP_fibrocartilaginous	healthy_vs_degenerated_severe	SNAI1	0.0	0.3094003591318551	68	2	1	1	0.9546322638540654
NP_fibrocartilaginous	healthy_vs_degenerated_severe	HESX1	0.0	1.0	14	0	0	0	1.0
NP_fibrocartilaginous	healthy_vs_degenerated_severe	BACH2	0.0	1.0	6	0	0	0	1.0
NP_fibrocartilaginous	healthy_vs_degenerated_severe	PATZ1	0.0	1.0	8	0	0	0	1.0
NP_fibrocartilaginous	healthy_vs_degenerated_severe	ZHX2	0.14285714285714285	0.10994028087378206	7	1	1	0	0.7160403985161998
NP_fibrocartilaginous	healthy_vs_degenerated_severe	ONECUT1	0.0	1.0	11	0	0	0	1.0
NP_fibrocartilaginous	healthy_vs_degenerated_severe	RXRA	0.0	0.1934394997190537	49	2	1	1	0.7807448770926826
NP_fibrocartilaginous	healthy_vs_degenerated_severe	NR1H2	0.0	1.0	29	0	0	0	1.0
NP_fibrocartilaginous	healthy_vs_degenerated_severe	KAT5	0.0	1.0	40	0	0	0	1.0
NP_fibrocartilaginous	healthy_vs_degenerated_severe	YBX3	0.0	1.0	21	0	0	0	1.0
NP_fibrocartilaginous	healthy_vs_degenerated_severe	SMAD6	0.0	1.0	17	0	0	0	1.0
NP_fibrocartilaginous	healthy_vs_degenerated_severe	MYBL1	0.0	1.0	9	0	0	0	1.0
NP_fibrocartilaginous	healthy_vs_degenerated_severe	CDX1	0.0	1.0	18	0	0	0	1.0
NP_fibrocartilaginous	healthy_vs_degenerated_severe	TFDP1	-0.06896551724137931	0.08220669069229582	29	2	0	2	0.7010403900704116
NP_fibrocartilaginous	healthy_vs_degenerated_severe	KMT2A	-0.018518518518518517	0.5935903865755014	54	1	0	1	1.0
NP_fibrocartilaginous	healthy_vs_degenerated_severe	GATA2	0.0	1.0	39	0	0	0	1.0
NP_fibrocartilaginous	healthy_vs_degenerated_severe	PRDM1	0.0	0.10250620197605584	33	2	1	1	0.7160403985161998
NP_fibrocartilaginous	healthy_vs_degenerated_severe	MXD1	0.0	1.0	16	0	0	0	1.0
NP_fibrocartilaginous	healthy_vs_degenerated_severe	CLOCK	0.0	1.0	45	0	0	0	1.0
NP_fibrocartilaginous	healthy_vs_degenerated_severe	BHLHE40	0.0	1.0	26	0	0	0	1.0
NP_fibrocartilaginous	healthy_vs_degenerated_severe	SRY	-0.05263157894736842	0.27115742341753163	19	1	0	1	0.8855886062678959
NP_fibrocartilaginous	healthy_vs_degenerated_severe	MAF	0.03571428571428571	0.3726901826637296	28	1	1	0	1.0
NP_fibrocartilaginous	healthy_vs_degenerated_severe	AIRE	0.09090909090909091	0.16727565293997196	11	1	1	0	0.7607944511492059
NP_fibrocartilaginous	healthy_vs_degenerated_severe	ZGPAT	0.0	1.0	5	0	0	0	1.0
NP_fibrocartilaginous	healthy_vs_degenerated_severe	ETV1	0.0	1.0	13	0	0	0	1.0
NP_fibrocartilaginous	healthy_vs_degenerated_severe	KLF4	0.02702702702702703	0.3457475192802428	74	2	2	0	1.0
NP_fibrocartilaginous	healthy_vs_degenerated_severe	EGR2	-0.022222222222222223	0.5276421494996117	45	1	0	1	1.0
NP_fibrocartilaginous	healthy_vs_degenerated_severe	NEUROG3	0.0	1.0	11	0	0	0	1.0
NP_fibrocartilaginous	healthy_vs_degenerated_severe	CXXC1	0.0	1.0	11	0	0	0	1.0
NP_fibrocartilaginous	healthy_vs_degenerated_severe	TBX21	0.0	1.0	18	0	0	0	1.0
NP_fibrocartilaginous	healthy_vs_degenerated_severe	HOXA10	0.0	1.0	30	0	0	0	1.0
NP_fibrocartilaginous	healthy_vs_degenerated_severe	LMX1B	0.07692307692307693	0.19455043354263915	13	1	1	0	0.7807448770926826
NP_fibrocartilaginous	healthy_vs_degenerated_severe	TBX2	-0.05	0.2832011267894229	20	1	0	1	0.9100383789900378
NP_fibrocartilaginous	healthy_vs_degenerated_severe	ZNF699	0.03333333333333333	0.39326835936330795	30	1	1	0	1.0
NP_fibrocartilaginous	healthy_vs_degenerated_severe	RFX5	0.0	1.0	13	0	0	0	1.0
NP_fibrocartilaginous	healthy_vs_degenerated_severe	RFXANK	0.0	1.0	8	0	0	0	1.0
NP_fibrocartilaginous	healthy_vs_degenerated_severe	RFXAP	0.0	1.0	7	0	0	0	1.0
NP_fibrocartilaginous	healthy_vs_degenerated_severe	BARX2	0.0	1.0	10	0	0	0	1.0
NP_fibrocartilaginous	healthy_vs_degenerated_severe	FOXO4	0.0	1.0	21	0	0	0	1.0
NP_fibrocartilaginous	healthy_vs_degenerated_severe	DLX5	0.15	0.00409360980305951	20	3	3	0	0.1669378180163797
NP_fibrocartilaginous	healthy_vs_degenerated_severe	ID4	0.0	1.0	9	0	0	0	1.0
NP_fibrocartilaginous	healthy_vs_degenerated_severe	SPIB	0.0	1.0	9	0	0	0	1.0
NP_fibrocartilaginous	healthy_vs_degenerated_severe	FOXN1	0.0	1.0	31	0	0	0	1.0
NP_fibrocartilaginous	healthy_vs_degenerated_severe	TBX5	0.09090909090909091	0.16727565293997196	11	1	1	0	0.7607944511492059
NP_fibrocartilaginous	healthy_vs_degenerated_severe	TLX1	0.0	1.0	6	0	0	0	1.0
NP_fibrocartilaginous	healthy_vs_degenerated_severe	HIVEP1	0.0	1.0	8	0	0	0	1.0
NP_fibrocartilaginous	healthy_vs_degenerated_severe	SMAD2	0.05263157894736842	0.06764158541626392	57	3	3	0	0.6808513679604269
NP_fibrocartilaginous	healthy_vs_degenerated_severe	NKX3-1	-0.02	0.5654937365914576	50	1	0	1	1.0
NP_fibrocartilaginous	healthy_vs_degenerated_severe	HAND2	0.058823529411764705	0.24646298734204253	17	1	1	0	0.8840981334142917
NP_fibrocartilaginous	healthy_vs_degenerated_severe	PAX7	0.0	1.0	9	0	0	0	1.0
NP_fibrocartilaginous	healthy_vs_degenerated_severe	SFPQ	0.05263157894736842	0.27115742341753163	19	1	1	0	0.8855886062678959
NP_fibrocartilaginous	healthy_vs_degenerated_severe	BMAL1	0.0	1.0	44	0	0	0	1.0
NP_fibrocartilaginous	healthy_vs_degenerated_severe	SKIL	0.0	1.0	14	0	0	0	1.0
NP_fibrocartilaginous	healthy_vs_degenerated_severe	TBXT	0.0	1.0	6	0	0	0	1.0
NP_fibrocartilaginous	healthy_vs_degenerated_severe	MSX2	0.045454545454545456	0.30669794981005877	22	1	1	0	0.9510734403200813
NP_fibrocartilaginous	healthy_vs_degenerated_severe	MZF1	0.07142857142857142	0.20785277665472968	14	1	1	0	0.8026516029308429
NP_fibrocartilaginous	healthy_vs_degenerated_severe	HOXA5	0.1111111111111111	0.1390825170276839	9	1	1	0	0.7515819608893956
NP_fibrocartilaginous	healthy_vs_degenerated_severe	HOXB4	0.0	1.0	5	0	0	0	1.0
NP_fibrocartilaginous	healthy_vs_degenerated_severe	CREB3	0.125	0.12463199762337138	8	1	1	0	0.7219249673655663
NP_fibrocartilaginous	healthy_vs_degenerated_severe	NFE2	0.0	1.0	11	0	0	0	1.0
NP_fibrocartilaginous	healthy_vs_degenerated_severe	ZNF76	0.0	1.0	6	0	0	0	1.0
NP_fibrocartilaginous	healthy_vs_degenerated_severe	FOXQ1	0.0	1.0	9	0	0	0	1.0
NP_fibrocartilaginous	healthy_vs_degenerated_severe	ZGLP1	0.0	1.0	9	0	0	0	1.0
NP_fibrocartilaginous	healthy_vs_degenerated_severe	NFYB	0.06896551724137931	0.08220669069229582	29	2	2	0	0.7010403900704116
NP_fibrocartilaginous	healthy_vs_degenerated_severe	ETV3	0.0	1.0	10	0	0	0	1.0
NP_fibrocartilaginous	healthy_vs_degenerated_severe	GSC	0.0	1.0	5	0	0	0	1.0
NP_fibrocartilaginous	healthy_vs_degenerated_severe	IRF7	0.0	1.0	8	0	0	0	1.0
NP_fibrocartilaginous	healthy_vs_degenerated_severe	NFATC3	-0.05555555555555555	0.25891249136380595	18	1	0	1	0.8840981334142917
NP_fibrocartilaginous	healthy_vs_degenerated_severe	KDM5A	0.0	1.0	13	0	0	0	1.0
NP_fibrocartilaginous	healthy_vs_degenerated_severe	GRHL3	0.0	1.0	14	0	0	0	1.0
NP_fibrocartilaginous	healthy_vs_degenerated_severe	THRA	0.025	0.027913318877241952	40	3	2	1	0.39857622768898976
NP_fibrocartilaginous	healthy_vs_degenerated_severe	SOX17	-0.04	0.3405144734218452	25	1	0	1	1.0
NP_fibrocartilaginous	healthy_vs_degenerated_severe	TBX15	0.05263157894736842	0.27115742341753163	19	1	1	0	0.8855886062678959
NP_fibrocartilaginous	healthy_vs_degenerated_severe	NFAT5	0.05714285714285714	0.11312038869067001	35	2	2	0	0.7160403985161998
NP_fibrocartilaginous	healthy_vs_degenerated_severe	BMAL2	0.0	1.0	6	0	0	0	1.0
NP_fibrocartilaginous	healthy_vs_degenerated_severe	NFE2L2	0.0	1.0	143	0	0	0	1.0
NP_fibrocartilaginous	healthy_vs_degenerated_severe	ZIC1	0.1111111111111111	0.1390825170276839	9	1	1	0	0.7515819608893956
NP_fibrocartilaginous	healthy_vs_degenerated_severe	MEIS1	0.0	1.0	9	0	0	0	1.0
NP_fibrocartilaginous	healthy_vs_degenerated_severe	HOXA9	0.0	1.0	27	0	0	0	1.0
NP_fibrocartilaginous	healthy_vs_degenerated_severe	MAFA	0.0	1.0	11	0	0	0	1.0
NP_fibrocartilaginous	healthy_vs_degenerated_severe	NR1D1	0.07692307692307693	0.19455043354263915	13	1	1	0	0.7807448770926826
NP_fibrocartilaginous	healthy_vs_degenerated_severe	MYF6	0.0	1.0	6	0	0	0	1.0
NP_fibrocartilaginous	healthy_vs_degenerated_severe	ZNF263	0.0	1.0	6	0	0	0	1.0
NP_fibrocartilaginous	healthy_vs_degenerated_severe	NFIA	0.0	1.0	31	0	0	0	1.0
NP_fibrocartilaginous	healthy_vs_degenerated_severe	HEY2	0.0	1.0	10	0	0	0	1.0
NP_fibrocartilaginous	healthy_vs_degenerated_severe	HOXB7	-0.09090909090909091	0.16727565293997196	11	1	0	1	0.7607944511492059
NP_fibrocartilaginous	healthy_vs_degenerated_severe	ZNF350	0.0	1.0	9	0	0	0	1.0
NP_fibrocartilaginous	healthy_vs_degenerated_severe	BCL11A	0.0	1.0	8	0	0	0	1.0
NP_fibrocartilaginous	healthy_vs_degenerated_severe	TWIST1	0.0	1.0	53	0	0	0	1.0
NP_fibrocartilaginous	healthy_vs_degenerated_severe	ZNF395	0.0	1.0	5	0	0	0	1.0
NP_fibrocartilaginous	healthy_vs_degenerated_severe	TFDP2	0.0	1.0	5	0	0	0	1.0
NP_fibrocartilaginous	healthy_vs_degenerated_severe	GTF3A	0.0	1.0	16	0	0	0	1.0
NP_fibrocartilaginous	healthy_vs_degenerated_severe	KLF10	0.0	0.03128592069103008	17	2	1	1	0.41337971595889195
NP_fibrocartilaginous	healthy_vs_degenerated_severe	KLF2	-0.029411764705882353	0.4324321379652458	34	1	0	1	1.0
NP_fibrocartilaginous	healthy_vs_degenerated_severe	PHF20	0.0	1.0	7	0	0	0	1.0
NP_fibrocartilaginous	healthy_vs_degenerated_severe	TGIF1	0.0	1.0	8	0	0	0	1.0
NP_fibrocartilaginous	healthy_vs_degenerated_severe	FOXG1	-0.08333333333333333	0.1810259551686895	12	1	0	1	0.7718745588442734
NP_fibrocartilaginous	healthy_vs_degenerated_severe	SF1	0.0	1.0	5	0	0	0	1.0
NP_fibrocartilaginous	healthy_vs_degenerated_severe	MBD2	-0.017543859649122806	0.6134702546506545	57	1	0	1	1.0
NP_fibrocartilaginous	healthy_vs_degenerated_severe	FOXF2	0.0	1.0	8	0	0	0	1.0
NP_fibrocartilaginous	healthy_vs_degenerated_severe	HEY1	-0.047619047619047616	0.295046890425519	21	1	0	1	0.9245874757230697
NP_fibrocartilaginous	healthy_vs_degenerated_severe	ZBTB17	-0.027777777777777776	0.451060620711908	36	1	0	1	1.0
NP_fibrocartilaginous	healthy_vs_degenerated_severe	IRF5	0.0	1.0	12	0	0	0	1.0
NP_fibrocartilaginous	healthy_vs_degenerated_severe	THRB	-0.03333333333333333	0.012925163549526924	30	3	1	2	0.24800157560654784
NP_fibrocartilaginous	healthy_vs_degenerated_severe	POU3F2	0.0	1.0	13	0	0	0	1.0
NP_fibrocartilaginous	healthy_vs_degenerated_severe	FOXI1	0.0	1.0	5	0	0	0	1.0
NP_fibrocartilaginous	healthy_vs_degenerated_severe	KCNIP3	-0.125	0.12463199762337138	8	1	0	1	0.7219249673655663
NP_fibrocartilaginous	healthy_vs_degenerated_severe	FOSB	0.0	1.0	20	0	0	0	1.0
NP_fibrocartilaginous	healthy_vs_degenerated_severe	NFE2L1	0.0	1.0	8	0	0	0	1.0
NP_fibrocartilaginous	healthy_vs_degenerated_severe	TRERF1	0.0	1.0	5	0	0	0	1.0
NP_fibrocartilaginous	healthy_vs_degenerated_severe	FOXP1	0.09090909090909091	0.16727565293997196	11	1	1	0	0.7607944511492059
NP_fibrocartilaginous	healthy_vs_degenerated_severe	FOXP2	0.0	1.0	5	0	0	0	1.0
NP_fibrocartilaginous	healthy_vs_degenerated_severe	BARX1	0.14285714285714285	0.10994028087378206	7	1	1	0	0.7160403985161998
NP_fibrocartilaginous	healthy_vs_degenerated_severe	ZFPM2	0.0	1.0	7	0	0	0	1.0
NP_fibrocartilaginous	healthy_vs_degenerated_severe	IKZF1	0.07142857142857142	0.20785277665472968	14	1	1	0	0.8026516029308429
NP_fibrocartilaginous	healthy_vs_degenerated_severe	BCL3	0.0	1.0	19	0	0	0	1.0
NP_fibrocartilaginous	healthy_vs_degenerated_severe	SP2	0.0	1.0	16	0	0	0	1.0
NP_fibrocartilaginous	healthy_vs_degenerated_severe	SIM2	0.0	1.0	8	0	0	0	1.0
NP_fibrocartilaginous	healthy_vs_degenerated_severe	NFATC1	0.0	0.2849414468270967	64	2	1	1	0.9100383789900378
NP_fibrocartilaginous	healthy_vs_degenerated_severe	POU2F3	0.0	1.0	5	0	0	0	1.0
NP_fibrocartilaginous	healthy_vs_degenerated_severe	HOXA7	0.0	1.0	10	0	0	0	1.0
NP_fibrocartilaginous	healthy_vs_degenerated_severe	NPAS2	0.0	1.0	6	0	0	0	1.0
NP_fibrocartilaginous	healthy_vs_degenerated_severe	DLX2	0.08333333333333333	0.1810259551686895	12	1	1	0	0.7718745588442734
NP_fibrocartilaginous	healthy_vs_degenerated_severe	PRRX1	0.0	1.0	5	0	0	0	1.0
NP_fibrocartilaginous	healthy_vs_degenerated_severe	VEZF1	0.0	1.0	6	0	0	0	1.0
NP_fibrocartilaginous	healthy_vs_degenerated_severe	CTBP2	0.0	1.0	9	0	0	0	1.0
NP_fibrocartilaginous	healthy_vs_degenerated_severe	SOX6	0.0	0.024679065330313076	15	2	1	1	0.3719896532664211
NP_fibrocartilaginous	healthy_vs_degenerated_severe	HIPK2	0.0	1.0	7	0	0	0	1.0
NP_fibrocartilaginous	healthy_vs_degenerated_severe	RORC	0.0	1.0	6	0	0	0	1.0
NP_fibrocartilaginous	healthy_vs_degenerated_severe	PPARD	0.016666666666666666	0.6323827643947819	60	1	1	0	1.0
NP_fibrocartilaginous	healthy_vs_degenerated_severe	MECOM	-0.08333333333333333	0.1810259551686895	12	1	0	1	0.7718745588442734
NP_fibrocartilaginous	healthy_vs_degenerated_severe	SIRT1	-0.02564102564102564	0.4778692283749212	39	1	0	1	1.0
NP_fibrocartilaginous	healthy_vs_degenerated_severe	ZBTB7B	0.0	1.0	12	0	0	0	1.0
NP_fibrocartilaginous	healthy_vs_degenerated_severe	ZBTB7A	0.034482758620689655	0.38306459309128094	29	1	1	0	1.0
NP_fibrocartilaginous	healthy_vs_degenerated_severe	NR6A1	0.0	1.0	5	0	0	0	1.0
NP_fibrocartilaginous	healthy_vs_degenerated_severe	STAT2	0.0	1.0	29	0	0	0	1.0
NP_fibrocartilaginous	healthy_vs_degenerated_severe	ESRRG	0.0	1.0	14	0	0	0	1.0
NP_fibrocartilaginous	healthy_vs_degenerated_severe	PRDM2	0.0	1.0	7	0	0	0	1.0
NP_fibrocartilaginous	healthy_vs_degenerated_severe	PURA	0.0	1.0	13	0	0	0	1.0
NP_fibrocartilaginous	healthy_vs_degenerated_severe	NEUROD6	0.0	1.0	8	0	0	0	1.0
NP_fibrocartilaginous	healthy_vs_degenerated_severe	NEUROG2	0.0	1.0	8	0	0	0	1.0
NP_fibrocartilaginous	healthy_vs_degenerated_severe	HMGB2	0.0	1.0	6	0	0	0	1.0
NP_fibrocartilaginous	healthy_vs_degenerated_severe	DLX3	0.1	0.153295777359774	10	1	1	0	0.7607944511492059
NP_fibrocartilaginous	healthy_vs_degenerated_severe	TWIST2	0.0	1.0	24	0	0	0	1.0
NP_fibrocartilaginous	healthy_vs_degenerated_severe	TFAP4	0.0	1.0	23	0	0	0	1.0
NP_fibrocartilaginous	healthy_vs_degenerated_severe	KAT6B	0.0	1.0	6	0	0	0	1.0
NP_fibrocartilaginous	healthy_vs_degenerated_severe	SALL3	0.0	1.0	5	0	0	0	1.0
NP_fibrocartilaginous	healthy_vs_degenerated_severe	MXI1	0.0	1.0	8	0	0	0	1.0
NP_fibrocartilaginous	healthy_vs_degenerated_severe	E2F5	-0.1111111111111111	0.1390825170276839	9	1	0	1	0.7515819608893956
NP_fibrocartilaginous	healthy_vs_degenerated_severe	E2F2	-0.06976744186046512	0.03364614478900583	43	3	0	3	0.41337971595889195
NP_fibrocartilaginous	healthy_vs_degenerated_severe	FOXD3	0.0	1.0	8	0	0	0	1.0
NP_fibrocartilaginous	healthy_vs_degenerated_severe	POU5F1	0.05	0.14076860830990306	40	2	2	0	0.7515819608893956
NP_fibrocartilaginous	healthy_vs_degenerated_severe	PLAGL1	0.0	1.0	14	0	0	0	1.0
NP_fibrocartilaginous	healthy_vs_degenerated_severe	SNAI2	-0.037037037037037035	0.36214229031753614	27	1	0	1	1.0
NP_fibrocartilaginous	healthy_vs_degenerated_severe	NOTCH1	-0.025	0.027913318877241952	40	3	1	2	0.39857622768898976
NP_fibrocartilaginous	healthy_vs_degenerated_severe	FOXC2	0.09090909090909091	0.16727565293997196	11	1	1	0	0.7607944511492059
NP_fibrocartilaginous	healthy_vs_degenerated_severe	FOXD1	0.0	1.0	5	0	0	0	1.0
NP_fibrocartilaginous	healthy_vs_degenerated_severe	KLF9	0.0	1.0	16	0	0	0	1.0
NP_fibrocartilaginous	healthy_vs_degenerated_severe	TBPL2	0.0	1.0	8	0	0	0	1.0
NP_fibrocartilaginous	healthy_vs_degenerated_severe	NFIL3	0.0	1.0	15	0	0	0	1.0
NP_fibrocartilaginous	healthy_vs_degenerated_severe	ZNF384	0.1	0.153295777359774	10	1	1	0	0.7607944511492059
NP_fibrocartilaginous	healthy_vs_degenerated_severe	HOXA11	0.0	1.0	5	0	0	0	1.0
NP_fibrocartilaginous	healthy_vs_degenerated_severe	MEF2D	0.0	1.0	17	0	0	0	1.0
NP_fibrocartilaginous	healthy_vs_degenerated_severe	SMAD5	0.038461538461538464	0.3514180313649071	26	1	1	0	1.0
NP_fibrocartilaginous	healthy_vs_degenerated_severe	MLXIPL	0.0	1.0	10	0	0	0	1.0
NP_fibrocartilaginous	healthy_vs_degenerated_severe	ZBTB33	0.0	1.0	7	0	0	0	1.0
NP_fibrocartilaginous	healthy_vs_degenerated_severe	KLF15	-0.08333333333333333	0.1810259551686895	12	1	0	1	0.7718745588442734
NP_fibrocartilaginous	healthy_vs_degenerated_severe	DNMT3A	-0.025	0.4865128340176139	40	1	0	1	1.0
NP_fibrocartilaginous	healthy_vs_degenerated_severe	DNMT3B	-0.0784313725490196	0.00979236755131905	51	4	0	4	0.22268569172258876
NP_fibrocartilaginous	healthy_vs_degenerated_severe	OLIG2	-0.3	0.00048651578886142743	10	3	0	3	0.04978678239348607
NP_fibrocartilaginous	healthy_vs_degenerated_severe	MAFG	0.0	1.0	9	0	0	0	1.0
NP_fibrocartilaginous	healthy_vs_degenerated_severe	TEF	0.0	1.0	9	0	0	0	1.0
NP_fibrocartilaginous	healthy_vs_degenerated_severe	HOXD13	0.125	0.12463199762337138	8	1	1	0	0.7219249673655663
NP_fibrocartilaginous	healthy_vs_degenerated_severe	ZKSCAN7	0.0	1.0	8	0	0	0	1.0
NP_fibrocartilaginous	healthy_vs_degenerated_severe	BACH1	0.0	1.0	14	0	0	0	1.0
NP_fibrocartilaginous	healthy_vs_degenerated_severe	TEAD4	0.0	1.0	7	0	0	0	1.0
NP_fibrocartilaginous	healthy_vs_degenerated_severe	GCM1	0.0	1.0	5	0	0	0	1.0
NP_fibrocartilaginous	healthy_vs_degenerated_severe	BHLHE41	0.0	1.0	17	0	0	0	1.0
NP_fibrocartilaginous	healthy_vs_degenerated_severe	MTA1	-0.05	0.14076860830990306	40	2	0	2	0.7515819608893956
NP_fibrocartilaginous	healthy_vs_degenerated_severe	EHF	0.0	1.0	8	0	0	0	1.0
NP_fibrocartilaginous	healthy_vs_degenerated_severe	TCF7L2	-0.013513513513513514	0.007437732826814301	74	5	2	3	0.19028199815266586
NP_fibrocartilaginous	healthy_vs_degenerated_severe	VSX2	0.0	1.0	14	0	0	0	1.0
NP_fibrocartilaginous	healthy_vs_degenerated_severe	TSC22D1	0.0	1.0	7	0	0	0	1.0
NP_fibrocartilaginous	healthy_vs_degenerated_severe	SOX5	0.1	0.153295777359774	10	1	1	0	0.7607944511492059
NP_fibrocartilaginous	healthy_vs_degenerated_severe	SOX2	0.058823529411764705	0.10777786450702255	34	2	2	0	0.7160403985161998
NP_fibrocartilaginous	healthy_vs_degenerated_severe	NKX3-2	0.0	1.0	6	0	0	0	1.0
NP_fibrocartilaginous	healthy_vs_degenerated_severe	PAX9	0.0	1.0	6	0	0	0	1.0
NP_fibrocartilaginous	healthy_vs_degenerated_severe	TCF21	0.0	1.0	6	0	0	0	1.0
NP_fibrocartilaginous	healthy_vs_degenerated_severe	HIC1	0.058823529411764705	0.24646298734204253	17	1	1	0	0.8840981334142917
NP_fibrocartilaginous	healthy_vs_degenerated_severe	ZEB2	-0.058823529411764705	0.24646298734204253	17	1	0	1	0.8840981334142917
NP_fibrocartilaginous	healthy_vs_degenerated_severe	NONO	0.09090909090909091	0.16727565293997196	11	1	1	0	0.7607944511492059
NP_fibrocartilaginous	healthy_vs_degenerated_severe	CEBPZ	0.07692307692307693	0.19455043354263915	13	1	1	0	0.7807448770926826
NP_fibrocartilaginous	healthy_vs_degenerated_severe	SIX1	0.14285714285714285	0.10994028087378206	7	1	1	0	0.7160403985161998
NP_fibrocartilaginous	healthy_vs_degenerated_severe	NFIX	0.0	1.0	15	0	0	0	1.0
NP_fibrocartilaginous	healthy_vs_degenerated_severe	MNT	0.0	1.0	8	0	0	0	1.0
NP_fibrocartilaginous	healthy_vs_degenerated_severe	HOXA1	0.0	1.0	14	0	0	0	1.0
NP_fibrocartilaginous	healthy_vs_degenerated_severe	BCL11B	-0.05555555555555555	0.25891249136380595	18	1	0	1	0.8840981334142917
NP_fibrocartilaginous	healthy_vs_degenerated_severe	RXRB	-0.14285714285714285	0.10994028087378206	7	1	0	1	0.7160403985161998
NP_fibrocartilaginous	healthy_vs_degenerated_severe	E2F6	0.0	0.10250620197605584	33	2	1	1	0.7160403985161998
NP_fibrocartilaginous	healthy_vs_degenerated_severe	HOXA13	0.0	1.0	6	0	0	0	1.0
NP_fibrocartilaginous	healthy_vs_degenerated_severe	KAT6A	0.09090909090909091	0.16727565293997196	11	1	1	0	0.7607944511492059
NP_fibrocartilaginous	healthy_vs_degenerated_severe	GFI1	0.0	1.0	32	0	0	0	1.0
NP_fibrocartilaginous	healthy_vs_degenerated_severe	RUNX3	0.0	0.1638077695592689	44	2	1	1	0.7607944511492059
NP_fibrocartilaginous	healthy_vs_degenerated_severe	GLI1	0.008849557522123894	0.2860544090310705	113	3	2	1	0.9100383789900378
NP_fibrocartilaginous	healthy_vs_degenerated_severe	KLF8	0.0	1.0	15	0	0	0	1.0
NP_fibrocartilaginous	healthy_vs_degenerated_severe	HIF3A	0.0	1.0	5	0	0	0	1.0
NP_fibrocartilaginous	healthy_vs_degenerated_severe	MEOX2	0.0	1.0	6	0	0	0	1.0
NP_fibrocartilaginous	healthy_vs_degenerated_severe	JARID2	0.0	1.0	10	0	0	0	1.0
NP_fibrocartilaginous	healthy_vs_degenerated_severe	NFYC	-0.05555555555555555	0.25891249136380595	18	1	0	1	0.8840981334142917
NP_fibrocartilaginous	healthy_vs_degenerated_severe	GFI1B	0.0	1.0	9	0	0	0	1.0
NP_fibrocartilaginous	healthy_vs_degenerated_severe	ASCL2	0.0	1.0	5	0	0	0	1.0
NP_fibrocartilaginous	healthy_vs_degenerated_severe	MSC	0.07692307692307693	0.19455043354263915	13	1	1	0	0.7807448770926826
NP_fibrocartilaginous	healthy_vs_degenerated_severe	HOXB9	0.0	1.0	5	0	0	0	1.0
NP_fibrocartilaginous	healthy_vs_degenerated_severe	HLX	0.0	1.0	12	0	0	0	1.0
NP_fibrocartilaginous	healthy_vs_degenerated_severe	RCOR2	0.0	1.0	12	0	0	0	1.0
NP_fibrocartilaginous	healthy_vs_degenerated_severe	NKX2-2	0.1111111111111111	0.1390825170276839	9	1	1	0	0.7515819608893956
NP_fibrocartilaginous	healthy_vs_degenerated_severe	ARID4A	0.0	1.0	6	0	0	0	1.0
NP_fibrocartilaginous	healthy_vs_degenerated_severe	HINFP	0.0	1.0	9	0	0	0	1.0
NP_fibrocartilaginous	healthy_vs_degenerated_severe	SMARCC1	0.0	1.0	6	0	0	0	1.0
NP_fibrocartilaginous	healthy_vs_degenerated_severe	KAT2B	0.0	1.0	12	0	0	0	1.0
NP_fibrocartilaginous	healthy_vs_degenerated_severe	HDGF	0.0	1.0	5	0	0	0	1.0
NP_fibrocartilaginous	healthy_vs_degenerated_severe	EP300	-0.023809523809523808	0.503375424322073	42	1	0	1	1.0
NP_fibrocartilaginous	healthy_vs_degenerated_severe	TRPS1	-0.08333333333333333	0.1810259551686895	12	1	0	1	0.7718745588442734
NP_fibrocartilaginous	healthy_vs_degenerated_severe	CTNNB1	0.005	0.005899351901931437	200	9	5	4	0.1669378180163797
NP_fibrocartilaginous	healthy_vs_degenerated_severe	PML	0.0	1.0	15	0	0	0	1.0
NP_fibrocartilaginous	healthy_vs_degenerated_severe	KLF7	0.0	1.0	8	0	0	0	1.0
NP_fibrocartilaginous	healthy_vs_degenerated_severe	PROP1	0.0	1.0	6	0	0	0	1.0
NP_fibrocartilaginous	healthy_vs_degenerated_severe	LMO2	0.0	1.0	18	0	0	0	1.0
NP_fibrocartilaginous	healthy_vs_degenerated_severe	MEOX1	0.0	1.0	6	0	0	0	1.0
NP_fibrocartilaginous	healthy_vs_degenerated_severe	FOXL2	0.0	1.0	13	0	0	0	1.0
NP_fibrocartilaginous	healthy_vs_degenerated_severe	HTATIP2	0.0	1.0	11	0	0	0	1.0
NP_fibrocartilaginous	healthy_vs_degenerated_severe	EZH2	0.0	0.47755639077301176	97	2	1	1	1.0
NP_fibrocartilaginous	healthy_vs_degenerated_severe	GLI2	-0.0297029702970297	0.001382691333641243	101	7	2	5	0.0943302754284137
NP_fibrocartilaginous	healthy_vs_degenerated_severe	TCF7	0.0	1.0	12	0	0	0	1.0
NP_fibrocartilaginous	healthy_vs_degenerated_severe	FOXC1	0.1111111111111111	0.1390825170276839	9	1	1	0	0.7515819608893956
NP_fibrocartilaginous	healthy_vs_degenerated_severe	HOXB13	0.0	1.0	8	0	0	0	1.0
NP_fibrocartilaginous	healthy_vs_degenerated_severe	ABL1	0.0	1.0	10	0	0	0	1.0
NP_fibrocartilaginous	healthy_vs_degenerated_severe	TBX3	-0.09090909090909091	0.16727565293997196	11	1	0	1	0.7607944511492059
NP_fibrocartilaginous	healthy_vs_degenerated_severe	NFKBIZ	0.0	1.0	5	0	0	0	1.0
NP_fibrocartilaginous	healthy_vs_degenerated_severe	PLAGL2	0.0	1.0	5	0	0	0	1.0
NP_fibrocartilaginous	healthy_vs_degenerated_severe	TET1	0.0	1.0	9	0	0	0	1.0
NP_fibrocartilaginous	healthy_vs_degenerated_severe	FOXH1	-0.14285714285714285	0.10994028087378206	7	1	0	1	0.7160403985161998
NP_fibrocartilaginous	healthy_vs_degenerated_severe	FOXP3	0.0	1.0	27	0	0	0	1.0
NP_fibrocartilaginous	healthy_vs_degenerated_severe	CREB3L1	0.0	1.0	7	0	0	0	1.0
NP_fibrocartilaginous	healthy_vs_degenerated_severe	TFDP3	0.2	0.07981717616783429	5	1	1	0	0.7001106595292894
NP_fibrocartilaginous	healthy_vs_degenerated_severe	SP7	0.08333333333333333	0.05892108856135684	24	2	2	0	0.6237508340805706
NP_fibrocartilaginous	healthy_vs_degenerated_severe	OVOL1	0.0	1.0	8	0	0	0	1.0
NP_fibrocartilaginous	healthy_vs_degenerated_severe	ZNF436	0.0	1.0	5	0	0	0	1.0
NP_fibrocartilaginous	healthy_vs_degenerated_severe	ATF7	0.0	1.0	5	0	0	0	1.0
NP_fibrocartilaginous	healthy_vs_degenerated_severe	SCX	0.0	1.0	8	0	0	0	1.0
NP_fibrocartilaginous	healthy_vs_degenerated_severe	NANOG	0.0	0.0015912774405580988	31	4	2	2	0.09770443485026727
NP_fibrocartilaginous	healthy_vs_degenerated_severe	ARX	0.0	1.0	13	0	0	0	1.0
NP_fibrocartilaginous	healthy_vs_degenerated_severe	VHL	0.05	0.2832011267894229	20	1	1	0	0.9100383789900378
NP_fibrocartilaginous	healthy_vs_degenerated_severe	SOX4	0.0	1.0	18	0	0	0	1.0
NP_fibrocartilaginous	healthy_vs_degenerated_severe	ATF5	0.047619047619047616	0.295046890425519	21	1	1	0	0.9245874757230697
NP_fibrocartilaginous	healthy_vs_degenerated_severe	CTCFL	-0.16666666666666666	0.09500336350347575	6	1	0	1	0.7160403985161998
NP_fibrocartilaginous	healthy_vs_degenerated_severe	SP6	0.0	1.0	5	0	0	0	1.0
NP_fibrocartilaginous	healthy_vs_degenerated_severe	SMARCA5	0.0	1.0	8	0	0	0	1.0
NP_fibrocartilaginous	healthy_vs_degenerated_severe	EOMES	0.0	1.0	8	0	0	0	1.0
NP_fibrocartilaginous	healthy_vs_degenerated_severe	ESRRB	0.0	1.0	5	0	0	0	1.0
NP_fibrocartilaginous	healthy_vs_degenerated_severe	ZXDC	0.0	1.0	5	0	0	0	1.0
NP_fibrocartilaginous	healthy_vs_degenerated_severe	NR2E1	0.0	1.0	10	0	0	0	1.0
NP_fibrocartilaginous	healthy_vs_degenerated_severe	ZFP42	0.0	1.0	12	0	0	0	1.0
NP_fibrocartilaginous	healthy_vs_degenerated_severe	KMT2B	0.0	1.0	11	0	0	0	1.0
NP_fibrocartilaginous	healthy_vs_degenerated_severe	NFIB	0.0	1.0	14	0	0	0	1.0
NP_fibrocartilaginous	healthy_vs_degenerated_severe	EN1	-0.2	0.07981717616783429	5	1	0	1	0.7001106595292894
NP_fibrocartilaginous	healthy_vs_degenerated_severe	MTA3	0.0	1.0	9	0	0	0	1.0
NP_fibrocartilaginous	healthy_vs_degenerated_severe	TBX18	0.14285714285714285	0.10994028087378206	7	1	1	0	0.7160403985161998
NP_fibrocartilaginous	healthy_vs_degenerated_severe	EGR4	0.0	1.0	9	0	0	0	1.0
NP_fibrocartilaginous	healthy_vs_degenerated_severe	HSF4	0.0	1.0	8	0	0	0	1.0
NP_fibrocartilaginous	healthy_vs_degenerated_severe	BCLAF1	0.0	1.0	5	0	0	0	1.0
NP_fibrocartilaginous	healthy_vs_degenerated_severe	KDM5C	0.0	1.0	10	0	0	0	1.0
NP_fibrocartilaginous	healthy_vs_degenerated_severe	FOSL2	0.045454545454545456	0.30669794981005877	22	1	1	0	0.9510734403200813
NP_fibrocartilaginous	healthy_vs_degenerated_severe	MED1	-0.2222222222222222	0.009027842388870574	9	2	0	2	0.21841360222969877
NP_fibrocartilaginous	healthy_vs_degenerated_severe	LYL1	0.0	1.0	12	0	0	0	1.0
NP_fibrocartilaginous	healthy_vs_degenerated_severe	HOXD1	0.0	1.0	5	0	0	0	1.0
NP_fibrocartilaginous	healthy_vs_degenerated_severe	SALL4	0.14285714285714285	0.10994028087378206	7	1	1	0	0.7160403985161998
NP_fibrocartilaginous	healthy_vs_degenerated_severe	KDM5B	0.0	1.0	20	0	0	0	1.0
NP_fibrocartilaginous	healthy_vs_degenerated_severe	TADA2A	0.0	1.0	6	0	0	0	1.0
NP_fibrocartilaginous	healthy_vs_degenerated_severe	SATB2	0.0	1.0	17	0	0	0	1.0
NP_fibrocartilaginous	healthy_vs_degenerated_severe	NSD2	0.0	1.0	6	0	0	0	1.0
NP_fibrocartilaginous	healthy_vs_degenerated_severe	PBRM1	0.0	1.0	7	0	0	0	1.0
NP_fibrocartilaginous	healthy_vs_degenerated_severe	ZBTB4	0.0	1.0	12	0	0	0	1.0
NP_fibrocartilaginous	healthy_vs_degenerated_severe	THAP11	0.0	1.0	6	0	0	0	1.0
NP_fibrocartilaginous	healthy_vs_degenerated_severe	FOXJ1	-0.125	0.12463199762337138	8	1	0	1	0.7219249673655663
NP_fibrocartilaginous	healthy_vs_degenerated_severe	PPARGC1A	0.0	1.0	18	0	0	0	1.0
NP_fibrocartilaginous	healthy_vs_degenerated_severe	BATF	0.0	1.0	7	0	0	0	1.0
NP_fibrocartilaginous	healthy_vs_degenerated_severe	ARID3B	0.0	1.0	5	0	0	0	1.0
NP_fibrocartilaginous	healthy_vs_degenerated_severe	ZNF300	0.0	1.0	5	0	0	0	1.0
NP_fibrocartilaginous	healthy_vs_degenerated_severe	NUPR1	0.0	1.0	6	0	0	0	1.0
NP_fibrocartilaginous	healthy_vs_degenerated_severe	ZNF331	0.0	1.0	17	0	0	0	1.0
NP_fibrocartilaginous	healthy_vs_degenerated_severe	ZNF382	0.0	1.0	11	0	0	0	1.0
NP_fibrocartilaginous	healthy_vs_degenerated_severe	HOXD8	0.0	1.0	5	0	0	0	1.0
NP_fibrocartilaginous	healthy_vs_degenerated_severe	LHX8	0.14285714285714285	0.10994028087378206	7	1	1	0	0.7160403985161998
NP_fibrocartilaginous	healthy_vs_degenerated_severe	IRX1	0.0	1.0	11	0	0	0	1.0
NP_fibrocartilaginous	healthy_vs_degenerated_severe	SOX11	0.0	1.0	7	0	0	0	1.0
NP_fibrocartilaginous	healthy_vs_degenerated_severe	IRF6	0.0	1.0	10	0	0	0	1.0
NP_fibrocartilaginous	healthy_vs_degenerated_severe	E2F7	0.2	0.07981717616783429	5	1	1	0	0.7001106595292894
NP_fibrocartilaginous	healthy_vs_degenerated_severe	HEYL	0.0	1.0	5	0	0	0	1.0
NP_fibrocartilaginous	healthy_vs_degenerated_severe	MECP2	0.0	1.0	17	0	0	0	1.0
NP_fibrocartilaginous	healthy_vs_degenerated_severe	MAML1	0.0	1.0	5	0	0	0	1.0
NP_fibrocartilaginous	healthy_vs_degenerated_severe	DOT1L	0.0	1.0	8	0	0	0	1.0
NP_fibrocartilaginous	healthy_vs_degenerated_severe	ARID3A	-0.16666666666666666	0.09500336350347575	6	1	0	1	0.7160403985161998
NP_fibrocartilaginous	healthy_vs_degenerated_severe	ARID1A	0.0	1.0	5	0	0	0	1.0
NP_fibrocartilaginous	healthy_vs_degenerated_severe	ZBTB18	0.0	1.0	6	0	0	0	1.0
NP_fibrocartilaginous	healthy_vs_degenerated_severe	TCF15	0.0	1.0	5	0	0	0	1.0
NP_fibrocartilaginous	healthy_vs_degenerated_severe	NPM1	0.0	1.0	11	0	0	0	1.0
NP_fibrocartilaginous	healthy_vs_degenerated_severe	SETBP1	0.0	1.0	5	0	0	0	1.0
NP_fibrocartilaginous	healthy_vs_degenerated_severe	KDM2A	0.0	1.0	8	0	0	0	1.0
NP_fibrocartilaginous	healthy_vs_degenerated_severe	MKX	0.0	1.0	6	0	0	0	1.0
NP_fibrocartilaginous	healthy_vs_degenerated_severe	HDAC3	0.0	1.0	14	0	0	0	1.0
NP_fibrocartilaginous	healthy_vs_degenerated_severe	BTG2	0.0	1.0	6	0	0	0	1.0
NP_fibrocartilaginous	healthy_vs_degenerated_severe	CREB5	0.0	1.0	9	0	0	0	1.0
NP_fibrocartilaginous	healthy_vs_degenerated_severe	CTBP1	0.0	1.0	8	0	0	0	1.0
NP_fibrocartilaginous	healthy_vs_degenerated_severe	HDAC1	0.03389830508474576	0.2542712134225493	59	2	2	0	0.8840981334142917
NP_fibrocartilaginous	healthy_vs_degenerated_severe	HCFC1	-0.2857142857142857	0.005381859281638074	7	2	0	2	0.1669378180163797
NP_fibrocartilaginous	healthy_vs_degenerated_severe	ETV7	0.0	1.0	8	0	0	0	1.0
NP_fibrocartilaginous	healthy_vs_degenerated_severe	FHL2	0.0	1.0	6	0	0	0	1.0
NP_fibrocartilaginous	healthy_vs_degenerated_severe	HDAC4	0.0	1.0	16	0	0	0	1.0
NP_fibrocartilaginous	healthy_vs_degenerated_severe	HDAC7	0.0	1.0	10	0	0	0	1.0
NP_fibrocartilaginous	healthy_vs_degenerated_severe	HDAC9	0.0	1.0	14	0	0	0	1.0
NP_fibrocartilaginous	healthy_vs_degenerated_severe	ING4	0.0	1.0	14	0	0	0	1.0
NP_fibrocartilaginous	healthy_vs_degenerated_severe	SIN3A	0.125	0.12463199762337138	8	1	1	0	0.7219249673655663
NP_fibrocartilaginous	healthy_vs_degenerated_severe	SMARCA4	0.0	1.0	7	0	0	0	1.0
NP_fibrocartilaginous	healthy_vs_degenerated_severe	WWTR1	0.0	1.0	8	0	0	0	1.0
NP_fibrocartilaginous	healthy_vs_degenerated_severe	PIN1	0.0	1.0	5	0	0	0	1.0
NP_fibrocartilaginous	healthy_vs_degenerated_severe	FGF2	0.125	0.12463199762337138	8	1	1	0	0.7219249673655663
NP_fibrocartilaginous	healthy_vs_degenerated_severe	PARK7	0.0	1.0	6	0	0	0	1.0
NP_fibrocartilaginous	healthy_vs_degenerated_severe	YAP1	0.0	1.0	8	0	0	0	1.0
NP_fibrocartilaginous	healthy_vs_degenerated_severe	BCOR	0.0	1.0	5	0	0	0	1.0
NP_fibrocartilaginous	healthy_vs_degenerated_severe	BRD4	0.125	0.12463199762337138	8	1	1	0	0.7219249673655663
NP_fibrocartilaginous	healthy_vs_degenerated_severe	SRSF2	-0.08333333333333333	0.0008704872263791661	12	3	1	2	0.066809894624601
NP_fibrocartilaginous	healthy_vs_degenerated_severe	ZMYND8	0.0	1.0	6	0	0	0	1.0
NP_fibrocartilaginous	healthy_vs_degenerated_severe	ARID4B	0.0	1.0	8	0	0	0	1.0
NP_fibrocartilaginous	healthy_vs_degenerated_severe	AP1	0.009174311926605505	0.2951451876901004	327	7	5	2	0.9245874757230697
NP_fibrocartilaginous	healthy_vs_degenerated_severe	NFKB	0.006263048016701462	0.0023938966095513837	479	17	10	7	0.11306557832804229
NP_fibrocartilaginous	mild_vs_severe	MYC	-0.020558002936857563	0.02269644665598268	681	28	7	21	0.1720446697132514
NP_fibrocartilaginous	mild_vs_severe	SPI1	0.03468208092485549	0.3450355909640172	173	6	6	0	0.7305236305238157
NP_fibrocartilaginous	mild_vs_severe	SMAD3	0.018867924528301886	0.07330366476628891	106	6	4	2	0.36592235907724713
NP_fibrocartilaginous	mild_vs_severe	SMAD4	0.01282051282051282	0.36623635848861935	78	3	2	1	0.7648609663673887
NP_fibrocartilaginous	mild_vs_severe	STAT5A	-0.016260162601626018	0.12548413501184927	123	6	2	4	0.49578742972484147
NP_fibrocartilaginous	mild_vs_severe	STAT5B	0.0	0.10050592748598115	64	4	2	2	0.43458196814360867
NP_fibrocartilaginous	mild_vs_severe	RELA	0.028125	0.0324250743757354	320	15	12	3	0.22369658052473637
NP_fibrocartilaginous	mild_vs_severe	WT1	0.04395604395604396	0.24382727192506415	91	4	4	0	0.6104010744312995
NP_fibrocartilaginous	mild_vs_severe	NR0B2	0.0	1.0	65	0	0	0	1.0
NP_fibrocartilaginous	mild_vs_severe	SP1	0.0	0.018968101549498864	791	32	16	16	0.15543869226083143
NP_fibrocartilaginous	mild_vs_severe	TP53	0.03840682788051209	9.763471417524225e-14	703	57	42	15	5.994771450359875e-11
NP_fibrocartilaginous	mild_vs_severe	ZBTB16	0.05714285714285714	0.25207702808145455	35	2	2	0	0.6221102455710744
NP_fibrocartilaginous	mild_vs_severe	ETV6	0.0	0.0010249163308167838	17	4	2	2	0.02736080987484805
NP_fibrocartilaginous	mild_vs_severe	RUNX1	-0.008849557522123894	0.20296042829984845	113	5	2	3	0.5613410043968782
NP_fibrocartilaginous	mild_vs_severe	STAT1	0.04390243902439024	0.11535033768232845	205	9	9	0	0.4721673822463312
NP_fibrocartilaginous	mild_vs_severe	STAT3	0.011494252873563218	0.0009360461045937917	261	17	10	7	0.02736080987484805
NP_fibrocartilaginous	mild_vs_severe	ETV4	0.05	0.3036612138717501	40	2	2	0	0.6772891943380792
NP_fibrocartilaginous	mild_vs_severe	MTF1	-0.04	0.5042160885766221	25	1	0	1	0.9186607667241722
NP_fibrocartilaginous	mild_vs_severe	CREB1	0.030303030303030304	0.015034656323635124	264	14	11	3	0.13378665192336184
NP_fibrocartilaginous	mild_vs_severe	FOXA2	0.045454545454545456	0.34449266425081776	44	2	2	0	0.7305236305238157
NP_fibrocartilaginous	mild_vs_severe	NFATC2	0.020833333333333332	0.7403782936254064	48	1	1	0	1.0
NP_fibrocartilaginous	mild_vs_severe	CEBPB	0.01195219123505976	0.022274441124528643	251	13	8	5	0.17095633563075732
NP_fibrocartilaginous	mild_vs_severe	FOS	0.05154639175257732	0.0009843447892703215	194	14	12	2	0.02736080987484805
NP_fibrocartilaginous	mild_vs_severe	PLAG1	0.14285714285714285	0.17822577392662636	7	1	1	0	0.5554854070606526
NP_fibrocartilaginous	mild_vs_severe	E2F1	-0.07114624505928854	2.3684034223735894e-05	253	20	1	19	0.0016157774459304268
NP_fibrocartilaginous	mild_vs_severe	E2F3	-0.11864406779661017	3.1229331341843186e-05	59	9	1	8	0.0019174809443891715
NP_fibrocartilaginous	mild_vs_severe	HBP1	0.06666666666666667	0.20078771577545027	30	2	2	0	0.5613410043968782
NP_fibrocartilaginous	mild_vs_severe	YY1	-0.006329113924050633	0.1481074994590641	158	7	3	4	0.5286394581438097
NP_fibrocartilaginous	mild_vs_severe	ESR1	0.002570694087403599	7.69705533326919e-05	389	25	13	12	0.004296356340570257
NP_fibrocartilaginous	mild_vs_severe	JUN	0.02349869451697128	7.573140418471822e-06	383	27	18	9	0.0007749847028236164
NP_fibrocartilaginous	mild_vs_severe	NR1I3	-0.037037037037037035	0.531310187049085	27	1	0	1	0.9594836907298181
NP_fibrocartilaginous	mild_vs_severe	CEBPG	0.010416666666666666	0.12666143241478722	96	5	3	2	0.49578742972484147
NP_fibrocartilaginous	mild_vs_severe	MAFK	-0.125	0.07084856914514204	16	2	0	2	0.3595125740092332
NP_fibrocartilaginous	mild_vs_severe	STAT4	0.0	1.0	13	0	0	0	1.0
NP_fibrocartilaginous	mild_vs_severe	IRF1	0.07526881720430108	0.014399875181278918	93	7	7	0	0.1317515774054805
NP_fibrocartilaginous	mild_vs_severe	ATF2	-0.04938271604938271	0.18566740492022613	81	4	0	4	0.5613410043968782
NP_fibrocartilaginous	mild_vs_severe	NR2C2	0.0	1.0	34	0	0	0	1.0
NP_fibrocartilaginous	mild_vs_severe	IRF3	0.0392156862745098	0.4138493790804695	51	2	2	0	0.8170531149691584
NP_fibrocartilaginous	mild_vs_severe	TFAP2A	0.01098901098901099	0.0005240260378158807	182	14	8	6	0.020331231507271535
NP_fibrocartilaginous	mild_vs_severe	HNF1A	0.04878048780487805	0.313925079393966	41	2	2	0	0.6933453192370329
NP_fibrocartilaginous	mild_vs_severe	ETS1	0.03225806451612903	0.02160535029871012	124	8	6	2	0.17095633563075732
NP_fibrocartilaginous	mild_vs_severe	ARNT	0.023809523809523808	0.6926097056267388	42	1	1	0	1.0
NP_fibrocartilaginous	mild_vs_severe	AHR	-0.010526315789473684	0.12265743381834156	95	5	2	3	0.4922331004213184
NP_fibrocartilaginous	mild_vs_severe	PAX6	0.0	0.16919610170937877	78	4	2	2	0.5554854070606526
NP_fibrocartilaginous	mild_vs_severe	NFYA	-0.07042253521126761	0.0033715711220686753	71	7	1	6	0.057504018581949076
NP_fibrocartilaginous	mild_vs_severe	ZNF148	0.09523809523809523	0.11343504604704277	21	2	2	0	0.4721673822463312
NP_fibrocartilaginous	mild_vs_severe	NFIC	-0.022222222222222223	0.717498568476959	45	1	0	1	1.0
NP_fibrocartilaginous	mild_vs_severe	RBPJ	-0.012048192771084338	0.4038551165057517	83	3	1	2	0.8103498089363775
NP_fibrocartilaginous	mild_vs_severe	HES1	-0.018867924528301886	0.77447968806506	53	1	0	1	1.0
NP_fibrocartilaginous	mild_vs_severe	GATA4	0.017241379310344827	0.21575124673700807	58	3	2	1	0.5828104460977183
NP_fibrocartilaginous	mild_vs_severe	GATA6	0.05714285714285714	0.25207702808145455	35	2	2	0	0.6221102455710744
NP_fibrocartilaginous	mild_vs_severe	HNF4A	0.016	0.4556636873076786	125	4	3	1	0.8582132024751983
NP_fibrocartilaginous	mild_vs_severe	RARA	0.01	0.1432623693569625	100	5	3	2	0.5267251184741016
NP_fibrocartilaginous	mild_vs_severe	DBP	0.0	1.0	19	0	0	0	1.0
NP_fibrocartilaginous	mild_vs_severe	HLF	-0.09090909090909091	0.002926782404088015	11	3	1	2	0.05285424694441297
NP_fibrocartilaginous	mild_vs_severe	PPARG	-0.03398058252427184	0.0047553799163242046	206	13	3	10	0.07121471386885517
NP_fibrocartilaginous	mild_vs_severe	MAX	0.030303030303030304	0.6040523481857905	33	1	1	0	1.0
NP_fibrocartilaginous	mild_vs_severe	USF2	-0.015625	0.8345965942474423	64	1	0	1	1.0
NP_fibrocartilaginous	mild_vs_severe	IRF2	0.0	1.0	31	0	0	0	1.0
NP_fibrocartilaginous	mild_vs_severe	SP3	0.007782101167315175	0.7191681258879028	257	6	4	2	1.0
NP_fibrocartilaginous	mild_vs_severe	AR	0.005813953488372093	0.09601154591426712	344	14	8	6	0.42410855533352526
NP_fibrocartilaginous	mild_vs_severe	CUX1	-0.02702702702702703	0.016336271423235533	74	6	2	4	0.14329243791238025
NP_fibrocartilaginous	mild_vs_severe	ATF1	0.0	0.07988790596186217	59	4	2	2	0.37159980500441947
NP_fibrocartilaginous	mild_vs_severe	KAT7	0.0	0.06864410258116065	56	4	2	2	0.3571820252951919
NP_fibrocartilaginous	mild_vs_severe	CREBZF	0.0	1.0	11	0	0	0	1.0
NP_fibrocartilaginous	mild_vs_severe	GLI3	0.04	0.5042160885766221	25	1	1	0	0.9186607667241722
NP_fibrocartilaginous	mild_vs_severe	NKX2-5	-0.03125	0.05753674653512	32	3	1	2	0.31826632768075386
NP_fibrocartilaginous	mild_vs_severe	TGFB1I1	0.0	1.0	11	0	0	0	1.0
NP_fibrocartilaginous	mild_vs_severe	RARB	0.03225806451612903	0.5811503210002139	31	1	1	0	1.0
NP_fibrocartilaginous	mild_vs_severe	RARG	0.05	0.42945480991737733	20	1	1	0	0.8318146791459611
NP_fibrocartilaginous	mild_vs_severe	TEAD1	0.0	0.055689753582802565	14	2	1	1	0.3108500790894616
NP_fibrocartilaginous	mild_vs_severe	PPARA	0.0	0.24437173481396554	152	6	3	3	0.6104010744312995
NP_fibrocartilaginous	mild_vs_severe	ESR2	0.00819672131147541	0.006671386298684311	122	9	5	4	0.09080233058915492
NP_fibrocartilaginous	mild_vs_severe	NR3C1	-0.00625	0.1549757369151234	160	7	3	4	0.5286394581438097
NP_fibrocartilaginous	mild_vs_severe	PGR	0.011904761904761904	0.4113077480685364	84	3	2	1	0.8170531149691584
NP_fibrocartilaginous	mild_vs_severe	NRG1	0.0	1.0	26	0	0	0	1.0
NP_fibrocartilaginous	mild_vs_severe	TBP	-0.02912621359223301	0.023911866354068435	103	7	2	5	0.17421260351828102
NP_fibrocartilaginous	mild_vs_severe	REL	0.029850746268656716	0.010320163818383172	67	6	4	2	0.10739090841038078
NP_fibrocartilaginous	mild_vs_severe	ISL1	0.0	1.0	10	0	0	0	1.0
NP_fibrocartilaginous	mild_vs_severe	ZBTB14	0.0	1.0	5	0	0	0	1.0
NP_fibrocartilaginous	mild_vs_severe	MYB	-0.037383177570093455	0.0007395780076123097	107	10	3	7	0.024711012475323185
NP_fibrocartilaginous	mild_vs_severe	PITX1	0.0	0.07887249445286924	17	2	1	1	0.37159980500441947
NP_fibrocartilaginous	mild_vs_severe	EGR1	0.03524229074889868	0.004234166466322619	227	14	11	3	0.06529263890209581
NP_fibrocartilaginous	mild_vs_severe	MYOD1	0.03571428571428571	0.4113077480685364	84	3	3	0	0.8170531149691584
NP_fibrocartilaginous	mild_vs_severe	ETS2	0.04411764705882353	0.002636400102078032	68	7	5	2	0.04905302008108823
NP_fibrocartilaginous	mild_vs_severe	GTF2I	-0.1111111111111111	0.08716341958999137	18	2	0	2	0.39643214539447924
NP_fibrocartilaginous	mild_vs_severe	NR2F1	0.047619047619047616	0.44525579811089416	21	1	1	0	0.8463995666875821
NP_fibrocartilaginous	mild_vs_severe	ENO1	0.08333333333333333	0.2857868422863664	12	1	1	0	0.6523164355532676
NP_fibrocartilaginous	mild_vs_severe	JDP2	0.03571428571428571	0.5442985927323513	28	1	1	0	0.9743420872818183
NP_fibrocartilaginous	mild_vs_severe	MAZ	0.047619047619047616	0.44525579811089416	21	1	1	0	0.8463995666875821
NP_fibrocartilaginous	mild_vs_severe	NR4A1	0.017543859649122806	0.20852498695964253	57	3	2	1	0.5741450313597333
NP_fibrocartilaginous	mild_vs_severe	HMGA1	0.0	0.02202494928088426	39	4	2	2	0.17095633563075732
NP_fibrocartilaginous	mild_vs_severe	NFKB1	0.03829787234042553	0.013645252863669568	235	13	11	2	0.1317515774054805
NP_fibrocartilaginous	mild_vs_severe	USF1	0.0	0.4495340145288782	124	4	2	2	0.8518947065454667
NP_fibrocartilaginous	mild_vs_severe	DDIT3	0.04285714285714286	0.30541660964085043	70	3	3	0	0.6772891943380792
NP_fibrocartilaginous	mild_vs_severe	ATF4	0.047619047619047616	0.20263406431055211	84	4	4	0	0.5613410043968782
NP_fibrocartilaginous	mild_vs_severe	ATF3	0.0136986301369863	0.05114745019881638	73	5	3	2	0.2935003217016192
NP_fibrocartilaginous	mild_vs_severe	TAF1	-0.02857142857142857	0.6257060104966576	35	1	0	1	1.0
NP_fibrocartilaginous	mild_vs_severe	RUNX2	-0.04938271604938271	0.0017377410305570453	81	8	2	6	0.03556576642540086
NP_fibrocartilaginous	mild_vs_severe	TFAP2B	0.16666666666666666	0.04187341901195229	12	2	2	0	0.2623497885034562
NP_fibrocartilaginous	mild_vs_severe	CREM	0.023255813953488372	0.1152385747731149	43	3	2	1	0.4721673822463312
NP_fibrocartilaginous	mild_vs_severe	IRF8	-0.023809523809523808	0.6926097056267388	42	1	0	1	1.0
NP_fibrocartilaginous	mild_vs_severe	ETV5	0.3333333333333333	0.010615025547115159	6	2	2	0	0.10739090841038078
NP_fibrocartilaginous	mild_vs_severe	DMTF1	0.07692307692307693	0.3055522912567556	13	1	1	0	0.6772891943380792
NP_fibrocartilaginous	mild_vs_severe	NR5A1	0.0	1.0	44	0	0	0	1.0
NP_fibrocartilaginous	mild_vs_severe	NEUROD2	0.0	1.0	8	0	0	0	1.0
NP_fibrocartilaginous	mild_vs_severe	NEUROD1	0.0	1.0	25	0	0	0	1.0
NP_fibrocartilaginous	mild_vs_severe	HHEX	-0.13333333333333333	0.06311339917636014	15	2	0	2	0.33697067038508804
NP_fibrocartilaginous	mild_vs_severe	FOXO3	0.03225806451612903	0.0003612392249366932	155	13	9	4	0.017061606470086896
NP_fibrocartilaginous	mild_vs_severe	MBD1	-0.1	0.2445580851956021	10	1	0	1	0.6104010744312995
NP_fibrocartilaginous	mild_vs_severe	CEBPD	0.0	0.04587984580066794	49	4	2	2	0.2761786796236286
NP_fibrocartilaginous	mild_vs_severe	ELK1	0.023255813953488372	0.7011397793037333	43	1	1	0	1.0
NP_fibrocartilaginous	mild_vs_severe	FLI1	0.0	0.006075386059637525	60	6	3	3	0.08675086140970792
NP_fibrocartilaginous	mild_vs_severe	ELK4	0.0	1.0	6	0	0	0	1.0
NP_fibrocartilaginous	mild_vs_severe	PREB	0.0	1.0	8	0	0	0	1.0
NP_fibrocartilaginous	mild_vs_severe	POU1F1	0.0	1.0	27	0	0	0	1.0
NP_fibrocartilaginous	mild_vs_severe	PAX5	0.027777777777777776	0.07650741714112283	36	3	2	1	0.37159980500441947
NP_fibrocartilaginous	mild_vs_severe	CEBPA	0.008928571428571428	0.1980937179146465	112	5	3	2	0.5613410043968782
NP_fibrocartilaginous	mild_vs_severe	LITAF	0.05	0.42945480991737733	20	1	1	0	0.8318146791459611
NP_fibrocartilaginous	mild_vs_severe	STAT6	0.0	0.4793828176364473	58	2	1	1	0.8892478852833192
NP_fibrocartilaginous	mild_vs_severe	HIF1A	-0.006514657980456026	0.14415048939955283	307	12	5	7	0.5268357172102704
NP_fibrocartilaginous	mild_vs_severe	TP73	0.06	1.9137799280636224e-05	100	12	9	3	0.0014688260947888301
NP_fibrocartilaginous	mild_vs_severe	KLF11	-0.058823529411764705	0.37930943955332025	17	1	0	1	0.7763199862857955
NP_fibrocartilaginous	mild_vs_severe	TCF4	-0.03225806451612903	0.053191546547796884	31	3	1	2	0.30240379241062304
NP_fibrocartilaginous	mild_vs_severe	HIVEP2	0.0	1.0	8	0	0	0	1.0
NP_fibrocartilaginous	mild_vs_severe	E2F4	-0.09395973154362416	1.1552278914396985e-10	149	22	4	18	3.5465496267198746e-08
NP_fibrocartilaginous	mild_vs_severe	GATA5	0.0	1.0	8	0	0	0	1.0
NP_fibrocartilaginous	mild_vs_severe	SRF	-0.03333333333333333	0.08382710804654861	60	4	1	3	0.3869913108314349
NP_fibrocartilaginous	mild_vs_severe	ELF1	0.022727272727272728	0.7094338982584525	44	1	1	0	1.0
NP_fibrocartilaginous	mild_vs_severe	GATA3	0.0	0.006802780467591411	101	8	4	4	0.09080233058915492
NP_fibrocartilaginous	mild_vs_severe	MSX1	0.07142857142857142	0.32477248646244417	14	1	1	0	0.7021489672110589
NP_fibrocartilaginous	mild_vs_severe	OTX2	-0.06666666666666667	0.007436057224678211	15	3	1	2	0.09345346770987832
NP_fibrocartilaginous	mild_vs_severe	LHX2	0.058823529411764705	0.37930943955332025	17	1	1	0	0.7763199862857955
NP_fibrocartilaginous	mild_vs_severe	GABPA	0.0	0.1510441598954515	25	2	1	1	0.5286394581438097
NP_fibrocartilaginous	mild_vs_severe	HSF2	0.0	1.0	19	0	0	0	1.0
NP_fibrocartilaginous	mild_vs_severe	VDR	0.0375	0.3813458501212158	80	3	3	0	0.7778948570578953
NP_fibrocartilaginous	mild_vs_severe	HOXC8	0.08333333333333333	0.2857868422863664	12	1	1	0	0.6523164355532676
NP_fibrocartilaginous	mild_vs_severe	HR	0.058823529411764705	0.16649802547360307	51	3	3	0	0.5525934467069853
NP_fibrocartilaginous	mild_vs_severe	RELB	0.06451612903225806	0.21096676192908143	31	2	2	0	0.5782749635020357
NP_fibrocartilaginous	mild_vs_severe	CEBPE	0.0	1.0	17	0	0	0	1.0
NP_fibrocartilaginous	mild_vs_severe	NR0B1	-0.045454545454545456	0.4606205803099661	22	1	0	1	0.8622592570436561
NP_fibrocartilaginous	mild_vs_severe	LEF1	0.019230769230769232	0.17332259842414766	52	3	2	1	0.5554854070606526
NP_fibrocartilaginous	mild_vs_severe	ID1	0.019230769230769232	0.17332259842414766	52	3	2	1	0.5554854070606526
NP_fibrocartilaginous	mild_vs_severe	ZNF143	-0.13636363636363635	0.02183178721357845	22	3	0	3	0.17095633563075732
NP_fibrocartilaginous	mild_vs_severe	SOX9	-0.017857142857142856	0.20135500102497267	56	3	1	2	0.5613410043968782
NP_fibrocartilaginous	mild_vs_severe	YBX1	0.0	0.009612777923989927	66	6	3	3	0.10731355718781482
NP_fibrocartilaginous	mild_vs_severe	HSF1	0.029850746268656716	0.11394163439928798	67	4	3	1	0.4721673822463312
NP_fibrocartilaginous	mild_vs_severe	POU4F1	0.0	1.0	16	0	0	0	1.0
NP_fibrocartilaginous	mild_vs_severe	NOTO	0.0	1.0	5	0	0	0	1.0
NP_fibrocartilaginous	mild_vs_severe	HNF1B	0.0	1.0	19	0	0	0	1.0
NP_fibrocartilaginous	mild_vs_severe	PAX3	0.03508771929824561	0.4702920738123287	57	2	2	0	0.8750282827902115
NP_fibrocartilaginous	mild_vs_severe	ID2	0.024390243902439025	0.6838369873911401	41	1	1	0	1.0
NP_fibrocartilaginous	mild_vs_severe	MEF2A	0.03636363636363636	0.4518303972215238	55	2	2	0	0.8536118889046634
NP_fibrocartilaginous	mild_vs_severe	PDX1	-0.06666666666666667	0.0077214471962334255	45	5	1	4	0.09481937156974646
NP_fibrocartilaginous	mild_vs_severe	NR2F2	0.09090909090909091	0.001963267340830113	33	5	4	1	0.0376701921021778
NP_fibrocartilaginous	mild_vs_severe	NR1H4	0.0	0.11858804647428198	68	4	2	2	0.48220569890866977
NP_fibrocartilaginous	mild_vs_severe	ASCL1	-0.03225806451612903	0.5811503210002139	31	1	0	1	1.0
NP_fibrocartilaginous	mild_vs_severe	RFX1	0.0	1.0	17	0	0	0	1.0
NP_fibrocartilaginous	mild_vs_severe	CRX	0.0	1.0	10	0	0	0	1.0
NP_fibrocartilaginous	mild_vs_severe	NRL	0.0	1.0	10	0	0	0	1.0
NP_fibrocartilaginous	mild_vs_severe	UBTF	0.1111111111111111	0.22306263002111365	9	1	1	0	0.5828104460977183
NP_fibrocartilaginous	mild_vs_severe	MYBL2	-0.09090909090909091	0.0012377668924255002	44	6	1	5	0.028147735998120635
NP_fibrocartilaginous	mild_vs_severe	ELF2	0.0	1.0	7	0	0	0	1.0
NP_fibrocartilaginous	mild_vs_severe	JUND	-0.017543859649122806	0.7985157718831373	57	1	0	1	1.0
NP_fibrocartilaginous	mild_vs_severe	TP63	0.014184397163120567	0.000529804078365382	141	12	7	5	0.020331231507271535
NP_fibrocartilaginous	mild_vs_severe	NFKBIB	0.06666666666666667	0.3434624212685932	15	1	1	0	0.7305236305238157
NP_fibrocartilaginous	mild_vs_severe	HOXC6	0.0	1.0	8	0	0	0	1.0
NP_fibrocartilaginous	mild_vs_severe	FOXO1	0.05056179775280899	0.0013277740459761381	178	13	11	2	0.02911618800819103
NP_fibrocartilaginous	mild_vs_severe	PITX2	0.01639344262295082	0.8199975753931801	61	1	1	0	1.0
NP_fibrocartilaginous	mild_vs_severe	NR5A2	0.0	1.0	25	0	0	0	1.0
NP_fibrocartilaginous	mild_vs_severe	POU2F1	-0.041666666666666664	0.04303438968081254	48	4	1	3	0.2669001541820091
NP_fibrocartilaginous	mild_vs_severe	XBP1	0.025	0.0978428661756279	40	3	2	1	0.4260675165378407
NP_fibrocartilaginous	mild_vs_severe	SREBF1	-0.08536585365853659	0.007458012895413742	82	7	0	7	0.09345346770987832
NP_fibrocartilaginous	mild_vs_severe	TCF3	-0.015873015873015872	0.8298663515137779	63	1	0	1	1.0
NP_fibrocartilaginous	mild_vs_severe	LRRFIP1	0.0	1.0	9	0	0	0	1.0
NP_fibrocartilaginous	mild_vs_severe	TCF12	-0.04	0.5042160885766221	25	1	0	1	0.9186607667241722
NP_fibrocartilaginous	mild_vs_severe	E4F1	0.125	0.20095760223719944	8	1	1	0	0.5613410043968782
NP_fibrocartilaginous	mild_vs_severe	BRCA1	-0.020833333333333332	0.0003203921728436752	48	7	3	4	0.01639339951050138
NP_fibrocartilaginous	mild_vs_severe	ZNF362	-0.09090909090909091	0.2654607236801653	11	1	0	1	0.6221102455710744
NP_fibrocartilaginous	mild_vs_severe	NRF1	0.016129032258064516	0.8250012884359323	62	1	1	0	1.0
NP_fibrocartilaginous	mild_vs_severe	GATA1	0.014925373134328358	0.03750085830644837	67	5	3	2	0.24495241489531172
NP_fibrocartilaginous	mild_vs_severe	MYCN	-0.02	0.7684755741952884	100	2	0	2	1.0
NP_fibrocartilaginous	mild_vs_severe	PKNOX1	0.0	1.0	9	0	0	0	1.0
NP_fibrocartilaginous	mild_vs_severe	NR4A3	0.125	0.07084856914514204	16	2	2	0	0.3595125740092332
NP_fibrocartilaginous	mild_vs_severe	SSRP1	0.01282051282051282	0.06447107317432642	78	5	3	2	0.3412520597330726
NP_fibrocartilaginous	mild_vs_severe	ZNF91	0.08	0.1510441598954515	25	2	2	0	0.5286394581438097
NP_fibrocartilaginous	mild_vs_severe	NR2C1	0.0	1.0	9	0	0	0	1.0
NP_fibrocartilaginous	mild_vs_severe	ID3	0.08333333333333333	0.1414159772082667	24	2	2	0	0.5230687349751552
NP_fibrocartilaginous	mild_vs_severe	ERF	0.08333333333333333	0.2857868422863664	12	1	1	0	0.6523164355532676
NP_fibrocartilaginous	mild_vs_severe	ZNF354C	0.0	0.07887249445286924	17	2	1	1	0.37159980500441947
NP_fibrocartilaginous	mild_vs_severe	HMGA2	-0.1111111111111111	0.0007646730244806848	27	5	1	4	0.024711012475323185
NP_fibrocartilaginous	mild_vs_severe	POU2F2	0.0	0.07887249445286924	17	2	1	1	0.37159980500441947
NP_fibrocartilaginous	mild_vs_severe	SREBF2	-0.10869565217391304	0.008471831604528227	46	5	0	5	0.10003278086885253
NP_fibrocartilaginous	mild_vs_severe	ELF4	0.03333333333333333	0.5692089158688874	30	1	1	0	1.0
NP_fibrocartilaginous	mild_vs_severe	TTF1	0.0	1.0	31	0	0	0	1.0
NP_fibrocartilaginous	mild_vs_severe	DLX4	0.043478260869565216	0.0246045931502957	23	3	2	1	0.17566535109629722
NP_fibrocartilaginous	mild_vs_severe	NR1I2	-0.013793103448275862	0.5722172595428886	145	4	1	3	1.0
NP_fibrocartilaginous	mild_vs_severe	NR1H3	0.027777777777777776	0.13796548127795139	72	4	3	1	0.5165293018576961
NP_fibrocartilaginous	mild_vs_severe	MITF	0.05	0.2303560890426232	60	3	3	0	0.5967875049458676
NP_fibrocartilaginous	mild_vs_severe	NCOA1	-0.04081632653061224	0.04587984580066794	49	4	1	3	0.2761786796236286
NP_fibrocartilaginous	mild_vs_severe	NCOR1	-0.017543859649122806	0.7985157718831373	57	1	0	1	1.0
NP_fibrocartilaginous	mild_vs_severe	FOSL1	-0.08823529411764706	0.06671110877215239	34	3	0	3	0.35009077594958604
NP_fibrocartilaginous	mild_vs_severe	JUNB	-0.01818181818181818	0.01760024999231443	55	5	2	3	0.1522049788067755
NP_fibrocartilaginous	mild_vs_severe	DNMT1	-0.05084745762711865	4.438003550921381e-06	118	14	4	10	0.0005449868360531456
NP_fibrocartilaginous	mild_vs_severe	KLF5	-0.019230769230769232	1.0834678139174382e-05	52	9	4	5	0.0009503560539218672
NP_fibrocartilaginous	mild_vs_severe	NR3C2	0.02857142857142857	0.6257060104966576	35	1	1	0	1.0
NP_fibrocartilaginous	mild_vs_severe	MYRF	0.0	1.0	5	0	0	0	1.0
NP_fibrocartilaginous	mild_vs_severe	EBF1	-0.1	0.2445580851956021	10	1	0	1	0.6104010744312995
NP_fibrocartilaginous	mild_vs_severe	CREBBP	0.0	0.1510441598954515	25	2	1	1	0.5286394581438097
NP_fibrocartilaginous	mild_vs_severe	ZFPM1	-0.2222222222222222	0.02411737996588581	9	2	0	2	0.17421260351828102
NP_fibrocartilaginous	mild_vs_severe	APEX1	0.0	1.0	27	0	0	0	1.0
NP_fibrocartilaginous	mild_vs_severe	TFAM	-0.09090909090909091	0.2654607236801653	11	1	0	1	0.6221102455710744
NP_fibrocartilaginous	mild_vs_severe	IRF4	0.06896551724137931	0.19066933166322697	29	2	2	0	0.5613410043968782
NP_fibrocartilaginous	mild_vs_severe	ZBED1	0.0	1.0	16	0	0	0	1.0
NP_fibrocartilaginous	mild_vs_severe	NCOA2	-0.02564102564102564	0.6655359074361495	39	1	0	1	1.0
NP_fibrocartilaginous	mild_vs_severe	FOXA1	0.0	0.18062323360089472	28	2	1	1	0.5572998262861777
NP_fibrocartilaginous	mild_vs_severe	NR4A2	-0.03571428571428571	0.5442985927323513	28	1	0	1	0.9743420872818183
NP_fibrocartilaginous	mild_vs_severe	KLF1	-0.11764705882352941	0.07887249445286924	17	2	0	2	0.37159980500441947
NP_fibrocartilaginous	mild_vs_severe	LHX3	0.0	1.0	5	0	0	0	1.0
NP_fibrocartilaginous	mild_vs_severe	CTCF	-0.010869565217391304	0.11101163010237759	92	5	2	3	0.4668571293346565
NP_fibrocartilaginous	mild_vs_severe	BCL6	0.02	0.15975567116097691	50	3	2	1	0.5360108311084144
NP_fibrocartilaginous	mild_vs_severe	RB1	0.0	0.0089015107652574	30	4	2	2	0.10196049200852912
NP_fibrocartilaginous	mild_vs_severe	TFCP2	-0.02564102564102564	0.6655359074361495	39	1	0	1	1.0
NP_fibrocartilaginous	mild_vs_severe	REST	-0.10526315789473684	0.09570056423894246	19	2	0	2	0.42410855533352526
NP_fibrocartilaginous	mild_vs_severe	ESRRA	0.038461538461538464	0.5179528339421862	26	1	1	0	0.9408965681671666
NP_fibrocartilaginous	mild_vs_severe	HOXD3	0.0	1.0	5	0	0	0	1.0
NP_fibrocartilaginous	mild_vs_severe	IRF9	0.07692307692307693	0.3055522912567556	13	1	1	0	0.6772891943380792
NP_fibrocartilaginous	mild_vs_severe	TFE3	0.1111111111111111	0.03749497037122109	27	3	3	0	0.24495241489531172
NP_fibrocartilaginous	mild_vs_severe	ZNF236	0.0	1.0	6	0	0	0	1.0
NP_fibrocartilaginous	mild_vs_severe	TFAP2C	0.0	0.06311339917636014	15	2	1	1	0.33697067038508804
NP_fibrocartilaginous	mild_vs_severe	PAX8	0.0625	0.3616366780768233	16	1	1	0	0.7581071778244103
NP_fibrocartilaginous	mild_vs_severe	NKX2-1	-0.10344827586206896	0.0010751213850778859	29	5	1	4	0.02750518876824258
NP_fibrocartilaginous	mild_vs_severe	PBX1	0.0	1.0	24	0	0	0	1.0
NP_fibrocartilaginous	mild_vs_severe	SP4	0.0	0.2211954296220123	32	2	1	1	0.5828104460977183
NP_fibrocartilaginous	mild_vs_severe	CIITA	0.05	0.42945480991737733	20	1	1	0	0.8318146791459611
NP_fibrocartilaginous	mild_vs_severe	CDX2	0.0	1.0	30	0	0	0	1.0
NP_fibrocartilaginous	mild_vs_severe	ELF3	0.0	1.0	16	0	0	0	1.0
NP_fibrocartilaginous	mild_vs_severe	ZEB1	-0.030303030303030304	0.6040523481857905	33	1	0	1	1.0
NP_fibrocartilaginous	mild_vs_severe	EGR3	0.0	1.0	18	0	0	0	1.0
NP_fibrocartilaginous	mild_vs_severe	EWSR1	-0.022727272727272728	0.12127949697832134	44	3	1	2	0.48990533647821916
NP_fibrocartilaginous	mild_vs_severe	NAB2	0.0	1.0	6	0	0	0	1.0
NP_fibrocartilaginous	mild_vs_severe	DEAF1	0.0	1.0	7	0	0	0	1.0
NP_fibrocartilaginous	mild_vs_severe	TBPL1	0.0	1.0	26	0	0	0	1.0
NP_fibrocartilaginous	mild_vs_severe	MEF2C	0.09090909090909091	0.06204438956532896	33	3	3	0	0.33697067038508804
NP_fibrocartilaginous	mild_vs_severe	POU4F2	0.0	1.0	15	0	0	0	1.0
NP_fibrocartilaginous	mild_vs_severe	TAL1	0.0	0.4972749617311029	60	2	1	1	0.9168973768855772
NP_fibrocartilaginous	mild_vs_severe	EPAS1	0.03278688524590164	0.0878598932703539	61	4	3	1	0.39666157697056836
NP_fibrocartilaginous	mild_vs_severe	SMARCA1	-0.030303030303030304	0.6040523481857905	33	1	0	1	1.0
NP_fibrocartilaginous	mild_vs_severe	NFATC4	0.037037037037037035	0.531310187049085	27	1	1	0	0.9594836907298181
NP_fibrocartilaginous	mild_vs_severe	FOXM1	-0.017241379310344827	4.3038286686745564e-07	58	11	5	6	8.808502675220591e-05
NP_fibrocartilaginous	mild_vs_severe	MYF5	0.08333333333333333	0.2857868422863664	12	1	1	0	0.6523164355532676
NP_fibrocartilaginous	mild_vs_severe	MYOG	0.034482758620689655	0.5569282091991062	29	1	1	0	0.9911707839079746
NP_fibrocartilaginous	mild_vs_severe	SMAD7	0.046511627906976744	0.030346510887013838	43	4	3	1	0.21173588277984656
NP_fibrocartilaginous	mild_vs_severe	SOX10	0.06666666666666667	0.3434624212685932	15	1	1	0	0.7305236305238157
NP_fibrocartilaginous	mild_vs_severe	POU3F1	0.0	1.0	5	0	0	0	1.0
NP_fibrocartilaginous	mild_vs_severe	NKRF	0.0	1.0	7	0	0	0	1.0
NP_fibrocartilaginous	mild_vs_severe	ATF6	-0.02564102564102564	0.09230130679069404	39	3	1	2	0.4136715501422346
NP_fibrocartilaginous	mild_vs_severe	NKX6-1	-0.16666666666666666	0.15484943192397957	6	1	0	1	0.5286394581438097
NP_fibrocartilaginous	mild_vs_severe	ERG	-0.058823529411764705	0.013821624428153911	34	4	1	3	0.1317515774054805
NP_fibrocartilaginous	mild_vs_severe	PITX3	0.0	1.0	9	0	0	0	1.0
NP_fibrocartilaginous	mild_vs_severe	HOXB2	0.0	1.0	5	0	0	0	1.0
NP_fibrocartilaginous	mild_vs_severe	SATB1	0.0	0.1319278270523028	23	2	1	1	0.4969551276694105
NP_fibrocartilaginous	mild_vs_severe	NFKB2	0.0	1.0	42	0	0	0	1.0
NP_fibrocartilaginous	mild_vs_severe	RORA	-0.058823529411764705	0.2417602467757882	34	2	0	2	0.6104010744312995
NP_fibrocartilaginous	mild_vs_severe	PROX1	0.0	1.0	14	0	0	0	1.0
NP_fibrocartilaginous	mild_vs_severe	KLF3	0.0	1.0	5	0	0	0	1.0
NP_fibrocartilaginous	mild_vs_severe	PEG3	0.0	0.010615025547115159	6	2	1	1	0.10739090841038078
NP_fibrocartilaginous	mild_vs_severe	NR2E3	0.0	1.0	6	0	0	0	1.0
NP_fibrocartilaginous	mild_vs_severe	NCOR2	-0.024390243902439025	0.10351583618853843	41	3	1	2	0.44446659734099714
NP_fibrocartilaginous	mild_vs_severe	NCOA3	-0.06	0.15975567116097691	50	3	0	3	0.5360108311084144
NP_fibrocartilaginous	mild_vs_severe	ZFHX3	0.0	1.0	5	0	0	0	1.0
NP_fibrocartilaginous	mild_vs_severe	SMAD1	0.09090909090909091	0.0012377668924255002	44	6	5	1	0.028147735998120635
NP_fibrocartilaginous	mild_vs_severe	SPDEF	0.125	0.20095760223719944	8	1	1	0	0.5613410043968782
NP_fibrocartilaginous	mild_vs_severe	PAX2	0.1111111111111111	0.22306263002111365	9	1	1	0	0.5828104460977183
NP_fibrocartilaginous	mild_vs_severe	KLF13	0.0	1.0	9	0	0	0	1.0
NP_fibrocartilaginous	mild_vs_severe	MAFB	0.07407407407407407	0.1706616531628225	27	2	2	0	0.5554854070606526
NP_fibrocartilaginous	mild_vs_severe	ELK3	0.05555555555555555	0.3964944995511634	18	1	1	0	0.7981889269652928
NP_fibrocartilaginous	mild_vs_severe	KLF6	0.08108108108108109	0.0032954858246915615	37	5	4	1	0.057504018581949076
NP_fibrocartilaginous	mild_vs_severe	SNAI1	0.0	1.0	68	0	0	0	1.0
NP_fibrocartilaginous	mild_vs_severe	HESX1	0.0	1.0	14	0	0	0	1.0
NP_fibrocartilaginous	mild_vs_severe	BACH2	0.0	0.010615025547115159	6	2	1	1	0.10739090841038078
NP_fibrocartilaginous	mild_vs_severe	PATZ1	0.0	1.0	8	0	0	0	1.0
NP_fibrocartilaginous	mild_vs_severe	ZHX2	0.2857142857142857	0.014591379908098816	7	2	2	0	0.1317515774054805
NP_fibrocartilaginous	mild_vs_severe	ONECUT1	0.0	0.03553170034996902	11	2	1	1	0.23974136280088987
NP_fibrocartilaginous	mild_vs_severe	RXRA	0.0	0.04587984580066794	49	4	2	2	0.2761786796236286
NP_fibrocartilaginous	mild_vs_severe	NR1H2	0.06896551724137931	0.19066933166322697	29	2	2	0	0.5613410043968782
NP_fibrocartilaginous	mild_vs_severe	KAT5	-0.05	0.3036612138717501	40	2	0	2	0.6772891943380792
NP_fibrocartilaginous	mild_vs_severe	YBX3	-0.047619047619047616	0.44525579811089416	21	1	0	1	0.8463995666875821
NP_fibrocartilaginous	mild_vs_severe	SMAD6	0.058823529411764705	0.37930943955332025	17	1	1	0	0.7763199862857955
NP_fibrocartilaginous	mild_vs_severe	MYBL1	0.0	1.0	9	0	0	0	1.0
NP_fibrocartilaginous	mild_vs_severe	CDX1	0.0	1.0	18	0	0	0	1.0
NP_fibrocartilaginous	mild_vs_severe	TFDP1	-0.13793103448275862	0.00788282094127728	29	4	0	4	0.09490298152831864
NP_fibrocartilaginous	mild_vs_severe	KMT2A	0.0	0.44246367327195363	54	2	1	1	0.8463995666875821
NP_fibrocartilaginous	mild_vs_severe	GATA2	0.0	1.0	39	0	0	0	1.0
NP_fibrocartilaginous	mild_vs_severe	PRDM1	0.0	0.23146323865792723	33	2	1	1	0.5971362543528039
NP_fibrocartilaginous	mild_vs_severe	MXD1	0.0	1.0	16	0	0	0	1.0
NP_fibrocartilaginous	mild_vs_severe	CLOCK	0.022222222222222223	0.717498568476959	45	1	1	0	1.0
NP_fibrocartilaginous	mild_vs_severe	BHLHE40	-0.15384615384615385	0.005294133320619429	26	4	0	4	0.07739518711572213
NP_fibrocartilaginous	mild_vs_severe	SRY	-0.05263157894736842	0.41320527373517546	19	1	0	1	0.8170531149691584
NP_fibrocartilaginous	mild_vs_severe	MAF	0.03571428571428571	0.5442985927323513	28	1	1	0	0.9743420872818183
NP_fibrocartilaginous	mild_vs_severe	AIRE	0.09090909090909091	0.2654607236801653	11	1	1	0	0.6221102455710744
NP_fibrocartilaginous	mild_vs_severe	ZGPAT	0.0	1.0	5	0	0	0	1.0
NP_fibrocartilaginous	mild_vs_severe	ETV1	0.07692307692307693	0.3055522912567556	13	1	1	0	0.6772891943380792
NP_fibrocartilaginous	mild_vs_severe	KLF4	0.05405405405405406	0.0009616865568811843	74	8	6	2	0.02736080987484805
NP_fibrocartilaginous	mild_vs_severe	EGR2	-0.022222222222222223	0.717498568476959	45	1	0	1	1.0
NP_fibrocartilaginous	mild_vs_severe	NEUROG3	-0.09090909090909091	0.2654607236801653	11	1	0	1	0.6221102455710744
NP_fibrocartilaginous	mild_vs_severe	CXXC1	0.0	1.0	11	0	0	0	1.0
NP_fibrocartilaginous	mild_vs_severe	TBX21	0.0	1.0	18	0	0	0	1.0
NP_fibrocartilaginous	mild_vs_severe	HOXA10	-0.03333333333333333	0.0490119540920979	30	3	1	2	0.286603236309982
NP_fibrocartilaginous	mild_vs_severe	LMX1B	0.0	1.0	13	0	0	0	1.0
NP_fibrocartilaginous	mild_vs_severe	TBX2	0.05	0.42945480991737733	20	1	1	0	0.8318146791459611
NP_fibrocartilaginous	mild_vs_severe	ZNF699	-0.03333333333333333	0.5692089158688874	30	1	0	1	1.0
NP_fibrocartilaginous	mild_vs_severe	RFX5	0.0	1.0	13	0	0	0	1.0
NP_fibrocartilaginous	mild_vs_severe	RFXANK	0.0	1.0	8	0	0	0	1.0
NP_fibrocartilaginous	mild_vs_severe	RFXAP	0.0	1.0	7	0	0	0	1.0
NP_fibrocartilaginous	mild_vs_severe	BARX2	0.0	1.0	10	0	0	0	1.0
NP_fibrocartilaginous	mild_vs_severe	FOXO4	-0.047619047619047616	0.0192399684231648	21	3	1	2	0.15543869226083143
NP_fibrocartilaginous	mild_vs_severe	DLX5	0.05	0.42945480991737733	20	1	1	0	0.8318146791459611
NP_fibrocartilaginous	mild_vs_severe	ID4	0.0	1.0	9	0	0	0	1.0
NP_fibrocartilaginous	mild_vs_severe	SPIB	-0.1111111111111111	0.22306263002111365	9	1	0	1	0.5828104460977183
NP_fibrocartilaginous	mild_vs_severe	FOXN1	0.0	1.0	31	0	0	0	1.0
NP_fibrocartilaginous	mild_vs_severe	TBX5	0.09090909090909091	0.2654607236801653	11	1	1	0	0.6221102455710744
NP_fibrocartilaginous	mild_vs_severe	TLX1	0.0	1.0	6	0	0	0	1.0
NP_fibrocartilaginous	mild_vs_severe	HIVEP1	0.0	1.0	8	0	0	0	1.0
NP_fibrocartilaginous	mild_vs_severe	SMAD2	0.03508771929824561	0.07229525420091389	57	4	3	1	0.36384660720787804
NP_fibrocartilaginous	mild_vs_severe	NKX3-1	0.02	0.15975567116097691	50	3	2	1	0.5360108311084144
NP_fibrocartilaginous	mild_vs_severe	HAND2	0.058823529411764705	0.37930943955332025	17	1	1	0	0.7763199862857955
NP_fibrocartilaginous	mild_vs_severe	PAX7	0.0	1.0	9	0	0	0	1.0
NP_fibrocartilaginous	mild_vs_severe	SFPQ	0.0	1.0	19	0	0	0	1.0
NP_fibrocartilaginous	mild_vs_severe	BMAL1	0.022727272727272728	0.7094338982584525	44	1	1	0	1.0
NP_fibrocartilaginous	mild_vs_severe	SKIL	0.0	1.0	14	0	0	0	1.0
NP_fibrocartilaginous	mild_vs_severe	TBXT	0.0	1.0	6	0	0	0	1.0
NP_fibrocartilaginous	mild_vs_severe	MSX2	0.0	1.0	22	0	0	0	1.0
NP_fibrocartilaginous	mild_vs_severe	MZF1	0.0	1.0	14	0	0	0	1.0
NP_fibrocartilaginous	mild_vs_severe	HOXA5	0.1111111111111111	0.22306263002111365	9	1	1	0	0.5828104460977183
NP_fibrocartilaginous	mild_vs_severe	HOXB4	0.0	1.0	5	0	0	0	1.0
NP_fibrocartilaginous	mild_vs_severe	CREB3	0.0	1.0	8	0	0	0	1.0
NP_fibrocartilaginous	mild_vs_severe	NFE2	-0.09090909090909091	0.2654607236801653	11	1	0	1	0.6221102455710744
NP_fibrocartilaginous	mild_vs_severe	ZNF76	-0.16666666666666666	0.15484943192397957	6	1	0	1	0.5286394581438097
NP_fibrocartilaginous	mild_vs_severe	FOXQ1	0.1111111111111111	0.22306263002111365	9	1	1	0	0.5828104460977183
NP_fibrocartilaginous	mild_vs_severe	ZGLP1	0.0	1.0	9	0	0	0	1.0
NP_fibrocartilaginous	mild_vs_severe	NFYB	0.0	0.19066933166322697	29	2	1	1	0.5613410043968782
NP_fibrocartilaginous	mild_vs_severe	ETV3	0.1	0.2445580851956021	10	1	1	0	0.6104010744312995
NP_fibrocartilaginous	mild_vs_severe	GSC	0.0	1.0	5	0	0	0	1.0
NP_fibrocartilaginous	mild_vs_severe	IRF7	0.0	1.0	8	0	0	0	1.0
NP_fibrocartilaginous	mild_vs_severe	NFATC3	0.0	1.0	18	0	0	0	1.0
NP_fibrocartilaginous	mild_vs_severe	KDM5A	0.0	1.0	13	0	0	0	1.0
NP_fibrocartilaginous	mild_vs_severe	GRHL3	0.0	1.0	14	0	0	0	1.0
NP_fibrocartilaginous	mild_vs_severe	THRA	0.025	0.6748147457326725	40	1	1	0	1.0
NP_fibrocartilaginous	mild_vs_severe	SOX17	-0.04	0.5042160885766221	25	1	0	1	0.9186607667241722
NP_fibrocartilaginous	mild_vs_severe	TBX15	-0.05263157894736842	0.41320527373517546	19	1	0	1	0.8170531149691584
NP_fibrocartilaginous	mild_vs_severe	NFAT5	0.0	1.0	35	0	0	0	1.0
NP_fibrocartilaginous	mild_vs_severe	BMAL2	0.0	1.0	6	0	0	0	1.0
NP_fibrocartilaginous	mild_vs_severe	NFE2L2	-0.006993006993006993	0.36176775749601336	143	5	2	3	0.7581071778244103
NP_fibrocartilaginous	mild_vs_severe	ZIC1	0.1111111111111111	0.22306263002111365	9	1	1	0	0.5828104460977183
NP_fibrocartilaginous	mild_vs_severe	MEIS1	0.0	1.0	9	0	0	0	1.0
NP_fibrocartilaginous	mild_vs_severe	HOXA9	0.0	1.0	27	0	0	0	1.0
NP_fibrocartilaginous	mild_vs_severe	MAFA	0.0	1.0	11	0	0	0	1.0
NP_fibrocartilaginous	mild_vs_severe	NR1D1	0.0	1.0	13	0	0	0	1.0
NP_fibrocartilaginous	mild_vs_severe	MYF6	0.0	1.0	6	0	0	0	1.0
NP_fibrocartilaginous	mild_vs_severe	ZNF263	-0.16666666666666666	0.15484943192397957	6	1	0	1	0.5286394581438097
NP_fibrocartilaginous	mild_vs_severe	NFIA	-0.03225806451612903	0.5811503210002139	31	1	0	1	1.0
NP_fibrocartilaginous	mild_vs_severe	HEY2	0.0	1.0	10	0	0	0	1.0
NP_fibrocartilaginous	mild_vs_severe	HOXB7	0.0	0.03553170034996902	11	2	1	1	0.23974136280088987
NP_fibrocartilaginous	mild_vs_severe	ZNF350	0.0	1.0	9	0	0	0	1.0
NP_fibrocartilaginous	mild_vs_severe	BCL11A	0.125	0.20095760223719944	8	1	1	0	0.5613410043968782
NP_fibrocartilaginous	mild_vs_severe	TWIST1	0.018867924528301886	0.18022495696348112	53	3	2	1	0.5572998262861777
NP_fibrocartilaginous	mild_vs_severe	ZNF395	0.0	1.0	5	0	0	0	1.0
NP_fibrocartilaginous	mild_vs_severe	TFDP2	0.0	1.0	5	0	0	0	1.0
NP_fibrocartilaginous	mild_vs_severe	GTF3A	0.0625	0.008967209394886926	16	3	2	1	0.10196049200852912
NP_fibrocartilaginous	mild_vs_severe	KLF10	0.058823529411764705	0.37930943955332025	17	1	1	0	0.7763199862857955
NP_fibrocartilaginous	mild_vs_severe	KLF2	-0.058823529411764705	0.2417602467757882	34	2	0	2	0.6104010744312995
NP_fibrocartilaginous	mild_vs_severe	PHF20	0.0	1.0	7	0	0	0	1.0
NP_fibrocartilaginous	mild_vs_severe	TGIF1	0.0	1.0	8	0	0	0	1.0
NP_fibrocartilaginous	mild_vs_severe	FOXG1	-0.08333333333333333	0.2857868422863664	12	1	0	1	0.6523164355532676
NP_fibrocartilaginous	mild_vs_severe	SF1	0.0	1.0	5	0	0	0	1.0
NP_fibrocartilaginous	mild_vs_severe	MBD2	-0.03508771929824561	0.4702920738123287	57	2	0	2	0.8750282827902115
NP_fibrocartilaginous	mild_vs_severe	FOXF2	0.0	1.0	8	0	0	0	1.0
NP_fibrocartilaginous	mild_vs_severe	HEY1	-0.047619047619047616	0.44525579811089416	21	1	0	1	0.8463995666875821
NP_fibrocartilaginous	mild_vs_severe	ZBTB17	-0.05555555555555555	0.26240465225441534	36	2	0	2	0.6221102455710744
NP_fibrocartilaginous	mild_vs_severe	IRF5	0.08333333333333333	0.2857868422863664	12	1	1	0	0.6523164355532676
NP_fibrocartilaginous	mild_vs_severe	THRB	-0.06666666666666667	0.20078771577545027	30	2	0	2	0.5613410043968782
NP_fibrocartilaginous	mild_vs_severe	POU3F2	0.07692307692307693	0.3055522912567556	13	1	1	0	0.6772891943380792
NP_fibrocartilaginous	mild_vs_severe	FOXI1	0.0	1.0	5	0	0	0	1.0
NP_fibrocartilaginous	mild_vs_severe	KCNIP3	-0.25	0.019102975752614708	8	2	0	2	0.15543869226083143
NP_fibrocartilaginous	mild_vs_severe	FOSB	-0.05	0.42945480991737733	20	1	0	1	0.8318146791459611
NP_fibrocartilaginous	mild_vs_severe	NFE2L1	-0.125	0.20095760223719944	8	1	0	1	0.5613410043968782
NP_fibrocartilaginous	mild_vs_severe	TRERF1	0.0	1.0	5	0	0	0	1.0
NP_fibrocartilaginous	mild_vs_severe	FOXP1	0.0	1.0	11	0	0	0	1.0
NP_fibrocartilaginous	mild_vs_severe	FOXP2	0.0	1.0	5	0	0	0	1.0
NP_fibrocartilaginous	mild_vs_severe	BARX1	0.14285714285714285	0.17822577392662636	7	1	1	0	0.5554854070606526
NP_fibrocartilaginous	mild_vs_severe	ZFPM2	0.0	1.0	7	0	0	0	1.0
NP_fibrocartilaginous	mild_vs_severe	IKZF1	0.0	0.055689753582802565	14	2	1	1	0.3108500790894616
NP_fibrocartilaginous	mild_vs_severe	BCL3	0.0	1.0	19	0	0	0	1.0
NP_fibrocartilaginous	mild_vs_severe	SP2	-0.0625	0.3616366780768233	16	1	0	1	0.7581071778244103
NP_fibrocartilaginous	mild_vs_severe	SIM2	0.0	1.0	8	0	0	0	1.0
NP_fibrocartilaginous	mild_vs_severe	NFATC1	0.015625	0.2600632454241391	64	3	2	1	0.6221102455710744
NP_fibrocartilaginous	mild_vs_severe	POU2F3	0.0	1.0	5	0	0	0	1.0
NP_fibrocartilaginous	mild_vs_severe	HOXA7	0.0	1.0	10	0	0	0	1.0
NP_fibrocartilaginous	mild_vs_severe	NPAS2	0.0	1.0	6	0	0	0	1.0
NP_fibrocartilaginous	mild_vs_severe	DLX2	0.0	1.0	12	0	0	0	1.0
NP_fibrocartilaginous	mild_vs_severe	PRRX1	0.2	0.13081036419450215	5	1	1	0	0.49578742972484147
NP_fibrocartilaginous	mild_vs_severe	VEZF1	0.0	1.0	6	0	0	0	1.0
NP_fibrocartilaginous	mild_vs_severe	CTBP2	0.0	1.0	9	0	0	0	1.0
NP_fibrocartilaginous	mild_vs_severe	SOX6	0.0	0.06311339917636014	15	2	1	1	0.33697067038508804
NP_fibrocartilaginous	mild_vs_severe	HIPK2	-0.14285714285714285	0.17822577392662636	7	1	0	1	0.5554854070606526
NP_fibrocartilaginous	mild_vs_severe	RORC	0.0	1.0	6	0	0	0	1.0
NP_fibrocartilaginous	mild_vs_severe	PPARD	0.016666666666666666	0.2303560890426232	60	3	2	1	0.5967875049458676
NP_fibrocartilaginous	mild_vs_severe	MECOM	0.0	1.0	12	0	0	0	1.0
NP_fibrocartilaginous	mild_vs_severe	SIRT1	-0.07692307692307693	0.004161754694550848	39	5	1	4	0.06529263890209581
NP_fibrocartilaginous	mild_vs_severe	ZBTB7B	0.0	1.0	12	0	0	0	1.0
NP_fibrocartilaginous	mild_vs_severe	ZBTB7A	0.06896551724137931	0.19066933166322697	29	2	2	0	0.5613410043968782
NP_fibrocartilaginous	mild_vs_severe	NR6A1	0.0	1.0	5	0	0	0	1.0
NP_fibrocartilaginous	mild_vs_severe	STAT2	0.034482758620689655	0.5569282091991062	29	1	1	0	0.9911707839079746
NP_fibrocartilaginous	mild_vs_severe	ESRRG	0.0	1.0	14	0	0	0	1.0
NP_fibrocartilaginous	mild_vs_severe	PRDM2	-0.14285714285714285	0.17822577392662636	7	1	0	1	0.5554854070606526
NP_fibrocartilaginous	mild_vs_severe	PURA	0.0	1.0	13	0	0	0	1.0
NP_fibrocartilaginous	mild_vs_severe	NEUROD6	0.0	1.0	8	0	0	0	1.0
NP_fibrocartilaginous	mild_vs_severe	NEUROG2	0.0	1.0	8	0	0	0	1.0
NP_fibrocartilaginous	mild_vs_severe	HMGB2	0.0	1.0	6	0	0	0	1.0
NP_fibrocartilaginous	mild_vs_severe	DLX3	0.2	0.029603533450717923	10	2	2	0	0.20892608665219314
NP_fibrocartilaginous	mild_vs_severe	TWIST2	0.041666666666666664	0.4900892114293756	24	1	1	0	0.9063698066796283
NP_fibrocartilaginous	mild_vs_severe	TFAP4	0.0	1.0	23	0	0	0	1.0
NP_fibrocartilaginous	mild_vs_severe	KAT6B	-0.16666666666666666	0.15484943192397957	6	1	0	1	0.5286394581438097
NP_fibrocartilaginous	mild_vs_severe	SALL3	0.0	1.0	5	0	0	0	1.0
NP_fibrocartilaginous	mild_vs_severe	MXI1	0.125	0.20095760223719944	8	1	1	0	0.5613410043968782
NP_fibrocartilaginous	mild_vs_severe	E2F5	-0.1111111111111111	0.22306263002111365	9	1	0	1	0.5828104460977183
NP_fibrocartilaginous	mild_vs_severe	E2F2	-0.11627906976744186	0.006361663573324485	43	5	0	5	0.0887741235004826
NP_fibrocartilaginous	mild_vs_severe	FOXD3	-0.125	0.20095760223719944	8	1	0	1	0.5613410043968782
NP_fibrocartilaginous	mild_vs_severe	POU5F1	-0.025	0.6748147457326725	40	1	0	1	1.0
NP_fibrocartilaginous	mild_vs_severe	PLAGL1	0.07142857142857142	0.32477248646244417	14	1	1	0	0.7021489672110589
NP_fibrocartilaginous	mild_vs_severe	SNAI2	0.0	0.1706616531628225	27	2	1	1	0.5554854070606526
NP_fibrocartilaginous	mild_vs_severe	NOTCH1	0.0	0.3036612138717501	40	2	1	1	0.6772891943380792
NP_fibrocartilaginous	mild_vs_severe	FOXC2	0.09090909090909091	0.2654607236801653	11	1	1	0	0.6221102455710744
NP_fibrocartilaginous	mild_vs_severe	FOXD1	0.0	1.0	5	0	0	0	1.0
NP_fibrocartilaginous	mild_vs_severe	KLF9	0.0	1.0	16	0	0	0	1.0
NP_fibrocartilaginous	mild_vs_severe	TBPL2	0.0	1.0	8	0	0	0	1.0
NP_fibrocartilaginous	mild_vs_severe	NFIL3	0.0	1.0	15	0	0	0	1.0
NP_fibrocartilaginous	mild_vs_severe	ZNF384	0.0	1.0	10	0	0	0	1.0
NP_fibrocartilaginous	mild_vs_severe	HOXA11	0.0	1.0	5	0	0	0	1.0
NP_fibrocartilaginous	mild_vs_severe	MEF2D	0.0	1.0	17	0	0	0	1.0
NP_fibrocartilaginous	mild_vs_severe	SMAD5	0.038461538461538464	0.0006373269055625308	26	5	3	2	0.023018748236199642
NP_fibrocartilaginous	mild_vs_severe	MLXIPL	0.0	1.0	10	0	0	0	1.0
NP_fibrocartilaginous	mild_vs_severe	ZBTB33	0.0	1.0	7	0	0	0	1.0
NP_fibrocartilaginous	mild_vs_severe	KLF15	0.0	1.0	12	0	0	0	1.0
NP_fibrocartilaginous	mild_vs_severe	DNMT3A	-0.025	0.0978428661756279	40	3	1	2	0.4260675165378407
NP_fibrocartilaginous	mild_vs_severe	DNMT3B	-0.0196078431372549	0.16649802547360307	51	3	1	2	0.5525934467069853
NP_fibrocartilaginous	mild_vs_severe	OLIG2	-0.5	3.513840424841301e-06	10	5	0	5	0.0005393745052131397
NP_fibrocartilaginous	mild_vs_severe	MAFG	0.0	1.0	9	0	0	0	1.0
NP_fibrocartilaginous	mild_vs_severe	TEF	0.0	1.0	9	0	0	0	1.0
NP_fibrocartilaginous	mild_vs_severe	HOXD13	0.125	0.20095760223719944	8	1	1	0	0.5613410043968782
NP_fibrocartilaginous	mild_vs_severe	ZKSCAN7	0.0	1.0	8	0	0	0	1.0
NP_fibrocartilaginous	mild_vs_severe	BACH1	0.07142857142857142	0.32477248646244417	14	1	1	0	0.7021489672110589
NP_fibrocartilaginous	mild_vs_severe	TEAD4	0.14285714285714285	0.17822577392662636	7	1	1	0	0.5554854070606526
NP_fibrocartilaginous	mild_vs_severe	GCM1	0.0	1.0	5	0	0	0	1.0
NP_fibrocartilaginous	mild_vs_severe	BHLHE41	-0.11764705882352941	0.07887249445286924	17	2	0	2	0.37159980500441947
NP_fibrocartilaginous	mild_vs_severe	MTA1	0.05	0.023955407709842093	40	4	3	1	0.17421260351828102
NP_fibrocartilaginous	mild_vs_severe	EHF	0.125	0.20095760223719944	8	1	1	0	0.5613410043968782
NP_fibrocartilaginous	mild_vs_severe	TCF7L2	0.013513513513513514	0.004253592110885721	74	7	4	3	0.06529263890209581
NP_fibrocartilaginous	mild_vs_severe	VSX2	0.0	1.0	14	0	0	0	1.0
NP_fibrocartilaginous	mild_vs_severe	TSC22D1	0.0	1.0	7	0	0	0	1.0
NP_fibrocartilaginous	mild_vs_severe	SOX5	0.0	1.0	10	0	0	0	1.0
NP_fibrocartilaginous	mild_vs_severe	SOX2	0.058823529411764705	0.013821624428153911	34	4	3	1	0.1317515774054805
NP_fibrocartilaginous	mild_vs_severe	NKX3-2	0.0	1.0	6	0	0	0	1.0
NP_fibrocartilaginous	mild_vs_severe	PAX9	0.0	1.0	6	0	0	0	1.0
NP_fibrocartilaginous	mild_vs_severe	TCF21	0.0	1.0	6	0	0	0	1.0
NP_fibrocartilaginous	mild_vs_severe	HIC1	-0.11764705882352941	0.07887249445286924	17	2	0	2	0.37159980500441947
NP_fibrocartilaginous	mild_vs_severe	ZEB2	0.058823529411764705	0.37930943955332025	17	1	1	0	0.7763199862857955
NP_fibrocartilaginous	mild_vs_severe	NONO	-0.09090909090909091	0.2654607236801653	11	1	0	1	0.6221102455710744
NP_fibrocartilaginous	mild_vs_severe	CEBPZ	0.0	1.0	13	0	0	0	1.0
NP_fibrocartilaginous	mild_vs_severe	SIX1	0.0	1.0	7	0	0	0	1.0
NP_fibrocartilaginous	mild_vs_severe	NFIX	0.0	1.0	15	0	0	0	1.0
NP_fibrocartilaginous	mild_vs_severe	MNT	0.0	1.0	8	0	0	0	1.0
NP_fibrocartilaginous	mild_vs_severe	HOXA1	0.07142857142857142	0.32477248646244417	14	1	1	0	0.7021489672110589
NP_fibrocartilaginous	mild_vs_severe	BCL11B	-0.05555555555555555	0.3964944995511634	18	1	0	1	0.7981889269652928
NP_fibrocartilaginous	mild_vs_severe	RXRB	0.0	0.014591379908098816	7	2	1	1	0.1317515774054805
NP_fibrocartilaginous	mild_vs_severe	E2F6	0.030303030303030304	0.6040523481857905	33	1	1	0	1.0
NP_fibrocartilaginous	mild_vs_severe	HOXA13	0.0	1.0	6	0	0	0	1.0
NP_fibrocartilaginous	mild_vs_severe	KAT6A	0.09090909090909091	0.2654607236801653	11	1	1	0	0.6221102455710744
NP_fibrocartilaginous	mild_vs_severe	GFI1	0.03125	0.5927617691091883	32	1	1	0	1.0
NP_fibrocartilaginous	mild_vs_severe	RUNX3	0.0	0.34449266425081776	44	2	1	1	0.7305236305238157
NP_fibrocartilaginous	mild_vs_severe	GLI1	0.0	0.0011301828424474455	113	10	5	5	0.02775729061050926
NP_fibrocartilaginous	mild_vs_severe	KLF8	0.06666666666666667	0.3434624212685932	15	1	1	0	0.7305236305238157
NP_fibrocartilaginous	mild_vs_severe	HIF3A	-0.2	0.13081036419450215	5	1	0	1	0.49578742972484147
NP_fibrocartilaginous	mild_vs_severe	MEOX2	0.0	1.0	6	0	0	0	1.0
NP_fibrocartilaginous	mild_vs_severe	JARID2	0.0	1.0	10	0	0	0	1.0
NP_fibrocartilaginous	mild_vs_severe	NFYC	-0.05555555555555555	0.3964944995511634	18	1	0	1	0.7981889269652928
NP_fibrocartilaginous	mild_vs_severe	GFI1B	0.0	1.0	9	0	0	0	1.0
NP_fibrocartilaginous	mild_vs_severe	ASCL2	0.0	1.0	5	0	0	0	1.0
NP_fibrocartilaginous	mild_vs_severe	MSC	0.0	1.0	13	0	0	0	1.0
NP_fibrocartilaginous	mild_vs_severe	HOXB9	0.2	0.13081036419450215	5	1	1	0	0.49578742972484147
NP_fibrocartilaginous	mild_vs_severe	HLX	-0.08333333333333333	0.2857868422863664	12	1	0	1	0.6523164355532676
NP_fibrocartilaginous	mild_vs_severe	RCOR2	0.0	1.0	12	0	0	0	1.0
NP_fibrocartilaginous	mild_vs_severe	NKX2-2	0.0	1.0	9	0	0	0	1.0
NP_fibrocartilaginous	mild_vs_severe	ARID4A	0.0	1.0	6	0	0	0	1.0
NP_fibrocartilaginous	mild_vs_severe	HINFP	0.0	1.0	9	0	0	0	1.0
NP_fibrocartilaginous	mild_vs_severe	SMARCC1	0.0	1.0	6	0	0	0	1.0
NP_fibrocartilaginous	mild_vs_severe	KAT2B	0.0	1.0	12	0	0	0	1.0
NP_fibrocartilaginous	mild_vs_severe	HDGF	0.2	0.13081036419450215	5	1	1	0	0.49578742972484147
NP_fibrocartilaginous	mild_vs_severe	EP300	0.023809523809523808	0.10931587264152653	42	3	2	1	0.46289617794411925
NP_fibrocartilaginous	mild_vs_severe	TRPS1	0.0	0.04187341901195229	12	2	1	1	0.2623497885034562
NP_fibrocartilaginous	mild_vs_severe	CTNNB1	0.0	0.05109015083385339	200	10	5	5	0.2935003217016192
NP_fibrocartilaginous	mild_vs_severe	PML	0.0	1.0	15	0	0	0	1.0
NP_fibrocartilaginous	mild_vs_severe	KLF7	0.0	1.0	8	0	0	0	1.0
NP_fibrocartilaginous	mild_vs_severe	PROP1	0.0	1.0	6	0	0	0	1.0
NP_fibrocartilaginous	mild_vs_severe	LMO2	-0.1111111111111111	0.08716341958999137	18	2	0	2	0.39643214539447924
NP_fibrocartilaginous	mild_vs_severe	MEOX1	0.0	1.0	6	0	0	0	1.0
NP_fibrocartilaginous	mild_vs_severe	FOXL2	0.15384615384615385	0.048601454641697496	13	2	2	0	0.286603236309982
NP_fibrocartilaginous	mild_vs_severe	HTATIP2	-0.09090909090909091	0.2654607236801653	11	1	0	1	0.6221102455710744
NP_fibrocartilaginous	mild_vs_severe	EZH2	-0.020618556701030927	0.7536274352846671	97	2	0	2	1.0
NP_fibrocartilaginous	mild_vs_severe	GLI2	-0.07920792079207921	0.0004676952995991718	101	10	1	9	0.020331231507271535
NP_fibrocartilaginous	mild_vs_severe	TCF7	0.0	0.04187341901195229	12	2	1	1	0.2623497885034562
NP_fibrocartilaginous	mild_vs_severe	FOXC1	0.0	1.0	9	0	0	0	1.0
NP_fibrocartilaginous	mild_vs_severe	HOXB13	0.0	1.0	8	0	0	0	1.0
NP_fibrocartilaginous	mild_vs_severe	ABL1	0.0	1.0	10	0	0	0	1.0
NP_fibrocartilaginous	mild_vs_severe	TBX3	0.0	1.0	11	0	0	0	1.0
NP_fibrocartilaginous	mild_vs_severe	NFKBIZ	0.2	0.13081036419450215	5	1	1	0	0.49578742972484147
NP_fibrocartilaginous	mild_vs_severe	PLAGL2	0.0	1.0	5	0	0	0	1.0
NP_fibrocartilaginous	mild_vs_severe	TET1	0.1111111111111111	0.22306263002111365	9	1	1	0	0.5828104460977183
NP_fibrocartilaginous	mild_vs_severe	FOXH1	0.0	1.0	7	0	0	0	1.0
NP_fibrocartilaginous	mild_vs_severe	FOXP3	-0.037037037037037035	0.03749497037122109	27	3	1	2	0.24495241489531172
NP_fibrocartilaginous	mild_vs_severe	CREB3L1	0.0	1.0	7	0	0	0	1.0
NP_fibrocartilaginous	mild_vs_severe	TFDP3	0.0	1.0	5	0	0	0	1.0
NP_fibrocartilaginous	mild_vs_severe	SP7	0.08333333333333333	0.1414159772082667	24	2	2	0	0.5230687349751552
NP_fibrocartilaginous	mild_vs_severe	OVOL1	0.0	1.0	8	0	0	0	1.0
NP_fibrocartilaginous	mild_vs_severe	ZNF436	0.0	1.0	5	0	0	0	1.0
NP_fibrocartilaginous	mild_vs_severe	ATF7	0.2	0.13081036419450215	5	1	1	0	0.49578742972484147
NP_fibrocartilaginous	mild_vs_severe	SCX	0.0	1.0	8	0	0	0	1.0
NP_fibrocartilaginous	mild_vs_severe	NANOG	-0.03225806451612903	0.5811503210002139	31	1	0	1	1.0
NP_fibrocartilaginous	mild_vs_severe	ARX	0.15384615384615385	0.048601454641697496	13	2	2	0	0.286603236309982
NP_fibrocartilaginous	mild_vs_severe	VHL	0.0	0.10446408627334004	20	2	1	1	0.44542325674882494
NP_fibrocartilaginous	mild_vs_severe	SOX4	0.0	1.0	18	0	0	0	1.0
NP_fibrocartilaginous	mild_vs_severe	ATF5	-0.047619047619047616	0.44525579811089416	21	1	0	1	0.8463995666875821
NP_fibrocartilaginous	mild_vs_severe	CTCFL	0.0	1.0	6	0	0	0	1.0
NP_fibrocartilaginous	mild_vs_severe	SP6	0.0	1.0	5	0	0	0	1.0
NP_fibrocartilaginous	mild_vs_severe	SMARCA5	-0.125	0.20095760223719944	8	1	0	1	0.5613410043968782
NP_fibrocartilaginous	mild_vs_severe	EOMES	0.0	1.0	8	0	0	0	1.0
NP_fibrocartilaginous	mild_vs_severe	ESRRB	0.0	1.0	5	0	0	0	1.0
NP_fibrocartilaginous	mild_vs_severe	ZXDC	0.0	1.0	5	0	0	0	1.0
NP_fibrocartilaginous	mild_vs_severe	NR2E1	0.1	0.2445580851956021	10	1	1	0	0.6104010744312995
NP_fibrocartilaginous	mild_vs_severe	ZFP42	-0.08333333333333333	0.0038231070400526266	12	3	1	2	0.06344291142141385
NP_fibrocartilaginous	mild_vs_severe	KMT2B	0.0	1.0	11	0	0	0	1.0
NP_fibrocartilaginous	mild_vs_severe	NFIB	0.0	1.0	14	0	0	0	1.0
NP_fibrocartilaginous	mild_vs_severe	EN1	-0.2	0.13081036419450215	5	1	0	1	0.49578742972484147
NP_fibrocartilaginous	mild_vs_severe	MTA3	0.0	1.0	9	0	0	0	1.0
NP_fibrocartilaginous	mild_vs_severe	TBX18	0.0	1.0	7	0	0	0	1.0
NP_fibrocartilaginous	mild_vs_severe	EGR4	0.0	1.0	9	0	0	0	1.0
NP_fibrocartilaginous	mild_vs_severe	HSF4	0.0	1.0	8	0	0	0	1.0
NP_fibrocartilaginous	mild_vs_severe	BCLAF1	0.0	1.0	5	0	0	0	1.0
NP_fibrocartilaginous	mild_vs_severe	KDM5C	0.0	1.0	10	0	0	0	1.0
NP_fibrocartilaginous	mild_vs_severe	FOSL2	-0.045454545454545456	0.4606205803099661	22	1	0	1	0.8622592570436561
NP_fibrocartilaginous	mild_vs_severe	MED1	-0.2222222222222222	0.02411737996588581	9	2	0	2	0.17421260351828102
NP_fibrocartilaginous	mild_vs_severe	LYL1	0.0	1.0	12	0	0	0	1.0
NP_fibrocartilaginous	mild_vs_severe	HOXD1	0.0	1.0	5	0	0	0	1.0
NP_fibrocartilaginous	mild_vs_severe	SALL4	0.14285714285714285	0.17822577392662636	7	1	1	0	0.5554854070606526
NP_fibrocartilaginous	mild_vs_severe	KDM5B	0.0	1.0	20	0	0	0	1.0
NP_fibrocartilaginous	mild_vs_severe	TADA2A	0.0	1.0	6	0	0	0	1.0
NP_fibrocartilaginous	mild_vs_severe	SATB2	0.0	1.0	17	0	0	0	1.0
NP_fibrocartilaginous	mild_vs_severe	NSD2	0.0	1.0	6	0	0	0	1.0
NP_fibrocartilaginous	mild_vs_severe	PBRM1	0.0	1.0	7	0	0	0	1.0
NP_fibrocartilaginous	mild_vs_severe	ZBTB4	0.0	1.0	12	0	0	0	1.0
NP_fibrocartilaginous	mild_vs_severe	THAP11	0.0	1.0	6	0	0	0	1.0
NP_fibrocartilaginous	mild_vs_severe	FOXJ1	0.0	1.0	8	0	0	0	1.0
NP_fibrocartilaginous	mild_vs_severe	PPARGC1A	0.05555555555555555	0.3964944995511634	18	1	1	0	0.7981889269652928
NP_fibrocartilaginous	mild_vs_severe	BATF	0.0	1.0	7	0	0	0	1.0
NP_fibrocartilaginous	mild_vs_severe	ARID3B	0.0	1.0	5	0	0	0	1.0
NP_fibrocartilaginous	mild_vs_severe	ZNF300	0.0	1.0	5	0	0	0	1.0
NP_fibrocartilaginous	mild_vs_severe	NUPR1	0.0	1.0	6	0	0	0	1.0
NP_fibrocartilaginous	mild_vs_severe	ZNF331	0.17647058823529413	0.010669129337187668	17	3	3	0	0.10739090841038078
NP_fibrocartilaginous	mild_vs_severe	ZNF382	-0.09090909090909091	0.2654607236801653	11	1	0	1	0.6221102455710744
NP_fibrocartilaginous	mild_vs_severe	HOXD8	0.0	1.0	5	0	0	0	1.0
NP_fibrocartilaginous	mild_vs_severe	LHX8	0.0	1.0	7	0	0	0	1.0
NP_fibrocartilaginous	mild_vs_severe	IRX1	-0.09090909090909091	0.2654607236801653	11	1	0	1	0.6221102455710744
NP_fibrocartilaginous	mild_vs_severe	SOX11	-0.14285714285714285	0.17822577392662636	7	1	0	1	0.5554854070606526
NP_fibrocartilaginous	mild_vs_severe	IRF6	0.0	1.0	10	0	0	0	1.0
NP_fibrocartilaginous	mild_vs_severe	E2F7	0.4	0.007207772381430186	5	2	2	0	0.09345346770987832
NP_fibrocartilaginous	mild_vs_severe	HEYL	0.0	1.0	5	0	0	0	1.0
NP_fibrocartilaginous	mild_vs_severe	MECP2	0.0	1.0	17	0	0	0	1.0
NP_fibrocartilaginous	mild_vs_severe	MAML1	0.0	1.0	5	0	0	0	1.0
NP_fibrocartilaginous	mild_vs_severe	DOT1L	0.125	0.20095760223719944	8	1	1	0	0.5613410043968782
NP_fibrocartilaginous	mild_vs_severe	ARID3A	-0.16666666666666666	0.15484943192397957	6	1	0	1	0.5286394581438097
NP_fibrocartilaginous	mild_vs_severe	ARID1A	0.0	1.0	5	0	0	0	1.0
NP_fibrocartilaginous	mild_vs_severe	ZBTB18	0.0	1.0	6	0	0	0	1.0
NP_fibrocartilaginous	mild_vs_severe	TCF15	0.0	1.0	5	0	0	0	1.0
NP_fibrocartilaginous	mild_vs_severe	NPM1	0.0	1.0	11	0	0	0	1.0
NP_fibrocartilaginous	mild_vs_severe	SETBP1	0.0	1.0	5	0	0	0	1.0
NP_fibrocartilaginous	mild_vs_severe	KDM2A	0.0	1.0	8	0	0	0	1.0
NP_fibrocartilaginous	mild_vs_severe	MKX	0.0	1.0	6	0	0	0	1.0
NP_fibrocartilaginous	mild_vs_severe	HDAC3	0.07142857142857142	0.32477248646244417	14	1	1	0	0.7021489672110589
NP_fibrocartilaginous	mild_vs_severe	BTG2	0.16666666666666666	0.15484943192397957	6	1	1	0	0.5286394581438097
NP_fibrocartilaginous	mild_vs_severe	CREB5	-0.1111111111111111	0.22306263002111365	9	1	0	1	0.5828104460977183
NP_fibrocartilaginous	mild_vs_severe	CTBP1	0.0	1.0	8	0	0	0	1.0
NP_fibrocartilaginous	mild_vs_severe	HDAC1	0.06779661016949153	0.07988790596186217	59	4	4	0	0.37159980500441947
NP_fibrocartilaginous	mild_vs_severe	HCFC1	-0.2857142857142857	0.014591379908098816	7	2	0	2	0.1317515774054805
NP_fibrocartilaginous	mild_vs_severe	ETV7	0.25	0.019102975752614708	8	2	2	0	0.15543869226083143
NP_fibrocartilaginous	mild_vs_severe	FHL2	0.0	1.0	6	0	0	0	1.0
NP_fibrocartilaginous	mild_vs_severe	HDAC4	0.0	0.07084856914514204	16	2	1	1	0.3595125740092332
NP_fibrocartilaginous	mild_vs_severe	HDAC7	0.0	1.0	10	0	0	0	1.0
NP_fibrocartilaginous	mild_vs_severe	HDAC9	-0.07142857142857142	0.32477248646244417	14	1	0	1	0.7021489672110589
NP_fibrocartilaginous	mild_vs_severe	ING4	0.0	1.0	14	0	0	0	1.0
NP_fibrocartilaginous	mild_vs_severe	SIN3A	0.0	1.0	8	0	0	0	1.0
NP_fibrocartilaginous	mild_vs_severe	SMARCA4	0.0	1.0	7	0	0	0	1.0
NP_fibrocartilaginous	mild_vs_severe	WWTR1	0.0	1.0	8	0	0	0	1.0
NP_fibrocartilaginous	mild_vs_severe	PIN1	0.0	1.0	5	0	0	0	1.0
NP_fibrocartilaginous	mild_vs_severe	FGF2	0.25	0.019102975752614708	8	2	2	0	0.15543869226083143
NP_fibrocartilaginous	mild_vs_severe	PARK7	0.16666666666666666	0.15484943192397957	6	1	1	0	0.5286394581438097
NP_fibrocartilaginous	mild_vs_severe	YAP1	-0.125	0.20095760223719944	8	1	0	1	0.5613410043968782
NP_fibrocartilaginous	mild_vs_severe	BCOR	0.0	1.0	5	0	0	0	1.0
NP_fibrocartilaginous	mild_vs_severe	BRD4	0.0	1.0	8	0	0	0	1.0
NP_fibrocartilaginous	mild_vs_severe	SRSF2	-0.16666666666666666	0.04187341901195229	12	2	0	2	0.2623497885034562
NP_fibrocartilaginous	mild_vs_severe	ZMYND8	-0.3333333333333333	0.010615025547115159	6	2	0	2	0.10739090841038078
NP_fibrocartilaginous	mild_vs_severe	ARID4B	0.125	0.20095760223719944	8	1	1	0	0.5613410043968782
NP_fibrocartilaginous	mild_vs_severe	AP1	0.03363914373088685	0.0018471002659785308	327	19	15	4	0.036584502042284445
NP_fibrocartilaginous	mild_vs_severe	NFKB	0.022964509394572025	0.0017085329933828226	479	25	18	7	0.03556576642540086
NP_mature_chondrocyte	healthy_vs_degenerated_severe	MYC	0.0014684287812041115	0.27284444935641344	681	1	1	0	1.0
NP_mature_chondrocyte	healthy_vs_degenerated_severe	SPI1	0.0	1.0	173	0	0	0	1.0
NP_mature_chondrocyte	healthy_vs_degenerated_severe	SMAD3	0.0	1.0	106	0	0	0	1.0
NP_mature_chondrocyte	healthy_vs_degenerated_severe	SMAD4	0.01282051282051282	0.03485844454997337	78	1	1	0	0.6904220952801177
NP_mature_chondrocyte	healthy_vs_degenerated_severe	STAT5A	0.0	1.0	123	0	0	0	1.0
NP_mature_chondrocyte	healthy_vs_degenerated_severe	STAT5B	0.0	1.0	64	0	0	0	1.0
NP_mature_chondrocyte	healthy_vs_degenerated_severe	RELA	0.0	1.0	320	0	0	0	1.0
NP_mature_chondrocyte	healthy_vs_degenerated_severe	WT1	0.0	1.0	91	0	0	0	1.0
NP_mature_chondrocyte	healthy_vs_degenerated_severe	NR0B2	0.0	1.0	65	0	0	0	1.0
NP_mature_chondrocyte	healthy_vs_degenerated_severe	SP1	0.0012642225031605564	0.3106728923186492	791	1	1	0	1.0
NP_mature_chondrocyte	healthy_vs_degenerated_severe	TP53	0.001422475106685633	0.2805398882217977	703	1	1	0	1.0
NP_mature_chondrocyte	healthy_vs_degenerated_severe	ZBTB16	0.0	1.0	35	0	0	0	1.0
NP_mature_chondrocyte	healthy_vs_degenerated_severe	ETV6	0.0	1.0	17	0	0	0	1.0
NP_mature_chondrocyte	healthy_vs_degenerated_severe	RUNX1	-0.008849557522123894	0.05018062020299308	113	1	0	1	0.8327270487739933
NP_mature_chondrocyte	healthy_vs_degenerated_severe	STAT1	0.0	1.0	205	0	0	0	1.0
NP_mature_chondrocyte	healthy_vs_degenerated_severe	STAT3	-0.0038314176245210726	0.11283562760813162	261	1	0	1	1.0
NP_mature_chondrocyte	healthy_vs_degenerated_severe	ETV4	0.0	1.0	40	0	0	0	1.0
NP_mature_chondrocyte	healthy_vs_degenerated_severe	MTF1	0.0	1.0	25	0	0	0	1.0
NP_mature_chondrocyte	healthy_vs_degenerated_severe	CREB1	0.0	1.0	264	0	0	0	1.0
NP_mature_chondrocyte	healthy_vs_degenerated_severe	FOXA2	0.0	1.0	44	0	0	0	1.0
NP_mature_chondrocyte	healthy_vs_degenerated_severe	NFATC2	0.0	1.0	48	0	0	0	1.0
NP_mature_chondrocyte	healthy_vs_degenerated_severe	CEBPB	-0.00398406374501992	0.10870928874352245	251	1	0	1	1.0
NP_mature_chondrocyte	healthy_vs_degenerated_severe	FOS	0.0	1.0	194	0	0	0	1.0
NP_mature_chondrocyte	healthy_vs_degenerated_severe	PLAG1	0.0	1.0	7	0	0	0	1.0
NP_mature_chondrocyte	healthy_vs_degenerated_severe	E2F1	0.0	1.0	253	0	0	0	1.0
NP_mature_chondrocyte	healthy_vs_degenerated_severe	E2F3	0.0	1.0	59	0	0	0	1.0
NP_mature_chondrocyte	healthy_vs_degenerated_severe	HBP1	0.0	1.0	30	0	0	0	1.0
NP_mature_chondrocyte	healthy_vs_degenerated_severe	YY1	0.006329113924050633	0.06959396939129185	158	1	1	0	1.0
NP_mature_chondrocyte	healthy_vs_degenerated_severe	ESR1	0.005141388174807198	0.01155287945962603	389	2	2	0	0.430729172016177
NP_mature_chondrocyte	healthy_vs_degenerated_severe	JUN	0.0	1.0	383	0	0	0	1.0
NP_mature_chondrocyte	healthy_vs_degenerated_severe	NR1I3	0.0	1.0	27	0	0	0	1.0
NP_mature_chondrocyte	healthy_vs_degenerated_severe	CEBPG	0.0	1.0	96	0	0	0	1.0
NP_mature_chondrocyte	healthy_vs_degenerated_severe	MAFK	0.0	1.0	16	0	0	0	1.0
NP_mature_chondrocyte	healthy_vs_degenerated_severe	STAT4	0.0	1.0	13	0	0	0	1.0
NP_mature_chondrocyte	healthy_vs_degenerated_severe	IRF1	0.0	1.0	93	0	0	0	1.0
NP_mature_chondrocyte	healthy_vs_degenerated_severe	ATF2	0.0	1.0	81	0	0	0	1.0
NP_mature_chondrocyte	healthy_vs_degenerated_severe	NR2C2	0.0	1.0	34	0	0	0	1.0
NP_mature_chondrocyte	healthy_vs_degenerated_severe	IRF3	0.0	1.0	51	0	0	0	1.0
NP_mature_chondrocyte	healthy_vs_degenerated_severe	TFAP2A	0.01098901098901099	0.00261920717297207	182	2	2	0	0.3029473586905103
NP_mature_chondrocyte	healthy_vs_degenerated_severe	HNF1A	0.0	1.0	41	0	0	0	1.0
NP_mature_chondrocyte	healthy_vs_degenerated_severe	ETS1	0.008064516129032258	0.05495575373761398	124	1	1	0	0.8879692840761838
NP_mature_chondrocyte	healthy_vs_degenerated_severe	ARNT	0.023809523809523808	0.018892842961428645	42	1	1	0	0.5043567642746604
NP_mature_chondrocyte	healthy_vs_degenerated_severe	AHR	0.010526315789473684	0.04232514512768266	95	1	1	0	0.7666368120737563
NP_mature_chondrocyte	healthy_vs_degenerated_severe	PAX6	0.01282051282051282	0.03485844454997337	78	1	1	0	0.6904220952801177
NP_mature_chondrocyte	healthy_vs_degenerated_severe	NFYA	0.0	1.0	71	0	0	0	1.0
NP_mature_chondrocyte	healthy_vs_degenerated_severe	ZNF148	0.0	1.0	21	0	0	0	1.0
NP_mature_chondrocyte	healthy_vs_degenerated_severe	NFIC	0.0	1.0	45	0	0	0	1.0
NP_mature_chondrocyte	healthy_vs_degenerated_severe	RBPJ	0.012048192771084338	0.037059350254514636	83	1	1	0	0.7110762830084996
NP_mature_chondrocyte	healthy_vs_degenerated_severe	HES1	0.0	1.0	53	0	0	0	1.0
NP_mature_chondrocyte	healthy_vs_degenerated_severe	GATA4	0.0	1.0	58	0	0	0	1.0
NP_mature_chondrocyte	healthy_vs_degenerated_severe	GATA6	0.0	1.0	35	0	0	0	1.0
NP_mature_chondrocyte	healthy_vs_degenerated_severe	HNF4A	0.0	1.0	125	0	0	0	1.0
NP_mature_chondrocyte	healthy_vs_degenerated_severe	RARA	0.0	1.0	100	0	0	0	1.0
NP_mature_chondrocyte	healthy_vs_degenerated_severe	DBP	0.0	1.0	19	0	0	0	1.0
NP_mature_chondrocyte	healthy_vs_degenerated_severe	HLF	0.0	1.0	11	0	0	0	1.0
NP_mature_chondrocyte	healthy_vs_degenerated_severe	PPARG	0.0	1.0	206	0	0	0	1.0
NP_mature_chondrocyte	healthy_vs_degenerated_severe	MAX	0.0	1.0	33	0	0	0	1.0
NP_mature_chondrocyte	healthy_vs_degenerated_severe	USF2	0.0	1.0	64	0	0	0	1.0
NP_mature_chondrocyte	healthy_vs_degenerated_severe	IRF2	0.0	1.0	31	0	0	0	1.0
NP_mature_chondrocyte	healthy_vs_degenerated_severe	SP3	0.0	1.0	257	0	0	0	1.0
NP_mature_chondrocyte	healthy_vs_degenerated_severe	AR	0.0	1.0	344	0	0	0	1.0
NP_mature_chondrocyte	healthy_vs_degenerated_severe	CUX1	0.0	1.0	74	0	0	0	1.0
NP_mature_chondrocyte	healthy_vs_degenerated_severe	ATF1	0.0	1.0	59	0	0	0	1.0
NP_mature_chondrocyte	healthy_vs_degenerated_severe	KAT7	0.0	1.0	56	0	0	0	1.0
NP_mature_chondrocyte	healthy_vs_degenerated_severe	CREBZF	0.0	1.0	11	0	0	0	1.0
NP_mature_chondrocyte	healthy_vs_degenerated_severe	GLI3	0.0	1.0	25	0	0	0	1.0
NP_mature_chondrocyte	healthy_vs_degenerated_severe	NKX2-5	0.0	1.0	32	0	0	0	1.0
NP_mature_chondrocyte	healthy_vs_degenerated_severe	TGFB1I1	0.0	1.0	11	0	0	0	1.0
NP_mature_chondrocyte	healthy_vs_degenerated_severe	RARB	0.03225806451612903	0.013972556079716118	31	1	1	0	0.4347300919392003
NP_mature_chondrocyte	healthy_vs_degenerated_severe	RARG	0.0	1.0	20	0	0	0	1.0
NP_mature_chondrocyte	healthy_vs_degenerated_severe	TEAD1	0.0	1.0	14	0	0	0	1.0
NP_mature_chondrocyte	healthy_vs_degenerated_severe	PPARA	0.0	1.0	152	0	0	0	1.0
NP_mature_chondrocyte	healthy_vs_degenerated_severe	ESR2	0.0	1.0	122	0	0	0	1.0
NP_mature_chondrocyte	healthy_vs_degenerated_severe	NR3C1	0.00625	0.07044935781034291	160	1	1	0	1.0
NP_mature_chondrocyte	healthy_vs_degenerated_severe	PGR	0.0	1.0	84	0	0	0	1.0
NP_mature_chondrocyte	healthy_vs_degenerated_severe	NRG1	0.0	1.0	26	0	0	0	1.0
NP_mature_chondrocyte	healthy_vs_degenerated_severe	TBP	0.0	1.0	103	0	0	0	1.0
NP_mature_chondrocyte	healthy_vs_degenerated_severe	REL	0.0	1.0	67	0	0	0	1.0
NP_mature_chondrocyte	healthy_vs_degenerated_severe	ISL1	0.0	1.0	10	0	0	0	1.0
NP_mature_chondrocyte	healthy_vs_degenerated_severe	ZBTB14	0.0	1.0	5	0	0	0	1.0
NP_mature_chondrocyte	healthy_vs_degenerated_severe	MYB	0.0	1.0	107	0	0	0	1.0
NP_mature_chondrocyte	healthy_vs_degenerated_severe	PITX1	0.0	1.0	17	0	0	0	1.0
NP_mature_chondrocyte	healthy_vs_degenerated_severe	EGR1	0.0	1.0	227	0	0	0	1.0
NP_mature_chondrocyte	healthy_vs_degenerated_severe	MYOD1	0.0	1.0	84	0	0	0	1.0
NP_mature_chondrocyte	healthy_vs_degenerated_severe	ETS2	0.0	1.0	68	0	0	0	1.0
NP_mature_chondrocyte	healthy_vs_degenerated_severe	GTF2I	0.0	1.0	18	0	0	0	1.0
NP_mature_chondrocyte	healthy_vs_degenerated_severe	NR2F1	0.0	1.0	21	0	0	0	1.0
NP_mature_chondrocyte	healthy_vs_degenerated_severe	ENO1	0.0	1.0	12	0	0	0	1.0
NP_mature_chondrocyte	healthy_vs_degenerated_severe	JDP2	0.0	1.0	28	0	0	0	1.0
NP_mature_chondrocyte	healthy_vs_degenerated_severe	MAZ	0.0	1.0	21	0	0	0	1.0
NP_mature_chondrocyte	healthy_vs_degenerated_severe	NR4A1	0.0	1.0	57	0	0	0	1.0
NP_mature_chondrocyte	healthy_vs_degenerated_severe	HMGA1	0.02564102564102564	0.017552898920193613	39	1	1	0	0.4898854516817672
NP_mature_chondrocyte	healthy_vs_degenerated_severe	NFKB1	0.0	1.0	235	0	0	0	1.0
NP_mature_chondrocyte	healthy_vs_degenerated_severe	USF1	0.0	1.0	124	0	0	0	1.0
NP_mature_chondrocyte	healthy_vs_degenerated_severe	DDIT3	0.0	1.0	70	0	0	0	1.0
NP_mature_chondrocyte	healthy_vs_degenerated_severe	ATF4	0.0	1.0	84	0	0	0	1.0
NP_mature_chondrocyte	healthy_vs_degenerated_severe	ATF3	0.0	1.0	73	0	0	0	1.0
NP_mature_chondrocyte	healthy_vs_degenerated_severe	TAF1	0.0	1.0	35	0	0	0	1.0
NP_mature_chondrocyte	healthy_vs_degenerated_severe	RUNX2	0.0	1.0	81	0	0	0	1.0
NP_mature_chondrocyte	healthy_vs_degenerated_severe	TFAP2B	0.08333333333333333	0.00542739567686582	12	1	1	0	0.3029473586905103
NP_mature_chondrocyte	healthy_vs_degenerated_severe	CREM	0.0	1.0	43	0	0	0	1.0
NP_mature_chondrocyte	healthy_vs_degenerated_severe	IRF8	0.0	1.0	42	0	0	0	1.0
NP_mature_chondrocyte	healthy_vs_degenerated_severe	ETV5	0.0	1.0	6	0	0	0	1.0
NP_mature_chondrocyte	healthy_vs_degenerated_severe	DMTF1	0.0	1.0	13	0	0	0	1.0
NP_mature_chondrocyte	healthy_vs_degenerated_severe	NR5A1	0.0	1.0	44	0	0	0	1.0
NP_mature_chondrocyte	healthy_vs_degenerated_severe	NEUROD2	0.0	1.0	8	0	0	0	1.0
NP_mature_chondrocyte	healthy_vs_degenerated_severe	NEUROD1	0.0	1.0	25	0	0	0	1.0
NP_mature_chondrocyte	healthy_vs_degenerated_severe	HHEX	0.0	1.0	15	0	0	0	1.0
NP_mature_chondrocyte	healthy_vs_degenerated_severe	FOXO3	0.0	1.0	155	0	0	0	1.0
NP_mature_chondrocyte	healthy_vs_degenerated_severe	MBD1	0.0	1.0	10	0	0	0	1.0
NP_mature_chondrocyte	healthy_vs_degenerated_severe	CEBPD	0.0	1.0	49	0	0	0	1.0
NP_mature_chondrocyte	healthy_vs_degenerated_severe	ELK1	0.0	1.0	43	0	0	0	1.0
NP_mature_chondrocyte	healthy_vs_degenerated_severe	FLI1	0.0	1.0	60	0	0	0	1.0
NP_mature_chondrocyte	healthy_vs_degenerated_severe	ELK4	0.0	1.0	6	0	0	0	1.0
NP_mature_chondrocyte	healthy_vs_degenerated_severe	PREB	0.0	1.0	8	0	0	0	1.0
NP_mature_chondrocyte	healthy_vs_degenerated_severe	POU1F1	0.0	1.0	27	0	0	0	1.0
NP_mature_chondrocyte	healthy_vs_degenerated_severe	PAX5	0.0	1.0	36	0	0	0	1.0
NP_mature_chondrocyte	healthy_vs_degenerated_severe	CEBPA	0.0	1.0	112	0	0	0	1.0
NP_mature_chondrocyte	healthy_vs_degenerated_severe	LITAF	0.0	1.0	20	0	0	0	1.0
NP_mature_chondrocyte	healthy_vs_degenerated_severe	STAT6	0.0	1.0	58	0	0	0	1.0
NP_mature_chondrocyte	healthy_vs_degenerated_severe	HIF1A	0.0	1.0	307	0	0	0	1.0
NP_mature_chondrocyte	healthy_vs_degenerated_severe	TP73	0.01	0.04451241552502456	100	1	1	0	0.7666368120737563
NP_mature_chondrocyte	healthy_vs_degenerated_severe	KLF11	0.0	1.0	17	0	0	0	1.0
NP_mature_chondrocyte	healthy_vs_degenerated_severe	TCF4	0.0	1.0	31	0	0	0	1.0
NP_mature_chondrocyte	healthy_vs_degenerated_severe	HIVEP2	0.0	1.0	8	0	0	0	1.0
NP_mature_chondrocyte	healthy_vs_degenerated_severe	E2F4	0.0	1.0	149	0	0	0	1.0
NP_mature_chondrocyte	healthy_vs_degenerated_severe	GATA5	0.0	1.0	8	0	0	0	1.0
NP_mature_chondrocyte	healthy_vs_degenerated_severe	SRF	0.0	1.0	60	0	0	0	1.0
NP_mature_chondrocyte	healthy_vs_degenerated_severe	ELF1	0.0	1.0	44	0	0	0	1.0
NP_mature_chondrocyte	healthy_vs_degenerated_severe	GATA3	0.009900990099009901	0.044949389632988966	101	1	1	0	0.7666368120737563
NP_mature_chondrocyte	healthy_vs_degenerated_severe	MSX1	0.0	1.0	14	0	0	0	1.0
NP_mature_chondrocyte	healthy_vs_degenerated_severe	OTX2	0.0	1.0	15	0	0	0	1.0
NP_mature_chondrocyte	healthy_vs_degenerated_severe	LHX2	0.058823529411764705	0.00768184352211223	17	1	1	0	0.39305432688140907
NP_mature_chondrocyte	healthy_vs_degenerated_severe	GABPA	0.0	1.0	25	0	0	0	1.0
NP_mature_chondrocyte	healthy_vs_degenerated_severe	HSF2	0.05263157894736842	0.00858247712840231	19	1	1	0	0.4053569966799245
NP_mature_chondrocyte	healthy_vs_degenerated_severe	VDR	0.0	1.0	80	0	0	0	1.0
NP_mature_chondrocyte	healthy_vs_degenerated_severe	HOXC8	0.0	1.0	12	0	0	0	1.0
NP_mature_chondrocyte	healthy_vs_degenerated_severe	HR	-0.0196078431372549	0.022903905343703287	51	1	0	1	0.5309682771812063
NP_mature_chondrocyte	healthy_vs_degenerated_severe	RELB	0.0	1.0	31	0	0	0	1.0
NP_mature_chondrocyte	healthy_vs_degenerated_severe	CEBPE	0.0	1.0	17	0	0	0	1.0
NP_mature_chondrocyte	healthy_vs_degenerated_severe	NR0B1	0.0	1.0	22	0	0	0	1.0
NP_mature_chondrocyte	healthy_vs_degenerated_severe	LEF1	0.019230769230769232	0.023348767889075847	52	1	1	0	0.5309682771812063
NP_mature_chondrocyte	healthy_vs_degenerated_severe	ID1	0.0	1.0	52	0	0	0	1.0
NP_mature_chondrocyte	healthy_vs_degenerated_severe	ZNF143	0.0	1.0	22	0	0	0	1.0
NP_mature_chondrocyte	healthy_vs_degenerated_severe	SOX9	0.0	1.0	56	0	0	0	1.0
NP_mature_chondrocyte	healthy_vs_degenerated_severe	YBX1	0.0	1.0	66	0	0	0	1.0
NP_mature_chondrocyte	healthy_vs_degenerated_severe	HSF1	0.014925373134328358	0.030002285077283457	67	1	1	0	0.635220794394898
NP_mature_chondrocyte	healthy_vs_degenerated_severe	POU4F1	0.0	1.0	16	0	0	0	1.0
NP_mature_chondrocyte	healthy_vs_degenerated_severe	NOTO	0.0	1.0	5	0	0	0	1.0
NP_mature_chondrocyte	healthy_vs_degenerated_severe	HNF1B	0.0	1.0	19	0	0	0	1.0
NP_mature_chondrocyte	healthy_vs_degenerated_severe	PAX3	-0.017543859649122806	0.025570650779832723	57	1	0	1	0.5607278421006175
NP_mature_chondrocyte	healthy_vs_degenerated_severe	ID2	0.0	1.0	41	0	0	0	1.0
NP_mature_chondrocyte	healthy_vs_degenerated_severe	MEF2A	0.0	1.0	55	0	0	0	1.0
NP_mature_chondrocyte	healthy_vs_degenerated_severe	PDX1	0.0	1.0	45	0	0	0	1.0
NP_mature_chondrocyte	healthy_vs_degenerated_severe	NR2F2	0.0	1.0	33	0	0	0	1.0
NP_mature_chondrocyte	healthy_vs_degenerated_severe	NR1H4	0.0	1.0	68	0	0	0	1.0
NP_mature_chondrocyte	healthy_vs_degenerated_severe	ASCL1	0.0	1.0	31	0	0	0	1.0
NP_mature_chondrocyte	healthy_vs_degenerated_severe	RFX1	0.0	1.0	17	0	0	0	1.0
NP_mature_chondrocyte	healthy_vs_degenerated_severe	CRX	0.0	1.0	10	0	0	0	1.0
NP_mature_chondrocyte	healthy_vs_degenerated_severe	NRL	0.0	1.0	10	0	0	0	1.0
NP_mature_chondrocyte	healthy_vs_degenerated_severe	UBTF	0.0	1.0	9	0	0	0	1.0
NP_mature_chondrocyte	healthy_vs_degenerated_severe	MYBL2	0.0	1.0	44	0	0	0	1.0
NP_mature_chondrocyte	healthy_vs_degenerated_severe	ELF2	0.0	1.0	7	0	0	0	1.0
NP_mature_chondrocyte	healthy_vs_degenerated_severe	JUND	0.0	1.0	57	0	0	0	1.0
NP_mature_chondrocyte	healthy_vs_degenerated_severe	TP63	0.0	1.0	141	0	0	0	1.0
NP_mature_chondrocyte	healthy_vs_degenerated_severe	NFKBIB	0.0	1.0	15	0	0	0	1.0
NP_mature_chondrocyte	healthy_vs_degenerated_severe	HOXC6	0.0	1.0	8	0	0	0	1.0
NP_mature_chondrocyte	healthy_vs_degenerated_severe	FOXO1	0.0	1.0	178	0	0	0	1.0
NP_mature_chondrocyte	healthy_vs_degenerated_severe	PITX2	0.0	1.0	61	0	0	0	1.0
NP_mature_chondrocyte	healthy_vs_degenerated_severe	NR5A2	0.0	1.0	25	0	0	0	1.0
NP_mature_chondrocyte	healthy_vs_degenerated_severe	POU2F1	0.0	1.0	48	0	0	0	1.0
NP_mature_chondrocyte	healthy_vs_degenerated_severe	XBP1	0.0	1.0	40	0	0	0	1.0
NP_mature_chondrocyte	healthy_vs_degenerated_severe	SREBF1	0.0	1.0	82	0	0	0	1.0
NP_mature_chondrocyte	healthy_vs_degenerated_severe	TCF3	0.0	1.0	63	0	0	0	1.0
NP_mature_chondrocyte	healthy_vs_degenerated_severe	LRRFIP1	0.0	1.0	9	0	0	0	1.0
NP_mature_chondrocyte	healthy_vs_degenerated_severe	TCF12	0.0	1.0	25	0	0	0	1.0
NP_mature_chondrocyte	healthy_vs_degenerated_severe	E4F1	0.0	1.0	8	0	0	0	1.0
NP_mature_chondrocyte	healthy_vs_degenerated_severe	BRCA1	0.0	1.0	48	0	0	0	1.0
NP_mature_chondrocyte	healthy_vs_degenerated_severe	ZNF362	0.0	1.0	11	0	0	0	1.0
NP_mature_chondrocyte	healthy_vs_degenerated_severe	NRF1	0.0	1.0	62	0	0	0	1.0
NP_mature_chondrocyte	healthy_vs_degenerated_severe	GATA1	0.0	1.0	67	0	0	0	1.0
NP_mature_chondrocyte	healthy_vs_degenerated_severe	MYCN	0.0	1.0	100	0	0	0	1.0
NP_mature_chondrocyte	healthy_vs_degenerated_severe	PKNOX1	0.0	1.0	9	0	0	0	1.0
NP_mature_chondrocyte	healthy_vs_degenerated_severe	NR4A3	0.0	1.0	16	0	0	0	1.0
NP_mature_chondrocyte	healthy_vs_degenerated_severe	SSRP1	0.0	1.0	78	0	0	0	1.0
NP_mature_chondrocyte	healthy_vs_degenerated_severe	ZNF91	0.0	1.0	25	0	0	0	1.0
NP_mature_chondrocyte	healthy_vs_degenerated_severe	NR2C1	0.0	1.0	9	0	0	0	1.0
NP_mature_chondrocyte	healthy_vs_degenerated_severe	ID3	0.0	1.0	24	0	0	0	1.0
NP_mature_chondrocyte	healthy_vs_degenerated_severe	ERF	0.0	1.0	12	0	0	0	1.0
NP_mature_chondrocyte	healthy_vs_degenerated_severe	ZNF354C	0.0	1.0	17	0	0	0	1.0
NP_mature_chondrocyte	healthy_vs_degenerated_severe	HMGA2	0.0	1.0	27	0	0	0	1.0
NP_mature_chondrocyte	healthy_vs_degenerated_severe	POU2F2	0.0	1.0	17	0	0	0	1.0
NP_mature_chondrocyte	healthy_vs_degenerated_severe	SREBF2	0.0	1.0	46	0	0	0	1.0
NP_mature_chondrocyte	healthy_vs_degenerated_severe	ELF4	0.0	1.0	30	0	0	0	1.0
NP_mature_chondrocyte	healthy_vs_degenerated_severe	TTF1	0.0	1.0	31	0	0	0	1.0
NP_mature_chondrocyte	healthy_vs_degenerated_severe	DLX4	0.0	1.0	23	0	0	0	1.0
NP_mature_chondrocyte	healthy_vs_degenerated_severe	NR1I2	0.006896551724137931	0.06401858266678956	145	1	1	0	1.0
NP_mature_chondrocyte	healthy_vs_degenerated_severe	NR1H3	0.0	1.0	72	0	0	0	1.0
NP_mature_chondrocyte	healthy_vs_degenerated_severe	MITF	0.0	1.0	60	0	0	0	1.0
NP_mature_chondrocyte	healthy_vs_degenerated_severe	NCOA1	0.0	1.0	49	0	0	0	1.0
NP_mature_chondrocyte	healthy_vs_degenerated_severe	NCOR1	0.0	1.0	57	0	0	0	1.0
NP_mature_chondrocyte	healthy_vs_degenerated_severe	FOSL1	0.0	1.0	34	0	0	0	1.0
NP_mature_chondrocyte	healthy_vs_degenerated_severe	JUNB	0.0	1.0	55	0	0	0	1.0
NP_mature_chondrocyte	healthy_vs_degenerated_severe	DNMT1	0.0	1.0	118	0	0	0	1.0
NP_mature_chondrocyte	healthy_vs_degenerated_severe	KLF5	0.0	1.0	52	0	0	0	1.0
NP_mature_chondrocyte	healthy_vs_degenerated_severe	NR3C2	0.0	1.0	35	0	0	0	1.0
NP_mature_chondrocyte	healthy_vs_degenerated_severe	MYRF	0.0	1.0	5	0	0	0	1.0
NP_mature_chondrocyte	healthy_vs_degenerated_severe	EBF1	0.0	1.0	10	0	0	0	1.0
NP_mature_chondrocyte	healthy_vs_degenerated_severe	CREBBP	0.0	1.0	25	0	0	0	1.0
NP_mature_chondrocyte	healthy_vs_degenerated_severe	ZFPM1	0.0	1.0	9	0	0	0	1.0
NP_mature_chondrocyte	healthy_vs_degenerated_severe	APEX1	0.0	1.0	27	0	0	0	1.0
NP_mature_chondrocyte	healthy_vs_degenerated_severe	TFAM	0.0	1.0	11	0	0	0	1.0
NP_mature_chondrocyte	healthy_vs_degenerated_severe	IRF4	0.0	1.0	29	0	0	0	1.0
NP_mature_chondrocyte	healthy_vs_degenerated_severe	ZBED1	0.0	1.0	16	0	0	0	1.0
NP_mature_chondrocyte	healthy_vs_degenerated_severe	NCOA2	0.0	1.0	39	0	0	0	1.0
NP_mature_chondrocyte	healthy_vs_degenerated_severe	FOXA1	0.0	1.0	28	0	0	0	1.0
NP_mature_chondrocyte	healthy_vs_degenerated_severe	NR4A2	0.0	1.0	28	0	0	0	1.0
NP_mature_chondrocyte	healthy_vs_degenerated_severe	KLF1	0.0	1.0	17	0	0	0	1.0
NP_mature_chondrocyte	healthy_vs_degenerated_severe	LHX3	0.0	1.0	5	0	0	0	1.0
NP_mature_chondrocyte	healthy_vs_degenerated_severe	CTCF	0.0	1.0	92	0	0	0	1.0
NP_mature_chondrocyte	healthy_vs_degenerated_severe	BCL6	0.0	1.0	50	0	0	0	1.0
NP_mature_chondrocyte	healthy_vs_degenerated_severe	RB1	0.0	1.0	30	0	0	0	1.0
NP_mature_chondrocyte	healthy_vs_degenerated_severe	TFCP2	0.0	1.0	39	0	0	0	1.0
NP_mature_chondrocyte	healthy_vs_degenerated_severe	REST	0.0	1.0	19	0	0	0	1.0
NP_mature_chondrocyte	healthy_vs_degenerated_severe	ESRRA	0.0	1.0	26	0	0	0	1.0
NP_mature_chondrocyte	healthy_vs_degenerated_severe	HOXD3	0.0	1.0	5	0	0	0	1.0
NP_mature_chondrocyte	healthy_vs_degenerated_severe	IRF9	0.0	1.0	13	0	0	0	1.0
NP_mature_chondrocyte	healthy_vs_degenerated_severe	TFE3	0.0	1.0	27	0	0	0	1.0
NP_mature_chondrocyte	healthy_vs_degenerated_severe	ZNF236	0.0	1.0	6	0	0	0	1.0
NP_mature_chondrocyte	healthy_vs_degenerated_severe	TFAP2C	0.0	1.0	15	0	0	0	1.0
NP_mature_chondrocyte	healthy_vs_degenerated_severe	PAX8	0.0	1.0	16	0	0	0	1.0
NP_mature_chondrocyte	healthy_vs_degenerated_severe	NKX2-1	0.0	1.0	29	0	0	0	1.0
NP_mature_chondrocyte	healthy_vs_degenerated_severe	PBX1	0.0	1.0	24	0	0	0	1.0
NP_mature_chondrocyte	healthy_vs_degenerated_severe	SP4	0.0	1.0	32	0	0	0	1.0
NP_mature_chondrocyte	healthy_vs_degenerated_severe	CIITA	0.0	1.0	20	0	0	0	1.0
NP_mature_chondrocyte	healthy_vs_degenerated_severe	CDX2	0.0	1.0	30	0	0	0	1.0
NP_mature_chondrocyte	healthy_vs_degenerated_severe	ELF3	0.0	1.0	16	0	0	0	1.0
NP_mature_chondrocyte	healthy_vs_degenerated_severe	ZEB1	0.0	1.0	33	0	0	0	1.0
NP_mature_chondrocyte	healthy_vs_degenerated_severe	EGR3	0.0	1.0	18	0	0	0	1.0
NP_mature_chondrocyte	healthy_vs_degenerated_severe	EWSR1	0.0	1.0	44	0	0	0	1.0
NP_mature_chondrocyte	healthy_vs_degenerated_severe	NAB2	0.0	1.0	6	0	0	0	1.0
NP_mature_chondrocyte	healthy_vs_degenerated_severe	DEAF1	0.0	1.0	7	0	0	0	1.0
NP_mature_chondrocyte	healthy_vs_degenerated_severe	TBPL1	0.0	1.0	26	0	0	0	1.0
NP_mature_chondrocyte	healthy_vs_degenerated_severe	MEF2C	0.0	1.0	33	0	0	0	1.0
NP_mature_chondrocyte	healthy_vs_degenerated_severe	POU4F2	0.0	1.0	15	0	0	0	1.0
NP_mature_chondrocyte	healthy_vs_degenerated_severe	TAL1	0.0	1.0	60	0	0	0	1.0
NP_mature_chondrocyte	healthy_vs_degenerated_severe	EPAS1	0.0	1.0	61	0	0	0	1.0
NP_mature_chondrocyte	healthy_vs_degenerated_severe	SMARCA1	0.030303030303030304	0.01486861877967949	33	1	1	0	0.4347300919392003
NP_mature_chondrocyte	healthy_vs_degenerated_severe	NFATC4	0.0	1.0	27	0	0	0	1.0
NP_mature_chondrocyte	healthy_vs_degenerated_severe	FOXM1	0.0	1.0	58	0	0	0	1.0
NP_mature_chondrocyte	healthy_vs_degenerated_severe	MYF5	0.0	1.0	12	0	0	0	1.0
NP_mature_chondrocyte	healthy_vs_degenerated_severe	MYOG	0.0	1.0	29	0	0	0	1.0
NP_mature_chondrocyte	healthy_vs_degenerated_severe	SMAD7	0.0	1.0	43	0	0	0	1.0
NP_mature_chondrocyte	healthy_vs_degenerated_severe	SOX10	0.0	1.0	15	0	0	0	1.0
NP_mature_chondrocyte	healthy_vs_degenerated_severe	POU3F1	0.0	1.0	5	0	0	0	1.0
NP_mature_chondrocyte	healthy_vs_degenerated_severe	NKRF	0.0	1.0	7	0	0	0	1.0
NP_mature_chondrocyte	healthy_vs_degenerated_severe	ATF6	0.0	1.0	39	0	0	0	1.0
NP_mature_chondrocyte	healthy_vs_degenerated_severe	NKX6-1	0.0	1.0	6	0	0	0	1.0
NP_mature_chondrocyte	healthy_vs_degenerated_severe	ERG	0.0	1.0	34	0	0	0	1.0
NP_mature_chondrocyte	healthy_vs_degenerated_severe	PITX3	0.0	1.0	9	0	0	0	1.0
NP_mature_chondrocyte	healthy_vs_degenerated_severe	HOXB2	0.0	1.0	5	0	0	0	1.0
NP_mature_chondrocyte	healthy_vs_degenerated_severe	SATB1	0.0	1.0	23	0	0	0	1.0
NP_mature_chondrocyte	healthy_vs_degenerated_severe	NFKB2	0.0	1.0	42	0	0	0	1.0
NP_mature_chondrocyte	healthy_vs_degenerated_severe	RORA	0.0	1.0	34	0	0	0	1.0
NP_mature_chondrocyte	healthy_vs_degenerated_severe	PROX1	0.0	1.0	14	0	0	0	1.0
NP_mature_chondrocyte	healthy_vs_degenerated_severe	KLF3	0.0	1.0	5	0	0	0	1.0
NP_mature_chondrocyte	healthy_vs_degenerated_severe	PEG3	0.0	1.0	6	0	0	0	1.0
NP_mature_chondrocyte	healthy_vs_degenerated_severe	NR2E3	0.0	1.0	6	0	0	0	1.0
NP_mature_chondrocyte	healthy_vs_degenerated_severe	NCOR2	0.0	1.0	41	0	0	0	1.0
NP_mature_chondrocyte	healthy_vs_degenerated_severe	NCOA3	0.0	1.0	50	0	0	0	1.0
NP_mature_chondrocyte	healthy_vs_degenerated_severe	ZFHX3	0.0	1.0	5	0	0	0	1.0
NP_mature_chondrocyte	healthy_vs_degenerated_severe	SMAD1	0.022727272727272728	0.019785326458476304	44	1	1	0	0.5061746018960188
NP_mature_chondrocyte	healthy_vs_degenerated_severe	SPDEF	0.0	1.0	8	0	0	0	1.0
NP_mature_chondrocyte	healthy_vs_degenerated_severe	PAX2	0.0	1.0	9	0	0	0	1.0
NP_mature_chondrocyte	healthy_vs_degenerated_severe	KLF13	0.0	1.0	9	0	0	0	1.0
NP_mature_chondrocyte	healthy_vs_degenerated_severe	MAFB	0.037037037037037035	0.012178474567130082	27	1	1	0	0.430729172016177
NP_mature_chondrocyte	healthy_vs_degenerated_severe	ELK3	0.0	1.0	18	0	0	0	1.0
NP_mature_chondrocyte	healthy_vs_degenerated_severe	KLF6	0.0	1.0	37	0	0	0	1.0
NP_mature_chondrocyte	healthy_vs_degenerated_severe	SNAI1	0.0	1.0	68	0	0	0	1.0
NP_mature_chondrocyte	healthy_vs_degenerated_severe	HESX1	0.0	1.0	14	0	0	0	1.0
NP_mature_chondrocyte	healthy_vs_degenerated_severe	BACH2	0.0	1.0	6	0	0	0	1.0
NP_mature_chondrocyte	healthy_vs_degenerated_severe	PATZ1	0.0	1.0	8	0	0	0	1.0
NP_mature_chondrocyte	healthy_vs_degenerated_severe	ZHX2	0.0	1.0	7	0	0	0	1.0
NP_mature_chondrocyte	healthy_vs_degenerated_severe	ONECUT1	0.0	1.0	11	0	0	0	1.0
NP_mature_chondrocyte	healthy_vs_degenerated_severe	RXRA	0.02040816326530612	0.022013693931517347	49	1	1	0	0.5309682771812063
NP_mature_chondrocyte	healthy_vs_degenerated_severe	NR1H2	0.0	1.0	29	0	0	0	1.0
NP_mature_chondrocyte	healthy_vs_degenerated_severe	KAT5	0.0	1.0	40	0	0	0	1.0
NP_mature_chondrocyte	healthy_vs_degenerated_severe	YBX3	0.0	1.0	21	0	0	0	1.0
NP_mature_chondrocyte	healthy_vs_degenerated_severe	SMAD6	0.0	1.0	17	0	0	0	1.0
NP_mature_chondrocyte	healthy_vs_degenerated_severe	MYBL1	0.0	1.0	9	0	0	0	1.0
NP_mature_chondrocyte	healthy_vs_degenerated_severe	CDX1	0.0	1.0	18	0	0	0	1.0
NP_mature_chondrocyte	healthy_vs_degenerated_severe	TFDP1	0.0	1.0	29	0	0	0	1.0
NP_mature_chondrocyte	healthy_vs_degenerated_severe	KMT2A	0.0	1.0	54	0	0	0	1.0
NP_mature_chondrocyte	healthy_vs_degenerated_severe	GATA2	0.0	1.0	39	0	0	0	1.0
NP_mature_chondrocyte	healthy_vs_degenerated_severe	PRDM1	0.030303030303030304	0.01486861877967949	33	1	1	0	0.4347300919392003
NP_mature_chondrocyte	healthy_vs_degenerated_severe	MXD1	0.0	1.0	16	0	0	0	1.0
NP_mature_chondrocyte	healthy_vs_degenerated_severe	CLOCK	0.0	1.0	45	0	0	0	1.0
NP_mature_chondrocyte	healthy_vs_degenerated_severe	BHLHE40	0.0	1.0	26	0	0	0	1.0
NP_mature_chondrocyte	healthy_vs_degenerated_severe	SRY	0.0	1.0	19	0	0	0	1.0
NP_mature_chondrocyte	healthy_vs_degenerated_severe	MAF	0.03571428571428571	0.012627239570506816	28	1	1	0	0.430729172016177
NP_mature_chondrocyte	healthy_vs_degenerated_severe	AIRE	0.0	1.0	11	0	0	0	1.0
NP_mature_chondrocyte	healthy_vs_degenerated_severe	ZGPAT	0.0	1.0	5	0	0	0	1.0
NP_mature_chondrocyte	healthy_vs_degenerated_severe	ETV1	0.0	1.0	13	0	0	0	1.0
NP_mature_chondrocyte	healthy_vs_degenerated_severe	KLF4	0.0	1.0	74	0	0	0	1.0
NP_mature_chondrocyte	healthy_vs_degenerated_severe	EGR2	0.0	1.0	45	0	0	0	1.0
NP_mature_chondrocyte	healthy_vs_degenerated_severe	NEUROG3	0.0	1.0	11	0	0	0	1.0
NP_mature_chondrocyte	healthy_vs_degenerated_severe	CXXC1	0.0	1.0	11	0	0	0	1.0
NP_mature_chondrocyte	healthy_vs_degenerated_severe	TBX21	0.0	1.0	18	0	0	0	1.0
NP_mature_chondrocyte	healthy_vs_degenerated_severe	HOXA10	0.0	1.0	30	0	0	0	1.0
NP_mature_chondrocyte	healthy_vs_degenerated_severe	LMX1B	0.0	1.0	13	0	0	0	1.0
NP_mature_chondrocyte	healthy_vs_degenerated_severe	TBX2	0.0	1.0	20	0	0	0	1.0
NP_mature_chondrocyte	healthy_vs_degenerated_severe	ZNF699	0.0	1.0	30	0	0	0	1.0
NP_mature_chondrocyte	healthy_vs_degenerated_severe	RFX5	0.0	1.0	13	0	0	0	1.0
NP_mature_chondrocyte	healthy_vs_degenerated_severe	RFXANK	0.0	1.0	8	0	0	0	1.0
NP_mature_chondrocyte	healthy_vs_degenerated_severe	RFXAP	0.0	1.0	7	0	0	0	1.0
NP_mature_chondrocyte	healthy_vs_degenerated_severe	BARX2	0.0	1.0	10	0	0	0	1.0
NP_mature_chondrocyte	healthy_vs_degenerated_severe	FOXO4	0.0	1.0	21	0	0	0	1.0
NP_mature_chondrocyte	healthy_vs_degenerated_severe	DLX5	0.0	1.0	20	0	0	0	1.0
NP_mature_chondrocyte	healthy_vs_degenerated_severe	ID4	0.0	1.0	9	0	0	0	1.0
NP_mature_chondrocyte	healthy_vs_degenerated_severe	SPIB	0.0	1.0	9	0	0	0	1.0
NP_mature_chondrocyte	healthy_vs_degenerated_severe	FOXN1	0.0	1.0	31	0	0	0	1.0
NP_mature_chondrocyte	healthy_vs_degenerated_severe	TBX5	0.0	1.0	11	0	0	0	1.0
NP_mature_chondrocyte	healthy_vs_degenerated_severe	TLX1	0.0	1.0	6	0	0	0	1.0
NP_mature_chondrocyte	healthy_vs_degenerated_severe	HIVEP1	0.0	1.0	8	0	0	0	1.0
NP_mature_chondrocyte	healthy_vs_degenerated_severe	SMAD2	0.0	1.0	57	0	0	0	1.0
NP_mature_chondrocyte	healthy_vs_degenerated_severe	NKX3-1	0.0	1.0	50	0	0	0	1.0
NP_mature_chondrocyte	healthy_vs_degenerated_severe	HAND2	0.0	1.0	17	0	0	0	1.0
NP_mature_chondrocyte	healthy_vs_degenerated_severe	PAX7	0.0	1.0	9	0	0	0	1.0
NP_mature_chondrocyte	healthy_vs_degenerated_severe	SFPQ	0.0	1.0	19	0	0	0	1.0
NP_mature_chondrocyte	healthy_vs_degenerated_severe	BMAL1	0.0	1.0	44	0	0	0	1.0
NP_mature_chondrocyte	healthy_vs_degenerated_severe	SKIL	0.0	1.0	14	0	0	0	1.0
NP_mature_chondrocyte	healthy_vs_degenerated_severe	TBXT	0.0	1.0	6	0	0	0	1.0
NP_mature_chondrocyte	healthy_vs_degenerated_severe	MSX2	0.0	1.0	22	0	0	0	1.0
NP_mature_chondrocyte	healthy_vs_degenerated_severe	MZF1	0.0	1.0	14	0	0	0	1.0
NP_mature_chondrocyte	healthy_vs_degenerated_severe	HOXA5	0.0	1.0	9	0	0	0	1.0
NP_mature_chondrocyte	healthy_vs_degenerated_severe	HOXB4	0.0	1.0	5	0	0	0	1.0
NP_mature_chondrocyte	healthy_vs_degenerated_severe	CREB3	0.0	1.0	8	0	0	0	1.0
NP_mature_chondrocyte	healthy_vs_degenerated_severe	NFE2	0.0	1.0	11	0	0	0	1.0
NP_mature_chondrocyte	healthy_vs_degenerated_severe	ZNF76	0.0	1.0	6	0	0	0	1.0
NP_mature_chondrocyte	healthy_vs_degenerated_severe	FOXQ1	0.0	1.0	9	0	0	0	1.0
NP_mature_chondrocyte	healthy_vs_degenerated_severe	ZGLP1	0.0	1.0	9	0	0	0	1.0
NP_mature_chondrocyte	healthy_vs_degenerated_severe	NFYB	0.0	1.0	29	0	0	0	1.0
NP_mature_chondrocyte	healthy_vs_degenerated_severe	ETV3	0.0	1.0	10	0	0	0	1.0
NP_mature_chondrocyte	healthy_vs_degenerated_severe	GSC	0.0	1.0	5	0	0	0	1.0
NP_mature_chondrocyte	healthy_vs_degenerated_severe	IRF7	0.0	1.0	8	0	0	0	1.0
NP_mature_chondrocyte	healthy_vs_degenerated_severe	NFATC3	0.0	1.0	18	0	0	0	1.0
NP_mature_chondrocyte	healthy_vs_degenerated_severe	KDM5A	0.0	1.0	13	0	0	0	1.0
NP_mature_chondrocyte	healthy_vs_degenerated_severe	GRHL3	0.0	1.0	14	0	0	0	1.0
NP_mature_chondrocyte	healthy_vs_degenerated_severe	THRA	0.0	1.0	40	0	0	0	1.0
NP_mature_chondrocyte	healthy_vs_degenerated_severe	SOX17	0.04	0.011280455043064406	25	1	1	0	0.430729172016177
NP_mature_chondrocyte	healthy_vs_degenerated_severe	TBX15	0.0	1.0	19	0	0	0	1.0
NP_mature_chondrocyte	healthy_vs_degenerated_severe	NFAT5	0.0	1.0	35	0	0	0	1.0
NP_mature_chondrocyte	healthy_vs_degenerated_severe	BMAL2	0.0	1.0	6	0	0	0	1.0
NP_mature_chondrocyte	healthy_vs_degenerated_severe	NFE2L2	0.0	1.0	143	0	0	0	1.0
NP_mature_chondrocyte	healthy_vs_degenerated_severe	ZIC1	0.0	1.0	9	0	0	0	1.0
NP_mature_chondrocyte	healthy_vs_degenerated_severe	MEIS1	0.0	1.0	9	0	0	0	1.0
NP_mature_chondrocyte	healthy_vs_degenerated_severe	HOXA9	0.0	1.0	27	0	0	0	1.0
NP_mature_chondrocyte	healthy_vs_degenerated_severe	MAFA	0.09090909090909091	0.004976014808969327	11	1	1	0	0.3029473586905103
NP_mature_chondrocyte	healthy_vs_degenerated_severe	NR1D1	0.0	1.0	13	0	0	0	1.0
NP_mature_chondrocyte	healthy_vs_degenerated_severe	MYF6	0.0	1.0	6	0	0	0	1.0
NP_mature_chondrocyte	healthy_vs_degenerated_severe	ZNF263	0.0	1.0	6	0	0	0	1.0
NP_mature_chondrocyte	healthy_vs_degenerated_severe	NFIA	0.0	1.0	31	0	0	0	1.0
NP_mature_chondrocyte	healthy_vs_degenerated_severe	HEY2	0.0	1.0	10	0	0	0	1.0
NP_mature_chondrocyte	healthy_vs_degenerated_severe	HOXB7	0.0	1.0	11	0	0	0	1.0
NP_mature_chondrocyte	healthy_vs_degenerated_severe	ZNF350	0.0	1.0	9	0	0	0	1.0
NP_mature_chondrocyte	healthy_vs_degenerated_severe	BCL11A	0.0	1.0	8	0	0	0	1.0
NP_mature_chondrocyte	healthy_vs_degenerated_severe	TWIST1	0.0	1.0	53	0	0	0	1.0
NP_mature_chondrocyte	healthy_vs_degenerated_severe	ZNF395	0.0	1.0	5	0	0	0	1.0
NP_mature_chondrocyte	healthy_vs_degenerated_severe	TFDP2	0.0	1.0	5	0	0	0	1.0
NP_mature_chondrocyte	healthy_vs_degenerated_severe	GTF3A	0.0	1.0	16	0	0	0	1.0
NP_mature_chondrocyte	healthy_vs_degenerated_severe	KLF10	0.0	1.0	17	0	0	0	1.0
NP_mature_chondrocyte	healthy_vs_degenerated_severe	KLF2	0.0	1.0	34	0	0	0	1.0
NP_mature_chondrocyte	healthy_vs_degenerated_severe	PHF20	0.0	1.0	7	0	0	0	1.0
NP_mature_chondrocyte	healthy_vs_degenerated_severe	TGIF1	0.0	1.0	8	0	0	0	1.0
NP_mature_chondrocyte	healthy_vs_degenerated_severe	FOXG1	0.0	1.0	12	0	0	0	1.0
NP_mature_chondrocyte	healthy_vs_degenerated_severe	SF1	0.0	1.0	5	0	0	0	1.0
NP_mature_chondrocyte	healthy_vs_degenerated_severe	MBD2	0.0	1.0	57	0	0	0	1.0
NP_mature_chondrocyte	healthy_vs_degenerated_severe	FOXF2	0.0	1.0	8	0	0	0	1.0
NP_mature_chondrocyte	healthy_vs_degenerated_severe	HEY1	0.0	1.0	21	0	0	0	1.0
NP_mature_chondrocyte	healthy_vs_degenerated_severe	ZBTB17	0.0	1.0	36	0	0	0	1.0
NP_mature_chondrocyte	healthy_vs_degenerated_severe	IRF5	0.0	1.0	12	0	0	0	1.0
NP_mature_chondrocyte	healthy_vs_degenerated_severe	THRB	0.0	1.0	30	0	0	0	1.0
NP_mature_chondrocyte	healthy_vs_degenerated_severe	POU3F2	0.0	1.0	13	0	0	0	1.0
NP_mature_chondrocyte	healthy_vs_degenerated_severe	FOXI1	0.0	1.0	5	0	0	0	1.0
NP_mature_chondrocyte	healthy_vs_degenerated_severe	KCNIP3	0.0	1.0	8	0	0	0	1.0
NP_mature_chondrocyte	healthy_vs_degenerated_severe	FOSB	0.0	1.0	20	0	0	0	1.0
NP_mature_chondrocyte	healthy_vs_degenerated_severe	NFE2L1	0.0	1.0	8	0	0	0	1.0
NP_mature_chondrocyte	healthy_vs_degenerated_severe	TRERF1	0.0	1.0	5	0	0	0	1.0
NP_mature_chondrocyte	healthy_vs_degenerated_severe	FOXP1	0.0	1.0	11	0	0	0	1.0
NP_mature_chondrocyte	healthy_vs_degenerated_severe	FOXP2	0.0	1.0	5	0	0	0	1.0
NP_mature_chondrocyte	healthy_vs_degenerated_severe	BARX1	0.0	1.0	7	0	0	0	1.0
NP_mature_chondrocyte	healthy_vs_degenerated_severe	ZFPM2	0.0	1.0	7	0	0	0	1.0
NP_mature_chondrocyte	healthy_vs_degenerated_severe	IKZF1	0.0	1.0	14	0	0	0	1.0
NP_mature_chondrocyte	healthy_vs_degenerated_severe	BCL3	0.0	1.0	19	0	0	0	1.0
NP_mature_chondrocyte	healthy_vs_degenerated_severe	SP2	0.0	1.0	16	0	0	0	1.0
NP_mature_chondrocyte	healthy_vs_degenerated_severe	SIM2	0.0	1.0	8	0	0	0	1.0
NP_mature_chondrocyte	healthy_vs_degenerated_severe	NFATC1	0.0	1.0	64	0	0	0	1.0
NP_mature_chondrocyte	healthy_vs_degenerated_severe	POU2F3	0.0	1.0	5	0	0	0	1.0
NP_mature_chondrocyte	healthy_vs_degenerated_severe	HOXA7	0.0	1.0	10	0	0	0	1.0
NP_mature_chondrocyte	healthy_vs_degenerated_severe	NPAS2	0.0	1.0	6	0	0	0	1.0
NP_mature_chondrocyte	healthy_vs_degenerated_severe	DLX2	0.08333333333333333	0.00542739567686582	12	1	1	0	0.3029473586905103
NP_mature_chondrocyte	healthy_vs_degenerated_severe	PRRX1	0.0	1.0	5	0	0	0	1.0
NP_mature_chondrocyte	healthy_vs_degenerated_severe	VEZF1	0.0	1.0	6	0	0	0	1.0
NP_mature_chondrocyte	healthy_vs_degenerated_severe	CTBP2	0.0	1.0	9	0	0	0	1.0
NP_mature_chondrocyte	healthy_vs_degenerated_severe	SOX6	0.0	1.0	15	0	0	0	1.0
NP_mature_chondrocyte	healthy_vs_degenerated_severe	HIPK2	0.0	1.0	7	0	0	0	1.0
NP_mature_chondrocyte	healthy_vs_degenerated_severe	RORC	0.0	1.0	6	0	0	0	1.0
NP_mature_chondrocyte	healthy_vs_degenerated_severe	PPARD	0.0	1.0	60	0	0	0	1.0
NP_mature_chondrocyte	healthy_vs_degenerated_severe	MECOM	0.0	1.0	12	0	0	0	1.0
NP_mature_chondrocyte	healthy_vs_degenerated_severe	SIRT1	0.0	1.0	39	0	0	0	1.0
NP_mature_chondrocyte	healthy_vs_degenerated_severe	ZBTB7B	0.0	1.0	12	0	0	0	1.0
NP_mature_chondrocyte	healthy_vs_degenerated_severe	ZBTB7A	0.0	1.0	29	0	0	0	1.0
NP_mature_chondrocyte	healthy_vs_degenerated_severe	NR6A1	0.0	1.0	5	0	0	0	1.0
NP_mature_chondrocyte	healthy_vs_degenerated_severe	STAT2	0.0	1.0	29	0	0	0	1.0
NP_mature_chondrocyte	healthy_vs_degenerated_severe	ESRRG	0.0	1.0	14	0	0	0	1.0
NP_mature_chondrocyte	healthy_vs_degenerated_severe	PRDM2	0.0	1.0	7	0	0	0	1.0
NP_mature_chondrocyte	healthy_vs_degenerated_severe	PURA	0.0	1.0	13	0	0	0	1.0
NP_mature_chondrocyte	healthy_vs_degenerated_severe	NEUROD6	0.0	1.0	8	0	0	0	1.0
NP_mature_chondrocyte	healthy_vs_degenerated_severe	NEUROG2	0.0	1.0	8	0	0	0	1.0
NP_mature_chondrocyte	healthy_vs_degenerated_severe	HMGB2	0.0	1.0	6	0	0	0	1.0
NP_mature_chondrocyte	healthy_vs_degenerated_severe	DLX3	0.0	1.0	10	0	0	0	1.0
NP_mature_chondrocyte	healthy_vs_degenerated_severe	TWIST2	0.0	1.0	24	0	0	0	1.0
NP_mature_chondrocyte	healthy_vs_degenerated_severe	TFAP4	0.0	1.0	23	0	0	0	1.0
NP_mature_chondrocyte	healthy_vs_degenerated_severe	KAT6B	0.0	1.0	6	0	0	0	1.0
NP_mature_chondrocyte	healthy_vs_degenerated_severe	SALL3	0.0	1.0	5	0	0	0	1.0
NP_mature_chondrocyte	healthy_vs_degenerated_severe	MXI1	0.0	1.0	8	0	0	0	1.0
NP_mature_chondrocyte	healthy_vs_degenerated_severe	E2F5	0.0	1.0	9	0	0	0	1.0
NP_mature_chondrocyte	healthy_vs_degenerated_severe	E2F2	0.0	1.0	43	0	0	0	1.0
NP_mature_chondrocyte	healthy_vs_degenerated_severe	FOXD3	0.0	1.0	8	0	0	0	1.0
NP_mature_chondrocyte	healthy_vs_degenerated_severe	POU5F1	0.0	1.0	40	0	0	0	1.0
NP_mature_chondrocyte	healthy_vs_degenerated_severe	PLAGL1	0.0	1.0	14	0	0	0	1.0
NP_mature_chondrocyte	healthy_vs_degenerated_severe	SNAI2	-0.037037037037037035	0.012178474567130082	27	1	0	1	0.430729172016177
NP_mature_chondrocyte	healthy_vs_degenerated_severe	NOTCH1	0.0	1.0	40	0	0	0	1.0
NP_mature_chondrocyte	healthy_vs_degenerated_severe	FOXC2	0.0	1.0	11	0	0	0	1.0
NP_mature_chondrocyte	healthy_vs_degenerated_severe	FOXD1	0.0	1.0	5	0	0	0	1.0
NP_mature_chondrocyte	healthy_vs_degenerated_severe	KLF9	0.0	1.0	16	0	0	0	1.0
NP_mature_chondrocyte	healthy_vs_degenerated_severe	TBPL2	0.0	1.0	8	0	0	0	1.0
NP_mature_chondrocyte	healthy_vs_degenerated_severe	NFIL3	0.0	1.0	15	0	0	0	1.0
NP_mature_chondrocyte	healthy_vs_degenerated_severe	ZNF384	0.0	1.0	10	0	0	0	1.0
NP_mature_chondrocyte	healthy_vs_degenerated_severe	HOXA11	0.0	1.0	5	0	0	0	1.0
NP_mature_chondrocyte	healthy_vs_degenerated_severe	MEF2D	0.0	1.0	17	0	0	0	1.0
NP_mature_chondrocyte	healthy_vs_degenerated_severe	SMAD5	0.0	1.0	26	0	0	0	1.0
NP_mature_chondrocyte	healthy_vs_degenerated_severe	MLXIPL	0.0	1.0	10	0	0	0	1.0
NP_mature_chondrocyte	healthy_vs_degenerated_severe	ZBTB33	0.0	1.0	7	0	0	0	1.0
NP_mature_chondrocyte	healthy_vs_degenerated_severe	KLF15	0.0	1.0	12	0	0	0	1.0
NP_mature_chondrocyte	healthy_vs_degenerated_severe	DNMT3A	0.0	1.0	40	0	0	0	1.0
NP_mature_chondrocyte	healthy_vs_degenerated_severe	DNMT3B	0.0	1.0	51	0	0	0	1.0
NP_mature_chondrocyte	healthy_vs_degenerated_severe	OLIG2	0.0	1.0	10	0	0	0	1.0
NP_mature_chondrocyte	healthy_vs_degenerated_severe	MAFG	0.0	1.0	9	0	0	0	1.0
NP_mature_chondrocyte	healthy_vs_degenerated_severe	TEF	0.0	1.0	9	0	0	0	1.0
NP_mature_chondrocyte	healthy_vs_degenerated_severe	HOXD13	0.0	1.0	8	0	0	0	1.0
NP_mature_chondrocyte	healthy_vs_degenerated_severe	ZKSCAN7	0.0	1.0	8	0	0	0	1.0
NP_mature_chondrocyte	healthy_vs_degenerated_severe	BACH1	0.0	1.0	14	0	0	0	1.0
NP_mature_chondrocyte	healthy_vs_degenerated_severe	TEAD4	0.0	1.0	7	0	0	0	1.0
NP_mature_chondrocyte	healthy_vs_degenerated_severe	GCM1	0.0	1.0	5	0	0	0	1.0
NP_mature_chondrocyte	healthy_vs_degenerated_severe	BHLHE41	0.0	1.0	17	0	0	0	1.0
NP_mature_chondrocyte	healthy_vs_degenerated_severe	MTA1	0.0	1.0	40	0	0	0	1.0
NP_mature_chondrocyte	healthy_vs_degenerated_severe	EHF	0.0	1.0	8	0	0	0	1.0
NP_mature_chondrocyte	healthy_vs_degenerated_severe	TCF7L2	0.0	1.0	74	0	0	0	1.0
NP_mature_chondrocyte	healthy_vs_degenerated_severe	VSX2	0.0	1.0	14	0	0	0	1.0
NP_mature_chondrocyte	healthy_vs_degenerated_severe	TSC22D1	0.0	1.0	7	0	0	0	1.0
NP_mature_chondrocyte	healthy_vs_degenerated_severe	SOX5	0.0	1.0	10	0	0	0	1.0
NP_mature_chondrocyte	healthy_vs_degenerated_severe	SOX2	0.0	1.0	34	0	0	0	1.0
NP_mature_chondrocyte	healthy_vs_degenerated_severe	NKX3-2	0.0	1.0	6	0	0	0	1.0
NP_mature_chondrocyte	healthy_vs_degenerated_severe	PAX9	0.0	1.0	6	0	0	0	1.0
NP_mature_chondrocyte	healthy_vs_degenerated_severe	TCF21	0.0	1.0	6	0	0	0	1.0
NP_mature_chondrocyte	healthy_vs_degenerated_severe	HIC1	0.0	1.0	17	0	0	0	1.0
NP_mature_chondrocyte	healthy_vs_degenerated_severe	ZEB2	0.0	1.0	17	0	0	0	1.0
NP_mature_chondrocyte	healthy_vs_degenerated_severe	NONO	0.0	1.0	11	0	0	0	1.0
NP_mature_chondrocyte	healthy_vs_degenerated_severe	CEBPZ	0.0	1.0	13	0	0	0	1.0
NP_mature_chondrocyte	healthy_vs_degenerated_severe	SIX1	0.0	1.0	7	0	0	0	1.0
NP_mature_chondrocyte	healthy_vs_degenerated_severe	NFIX	0.0	1.0	15	0	0	0	1.0
NP_mature_chondrocyte	healthy_vs_degenerated_severe	MNT	0.0	1.0	8	0	0	0	1.0
NP_mature_chondrocyte	healthy_vs_degenerated_severe	HOXA1	0.0	1.0	14	0	0	0	1.0
NP_mature_chondrocyte	healthy_vs_degenerated_severe	BCL11B	0.0	1.0	18	0	0	0	1.0
NP_mature_chondrocyte	healthy_vs_degenerated_severe	RXRB	0.14285714285714285	0.0031688521877349463	7	1	1	0	0.3029473586905103
NP_mature_chondrocyte	healthy_vs_degenerated_severe	E2F6	0.0	1.0	33	0	0	0	1.0
NP_mature_chondrocyte	healthy_vs_degenerated_severe	HOXA13	0.0	1.0	6	0	0	0	1.0
NP_mature_chondrocyte	healthy_vs_degenerated_severe	KAT6A	0.0	1.0	11	0	0	0	1.0
NP_mature_chondrocyte	healthy_vs_degenerated_severe	GFI1	0.0	1.0	32	0	0	0	1.0
NP_mature_chondrocyte	healthy_vs_degenerated_severe	RUNX3	0.0	1.0	44	0	0	0	1.0
NP_mature_chondrocyte	healthy_vs_degenerated_severe	GLI1	0.0	1.0	113	0	0	0	1.0
NP_mature_chondrocyte	healthy_vs_degenerated_severe	KLF8	0.0	1.0	15	0	0	0	1.0
NP_mature_chondrocyte	healthy_vs_degenerated_severe	HIF3A	0.0	1.0	5	0	0	0	1.0
NP_mature_chondrocyte	healthy_vs_degenerated_severe	MEOX2	0.0	1.0	6	0	0	0	1.0
NP_mature_chondrocyte	healthy_vs_degenerated_severe	JARID2	0.0	1.0	10	0	0	0	1.0
NP_mature_chondrocyte	healthy_vs_degenerated_severe	NFYC	0.0	1.0	18	0	0	0	1.0
NP_mature_chondrocyte	healthy_vs_degenerated_severe	GFI1B	0.0	1.0	9	0	0	0	1.0
NP_mature_chondrocyte	healthy_vs_degenerated_severe	ASCL2	0.0	1.0	5	0	0	0	1.0
NP_mature_chondrocyte	healthy_vs_degenerated_severe	MSC	0.0	1.0	13	0	0	0	1.0
NP_mature_chondrocyte	healthy_vs_degenerated_severe	HOXB9	0.0	1.0	5	0	0	0	1.0
NP_mature_chondrocyte	healthy_vs_degenerated_severe	HLX	0.0	1.0	12	0	0	0	1.0
NP_mature_chondrocyte	healthy_vs_degenerated_severe	RCOR2	0.0	1.0	12	0	0	0	1.0
NP_mature_chondrocyte	healthy_vs_degenerated_severe	NKX2-2	0.0	1.0	9	0	0	0	1.0
NP_mature_chondrocyte	healthy_vs_degenerated_severe	ARID4A	0.0	1.0	6	0	0	0	1.0
NP_mature_chondrocyte	healthy_vs_degenerated_severe	HINFP	0.0	1.0	9	0	0	0	1.0
NP_mature_chondrocyte	healthy_vs_degenerated_severe	SMARCC1	0.0	1.0	6	0	0	0	1.0
NP_mature_chondrocyte	healthy_vs_degenerated_severe	KAT2B	0.0	1.0	12	0	0	0	1.0
NP_mature_chondrocyte	healthy_vs_degenerated_severe	HDGF	0.0	1.0	5	0	0	0	1.0
NP_mature_chondrocyte	healthy_vs_degenerated_severe	EP300	0.0	1.0	42	0	0	0	1.0
NP_mature_chondrocyte	healthy_vs_degenerated_severe	TRPS1	0.0	1.0	12	0	0	0	1.0
NP_mature_chondrocyte	healthy_vs_degenerated_severe	CTNNB1	0.005	0.08742544449465604	200	1	1	0	1.0
NP_mature_chondrocyte	healthy_vs_degenerated_severe	PML	0.0	1.0	15	0	0	0	1.0
NP_mature_chondrocyte	healthy_vs_degenerated_severe	KLF7	0.0	1.0	8	0	0	0	1.0
NP_mature_chondrocyte	healthy_vs_degenerated_severe	PROP1	0.0	1.0	6	0	0	0	1.0
NP_mature_chondrocyte	healthy_vs_degenerated_severe	LMO2	0.0	1.0	18	0	0	0	1.0
NP_mature_chondrocyte	healthy_vs_degenerated_severe	MEOX1	0.0	1.0	6	0	0	0	1.0
NP_mature_chondrocyte	healthy_vs_degenerated_severe	FOXL2	0.0	1.0	13	0	0	0	1.0
NP_mature_chondrocyte	healthy_vs_degenerated_severe	HTATIP2	0.0	1.0	11	0	0	0	1.0
NP_mature_chondrocyte	healthy_vs_degenerated_severe	EZH2	0.0	1.0	97	0	0	0	1.0
NP_mature_chondrocyte	healthy_vs_degenerated_severe	GLI2	-0.009900990099009901	0.044949389632988966	101	1	0	1	0.7666368120737563
NP_mature_chondrocyte	healthy_vs_degenerated_severe	TCF7	0.0	1.0	12	0	0	0	1.0
NP_mature_chondrocyte	healthy_vs_degenerated_severe	FOXC1	0.1111111111111111	0.004072761417523664	9	1	1	0	0.3029473586905103
NP_mature_chondrocyte	healthy_vs_degenerated_severe	HOXB13	0.0	1.0	8	0	0	0	1.0
NP_mature_chondrocyte	healthy_vs_degenerated_severe	ABL1	0.0	1.0	10	0	0	0	1.0
NP_mature_chondrocyte	healthy_vs_degenerated_severe	TBX3	0.0	1.0	11	0	0	0	1.0
NP_mature_chondrocyte	healthy_vs_degenerated_severe	NFKBIZ	0.0	1.0	5	0	0	0	1.0
NP_mature_chondrocyte	healthy_vs_degenerated_severe	PLAGL2	0.0	1.0	5	0	0	0	1.0
NP_mature_chondrocyte	healthy_vs_degenerated_severe	TET1	0.0	1.0	9	0	0	0	1.0
NP_mature_chondrocyte	healthy_vs_degenerated_severe	FOXH1	0.0	1.0	7	0	0	0	1.0
NP_mature_chondrocyte	healthy_vs_degenerated_severe	FOXP3	0.0	1.0	27	0	0	0	1.0
NP_mature_chondrocyte	healthy_vs_degenerated_severe	CREB3L1	0.0	1.0	7	0	0	0	1.0
NP_mature_chondrocyte	healthy_vs_degenerated_severe	TFDP3	0.0	1.0	5	0	0	0	1.0
NP_mature_chondrocyte	healthy_vs_degenerated_severe	SP7	0.0	1.0	24	0	0	0	1.0
NP_mature_chondrocyte	healthy_vs_degenerated_severe	OVOL1	0.0	1.0	8	0	0	0	1.0
NP_mature_chondrocyte	healthy_vs_degenerated_severe	ZNF436	0.0	1.0	5	0	0	0	1.0
NP_mature_chondrocyte	healthy_vs_degenerated_severe	ATF7	0.0	1.0	5	0	0	0	1.0
NP_mature_chondrocyte	healthy_vs_degenerated_severe	SCX	0.0	1.0	8	0	0	0	1.0
NP_mature_chondrocyte	healthy_vs_degenerated_severe	NANOG	0.0	1.0	31	0	0	0	1.0
NP_mature_chondrocyte	healthy_vs_degenerated_severe	ARX	0.0	1.0	13	0	0	0	1.0
NP_mature_chondrocyte	healthy_vs_degenerated_severe	VHL	0.0	1.0	20	0	0	0	1.0
NP_mature_chondrocyte	healthy_vs_degenerated_severe	SOX4	0.0	1.0	18	0	0	0	1.0
NP_mature_chondrocyte	healthy_vs_degenerated_severe	ATF5	0.0	1.0	21	0	0	0	1.0
NP_mature_chondrocyte	healthy_vs_degenerated_severe	CTCFL	0.0	1.0	6	0	0	0	1.0
NP_mature_chondrocyte	healthy_vs_degenerated_severe	SP6	0.0	1.0	5	0	0	0	1.0
NP_mature_chondrocyte	healthy_vs_degenerated_severe	SMARCA5	0.0	1.0	8	0	0	0	1.0
NP_mature_chondrocyte	healthy_vs_degenerated_severe	EOMES	0.0	1.0	8	0	0	0	1.0
NP_mature_chondrocyte	healthy_vs_degenerated_severe	ESRRB	0.0	1.0	5	0	0	0	1.0
NP_mature_chondrocyte	healthy_vs_degenerated_severe	ZXDC	0.0	1.0	5	0	0	0	1.0
NP_mature_chondrocyte	healthy_vs_degenerated_severe	NR2E1	0.0	1.0	10	0	0	0	1.0
NP_mature_chondrocyte	healthy_vs_degenerated_severe	ZFP42	0.0	1.0	12	0	0	0	1.0
NP_mature_chondrocyte	healthy_vs_degenerated_severe	KMT2B	0.0	1.0	11	0	0	0	1.0
NP_mature_chondrocyte	healthy_vs_degenerated_severe	NFIB	0.0	1.0	14	0	0	0	1.0
NP_mature_chondrocyte	healthy_vs_degenerated_severe	EN1	0.0	1.0	5	0	0	0	1.0
NP_mature_chondrocyte	healthy_vs_degenerated_severe	MTA3	0.0	1.0	9	0	0	0	1.0
NP_mature_chondrocyte	healthy_vs_degenerated_severe	TBX18	0.0	1.0	7	0	0	0	1.0
NP_mature_chondrocyte	healthy_vs_degenerated_severe	EGR4	0.0	1.0	9	0	0	0	1.0
NP_mature_chondrocyte	healthy_vs_degenerated_severe	HSF4	0.125	0.0036208888047366983	8	1	1	0	0.3029473586905103
NP_mature_chondrocyte	healthy_vs_degenerated_severe	BCLAF1	0.0	1.0	5	0	0	0	1.0
NP_mature_chondrocyte	healthy_vs_degenerated_severe	KDM5C	0.0	1.0	10	0	0	0	1.0
NP_mature_chondrocyte	healthy_vs_degenerated_severe	FOSL2	0.0	1.0	22	0	0	0	1.0
NP_mature_chondrocyte	healthy_vs_degenerated_severe	MED1	0.0	1.0	9	0	0	0	1.0
NP_mature_chondrocyte	healthy_vs_degenerated_severe	LYL1	0.0	1.0	12	0	0	0	1.0
NP_mature_chondrocyte	healthy_vs_degenerated_severe	HOXD1	0.0	1.0	5	0	0	0	1.0
NP_mature_chondrocyte	healthy_vs_degenerated_severe	SALL4	0.0	1.0	7	0	0	0	1.0
NP_mature_chondrocyte	healthy_vs_degenerated_severe	KDM5B	0.0	1.0	20	0	0	0	1.0
NP_mature_chondrocyte	healthy_vs_degenerated_severe	TADA2A	0.0	1.0	6	0	0	0	1.0
NP_mature_chondrocyte	healthy_vs_degenerated_severe	SATB2	0.0	1.0	17	0	0	0	1.0
NP_mature_chondrocyte	healthy_vs_degenerated_severe	NSD2	0.0	1.0	6	0	0	0	1.0
NP_mature_chondrocyte	healthy_vs_degenerated_severe	PBRM1	0.0	1.0	7	0	0	0	1.0
NP_mature_chondrocyte	healthy_vs_degenerated_severe	ZBTB4	0.0	1.0	12	0	0	0	1.0
NP_mature_chondrocyte	healthy_vs_degenerated_severe	THAP11	0.0	1.0	6	0	0	0	1.0
NP_mature_chondrocyte	healthy_vs_degenerated_severe	FOXJ1	0.0	1.0	8	0	0	0	1.0
NP_mature_chondrocyte	healthy_vs_degenerated_severe	PPARGC1A	0.0	1.0	18	0	0	0	1.0
NP_mature_chondrocyte	healthy_vs_degenerated_severe	BATF	0.0	1.0	7	0	0	0	1.0
NP_mature_chondrocyte	healthy_vs_degenerated_severe	ARID3B	0.0	1.0	5	0	0	0	1.0
NP_mature_chondrocyte	healthy_vs_degenerated_severe	ZNF300	0.0	1.0	5	0	0	0	1.0
NP_mature_chondrocyte	healthy_vs_degenerated_severe	NUPR1	0.0	1.0	6	0	0	0	1.0
NP_mature_chondrocyte	healthy_vs_degenerated_severe	ZNF331	0.0	1.0	17	0	0	0	1.0
NP_mature_chondrocyte	healthy_vs_degenerated_severe	ZNF382	0.0	1.0	11	0	0	0	1.0
NP_mature_chondrocyte	healthy_vs_degenerated_severe	HOXD8	0.0	1.0	5	0	0	0	1.0
NP_mature_chondrocyte	healthy_vs_degenerated_severe	LHX8	0.14285714285714285	0.0031688521877349463	7	1	1	0	0.3029473586905103
NP_mature_chondrocyte	healthy_vs_degenerated_severe	IRX1	0.0	1.0	11	0	0	0	1.0
NP_mature_chondrocyte	healthy_vs_degenerated_severe	SOX11	0.0	1.0	7	0	0	0	1.0
NP_mature_chondrocyte	healthy_vs_degenerated_severe	IRF6	0.0	1.0	10	0	0	0	1.0
NP_mature_chondrocyte	healthy_vs_degenerated_severe	E2F7	0.0	1.0	5	0	0	0	1.0
NP_mature_chondrocyte	healthy_vs_degenerated_severe	HEYL	0.0	1.0	5	0	0	0	1.0
NP_mature_chondrocyte	healthy_vs_degenerated_severe	MECP2	0.0	1.0	17	0	0	0	1.0
NP_mature_chondrocyte	healthy_vs_degenerated_severe	MAML1	0.0	1.0	5	0	0	0	1.0
NP_mature_chondrocyte	healthy_vs_degenerated_severe	DOT1L	0.0	1.0	8	0	0	0	1.0
NP_mature_chondrocyte	healthy_vs_degenerated_severe	ARID3A	0.0	1.0	6	0	0	0	1.0
NP_mature_chondrocyte	healthy_vs_degenerated_severe	ARID1A	0.0	1.0	5	0	0	0	1.0
NP_mature_chondrocyte	healthy_vs_degenerated_severe	ZBTB18	0.0	1.0	6	0	0	0	1.0
NP_mature_chondrocyte	healthy_vs_degenerated_severe	TCF15	0.0	1.0	5	0	0	0	1.0
NP_mature_chondrocyte	healthy_vs_degenerated_severe	NPM1	0.0	1.0	11	0	0	0	1.0
NP_mature_chondrocyte	healthy_vs_degenerated_severe	SETBP1	0.0	1.0	5	0	0	0	1.0
NP_mature_chondrocyte	healthy_vs_degenerated_severe	KDM2A	0.0	1.0	8	0	0	0	1.0
NP_mature_chondrocyte	healthy_vs_degenerated_severe	MKX	-0.16666666666666666	0.002716651521879264	6	1	0	1	0.3029473586905103
NP_mature_chondrocyte	healthy_vs_degenerated_severe	HDAC3	0.0	1.0	14	0	0	0	1.0
NP_mature_chondrocyte	healthy_vs_degenerated_severe	BTG2	0.0	1.0	6	0	0	0	1.0
NP_mature_chondrocyte	healthy_vs_degenerated_severe	CREB5	0.0	1.0	9	0	0	0	1.0
NP_mature_chondrocyte	healthy_vs_degenerated_severe	CTBP1	0.0	1.0	8	0	0	0	1.0
NP_mature_chondrocyte	healthy_vs_degenerated_severe	HDAC1	0.0	1.0	59	0	0	0	1.0
NP_mature_chondrocyte	healthy_vs_degenerated_severe	HCFC1	0.0	1.0	7	0	0	0	1.0
NP_mature_chondrocyte	healthy_vs_degenerated_severe	ETV7	0.0	1.0	8	0	0	0	1.0
NP_mature_chondrocyte	healthy_vs_degenerated_severe	FHL2	0.0	1.0	6	0	0	0	1.0
NP_mature_chondrocyte	healthy_vs_degenerated_severe	HDAC4	0.0	1.0	16	0	0	0	1.0
NP_mature_chondrocyte	healthy_vs_degenerated_severe	HDAC7	0.0	1.0	10	0	0	0	1.0
NP_mature_chondrocyte	healthy_vs_degenerated_severe	HDAC9	0.0	1.0	14	0	0	0	1.0
NP_mature_chondrocyte	healthy_vs_degenerated_severe	ING4	0.0	1.0	14	0	0	0	1.0
NP_mature_chondrocyte	healthy_vs_degenerated_severe	SIN3A	0.0	1.0	8	0	0	0	1.0
NP_mature_chondrocyte	healthy_vs_degenerated_severe	SMARCA4	0.0	1.0	7	0	0	0	1.0
NP_mature_chondrocyte	healthy_vs_degenerated_severe	WWTR1	0.125	0.0036208888047366983	8	1	1	0	0.3029473586905103
NP_mature_chondrocyte	healthy_vs_degenerated_severe	PIN1	0.0	1.0	5	0	0	0	1.0
NP_mature_chondrocyte	healthy_vs_degenerated_severe	FGF2	0.0	1.0	8	0	0	0	1.0
NP_mature_chondrocyte	healthy_vs_degenerated_severe	PARK7	0.0	1.0	6	0	0	0	1.0
NP_mature_chondrocyte	healthy_vs_degenerated_severe	YAP1	0.125	0.0036208888047366983	8	1	1	0	0.3029473586905103
NP_mature_chondrocyte	healthy_vs_degenerated_severe	BCOR	0.0	1.0	5	0	0	0	1.0
NP_mature_chondrocyte	healthy_vs_degenerated_severe	BRD4	0.0	1.0	8	0	0	0	1.0
NP_mature_chondrocyte	healthy_vs_degenerated_severe	SRSF2	0.0	1.0	12	0	0	0	1.0
NP_mature_chondrocyte	healthy_vs_degenerated_severe	ZMYND8	0.0	1.0	6	0	0	0	1.0
NP_mature_chondrocyte	healthy_vs_degenerated_severe	ARID4B	0.0	1.0	8	0	0	0	1.0
NP_mature_chondrocyte	healthy_vs_degenerated_severe	AP1	0.0	1.0	327	0	0	0	1.0
NP_mature_chondrocyte	healthy_vs_degenerated_severe	NFKB	0.0	1.0	479	0	0	0	1.0
NP_mature_chondrocyte	mild_vs_severe	MYC	0.004405286343612335	0.007835146445336174	681	25	14	11	0.10022458161325855
NP_mature_chondrocyte	mild_vs_severe	SPI1	0.023121387283236993	0.03680174830005132	173	8	6	2	0.22783858356198283
NP_mature_chondrocyte	mild_vs_severe	SMAD3	0.018867924528301886	0.00010779358902374681	106	10	6	4	0.00507713187962874
NP_mature_chondrocyte	mild_vs_severe	SMAD4	0.038461538461538464	0.02817432679081415	78	5	4	1	0.20351807823011633
NP_mature_chondrocyte	mild_vs_severe	STAT5A	0.024390243902439025	0.5086996014635738	123	3	3	0	0.9213767481119568
NP_mature_chondrocyte	mild_vs_severe	STAT5B	0.015625	0.7591369549691431	64	1	1	0	1.0
NP_mature_chondrocyte	mild_vs_severe	RELA	0.04375	2.064314347580276e-06	320	22	18	4	0.0004224963364714298
NP_mature_chondrocyte	mild_vs_severe	WT1	0.0	0.13936689214324127	91	4	2	2	0.47914262310726213
NP_mature_chondrocyte	mild_vs_severe	NR0B2	-0.015384615384615385	0.17074140082740574	65	3	1	2	0.5092995172843318
NP_mature_chondrocyte	mild_vs_severe	SP1	0.010113780025284451	0.00011576522201107878	791	34	21	13	0.00507713187962874
NP_mature_chondrocyte	mild_vs_severe	TP53	0.01422475106685633	0.0015607159908306812	703	28	19	9	0.038436553471192694
NP_mature_chondrocyte	mild_vs_severe	ZBTB16	0.0	0.0069324404525974	35	4	2	2	0.09056422208286817
NP_mature_chondrocyte	mild_vs_severe	ETV6	0.058823529411764705	0.3142953618038922	17	1	1	0	0.6654391453365166
NP_mature_chondrocyte	mild_vs_severe	RUNX1	0.02654867256637168	0.012104115953410554	113	7	5	2	0.12176362956923317
NP_mature_chondrocyte	mild_vs_severe	STAT1	0.02926829268292683	0.2946487933371232	205	6	6	0	0.6438233420248883
NP_mature_chondrocyte	mild_vs_severe	STAT3	0.022988505747126436	0.061829035045465615	261	10	8	2	0.31901703796567976
NP_mature_chondrocyte	mild_vs_severe	ETV4	0.05	0.21863423916204358	40	2	2	0	0.5479241748795705
NP_mature_chondrocyte	mild_vs_severe	MTF1	0.0	1.0	25	0	0	0	1.0
NP_mature_chondrocyte	mild_vs_severe	CREB1	0.041666666666666664	0.0007141656322649599	264	15	13	2	0.021924884910534268
NP_mature_chondrocyte	mild_vs_severe	FOXA2	0.06818181818181818	0.0715722352002123	44	3	3	0	0.34602639695220755
NP_mature_chondrocyte	mild_vs_severe	NFATC2	0.0625	0.08781616452401644	48	3	3	0	0.41159637418126793
NP_mature_chondrocyte	mild_vs_severe	CEBPB	0.0199203187250996	0.10129896339260819	251	9	7	2	0.41773546656527205
NP_mature_chondrocyte	mild_vs_severe	FOS	0.02577319587628866	0.003659887062673148	194	11	8	3	0.07022408301504103
NP_mature_chondrocyte	mild_vs_severe	PLAG1	0.0	1.0	7	0	0	0	1.0
NP_mature_chondrocyte	mild_vs_severe	E2F1	-0.03162055335968379	1.1356578588387995e-05	253	18	5	13	0.0017432348133175572
NP_mature_chondrocyte	mild_vs_severe	E2F3	-0.03389830508474576	0.04019141538549335	59	4	1	3	0.23958766064750403
NP_mature_chondrocyte	mild_vs_severe	HBP1	0.1	0.00044326517424250707	30	5	4	1	0.014739660616994847
NP_mature_chondrocyte	mild_vs_severe	YY1	-0.006329113924050633	0.059196879206512766	158	7	3	4	0.3133352054551624
NP_mature_chondrocyte	mild_vs_severe	ESR1	0.010282776349614395	0.0023003530114536676	389	18	11	7	0.05044345532259114
NP_mature_chondrocyte	mild_vs_severe	JUN	0.031331592689295036	0.0002921852110519135	383	20	16	4	0.011960114639058324
NP_mature_chondrocyte	mild_vs_severe	NR1I3	0.0	1.0	27	0	0	0	1.0
NP_mature_chondrocyte	mild_vs_severe	CEBPG	0.052083333333333336	0.05977326555562554	96	5	5	0	0.31368192351413743
NP_mature_chondrocyte	mild_vs_severe	MAFK	0.0	1.0	16	0	0	0	1.0
NP_mature_chondrocyte	mild_vs_severe	STAT4	0.07692307692307693	0.2505959108879296	13	1	1	0	0.5864635976455209
NP_mature_chondrocyte	mild_vs_severe	IRF1	0.06451612903225806	0.016350638803008435	93	6	6	0	0.14813985237641342
NP_mature_chondrocyte	mild_vs_severe	ATF2	0.06172839506172839	0.03245853420131875	81	5	5	0	0.2214393333289968
NP_mature_chondrocyte	mild_vs_severe	NR2C2	0.0	1.0	34	0	0	0	1.0
NP_mature_chondrocyte	mild_vs_severe	IRF3	0.0196078431372549	0.6781579515279914	51	1	1	0	1.0
NP_mature_chondrocyte	mild_vs_severe	TFAP2A	0.0	0.2105126332302588	182	6	3	3	0.5479241748795705
NP_mature_chondrocyte	mild_vs_severe	HNF1A	-0.024390243902439025	0.5978710069656565	41	1	0	1	1.0
NP_mature_chondrocyte	mild_vs_severe	ETS1	0.024193548387096774	0.5141416885321008	124	3	3	0	0.9284794022314998
NP_mature_chondrocyte	mild_vs_severe	ARNT	0.0	1.0	42	0	0	0	1.0
NP_mature_chondrocyte	mild_vs_severe	AHR	0.021052631578947368	0.15560502583188093	95	4	3	1	0.4950599547649484
NP_mature_chondrocyte	mild_vs_severe	PAX6	0.01282051282051282	0.8237836340606485	78	1	1	0	1.0
NP_mature_chondrocyte	mild_vs_severe	NFYA	0.014084507042253521	0.2040133366331464	71	3	2	1	0.5446269073597909
NP_mature_chondrocyte	mild_vs_severe	ZNF148	0.0	1.0	21	0	0	0	1.0
NP_mature_chondrocyte	mild_vs_severe	NFIC	0.022222222222222223	0.6321362220324147	45	1	1	0	1.0
NP_mature_chondrocyte	mild_vs_severe	RBPJ	0.04819277108433735	0.00045611327642166465	83	8	6	2	0.014739660616994847
NP_mature_chondrocyte	mild_vs_severe	HES1	0.0	1.0	53	0	0	0	1.0
NP_mature_chondrocyte	mild_vs_severe	GATA4	0.05172413793103448	0.1342284802371403	58	3	3	0	0.47365682106669044
NP_mature_chondrocyte	mild_vs_severe	GATA6	0.05714285714285714	0.1785585641591411	35	2	2	0	0.5092995172843318
NP_mature_chondrocyte	mild_vs_severe	HNF4A	0.016	0.294130182478198	125	4	3	1	0.6438233420248883
NP_mature_chondrocyte	mild_vs_severe	RARA	0.08	0.001565006248827064	100	8	8	0	0.038436553471192694
NP_mature_chondrocyte	mild_vs_severe	DBP	0.05263157894736842	0.3440929643627629	19	1	1	0	0.7113571721169576
NP_mature_chondrocyte	mild_vs_severe	HLF	-0.09090909090909091	0.001509549294013531	11	3	1	2	0.038436553471192694
NP_mature_chondrocyte	mild_vs_severe	PPARG	-0.0048543689320388345	0.03781458887702407	206	9	4	5	0.22783858356198283
NP_mature_chondrocyte	mild_vs_severe	MAX	-0.030303030303030304	0.51951545044106	33	1	0	1	0.9299780949586322
NP_mature_chondrocyte	mild_vs_severe	USF2	-0.03125	0.4114032822027459	64	2	0	2	0.7968505213643091
NP_mature_chondrocyte	mild_vs_severe	IRF2	0.0	1.0	31	0	0	0	1.0
NP_mature_chondrocyte	mild_vs_severe	SP3	0.0	0.05689869761691629	257	10	5	5	0.30378956814597047
NP_mature_chondrocyte	mild_vs_severe	AR	0.01744186046511628	0.07639155709918861	344	12	9	3	0.36360012448761087
NP_mature_chondrocyte	mild_vs_severe	CUX1	-0.013513513513513514	0.023047987926451862	74	5	2	3	0.18206372777835123
NP_mature_chondrocyte	mild_vs_severe	ATF1	-0.01694915254237288	0.7307221952437002	59	1	0	1	1.0
NP_mature_chondrocyte	mild_vs_severe	KAT7	0.03571428571428571	0.34867562422820103	56	2	2	0	0.7184121922017297
NP_mature_chondrocyte	mild_vs_severe	CREBZF	0.0	1.0	11	0	0	0	1.0
NP_mature_chondrocyte	mild_vs_severe	GLI3	0.0	1.0	25	0	0	0	1.0
NP_mature_chondrocyte	mild_vs_severe	NKX2-5	0.03125	0.5087080091367319	32	1	1	0	0.9213767481119568
NP_mature_chondrocyte	mild_vs_severe	TGFB1I1	0.09090909090909091	0.21656993369227612	11	1	1	0	0.5479241748795705
NP_mature_chondrocyte	mild_vs_severe	RARB	0.0967741935483871	0.029816979845253402	31	3	3	0	0.20804120028392717
NP_mature_chondrocyte	mild_vs_severe	RARG	0.1	0.07027232246517681	20	2	2	0	0.34602639695220755
NP_mature_chondrocyte	mild_vs_severe	TEAD1	0.0	1.0	14	0	0	0	1.0
NP_mature_chondrocyte	mild_vs_severe	PPARA	0.019736842105263157	0.006281159278547413	152	9	6	3	0.08683314960854537
NP_mature_chondrocyte	mild_vs_severe	ESR2	0.03278688524590164	0.005373925901034978	122	8	6	2	0.08060324204960477
NP_mature_chondrocyte	mild_vs_severe	NR3C1	0.00625	0.008685802122951728	160	9	5	4	0.10255927891331464
NP_mature_chondrocyte	mild_vs_severe	PGR	0.047619047619047616	0.010246881555644185	84	6	5	1	0.11037868903799175
NP_mature_chondrocyte	mild_vs_severe	NRG1	0.038461538461538464	0.43858684160365763	26	1	1	0	0.8311491381007586
NP_mature_chondrocyte	mild_vs_severe	TBP	0.02912621359223301	0.39417947505451173	103	3	3	0	0.775724992575225
NP_mature_chondrocyte	mild_vs_severe	REL	0.13432835820895522	1.4293590584804431e-05	67	9	9	0	0.001755252923813984
NP_mature_chondrocyte	mild_vs_severe	ISL1	0.1	0.1989843594369688	10	1	1	0	0.5335213829445363
NP_mature_chondrocyte	mild_vs_severe	ZBTB14	-0.2	0.00010089200855424014	5	3	1	2	0.00507713187962874
NP_mature_chondrocyte	mild_vs_severe	MYB	-0.028037383177570093	0.009119438050118828	107	7	2	5	0.10369138819949926
NP_mature_chondrocyte	mild_vs_severe	PITX1	0.0	0.05248664890006112	17	2	1	1	0.28773930736283504
NP_mature_chondrocyte	mild_vs_severe	EGR1	0.01762114537444934	0.028066379207834554	227	10	7	3	0.20351807823011633
NP_mature_chondrocyte	mild_vs_severe	MYOD1	0.011904761904761904	0.03712886473882479	84	5	3	2	0.22783858356198283
NP_mature_chondrocyte	mild_vs_severe	ETS2	0.07352941176470588	0.0165613154577662	68	5	5	0	0.14813985237641342
NP_mature_chondrocyte	mild_vs_severe	GTF2I	-0.05555555555555555	0.32935895316586244	18	1	0	1	0.6855132109960662
NP_mature_chondrocyte	mild_vs_severe	NR2F1	0.0	1.0	21	0	0	0	1.0
NP_mature_chondrocyte	mild_vs_severe	ENO1	-0.08333333333333333	0.23377099303236587	12	1	0	1	0.560685116101065
NP_mature_chondrocyte	mild_vs_severe	JDP2	0.0	1.0	28	0	0	0	1.0
NP_mature_chondrocyte	mild_vs_severe	MAZ	0.047619047619047616	0.3726008172052835	21	1	1	0	0.7427821485845586
NP_mature_chondrocyte	mild_vs_severe	NR4A1	0.017543859649122806	0.12925621425443237	57	3	2	1	0.46141462530361327
NP_mature_chondrocyte	mild_vs_severe	HMGA1	0.0	1.0	39	0	0	0	1.0
NP_mature_chondrocyte	mild_vs_severe	NFKB1	0.05531914893617021	9.67893559056983e-07	235	19	16	3	0.0004224963364714298
NP_mature_chondrocyte	mild_vs_severe	USF1	-0.008064516129032258	0.1368024022609344	124	5	2	3	0.47914262310726213
NP_mature_chondrocyte	mild_vs_severe	DDIT3	0.04285714285714286	0.19836314084616635	70	3	3	0	0.5335213829445363
NP_mature_chondrocyte	mild_vs_severe	ATF4	0.03571428571428571	0.28010484359262194	84	3	3	0	0.6270271538323211
NP_mature_chondrocyte	mild_vs_severe	ATF3	0.0136986301369863	0.8029668968327989	73	1	1	0	1.0
NP_mature_chondrocyte	mild_vs_severe	TAF1	0.0	1.0	35	0	0	0	1.0
NP_mature_chondrocyte	mild_vs_severe	RUNX2	0.0	0.008634851055752556	81	6	3	3	0.10255927891331464
NP_mature_chondrocyte	mild_vs_severe	TFAP2B	0.16666666666666666	0.027358280951289064	12	2	2	0	0.20238535547098174
NP_mature_chondrocyte	mild_vs_severe	CREM	0.023255813953488372	0.6153834340802451	43	1	1	0	1.0
NP_mature_chondrocyte	mild_vs_severe	IRF8	0.0	1.0	42	0	0	0	1.0
NP_mature_chondrocyte	mild_vs_severe	ETV5	0.16666666666666666	0.12462286162632812	6	1	1	0	0.45132735756222403
NP_mature_chondrocyte	mild_vs_severe	DMTF1	0.0	1.0	13	0	0	0	1.0
NP_mature_chondrocyte	mild_vs_severe	NR5A1	0.045454545454545456	0.25120509149962866	44	2	2	0	0.5864635976455209
NP_mature_chondrocyte	mild_vs_severe	NEUROD2	0.0	1.0	8	0	0	0	1.0
NP_mature_chondrocyte	mild_vs_severe	NEUROD1	-0.04	0.4259673000532287	25	1	0	1	0.8135175588213206
NP_mature_chondrocyte	mild_vs_severe	HHEX	0.0	0.04169442136503028	15	2	1	1	0.24381309255360561
NP_mature_chondrocyte	mild_vs_severe	FOXO3	0.03870967741935484	0.0021819359974755872	155	10	8	2	0.049618840831481874
NP_mature_chondrocyte	mild_vs_severe	MBD1	0.2	4.273862077195783e-05	10	4	3	1	0.0032801891442477632
NP_mature_chondrocyte	mild_vs_severe	CEBPD	0.02040816326530612	0.6634927488226243	49	1	1	0	1.0
NP_mature_chondrocyte	mild_vs_severe	ELK1	0.023255813953488372	0.6153834340802451	43	1	1	0	1.0
NP_mature_chondrocyte	mild_vs_severe	FLI1	0.016666666666666666	0.00998327224094549	60	5	3	2	0.10945944921322376
NP_mature_chondrocyte	mild_vs_severe	ELK4	0.0	1.0	6	0	0	0	1.0
NP_mature_chondrocyte	mild_vs_severe	PREB	0.125	0.16262524030983366	8	1	1	0	0.4950599547649484
NP_mature_chondrocyte	mild_vs_severe	POU1F1	0.037037037037037035	0.45093007630265947	27	1	1	0	0.8415533946803433
NP_mature_chondrocyte	mild_vs_severe	PAX5	0.027777777777777776	0.5505376412142814	36	1	1	0	0.9741501778258466
NP_mature_chondrocyte	mild_vs_severe	CEBPA	0.017857142857142856	0.03658213208230301	112	6	4	2	0.22783858356198283
NP_mature_chondrocyte	mild_vs_severe	LITAF	-0.05	0.3585045770942148	20	1	0	1	0.7240849024205522
NP_mature_chondrocyte	mild_vs_severe	STAT6	-0.017241379310344827	0.7246507120841897	58	1	0	1	1.0
NP_mature_chondrocyte	mild_vs_severe	HIF1A	0.02280130293159609	0.07555377161125848	307	11	9	2	0.3624219981977555
NP_mature_chondrocyte	mild_vs_severe	TP73	0.02	0.6483764768858893	100	2	2	0	1.0
NP_mature_chondrocyte	mild_vs_severe	KLF11	-0.058823529411764705	0.3142953618038922	17	1	0	1	0.6654391453365166
NP_mature_chondrocyte	mild_vs_severe	TCF4	0.03225806451612903	0.029816979845253402	31	3	2	1	0.20804120028392717
NP_mature_chondrocyte	mild_vs_severe	HIVEP2	-0.125	0.16262524030983366	8	1	0	1	0.4950599547649484
NP_mature_chondrocyte	mild_vs_severe	E2F4	-0.03355704697986577	0.0004338634764177057	149	11	3	8	0.014739660616994847
NP_mature_chondrocyte	mild_vs_severe	GATA5	0.0	1.0	8	0	0	0	1.0
NP_mature_chondrocyte	mild_vs_severe	SRF	0.08333333333333333	0.0003212907853231556	60	7	6	1	0.012329533886776095
NP_mature_chondrocyte	mild_vs_severe	ELF1	0.022727272727272728	0.0715722352002123	44	3	2	1	0.34602639695220755
NP_mature_chondrocyte	mild_vs_severe	GATA3	0.019801980198019802	0.1811962750455459	101	4	3	1	0.5092995172843318
NP_mature_chondrocyte	mild_vs_severe	MSX1	0.0	0.03665532428660723	14	2	1	1	0.22783858356198283
NP_mature_chondrocyte	mild_vs_severe	OTX2	0.06666666666666667	0.2831499117825314	15	1	1	0	0.6270271538323211
NP_mature_chondrocyte	mild_vs_severe	LHX2	0.17647058823529413	0.005644852456242679	17	3	3	0	0.08060324204960477
NP_mature_chondrocyte	mild_vs_severe	GABPA	-0.04	0.4259673000532287	25	1	0	1	0.8135175588213206
NP_mature_chondrocyte	mild_vs_severe	HSF2	0.0	1.0	19	0	0	0	1.0
NP_mature_chondrocyte	mild_vs_severe	VDR	0.05	0.008140479905634431	80	6	5	1	0.10200519718488858
NP_mature_chondrocyte	mild_vs_severe	HOXC8	0.08333333333333333	0.23377099303236587	12	1	1	0	0.560685116101065
NP_mature_chondrocyte	mild_vs_severe	HR	0.0196078431372549	0.10092139724466276	51	3	2	1	0.41773546656527205
NP_mature_chondrocyte	mild_vs_severe	RELB	0.06451612903225806	4.864068826533005e-05	31	6	4	2	0.0033183758438791837
NP_mature_chondrocyte	mild_vs_severe	CEBPE	-0.058823529411764705	0.3142953618038922	17	1	0	1	0.6654391453365166
NP_mature_chondrocyte	mild_vs_severe	NR0B1	0.045454545454545456	0.38638855805493133	22	1	1	0	0.7628378605971956
NP_mature_chondrocyte	mild_vs_severe	LEF1	0.019230769230769232	0.10545439302543512	52	3	2	1	0.41773546656527205
NP_mature_chondrocyte	mild_vs_severe	ID1	0.057692307692307696	0.10545439302543512	52	3	3	0	0.41773546656527205
NP_mature_chondrocyte	mild_vs_severe	ZNF143	-0.045454545454545456	0.38638855805493133	22	1	0	1	0.7628378605971956
NP_mature_chondrocyte	mild_vs_severe	SOX9	0.0	1.0	56	0	0	0	1.0
NP_mature_chondrocyte	mild_vs_severe	YBX1	0.0	0.42663298687372186	66	2	1	1	0.8135175588213206
NP_mature_chondrocyte	mild_vs_severe	HSF1	0.04477611940298507	0.18165569101835286	67	3	3	0	0.5092995172843318
NP_mature_chondrocyte	mild_vs_severe	POU4F1	0.0	1.0	16	0	0	0	1.0
NP_mature_chondrocyte	mild_vs_severe	NOTO	0.0	1.0	5	0	0	0	1.0
NP_mature_chondrocyte	mild_vs_severe	HNF1B	0.10526315789473684	0.06414675162164961	19	2	2	0	0.32821754579744045
NP_mature_chondrocyte	mild_vs_severe	PAX3	0.0	0.356654511863611	57	2	1	1	0.7240849024205522
NP_mature_chondrocyte	mild_vs_severe	ID2	0.0	0.22674982113301378	41	2	1	1	0.560685116101065
NP_mature_chondrocyte	mild_vs_severe	MEF2A	0.05454545454545454	0.11951691946298708	55	3	3	0	0.45132735756222403
NP_mature_chondrocyte	mild_vs_severe	PDX1	-0.022222222222222223	0.6321362220324147	45	1	0	1	1.0
NP_mature_chondrocyte	mild_vs_severe	NR2F2	0.06060606060606061	0.16286988739824035	33	2	2	0	0.4950599547649484
NP_mature_chondrocyte	mild_vs_severe	NR1H4	0.029411764705882353	0.44165525156331736	68	2	2	0	0.8343886906457749
NP_mature_chondrocyte	mild_vs_severe	ASCL1	0.03225806451612903	0.029816979845253402	31	3	2	1	0.20804120028392717
NP_mature_chondrocyte	mild_vs_severe	RFX1	0.0	0.05248664890006112	17	2	1	1	0.28773930736283504
NP_mature_chondrocyte	mild_vs_severe	CRX	-0.1	0.1989843594369688	10	1	0	1	0.5335213829445363
NP_mature_chondrocyte	mild_vs_severe	NRL	-0.1	0.1989843594369688	10	1	0	1	0.5335213829445363
NP_mature_chondrocyte	mild_vs_severe	UBTF	0.0	1.0	9	0	0	0	1.0
NP_mature_chondrocyte	mild_vs_severe	MYBL2	-0.022727272727272728	0.0026330203093133915	44	5	2	3	0.05388914899728074
NP_mature_chondrocyte	mild_vs_severe	ELF2	0.0	1.0	7	0	0	0	1.0
NP_mature_chondrocyte	mild_vs_severe	JUND	0.05263157894736842	0.12925621425443237	57	3	3	0	0.46141462530361327
NP_mature_chondrocyte	mild_vs_severe	TP63	0.014184397163120567	0.8193924545067186	141	2	2	0	1.0
NP_mature_chondrocyte	mild_vs_severe	NFKBIB	0.06666666666666667	0.2831499117825314	15	1	1	0	0.6270271538323211
NP_mature_chondrocyte	mild_vs_severe	HOXC6	0.0	1.0	8	0	0	0	1.0
NP_mature_chondrocyte	mild_vs_severe	FOXO1	0.016853932584269662	0.09693280090855903	178	7	5	2	0.41773546656527205
NP_mature_chondrocyte	mild_vs_severe	PITX2	0.04918032786885246	0.14952893448591587	61	3	3	0	0.49360626760404486
NP_mature_chondrocyte	mild_vs_severe	NR5A2	0.0	1.0	25	0	0	0	1.0
NP_mature_chondrocyte	mild_vs_severe	POU2F1	0.0	0.28389828789150695	48	2	1	1	0.6270271538323211
NP_mature_chondrocyte	mild_vs_severe	XBP1	0.025	0.5888192707258365	40	1	1	0	1.0
NP_mature_chondrocyte	mild_vs_severe	SREBF1	-0.012195121951219513	0.8388479782243601	82	1	0	1	1.0
NP_mature_chondrocyte	mild_vs_severe	TCF3	0.015873015873015872	0.012189070563837263	63	5	3	2	0.12176362956923317
NP_mature_chondrocyte	mild_vs_severe	LRRFIP1	0.0	1.0	9	0	0	0	1.0
NP_mature_chondrocyte	mild_vs_severe	TCF12	0.0	1.0	25	0	0	0	1.0
NP_mature_chondrocyte	mild_vs_severe	E4F1	0.0	1.0	8	0	0	0	1.0
NP_mature_chondrocyte	mild_vs_severe	BRCA1	0.0	0.28389828789150695	48	2	1	1	0.6270271538323211
NP_mature_chondrocyte	mild_vs_severe	ZNF362	0.0	1.0	11	0	0	0	1.0
NP_mature_chondrocyte	mild_vs_severe	NRF1	0.03225806451612903	0.3959782466973487	62	2	2	0	0.7767752187609333
NP_mature_chondrocyte	mild_vs_severe	GATA1	-0.014925373134328358	0.18165569101835286	67	3	1	2	0.5092995172843318
NP_mature_chondrocyte	mild_vs_severe	MYCN	-0.05	0.006363993049486224	100	7	1	6	0.08683314960854537
NP_mature_chondrocyte	mild_vs_severe	PKNOX1	0.1111111111111111	0.18100571122548173	9	1	1	0	0.5092995172843318
NP_mature_chondrocyte	mild_vs_severe	NR4A3	0.0625	0.004724425691194314	16	3	2	1	0.07633677301035023
NP_mature_chondrocyte	mild_vs_severe	SSRP1	0.0	0.09195468890679541	78	4	2	2	0.41773546656527205
NP_mature_chondrocyte	mild_vs_severe	ZNF91	0.0	0.10341711572352132	25	2	1	1	0.41773546656527205
NP_mature_chondrocyte	mild_vs_severe	NR2C1	0.1111111111111111	0.18100571122548173	9	1	1	0	0.5092995172843318
NP_mature_chondrocyte	mild_vs_severe	ID3	0.125	0.015012498493391742	24	3	3	0	0.14181037038373123
NP_mature_chondrocyte	mild_vs_severe	ERF	-0.08333333333333333	0.23377099303236587	12	1	0	1	0.560685116101065
NP_mature_chondrocyte	mild_vs_severe	ZNF354C	0.11764705882352941	0.05248664890006112	17	2	2	0	0.28773930736283504
NP_mature_chondrocyte	mild_vs_severe	HMGA2	0.0	1.0	27	0	0	0	1.0
NP_mature_chondrocyte	mild_vs_severe	POU2F2	-0.058823529411764705	0.3142953618038922	17	1	0	1	0.6654391453365166
NP_mature_chondrocyte	mild_vs_severe	SREBF2	0.0	1.0	46	0	0	0	1.0
NP_mature_chondrocyte	mild_vs_severe	ELF4	0.0	1.0	30	0	0	0	1.0
NP_mature_chondrocyte	mild_vs_severe	TTF1	0.0	1.0	31	0	0	0	1.0
NP_mature_chondrocyte	mild_vs_severe	DLX4	0.17391304347826086	0.0014397100106592617	23	4	4	0	0.038436553471192694
NP_mature_chondrocyte	mild_vs_severe	NR1I2	0.006896551724137931	0.2132903681708646	145	5	3	2	0.5479241748795705
NP_mature_chondrocyte	mild_vs_severe	NR1H3	0.013888888888888888	0.2097005466116079	72	3	2	1	0.5479241748795705
NP_mature_chondrocyte	mild_vs_severe	MITF	0.016666666666666666	0.7366603425692898	60	1	1	0	1.0
NP_mature_chondrocyte	mild_vs_severe	NCOA1	0.04081632653061224	0.29205991028019457	49	2	2	0	0.6427411645592813
NP_mature_chondrocyte	mild_vs_severe	NCOR1	0.0	0.356654511863611	57	2	1	1	0.7240849024205522
NP_mature_chondrocyte	mild_vs_severe	FOSL1	0.029411764705882353	0.03784940638977565	34	3	2	1	0.22783858356198283
NP_mature_chondrocyte	mild_vs_severe	JUNB	0.01818181818181818	0.11951691946298708	55	3	2	1	0.45132735756222403
NP_mature_chondrocyte	mild_vs_severe	DNMT1	0.025423728813559324	5.458235246182474e-05	118	11	7	4	0.003351356441156039
NP_mature_chondrocyte	mild_vs_severe	KLF5	0.019230769230769232	0.10545439302543512	52	3	2	1	0.41773546656527205
NP_mature_chondrocyte	mild_vs_severe	NR3C2	0.02857142857142857	0.5404251560128923	35	1	1	0	0.9590203635604505
NP_mature_chondrocyte	mild_vs_severe	MYRF	0.2	0.10498246968432656	5	1	1	0	0.41773546656527205
NP_mature_chondrocyte	mild_vs_severe	EBF1	0.0	1.0	10	0	0	0	1.0
NP_mature_chondrocyte	mild_vs_severe	CREBBP	0.0	0.10341711572352132	25	2	1	1	0.41773546656527205
NP_mature_chondrocyte	mild_vs_severe	ZFPM1	0.0	1.0	9	0	0	0	1.0
NP_mature_chondrocyte	mild_vs_severe	APEX1	0.037037037037037035	0.020679034578846782	27	3	2	1	0.17393051001934146
NP_mature_chondrocyte	mild_vs_severe	TFAM	0.0	0.02312861688389478	11	2	1	1	0.18206372777835123
NP_mature_chondrocyte	mild_vs_severe	IRF4	0.0	1.0	29	0	0	0	1.0
NP_mature_chondrocyte	mild_vs_severe	ZBED1	0.0625	0.29889484928013776	16	1	1	0	0.6484856447279314
NP_mature_chondrocyte	mild_vs_severe	NCOA2	0.02564102564102564	0.5795646449367413	39	1	1	0	1.0
NP_mature_chondrocyte	mild_vs_severe	FOXA1	0.07142857142857142	0.1249603432989871	28	2	2	0	0.45132735756222403
NP_mature_chondrocyte	mild_vs_severe	NR4A2	-0.03571428571428571	0.46300302937686977	28	1	0	1	0.8588636254906286
NP_mature_chondrocyte	mild_vs_severe	KLF1	-0.058823529411764705	0.3142953618038922	17	1	0	1	0.6654391453365166
NP_mature_chondrocyte	mild_vs_severe	LHX3	0.2	0.10498246968432656	5	1	1	0	0.41773546656527205
NP_mature_chondrocyte	mild_vs_severe	CTCF	-0.021739130434782608	0.1433601963719882	92	4	1	3	0.47914262310726213
NP_mature_chondrocyte	mild_vs_severe	BCL6	0.06	0.09646927498072136	50	3	3	0	0.41773546656527205
NP_mature_chondrocyte	mild_vs_severe	RB1	0.0	0.003951711537531839	30	4	2	2	0.07352578436498633
NP_mature_chondrocyte	mild_vs_severe	TFCP2	0.02564102564102564	0.5795646449367413	39	1	1	0	1.0
NP_mature_chondrocyte	mild_vs_severe	REST	0.0	1.0	19	0	0	0	1.0
NP_mature_chondrocyte	mild_vs_severe	ESRRA	0.07692307692307693	0.11047876129251291	26	2	2	0	0.43483307329232646
NP_mature_chondrocyte	mild_vs_severe	HOXD3	0.2	0.10498246968432656	5	1	1	0	0.41773546656527205
NP_mature_chondrocyte	mild_vs_severe	IRF9	0.0	1.0	13	0	0	0	1.0
NP_mature_chondrocyte	mild_vs_severe	TFE3	0.037037037037037035	0.45093007630265947	27	1	1	0	0.8415533946803433
NP_mature_chondrocyte	mild_vs_severe	ZNF236	0.0	1.0	6	0	0	0	1.0
NP_mature_chondrocyte	mild_vs_severe	TFAP2C	0.06666666666666667	0.2831499117825314	15	1	1	0	0.6270271538323211
NP_mature_chondrocyte	mild_vs_severe	PAX8	0.0	1.0	16	0	0	0	1.0
NP_mature_chondrocyte	mild_vs_severe	NKX2-1	0.0	1.0	29	0	0	0	1.0
NP_mature_chondrocyte	mild_vs_severe	PBX1	0.0	1.0	24	0	0	0	1.0
NP_mature_chondrocyte	mild_vs_severe	SP4	-0.09375	0.03238310832689013	32	3	0	3	0.2214393333289968
NP_mature_chondrocyte	mild_vs_severe	CIITA	0.0	1.0	20	0	0	0	1.0
NP_mature_chondrocyte	mild_vs_severe	CDX2	0.0	1.0	30	0	0	0	1.0
NP_mature_chondrocyte	mild_vs_severe	ELF3	0.0	1.0	16	0	0	0	1.0
NP_mature_chondrocyte	mild_vs_severe	ZEB1	0.030303030303030304	0.51951545044106	33	1	1	0	0.9299780949586322
NP_mature_chondrocyte	mild_vs_severe	EGR3	0.0	1.0	18	0	0	0	1.0
NP_mature_chondrocyte	mild_vs_severe	EWSR1	-0.022727272727272728	0.0715722352002123	44	3	1	2	0.34602639695220755
NP_mature_chondrocyte	mild_vs_severe	NAB2	0.0	1.0	6	0	0	0	1.0
NP_mature_chondrocyte	mild_vs_severe	DEAF1	0.0	1.0	7	0	0	0	1.0
NP_mature_chondrocyte	mild_vs_severe	TBPL1	0.0	1.0	26	0	0	0	1.0
NP_mature_chondrocyte	mild_vs_severe	MEF2C	0.030303030303030304	0.51951545044106	33	1	1	0	0.9299780949586322
NP_mature_chondrocyte	mild_vs_severe	POU4F2	0.0	1.0	15	0	0	0	1.0
NP_mature_chondrocyte	mild_vs_severe	TAL1	0.016666666666666666	0.7366603425692898	60	1	1	0	1.0
NP_mature_chondrocyte	mild_vs_severe	EPAS1	0.01639344262295082	0.7424680703646269	61	1	1	0	1.0
NP_mature_chondrocyte	mild_vs_severe	SMARCA1	0.0	1.0	33	0	0	0	1.0
NP_mature_chondrocyte	mild_vs_severe	NFATC4	0.0	1.0	27	0	0	0	1.0
NP_mature_chondrocyte	mild_vs_severe	FOXM1	0.017241379310344827	0.008675561090371415	58	5	3	2	0.10255927891331464
NP_mature_chondrocyte	mild_vs_severe	MYF5	0.08333333333333333	0.23377099303236587	12	1	1	0	0.560685116101065
NP_mature_chondrocyte	mild_vs_severe	MYOG	0.034482758620689655	0.47481159520065896	29	1	1	0	0.8754784367964102
NP_mature_chondrocyte	mild_vs_severe	SMAD7	0.046511627906976744	0.243039961667837	43	2	2	0	0.5806480018056495
NP_mature_chondrocyte	mild_vs_severe	SOX10	0.06666666666666667	0.2831499117825314	15	1	1	0	0.6270271538323211
NP_mature_chondrocyte	mild_vs_severe	POU3F1	0.0	1.0	5	0	0	0	1.0
NP_mature_chondrocyte	mild_vs_severe	NKRF	0.0	1.0	7	0	0	0	1.0
NP_mature_chondrocyte	mild_vs_severe	ATF6	0.02564102564102564	0.5795646449367413	39	1	1	0	1.0
NP_mature_chondrocyte	mild_vs_severe	NKX6-1	0.0	1.0	6	0	0	0	1.0
NP_mature_chondrocyte	mild_vs_severe	ERG	0.029411764705882353	0.0008058930067581923	34	5	3	2	0.023562776483310954
NP_mature_chondrocyte	mild_vs_severe	PITX3	0.1111111111111111	0.18100571122548173	9	1	1	0	0.5092995172843318
NP_mature_chondrocyte	mild_vs_severe	HOXB2	0.0	1.0	5	0	0	0	1.0
NP_mature_chondrocyte	mild_vs_severe	SATB1	-0.043478260869565216	0.3998745238119656	23	1	0	1	0.7794379607001488
NP_mature_chondrocyte	mild_vs_severe	NFKB2	0.09523809523809523	0.013157626639403919	42	4	4	0	0.12623098057178134
NP_mature_chondrocyte	mild_vs_severe	RORA	-0.029411764705882353	0.5300861105313566	34	1	0	1	0.9433996285978347
NP_mature_chondrocyte	mild_vs_severe	PROX1	0.0	1.0	14	0	0	0	1.0
NP_mature_chondrocyte	mild_vs_severe	KLF3	0.0	1.0	5	0	0	0	1.0
NP_mature_chondrocyte	mild_vs_severe	PEG3	0.0	1.0	6	0	0	0	1.0
NP_mature_chondrocyte	mild_vs_severe	NR2E3	0.0	1.0	6	0	0	0	1.0
NP_mature_chondrocyte	mild_vs_severe	NCOR2	-0.024390243902439025	0.06038039072812715	41	3	1	2	0.314182711076865
NP_mature_chondrocyte	mild_vs_severe	NCOA3	0.02	0.670906692266263	50	1	1	0	1.0
NP_mature_chondrocyte	mild_vs_severe	ZFHX3	0.0	1.0	5	0	0	0	1.0
NP_mature_chondrocyte	mild_vs_severe	SMAD1	0.11363636363636363	0.0026330203093133915	44	5	5	0	0.05388914899728074
NP_mature_chondrocyte	mild_vs_severe	SPDEF	0.0	0.012295350217088693	8	2	1	1	0.12176362956923317
NP_mature_chondrocyte	mild_vs_severe	PAX2	0.0	1.0	9	0	0	0	1.0
NP_mature_chondrocyte	mild_vs_severe	KLF13	0.0	1.0	9	0	0	0	1.0
NP_mature_chondrocyte	mild_vs_severe	MAFB	0.037037037037037035	0.45093007630265947	27	1	1	0	0.8415533946803433
NP_mature_chondrocyte	mild_vs_severe	ELK3	0.0	1.0	18	0	0	0	1.0
NP_mature_chondrocyte	mild_vs_severe	KLF6	0.08108108108108109	0.04687022105647719	37	3	3	0	0.269562350294573
NP_mature_chondrocyte	mild_vs_severe	SNAI1	0.04411764705882353	0.18718219239653497	68	3	3	0	0.522408482415784
NP_mature_chondrocyte	mild_vs_severe	HESX1	0.0	1.0	14	0	0	0	1.0
NP_mature_chondrocyte	mild_vs_severe	BACH2	0.0	1.0	6	0	0	0	1.0
NP_mature_chondrocyte	mild_vs_severe	PATZ1	0.125	0.16262524030983366	8	1	1	0	0.4950599547649484
NP_mature_chondrocyte	mild_vs_severe	ZHX2	0.0	1.0	7	0	0	0	1.0
NP_mature_chondrocyte	mild_vs_severe	ONECUT1	0.0	1.0	11	0	0	0	1.0
NP_mature_chondrocyte	mild_vs_severe	RXRA	0.061224489795918366	0.004231508844718903	49	5	4	1	0.07611128241191137
NP_mature_chondrocyte	mild_vs_severe	NR1H2	0.0	1.0	29	0	0	0	1.0
NP_mature_chondrocyte	mild_vs_severe	KAT5	0.075	0.056848267262662656	40	3	3	0	0.30378956814597047
NP_mature_chondrocyte	mild_vs_severe	YBX3	-0.047619047619047616	0.3726008172052835	21	1	0	1	0.7427821485845586
NP_mature_chondrocyte	mild_vs_severe	SMAD6	0.0	1.0	17	0	0	0	1.0
NP_mature_chondrocyte	mild_vs_severe	MYBL1	0.1111111111111111	0.18100571122548173	9	1	1	0	0.5092995172843318
NP_mature_chondrocyte	mild_vs_severe	CDX1	0.0	1.0	18	0	0	0	1.0
NP_mature_chondrocyte	mild_vs_severe	TFDP1	0.034482758620689655	0.025021962639796634	29	3	2	1	0.19204356326043917
NP_mature_chondrocyte	mild_vs_severe	KMT2A	0.05555555555555555	0.11475434374854458	54	3	3	0	0.44878450357711064
NP_mature_chondrocyte	mild_vs_severe	GATA2	0.02564102564102564	0.5795646449367413	39	1	1	0	1.0
NP_mature_chondrocyte	mild_vs_severe	PRDM1	-0.030303030303030304	0.03506084547508872	33	3	1	2	0.22783858356198283
NP_mature_chondrocyte	mild_vs_severe	MXD1	0.0	1.0	16	0	0	0	1.0
NP_mature_chondrocyte	mild_vs_severe	CLOCK	0.022222222222222223	0.6321362220324147	45	1	1	0	1.0
NP_mature_chondrocyte	mild_vs_severe	BHLHE40	-0.038461538461538464	0.43858684160365763	26	1	0	1	0.8311491381007586
NP_mature_chondrocyte	mild_vs_severe	SRY	0.0	1.0	19	0	0	0	1.0
NP_mature_chondrocyte	mild_vs_severe	MAF	-0.03571428571428571	0.46300302937686977	28	1	0	1	0.8588636254906286
NP_mature_chondrocyte	mild_vs_severe	AIRE	0.18181818181818182	0.02312861688389478	11	2	2	0	0.18206372777835123
NP_mature_chondrocyte	mild_vs_severe	ZGPAT	0.0	1.0	5	0	0	0	1.0
NP_mature_chondrocyte	mild_vs_severe	ETV1	0.07692307692307693	0.2505959108879296	13	1	1	0	0.5864635976455209
NP_mature_chondrocyte	mild_vs_severe	KLF4	0.08108108108108109	0.005591807777507625	74	6	6	0	0.08060324204960477
NP_mature_chondrocyte	mild_vs_severe	EGR2	0.044444444444444446	0.01664763813350574	45	4	3	1	0.14813985237641342
NP_mature_chondrocyte	mild_vs_severe	NEUROG3	0.0	1.0	11	0	0	0	1.0
NP_mature_chondrocyte	mild_vs_severe	CXXC1	0.0	1.0	11	0	0	0	1.0
NP_mature_chondrocyte	mild_vs_severe	TBX21	0.0	1.0	18	0	0	0	1.0
NP_mature_chondrocyte	mild_vs_severe	HOXA10	0.03333333333333333	0.48636154012627125	30	1	1	0	0.8887678143974124
NP_mature_chondrocyte	mild_vs_severe	LMX1B	0.0	1.0	13	0	0	0	1.0
NP_mature_chondrocyte	mild_vs_severe	TBX2	0.0	1.0	20	0	0	0	1.0
NP_mature_chondrocyte	mild_vs_severe	ZNF699	-0.03333333333333333	0.48636154012627125	30	1	0	1	0.8887678143974124
NP_mature_chondrocyte	mild_vs_severe	RFX5	0.0	1.0	13	0	0	0	1.0
NP_mature_chondrocyte	mild_vs_severe	RFXANK	0.0	1.0	8	0	0	0	1.0
NP_mature_chondrocyte	mild_vs_severe	RFXAP	0.0	1.0	7	0	0	0	1.0
NP_mature_chondrocyte	mild_vs_severe	BARX2	0.0	1.0	10	0	0	0	1.0
NP_mature_chondrocyte	mild_vs_severe	FOXO4	0.0	1.0	21	0	0	0	1.0
NP_mature_chondrocyte	mild_vs_severe	DLX5	0.15	0.00901661402990501	20	3	3	0	0.10369138819949926
NP_mature_chondrocyte	mild_vs_severe	ID4	0.0	1.0	9	0	0	0	1.0
NP_mature_chondrocyte	mild_vs_severe	SPIB	0.0	1.0	9	0	0	0	1.0
NP_mature_chondrocyte	mild_vs_severe	FOXN1	0.0	1.0	31	0	0	0	1.0
NP_mature_chondrocyte	mild_vs_severe	TBX5	0.18181818181818182	0.02312861688389478	11	2	2	0	0.18206372777835123
NP_mature_chondrocyte	mild_vs_severe	TLX1	0.16666666666666666	0.12462286162632812	6	1	1	0	0.45132735756222403
NP_mature_chondrocyte	mild_vs_severe	HIVEP1	-0.125	0.16262524030983366	8	1	0	1	0.4950599547649484
NP_mature_chondrocyte	mild_vs_severe	SMAD2	0.03508771929824561	0.0360688705382744	57	4	3	1	0.22783858356198283
NP_mature_chondrocyte	mild_vs_severe	NKX3-1	0.02	0.670906692266263	50	1	1	0	1.0
NP_mature_chondrocyte	mild_vs_severe	HAND2	0.17647058823529413	0.005644852456242679	17	3	3	0	0.08060324204960477
NP_mature_chondrocyte	mild_vs_severe	PAX7	0.0	1.0	9	0	0	0	1.0
NP_mature_chondrocyte	mild_vs_severe	SFPQ	0.05263157894736842	0.3440929643627629	19	1	1	0	0.7113571721169576
NP_mature_chondrocyte	mild_vs_severe	BMAL1	0.022727272727272728	0.6238526978611895	44	1	1	0	1.0
NP_mature_chondrocyte	mild_vs_severe	SKIL	-0.07142857142857142	0.26705287908803127	14	1	0	1	0.6095556422306736
NP_mature_chondrocyte	mild_vs_severe	TBXT	0.0	1.0	6	0	0	0	1.0
NP_mature_chondrocyte	mild_vs_severe	MSX2	0.09090909090909091	0.08305825936268035	22	2	2	0	0.39229054806681335
NP_mature_chondrocyte	mild_vs_severe	MZF1	0.07142857142857142	0.26705287908803127	14	1	1	0	0.6095556422306736
NP_mature_chondrocyte	mild_vs_severe	HOXA5	0.0	1.0	9	0	0	0	1.0
NP_mature_chondrocyte	mild_vs_severe	HOXB4	0.0	1.0	5	0	0	0	1.0
NP_mature_chondrocyte	mild_vs_severe	CREB3	0.0	1.0	8	0	0	0	1.0
NP_mature_chondrocyte	mild_vs_severe	NFE2	0.0	1.0	11	0	0	0	1.0
NP_mature_chondrocyte	mild_vs_severe	ZNF76	0.0	1.0	6	0	0	0	1.0
NP_mature_chondrocyte	mild_vs_severe	FOXQ1	0.0	1.0	9	0	0	0	1.0
NP_mature_chondrocyte	mild_vs_severe	ZGLP1	0.1111111111111111	0.18100571122548173	9	1	1	0	0.5092995172843318
NP_mature_chondrocyte	mild_vs_severe	NFYB	0.06896551724137931	0.13236318631077887	29	2	2	0	0.46977454563478743
NP_mature_chondrocyte	mild_vs_severe	ETV3	-0.2	0.01919787732209819	10	2	0	2	0.16602107994039844
NP_mature_chondrocyte	mild_vs_severe	GSC	0.2	0.10498246968432656	5	1	1	0	0.41773546656527205
NP_mature_chondrocyte	mild_vs_severe	IRF7	0.125	0.16262524030983366	8	1	1	0	0.4950599547649484
NP_mature_chondrocyte	mild_vs_severe	NFATC3	0.0	1.0	18	0	0	0	1.0
NP_mature_chondrocyte	mild_vs_severe	KDM5A	0.0	1.0	13	0	0	0	1.0
NP_mature_chondrocyte	mild_vs_severe	GRHL3	0.0	1.0	14	0	0	0	1.0
NP_mature_chondrocyte	mild_vs_severe	THRA	0.0	1.0	40	0	0	0	1.0
NP_mature_chondrocyte	mild_vs_severe	SOX17	0.04	0.4259673000532287	25	1	1	0	0.8135175588213206
NP_mature_chondrocyte	mild_vs_severe	TBX15	0.0	1.0	19	0	0	0	1.0
NP_mature_chondrocyte	mild_vs_severe	NFAT5	0.02857142857142857	0.040747871946386134	35	3	2	1	0.24056916706808737
NP_mature_chondrocyte	mild_vs_severe	BMAL2	0.0	1.0	6	0	0	0	1.0
NP_mature_chondrocyte	mild_vs_severe	NFE2L2	0.013986013986013986	0.09468898030195462	143	6	4	2	0.41773546656527205
NP_mature_chondrocyte	mild_vs_severe	ZIC1	0.0	1.0	9	0	0	0	1.0
NP_mature_chondrocyte	mild_vs_severe	MEIS1	0.1111111111111111	0.18100571122548173	9	1	1	0	0.5092995172843318
NP_mature_chondrocyte	mild_vs_severe	HOXA9	0.037037037037037035	0.020679034578846782	27	3	2	1	0.17393051001934146
NP_mature_chondrocyte	mild_vs_severe	MAFA	0.0	1.0	11	0	0	0	1.0
NP_mature_chondrocyte	mild_vs_severe	NR1D1	-0.07692307692307693	0.2505959108879296	13	1	0	1	0.5864635976455209
NP_mature_chondrocyte	mild_vs_severe	MYF6	0.16666666666666666	0.12462286162632812	6	1	1	0	0.45132735756222403
NP_mature_chondrocyte	mild_vs_severe	ZNF263	0.0	1.0	6	0	0	0	1.0
NP_mature_chondrocyte	mild_vs_severe	NFIA	0.03225806451612903	0.497658505253004	31	1	1	0	0.906713122330399
NP_mature_chondrocyte	mild_vs_severe	HEY2	0.0	1.0	10	0	0	0	1.0
NP_mature_chondrocyte	mild_vs_severe	HOXB7	0.09090909090909091	0.21656993369227612	11	1	1	0	0.5479241748795705
NP_mature_chondrocyte	mild_vs_severe	ZNF350	0.0	1.0	9	0	0	0	1.0
NP_mature_chondrocyte	mild_vs_severe	BCL11A	0.0	1.0	8	0	0	0	1.0
NP_mature_chondrocyte	mild_vs_severe	TWIST1	0.03773584905660377	0.324553153623617	53	2	2	0	0.6847960011164977
NP_mature_chondrocyte	mild_vs_severe	ZNF395	0.0	1.0	5	0	0	0	1.0
NP_mature_chondrocyte	mild_vs_severe	TFDP2	0.2	0.10498246968432656	5	1	1	0	0.41773546656527205
NP_mature_chondrocyte	mild_vs_severe	GTF3A	0.0	0.046975849318435355	16	2	1	1	0.269562350294573
NP_mature_chondrocyte	mild_vs_severe	KLF10	0.0	1.0	17	0	0	0	1.0
NP_mature_chondrocyte	mild_vs_severe	KLF2	0.029411764705882353	0.03784940638977565	34	3	2	1	0.22783858356198283
NP_mature_chondrocyte	mild_vs_severe	PHF20	0.0	1.0	7	0	0	0	1.0
NP_mature_chondrocyte	mild_vs_severe	TGIF1	0.0	1.0	8	0	0	0	1.0
NP_mature_chondrocyte	mild_vs_severe	FOXG1	0.0	1.0	12	0	0	0	1.0
NP_mature_chondrocyte	mild_vs_severe	SF1	0.0	1.0	5	0	0	0	1.0
NP_mature_chondrocyte	mild_vs_severe	MBD2	-0.03508771929824561	0.0360688705382744	57	4	1	3	0.22783858356198283
NP_mature_chondrocyte	mild_vs_severe	FOXF2	0.0	1.0	8	0	0	0	1.0
NP_mature_chondrocyte	mild_vs_severe	HEY1	-0.047619047619047616	0.3726008172052835	21	1	0	1	0.7427821485845586
NP_mature_chondrocyte	mild_vs_severe	ZBTB17	0.0	1.0	36	0	0	0	1.0
NP_mature_chondrocyte	mild_vs_severe	IRF5	0.08333333333333333	0.23377099303236587	12	1	1	0	0.560685116101065
NP_mature_chondrocyte	mild_vs_severe	THRB	0.03333333333333333	0.48636154012627125	30	1	1	0	0.8887678143974124
NP_mature_chondrocyte	mild_vs_severe	POU3F2	0.0	1.0	13	0	0	0	1.0
NP_mature_chondrocyte	mild_vs_severe	FOXI1	0.0	1.0	5	0	0	0	1.0
NP_mature_chondrocyte	mild_vs_severe	KCNIP3	-0.125	0.16262524030983366	8	1	0	1	0.4950599547649484
NP_mature_chondrocyte	mild_vs_severe	FOSB	0.05	0.3585045770942148	20	1	1	0	0.7240849024205522
NP_mature_chondrocyte	mild_vs_severe	NFE2L1	0.0	1.0	8	0	0	0	1.0
NP_mature_chondrocyte	mild_vs_severe	TRERF1	0.0	1.0	5	0	0	0	1.0
NP_mature_chondrocyte	mild_vs_severe	FOXP1	0.09090909090909091	0.21656993369227612	11	1	1	0	0.5479241748795705
NP_mature_chondrocyte	mild_vs_severe	FOXP2	0.0	1.0	5	0	0	0	1.0
NP_mature_chondrocyte	mild_vs_severe	BARX1	0.14285714285714285	0.14383400404824048	7	1	1	0	0.47914262310726213
NP_mature_chondrocyte	mild_vs_severe	ZFPM2	-0.14285714285714285	0.14383400404824048	7	1	0	1	0.47914262310726213
NP_mature_chondrocyte	mild_vs_severe	IKZF1	0.0	0.03665532428660723	14	2	1	1	0.22783858356198283
NP_mature_chondrocyte	mild_vs_severe	BCL3	0.0	1.0	19	0	0	0	1.0
NP_mature_chondrocyte	mild_vs_severe	SP2	0.0	1.0	16	0	0	0	1.0
NP_mature_chondrocyte	mild_vs_severe	SIM2	0.0	1.0	8	0	0	0	1.0
NP_mature_chondrocyte	mild_vs_severe	NFATC1	0.03125	0.4114032822027459	64	2	2	0	0.7968505213643091
NP_mature_chondrocyte	mild_vs_severe	POU2F3	0.0	1.0	5	0	0	0	1.0
NP_mature_chondrocyte	mild_vs_severe	HOXA7	0.1	0.1989843594369688	10	1	1	0	0.5335213829445363
NP_mature_chondrocyte	mild_vs_severe	NPAS2	0.0	1.0	6	0	0	0	1.0
NP_mature_chondrocyte	mild_vs_severe	DLX2	0.16666666666666666	0.027358280951289064	12	2	2	0	0.20238535547098174
NP_mature_chondrocyte	mild_vs_severe	PRRX1	0.0	1.0	5	0	0	0	1.0
NP_mature_chondrocyte	mild_vs_severe	VEZF1	0.0	1.0	6	0	0	0	1.0
NP_mature_chondrocyte	mild_vs_severe	CTBP2	0.1111111111111111	0.18100571122548173	9	1	1	0	0.5092995172843318
NP_mature_chondrocyte	mild_vs_severe	SOX6	0.0	1.0	15	0	0	0	1.0
NP_mature_chondrocyte	mild_vs_severe	HIPK2	0.0	1.0	7	0	0	0	1.0
NP_mature_chondrocyte	mild_vs_severe	RORC	-0.16666666666666666	0.12462286162632812	6	1	0	1	0.45132735756222403
NP_mature_chondrocyte	mild_vs_severe	PPARD	0.016666666666666666	0.14436707699485912	60	3	2	1	0.47914262310726213
NP_mature_chondrocyte	mild_vs_severe	MECOM	0.0	1.0	12	0	0	0	1.0
NP_mature_chondrocyte	mild_vs_severe	SIRT1	-0.05128205128205128	0.21054494056707454	39	2	0	2	0.5479241748795705
NP_mature_chondrocyte	mild_vs_severe	ZBTB7B	0.08333333333333333	0.23377099303236587	12	1	1	0	0.560685116101065
NP_mature_chondrocyte	mild_vs_severe	ZBTB7A	0.034482758620689655	0.025021962639796634	29	3	2	1	0.19204356326043917
NP_mature_chondrocyte	mild_vs_severe	NR6A1	-0.2	0.10498246968432656	5	1	0	1	0.41773546656527205
NP_mature_chondrocyte	mild_vs_severe	STAT2	0.034482758620689655	0.47481159520065896	29	1	1	0	0.8754784367964102
NP_mature_chondrocyte	mild_vs_severe	ESRRG	0.07142857142857142	0.26705287908803127	14	1	1	0	0.6095556422306736
NP_mature_chondrocyte	mild_vs_severe	PRDM2	-0.14285714285714285	0.14383400404824048	7	1	0	1	0.47914262310726213
NP_mature_chondrocyte	mild_vs_severe	PURA	0.0	1.0	13	0	0	0	1.0
NP_mature_chondrocyte	mild_vs_severe	NEUROD6	0.0	1.0	8	0	0	0	1.0
NP_mature_chondrocyte	mild_vs_severe	NEUROG2	0.0	1.0	8	0	0	0	1.0
NP_mature_chondrocyte	mild_vs_severe	HMGB2	0.0	1.0	6	0	0	0	1.0
NP_mature_chondrocyte	mild_vs_severe	DLX3	0.1	0.1989843594369688	10	1	1	0	0.5335213829445363
NP_mature_chondrocyte	mild_vs_severe	TWIST2	0.041666666666666664	0.41306529268004044	24	1	1	0	0.7975537412124052
NP_mature_chondrocyte	mild_vs_severe	TFAP4	0.043478260869565216	0.3998745238119656	23	1	1	0	0.7794379607001488
NP_mature_chondrocyte	mild_vs_severe	KAT6B	-0.16666666666666666	0.12462286162632812	6	1	0	1	0.45132735756222403
NP_mature_chondrocyte	mild_vs_severe	SALL3	0.0	1.0	5	0	0	0	1.0
NP_mature_chondrocyte	mild_vs_severe	MXI1	-0.125	0.16262524030983366	8	1	0	1	0.4950599547649484
NP_mature_chondrocyte	mild_vs_severe	E2F5	-0.1111111111111111	0.18100571122548173	9	1	0	1	0.5092995172843318
NP_mature_chondrocyte	mild_vs_severe	E2F2	-0.06976744186046512	0.06774411851628401	43	3	0	3	0.34375941131403626
NP_mature_chondrocyte	mild_vs_severe	FOXD3	0.0	1.0	8	0	0	0	1.0
NP_mature_chondrocyte	mild_vs_severe	POU5F1	-0.025	0.5888192707258365	40	1	0	1	1.0
NP_mature_chondrocyte	mild_vs_severe	PLAGL1	0.0	1.0	14	0	0	0	1.0
NP_mature_chondrocyte	mild_vs_severe	SNAI2	0.037037037037037035	0.45093007630265947	27	1	1	0	0.8415533946803433
NP_mature_chondrocyte	mild_vs_severe	NOTCH1	-0.025	0.056848267262662656	40	3	1	2	0.30378956814597047
NP_mature_chondrocyte	mild_vs_severe	FOXC2	0.0	1.0	11	0	0	0	1.0
NP_mature_chondrocyte	mild_vs_severe	FOXD1	-0.2	0.10498246968432656	5	1	0	1	0.41773546656527205
NP_mature_chondrocyte	mild_vs_severe	KLF9	0.0625	0.29889484928013776	16	1	1	0	0.6484856447279314
NP_mature_chondrocyte	mild_vs_severe	TBPL2	0.0	1.0	8	0	0	0	1.0
NP_mature_chondrocyte	mild_vs_severe	NFIL3	-0.06666666666666667	0.2831499117825314	15	1	0	1	0.6270271538323211
NP_mature_chondrocyte	mild_vs_severe	ZNF384	0.0	1.0	10	0	0	0	1.0
NP_mature_chondrocyte	mild_vs_severe	HOXA11	0.0	1.0	5	0	0	0	1.0
NP_mature_chondrocyte	mild_vs_severe	MEF2D	0.0	1.0	17	0	0	0	1.0
NP_mature_chondrocyte	mild_vs_severe	SMAD5	0.11538461538461539	0.018677368895622125	26	3	3	0	0.1638272071701712
NP_mature_chondrocyte	mild_vs_severe	MLXIPL	-0.1	0.1989843594369688	10	1	0	1	0.5335213829445363
NP_mature_chondrocyte	mild_vs_severe	ZBTB33	0.0	1.0	7	0	0	0	1.0
NP_mature_chondrocyte	mild_vs_severe	KLF15	0.0	1.0	12	0	0	0	1.0
NP_mature_chondrocyte	mild_vs_severe	DNMT3A	0.0	0.21863423916204358	40	2	1	1	0.5479241748795705
NP_mature_chondrocyte	mild_vs_severe	DNMT3B	-0.0392156862745098	0.30834372917983605	51	2	0	2	0.6654391453365166
NP_mature_chondrocyte	mild_vs_severe	OLIG2	0.0	1.0	10	0	0	0	1.0
NP_mature_chondrocyte	mild_vs_severe	MAFG	0.0	1.0	9	0	0	0	1.0
NP_mature_chondrocyte	mild_vs_severe	TEF	0.0	1.0	9	0	0	0	1.0
NP_mature_chondrocyte	mild_vs_severe	HOXD13	0.25	0.012295350217088693	8	2	2	0	0.12176362956923317
NP_mature_chondrocyte	mild_vs_severe	ZKSCAN7	0.0	1.0	8	0	0	0	1.0
NP_mature_chondrocyte	mild_vs_severe	BACH1	0.0	1.0	14	0	0	0	1.0
NP_mature_chondrocyte	mild_vs_severe	TEAD4	0.0	1.0	7	0	0	0	1.0
NP_mature_chondrocyte	mild_vs_severe	GCM1	0.0	1.0	5	0	0	0	1.0
NP_mature_chondrocyte	mild_vs_severe	BHLHE41	0.0	1.0	17	0	0	0	1.0
NP_mature_chondrocyte	mild_vs_severe	MTA1	0.0	0.21863423916204358	40	2	1	1	0.5479241748795705
NP_mature_chondrocyte	mild_vs_severe	EHF	0.0	1.0	8	0	0	0	1.0
NP_mature_chondrocyte	mild_vs_severe	TCF7L2	0.013513513513513514	3.2335616116454304e-05	74	9	5	4	0.0029553202794758314
NP_mature_chondrocyte	mild_vs_severe	VSX2	-0.07142857142857142	0.26705287908803127	14	1	0	1	0.6095556422306736
NP_mature_chondrocyte	mild_vs_severe	TSC22D1	0.0	1.0	7	0	0	0	1.0
NP_mature_chondrocyte	mild_vs_severe	SOX5	0.0	1.0	10	0	0	0	1.0
NP_mature_chondrocyte	mild_vs_severe	SOX2	-0.029411764705882353	0.5300861105313566	34	1	0	1	0.9433996285978347
NP_mature_chondrocyte	mild_vs_severe	NKX3-2	0.0	1.0	6	0	0	0	1.0
NP_mature_chondrocyte	mild_vs_severe	PAX9	0.0	0.006780509974318879	6	2	1	1	0.09050506791808242
NP_mature_chondrocyte	mild_vs_severe	TCF21	0.0	1.0	6	0	0	0	1.0
NP_mature_chondrocyte	mild_vs_severe	HIC1	-0.17647058823529413	0.005644852456242679	17	3	0	3	0.08060324204960477
NP_mature_chondrocyte	mild_vs_severe	ZEB2	-0.11764705882352941	0.05248664890006112	17	2	0	2	0.28773930736283504
NP_mature_chondrocyte	mild_vs_severe	NONO	-0.09090909090909091	0.21656993369227612	11	1	0	1	0.5479241748795705
NP_mature_chondrocyte	mild_vs_severe	CEBPZ	0.0	1.0	13	0	0	0	1.0
NP_mature_chondrocyte	mild_vs_severe	SIX1	0.0	1.0	7	0	0	0	1.0
NP_mature_chondrocyte	mild_vs_severe	NFIX	0.06666666666666667	0.2831499117825314	15	1	1	0	0.6270271538323211
NP_mature_chondrocyte	mild_vs_severe	MNT	0.0	1.0	8	0	0	0	1.0
NP_mature_chondrocyte	mild_vs_severe	HOXA1	0.21428571428571427	0.003171905639568478	14	3	3	0	0.06282419557080791
NP_mature_chondrocyte	mild_vs_severe	BCL11B	0.05555555555555555	0.32935895316586244	18	1	1	0	0.6855132109960662
NP_mature_chondrocyte	mild_vs_severe	RXRB	0.14285714285714285	0.14383400404824048	7	1	1	0	0.47914262310726213
NP_mature_chondrocyte	mild_vs_severe	E2F6	-0.030303030303030304	0.03506084547508872	33	3	1	2	0.22783858356198283
NP_mature_chondrocyte	mild_vs_severe	HOXA13	0.0	1.0	6	0	0	0	1.0
NP_mature_chondrocyte	mild_vs_severe	KAT6A	0.09090909090909091	0.21656993369227612	11	1	1	0	0.5479241748795705
NP_mature_chondrocyte	mild_vs_severe	GFI1	0.0625	0.15512388485744338	32	2	2	0	0.4950599547649484
NP_mature_chondrocyte	mild_vs_severe	RUNX3	-0.045454545454545456	0.015426523835929674	44	4	1	3	0.143513418716073
NP_mature_chondrocyte	mild_vs_severe	GLI1	0.008849557522123894	0.012104115953410554	113	7	4	3	0.12176362956923317
NP_mature_chondrocyte	mild_vs_severe	KLF8	0.0	1.0	15	0	0	0	1.0
NP_mature_chondrocyte	mild_vs_severe	HIF3A	0.0	1.0	5	0	0	0	1.0
NP_mature_chondrocyte	mild_vs_severe	MEOX2	0.0	1.0	6	0	0	0	1.0
NP_mature_chondrocyte	mild_vs_severe	JARID2	0.1	0.1989843594369688	10	1	1	0	0.5335213829445363
NP_mature_chondrocyte	mild_vs_severe	NFYC	0.0	1.0	18	0	0	0	1.0
NP_mature_chondrocyte	mild_vs_severe	GFI1B	0.1111111111111111	0.18100571122548173	9	1	1	0	0.5092995172843318
NP_mature_chondrocyte	mild_vs_severe	ASCL2	0.0	1.0	5	0	0	0	1.0
NP_mature_chondrocyte	mild_vs_severe	MSC	0.0	1.0	13	0	0	0	1.0
NP_mature_chondrocyte	mild_vs_severe	HOXB9	0.2	0.10498246968432656	5	1	1	0	0.41773546656527205
NP_mature_chondrocyte	mild_vs_severe	HLX	0.0	0.027358280951289064	12	2	1	1	0.20238535547098174
NP_mature_chondrocyte	mild_vs_severe	RCOR2	0.08333333333333333	0.23377099303236587	12	1	1	0	0.560685116101065
NP_mature_chondrocyte	mild_vs_severe	NKX2-2	0.0	1.0	9	0	0	0	1.0
NP_mature_chondrocyte	mild_vs_severe	ARID4A	0.0	1.0	6	0	0	0	1.0
NP_mature_chondrocyte	mild_vs_severe	HINFP	-0.1111111111111111	0.18100571122548173	9	1	0	1	0.5092995172843318
NP_mature_chondrocyte	mild_vs_severe	SMARCC1	0.0	1.0	6	0	0	0	1.0
NP_mature_chondrocyte	mild_vs_severe	KAT2B	0.0	1.0	12	0	0	0	1.0
NP_mature_chondrocyte	mild_vs_severe	HDGF	0.0	1.0	5	0	0	0	1.0
NP_mature_chondrocyte	mild_vs_severe	EP300	-0.047619047619047616	0.013157626639403919	42	4	1	3	0.12623098057178134
NP_mature_chondrocyte	mild_vs_severe	TRPS1	-0.08333333333333333	0.23377099303236587	12	1	0	1	0.560685116101065
NP_mature_chondrocyte	mild_vs_severe	CTNNB1	0.035	3.369257647610883e-05	200	15	11	4	0.0029553202794758314
NP_mature_chondrocyte	mild_vs_severe	PML	0.0	1.0	15	0	0	0	1.0
NP_mature_chondrocyte	mild_vs_severe	KLF7	0.0	1.0	8	0	0	0	1.0
NP_mature_chondrocyte	mild_vs_severe	PROP1	0.0	1.0	6	0	0	0	1.0
NP_mature_chondrocyte	mild_vs_severe	LMO2	0.05555555555555555	0.32935895316586244	18	1	1	0	0.6855132109960662
NP_mature_chondrocyte	mild_vs_severe	MEOX1	0.0	1.0	6	0	0	0	1.0
NP_mature_chondrocyte	mild_vs_severe	FOXL2	0.07692307692307693	0.2505959108879296	13	1	1	0	0.5864635976455209
NP_mature_chondrocyte	mild_vs_severe	HTATIP2	0.09090909090909091	0.21656993369227612	11	1	1	0	0.5479241748795705
NP_mature_chondrocyte	mild_vs_severe	EZH2	-0.010309278350515464	0.3583196003766811	97	3	1	2	0.7240849024205522
NP_mature_chondrocyte	mild_vs_severe	GLI2	-0.009900990099009901	0.07109663068405891	101	5	2	3	0.34602639695220755
NP_mature_chondrocyte	mild_vs_severe	TCF7	-0.08333333333333333	0.23377099303236587	12	1	0	1	0.560685116101065
NP_mature_chondrocyte	mild_vs_severe	FOXC1	0.1111111111111111	0.18100571122548173	9	1	1	0	0.5092995172843318
NP_mature_chondrocyte	mild_vs_severe	HOXB13	-0.125	0.16262524030983366	8	1	0	1	0.4950599547649484
NP_mature_chondrocyte	mild_vs_severe	ABL1	0.0	1.0	10	0	0	0	1.0
NP_mature_chondrocyte	mild_vs_severe	TBX3	0.0	1.0	11	0	0	0	1.0
NP_mature_chondrocyte	mild_vs_severe	NFKBIZ	0.4	0.004586510503649383	5	2	2	0	0.07611128241191137
NP_mature_chondrocyte	mild_vs_severe	PLAGL2	0.0	1.0	5	0	0	0	1.0
NP_mature_chondrocyte	mild_vs_severe	TET1	-0.1111111111111111	0.18100571122548173	9	1	0	1	0.5092995172843318
NP_mature_chondrocyte	mild_vs_severe	FOXH1	0.14285714285714285	0.14383400404824048	7	1	1	0	0.47914262310726213
NP_mature_chondrocyte	mild_vs_severe	FOXP3	-0.07407407407407407	0.11766273942960619	27	2	0	2	0.45132735756222403
NP_mature_chondrocyte	mild_vs_severe	CREB3L1	-0.14285714285714285	0.14383400404824048	7	1	0	1	0.47914262310726213
NP_mature_chondrocyte	mild_vs_severe	TFDP3	0.0	1.0	5	0	0	0	1.0
NP_mature_chondrocyte	mild_vs_severe	SP7	0.08333333333333333	0.09648683984624415	24	2	2	0	0.41773546656527205
NP_mature_chondrocyte	mild_vs_severe	OVOL1	-0.125	0.16262524030983366	8	1	0	1	0.4950599547649484
NP_mature_chondrocyte	mild_vs_severe	ZNF436	0.0	1.0	5	0	0	0	1.0
NP_mature_chondrocyte	mild_vs_severe	ATF7	0.0	1.0	5	0	0	0	1.0
NP_mature_chondrocyte	mild_vs_severe	SCX	0.0	1.0	8	0	0	0	1.0
NP_mature_chondrocyte	mild_vs_severe	NANOG	0.0	1.0	31	0	0	0	1.0
NP_mature_chondrocyte	mild_vs_severe	ARX	0.07692307692307693	0.2505959108879296	13	1	1	0	0.5864635976455209
NP_mature_chondrocyte	mild_vs_severe	VHL	0.05	0.3585045770942148	20	1	1	0	0.7240849024205522
NP_mature_chondrocyte	mild_vs_severe	SOX4	0.0	1.0	18	0	0	0	1.0
NP_mature_chondrocyte	mild_vs_severe	ATF5	-0.047619047619047616	0.3726008172052835	21	1	0	1	0.7427821485845586
NP_mature_chondrocyte	mild_vs_severe	CTCFL	0.16666666666666666	0.12462286162632812	6	1	1	0	0.45132735756222403
NP_mature_chondrocyte	mild_vs_severe	SP6	0.0	1.0	5	0	0	0	1.0
NP_mature_chondrocyte	mild_vs_severe	SMARCA5	0.0	1.0	8	0	0	0	1.0
NP_mature_chondrocyte	mild_vs_severe	EOMES	0.125	0.16262524030983366	8	1	1	0	0.4950599547649484
NP_mature_chondrocyte	mild_vs_severe	ESRRB	0.4	0.004586510503649383	5	2	2	0	0.07611128241191137
NP_mature_chondrocyte	mild_vs_severe	ZXDC	0.2	0.10498246968432656	5	1	1	0	0.41773546656527205
NP_mature_chondrocyte	mild_vs_severe	NR2E1	0.0	1.0	10	0	0	0	1.0
NP_mature_chondrocyte	mild_vs_severe	ZFP42	0.0	1.0	12	0	0	0	1.0
NP_mature_chondrocyte	mild_vs_severe	KMT2B	0.09090909090909091	0.21656993369227612	11	1	1	0	0.5479241748795705
NP_mature_chondrocyte	mild_vs_severe	NFIB	0.07142857142857142	0.26705287908803127	14	1	1	0	0.6095556422306736
NP_mature_chondrocyte	mild_vs_severe	EN1	0.0	1.0	5	0	0	0	1.0
NP_mature_chondrocyte	mild_vs_severe	MTA3	0.0	1.0	9	0	0	0	1.0
NP_mature_chondrocyte	mild_vs_severe	TBX18	0.0	1.0	7	0	0	0	1.0
NP_mature_chondrocyte	mild_vs_severe	EGR4	0.0	1.0	9	0	0	0	1.0
NP_mature_chondrocyte	mild_vs_severe	HSF4	0.0	1.0	8	0	0	0	1.0
NP_mature_chondrocyte	mild_vs_severe	BCLAF1	0.0	1.0	5	0	0	0	1.0
NP_mature_chondrocyte	mild_vs_severe	KDM5C	-0.1	0.1989843594369688	10	1	0	1	0.5335213829445363
NP_mature_chondrocyte	mild_vs_severe	FOSL2	0.045454545454545456	0.38638855805493133	22	1	1	0	0.7628378605971956
NP_mature_chondrocyte	mild_vs_severe	MED1	0.0	1.0	9	0	0	0	1.0
NP_mature_chondrocyte	mild_vs_severe	LYL1	0.0	1.0	12	0	0	0	1.0
NP_mature_chondrocyte	mild_vs_severe	HOXD1	0.0	1.0	5	0	0	0	1.0
NP_mature_chondrocyte	mild_vs_severe	SALL4	0.14285714285714285	0.14383400404824048	7	1	1	0	0.47914262310726213
NP_mature_chondrocyte	mild_vs_severe	KDM5B	0.0	0.07027232246517681	20	2	1	1	0.34602639695220755
NP_mature_chondrocyte	mild_vs_severe	TADA2A	0.0	1.0	6	0	0	0	1.0
NP_mature_chondrocyte	mild_vs_severe	SATB2	0.11764705882352941	0.05248664890006112	17	2	2	0	0.28773930736283504
NP_mature_chondrocyte	mild_vs_severe	NSD2	0.0	1.0	6	0	0	0	1.0
NP_mature_chondrocyte	mild_vs_severe	PBRM1	0.0	1.0	7	0	0	0	1.0
NP_mature_chondrocyte	mild_vs_severe	ZBTB4	0.0	1.0	12	0	0	0	1.0
NP_mature_chondrocyte	mild_vs_severe	THAP11	-0.16666666666666666	0.12462286162632812	6	1	0	1	0.45132735756222403
NP_mature_chondrocyte	mild_vs_severe	FOXJ1	0.0	1.0	8	0	0	0	1.0
NP_mature_chondrocyte	mild_vs_severe	PPARGC1A	0.05555555555555555	0.32935895316586244	18	1	1	0	0.6855132109960662
NP_mature_chondrocyte	mild_vs_severe	BATF	0.0	1.0	7	0	0	0	1.0
NP_mature_chondrocyte	mild_vs_severe	ARID3B	0.0	1.0	5	0	0	0	1.0
NP_mature_chondrocyte	mild_vs_severe	ZNF300	0.2	0.10498246968432656	5	1	1	0	0.41773546656527205
NP_mature_chondrocyte	mild_vs_severe	NUPR1	0.0	1.0	6	0	0	0	1.0
NP_mature_chondrocyte	mild_vs_severe	ZNF331	0.0	1.0	17	0	0	0	1.0
NP_mature_chondrocyte	mild_vs_severe	ZNF382	-0.09090909090909091	0.21656993369227612	11	1	0	1	0.5479241748795705
NP_mature_chondrocyte	mild_vs_severe	HOXD8	0.0	1.0	5	0	0	0	1.0
NP_mature_chondrocyte	mild_vs_severe	LHX8	0.2857142857142857	0.009356007094853404	7	2	2	0	0.10444706102254528
NP_mature_chondrocyte	mild_vs_severe	IRX1	0.0	0.02312861688389478	11	2	1	1	0.18206372777835123
NP_mature_chondrocyte	mild_vs_severe	SOX11	0.0	1.0	7	0	0	0	1.0
NP_mature_chondrocyte	mild_vs_severe	IRF6	0.0	1.0	10	0	0	0	1.0
NP_mature_chondrocyte	mild_vs_severe	E2F7	0.2	0.10498246968432656	5	1	1	0	0.41773546656527205
NP_mature_chondrocyte	mild_vs_severe	HEYL	0.0	1.0	5	0	0	0	1.0
NP_mature_chondrocyte	mild_vs_severe	MECP2	0.058823529411764705	0.3142953618038922	17	1	1	0	0.6654391453365166
NP_mature_chondrocyte	mild_vs_severe	MAML1	0.0	1.0	5	0	0	0	1.0
NP_mature_chondrocyte	mild_vs_severe	DOT1L	0.0	1.0	8	0	0	0	1.0
NP_mature_chondrocyte	mild_vs_severe	ARID3A	-0.16666666666666666	0.12462286162632812	6	1	0	1	0.45132735756222403
NP_mature_chondrocyte	mild_vs_severe	ARID1A	0.0	1.0	5	0	0	0	1.0
NP_mature_chondrocyte	mild_vs_severe	ZBTB18	0.0	1.0	6	0	0	0	1.0
NP_mature_chondrocyte	mild_vs_severe	TCF15	0.0	1.0	5	0	0	0	1.0
NP_mature_chondrocyte	mild_vs_severe	NPM1	0.0	1.0	11	0	0	0	1.0
NP_mature_chondrocyte	mild_vs_severe	SETBP1	-0.2	0.10498246968432656	5	1	0	1	0.41773546656527205
NP_mature_chondrocyte	mild_vs_severe	KDM2A	-0.125	0.16262524030983366	8	1	0	1	0.4950599547649484
NP_mature_chondrocyte	mild_vs_severe	MKX	0.0	1.0	6	0	0	0	1.0
NP_mature_chondrocyte	mild_vs_severe	HDAC3	-0.07142857142857142	0.26705287908803127	14	1	0	1	0.6095556422306736
NP_mature_chondrocyte	mild_vs_severe	BTG2	0.0	1.0	6	0	0	0	1.0
NP_mature_chondrocyte	mild_vs_severe	CREB5	0.0	1.0	9	0	0	0	1.0
NP_mature_chondrocyte	mild_vs_severe	CTBP1	0.125	0.16262524030983366	8	1	1	0	0.4950599547649484
NP_mature_chondrocyte	mild_vs_severe	HDAC1	0.06779661016949153	0.001784677379777284	59	6	5	1	0.0421458427378174
NP_mature_chondrocyte	mild_vs_severe	HCFC1	0.0	1.0	7	0	0	0	1.0
NP_mature_chondrocyte	mild_vs_severe	ETV7	0.0	1.0	8	0	0	0	1.0
NP_mature_chondrocyte	mild_vs_severe	FHL2	0.0	1.0	6	0	0	0	1.0
NP_mature_chondrocyte	mild_vs_severe	HDAC4	0.0	1.0	16	0	0	0	1.0
NP_mature_chondrocyte	mild_vs_severe	HDAC7	0.0	1.0	10	0	0	0	1.0
NP_mature_chondrocyte	mild_vs_severe	HDAC9	0.0	1.0	14	0	0	0	1.0
NP_mature_chondrocyte	mild_vs_severe	ING4	0.0	1.0	14	0	0	0	1.0
NP_mature_chondrocyte	mild_vs_severe	SIN3A	0.0	1.0	8	0	0	0	1.0
NP_mature_chondrocyte	mild_vs_severe	SMARCA4	0.0	1.0	7	0	0	0	1.0
NP_mature_chondrocyte	mild_vs_severe	WWTR1	0.0	1.0	8	0	0	0	1.0
NP_mature_chondrocyte	mild_vs_severe	PIN1	0.4	0.004586510503649383	5	2	2	0	0.07611128241191137
NP_mature_chondrocyte	mild_vs_severe	FGF2	0.125	0.16262524030983366	8	1	1	0	0.4950599547649484
NP_mature_chondrocyte	mild_vs_severe	PARK7	0.16666666666666666	0.12462286162632812	6	1	1	0	0.45132735756222403
NP_mature_chondrocyte	mild_vs_severe	YAP1	0.0	1.0	8	0	0	0	1.0
NP_mature_chondrocyte	mild_vs_severe	BCOR	0.0	1.0	5	0	0	0	1.0
NP_mature_chondrocyte	mild_vs_severe	BRD4	0.0	1.0	8	0	0	0	1.0
NP_mature_chondrocyte	mild_vs_severe	SRSF2	-0.08333333333333333	0.23377099303236587	12	1	0	1	0.560685116101065
NP_mature_chondrocyte	mild_vs_severe	ZMYND8	0.0	1.0	6	0	0	0	1.0
NP_mature_chondrocyte	mild_vs_severe	ARID4B	0.0	1.0	8	0	0	0	1.0
NP_mature_chondrocyte	mild_vs_severe	AP1	0.045871559633027525	0.00010586762584530467	327	19	17	2	0.00507713187962874
NP_mature_chondrocyte	mild_vs_severe	NFKB	0.04175365344467641	2.0584637676421825e-06	479	28	24	4	0.0004224963364714298
NP_notochordal	healthy_vs_degenerated_all	MYC	0.002936857562408223	0.1236087429796704	681	2	2	0	0.4143741287340131
NP_notochordal	healthy_vs_degenerated_all	SPI1	-0.005780346820809248	0.1464910247317421	173	1	0	1	0.48357789884564334
NP_notochordal	healthy_vs_degenerated_all	SMAD3	-0.009433962264150943	0.09222235616454869	106	1	0	1	0.31458070380573827
NP_notochordal	healthy_vs_degenerated_all	SMAD4	0.012987012987012988	0.06778492539446425	77	1	1	0	0.24197641972209913
NP_notochordal	healthy_vs_degenerated_all	STAT5A	0.0	0.005250924281330138	123	2	1	1	0.060696532946500764
NP_notochordal	healthy_vs_degenerated_all	STAT5B	0.015625	0.05663928505685222	64	1	1	0	0.21076679409034704
NP_notochordal	healthy_vs_degenerated_all	RELA	0.0	0.03246459774870183	320	2	1	1	0.15216231311223605
NP_notochordal	healthy_vs_degenerated_all	WT1	0.01098901098901099	0.07965525714355579	91	1	1	0	0.2778882266258139
NP_notochordal	healthy_vs_degenerated_all	NR0B2	-0.015384615384615385	0.05750088037600754	65	1	0	1	0.21268397922210017
NP_notochordal	healthy_vs_degenerated_all	SP1	0.0	2.1860416903943047e-05	790	6	3	3	0.004474098659673677
NP_notochordal	healthy_vs_degenerated_all	TP53	-0.0014245014245014246	0.022076793084280427	702	3	1	2	0.12690519770061062
NP_notochordal	healthy_vs_degenerated_all	ZBTB16	-0.029411764705882353	0.030459489716015076	34	1	0	1	0.14611036473150982
NP_notochordal	healthy_vs_degenerated_all	ETV6	0.0	1.0	17	0	0	0	1.0
NP_notochordal	healthy_vs_degenerated_all	RUNX1	0.0	0.004373489217019356	112	2	1	1	0.05837657346195401
NP_notochordal	healthy_vs_degenerated_all	STAT1	-0.004878048780487805	0.17136496884927693	205	1	0	1	0.5626635875585884
NP_notochordal	healthy_vs_degenerated_all	STAT3	-0.0038461538461538464	0.001380272938375251	260	3	1	2	0.03138842904305201
NP_notochordal	healthy_vs_degenerated_all	ETV4	-0.025	0.0357471588025241	40	1	0	1	0.165028236877818
NP_notochordal	healthy_vs_degenerated_all	MTF1	0.0	1.0	25	0	0	0	1.0
NP_notochordal	healthy_vs_degenerated_all	CREB1	0.0	0.02252877288170449	263	2	1	1	0.12690519770061062
NP_notochordal	healthy_vs_degenerated_all	FOXA2	0.0	1.0	44	0	0	0	1.0
NP_notochordal	healthy_vs_degenerated_all	NFATC2	-0.020833333333333332	0.04275700886461367	48	1	0	1	0.18358603806204749
NP_notochordal	healthy_vs_degenerated_all	CEBPB	0.0	0.02048136750361565	250	2	1	1	0.12459147341444719
NP_notochordal	healthy_vs_degenerated_all	FOS	0.010309278350515464	1.804452120259297e-05	194	4	3	1	0.004474098659673677
NP_notochordal	healthy_vs_degenerated_all	PLAG1	0.0	1.0	7	0	0	0	1.0
NP_notochordal	healthy_vs_degenerated_all	E2F1	0.0	0.02094636020628059	253	2	1	1	0.12486471035588624
NP_notochordal	healthy_vs_degenerated_all	E2F3	0.0	1.0	59	0	0	0	1.0
NP_notochordal	healthy_vs_degenerated_all	HBP1	0.03333333333333333	0.026919893996062476	30	1	1	0	0.1388033435610683
NP_notochordal	healthy_vs_degenerated_all	YY1	-0.006329113924050633	0.13460169338261266	158	1	0	1	0.4467321066860766
NP_notochordal	healthy_vs_degenerated_all	ESR1	0.005141388174807198	0.00027175943396279864	389	4	3	1	0.016686029245315835
NP_notochordal	healthy_vs_degenerated_all	JUN	0.0026109660574412533	0.004173072183541102	383	3	2	1	0.05823332547032357
NP_notochordal	healthy_vs_degenerated_all	NR1I3	0.0	1.0	27	0	0	0	1.0
NP_notochordal	healthy_vs_degenerated_all	CEBPG	0.0	0.003233335100754052	96	2	1	1	0.0496316937965747
NP_notochordal	healthy_vs_degenerated_all	MAFK	0.0	1.0	16	0	0	0	1.0
NP_notochordal	healthy_vs_degenerated_all	STAT4	0.0	1.0	13	0	0	0	1.0
NP_notochordal	healthy_vs_degenerated_all	IRF1	-0.021505376344086023	0.0030377936677627223	93	2	0	2	0.04884178469303983
NP_notochordal	healthy_vs_degenerated_all	ATF2	0.0	0.0023141358918161263	81	2	1	1	0.04059655535928862
NP_notochordal	healthy_vs_degenerated_all	NR2C2	0.029411764705882353	0.030459489716015076	34	1	1	0	0.14611036473150982
NP_notochordal	healthy_vs_degenerated_all	IRF3	-0.0196078431372549	0.04537385540864887	51	1	0	1	0.1882401839250703
NP_notochordal	healthy_vs_degenerated_all	TFAP2A	-0.01098901098901099	0.011201984480875279	182	2	0	2	0.08706352495262558
NP_notochordal	healthy_vs_degenerated_all	HNF1A	0.0	1.0	41	0	0	0	1.0
NP_notochordal	healthy_vs_degenerated_all	ETS1	0.0	0.005250924281330138	123	2	1	1	0.060696532946500764
NP_notochordal	healthy_vs_degenerated_all	ARNT	-0.023809523809523808	0.037503938839825994	42	1	0	1	0.170573469982616
NP_notochordal	healthy_vs_degenerated_all	AHR	-0.010526315789473684	0.08302170143495387	95	1	0	1	0.28799618463876653
NP_notochordal	healthy_vs_degenerated_all	PAX6	0.0	1.0	78	0	0	0	1.0
NP_notochordal	healthy_vs_degenerated_all	NFYA	0.0	1.0	71	0	0	0	1.0
NP_notochordal	healthy_vs_degenerated_all	ZNF148	0.0	1.0	21	0	0	0	1.0
NP_notochordal	healthy_vs_degenerated_all	NFIC	0.0	1.0	45	0	0	0	1.0
NP_notochordal	healthy_vs_degenerated_all	RBPJ	0.0	0.0024282016554969745	83	2	1	1	0.0412578228252574
NP_notochordal	healthy_vs_degenerated_all	HES1	0.018867924528301886	0.04711484104299502	53	1	1	0	0.1915795523205228
NP_notochordal	healthy_vs_degenerated_all	GATA4	0.017241379310344827	0.05145481002579838	58	1	1	0	0.19623138730335532
NP_notochordal	healthy_vs_degenerated_all	GATA6	0.0	1.0	35	0	0	0	1.0
NP_notochordal	healthy_vs_degenerated_all	HNF4A	0.0	1.0	125	0	0	0	1.0
NP_notochordal	healthy_vs_degenerated_all	RARA	0.0	0.0035030706651620245	100	2	1	1	0.052460619229499586
NP_notochordal	healthy_vs_degenerated_all	DBP	0.0	1.0	19	0	0	0	1.0
NP_notochordal	healthy_vs_degenerated_all	HLF	0.0	1.0	11	0	0	0	1.0
NP_notochordal	healthy_vs_degenerated_all	PPARG	0.014634146341463415	0.000692548436553903	205	3	3	0	0.02501322000259391
NP_notochordal	healthy_vs_degenerated_all	MAX	0.0	1.0	33	0	0	0	1.0
NP_notochordal	healthy_vs_degenerated_all	USF2	-0.015625	0.05663928505685222	64	1	0	1	0.21076679409034704
NP_notochordal	healthy_vs_degenerated_all	IRF2	0.03225806451612903	0.027805881527705863	31	1	1	0	0.1388033435610683
NP_notochordal	healthy_vs_degenerated_all	SP3	0.0	0.021573360422502654	257	2	1	1	0.12624244253671668
NP_notochordal	healthy_vs_degenerated_all	AR	0.005813953488372093	0.00016921545339492882	344	4	3	1	0.011544254264942922
NP_notochordal	healthy_vs_degenerated_all	CUX1	0.013513513513513514	0.06522342724691033	74	1	1	0	0.23419406040703472
NP_notochordal	healthy_vs_degenerated_all	ATF1	0.0	0.0012351650979081778	59	2	1	1	0.030160101494646624
NP_notochordal	healthy_vs_degenerated_all	KAT7	-0.017857142857142856	0.04972096184400896	56	1	0	1	0.19535333763494506
NP_notochordal	healthy_vs_degenerated_all	CREBZF	0.0	1.0	11	0	0	0	1.0
NP_notochordal	healthy_vs_degenerated_all	GLI3	0.04	0.02247904649454228	25	1	1	0	0.12690519770061062
NP_notochordal	healthy_vs_degenerated_all	NKX2-5	0.0	1.0	32	0	0	0	1.0
NP_notochordal	healthy_vs_degenerated_all	TGFB1I1	0.0	1.0	11	0	0	0	1.0
NP_notochordal	healthy_vs_degenerated_all	RARB	0.03225806451612903	0.027805881527705863	31	1	1	0	0.1388033435610683
NP_notochordal	healthy_vs_degenerated_all	RARG	0.0	1.0	20	0	0	0	1.0
NP_notochordal	healthy_vs_degenerated_all	TEAD1	0.0	1.0	14	0	0	0	1.0
NP_notochordal	healthy_vs_degenerated_all	PPARA	0.013245033112582781	0.007818842988878187	151	2	2	0	0.07165327753986875
NP_notochordal	healthy_vs_degenerated_all	ESR2	0.0	0.0051680485910514514	122	2	1	1	0.060696532946500764
NP_notochordal	healthy_vs_degenerated_all	NR3C1	0.0	0.008743713056561495	160	2	1	1	0.07669485452469656
NP_notochordal	healthy_vs_degenerated_all	PGR	0.023809523809523808	0.0024862205937044362	84	2	2	0	0.0412578228252574
NP_notochordal	healthy_vs_degenerated_all	NRG1	0.0	1.0	26	0	0	0	1.0
NP_notochordal	healthy_vs_degenerated_all	TBP	-0.019417475728155338	0.0037120981911998433	103	2	0	2	0.054267340223731045
NP_notochordal	healthy_vs_degenerated_all	REL	-0.014925373134328358	0.0592219466622191	67	1	0	1	0.21644211458691978
NP_notochordal	healthy_vs_degenerated_all	ISL1	0.0	1.0	10	0	0	0	1.0
NP_notochordal	healthy_vs_degenerated_all	ZBTB14	0.0	1.0	5	0	0	0	1.0
NP_notochordal	healthy_vs_degenerated_all	MYB	0.0	0.00399971909976659	107	2	1	1	0.05711226807573689
NP_notochordal	healthy_vs_degenerated_all	PITX1	0.0	1.0	17	0	0	0	1.0
NP_notochordal	healthy_vs_degenerated_all	EGR1	-0.013215859030837005	0.0009317313885659729	227	3	0	3	0.029486981017533866
NP_notochordal	healthy_vs_degenerated_all	MYOD1	0.011904761904761904	0.07373720483701128	84	1	1	0	0.25871225011385673
NP_notochordal	healthy_vs_degenerated_all	ETS2	0.0	1.0	68	0	0	0	1.0
NP_notochordal	healthy_vs_degenerated_all	GTF2I	0.0	1.0	18	0	0	0	1.0
NP_notochordal	healthy_vs_degenerated_all	NR2F1	0.0	1.0	20	0	0	0	1.0
NP_notochordal	healthy_vs_degenerated_all	ENO1	0.08333333333333333	0.010847352487045613	12	1	1	0	0.085388133680077
NP_notochordal	healthy_vs_degenerated_all	JDP2	0.0	1.0	28	0	0	0	1.0
NP_notochordal	healthy_vs_degenerated_all	MAZ	0.047619047619047616	0.018913244846463555	21	1	1	0	0.11971889005905796
NP_notochordal	healthy_vs_degenerated_all	NR4A1	0.017543859649122806	0.05058824215628056	57	1	1	0	0.19535333763494506
NP_notochordal	healthy_vs_degenerated_all	HMGA1	0.0	0.0005401355523270682	39	2	1	1	0.024049425123084788
NP_notochordal	healthy_vs_degenerated_all	NFKB1	0.0	0.018224837252813812	235	2	1	1	0.11779000077081768
NP_notochordal	healthy_vs_degenerated_all	USF1	0.008064516129032258	0.10709888339489713	124	1	1	0	0.3613116176069607
NP_notochordal	healthy_vs_degenerated_all	DDIT3	-0.02857142857142857	0.0017341099980959654	70	2	0	2	0.03671529444244561
NP_notochordal	healthy_vs_degenerated_all	ATF4	-0.011904761904761904	0.07373720483701128	84	1	0	1	0.25871225011385673
NP_notochordal	healthy_vs_degenerated_all	ATF3	0.0	0.001884314285833894	73	2	1	1	0.03714158602031778
NP_notochordal	healthy_vs_degenerated_all	TAF1	0.0	1.0	35	0	0	0	1.0
NP_notochordal	healthy_vs_degenerated_all	RUNX2	0.0	0.0022580910622018707	80	2	1	1	0.04059655535928862
NP_notochordal	healthy_vs_degenerated_all	TFAP2B	0.0	1.0	12	0	0	0	1.0
NP_notochordal	healthy_vs_degenerated_all	CREM	-0.023255813953488372	0.03838124816546645	43	1	0	1	0.17201522900435331
NP_notochordal	healthy_vs_degenerated_all	IRF8	-0.047619047619047616	0.0006266951172139359	42	2	0	2	0.024049425123084788
NP_notochordal	healthy_vs_degenerated_all	ETV5	-0.16666666666666666	0.005436985850256583	6	1	0	1	0.060696532946500764
NP_notochordal	healthy_vs_degenerated_all	DMTF1	0.0	1.0	13	0	0	0	1.0
NP_notochordal	healthy_vs_degenerated_all	NR5A1	0.0	1.0	44	0	0	0	1.0
NP_notochordal	healthy_vs_degenerated_all	NEUROD2	0.0	1.0	7	0	0	0	1.0
NP_notochordal	healthy_vs_degenerated_all	NEUROD1	0.0	1.0	24	0	0	0	1.0
NP_notochordal	healthy_vs_degenerated_all	HHEX	0.0	1.0	15	0	0	0	1.0
NP_notochordal	healthy_vs_degenerated_all	FOXO3	0.0	1.0	155	0	0	0	1.0
NP_notochordal	healthy_vs_degenerated_all	MBD1	0.0	1.0	10	0	0	0	1.0
NP_notochordal	healthy_vs_degenerated_all	CEBPD	-0.04081632653061224	0.0008530749161425839	49	2	0	2	0.029099333250641474
NP_notochordal	healthy_vs_degenerated_all	ELK1	-0.023255813953488372	0.03838124816546645	43	1	0	1	0.17201522900435331
NP_notochordal	healthy_vs_degenerated_all	FLI1	0.016666666666666666	0.05318581051731439	60	1	1	0	0.20034409605908612
NP_notochordal	healthy_vs_degenerated_all	ELK4	0.0	1.0	6	0	0	0	1.0
NP_notochordal	healthy_vs_degenerated_all	PREB	0.0	1.0	8	0	0	0	1.0
NP_notochordal	healthy_vs_degenerated_all	POU1F1	0.0	1.0	27	0	0	0	1.0
NP_notochordal	healthy_vs_degenerated_all	PAX5	-0.027777777777777776	0.03222493845492595	36	1	0	1	0.15216231311223605
NP_notochordal	healthy_vs_degenerated_all	CEBPA	0.0	0.004373489217019356	112	2	1	1	0.05837657346195401
NP_notochordal	healthy_vs_degenerated_all	LITAF	0.0	1.0	19	0	0	0	1.0
NP_notochordal	healthy_vs_degenerated_all	STAT6	0.0	0.0011938735937650198	58	2	1	1	0.030160101494646624
NP_notochordal	healthy_vs_degenerated_all	HIF1A	-0.006535947712418301	0.00010751654293486397	306	4	1	3	0.009882474881331912
NP_notochordal	healthy_vs_degenerated_all	TP73	0.01	0.0872141702396612	100	1	1	0	0.3008398906019774
NP_notochordal	healthy_vs_degenerated_all	KLF11	0.0	1.0	17	0	0	0	1.0
NP_notochordal	healthy_vs_degenerated_all	TCF4	0.03225806451612903	0.027805881527705863	31	1	1	0	0.1388033435610683
NP_notochordal	healthy_vs_degenerated_all	HIVEP2	0.0	1.0	8	0	0	0	1.0
NP_notochordal	healthy_vs_degenerated_all	E2F4	0.0	1.0	149	0	0	0	1.0
NP_notochordal	healthy_vs_degenerated_all	GATA5	0.0	1.0	8	0	0	0	1.0
NP_notochordal	healthy_vs_degenerated_all	SRF	0.0	0.0012771378483075117	60	2	1	1	0.030160101494646624
NP_notochordal	healthy_vs_degenerated_all	ELF1	0.0	1.0	44	0	0	0	1.0
NP_notochordal	healthy_vs_degenerated_all	GATA3	0.0	1.0	101	0	0	0	1.0
NP_notochordal	healthy_vs_degenerated_all	MSX1	0.0	1.0	14	0	0	0	1.0
NP_notochordal	healthy_vs_degenerated_all	OTX2	0.0	1.0	15	0	0	0	1.0
NP_notochordal	healthy_vs_degenerated_all	LHX2	0.0	1.0	17	0	0	0	1.0
NP_notochordal	healthy_vs_degenerated_all	GABPA	0.0	1.0	24	0	0	0	1.0
NP_notochordal	healthy_vs_degenerated_all	HSF2	0.0	1.0	19	0	0	0	1.0
NP_notochordal	healthy_vs_degenerated_all	VDR	0.0	1.0	80	0	0	0	1.0
NP_notochordal	healthy_vs_degenerated_all	HOXC8	0.0	1.0	12	0	0	0	1.0
NP_notochordal	healthy_vs_degenerated_all	HR	0.0	1.0	51	0	0	0	1.0
NP_notochordal	healthy_vs_degenerated_all	RELB	0.03225806451612903	0.027805881527705863	31	1	1	0	0.1388033435610683
NP_notochordal	healthy_vs_degenerated_all	CEBPE	0.0	1.0	17	0	0	0	1.0
NP_notochordal	healthy_vs_degenerated_all	NR0B1	0.0	1.0	22	0	0	0	1.0
NP_notochordal	healthy_vs_degenerated_all	LEF1	0.0	0.0009604879810271617	52	2	1	1	0.029486981017533866
NP_notochordal	healthy_vs_degenerated_all	ID1	-0.019230769230769232	0.04624470575036692	52	1	0	1	0.19056543174983415
NP_notochordal	healthy_vs_degenerated_all	ZNF143	0.045454545454545456	0.01980579102109377	22	1	1	0	0.12283591602981389
NP_notochordal	healthy_vs_degenerated_all	SOX9	0.017857142857142856	0.04972096184400896	56	1	1	0	0.19535333763494506
NP_notochordal	healthy_vs_degenerated_all	YBX1	0.0	1.0	66	0	0	0	1.0
NP_notochordal	healthy_vs_degenerated_all	HSF1	-0.014925373134328358	0.0592219466622191	67	1	0	1	0.21644211458691978
NP_notochordal	healthy_vs_degenerated_all	POU4F1	0.0625	0.01443953238338995	16	1	1	0	0.09961654925170145
NP_notochordal	healthy_vs_degenerated_all	NOTO	0.0	1.0	5	0	0	0	1.0
NP_notochordal	healthy_vs_degenerated_all	HNF1B	0.0	1.0	19	0	0	0	1.0
NP_notochordal	healthy_vs_degenerated_all	PAX3	0.017543859649122806	0.05058824215628056	57	1	1	0	0.19535333763494506
NP_notochordal	healthy_vs_degenerated_all	ID2	0.0	1.0	40	0	0	0	1.0
NP_notochordal	healthy_vs_degenerated_all	MEF2A	0.0	1.0	55	0	0	0	1.0
NP_notochordal	healthy_vs_degenerated_all	PDX1	0.0	1.0	45	0	0	0	1.0
NP_notochordal	healthy_vs_degenerated_all	NR2F2	0.030303030303030304	0.0295756788588738	33	1	1	0	0.1452757345547881
NP_notochordal	healthy_vs_degenerated_all	NR1H4	0.014705882352941176	0.060081418664172125	68	1	1	0	0.2182839707680573
NP_notochordal	healthy_vs_degenerated_all	ASCL1	0.03225806451612903	0.027805881527705863	31	1	1	0	0.1388033435610683
NP_notochordal	healthy_vs_degenerated_all	RFX1	0.0	1.0	17	0	0	0	1.0
NP_notochordal	healthy_vs_degenerated_all	CRX	0.0	1.0	10	0	0	0	1.0
NP_notochordal	healthy_vs_degenerated_all	NRL	0.0	1.0	10	0	0	0	1.0
NP_notochordal	healthy_vs_degenerated_all	UBTF	0.0	1.0	9	0	0	0	1.0
NP_notochordal	healthy_vs_degenerated_all	MYBL2	0.022727272727272728	0.03925783772958181	44	1	1	0	0.1734123191795916
NP_notochordal	healthy_vs_degenerated_all	ELF2	0.0	1.0	7	0	0	0	1.0
NP_notochordal	healthy_vs_degenerated_all	JUND	-0.017543859649122806	0.05058824215628056	57	1	0	1	0.19535333763494506
NP_notochordal	healthy_vs_degenerated_all	TP63	0.0	0.006847427426062273	141	2	1	1	0.06738550786198556
NP_notochordal	healthy_vs_degenerated_all	NFKBIB	-0.06666666666666667	0.013542589839144761	15	1	0	1	0.09782529601452804
NP_notochordal	healthy_vs_degenerated_all	HOXC6	0.125	0.007243393353242748	8	1	1	0	0.06738550786198556
NP_notochordal	healthy_vs_degenerated_all	FOXO1	-0.011235955056179775	0.010734475152139072	178	2	0	2	0.085388133680077
NP_notochordal	healthy_vs_degenerated_all	PITX2	0.0	1.0	61	0	0	0	1.0
NP_notochordal	healthy_vs_degenerated_all	NR5A2	0.0	1.0	25	0	0	0	1.0
NP_notochordal	healthy_vs_degenerated_all	POU2F1	0.020833333333333332	0.04275700886461367	48	1	1	0	0.18358603806204749
NP_notochordal	healthy_vs_degenerated_all	XBP1	0.0	1.0	40	0	0	0	1.0
NP_notochordal	healthy_vs_degenerated_all	SREBF1	-0.012195121951219513	0.07204005380786635	82	1	0	1	0.25567972854352566
NP_notochordal	healthy_vs_degenerated_all	TCF3	0.0	1.0	63	0	0	0	1.0
NP_notochordal	healthy_vs_degenerated_all	LRRFIP1	0.0	1.0	9	0	0	0	1.0
NP_notochordal	healthy_vs_degenerated_all	TCF12	0.0	1.0	24	0	0	0	1.0
NP_notochordal	healthy_vs_degenerated_all	E4F1	0.0	1.0	8	0	0	0	1.0
NP_notochordal	healthy_vs_degenerated_all	BRCA1	0.0	1.0	48	0	0	0	1.0
NP_notochordal	healthy_vs_degenerated_all	ZNF362	0.0	1.0	11	0	0	0	1.0
NP_notochordal	healthy_vs_degenerated_all	NRF1	0.0	1.0	62	0	0	0	1.0
NP_notochordal	healthy_vs_degenerated_all	GATA1	0.0	1.0	66	0	0	0	1.0
NP_notochordal	healthy_vs_degenerated_all	MYCN	0.0	1.0	100	0	0	0	1.0
NP_notochordal	healthy_vs_degenerated_all	PKNOX1	0.0	1.0	9	0	0	0	1.0
NP_notochordal	healthy_vs_degenerated_all	NR4A3	0.0	1.0	16	0	0	0	1.0
NP_notochordal	healthy_vs_degenerated_all	SSRP1	0.0	0.002147982504352436	78	2	1	1	0.03996549265673926
NP_notochordal	healthy_vs_degenerated_all	ZNF91	0.0	1.0	25	0	0	0	1.0
NP_notochordal	healthy_vs_degenerated_all	NR2C1	0.0	1.0	9	0	0	0	1.0
NP_notochordal	healthy_vs_degenerated_all	ID3	0.0	1.0	24	0	0	0	1.0
NP_notochordal	healthy_vs_degenerated_all	ERF	0.0	1.0	12	0	0	0	1.0
NP_notochordal	healthy_vs_degenerated_all	ZNF354C	0.0	1.0	17	0	0	0	1.0
NP_notochordal	healthy_vs_degenerated_all	HMGA2	-0.037037037037037035	0.024257569584108407	27	1	0	1	0.13298346182716572
NP_notochordal	healthy_vs_degenerated_all	POU2F2	0.058823529411764705	0.015335740865354674	17	1	1	0	0.10347411968492054
NP_notochordal	healthy_vs_degenerated_all	SREBF2	-0.021739130434782608	0.04100885967267127	46	1	0	1	0.1785775875107813
NP_notochordal	healthy_vs_degenerated_all	ELF4	0.0	1.0	30	0	0	0	1.0
NP_notochordal	healthy_vs_degenerated_all	TTF1	0.03225806451612903	0.027805881527705863	31	1	1	0	0.1388033435610683
NP_notochordal	healthy_vs_degenerated_all	DLX4	0.043478260869565216	0.020697606332693182	23	1	1	0	0.12459147341444719
NP_notochordal	healthy_vs_degenerated_all	NR1I2	0.006896551724137931	0.12417726333397135	145	1	1	0	0.4143741287340131
NP_notochordal	healthy_vs_degenerated_all	NR1H3	0.0	0.0018335777900845881	72	2	1	1	0.03714158602031778
NP_notochordal	healthy_vs_degenerated_all	MITF	0.0	0.0012771378483075117	60	2	1	1	0.030160101494646624
NP_notochordal	healthy_vs_degenerated_all	NCOA1	0.0	1.0	49	0	0	0	1.0
NP_notochordal	healthy_vs_degenerated_all	NCOR1	0.017857142857142856	0.04972096184400896	56	1	1	0	0.19535333763494506
NP_notochordal	healthy_vs_degenerated_all	FOSL1	0.0	1.0	34	0	0	0	1.0
NP_notochordal	healthy_vs_degenerated_all	JUNB	0.0	0.0010740967730229886	55	2	1	1	0.030160101494646624
NP_notochordal	healthy_vs_degenerated_all	DNMT1	0.0	0.004762972663408955	117	2	1	1	0.060696532946500764
NP_notochordal	healthy_vs_degenerated_all	KLF5	0.0	1.0	52	0	0	0	1.0
NP_notochordal	healthy_vs_degenerated_all	NR3C2	0.0	0.0004345536110369506	35	2	1	1	0.024049425123084788
NP_notochordal	healthy_vs_degenerated_all	MYRF	0.0	1.0	5	0	0	0	1.0
NP_notochordal	healthy_vs_degenerated_all	EBF1	0.0	1.0	10	0	0	0	1.0
NP_notochordal	healthy_vs_degenerated_all	CREBBP	-0.04	0.02247904649454228	25	1	0	1	0.12690519770061062
NP_notochordal	healthy_vs_degenerated_all	ZFPM1	0.0	1.0	9	0	0	0	1.0
NP_notochordal	healthy_vs_degenerated_all	APEX1	0.0	1.0	27	0	0	0	1.0
NP_notochordal	healthy_vs_degenerated_all	TFAM	0.0	1.0	11	0	0	0	1.0
NP_notochordal	healthy_vs_degenerated_all	IRF4	-0.034482758620689655	0.026033179848072747	29	1	0	1	0.13779631402341955
NP_notochordal	healthy_vs_degenerated_all	ZBED1	0.0	1.0	16	0	0	0	1.0
NP_notochordal	healthy_vs_degenerated_all	NCOA2	0.0	0.0005401355523270682	39	2	1	1	0.024049425123084788
NP_notochordal	healthy_vs_degenerated_all	FOXA1	-0.03571428571428571	0.02514573855408464	28	1	0	1	0.13543406554568393
NP_notochordal	healthy_vs_degenerated_all	NR4A2	0.0	1.0	28	0	0	0	1.0
NP_notochordal	healthy_vs_degenerated_all	KLF1	0.0	1.0	17	0	0	0	1.0
NP_notochordal	healthy_vs_degenerated_all	LHX3	0.0	1.0	5	0	0	0	1.0
NP_notochordal	healthy_vs_degenerated_all	CTCF	0.0	1.0	92	0	0	0	1.0
NP_notochordal	healthy_vs_degenerated_all	BCL6	0.02	0.0445022894955736	50	1	1	0	0.18715346404302874
NP_notochordal	healthy_vs_degenerated_all	RB1	0.0	1.0	30	0	0	0	1.0
NP_notochordal	healthy_vs_degenerated_all	TFCP2	0.0	1.0	39	0	0	0	1.0
NP_notochordal	healthy_vs_degenerated_all	REST	0.0	1.0	19	0	0	0	1.0
NP_notochordal	healthy_vs_degenerated_all	ESRRA	0.0	1.0	26	0	0	0	1.0
NP_notochordal	healthy_vs_degenerated_all	HOXD3	0.0	1.0	5	0	0	0	1.0
NP_notochordal	healthy_vs_degenerated_all	IRF9	0.0	1.0	13	0	0	0	1.0
NP_notochordal	healthy_vs_degenerated_all	TFE3	0.0	1.0	27	0	0	0	1.0
NP_notochordal	healthy_vs_degenerated_all	ZNF236	0.0	1.0	6	0	0	0	1.0
NP_notochordal	healthy_vs_degenerated_all	TFAP2C	0.0	1.0	15	0	0	0	1.0
NP_notochordal	healthy_vs_degenerated_all	PAX8	0.0625	0.01443953238338995	16	1	1	0	0.09961654925170145
NP_notochordal	healthy_vs_degenerated_all	NKX2-1	0.0	1.0	29	0	0	0	1.0
NP_notochordal	healthy_vs_degenerated_all	PBX1	0.0	1.0	24	0	0	0	1.0
NP_notochordal	healthy_vs_degenerated_all	SP4	0.03125	0.02869114297231731	32	1	1	0	0.1420674337500228
NP_notochordal	healthy_vs_degenerated_all	CIITA	0.0	1.0	20	0	0	0	1.0
NP_notochordal	healthy_vs_degenerated_all	CDX2	0.03333333333333333	2.1610470874519187e-06	30	3	2	1	0.0013268829116954782
NP_notochordal	healthy_vs_degenerated_all	ELF3	-0.0625	0.01443953238338995	16	1	0	1	0.09961654925170145
NP_notochordal	healthy_vs_degenerated_all	ZEB1	0.0	1.0	33	0	0	0	1.0
NP_notochordal	healthy_vs_degenerated_all	EGR3	0.0	1.0	18	0	0	0	1.0
NP_notochordal	healthy_vs_degenerated_all	EWSR1	0.0	1.0	44	0	0	0	1.0
NP_notochordal	healthy_vs_degenerated_all	NAB2	0.0	1.0	6	0	0	0	1.0
NP_notochordal	healthy_vs_degenerated_all	DEAF1	0.0	1.0	7	0	0	0	1.0
NP_notochordal	healthy_vs_degenerated_all	TBPL1	0.0	1.0	26	0	0	0	1.0
NP_notochordal	healthy_vs_degenerated_all	MEF2C	0.0	1.0	33	0	0	0	1.0
NP_notochordal	healthy_vs_degenerated_all	POU4F2	0.0	1.0	15	0	0	0	1.0
NP_notochordal	healthy_vs_degenerated_all	TAL1	0.0	1.0	60	0	0	0	1.0
NP_notochordal	healthy_vs_degenerated_all	EPAS1	0.0	1.0	61	0	0	0	1.0
NP_notochordal	healthy_vs_degenerated_all	SMARCA1	0.0	1.0	33	0	0	0	1.0
NP_notochordal	healthy_vs_degenerated_all	NFATC4	-0.038461538461538464	0.023368672407816263	26	1	0	1	0.13043968053090169
NP_notochordal	healthy_vs_degenerated_all	FOXM1	-0.017241379310344827	0.05145481002579838	58	1	0	1	0.19623138730335532
NP_notochordal	healthy_vs_degenerated_all	MYF5	0.0	1.0	12	0	0	0	1.0
NP_notochordal	healthy_vs_degenerated_all	MYOG	0.0	1.0	29	0	0	0	1.0
NP_notochordal	healthy_vs_degenerated_all	SMAD7	0.0	1.0	43	0	0	0	1.0
NP_notochordal	healthy_vs_degenerated_all	SOX10	0.0	1.0	15	0	0	0	1.0
NP_notochordal	healthy_vs_degenerated_all	POU3F1	0.0	1.0	5	0	0	0	1.0
NP_notochordal	healthy_vs_degenerated_all	NKRF	-0.14285714285714285	0.006340559043814994	7	1	0	1	0.06738550786198556
NP_notochordal	healthy_vs_degenerated_all	ATF6	0.0	1.0	39	0	0	0	1.0
NP_notochordal	healthy_vs_degenerated_all	NKX6-1	0.0	1.0	6	0	0	0	1.0
NP_notochordal	healthy_vs_degenerated_all	ERG	0.0	1.0	34	0	0	0	1.0
NP_notochordal	healthy_vs_degenerated_all	PITX3	0.0	1.0	9	0	0	0	1.0
NP_notochordal	healthy_vs_degenerated_all	HOXB2	0.0	1.0	5	0	0	0	1.0
NP_notochordal	healthy_vs_degenerated_all	SATB1	0.043478260869565216	0.020697606332693182	23	1	1	0	0.12459147341444719
NP_notochordal	healthy_vs_degenerated_all	NFKB2	0.0	0.0006266951172139359	42	2	1	1	0.024049425123084788
NP_notochordal	healthy_vs_degenerated_all	RORA	-0.029411764705882353	0.030459489716015076	34	1	0	1	0.14611036473150982
NP_notochordal	healthy_vs_degenerated_all	PROX1	0.0	1.0	14	0	0	0	1.0
NP_notochordal	healthy_vs_degenerated_all	KLF3	0.0	1.0	5	0	0	0	1.0
NP_notochordal	healthy_vs_degenerated_all	PEG3	0.0	1.0	6	0	0	0	1.0
NP_notochordal	healthy_vs_degenerated_all	NR2E3	0.0	1.0	6	0	0	0	1.0
NP_notochordal	healthy_vs_degenerated_all	NCOR2	0.0	1.0	40	0	0	0	1.0
NP_notochordal	healthy_vs_degenerated_all	NCOA3	0.02	0.0445022894955736	50	1	1	0	0.18715346404302874
NP_notochordal	healthy_vs_degenerated_all	ZFHX3	0.0	1.0	5	0	0	0	1.0
NP_notochordal	healthy_vs_degenerated_all	SMAD1	0.0	1.0	44	0	0	0	1.0
NP_notochordal	healthy_vs_degenerated_all	SPDEF	0.0	1.0	8	0	0	0	1.0
NP_notochordal	healthy_vs_degenerated_all	PAX2	0.0	1.0	9	0	0	0	1.0
NP_notochordal	healthy_vs_degenerated_all	KLF13	0.0	1.0	9	0	0	0	1.0
NP_notochordal	healthy_vs_degenerated_all	MAFB	0.0	1.0	27	0	0	0	1.0
NP_notochordal	healthy_vs_degenerated_all	ELK3	0.0	1.0	18	0	0	0	1.0
NP_notochordal	healthy_vs_degenerated_all	KLF6	0.0	1.0	37	0	0	0	1.0
NP_notochordal	healthy_vs_degenerated_all	SNAI1	0.0	1.0	68	0	0	0	1.0
NP_notochordal	healthy_vs_degenerated_all	HESX1	0.0	1.0	14	0	0	0	1.0
NP_notochordal	healthy_vs_degenerated_all	BACH2	0.16666666666666666	0.005436985850256583	6	1	1	0	0.060696532946500764
NP_notochordal	healthy_vs_degenerated_all	PATZ1	0.0	1.0	8	0	0	0	1.0
NP_notochordal	healthy_vs_degenerated_all	ZHX2	0.0	1.0	7	0	0	0	1.0
NP_notochordal	healthy_vs_degenerated_all	ONECUT1	0.0	1.0	11	0	0	0	1.0
NP_notochordal	healthy_vs_degenerated_all	RXRA	0.0	1.0	49	0	0	0	1.0
NP_notochordal	healthy_vs_degenerated_all	NR1H2	0.0	1.0	29	0	0	0	1.0
NP_notochordal	healthy_vs_degenerated_all	KAT5	0.0	1.0	40	0	0	0	1.0
NP_notochordal	healthy_vs_degenerated_all	YBX3	0.0	1.0	21	0	0	0	1.0
NP_notochordal	healthy_vs_degenerated_all	SMAD6	0.0	1.0	17	0	0	0	1.0
NP_notochordal	healthy_vs_degenerated_all	MYBL1	0.1111111111111111	0.00814548931566597	9	1	1	0	0.07248304985244791
NP_notochordal	healthy_vs_degenerated_all	CDX1	0.0	0.00011266665174156903	18	2	1	1	0.009882474881331912
NP_notochordal	healthy_vs_degenerated_all	TFDP1	0.0	1.0	29	0	0	0	1.0
NP_notochordal	healthy_vs_degenerated_all	KMT2A	0.0	1.0	54	0	0	0	1.0
NP_notochordal	healthy_vs_degenerated_all	GATA2	0.0	1.0	39	0	0	0	1.0
NP_notochordal	healthy_vs_degenerated_all	PRDM1	0.0	1.0	33	0	0	0	1.0
NP_notochordal	healthy_vs_degenerated_all	MXD1	0.0	1.0	16	0	0	0	1.0
NP_notochordal	healthy_vs_degenerated_all	CLOCK	0.0	1.0	45	0	0	0	1.0
NP_notochordal	healthy_vs_degenerated_all	BHLHE40	0.0	1.0	26	0	0	0	1.0
NP_notochordal	healthy_vs_degenerated_all	SRY	0.0	1.0	19	0	0	0	1.0
NP_notochordal	healthy_vs_degenerated_all	MAF	-0.03571428571428571	0.02514573855408464	28	1	0	1	0.13543406554568393
NP_notochordal	healthy_vs_degenerated_all	AIRE	0.0	1.0	11	0	0	0	1.0
NP_notochordal	healthy_vs_degenerated_all	ZGPAT	0.0	1.0	5	0	0	0	1.0
NP_notochordal	healthy_vs_degenerated_all	ETV1	0.0	1.0	13	0	0	0	1.0
NP_notochordal	healthy_vs_degenerated_all	KLF4	-0.013513513513513514	0.06522342724691033	74	1	0	1	0.23419406040703472
NP_notochordal	healthy_vs_degenerated_all	EGR2	-0.022222222222222223	0.04013370805711431	45	1	0	1	0.1760149767647728
NP_notochordal	healthy_vs_degenerated_all	NEUROG3	0.0	1.0	11	0	0	0	1.0
NP_notochordal	healthy_vs_degenerated_all	CXXC1	0.0	1.0	11	0	0	0	1.0
NP_notochordal	healthy_vs_degenerated_all	TBX21	0.0	1.0	18	0	0	0	1.0
NP_notochordal	healthy_vs_degenerated_all	HOXA10	0.0	1.0	30	0	0	0	1.0
NP_notochordal	healthy_vs_degenerated_all	LMX1B	0.0	1.0	13	0	0	0	1.0
NP_notochordal	healthy_vs_degenerated_all	TBX2	0.0	1.0	20	0	0	0	1.0
NP_notochordal	healthy_vs_degenerated_all	ZNF699	0.0	1.0	30	0	0	0	1.0
NP_notochordal	healthy_vs_degenerated_all	RFX5	0.0	1.0	13	0	0	0	1.0
NP_notochordal	healthy_vs_degenerated_all	RFXANK	0.0	1.0	8	0	0	0	1.0
NP_notochordal	healthy_vs_degenerated_all	RFXAP	0.0	1.0	7	0	0	0	1.0
NP_notochordal	healthy_vs_degenerated_all	BARX2	0.0	1.0	10	0	0	0	1.0
NP_notochordal	healthy_vs_degenerated_all	FOXO4	0.0	1.0	21	0	0	0	1.0
NP_notochordal	healthy_vs_degenerated_all	DLX5	0.0	1.0	20	0	0	0	1.0
NP_notochordal	healthy_vs_degenerated_all	ID4	0.0	1.0	9	0	0	0	1.0
NP_notochordal	healthy_vs_degenerated_all	SPIB	0.0	1.0	9	0	0	0	1.0
NP_notochordal	healthy_vs_degenerated_all	FOXN1	0.0	1.0	31	0	0	0	1.0
NP_notochordal	healthy_vs_degenerated_all	TBX5	0.0	1.0	11	0	0	0	1.0
NP_notochordal	healthy_vs_degenerated_all	TLX1	0.0	1.0	6	0	0	0	1.0
NP_notochordal	healthy_vs_degenerated_all	HIVEP1	0.125	0.007243393353242748	8	1	1	0	0.06738550786198556
NP_notochordal	healthy_vs_degenerated_all	SMAD2	0.017543859649122806	0.05058824215628056	57	1	1	0	0.19535333763494506
NP_notochordal	healthy_vs_degenerated_all	NKX3-1	-0.02	0.0445022894955736	50	1	0	1	0.18715346404302874
NP_notochordal	healthy_vs_degenerated_all	HAND2	0.0	1.0	17	0	0	0	1.0
NP_notochordal	healthy_vs_degenerated_all	PAX7	0.0	1.0	9	0	0	0	1.0
NP_notochordal	healthy_vs_degenerated_all	SFPQ	-0.05263157894736842	0.017125957778333457	19	1	0	1	0.11186529867975259
NP_notochordal	healthy_vs_degenerated_all	BMAL1	0.0	1.0	44	0	0	0	1.0
NP_notochordal	healthy_vs_degenerated_all	SKIL	0.0	1.0	14	0	0	0	1.0
NP_notochordal	healthy_vs_degenerated_all	TBXT	0.0	1.0	6	0	0	0	1.0
NP_notochordal	healthy_vs_degenerated_all	MSX2	-0.045454545454545456	0.01980579102109377	22	1	0	1	0.12283591602981389
NP_notochordal	healthy_vs_degenerated_all	MZF1	0.0	1.0	14	0	0	0	1.0
NP_notochordal	healthy_vs_degenerated_all	HOXA5	0.0	1.0	9	0	0	0	1.0
NP_notochordal	healthy_vs_degenerated_all	HOXB4	0.0	1.0	5	0	0	0	1.0
NP_notochordal	healthy_vs_degenerated_all	CREB3	0.0	1.0	8	0	0	0	1.0
NP_notochordal	healthy_vs_degenerated_all	NFE2	0.0	1.0	11	0	0	0	1.0
NP_notochordal	healthy_vs_degenerated_all	ZNF76	0.0	1.0	6	0	0	0	1.0
NP_notochordal	healthy_vs_degenerated_all	FOXQ1	0.0	1.0	9	0	0	0	1.0
NP_notochordal	healthy_vs_degenerated_all	ZGLP1	0.0	1.0	9	0	0	0	1.0
NP_notochordal	healthy_vs_degenerated_all	NFYB	0.0	1.0	29	0	0	0	1.0
NP_notochordal	healthy_vs_degenerated_all	ETV3	0.0	1.0	10	0	0	0	1.0
NP_notochordal	healthy_vs_degenerated_all	GSC	0.0	1.0	5	0	0	0	1.0
NP_notochordal	healthy_vs_degenerated_all	IRF7	0.0	1.0	8	0	0	0	1.0
NP_notochordal	healthy_vs_degenerated_all	NFATC3	-0.05555555555555555	0.016231215819096617	18	1	0	1	0.1083257229665796
NP_notochordal	healthy_vs_degenerated_all	KDM5A	0.0	1.0	13	0	0	0	1.0
NP_notochordal	healthy_vs_degenerated_all	GRHL3	0.0	1.0	14	0	0	0	1.0
NP_notochordal	healthy_vs_degenerated_all	THRA	0.0	1.0	40	0	0	0	1.0
NP_notochordal	healthy_vs_degenerated_all	SOX17	0.041666666666666664	0.02158869131328217	24	1	1	0	0.12624244253671668
NP_notochordal	healthy_vs_degenerated_all	TBX15	0.0	1.0	19	0	0	0	1.0
NP_notochordal	healthy_vs_degenerated_all	NFAT5	0.0	1.0	35	0	0	0	1.0
NP_notochordal	healthy_vs_degenerated_all	BMAL2	0.0	1.0	6	0	0	0	1.0
NP_notochordal	healthy_vs_degenerated_all	NFE2L2	0.013986013986013986	0.0070369340284625725	143	2	2	0	0.06738550786198556
NP_notochordal	healthy_vs_degenerated_all	ZIC1	0.0	1.0	9	0	0	0	1.0
NP_notochordal	healthy_vs_degenerated_all	MEIS1	0.0	1.0	9	0	0	0	1.0
NP_notochordal	healthy_vs_degenerated_all	HOXA9	0.0	1.0	27	0	0	0	1.0
NP_notochordal	healthy_vs_degenerated_all	MAFA	0.0	1.0	11	0	0	0	1.0
NP_notochordal	healthy_vs_degenerated_all	NR1D1	0.0	5.7577221019388305e-05	13	2	1	1	0.008244900734454818
NP_notochordal	healthy_vs_degenerated_all	MYF6	0.0	1.0	6	0	0	0	1.0
NP_notochordal	healthy_vs_degenerated_all	ZNF263	0.0	1.0	6	0	0	0	1.0
NP_notochordal	healthy_vs_degenerated_all	NFIA	0.0	1.0	31	0	0	0	1.0
NP_notochordal	healthy_vs_degenerated_all	HEY2	0.0	1.0	10	0	0	0	1.0
NP_notochordal	healthy_vs_degenerated_all	HOXB7	0.0	1.0	11	0	0	0	1.0
NP_notochordal	healthy_vs_degenerated_all	ZNF350	0.0	1.0	9	0	0	0	1.0
NP_notochordal	healthy_vs_degenerated_all	BCL11A	0.0	1.0	8	0	0	0	1.0
NP_notochordal	healthy_vs_degenerated_all	TWIST1	0.018867924528301886	0.04711484104299502	53	1	1	0	0.1915795523205228
NP_notochordal	healthy_vs_degenerated_all	ZNF395	0.0	1.0	5	0	0	0	1.0
NP_notochordal	healthy_vs_degenerated_all	TFDP2	0.0	1.0	5	0	0	0	1.0
NP_notochordal	healthy_vs_degenerated_all	GTF3A	0.0	1.0	16	0	0	0	1.0
NP_notochordal	healthy_vs_degenerated_all	KLF10	0.0	1.0	17	0	0	0	1.0
NP_notochordal	healthy_vs_degenerated_all	KLF2	0.0	1.0	34	0	0	0	1.0
NP_notochordal	healthy_vs_degenerated_all	PHF20	0.0	1.0	7	0	0	0	1.0
NP_notochordal	healthy_vs_degenerated_all	TGIF1	0.0	1.0	8	0	0	0	1.0
NP_notochordal	healthy_vs_degenerated_all	FOXG1	0.0	1.0	12	0	0	0	1.0
NP_notochordal	healthy_vs_degenerated_all	SF1	0.0	1.0	5	0	0	0	1.0
NP_notochordal	healthy_vs_degenerated_all	MBD2	0.017543859649122806	0.05058824215628056	57	1	1	0	0.19535333763494506
NP_notochordal	healthy_vs_degenerated_all	FOXF2	0.0	1.0	8	0	0	0	1.0
NP_notochordal	healthy_vs_degenerated_all	HEY1	0.0	1.0	21	0	0	0	1.0
NP_notochordal	healthy_vs_degenerated_all	ZBTB17	0.027777777777777776	0.03222493845492595	36	1	1	0	0.15216231311223605
NP_notochordal	healthy_vs_degenerated_all	IRF5	0.0	1.0	12	0	0	0	1.0
NP_notochordal	healthy_vs_degenerated_all	THRB	0.0	1.0	30	0	0	0	1.0
NP_notochordal	healthy_vs_degenerated_all	POU3F2	0.0	1.0	13	0	0	0	1.0
NP_notochordal	healthy_vs_degenerated_all	FOXI1	0.0	1.0	5	0	0	0	1.0
NP_notochordal	healthy_vs_degenerated_all	KCNIP3	0.0	1.0	7	0	0	0	1.0
NP_notochordal	healthy_vs_degenerated_all	FOSB	0.0	1.0	20	0	0	0	1.0
NP_notochordal	healthy_vs_degenerated_all	NFE2L1	0.0	1.0	8	0	0	0	1.0
NP_notochordal	healthy_vs_degenerated_all	TRERF1	0.0	1.0	5	0	0	0	1.0
NP_notochordal	healthy_vs_degenerated_all	FOXP1	0.0	1.0	11	0	0	0	1.0
NP_notochordal	healthy_vs_degenerated_all	FOXP2	0.0	1.0	5	0	0	0	1.0
NP_notochordal	healthy_vs_degenerated_all	BARX1	0.0	1.0	7	0	0	0	1.0
NP_notochordal	healthy_vs_degenerated_all	ZFPM2	0.0	1.0	7	0	0	0	1.0
NP_notochordal	healthy_vs_degenerated_all	IKZF1	0.0	1.0	14	0	0	0	1.0
NP_notochordal	healthy_vs_degenerated_all	BCL3	0.05263157894736842	0.017125957778333457	19	1	1	0	0.11186529867975259
NP_notochordal	healthy_vs_degenerated_all	SP2	0.0	1.0	16	0	0	0	1.0
NP_notochordal	healthy_vs_degenerated_all	SIM2	-0.125	0.007243393353242748	8	1	0	1	0.06738550786198556
NP_notochordal	healthy_vs_degenerated_all	NFATC1	0.0	0.0014518209285510769	64	2	1	1	0.031836358933227185
NP_notochordal	healthy_vs_degenerated_all	POU2F3	0.0	1.0	5	0	0	0	1.0
NP_notochordal	healthy_vs_degenerated_all	HOXA7	0.0	1.0	10	0	0	0	1.0
NP_notochordal	healthy_vs_degenerated_all	NPAS2	0.0	1.0	6	0	0	0	1.0
NP_notochordal	healthy_vs_degenerated_all	DLX2	0.0	1.0	12	0	0	0	1.0
NP_notochordal	healthy_vs_degenerated_all	PRRX1	0.0	1.0	5	0	0	0	1.0
NP_notochordal	healthy_vs_degenerated_all	VEZF1	0.0	1.0	6	0	0	0	1.0
NP_notochordal	healthy_vs_degenerated_all	CTBP2	0.0	1.0	9	0	0	0	1.0
NP_notochordal	healthy_vs_degenerated_all	SOX6	0.0	1.0	15	0	0	0	1.0
NP_notochordal	healthy_vs_degenerated_all	HIPK2	0.0	1.0	7	0	0	0	1.0
NP_notochordal	healthy_vs_degenerated_all	RORC	0.0	1.0	6	0	0	0	1.0
NP_notochordal	healthy_vs_degenerated_all	PPARD	0.0	0.0012771378483075117	60	2	1	1	0.030160101494646624
NP_notochordal	healthy_vs_degenerated_all	MECOM	0.0	1.0	12	0	0	0	1.0
NP_notochordal	healthy_vs_degenerated_all	SIRT1	0.0	1.0	39	0	0	0	1.0
NP_notochordal	healthy_vs_degenerated_all	ZBTB7B	0.0	1.0	12	0	0	0	1.0
NP_notochordal	healthy_vs_degenerated_all	ZBTB7A	0.0	1.0	29	0	0	0	1.0
NP_notochordal	healthy_vs_degenerated_all	NR6A1	0.0	1.0	5	0	0	0	1.0
NP_notochordal	healthy_vs_degenerated_all	STAT2	-0.034482758620689655	0.026033179848072747	29	1	0	1	0.13779631402341955
NP_notochordal	healthy_vs_degenerated_all	ESRRG	0.0	1.0	14	0	0	0	1.0
NP_notochordal	healthy_vs_degenerated_all	PRDM2	0.0	1.0	7	0	0	0	1.0
NP_notochordal	healthy_vs_degenerated_all	PURA	0.0	1.0	13	0	0	0	1.0
NP_notochordal	healthy_vs_degenerated_all	NEUROD6	0.0	1.0	7	0	0	0	1.0
NP_notochordal	healthy_vs_degenerated_all	NEUROG2	0.0	1.0	8	0	0	0	1.0
NP_notochordal	healthy_vs_degenerated_all	HMGB2	0.0	1.0	6	0	0	0	1.0
NP_notochordal	healthy_vs_degenerated_all	DLX3	0.0	1.0	10	0	0	0	1.0
NP_notochordal	healthy_vs_degenerated_all	TWIST2	0.0	1.0	24	0	0	0	1.0
NP_notochordal	healthy_vs_degenerated_all	TFAP4	0.0	1.0	23	0	0	0	1.0
NP_notochordal	healthy_vs_degenerated_all	KAT6B	0.0	1.0	6	0	0	0	1.0
NP_notochordal	healthy_vs_degenerated_all	SALL3	0.0	1.0	5	0	0	0	1.0
NP_notochordal	healthy_vs_degenerated_all	MXI1	0.0	1.0	8	0	0	0	1.0
NP_notochordal	healthy_vs_degenerated_all	E2F5	0.0	1.0	9	0	0	0	1.0
NP_notochordal	healthy_vs_degenerated_all	E2F2	0.0	1.0	43	0	0	0	1.0
NP_notochordal	healthy_vs_degenerated_all	FOXD3	0.0	1.0	8	0	0	0	1.0
NP_notochordal	healthy_vs_degenerated_all	POU5F1	0.0	1.0	40	0	0	0	1.0
NP_notochordal	healthy_vs_degenerated_all	PLAGL1	0.0	1.0	14	0	0	0	1.0
NP_notochordal	healthy_vs_degenerated_all	SNAI2	0.0	1.0	27	0	0	0	1.0
NP_notochordal	healthy_vs_degenerated_all	NOTCH1	0.025	0.0357471588025241	40	1	1	0	0.165028236877818
NP_notochordal	healthy_vs_degenerated_all	FOXC2	0.0	1.0	11	0	0	0	1.0
NP_notochordal	healthy_vs_degenerated_all	FOXD1	0.0	1.0	5	0	0	0	1.0
NP_notochordal	healthy_vs_degenerated_all	KLF9	0.0	1.0	16	0	0	0	1.0
NP_notochordal	healthy_vs_degenerated_all	TBPL2	0.0	1.0	8	0	0	0	1.0
NP_notochordal	healthy_vs_degenerated_all	NFIL3	0.06666666666666667	0.013542589839144761	15	1	1	0	0.09782529601452804
NP_notochordal	healthy_vs_degenerated_all	ZNF384	0.0	1.0	10	0	0	0	1.0
NP_notochordal	healthy_vs_degenerated_all	HOXA11	0.0	1.0	5	0	0	0	1.0
NP_notochordal	healthy_vs_degenerated_all	MEF2D	0.0	1.0	17	0	0	0	1.0
NP_notochordal	healthy_vs_degenerated_all	SMAD5	0.0	1.0	26	0	0	0	1.0
NP_notochordal	healthy_vs_degenerated_all	MLXIPL	0.0	1.0	10	0	0	0	1.0
NP_notochordal	healthy_vs_degenerated_all	ZBTB33	0.0	1.0	7	0	0	0	1.0
NP_notochordal	healthy_vs_degenerated_all	KLF15	0.0	1.0	12	0	0	0	1.0
NP_notochordal	healthy_vs_degenerated_all	DNMT3A	0.0	1.0	40	0	0	0	1.0
NP_notochordal	healthy_vs_degenerated_all	DNMT3B	-0.0196078431372549	0.04537385540864887	51	1	0	1	0.1882401839250703
NP_notochordal	healthy_vs_degenerated_all	OLIG2	0.0	1.0	10	0	0	0	1.0
NP_notochordal	healthy_vs_degenerated_all	MAFG	0.0	1.0	9	0	0	0	1.0
NP_notochordal	healthy_vs_degenerated_all	TEF	0.1111111111111111	0.00814548931566597	9	1	1	0	0.07248304985244791
NP_notochordal	healthy_vs_degenerated_all	HOXD13	0.0	1.0	8	0	0	0	1.0
NP_notochordal	healthy_vs_degenerated_all	ZKSCAN7	0.0	1.0	8	0	0	0	1.0
NP_notochordal	healthy_vs_degenerated_all	BACH1	0.0	1.0	14	0	0	0	1.0
NP_notochordal	healthy_vs_degenerated_all	TEAD4	0.0	1.0	7	0	0	0	1.0
NP_notochordal	healthy_vs_degenerated_all	GCM1	0.0	1.0	5	0	0	0	1.0
NP_notochordal	healthy_vs_degenerated_all	BHLHE41	0.0	1.0	17	0	0	0	1.0
NP_notochordal	healthy_vs_degenerated_all	MTA1	0.0	1.0	40	0	0	0	1.0
NP_notochordal	healthy_vs_degenerated_all	EHF	0.0	1.0	8	0	0	0	1.0
NP_notochordal	healthy_vs_degenerated_all	TCF7L2	0.0	0.0019357178381924575	74	2	1	1	0.03714158602031778
NP_notochordal	healthy_vs_degenerated_all	VSX2	0.0	1.0	14	0	0	0	1.0
NP_notochordal	healthy_vs_degenerated_all	TSC22D1	0.0	1.0	7	0	0	0	1.0
NP_notochordal	healthy_vs_degenerated_all	SOX5	0.0	1.0	10	0	0	0	1.0
NP_notochordal	healthy_vs_degenerated_all	SOX2	0.0	1.0	34	0	0	0	1.0
NP_notochordal	healthy_vs_degenerated_all	NKX3-2	0.0	1.0	6	0	0	0	1.0
NP_notochordal	healthy_vs_degenerated_all	PAX9	0.16666666666666666	0.005436985850256583	6	1	1	0	0.060696532946500764
NP_notochordal	healthy_vs_degenerated_all	TCF21	0.0	1.0	6	0	0	0	1.0
NP_notochordal	healthy_vs_degenerated_all	HIC1	0.0	1.0	17	0	0	0	1.0
NP_notochordal	healthy_vs_degenerated_all	ZEB2	0.0	1.0	17	0	0	0	1.0
NP_notochordal	healthy_vs_degenerated_all	NONO	0.0	1.0	11	0	0	0	1.0
NP_notochordal	healthy_vs_degenerated_all	CEBPZ	0.0	1.0	13	0	0	0	1.0
NP_notochordal	healthy_vs_degenerated_all	SIX1	0.14285714285714285	0.006340559043814994	7	1	1	0	0.06738550786198556
NP_notochordal	healthy_vs_degenerated_all	NFIX	0.0	1.0	15	0	0	0	1.0
NP_notochordal	healthy_vs_degenerated_all	MNT	0.0	1.0	8	0	0	0	1.0
NP_notochordal	healthy_vs_degenerated_all	HOXA1	0.07142857142857142	0.012644912698221242	14	1	1	0	0.09585156045318324
NP_notochordal	healthy_vs_degenerated_all	BCL11B	0.0	1.0	18	0	0	0	1.0
NP_notochordal	healthy_vs_degenerated_all	RXRB	0.0	1.0	7	0	0	0	1.0
NP_notochordal	healthy_vs_degenerated_all	E2F6	0.0	1.0	33	0	0	0	1.0
NP_notochordal	healthy_vs_degenerated_all	HOXA13	0.0	1.0	6	0	0	0	1.0
NP_notochordal	healthy_vs_degenerated_all	KAT6A	0.0	1.0	11	0	0	0	1.0
NP_notochordal	healthy_vs_degenerated_all	GFI1	0.0	1.0	31	0	0	0	1.0
NP_notochordal	healthy_vs_degenerated_all	RUNX3	-0.022727272727272728	0.03925783772958181	44	1	0	1	0.1734123191795916
NP_notochordal	healthy_vs_degenerated_all	GLI1	0.008849557522123894	0.0980339734968681	113	1	1	0	0.33255723606119897
NP_notochordal	healthy_vs_degenerated_all	KLF8	0.06666666666666667	0.013542589839144761	15	1	1	0	0.09782529601452804
NP_notochordal	healthy_vs_degenerated_all	HIF3A	0.0	1.0	5	0	0	0	1.0
NP_notochordal	healthy_vs_degenerated_all	MEOX2	-0.16666666666666666	0.005436985850256583	6	1	0	1	0.060696532946500764
NP_notochordal	healthy_vs_degenerated_all	JARID2	0.0	1.0	10	0	0	0	1.0
NP_notochordal	healthy_vs_degenerated_all	NFYC	0.0	1.0	18	0	0	0	1.0
NP_notochordal	healthy_vs_degenerated_all	GFI1B	0.0	1.0	8	0	0	0	1.0
NP_notochordal	healthy_vs_degenerated_all	ASCL2	0.0	1.0	5	0	0	0	1.0
NP_notochordal	healthy_vs_degenerated_all	MSC	0.0	1.0	13	0	0	0	1.0
NP_notochordal	healthy_vs_degenerated_all	HOXB9	0.0	1.0	5	0	0	0	1.0
NP_notochordal	healthy_vs_degenerated_all	HLX	0.0	1.0	12	0	0	0	1.0
NP_notochordal	healthy_vs_degenerated_all	RCOR2	0.0	1.0	12	0	0	0	1.0
NP_notochordal	healthy_vs_degenerated_all	NKX2-2	0.0	1.0	9	0	0	0	1.0
NP_notochordal	healthy_vs_degenerated_all	ARID4A	0.0	1.0	6	0	0	0	1.0
NP_notochordal	healthy_vs_degenerated_all	HINFP	0.0	1.0	9	0	0	0	1.0
NP_notochordal	healthy_vs_degenerated_all	SMARCC1	0.0	1.0	6	0	0	0	1.0
NP_notochordal	healthy_vs_degenerated_all	KAT2B	0.0	1.0	12	0	0	0	1.0
NP_notochordal	healthy_vs_degenerated_all	HDGF	0.0	1.0	5	0	0	0	1.0
NP_notochordal	healthy_vs_degenerated_all	EP300	-0.023809523809523808	0.037503938839825994	42	1	0	1	0.170573469982616
NP_notochordal	healthy_vs_degenerated_all	TRPS1	0.08333333333333333	0.010847352487045613	12	1	1	0	0.085388133680077
NP_notochordal	healthy_vs_degenerated_all	CTNNB1	0.0	0.013416413833792374	200	2	1	1	0.09782529601452804
NP_notochordal	healthy_vs_degenerated_all	PML	0.0	1.0	15	0	0	0	1.0
NP_notochordal	healthy_vs_degenerated_all	KLF7	0.0	1.0	8	0	0	0	1.0
NP_notochordal	healthy_vs_degenerated_all	PROP1	0.0	1.0	6	0	0	0	1.0
NP_notochordal	healthy_vs_degenerated_all	LMO2	0.0	1.0	18	0	0	0	1.0
NP_notochordal	healthy_vs_degenerated_all	MEOX1	0.0	1.0	6	0	0	0	1.0
NP_notochordal	healthy_vs_degenerated_all	FOXL2	0.07692307692307693	0.011746500425881136	13	1	1	0	0.09015439076863771
NP_notochordal	healthy_vs_degenerated_all	HTATIP2	0.0	1.0	11	0	0	0	1.0
NP_notochordal	healthy_vs_degenerated_all	EZH2	0.0	0.0031023283436947126	94	2	1	1	0.04884178469303983
NP_notochordal	healthy_vs_degenerated_all	GLI2	0.009900990099009901	0.08805059086621696	101	1	1	0	0.30202828375339225
NP_notochordal	healthy_vs_degenerated_all	TCF7	0.08333333333333333	0.010847352487045613	12	1	1	0	0.085388133680077
NP_notochordal	healthy_vs_degenerated_all	FOXC1	0.0	1.0	9	0	0	0	1.0
NP_notochordal	healthy_vs_degenerated_all	HOXB13	0.0	1.0	8	0	0	0	1.0
NP_notochordal	healthy_vs_degenerated_all	ABL1	-0.1	0.009046847467869108	10	1	0	1	0.07714950479543935
NP_notochordal	healthy_vs_degenerated_all	TBX3	0.0	1.0	11	0	0	0	1.0
NP_notochordal	healthy_vs_degenerated_all	NFKBIZ	0.0	1.0	5	0	0	0	1.0
NP_notochordal	healthy_vs_degenerated_all	PLAGL2	0.0	1.0	5	0	0	0	1.0
NP_notochordal	healthy_vs_degenerated_all	TET1	0.0	1.0	9	0	0	0	1.0
NP_notochordal	healthy_vs_degenerated_all	FOXH1	0.0	1.0	7	0	0	0	1.0
NP_notochordal	healthy_vs_degenerated_all	FOXP3	-0.037037037037037035	0.024257569584108407	27	1	0	1	0.13298346182716572
NP_notochordal	healthy_vs_degenerated_all	CREB3L1	0.0	1.0	7	0	0	0	1.0
NP_notochordal	healthy_vs_degenerated_all	TFDP3	0.0	1.0	5	0	0	0	1.0
NP_notochordal	healthy_vs_degenerated_all	SP7	0.0	1.0	24	0	0	0	1.0
NP_notochordal	healthy_vs_degenerated_all	OVOL1	0.0	1.0	8	0	0	0	1.0
NP_notochordal	healthy_vs_degenerated_all	ZNF436	0.0	1.0	5	0	0	0	1.0
NP_notochordal	healthy_vs_degenerated_all	ATF7	0.0	1.0	5	0	0	0	1.0
NP_notochordal	healthy_vs_degenerated_all	SCX	0.0	1.0	8	0	0	0	1.0
NP_notochordal	healthy_vs_degenerated_all	NANOG	0.0	1.0	31	0	0	0	1.0
NP_notochordal	healthy_vs_degenerated_all	ARX	0.0	1.0	13	0	0	0	1.0
NP_notochordal	healthy_vs_degenerated_all	VHL	0.0	1.0	20	0	0	0	1.0
NP_notochordal	healthy_vs_degenerated_all	SOX4	0.0	1.0	18	0	0	0	1.0
NP_notochordal	healthy_vs_degenerated_all	ATF5	0.047619047619047616	0.018913244846463555	21	1	1	0	0.11971889005905796
NP_notochordal	healthy_vs_degenerated_all	CTCFL	0.0	1.0	6	0	0	0	1.0
NP_notochordal	healthy_vs_degenerated_all	SP6	0.0	1.0	5	0	0	0	1.0
NP_notochordal	healthy_vs_degenerated_all	SMARCA5	0.0	1.0	8	0	0	0	1.0
NP_notochordal	healthy_vs_degenerated_all	EOMES	0.0	1.0	8	0	0	0	1.0
NP_notochordal	healthy_vs_degenerated_all	ESRRB	0.0	1.0	5	0	0	0	1.0
NP_notochordal	healthy_vs_degenerated_all	ZXDC	0.0	1.0	5	0	0	0	1.0
NP_notochordal	healthy_vs_degenerated_all	NR2E1	0.0	1.0	10	0	0	0	1.0
NP_notochordal	healthy_vs_degenerated_all	ZFP42	0.0	1.0	12	0	0	0	1.0
NP_notochordal	healthy_vs_degenerated_all	KMT2B	0.0	1.0	11	0	0	0	1.0
NP_notochordal	healthy_vs_degenerated_all	NFIB	0.0	1.0	14	0	0	0	1.0
NP_notochordal	healthy_vs_degenerated_all	EN1	0.0	1.0	5	0	0	0	1.0
NP_notochordal	healthy_vs_degenerated_all	MTA3	0.0	1.0	9	0	0	0	1.0
NP_notochordal	healthy_vs_degenerated_all	TBX18	0.0	1.0	7	0	0	0	1.0
NP_notochordal	healthy_vs_degenerated_all	EGR4	0.0	1.0	9	0	0	0	1.0
NP_notochordal	healthy_vs_degenerated_all	HSF4	0.0	1.0	8	0	0	0	1.0
NP_notochordal	healthy_vs_degenerated_all	BCLAF1	0.0	1.0	5	0	0	0	1.0
NP_notochordal	healthy_vs_degenerated_all	KDM5C	0.0	1.0	10	0	0	0	1.0
NP_notochordal	healthy_vs_degenerated_all	FOSL2	0.0	1.0	22	0	0	0	1.0
NP_notochordal	healthy_vs_degenerated_all	MED1	0.0	1.0	9	0	0	0	1.0
NP_notochordal	healthy_vs_degenerated_all	LYL1	0.0	1.0	12	0	0	0	1.0
NP_notochordal	healthy_vs_degenerated_all	HOXD1	0.0	1.0	5	0	0	0	1.0
NP_notochordal	healthy_vs_degenerated_all	SALL4	0.0	1.0	7	0	0	0	1.0
NP_notochordal	healthy_vs_degenerated_all	KDM5B	0.0	1.0	20	0	0	0	1.0
NP_notochordal	healthy_vs_degenerated_all	TADA2A	0.0	1.0	6	0	0	0	1.0
NP_notochordal	healthy_vs_degenerated_all	SATB2	0.058823529411764705	0.015335740865354674	17	1	1	0	0.10347411968492054
NP_notochordal	healthy_vs_degenerated_all	NSD2	0.0	1.0	6	0	0	0	1.0
NP_notochordal	healthy_vs_degenerated_all	PBRM1	0.0	1.0	7	0	0	0	1.0
NP_notochordal	healthy_vs_degenerated_all	ZBTB4	0.0	1.0	12	0	0	0	1.0
NP_notochordal	healthy_vs_degenerated_all	THAP11	0.0	1.0	6	0	0	0	1.0
NP_notochordal	healthy_vs_degenerated_all	FOXJ1	0.125	0.007243393353242748	8	1	1	0	0.06738550786198556
NP_notochordal	healthy_vs_degenerated_all	PPARGC1A	0.0	1.0	18	0	0	0	1.0
NP_notochordal	healthy_vs_degenerated_all	BATF	0.0	1.0	7	0	0	0	1.0
NP_notochordal	healthy_vs_degenerated_all	ARID3B	0.0	1.0	5	0	0	0	1.0
NP_notochordal	healthy_vs_degenerated_all	ZNF300	0.0	1.0	5	0	0	0	1.0
NP_notochordal	healthy_vs_degenerated_all	NUPR1	0.0	1.0	6	0	0	0	1.0
NP_notochordal	healthy_vs_degenerated_all	ZNF331	0.0	1.0	17	0	0	0	1.0
NP_notochordal	healthy_vs_degenerated_all	ZNF382	0.0	1.0	11	0	0	0	1.0
NP_notochordal	healthy_vs_degenerated_all	HOXD8	0.0	1.0	5	0	0	0	1.0
NP_notochordal	healthy_vs_degenerated_all	LHX8	0.0	1.0	7	0	0	0	1.0
NP_notochordal	healthy_vs_degenerated_all	IRX1	-0.09090909090909091	0.00994746834629511	11	1	0	1	0.08366774746061915
NP_notochordal	healthy_vs_degenerated_all	SOX11	0.0	1.0	7	0	0	0	1.0
NP_notochordal	healthy_vs_degenerated_all	IRF6	0.1	0.009046847467869108	10	1	1	0	0.07714950479543935
NP_notochordal	healthy_vs_degenerated_all	E2F7	0.0	1.0	5	0	0	0	1.0
NP_notochordal	healthy_vs_degenerated_all	HEYL	0.0	1.0	5	0	0	0	1.0
NP_notochordal	healthy_vs_degenerated_all	MECP2	0.0	1.0	17	0	0	0	1.0
NP_notochordal	healthy_vs_degenerated_all	MAML1	0.0	1.0	5	0	0	0	1.0
NP_notochordal	healthy_vs_degenerated_all	DOT1L	0.125	0.007243393353242748	8	1	1	0	0.06738550786198556
NP_notochordal	healthy_vs_degenerated_all	ARID3A	0.0	1.0	6	0	0	0	1.0
NP_notochordal	healthy_vs_degenerated_all	ARID1A	0.0	1.0	5	0	0	0	1.0
NP_notochordal	healthy_vs_degenerated_all	ZBTB18	0.0	1.0	6	0	0	0	1.0
NP_notochordal	healthy_vs_degenerated_all	TCF15	0.0	1.0	5	0	0	0	1.0
NP_notochordal	healthy_vs_degenerated_all	NPM1	0.0	1.0	11	0	0	0	1.0
NP_notochordal	healthy_vs_degenerated_all	SETBP1	0.2	0.004532673235099514	5	1	1	0	0.05921407162449152
NP_notochordal	healthy_vs_degenerated_all	KDM2A	0.0	1.0	8	0	0	0	1.0
NP_notochordal	healthy_vs_degenerated_all	MKX	0.0	1.0	6	0	0	0	1.0
NP_notochordal	healthy_vs_degenerated_all	HDAC3	0.0	1.0	14	0	0	0	1.0
NP_notochordal	healthy_vs_degenerated_all	BTG2	0.0	1.0	6	0	0	0	1.0
NP_notochordal	healthy_vs_degenerated_all	CREB5	0.0	1.0	9	0	0	0	1.0
NP_notochordal	healthy_vs_degenerated_all	CTBP1	0.0	1.0	8	0	0	0	1.0
NP_notochordal	healthy_vs_degenerated_all	HDAC1	-0.01694915254237288	0.05232066597283094	59	1	0	1	0.1983017833785074
NP_notochordal	healthy_vs_degenerated_all	HCFC1	0.0	1.0	7	0	0	0	1.0
NP_notochordal	healthy_vs_degenerated_all	ETV7	0.0	1.0	8	0	0	0	1.0
NP_notochordal	healthy_vs_degenerated_all	FHL2	0.0	1.0	6	0	0	0	1.0
NP_notochordal	healthy_vs_degenerated_all	HDAC4	-0.0625	0.01443953238338995	16	1	0	1	0.09961654925170145
NP_notochordal	healthy_vs_degenerated_all	HDAC7	0.0	1.0	10	0	0	0	1.0
NP_notochordal	healthy_vs_degenerated_all	HDAC9	0.0	1.0	14	0	0	0	1.0
NP_notochordal	healthy_vs_degenerated_all	ING4	0.0	6.714088545972979e-05	14	2	1	1	0.008244900734454818
NP_notochordal	healthy_vs_degenerated_all	SIN3A	0.0	1.0	8	0	0	0	1.0
NP_notochordal	healthy_vs_degenerated_all	SMARCA4	0.0	1.0	7	0	0	0	1.0
NP_notochordal	healthy_vs_degenerated_all	WWTR1	0.0	1.0	8	0	0	0	1.0
NP_notochordal	healthy_vs_degenerated_all	PIN1	0.0	1.0	5	0	0	0	1.0
NP_notochordal	healthy_vs_degenerated_all	FGF2	0.0	1.0	8	0	0	0	1.0
NP_notochordal	healthy_vs_degenerated_all	PARK7	0.0	1.0	6	0	0	0	1.0
NP_notochordal	healthy_vs_degenerated_all	YAP1	0.0	1.0	8	0	0	0	1.0
NP_notochordal	healthy_vs_degenerated_all	BCOR	0.0	1.0	5	0	0	0	1.0
NP_notochordal	healthy_vs_degenerated_all	BRD4	0.125	0.007243393353242748	8	1	1	0	0.06738550786198556
NP_notochordal	healthy_vs_degenerated_all	SRSF2	0.08333333333333333	0.010847352487045613	12	1	1	0	0.085388133680077
NP_notochordal	healthy_vs_degenerated_all	ZMYND8	0.0	1.0	6	0	0	0	1.0
NP_notochordal	healthy_vs_degenerated_all	ARID4B	0.125	0.007243393353242748	8	1	1	0	0.06738550786198556
NP_notochordal	healthy_vs_degenerated_all	AP1	0.006134969325153374	0.00013744532186249766	326	4	3	1	0.010548928452946695
NP_notochordal	healthy_vs_degenerated_all	NFKB	0.0	0.000601897364279253	479	4	2	2	0.024049425123084788
unassigned	mild_vs_severe	MYC	0.0014684287812041115	0.5048985784039141	681	1	1	0	1.0
unassigned	mild_vs_severe	SPI1	-0.011695906432748537	0.012040290810631023	171	2	0	2	0.6064082539908239
unassigned	mild_vs_severe	SMAD3	0.0	1.0	106	0	0	0	1.0
unassigned	mild_vs_severe	SMAD4	0.0	1.0	78	0	0	0	1.0
unassigned	mild_vs_severe	STAT5A	-0.016260162601626018	0.0063800637888893905	123	2	0	2	0.555976987317504
unassigned	mild_vs_severe	STAT5B	-0.015625	0.06217030892554457	64	1	0	1	1.0
unassigned	mild_vs_severe	RELA	-0.003125	0.27728972232573	320	1	0	1	1.0
unassigned	mild_vs_severe	WT1	0.01098901098901099	0.08732780604611673	91	1	1	0	1.0
unassigned	mild_vs_severe	NR0B2	0.0	1.0	65	0	0	0	1.0
unassigned	mild_vs_severe	SP1	0.002531645569620253	0.1843619424662716	790	2	2	0	1.0
unassigned	mild_vs_severe	TP53	0.001422475106685633	0.516386655988242	703	1	1	0	1.0
unassigned	mild_vs_severe	ZBTB16	0.0	1.0	35	0	0	0	1.0
unassigned	mild_vs_severe	ETV6	0.0	1.0	17	0	0	0	1.0
unassigned	mild_vs_severe	RUNX1	-0.008928571428571428	0.10646885826438965	112	1	0	1	1.0
unassigned	mild_vs_severe	STAT1	-0.004878048780487805	0.18692694471756316	205	1	0	1	1.0
unassigned	mild_vs_severe	STAT3	0.0038314176245210726	0.0018894805330380785	261	3	2	1	0.384194375051076
unassigned	mild_vs_severe	ETV4	0.025	0.039280606942073075	40	1	1	0	0.9092251735336869
unassigned	mild_vs_severe	MTF1	0.0	1.0	25	0	0	0	1.0
unassigned	mild_vs_severe	CREB1	0.0	1.0	263	0	0	0	1.0
unassigned	mild_vs_severe	FOXA2	0.0	1.0	44	0	0	0	1.0
unassigned	mild_vs_severe	NFATC2	0.0	1.0	48	0	0	0	1.0
unassigned	mild_vs_severe	CEBPB	-0.00398406374501992	0.0016890098470049087	251	3	1	2	0.384194375051076
unassigned	mild_vs_severe	FOS	0.0	1.0	194	0	0	0	1.0
unassigned	mild_vs_severe	PLAG1	0.0	1.0	7	0	0	0	1.0
unassigned	mild_vs_severe	E2F1	0.0	1.0	253	0	0	0	1.0
unassigned	mild_vs_severe	E2F3	0.0	1.0	59	0	0	0	1.0
unassigned	mild_vs_severe	HBP1	0.0	1.0	30	0	0	0	1.0
unassigned	mild_vs_severe	YY1	0.0	1.0	158	0	0	0	1.0
unassigned	mild_vs_severe	ESR1	0.0	0.05525520360908019	388	2	1	1	0.968085823447862
unassigned	mild_vs_severe	JUN	0.0026246719160104987	0.005521153594306904	381	3	2	1	0.555976987317504
unassigned	mild_vs_severe	NR1I3	0.0	1.0	27	0	0	0	1.0
unassigned	mild_vs_severe	CEBPG	-0.010416666666666666	0.09191870321492661	96	1	0	1	1.0
unassigned	mild_vs_severe	MAFK	0.0	1.0	16	0	0	0	1.0
unassigned	mild_vs_severe	STAT4	0.0	1.0	13	0	0	0	1.0
unassigned	mild_vs_severe	IRF1	0.0	1.0	93	0	0	0	1.0
unassigned	mild_vs_severe	ATF2	0.0	1.0	81	0	0	0	1.0
unassigned	mild_vs_severe	NR2C2	0.0	1.0	34	0	0	0	1.0
unassigned	mild_vs_severe	IRF3	0.0	1.0	51	0	0	0	1.0
unassigned	mild_vs_severe	TFAP2A	0.0	1.0	181	0	0	0	1.0
unassigned	mild_vs_severe	HNF1A	0.024390243902439025	0.0402443929269009	41	1	1	0	0.9092251735336869
unassigned	mild_vs_severe	ETS1	0.0	1.0	124	0	0	0	1.0
unassigned	mild_vs_severe	ARNT	0.0	1.0	42	0	0	0	1.0
unassigned	mild_vs_severe	AHR	0.0	1.0	95	0	0	0	1.0
unassigned	mild_vs_severe	PAX6	0.012987012987012988	0.07436081633361491	77	1	1	0	1.0
unassigned	mild_vs_severe	NFYA	0.0	1.0	70	0	0	0	1.0
unassigned	mild_vs_severe	ZNF148	0.0	1.0	21	0	0	0	1.0
unassigned	mild_vs_severe	NFIC	0.0	1.0	45	0	0	0	1.0
unassigned	mild_vs_severe	RBPJ	0.0	1.0	83	0	0	0	1.0
unassigned	mild_vs_severe	HES1	0.0	1.0	53	0	0	0	1.0
unassigned	mild_vs_severe	GATA4	0.0	1.0	58	0	0	0	1.0
unassigned	mild_vs_severe	GATA6	0.0	1.0	34	0	0	0	1.0
unassigned	mild_vs_severe	HNF4A	0.0	1.0	125	0	0	0	1.0
unassigned	mild_vs_severe	RARA	0.0	1.0	100	0	0	0	1.0
unassigned	mild_vs_severe	DBP	0.0	1.0	19	0	0	0	1.0
unassigned	mild_vs_severe	HLF	0.0	1.0	11	0	0	0	1.0
unassigned	mild_vs_severe	PPARG	0.0	1.0	206	0	0	0	1.0
unassigned	mild_vs_severe	MAX	0.0	1.0	33	0	0	0	1.0
unassigned	mild_vs_severe	USF2	0.0	1.0	64	0	0	0	1.0
unassigned	mild_vs_severe	IRF2	0.0	1.0	31	0	0	0	1.0
unassigned	mild_vs_severe	SP3	-0.00390625	0.22819702192087846	256	1	0	1	1.0
unassigned	mild_vs_severe	AR	-0.0029154518950437317	0.29422694491420104	343	1	0	1	1.0
unassigned	mild_vs_severe	CUX1	0.013513513513513514	0.07156047964914887	74	1	1	0	1.0
unassigned	mild_vs_severe	ATF1	0.0	1.0	59	0	0	0	1.0
unassigned	mild_vs_severe	KAT7	0.0	1.0	56	0	0	0	1.0
unassigned	mild_vs_severe	CREBZF	0.0	1.0	11	0	0	0	1.0
unassigned	mild_vs_severe	GLI3	0.0	1.0	25	0	0	0	1.0
unassigned	mild_vs_severe	NKX2-5	0.0	1.0	32	0	0	0	1.0
unassigned	mild_vs_severe	TGFB1I1	0.0	1.0	11	0	0	0	1.0
unassigned	mild_vs_severe	RARB	0.0	1.0	31	0	0	0	1.0
unassigned	mild_vs_severe	RARG	0.0	1.0	20	0	0	0	1.0
unassigned	mild_vs_severe	TEAD1	0.0	1.0	14	0	0	0	1.0
unassigned	mild_vs_severe	PPARA	0.0	1.0	152	0	0	0	1.0
unassigned	mild_vs_severe	ESR2	0.0	1.0	122	0	0	0	1.0
unassigned	mild_vs_severe	NR3C1	-0.00625	0.14885694148412193	160	1	0	1	1.0
unassigned	mild_vs_severe	PGR	0.0	1.0	84	0	0	0	1.0
unassigned	mild_vs_severe	NRG1	0.0	1.0	26	0	0	0	1.0
unassigned	mild_vs_severe	TBP	0.0	1.0	103	0	0	0	1.0
unassigned	mild_vs_severe	REL	0.0	1.0	67	0	0	0	1.0
unassigned	mild_vs_severe	ISL1	0.0	1.0	10	0	0	0	1.0
unassigned	mild_vs_severe	ZBTB14	0.0	1.0	5	0	0	0	1.0
unassigned	mild_vs_severe	MYB	0.0	1.0	107	0	0	0	1.0
unassigned	mild_vs_severe	PITX1	0.0	1.0	17	0	0	0	1.0
unassigned	mild_vs_severe	EGR1	0.0	1.0	227	0	0	0	1.0
unassigned	mild_vs_severe	MYOD1	0.0	1.0	84	0	0	0	1.0
unassigned	mild_vs_severe	ETS2	0.0	1.0	68	0	0	0	1.0
unassigned	mild_vs_severe	GTF2I	0.0	1.0	18	0	0	0	1.0
unassigned	mild_vs_severe	NR2F1	0.0	1.0	21	0	0	0	1.0
unassigned	mild_vs_severe	ENO1	0.0	1.0	12	0	0	0	1.0
unassigned	mild_vs_severe	JDP2	0.0	1.0	28	0	0	0	1.0
unassigned	mild_vs_severe	MAZ	0.0	1.0	21	0	0	0	1.0
unassigned	mild_vs_severe	NR4A1	0.0	1.0	56	0	0	0	1.0
unassigned	mild_vs_severe	HMGA1	0.0	1.0	39	0	0	0	1.0
unassigned	mild_vs_severe	NFKB1	-0.00425531914893617	0.21143984247692915	235	1	0	1	1.0
unassigned	mild_vs_severe	USF1	0.0	1.0	124	0	0	0	1.0
unassigned	mild_vs_severe	DDIT3	-0.014285714285714285	0.06781471699736723	70	1	0	1	1.0
unassigned	mild_vs_severe	ATF4	0.0	1.0	84	0	0	0	1.0
unassigned	mild_vs_severe	ATF3	0.0	1.0	73	0	0	0	1.0
unassigned	mild_vs_severe	TAF1	0.0	1.0	35	0	0	0	1.0
unassigned	mild_vs_severe	RUNX2	0.0	1.0	80	0	0	0	1.0
unassigned	mild_vs_severe	TFAP2B	0.0	1.0	12	0	0	0	1.0
unassigned	mild_vs_severe	CREM	0.0	1.0	43	0	0	0	1.0
unassigned	mild_vs_severe	IRF8	0.0	1.0	42	0	0	0	1.0
unassigned	mild_vs_severe	ETV5	0.0	1.0	6	0	0	0	1.0
unassigned	mild_vs_severe	DMTF1	0.0	1.0	13	0	0	0	1.0
unassigned	mild_vs_severe	NR5A1	0.0	1.0	43	0	0	0	1.0
unassigned	mild_vs_severe	NEUROD2	0.0	1.0	8	0	0	0	1.0
unassigned	mild_vs_severe	NEUROD1	0.0	1.0	25	0	0	0	1.0
unassigned	mild_vs_severe	HHEX	0.0	1.0	15	0	0	0	1.0
unassigned	mild_vs_severe	FOXO3	0.0064516129032258064	0.14452843733188317	155	1	1	0	1.0
unassigned	mild_vs_severe	MBD1	0.0	1.0	10	0	0	0	1.0
unassigned	mild_vs_severe	CEBPD	-0.02040816326530612	0.0479230957031644	49	1	0	1	0.9618125060576379
unassigned	mild_vs_severe	ELK1	0.0	1.0	43	0	0	0	1.0
unassigned	mild_vs_severe	FLI1	0.0	1.0	60	0	0	0	1.0
unassigned	mild_vs_severe	ELK4	0.0	1.0	6	0	0	0	1.0
unassigned	mild_vs_severe	PREB	0.0	1.0	8	0	0	0	1.0
unassigned	mild_vs_severe	POU1F1	0.0	1.0	27	0	0	0	1.0
unassigned	mild_vs_severe	PAX5	0.0	1.0	36	0	0	0	1.0
unassigned	mild_vs_severe	CEBPA	0.008928571428571428	0.10646885826438965	112	1	1	0	1.0
unassigned	mild_vs_severe	LITAF	0.0	1.0	20	0	0	0	1.0
unassigned	mild_vs_severe	STAT6	0.0	1.0	58	0	0	0	1.0
unassigned	mild_vs_severe	HIF1A	0.0	0.0359130547865397	306	2	1	1	0.8762785367915686
unassigned	mild_vs_severe	TP73	0.0	1.0	100	0	0	0	1.0
unassigned	mild_vs_severe	KLF11	0.0	1.0	17	0	0	0	1.0
unassigned	mild_vs_severe	TCF4	-0.03225806451612903	0.030566856677812504	31	1	0	1	0.874478993127987
unassigned	mild_vs_severe	HIVEP2	0.0	1.0	8	0	0	0	1.0
unassigned	mild_vs_severe	E2F4	0.0	1.0	149	0	0	0	1.0
unassigned	mild_vs_severe	GATA5	0.0	1.0	8	0	0	0	1.0
unassigned	mild_vs_severe	SRF	0.0	1.0	60	0	0	0	1.0
unassigned	mild_vs_severe	ELF1	0.0	1.0	44	0	0	0	1.0
unassigned	mild_vs_severe	GATA3	0.0	1.0	101	0	0	0	1.0
unassigned	mild_vs_severe	MSX1	0.0	1.0	14	0	0	0	1.0
unassigned	mild_vs_severe	OTX2	0.0	1.0	15	0	0	0	1.0
unassigned	mild_vs_severe	LHX2	0.0	1.0	17	0	0	0	1.0
unassigned	mild_vs_severe	GABPA	0.0	1.0	25	0	0	0	1.0
unassigned	mild_vs_severe	HSF2	0.0	1.0	19	0	0	0	1.0
unassigned	mild_vs_severe	VDR	0.0	1.0	80	0	0	0	1.0
unassigned	mild_vs_severe	HOXC8	0.0	1.0	12	0	0	0	1.0
unassigned	mild_vs_severe	HR	0.0	1.0	50	0	0	0	1.0
unassigned	mild_vs_severe	RELB	0.0	1.0	31	0	0	0	1.0
unassigned	mild_vs_severe	CEBPE	-0.11764705882352941	0.0001225286503291964	17	2	0	2	0.0747424767008098
unassigned	mild_vs_severe	NR0B1	0.0	1.0	21	0	0	0	1.0
unassigned	mild_vs_severe	LEF1	0.019230769230769232	0.05078818022885445	52	1	1	0	0.968085823447862
unassigned	mild_vs_severe	ID1	0.0	1.0	52	0	0	0	1.0
unassigned	mild_vs_severe	ZNF143	0.0	1.0	22	0	0	0	1.0
unassigned	mild_vs_severe	SOX9	0.0	1.0	56	0	0	0	1.0
unassigned	mild_vs_severe	YBX1	0.0	1.0	65	0	0	0	1.0
unassigned	mild_vs_severe	HSF1	0.0	1.0	67	0	0	0	1.0
unassigned	mild_vs_severe	POU4F1	0.0	1.0	16	0	0	0	1.0
unassigned	mild_vs_severe	NOTO	0.0	1.0	5	0	0	0	1.0
unassigned	mild_vs_severe	HNF1B	0.0	1.0	19	0	0	0	1.0
unassigned	mild_vs_severe	PAX3	0.0	1.0	57	0	0	0	1.0
unassigned	mild_vs_severe	ID2	0.0	1.0	41	0	0	0	1.0
unassigned	mild_vs_severe	MEF2A	0.0	1.0	55	0	0	0	1.0
unassigned	mild_vs_severe	PDX1	0.0	1.0	45	0	0	0	1.0
unassigned	mild_vs_severe	NR2F2	0.0	1.0	33	0	0	0	1.0
unassigned	mild_vs_severe	NR1H4	0.014705882352941176	0.06593668851093577	68	1	1	0	1.0
unassigned	mild_vs_severe	ASCL1	0.0	1.0	31	0	0	0	1.0
unassigned	mild_vs_severe	RFX1	0.0	1.0	16	0	0	0	1.0
unassigned	mild_vs_severe	CRX	0.0	1.0	10	0	0	0	1.0
unassigned	mild_vs_severe	NRL	0.0	1.0	10	0	0	0	1.0
unassigned	mild_vs_severe	UBTF	0.0	1.0	9	0	0	0	1.0
unassigned	mild_vs_severe	MYBL2	0.0	1.0	44	0	0	0	1.0
unassigned	mild_vs_severe	ELF2	0.0	1.0	7	0	0	0	1.0
unassigned	mild_vs_severe	JUND	0.0	1.0	57	0	0	0	1.0
unassigned	mild_vs_severe	TP63	0.0	1.0	141	0	0	0	1.0
unassigned	mild_vs_severe	NFKBIB	0.0	1.0	15	0	0	0	1.0
unassigned	mild_vs_severe	HOXC6	0.0	1.0	8	0	0	0	1.0
unassigned	mild_vs_severe	FOXO1	0.0	1.0	178	0	0	0	1.0
unassigned	mild_vs_severe	PITX2	0.0	1.0	61	0	0	0	1.0
unassigned	mild_vs_severe	NR5A2	0.041666666666666664	0.023739890024675497	24	1	1	0	0.8518431126501208
unassigned	mild_vs_severe	POU2F1	0.0	1.0	48	0	0	0	1.0
unassigned	mild_vs_severe	XBP1	0.0	1.0	40	0	0	0	1.0
unassigned	mild_vs_severe	SREBF1	0.0	1.0	82	0	0	0	1.0
unassigned	mild_vs_severe	TCF3	0.0	1.0	63	0	0	0	1.0
unassigned	mild_vs_severe	LRRFIP1	0.0	1.0	9	0	0	0	1.0
unassigned	mild_vs_severe	TCF12	0.0	1.0	25	0	0	0	1.0
unassigned	mild_vs_severe	E4F1	0.0	1.0	8	0	0	0	1.0
unassigned	mild_vs_severe	BRCA1	0.0	1.0	48	0	0	0	1.0
unassigned	mild_vs_severe	ZNF362	0.0	1.0	11	0	0	0	1.0
unassigned	mild_vs_severe	NRF1	0.0	1.0	62	0	0	0	1.0
unassigned	mild_vs_severe	GATA1	-0.014925373134328358	0.06499638500344242	67	1	0	1	1.0
unassigned	mild_vs_severe	MYCN	0.01	0.09557629445750833	100	1	1	0	1.0
unassigned	mild_vs_severe	PKNOX1	0.0	1.0	9	0	0	0	1.0
unassigned	mild_vs_severe	NR4A3	0.0	1.0	16	0	0	0	1.0
unassigned	mild_vs_severe	SSRP1	0.0	1.0	78	0	0	0	1.0
unassigned	mild_vs_severe	ZNF91	0.0	1.0	25	0	0	0	1.0
unassigned	mild_vs_severe	NR2C1	0.0	1.0	9	0	0	0	1.0
unassigned	mild_vs_severe	ID3	0.0	1.0	24	0	0	0	1.0
unassigned	mild_vs_severe	ERF	0.0	1.0	12	0	0	0	1.0
unassigned	mild_vs_severe	ZNF354C	0.0	1.0	17	0	0	0	1.0
unassigned	mild_vs_severe	HMGA2	0.0	1.0	27	0	0	0	1.0
unassigned	mild_vs_severe	POU2F2	0.0	1.0	17	0	0	0	1.0
unassigned	mild_vs_severe	SREBF2	0.0	1.0	46	0	0	0	1.0
unassigned	mild_vs_severe	ELF4	0.0	1.0	30	0	0	0	1.0
unassigned	mild_vs_severe	TTF1	0.0	1.0	31	0	0	0	1.0
unassigned	mild_vs_severe	DLX4	0.0	1.0	23	0	0	0	1.0
unassigned	mild_vs_severe	NR1I2	0.0	1.0	145	0	0	0	1.0
unassigned	mild_vs_severe	NR1H3	-0.013888888888888888	0.0696893121601014	72	1	0	1	1.0
unassigned	mild_vs_severe	MITF	0.0	1.0	60	0	0	0	1.0
unassigned	mild_vs_severe	NCOA1	-0.020833333333333332	0.04696632190933422	48	1	0	1	0.9618125060576379
unassigned	mild_vs_severe	NCOR1	0.0	1.0	57	0	0	0	1.0
unassigned	mild_vs_severe	FOSL1	0.0	1.0	34	0	0	0	1.0
unassigned	mild_vs_severe	JUNB	0.0	1.0	55	0	0	0	1.0
unassigned	mild_vs_severe	DNMT1	0.0	1.0	117	0	0	0	1.0
unassigned	mild_vs_severe	KLF5	0.0	1.0	51	0	0	0	1.0
unassigned	mild_vs_severe	NR3C2	-0.02857142857142857	0.03444846603406685	35	1	0	1	0.8755651783658658
unassigned	mild_vs_severe	MYRF	0.0	1.0	5	0	0	0	1.0
unassigned	mild_vs_severe	EBF1	0.0	1.0	10	0	0	0	1.0
unassigned	mild_vs_severe	CREBBP	0.0	1.0	25	0	0	0	1.0
unassigned	mild_vs_severe	ZFPM1	0.0	1.0	9	0	0	0	1.0
unassigned	mild_vs_severe	APEX1	0.0	1.0	27	0	0	0	1.0
unassigned	mild_vs_severe	TFAM	0.0	1.0	11	0	0	0	1.0
unassigned	mild_vs_severe	IRF4	0.0	1.0	29	0	0	0	1.0
unassigned	mild_vs_severe	ZBED1	0.0	1.0	16	0	0	0	1.0
unassigned	mild_vs_severe	NCOA2	0.0	1.0	39	0	0	0	1.0
unassigned	mild_vs_severe	FOXA1	0.0	1.0	28	0	0	0	1.0
unassigned	mild_vs_severe	NR4A2	0.0	1.0	28	0	0	0	1.0
unassigned	mild_vs_severe	KLF1	0.0	1.0	17	0	0	0	1.0
unassigned	mild_vs_severe	LHX3	0.0	1.0	5	0	0	0	1.0
unassigned	mild_vs_severe	CTCF	0.0	1.0	92	0	0	0	1.0
unassigned	mild_vs_severe	BCL6	0.0	1.0	50	0	0	0	1.0
unassigned	mild_vs_severe	RB1	0.0	1.0	30	0	0	0	1.0
unassigned	mild_vs_severe	TFCP2	0.0	1.0	39	0	0	0	1.0
unassigned	mild_vs_severe	REST	0.0	1.0	19	0	0	0	1.0
unassigned	mild_vs_severe	ESRRA	0.0	1.0	26	0	0	0	1.0
unassigned	mild_vs_severe	HOXD3	0.0	1.0	5	0	0	0	1.0
unassigned	mild_vs_severe	IRF9	0.0	1.0	13	0	0	0	1.0
unassigned	mild_vs_severe	TFE3	0.0	1.0	27	0	0	0	1.0
unassigned	mild_vs_severe	ZNF236	0.0	1.0	6	0	0	0	1.0
unassigned	mild_vs_severe	TFAP2C	0.0	1.0	15	0	0	0	1.0
unassigned	mild_vs_severe	PAX8	0.0	1.0	16	0	0	0	1.0
unassigned	mild_vs_severe	NKX2-1	0.0	1.0	29	0	0	0	1.0
unassigned	mild_vs_severe	PBX1	0.0	1.0	24	0	0	0	1.0
unassigned	mild_vs_severe	SP4	0.0	1.0	32	0	0	0	1.0
unassigned	mild_vs_severe	CIITA	0.0	1.0	20	0	0	0	1.0
unassigned	mild_vs_severe	CDX2	0.0	1.0	30	0	0	0	1.0
unassigned	mild_vs_severe	ELF3	0.0	1.0	16	0	0	0	1.0
unassigned	mild_vs_severe	ZEB1	0.0	1.0	33	0	0	0	1.0
unassigned	mild_vs_severe	EGR3	0.0	1.0	18	0	0	0	1.0
unassigned	mild_vs_severe	EWSR1	0.0	1.0	44	0	0	0	1.0
unassigned	mild_vs_severe	NAB2	0.0	1.0	6	0	0	0	1.0
unassigned	mild_vs_severe	DEAF1	0.0	1.0	7	0	0	0	1.0
unassigned	mild_vs_severe	TBPL1	0.0	1.0	26	0	0	0	1.0
unassigned	mild_vs_severe	MEF2C	0.0	1.0	33	0	0	0	1.0
unassigned	mild_vs_severe	POU4F2	0.0	1.0	15	0	0	0	1.0
unassigned	mild_vs_severe	TAL1	0.0	1.0	60	0	0	0	1.0
unassigned	mild_vs_severe	EPAS1	0.0	1.0	61	0	0	0	1.0
unassigned	mild_vs_severe	SMARCA1	0.0	1.0	33	0	0	0	1.0
unassigned	mild_vs_severe	NFATC4	0.037037037037037035	0.02667106664754932	27	1	1	0	0.874478993127987
unassigned	mild_vs_severe	FOXM1	0.0	1.0	58	0	0	0	1.0
unassigned	mild_vs_severe	MYF5	0.0	1.0	12	0	0	0	1.0
unassigned	mild_vs_severe	MYOG	0.0	1.0	29	0	0	0	1.0
unassigned	mild_vs_severe	SMAD7	0.0	1.0	43	0	0	0	1.0
unassigned	mild_vs_severe	SOX10	0.0	1.0	15	0	0	0	1.0
unassigned	mild_vs_severe	POU3F1	0.0	1.0	5	0	0	0	1.0
unassigned	mild_vs_severe	NKRF	0.0	1.0	7	0	0	0	1.0
unassigned	mild_vs_severe	ATF6	0.0	1.0	39	0	0	0	1.0
unassigned	mild_vs_severe	NKX6-1	0.0	1.0	6	0	0	0	1.0
unassigned	mild_vs_severe	ERG	0.0	1.0	34	0	0	0	1.0
unassigned	mild_vs_severe	PITX3	0.0	1.0	9	0	0	0	1.0
unassigned	mild_vs_severe	HOXB2	0.0	1.0	5	0	0	0	1.0
unassigned	mild_vs_severe	SATB1	0.0	1.0	23	0	0	0	1.0
unassigned	mild_vs_severe	NFKB2	0.0	1.0	42	0	0	0	1.0
unassigned	mild_vs_severe	RORA	0.0	1.0	34	0	0	0	1.0
unassigned	mild_vs_severe	PROX1	0.0	1.0	14	0	0	0	1.0
unassigned	mild_vs_severe	KLF3	0.0	1.0	5	0	0	0	1.0
unassigned	mild_vs_severe	PEG3	0.0	1.0	6	0	0	0	1.0
unassigned	mild_vs_severe	NR2E3	0.0	1.0	6	0	0	0	1.0
unassigned	mild_vs_severe	NCOR2	0.0	1.0	41	0	0	0	1.0
unassigned	mild_vs_severe	NCOA3	0.02	0.04887899620948652	50	1	1	0	0.9618125060576379
unassigned	mild_vs_severe	ZFHX3	0.0	1.0	5	0	0	0	1.0
unassigned	mild_vs_severe	SMAD1	0.022727272727272728	0.04313047949171613	44	1	1	0	0.9396283032123871
unassigned	mild_vs_severe	SPDEF	0.0	1.0	8	0	0	0	1.0
unassigned	mild_vs_severe	PAX2	0.0	1.0	9	0	0	0	1.0
unassigned	mild_vs_severe	KLF13	0.0	1.0	8	0	0	0	1.0
unassigned	mild_vs_severe	MAFB	0.0	1.0	27	0	0	0	1.0
unassigned	mild_vs_severe	ELK3	0.0	1.0	18	0	0	0	1.0
unassigned	mild_vs_severe	KLF6	0.0	1.0	37	0	0	0	1.0
unassigned	mild_vs_severe	SNAI1	0.0	1.0	68	0	0	0	1.0
unassigned	mild_vs_severe	HESX1	0.0	1.0	14	0	0	0	1.0
unassigned	mild_vs_severe	BACH2	0.0	1.0	6	0	0	0	1.0
unassigned	mild_vs_severe	PATZ1	0.0	1.0	8	0	0	0	1.0
unassigned	mild_vs_severe	ZHX2	0.0	1.0	7	0	0	0	1.0
unassigned	mild_vs_severe	ONECUT1	0.0	1.0	11	0	0	0	1.0
unassigned	mild_vs_severe	RXRA	0.0	1.0	49	0	0	0	1.0
unassigned	mild_vs_severe	NR1H2	0.0	1.0	29	0	0	0	1.0
unassigned	mild_vs_severe	KAT5	0.0	1.0	40	0	0	0	1.0
unassigned	mild_vs_severe	YBX3	0.0	1.0	20	0	0	0	1.0
unassigned	mild_vs_severe	SMAD6	0.0	1.0	17	0	0	0	1.0
unassigned	mild_vs_severe	MYBL1	0.0	1.0	9	0	0	0	1.0
unassigned	mild_vs_severe	CDX1	0.0	1.0	18	0	0	0	1.0
unassigned	mild_vs_severe	TFDP1	0.0	1.0	29	0	0	0	1.0
unassigned	mild_vs_severe	KMT2A	0.0	1.0	54	0	0	0	1.0
unassigned	mild_vs_severe	GATA2	0.0	1.0	39	0	0	0	1.0
unassigned	mild_vs_severe	PRDM1	0.0	1.0	33	0	0	0	1.0
unassigned	mild_vs_severe	MXD1	0.0	1.0	16	0	0	0	1.0
unassigned	mild_vs_severe	CLOCK	0.0	1.0	45	0	0	0	1.0
unassigned	mild_vs_severe	BHLHE40	0.0	1.0	26	0	0	0	1.0
unassigned	mild_vs_severe	SRY	0.0	1.0	19	0	0	0	1.0
unassigned	mild_vs_severe	MAF	0.0	1.0	28	0	0	0	1.0
unassigned	mild_vs_severe	AIRE	0.0	1.0	11	0	0	0	1.0
unassigned	mild_vs_severe	ETV1	0.0	1.0	13	0	0	0	1.0
unassigned	mild_vs_severe	KLF4	0.0	1.0	73	0	0	0	1.0
unassigned	mild_vs_severe	EGR2	0.0	1.0	45	0	0	0	1.0
unassigned	mild_vs_severe	NEUROG3	0.0	1.0	11	0	0	0	1.0
unassigned	mild_vs_severe	CXXC1	0.0	1.0	11	0	0	0	1.0
unassigned	mild_vs_severe	TBX21	0.0	1.0	18	0	0	0	1.0
unassigned	mild_vs_severe	HOXA10	0.0	1.0	30	0	0	0	1.0
unassigned	mild_vs_severe	LMX1B	0.0	1.0	13	0	0	0	1.0
unassigned	mild_vs_severe	TBX2	0.0	1.0	20	0	0	0	1.0
unassigned	mild_vs_severe	ZNF699	0.0	1.0	30	0	0	0	1.0
unassigned	mild_vs_severe	RFX5	0.0	1.0	13	0	0	0	1.0
unassigned	mild_vs_severe	RFXANK	0.0	1.0	8	0	0	0	1.0
unassigned	mild_vs_severe	RFXAP	0.0	1.0	7	0	0	0	1.0
unassigned	mild_vs_severe	BARX2	0.0	1.0	10	0	0	0	1.0
unassigned	mild_vs_severe	FOXO4	0.0	1.0	21	0	0	0	1.0
unassigned	mild_vs_severe	DLX5	0.0	1.0	20	0	0	0	1.0
unassigned	mild_vs_severe	ID4	0.0	1.0	9	0	0	0	1.0
unassigned	mild_vs_severe	SPIB	0.0	1.0	9	0	0	0	1.0
unassigned	mild_vs_severe	FOXN1	0.0	1.0	31	0	0	0	1.0
unassigned	mild_vs_severe	TBX5	0.0	1.0	11	0	0	0	1.0
unassigned	mild_vs_severe	TLX1	0.0	1.0	6	0	0	0	1.0
unassigned	mild_vs_severe	HIVEP1	0.0	1.0	8	0	0	0	1.0
unassigned	mild_vs_severe	SMAD2	0.017543859649122806	0.05554590790274618	57	1	1	0	0.968085823447862
unassigned	mild_vs_severe	NKX3-1	0.0	1.0	50	0	0	0	1.0
unassigned	mild_vs_severe	HAND2	0.0	1.0	17	0	0	0	1.0
unassigned	mild_vs_severe	PAX7	0.0	1.0	9	0	0	0	1.0
unassigned	mild_vs_severe	SFPQ	0.0	1.0	18	0	0	0	1.0
unassigned	mild_vs_severe	BMAL1	0.0	1.0	44	0	0	0	1.0
unassigned	mild_vs_severe	SKIL	0.0	1.0	14	0	0	0	1.0
unassigned	mild_vs_severe	TBXT	0.0	1.0	6	0	0	0	1.0
unassigned	mild_vs_severe	MSX2	0.0	1.0	22	0	0	0	1.0
unassigned	mild_vs_severe	MZF1	0.0	1.0	14	0	0	0	1.0
unassigned	mild_vs_severe	HOXA5	0.0	1.0	9	0	0	0	1.0
unassigned	mild_vs_severe	HOXB4	0.0	1.0	5	0	0	0	1.0
unassigned	mild_vs_severe	CREB3	0.0	1.0	8	0	0	0	1.0
unassigned	mild_vs_severe	NFE2	0.0	1.0	11	0	0	0	1.0
unassigned	mild_vs_severe	ZNF76	0.0	1.0	6	0	0	0	1.0
unassigned	mild_vs_severe	FOXQ1	0.0	1.0	9	0	0	0	1.0
unassigned	mild_vs_severe	ZGLP1	0.0	1.0	9	0	0	0	1.0
unassigned	mild_vs_severe	NFYB	0.0	1.0	28	0	0	0	1.0
unassigned	mild_vs_severe	ETV3	0.0	1.0	10	0	0	0	1.0
unassigned	mild_vs_severe	GSC	0.0	1.0	5	0	0	0	1.0
unassigned	mild_vs_severe	IRF7	0.0	1.0	8	0	0	0	1.0
unassigned	mild_vs_severe	NFATC3	0.0	1.0	18	0	0	0	1.0
unassigned	mild_vs_severe	KDM5A	-0.07692307692307693	0.012923454593247067	13	1	0	1	0.6064082539908239
unassigned	mild_vs_severe	GRHL3	0.0	1.0	14	0	0	0	1.0
unassigned	mild_vs_severe	THRA	0.0	1.0	40	0	0	0	1.0
unassigned	mild_vs_severe	SOX17	0.0	1.0	25	0	0	0	1.0
unassigned	mild_vs_severe	TBX15	0.0	1.0	19	0	0	0	1.0
unassigned	mild_vs_severe	NFAT5	-0.02857142857142857	0.03444846603406685	35	1	0	1	0.8755651783658658
unassigned	mild_vs_severe	BMAL2	0.0	1.0	6	0	0	0	1.0
unassigned	mild_vs_severe	NFE2L2	0.0	1.0	143	0	0	0	1.0
unassigned	mild_vs_severe	ZIC1	0.0	1.0	9	0	0	0	1.0
unassigned	mild_vs_severe	MEIS1	0.0	1.0	9	0	0	0	1.0
unassigned	mild_vs_severe	HOXA9	0.0	1.0	27	0	0	0	1.0
unassigned	mild_vs_severe	MAFA	0.0	1.0	11	0	0	0	1.0
unassigned	mild_vs_severe	NR1D1	0.0	1.0	13	0	0	0	1.0
unassigned	mild_vs_severe	MYF6	0.0	1.0	6	0	0	0	1.0
unassigned	mild_vs_severe	ZNF263	0.16666666666666666	0.0059836636046113525	6	1	1	0	0.555976987317504
unassigned	mild_vs_severe	NFIA	-0.03225806451612903	0.030566856677812504	31	1	0	1	0.874478993127987
unassigned	mild_vs_severe	HEY2	0.0	1.0	10	0	0	0	1.0
unassigned	mild_vs_severe	HOXB7	0.0	1.0	11	0	0	0	1.0
unassigned	mild_vs_severe	ZNF350	0.0	1.0	9	0	0	0	1.0
unassigned	mild_vs_severe	BCL11A	0.0	1.0	8	0	0	0	1.0
unassigned	mild_vs_severe	TWIST1	0.0	1.0	53	0	0	0	1.0
unassigned	mild_vs_severe	ZNF395	0.0	1.0	5	0	0	0	1.0
unassigned	mild_vs_severe	TFDP2	0.0	1.0	5	0	0	0	1.0
unassigned	mild_vs_severe	GTF3A	0.0	1.0	16	0	0	0	1.0
unassigned	mild_vs_severe	KLF10	0.0	1.0	17	0	0	0	1.0
unassigned	mild_vs_severe	KLF2	0.0	1.0	34	0	0	0	1.0
unassigned	mild_vs_severe	PHF20	0.0	1.0	6	0	0	0	1.0
unassigned	mild_vs_severe	TGIF1	0.0	1.0	8	0	0	0	1.0
unassigned	mild_vs_severe	FOXG1	0.0	1.0	12	0	0	0	1.0
unassigned	mild_vs_severe	MBD2	-0.017543859649122806	0.05554590790274618	57	1	0	1	0.968085823447862
unassigned	mild_vs_severe	FOXF2	0.0	1.0	8	0	0	0	1.0
unassigned	mild_vs_severe	HEY1	0.0	1.0	21	0	0	0	1.0
unassigned	mild_vs_severe	ZBTB17	0.0	1.0	36	0	0	0	1.0
unassigned	mild_vs_severe	IRF5	0.0	1.0	12	0	0	0	1.0
unassigned	mild_vs_severe	THRB	0.0	1.0	30	0	0	0	1.0
unassigned	mild_vs_severe	POU3F2	0.0	1.0	13	0	0	0	1.0
unassigned	mild_vs_severe	FOXI1	0.0	1.0	5	0	0	0	1.0
unassigned	mild_vs_severe	KCNIP3	0.0	1.0	8	0	0	0	1.0
unassigned	mild_vs_severe	FOSB	0.0	1.0	20	0	0	0	1.0
unassigned	mild_vs_severe	NFE2L1	0.0	1.0	8	0	0	0	1.0
unassigned	mild_vs_severe	FOXP1	0.0	1.0	11	0	0	0	1.0
unassigned	mild_vs_severe	FOXP2	0.0	1.0	5	0	0	0	1.0
unassigned	mild_vs_severe	BARX1	0.0	1.0	7	0	0	0	1.0
unassigned	mild_vs_severe	ZFPM2	0.0	1.0	7	0	0	0	1.0
unassigned	mild_vs_severe	IKZF1	0.0	1.0	14	0	0	0	1.0
unassigned	mild_vs_severe	BCL3	0.0	1.0	19	0	0	0	1.0
unassigned	mild_vs_severe	SP2	0.0	1.0	16	0	0	0	1.0
unassigned	mild_vs_severe	SIM2	0.0	1.0	8	0	0	0	1.0
unassigned	mild_vs_severe	NFATC1	0.0	1.0	64	0	0	0	1.0
unassigned	mild_vs_severe	POU2F3	0.0	1.0	5	0	0	0	1.0
unassigned	mild_vs_severe	HOXA7	0.0	1.0	10	0	0	0	1.0
unassigned	mild_vs_severe	NPAS2	0.0	1.0	6	0	0	0	1.0
unassigned	mild_vs_severe	DLX2	0.0	1.0	12	0	0	0	1.0
unassigned	mild_vs_severe	PRRX1	0.0	1.0	5	0	0	0	1.0
unassigned	mild_vs_severe	VEZF1	0.0	1.0	6	0	0	0	1.0
unassigned	mild_vs_severe	CTBP2	0.0	1.0	9	0	0	0	1.0
unassigned	mild_vs_severe	SOX6	0.0	1.0	15	0	0	0	1.0
unassigned	mild_vs_severe	HIPK2	0.0	1.0	7	0	0	0	1.0
unassigned	mild_vs_severe	RORC	0.0	1.0	6	0	0	0	1.0
unassigned	mild_vs_severe	PPARD	-0.016666666666666666	0.05839012803811558	60	1	0	1	0.9893882806458473
unassigned	mild_vs_severe	MECOM	0.0	1.0	12	0	0	0	1.0
unassigned	mild_vs_severe	SIRT1	0.0	1.0	39	0	0	0	1.0
unassigned	mild_vs_severe	ZBTB7B	0.0	1.0	12	0	0	0	1.0
unassigned	mild_vs_severe	ZBTB7A	0.0	1.0	29	0	0	0	1.0
unassigned	mild_vs_severe	NR6A1	0.0	1.0	5	0	0	0	1.0
unassigned	mild_vs_severe	STAT2	0.0	1.0	29	0	0	0	1.0
unassigned	mild_vs_severe	ESRRG	0.0	1.0	14	0	0	0	1.0
unassigned	mild_vs_severe	PRDM2	0.0	1.0	7	0	0	0	1.0
unassigned	mild_vs_severe	PURA	0.0	1.0	13	0	0	0	1.0
unassigned	mild_vs_severe	NEUROD6	0.0	1.0	8	0	0	0	1.0
unassigned	mild_vs_severe	NEUROG2	0.0	1.0	8	0	0	0	1.0
unassigned	mild_vs_severe	HMGB2	0.0	1.0	6	0	0	0	1.0
unassigned	mild_vs_severe	DLX3	0.0	1.0	10	0	0	0	1.0
unassigned	mild_vs_severe	TWIST2	-0.041666666666666664	0.023739890024675497	24	1	0	1	0.8518431126501208
unassigned	mild_vs_severe	TFAP4	0.0	1.0	23	0	0	0	1.0
unassigned	mild_vs_severe	KAT6B	0.0	1.0	6	0	0	0	1.0
unassigned	mild_vs_severe	MXI1	0.0	1.0	8	0	0	0	1.0
unassigned	mild_vs_severe	E2F5	0.0	1.0	9	0	0	0	1.0
unassigned	mild_vs_severe	E2F2	0.0	1.0	43	0	0	0	1.0
unassigned	mild_vs_severe	FOXD3	0.0	1.0	8	0	0	0	1.0
unassigned	mild_vs_severe	POU5F1	0.0	1.0	40	0	0	0	1.0
unassigned	mild_vs_severe	PLAGL1	0.0	1.0	14	0	0	0	1.0
unassigned	mild_vs_severe	SNAI2	0.0	1.0	27	0	0	0	1.0
unassigned	mild_vs_severe	NOTCH1	0.0	1.0	40	0	0	0	1.0
unassigned	mild_vs_severe	FOXC2	0.0	1.0	11	0	0	0	1.0
unassigned	mild_vs_severe	FOXD1	0.0	1.0	5	0	0	0	1.0
unassigned	mild_vs_severe	KLF9	0.0	1.0	15	0	0	0	1.0
unassigned	mild_vs_severe	TBPL2	0.0	1.0	8	0	0	0	1.0
unassigned	mild_vs_severe	NFIL3	0.0	1.0	15	0	0	0	1.0
unassigned	mild_vs_severe	ZNF384	0.0	1.0	10	0	0	0	1.0
unassigned	mild_vs_severe	HOXA11	0.0	1.0	5	0	0	0	1.0
unassigned	mild_vs_severe	MEF2D	0.0	1.0	17	0	0	0	1.0
unassigned	mild_vs_severe	SMAD5	0.0	1.0	26	0	0	0	1.0
unassigned	mild_vs_severe	MLXIPL	0.0	1.0	10	0	0	0	1.0
unassigned	mild_vs_severe	ZBTB33	0.0	1.0	7	0	0	0	1.0
unassigned	mild_vs_severe	KLF15	0.0	1.0	12	0	0	0	1.0
unassigned	mild_vs_severe	DNMT3A	0.0	1.0	40	0	0	0	1.0
unassigned	mild_vs_severe	DNMT3B	0.0	1.0	51	0	0	0	1.0
unassigned	mild_vs_severe	OLIG2	0.0	1.0	10	0	0	0	1.0
unassigned	mild_vs_severe	MAFG	0.0	1.0	9	0	0	0	1.0
unassigned	mild_vs_severe	TEF	0.0	1.0	9	0	0	0	1.0
unassigned	mild_vs_severe	HOXD13	0.0	1.0	8	0	0	0	1.0
unassigned	mild_vs_severe	ZKSCAN7	0.0	1.0	8	0	0	0	1.0
unassigned	mild_vs_severe	BACH1	0.0	1.0	14	0	0	0	1.0
unassigned	mild_vs_severe	TEAD4	0.0	1.0	7	0	0	0	1.0
unassigned	mild_vs_severe	GCM1	0.0	1.0	5	0	0	0	1.0
unassigned	mild_vs_severe	BHLHE41	0.0	1.0	17	0	0	0	1.0
unassigned	mild_vs_severe	MTA1	0.0	1.0	40	0	0	0	1.0
unassigned	mild_vs_severe	EHF	0.0	1.0	8	0	0	0	1.0
unassigned	mild_vs_severe	TCF7L2	0.013513513513513514	0.07156047964914887	74	1	1	0	1.0
unassigned	mild_vs_severe	VSX2	0.0	1.0	14	0	0	0	1.0
unassigned	mild_vs_severe	TSC22D1	0.0	1.0	7	0	0	0	1.0
unassigned	mild_vs_severe	SOX5	0.0	1.0	10	0	0	0	1.0
unassigned	mild_vs_severe	SOX2	0.0	1.0	34	0	0	0	1.0
unassigned	mild_vs_severe	NKX3-2	0.0	1.0	6	0	0	0	1.0
unassigned	mild_vs_severe	PAX9	0.0	1.0	6	0	0	0	1.0
unassigned	mild_vs_severe	TCF21	0.0	1.0	5	0	0	0	1.0
unassigned	mild_vs_severe	HIC1	0.0	1.0	17	0	0	0	1.0
unassigned	mild_vs_severe	ZEB2	0.0	1.0	17	0	0	0	1.0
unassigned	mild_vs_severe	NONO	0.0	1.0	11	0	0	0	1.0
unassigned	mild_vs_severe	CEBPZ	0.0	1.0	13	0	0	0	1.0
unassigned	mild_vs_severe	SIX1	0.0	1.0	7	0	0	0	1.0
unassigned	mild_vs_severe	NFIX	0.0	1.0	15	0	0	0	1.0
unassigned	mild_vs_severe	MNT	0.0	1.0	8	0	0	0	1.0
unassigned	mild_vs_severe	HOXA1	0.0	1.0	14	0	0	0	1.0
unassigned	mild_vs_severe	BCL11B	0.0	1.0	18	0	0	0	1.0
unassigned	mild_vs_severe	RXRB	0.0	1.0	7	0	0	0	1.0
unassigned	mild_vs_severe	E2F6	0.0	1.0	33	0	0	0	1.0
unassigned	mild_vs_severe	HOXA13	0.0	1.0	6	0	0	0	1.0
unassigned	mild_vs_severe	KAT6A	0.0	1.0	11	0	0	0	1.0
unassigned	mild_vs_severe	GFI1	-0.03125	0.03153858663740281	32	1	0	1	0.874478993127987
unassigned	mild_vs_severe	RUNX3	0.0	1.0	44	0	0	0	1.0
unassigned	mild_vs_severe	GLI1	-0.008849557522123894	0.10737116640347828	113	1	0	1	1.0
unassigned	mild_vs_severe	KLF8	0.06666666666666667	0.014898145745976367	15	1	1	0	0.6491334932175417
unassigned	mild_vs_severe	HIF3A	0.0	1.0	5	0	0	0	1.0
unassigned	mild_vs_severe	MEOX2	0.0	1.0	6	0	0	0	1.0
unassigned	mild_vs_severe	JARID2	0.0	1.0	10	0	0	0	1.0
unassigned	mild_vs_severe	NFYC	0.0	1.0	18	0	0	0	1.0
unassigned	mild_vs_severe	GFI1B	0.0	1.0	9	0	0	0	1.0
unassigned	mild_vs_severe	ASCL2	0.0	1.0	5	0	0	0	1.0
unassigned	mild_vs_severe	MSC	0.0	1.0	13	0	0	0	1.0
unassigned	mild_vs_severe	HOXB9	0.0	1.0	5	0	0	0	1.0
unassigned	mild_vs_severe	HLX	-0.08333333333333333	0.011934760184261971	12	1	0	1	0.6064082539908239
unassigned	mild_vs_severe	RCOR2	0.0	1.0	12	0	0	0	1.0
unassigned	mild_vs_severe	NKX2-2	0.1111111111111111	0.008963272780411122	9	1	1	0	0.6064082539908239
unassigned	mild_vs_severe	ARID4A	0.0	1.0	6	0	0	0	1.0
unassigned	mild_vs_severe	HINFP	0.0	1.0	9	0	0	0	1.0
unassigned	mild_vs_severe	SMARCC1	0.0	1.0	6	0	0	0	1.0
unassigned	mild_vs_severe	KAT2B	0.0	1.0	12	0	0	0	1.0
unassigned	mild_vs_severe	HDGF	0.0	1.0	5	0	0	0	1.0
unassigned	mild_vs_severe	EP300	0.0	1.0	42	0	0	0	1.0
unassigned	mild_vs_severe	TRPS1	0.0	1.0	12	0	0	0	1.0
unassigned	mild_vs_severe	CTNNB1	0.005	0.18277476962483843	200	1	1	0	1.0
unassigned	mild_vs_severe	PML	0.0	1.0	15	0	0	0	1.0
unassigned	mild_vs_severe	KLF7	0.0	1.0	8	0	0	0	1.0
unassigned	mild_vs_severe	PROP1	0.0	1.0	6	0	0	0	1.0
unassigned	mild_vs_severe	LMO2	0.0	1.0	18	0	0	0	1.0
unassigned	mild_vs_severe	MEOX1	0.0	1.0	6	0	0	0	1.0
unassigned	mild_vs_severe	FOXL2	0.0	1.0	12	0	0	0	1.0
unassigned	mild_vs_severe	HTATIP2	0.0	1.0	11	0	0	0	1.0
unassigned	mild_vs_severe	EZH2	0.0	1.0	97	0	0	0	1.0
unassigned	mild_vs_severe	GLI2	0.0	1.0	100	0	0	0	1.0
unassigned	mild_vs_severe	TCF7	0.08333333333333333	0.011934760184261971	12	1	1	0	0.6064082539908239
unassigned	mild_vs_severe	FOXC1	0.0	1.0	9	0	0	0	1.0
unassigned	mild_vs_severe	HOXB13	0.0	1.0	8	0	0	0	1.0
unassigned	mild_vs_severe	ABL1	0.0	1.0	10	0	0	0	1.0
unassigned	mild_vs_severe	TBX3	0.0	1.0	11	0	0	0	1.0
unassigned	mild_vs_severe	NFKBIZ	-0.2	0.004988652256868221	5	1	0	1	0.555976987317504
unassigned	mild_vs_severe	PLAGL2	0.0	1.0	5	0	0	0	1.0
unassigned	mild_vs_severe	TET1	0.0	1.0	9	0	0	0	1.0
unassigned	mild_vs_severe	FOXH1	0.0	1.0	7	0	0	0	1.0
unassigned	mild_vs_severe	FOXP3	0.0	1.0	27	0	0	0	1.0
unassigned	mild_vs_severe	CREB3L1	0.0	1.0	7	0	0	0	1.0
unassigned	mild_vs_severe	TFDP3	0.0	1.0	5	0	0	0	1.0
unassigned	mild_vs_severe	SP7	0.0	1.0	24	0	0	0	1.0
unassigned	mild_vs_severe	OVOL1	0.0	1.0	8	0	0	0	1.0
unassigned	mild_vs_severe	ZNF436	0.0	1.0	5	0	0	0	1.0
unassigned	mild_vs_severe	ATF7	0.0	1.0	5	0	0	0	1.0
unassigned	mild_vs_severe	SCX	0.0	1.0	8	0	0	0	1.0
unassigned	mild_vs_severe	NANOG	0.03225806451612903	0.030566856677812504	31	1	1	0	0.874478993127987
unassigned	mild_vs_severe	ARX	0.0	1.0	13	0	0	0	1.0
unassigned	mild_vs_severe	VHL	0.0	1.0	20	0	0	0	1.0
unassigned	mild_vs_severe	SOX4	0.0	1.0	18	0	0	0	1.0
unassigned	mild_vs_severe	ATF5	0.0	1.0	21	0	0	0	1.0
unassigned	mild_vs_severe	CTCFL	0.0	1.0	6	0	0	0	1.0
unassigned	mild_vs_severe	SP6	0.0	1.0	5	0	0	0	1.0
unassigned	mild_vs_severe	SMARCA5	0.0	1.0	8	0	0	0	1.0
unassigned	mild_vs_severe	EOMES	0.0	1.0	8	0	0	0	1.0
unassigned	mild_vs_severe	ESRRB	0.0	1.0	5	0	0	0	1.0
unassigned	mild_vs_severe	ZXDC	0.0	1.0	5	0	0	0	1.0
unassigned	mild_vs_severe	NR2E1	0.0	1.0	10	0	0	0	1.0
unassigned	mild_vs_severe	ZFP42	0.0	1.0	12	0	0	0	1.0
unassigned	mild_vs_severe	KMT2B	0.0	1.0	11	0	0	0	1.0
unassigned	mild_vs_severe	NFIB	0.0	1.0	14	0	0	0	1.0
unassigned	mild_vs_severe	EN1	0.0	1.0	5	0	0	0	1.0
unassigned	mild_vs_severe	MTA3	0.0	1.0	9	0	0	0	1.0
unassigned	mild_vs_severe	TBX18	0.0	1.0	7	0	0	0	1.0
unassigned	mild_vs_severe	EGR4	0.0	1.0	9	0	0	0	1.0
unassigned	mild_vs_severe	HSF4	0.0	1.0	8	0	0	0	1.0
unassigned	mild_vs_severe	BCLAF1	0.0	1.0	5	0	0	0	1.0
unassigned	mild_vs_severe	KDM5C	0.0	1.0	10	0	0	0	1.0
unassigned	mild_vs_severe	FOSL2	0.0	1.0	22	0	0	0	1.0
unassigned	mild_vs_severe	MED1	0.0	1.0	9	0	0	0	1.0
unassigned	mild_vs_severe	LYL1	0.0	1.0	12	0	0	0	1.0
unassigned	mild_vs_severe	HOXD1	0.0	1.0	5	0	0	0	1.0
unassigned	mild_vs_severe	SALL4	0.0	1.0	7	0	0	0	1.0
unassigned	mild_vs_severe	KDM5B	0.0	1.0	20	0	0	0	1.0
unassigned	mild_vs_severe	TADA2A	0.0	1.0	6	0	0	0	1.0
unassigned	mild_vs_severe	SATB2	-0.058823529411764705	0.016869244919239933	17	1	0	1	0.6860159600490906
unassigned	mild_vs_severe	NSD2	0.0	1.0	6	0	0	0	1.0
unassigned	mild_vs_severe	PBRM1	0.0	1.0	7	0	0	0	1.0
unassigned	mild_vs_severe	ZBTB4	0.0	1.0	12	0	0	0	1.0
unassigned	mild_vs_severe	THAP11	0.0	1.0	6	0	0	0	1.0
unassigned	mild_vs_severe	FOXJ1	0.0	1.0	8	0	0	0	1.0
unassigned	mild_vs_severe	PPARGC1A	0.0	1.0	18	0	0	0	1.0
unassigned	mild_vs_severe	BATF	0.0	1.0	7	0	0	0	1.0
unassigned	mild_vs_severe	ARID3B	0.0	1.0	5	0	0	0	1.0
unassigned	mild_vs_severe	ZNF300	0.0	1.0	5	0	0	0	1.0
unassigned	mild_vs_severe	NUPR1	0.0	1.0	6	0	0	0	1.0
unassigned	mild_vs_severe	ZNF331	0.0	1.0	17	0	0	0	1.0
unassigned	mild_vs_severe	ZNF382	0.0	1.0	11	0	0	0	1.0
unassigned	mild_vs_severe	HOXD8	0.0	1.0	5	0	0	0	1.0
unassigned	mild_vs_severe	LHX8	0.0	1.0	7	0	0	0	1.0
unassigned	mild_vs_severe	IRX1	0.09090909090909091	0.01094516557095294	11	1	1	0	0.6064082539908239
unassigned	mild_vs_severe	SOX11	0.0	1.0	7	0	0	0	1.0
unassigned	mild_vs_severe	IRF6	0.0	1.0	9	0	0	0	1.0
unassigned	mild_vs_severe	E2F7	0.0	1.0	5	0	0	0	1.0
unassigned	mild_vs_severe	HEYL	0.0	1.0	5	0	0	0	1.0
unassigned	mild_vs_severe	MECP2	0.0	1.0	17	0	0	0	1.0
unassigned	mild_vs_severe	MAML1	0.0	1.0	5	0	0	0	1.0
unassigned	mild_vs_severe	DOT1L	0.0	1.0	8	0	0	0	1.0
unassigned	mild_vs_severe	ARID3A	0.0	1.0	6	0	0	0	1.0
unassigned	mild_vs_severe	ARID1A	0.0	1.0	5	0	0	0	1.0
unassigned	mild_vs_severe	ZBTB18	0.0	1.0	6	0	0	0	1.0
unassigned	mild_vs_severe	TCF15	0.0	1.0	5	0	0	0	1.0
unassigned	mild_vs_severe	NPM1	0.0	1.0	11	0	0	0	1.0
unassigned	mild_vs_severe	SETBP1	0.0	1.0	5	0	0	0	1.0
unassigned	mild_vs_severe	KDM2A	0.0	1.0	8	0	0	0	1.0
unassigned	mild_vs_severe	MKX	0.0	1.0	6	0	0	0	1.0
unassigned	mild_vs_severe	HDAC3	0.0	1.0	14	0	0	0	1.0
unassigned	mild_vs_severe	BTG2	0.0	1.0	6	0	0	0	1.0
unassigned	mild_vs_severe	CREB5	0.0	1.0	9	0	0	0	1.0
unassigned	mild_vs_severe	CTBP1	0.0	1.0	8	0	0	0	1.0
unassigned	mild_vs_severe	HDAC1	0.0	1.0	59	0	0	0	1.0
unassigned	mild_vs_severe	HCFC1	0.0	1.0	7	0	0	0	1.0
unassigned	mild_vs_severe	ETV7	0.0	1.0	8	0	0	0	1.0
unassigned	mild_vs_severe	FHL2	0.0	1.0	6	0	0	0	1.0
unassigned	mild_vs_severe	HDAC4	0.0	1.0	16	0	0	0	1.0
unassigned	mild_vs_severe	HDAC7	0.0	1.0	10	0	0	0	1.0
unassigned	mild_vs_severe	HDAC9	0.0	1.0	14	0	0	0	1.0
unassigned	mild_vs_severe	ING4	0.0	1.0	14	0	0	0	1.0
unassigned	mild_vs_severe	SIN3A	0.0	1.0	8	0	0	0	1.0
unassigned	mild_vs_severe	SMARCA4	0.0	1.0	7	0	0	0	1.0
unassigned	mild_vs_severe	WWTR1	0.0	1.0	8	0	0	0	1.0
unassigned	mild_vs_severe	PIN1	0.0	1.0	5	0	0	0	1.0
unassigned	mild_vs_severe	FGF2	0.0	1.0	8	0	0	0	1.0
unassigned	mild_vs_severe	PARK7	0.0	1.0	6	0	0	0	1.0
unassigned	mild_vs_severe	YAP1	0.0	1.0	8	0	0	0	1.0
unassigned	mild_vs_severe	BCOR	0.0	1.0	5	0	0	0	1.0
unassigned	mild_vs_severe	BRD4	0.0	1.0	8	0	0	0	1.0
unassigned	mild_vs_severe	SRSF2	0.0	1.0	12	0	0	0	1.0
unassigned	mild_vs_severe	ZMYND8	0.0	1.0	6	0	0	0	1.0
unassigned	mild_vs_severe	ARID4B	0.0	1.0	8	0	0	0	1.0
unassigned	mild_vs_severe	AP1	0.0	1.0	325	0	0	0	1.0
unassigned	mild_vs_severe	NFKB	0.0	0.08018247397031904	479	2	1	1	1.0
