gene	cell_type	comparison	log2FC	padj	baseMean	direction	pain_categories	significant
ANGPT1	NP_mature_chondrocyte	healthy_vs_degenerated_all	0.5551073378105945	0.9998927233406906	101.97525135234254	UP	Neovascularization	False
ANGPT2	NP_mature_chondrocyte	healthy_vs_degenerated_all	0.2542635093383203	0.9998927233406906	28.674803475195468	UP	Neovascularization	False
BDKRB2	NP_mature_chondrocyte	healthy_vs_degenerated_all	0.6621592290382211	0.9998927233406906	39.0510220895433	UP	Inflammatory_pain	False
CCL2	NP_mature_chondrocyte	healthy_vs_degenerated_all	1.238819766980944	0.9998927233406906	327.4932350438713	UP	Inflammatory_pain	False
CXCL8	NP_mature_chondrocyte	healthy_vs_degenerated_all	-0.1083541412883035	0.9998927233406906	5084.004381952683	DOWN	Inflammatory_pain	False
FGF2	NP_mature_chondrocyte	healthy_vs_degenerated_all	-0.0129672729303191	0.9998927233406906	3738.642699467716	DOWN	Neovascularization	False
FLT1	NP_mature_chondrocyte	healthy_vs_degenerated_all	0.5234305383714516	0.9998927233406906	830.0771701827526	UP	Neovascularization	False
GAL	NP_mature_chondrocyte	healthy_vs_degenerated_all	-0.1234532742605881	0.9998927233406906	16.18443229316149	DOWN	Neuropeptides	False
NGF	NP_mature_chondrocyte	healthy_vs_degenerated_all	1.832185625311801	0.9998927233406906	690.5127270718265	UP	Neuropeptides; Neurotrophin_signaling	False
NGFR	NP_mature_chondrocyte	healthy_vs_degenerated_all	0.3277473748349269	0.9998927233406906	27.292805429432097	UP	Neurotrophin_receptors; Neurotrophin_signaling	False
NRP2	NP_mature_chondrocyte	healthy_vs_degenerated_all	1.146605067467162	0.9998927233406906	2005.118349813587	UP	Nerve_guidance	False
NTN1	NP_mature_chondrocyte	healthy_vs_degenerated_all	0.7132752655972228	0.9998927233406906	83.73133553580871	UP	Nerve_guidance	False
NTN4	NP_mature_chondrocyte	healthy_vs_degenerated_all	0.647897057355542	0.9998927233406906	139.20526629987313	UP	Nerve_guidance	False
NTRK2	NP_mature_chondrocyte	healthy_vs_degenerated_all	-0.7643609660012487	0.9998927233406906	622.9014949305549	DOWN	Neurotrophin_receptors; Neurotrophin_signaling	False
P2RX4	NP_mature_chondrocyte	healthy_vs_degenerated_all	-0.0432273810321509	0.9998927233406906	94.87053449237888	DOWN	Nociception_ion_channels	False
P2RX7	NP_mature_chondrocyte	healthy_vs_degenerated_all	-0.3340749160731927	0.9998927233406906	14.404988628475362	DOWN	Nociception_ion_channels	False
PDGFA	NP_mature_chondrocyte	healthy_vs_degenerated_all	1.645019672404647	0.9998927233406906	357.2929699148334	UP	Neovascularization	False
PDGFB	NP_mature_chondrocyte	healthy_vs_degenerated_all	0.532632547724045	0.9998927233406906	7.282525496402769	UP	Neovascularization	False
PLA2G2A	NP_mature_chondrocyte	healthy_vs_degenerated_all	0.6371300739334778	0.9998927233406906	11544.724923464602	UP	Inflammatory_pain	False
PTGES	NP_mature_chondrocyte	healthy_vs_degenerated_all	3.170955026717855	0.9998927233406906	553.6608811764218	UP	Inflammatory_pain	False
PTGS2	NP_mature_chondrocyte	healthy_vs_degenerated_all	1.782282400733039	0.9998927233406906	6391.148370041071	UP	Inflammatory_pain	False
ROBO1	NP_mature_chondrocyte	healthy_vs_degenerated_all	0.7654683553591056	0.9998927233406906	148.98398503587634	UP	Nerve_guidance	False
ROBO2	NP_mature_chondrocyte	healthy_vs_degenerated_all	-0.96442255284975	0.9998927233406906	41.17159217298709	DOWN	Nerve_guidance	False
SEMA3A	NP_mature_chondrocyte	healthy_vs_degenerated_all	0.7381562151017826	0.9998927233406906	1203.9334235621725	UP	Nerve_guidance	False
SEMA3E	NP_mature_chondrocyte	healthy_vs_degenerated_all	-1.0990794253460432	0.9998927233406906	755.2296067264954	DOWN	Nerve_guidance	False
SLIT3	NP_mature_chondrocyte	healthy_vs_degenerated_all	1.0742354263569316	0.9998927233406906	45.258216625413496	UP	Nerve_guidance	False
TNF	NP_mature_chondrocyte	healthy_vs_degenerated_all	0.5721693561570447	0.9998927233406906	37.627261056699005	UP	Inflammatory_pain	False
TRPV1	NP_mature_chondrocyte	healthy_vs_degenerated_all	0.3924893389350616	0.9998927233406906	30.25924720039332	UP	Nociception_ion_channels	False
TRPV4	NP_mature_chondrocyte	healthy_vs_degenerated_all	0.4543627076737507	0.9998927233406906	756.5444461942117	UP	Nociception_ion_channels	False
UNC5B	NP_mature_chondrocyte	healthy_vs_degenerated_all	0.2478464717366437	0.9998927233406906	401.3260820732731	UP	Nerve_guidance	False
VEGFA	NP_mature_chondrocyte	healthy_vs_degenerated_all	1.056187335194438	0.9998927233406906	5400.047263226293	UP	Neovascularization	False
VEGFB	NP_mature_chondrocyte	healthy_vs_degenerated_all	-0.4737244878861652	0.9998927233406906	739.8516663502777	DOWN	Neovascularization	False
ANGPT1	NP_notochordal	healthy_vs_degenerated_all	-1.8770704094066375	0.999656007700884	34.832098644395984	DOWN	Neovascularization	False
ANGPT2	NP_notochordal	healthy_vs_degenerated_all	0.8736930294564922	0.999656007700884	10.582546575542365	UP	Neovascularization	False
BDKRB2	NP_notochordal	healthy_vs_degenerated_all	-0.2192691822111937	0.999656007700884	8.376741863032096	DOWN	Inflammatory_pain	False
CCL2	NP_notochordal	healthy_vs_degenerated_all	-0.2670631965534897	0.999656007700884	164.20532027376683	DOWN	Inflammatory_pain	False
CXCL8	NP_notochordal	healthy_vs_degenerated_all	-2.0526505292404167	0.999656007700884	409.3039692446658	DOWN	Inflammatory_pain	False
FGF2	NP_notochordal	healthy_vs_degenerated_all	0.1496868743339547	0.999656007700884	78.66897593602877	UP	Neovascularization	False
FLT1	NP_notochordal	healthy_vs_degenerated_all	1.4483931265620025	0.999656007700884	7.485911477078845	UP	Neovascularization	False
GAL	NP_notochordal	healthy_vs_degenerated_all	0.4520699750862209	0.999656007700884	0.5605441024940221	UP	Neuropeptides	False
NGF	NP_notochordal	healthy_vs_degenerated_all	1.2567781636024633	0.999656007700884	14.401078560913072	UP	Neuropeptides; Neurotrophin_signaling	False
NGFR	NP_notochordal	healthy_vs_degenerated_all	1.4099425485606945	0.999656007700884	0.7812050617078334	UP	Neurotrophin_receptors; Neurotrophin_signaling	False
NRP2	NP_notochordal	healthy_vs_degenerated_all	1.128965431243582	0.999656007700884	79.55617161349453	UP	Nerve_guidance	False
NTN1	NP_notochordal	healthy_vs_degenerated_all	3.8751529444385855	0.999656007700884	3.203461501773428	UP	Nerve_guidance	False
NTN4	NP_notochordal	healthy_vs_degenerated_all	0.5027880742048242	0.999656007700884	22.15596468290666	UP	Nerve_guidance	False
NTRK2	NP_notochordal	healthy_vs_degenerated_all	-1.471029668451758	0.999656007700884	34.14262659419659	DOWN	Neurotrophin_receptors; Neurotrophin_signaling	False
P2RX4	NP_notochordal	healthy_vs_degenerated_all	1.1557629797486757	0.999656007700884	19.6541161088517	UP	Nociception_ion_channels	False
P2RX7	NP_notochordal	healthy_vs_degenerated_all	-0.3290144420153297	0.999656007700884	2.0134803695713983	DOWN	Nociception_ion_channels	False
PDGFA	NP_notochordal	healthy_vs_degenerated_all	-0.4384451331238153	0.999656007700884	23.10572980232578	DOWN	Neovascularization	False
PDGFB	NP_notochordal	healthy_vs_degenerated_all	-3.349415672737674	0.999656007700884	0.2967426509772251	DOWN	Neovascularization	False
PLA2G2A	NP_notochordal	healthy_vs_degenerated_all	-1.0188767243856045	0.999656007700884	1887.293227563948	DOWN	Inflammatory_pain	False
PTGES	NP_notochordal	healthy_vs_degenerated_all	-1.2281885030214137	0.999656007700884	54.66823155083428	DOWN	Inflammatory_pain	False
PTGS2	NP_notochordal	healthy_vs_degenerated_all	-2.672816818249556	0.6011491059282094	164.61818503526698	DOWN	Inflammatory_pain	False
ROBO1	NP_notochordal	healthy_vs_degenerated_all	0.5356147136956037	0.999656007700884	15.496072406300271	UP	Nerve_guidance	False
ROBO2	NP_notochordal	healthy_vs_degenerated_all	-1.6500031596549818	0.999656007700884	1.9568426365186364	DOWN	Nerve_guidance	False
SEMA3A	NP_notochordal	healthy_vs_degenerated_all	-0.4012295876939049	0.999656007700884	18.400668658920385	DOWN	Nerve_guidance	False
SEMA3E	NP_notochordal	healthy_vs_degenerated_all	-0.0471242492015655	0.999656007700884	16.954999389875237	DOWN	Nerve_guidance	False
SLIT3	NP_notochordal	healthy_vs_degenerated_all	-0.7628612110113996	0.999656007700884	6.80075514566299	DOWN	Nerve_guidance	False
TNF	NP_notochordal	healthy_vs_degenerated_all	-0.8600042054488183	0.999656007700884	8.282245676366896	DOWN	Inflammatory_pain	False
TRPV1	NP_notochordal	healthy_vs_degenerated_all	-0.2852389055955781	0.999656007700884	6.5243851290611445	DOWN	Nociception_ion_channels	False
TRPV4	NP_notochordal	healthy_vs_degenerated_all	-0.9002064272501443	0.999656007700884	20.12373411305729	DOWN	Nociception_ion_channels	False
UNC5B	NP_notochordal	healthy_vs_degenerated_all	0.5790017611474101	0.999656007700884	13.589147712745488	UP	Nerve_guidance	False
VEGFA	NP_notochordal	healthy_vs_degenerated_all	-0.0660332359948023	0.999656007700884	197.22893913593185	DOWN	Neovascularization	False
VEGFB	NP_notochordal	healthy_vs_degenerated_all	0.5651774254645664	0.999656007700884	144.24784886697557	UP	Neovascularization	False
ANGPT1	NP_fibrocartilaginous	healthy_vs_degenerated_all	-0.0013721781922885	0.9996450395681896	91.673291505896	DOWN	Neovascularization	False
ANGPT2	NP_fibrocartilaginous	healthy_vs_degenerated_all	0.993469015453575	0.6139220485325786	42.291088789615486	UP	Neovascularization	False
BDKRB2	NP_fibrocartilaginous	healthy_vs_degenerated_all	-0.3472037972847115	0.8498765870068974	22.898687876065164	DOWN	Inflammatory_pain	False
CCL2	NP_fibrocartilaginous	healthy_vs_degenerated_all	0.2510020766949783	0.8953228011063219	368.6154122838344	UP	Inflammatory_pain	False
CXCL8	NP_fibrocartilaginous	healthy_vs_degenerated_all	-1.3012360671878127	0.5592066250269023	459.5616402588156	DOWN	Inflammatory_pain	False
FGF2	NP_fibrocartilaginous	healthy_vs_degenerated_all	0.4008384683314033	0.6244669818323766	424.0636730209961	UP	Neovascularization	False
FLT1	NP_fibrocartilaginous	healthy_vs_degenerated_all	-0.0693916063981208	0.970265350823302	125.10089003067544	DOWN	Neovascularization	False
GAL	NP_fibrocartilaginous	healthy_vs_degenerated_all	0.2085699978817223	0.9477760981855552	4.246902933490831	UP	Neuropeptides	False
NGF	NP_fibrocartilaginous	healthy_vs_degenerated_all	0.0171613784084517	0.9912137978843588	85.95985507861569	UP	Neuropeptides; Neurotrophin_signaling	False
NGFR	NP_fibrocartilaginous	healthy_vs_degenerated_all	1.628275476153779	0.5652287420193187	11.833219752221726	UP	Neurotrophin_receptors; Neurotrophin_signaling	False
NRP2	NP_fibrocartilaginous	healthy_vs_degenerated_all	0.486236229547879	0.6015845439472302	617.7171177564603	UP	Nerve_guidance	False
NTN1	NP_fibrocartilaginous	healthy_vs_degenerated_all	1.1545249725453708	0.5569564434591525	48.72897884640707	UP	Nerve_guidance	False
NTN4	NP_fibrocartilaginous	healthy_vs_degenerated_all	0.7949107384787666	0.5124412887918154	143.98481484398204	UP	Nerve_guidance	False
NTRK2	NP_fibrocartilaginous	healthy_vs_degenerated_all	0.9172199125183382	0.5124412887918154	134.59135722726174	UP	Neurotrophin_receptors; Neurotrophin_signaling	False
P2RX4	NP_fibrocartilaginous	healthy_vs_degenerated_all	-0.3990721013385012	0.660220647943334	56.53440520527775	DOWN	Nociception_ion_channels	False
P2RX7	NP_fibrocartilaginous	healthy_vs_degenerated_all	-0.2775099679052277	0.851794219668037	8.716796694404596	DOWN	Nociception_ion_channels	False
PDGFA	NP_fibrocartilaginous	healthy_vs_degenerated_all	0.9052266514826764	0.4635603524379839	144.55331905272047	UP	Neovascularization	False
PDGFB	NP_fibrocartilaginous	healthy_vs_degenerated_all	-0.0886529135358903	0.9827355449878784	12.74494145124835	DOWN	Neovascularization	False
PLA2G2A	NP_fibrocartilaginous	healthy_vs_degenerated_all	2.401668728148212	0.3776083199447282	1411.599335783851	UP	Inflammatory_pain	False
PTGES	NP_fibrocartilaginous	healthy_vs_degenerated_all	0.2812166699818882	0.9080658198390112	127.91214269263756	UP	Inflammatory_pain	False
PTGS2	NP_fibrocartilaginous	healthy_vs_degenerated_all	0.9855111315660366	0.3901339297362511	853.0122045120261	UP	Inflammatory_pain	False
ROBO1	NP_fibrocartilaginous	healthy_vs_degenerated_all	0.9518162628368296	0.3968885199859736	72.54110724313338	UP	Nerve_guidance	False
ROBO2	NP_fibrocartilaginous	healthy_vs_degenerated_all	-0.1100514658136126	0.9554042037553984	15.73573753107875	DOWN	Nerve_guidance	False
SEMA3A	NP_fibrocartilaginous	healthy_vs_degenerated_all	-0.3383955065695641	0.8307720898129699	246.18643378123923	DOWN	Nerve_guidance	False
SEMA3E	NP_fibrocartilaginous	healthy_vs_degenerated_all	0.0917647202444664	0.9447976912673872	154.75692751942995	UP	Nerve_guidance	False
SLIT3	NP_fibrocartilaginous	healthy_vs_degenerated_all	-0.353281116321516	0.8401903937101539	67.75071508018576	DOWN	Nerve_guidance	False
TNF	NP_fibrocartilaginous	healthy_vs_degenerated_all	-0.0886484674815177	0.981074396538389	9.138912476264617	DOWN	Inflammatory_pain	False
TRPV1	NP_fibrocartilaginous	healthy_vs_degenerated_all	0.0814667074539611	0.9578331711691446	6.967890217268541	UP	Nociception_ion_channels	False
TRPV4	NP_fibrocartilaginous	healthy_vs_degenerated_all	-0.1736562683787874	0.9220368907209356	113.98104006502636	DOWN	Nociception_ion_channels	False
UNC5B	NP_fibrocartilaginous	healthy_vs_degenerated_all	0.4225288669532769	0.6227833262153818	118.81986831760102	UP	Nerve_guidance	False
VEGFA	NP_fibrocartilaginous	healthy_vs_degenerated_all	0.3888556230043215	0.6947847906305818	885.9660773514976	UP	Neovascularization	False
VEGFB	NP_fibrocartilaginous	healthy_vs_degenerated_all	0.1719979553228212	0.8480775110889821	526.4694221058514	UP	Neovascularization	False
ANGPT1	NP_mature_chondrocyte	healthy_vs_degenerated_mild	1.0551609192459488	0.9998309377996836	147.4866882281966	UP	Neovascularization	False
ANGPT2	NP_mature_chondrocyte	healthy_vs_degenerated_mild	0.151560463574319	0.9998309377996836	45.5189339962528	UP	Neovascularization	False
BDKRB2	NP_mature_chondrocyte	healthy_vs_degenerated_mild	0.3508699320874709	0.9998309377996836	46.83402129064865	UP	Inflammatory_pain	False
CCL2	NP_mature_chondrocyte	healthy_vs_degenerated_mild	0.3371213927213988	0.9998309377996836	297.9730727853565	UP	Inflammatory_pain	False
CXCL8	NP_mature_chondrocyte	healthy_vs_degenerated_mild	-2.1403184988066597	0.9998309377996836	5982.823182059452	DOWN	Inflammatory_pain	False
FGF2	NP_mature_chondrocyte	healthy_vs_degenerated_mild	-0.1702793704027708	0.9998309377996836	3951.182052750924	DOWN	Neovascularization	False
FLT1	NP_mature_chondrocyte	healthy_vs_degenerated_mild	0.3771176811946723	0.9998309377996836	1083.534769044954	UP	Neovascularization	False
GAL	NP_mature_chondrocyte	healthy_vs_degenerated_mild	-0.9126188453779844	0.9998309377996836	18.30557649131893	DOWN	Neuropeptides	False
NGF	NP_mature_chondrocyte	healthy_vs_degenerated_mild	0.923732633901054	0.9998309377996836	683.0590758982673	UP	Neuropeptides; Neurotrophin_signaling	False
NGFR	NP_mature_chondrocyte	healthy_vs_degenerated_mild	0.5267025709205596	0.9998309377996836	36.189286996781306	UP	Neurotrophin_receptors; Neurotrophin_signaling	False
NRP2	NP_mature_chondrocyte	healthy_vs_degenerated_mild	0.5731531245432904	0.9998309377996836	2386.631295333429	UP	Nerve_guidance	False
NTN1	NP_mature_chondrocyte	healthy_vs_degenerated_mild	-0.6964780532760935	0.9998309377996836	63.47764098038369	DOWN	Nerve_guidance	False
NTN4	NP_mature_chondrocyte	healthy_vs_degenerated_mild	-0.615632968787392	0.9998309377996836	146.498630610957	DOWN	Nerve_guidance	False
NTRK2	NP_mature_chondrocyte	healthy_vs_degenerated_mild	-0.930162711413882	0.9998309377996836	803.7130021285911	DOWN	Neurotrophin_receptors; Neurotrophin_signaling	False
P2RX4	NP_mature_chondrocyte	healthy_vs_degenerated_mild	0.0199896438844397	0.9998309377996836	160.13863752004457	UP	Nociception_ion_channels	False
P2RX7	NP_mature_chondrocyte	healthy_vs_degenerated_mild	0.0193894084185541	0.9998309377996836	20.372021217594224	UP	Nociception_ion_channels	False
PDGFA	NP_mature_chondrocyte	healthy_vs_degenerated_mild	0.7284598180781547	0.9998309377996836	291.2434097170743	UP	Neovascularization	False
PDGFB	NP_mature_chondrocyte	healthy_vs_degenerated_mild	-1.2918044071050006	0.9998309377996836	7.232061411239188	DOWN	Neovascularization	False
PLA2G2A	NP_mature_chondrocyte	healthy_vs_degenerated_mild	-1.4226489010259695	0.9998309377996836	9787.776665816082	DOWN	Inflammatory_pain	False
PTGES	NP_mature_chondrocyte	healthy_vs_degenerated_mild	1.7812558811234709	0.9998309377996836	363.8315467531996	UP	Inflammatory_pain	False
PTGS2	NP_mature_chondrocyte	healthy_vs_degenerated_mild	0.7225956413054819	0.9998309377996836	6390.704798775085	UP	Inflammatory_pain	False
ROBO1	NP_mature_chondrocyte	healthy_vs_degenerated_mild	0.8622303920424538	0.9998309377996836	204.73688277326372	UP	Nerve_guidance	False
ROBO2	NP_mature_chondrocyte	healthy_vs_degenerated_mild	-0.6658079892449892	0.9998309377996836	66.55250117769673	DOWN	Nerve_guidance	False
SEMA3A	NP_mature_chondrocyte	healthy_vs_degenerated_mild	0.3388589669349751	0.9998309377996836	1562.126735342936	UP	Nerve_guidance	False
SEMA3E	NP_mature_chondrocyte	healthy_vs_degenerated_mild	-0.6832964695016013	0.9998309377996836	1187.707115625691	DOWN	Nerve_guidance	False
SLIT3	NP_mature_chondrocyte	healthy_vs_degenerated_mild	1.5110593948028508	0.9998309377996836	71.94258574902722	UP	Nerve_guidance	False
TNF	NP_mature_chondrocyte	healthy_vs_degenerated_mild	-1.19125415212344	0.9998309377996836	41.6842500675999	DOWN	Inflammatory_pain	False
TRPV1	NP_mature_chondrocyte	healthy_vs_degenerated_mild	0.4901390045134402	0.9998309377996836	45.40202599038345	UP	Nociception_ion_channels	False
TRPV4	NP_mature_chondrocyte	healthy_vs_degenerated_mild	0.5026704546677466	0.9998309377996836	1096.579693370178	UP	Nociception_ion_channels	False
UNC5B	NP_mature_chondrocyte	healthy_vs_degenerated_mild	0.4844350341372609	0.9998309377996836	441.9387872638597	UP	Nerve_guidance	False
VEGFA	NP_mature_chondrocyte	healthy_vs_degenerated_mild	0.5284718427339922	0.9998309377996836	5384.926199031852	UP	Neovascularization	False
VEGFB	NP_mature_chondrocyte	healthy_vs_degenerated_mild	-0.5430685753433842	0.9998309377996836	1082.0796816932404	DOWN	Neovascularization	False
ANGPT1	NP_notochordal	healthy_vs_degenerated_mild	-3.300726895303863	0.9998990086700684	23.44287365068617	DOWN	Neovascularization	False
ANGPT2	NP_notochordal	healthy_vs_degenerated_mild	0.8709514362551064	0.9998990086700684	10.837674842875558	UP	Neovascularization	False
BDKRB2	NP_notochordal	healthy_vs_degenerated_mild	0.4420691720504442	0.9998990086700684	4.291863585262402	UP	Inflammatory_pain	False
CCL2	NP_notochordal	healthy_vs_degenerated_mild	-0.4650892593631073	0.9998990086700684	120.1738804033538	DOWN	Inflammatory_pain	False
CXCL8	NP_notochordal	healthy_vs_degenerated_mild	-1.4469521549319522	0.9998990086700684	312.59757370904543	DOWN	Inflammatory_pain	False
FGF2	NP_notochordal	healthy_vs_degenerated_mild	-0.4738926172465701	0.9998990086700684	58.14125649814852	DOWN	Neovascularization	False
FLT1	NP_notochordal	healthy_vs_degenerated_mild	2.3531958333359246	0.9998990086700684	6.836771014396188	UP	Neovascularization	False
GAL	NP_notochordal	healthy_vs_degenerated_mild	0.0155859411807505	0.9998990086700684	0.6389334577236992	UP	Neuropeptides	False
NGF	NP_notochordal	healthy_vs_degenerated_mild	2.131428430628715	0.9998990086700684	9.9381967820572	UP	Neuropeptides; Neurotrophin_signaling	False
NGFR	NP_notochordal	healthy_vs_degenerated_mild	1.2508522162150275	0.9998990086700684	0.8886110720300179	UP	Neurotrophin_receptors; Neurotrophin_signaling	False
NRP2	NP_notochordal	healthy_vs_degenerated_mild	1.681719435494849	0.9998990086700684	50.61894093607191	UP	Nerve_guidance	False
NTN1	NP_notochordal	healthy_vs_degenerated_mild	2.471768975018428	0.9998990086700684	1.8623038731654564	UP	Nerve_guidance	False
NTN4	NP_notochordal	healthy_vs_degenerated_mild	2.471600945711531	0.9998990086700684	15.29202605910702	UP	Nerve_guidance	False
NTRK2	NP_notochordal	healthy_vs_degenerated_mild	-2.1804252196265472	0.9998990086700684	38.195813506583	DOWN	Neurotrophin_receptors; Neurotrophin_signaling	False
P2RX4	NP_notochordal	healthy_vs_degenerated_mild	1.282854810056532	0.9998990086700684	14.080659679747406	UP	Nociception_ion_channels	False
P2RX7	NP_notochordal	healthy_vs_degenerated_mild	-0.2316999003616537	0.9998990086700684	1.486058165967214	DOWN	Nociception_ion_channels	False
PDGFA	NP_notochordal	healthy_vs_degenerated_mild	-0.3977539543630664	0.9998990086700684	24.108349571987137	DOWN	Neovascularization	False
PDGFB	NP_notochordal	healthy_vs_degenerated_mild	2.4717236635058053	0.9998990086700684	0.3405584946322781	UP	Neovascularization	False
PLA2G2A	NP_notochordal	healthy_vs_degenerated_mild	-1.2773170526242887	0.9998990086700684	2161.9880057600967	DOWN	Inflammatory_pain	False
PTGES	NP_notochordal	healthy_vs_degenerated_mild	-3.4931028623163	0.9998990086700684	51.3754928326977	DOWN	Inflammatory_pain	False
PTGS2	NP_notochordal	healthy_vs_degenerated_mild	-2.559451210506324	0.9998990086700684	150.44507578513958	DOWN	Inflammatory_pain	False
ROBO1	NP_notochordal	healthy_vs_degenerated_mild	-1.024584351408003	0.9998990086700684	12.023476786890935	DOWN	Nerve_guidance	False
ROBO2	NP_notochordal	healthy_vs_degenerated_mild	0.2385971664800391	0.9998990086700684	1.7460814325716147	UP	Nerve_guidance	False
SEMA3A	NP_notochordal	healthy_vs_degenerated_mild	1.0109068297284838	0.9998990086700684	9.787248554206702	UP	Nerve_guidance	False
SEMA3E	NP_notochordal	healthy_vs_degenerated_mild	-1.7538233363636495	0.9998990086700684	15.676424786232324	DOWN	Nerve_guidance	False
SLIT3	NP_notochordal	healthy_vs_degenerated_mild	0.4015877679110863	0.9998990086700684	4.692151553814364	UP	Nerve_guidance	False
TNF	NP_notochordal	healthy_vs_degenerated_mild	-0.1820865287478142	0.9998990086700684	3.892723671678176	DOWN	Inflammatory_pain	False
TRPV1	NP_notochordal	healthy_vs_degenerated_mild	-2.061821444651847	0.9998990086700684	6.019349210254625	DOWN	Nociception_ion_channels	False
TRPV4	NP_notochordal	healthy_vs_degenerated_mild	-1.2578590236621214	0.9998990086700684	22.20088087416854	DOWN	Nociception_ion_channels	False
UNC5B	NP_notochordal	healthy_vs_degenerated_mild	0.5591742449231989	0.9998990086700684	12.390426995305376	UP	Nerve_guidance	False
VEGFA	NP_notochordal	healthy_vs_degenerated_mild	-0.5978769466619129	0.9998990086700684	160.80541903248263	DOWN	Neovascularization	False
VEGFB	NP_notochordal	healthy_vs_degenerated_mild	-0.6786533271438806	0.9998990086700684	67.59817526842771	DOWN	Neovascularization	False
ANGPT1	NP_fibrocartilaginous	healthy_vs_degenerated_mild	-0.688834554009704	0.8830328640396048	84.86382554882174	DOWN	Neovascularization	False
ANGPT2	NP_fibrocartilaginous	healthy_vs_degenerated_mild	0.2955417154640428	0.9656533051360842	56.828132686856335	UP	Neovascularization	False
BDKRB2	NP_fibrocartilaginous	healthy_vs_degenerated_mild	-1.4575515981665554	0.6031740356016914	17.39622204300045	DOWN	Inflammatory_pain	False
CCL2	NP_fibrocartilaginous	healthy_vs_degenerated_mild	-0.0954019130391137	0.9888625850570596	344.53643205416705	DOWN	Inflammatory_pain	False
CXCL8	NP_fibrocartilaginous	healthy_vs_degenerated_mild	-1.635038422161434	0.6283281031079323	159.1972369690583	DOWN	Inflammatory_pain	False
FGF2	NP_fibrocartilaginous	healthy_vs_degenerated_mild	0.4152149752692398	0.7869247475876204	393.62543809845687	UP	Neovascularization	False
FLT1	NP_fibrocartilaginous	healthy_vs_degenerated_mild	0.2288376512354822	0.9627900970512512	154.34652139277495	UP	Neovascularization	False
GAL	NP_fibrocartilaginous	healthy_vs_degenerated_mild	-1.447012335359821	0.6869475469960867	5.411254339269596	DOWN	Neuropeptides	False
NGF	NP_fibrocartilaginous	healthy_vs_degenerated_mild	0.0259986133122797	0.9955627609866654	94.36712832917269	UP	Neuropeptides; Neurotrophin_signaling	False
NGFR	NP_fibrocartilaginous	healthy_vs_degenerated_mild	1.7168295550998325	0.8220092649412899	11.948740969310856	UP	Neurotrophin_receptors; Neurotrophin_signaling	False
NRP2	NP_fibrocartilaginous	healthy_vs_degenerated_mild	0.4698965893218807	0.7877254650471075	599.0353621065212	UP	Nerve_guidance	False
NTN1	NP_fibrocartilaginous	healthy_vs_degenerated_mild	1.1633009390967235	0.7398805324320784	19.622322940508663	UP	Nerve_guidance	False
NTN4	NP_fibrocartilaginous	healthy_vs_degenerated_mild	0.7597780359438571	0.8311637458670158	119.14534992127152	UP	Nerve_guidance	False
NTRK2	NP_fibrocartilaginous	healthy_vs_degenerated_mild	0.2948665092498537	0.9603973648016724	122.36146544518095	UP	Neurotrophin_receptors; Neurotrophin_signaling	False
P2RX4	NP_fibrocartilaginous	healthy_vs_degenerated_mild	-0.3286713230765901	0.8799179421231907	67.58579403047032	DOWN	Nociception_ion_channels	False
P2RX7	NP_fibrocartilaginous	healthy_vs_degenerated_mild	0.086416941987476	0.987480906688984	10.38384219570234	UP	Nociception_ion_channels	False
PDGFA	NP_fibrocartilaginous	healthy_vs_degenerated_mild	0.8048993245523437	0.7659964649785203	106.65938073994802	UP	Neovascularization	False
PDGFB	NP_fibrocartilaginous	healthy_vs_degenerated_mild	-0.051932944954132	0.9983943568916288	16.99445153607967	DOWN	Neovascularization	False
PLA2G2A	NP_fibrocartilaginous	healthy_vs_degenerated_mild	2.0060478084124176	0.7398805324320784	1114.9682651510666	UP	Inflammatory_pain	False
PTGES	NP_fibrocartilaginous	healthy_vs_degenerated_mild	-0.3105251845529417	0.9628550424699414	70.1496170729274	DOWN	Inflammatory_pain	False
PTGS2	NP_fibrocartilaginous	healthy_vs_degenerated_mild	0.3927060101380642	0.8920670527124396	685.4978485990886	UP	Inflammatory_pain	False
ROBO1	NP_fibrocartilaginous	healthy_vs_degenerated_mild	0.6986663428938359	0.8257619527224249	60.94020852206594	UP	Nerve_guidance	False
ROBO2	NP_fibrocartilaginous	healthy_vs_degenerated_mild	-0.1012692040160777	0.987480906688984	16.833468980914855	DOWN	Nerve_guidance	False
SEMA3A	NP_fibrocartilaginous	healthy_vs_degenerated_mild	-0.1569814571424433	0.9783961590345996	275.7568767389069	DOWN	Nerve_guidance	False
SEMA3E	NP_fibrocartilaginous	healthy_vs_degenerated_mild	0.4682519770167246	0.7552286796634915	162.65518771742734	UP	Nerve_guidance	False
SLIT3	NP_fibrocartilaginous	healthy_vs_degenerated_mild	-0.6355671230554588	0.869384718582132	62.18805864127602	DOWN	Nerve_guidance	False
TNF	NP_fibrocartilaginous	healthy_vs_degenerated_mild	-2.3470289638478694	0.6215965562430932	5.673892315831299	DOWN	Inflammatory_pain	False
TRPV1	NP_fibrocartilaginous	healthy_vs_degenerated_mild	-0.1045998742246926	0.9822259505668852	6.44166754443477	DOWN	Nociception_ion_channels	False
TRPV4	NP_fibrocartilaginous	healthy_vs_degenerated_mild	-0.030087869775595	0.9955627609866654	141.18717540355854	DOWN	Nociception_ion_channels	False
UNC5B	NP_fibrocartilaginous	healthy_vs_degenerated_mild	0.1983105513184362	0.9527931089961864	100.89449109136238	UP	Nerve_guidance	False
VEGFA	NP_fibrocartilaginous	healthy_vs_degenerated_mild	-0.0707744530405943	0.9844349774682608	747.623173124808	DOWN	Neovascularization	False
VEGFB	NP_fibrocartilaginous	healthy_vs_degenerated_mild	0.0518028925976959	0.9876171032822352	570.6391575269657	UP	Neovascularization	False
ANGPT1	NP_mature_chondrocyte	healthy_vs_degenerated_severe	0.2191558650726884	0.9938042431285232	101.34084738550216	UP	Neovascularization	False
ANGPT2	NP_mature_chondrocyte	healthy_vs_degenerated_severe	0.4470327736039984	0.9902725049746756	30.001192085555317	UP	Neovascularization	False
BDKRB2	NP_mature_chondrocyte	healthy_vs_degenerated_severe	1.006736388855315	0.8165856063648939	38.5116570169098	UP	Inflammatory_pain	False
CCL2	NP_mature_chondrocyte	healthy_vs_degenerated_severe	1.87838809029345	0.2112861724649825	410.9482851980703	UP	Inflammatory_pain	False
CXCL8	NP_mature_chondrocyte	healthy_vs_degenerated_severe	0.8722485311664036	0.971049321912278	4279.268998650655	UP	Inflammatory_pain	False
FGF2	NP_mature_chondrocyte	healthy_vs_degenerated_severe	0.0773569033430275	0.9989446135333456	3747.51077487366	UP	Neovascularization	False
FLT1	NP_mature_chondrocyte	healthy_vs_degenerated_severe	0.4937460615865429	0.962964010984903	685.9078379106468	UP	Neovascularization	False
GAL	NP_mature_chondrocyte	healthy_vs_degenerated_severe	0.2535675212748109	0.9955261037216596	14.396028402209604	UP	Neuropeptides	False
NGF	NP_mature_chondrocyte	healthy_vs_degenerated_severe	2.363804980871282	0.1346891205989029	643.3323532724024	UP	Neuropeptides; Neurotrophin_signaling	False
NGFR	NP_mature_chondrocyte	healthy_vs_degenerated_severe	0.142393212022351	0.9989446135333456	23.07307288907656	UP	Neurotrophin_receptors; Neurotrophin_signaling	False
NRP2	NP_mature_chondrocyte	healthy_vs_degenerated_severe	1.4378746191548355	0.0338451171747174	1805.3910477280651	UP	Nerve_guidance	True
NTN1	NP_mature_chondrocyte	healthy_vs_degenerated_severe	1.1937362002777014	0.6902300172130189	90.26881053295044	UP	Nerve_guidance	False
NTN4	NP_mature_chondrocyte	healthy_vs_degenerated_severe	1.3304316351518155	0.3545325516083966	135.9852088254394	UP	Nerve_guidance	False
NTRK2	NP_mature_chondrocyte	healthy_vs_degenerated_severe	-0.7585788831132807	0.9328725123756588	695.5153598432797	DOWN	Neurotrophin_receptors; Neurotrophin_signaling	False
P2RX4	NP_mature_chondrocyte	healthy_vs_degenerated_severe	-0.028753463414247	0.9989446135333456	98.77541177090212	DOWN	Nociception_ion_channels	False
P2RX7	NP_mature_chondrocyte	healthy_vs_degenerated_severe	-0.86699838150192	0.8865884506469383	13.394588201232107	DOWN	Nociception_ion_channels	False
PDGFA	NP_mature_chondrocyte	healthy_vs_degenerated_severe	2.158565904953585	0.0137965076366454	373.9627122608592	UP	Neovascularization	True
PDGFB	NP_mature_chondrocyte	healthy_vs_degenerated_severe	1.5274244468672655	0.913249377090131	8.260512483268238	UP	Neovascularization	False
PLA2G2A	NP_mature_chondrocyte	healthy_vs_degenerated_severe	1.4696311981719	0.8487662854733269	13643.044972669675	UP	Inflammatory_pain	False
PTGES	NP_mature_chondrocyte	healthy_vs_degenerated_severe	3.840538615509897	0.0364273035558822	463.6465344770591	UP	Inflammatory_pain	True
PTGS2	NP_mature_chondrocyte	healthy_vs_degenerated_severe	2.419686228832399	0.0049704988958174	5794.664541378931	UP	Inflammatory_pain	True
ROBO1	NP_mature_chondrocyte	healthy_vs_degenerated_severe	0.8420477592657835	0.8323770062753894	132.5726940877873	UP	Nerve_guidance	False
ROBO2	NP_mature_chondrocyte	healthy_vs_degenerated_severe	-1.2282283400104888	0.8136581065282947	42.042846524610205	DOWN	Nerve_guidance	False
SEMA3A	NP_mature_chondrocyte	healthy_vs_degenerated_severe	0.8226124824059178	0.8783623817330896	1001.3451538606377	UP	Nerve_guidance	False
SEMA3E	NP_mature_chondrocyte	healthy_vs_degenerated_severe	-1.4394738329106267	0.1676540445526149	764.0949056543956	DOWN	Nerve_guidance	False
SLIT3	NP_mature_chondrocyte	healthy_vs_degenerated_severe	0.6235142466867968	0.9508694328270256	41.79156208658715	UP	Nerve_guidance	False
TNF	NP_mature_chondrocyte	healthy_vs_degenerated_severe	1.4474744718767725	0.6688233939900201	34.55674749099377	UP	Inflammatory_pain	False
TRPV1	NP_mature_chondrocyte	healthy_vs_degenerated_severe	0.280692627811321	0.9943234559106764	28.004410155100985	UP	Nociception_ion_channels	False
TRPV4	NP_mature_chondrocyte	healthy_vs_degenerated_severe	0.3402925524074666	0.9846455527468256	581.8413913668485	UP	Nociception_ion_channels	False
UNC5B	NP_mature_chondrocyte	healthy_vs_degenerated_severe	0.2116607729045418	0.9955261037216596	310.24198318435646	UP	Nerve_guidance	False
VEGFA	NP_mature_chondrocyte	healthy_vs_degenerated_severe	1.3796586268521207	0.1608816550297292	4738.763783944246	UP	Neovascularization	False
VEGFB	NP_mature_chondrocyte	healthy_vs_degenerated_severe	-0.2049211095944305	0.9955261037216596	797.9134330131168	DOWN	Neovascularization	False
ANGPT1	NP_notochordal	healthy_vs_degenerated_severe	-1.0948459546915432	0.9999328891933148	70.25770284678211	DOWN	Neovascularization	False
ANGPT2	NP_notochordal	healthy_vs_degenerated_severe	0.7623086467306553	0.9999328891933148	14.689899075246831	UP	Neovascularization	False
BDKRB2	NP_notochordal	healthy_vs_degenerated_severe	-0.5050817462209883	0.9999328891933148	16.849755348963566	DOWN	Inflammatory_pain	False
CCL2	NP_notochordal	healthy_vs_degenerated_severe	-0.0696982852354896	0.9999328891933148	298.12030343445105	DOWN	Inflammatory_pain	False
CXCL8	NP_notochordal	healthy_vs_degenerated_severe	-2.715483273770323	0.9999328891933148	463.3929388428624	DOWN	Inflammatory_pain	False
FGF2	NP_notochordal	healthy_vs_degenerated_severe	0.7097272682067972	0.9999328891933148	145.5821600005549	UP	Neovascularization	False
FLT1	NP_notochordal	healthy_vs_degenerated_severe	-0.613900395642485	0.9999328891933148	10.798479392295414	DOWN	Neovascularization	False
GAL	NP_notochordal	healthy_vs_degenerated_severe	0.6066250969171012	0.9999328891933148	1.0876875668896264	UP	Neuropeptides	False
NGF	NP_notochordal	healthy_vs_degenerated_severe	0.5945591540361427	0.9999328891933148	23.874865739480818	UP	Neuropeptides; Neurotrophin_signaling	False
NGFR	NP_notochordal	healthy_vs_degenerated_severe	1.5184049601123966	0.9999328891933148	1.575724555554774	UP	Neurotrophin_receptors; Neurotrophin_signaling	False
NRP2	NP_notochordal	healthy_vs_degenerated_severe	0.6200905116082017	0.9999328891933148	136.60625157184418	UP	Nerve_guidance	False
NTN1	NP_notochordal	healthy_vs_degenerated_severe	4.41028235129959	0.9999328891933148	6.340086693199133	UP	Nerve_guidance	False
NTN4	NP_notochordal	healthy_vs_degenerated_severe	-0.2068048552610054	0.9999328891933148	44.60670199192977	DOWN	Nerve_guidance	False
NTRK2	NP_notochordal	healthy_vs_degenerated_severe	-0.9324518692144702	0.9999328891933148	66.01566439994335	DOWN	Neurotrophin_receptors; Neurotrophin_signaling	False
P2RX4	NP_notochordal	healthy_vs_degenerated_severe	1.0438309052197257	0.9999328891933148	31.023205430152583	UP	Nociception_ion_channels	False
P2RX7	NP_notochordal	healthy_vs_degenerated_severe	-0.4866972110993035	0.9999328891933148	3.754381806704817	DOWN	Nociception_ion_channels	False
PDGFA	NP_notochordal	healthy_vs_degenerated_severe	-0.4608048242131912	0.9999328891933148	44.098825869255485	DOWN	Neovascularization	False
PDGFB	NP_notochordal	healthy_vs_degenerated_severe	-6.523001517669065	0.9999328891933148	0.5993592828606493	DOWN	Neovascularization	False
PLA2G2A	NP_notochordal	healthy_vs_degenerated_severe	-0.5175888386305944	0.9999328891933148	3423.128374569769	DOWN	Inflammatory_pain	False
PTGES	NP_notochordal	healthy_vs_degenerated_severe	-0.1820741939571916	0.9999328891933148	87.47154846069775	DOWN	Inflammatory_pain	False
PTGS2	NP_notochordal	healthy_vs_degenerated_severe	-2.7741439215710995	0.9999328891933148	248.014346656364	DOWN	Inflammatory_pain	False
ROBO1	NP_notochordal	healthy_vs_degenerated_severe	1.524252401942534	0.9999328891933148	29.838421811490583	UP	Nerve_guidance	False
ROBO2	NP_notochordal	healthy_vs_degenerated_severe	-2.389463519381369	0.9999328891933148	3.942669134873441	DOWN	Nerve_guidance	False
SEMA3A	NP_notochordal	healthy_vs_degenerated_severe	-0.627873764315716	0.9999328891933148	35.47423175586441	DOWN	Nerve_guidance	False
SEMA3E	NP_notochordal	healthy_vs_degenerated_severe	1.1503944718707606	0.9999328891933148	32.942302062634106	UP	Nerve_guidance	False
SLIT3	NP_notochordal	healthy_vs_degenerated_severe	-1.2814699247926324	0.9999328891933148	13.71148322747832	DOWN	Nerve_guidance	False
TNF	NP_notochordal	healthy_vs_degenerated_severe	-2.080446821355052	0.9999328891933148	14.065645938947249	DOWN	Inflammatory_pain	False
TRPV1	NP_notochordal	healthy_vs_degenerated_severe	-0.1067500137508731	0.9999328891933148	7.449368229455763	DOWN	Nociception_ion_channels	False
TRPV4	NP_notochordal	healthy_vs_degenerated_severe	-0.5921951869800364	0.9999328891933148	36.26118072314758	DOWN	Nociception_ion_channels	False
UNC5B	NP_notochordal	healthy_vs_degenerated_severe	0.513511288832292	0.9999328891933148	25.869287033893887	UP	Nerve_guidance	False
VEGFA	NP_notochordal	healthy_vs_degenerated_severe	0.3429415134492447	0.9999328891933148	314.337477194485	UP	Neovascularization	False
VEGFB	NP_notochordal	healthy_vs_degenerated_severe	1.666614888192156	0.9999328891933148	275.35216408294644	UP	Neovascularization	False
ANGPT1	NP_fibrocartilaginous	healthy_vs_degenerated_severe	0.5793580762694854	0.5379350640148371	113.0920245029874	UP	Neovascularization	False
ANGPT2	NP_fibrocartilaginous	healthy_vs_degenerated_severe	1.170361730618192	0.2443819243598897	37.03278182195579	UP	Neovascularization	False
BDKRB2	NP_fibrocartilaginous	healthy_vs_degenerated_severe	0.3401770871560545	0.714751827003283	30.121178062551397	UP	Inflammatory_pain	False
CCL2	NP_fibrocartilaginous	healthy_vs_degenerated_severe	0.503759849987189	0.6880098230767091	418.66626204505314	UP	Inflammatory_pain	False
CXCL8	NP_fibrocartilaginous	healthy_vs_degenerated_severe	-0.7004966985053511	0.6749886583817734	592.355545124502	DOWN	Inflammatory_pain	False
FGF2	NP_fibrocartilaginous	healthy_vs_degenerated_severe	0.4714855481385291	0.4263180634581053	407.8368895870212	UP	Neovascularization	False
FLT1	NP_fibrocartilaginous	healthy_vs_degenerated_severe	-0.6228866387410532	0.5237221566952395	99.09992995807248	DOWN	Neovascularization	False
GAL	NP_fibrocartilaginous	healthy_vs_degenerated_severe	0.4515704138784484		2.8532839700111965	UP	Neuropeptides	False
NGF	NP_fibrocartilaginous	healthy_vs_degenerated_severe	-0.1464383239513618	0.8596800525902139	78.17965555382925	DOWN	Neuropeptides; Neurotrophin_signaling	False
NGFR	NP_fibrocartilaginous	healthy_vs_degenerated_severe	1.110219900561343	0.6340118781979444	12.750249680635791	UP	Neurotrophin_receptors; Neurotrophin_signaling	False
NRP2	NP_fibrocartilaginous	healthy_vs_degenerated_severe	0.3505386258604362	0.5434844891510036	573.2764909400288	UP	Nerve_guidance	False
NTN1	NP_fibrocartilaginous	healthy_vs_degenerated_severe	1.7376312128729658	0.1077347516416981	59.54662335509202	UP	Nerve_guidance	False
NTN4	NP_fibrocartilaginous	healthy_vs_degenerated_severe	1.0701275763331255	0.1584590158496657	150.7772878331916	UP	Nerve_guidance	False
NTRK2	NP_fibrocartilaginous	healthy_vs_degenerated_severe	1.316258263939144	0.0604027519128859	159.15833009348404	UP	Neurotrophin_receptors; Neurotrophin_signaling	False
P2RX4	NP_fibrocartilaginous	healthy_vs_degenerated_severe	-0.4797180212395119	0.2661003248268992	58.56098449625976	DOWN	Nociception_ion_channels	False
P2RX7	NP_fibrocartilaginous	healthy_vs_degenerated_severe	-0.6304021892209456	0.5221820514024013	8.336867317352056	DOWN	Nociception_ion_channels	False
PDGFA	NP_fibrocartilaginous	healthy_vs_degenerated_severe	1.1566273988428262	0.1600768276824007	167.64420804070724	UP	Neovascularization	False
PDGFB	NP_fibrocartilaginous	healthy_vs_degenerated_severe	0.3521681267380087	0.936920690573688	15.255003608289154	UP	Neovascularization	False
PLA2G2A	NP_fibrocartilaginous	healthy_vs_degenerated_severe	2.622364945190073	0.0967641001085684	1796.38247124958	UP	Inflammatory_pain	False
PTGES	NP_fibrocartilaginous	healthy_vs_degenerated_severe	1.145441656074616	0.2664896117809316	159.8580877727487	UP	Inflammatory_pain	False
PTGS2	NP_fibrocartilaginous	healthy_vs_degenerated_severe	1.3259452352161127	0.0686321139666451	758.3748927417905	UP	Inflammatory_pain	False
ROBO1	NP_fibrocartilaginous	healthy_vs_degenerated_severe	1.2623876636002769	0.034966007117769	73.91137185778362	UP	Nerve_guidance	True
ROBO2	NP_fibrocartilaginous	healthy_vs_degenerated_severe	-0.2644961616070341	0.7772183293540544	15.542322785035632	DOWN	Nerve_guidance	False
SEMA3A	NP_fibrocartilaginous	healthy_vs_degenerated_severe	-0.9180605227850198	0.3004769377866676	231.35121576929745	DOWN	Nerve_guidance	False
SEMA3E	NP_fibrocartilaginous	healthy_vs_degenerated_severe	-0.1477153578487441	0.856553127744994	144.73113939948271	DOWN	Nerve_guidance	False
SLIT3	NP_fibrocartilaginous	healthy_vs_degenerated_severe	0.0575766649371425	0.9691626863763336	78.03323539298323	UP	Nerve_guidance	False
TNF	NP_fibrocartilaginous	healthy_vs_degenerated_severe	1.4189745900913926	0.2976380830191687	11.45505732915682	UP	Inflammatory_pain	False
TRPV1	NP_fibrocartilaginous	healthy_vs_degenerated_severe	0.4410337095152514	0.6425608671597103	6.822379781258159	UP	Nociception_ion_channels	False
TRPV4	NP_fibrocartilaginous	healthy_vs_degenerated_severe	-0.4904267936779153	0.5872359656815049	80.87560391290013	DOWN	Nociception_ion_channels	False
UNC5B	NP_fibrocartilaginous	healthy_vs_degenerated_severe	0.5520817288118317	0.392323296750226	113.76006182156397	UP	Nerve_guidance	False
VEGFA	NP_fibrocartilaginous	healthy_vs_degenerated_severe	0.6256834951352852	0.2775663757049708	871.5744634610893	UP	Neovascularization	False
VEGFB	NP_fibrocartilaginous	healthy_vs_degenerated_severe	0.2251976193625255	0.6332661269803151	508.2557956300165	UP	Neovascularization	False
ANGPT1	NP_mature_chondrocyte	mild_vs_severe	0.161779927794241	0.8395627503279021	73.4969734681271	UP	Neovascularization	False
ANGPT2	NP_mature_chondrocyte	mild_vs_severe	0.0608943177088853	0.9463994324817708	16.676442462620216	UP	Neovascularization	False
BDKRB2	NP_mature_chondrocyte	mild_vs_severe	0.5639976948722383	0.5624094183484061	30.103890329433938	UP	Inflammatory_pain	False
CCL2	NP_mature_chondrocyte	mild_vs_severe	1.8552368814072295	0.0311048393456701	257.85974767951825	UP	Inflammatory_pain	True
CXCL8	NP_mature_chondrocyte	mild_vs_severe	0.945799307320878	0.4487007883708602	4780.20854518517	UP	Inflammatory_pain	False
FGF2	NP_mature_chondrocyte	mild_vs_severe	0.7858214073625783	0.0673546197910717	3058.188728742612	UP	Neovascularization	False
FLT1	NP_mature_chondrocyte	mild_vs_severe	0.0807002582982033	0.9358669875876868	703.2824927366822	UP	Neovascularization	False
GAL	NP_mature_chondrocyte	mild_vs_severe	0.5177845287586649	0.6867054503330658	14.408274716758338	UP	Neuropeptides	False
NGF	NP_mature_chondrocyte	mild_vs_severe	0.7046131235186537	0.4186654756112709	573.2318795923699	UP	Neuropeptides; Neurotrophin_signaling	False
NGFR	NP_mature_chondrocyte	mild_vs_severe	-0.1489770220632374	0.8713880014193692	21.862703753803213	DOWN	Neurotrophin_receptors; Neurotrophin_signaling	False
NRP2	NP_mature_chondrocyte	mild_vs_severe	0.5878135260665545	0.3227064298911912	1555.462671629156	UP	Nerve_guidance	False
NTN1	NP_mature_chondrocyte	mild_vs_severe	1.6486733537371	0.0737151486945818	64.0423204051322	UP	Nerve_guidance	False
NTN4	NP_mature_chondrocyte	mild_vs_severe	0.932662300406148	0.2902502940505716	115.19314679804774	UP	Nerve_guidance	False
NTRK2	NP_mature_chondrocyte	mild_vs_severe	0.710752875325132	0.4318672752776936	452.8387224447502	UP	Neurotrophin_receptors; Neurotrophin_signaling	False
P2RX4	NP_mature_chondrocyte	mild_vs_severe	-0.3628759041407062	0.5091539396783963	54.73039423630375	DOWN	Nociception_ion_channels	False
P2RX7	NP_mature_chondrocyte	mild_vs_severe	-0.1537289280571729	0.8777261476291189	9.828134260856196	DOWN	Nociception_ion_channels	False
PDGFA	NP_mature_chondrocyte	mild_vs_severe	1.4384563798325047	0.0563021502433852	291.39413420651744	UP	Neovascularization	False
PDGFB	NP_mature_chondrocyte	mild_vs_severe	1.3105362795354942		4.758971116760218	UP	Neovascularization	False
PLA2G2A	NP_mature_chondrocyte	mild_vs_severe	1.6379961370405534	0.0423093490801398	9556.456215454577	UP	Inflammatory_pain	True
PTGES	NP_mature_chondrocyte	mild_vs_severe	1.0658177504946562	0.3822620030887421	386.736891725	UP	Inflammatory_pain	False
PTGS2	NP_mature_chondrocyte	mild_vs_severe	0.7979663396088705	0.1991717475801401	5389.763279979757	UP	Inflammatory_pain	False
ROBO1	NP_mature_chondrocyte	mild_vs_severe	0.2935723688356825	0.6903154623269313	117.8334858605774	UP	Nerve_guidance	False
ROBO2	NP_mature_chondrocyte	mild_vs_severe	0.0797775772654002	0.9392367007263612	23.47822284884567	UP	Nerve_guidance	False
SEMA3A	NP_mature_chondrocyte	mild_vs_severe	0.055064555617209	0.9519539302982772	981.0710992817808	UP	Nerve_guidance	False
SEMA3E	NP_mature_chondrocyte	mild_vs_severe	0.373616072125258	0.4509016106352902	486.689841734211	UP	Nerve_guidance	False
SLIT3	NP_mature_chondrocyte	mild_vs_severe	-0.1200714972421998	0.9113881104068668	30.04499868004199	DOWN	Nerve_guidance	False
TNF	NP_mature_chondrocyte	mild_vs_severe	0.9437281470164788	0.3323908524223157	32.43169166317839	UP	Inflammatory_pain	False
TRPV1	NP_mature_chondrocyte	mild_vs_severe	-0.1657102860299804	0.7914761191012175	20.782853633429305	DOWN	Nociception_ion_channels	False
TRPV4	NP_mature_chondrocyte	mild_vs_severe	-0.5747753064212489	0.4666382885153698	484.4098314820788	DOWN	Nociception_ion_channels	False
UNC5B	NP_mature_chondrocyte	mild_vs_severe	0.3456466816220815	0.6044884460234902	267.4330642736176	UP	Nerve_guidance	False
VEGFA	NP_mature_chondrocyte	mild_vs_severe	0.6300533579232279	0.29707516190173	3927.7742501625994	UP	Neovascularization	False
VEGFB	NP_mature_chondrocyte	mild_vs_severe	0.5454118666950944	0.3321119946309439	420.23424645410415	UP	Neovascularization	False
ANGPT1	NP_notochordal	mild_vs_severe	2.815435405752749		19.647651401269844	UP	Neovascularization	False
ANGPT2	NP_notochordal	mild_vs_severe	-0.6321197244226547		6.302425172845436	DOWN	Neovascularization	False
BDKRB2	NP_notochordal	mild_vs_severe	0.8976735154340906		6.363745932304021	UP	Inflammatory_pain	False
CCL2	NP_notochordal	mild_vs_severe	2.1562747873634587	0.8325640441240286	103.91659191293202	UP	Inflammatory_pain	False
CXCL8	NP_notochordal	mild_vs_severe	-0.2130016311425973	0.9557479854246989	455.3028796135157	DOWN	Inflammatory_pain	False
FGF2	NP_notochordal	mild_vs_severe	1.6556783461028632		47.69647176819058	UP	Neovascularization	False
FLT1	NP_notochordal	mild_vs_severe	2.2185662782101856		5.122824406977882	UP	Neovascularization	False
GAL	NP_notochordal	mild_vs_severe	0.2899703397918075		0.0397159458777513	UP	Neuropeptides	False
NGF	NP_notochordal	mild_vs_severe	4.761630582057812		11.588079128331692	UP	Neuropeptides; Neurotrophin_signaling	False
NGFR	NP_notochordal	mild_vs_severe	0.7764081411170574		0.0178911550445461	UP	Neurotrophin_receptors; Neurotrophin_signaling	False
NRP2	NP_notochordal	mild_vs_severe	4.215697218849013	0.1100650432422118	65.15929739127094	UP	Nerve_guidance	False
NTN1	NP_notochordal	mild_vs_severe	-0.0198139347299891		2.2688850832770373	DOWN	Nerve_guidance	False
NTN4	NP_notochordal	mild_vs_severe	2.3759668733747383		12.171533467009615	UP	Nerve_guidance	False
NTRK2	NP_notochordal	mild_vs_severe	0.4189599426236015		3.2329862130823903	UP	Neurotrophin_receptors; Neurotrophin_signaling	False
P2RX4	NP_notochordal	mild_vs_severe	0.188471832099485		16.223127514005018	UP	Nociception_ion_channels	False
P2RX7	NP_notochordal	mild_vs_severe	1.3286576462358388		1.2261971869874877	UP	Nociception_ion_channels	False
PDGFA	NP_notochordal	mild_vs_severe	3.281517081328702		4.830235409246242	UP	Neovascularization	False
PLA2G2A	NP_notochordal	mild_vs_severe	4.809649701210915	0.4526184587454472	275.02750883154255	UP	Inflammatory_pain	False
PTGES	NP_notochordal	mild_vs_severe	-0.000785114041868		30.33039208065491	DOWN	Inflammatory_pain	False
PTGS2	NP_notochordal	mild_vs_severe	-0.0686963349136669	0.987924856989327	107.0635194313556	DOWN	Inflammatory_pain	False
ROBO1	NP_notochordal	mild_vs_severe	2.1032918943284797		7.930328855887246	UP	Nerve_guidance	False
ROBO2	NP_notochordal	mild_vs_severe	0.7764281879571479		0.5798914300620779	UP	Nerve_guidance	False
SEMA3A	NP_notochordal	mild_vs_severe	1.5697613048101184		14.669550504577344	UP	Nerve_guidance	False
SEMA3E	NP_notochordal	mild_vs_severe	2.8137343952525917		5.5382077118540805	UP	Nerve_guidance	False
SLIT3	NP_notochordal	mild_vs_severe	1.95140006370982		3.685905637899954	UP	Nerve_guidance	False
TNF	NP_notochordal	mild_vs_severe	2.2372543331318058		8.895877243074057	UP	Inflammatory_pain	False
TRPV1	NP_notochordal	mild_vs_severe	-1.2195958228543098		5.863043138528706	DOWN	Nociception_ion_channels	False
TRPV4	NP_notochordal	mild_vs_severe	0.8735423114891471		4.116566927404473	UP	Nociception_ion_channels	False
UNC5B	NP_notochordal	mild_vs_severe	1.0776412317864337		4.973511494604803	UP	Nerve_guidance	False
VEGFA	NP_notochordal	mild_vs_severe	0.4997753861430816	0.5290325200841546	138.81980608222003	UP	Neovascularization	False
VEGFB	NP_notochordal	mild_vs_severe	1.317317896192122	0.6658556784734663	128.78498591872187	UP	Neovascularization	False
ANGPT1	NP_fibrocartilaginous	mild_vs_severe	0.8624029427747327	0.1687824855980875	88.08558209818993	UP	Neovascularization	False
ANGPT2	NP_fibrocartilaginous	mild_vs_severe	0.4002134604309275	0.7228085549460271	40.68747141123543	UP	Neovascularization	False
BDKRB2	NP_fibrocartilaginous	mild_vs_severe	1.7433976916468306	0.0029894073606161	25.327823865860328	UP	Inflammatory_pain	True
CCL2	NP_fibrocartilaginous	mild_vs_severe	0.7227544003668057	0.243879727882186	414.65212582580375	UP	Inflammatory_pain	False
CXCL8	NP_fibrocartilaginous	mild_vs_severe	0.8041364873809809	0.4479407352428805	664.0003396386194	UP	Inflammatory_pain	False
FGF2	NP_fibrocartilaginous	mild_vs_severe	-0.0094611324212061	0.9869243414166348	513.6813332060419	DOWN	Neovascularization	False
FLT1	NP_fibrocartilaginous	mild_vs_severe	-0.8275333347015048	0.1740984421773575	131.3540403600886	DOWN	Neovascularization	False
GAL	NP_fibrocartilaginous	mild_vs_severe	1.5406837508840654		5.414738355479192	UP	Neuropeptides	False
NGF	NP_fibrocartilaginous	mild_vs_severe	-0.5538111118222822	0.3111254624925547	93.49116223618296	DOWN	Neuropeptides; Neurotrophin_signaling	False
NGFR	NP_fibrocartilaginous	mild_vs_severe	0.1717115834316029	0.9156715682025408	12.95316057032324	UP	Neurotrophin_receptors; Neurotrophin_signaling	False
NRP2	NP_fibrocartilaginous	mild_vs_severe	0.0894000316804509	0.8928399963849647	727.1841724614364	UP	Nerve_guidance	False
NTN1	NP_fibrocartilaginous	mild_vs_severe	1.253856621920011	0.1383501936719106	60.5092714305909	UP	Nerve_guidance	False
NTN4	NP_fibrocartilaginous	mild_vs_severe	0.5215901319028018	0.2975191507390374	177.49910321239372	UP	Nerve_guidance	False
NTRK2	NP_fibrocartilaginous	mild_vs_severe	0.401923265422845	0.6389464463130407	148.9526962802069	UP	Neurotrophin_receptors; Neurotrophin_signaling	False
P2RX4	NP_fibrocartilaginous	mild_vs_severe	-0.5506119898242111	0.2281820524522642	55.29764663391335	DOWN	Nociception_ion_channels	False
P2RX7	NP_fibrocartilaginous	mild_vs_severe	-0.5260916287970231		9.363152181700825	DOWN	Nociception_ion_channels	False
PDGFA	NP_fibrocartilaginous	mild_vs_severe	0.756600174608227	0.0677760765572008	165.86065509853452	UP	Neovascularization	False
PDGFB	NP_fibrocartilaginous	mild_vs_severe	-0.1025495561794703		6.388351428307943	DOWN	Neovascularization	False
PLA2G2A	NP_fibrocartilaginous	mild_vs_severe	0.0462670124299687	0.9786256416839008	1409.4359113942016	UP	Inflammatory_pain	False
PTGES	NP_fibrocartilaginous	mild_vs_severe	1.2248342080172163	0.1041034441432677	141.6215077711255	UP	Inflammatory_pain	False
PTGS2	NP_fibrocartilaginous	mild_vs_severe	0.6587129724308223	0.1847113388268334	1162.792862815748	UP	Inflammatory_pain	False
ROBO1	NP_fibrocartilaginous	mild_vs_severe	0.466051195282373	0.3104087044775382	90.33249970671226	UP	Nerve_guidance	False
ROBO2	NP_fibrocartilaginous	mild_vs_severe	0.1138409461443242	0.9200867053668362	17.13745080387273	UP	Nerve_guidance	False
SEMA3A	NP_fibrocartilaginous	mild_vs_severe	-0.7429569278231885	0.2579637837432456	276.32499072714995	DOWN	Nerve_guidance	False
SEMA3E	NP_fibrocartilaginous	mild_vs_severe	-0.0521542153506705	0.9332167221340734	176.3670247109616	DOWN	Nerve_guidance	False
SLIT3	NP_fibrocartilaginous	mild_vs_severe	0.306711502297456	0.6708132078684736	73.1642239998384	UP	Nerve_guidance	False
TNF	NP_fibrocartilaginous	mild_vs_severe	2.2398768750320106	0.074620497413039	11.46610390743523	UP	Inflammatory_pain	False
TRPV1	NP_fibrocartilaginous	mild_vs_severe	0.3209231479217935		7.9520559827471535	UP	Nociception_ion_channels	False
TRPV4	NP_fibrocartilaginous	mild_vs_severe	-1.0631706082234318	0.0919438220014147	112.8007961012172	DOWN	Nociception_ion_channels	False
UNC5B	NP_fibrocartilaginous	mild_vs_severe	0.1226108599013664	0.7302947695383238	132.27274904716634	UP	Nerve_guidance	False
VEGFA	NP_fibrocartilaginous	mild_vs_severe	0.5386367858950991	0.280619805002781	1027.9858006956615	UP	Neovascularization	False
VEGFB	NP_fibrocartilaginous	mild_vs_severe	0.0888404064067738	0.8727074013346885	569.4665248229112	UP	Neovascularization	False
ANGPT1	NP_stressed_degen	mild_vs_severe	-1.599370556041311	0.9999226641189513	14.427719774201364	DOWN	Neovascularization	False
ANGPT2	NP_stressed_degen	mild_vs_severe	1.2902487394185602	0.9999226641189513	2.377744476041161	UP	Neovascularization	False
CCL2	NP_stressed_degen	mild_vs_severe	-0.084951896794191	0.9999226641189513	247.70145001898595	DOWN	Inflammatory_pain	False
CXCL8	NP_stressed_degen	mild_vs_severe	0.1843729796313866	0.9999226641189513	27739.74629045362	UP	Inflammatory_pain	False
FGF2	NP_stressed_degen	mild_vs_severe	2.305751280504688	0.9999226641189513	16.97926624007472	UP	Neovascularization	False
FLT1	NP_stressed_degen	mild_vs_severe	0.9795221078933084	0.9999226641189513	52.62436838287464	UP	Neovascularization	False
GAL	NP_stressed_degen	mild_vs_severe	2.3126929672208285	0.9999226641189513	0.2875345709049552	UP	Neuropeptides	False
NGF	NP_stressed_degen	mild_vs_severe	1.4647275448104602	0.9999226641189513	5.477068592127675	UP	Neuropeptides; Neurotrophin_signaling	False
NGFR	NP_stressed_degen	mild_vs_severe	-2.1040784686534355	0.9999226641189513	5.794625109903734	DOWN	Neurotrophin_receptors; Neurotrophin_signaling	False
NRP2	NP_stressed_degen	mild_vs_severe	0.8275217258358037		131.54452174879128	UP	Nerve_guidance	False
NTN1	NP_stressed_degen	mild_vs_severe	0.4959091669293007	0.9999226641189513	0.3300532241801908	UP	Nerve_guidance	False
NTN4	NP_stressed_degen	mild_vs_severe	-0.8676155630395056	0.9999226641189513	1.2635428478817516	DOWN	Nerve_guidance	False
NTRK2	NP_stressed_degen	mild_vs_severe	0.0355214233802859	0.9999226641189513	7.558621526877446	UP	Neurotrophin_receptors; Neurotrophin_signaling	False
P2RX4	NP_stressed_degen	mild_vs_severe	-0.6306253580121485	0.9999226641189513	19.19065138568521	DOWN	Nociception_ion_channels	False
P2RX7	NP_stressed_degen	mild_vs_severe	0.484347471701192	0.9999226641189513	26.388190707411145	UP	Nociception_ion_channels	False
PDGFA	NP_stressed_degen	mild_vs_severe	-0.0846868814469464	0.9999226641189513	10.35944314019108	DOWN	Neovascularization	False
PDGFB	NP_stressed_degen	mild_vs_severe	-0.0566564685880274	0.9999226641189513	21.94299837194302	DOWN	Neovascularization	False
PLA2G2A	NP_stressed_degen	mild_vs_severe	1.7576060687103838	0.9999226641189513	60.0654134097816	UP	Inflammatory_pain	False
PTGES	NP_stressed_degen	mild_vs_severe	1.2767805816768112	0.9999226641189513	23.746780379590263	UP	Inflammatory_pain	False
PTGS2	NP_stressed_degen	mild_vs_severe	0.4091190786842449	0.9999226641189513	1840.0778238174105	UP	Inflammatory_pain	False
ROBO1	NP_stressed_degen	mild_vs_severe	2.014269071097269	0.9999226641189513	0.8734917230466013	UP	Nerve_guidance	False
ROBO2	NP_stressed_degen	mild_vs_severe	0.4959091664912587	0.9999226641189513	0.1003148952376827	UP	Nerve_guidance	False
SEMA3A	NP_stressed_degen	mild_vs_severe	4.804498078305572	0.4082927592382527	9.135206634014452	UP	Nerve_guidance	False
SEMA3E	NP_stressed_degen	mild_vs_severe	1.3623370990297383	0.9999226641189513	2.23420646800283	UP	Nerve_guidance	False
SLIT3	NP_stressed_degen	mild_vs_severe	-1.5192524520287756	0.9999226641189513	1.1462131591896922	DOWN	Nerve_guidance	False
TNF	NP_stressed_degen	mild_vs_severe	1.019360722404122	0.9999226641189513	976.0088958553206	UP	Inflammatory_pain	False
TRPV1	NP_stressed_degen	mild_vs_severe	-0.7418177903307432	0.9999226641189513	0.5019043072267696	DOWN	Nociception_ion_channels	False
TRPV4	NP_stressed_degen	mild_vs_severe	-1.5387925258657125	0.9999226641189513	10.87643635333471	DOWN	Nociception_ion_channels	False
UNC5B	NP_stressed_degen	mild_vs_severe	-0.9101799517929492	0.9999226641189513	6.371032287025476	DOWN	Nerve_guidance	False
VEGFA	NP_stressed_degen	mild_vs_severe	1.3262437471996216	0.9999226641189513	368.9510132837247	UP	Neovascularization	False
VEGFB	NP_stressed_degen	mild_vs_severe	-0.0946509647742785	0.9999226641189513	35.48844450123049	DOWN	Neovascularization	False
ANGPT1	T_cell	mild_vs_severe	-0.5370831185399699		0.5086724476706043	DOWN	Neovascularization	False
ANGPT2	T_cell	mild_vs_severe	0.7566100084117453	0.8834196068937452	4.168388120805318	UP	Neovascularization	False
BDKRB2	T_cell	mild_vs_severe	1.3122244142165336		0.120647611233929	UP	Inflammatory_pain	False
CCL2	T_cell	mild_vs_severe	3.44941849002017	0.0227726832797291	66.63610047724832	UP	Inflammatory_pain	True
CXCL8	T_cell	mild_vs_severe	0.9625541943082148	0.5476389803169173	7229.3560869767425	UP	Inflammatory_pain	False
FGF2	T_cell	mild_vs_severe	2.3316711632436045	0.4492458484653618	6.925530734695276	UP	Neovascularization	False
FLT1	T_cell	mild_vs_severe	1.2899315077762934	0.0940350741885403	50.75278196198923	UP	Neovascularization	False
GAL	T_cell	mild_vs_severe	1.1303278445167908		0.2417090518021591	UP	Neuropeptides	False
NGF	T_cell	mild_vs_severe	1.8342733226840595	0.715686576365721	3.0462254332559207	UP	Neuropeptides; Neurotrophin_signaling	False
NGFR	T_cell	mild_vs_severe	-0.6684110473416911	0.8044955310049018	9.361040851886306	DOWN	Neurotrophin_receptors; Neurotrophin_signaling	False
NRP2	T_cell	mild_vs_severe	4.067008819714976	0.002867163941141	10.984044759635571	UP	Nerve_guidance	True
NTN1	T_cell	mild_vs_severe	2.726487103304361		0.443876894768379	UP	Nerve_guidance	False
NTN4	T_cell	mild_vs_severe	-1.3533542969660228		1.2392365670037135	DOWN	Nerve_guidance	False
NTRK2	T_cell	mild_vs_severe	1.562360031685648		1.4225196752259155	UP	Neurotrophin_receptors; Neurotrophin_signaling	False
P2RX4	T_cell	mild_vs_severe	-0.601247510219704	0.8964945705215334	10.84928118320594	DOWN	Nociception_ion_channels	False
P2RX7	T_cell	mild_vs_severe	0.5034145288192169	0.8216229597105441	16.66049914699057	UP	Nociception_ion_channels	False
PDGFA	T_cell	mild_vs_severe	0.4733773266789773	0.9058867340856602	5.720270549033354	UP	Neovascularization	False
PDGFB	T_cell	mild_vs_severe	1.273405599298196	0.7232919143306831	14.027393836054598	UP	Neovascularization	False
PLA2G2A	T_cell	mild_vs_severe	3.6794301981742894	0.002867163941141	15.554415393891482	UP	Inflammatory_pain	True
PTGES	T_cell	mild_vs_severe	0.9155266353868426	0.715686576365721	18.88873106227284	UP	Inflammatory_pain	False
PTGS2	T_cell	mild_vs_severe	1.4977056597502885	0.3330034358711692	807.7176842980155	UP	Inflammatory_pain	False
ROBO1	T_cell	mild_vs_severe	1.8157980872475452		1.1368339161296457	UP	Nerve_guidance	False
ROBO2	T_cell	mild_vs_severe	0.780772200990266		0.0369442569833549	UP	Nerve_guidance	False
SEMA3A	T_cell	mild_vs_severe	3.953657374151601	0.3689105518705295	2.634456532087538	UP	Nerve_guidance	False
SEMA3E	T_cell	mild_vs_severe	2.018841929237451		0.3610402874383131	UP	Nerve_guidance	False
SLIT3	T_cell	mild_vs_severe	0.8247289950979743		0.0253601235155084	UP	Nerve_guidance	False
TNF	T_cell	mild_vs_severe	2.304059958248046	2.812884740148053e-08	327.53074243455075	UP	Inflammatory_pain	True
TRPV1	T_cell	mild_vs_severe	-1.1306911621123032	0.8045497888019446	2.8472116836545407	DOWN	Nociception_ion_channels	False
TRPV4	T_cell	mild_vs_severe	-0.5971201937221681		0.42970458894794	DOWN	Nociception_ion_channels	False
UNC5B	T_cell	mild_vs_severe	0.3496841966700209		2.2708860162955333	UP	Nerve_guidance	False
VEGFA	T_cell	mild_vs_severe	0.3084389458301931	0.8941824825522222	256.53737078047885	UP	Neovascularization	False
VEGFB	T_cell	mild_vs_severe	0.0135426213237771	0.9954109676038416	29.59369279077944	UP	Neovascularization	False
ANGPT1	unassigned	mild_vs_severe	-0.3741023895161137		6.408741281823366	DOWN	Neovascularization	False
ANGPT2	unassigned	mild_vs_severe	-0.5065477037459519	0.9999099028931918	2.4179906110162723	DOWN	Neovascularization	False
BDKRB2	unassigned	mild_vs_severe	-1.6096222788348045	0.9999099028931918	0.012539268640713	DOWN	Inflammatory_pain	False
CCL2	unassigned	mild_vs_severe	-1.9556947458288545	0.9999099028931918	2.8371896951148354	DOWN	Inflammatory_pain	False
CXCL8	unassigned	mild_vs_severe	0.5115108566009876	0.9999099028931918	19297.52689679624	UP	Inflammatory_pain	False
FGF2	unassigned	mild_vs_severe	0.0907029354696915	0.9999099028931918	6.243593067854027	UP	Neovascularization	False
FLT1	unassigned	mild_vs_severe	0.9563620884090122	0.9999099028931918	20.256662665264063	UP	Neovascularization	False
NGF	unassigned	mild_vs_severe	-0.2727244134176733	0.9999099028931918	0.1888449659540199	DOWN	Neuropeptides; Neurotrophin_signaling	False
NGFR	unassigned	mild_vs_severe	-0.6934374976954318	0.9999099028931918	0.0500182740288512	DOWN	Neurotrophin_receptors; Neurotrophin_signaling	False
NRP2	unassigned	mild_vs_severe	0.505890617893624	0.9999099028931918	0.4483323676527704	UP	Nerve_guidance	False
NTN1	unassigned	mild_vs_severe	-1.6096222788348045	0.9999099028931918	0.012539268640713	DOWN	Nerve_guidance	False
NTN4	unassigned	mild_vs_severe	1.913221885217724	0.9999099028931918	0.5997683622662653	UP	Nerve_guidance	False
NTRK2	unassigned	mild_vs_severe	1.1633211915960326	0.9999099028931918	0.3691965610262171	UP	Neurotrophin_receptors; Neurotrophin_signaling	False
P2RX4	unassigned	mild_vs_severe	-0.4983989435079523	0.9999099028931918	0.8777364185628233	DOWN	Nociception_ion_channels	False
P2RX7	unassigned	mild_vs_severe	-0.4818375223327037	0.9999099028931918	0.0625575426695643	DOWN	Nociception_ion_channels	False
PDGFA	unassigned	mild_vs_severe	0.3323964689770518	0.9999099028931918	0.2265446200176956	UP	Neovascularization	False
PLA2G2A	unassigned	mild_vs_severe	1.1940638901344367	0.9999099028931918	12.656247963915328	UP	Inflammatory_pain	False
PTGES	unassigned	mild_vs_severe	0.3609908236375522	0.9999099028931918	35.05580059867131	UP	Inflammatory_pain	False
PTGS2	unassigned	mild_vs_severe	0.1379279059080704	0.9999099028931918	1740.0142092399562	UP	Inflammatory_pain	False
ROBO1	unassigned	mild_vs_severe	0.3523174628452931	0.9999099028931918	0.3262927742662049	UP	Nerve_guidance	False
SEMA3A	unassigned	mild_vs_severe	0.0869378664498797	0.9999099028931918	2.7698819651437727	UP	Nerve_guidance	False
SEMA3E	unassigned	mild_vs_severe	2.176855731396281	0.9999099028931918	1.0358749581905358	UP	Nerve_guidance	False
SLIT3	unassigned	mild_vs_severe	-2.050582172463632	0.9999099028931918	1.3702761542108293	DOWN	Nerve_guidance	False
TNF	unassigned	mild_vs_severe	0.8796573625232328	0.9999099028931918	40.35725703692741	UP	Inflammatory_pain	False
TRPV1	unassigned	mild_vs_severe	-0.2756130633824766	0.9999099028931918	0.2993841578692791	DOWN	Nociception_ion_channels	False
TRPV4	unassigned	mild_vs_severe	-3.4335547791903998	0.9999099028931918	3.4771995810322887	DOWN	Nociception_ion_channels	False
UNC5B	unassigned	mild_vs_severe	-0.5067027223973871	0.9999099028931918	1.6689935404902223	DOWN	Nerve_guidance	False
VEGFA	unassigned	mild_vs_severe	1.3627549057756434	0.1606613501301023	255.50838838588925	UP	Neovascularization	False
VEGFB	unassigned	mild_vs_severe	-0.3214048085616767	0.9999099028931918	6.295253742998081	DOWN	Neovascularization	False
ANGPT1	AF_inner	healthy_vs_degenerated_all	0.172000428523467	0.9999926832826112	46.336153885290685	UP	Neovascularization	False
ANGPT2	AF_inner	healthy_vs_degenerated_all	1.09916510592282	0.9999926832826112	41.59942987507518	UP	Neovascularization	False
ASIC1	AF_inner	healthy_vs_degenerated_all	-1.8728163098496728	0.9999926832826112	15.98467505676797	DOWN	Nociception_ion_channels	False
ASIC3	AF_inner	healthy_vs_degenerated_all	-1.370313151175045	0.9999926832826112	1.609678063487612	DOWN	Nociception_ion_channels	False
BDKRB1	AF_inner	healthy_vs_degenerated_all	1.8391334619121888	0.9999926832826112	28.96087503084806	UP	Inflammatory_pain	False
BDKRB2	AF_inner	healthy_vs_degenerated_all	-0.205683068828182	0.9999926832826112	28.541747144614277	DOWN	Inflammatory_pain	False
BDNF	AF_inner	healthy_vs_degenerated_all	0.0991695693453222	0.9999926832826112	5.14588181646019	UP	Neuropeptides; Neurotrophin_signaling	False
CALCA	AF_inner	healthy_vs_degenerated_all	-0.2003912318124178	0.9999926832826112	2.075603289243098	DOWN	Neuropeptides	False
CALCB	AF_inner	healthy_vs_degenerated_all	-0.7853497406331894	0.9999926832826112	1.1229895889901742	DOWN	Neuropeptides	False
CCL2	AF_inner	healthy_vs_degenerated_all	-3.9111799365982938	0.9999926832826112	279.6011268440588	DOWN	Inflammatory_pain	False
CXCL8	AF_inner	healthy_vs_degenerated_all	1.199179425940322	0.9999926832826112	104.01977777456176	UP	Inflammatory_pain	False
FGF2	AF_inner	healthy_vs_degenerated_all	0.753973006501829	0.9999926832826112	873.1430538824634	UP	Neovascularization	False
FLT1	AF_inner	healthy_vs_degenerated_all	1.5429709150222883	0.9999926832826112	192.85966355428909	UP	Neovascularization	False
GAL	AF_inner	healthy_vs_degenerated_all	-2.228032315041104	0.9999926832826112	0.9048368750954496	DOWN	Neuropeptides	False
IL1B	AF_inner	healthy_vs_degenerated_all	2.6572983241206254	0.9999926832826112	0.2001380381878151	UP	Inflammatory_pain	False
IL6	AF_inner	healthy_vs_degenerated_all	0.9516069837537404	0.9999926832826112	9.171834771345036	UP	Inflammatory_pain	False
KLK1	AF_inner	healthy_vs_degenerated_all	1.4683976990966734	0.9999926832826112	3.0829486364634744	UP	Inflammatory_pain	False
NGF	AF_inner	healthy_vs_degenerated_all	1.8372290143090444	0.9999926832826112	66.53104111405878	UP	Neuropeptides; Neurotrophin_signaling	False
NGFR	AF_inner	healthy_vs_degenerated_all	0.8469118278040755	0.9999926832826112	9.343691842284263	UP	Neurotrophin_receptors; Neurotrophin_signaling	False
NPY	AF_inner	healthy_vs_degenerated_all	-4.485768473701574	0.9999926832826112	13.801446125704024	DOWN	Neuropeptides	False
NRP1	AF_inner	healthy_vs_degenerated_all	-0.6978931648455725	0.9999926832826112	32.87542189004483	DOWN	Nerve_guidance	False
NRP2	AF_inner	healthy_vs_degenerated_all	2.317737017126418	0.9999926832826112	672.9211023237146	UP	Nerve_guidance	False
NTF3	AF_inner	healthy_vs_degenerated_all	3.411038831406401	0.9999926832826112	13.321533052840204	UP	Neurotrophin_signaling	False
NTN1	AF_inner	healthy_vs_degenerated_all	2.153238384295813	0.9999926832826112	8.893834175046342	UP	Nerve_guidance	False
NTN4	AF_inner	healthy_vs_degenerated_all	-0.4516138211317123	0.9999926832826112	36.41702134209682	DOWN	Nerve_guidance	False
NTRK2	AF_inner	healthy_vs_degenerated_all	0.4922143153639249	0.9999926832826112	292.5587561953544	UP	Neurotrophin_receptors; Neurotrophin_signaling	False
NTRK3	AF_inner	healthy_vs_degenerated_all	0.79960414463454	0.9999926832826112	2.4974781156989803	UP	Neurotrophin_receptors; Neurotrophin_signaling	False
OPRD1	AF_inner	healthy_vs_degenerated_all	-1.1072803880163689	0.9999926832826112	0.8155335139867343	DOWN	Neurotrophin_receptors	False
OPRK1	AF_inner	healthy_vs_degenerated_all	-4.549925955528248	0.9999926832826112	7.335098912050501	DOWN	Neurotrophin_receptors	False
P2RX4	AF_inner	healthy_vs_degenerated_all	-0.4045651996396026	0.9999926832826112	56.43327831911449	DOWN	Nociception_ion_channels	False
P2RX7	AF_inner	healthy_vs_degenerated_all	-0.4958457579288367	0.9999926832826112	6.092920802018592	DOWN	Nociception_ion_channels	False
PDGFA	AF_inner	healthy_vs_degenerated_all	2.151448362787033	0.9999926832826112	72.18996589087983	UP	Neovascularization	False
PDGFB	AF_inner	healthy_vs_degenerated_all	-2.370314452265494	0.9999926832826112	2.931184585224145	DOWN	Neovascularization	False
PENK	AF_inner	healthy_vs_degenerated_all	1.7171330536733032	0.9999926832826112	7.480113311634824	UP	Neuropeptides	False
PLA2G2A	AF_inner	healthy_vs_degenerated_all	2.7917395393851696	0.9999926832826112	4029.9687982496566	UP	Inflammatory_pain	False
PTGES	AF_inner	healthy_vs_degenerated_all	3.3902780635444025	0.9999926832826112	97.02673687943047	UP	Inflammatory_pain	False
PTGS2	AF_inner	healthy_vs_degenerated_all	5.24975660252205	0.0333999485696813	1467.3435703432915	UP	Inflammatory_pain	True
ROBO1	AF_inner	healthy_vs_degenerated_all	0.4736221029102475	0.9999926832826112	57.18508926491764	UP	Nerve_guidance	False
ROBO2	AF_inner	healthy_vs_degenerated_all	-2.256657204612984	0.9999926832826112	11.690816882430186	DOWN	Nerve_guidance	False
SCN11A	AF_inner	healthy_vs_degenerated_all	-1.107279418305953	0.9999926832826112	2.146839995134561	DOWN	Nociception_ion_channels	False
SEMA3A	AF_inner	healthy_vs_degenerated_all	2.2283161422731377	0.9999926832826112	141.5002885919816	UP	Nerve_guidance	False
SEMA3E	AF_inner	healthy_vs_degenerated_all	-0.6675164979995055	0.9999926832826112	245.5412630931669	DOWN	Nerve_guidance	False
SLIT2	AF_inner	healthy_vs_degenerated_all	-1.5927022742217471	0.9999926832826112	8.901733060481716	DOWN	Nerve_guidance	False
SLIT3	AF_inner	healthy_vs_degenerated_all	-0.5223187052427523	0.9999926832826112	15.806345271658705	DOWN	Nerve_guidance	False
TAC1	AF_inner	healthy_vs_degenerated_all	0.6296798148722123	0.9999926832826112	24.14954235702938	UP	Neuropeptides	False
TEK	AF_inner	healthy_vs_degenerated_all	2.657135868779749	0.9999926832826112	4.607722021407175	UP	Neovascularization	False
TNF	AF_inner	healthy_vs_degenerated_all	0.214635724592312	0.9999926832826112	1.255293638559884	UP	Inflammatory_pain	False
TRPV1	AF_inner	healthy_vs_degenerated_all	-0.7853520699572591	0.9999926832826112	8.451015936750421	DOWN	Nociception_ion_channels	False
TRPV4	AF_inner	healthy_vs_degenerated_all	0.7584445607094911	0.9999926832826112	295.6880421237916	UP	Nociception_ion_channels	False
UNC5B	AF_inner	healthy_vs_degenerated_all	0.4942197180172636	0.9999926832826112	110.00350145214895	UP	Nerve_guidance	False
VEGFA	AF_inner	healthy_vs_degenerated_all	3.1675904016980114	0.9310856288330572	3461.888089227375	UP	Neovascularization	False
VEGFB	AF_inner	healthy_vs_degenerated_all	-0.1695241689583013	0.9999926832826112	388.0377402360127	DOWN	Neovascularization	False
ANGPT1	AF_outer	healthy_vs_degenerated_all	-0.0061639962229844	0.9996855063943229	983.7208511483658	DOWN	Neovascularization	False
ANGPT2	AF_outer	healthy_vs_degenerated_all	0.7419719390781689	0.9996855063943229	64.23740807858411	UP	Neovascularization	False
ASIC1	AF_outer	healthy_vs_degenerated_all	-0.4412386639219834	0.9996855063943229	113.66513395346784	DOWN	Nociception_ion_channels	False
ASIC3	AF_outer	healthy_vs_degenerated_all	0.5783248814276989	0.9996855063943229	7.447056319541587	UP	Nociception_ion_channels	False
BDKRB1	AF_outer	healthy_vs_degenerated_all	-0.1194177528620957	0.9996855063943229	304.3840586642428	DOWN	Inflammatory_pain	False
BDKRB2	AF_outer	healthy_vs_degenerated_all	0.5238979520753069	0.9996855063943229	486.1944528429225	UP	Inflammatory_pain	False
BDNF	AF_outer	healthy_vs_degenerated_all	0.1733540458007067	0.9996855063943229	278.60726662512656	UP	Neuropeptides; Neurotrophin_signaling	False
CALCA	AF_outer	healthy_vs_degenerated_all	0.9692691711100142	0.9996855063943229	1.9907863894006248	UP	Neuropeptides	False
CALCB	AF_outer	healthy_vs_degenerated_all	1.6065821602333328	0.9996855063943229	4.287515109466716	UP	Neuropeptides	False
CCL2	AF_outer	healthy_vs_degenerated_all	-1.2874611922627297	0.6367173373477085	4933.739308026991	DOWN	Inflammatory_pain	False
CXCL8	AF_outer	healthy_vs_degenerated_all	-4.153322033800267	0.0776232871101444	162.63194376384288	DOWN	Inflammatory_pain	False
FGF2	AF_outer	healthy_vs_degenerated_all	0.2704203041145103	0.9996855063943229	3549.966732548359	UP	Neovascularization	False
FLT1	AF_outer	healthy_vs_degenerated_all	0.0484158805681133	0.9996855063943229	45.926182144634375	UP	Neovascularization	False
GAL	AF_outer	healthy_vs_degenerated_all	0.5386719620697115	0.9996855063943229	21.523609467938677	UP	Neuropeptides	False
IL1B	AF_outer	healthy_vs_degenerated_all	-0.8962179818216032	0.9996855063943229	3.577723967459597	DOWN	Inflammatory_pain	False
IL6	AF_outer	healthy_vs_degenerated_all	-0.0615476767896532	0.9996855063943229	153.83051497201265	DOWN	Inflammatory_pain	False
KLK1	AF_outer	healthy_vs_degenerated_all	-1.2635884451521753	0.9996855063943229	1.4092869211733747	DOWN	Inflammatory_pain	False
NGF	AF_outer	healthy_vs_degenerated_all	0.6895920714328599	0.9996855063943229	269.21400906994944	UP	Neuropeptides; Neurotrophin_signaling	False
NGFR	AF_outer	healthy_vs_degenerated_all	-0.7502405402497233		0.7951828672518831	DOWN	Neurotrophin_receptors; Neurotrophin_signaling	False
NPY	AF_outer	healthy_vs_degenerated_all	1.7348006042502906	0.9996855063943229	1.54878764386861	UP	Neuropeptides	False
NRP1	AF_outer	healthy_vs_degenerated_all	0.0525551233633747	0.9996855063943229	2139.840771686206	UP	Nerve_guidance	False
NRP2	AF_outer	healthy_vs_degenerated_all	0.1540535100569313	0.9996855063943229	2991.419030182938	UP	Nerve_guidance	False
NTF3	AF_outer	healthy_vs_degenerated_all	-0.626762512761154	0.9996855063943229	143.911990326391	DOWN	Neurotrophin_signaling	False
NTN1	AF_outer	healthy_vs_degenerated_all	-1.338548496469106	0.9996855063943229	65.08077566422527	DOWN	Nerve_guidance	False
NTN4	AF_outer	healthy_vs_degenerated_all	-0.1514651947064762	0.9996855063943229	3567.218860704756	DOWN	Nerve_guidance	False
NTRK2	AF_outer	healthy_vs_degenerated_all	0.7819790468710834	0.9996855063943229	608.563788096455	UP	Neurotrophin_receptors; Neurotrophin_signaling	False
NTRK3	AF_outer	healthy_vs_degenerated_all	0.7566095471530326	0.9996855063943229	3.838897685611052	UP	Neurotrophin_receptors; Neurotrophin_signaling	False
OPRD1	AF_outer	healthy_vs_degenerated_all	1.637873650148778	0.9996855063943229	2.0571738525568395	UP	Neurotrophin_receptors	False
OPRK1	AF_outer	healthy_vs_degenerated_all	3.2067947616655665		0.4006832177603853	UP	Neurotrophin_receptors	False
P2RX4	AF_outer	healthy_vs_degenerated_all	-0.439362708723279	0.9996855063943229	1176.458546977986	DOWN	Nociception_ion_channels	False
P2RX7	AF_outer	healthy_vs_degenerated_all	0.2902819152619695	0.9996855063943229	135.82742557603612	UP	Nociception_ion_channels	False
PDGFA	AF_outer	healthy_vs_degenerated_all	0.4299074198463025	0.9996855063943229	270.0103885286828	UP	Neovascularization	False
PDGFB	AF_outer	healthy_vs_degenerated_all	0.1057292534097368		0.7324602626831602	UP	Neovascularization	False
PENK	AF_outer	healthy_vs_degenerated_all	2.0615773901045764	0.9996855063943229	6144.079178036013	UP	Neuropeptides	False
PLA2G2A	AF_outer	healthy_vs_degenerated_all	1.982811576447296	0.9996855063943229	9.923904393944536	UP	Inflammatory_pain	False
PTGES	AF_outer	healthy_vs_degenerated_all	0.5739631640722517	0.9996855063943229	158.80392653692778	UP	Inflammatory_pain	False
PTGS2	AF_outer	healthy_vs_degenerated_all	0.3963440201326144	0.9996855063943229	229.6161210739948	UP	Inflammatory_pain	False
ROBO1	AF_outer	healthy_vs_degenerated_all	0.0809539556132181	0.9996855063943229	599.1890704102937	UP	Nerve_guidance	False
ROBO2	AF_outer	healthy_vs_degenerated_all	-0.0941480233922294	0.9996855063943229	276.3505492979371	DOWN	Nerve_guidance	False
SCN11A	AF_outer	healthy_vs_degenerated_all	0.4753805786446956	0.9996855063943229	5.366843486157915	UP	Nociception_ion_channels	False
SEMA3A	AF_outer	healthy_vs_degenerated_all	-1.1490684010026262	0.7724732909165044	1647.873557685183	DOWN	Nerve_guidance	False
SEMA3E	AF_outer	healthy_vs_degenerated_all	-0.0715686091682661	0.9996855063943229	1411.2419490112247	DOWN	Nerve_guidance	False
SLIT2	AF_outer	healthy_vs_degenerated_all	-0.4885846847284728	0.9996855063943229	73.35240506972342	DOWN	Nerve_guidance	False
SLIT3	AF_outer	healthy_vs_degenerated_all	-1.3062004443357056	0.9996855063943229	100.68342352488376	DOWN	Nerve_guidance	False
TAC1	AF_outer	healthy_vs_degenerated_all	-0.0325279353185577	0.9996855063943229	8.876668766002993	DOWN	Neuropeptides	False
TEK	AF_outer	healthy_vs_degenerated_all	0.4976545547945804	0.9996855063943229	12.016569085301716	UP	Neovascularization	False
TRPV1	AF_outer	healthy_vs_degenerated_all	0.6955965537202733	0.9996855063943229	46.99922404951814	UP	Nociception_ion_channels	False
TRPV4	AF_outer	healthy_vs_degenerated_all	0.1330380709819162	0.9996855063943229	165.584921758161	UP	Nociception_ion_channels	False
UNC5B	AF_outer	healthy_vs_degenerated_all	0.3281357241383738	0.9996855063943229	631.255764612672	UP	Nerve_guidance	False
VEGFA	AF_outer	healthy_vs_degenerated_all	0.1220864502547533	0.9996855063943229	1976.9074030109823	UP	Neovascularization	False
VEGFB	AF_outer	healthy_vs_degenerated_all	0.1096804429499572	0.9996855063943229	12441.312165823045	UP	Neovascularization	False
ANGPT1	AF_outer	healthy_vs_degenerated_mild	-0.0459741600628274	0.9998328779299474	1402.9059885237807	DOWN	Neovascularization	False
ANGPT2	AF_outer	healthy_vs_degenerated_mild	0.2951738717195052	0.9998328779299474	70.31860424802859	UP	Neovascularization	False
ASIC1	AF_outer	healthy_vs_degenerated_mild	-0.4345218007659143	0.9998328779299474	170.85401424529798	DOWN	Nociception_ion_channels	False
ASIC3	AF_outer	healthy_vs_degenerated_mild	-0.5344896200354857	0.9998328779299474	5.554879865093837	DOWN	Nociception_ion_channels	False
BDKRB1	AF_outer	healthy_vs_degenerated_mild	-0.4073950808656816	0.9998328779299474	403.19861008366735	DOWN	Inflammatory_pain	False
BDKRB2	AF_outer	healthy_vs_degenerated_mild	0.1402666658205528	0.9998328779299474	564.5535659125654	UP	Inflammatory_pain	False
BDNF	AF_outer	healthy_vs_degenerated_mild	-0.0159051212373186	0.9998328779299474	366.2316649290096	DOWN	Neuropeptides; Neurotrophin_signaling	False
CALCA	AF_outer	healthy_vs_degenerated_mild	1.5479273402943954	0.9998328779299474	3.929890527214735	UP	Neuropeptides	False
CALCB	AF_outer	healthy_vs_degenerated_mild	1.9425621699192523	0.9998328779299474	6.410229312671762	UP	Neuropeptides	False
CCL2	AF_outer	healthy_vs_degenerated_mild	-0.9849118984899576	0.9998328779299474	8955.500093572466	DOWN	Inflammatory_pain	False
CXCL8	AF_outer	healthy_vs_degenerated_mild	-4.327560679794562	0.5307844974955482	342.54683268473264	DOWN	Inflammatory_pain	False
FGF2	AF_outer	healthy_vs_degenerated_mild	0.0644677481959484	0.9998328779299474	4570.690408723272	UP	Neovascularization	False
FLT1	AF_outer	healthy_vs_degenerated_mild	-0.278513888075373	0.9998328779299474	56.23801418293503	DOWN	Neovascularization	False
GAL	AF_outer	healthy_vs_degenerated_mild	1.329916912019921	0.9998328779299474	44.8884036454083	UP	Neuropeptides	False
IL1B	AF_outer	healthy_vs_degenerated_mild	-0.5587831669042338	0.9998328779299474	6.6401915969675205	DOWN	Inflammatory_pain	False
IL6	AF_outer	healthy_vs_degenerated_mild	-0.0293133301738883	0.9998328779299474	223.7020411457343	DOWN	Inflammatory_pain	False
KLK1	AF_outer	healthy_vs_degenerated_mild	-2.002120543432977	0.9998328779299474	1.3861908431464331	DOWN	Inflammatory_pain	False
NGF	AF_outer	healthy_vs_degenerated_mild	0.2095376131399945	0.9998328779299474	292.1670520211793	UP	Neuropeptides; Neurotrophin_signaling	False
NGFR	AF_outer	healthy_vs_degenerated_mild	-1.9205843209352296	0.9998328779299474	0.8196510345279574	DOWN	Neurotrophin_receptors; Neurotrophin_signaling	False
NPY	AF_outer	healthy_vs_degenerated_mild	2.4801594104884725	0.9998328779299474	3.358809248001573	UP	Neuropeptides	False
NRP1	AF_outer	healthy_vs_degenerated_mild	0.0402787023253579	0.9998328779299474	3059.3529041991774	UP	Nerve_guidance	False
NRP2	AF_outer	healthy_vs_degenerated_mild	0.3102927806366272	0.9998328779299474	4546.437821095891	UP	Nerve_guidance	False
NTF3	AF_outer	healthy_vs_degenerated_mild	-0.2994615462313622	0.9998328779299474	250.31851016911008	DOWN	Neurotrophin_signaling	False
NTN1	AF_outer	healthy_vs_degenerated_mild	-0.9478941790291404	0.9998328779299474	121.80639010769929	DOWN	Nerve_guidance	False
NTN4	AF_outer	healthy_vs_degenerated_mild	-0.1610399976404008	0.9998328779299474	5215.345451648622	DOWN	Nerve_guidance	False
NTRK2	AF_outer	healthy_vs_degenerated_mild	0.9328222492420328	0.9998328779299474	877.2290071967826	UP	Neurotrophin_receptors; Neurotrophin_signaling	False
NTRK3	AF_outer	healthy_vs_degenerated_mild	1.2150110808302346	0.9998328779299474	6.160172920134945	UP	Neurotrophin_receptors; Neurotrophin_signaling	False
OPRD1	AF_outer	healthy_vs_degenerated_mild	0.9662892051800912	0.9998328779299474	1.706046989634697	UP	Neurotrophin_receptors	False
OPRK1	AF_outer	healthy_vs_degenerated_mild	2.836991511614633	0.9998328779299474	0.4743495659314767	UP	Neurotrophin_receptors	False
P2RX4	AF_outer	healthy_vs_degenerated_mild	-0.3468391302797267	0.9998328779299474	1845.5727255469212	DOWN	Nociception_ion_channels	False
P2RX7	AF_outer	healthy_vs_degenerated_mild	0.3317840378451838	0.9998328779299474	192.1884581485517	UP	Nociception_ion_channels	False
PDGFA	AF_outer	healthy_vs_degenerated_mild	0.478699632362511	0.9998328779299474	381.4749239211933	UP	Neovascularization	False
PDGFB	AF_outer	healthy_vs_degenerated_mild	-0.3935974442605339	0.9998328779299474	1.0698144367252016	DOWN	Neovascularization	False
PENK	AF_outer	healthy_vs_degenerated_mild	1.3348043342774116	0.9998328779299474	5026.001245583156	UP	Neuropeptides	False
PLA2G2A	AF_outer	healthy_vs_degenerated_mild	2.64942960120947	0.9998328779299474	18.61965931010468	UP	Inflammatory_pain	False
PTGES	AF_outer	healthy_vs_degenerated_mild	0.8984309355836543	0.9998328779299474	253.75793819455956	UP	Inflammatory_pain	False
PTGS2	AF_outer	healthy_vs_degenerated_mild	0.4613560610477601	0.9998328779299474	326.1799800118225	UP	Inflammatory_pain	False
ROBO1	AF_outer	healthy_vs_degenerated_mild	0.09963887528325	0.9998328779299474	865.569302752667	UP	Nerve_guidance	False
ROBO2	AF_outer	healthy_vs_degenerated_mild	-0.2276102746572359	0.9998328779299474	382.51354531657273	DOWN	Nerve_guidance	False
SCN11A	AF_outer	healthy_vs_degenerated_mild	-0.2488362613890761	0.9998328779299474	4.768978095879334	DOWN	Nociception_ion_channels	False
SEMA3A	AF_outer	healthy_vs_degenerated_mild	-0.7350975999768938	0.9998328779299474	3062.2915855477795	DOWN	Nerve_guidance	False
SEMA3E	AF_outer	healthy_vs_degenerated_mild	-0.0153177972500728	0.9998328779299474	2103.4603259981022	DOWN	Nerve_guidance	False
SLIT2	AF_outer	healthy_vs_degenerated_mild	-0.4450965227999912	0.9998328779299474	111.66268399169478	DOWN	Nerve_guidance	False
SLIT3	AF_outer	healthy_vs_degenerated_mild	-0.8022873269398108	0.9998328779299474	195.2836588104724	DOWN	Nerve_guidance	False
TAC1	AF_outer	healthy_vs_degenerated_mild	0.5266767530814888	0.9998328779299474	16.414915305067584	UP	Neuropeptides	False
TEK	AF_outer	healthy_vs_degenerated_mild	0.0637146743388126	0.9998328779299474	12.540533519993389	UP	Neovascularization	False
TNF	AF_outer	healthy_vs_degenerated_mild	0.0479519439452961	0.9998328779299474	0.0752074168005618	UP	Inflammatory_pain	False
TRPV1	AF_outer	healthy_vs_degenerated_mild	0.1785800950770872	0.9998328779299474	49.66724976571491	UP	Nociception_ion_channels	False
TRPV4	AF_outer	healthy_vs_degenerated_mild	-0.0946257619489737	0.9998328779299474	211.7263426567443	DOWN	Nociception_ion_channels	False
UNC5B	AF_outer	healthy_vs_degenerated_mild	0.3310099296406522	0.9998328779299474	881.6841248061461	UP	Nerve_guidance	False
VEGFA	AF_outer	healthy_vs_degenerated_mild	0.1724959108161616	0.9998328779299474	2874.9737606695344	UP	Neovascularization	False
VEGFB	AF_outer	healthy_vs_degenerated_mild	0.0730776121400829	0.9998328779299474	17513.14563352115	UP	Neovascularization	False
ANGPT1	AF_inner	healthy_vs_degenerated_severe	0.172000428523467	0.9999926832826112	46.336153885290685	UP	Neovascularization	False
ANGPT2	AF_inner	healthy_vs_degenerated_severe	1.09916510592282	0.9999926832826112	41.59942987507518	UP	Neovascularization	False
ASIC1	AF_inner	healthy_vs_degenerated_severe	-1.8728163098496728	0.9999926832826112	15.98467505676797	DOWN	Nociception_ion_channels	False
ASIC3	AF_inner	healthy_vs_degenerated_severe	-1.370313151175045	0.9999926832826112	1.609678063487612	DOWN	Nociception_ion_channels	False
BDKRB1	AF_inner	healthy_vs_degenerated_severe	1.8391334619121888	0.9999926832826112	28.96087503084806	UP	Inflammatory_pain	False
BDKRB2	AF_inner	healthy_vs_degenerated_severe	-0.205683068828182	0.9999926832826112	28.541747144614277	DOWN	Inflammatory_pain	False
BDNF	AF_inner	healthy_vs_degenerated_severe	0.0991695693453222	0.9999926832826112	5.14588181646019	UP	Neuropeptides; Neurotrophin_signaling	False
CALCA	AF_inner	healthy_vs_degenerated_severe	-0.2003912318124178	0.9999926832826112	2.075603289243098	DOWN	Neuropeptides	False
CALCB	AF_inner	healthy_vs_degenerated_severe	-0.7853497406331894	0.9999926832826112	1.1229895889901742	DOWN	Neuropeptides	False
CCL2	AF_inner	healthy_vs_degenerated_severe	-3.9111799365982938	0.9999926832826112	279.6011268440588	DOWN	Inflammatory_pain	False
CXCL8	AF_inner	healthy_vs_degenerated_severe	1.199179425940322	0.9999926832826112	104.01977777456176	UP	Inflammatory_pain	False
FGF2	AF_inner	healthy_vs_degenerated_severe	0.753973006501829	0.9999926832826112	873.1430538824634	UP	Neovascularization	False
FLT1	AF_inner	healthy_vs_degenerated_severe	1.5429709150222883	0.9999926832826112	192.85966355428909	UP	Neovascularization	False
GAL	AF_inner	healthy_vs_degenerated_severe	-2.228032315041104	0.9999926832826112	0.9048368750954496	DOWN	Neuropeptides	False
IL1B	AF_inner	healthy_vs_degenerated_severe	2.6572983241206254	0.9999926832826112	0.2001380381878151	UP	Inflammatory_pain	False
IL6	AF_inner	healthy_vs_degenerated_severe	0.9516069837537404	0.9999926832826112	9.171834771345036	UP	Inflammatory_pain	False
KLK1	AF_inner	healthy_vs_degenerated_severe	1.4683976990966734	0.9999926832826112	3.0829486364634744	UP	Inflammatory_pain	False
NGF	AF_inner	healthy_vs_degenerated_severe	1.8372290143090444	0.9999926832826112	66.53104111405878	UP	Neuropeptides; Neurotrophin_signaling	False
NGFR	AF_inner	healthy_vs_degenerated_severe	0.8469118278040755	0.9999926832826112	9.343691842284263	UP	Neurotrophin_receptors; Neurotrophin_signaling	False
NPY	AF_inner	healthy_vs_degenerated_severe	-4.485768473701574	0.9999926832826112	13.801446125704024	DOWN	Neuropeptides	False
NRP1	AF_inner	healthy_vs_degenerated_severe	-0.6978931648455725	0.9999926832826112	32.87542189004483	DOWN	Nerve_guidance	False
NRP2	AF_inner	healthy_vs_degenerated_severe	2.317737017126418	0.9999926832826112	672.9211023237146	UP	Nerve_guidance	False
NTF3	AF_inner	healthy_vs_degenerated_severe	3.411038831406401	0.9999926832826112	13.321533052840204	UP	Neurotrophin_signaling	False
NTN1	AF_inner	healthy_vs_degenerated_severe	2.153238384295813	0.9999926832826112	8.893834175046342	UP	Nerve_guidance	False
NTN4	AF_inner	healthy_vs_degenerated_severe	-0.4516138211317123	0.9999926832826112	36.41702134209682	DOWN	Nerve_guidance	False
NTRK2	AF_inner	healthy_vs_degenerated_severe	0.4922143153639249	0.9999926832826112	292.5587561953544	UP	Neurotrophin_receptors; Neurotrophin_signaling	False
NTRK3	AF_inner	healthy_vs_degenerated_severe	0.79960414463454	0.9999926832826112	2.4974781156989803	UP	Neurotrophin_receptors; Neurotrophin_signaling	False
OPRD1	AF_inner	healthy_vs_degenerated_severe	-1.1072803880163689	0.9999926832826112	0.8155335139867343	DOWN	Neurotrophin_receptors	False
OPRK1	AF_inner	healthy_vs_degenerated_severe	-4.549925955528248	0.9999926832826112	7.335098912050501	DOWN	Neurotrophin_receptors	False
P2RX4	AF_inner	healthy_vs_degenerated_severe	-0.4045651996396026	0.9999926832826112	56.43327831911449	DOWN	Nociception_ion_channels	False
P2RX7	AF_inner	healthy_vs_degenerated_severe	-0.4958457579288367	0.9999926832826112	6.092920802018592	DOWN	Nociception_ion_channels	False
PDGFA	AF_inner	healthy_vs_degenerated_severe	2.151448362787033	0.9999926832826112	72.18996589087983	UP	Neovascularization	False
PDGFB	AF_inner	healthy_vs_degenerated_severe	-2.370314452265494	0.9999926832826112	2.931184585224145	DOWN	Neovascularization	False
PENK	AF_inner	healthy_vs_degenerated_severe	1.7171330536733032	0.9999926832826112	7.480113311634824	UP	Neuropeptides	False
PLA2G2A	AF_inner	healthy_vs_degenerated_severe	2.7917395393851696	0.9999926832826112	4029.9687982496566	UP	Inflammatory_pain	False
PTGES	AF_inner	healthy_vs_degenerated_severe	3.3902780635444025	0.9999926832826112	97.02673687943047	UP	Inflammatory_pain	False
PTGS2	AF_inner	healthy_vs_degenerated_severe	5.24975660252205	0.0333999485696813	1467.3435703432915	UP	Inflammatory_pain	True
ROBO1	AF_inner	healthy_vs_degenerated_severe	0.4736221029102475	0.9999926832826112	57.18508926491764	UP	Nerve_guidance	False
ROBO2	AF_inner	healthy_vs_degenerated_severe	-2.256657204612984	0.9999926832826112	11.690816882430186	DOWN	Nerve_guidance	False
SCN11A	AF_inner	healthy_vs_degenerated_severe	-1.107279418305953	0.9999926832826112	2.146839995134561	DOWN	Nociception_ion_channels	False
SEMA3A	AF_inner	healthy_vs_degenerated_severe	2.2283161422731377	0.9999926832826112	141.5002885919816	UP	Nerve_guidance	False
SEMA3E	AF_inner	healthy_vs_degenerated_severe	-0.6675164979995055	0.9999926832826112	245.5412630931669	DOWN	Nerve_guidance	False
SLIT2	AF_inner	healthy_vs_degenerated_severe	-1.5927022742217471	0.9999926832826112	8.901733060481716	DOWN	Nerve_guidance	False
SLIT3	AF_inner	healthy_vs_degenerated_severe	-0.5223187052427523	0.9999926832826112	15.806345271658705	DOWN	Nerve_guidance	False
TAC1	AF_inner	healthy_vs_degenerated_severe	0.6296798148722123	0.9999926832826112	24.14954235702938	UP	Neuropeptides	False
TEK	AF_inner	healthy_vs_degenerated_severe	2.657135868779749	0.9999926832826112	4.607722021407175	UP	Neovascularization	False
TNF	AF_inner	healthy_vs_degenerated_severe	0.214635724592312	0.9999926832826112	1.255293638559884	UP	Inflammatory_pain	False
TRPV1	AF_inner	healthy_vs_degenerated_severe	-0.7853520699572591	0.9999926832826112	8.451015936750421	DOWN	Nociception_ion_channels	False
TRPV4	AF_inner	healthy_vs_degenerated_severe	0.7584445607094911	0.9999926832826112	295.6880421237916	UP	Nociception_ion_channels	False
UNC5B	AF_inner	healthy_vs_degenerated_severe	0.4942197180172636	0.9999926832826112	110.00350145214895	UP	Nerve_guidance	False
VEGFA	AF_inner	healthy_vs_degenerated_severe	3.1675904016980114	0.9310856288330572	3461.888089227375	UP	Neovascularization	False
VEGFB	AF_inner	healthy_vs_degenerated_severe	-0.1695241689583013	0.9999926832826112	388.0377402360127	DOWN	Neovascularization	False
ANGPT1	AF_outer	healthy_vs_degenerated_severe	0.0191018588873457	0.9944275019505564	959.0014504362975	UP	Neovascularization	False
ANGPT2	AF_outer	healthy_vs_degenerated_severe	1.0971951566950782	0.548733176216933	67.97736933094109	UP	Neovascularization	False
ASIC1	AF_outer	healthy_vs_degenerated_severe	-0.4588452932826028	0.6917399583567666	115.3744647655627	DOWN	Nociception_ion_channels	False
ASIC3	AF_outer	healthy_vs_degenerated_severe	1.4001162861948904	0.6344766489421424	9.49753326785931	UP	Nociception_ion_channels	False
BDKRB1	AF_outer	healthy_vs_degenerated_severe	0.1082917912140723	0.9782037511090076	325.5963019322153	UP	Inflammatory_pain	False
BDKRB2	AF_outer	healthy_vs_degenerated_severe	0.826508378190926	0.3826420496163155	511.0949868340263	UP	Inflammatory_pain	False
BDNF	AF_outer	healthy_vs_degenerated_severe	0.3379429245052948	0.8326343314722008	282.23397957921395	UP	Neuropeptides; Neurotrophin_signaling	False
CALCA	AF_outer	healthy_vs_degenerated_severe	-0.1505050766202927		0.9136955014886884	DOWN	Neuropeptides	False
CALCB	AF_outer	healthy_vs_degenerated_severe	1.0130477302388998		2.87717335606021	UP	Neuropeptides	False
CCL2	AF_outer	healthy_vs_degenerated_severe	-1.6959945522119104	0.0334664221539009	5048.923975966476	DOWN	Inflammatory_pain	True
CXCL8	AF_outer	healthy_vs_degenerated_severe	-4.010865770340218	0.1918949029217519	231.89939248823288	DOWN	Inflammatory_pain	False
FGF2	AF_outer	healthy_vs_degenerated_severe	0.4420826767320337	0.6599877240068017	3591.1356145001373	UP	Neovascularization	False
FLT1	AF_outer	healthy_vs_degenerated_severe	0.3224936151348356	0.9547933885044008	49.97340600733413	UP	Neovascularization	False
GAL	AF_outer	healthy_vs_degenerated_severe	-1.627597124060992	0.6345667216642619	9.316251878774322	DOWN	Neuropeptides	False
IL1B	AF_outer	healthy_vs_degenerated_severe	-1.467499224372106		3.288448224784008	DOWN	Inflammatory_pain	False
IL6	AF_outer	healthy_vs_degenerated_severe	-0.0976425434197326	0.9850126103509084	147.8930734390301	DOWN	Inflammatory_pain	False
KLK1	AF_outer	healthy_vs_degenerated_severe	-0.4959434308726667		1.9369401875424035	DOWN	Inflammatory_pain	False
NGF	AF_outer	healthy_vs_degenerated_severe	1.0427278358639105	0.6379356739253482	288.5144238962159	UP	Neuropeptides; Neurotrophin_signaling	False
NGFR	AF_outer	healthy_vs_degenerated_severe	0.2540507689390825		1.099861214426764	UP	Neurotrophin_receptors; Neurotrophin_signaling	False
NPY	AF_outer	healthy_vs_degenerated_severe	-0.0765006880530454		0.3440399923244516	DOWN	Neuropeptides	False
NRP1	AF_outer	healthy_vs_degenerated_severe	0.0525060414594091	0.986503861435747	2052.6492621354155	UP	Nerve_guidance	False
NRP2	AF_outer	healthy_vs_degenerated_severe	-0.0394913402714007	0.975736478974564	2628.580391766729	DOWN	Nerve_guidance	False
NTF3	AF_outer	healthy_vs_degenerated_severe	-1.0896696256796596	0.5564096248169639	130.24094628928566	DOWN	Neurotrophin_signaling	False
NTN1	AF_outer	healthy_vs_degenerated_severe	-1.964000463618412	0.3604455040897725	65.07156059845904	DOWN	Nerve_guidance	False
NTN4	AF_outer	healthy_vs_degenerated_severe	-0.1519934371472127	0.9292342476815212	3499.873617076258	DOWN	Nerve_guidance	False
NTRK2	AF_outer	healthy_vs_degenerated_severe	0.5868642087543835	0.7302592037310642	498.8202861164777	UP	Neurotrophin_receptors; Neurotrophin_signaling	False
NTRK3	AF_outer	healthy_vs_degenerated_severe	-0.3385355792852545		2.6720017784010004	DOWN	Neurotrophin_receptors; Neurotrophin_signaling	False
OPRD1	AF_outer	healthy_vs_degenerated_severe	2.265911406078415		2.281824646799982	UP	Neurotrophin_receptors	False
OPRK1	AF_outer	healthy_vs_degenerated_severe	3.537721539029266		0.2901890328030023	UP	Neurotrophin_receptors	False
P2RX4	AF_outer	healthy_vs_degenerated_severe	-0.5552265453915738	0.6529976972425566	1149.699017400301	DOWN	Nociception_ion_channels	False
P2RX7	AF_outer	healthy_vs_degenerated_severe	0.2245159874074576	0.8745328068768335	124.82383075088264	UP	Nociception_ion_channels	False
PDGFA	AF_outer	healthy_vs_degenerated_severe	0.3587081781830461	0.744381344621086	242.6006720785541	UP	Neovascularization	False
PDGFB	AF_outer	healthy_vs_degenerated_severe	0.4512934761567953		0.7590194708012182	UP	Neovascularization	False
PENK	AF_outer	healthy_vs_degenerated_severe	2.534304330487263	0.5591349249794715	6713.668151001425	UP	Neuropeptides	False
PLA2G2A	AF_outer	healthy_vs_degenerated_severe	5.399033665963071		76.72057917025677	UP	Inflammatory_pain	False
PTGES	AF_outer	healthy_vs_degenerated_severe	0.1065116496214927	0.976540301943184	119.13587673724302	UP	Inflammatory_pain	False
PTGS2	AF_outer	healthy_vs_degenerated_severe	0.3159009546265254	0.9143338643980616	205.9382499285549	UP	Inflammatory_pain	False
ROBO1	AF_outer	healthy_vs_degenerated_severe	0.0479278841180835	0.9857698819097228	565.7479418662889	UP	Nerve_guidance	False
ROBO2	AF_outer	healthy_vs_degenerated_severe	0.0172794544078414	0.9946392840398204	282.09625288	UP	Nerve_guidance	False
SCN11A	AF_outer	healthy_vs_degenerated_severe	1.128830819853974	0.7804184470987593	6.4570254953797015	UP	Nociception_ion_channels	False
SEMA3A	AF_outer	healthy_vs_degenerated_severe	-1.7592217802028964	0.0159776329113928	1581.037637521005	DOWN	Nerve_guidance	True
SEMA3E	AF_outer	healthy_vs_degenerated_severe	-0.1456490336189636	0.9603192879239136	1336.902399790836	DOWN	Nerve_guidance	False
SLIT2	AF_outer	healthy_vs_degenerated_severe	-0.5367499231786657	0.8509427820722979	74.01723047511896	DOWN	Nerve_guidance	False
SLIT3	AF_outer	healthy_vs_degenerated_severe	-2.146045459362481	0.1365336612766834	95.52382748355318	DOWN	Nerve_guidance	False
TAC1	AF_outer	healthy_vs_degenerated_severe	-1.3686506044539533	0.7544191848746064	6.191456032991583	DOWN	Neuropeptides	False
TEK	AF_outer	healthy_vs_degenerated_severe	0.9085627134461176	0.8034757732812142	13.347639536941672	UP	Neovascularization	False
TNF	AF_outer	healthy_vs_degenerated_severe	1.0784610013274318		0.0502289031201641	UP	Inflammatory_pain	False
TRPV1	AF_outer	healthy_vs_degenerated_severe	1.1144682942669637	0.4624388004851147	51.13380717044987	UP	Nociception_ion_channels	False
TRPV4	AF_outer	healthy_vs_degenerated_severe	0.3477272725944372	0.8347826312428663	172.04746178163	UP	Nociception_ion_channels	False
UNC5B	AF_outer	healthy_vs_degenerated_severe	0.3106079021771007	0.8824333417787623	584.6180696574313	UP	Nerve_guidance	False
VEGFA	AF_outer	healthy_vs_degenerated_severe	0.0593006350633682	0.9828884496398476	1835.2786612436105	UP	Neovascularization	False
VEGFB	AF_outer	healthy_vs_degenerated_severe	0.1333098955825229	0.9397360920341308	11996.715977155269	UP	Neovascularization	False
ANGPT1	AF_outer	mild_vs_severe	0.0468526487161017	0.9775312017714134	738.3255921715423	UP	Neovascularization	False
ANGPT2	AF_outer	mild_vs_severe	0.7816087110017406	0.5273270323499208	54.25617438430479	UP	Neovascularization	False
ASIC1	AF_outer	mild_vs_severe	-0.0398631821652971	0.9784263993257354	78.3451765982353	DOWN	Nociception_ion_channels	False
ASIC3	AF_outer	mild_vs_severe	1.9106681000406711	0.385590747797896	6.378297130860473	UP	Nociception_ion_channels	False
BDKRB1	AF_outer	mild_vs_severe	0.4969692588217589	0.7476136652162187	223.53500347170691	UP	Inflammatory_pain	False
BDKRB2	AF_outer	mild_vs_severe	0.6629096932216126	0.502954782108626	398.677210599354	UP	Inflammatory_pain	False
BDNF	AF_outer	mild_vs_severe	0.3347029539203821	0.7321344950729138	216.11572455574836	UP	Neuropeptides; Neurotrophin_signaling	False
CALCA	AF_outer	mild_vs_severe	-1.700849259464456	0.7344309081454011	1.696403833329904	DOWN	Neuropeptides	False
CALCB	AF_outer	mild_vs_severe	-0.9756576605493528	0.7919313364968033	3.970890572098128	DOWN	Neuropeptides	False
CCL2	AF_outer	mild_vs_severe	-0.7316452393821132	0.5345869008205446	2666.79281082983	DOWN	Inflammatory_pain	False
CXCL8	AF_outer	mild_vs_severe	0.3186034959776177	0.9101373597592066	21.696856929063387	UP	Inflammatory_pain	False
FGF2	AF_outer	mild_vs_severe	0.3577945001205755	0.5330026532863439	2802.061804929855	UP	Neovascularization	False
FLT1	AF_outer	mild_vs_severe	0.6269955304604254	0.8780756815258822	35.30457345927323	UP	Neovascularization	False
GAL	AF_outer	mild_vs_severe	-2.9690417176449024	0.1813027320622767	17.597106529796136	DOWN	Neuropeptides	False
IL1B	AF_outer	mild_vs_severe	-0.9351395147527288	0.8075054476127249	2.120406968935967	DOWN	Inflammatory_pain	False
IL6	AF_outer	mild_vs_severe	-0.1090703029028139	0.9654251828351078	115.02851822231231	DOWN	Inflammatory_pain	False
KLK1	AF_outer	mild_vs_severe	1.5394870734574015	0.8366905859897213	0.9656399460220796	UP	Inflammatory_pain	False
NGF	AF_outer	mild_vs_severe	0.805283489238856		225.9674955576596	UP	Neuropeptides; Neurotrophin_signaling	False
NGFR	AF_outer	mild_vs_severe	2.2348273738754427	0.7706430383271509	0.5192476847550472	UP	Neurotrophin_receptors; Neurotrophin_signaling	False
NPY	AF_outer	mild_vs_severe	-2.6542640172599947	0.6365782381523908	1.4327986771230812	DOWN	Neuropeptides	False
NRP1	AF_outer	mild_vs_severe	-0.0065873430731027	0.99688073983903	1625.8612172308008	DOWN	Nerve_guidance	False
NRP2	AF_outer	mild_vs_severe	-0.3706270207080515	0.6094333908604684	2314.231631714284	DOWN	Nerve_guidance	False
NTF3	AF_outer	mild_vs_severe	-0.8239397151450286	0.6758004602919138	94.18555652274011	DOWN	Neurotrophin_signaling	False
NTN1	AF_outer	mild_vs_severe	-1.1208170266782849	0.2138552680989866	34.50614470287246	DOWN	Nerve_guidance	False
NTN4	AF_outer	mild_vs_severe	-0.0100867529230737	0.9934928564413612	2605.892730542313	DOWN	Nerve_guidance	False
NTRK2	AF_outer	mild_vs_severe	-0.3572383798165591	0.8646544693731422	516.6175853852499	DOWN	Neurotrophin_receptors; Neurotrophin_signaling	False
NTRK3	AF_outer	mild_vs_severe	-1.6823744790439688	0.5873635093086907	3.3015790255160606	DOWN	Neurotrophin_receptors; Neurotrophin_signaling	False
OPRD1	AF_outer	mild_vs_severe	1.2622796164105046	0.7214070598580845	1.91426599265868	UP	Neurotrophin_receptors	False
OPRK1	AF_outer	mild_vs_severe	0.6880131275759385	0.9568606535639252	0.4135753717502815	UP	Neurotrophin_receptors	False
P2RX4	AF_outer	mild_vs_severe	-0.2221322023770479	0.8531522530142717	806.6559834788534	DOWN	Nociception_ion_channels	False
P2RX7	AF_outer	mild_vs_severe	-0.1124722445482891	0.9399860721316354	107.93335817827328	DOWN	Nociception_ion_channels	False
PDGFA	AF_outer	mild_vs_severe	-0.1408268159066171	0.8788345741498842	218.4935277894915	DOWN	Neovascularization	False
PDGFB	AF_outer	mild_vs_severe	0.8425055151988927	0.9259081238816514	0.5084625291389885	UP	Neovascularization	False
PENK	AF_outer	mild_vs_severe	1.1780519336051525	0.7271231747225703	5825.839838599484	UP	Neuropeptides	False
PLA2G2A	AF_outer	mild_vs_severe	2.7440453260364897		59.10968880402542	UP	Inflammatory_pain	False
PTGES	AF_outer	mild_vs_severe	-0.816997988552252	0.3978285947797923	131.2423679935353	DOWN	Inflammatory_pain	False
PTGS2	AF_outer	mild_vs_severe	-0.1668089429418658	0.934322548220762	185.05474471419356	DOWN	Inflammatory_pain	False
ROBO1	AF_outer	mild_vs_severe	-0.0686609101419757	0.943814290370692	457.64214945455205	DOWN	Nerve_guidance	False
ROBO2	AF_outer	mild_vs_severe	0.2381629709817676	0.91668562828461	204.37097060669825	UP	Nerve_guidance	False
SCN11A	AF_outer	mild_vs_severe	1.394692560046847	0.645188023586258	4.506535123176902	UP	Nociception_ion_channels	False
SEMA3A	AF_outer	mild_vs_severe	-1.0442691768815044	0.2490737401482292	930.910404214418	DOWN	Nerve_guidance	False
SEMA3E	AF_outer	mild_vs_severe	-0.1444729733261969	0.9409245986272942	1047.2840752697034	DOWN	Nerve_guidance	False
SLIT2	AF_outer	mild_vs_severe	-0.1766210440529195	0.9180713387877568	50.21535280168369	DOWN	Nerve_guidance	False
SLIT3	AF_outer	mild_vs_severe	-1.365064049381779	0.3852130918415234	53.713683048308354	DOWN	Nerve_guidance	False
TAC1	AF_outer	mild_vs_severe	-2.0276861132477317	0.3921654787897595	6.632172995933547	DOWN	Neuropeptides	False
TEK	AF_outer	mild_vs_severe	0.8470065157038391	0.773396819530177	10.007509879899354	UP	Neovascularization	False
TRPV1	AF_outer	mild_vs_severe	0.916632737575905	0.3543291979912781	39.57161385658912	UP	Nociception_ion_channels	False
TRPV4	AF_outer	mild_vs_severe	0.3887319299927564	0.5511164918635169	128.41207595916336	UP	Nociception_ion_channels	False
UNC5B	AF_outer	mild_vs_severe	-0.0426776067642047	0.9843191514505092	502.8539241304002	DOWN	Nerve_guidance	False
VEGFA	AF_outer	mild_vs_severe	-0.1349825812294774	0.8808564967878334	1521.129401887994	DOWN	Neovascularization	False
VEGFB	AF_outer	mild_vs_severe	0.0451323264171652	0.9777760416428436	9549.79360560423	UP	Neovascularization	False
ANGPT1	EP_hyaline	healthy_vs_degenerated_all	0.2613317383191798	0.9996390799405724	105.14161483383177	UP	Neovascularization	False
ANGPT2	EP_hyaline	healthy_vs_degenerated_all	-0.4568991407798206	0.9996390799405724	90.36542289414818	DOWN	Neovascularization	False
ASIC1	EP_hyaline	healthy_vs_degenerated_all	-0.3236327534686625	0.9996390799405724	9.37618899700738	DOWN	Nociception_ion_channels	False
ASIC3	EP_hyaline	healthy_vs_degenerated_all	0.2613183541327837	0.9996390799405724	2.3632438085579817	UP	Nociception_ion_channels	False
BDKRB1	EP_hyaline	healthy_vs_degenerated_all	0.1788703686493798	0.9996390799405724	39.59215245275974	UP	Inflammatory_pain	False
BDKRB2	EP_hyaline	healthy_vs_degenerated_all	-0.2468158093104571	0.9996390799405724	89.51364885703431	DOWN	Inflammatory_pain	False
BDNF	EP_hyaline	healthy_vs_degenerated_all	1.846292343794961	0.9996390799405724	51.27568258085886	UP	Neuropeptides; Neurotrophin_signaling	False
CALCB	EP_hyaline	healthy_vs_degenerated_all	0.2613136037931279	0.9996390799405724	5.201665616386324	UP	Neuropeptides	False
CCL2	EP_hyaline	healthy_vs_degenerated_all	-3.908592002342121	0.9996390799405724	184.0675196833824	DOWN	Inflammatory_pain	False
CXCL8	EP_hyaline	healthy_vs_degenerated_all	-1.7386674282978705	0.9996390799405724	34.515516860276335	DOWN	Inflammatory_pain	False
FGF2	EP_hyaline	healthy_vs_degenerated_all	0.5922461593211814	0.9996390799405724	2124.589700096958	UP	Neovascularization	False
FLT1	EP_hyaline	healthy_vs_degenerated_all	-3.181346247654514	0.9996390799405724	184.1564557772825	DOWN	Neovascularization	False
GAL	EP_hyaline	healthy_vs_degenerated_all	0.2612521551644531	0.9996390799405724	8.904070601539418	UP	Neuropeptides	False
KLK1	EP_hyaline	healthy_vs_degenerated_all	0.2613200158568059	0.9996390799405724	2.0635860438569384	UP	Inflammatory_pain	False
NGF	EP_hyaline	healthy_vs_degenerated_all	1.5200650139275365	0.9996390799405724	181.59102274872416	UP	Neuropeptides; Neurotrophin_signaling	False
NGFR	EP_hyaline	healthy_vs_degenerated_all	0.2613137752612733	0.9996390799405724	15.055246838544866	UP	Neurotrophin_receptors; Neurotrophin_signaling	False
NRP1	EP_hyaline	healthy_vs_degenerated_all	-0.459052492206477	0.9996390799405724	661.813815248409	DOWN	Nerve_guidance	False
NRP2	EP_hyaline	healthy_vs_degenerated_all	-0.0415967049681593	0.9996390799405724	1111.462775040495	DOWN	Nerve_guidance	False
NTF3	EP_hyaline	healthy_vs_degenerated_all	-0.6715551827341928	0.9996390799405724	98.47876858446362	DOWN	Neurotrophin_signaling	False
NTN1	EP_hyaline	healthy_vs_degenerated_all	-3.323621428652897	0.9996390799405724	24.938934778218307	DOWN	Nerve_guidance	False
NTN4	EP_hyaline	healthy_vs_degenerated_all	-0.0809014062363928	0.9996390799405724	268.61259241991473	DOWN	Nerve_guidance	False
NTRK2	EP_hyaline	healthy_vs_degenerated_all	0.2613217111947807	0.9996390799405724	244.77210262357715	UP	Neurotrophin_receptors; Neurotrophin_signaling	False
NTRK3	EP_hyaline	healthy_vs_degenerated_all	0.2613389966425135	0.9996390799405724	1.342576102015543	UP	Neurotrophin_receptors; Neurotrophin_signaling	False
P2RX4	EP_hyaline	healthy_vs_degenerated_all	-0.3601573458742613	0.9996390799405724	88.54096619498148	DOWN	Nociception_ion_channels	False
P2RX7	EP_hyaline	healthy_vs_degenerated_all	-0.0757024720597563	0.9996390799405724	33.53329877847979	DOWN	Nociception_ion_channels	False
PDGFA	EP_hyaline	healthy_vs_degenerated_all	-0.2240973176530784	0.9996390799405724	304.4834814229015	DOWN	Neovascularization	False
PENK	EP_hyaline	healthy_vs_degenerated_all	3.431244399382141	0.9996390799405724	16.661541325316445	UP	Neuropeptides	False
PTGES	EP_hyaline	healthy_vs_degenerated_all	0.6763682445610536	0.9996390799405724	141.55381853055687	UP	Inflammatory_pain	False
PTGS2	EP_hyaline	healthy_vs_degenerated_all	-3.546012664403876	0.9996390799405724	1379.4622209349025	DOWN	Inflammatory_pain	False
ROBO1	EP_hyaline	healthy_vs_degenerated_all	0.3692468373106492	0.9996390799405724	226.87681040578735	UP	Nerve_guidance	False
ROBO2	EP_hyaline	healthy_vs_degenerated_all	-1.8127442113767	0.9996390799405724	882.0283579040616	DOWN	Nerve_guidance	False
SCN11A	EP_hyaline	healthy_vs_degenerated_all	-0.7386597875292465	0.9996390799405724	5.174359775436786	DOWN	Nociception_ion_channels	False
SEMA3A	EP_hyaline	healthy_vs_degenerated_all	-0.5302246341845898	0.9996390799405724	2302.6428940064125	DOWN	Nerve_guidance	False
SEMA3E	EP_hyaline	healthy_vs_degenerated_all	-0.0403252210527065	0.9996390799405724	298.59167502307724	DOWN	Nerve_guidance	False
SLIT2	EP_hyaline	healthy_vs_degenerated_all	-0.5635829279115567	0.9996390799405724	74.27361550171874	DOWN	Nerve_guidance	False
SLIT3	EP_hyaline	healthy_vs_degenerated_all	1.0409407271455746	0.9996390799405724	122.32621619262228	UP	Nerve_guidance	False
TAC1	EP_hyaline	healthy_vs_degenerated_all	0.261306982895496	0.9996390799405724	58.51724832755732	UP	Neuropeptides	False
TEK	EP_hyaline	healthy_vs_degenerated_all	0.2613402547982079	0.9996390799405724	1.8998300896303644	UP	Neovascularization	False
TRPV1	EP_hyaline	healthy_vs_degenerated_all	-0.2980951457719628	0.9996390799405724	50.17827395728355	DOWN	Nociception_ion_channels	False
TRPV4	EP_hyaline	healthy_vs_degenerated_all	0.9775371329148074	0.9996390799405724	400.7412720922176	UP	Nociception_ion_channels	False
UNC5B	EP_hyaline	healthy_vs_degenerated_all	0.1238263724376708	0.9996390799405724	184.032462638648	UP	Nerve_guidance	False
VEGFA	EP_hyaline	healthy_vs_degenerated_all	-1.024973061850145	0.9996390799405724	1541.7999148709198	DOWN	Neovascularization	False
VEGFB	EP_hyaline	healthy_vs_degenerated_all	-0.1649338778576674	0.9996390799405724	576.003231848879	DOWN	Neovascularization	False
