source	target	ligand_complex	receptor_complex	lr_means	cellphone_pvals	expr_prod	scaled_weight	lr_logfc	spec_weight	lrscore	specificity_rank	magnitude_rank	condition	is_pain_relevant	pain_categories
NP_stressed_degenerative	Memory B cells	CXCL8	CD79A	2.9652689	0.0	8.209085	9.346995036526117	4.286583366231142	0.060936987	0.9145187	1.228290753477566e-06	2.1622492582339166e-06	degenerated	True	pain_ligand:CXCL8
NP_stressed_degenerative	Small pre-B cells	CXCL8	CD79A	2.9261014	0.0	7.916952	9.06407142928282	4.083237896571464	0.058768444	0.9130917	1.4414994309965837e-06	3.917833603463111e-06	degenerated	True	pain_ligand:CXCL8
NP_stressed_degenerative	Naive B cells	CXCL8	CD79A	2.8198793	0.0	7.124685	8.296779397070676	4.0482021782216675	0.052887354	0.9088159	3.7607892602976174e-06	1.1129682649907025e-05	degenerated	True	pain_ligand:CXCL8
Classical monocytes	Memory B cells	CXCL8	CD79A	2.5538423	0.0	6.397785	8.987527674079852	3.0368740373635865	0.047491495	0.90425783	2.1834083964110957e-06	3.132063622516221e-05	degenerated	True	pain_ligand:CXCL8
Macrophages	Memory B cells	CXCL8	CD79A	2.541381	0.0	6.342923	8.976640081674107	2.947760473886914	0.04708425	0.9038844	5.329380663705662e-06	3.3246363520393895e-05	degenerated	True	pain_ligand:CXCL8
Classical monocytes	Small pre-B cells	CXCL8	CD79A	2.514675	0.0	6.1701097	8.704604066836552	2.833528567703908	0.04580143	0.9026778	9.8549916951706e-06	4.448568946441791e-05	degenerated	True	pain_ligand:CXCL8
Macrophages	Small pre-B cells	CXCL8	CD79A	2.5022135	0.0	6.1172	8.693716474430808	2.7444150042272355	0.045408677	0.9022988	1.8825743804265918e-05	5.152459017523318e-05	degenerated	True	pain_ligand:CXCL8
DC	Memory B cells	CXCL8	CD79A	2.4520545	0.0	5.949666	8.898595010990183	2.7114258018183373	0.044165056	0.9010679	2.6719859030243148e-05	7.378321577917458e-05	degenerated	True	pain_ligand:CXCL8
NP_stressed_degenerative	Fibroblasts	PTGS2	CAV1	2.426695	0.0	5.888668	1.2636452372398765	1.8756331905165637	0.035257235	0.90060765	0.004970174920119449	8.904741476812663e-05	degenerated	True	pain_ligand:PTGS2
DC	Small pre-B cells	CXCL8	CD79A	2.412887	0.0	5.7379375	8.615671403746886	2.5080803321586584	0.042593367	0.89944106	6.592859074119031e-05	0.00010115053448042665	degenerated	True	pain_ligand:CXCL8
Classical monocytes	Naive B cells	CXCL8	CD79A	2.4084527	0.0	5.552653	7.93731203462441	2.7984928493541124	0.04121798	0.8979469	1.432813559533981e-05	0.00010458487765911757	degenerated	True	pain_ligand:CXCL8
Macrophages	Naive B cells	CXCL8	CD79A	2.3959913	0.0	5.5050383	7.926424442218666	2.7093792858774397	0.04086453	0.8975516	2.768196370275805e-05	0.00011889421797649707	degenerated	True	pain_ligand:CXCL8
NP_stressed_degenerative	NK cells	PTGS2	CAV1	2.351584	0.0	5.5221047	1.1933853969212873	1.8942469857236042	0.033062506	0.8976939	0.005963467576966869	0.00017319644843204478	degenerated	True	pain_ligand:PTGS2
NP_stressed_degenerative	Fibroblasts	CXCL8	SDC2	2.559362	0.0	5.181594	1.648535233771064	2.522174954566119	0.0324093	0.894734	0.004264944911663773	0.00018069812762109912	degenerated	True	pain_ligand:CXCL8
Classical monocytes	Fibroblasts	PTGS2	CAV1	2.3411088	0.0	5.4755874	1.1888004946670134	1.327289870629904	0.032783996	0.8973047	0.005963467576966869	0.0001868136633734371	degenerated	True	pain_ligand:PTGS2
NP_stressed_degenerative	Endothelial cells	PTGS2	CAV1	2.3167496	0.0	5.352102	1.1608009752220034	1.9137196449821072	0.032044653	0.896249	0.005963467576966869	0.00023764755729898827	degenerated	True	pain_ligand:PTGS2
NP_stressed_degenerative	AF_inner	CXCL8	SDC2	2.5350502	0.0	5.0002623	1.6234096925813117	2.552497672028388	0.031275127	0.89304465	0.005099393866695529	0.0002393887318017153	degenerated	True	pain_ligand:CXCL8
DC	Naive B cells	CXCL8	CD79A	2.306665	0.0	5.163729	7.848379371534743	2.473044613808863	0.038330954	0.89457124	9.028569635874502e-05	0.00026443008993816885	degenerated	True	pain_ligand:CXCL8
NP_stressed_degenerative	NP_mature_chondrocyte	CXCL8	SDC2	2.5113611	0.0	4.823575	1.5989259360422787	2.470950979754719	0.03017	0.8913143	0.005963467576966869	0.0003533196353746402	degenerated	True	pain_ligand:CXCL8
Classical monocytes	NK cells	PTGS2	CAV1	2.265998	0.0	5.1347375	1.1185406543484242	1.3459036658369443	0.030743223	0.89430547	0.005963467576966869	0.0003813819944689334	degenerated	True	pain_ligand:PTGS2
Classical monocytes	Endothelial cells	PTGS2	CAV1	2.2311635	0.0	4.9766603	1.0859562326491405	1.3653763250954474	0.029796768	0.89281845	0.005963467576966869	0.000517017787852167	degenerated	True	pain_ligand:PTGS2
NP_stressed_degenerative	AF_mechanical_stress	CXCL8	SDC2	2.4754324	0.0	4.5555983	1.5617927860582033	2.3915573873064537	0.028493885	0.8885147	0.005963467576966869	0.000561436557103035	degenerated	True	pain_ligand:CXCL8
NP_stressed_degenerative	Plasma cells	CXCL8	CD79A	2.475377	0.0	4.555185	5.80828284303901	3.6683940288362775	0.03381366	0.88851017	0.0001266066334081488	0.0005667819703829714	degenerated	True	pain_ligand:CXCL8
Classical monocytes	Fibroblasts	CXCL8	SDC2	2.1479354	0.0	4.0382967	1.2890678713247978	1.2724656256985638	0.025258323	0.8824036	0.005963467576966869	0.0012242800740965394	degenerated	True	pain_ligand:CXCL8
Macrophages	Fibroblasts	CXCL8	SDC2	2.135474	0.0	4.003668	1.278180278919053	1.1833520622218912	0.025041731	0.88195604	0.005963467576966869	0.001291949072409105	degenerated	True	pain_ligand:CXCL8
Classical monocytes	AF_inner	CXCL8	SDC2	2.1236236	0.0	3.8969753	1.2639423301350456	1.3027883431608323	0.024374401	0.88054276	0.005963467576966869	0.001471165644937376	degenerated	True	pain_ligand:CXCL8
Macrophages	AF_inner	CXCL8	SDC2	2.1111622	0.0	3.8635583	1.2530547377293009	1.2136747796841596	0.024165386	0.88008904	0.005963467576966869	0.0015496104874416561	degenerated	True	pain_ligand:CXCL8
AF_mechanical_stress	AF_outer	NGF	SORCS2	0.13353685	0.01	0.017499167	0.0783263052477306	0.137075414406637	0.033070106	0.33063343	0.4612624958853618	0.001696640620207916	degenerated	True	pain_ligand:NGF
Classical monocytes	NP_mature_chondrocyte	CXCL8	SDC2	2.0999346	0.0	3.7592735	1.2394585735960129	1.2212416508871635	0.023513114	0.87863773	0.005963467576966869	0.00182088087278451	degenerated	True	pain_ligand:CXCL8
NP_stressed_degenerative	AF_outer	CXCL8	SDC2	2.366438	0.0	3.742652	1.4491449774410161	2.428187759644708	0.023409152	0.8784012	0.005963467576966869	0.001864164601881466	degenerated	True	pain_ligand:CXCL8
Macrophages	NP_mature_chondrocyte	CXCL8	SDC2	2.087473	0.0	3.7270372	1.228570981190268	1.1321280874104909	0.023311486	0.87817776	0.005963467576966869	0.0019275740750663577	degenerated	True	pain_ligand:CXCL8
DC	Fibroblasts	CXCL8	SDC2	2.0461478	0.0	3.755443	1.2001352082351302	0.9470173901533143	0.023489159	0.8785834	0.005963467576966869	0.002186465651882134	degenerated	True	pain_ligand:CXCL8
DC	AF_inner	CXCL8	SDC2	2.021836	0.0	3.62402	1.175009667045378	0.9773401076155829	0.02266715	0.8766705	0.005963467576966869	0.002585083550439215	degenerated	True	pain_ligand:CXCL8
NP_stressed_degenerative	AF_outer	PTGS2	CAV1	2.0147452	0.0	3.8782327	0.8783003528485525	1.873243978919942	0.02322015	0.88028896	0.005963467576966869	0.0026826443631963485	degenerated	True	pain_ligand:PTGS2
Classical monocytes	AF_mechanical_stress	CXCL8	SDC2	2.0640059	0.0	3.5504243	1.2023254236119372	1.1418480584388984	0.022206828	0.87555707	0.005963467576966869	0.0027233351967860114	degenerated	True	pain_ligand:CXCL8
Classical monocytes	Plasma cells	CXCL8	CD79A	2.0639505	0.0	3.5501022	5.448815480592744	2.418684699968722	0.026352815	0.8755521	0.00015727566988700165	0.002729173040895776	degenerated	True	pain_ligand:CXCL8
Macrophages	AF_mechanical_stress	CXCL8	SDC2	2.0515444	0.0	3.519979	1.1914378312061924	1.0527344949622257	0.022016402	0.87508714	0.005963467576966869	0.0028951348404629984	degenerated	True	pain_ligand:CXCL8
Macrophages	Plasma cells	CXCL8	CD79A	2.0514889	0.0	3.5196595	5.437927888187	2.3295711364920493	0.026126837	0.8750822	0.00024553291748621815	0.0029011516683827253	degenerated	True	pain_ligand:CXCL8
NP_stressed_degenerative	Plasma cells	CXCL8	SDC1	2.3347476	0.0	3.5062878	3.0515166630622637	3.3860951396675585	0.16531171	0.87487394	8.594045919916936e-06	0.0029921417427037425	degenerated	True	pain_ligand:CXCL8
DC	NP_mature_chondrocyte	CXCL8	SDC2	1.9981469	0.0	3.495963	1.1505259105063452	0.895793415341914	0.02186619	0.87471247	0.005963467576966869	0.0030597499276642146	degenerated	True	pain_ligand:CXCL8
AF_inner	AF_outer	NGF	SORCS2	0.13765152	0.0	0.018447934	0.08695211118138871	0.12923451827206822	0.034863096	0.33650196	0.4305968407406861	0.003223070113665537	degenerated	True	pain_ligand:NGF
NP_mature_chondrocyte	AF_outer	TNFSF9	PVR	0.13632752	0.32	0.01857486	0.012265424618518005	0.03774311436839255	0.005357572	0.3372678	0.7339990402676044	0.0033926414332625747	degenerated	True	pain_ligand:TNF
NP_stressed_degenerative	DC	CXCL8	SDC2	2.309431	0.0	3.3174622	1.3902269175633433	2.2158867702488108	0.020749722	0.8718124	0.005963467576966869	0.004213661091503155	degenerated	True	pain_ligand:CXCL8
DC	AF_mechanical_stress	CXCL8	SDC2	1.9622183	0.0	3.3017426	1.1133927605222698	0.8163998228936489	0.020651398	0.87154675	0.005963467576966869	0.0042790359416525255	degenerated	True	pain_ligand:CXCL8
DC	Plasma cells	CXCL8	CD79A	1.9621627	0.0	3.3014429	5.359882817503077	2.0932364644234727	0.02450699	0.8715417	0.000955153023087336	0.004293631312741286	degenerated	True	pain_ligand:CXCL8
NP_mature_chondrocyte	Endothelial cells	TNFSF9	PVR	0.13917197	0.34	0.019332126	0.01964197890401409	-0.027184947259253522	0.0055759917	0.34174806	0.7944826247353656	0.004748981712965279	degenerated	True	pain_ligand:TNF
NP_mature_chondrocyte	AF_mechanical_stress	TNFSF9	PVR	0.13921002	0.26	0.019342253	0.01974065951787214	-0.05333711251590431	0.0055789123	0.34180698	0.8833424559151806	0.004918495203455702	degenerated	True	pain_ligand:TNF
Classical monocytes	AF_outer	PTGS2	CAV1	1.929159	0.0	3.606181	0.8034556102756896	1.3249006590332821	0.021591293	0.8764035	0.005963467576966869	0.005030827488027035	degenerated	True	pain_ligand:PTGS2
NP_mature_chondrocyte	AF_outer	SEMA3B	NRP2_PLXNA3	0.14310421	0.0	0.019850101	0.08461090172027287	0.08464814267805648	0.013147872	0.34472826	0.47747107556810253	0.006443830915566878	degenerated	True	pain_receptor:NRP2
NP_mature_chondrocyte	DC	TNFSF9	TNFRSF9	0.14260536	0.04	0.020246183	0.2673299375427589	0.05122726124739002	0.0048151636	0.34696317	0.561614836669643	0.006952160869769009	degenerated	True	pain_ligand:TNF
NP_stressed_degenerative	AF_mechanical_stress	PTGS2	CAV1	1.8837149	0.0	3.2387664	0.7557331198605064	1.2974398289928772	0.019391472	0.870465	0.005963467576966869	0.006961210176149032	degenerated	True	pain_ligand:PTGS2
NP_stressed_degenerative	Macrophages	CXCL8	SDC2	2.2695024	0.0	3.0196514	1.3489600805617485	2.3548902436686543	0.018887004	0.8664641	0.005963467576966869	0.007091455469606789	degenerated	True	pain_ligand:CXCL8
Classical monocytes	AF_outer	CXCL8	SDC2	1.9550112	0.0	2.9168513	1.08967761499475	1.1784784307771528	0.01824402	0.86444753	0.005963467576966869	0.008347172170373689	degenerated	True	pain_ligand:CXCL8
Macrophages	AF_outer	CXCL8	SDC2	1.9425497	0.0	2.891839	1.0787900225890052	1.08936486730048	0.018087577	0.86394215	0.005963467576966869	0.00867415837687028	degenerated	True	pain_ligand:CXCL8
Fibroblasts	AF_mechanical_stress	PDGFC	FLT1	0.14558735	0.78	0.02104962	-0.16744174920381458	-0.3680861648491305	0.0014979297	0.35138497	1.0	0.009154259907855906	degenerated	True	pain_receptor:FLT1
Classical monocytes	Naive B cells	TNFSF13B	HLA-DPB1	1.844416	0.0	2.8215296	3.6454609286043187	2.9578056584652552	0.066841014	0.86248904	6.856632274821216e-05	0.009899902557737102	degenerated	True	pain_ligand:TNF
AF_outer	AF_outer	TNFSF9	PVR	0.14683408	0.0	0.021507073	0.034151332591451186	0.10480160596329612	0.0062033143	0.35383883	0.6331654748821723	0.010000933226705389	degenerated	True	pain_ligand:TNF
AF_outer	AF_mechanical_stress	PDGFA	PDGFRB	0.14683148	0.95	0.02154356	-0.03162189674196664	-0.06282757320244256	0.0018727452	0.3540327	1.0	0.010339558435497224	degenerated	True	pain_ligand:PDGFA
NP_mature_chondrocyte	Fibroblasts	PTGS2	CAV1	1.8254112	0.0	2.986578	0.7378257799788706	0.5754166965341525	0.017881546	0.86582565	0.01737701254057002	0.010525392686454202	degenerated	True	pain_ligand:PTGS2
Macrophages	Fibroblasts	PTGS2	CAV1	1.8140974	0.0	2.9319718	0.7279320343906521	0.6583570213788681	0.017554602	0.86475015	0.008671382429435718	0.011345274866399883	degenerated	True	pain_ligand:PTGS2
Classical monocytes	Plasma cells	CXCL8	SDC1	1.923321	0.0	2.73264	2.692049300615998	2.1363858108000033	0.12883638	0.8605797	3.152603644489458e-05	0.011380577319531864	degenerated	True	pain_ligand:CXCL8
Fibroblasts	AF_outer	TNFSF9	PVR	0.1486074	0.35	0.02200198	0.037845470395866866	0.04290161327172019	0.0063460614	0.35644397	0.7019857964235483	0.01169380046769212	degenerated	True	pain_ligand:TNF
DC	AF_outer	CXCL8	SDC2	1.8532236	0.0	2.7125468	1.0007449519050826	0.8530301952319032	0.016966159	0.8601364	0.005963467576966869	0.011796392179874085	degenerated	True	pain_ligand:CXCL8
Macrophages	Plasma cells	CXCL8	SDC1	1.9108595	0.0	2.7092073	2.6811617082102526	2.0472722473233307	0.12773159	0.8600623	3.325269034857712e-05	0.011892455468625348	degenerated	True	pain_ligand:CXCL8
Classical monocytes	AF_mechanical_stress	PTGS2	CAV1	1.7981286	0.0	3.011572	0.6808883772876434	0.7490965091062174	0.01803119	0.866309	0.005963467576966869	0.012476798388758856	degenerated	True	pain_ligand:PTGS2
AF_outer	Endothelial cells	TNFSF9	PVR	0.14967853	0.13	0.022383882	0.04152788687694727	0.039873544335650046	0.006456214	0.35842016	0.6013061504182858	0.012539995464810307	degenerated	True	pain_ligand:TNF
AF_outer	AF_mechanical_stress	TNFSF9	PVR	0.14971656	0.03	0.022395605	0.04162656749080532	0.013721379078999257	0.0064595956	0.3584804	0.6669825587303948	0.012709214874751148	degenerated	True	pain_ligand:TNF
Classical monocytes	Macrophages	TNFSF13B	HLA-DPB1	1.7949318	0.0	2.7143848	3.5571487486838222	2.878051002734738	0.064302795	0.86017716	8.734075306580604e-05	0.012848936242198974	degenerated	True	pain_ligand:TNF
NP_stressed_degenerative	NP_mature_chondrocyte	PTGS2	CAV1	1.7935991	0.0	2.798975	0.6714378710976341	1.2029700893387325	0.016758308	0.86201245	0.005963467576966869	0.012911476875637245	degenerated	True	pain_ligand:PTGS2
AF_mechanical_stress	NK cells	VEGFA	ITGB1	1.7860011	0.0	3.0049913	0.6478382293716132	0.628525215288259	0.013727453	0.8661823	0.011148633500620305	0.013712131250708273	degenerated	True	pain_ligand:VEGFA
AF_inner	AF_mechanical_stress	PIGF	FLT1	0.15135434	1.0	0.02258943	-0.0923313116269957	-0.17836642388518772	0.0035749516	0.3594719	1.0	0.014231904108049068	degenerated	True	pain_receptor:FLT1
Classical monocytes	DC	CXCL8	SDC2	1.8980045	0.0	2.5854778	1.0307595551170772	0.9661774413812555	0.01617138	0.8572255	0.005963467576966869	0.014856238248828948	degenerated	True	pain_ligand:CXCL8
NP_mature_chondrocyte	AF_inner	SEMA3B	NRP2_PLXNA3	0.15163094	0.0	0.022718122	0.10688635469570233	0.11176368729819591	0.01504753	0.36012617	0.4153812355919331	0.015415859579602143	degenerated	True	pain_receptor:NRP2
Macrophages	DC	CXCL8	SDC2	1.885543	0.0	2.563307	1.0198719627113324	0.8770638779045828	0.01603271	0.8566977	0.005963467576966869	0.015424481751832055	degenerated	True	pain_ligand:CXCL8
AF_mechanical_stress	Macrophages	VEGFA	CD44	1.7676662	0.0	2.9552634	0.7894194454119132	0.831608072446981	0.010234529	0.8652122	0.03324051610374476	0.015547592962281486	degenerated	True	pain_ligand:VEGFA
AF_inner	AF_outer	SEMA3C	NRP2_PLXNA3	0.15538062	1.0	0.02274807	-0.16003121874585458	-0.3415180867838372	0.004437149	0.36027795	1.0	0.01558497141635445	degenerated	True	pain_receptor:NRP2
DC	Plasma cells	CXCL8	SDC1	1.8215333	0.0	2.541238	2.60311663752633	1.8109375752547539	0.11981231	0.85616606	4.899735734193556e-05	0.01607263279157132	degenerated	True	pain_ligand:CXCL8
AF_inner	NK cells	VEGFA	ITGB1	1.7625163	0.0	2.9009113	0.6249336389785622	0.7006903827863715	0.013251992	0.86412615	0.010701736170251504	0.016128390222099123	degenerated	True	pain_ligand:VEGFA
NP_mature_chondrocyte	NK cells	VEGFA	ITGB1	1.7564896	0.0	2.8742027	0.6190569503475116	0.6561936523061758	0.013129982	0.86358225	0.011222003661206948	0.01674791221181937	degenerated	True	pain_ligand:VEGFA
Fibroblasts	Endothelial cells	TNFSF9	PVR	0.15145186	0.35	0.022898966	0.04522202468136295	-0.022026448355925876	0.0066047804	0.36104017	0.7767710383237942	0.016768569146716227	degenerated	True	pain_ligand:TNF
AF_mechanical_stress	Fibroblasts	PTGS2	CAV1	1.7557245	0.0	2.6502361	0.6768851726242952	0.4124775903344835	0.015867764	0.8587327	0.06107171865065062	0.01683326788829407	degenerated	True	pain_ligand:PTGS2
Fibroblasts	AF_mechanical_stress	TNFSF9	PVR	0.15148988	0.33	0.02291096	0.045320705295221	-0.048178613612576665	0.00660824	0.36110058	0.8679910485171016	0.016937628837384137	degenerated	True	pain_ligand:TNF
NP_stressed_degenerative	Fibroblasts	CXCL8	ADRA2A	2.2008238	0.0	2.507406	3.9836259878551044	3.0111308315848975	0.1628277	0.8553389	1.5526589009712014e-06	0.01723437687163182	degenerated	True	pain_ligand:CXCL8
NP_mature_chondrocyte	NK cells	PTGS2	CAV1	1.7503002	0.0	2.8006666	0.6675659396602814	0.5940304917411929	0.016768437	0.8620483	0.014998292892928096	0.01729205266886273	degenerated	True	pain_ligand:PTGS2
NP_stressed_degenerative	AF_inner	PTGS2	CAV1	1.7470186	0.0	2.5716484	0.6278656516259357	1.1761637587516454	0.015397236	0.856897	0.005963467576966869	0.017727581858792092	degenerated	True	pain_ligand:PTGS2
DC	NP_mature_chondrocyte	SLIT3	ROBO1	0.15531155	0.01	0.02305922	0.2886531947138425	0.19654147898535002	0.006139986	0.36184496	0.2573964588427072	0.01795185494163885	degenerated	True	pain_receptor:ROBO1
AF_inner	Macrophages	VEGFA	CD44	1.7441814	0.0	2.8529055	0.7665148550188624	0.9037732399450935	0.009880049	0.8631435	0.038639591885733	0.01807977908098964	degenerated	True	pain_ligand:VEGFA
NP_stressed_degenerative	NK cells	CXCL8	SDC2	2.195701	0.0	2.4691963	1.2726847083538437	2.1404576386971574	0.015444075	0.8543862	0.005963467576966869	0.01833128126935225	degenerated	True	pain_ligand:CXCL8
Macrophages	NK cells	PTGS2	CAV1	1.7389863	0.0	2.7494595	0.6576721940720629	0.6769708165859085	0.016461844	0.86094743	0.007464078069905867	0.01868920014252038	degenerated	True	pain_ligand:PTGS2
NP_mature_chondrocyte	Macrophages	VEGFA	CD44	1.7381548	0.0	2.8266392	0.7606381663878117	0.8592765094648978	0.009789084	0.86259633	0.04007202039934062	0.018824281098769855	degenerated	True	pain_ligand:VEGFA
AF_outer	DC	TNFSF9	TNFRSF9	0.15311192	0.03	0.023442231	0.2892158455156921	0.11828575284229359	0.005575282	0.3637491	0.40170148002083783	0.01896585113200882	degenerated	True	pain_ligand:TNF
NP_notochordal	Memory B cells	CXCL8	CD79A	1.7260004	0.0	2.7532208	8.264235975484143	2.2190650210009535	0.020437475	0.86102927	0.0004684209790388929	0.02024763200428563	degenerated	True	pain_ligand:CXCL8
Classical monocytes	DC	TNFSF13B	HLA-DPB1	1.7226449	0.0	2.557867	3.4281421853314438	2.731095370050171	0.06059495	0.8565672	0.00013194396144726914	0.020638787982064442	degenerated	True	pain_ligand:TNF
DC	DC	CXCL8	SDC2	1.7962168	0.0	2.4043837	0.9418268920274097	0.640729205836006	0.015038691	0.85272384	0.010117860335734434	0.02079626265633346	degenerated	True	pain_ligand:CXCL8
NP_mature_chondrocyte	Endothelial cells	PTGS2	CAV1	1.7154657	0.0	2.7144458	0.6349815179609977	0.613503150999696	0.016252207	0.8601785	0.012738586701040288	0.021367949213510894	degenerated	True	pain_ligand:PTGS2
Fibroblasts	DC	TNFSF9	TNFRSF9	0.15488525	0.19	0.02398167	0.2929099833201078	0.05638576015071767	0.0057035773	0.3663858	0.5483785603105723	0.021499832777544418	degenerated	True	pain_ligand:TNF
Classical monocytes	NP_mature_chondrocyte	PTGS2	CAV1	1.7080128	0.0	2.6026313	0.5965931285247711	0.6546267694520727	0.015582738	0.85762966	0.008966029818084848	0.022484553576830674	degenerated	True	pain_ligand:PTGS2
Classical monocytes	Macrophages	CXCL8	SDC2	1.858076	0.0	2.353378	0.9894927181154825	1.105180914801099	0.014719666	0.8513723	0.006570129268520144	0.022615786933253307	degenerated	True	pain_ligand:CXCL8
Macrophages	Endothelial cells	PTGS2	CAV1	1.7041519	0.0	2.6648152	0.6250877723727791	0.6964434758444116	0.015955053	0.8590651	0.0062583151345908935	0.023094590349057073	degenerated	True	pain_ligand:PTGS2
Macrophages	Macrophages	CXCL8	SDC2	1.8456144	0.0	2.3331976	0.9786051257097377	1.0160673513244263	0.014593443	0.8508266	0.006834950354266935	0.02339420743096607	degenerated	True	pain_ligand:CXCL8
DC	AF_outer	TNFSF9	PVR	0.15772595	0.27	0.024546823	0.056840177781203816	0.09730723879112312	0.007080073	0.36909366	0.5808333094336244	0.025044997374550817	degenerated	True	pain_ligand:TNF
NP_mature_chondrocyte	NP_mature_chondrocyte	SEMA3B	NRP2_PLXNA3	0.15707257	0.0	0.024548452	0.1211021332856834	0.1186515861665243	0.016259862	0.3691014	0.4007873462063546	0.025213744234111744	degenerated	True	pain_receptor:NRP2
NP_notochordal	Small pre-B cells	CXCL8	CD79A	1.686833	0.0	2.6552432	7.981312368240844	2.0157195513412756	0.019710174	0.85884714	0.001503406440131818	0.02556089705132062	degenerated	True	pain_ligand:CXCL8
AF_outer	AF_outer	CXCL8	SDC3	0.1651628	1.0	0.024772663	-0.06054300168476202	-1.0945940273866828	0.0010664165	0.3701606	1.0	0.026226091388774533	degenerated	True	pain_ligand:CXCL8
AF_mechanical_stress	NK cells	PTGS2	CAV1	1.6806135	0.0	2.4852617	0.6066253323057059	0.43109138554152393	0.014880011	0.8547892	0.05337948881702517	0.026456903255669358	degenerated	True	pain_ligand:PTGS2
AF_inner	Fibroblasts	PTGS2	CAV1	1.6763741	0.0	2.267252	0.6074937590903895	0.3564680469569528	0.013574721	0.848998	0.0911312692444435	0.0270624691012624	degenerated	True	pain_ligand:PTGS2
NP_mature_chondrocyte	Macrophages	FGF2	CD44	1.6704772	0.0	2.5316694	0.7973416770596994	0.9231757097042896	0.024328684	0.8559336	0.005963467576966869	0.028128894109422976	degenerated	True	pain_ligand:FGF2
DC	Fibroblasts	GRN	TNFRSF1A	1.6781663	0.0	2.233114	1.041863712365946	0.974000298824169	0.025517207	0.84802294	0.005963467576966869	0.028256727165699765	degenerated	True	pain_receptor:TNFRSF1A
NP_stressed_degenerative	DC	CXCL8	SDC3	2.1637807	0.0	2.2311153	2.2227422594939785	2.8986943246201977	0.09604532	0.8479652	0.0001872140093337786	0.02840316836188617	degenerated	True	pain_ligand:CXCL8
Fibroblasts	AF_outer	TNFSF13B	CD40	0.16102576	0.14	0.025037352	0.18437833434665812	0.06441213992834227	0.0020779418	0.37140042	1.0	0.029093165178156372	degenerated	True	pain_ligand:TNF
AF_mechanical_stress	Fibroblasts	NGF	TRPV1	0.15839928	0.04	0.025046557	0.5622143895850642	0.1566485179736395	0.04596513	0.37144333	0.32405276888828055	0.02943034836538435	degenerated	True	pain_ligand:NGF
AF_mechanical_stress	AF_outer	SEMA3B	NRP2_PLXNA3	0.1653798	0.0	0.02510848	0.14252636642353914	0.13663411796083882	0.0166308	0.3717316	0.3640314303329209	0.02993607218667576	degenerated	True	pain_receptor:NRP2
Classical monocytes	AF_inner	PTGS2	CAV1	1.6614323	0.0	2.3912513	0.5530209090530727	0.6278204388649855	0.014317143	0.85237956	0.01123304033979265	0.030037888369708915	degenerated	True	pain_ligand:PTGS2
DC	Macrophages	CXCL8	SDC2	1.7562883	0.0	2.1885407	0.9005600550258148	0.7797326792558494	0.013688658	0.8467191	0.009338414514025747	0.03068120221026128	degenerated	True	pain_ligand:CXCL8
Macrophages	NK cells	VEGFA	ITGB1	1.6521399	0.0	2.411747	0.5172885772160642	0.5818462388704593	0.011017384	0.8529157	0.024632099885199165	0.03154266390008538	degenerated	True	pain_ligand:VEGFA
NP_mature_chondrocyte	AF_mechanical_stress	SEMA3B	NRP2_PLXNA3	0.15970814	0.0	0.025434945	0.12798745129570263	0.11437226247564297	0.016847039	0.37324136	0.40988993736210433	0.032463834501946634	degenerated	True	pain_receptor:NRP2
Endothelial cells	NP_mature_chondrocyte	SLIT3	ROBO1	0.16504373	0.0	0.025447806	0.3265916409484813	0.29337013734762973	0.0067759966	0.3733005	0.15521331665798477	0.032632300698840946	degenerated	True	pain_receptor:ROBO1
AF_mechanical_stress	Endothelial cells	PTGS2	CAV1	1.645779	0.0	2.4087508	0.5740409106064222	0.450564044800027	0.014421918	0.85283774	0.04636322107469709	0.03274822529960973	degenerated	True	pain_ligand:PTGS2
AF_mechanical_stress	AF_inner	NGF	SORT1	0.16001937	1.0	0.02553836	-0.05212332614774517	-0.16626627379202874	0.004236008	0.37371612	1.0	0.033306101727892876	degenerated	True	pain_ligand:NGF
DC	Endothelial cells	TNFSF9	PVR	0.1605704	0.3	0.025547557	0.06421673206669991	0.032379177163477046	0.0073687164	0.37375823	0.6273762327252121	0.03347453604612781	degenerated	True	pain_ligand:TNF
DC	AF_mechanical_stress	TNFSF9	PVR	0.16060844	0.29	0.025560938	0.06431541268055796	0.0062270119068262575	0.0073725763	0.37381953	0.6902678460436373	0.03381138555660863	degenerated	True	pain_ligand:TNF
AF_mechanical_stress	Fibroblasts	VEGFA	ITGB1	1.6365614	0.0	2.599679	0.5060382763928364	0.4040466113290888	0.011875898	0.85756034	0.06468724182349894	0.03453659759158735	degenerated	True	pain_ligand:VEGFA
Macrophages	Macrophages	VEGFA	CD44	1.633805	0.0	2.3718362	0.6588697932563644	0.7849290960291813	0.008214032	0.85186595	0.07817498388618385	0.035041406754934314	degenerated	True	pain_ligand:VEGFA
AF_inner	AF_inner	SEMA3C	NRP2_PLXNA3	0.16390735	1.0	0.026034802	-0.13775576577042511	-0.3144025421636978	0.005078246	0.37597188	1.0	0.03616862232682691	degenerated	True	pain_receptor:NRP2
Macrophages	AF_outer	TNFSF9	PVR	0.16372675	0.19	0.026221553	0.06934038683383434	0.14355646585733456	0.007563118	0.37681073	0.49385173290401635	0.03734677016374872	degenerated	True	pain_ligand:TNF
DC	AF_outer	SLIT3	ROBO1	0.1641304	0.01	0.026373465	0.3111691131200121	0.2692003697361567	0.007022472	0.37748918	0.16275860998137975	0.03818811730803316	degenerated	True	pain_receptor:ROBO1
AF_inner	Fibroblasts	NGF	TRPV1	0.16251396	0.04	0.026404528	0.5708401955187223	0.1488076218390707	0.04845726	0.37762755	0.3394368003503434	0.03869284663608284	degenerated	True	pain_ligand:NGF
AF_inner	Fibroblasts	VEGFA	ITGB1	1.6130766	0.0	2.509637	0.4831336859997855	0.47621177882720134	0.011464567	0.8553939	0.03812166080628246	0.039440652727719475	degenerated	True	pain_ligand:VEGFA
DC	AF_mechanical_stress	PDGFA	PDGFRB	0.16478421	0.46	0.026672343	0.006399671590241331	-0.028583395865999867	0.0023185816	0.37881416	1.0	0.04020669056527122	degenerated	True	pain_ligand:PDGFA
Endothelial cells	AF_outer	CXCL8	SDC3	0.17372495	0.98	0.026743704	-0.053062277858637576	-0.6992725164821364	0.0011512662	0.37912858	1.0	0.04071119468715646	degenerated	True	pain_ligand:CXCL8
NP_mature_chondrocyte	Fibroblasts	VEGFA	ITGB1	1.60705	0.0	2.4865313	0.47725699736873484	0.4317150483470056	0.011359014	0.85482085	0.0531902210096628	0.04080201795967363	degenerated	True	pain_ligand:VEGFA
DC	DC	TNFSF9	TNFRSF9	0.16400379	0.12	0.02675549	0.31190469070544474	0.11079138567012059	0.0063632764	0.37918043	0.4178148064449914	0.041047496148356316	degenerated	True	pain_ligand:TNF
AF_mechanical_stress	DC	VEGFA	CD44	1.6047481	0.0	2.5133944	0.6288836058789875	0.5511855007258497	0.008704269	0.8554864	0.06251256525842841	0.041414109100512644	degenerated	True	pain_ligand:VEGFA
AF_inner	NK cells	PTGS2	CAV1	1.601263	0.0	2.1261177	0.5372339187718003	0.3750818421639932	0.012729708	0.8448318	0.08035783274931209	0.042141034271402436	degenerated	True	pain_ligand:PTGS2
AF_inner	AF_inner	NGF	SORT1	0.16413404	1.0	0.026922995	-0.04349752021408706	-0.17410716992659753	0.004465675	0.3799153	1.0	0.04256053742564915	degenerated	True	pain_ligand:NGF
Endothelial cells	AF_mechanical_stress	PIGF	FLT1	0.16795124	0.92	0.027020868	-0.05854475355820424	-0.10330086837199046	0.004276261	0.3803428	1.0	0.04340089299750191	degenerated	True	pain_receptor:FLT1
Macrophages	Endothelial cells	TNFSF9	PVR	0.1665712	0.19	0.027290562	0.07671694111933043	0.07862840422968848	0.007871455	0.38151383	0.492094701795698	0.04407306697554576	degenerated	True	pain_ligand:TNF
Macrophages	AF_mechanical_stress	TNFSF9	PVR	0.16660924	0.21	0.027304858	0.07681562173318848	0.05247623897303769	0.007875578	0.38157564	0.5581630040078971	0.04440911368225805	degenerated	True	pain_ligand:TNF
Classical monocytes	Fibroblasts	CXCL8	ADRA2A	1.7893974	0.0	1.9541574	3.624158625408838	1.7614215027173419	0.12690045	0.8392231	6.692184727881714e-05	0.0452686416660177	degenerated	True	pain_ligand:CXCL8
Macrophages	Fibroblasts	CXCL8	ADRA2A	1.7769358	0.0	1.9374002	3.6132710330030933	1.6723079392406692	0.12581226	0.8386412	0.00014129645063987336	0.046535392680128386	degenerated	True	pain_ligand:CXCL8
NP_mature_chondrocyte	DC	TNFSF9	PVR	0.17034473	0.26	0.027631119	0.10048158514936725	0.07174839097795357	0.007969681	0.38297808	0.565885135056991	0.04659279648513329	degenerated	True	pain_ligand:TNF
NP_mature_chondrocyte	Macrophages	SEMA3B	NRP2_PLXNA1	0.16661069	0.0	0.027756663	0.221523644831574	0.1770588287494328	0.041942008	0.38351384	0.28863534526299933	0.04726448657793796	degenerated	True	pain_receptor:NRP2
AF_inner	DC	VEGFA	CD44	1.5812633	0.0	2.426341	0.6059790154859366	0.6233506682239622	0.008402791	0.8532937	0.07164121531527974	0.04746702796880344	degenerated	True	pain_ligand:VEGFA
NP_notochordal	Naive B cells	CXCL8	CD79A	1.5806109	0.0	2.389527	7.214020336028701	1.9806838329914795	0.017737733	0.8523342	0.0019181597728855678	0.047654406665022894	degenerated	True	pain_ligand:CXCL8
Classical monocytes	NK cells	CXCL8	SDC2	1.7842743	0.0	1.9243784	0.9132173459075776	0.890748309829602	0.012036404	0.8381844	0.016653489217635455	0.04786561720751011	degenerated	True	pain_ligand:CXCL8
NP_mature_chondrocyte	DC	VEGFA	CD44	1.5752367	0.0	2.404002	0.600102326854886	0.5788539377437665	0.008325427	0.8527139	0.07406406765835896	0.0489995226683281	degenerated	True	pain_ligand:VEGFA
Macrophages	NK cells	CXCL8	SDC2	1.7718129	0.0	1.9078766	0.9023297535018329	0.8016347463529293	0.01193319	0.8375995	0.017366805029256707	0.049047036899226765	degenerated	True	pain_ligand:CXCL8
AF_inner	NP_mature_chondrocyte	SEMA3C	NRP2_PLXNA3	0.16934897	1.0	0.028132346	-0.12353998718044404	-0.30751464329536937	0.0054873847	0.38510436	1.0	0.0497824060002251	degenerated	True	pain_receptor:NRP2
DC	NK cells	VEGFA	ITGB1	1.5680966	0.0	2.0392845	0.43532429651147536	0.3060449678701017	0.009315894	0.842079	0.126828621561713	0.050651429027623845	degenerated	True	pain_ligand:VEGFA
AF_inner	Endothelial cells	PTGS2	CAV1	1.5664285	0.0	2.0606635	0.5046494970725165	0.39455450142249626	0.012337814	0.8427712	0.06965353581683648	0.05103816261731256	degenerated	True	pain_ligand:PTGS2
AF_inner	Macrophages	FGF2	CD44	1.5654268	0.0	2.0738127	0.6814290945882358	0.8255228454122702	0.019928804	0.84319216	0.005963467576966869	0.051329119280796365	degenerated	True	pain_ligand:FGF2
Macrophages	DC	TNFSF9	TNFRSF9	0.1700046	0.09	0.02858091	0.3244048997580753	0.15704061273633202	0.006797417	0.386979	0.323183243703765	0.05330508615251447	degenerated	True	pain_ligand:TNF
Fibroblasts	Endothelial cells	TNFSF13B	TFRC	0.17047015	1.0	0.028643051	-0.05930901655750484	-0.449888836531109	0.000971292	0.38723668	1.0	0.053640432782025516	degenerated	True	pain_ligand:TNF
NP_mature_chondrocyte	AF_mechanical_stress	PIGF	FLT1	0.17420396	0.99	0.028690372	-0.04581600782940892	-0.15211168601438177	0.004540473	0.38743255	1.0	0.0539757539679732	degenerated	True	pain_receptor:FLT1
AF_mechanical_stress	AF_inner	SEMA3B	NRP2_PLXNA3	0.17390653	0.0	0.028736254	0.1648018193989686	0.16374966258097826	0.019033685	0.38762215	0.31145941140311467	0.054311049711322765	degenerated	True	pain_receptor:NRP2
DC	Fibroblasts	PTGS2	CAV1	1.5887982	0.02	1.8445679	0.5309092376759593	0.18029505284807068	0.011043985	0.83529127	0.28325515426193915	0.054781066974527545	degenerated	True	pain_ligand:PTGS2
DC	Macrophages	VEGFA	CD44	1.5497618	0.0	2.0055373	0.5769055125517755	0.5091278250288237	0.006945483	0.8409663	0.14243982866109256	0.055938297511152396	degenerated	True	pain_ligand:VEGFA
AF_mechanical_stress	Fibroblasts	NGF	SORCS2	0.1713371	0.14	0.028974041	0.20627570692498315	0.12162024468295277	0.05475544	0.38860068	0.3919824898430494	0.056154725694928645	degenerated	True	pain_ligand:NGF
Endothelial cells	AF_outer	SLIT3	ROBO1	0.17386258	0.0	0.029105358	0.34910755935465093	0.36602902809843635	0.007749894	0.38913798	0.09724103319072797	0.05749509464534315	degenerated	True	pain_receptor:ROBO1
DC	Fibroblasts	CXCL8	ADRA2A	1.6876097	0.0	1.8172826	3.5352259623191706	1.4359732671720926	0.11801198	0.83426356	0.0007470240707765505	0.0575415971272093	degenerated	True	pain_ligand:CXCL8
AF_inner	AF_mechanical_stress	SEMA3C	NRP2_PLXNA3	0.17198455	1.0	0.02914826	-0.1166546691704248	-0.3117939669862507	0.005685545	0.3893131	1.0	0.05783012329937667	degenerated	True	pain_receptor:NRP2
DC	AF_mechanical_stress	GRN	TNFRSF1A	1.5915767	0.0	1.8102461	0.9361571543844505	0.8541123204878649	0.020685205	0.83399516	0.005963467576966869	0.05831254069720903	degenerated	True	pain_receptor:TNFRSF1A
AF_mechanical_stress	Endothelial cells	VEGFA	ITGB1	1.5375559	0.0	2.3311548	0.41209421374185956	0.4206428235787911	0.010649221	0.850771	0.05778570921997164	0.059842739216214885	degenerated	True	pain_ligand:VEGFA
AF_mechanical_stress	AF_mechanical_stress	NGF	SORT1	0.17298844	0.92	0.029475333	-0.029754418926122805	-0.13758881303722248	0.0048890277	0.39064035	1.0	0.06050944121322413	degenerated	True	pain_ligand:NGF
DC	NK cells	CXCL8	SDC2	1.6824868	0.0	1.7895894	0.82428468281791	0.5653000742843525	0.01119334	0.8331992	0.02311654173340404	0.06065416797801365	degenerated	True	pain_ligand:CXCL8
AF_mechanical_stress	Tcm/Naive helper T cells	VEGFA	CD44	1.5351241	0.0	2.3245587	0.5602775783080636	0.7352423093058436	0.008050303	0.85059106	0.08412486987826383	0.06089070055659644	degenerated	True	pain_ligand:VEGFA
AF_mechanical_stress	Macrophages	NGF	BEX3	0.1740171	1.0	0.029787594	-0.5125931911971521	-0.9120272310699576	0.0020012672	0.39189535	1.0	0.06352172844965195	degenerated	True	pain_ligand:NGF
NP_mature_chondrocyte	NP_mature_chondrocyte	ADAM10	IL6R	0.1759403	1.0	0.0297959	-0.12983938625575628	-0.4823160185646385	0.00055582286	0.39192858	1.0	0.06368901714354612	degenerated	True	pain_receptor:IL6R
AF_mechanical_stress	AF_outer	VEGFA	ITGB1	1.5239964	0.0	2.2943783	0.3992276300069284	0.6579089957689104	0.010481218	0.84975874	0.030296345665523035	0.0647336995923137	degenerated	True	pain_ligand:VEGFA
Endothelial cells	Fibroblasts	VEGFA	ITGB3	0.17367339	1.0	0.029906427	0.2610341896888909	-0.5483560699139205	0.003971568	0.39236984	1.0	0.06477624085420176	degenerated	True	pain_ligand:VEGFA
Endothelial cells	Fibroblasts	VEGFA	TYRO3	0.17367339	1.0	0.029906427	-0.04745794386649521	-0.5888850371854812	0.0044984315	0.39236984	1.0	0.06477624085420176	degenerated	True	pain_ligand:VEGFA
DC	Endothelial cells	GRN	TNFRSF1A	1.5800438	0.0	1.7539241	0.9220779496797412	0.994663398886861	0.02004163	0.83179563	0.005963467576966869	0.06497752764854108	degenerated	True	pain_receptor:TNFRSF1A
AF_mechanical_stress	Fibroblasts	NGF	KIDINS220	0.17454728	0.82	0.02994854	-0.14865341948189995	-0.3482911666289132	0.002189969	0.39253762	1.0	0.06536155878142984	degenerated	True	pain_ligand:NGF
Classical monocytes	DC	CXCL8	SDC3	1.752354	0.0	1.738829	1.8632748970477127	1.6489849957526426	0.07485332	0.8311901	0.0004991130268839796	0.06730143675688675	degenerated	True	pain_ligand:CXCL8
AF_inner	Endothelial cells	VEGFA	ITGB1	1.5140711	0.0	2.2504137	0.3891896233488087	0.49280799107690365	0.010280377	0.8485195	0.03351537592672791	0.06799217209276177	degenerated	True	pain_ligand:VEGFA
DC	NK cells	PTGS2	CAV1	1.5136871	0.0	1.7297454	0.4606493973573702	0.1989088480551111	0.010356507	0.83082235	0.2540976533477665	0.06818616900354692	degenerated	True	pain_ligand:PTGS2
Macrophages	DC	CXCL8	SDC3	1.7398925	0.0	1.7239183	1.8523873046419679	1.55987143227597	0.07421144	0.83058506	0.0005160665075747477	0.0686583737172092	degenerated	True	pain_ligand:CXCL8
AF_inner	Tcm/Naive helper T cells	VEGFA	CD44	1.5116391	0.0	2.244046	0.5373729879150126	0.8074074768039561	0.007771475	0.84833735	0.09629724442991991	0.0689368488772876	degenerated	True	pain_ligand:VEGFA
NP_mature_chondrocyte	Endothelial cells	VEGFA	ITGB1	1.5080445	0.0	2.2296941	0.383312934717758	0.4483112605967079	0.010185727	0.8479241	0.04724329008613052	0.0699436863507699	degenerated	True	pain_ligand:VEGFA
NP_mature_chondrocyte	DC	FGF2	CD44	1.5075591	0.0	2.153136	0.6368058375267736	0.6427531379831584	0.020691076	0.8456577	0.00999254753835794	0.07018240606616113	degenerated	True	pain_ligand:FGF2
NP_mature_chondrocyte	AF_mechanical_stress	TNFSF9	HLA-DPA1	0.1809106	0.0	0.03044403	0.0913903322599002	-0.009266076039692456	0.0006321722	0.39449573	1.0	0.0705423927345721	degenerated	True	pain_ligand:TNF
NP_mature_chondrocyte	Tcm/Naive helper T cells	VEGFA	CD44	1.5056126	0.0	2.2233853	0.531496299283962	0.7629107463237603	0.0076999236	0.84774137	0.09924367001420334	0.07090083319830959	degenerated	True	pain_ligand:VEGFA
AF_inner	Fibroblasts	NGF	SORCS2	0.17545179	0.13	0.03054495	0.21490151285864129	0.11377934854838398	0.057724163	0.39489108	0.35188717079968995	0.07121044242000234	degenerated	True	pain_ligand:NGF
Macrophages	Fibroblasts	VEGFA	ITGB1	1.5027003	0.03	2.0864513	0.37548862423728746	0.3573676349112891	0.009531362	0.8435934	0.1760704091790426	0.07214845009087639	degenerated	True	pain_ligand:VEGFA
DC	NP_stressed_degenerative	GRN	TNFRSF1A	1.5681362	0.0	1.6957724	0.9075415494026058	1.4521574834184778	0.019377144	0.8294237	0.005963467576966869	0.07254754302556655	degenerated	True	pain_receptor:TNFRSF1A
AF_inner	AF_outer	VEGFA	ITGB1	1.5005114	0.0	2.2149107	0.3763230396138776	0.7300741632670229	0.010118193	0.8474947	0.03561841168174084	0.07314808669583923	degenerated	True	pain_ligand:VEGFA
AF_mechanical_stress	NP_mature_chondrocyte	SEMA3B	NRP2_PLXNA3	0.17934817	0.0	0.031051444	0.17901759798894967	0.17063756144930664	0.02056717	0.39685765	0.299064146304439	0.07388163376719412	degenerated	True	pain_receptor:NRP2
AF_inner	AF_mechanical_stress	NGF	SORT1	0.17710313	0.86	0.031073421	-0.021128612992464692	-0.14542970917179127	0.0051541002	0.39694235	1.0	0.07421541741112583	degenerated	True	pain_ligand:NGF
Fibroblasts	Fibroblasts	PDGFC	FLT1	0.17749213	0.6	0.031110646	-0.10918124704709957	-0.30829249544878073	0.0022138907	0.39708564	1.0	0.07488290854735678	degenerated	True	pain_receptor:FLT1
NP_mature_chondrocyte	AF_outer	VEGFA	ITGB1	1.4944849	0.0	2.1945183	0.37044635098282686	0.6855774327868271	0.010025036	0.846896	0.03739081317739251	0.07522453845017957	degenerated	True	pain_ligand:VEGFA
AF_outer	Endothelial cells	PDGFA	PDGFRB	0.17913643	0.19	0.031288132	0.0334918664671505	0.1275971025598262	0.0027198242	0.39776683	1.0	0.07621758624031641	degenerated	True	pain_ligand:PDGFA
AF_inner	Macrophages	NGF	BEX3	0.17813176	1.0	0.031402614	-0.5039673852634939	-0.9198681272045264	0.0021097714	0.39820436	1.0	0.07721832803337758	degenerated	True	pain_ligand:NGF
AF_mechanical_stress	AF_outer	NGF	SORT1	0.17953414	0.87	0.031462383	-0.018464583918566355	-0.1509371254542795	0.0052186158	0.3984322	1.0	0.07755185787875399	degenerated	True	pain_ligand:NGF
AF_inner	Fibroblasts	NGF	KIDINS220	0.17866194	0.81	0.031572286	-0.14002761354824184	-0.35613206276348197	0.0023087044	0.39885017	1.0	0.07905243230387134	degenerated	True	pain_ligand:NGF
Classical monocytes	NK cells	VEGFA	ITGB1	1.4806781	0.01	1.651864	0.35006832569206153	0.6518447208742288	0.0075460733	0.8275599	0.11458311243323929	0.08083302058422458	degenerated	True	pain_ligand:VEGFA
NP_mature_chondrocyte	NK cells	TNFSF9	HLA-DPA1	0.18578795	0.16	0.031742502	0.10255888548031525	0.05173989300489362	0.0006591351	0.39949495	1.0	0.08088576912228337	degenerated	True	pain_ligand:TNF
NP_mature_chondrocyte	AF_mechanical_stress	PDGFA	PDGFRB	0.18259993	0.01	0.031761985	0.044131323310293215	0.007285786420665963	0.0027610157	0.39956856	1.0	0.08121901990011107	degenerated	True	pain_ligand:PDGFA
AF_inner	Macrophages	SEMA3C	NRP2_PLXNA1	0.1788871	1.0	0.03180893	-0.023118475634553437	-0.2491074007124609	0.014154605	0.39974576	1.0	0.08155224531401022	degenerated	True	pain_receptor:NRP2
DC	Endothelial cells	PTGS2	CAV1	1.4788526	0.0	1.6764938	0.42806497565808643	0.21838150731361416	0.010037675	0.82861334	0.22487349218315578	0.08170542836664618	degenerated	True	pain_ligand:PTGS2
DC	DC	CXCL8	SDC3	1.6505663	0.0	1.6170365	1.774342233958045	1.3235367602073929	0.06961038	0.8260341	0.001865852362305137	0.08288547913114142	degenerated	True	pain_ligand:CXCL8
AF_outer	DC	TNFSF9	PVR	0.18085128	0.24	0.031992946	0.12236749312230043	0.13880688257285714	0.009227769	0.400438	0.5377712525974897	0.08421714386390039	degenerated	True	pain_ligand:TNF
Macrophages	DC	VEGFA	CD44	1.470887	0.0	2.017201	0.4983339537234385	0.50450652430805	0.0069858753	0.84135365	0.1397633051877652	0.08450162943547249	degenerated	True	pain_ligand:VEGFA
AF_mechanical_stress	Tem/Effector helper T cells	VEGFA	CD44	1.4708271	0.0	2.150172	0.49692106232006605	0.5903767085151659	0.0074463743	0.8455678	0.1121233154969891	0.0845629055798396	degenerated	True	pain_ligand:VEGFA
AF_mechanical_stress	AF_mechanical_stress	SEMA3B	NRP2_PLXNA3	0.18198374	0.0	0.032172773	0.1859029159989689	0.16635823775842531	0.021309892	0.40111107	0.306948305506983	0.08504958516695324	degenerated	True	pain_receptor:NRP2
Plasma cells	Memory B cells	CXCL8	CD79A	1.4645543	0.0	1.6022073	8.035808247373817	1.6343940950833793	0.011893369	0.8253712	0.007837962790211317	0.08715464044551602	degenerated	True	pain_ligand:CXCL8
AF_mechanical_stress	Macrophages	FGF2	CD44	1.4634256	0.0	1.629246	0.5688826178690312	0.580293235195074	0.015656633	0.8265739	0.01684716849778703	0.08755895837800694	degenerated	True	pain_ligand:FGF2
Classical monocytes	Macrophages	VEGFA	CD44	1.4623432	0.0	1.6245283	0.49164954173236164	0.8549275780329508	0.0056259898	0.826366	0.17976507965077587	0.08796413678743761	degenerated	True	pain_ligand:VEGFA
AF_mechanical_stress	Tem/Trm cytotoxic T cells	VEGFA	CD44	1.4561046	0.0	2.1102412	0.4824139209468571	0.6767886697310188	0.0073080882	0.8443399	0.12001137089227118	0.09028689798579036	degenerated	True	pain_ligand:VEGFA
Fibroblasts	DC	TNFSF9	PVR	0.18262461	0.28	0.03272915	0.1260616309267161	0.07690688988128122	0.009440114	0.40317214	0.5959570085194534	0.09037349246127369	degenerated	True	pain_ligand:TNF
AF_inner	AF_outer	NGF	SORT1	0.18364881	0.95	0.033168204	-0.009838777984908242	-0.1587780215888483	0.005501558	0.4047764	1.0	0.09319917944041228	degenerated	True	pain_ligand:NGF
AF_inner	AF_outer	TNFSF9	PVR	0.18877167	0.0	0.03321119	0.12151109014887287	0.2244963094162607	0.009579149	0.4049324	0.32570510075250597	0.09369764347663331	degenerated	True	pain_ligand:TNF
AF_inner	AF_outer	TNFSF10	RIPK1	0.18322167	0.62	0.03325311	-0.0033223552316223592	-0.08897830092295528	0.0032058035	0.40508443	1.0	0.09402991843845102	degenerated	True	pain_ligand:TNF
AF_inner	Tem/Effector helper T cells	VEGFA	CD44	1.4473423	0.0	2.075699	0.47401647192701524	0.6625418760132784	0.0071884636	0.84325224	0.1273962770322868	0.09427349341894944	degenerated	True	pain_ligand:VEGFA
AF_inner	Fibroblasts	PIGF	FLT1	0.18325913	0.45	0.033386435	-0.03407080947028069	-0.11857275448483795	0.005283661	0.40556666	1.0	0.09569091336536019	degenerated	True	pain_receptor:FLT1
NP_mature_chondrocyte	Tem/Effector helper T cells	VEGFA	CD44	1.4413157	0.0	2.0565884	0.4681397832959645	0.6180451455330827	0.00712228	0.84264	0.13116749051233978	0.09725797654511212	degenerated	True	pain_ligand:VEGFA
DC	AF_outer	GRN	TNFRSF1A	1.534749	0.0	1.5327233	0.8667828730795427	0.7616814645449207	0.017514026	0.8221529	0.005963467576966869	0.09912837186642269	degenerated	True	pain_receptor:TNFRSF1A
NP_mature_chondrocyte	Tcm/Naive helper T cells	FGF2	CD44	1.4379349	0.0	1.9913671	0.5681998099558496	0.8268099465631522	0.019136522	0.84049153	0.006726576241754975	0.09912837186642269	degenerated	True	pain_ligand:FGF2
AF_inner	Tem/Trm cytotoxic T cells	VEGFA	CD44	1.4326198	0.0	2.0371516	0.4595093305538062	0.7489538372291313	0.0070549673	0.84200937	0.13559291008092594	0.10184763660461284	degenerated	True	pain_ligand:VEGFA
AF_mechanical_stress	Fibroblasts	VEGFA	CD44	1.4325938	0.01	2.0464747	0.4592467675441637	0.40364696687677304	0.007087255	0.8423129	0.13353128369335573	0.10188099633827148	degenerated	True	pain_ligand:VEGFA
NP_mature_chondrocyte	Tem/Trm cytotoxic T cells	VEGFA	CD44	1.4265932	0.0	2.0183957	0.45363264192275554	0.7044571067489356	0.0069900127	0.8413932	0.13937361946449892	0.10524301057814364	degenerated	True	pain_ligand:VEGFA
Plasma cells	Small pre-B cells	CXCL8	CD79A	1.4253869	0.0	1.5451902	7.752884640130518	1.431048625423701	0.011470124	0.8227444	0.014160211319526191	0.10568372130719848	degenerated	True	pain_ligand:CXCL8
AF_inner	Endothelial cells	TNFSF9	PVR	0.19161612	0.01	0.034565154	0.12888764443436895	0.15956824778861464	0.009969676	0.40975577	0.3189976357284711	0.1066376250399316	degenerated	True	pain_ligand:TNF
AF_inner	AF_mechanical_stress	TNFSF9	PVR	0.19165415	0.0	0.03458326	0.12898632504822702	0.13341608253196385	0.009974898	0.40981913	0.3705227334614556	0.10713454336383899	degenerated	True	pain_ligand:TNF
Macrophages	Fibroblasts	GRN	TNFRSF1A	1.4226668	0.01	1.765786	0.7742645449443659	0.8260944790358974	0.020177174	0.8322666	0.049121751820779866	0.10721573560790043	degenerated	True	pain_receptor:TNFRSF1A
Fibroblasts	AF_mechanical_stress	TNFSF13B	CD40	0.18621758	0.1	0.034655143	0.24167271657082087	0.11621435222367474	0.0028761576	0.4100702	1.0	0.10763141296945461	degenerated	True	pain_ligand:TNF
AF_outer	Macrophages	FGF2	CD44	1.4311002	0.0	1.4883573	0.533215544143992	0.6295651416239462	0.014302728	0.81999534	0.011064703242165803	0.10831125298243341	degenerated	True	pain_ligand:FGF2
DC	Fibroblasts	VEGFA	ITGB1	1.418657	0.11	1.7642263	0.2935243435326986	0.08156636391093153	0.0080593685	0.83220494	0.4841840984623491	0.10941182744734716	degenerated	True	pain_ligand:VEGFA
Tem/Temra cytotoxic T cells	Memory B cells	CXCL8	CD79A	1.4361103	0.0	1.4769828	8.010956526155994	1.6931588355071963	0.010963813	0.81942844	0.008741601309007838	0.11100275229376011	degenerated	True	pain_ligand:CXCL8
AF_mechanical_stress	Macrophages	SEMA3B	NRP2_PLXNA1	0.18888628	0.0	0.035109524	0.2794391095348403	0.2290448040322151	0.053052627	0.41164675	0.21112879359704223	0.11110788275108292	degenerated	True	pain_receptor:NRP2
AF_outer	AF_mechanical_stress	PIGF	FLT1	0.19841132	0.57	0.03515383	0.003463349259330506	0.004022716806101362	0.005563365	0.4117995	1.0	0.1117697506949614	degenerated	True	pain_receptor:FLT1
NP_mature_chondrocyte	AF_outer	PTGS2	CAV1	1.4134613	0.0	1.9669379	0.3524808955875467	0.5730274849375309	0.011776651	0.8396624	0.04369464559299147	0.11242951846506785	degenerated	True	pain_ligand:PTGS2
AF_outer	AF_mechanical_stress	TNFSF9	HLA-DPA1	0.19141716	0.0	0.0352499	0.11327624023283338	0.05779241555521111	0.0007319665	0.41213003	1.0	0.112596947538564	degenerated	True	pain_ligand:TNF
AF_outer	NK cells	VEGFA	ITGB1	1.4378684	0.0	1.4621406	0.30831735874068245	0.09158765227771826	0.006679375	0.81868005	0.4601888565477479	0.11414551024338138	degenerated	True	pain_ligand:VEGFA
Fibroblasts	NK cells	ANGPT1	ITGB1	1.4375726	0.0	1.4608297	1.0787074059870696	0.9523894775795627	0.050536018	0.81861347	0.005963467576966869	0.1146027481647745	degenerated	True	pain_ligand:ANGPT1
AF_inner	Fibroblasts	VEGFA	CD44	1.4091089	0.01	1.9755936	0.43634217715111284	0.47581213437488556	0.006841783	0.8399578	0.15049412976095677	0.11463794495176817	degenerated	True	pain_ligand:VEGFA
AF_mechanical_stress	AF_mechanical_stress	VEGFA	ITGB1	1.4072565	0.0	1.9777546	0.28845615078793124	0.10751332000717762	0.0090348115	0.8400312	0.4250673978739146	0.11562571958989268	degenerated	True	pain_ligand:VEGFA
Macrophages	AF_mechanical_stress	PDGFA	PDGFRB	0.19587734	0.26	0.035555113	0.07225131471811477	0.12129490102918347	0.0030907455	0.4131748	1.0	0.11590413917458868	degenerated	True	pain_ligand:PDGFA
DC	AF_outer	SEMA3C	NRP2_PLXNA3	0.21017589	0.76	0.035683043	-0.08885467398284508	-0.2025279768302478	0.006960195	0.4136103	1.0	0.11722631657142943	degenerated	True	pain_receptor:NRP2
Macrophages	Endothelial cells	VEGFA	ITGB1	1.4036949	0.0	1.8709391	0.28154456158631064	0.3739638471609914	0.008546855	0.83626544	0.0834107373703018	0.11775525087751477	degenerated	True	pain_ligand:VEGFA
NP_mature_chondrocyte	Fibroblasts	VEGFA	CD44	1.4030824	0.01	1.9574045	0.43046548852006217	0.4313154038946898	0.006778791	0.8393351	0.15489705241463755	0.11804052260209388	degenerated	True	pain_ligand:VEGFA
AF_inner	DC	FGF2	CD44	1.4025087	0.0	1.7637377	0.5208932550553099	0.5451002736911389	0.016949061	0.8321856	0.02211517459381277	0.11843326264389092	degenerated	True	pain_ligand:FGF2
Macrophages	AF_outer	PTGS2	CAV1	1.4021475	0.0	1.9309747	0.34258714999932816	0.6559678097822464	0.011561329	0.83841634	0.04766622815467775	0.11864773537459203	degenerated	True	pain_ligand:PTGS2
NP_stressed_degenerative	NK cells	VEGFA	ITGB1	1.4330808	0.0	1.4409231	0.30364849858108856	0.6811732128329151	0.006582449	0.81759256	0.17006670061968487	0.11954327614251083	degenerated	True	pain_ligand:VEGFA
Macrophages	Tcm/Naive helper T cells	VEGFA	CD44	1.4012629	0.0	1.8656453	0.4297279261525146	0.6885633328880438	0.006461015	0.8360714	0.18079090346163107	0.1196150444732002	degenerated	True	pain_ligand:VEGFA
AF_mechanical_stress	Endothelial cells	NGF	MAGED1	0.19465855	1.0	0.03605364	-0.22900526120445158	-0.35950644329961634	0.0049551367	0.41486382	1.0	0.12003458845043638	degenerated	True	pain_ligand:NGF
AF_outer	Macrophages	VEGFA	CD44	1.4195335	0.0	1.4379443	0.44989857478098255	0.29467050943644024	0.004979821	0.8174382	0.38386941220649473	0.12008204791897212	degenerated	True	pain_ligand:VEGFA
Fibroblasts	AF_mechanical_stress	TNFSF9	HLA-DPA1	0.19319049	0.19	0.036061052	0.11697037803724906	-0.0041075771363648095	0.00074881007	0.41488877	1.0	0.12019971977507635	degenerated	True	pain_ligand:TNF
AF_inner	DC	TNFSF9	TNFRSF9	0.1950495	0.0	0.036199458	0.3765756030731138	0.23798045629525819	0.008609342	0.4153538	0.2001539254556808	0.1218507266308979	degenerated	True	pain_ligand:TNF
AF_mechanical_stress	Memory B cells	VEGFA	CD44	1.3967134	0.0	1.9491594	0.4238911426747244	0.7168579121631704	0.006750237	0.83905023	0.15733413914267863	0.12199448000993998	degenerated	True	pain_ligand:VEGFA
Endothelial cells	Fibroblasts	VEGFA	EGFR	0.19028264	1.0	0.036207117	-0.277474269309444	-0.7050863794831446	0.0026075288	0.41537952	1.0	0.12201579667820608	degenerated	True	pain_ligand:VEGFA
Tem/Temra cytotoxic T cells	Small pre-B cells	CXCL8	CD79A	1.3969429	0.0	1.424422	7.728032918912695	1.489813365847518	0.010573648	0.8167321	0.015363597226964029	0.12341043200732349	degenerated	True	pain_ligand:CXCL8
DC	DC	TNFSF9	PVR	0.19174315	0.28	0.03651474	0.14505633831205306	0.13131251540068414	0.010531995	0.41640714	0.5959570085194534	0.12399609607876491	degenerated	True	pain_ligand:TNF
AF_mechanical_stress	AF_outer	SEMA3C	NRP2_PLXNA3	0.21427229	1.0	0.036650043	-0.08353365560221893	-0.19504825883782634	0.007148813	0.4168566	1.0	0.12449103302327952	degenerated	True	pain_receptor:NRP2
NP_stressed_degenerative	Macrophages	VEGFA	CD44	1.4147459	0.0	1.417078	0.44522971462138866	0.8842560699916371	0.0049075577	0.816345	0.23640720957621486	0.12563986581218453	degenerated	True	pain_ligand:VEGFA
AF_inner	DC	TNFSF10	RIPK1	0.1918078	0.38	0.036705222	0.014355644796361616	-0.03726230492281141	0.003538608	0.41703945	0.8514216306836367	0.12564565963284846	degenerated	True	pain_ligand:TNF
AF_mechanical_stress	NP_mature_chondrocyte	VEGFA	ITGB1	1.3906024	0.0	1.932585	0.272653025368229	0.11757447112667818	0.008828468	0.8384728	0.4029407372253864	0.12578668906110982	degenerated	True	pain_ligand:VEGFA
Macrophages	AF_outer	VEGFA	ITGB1	1.3901353	0.0	1.8414229	0.26867797785137953	0.6112300193511107	0.008412019	0.83517385	0.09348903010721102	0.1260805523841278	degenerated	True	pain_ligand:VEGFA
AF_outer	NK cells	TNFSF9	HLA-DPA1	0.19629449	0.09	0.03675335	0.12444479345324842	0.11879838459979719	0.00076318573	0.41719875	1.0	0.12647019668115556	degenerated	True	pain_ligand:TNF
DC	DC	VEGFA	CD44	1.3868437	0.01	1.7056708	0.41636967301884964	0.22870525330769242	0.0059069986	0.82983506	0.2368430847409406	0.12840555859628433	degenerated	True	pain_ligand:VEGFA
CD16+ NK cells	NP_mature_chondrocyte	TNF	SEMA4C	0.21144237	0.0	0.03692188	0.5432358693423697	0.6460141006968386	0.0033879527	0.41775507	0.145286273325976	0.12861326966381684	degenerated	True	pain_ligand:TNF
AF_inner	AF_mechanical_stress	VEGFA	ITGB1	1.3837717	0.0	1.9092536	0.26555156039488037	0.17967848750529014	0.008721884	0.8376486	0.2844580446245053	0.12981715568006316	degenerated	True	pain_ligand:VEGFA
NP_mature_chondrocyte	AF_mechanical_stress	VEGFA	ITGB1	1.377745	0.0	1.8916752	0.2596748717638297	0.13518175702509438	0.008641583	0.83701867	0.366788519828546	0.13326336146406342	degenerated	True	pain_ligand:VEGFA
AF_mechanical_stress	DC	TNFSF9	HLA-DPA1	1.5414202	0.0	1.3876425	3.163963554818682	2.025140250633971	0.028814485	0.8147662	0.0014195504715736192	0.13326336146406342	degenerated	True	pain_ligand:TNF
AF_inner	Macrophages	TNFSF10	TNFRSF10D	0.19357514	0.89	0.037415788	-0.08996782765153771	-0.2094644626628951	0.0033662869	0.41937202	1.0	0.1337193683018261	degenerated	True	pain_ligand:TNF
AF_inner	AF_mechanical_stress	TNFSF10	RIPK1	0.19361223	0.14	0.037430704	0.018070785846136292	-0.03792732087194406	0.0036085488	0.41942054	0.8321129330679647	0.13388398423209463	degenerated	True	pain_ligand:TNF
Naive B cells	DC	TNFSF9	HLA-DPA1	1.5396142	0.0	1.3784839	3.1602014588202674	2.2805134147736847	0.02862431	0.81426597	0.0012460362915434416	0.13530493172150854	degenerated	True	pain_ligand:TNF
NP_stressed_degenerative	Macrophages	CXCL8	SDC3	2.0494585	0.0	1.3784336	1.8687019065457475	2.7758060444948804	0.059338976	0.8142632	0.0004894683047950641	0.13534288953605006	degenerated	True	pain_ligand:CXCL8
NP_mature_chondrocyte	Tem/Effector helper T cells	FGF2	CD44	1.373638	0.0	1.841976	0.5048432939678522	0.6819443457724745	0.017700912	0.8351945	0.011647152849162599	0.13598857039342394	degenerated	True	pain_ligand:FGF2
AF_inner	Memory B cells	VEGFA	CD44	1.3732285	0.0	1.8816489	0.40098655228167357	0.7890230796612829	0.006516438	0.83665586	0.17526618203628233	0.1362928709132754	degenerated	True	pain_ligand:VEGFA
Fibroblasts	NK cells	TNFSF9	HLA-DPA1	0.19806781	0.21	0.037599098	0.1281389312576641	0.05689839190822127	0.0007807477	0.41996717	1.0	0.1363524100210797	degenerated	True	pain_ligand:TNF
Tem/Trm cytotoxic T cells	NP_mature_chondrocyte	TNF	SEMA4C	0.21438383	0.0	0.03764668	0.553922750651173	0.5488372811776366	0.0034544603	0.42012122	0.252471029421811	0.13717490626425854	degenerated	True	pain_ligand:TNF
AF_outer	AF_outer	PDGFA	PDGFRB	0.20024568	0.0	0.0376556	0.07603946785853577	0.25791432868721903	0.0032733376	0.4201501	0.9915881817720085	0.1375038590340966	degenerated	True	pain_ligand:PDGFA
CD16+ NK cells	AF_inner	TNF	TRADD	0.21273619	0.0	0.03769735	0.4323601443664101	0.53872812544922	0.0026867238	0.42028508	0.2681127297534737	0.1379972368780436	degenerated	True	pain_ligand:TNF
AF_inner	NP_mature_chondrocyte	IL11	IL6R	0.19484958	0.9	0.03773726	-0.012590314673135657	-0.24243731091497245	0.0025079094	0.42041397	1.0	0.1383261266504212	degenerated	True	pain_receptor:IL6R
Endothelial cells	AF_mechanical_stress	VEGFA	SIRPA	0.19435433	1.0	0.0377517	-0.3917267923263243	-0.8698534908817785	0.0007320644	0.42046058	1.0	0.13849055802655852	degenerated	True	pain_ligand:VEGFA
AF_mechanical_stress	Macrophages	TNFSF9	HLA-DPA1	1.5231435	0.0	1.367638	3.1221119541952977	2.1282258146569006	0.028399087	0.81366795	0.0013649695663370477	0.13877677894714296	degenerated	True	pain_ligand:TNF
NP_mature_chondrocyte	DC	SEMA3B	NRP2_PLXNA1	0.1967493	0.02	0.037893992	0.31812764155411	0.3549905003435958	0.05726013	0.42091903	0.14989686201302985	0.13931264478689864	degenerated	True	pain_receptor:NRP2
AF_inner	Endothelial cells	NGF	MAGED1	0.19877324	1.0	0.03800839	-0.22037945527079345	-0.3673473394341851	0.0052237934	0.42128643	1.0	0.1406276495833759	degenerated	True	pain_ligand:NGF
Naive B cells	Macrophages	TNFSF9	HLA-DPA1	1.5213375	0.0	1.3586113	3.118349858196883	2.3835989787966145	0.028211653	0.8131654	0.0014058059791108356	0.14108737315234937	degenerated	True	pain_ligand:TNF
NP_mature_chondrocyte	Memory B cells	VEGFA	CD44	1.3672019	0.0	1.8643247	0.39510986365062284	0.7445263491810872	0.0064564417	0.83602285	0.18117565140642952	0.14139671341560933	degenerated	True	pain_ligand:VEGFA
AF_inner	NP_mature_chondrocyte	VEGFA	ITGB1	1.3671174	0.0	1.8656485	0.24974843497517812	0.1897396386247907	0.0085226875	0.8360715	0.2675254724432559	0.14143542512246746	degenerated	True	pain_ligand:VEGFA
Classical monocytes	Naive B cells	TNFSF13B	CD40	1.3663237	0.0	1.7863497	3.2434411815378135	2.698445371739072	0.14825572	0.83307326	5.061794080519463e-06	0.1418225876835027	degenerated	True	pain_ligand:TNF
AF_mechanical_stress	Macrophages	NGF	MAGED1	0.20176756	0.99	0.038211692	-0.2203886457128283	-0.3606519313351393	0.005251735	0.42193687	1.0	0.14276367683065716	degenerated	True	pain_ligand:NGF
AF_inner	Endothelial cells	TNFSF12	TNFRSF12A	0.20132294	1.0	0.038229067	-0.5062240213953844	-0.8696233616831726	0.0009686452	0.4219923	1.0	0.14309220944782605	degenerated	True	pain_ligand:TNF
NP_mature_chondrocyte	NP_mature_chondrocyte	VEGFA	ITGB1	1.3610909	0.0	1.8484716	0.24387174634412745	0.14524290814459495	0.00844422	0.83543664	0.3459818139882951	0.1454458863100545	degenerated	True	pain_ligand:VEGFA
DC	NP_mature_chondrocyte	TNFSF12	TNFRSF12A	1.3605595	0.0	1.8282583	1.1168420895915023	0.9389656722173891	0.046324264	0.8346794	0.005963467576966869	0.14587714440014615	degenerated	True	pain_ligand:TNF
Tem/Trm cytotoxic T cells	AF_inner	TNF	TRADD	0.21567765	0.0	0.03843737	0.4430470256752135	0.441551305930018	0.002739466	0.42265517	0.4450033120946141	0.14588365509689571	degenerated	True	pain_ligand:TNF
NP_mature_chondrocyte	Tem/Trm cytotoxic T cells	FGF2	CD44	1.3589156	0.0	1.807769	0.4903361525946432	0.7683563069883275	0.01737219	0.83390033	0.013218403977836439	0.14733189056832754	degenerated	True	pain_ligand:FGF2
Endothelial cells	Macrophages	VEGFB	ADRB2	0.19678403	1.0	0.038701985	-0.24618313033253697	-0.5038760391521931	0.0014995877	0.42349246	1.0	0.1493293993626979	degenerated	True	pain_ligand:VEGFB
Fibroblasts	Fibroblasts	TNFSF13B	CD40	0.19682637	0.16	0.03870539	0.2658006695132083	0.1395361039464441	0.0032123027	0.42350322	1.0	0.1495754154598834	degenerated	True	pain_ligand:TNF
DC	Endothelial cells	PDGFA	PDGFRB	0.19708915	0.32	0.03873676	0.07151343479935847	0.1618412798962689	0.0033673209	0.4236021	0.9413790043871284	0.1501494087743468	degenerated	True	pain_ligand:PDGFA
AF_mechanical_stress	NP_mature_chondrocyte	ADAM10	IL6R	0.197599	1.0	0.03889193	-0.09379672369294946	-0.39673608080110045	0.0007255033	0.4240902	1.0	0.15260847726982651	degenerated	True	pain_receptor:IL6R
AF_mechanical_stress	Naive B cells	TNFSF9	HLA-DPA1	1.4794116	0.0	1.3197715	3.0219711438116206	2.1222811474580396	0.02740514	0.8109521	0.0016336514175054676	0.15269401619879489	degenerated	True	pain_ligand:TNF
Mast cells	NK cells	VEGFA	ITGB1	1.4043106	0.03	1.3134193	0.2755899476868233	0.6263569732509902	0.0059999847	0.810582	0.22567566122797583	0.15413823880477148	degenerated	True	pain_ligand:VEGFA
Macrophages	DC	TNFSF9	PVR	0.19774395	0.16	0.039005995	0.15755654736468358	0.17756174246689557	0.011250552	0.4244479	0.4130290097656548	0.15424708092650616	degenerated	True	pain_ligand:TNF
Naive B cells	Naive B cells	TNFSF9	HLA-DPA1	1.4776056	0.0	1.3110609	3.018209047813206	2.377654311597754	0.027224267	0.810444	0.0016558789260485605	0.15518504111378906	degenerated	True	pain_ligand:TNF
Classical monocytes	Memory B cells	TNFSF13B	HLA-DPB1	1.3468242	0.0	1.7441288	2.7574329703133413	2.6564111285740477	0.041317783	0.8314035	0.001217447105883079	0.15534635361087	degenerated	True	pain_ligand:TNF
CD16+ NK cells	NP_mature_chondrocyte	TNF	TRADD	0.21531823	0.0	0.039244924	0.4381506076234085	0.5370516058182621	0.0027970213	0.42519397	0.2706228351159033	0.15670379132819773	degenerated	True	pain_ligand:TNF
Endothelial cells	Fibroblasts	VEGFA	SIRPA	0.19854178	1.0	0.0393402	-0.38491294421414335	-0.86180446259851	0.00076286786	0.42549032	1.0	0.1575223858748769	degenerated	True	pain_ligand:VEGFA
AF_mechanical_stress	AF_outer	PTGS2	CAV1	1.3437747	0.0	1.7454257	0.2915402882329712	0.41008837873786186	0.01045039	0.8314556	0.07592885777044849	0.157531499392946	degenerated	True	pain_ligand:PTGS2
AF_inner	AF_inner	TNFSF10	RIPK1	0.19893724	0.02	0.039571654	0.029034381811108206	0.007752410796436127	0.0038149497	0.42620748	0.7322244380774945	0.16079517672813803	degenerated	True	pain_ligand:TNF
AF_mechanical_stress	Endothelial cells	NGF	SORT1	0.20627588	0.29	0.039580267	0.027659328955759083	-0.017622246060740143	0.006565117	0.4262341	0.76292082410388	0.16112232565443282	degenerated	True	pain_ligand:NGF
Mast cells	Macrophages	VEGFA	CD44	1.3859757	0.01	1.2916842	0.41717116372712343	0.8294398304097121	0.0044733	0.8092976	0.5104570320354279	0.16144943023122799	degenerated	True	pain_ligand:VEGFA
Plasma cells	NP_mature_chondrocyte	ADAM17	IL6R	0.19932121	0.72	0.039615214	-0.05383011948890437	-0.30788727765119406	0.0019256299	0.42634198	1.0	0.16177653195767333	degenerated	True	pain_receptor:IL6R
NP_mature_chondrocyte	Endothelial cells	TNFSF12	TNFRSF12A	0.20410308	1.0	0.039615244	-0.5008871935613348	-0.8846962353020889	0.0010037678	0.42634207	1.0	0.16194007186667286	degenerated	True	pain_ligand:TNF
Fibroblasts	AF_inner	TNFSF13B	HLA-DPB1	0.19943495	0.16	0.039701305	0.1735954095104717	0.02755842669965708	0.0009405096	0.4266075	1.0	0.16259415252848655	degenerated	True	pain_ligand:TNF
Macrophages	Tem/Effector helper T cells	VEGFA	CD44	1.336966	0.01	1.7256857	0.3663714101645172	0.5436977320973662	0.0059763137	0.8306571	0.22865883356969105	0.1633830454445069	degenerated	True	pain_ligand:VEGFA
Macrophages	AF_mechanical_stress	GRN	TNFRSF1A	1.3360772	0.0	1.4314125	0.6685579869628703	0.7062065006995932	0.016356373	0.81709826	0.005963467576966869	0.16412629229096765	degenerated	True	pain_receptor:TNFRSF1A
NP_mature_chondrocyte	Fibroblasts	FGF2	CD44	1.3354046	0.01	1.7531424	0.4671689991919498	0.4952146041340817	0.016847244	0.83176446	0.11458311243323929	0.16466397074540928	degenerated	True	pain_ligand:FGF2
Endothelial cells	Fibroblasts	PIGF	FLT1	0.19985601	0.38	0.039935954	-0.00028425140148922307	-0.04350719897164068	0.006320173	0.4273284	0.8505710950939375	0.16586304843263455	degenerated	True	pain_receptor:FLT1
AF_inner	Tcm/Naive helper T cells	FGF2	CD44	1.3328846	0.0	1.6312251	0.452287227484386	0.7291570822711327	0.01567565	0.82666093	0.01829304225264079	0.16644801455190994	degenerated	True	pain_ligand:FGF2
DC	NP_mature_chondrocyte	ADAM17	IL6R	0.20024864	0.56	0.040004708	-0.05209727151267843	-0.3020196663603938	0.0019445627	0.4275389	1.0	0.16651652618653523	degenerated	True	pain_receptor:IL6R
Tem/Trm cytotoxic T cells	NP_mature_chondrocyte	TNF	TRADD	0.21825969	0.0	0.04001533	0.44883748893221187	0.43987478629906007	0.0028519284	0.42757136	0.4480953699232498	0.1666798839624496	degenerated	True	pain_ligand:TNF
Fibroblasts	AF_outer	FGF2	SDC3	0.23183294	0.72	0.04012039	-0.13817104733609142	-0.37388501918679884	0.0071848743	0.42789227	1.0	0.16782318032918467	degenerated	True	pain_ligand:FGF2
Classical monocytes	Fibroblasts	VEGFA	ITGB1	1.3312385	0.2	1.4290612	0.20826837271328472	0.42736611691505866	0.006528261	0.81697536	0.47735518276422845	0.16807338779926756	degenerated	True	pain_ligand:VEGFA
DC	AF_mechanical_stress	TNFSF9	HLA-DPA1	0.20230903	0.15	0.04023202	0.135965085422586	0.05029804838303811	0.0008354205	0.4282324	1.0	0.168966169093913	degenerated	True	pain_ligand:TNF
AF_inner	Macrophages	NGF	MAGED1	0.20588222	1.0	0.040283445	-0.21176283977917015	-0.3684928274697081	0.0055364724	0.4283888	1.0	0.16978240824611168	degenerated	True	pain_ligand:NGF
AF_mechanical_stress	AF_outer	VEGFA	CD44	1.3287386	0.0	1.7647971	0.3569110290203113	0.4103982389083216	0.0061117625	0.8322275	0.21369846897977746	0.17008339984206697	degenerated	True	pain_ligand:VEGFA
Fibroblasts	AF_inner	TNFSF13B	CD40	0.20120502	0.08	0.040377084	0.2757593224441693	0.19128137378787982	0.0033510427	0.4286731	0.949252652510307	0.1710880580827901	degenerated	True	pain_ligand:TNF
AF_mechanical_stress	AF_mechanical_stress	PIGF	FLT1	0.21828365	0.04	0.040459827	0.04391789012661342	-0.032920173844183026	0.0064030793	0.4289238	0.8148712366619325	0.17255643812622756	degenerated	True	pain_receptor:FLT1
NP_mature_chondrocyte	Macrophages	SEMA3B	NRP2_PLXNA3	0.20457542	0.03	0.04052636	0.24519993421594868	0.23588027473807546	0.026842957	0.429125	0.20249408544645145	0.17320888655493413	degenerated	True	pain_receptor:NRP2
Macrophages	Endothelial cells	GRN	TNFRSF1A	1.3245443	0.0	1.3868771	0.654478782258161	0.8467575790985893	0.01584748	0.81472456	0.005963467576966869	0.1745167597646173	degenerated	True	pain_receptor:TNFRSF1A
DC	AF_inner	SEMA3C	NRP2_PLXNA3	0.21870261	0.74	0.040838674	-0.06657922100741562	-0.17541243221010838	0.007965831	0.4300656	1.0	0.17598067664834352	degenerated	True	pain_receptor:NRP2
AF_mechanical_stress	Naive B cells	VEGFA	CD44	1.322717	0.0	1.7484654	0.3509767111840566	0.501441855255363	0.0060552033	0.8315775	0.2202081359437178	0.17617617300598137	degenerated	True	pain_ligand:VEGFA
Macrophages	Tem/Trm cytotoxic T cells	VEGFA	CD44	1.3222435	0.0	1.6936382	0.35186426879130817	0.6301096933132191	0.005865328	0.8293346	0.241953571579005	0.17681622472330324	degenerated	True	pain_ligand:VEGFA
AF_outer	AF_inner	ANGPT1	ITGA5	0.20842068	1.0	0.04093135	-0.037889658249408445	-0.052514785424419286	0.0038559306	0.43034345	1.0	0.17744736300937725	degenerated	True	pain_ligand:ANGPT1
NP_notochordal	NK cells	VEGFA	ITGB1	1.3891835	0.0	1.2463796	0.260837130012713	0.2727330878965428	0.0056937323	0.8065272	0.26519225731860085	0.17767121661445395	degenerated	True	pain_ligand:VEGFA
NP_notochordal	Fibroblasts	CXCL8	SDC2	1.3200936	0.0	1.7378395	0.5657761727290892	0.454656609335931	0.0108696595	0.8311502	0.04496200831439415	0.17921472159663668	degenerated	True	pain_ligand:CXCL8
DC	NP_mature_chondrocyte	GRN	TNFRSF1A	1.4752567	0.0	1.2421871	0.7941563556711689	0.6411217010002855	0.014194145	0.8062642	0.010094062614972164	0.17925770260513882	degenerated	True	pain_receptor:TNFRSF1A
DC	Endothelial cells	VEGFA	ITGB1	1.3196515	0.08	1.5819972	0.19958028088172175	0.09816257616063384	0.0072269063	0.8244545	0.4458773859565713	0.1797305187756877	degenerated	True	pain_ligand:VEGFA
Plasma cells	Naive B cells	CXCL8	CD79A	1.3191648	0.0	1.3905596	6.985592607918376	1.3960129070739051	0.010322283	0.8149246	0.024680601321728488	0.18024699705262087	degenerated	True	pain_ligand:CXCL8
AF_inner	Macrophages	TNFSF10	TNFRSF10A	0.2029716	0.0	0.041193698	0.23398852319537453	0.14862063478203974	0.004127904	0.4311267	0.6177874008851204	0.18070483876679203	degenerated	True	pain_ligand:TNF
DC	Tcm/Naive helper T cells	VEGFA	CD44	1.3172195	0.03	1.5775208	0.3477636454479257	0.41276206188768627	0.005463196	0.8242493	0.29820238366488366	0.18214616675189668	degenerated	True	pain_ligand:VEGFA
NP_stressed_degenerative	Endothelial cells	CXCL8	SDC2	1.9673146	0.0	0.76575667	1.0366431913523524	1.6346017547280958	0.004789576	0.7656723	0.10350413227990742	0.18249539371753615	degenerated	True	pain_ligand:CXCL8
NP_stressed_degenerative	AF_outer	TNFSF13B	CD40	0.22317462	0.0	0.04134028	0.37002609068127273	0.6884149636882027	0.0034309817	0.43156233	0.36955548846740244	0.18249539371753615	degenerated	True	pain_ligand:TNF
AF_inner	AF_mechanical_stress	PDGFC	FLT1	0.22163063	0.98	0.041353483	-0.044505369083819094	-0.1413134725666975	0.0029427898	0.43160152	1.0	0.18298358796824962	degenerated	True	pain_receptor:FLT1
CD16+ NK cells	NP_mature_chondrocyte	NCAM1	ROBO1	0.23004852	0.0	0.041402083	0.6432555036280043	0.6641979486319876	0.04734012	0.4317456	0.008269395432281126	0.18363443126557802	degenerated	True	pain_receptor:ROBO1
DC	NK cells	SLIT3	ROBO1	0.2042171	0.01	0.041438606	0.4135173732544669	0.4176610120349231	0.011033872	0.4318538	0.11458311243323929	0.18428517430798846	degenerated	True	pain_receptor:ROBO1
NP_notochordal	Macrophages	VEGFA	CD44	1.3708487	0.0	1.2257539	0.4024183460530132	0.4758159450552648	0.0042449734	0.805222	0.374767635221228	0.18566504397832462	degenerated	True	pain_ligand:VEGFA
Macrophages	NP_stressed_degenerative	GRN	TNFRSF1A	1.3126367	0.0	1.3408949	0.6399423819810256	1.3042516636302062	0.015322054	0.8121663	0.005963467576966869	0.18618884608101793	degenerated	True	pain_receptor:TNFRSF1A
AF_inner	Endothelial cells	NGF	SORT1	0.21039057	0.24	0.041726224	0.036285134889417196	-0.02546314219530893	0.006921063	0.43270254	0.7880398186430261	0.18688716014305579	degenerated	True	pain_ligand:NGF
AF_mechanical_stress	NK cells	VEGFA	CD44	1.3109815	0.0	1.7166361	0.3394128747683869	0.37263562713645615	0.0059449733	0.830287	0.2323846481666098	0.1875888002112297	degenerated	True	pain_ligand:VEGFA
AF_mechanical_stress	AF_inner	SEMA3C	NRP2_PLXNA3	0.222799	1.0	0.041945387	-0.061258202626789465	-0.1679327142176869	0.008181702	0.43334562	1.0	0.18916256030576395	degenerated	True	pain_receptor:NRP2
DC	NK cells	TNFSF9	HLA-DPA1	0.20718637	0.16	0.041947965	0.14713363864300105	0.11130401742762419	0.0008710522	0.43335316	1.0	0.18948752644714917	degenerated	True	pain_ligand:TNF
AF_outer	AF_mechanical_stress	PDGFC	FLT1	0.2248393	0.99	0.04221021	-0.039318102780397046	-0.07796675020922653	0.0030037558	0.4341185	1.0	0.19111193332727366	degenerated	True	pain_receptor:FLT1
DC	AF_outer	VEGFA	ITGB1	1.3060918	0.09	1.5570394	0.18671369714679062	0.3354287483507531	0.0071128937	0.8233007	0.29853358658725165	0.19177173948529763	degenerated	True	pain_ligand:VEGFA
AF_inner	AF_outer	VEGFA	CD44	1.3052537	0.0	1.703672	0.3340064386272604	0.48256340640643414	0.005900077	0.8297522	0.23753185825250442	0.19248015179966754	degenerated	True	pain_ligand:VEGFA
Macrophages	AF_outer	SEMA3C	NRP2_PLXNA3	0.23849913	0.64	0.04236903	-0.05206406543129222	-0.07137632012115885	0.008264337	0.43457988	1.0	0.19338507049518255	degenerated	True	pain_receptor:NRP2
NP_mature_chondrocyte	AF_outer	SEMA3C	NRP2_PLXNA3	0.23856354	1.0	0.042384233	-0.051980488784220166	-0.14883747457814528	0.008267303	0.43462396	1.0	0.19354739392732756	degenerated	True	pain_receptor:NRP2
NP_mature_chondrocyte	Fibroblasts	PIGF	FLT1	0.20610875	0.36	0.042403426	0.012444494327306087	-0.092318016614032	0.00671067	0.43467957	1.0	0.19403431063800997	degenerated	True	pain_receptor:FLT1
Fibroblasts	NP_mature_chondrocyte	TNFSF13B	CD40	0.20671326	0.08	0.042480037	0.28828680072948865	0.16978505017023998	0.0035255745	0.43490133	0.8591051864545093	0.19533249053729715	degenerated	True	pain_ligand:TNF
AF_mechanical_stress	DC	FGF2	CD44	1.3005075	0.0	1.3856423	0.4083467783361054	0.29987066347394276	0.013315664	0.81465733	0.13275547072084753	0.19693347498327804	degenerated	True	pain_ligand:FGF2
NK cells	NP_mature_chondrocyte	ADAM17	IL6R	0.20658292	0.61	0.042664923	-0.040261956915878194	-0.22703824204428524	0.0020738712	0.4354351	1.0	0.19727900953614114	degenerated	True	pain_receptor:IL6R
NP_mature_chondrocyte	Memory B cells	FGF2	CD44	1.2995243	0.0	1.6697758	0.43181337432251055	0.8084255494204791	0.016046112	0.8283281	0.021786714525557884	0.1977845638161589	degenerated	True	pain_ligand:FGF2
Classical monocytes	DC	VEGFA	CD44	1.2994251	0.06	1.38163	0.3311137021994358	0.5745050063118196	0.0047847955	0.8144383	0.4308803939574567	0.19796396872114358	degenerated	True	pain_ligand:VEGFA
AF_inner	Naive B cells	VEGFA	CD44	1.2992321	0.0	1.687906	0.3280721207910058	0.5736070227534755	0.005845477	0.8290945	0.2447622288222607	0.1984127175994197	degenerated	True	pain_ligand:VEGFA
AF_inner	DC	TNFSF10	TNFRSF10A	0.20678598	0.02	0.042727288	0.24572908195519924	0.1645924274252642	0.004281581	0.43561465	0.5674499274860021	0.1984140749404526	degenerated	True	pain_ligand:TNF
NP_mature_chondrocyte	AF_outer	VEGFA	CD44	1.2992271	0.0	1.6879865	0.32812974999620975	0.4380666759262384	0.005845756	0.8290979	0.24461379812378414	0.19845764148078585	degenerated	True	pain_ligand:VEGFA
Macrophages	Fibroblasts	VEGFA	CD44	1.2987326	0.06	1.6424605	0.3286971153886148	0.3569679904589733	0.0056880917	0.82715213	0.2659419587707909	0.1990866818674547	degenerated	True	pain_ligand:VEGFA
NP_notochordal	Fibroblasts	PTGS2	CAV1	1.4533051	0.01	1.190612	0.4124212592322825	0.24579846579791909	0.007128554	0.8029307	0.19028775228027137	0.20070825778274756	degenerated	True	pain_ligand:PTGS2
CD16+ NK cells	AF_outer	TNF	FAS	0.22147599	0.0	0.042935643	0.5112865418895971	0.5934893625377862	0.0020269833	0.43621272	0.1982396508820526	0.2014933852836557	degenerated	True	pain_ligand:TNF
Macrophages	AF_mechanical_stress	TNFSF9	HLA-DPA1	0.20830983	0.07	0.042976893	0.14846529447521653	0.09654727544924954	0.0008924179	0.43633083	1.0	0.20197939845516033	degenerated	True	pain_ligand:TNF
NP_notochordal	AF_inner	CXCL8	SDC2	1.2957819	0.0	1.6770232	0.5406506315393369	0.48497932679819955	0.010489272	0.82863575	0.035487417631141466	0.20201863795956154	degenerated	True	pain_ligand:CXCL8
Classical monocytes	Fibroblasts	CXCL1	ADRA2A	1.2954987	0.0	1.2900078	3.8440864234601593	2.053631112558351	0.2009422	0.80919737	5.625903873785979e-06	0.20238077804885896	degenerated	True	pain_ligand:CXCL1
AF_mechanical_stress	NP_mature_chondrocyte	NGF	SORT1	0.21808314	0.0	0.043164548	0.048024294633509754	-0.020115193738572457	0.007159636	0.43686667	0.7702609596015079	0.20473234627759024	degenerated	True	pain_ligand:NGF
NP_mature_chondrocyte	Naive B cells	VEGFA	CD44	1.2932055	0.0	1.6723655	0.32219543215995505	0.5291102922732798	0.005791658	0.8284382	0.25181501183763677	0.20478694694083266	degenerated	True	pain_ligand:VEGFA
Tem/Temra cytotoxic T cells	Naive B cells	CXCL8	CD79A	1.2907207	0.0	1.2818769	6.9607408867005525	1.454777647497722	0.009515519	0.8087088	0.026181812335155347	0.2073883947502222	degenerated	True	pain_ligand:CXCL8
NK cells	NK cells	VEGFA	ITGB1	1.3729689	0.01	1.1745198	0.2450236526958891	0.11171716380822394	0.005365461	0.80185187	0.4157124585688482	0.20757146829285722	degenerated	True	pain_ligand:VEGFA
NP_mature_chondrocyte	NP_mature_chondrocyte	ADAM17	IL6R	0.20827831	1.0	0.04337694	-0.037094248360421196	-0.2672068412495584	0.0021084812	0.43747053	1.0	0.2078070242911131	degenerated	True	pain_receptor:IL6R
Fibroblasts	AF_outer	TNFSF13B	HLA-DPB1	0.20912397	0.14	0.0434004	0.19088697055280537	0.0031028280645279405	0.0010281398	0.43753707	1.0	0.20813055179737905	degenerated	True	pain_ligand:TNF
AF_inner	DC	SEMA3C	NRP2_PLXNA1	0.20902571	0.99	0.043426238	0.07348552108798259	-0.07117572911829789	0.01932417	0.4376103	1.0	0.20861578021956384	degenerated	True	pain_receptor:NRP2
Fibroblasts	AF_outer	NGF	SORCS2	0.2460174	0.07	0.043435086	0.3141262257091788	0.3223483535557692	0.08208407	0.43763536	0.16336178778767527	0.208777515857881	degenerated	True	pain_ligand:NGF
Fibroblasts	NK cells	TNFSF13B	CD40	0.20951006	0.08	0.0435478	0.2946475752362556	0.207874410958604	0.0036141921	0.4379543	0.817802507578879	0.20926266931319606	degenerated	True	pain_ligand:TNF
AF_outer	Fibroblasts	VEGFA	ITGB1	1.2884288	0.18	1.2649274	0.16651740576190566	-0.13289095168145193	0.0057784626	0.8076771	1.0	0.21018801594092423	degenerated	True	pain_ligand:VEGFA
Fibroblasts	Fibroblasts	ANGPT1	ITGB1	1.2881329	0.0	1.2637933	0.9369074530082928	0.7279108736203925	0.04371973	0.8076074	0.005963467576966869	0.21060243602475065	degenerated	True	pain_ligand:ANGPT1
AF_inner	NK cells	VEGFA	CD44	1.2874966	0.0	1.6571791	0.316508284375336	0.4448007946345687	0.005739065	0.827789	0.25917406543961663	0.2115246360645366	degenerated	True	pain_ligand:VEGFA
Fibroblasts	NK cells	VEGFA	ITGB1	1.3706722	0.07	1.1643413	0.24278378007723547	-0.09133707176052674	0.0053189634	0.8011595	1.0	0.21221741147755746	degenerated	True	pain_ligand:VEGFA
Tem/Trm cytotoxic T cells	AF_outer	TNF	FAS	0.22441745	0.0	0.043778498	0.5219734231984005	0.4963125430185842	0.0020667743	0.43860468	0.3356102216048827	0.21298035415677913	degenerated	True	pain_ligand:TNF
NP_stressed_degenerative	AF_outer	CXCL8	SDC3	1.9221978	0.0	0.42924902	1.4745927985233487	2.419083282786036	0.018478362	0.70984274	0.005963467576966869	0.21443418451478863	degenerated	True	pain_ligand:CXCL8
AF_mechanical_stress	Plasma cells	NGF	KIDINS220	0.22071832	0.79	0.043964498	-0.08592780750846463	-0.1873263701025797	0.0032148778	0.43912673	1.0	0.21443418451478863	degenerated	True	pain_ligand:NGF
AF_inner	NK cells	TNFSF12	TNFRSF12A	0.22019227	1.0	0.044016108	-0.4880044907097124	-0.7762580448391174	0.0011152768	0.4392712	1.0	0.21491869821079676	degenerated	True	pain_ligand:TNF
NP_mature_chondrocyte	AF_inner	ADAM10	IL6R	0.22609681	1.0	0.04402981	-0.055980239571023736	-0.3238597423364511	0.0008213471	0.43930954	1.0	0.21524166017443871	degenerated	True	pain_receptor:IL6R
NP_stressed_degenerative	Fibroblasts	VEGFA	ITGB1	1.2836412	0.19	1.2465718	0.16184854560231177	0.4566946088737449	0.00569461	0.80653924	0.4614147132364647	0.2157889837198736	degenerated	True	pain_ligand:VEGFA
DC	NP_mature_chondrocyte	SEMA3C	NRP2_PLXNA3	0.22414424	0.7	0.044128917	-0.05236344241743455	-0.16852453334178	0.008607614	0.43958643	1.0	0.21653329024909235	degenerated	True	pain_receptor:NRP2
AF_outer	Fibroblasts	PTGS2	CAV1	1.4459794	0.01	1.1552547	0.4060151583821645	-0.1991661177717885	0.0069168587	0.8005347	0.8931806968204934	0.21704737791516016	degenerated	True	pain_ligand:PTGS2
NP_mature_chondrocyte	AF_mechanical_stress	PTGS2	CAV1	1.2824309	0.0	1.6426173	0.22991366259950055	-0.0027766649895339945	0.0098348465	0.827159	0.7169790100035066	0.2170940329406728	degenerated	True	pain_ligand:PTGS2
DC	Classical monocytes	TNF	VSIR	1.2824001	0.0	1.5993472	3.163646839176079	2.1327218514929327	0.031926867	0.82524234	0.001226735934568867	0.21718739275205695	degenerated	True	pain_ligand:TNF
NK cells	Macrophages	VEGFA	CD44	1.354634	0.0	1.1550832	0.3866048687361892	0.3148000209669459	0.00400023	0.80052286	0.6651738201679332	0.21718739275205695	degenerated	True	pain_ligand:VEGFA
AF_outer	Endothelial cells	CXCL8	SDC2	0.21027961	1.0	0.044193074	-0.4984926088557583	-1.879075555444623	0.00027641427	0.4397654	1.0	0.21734036018108532	degenerated	True	pain_ligand:CXCL8
NP_mature_chondrocyte	NK cells	VEGFA	CD44	1.2814701	0.0	1.6419215	0.31063159574428534	0.4003040641543729	0.005686226	0.8271287	0.2662185648597033	0.2178413182799266	degenerated	True	pain_ligand:VEGFA
NP_mature_chondrocyte	Macrophages	TNFSF9	TNFRSF9	0.2327826	0.0	0.0442537	0.6890620673926807	0.3030716624723683	0.010524887	0.43993428	0.1295477296816655	0.2187926897045983	degenerated	True	pain_ligand:TNF
Macrophages	AF_outer	GRN	TNFRSF1A	1.2792495	0.0	1.2119673	0.5991837056579625	0.613775644756649	0.013848833	0.8043334	0.012702226833533264	0.22032446819868334	degenerated	True	pain_receptor:TNFRSF1A
Fibroblasts	Macrophages	VEGFA	CD44	1.3523374	0.03	1.1450732	0.3843649961175356	0.11174578539819524	0.0039655636	0.79982704	0.6763202516952624	0.22140580780465557	degenerated	True	pain_ligand:VEGFA
DC	Naive B cells	TNFSF13B	HLA-DPB1	1.5224329	0.0	1.1432137	2.683649470278213	2.0202886639703106	0.02708232	0.79969686	0.003833141359147722	0.22234794110313025	degenerated	True	pain_ligand:TNF
Memory B cells	Memory B cells	CXCL8	CD79A	1.3596909	0.0	1.1405473	7.944188271263974	1.7082947668167763	0.008466413	0.7995098	0.008401716189611998	0.2235752611797391	degenerated	True	pain_ligand:CXCL8
NP_mature_chondrocyte	Fibroblasts	FGF2	SDC2	1.2755798	0.0	1.614142	0.4843909989519035	0.49554971449212304	0.04199986	0.8259054	0.0327861775573991	0.22376432094520016	degenerated	True	pain_ligand:FGF2
Macrophages	NK cells	TNFSF9	HLA-DPA1	0.21318717	0.11	0.044809908	0.15963384769563158	0.15755324449383562	0.0009304806	0.44147363	1.0	0.22443583048628923	degenerated	True	pain_ligand:TNF
Endothelial cells	AF_outer	VEGFA	EGFR	0.21324101	1.0	0.044916328	-0.2265561450370649	-0.46910324244025725	0.0032347403	0.44176608	1.0	0.2254024489298087	degenerated	True	pain_ligand:VEGFA
AF_outer	Fibroblasts	ANGPT1	TIE1	0.22117984	0.0	0.044971984	1.2437533919066168	0.5884332294397807	0.02957938	0.4419188	0.015695826766779126	0.22620780345082941	degenerated	True	pain_ligand:ANGPT1
Macrophages	AF_mechanical_stress	VEGFA	ITGB1	1.2733953	0.05	1.587307	0.15790649863238232	0.06083434358937789	0.0072511625	0.8246968	0.537182367597548	0.22675122286883703	degenerated	True	pain_ligand:VEGFA
Classical monocytes	Small pre-B cells	TNFSF13B	HLA-DPB1	1.2728902	0.0	1.5840448	2.625486665944634	2.424055545701781	0.03752545	0.824548	0.001957854814294265	0.22736968311669956	degenerated	True	pain_ligand:TNF
Classical monocytes	AF_mechanical_stress	PDGFC	FLT1	0.23584867	0.55	0.04514975	-0.02151955757747968	0.1781189510239937	0.003212939	0.44240534	1.0	0.22814000889374664	degenerated	True	pain_receptor:FLT1
NP_notochordal	NP_mature_chondrocyte	CXCL8	SDC2	1.2720927	0.0	1.6177646	0.5161668750003041	0.4034326345245307	0.010118627	0.82606643	0.06508490461080092	0.2288472912416507	degenerated	True	pain_ligand:CXCL8
Tem/Effector helper T cells	NP_mature_chondrocyte	TNF	SEMA4C	0.24545214	0.0	0.045302168	0.6668005359977255	0.5384739100926963	0.004156928	0.44282106	0.2683130298903205	0.22974950243300202	degenerated	True	pain_ligand:TNF
AF_mechanical_stress	NP_mature_chondrocyte	SEMA3C	NRP2_PLXNA3	0.22824064	1.0	0.045324795	-0.047042424036808396	-0.16104481534935852	0.008840877	0.44288266	1.0	0.2300713327158692	degenerated	True	pain_receptor:NRP2
Macrophages	AF_mechanical_stress	PTGS2	CAV1	1.2711171	0.01	1.612584	0.220019917011282	0.08016365985518159	0.009655027	0.82583594	0.4882208201702503	0.2300897351016757	degenerated	True	pain_ligand:PTGS2
DC	AF_mechanical_stress	TNFSF12	TNFRSF12A	1.2687092	0.0	1.6060996	1.0281553141851043	0.8355094993818462	0.040695228	0.82554597	0.005963467576966869	0.2327754892535123	degenerated	True	pain_ligand:TNF
AF_inner	NP_mature_chondrocyte	NGF	SORT1	0.2221978	0.0	0.045504835	0.05665010056716786	-0.027956089873141243	0.007547816	0.44337177	0.7975387557577437	0.23280580438791673	degenerated	True	pain_ligand:NGF
AF_inner	Tem/Effector helper T cells	FGF2	CD44	1.2685877	0.0	1.5088516	0.3889307114963885	0.5842914814804551	0.014499674	0.8210024	0.03193981225611798	0.23291973943304334	degenerated	True	pain_ligand:FGF2
AF_outer	DC	FGF2	CD44	1.2681822	0.01	1.2658192	0.3726797046110662	0.3491425699028149	0.012164194	0.80773187	0.11458311243323929	0.23359338267881602	degenerated	True	pain_ligand:FGF2
Endothelial cells	Endothelial cells	VEGFA	ITGB3	0.21494615	1.0	0.045563173	0.5858699246190155	-0.3828671358681543	0.00605078	0.44352987	1.0	0.233931256840063	degenerated	True	pain_ligand:VEGFA
NP_mature_chondrocyte	NK cells	TNFSF12	TNFRSF12A	0.2229724	1.0	0.04561212	-0.4826676628756629	-0.7913309184580337	0.0011557163	0.44366238	1.0	0.23425274728245737	degenerated	True	pain_ligand:TNF
NP_mature_chondrocyte	CD16+ NK cells	TNFSF9	HLA-DPA1	0.23826836	0.01	0.045714147	0.22273236874301997	0.4824047843956577	0.00094925717	0.44393814	0.8705114944183492	0.2353778073473041	degenerated	True	pain_ligand:TNF
DC	AF_mechanical_stress	SEMA3C	NRP2_PLXNA3	0.22677982	0.71	0.0457225	-0.045478124407415325	-0.17280385703266132	0.008918452	0.4439607	1.0	0.23569918569277004	degenerated	True	pain_receptor:NRP2
NP_notochordal	NK cells	PTGS2	CAV1	1.3781941	0.0	1.1164976	0.34216141891369334	0.2644122610049595	0.006684808	0.7977963	0.16832215258708175	0.2357160447068074	degenerated	True	pain_ligand:PTGS2
Tem/Trm cytotoxic T cells	AF_outer	TNFSF9	PVR	0.23360984	0.0	0.045724817	0.2149128659804873	0.5611718442775719	0.013188471	0.44396695	0.14834095257241325	0.23602055500375502	degenerated	True	pain_ligand:TNF
Endothelial cells	NK cells	SLIT3	ROBO1	0.21394926	0.0	0.04573102	0.45145581948910574	0.5144896703972028	0.012176815	0.4439837	0.027972972209631516	0.2363418835347747	degenerated	True	pain_receptor:ROBO1
AF_mechanical_stress	AF_mechanical_stress	VEGFA	CD44	1.2658249	0.0	1.5941617	0.29491657396847076	0.1294382855915086	0.005520826	0.8250081	0.3779737840085864	0.2365867292804952	degenerated	True	pain_ligand:VEGFA
Macrophages	Fibroblasts	RTN4	NGFR	1.3537004	0.0	1.1144311	2.0962860852164336	0.9298759222562	0.03913209	0.7976468	0.005963467576966869	0.2366835686624869	degenerated	True	pain_receptor:NGFR
AF_mechanical_stress	AF_inner	VEGFA	ITGB1	1.2647723	0.0	1.5913068	0.15325532419114207	-0.02622262302508993	0.0072694346	0.82487863	0.7907195401696682	0.23818651218786116	degenerated	True	pain_ligand:VEGFA
AF_inner	AF_outer	PTGS2	CAV1	1.2644242	0.0	1.4931952	0.22214887469906558	0.35407883536033113	0.00894021	0.8202347	0.1396414407327176	0.23901243500495017	degenerated	True	pain_ligand:PTGS2
Macrophages	Memory B cells	VEGFA	CD44	1.2628522	0.01	1.564357	0.2933414905191755	0.6701789357453707	0.0054176077	0.82364154	0.3060695534065473	0.24076544716541176	degenerated	True	pain_ligand:VEGFA
NP_mature_chondrocyte	Endothelial cells	PDGFA	PDGFRB	0.21490487	0.01	0.04612855	0.10924508651941035	0.19771046218293473	0.0040098764	0.44505227	0.6610198642395431	0.24131942635946696	degenerated	True	pain_ligand:PDGFA
NP_stressed_degenerative	Plasma cells	PTGS2	CAV1	1.4465725	0.0	1.1053842	0.34682409968997235	0.8611116561156316	0.0066182693	0.7969882	0.16675799964674018	0.2413997822221484	degenerated	True	pain_ligand:PTGS2
CD16+ NK cells	AF_mechanical_stress	TNF	SEMA4C	0.22684321	0.0	0.046152547	0.5877233447722152	0.6914827909154536	0.004234959	0.44511652	0.1107745824803173	0.24164035991940533	degenerated	True	pain_ligand:TNF
Tem/Effector helper T cells	AF_inner	TNF	TRADD	0.24674594	0.0	0.046253644	0.5559248110217659	0.43118793484507767	0.0032965387	0.44538674	0.4679348898156775	0.24276339966987426	degenerated	True	pain_ligand:TNF
AF_mechanical_stress	Classical monocytes	NGF	KIDINS220	0.22848174	0.67	0.046321213	-0.07538081669114167	0.0003170117359475588	0.0033872111	0.44556707	1.0	0.2432446068281891	degenerated	True	pain_ligand:NGF
Memory B cells	Small pre-B cells	CXCL8	CD79A	1.3205235	0.0	1.0999591	7.661264664020676	1.504949297157098	0.008165122	0.7965899	0.015664401122371267	0.24345406589708826	degenerated	True	pain_ligand:CXCL8
DC	Macrophages	TNFSF13B	HLA-DPB1	1.4729487	0.0	1.0998013	2.5953372903577168	1.9405340082397928	0.026053898	0.7965783	0.0047718411162866355	0.24360107866877156	degenerated	True	pain_ligand:TNF
AF_inner	Plasma cells	NGF	KIDINS220	0.22483298	0.77	0.04634816	-0.07730200157480652	-0.19516726623714847	0.0033891813	0.44563887	1.0	0.2440465048954311	degenerated	True	pain_ligand:NGF
AF_inner	Macrophages	SEMA3C	NRP2_PLXNA3	0.21685183	1.0	0.04644291	0.000557813749821251	-0.19028595472381823	0.009058972	0.44589117	1.0	0.24500858045645985	degenerated	True	pain_receptor:NRP2
Macrophages	Naive B cells	TNFSF13B	HLA-DPB1	1.513653	0.0	1.0974493	2.6574226890619204	2.0908573365395666	0.02599818	0.7964048	0.004072827111791043	0.24502414378361104	degenerated	True	pain_ligand:TNF
CD16+ NK cells	AF_outer	CXCL8	SDC3	0.2594991	0.53	0.04648925	0.02187927668821497	-0.23815629274221264	0.0020012748	0.44601434	1.0	0.2453292119894056	degenerated	True	pain_ligand:CXCL8
DC	AF_outer	PDGFA	PDGFRB	0.21819842	0.23	0.046620104	0.11406103619074373	0.2921585060236617	0.004052607	0.4463616	0.6457500299376154	0.24741276599354942	degenerated	True	pain_ligand:PDGFA
Macrophages	NP_mature_chondrocyte	VEGFA	ITGB1	1.2567413	0.07	1.5510547	0.14210337321268007	0.07089549470887846	0.007085555	0.82302046	0.5102638204242224	0.24802887613515312	degenerated	True	pain_ligand:VEGFA
AF_outer	DC	VEGFA	CD44	1.2566154	0.03	1.2229439	0.2893627352480567	0.014247937715308967	0.0042352416	0.8050419	0.6657239158917749	0.24817704619193592	degenerated	True	pain_ligand:VEGFA
Endothelial cells	NP_mature_chondrocyte	VEGFA	SIRPA	0.21858405	1.0	0.0469432	-0.3523001113624516	-0.8257372877827187	0.00091030187	0.44721514	1.0	0.2488546120479364	degenerated	True	pain_ligand:VEGFA
AF_mechanical_stress	AF_mechanical_stress	SEMA3C	NRP2_PLXNA3	0.2308762	1.0	0.046961565	-0.04015710602678917	-0.16532413904023985	0.009160138	0.4472635	1.0	0.24917494509960805	degenerated	True	pain_receptor:NRP2
Plasma cells	Fibroblasts	VEGFA	ITGB3	0.22777052	0.97	0.046965707	0.31379307180445637	-0.4120413960036381	0.0062370365	0.44727442	1.0	0.2494151983462443	degenerated	True	pain_ligand:VEGFA
Plasma cells	Fibroblasts	VEGFA	TYRO3	0.22777052	0.97	0.046965707	0.005300938249070242	-0.4525703632751988	0.0070644347	0.44727442	1.0	0.2494151983462443	degenerated	True	pain_ligand:VEGFA
Mast cells	Fibroblasts	VEGFA	ITGB1	1.2548709	0.3	1.1362656	0.13378999470804653	0.40187836929181997	0.005190708	0.79920816	0.6273762327252121	0.25030493079978455	degenerated	True	pain_ligand:VEGFA
Tem/Trm cytotoxic T cells	AF_mechanical_stress	TNF	SEMA4C	0.22978467	0.0	0.047058553	0.5984102260810186	0.5943059713962516	0.004318094	0.44751853	0.19690456237356477	0.25093638777416605	degenerated	True	pain_ligand:TNF
AF_inner	Tem/Trm cytotoxic T cells	FGF2	CD44	1.2538652	0.0	1.4808309	0.3744235701231795	0.670703442696308	0.014230401	0.81962085	0.0362433777146858	0.25139654083305923	degenerated	True	pain_ligand:FGF2
DC	Tem/Effector helper T cells	VEGFA	CD44	1.2529227	0.05	1.4591763	0.2844071294599283	0.2678964610970086	0.0050533507	0.81852937	0.3701682813596149	0.2523906693176242	degenerated	True	pain_ligand:VEGFA
AF_mechanical_stress	DC	NGF	MAGED1	0.23138839	0.93	0.047203567	-0.18448617636215098	-0.30941749880620506	0.006487559	0.44789895	1.0	0.25301711305702296	degenerated	True	pain_ligand:NGF
AF_outer	NK cells	PTGS2	CAV1	1.3708683	0.0	1.0833412	0.33575531806357534	-0.18055232256474807	0.006486291	0.7953538	1.0	0.2533864441837161	degenerated	True	pain_ligand:PTGS2
NP_stressed_degenerative	DC	VEGFA	CD44	1.2518278	0.03	1.2051975	0.28469387508846283	0.6038334982705058	0.004173783	0.80389225	0.6010148728454646	0.25368549345934194	degenerated	True	pain_ligand:VEGFA
NP_mature_chondrocyte	AF_inner	FGF2	SDC2	1.251268	0.0	1.5576545	0.4592654577621513	0.5258724319543916	0.040530063	0.8233295	0.025792728184872955	0.25418426394685467	degenerated	True	pain_ligand:FGF2
NP_notochordal	Endothelial cells	PTGS2	CAV1	1.3433596	0.0	1.0821253	0.30957699721440957	0.28388492026346257	0.006479011	0.7952624	0.1790524357624365	0.25418426394685467	degenerated	True	pain_ligand:PTGS2
NP_stressed_degenerative	Endothelial cells	TNFSF13B	TFRC	0.232619	1.0	0.04729381	0.12633873977710974	0.17411398722875138	0.0016037432	0.4481351	1.0	0.25445700118233533	degenerated	True	pain_ligand:TNF
DC	AF_outer	TNFSF12	TNFRSF12A	1.2509813	0.0	1.5632213	1.0110378201565131	0.9494470342785577	0.03960878	0.8235888	0.005963467576966869	0.25458352874511303	degenerated	True	pain_ligand:TNF
CD16+ NK cells	AF_outer	NCAM1	ROBO1	0.23886737	0.0	0.0473527	0.6657714220341739	0.7368568393827942	0.0541442	0.44828898	0.005963467576966869	0.25509678816159576	degenerated	True	pain_receptor:ROBO1
Tem/Trm cytotoxic T cells	Endothelial cells	TNFSF9	PVR	0.2364543	0.0	0.047588944	0.2222894202659834	0.4962437826499259	0.013726145	0.44890448	0.13932496610912526	0.2576549421589772	degenerated	True	pain_ligand:TNF
Tem/Trm cytotoxic T cells	AF_mechanical_stress	TNFSF9	PVR	0.23649234	0.0	0.04761387	0.22238810087984145	0.4700916173932751	0.013733334	0.44896927	0.13922769761393225	0.25829423221701825	degenerated	True	pain_ligand:TNF
AF_outer	AF_inner	PDGFA	PDGFRA	0.23342448	1.0	0.047663763	-0.12630168447617673	-0.22206777059345784	0.0055500655	0.44909886	1.0	0.2589334229139819	degenerated	True	pain_ligand:PDGFA
Classical monocytes	Macrophages	CXCL8	SDC3	1.6380318	0.0	1.074288	1.5092345440994812	1.5260967156273249	0.046246078	0.79467	0.0021391653460692346	0.25909366818314417	degenerated	True	pain_ligand:CXCL8
Endothelial cells	Endothelial cells	CXCL8	SDC2	0.21884176	1.0	0.0477093	-0.4910118850296339	-1.4837540445400768	0.00029840722	0.44921696	1.0	0.2594127467899111	degenerated	True	pain_ligand:CXCL8
Tcm/Naive helper T cells	AF_outer	CXCL8	SDC3	0.2648207	0.56	0.047714304	0.02652880969908806	-0.3498247025336716	0.0020540112	0.44922996	1.0	0.25957251425759026	degenerated	True	pain_ligand:CXCL8
DC	AF_inner	TNFSF12	TNFRSF12A	1.245253	0.0	1.5493661	1.005506761843414	0.8381262680048196	0.039257716	0.8229411	0.005963467576966869	0.261815656037717	degenerated	True	pain_ligand:TNF
AF_mechanical_stress	DC	SEMA3B	NRP2_PLXNA1	0.2190249	0.0	0.04793228	0.3760431062573763	0.4069764756263782	0.072428584	0.44979388	0.06346471184544772	0.2624472038987441	degenerated	True	pain_receptor:NRP2
NP_mature_chondrocyte	Fibroblasts	TNFSF9	TRAF2	0.24677359	0.0	0.04797846	0.8993809380220092	0.27370607373494116	0.021827051	0.44991302	0.10350413227990742	0.2626068534107436	degenerated	True	pain_ligand:TNF
NP_mature_chondrocyte	Classical monocytes	ADAM10	IL6R	0.24004513	0.46	0.0479882	-0.0354403088362015	-0.020478354669913823	0.00089518825	0.44993815	1.0	0.2627664809455784	degenerated	True	pain_receptor:IL6R
DC	Fibroblasts	TNF	VSIR	1.2430575	0.0	1.481712	3.1099616214033365	1.5490361089721496	0.029578581	0.81966484	0.005963467576966869	0.26449875313063953	degenerated	True	pain_ligand:TNF
Macrophages	Macrophages	CXCL8	SDC3	1.6255703	0.0	1.0650758	1.4983469516937364	1.4369831521506522	0.045849513	0.7939665	0.0022043147311528524	0.26475247653707085	degenerated	True	pain_ligand:CXCL8
DC	NP_notochordal	GRN	TNFRSF1A	1.4388785	0.0	1.0645314	0.7497467088034787	0.8058997505826995	0.012164121	0.7939246	0.015747919226475067	0.26500630136624465	degenerated	True	pain_receptor:TNFRSF1A
AF_inner	AF_mechanical_stress	VEGFA	CD44	1.2423401	0.0	1.5389469	0.2720119835754199	0.20160345308962113	0.0053296085	0.82244897	0.3205397250699382	0.2655142150143686	degenerated	True	pain_ligand:VEGFA
AF_inner	AF_inner	VEGFA	ITGB1	1.2412875	0.0	1.5361907	0.1303507337980912	0.045942544473022595	0.007017653	0.8223181	0.5762876711677054	0.26663310755243425	degenerated	True	pain_ligand:VEGFA
Fibroblasts	AF_inner	PDGFC	FLT1	0.23147382	0.51	0.048133522	-0.01060657918358289	-0.10366977176609155	0.0034252703	0.45031238	1.0	0.26723387938292853	degenerated	True	pain_receptor:FLT1
Tem/Effector helper T cells	NP_mature_chondrocyte	TNF	TRADD	0.24932799	0.0	0.04815248	0.5617152742787643	0.42951141521411973	0.0034318706	0.45036104	0.4720160519848452	0.26755278413836436	degenerated	True	pain_ligand:TNF
Endothelial cells	NK cells	VEGFA	GPC1	0.22184393	1.0	0.04817983	-0.343610811755692	-0.7051918729859497	0.0021610956	0.45043138	1.0	0.2677122350874012	degenerated	True	pain_ligand:VEGFA
NP_notochordal	Fibroblasts	VEGFA	ITGB1	1.239744	0.24	1.0782683	0.11903717703393626	0.04825448393737264	0.0049257632	0.7949715	0.5692652072568769	0.2686724530206453	degenerated	True	pain_ligand:VEGFA
Tem/Effector helper T cells	AF_outer	TNFSF10	RIPK1	0.22859499	0.3	0.04826399	0.07774113565332091	0.13522863138311547	0.0046529444	0.4506474	0.6273762327252121	0.26946573890561193	degenerated	True	pain_ligand:TNF
AF_inner	Endothelial cells	TNFSF10	RIPK1	0.22068354	0.04	0.048314888	0.07380770260929542	0.056918854205625535	0.0046578506	0.45077786	0.547631277124585	0.27026254374640857	degenerated	True	pain_ligand:TNF
DC	Tem/Trm cytotoxic T cells	VEGFA	CD44	1.2382002	0.06	1.4320781	0.2698999880867193	0.3543084223128615	0.0049595055	0.81713295	0.388205032198259	0.27046217060101596	degenerated	True	pain_ligand:VEGFA
Macrophages	Macrophages	TNFSF13B	HLA-DPB1	1.4641688	0.0	1.0557748	2.569110509141424	2.0111026808090493	0.025010927	0.7932481	0.005128699830197299	0.2706158036376744	degenerated	True	pain_ligand:TNF
Fibroblasts	NP_mature_chondrocyte	TNFSF13B	HLA-DPB1	0.22211224	0.13	0.048359092	0.21406644566623156	0.06336968062751219	0.0011456095	0.45089108	1.0	0.2713778163763588	degenerated	True	pain_ligand:TNF
DC	NP_stressed_degenerative	TNF	VSIR	1.2366672	0.0	1.4626051	3.1012417894396123	2.370446895756867	0.029197162	0.8187036	0.001468177142138894	0.27169224976966166	degenerated	True	pain_ligand:TNF
NP_mature_chondrocyte	AF_mechanical_stress	VEGFA	CD44	1.2363135	0.0	1.5247779	0.2661352949443692	0.15710672260942538	0.005280539	0.82177263	0.32740990710446577	0.27220549402133676	degenerated	True	pain_ligand:VEGFA
NP_notochordal	AF_mechanical_stress	CXCL8	SDC2	1.2361641	0.0	1.5278885	0.47903372501622865	0.32403904207626555	0.00955648	0.8219218	0.11341016748317466	0.2724622263834126	degenerated	True	pain_ligand:CXCL8
NP_notochordal	Plasma cells	CXCL8	CD79A	1.2361085	0.0	1.5277499	4.725523781997035	1.6008756836060893	0.011340663	0.8219152	0.01470105625112284	0.2725649718230948	degenerated	True	pain_ligand:CXCL8
Macrophages	AF_inner	SEMA3C	NRP2_PLXNA3	0.24702585	0.62	0.048490677	-0.029788612455862753	-0.04426077550101942	0.009458401	0.4512275	1.0	0.27328898527784173	degenerated	True	pain_receptor:NRP2
NP_mature_chondrocyte	AF_inner	VEGFA	ITGB1	1.2352608	0.0	1.5220472	0.12447404516704051	0.0014458139928268388	0.006953042	0.8216413	0.7034464243251111	0.2735417536951305	degenerated	True	pain_ligand:VEGFA
NP_mature_chondrocyte	AF_inner	SEMA3C	NRP2_PLXNA3	0.24709025	1.0	0.048508078	-0.029705035808790702	-0.12172192995800585	0.009461795	0.4512719	1.0	0.2736074345044936	degenerated	True	pain_receptor:NRP2
AF_outer	Endothelial cells	PTGS2	CAV1	1.3360338	0.0	1.0499897	0.30317089636429156	-0.161079663306245	0.0062866053	0.7927972	1.0	0.2741593983580924	degenerated	True	pain_ligand:PTGS2
AF_mechanical_stress	AF_mechanical_stress	NGF	KIDINS220	0.23675293	1.0	0.04883206	-0.06414403520530895	-0.19467831947609637	0.0035708153	0.4520962	1.0	0.27599493482930065	degenerated	True	pain_ligand:NGF
AF_inner	Classical monocytes	NGF	KIDINS220	0.23259643	0.64	0.048832648	-0.06675501075748357	-0.007523884398621228	0.0035708582	0.45209774	1.0	0.2761540728986545	degenerated	True	pain_ligand:NGF
Classical monocytes	Endothelial cells	VEGFA	ITGB1	1.232233	0.31	1.2814516	0.1143243100623079	0.44396232916476097	0.0058539486	0.80868316	0.6417227897853943	0.27746327770040174	degenerated	True	pain_ligand:VEGFA
NP_mature_chondrocyte	AF_outer	FGF2	CD44	1.2315495	0.0	1.5118392	0.3648332606680974	0.5019658761656303	0.014528382	0.82114774	0.03928499369727036	0.27813636140390435	degenerated	True	pain_ligand:FGF2
AF_outer	NP_notochordal	ANGPT1	ITGA5	0.2337671	0.95	0.048958182	-0.002750331758410593	0.1385168416034369	0.0046120966	0.4524157	1.0	0.27838107234539927	degenerated	True	pain_ligand:ANGPT1
AF_mechanical_stress	Tcm/Naive helper T cells	FGF2	CD44	1.2308835	0.0	1.2815367	0.33974075076518145	0.4839274720539366	0.012315235	0.8086883	0.04890770727637008	0.2791732271043789	degenerated	True	pain_ligand:FGF2
AF_inner	Fibroblasts	FGF2	CD44	1.2303543	0.05	1.4360837	0.35125641672048613	0.3975617398420622	0.013800392	0.81734157	0.2207665811323996	0.2793288925688517	degenerated	True	pain_ligand:FGF2
Classical monocytes	Tcm/Naive helper T cells	VEGFA	CD44	1.2298009	0.08	1.2778257	0.2625076746285119	0.7585618148918134	0.004425306	0.8084639	0.5225437153919436	0.27989998664350535	degenerated	True	pain_ligand:VEGFA
AF_outer	NP_mature_chondrocyte	ADAM17	IL6R	0.22200716	0.92	0.04914266	-0.011442365022913105	-0.2182490365068775	0.0023887432	0.4528816	1.0	0.28060685760730253	degenerated	True	pain_receptor:IL6R
NP_mature_chondrocyte	NP_mature_chondrocyte	FGF2	SDC2	1.2275789	0.0	1.5026139	0.43478170122311843	0.44432573968072275	0.039097905	0.8206978	0.048630978928262986	0.28281478842639973	degenerated	True	pain_ligand:FGF2
DC	DC	TNFSF13B	HLA-DPB1	1.4006618	0.0	1.0363843	2.4663307270053387	1.793578375555226	0.02455157	0.7917239	0.005963467576966869	0.2832844406172633	degenerated	True	pain_ligand:TNF
Endothelial cells	Fibroblasts	VEGFA	GPC1	0.22491619	1.0	0.049345285	-0.33839922252716637	-0.7049775539995364	0.0022133715	0.45339143	1.0	0.28378447215175945	degenerated	True	pain_ligand:VEGFA
AF_inner	DC	TNFSF9	PVR	0.22278887	0.09	0.049403463	0.20972725067972212	0.25850158602582174	0.014249508	0.45353743	0.29853358658725165	0.28426089445148917	degenerated	True	pain_ligand:TNF
NP_mature_chondrocyte	Naive B cells	FGF2	CD44	1.2255279	0.0	1.4978483	0.35889894283184276	0.5930094925126717	0.014393933	0.82046396	0.04119170115367238	0.285742087231036	degenerated	True	pain_ligand:FGF2
AF_inner	DC	NGF	MAGED1	0.23550305	0.93	0.04976284	-0.17586037042849284	-0.31725839494077385	0.0068393005	0.4544358	1.0	0.28807029881182844	degenerated	True	pain_ligand:NGF
Classical monocytes	Plasma cells	PTGS2	CAV1	1.3609864	0.06	1.0278432	0.27197935711710935	0.3127683362289717	0.0061540077	0.79104084	0.24097969335961317	0.2885765431808076	degenerated	True	pain_ligand:PTGS2
AF_mechanical_stress	NK cells	NGF	SORT1	0.23996347	0.2	0.04980667	0.0857632525582123	0.07112545069091136	0.008261356	0.45454493	0.5098775617539264	0.28902211646494713	degenerated	True	pain_ligand:NGF
Mast cells	DC	VEGFA	CD44	1.2230576	0.12	1.0985525	0.2566353241941976	0.5490172586885809	0.0038044553	0.7964862	0.7358616050212289	0.28978732105052196	degenerated	True	pain_ligand:VEGFA
Tem/Trm cytotoxic T cells	DC	TNFSF9	TNFRSF9	0.23988768	0.0	0.049839035	0.46997737890472824	0.5746559911565694	0.011853252	0.45462543	0.017940161820316762	0.28997368005222734	degenerated	True	pain_ligand:TNF
DC	Macrophages	SEMA3C	NRP2_PLXNA1	0.23368236	0.61	0.04989608	0.048058069128456046	-0.11011729075887151	0.022203177	0.45476726	1.0	0.2915591453799	degenerated	True	pain_receptor:NRP2
Mast cells	AF_outer	CXCL8	SDC3	0.27505666	0.39	0.05007066	0.03547200937312149	0.08741093715630652	0.0021554476	0.4552003	1.0	0.2945698068821041	degenerated	True	pain_ligand:CXCL8
Mast cells	NP_mature_chondrocyte	TNF	SEMA4C	0.26497373	0.0	0.05011245	0.737726542274612	1.0180087452990048	0.0045983195	0.4553038	0.10350413227990742	0.2950449671487662	degenerated	True	pain_ligand:TNF
Classical monocytes	AF_outer	VEGFA	ITGB1	1.2186733	0.28	1.2612352	0.10145772632737676	0.6812285013548802	0.0057615964	0.80745	0.5959570085194534	0.2950757733119848	degenerated	True	pain_ligand:VEGFA
AF_inner	AF_outer	TNFSF10	TNFRSF10B	0.22519487	0.79	0.05012869	-0.005517527557774089	-0.16951121411865794	0.0034207723	0.45534393	1.0	0.295520071776588	degenerated	True	pain_ligand:TNF
AF_mechanical_stress	Tem/Temra cytotoxic T cells	VEGFA	CD44	1.218191	0.01	1.4649684	0.24797927783102816	0.5036879097350189	0.00507341	0.8188234	0.36633629162693654	0.29571301526526356	degenerated	True	pain_ligand:VEGFA
NK cells	Fibroblasts	VEGFA	ITGB1	1.2235293	0.32	1.0161009	0.10322369971711232	-0.11276144015094625	0.004641769	0.7900896	1.0	0.29682954416910334	degenerated	True	pain_ligand:VEGFA
AF_mechanical_stress	NP_mature_chondrocyte	VEGFA	NRP2	1.2166142	0.0	1.4606918	0.5110774879709334	0.5310467829087112	0.019554133	0.81860644	0.024798313404926175	0.29789452121322446	degenerated	True	pain_ligand:VEGFA; pain_receptor:NRP2
Fibroblasts	Macrophages	PDGFC	FLT1	0.23834226	0.5	0.050299454	0.0019356233152700436	-0.07924393205548486	0.0035794019	0.45576566	0.9699344691583972	0.29805304442690184	degenerated	True	pain_receptor:FLT1
DC	Fibroblasts	VEGFA	CD44	1.2146893	0.18	1.3888041	0.2467328346840259	0.08116671945861575	0.004809641	0.81482935	0.48542349013911534	0.30067075442400243	degenerated	True	pain_ligand:VEGFA
NP_mature_chondrocyte	NK cells	FGF2	CD44	1.2137923	0.0	1.4705813	0.347335106416173	0.4642032643937648	0.014131904	0.8191069	0.0459489936940008	0.3012058752442485	degenerated	True	pain_ligand:FGF2
CD16+ NK cells	Macrophages	TNF	FAS	0.2343272	0.01	0.050638165	0.5414174613031806	0.6130541119463742	0.002390618	0.45659816	0.7703282833540853	0.3020076667021291	degenerated	True	pain_ligand:TNF
AF_inner	NK cells	TNFSF10	RIPK1	0.22654249	0.14	0.050670512	0.08587061182939165	0.11528622074486372	0.0048849476	0.45667738	0.4340657668176339	0.3021657587855916	degenerated	True	pain_ligand:TNF
AF_inner	NP_mature_chondrocyte	ADAM17	IL6R	0.22565714	0.79	0.050675545	-0.004622743768255992	-0.21633093694318506	0.0024632541	0.45668972	1.0	0.30232387592869464	degenerated	True	pain_receptor:IL6R
AF_mechanical_stress	AF_mechanical_stress	PTGS2	CAV1	1.2127442	0.0	1.4576294	0.16897305524492506	-0.165715771189203	0.008727266	0.81845057	1.0	0.3025989491210378	degenerated	True	pain_ligand:PTGS2
Fibroblasts	Fibroblasts	VEGFA	ITGB1	1.2212327	0.32	1.0072953	0.10098382709845868	-0.31581567571969693	0.0046015433	0.78936696	1.0	0.30335011704496767	degenerated	True	pain_ligand:VEGFA
Naive B cells	Fibroblasts	VEGFA	TYRO3	0.24002224	0.9	0.05082923	0.017249579878266946	-0.3185501413247605	0.007645573	0.45706537	1.0	0.3039835143885737	degenerated	True	pain_ligand:VEGFA
Naive B cells	Fibroblasts	VEGFA	ITGB3	0.24002224	0.9	0.05082923	0.3257417134336531	-0.2780211740531998	0.006750111	0.45706537	1.0	0.3039835143885737	degenerated	True	pain_ligand:VEGFA
AF_mechanical_stress	AF_outer	TNFSF10	RIPK1	0.23659694	0.0	0.05091128	0.09203737231542437	0.012931306851384439	0.0049081594	0.45726556	0.6695841453417791	0.3053265533851992	degenerated	True	pain_ligand:TNF
Tem/Trm cytotoxic T cells	Memory B cells	CXCL8	CD79A	1.3285708	0.0	1.0035421	7.916998551663798	1.5423385517879915	0.0074494085	0.7890564	0.010548418119680275	0.3059314559980735	degenerated	True	pain_ligand:CXCL8
AF_mechanical_stress	Mast cells	VEGFA	CD44	1.2098937	0.01	1.4424644	0.23980320515712528	0.7609535347221987	0.0049954746	0.81767225	0.3808096222951082	0.3073333938420123	degenerated	True	pain_ligand:VEGFA
Mast cells	AF_inner	TNF	TRADD	0.26626754	0.0	0.051164955	0.6268508172986524	0.910722770051386	0.0036465724	0.45788234	0.10350413227990742	0.30880054995459155	degenerated	True	pain_ligand:TNF
DC	Macrophages	CXCL8	SDC3	1.5362442	0.0	0.9990418	1.4203018810098138	1.2006484800820756	0.04300687	0.78868216	0.004246856156872116	0.3093329656923277	degenerated	True	pain_ligand:CXCL8
Endothelial cells	AF_mechanical_stress	PDGFA	PDGFRB	0.25064832	0.0	0.05120222	0.18824975755538553	0.19293998912236013	0.0044509224	0.4579727	0.5157594295016432	0.3094318817375883	degenerated	True	pain_ligand:PDGFA
Mast cells	DC	TNFSF9	HLA-DPA1	1.4647639	0.0	0.99890745	3.0042818298747793	2.3582681781919606	0.020742377	0.788671	0.0017007793591056549	0.3095494343183055	degenerated	True	pain_ligand:TNF
AF_outer	Macrophages	TNFSF9	TNFRSF9	0.24328916	0.0	0.051239554	0.7109479753656139	0.37013015406727184	0.012186338	0.4580632	0.08326184505359638	0.3100631147762645	degenerated	True	pain_ligand:TNF
AF_mechanical_stress	Macrophages	SEMA3C	NRP2_PLXNA1	0.23777875	0.8	0.051248245	0.0533790875090822	-0.10263757276645004	0.022804873	0.45808426	1.0	0.31022089202078706	degenerated	True	pain_receptor:NRP2
NP_notochordal	DC	VEGFA	CD44	1.2079306	0.07	1.04248	0.24188250652008733	0.19539337333413354	0.0036102678	0.79220706	0.8194548187750363	0.31036179367897027	degenerated	True	pain_ligand:VEGFA
DC	AF_inner	GRN	TNFRSF1A	1.4250903	0.0	0.9971955	0.7329142669081922	0.5796273140063355	0.01139469	0.78852797	0.021420092246232897	0.3105785976102896	degenerated	True	pain_receptor:TNFRSF1A
AF_mechanical_stress	Macrophages	SEMA3B	NRP2_PLXNA3	0.22685102	0.02	0.051261973	0.30311539891921496	0.2878662500208578	0.03395377	0.45811746	0.14989686201302985	0.3106942179074975	degenerated	True	pain_receptor:NRP2
Macrophages	DC	TNFSF13B	HLA-DPB1	1.391882	0.0	0.9948964	2.440103945789046	1.8641470481244822	0.02356874	0.78833544	0.005963467576966869	0.3125323431842417	degenerated	True	pain_ligand:TNF
AF_inner	AF_mechanical_stress	NGF	KIDINS220	0.24086758	1.0	0.051479626	-0.05551822927165084	-0.20251921561066516	0.003764417	0.4586434	1.0	0.31306004558873957	degenerated	True	pain_ligand:NGF
AF_outer	Plasma cells	ANGPT1	ITGB1	0.24191879	1.0	0.051539697	-0.44385060759516215	-0.653250568799002	0.0017829669	0.4587882	1.0	0.3133753906361914	degenerated	True	pain_ligand:ANGPT1
DC	Fibroblasts	TNF	TNFRSF1A	1.2047737	0.0	1.367243	2.861915659711618	1.4465274747897845	0.033856705	0.813646	0.003417710480820774	0.3142187491741706	degenerated	True	pain_ligand:TNF; pain_receptor:TNFRSF1A
Tem/Trm cytotoxic T cells	Macrophages	TNF	FAS	0.23726866	0.0	0.051632226	0.5521043426119839	0.5158772924271722	0.0024375473	0.4590109	0.30118209235341226	0.3149516835066758	degenerated	True	pain_ligand:TNF
Macrophages	Endothelial cells	PDGFA	PDGFRB	0.22818229	0.1	0.051637378	0.1373650779272319	0.31171957679145224	0.0044887494	0.4590233	0.5060910210370152	0.31526688052939994	degenerated	True	pain_ligand:PDGFA
AF_inner	AF_inner	PIGF	FLT1	0.23724082	0.0	0.051654562	0.064503858393236	0.08604996919785124	0.008174733	0.4590646	0.5115529344678265	0.3155820528839024	degenerated	True	pain_receptor:FLT1
Memory B cells	Naive B cells	CXCL8	CD79A	1.2143013	0.0	0.9898837	6.893972631808533	1.4699135788073021	0.00734802	0.78791374	0.026482003508866127	0.3162363680085789	degenerated	True	pain_ligand:CXCL8
AF_inner	Tcm/Naive helper T cells	TNFSF10	TNFRSF10B	0.22918676	0.52	0.051733658	0.00102498394756543	0.11284551028198397	0.0035302949	0.45925456	0.9526661544703546	0.31715751354599264	degenerated	True	pain_ligand:TNF
Macrophages	Classical monocytes	TNF	VSIR	1.2025697	0.0	1.4285438	2.873606884932328	2.2128020026601782	0.028517213	0.8169483	0.0022080236305371285	0.31743848222473725	degenerated	True	pain_ligand:TNF
AF_outer	Naive B cells	ANGPT1	ITGB1	0.24281518	1.0	0.05182357	-0.44300003983950376	-0.5929116799856077	0.0017927872	0.45947018	1.0	0.3179450126683532	degenerated	True	pain_ligand:ANGPT1
Endothelial cells	AF_inner	ANGPT2	ITGA5_ITGB1	0.22951293	0.04	0.051835995	0.42786792572561844	0.11520649807342814	0.0029727784	0.45949998	1.0	0.3185748823338757	degenerated	True	pain_ligand:ANGPT2
Mast cells	Macrophages	TNFSF9	HLA-DPA1	1.4464872	0.0	0.98450696	2.962430229251395	2.4613537422148903	0.02044335	0.7874583	0.0018783948779117062	0.3198482912799432	degenerated	True	pain_ligand:TNF
AF_mechanical_stress	DC	NGF	SORT1	0.24699455	0.21	0.051941074	0.097890433562264	0.019765284618950385	0.008615385	0.4597515	0.6490602294016756	0.31999178292736374	degenerated	True	pain_ligand:NGF
AF_outer	Fibroblasts	PIGF	FLT1	0.23031609	0.25	0.0519562	0.06172385141604552	0.06381638620645114	0.00822247	0.45978764	0.5521233618152372	0.3203065542851615	degenerated	True	pain_receptor:FLT1
Macrophages	NP_mature_chondrocyte	GRN	TNFRSF1A	1.2197572	0.0	0.9822323	0.5265571882495887	0.4932158812120139	0.01122371	0.78726465	0.033381898552982514	0.32210046998341546	degenerated	True	pain_receptor:TNFRSF1A
Endothelial cells	AF_inner	VEGFA	SIRPA	0.23245445	1.0	0.052204914	-0.32973002597143436	-0.779974166612814	0.0010123347	0.46038076	1.0	0.3226667403528696	degenerated	True	pain_ligand:VEGFA
AF_outer	Tcm/Naive helper T cells	FGF2	CD44	1.1985581	0.0	1.170716	0.30407367704014227	0.5331993784828087	0.011250278	0.801594	0.06752364908142001	0.3234768317738131	degenerated	True	pain_ligand:FGF2
Macrophages	NP_mature_chondrocyte	SEMA3C	NRP2_PLXNA3	0.25246748	0.58	0.052397422	-0.01557283386588168	-0.03737287663269104	0.010220435	0.46083802	1.0	0.32502554016391316	degenerated	True	pain_receptor:NRP2
Endothelial cells	NP_stressed_degenerative	VEGFA	SIRPA	0.2329717	1.0	0.052401125	-0.3288884235577283	-0.4048962497634468	0.0010161396	0.46084678	1.0	0.325182731781982	degenerated	True	pain_ligand:VEGFA
NP_mature_chondrocyte	NP_mature_chondrocyte	SEMA3C	NRP2_PLXNA3	0.2525319	1.0	0.052416224	-0.01548925721880963	-0.11483403108967746	0.010224103	0.46088257	1.0	0.3258114987809431	degenerated	True	pain_receptor:NRP2
Fibroblasts	Macrophages	TNFSF9	TNFRSF9	0.24506249	0.03	0.05241865	0.7146421131700296	0.3082301613756959	0.012466763	0.46088833	0.1760704091790426	0.3259686596066014	degenerated	True	pain_ligand:TNF
AF_outer	Tem/Temra cytotoxic T cells	ANGPT1	ITGB1	0.2448142	1.0	0.05245663	-0.44110321131705954	-0.46745051914424796	0.0018146873	0.4609783	1.0	0.3264401361873141	degenerated	True	pain_ligand:ANGPT1
Tem/Trm cytotoxic T cells	AF_outer	CXCL8	SDC3	0.2854998	0.42	0.05247472	0.04459631366102877	-0.32516153165711437	0.002258938	0.46102116	1.0	0.326597303429785	degenerated	True	pain_ligand:CXCL8
AF_inner	NK cells	NGF	SORT1	0.24407813	0.16	0.05250708	0.0943890584918704	0.06328455455634258	0.008709268	0.46109775	0.5313170402643864	0.3270687061117964	degenerated	True	pain_ligand:NGF
Macrophages	AF_outer	VEGFA	CD44	1.1948774	0.0	1.4163915	0.22636137686476238	0.3637192624905219	0.0049051805	0.8163086	0.4007336222612941	0.3280080206030803	degenerated	True	pain_ligand:VEGFA
AF_inner	Tem/Temra cytotoxic T cells	VEGFA	CD44	1.1947062	0.01	1.4142282	0.2250746874379773	0.5758530772331314	0.0048976885	0.816194	0.4021322013117736	0.3281742745163959	degenerated	True	pain_ligand:VEGFA
AF_inner	Memory B cells	FGF2	CD44	1.194474	0.0	1.367794	0.31590079185104686	0.7107726851284596	0.013144147	0.8136766	0.06044517988134275	0.32839598455213864	degenerated	True	pain_ligand:FGF2
Tem/Effector helper T cells	AF_outer	TNF	FAS	0.25548574	0.0	0.052680895	0.6348512085449529	0.48594917193364384	0.0024870546	0.46150836	0.35475955266433906	0.3295819385566089	degenerated	True	pain_ligand:TNF
AF_inner	NP_mature_chondrocyte	VEGFA	NRP2	1.1931293	0.0	1.4100997	0.4881728975778825	0.6032119504068237	0.018876862	0.8159746	0.01387909242721352	0.3305053874325193	degenerated	True	pain_ligand:VEGFA; pain_receptor:NRP2
NP_mature_chondrocyte	NP_mature_chondrocyte	PTGS2	CAV1	1.1923151	0.0	1.4195668	0.14561841383662832	-0.09724640464367873	0.008499375	0.81647646	1.0	0.3315621467953429	degenerated	True	pain_ligand:PTGS2
Fibroblasts	NK cells	TNFSF13B	HLA-DPB1	0.2337196	0.12	0.052790582	0.23478160373237172	0.13753639782337412	0.0012505898	0.46176684	1.0	0.3316227834085797	degenerated	True	pain_ligand:TNF
AF_inner	NP_mature_chondrocyte	TNFSF10	TNFRSF10B	0.23187502	0.38	0.052814487	0.005430892110971296	-0.09517732840007215	0.0036040505	0.46182308	1.0	0.3320935951240775	degenerated	True	pain_ligand:TNF
NP_mature_chondrocyte	Endothelial cells	TNFSF9	HLA-DPA1	0.26518115	0.0	0.05287903	0.2843593070928502	0.3082463533842055	0.0010980364	0.4619749	0.8143099351774139	0.3325643514559241	degenerated	True	pain_ligand:TNF
NK cells	DC	VEGFA	CD44	1.191716	0.09	0.982376	0.22606902920326338	0.03437744924581465	0.0034021183	0.787277	0.9251749028466768	0.3326202172557866	degenerated	True	pain_ligand:VEGFA
NP_mature_chondrocyte	AF_mechanical_stress	FGF2	SDC2	1.1916503	0.0	1.4191351	0.39764855123904297	0.3649321472324576	0.036925796	0.8164537	0.08651578024743435	0.33273168807744946	degenerated	True	pain_ligand:FGF2
AF_outer	CD16+ NK cells	TNFSF9	HLA-DPA1	0.24877492	0.01	0.05293055	0.24461827671595313	0.5494632759905613	0.0010991063	0.46209592	0.7726694159590444	0.3333488326082509	degenerated	True	pain_ligand:TNF
Tem/Trm cytotoxic T cells	Small pre-B cells	CXCL8	CD79A	1.2894034	0.0	0.96782947	7.634074944420499	1.3389930821283131	0.007184309	0.78602505	0.015965187986483418	0.3335680869506562	degenerated	True	pain_ligand:CXCL8
AF_outer	Endothelial cells	VEGFA	ITGB1	1.1894233	0.06	1.1342715	0.07257334311092882	-0.11629473943174962	0.005181598	0.7990672	1.0	0.3364741510519566	degenerated	True	pain_ligand:VEGFA
Fibroblasts	DC	VEGFA	CD44	1.1894193	0.16	0.9738627	0.22382915658460975	-0.16867678632293603	0.0033726352	0.78654724	1.0	0.33653012060333937	degenerated	True	pain_ligand:VEGFA
DC	AF_mechanical_stress	VEGFA	ITGB1	1.189352	0.26	1.3421683	0.07594221792779342	-0.21496692741097967	0.006131316	0.81223863	1.0	0.3366981401477208	degenerated	True	pain_ligand:VEGFA
Fibroblasts	Endothelial cells	ANGPT1	ITGB1	1.1891274	0.0	1.1332545	0.842963390357316	0.7445070858700948	0.039203867	0.7989952	0.005963467576966869	0.3370341914862895	degenerated	True	pain_ligand:ANGPT1
Macrophages	Naive B cells	VEGFA	CD44	1.1888559	0.06	1.403284	0.22042705902850773	0.4547628788375633	0.004859787	0.8156105	0.41114808554869936	0.33731430732025325	degenerated	True	pain_ligand:VEGFA
NP_mature_chondrocyte	Tem/Temra cytotoxic T cells	VEGFA	CD44	1.1886796	0.01	1.4012074	0.2191979988069266	0.5313563467529356	0.004852596	0.8154992	0.41339805230390775	0.3375945606562175	degenerated	True	pain_ligand:VEGFA
Classical monocytes	Macrophages	TNFSF13B	TFRC	1.1886294	0.0	1.4016006	1.9440346538616222	1.919109716180079	0.047528572	0.8155203	0.0005672781297400866	0.337650604786216	degenerated	True	pain_ligand:TNF
Mast cells	NP_mature_chondrocyte	TNF	TRADD	0.26884958	0.0	0.05326541	0.6326412805556508	0.9090462504204281	0.0037962738	0.46287978	0.10350413227990742	0.3383658453226737	degenerated	True	pain_ligand:TNF
AF_mechanical_stress	AF_mechanical_stress	PDGFA	PDGFRB	0.25787503	0.0	0.05326677	0.20355515335208293	0.15999303377439164	0.00463039	0.46288294	0.468407784746812	0.33852254483784666	degenerated	True	pain_ligand:PDGFA
Tem/Effector helper T cells	DC	TNFSF10	RIPK1	0.23718113	0.28	0.05327443	0.09541913568130489	0.18694462738325934	0.0051359814	0.46290082	0.5959570085194534	0.33867920724838196	degenerated	True	pain_ligand:TNF
NP_mature_chondrocyte	NP_mature_chondrocyte	VEGFA	NRP2	1.1871028	0.0	1.397117	0.48229620894683184	0.558715219926628	0.018703064	0.8152791	0.01981877447641102	0.3396150274929671	degenerated	True	pain_ligand:VEGFA; pain_receptor:NRP2
AF_outer	Tcm/Naive helper T cells	VEGFA	CD44	1.1869913	0.0	1.131062	0.2207567076771328	0.19830474629530281	0.003917041	0.7988396	0.6950458191474953	0.33995228527501065	degenerated	True	pain_ligand:VEGFA
Mast cells	Memory B cells	CXCL8	CD79A	1.3181278	0.0	0.95756614	7.907874247375891	1.9549110206014124	0.0071081235	0.7851271	0.0021909179169191458	0.3407396071872777	degenerated	True	pain_ligand:CXCL8
AF_inner	Mast cells	VEGFA	CD44	1.1864088	0.02	1.3925035	0.2168986147640744	0.8331187022203113	0.004822453	0.8150299	0.42020338483532005	0.34085216024181625	degenerated	True	pain_ligand:VEGFA
AF_outer	Memory B cells	ANGPT1	ITGA5	0.24818613	0.46	0.053524468	0.017239817217418768	0.309039870805927	0.005042263	0.46348295	0.8603891213175118	0.34196794532913594	degenerated	True	pain_ligand:ANGPT1
AF_inner	NP_mature_chondrocyte	TNFSF10	RIPK1	0.23372288	0.0	0.053557433	0.1006543272507858	0.05713601925238915	0.0051632645	0.4635595	0.547088278347858	0.34228102446168485	degenerated	True	pain_ligand:TNF
NP_stressed_degenerative	Endothelial cells	VEGFA	ITGB1	1.1846358	0.09	1.1178118	0.06790448295133496	0.4732908211234472	0.0051064068	0.79789114	0.4990243973547716	0.3433317709381348	degenerated	True	pain_ligand:VEGFA
Fibroblasts	AF_mechanical_stress	FGF2	FGFR2	0.25125235	0.72	0.053658217	-0.1376149173510738	-0.4221038139624148	0.015288421	0.46379325	1.0	0.3433765923645611	degenerated	True	pain_ligand:FGF2
AF_outer	NP_stressed_degenerative	ANGPT1	ITGA5	0.24958749	0.75	0.05396826	0.01918260182025884	0.3932997575496827	0.00508407	0.46450976	1.0	0.3465050787406014	degenerated	True	pain_ligand:ANGPT1
AF_inner	Macrophages	PIGF	FLT1	0.24410924	0.24	0.053978935	0.07704606089208893	0.11047580890845793	0.008542583	0.4645343	0.5377712525974897	0.3468178014906655	degenerated	True	pain_receptor:FLT1
Mast cells	Naive B cells	TNFSF9	HLA-DPA1	1.4027553	0.0	0.95004994	2.862289418867718	2.4554090750160302	0.019727848	0.78446174	0.0022510750770605593	0.34706464485372995	degenerated	True	pain_ligand:TNF
NP_stressed_degenerative	Tcm/Naive helper T cells	VEGFA	CD44	1.1822038	0.0	1.1146489	0.2160878475175389	0.7878903068504997	0.0038601998	0.7976626	0.7017832258545154	0.34712131163188675	degenerated	True	pain_ligand:VEGFA
Macrophages	NP_mature_chondrocyte	PTGS2	CAV1	1.1810013	0.03	1.3936116	0.13572466824840979	-0.014306079798963145	0.008343973	0.8150899	0.7520952776195586	0.34808547952644664	degenerated	True	pain_ligand:PTGS2
Fibroblasts	CD16+ NK cells	TNFSF9	HLA-DPA1	0.25054824	0.09	0.054148555	0.2483124145203688	0.48756328329898535	0.0011243983	0.46492457	1.0	0.3490061110531749	degenerated	True	pain_ligand:TNF
NP_mature_chondrocyte	Mast cells	VEGFA	CD44	1.1803823	0.05	1.3796828	0.21102192613302373	0.7886219717401155	0.004778053	0.8143317	0.4323571288370127	0.3490507117506645	degenerated	True	pain_ligand:VEGFA
CD16+ NK cells	Endothelial cells	TNF	SEMA4C	0.24033558	0.0	0.054239355	0.6266980198735891	0.7115134134191805	0.0049770046	0.46513298	0.10350413227990742	0.3504122701457779	degenerated	True	pain_ligand:TNF
Macrophages	AF_mechanical_stress	SEMA3C	NRP2_PLXNA3	0.25510305	0.57	0.054289598	-0.008687515855862457	-0.041652200323572364	0.010589516	0.46524817	1.0	0.3508808690344037	degenerated	True	pain_receptor:NRP2
DC	Memory B cells	VEGFA	CD44	1.1788089	0.12	1.3227627	0.2113772098145866	0.3943776647450131	0.0045809294	0.8111256	0.48097278679426847	0.3513260327081205	degenerated	True	pain_ligand:VEGFA
Tem/Effector helper T cells	Macrophages	TNFSF10	TNFRSF10D	0.23894846	0.62	0.054305755	-0.00890433676659444	0.01474246964317566	0.0048858724	0.46528515	1.0	0.3513494126696878	degenerated	True	pain_ligand:TNF
NP_mature_chondrocyte	AF_mechanical_stress	SEMA3C	NRP2_PLXNA3	0.25516745	1.0	0.054309078	-0.008603939208790407	-0.11911335478055879	0.010593316	0.46529275	1.0	0.3515055713185955	degenerated	True	pain_receptor:NRP2
Tem/Effector helper T cells	AF_mechanical_stress	TNFSF10	RIPK1	0.23898555	0.24	0.054327402	0.09913427673107957	0.1862796114341267	0.005237494	0.46533474	0.5377712525974897	0.35197407214008775	degenerated	True	pain_ligand:TNF
Endothelial cells	DC	CXCL2	DPP4	0.23336414	0.16	0.054353546	0.11172438701110012	-0.0026181332878458807	0.005397885	0.4653946	0.7160652774743701	0.35228633419326144	degenerated	True	pain_ligand:CXCL2
AF_inner	AF_mechanical_stress	TNFSF9	HLA-DPA1	0.23335475	0.0	0.054432847	0.20063599779025507	0.1774871190081757	0.0011303015	0.465576	1.0	0.35384739958247613	degenerated	True	pain_ligand:TNF
Macrophages	NK cells	VEGFA	CD44	1.1771203	0.02	1.3777384	0.20886322261283796	0.3259566507186564	0.0047713188	0.8142251	0.4341798557920994	0.3540070146952181	degenerated	True	pain_ligand:VEGFA
DC	AF_outer	PTGS2	CAV1	1.1768483	0.19	1.2148186	0.14556435328463543	0.17790584125144904	0.0072734854	0.8045182	0.4614147132364647	0.35429271492903164	degenerated	True	pain_ligand:PTGS2
Fibroblasts	Classical monocytes	PDGFC	FLT1	0.25159895	0.54	0.054479897	0.026143382709302415	0.19373157959426218	0.00387689	0.46568346	0.9827094153343124	0.3547837318943825	degenerated	True	pain_receptor:FLT1
AF_outer	AF_outer	VEGFA	ITGB1	1.1758636	0.0	1.1163771	0.05970675937599769	0.12097143275836963	0.0050998526	0.7977876	0.5301895246679889	0.355951505725962	degenerated	True	pain_ligand:VEGFA
Fibroblasts	AF_outer	ANGPT1	ITGB1	1.1755679	0.0	1.1153762	0.8300968066223849	0.9817732580602141	0.038585383	0.79771525	0.005963467576966869	0.3564096544833227	degenerated	True	pain_ligand:ANGPT1
AF_inner	DC	NGF	SORT1	0.25110924	0.19	0.054757204	0.10651623949592211	0.011924388484381598	0.009082492	0.46631515	0.6729062539806229	0.35681171465448397	degenerated	True	pain_ligand:NGF
AF_mechanical_stress	AF_inner	NGF	KIDINS220	0.25641727	1.0	0.054801486	-0.037429073713464586	-0.14767507070269154	0.004007326	0.46641576	1.0	0.3575914343130946	degenerated	True	pain_ligand:NGF
DC	NP_mature_chondrocyte	VEGFA	ITGB1	1.1726978	0.31	1.3115147	0.06013909250809118	-0.2049057762914791	0.005991284	0.8104706	1.0	0.36037077933069595	degenerated	True	pain_ligand:VEGFA
Fibroblasts	Fibroblasts	FGF2	ITGB3	0.2531183	0.64	0.054959014	0.3891259234474447	-0.29940473147077623	0.020252392	0.46677294	1.0	0.36055298285269954	degenerated	True	pain_ligand:FGF2
Fibroblasts	Fibroblasts	FGF2	FGFR2	0.2531183	0.75	0.054959014	-0.1330162693294213	-0.46931940002869293	0.015659045	0.46677294	1.0	0.36055298285269954	degenerated	True	pain_ligand:FGF2
Mast cells	AF_outer	TNFSF9	PVR	0.26674992	0.04	0.05497369	0.283946485403534	0.8574772293729397	0.015856136	0.46680617	0.19940486760830795	0.36086457009639683	degenerated	True	pain_ligand:TNF
NP_stressed_degenerative	AF_outer	VEGFA	ITGB1	1.171076	0.0	1.100177	0.05503789921640383	0.7105569933135665	0.0050258473	0.79660594	0.5472918555458415	0.36267496239232244	degenerated	True	pain_ligand:VEGFA
AF_inner	Fibroblasts	FGF2	SDC2	1.1705295	0.04	1.3222216	0.36847841648043983	0.39789685020010357	0.034404118	0.8110942	0.19940486760830795	0.3631942516138089	degenerated	True	pain_ligand:FGF2
Macrophages	AF_outer	TNFSF13B	CD40	0.27612466	0.0	0.055230167	0.5281958903674477	0.40050829283209366	0.0045837546	0.46738544	0.47998791242981476	0.36475764934998745	degenerated	True	pain_ligand:TNF
Tem/Trm cytotoxic T cells	Endothelial cells	TNF	SEMA4C	0.24327704	0.0	0.055304106	0.6373849011823924	0.6143365938999785	0.005074706	0.467552	0.17530672382278148	0.36569140603447814	degenerated	True	pain_ligand:TNF
NP_mature_chondrocyte	AF_mechanical_stress	FGF2	CD44	1.1686358	0.0	1.3656619	0.30283880561625687	0.22100592284881726	0.013123657	0.8135583	0.22172064334185132	0.36654754293342906	degenerated	True	pain_ligand:FGF2
DC	Macrophages	GRN	TNFRSF1A	1.4103999	0.0	0.9254535	0.7149805811711406	0.6017570098029515	0.010574913	0.78223586	0.02910600600503741	0.36834476386148646	degenerated	True	pain_receptor:TNFRSF1A
Small pre-B cells	NP_stressed_degenerative	ADAM10	IL6R	1.1670749	0.0	1.3193728	1.4476537613820986	2.09999216632637	0.024612028	0.81092894	0.005963467576966869	0.36863497992144223	degenerated	True	pain_receptor:IL6R
NP_mature_chondrocyte	AF_outer	PDGFA	PDGFRB	0.23601414	0.0	0.055516202	0.15179268791079562	0.3280276883103276	0.0048259296	0.46802852	0.41942458678038064	0.3688023761953536	degenerated	True	pain_ligand:PDGFA
AF_outer	Fibroblasts	TNFSF9	TRAF2	0.25728014	0.0	0.055552304	0.9212668459949425	0.3407645653298447	0.025272656	0.46810943	0.10144952893951209	0.36895784808954235	degenerated	True	pain_ligand:TNF
AF_mechanical_stress	Tem/Effector helper T cells	FGF2	CD44	1.1665866	0.0	1.1853967	0.276384234777184	0.33906187126325893	0.011391355	0.80258316	0.10283705044044845	0.36991296164061155	degenerated	True	pain_ligand:FGF2
Mast cells	Small pre-B cells	CXCL8	CD79A	1.2789603	0.0	0.9234896	7.624950640132592	1.751565550941734	0.0068551693	0.78205484	0.006637619205289489	0.3703199317443521	degenerated	True	pain_ligand:CXCL8
AF_outer	NP_mature_chondrocyte	ANGPT1	ITGA5	0.25502113	0.51	0.055689007	0.02671566077850701	0.023029844194289273	0.0052461727	0.4684154	0.9375164864612401	0.37051235303376273	degenerated	True	pain_ligand:ANGPT1
AF_inner	AF_inner	IL11	IL6R	0.24500611	0.0	0.05576487	0.06126883201159687	-0.08398103468678503	0.003705972	0.4685849	0.986405008204477	0.37160014823620585	degenerated	True	pain_receptor:IL6R
Classical monocytes	Tem/Effector helper T cells	VEGFA	CD44	1.1655042	0.18	1.181964	0.19915115864051441	0.6136962141011357	0.0040933224	0.8023533	0.6315771019422108	0.3717166450266376	degenerated	True	pain_ligand:VEGFA
Classical monocytes	Mast cells	TNFSF13B	TFRC	1.1637552	0.0	1.3477426	1.9148493677597038	2.299413024849949	0.045702234	0.8125545	0.0007158796410757332	0.373757232996592	degenerated	True	pain_ligand:TNF
Macrophages	Fibroblasts	TNF	VSIR	1.1632271	0.0	1.3234715	2.8199216671595853	1.6291162601393951	0.026419716	0.81116664	0.005963467576966869	0.37428270609991643	degenerated	True	pain_ligand:TNF
DC	NP_notochordal	TNF	VSIR	1.162909	0.0	1.242067	3.0005949339604783	1.88710945229339	0.024794683	0.80625665	0.003228944845544744	0.3749837255567793	degenerated	True	pain_ligand:TNF
NP_mature_chondrocyte	DC	FGF2	FGFRL1	0.744412	0.11	0.3799956	0.12923283865950125	0.11991302818465094	0.020671314	0.6971329	0.3975734574056037	0.37550931367535473	degenerated	True	pain_ligand:FGF2
AF_mechanical_stress	NP_mature_chondrocyte	NGF	KIDINS220	0.26032382	0.98	0.055987384	-0.03212188154709962	-0.16128806047667327	0.004094044	0.4690808	1.0	0.37563786873941063	degenerated	True	pain_ligand:NGF
Fibroblasts	Naive B cells	TNFSF9	HLA-DPA1	1.2846128	0.0	0.38023606	2.616188403860051	1.6408334589148104	0.007895627	0.69719964	0.011860479446527409	0.3760190882983614	degenerated	True	pain_ligand:TNF
Naive B cells	AF_mechanical_stress	VEGFA	CD44	0.74895704	0.94	0.37896168	-0.20916501543781435	-0.523953581632445	0.0013124022	0.6968451	1.0	0.3764017218879345	degenerated	True	pain_ligand:VEGFA
CD16+ NK cells	DC	TNF	TRADD	0.24328057	0.03	0.056004472	0.5008593401530231	0.6396858347628813	0.0039914893	0.46911874	0.6685583710648515	0.376413850768227	degenerated	True	pain_ligand:TNF
Macrophages	Tem/Temra cytotoxic T cells	TNF	VSIR	0.80944115	0.0	0.37861615	2.337161741485101	1.3221184218036584	0.007558101	0.69674873	0.05518796039525203	0.3770825552798013	degenerated	True	pain_ligand:TNF
Naive B cells	AF_inner	VEGFA	ITGB1	0.7479044	1.0	0.37828302	-0.35082626521514304	-0.6796144902490435	0.0017280788	0.69665575	1.0	0.37784965895570133	degenerated	True	pain_ligand:VEGFA
Tcm/Naive helper T cells	Memory B cells	CXCL8	CD79A	1.3078918	0.0	0.9125025	7.898931047701857	1.5176753809114343	0.0067736115	0.78103316	0.011451596446285052	0.37914194447500466	degenerated	True	pain_ligand:CXCL8
NP_notochordal	Fibroblasts	GRN	TNFRSF1A	1.1599319	0.02	1.285224	0.4990875110380866	0.748467043898856	0.014685916	0.8089104	0.14989686201302985	0.37914194447500466	degenerated	True	pain_receptor:TNFRSF1A
AF_outer	AF_mechanical_stress	TNFSF12	TNFRSF12A	0.80778015	0.0	0.38181135	0.1433428768280783	0.1958684731130311	0.009674307	0.6976358	0.27167570627209003	0.37930116940606984	degenerated	True	pain_ligand:TNF
AF_mechanical_stress	DC	TNFSF10	RIPK1	0.24518308	0.12	0.056196544	0.10971537234340835	0.06464730285152831	0.005417691	0.46954513	0.526817743195253	0.37951637179380104	degenerated	True	pain_ligand:TNF
Macrophages	Tem/Temra cytotoxic T cells	TNF	NOTCH1	0.8107413	0.0	0.3820886	2.7970672054121657	1.8274806613976917	0.029243149	0.69771236	0.004585858394659253	0.37985711172207237	degenerated	True	pain_ligand:TNF
Plasma cells	NK cells	VEGFA	CD44	0.7818619	0.95	0.37705827	-0.1766173562670949	-0.4147764620379357	0.0013058104	0.696313	1.0	0.38019957280894473	degenerated	True	pain_ligand:VEGFA
AF_mechanical_stress	AF_inner	TNFSF10	TNFRSF11B	0.76515067	0.0	0.37626633	0.2592634386951961	0.25710823814416195	0.019925501	0.6960907	0.17549743248211866	0.38144260094027393	degenerated	True	pain_ligand:TNF
Macrophages	NP_stressed_degenerative	TNF	VSIR	1.156837	0.0	1.3064052	2.811201835195861	2.4505270469241127	0.02607903	0.8101706	0.0025454926448349856	0.38408467814257136	degenerated	True	pain_ligand:TNF
Tem/Effector helper T cells	AF_mechanical_stress	TNF	SEMA4C	0.26085296	0.0	0.05662795	0.711288011427571	0.5839426003113113	0.005196182	0.4704976	0.20963514717912174	0.38432043183065584	degenerated	True	pain_ligand:TNF
Plasma cells	Naive B cells	VEGFA	CD44	0.79359746	0.87	0.38404956	-0.16505351985142516	-0.28597023391902887	0.0013300225	0.69825196	1.0	0.3843246282289441	degenerated	True	pain_ligand:VEGFA
AF_mechanical_stress	NP_stressed_degenerative	VEGFA	SIRPA	0.8161884	0.0	0.37465084	0.23990068959331898	0.5188305133212274	0.007265064	0.6956353	0.12270882799727004	0.3845403339346205	degenerated	True	pain_ligand:VEGFA
AF_mechanical_stress	AF_mechanical_stress	VEGFA	NRP2	1.1563102	0.0	1.2971343	0.4404410685610566	0.39581111716931616	0.017364604	0.80962235	0.06886155596209347	0.38485187984443286	degenerated	True	pain_ligand:VEGFA; pain_receptor:NRP2
NP_mature_chondrocyte	NP_mature_chondrocyte	FGF2	FGFR1	1.1560388	0.0	1.3363932	0.4453547347936961	0.5054113472958245	0.04249461	0.8119096	0.030087759099179268	0.38532425023101435	degenerated	True	pain_ligand:FGF2
Mast cells	Endothelial cells	VEGFA	ITGB1	1.1558654	0.45	1.0188993	0.039845932057069725	0.4184745815415223	0.0046545533	0.7903176	0.8464075548889961	0.38567874620750403	degenerated	True	pain_ligand:VEGFA
AF_inner	NK cells	TNFSF9	HLA-DPA1	0.23823208	0.0	0.05675447	0.2118045510106701	0.2384930880527618	0.0011785103	0.4707756	1.0	0.38571404355721145	degenerated	True	pain_ligand:TNF
AF_mechanical_stress	NP_mature_chondrocyte	VEGFA	CD44	1.1557997	0.0	1.2957499	0.1865001851058306	0.020185841486806355	0.00448738	0.80954003	0.6482892825459704	0.3857968930504615	degenerated	True	pain_ligand:VEGFA
Fibroblasts	Fibroblasts	TNFSF9	TRAF2	0.25905347	0.03	0.05683064	0.9249609837993581	0.2788645726382688	0.025854215	0.47094268	0.1760704091790426	0.3861785013596647	degenerated	True	pain_ligand:TNF
AF_outer	Macrophages	TNFSF9	HLA-DPA1	1.3265715	0.0	0.38516358	2.7126350764393123	1.708678118805247	0.007997946	0.69855696	0.00838521782786674	0.3866147787580767	degenerated	True	pain_ligand:TNF
Macrophages	NP_mature_chondrocyte	TNF	VSIR	0.81196344	0.0	0.3853524	2.3406035091182584	1.1469619102837036	0.007692572	0.6986086	0.09956467099187426	0.38709126641326286	degenerated	True	pain_ligand:TNF
Macrophages	NK cells	VEGFA	EGFR	0.7212544	0.0	0.38542292	0.34177750373428023	0.4465022635429192	0.027757013	0.6986279	0.04805914707197447	0.387308005984691	degenerated	True	pain_ligand:VEGFA
Plasma cells	Fibroblasts	VEGFA	EGFR	0.24437977	0.98	0.056860447	-0.22471538719387854	-0.5687717055728622	0.00409492	0.47100803	1.0	0.38741671520862964	degenerated	True	pain_ligand:VEGFA
Macrophages	Endothelial cells	VEGFA	ITGA9	0.71815693	0.0	0.37868047	1.1204460053243266	0.5964964257905423	0.051916704	0.69676673	0.01470786555546676	0.38752468936515216	degenerated	True	pain_ligand:VEGFA
AF_mechanical_stress	AF_inner	VEGFA	SIRPA	0.81567115	0.0	0.37324798	0.23905908717961288	0.14375259647186023	0.0072378605	0.6952381	0.348732619196571	0.387698258791607	degenerated	True	pain_ligand:VEGFA
Macrophages	NP_mature_chondrocyte	TNFSF12	TNFRSF12A	0.88343036	0.0	0.3856428	0.20093169417656093	0.2402962709215951	0.009771386	0.6986879	0.19669754123302885	0.38787174287526016	degenerated	True	pain_ligand:TNF
Endothelial cells	Fibroblasts	ANGPT2	TIE1	0.24227208	0.0	0.056953106	1.7095109758816438	0.7561545129376281	0.0228046	0.47121087	0.005963467576966869	0.38865453795318156	degenerated	True	pain_ligand:ANGPT2
NP_mature_chondrocyte	AF_inner	TNFSF11	TNFRSF11B	0.76363724	0.0	0.37256598	0.4189326018468558	0.4607080596116972	0.103736475	0.6950443	0.042995525094678695	0.3889140091099277	degenerated	True	pain_ligand:TNF
Mast cells	Tcm/Naive helper T cells	VEGFA	CD44	1.1534334	0.12	1.0160164	0.18802929662327367	0.7330740672685747	0.0035186203	0.7900827	0.8622503866620824	0.38964540563564765	degenerated	True	pain_ligand:VEGFA
AF_mechanical_stress	Macrophages	VEGFA	ITGB1	1.1531857	0.42	1.28866	0.047373915928187266	-0.08324312073659845	0.0058868784	0.80911666	0.9830310643893816	0.39029811952489224	degenerated	True	pain_ligand:VEGFA
AF_outer	Naive B cells	TNFSF9	HLA-DPA1	1.2828395	0.0	0.37168312	2.612494266055635	1.7027334516063863	0.0077180243	0.69479275	0.008768672717374018	0.3905681257307085	degenerated	True	pain_ligand:TNF
Tem/Trm cytotoxic T cells	DC	TNF	TRADD	0.24622203	0.04	0.057103876	0.5115462214618265	0.5425090152436793	0.0040698447	0.47154024	0.6393201365933859	0.39066516973863163	degenerated	True	pain_ligand:TNF
AF_outer	AF_outer	TNFSF12	TNFRSF12A	0.79005235	0.0	0.3716181	0.12622538279948708	0.3098060080097427	0.009416031	0.6947742	0.31292947633506224	0.39082972274709515	degenerated	True	pain_ligand:TNF
Tem/Effector helper T cells	NP_mature_chondrocyte	ADAM10	IL6R	0.24114473	0.52	0.057179894	-0.021331211682235805	-0.17803167571173945	0.0010666532	0.471706	1.0	0.3915927960415889	degenerated	True	pain_receptor:IL6R
Plasma cells	AF_outer	VEGFA	CD44	0.799619	0.95	0.3876368	-0.1591192020151705	-0.37701385026607026	0.0013424456	0.6992305	1.0	0.3917898651229351	degenerated	True	pain_ligand:VEGFA
Macrophages	AF_outer	VEGFA	GPC1	0.7159941	0.05	0.3739725	0.17061607279900387	0.31976967768831693	0.016774451	0.69544345	0.2207665811323996	0.39187727890579926	degenerated	True	pain_ligand:VEGFA
Mast cells	Endothelial cells	TNFSF9	PVR	0.26959437	0.02	0.05721488	0.2913230396890301	0.7925491677452936	0.016502567	0.4717822	0.14989686201302985	0.39205652673818936	degenerated	True	pain_ligand:TNF
NP_stressed_degenerative	Classical monocytes	PTGS2	CAV1	1.4042903	0.01	0.89903486	0.30727272375685377	0.9786285128815875	0.005382793	0.779759	0.3109705427163418	0.39225894694059826	degenerated	True	pain_ligand:PTGS2
NP_stressed_degenerative	AF_mechanical_stress	TNFSF13B	CD40	0.24836643	0.0	0.057220638	0.42732047290543546	0.7402171759835351	0.004748951	0.47179475	0.26229301540753125	0.39236566017813224	degenerated	True	pain_ligand:TNF
AF_mechanical_stress	Tem/Trm cytotoxic T cells	FGF2	CD44	1.151864	0.0	1.1633828	0.261877093403975	0.42547383247911186	0.011179807	0.8010939	0.09914940585537735	0.39237792035475927	degenerated	True	pain_ligand:FGF2
Mast cells	AF_mechanical_stress	TNFSF9	PVR	0.2696324	0.03	0.05724485	0.29142172030288815	0.7663970024886428	0.01651121	0.47184744	0.1760704091790426	0.3925202024692144	degenerated	True	pain_ligand:TNF
AF_mechanical_stress	Macrophages	TNFSF10	TNFRSF10D	0.24695042	0.52	0.057284437	0.00539189989550902	-0.10755485488855537	0.005153863	0.47193363	1.0	0.3931383716345327	degenerated	True	pain_ligand:TNF
AF_mechanical_stress	AF_mechanical_stress	TNFSF10	RIPK1	0.2469875	0.0	0.057307273	0.11343051339318302	0.06398228690239566	0.0055247718	0.47198325	0.5287991899730908	0.39406541165636066	degenerated	True	pain_ligand:TNF
Classical monocytes	Tem/Trm cytotoxic T cells	VEGFA	CD44	1.1507816	0.18	1.1600139	0.18464401726730542	0.7001081753169887	0.0040173056	0.8008628	0.6579756282568328	0.394104395109117	degenerated	True	pain_ligand:VEGFA
NP_mature_chondrocyte	AF_outer	NGF	SORCS2	0.30646694	0.0	0.057373624	0.44085027000624355	0.5811665029589399	0.10842527	0.47212747	0.020324972047464578	0.3949922318723548	degenerated	True	pain_ligand:NGF
Tem/Effector helper T cells	AF_inner	TNFSF10	RIPK1	0.24431056	0.24	0.057434805	0.11009787269605148	0.23195934310250688	0.005537067	0.4722603	0.5377712525974897	0.39530113327431715	degenerated	True	pain_ligand:TNF
Fibroblasts	Tem/Temra cytotoxic T cells	FGF2	CD44	0.71441925	0.77	0.37654474	-0.19271810156146535	-0.17108751490651114	0.0036184972	0.6961689	1.0	0.39560237982194607	degenerated	True	pain_ligand:FGF2
AF_mechanical_stress	AF_inner	ADAM10	IL6R	0.2477555	0.69	0.057471137	-0.019937577008216932	-0.23827980457291303	0.0010720862	0.4723391	1.0	0.3959188628173541	degenerated	True	pain_receptor:IL6R
AF_mechanical_stress	Macrophages	VEGFA	NRP2	1.149369	0.0	1.2783084	0.43231068967291	0.43017850784531875	0.017112585	0.8084931	0.053866793191018884	0.3960725582719246	degenerated	True	pain_ligand:VEGFA; pain_receptor:NRP2
Endothelial cells	NP_mature_chondrocyte	PGF	NRP2	0.71968156	0.0	0.39017856	0.8127600060185929	0.7427598910484101	0.027076306	0.69991726	0.005963467576966869	0.3964383679339618	degenerated	True	pain_receptor:NRP2
Fibroblasts	Fibroblasts	FGF2	FGFRL1	0.25678974	0.9	0.05751847	-0.42314272546177534	-0.9237017007283843	0.0031289372	0.47244167	1.0	0.3968452434926298	degenerated	True	pain_ligand:FGF2
DC	AF_outer	TNFSF13B	CD40	0.2849045	0.0	0.057533305	0.5544226715837407	0.3299396202628373	0.0047749	0.47247377	0.4332108160385512	0.3973083514307707	degenerated	True	pain_ligand:TNF
AF_outer	DC	TNFSF9	HLA-DPA1	1.3448482	0.0	0.3907974	2.7544866770626966	1.605592554782317	0.008114934	0.7000837	0.014356642005308612	0.3975841782868617	degenerated	True	pain_ligand:TNF
AF_outer	AF_inner	TNFSF12	TNFRSF12A	0.784324	0.0	0.36832434	0.12069432448638803	0.19848524173600454	0.009332574	0.6938294	0.3279180295390445	0.39868790769360596	degenerated	True	pain_ligand:TNF
DC	Endothelial cells	TNF	VSIR	0.8784002	0.0	0.39138022	2.612367388310424	1.1209200899650833	0.007812902	0.70024014	0.09435763757326762	0.3989089543129926	degenerated	True	pain_ligand:TNF
DC	AF_mechanical_stress	TNF	TRADD	0.87048584	0.0	0.36771598	2.7385488557480206	1.3903505458397083	0.026207449	0.6936538	0.005963467576966869	0.4001922719533541	degenerated	True	pain_ligand:TNF
AF_inner	AF_inner	FGF2	SDC2	1.1462177	0.0	1.2759501	0.3433528752906876	0.4282195676623721	0.033200137	0.8083501	0.05448962806958543	0.40037993689927953	degenerated	True	pain_ligand:FGF2
AF_inner	NP_mature_chondrocyte	SEMA3A	NRP2	0.71194834	0.0	0.37351933	0.29220217448761915	0.37186090681018086	0.030796431	0.695315	0.08220879608030957	0.40059113083691944	degenerated	True	pain_ligand:SEMA3A; pain_receptor:NRP2
NP_stressed_degenerative	Mast cells	TNFSF13B	TFRC	0.78004223	0.0	0.3923773	0.7686413285311307	1.7203713737803699	0.013305597	0.70050704	0.010521886468999927	0.4006355582794183	degenerated	True	pain_ligand:TNF
AF_mechanical_stress	NK cells	NGF	KIDINS220	0.26605836	0.62	0.057728194	-0.024331181163588404	-0.08409214916584584	0.00422134	0.47289526	1.0	0.4010112682469805	degenerated	True	pain_ligand:NGF
NP_mature_chondrocyte	AF_inner	PTGS2	CAV1	1.1457345	0.0	1.3042727	0.10204619436492984	-0.12405273523076588	0.007809074	0.81004494	1.0	0.40121957899869554	degenerated	True	pain_ligand:PTGS2
DC	Tcm/Naive helper T cells	TNF	FAS	0.87034404	0.0	0.36729202	2.8027794856867194	1.584168412693804	0.017339785	0.6935312	0.005963467576966869	0.40143412994888295	degenerated	True	pain_ligand:TNF
Macrophages	NK cells	TNF	VSIR	0.8052009	0.0	0.36729172	2.33137569027795	1.2552878107201577	0.007332037	0.69353116	0.0736951938052033	0.40147847934539405	degenerated	True	pain_ligand:TNF
NP_stressed_degenerative	NP_mature_chondrocyte	ADAM10	IL6R	0.24251868	0.93	0.057756912	-0.01904482245041255	0.05306536242251991	0.001077417	0.47295728	1.0	0.40178227072466005	degenerated	True	pain_receptor:IL6R
NP_mature_chondrocyte	Classical monocytes	FGF2	FGFR1	0.7499623	0.47	0.39289138	-0.007287616528395213	0.13643825016041267	0.012493154	0.70064443	0.875492967772131	0.40183381341612845	degenerated	True	pain_ligand:FGF2
CD16+ NK cells	Memory B cells	CXCL8	CD79A	1.3025702	0.0	0.8890742	7.894281514690984	1.6293437907028934	0.0065997	0.77880085	0.011752621807035906	0.40205989988967394	degenerated	True	pain_ligand:CXCL8
AF_mechanical_stress	DC	NGF	BEX3	0.26619667	1.0	0.05777018	-0.4204862191382653	-0.739951337464839	0.0038812659	0.47298586	1.0	0.40209063510807974	degenerated	True	pain_ligand:NGF
AF_inner	AF_inner	NGF	KIDINS220	0.26053193	1.0	0.057772703	-0.028803267779806477	-0.15551596683726032	0.0042245947	0.47299132	1.0	0.40224479292028736	degenerated	True	pain_ligand:NGF
Tem/Effector helper T cells	Classical monocytes	TNF	VSIR	0.71874547	0.0	0.39336225	1.115770814021611	1.340456634997012	0.007852469	0.70076996	0.09239384431189673	0.40298999149122217	degenerated	True	pain_ligand:TNF
Fibroblasts	Macrophages	TNFSF9	HLA-DPA1	1.3283447	0.0	0.39402673	2.716329214243728	1.646778126113671	0.00818199	0.7009469	0.011550232872865548	0.4044605795711439	degenerated	True	pain_ligand:TNF
Mast cells	AF_outer	VEGFA	ITGB1	1.1423059	0.45	1.002825	0.026979348322138594	0.6557407537316415	0.0045811227	0.78899693	0.8464075548889961	0.40566887974874677	degenerated	True	pain_ligand:VEGFA
Plasma cells	NP_mature_chondrocyte	PTGS2	CAV1	0.7456148	0.99	0.3947893	-0.24501822379281973	-0.7759044662894794	0.0023637228	0.7011495	1.0	0.40611362305143967	degenerated	True	pain_ligand:PTGS2
AF_outer	Endothelial cells	PIGF	FLT1	0.8248805	0.0	0.36507833	1.1474429379616033	1.2374337445802546	0.057776466	0.69288844	0.005963467576966869	0.40633740568556864	degenerated	True	pain_receptor:FLT1
Fibroblasts	NP_mature_chondrocyte	PGF	NRP2	0.7218836	0.0	0.3949223	0.8206571247609132	0.6312375039169926	0.027405497	0.7011848	0.010934286620175078	0.4064716864151279	degenerated	True	pain_receptor:NRP2
Macrophages	AF_mechanical_stress	VEGFA	GPC1	0.7256286	0.05	0.39494455	0.18695963375562236	0.2310281588445121	0.017715149	0.70119077	0.2207665811323996	0.40651640605718714	degenerated	True	pain_ligand:VEGFA
NP_notochordal	Endothelial cells	VEGFA	ITGB1	1.1407385	0.29	0.9668926	0.02509311438295944	0.06485069618707495	0.004416975	0.7859436	0.6753662044083734	0.40790063493500917	degenerated	True	pain_ligand:VEGFA
Endothelial cells	Fibroblasts	VEGFA	ITGB1	1.0533447	0.54	0.36360815	-0.06275083675821086	-0.5196801517555855	0.001661041	0.6924589	1.0	0.40988329292524905	degenerated	True	pain_ligand:VEGFA
Fibroblasts	Mast cells	FGF2	CD44	0.7061219	0.78	0.37076044	-0.2008941742353682	0.08617811008066872	0.0035629116	0.6945292	1.0	0.41087452250481105	degenerated	True	pain_ligand:FGF2
Mast cells	AF_outer	TNF	FAS	0.27500734	0.0	0.058274664	0.7057772148218394	0.9654840071399522	0.0027511353	0.47406965	0.10350413227990742	0.41102237968109284	degenerated	True	pain_ligand:TNF
NP_notochordal	Tcm/Naive helper T cells	VEGFA	CD44	1.1383065	0.01	0.96415675	0.1732764789491634	0.3794501819141274	0.0033390224	0.78570515	0.9550098881788893	0.41146907163729485	degenerated	True	pain_ligand:VEGFA
Tcm/Naive helper T cells	Small pre-B cells	CXCL8	CD79A	1.2687244	0.0	0.8800297	7.616007440458558	1.314329911251756	0.006532561	0.77791893	0.01686744639747805	0.411953859485232	degenerated	True	pain_ligand:CXCL8
Endothelial cells	AF_inner	VEGFA	GPC1	0.24860087	1.0	0.058330026	-0.29822168368881696	-0.6977913640783406	0.00261638	0.47418803	1.0	0.4122527344364667	degenerated	True	pain_ligand:VEGFA
AF_inner	Classical monocytes	PIGF	FLT1	0.25736597	0.29	0.058465183	0.10125382028612129	0.38345132055820497	0.009252567	0.4744766	0.611656462744215	0.4130215119751725	degenerated	True	pain_receptor:FLT1
DC	Macrophages	TNFSF9	TNFRSF9	0.25418103	0.0	0.058481608	0.7336368205553666	0.36263578689509884	0.013908721	0.4745116	0.08781616771056676	0.4133289864270779	degenerated	True	pain_ligand:TNF
Fibroblasts	DC	CCL2	CCR1	1.1368524	0.0	1.1413308	3.1285242848797012	1.683473855164769	0.11299692	0.79956484	0.00013012416226955325	0.4135916278748689	degenerated	True	pain_ligand:CCL2
AF_inner	NP_stressed_degenerative	VEGFA	SIRPA	0.7927035	0.0	0.36167455	0.2169960992002681	0.59099568081934	0.007013433	0.69189084	0.1458330352168001	0.414446717937556	degenerated	True	pain_ligand:VEGFA
NP_mature_chondrocyte	AF_inner	VEGFA	GPC1	0.8023061	0.0	0.39888933	0.24178615043812873	0.2536038360242504	0.01789209	0.7022309	0.1799642971568349	0.4146282352328823	degenerated	True	pain_ligand:VEGFA
Plasma cells	AF_inner	ADAM17	IL6R	0.24947773	0.38	0.058539946	0.020029027195828164	-0.14943100142300664	0.0028455297	0.47463593	1.0	0.41501961489021116	degenerated	True	pain_receptor:IL6R
NP_mature_chondrocyte	Tem/Temra cytotoxic T cells	TNFSF9	HLA-DPA1	0.28670263	0.0	0.05860861	0.33364072385218546	0.4425197118655908	0.0012170115	0.47478208	0.45764818820664543	0.4159414597828254	degenerated	True	pain_ligand:TNF
Fibroblasts	DC	TNFSF9	HLA-DPA1	1.3466214	0.0	0.3997902	2.7581808148671123	1.5436925620907411	0.00830167	0.70246667	0.01993393878128704	0.4164909093344161	degenerated	True	pain_ligand:TNF
Endothelial cells	Fibroblasts	PDGFA	PDGFRB	0.73698777	0.0	0.39986417	1.1685146079802615	0.9537780824020106	0.034759514	0.70248604	0.005963467576966869	0.41671834384614365	degenerated	True	pain_ligand:PDGFA
Macrophages	Tem/Temra cytotoxic T cells	VEGFA	ITGB1	0.7098356	1.0	0.36056674	-0.376842911302175	-0.44302261344850435	0.001647147	0.6915638	1.0	0.41708261280889963	degenerated	True	pain_ligand:VEGFA
Classical monocytes	AF_mechanical_stress	TNFSF13B	TFRC	0.72611773	0.0	0.4001567	1.4013604623944385	0.9921181590966119	0.013569398	0.70256245	0.009682711830749648	0.4171281073588635	degenerated	True	pain_ligand:TNF
Macrophages	AF_inner	PTGS2	CAV1	1.1344208	0.09	1.2804254	0.0921524487767113	-0.04111241038605029	0.007666294	0.80862117	0.8422882833384909	0.41742264509338056	degenerated	True	pain_ligand:PTGS2
AF_outer	Tem/Effector helper T cells	FGF2	CD44	1.1342611	0.0	1.0828897	0.24071716105214483	0.38833377769213107	0.010406289	0.79531986	0.11985920669897399	0.417849179497607	degenerated	True	pain_ligand:FGF2
AF_inner	AF_inner	VEGFA	SIRPA	0.79218626	0.0	0.36032027	0.216154496786562	0.21591776396997275	0.006987172	0.6914908	0.22947110424119677	0.4178573350109318	degenerated	True	pain_ligand:VEGFA
Tem/Effector helper T cells	NP_mature_chondrocyte	TNFSF10	TNFRSF11B	0.83209753	0.0	0.40043753	0.3156236863708358	0.4751162529972499	0.02120551	0.70263577	0.060562286995312735	0.417948440057752	degenerated	True	pain_ligand:TNF
AF_outer	Fibroblasts	RTN4	NGFR	1.134115	0.0	0.8920755	1.882820064784621	0.7583350027104175	0.031324297	0.77909106	0.005963467576966869	0.41821488538083396	degenerated	True	pain_receptor:NGFR
Classical monocytes	Endothelial cells	TNFSF13B	CD40	0.7263415	0.0	0.40064123	1.787911512838924	1.6629184425243217	0.03325069	0.7026888	0.0037505539691975896	0.4188156090963031	degenerated	True	pain_ligand:TNF
AF_inner	AF_mechanical_stress	PTGS2	CAV1	1.1333938	0.0	1.246988	0.09958164171101942	-0.22172531456673372	0.0074660936	0.8065653	1.0	0.41931273620310877	degenerated	True	pain_ligand:PTGS2
Fibroblasts	NP_mature_chondrocyte	FGF2	FGFR1	0.7494561	0.45	0.4009699	-0.0032648762465835313	-0.2609317146030142	0.012750035	0.7027745	1.0	0.4194551753869955	degenerated	True	pain_ligand:FGF2
NP_mature_chondrocyte	Endothelial cells	SEMA3B	NRP2_PLXNA2	0.25881088	0.0	0.05876882	0.6977764458148579	0.5565949688877533	0.085761674	0.47512245	0.020113367091118536	0.41962667804686093	degenerated	True	pain_receptor:NRP2
AF_inner	AF_mechanical_stress	VEGFA	NRP2	1.1328254	0.0	1.2522072	0.41753647816800565	0.4679762846674287	0.01676317	0.8068909	0.04060966683067613	0.42041168568968706	degenerated	True	pain_ligand:VEGFA; pain_receptor:NRP2
Tem/Trm cytotoxic T cells	Naive B cells	CXCL8	CD79A	1.1831813	0.0	0.87097657	6.866782912208357	1.3039573637785173	0.006465359	0.7770244	0.027082334832452787	0.42120608611618515	degenerated	True	pain_ligand:CXCL8
AF_mechanical_stress	NP_mature_chondrocyte	SEMA3E	NRP2	0.7051036	0.0	0.3587741	0.32901500900802977	0.3861011743598377	0.035913836	0.69103193	0.07410950689687597	0.42133226713130156	degenerated	True	pain_receptor:NRP2
AF_inner	NP_mature_chondrocyte	VEGFA	CD44	1.1323149	0.0	1.2508706	0.16359559471277973	0.09235100898491888	0.0043319566	0.8068077	0.5522631026912164	0.42151173243324114	degenerated	True	pain_ligand:VEGFA
Macrophages	AF_mechanical_stress	VEGFA	CD44	1.1319637	0.05	1.2794429	0.16436692181292184	0.08275930917370888	0.0044309064	0.80856174	0.5210376144013149	0.4218175116247125	degenerated	True	pain_ligand:VEGFA
AF_inner	Plasma cells	TNFSF12	TNFRSF12A	0.26872477	1.0	0.05890056	-0.44114327091322914	-0.6986332098483325	0.0014924179	0.47540164	1.0	0.4220815729716023	degenerated	True	pain_ligand:TNF
NP_mature_chondrocyte	NP_stressed_degenerative	VEGFA	SIRPA	0.78667694	0.0	0.3583446	0.21111941056921743	0.5464989503391442	0.006948861	0.6909041	0.1536630021603837	0.4226174600405583	degenerated	True	pain_ligand:VEGFA
AF_mechanical_stress	Tcm/Naive helper T cells	NGF	KIDINS220	0.27013898	0.6	0.058966935	-0.018787411869862016	0.15232469087135558	0.004311922	0.4755421	1.0	0.4226950305986813	degenerated	True	pain_ligand:NGF
AF_inner	AF_inner	VEGFA	GPC1	0.8083327	0.0	0.40259603	0.2476628390691794	0.29810056650444616	0.018058352	0.70319706	0.13431049205271917	0.42293909345268976	degenerated	True	pain_ligand:VEGFA
DC	AF_inner	PDGFA	PDGFRA	0.25137722	0.98	0.05901087	-0.08828011614396877	-0.18782359325701514	0.006871346	0.475635	1.0	0.4234617384841993	degenerated	True	pain_ligand:PDGFA
Macrophages	AF_inner	VEGFA	ITGB1	1.1309111	0.4	1.2771516	0.02270567203559315	-0.07290159944288965	0.0058343057	0.808423	0.9485348326984792	0.42359261955302857	degenerated	True	pain_ligand:VEGFA
AF_inner	NP_mature_chondrocyte	NGF	KIDINS220	0.2644385	0.98	0.0590229	-0.02349607561344151	-0.16912895661124205	0.0043160142	0.4756604	1.0	0.4237683851159088	degenerated	True	pain_ligand:NGF
DC	AF_inner	ADAM17	IL6R	0.25040516	0.34	0.059115507	0.0217618751720541	-0.14356339013220637	0.0028735069	0.47585592	1.0	0.4242282942989074	degenerated	True	pain_receptor:IL6R
DC	NK cells	TNF	NOTCH1	0.8669791	0.0	0.3572309	3.0020301682452075	1.577392098239537	0.027340665	0.6905716	0.005963467576966869	0.42487261291971734	degenerated	True	pain_ligand:TNF
Macrophages	DC	GRN	TNFRSF1A	1.0699128	0.0	0.40359467	0.34363039729638667	0.27267604473534685	0.00461177	0.70345545	0.47216326611134407	0.42514931009824986	degenerated	True	pain_receptor:TNFRSF1A
NP_mature_chondrocyte	AF_inner	VEGFA	SIRPA	0.7861597	0.0	0.35700282	0.21027780815551134	0.171421033489777	0.006922842	0.6905034	0.29772920880423737	0.42538003144964287	degenerated	True	pain_ligand:VEGFA
Macrophages	Macrophages	SEMA3C	NRP2_PLXNA1	0.2620056	0.44	0.059245188	0.08484867768000892	0.021034365950217446	0.02636342	0.47612917	0.8332072727730326	0.4259141697667229	degenerated	True	pain_receptor:NRP2
Tem/Effector helper T cells	AF_inner	TNFSF10	TNFRSF11B	0.75714874	0.0	0.3567012	0.24496720203309263	0.379405562675893	0.018889412	0.69041306	0.11485529833430792	0.42593398643182023	degenerated	True	pain_ligand:TNF
Plasma cells	AF_inner	PTGS2	CAV1	0.6990343	1.0	0.36272538	-0.2885904432645182	-0.8027107968765665	0.0021717462	0.69220006	1.0	0.4259801223749243	degenerated	True	pain_ligand:PTGS2
AF_inner	Macrophages	VEGFA	ITGB1	1.1297008	0.52	1.2440263	0.024469325535136394	-0.011077953238485927	0.005682982	0.80637974	0.9526661544703546	0.42610708866785774	degenerated	True	pain_ligand:VEGFA
Mast cells	Fibroblasts	TNF	VSIR	0.6989244	0.0	0.40312558	1.133011602525755	1.236305727682537	0.008047368	0.7033342	0.08430828916427946	0.4262111441798545	degenerated	True	pain_ligand:TNF
NP_mature_chondrocyte	Macrophages	SEMA3C	NRP2_PLXNA1	0.26207	0.44	0.059266444	0.08493225432708096	-0.05642678850676898	0.02637288	0.47617394	0.89143650905681	0.4266802390585973	degenerated	True	pain_receptor:NRP2
Plasma cells	AF_mechanical_stress	VEGFA	SIRPA	0.24845146	1.0	0.0592861	-0.33896791021075884	-0.733538816971496	0.00114965	0.47621524	1.0	0.4268334225688586	degenerated	True	pain_ligand:VEGFA
Macrophages	Naive B cells	VEGFA	ITGB1	0.70783657	0.99	0.35621533	-0.3787397398246192	-0.5684837742898641	0.0016272689	0.6902673	1.0	0.4271821430916152	degenerated	True	pain_ligand:VEGFA
AF_mechanical_stress	Classical monocytes	PTGS2	CAV1	0.73331976	0.97	0.40461692	-0.2794873408587275	-0.48452708730049276	0.0024225635	0.70371926	1.0	0.42741359924774697	degenerated	True	pain_ligand:PTGS2
AF_mechanical_stress	Fibroblasts	FGF2	CD44	1.1283532	0.16	1.1282281	0.23870994000128165	0.15233212962486609	0.010841979	0.798638	0.4130290097656548	0.42807353493167843	degenerated	True	pain_ligand:FGF2
CD16+ NK cells	AF_outer	CXCL8	SDC2	0.7037391	0.5	0.405343	-0.0035685443941174677	-0.22905181588354062	0.0025352975	0.7039062	1.0	0.42871097631162286	degenerated	True	pain_ligand:CXCL8
Endothelial cells	NP_mature_chondrocyte	VEGFA	GPC1	0.251835	1.0	0.059556887	-0.29273557072265166	-0.7084761228597429	0.0026714108	0.47678366	1.0	0.4294368239464974	degenerated	True	pain_ligand:VEGFA
Classical monocytes	Fibroblasts	VEGFA	CD44	1.1272707	0.31	1.124961	0.16147686386461205	0.4269664724627429	0.003895912	0.79840475	0.7027912366180328	0.429981824174627	degenerated	True	pain_ligand:VEGFA
NP_notochordal	AF_outer	VEGFA	ITGB1	1.1271788	0.18	0.95163876	0.012226530648028311	0.3021168683771942	0.0043472922	0.78460294	0.7341682180686864	0.4300434182378785	degenerated	True	pain_ligand:VEGFA
NP_notochordal	AF_outer	CXCL8	SDC2	1.1271694	0.0	1.255237	0.36638591639904144	0.36066941441451983	0.007851127	0.80707914	0.09242959871357276	0.4301050643430041	degenerated	True	pain_ligand:CXCL8
NP_mature_chondrocyte	AF_mechanical_stress	VEGFA	NRP2	1.1267987	0.0	1.2406782	0.41165978953695503	0.42347955418723293	0.016608832	0.8061693	0.05652646220179236	0.43059811025510947	degenerated	True	pain_ligand:VEGFA; pain_receptor:NRP2
AF_mechanical_stress	Tem/Effector helper T cells	NGF	BEX3	0.27221763	1.0	0.059597936	-0.41447001538358935	-0.5260206146305091	0.0040040626	0.47686958	1.0	0.4306613372616932	degenerated	True	pain_ligand:NGF
AF_inner	AF_outer	FGF2	CD44	1.1264992	0.0	1.2384206	0.24892067819663372	0.4043130118736108	0.011900901	0.80602694	0.11094993307891787	0.43115302464958816	degenerated	True	pain_ligand:FGF2
Macrophages	Plasma cells	VEGFA	ITGB1	0.7069402	1.0	0.35426408	-0.3795903075802776	-0.6288226631032584	0.0016183553	0.68967986	1.0	0.4311740505749685	degenerated	True	pain_ligand:VEGFA
Memory B cells	AF_outer	CXCL8	SDC3	0.31661975	0.39	0.059638653	0.07178603326120547	-0.15920531662832973	0.0025673318	0.4769548	1.0	0.4314264643528273	degenerated	True	pain_ligand:CXCL8
NP_mature_chondrocyte	NP_mature_chondrocyte	VEGFA	CD44	1.1262883	0.0	1.239354	0.15771890608172906	0.047854278504723124	0.0042920723	0.8060858	0.5707345714172252	0.4314613949862879	degenerated	True	pain_ligand:VEGFA
Macrophages	AF_mechanical_stress	PDGFC	FLT1	0.2901424	0.22	0.05964639	0.06625516839810494	-0.007410416729249664	0.004244547	0.4769709	0.7318023884678185	0.43157945944905307	degenerated	True	pain_receptor:FLT1
AF_inner	Macrophages	VEGFA	NRP2	1.1258842	0.0	1.2340332	0.40940609927985916	0.5023436753434313	0.016519878	0.80574936	0.03090502392725849	0.4322636659434742	degenerated	True	pain_ligand:VEGFA; pain_receptor:NRP2
NP_mature_chondrocyte	NP_mature_chondrocyte	VEGFA	GPC1	0.8055402	0.0	0.40727922	0.24727226340429406	0.2429190772428481	0.018268418	0.70440257	0.19356610059356003	0.43243241835227253	degenerated	True	pain_ligand:VEGFA
DC	AF_outer	TNF	VSIR	0.8657183	0.0	0.353461	2.595062014712903	0.8520726989388381	0.007055943	0.6894369	0.10350413227990742	0.433646540888341	degenerated	True	pain_ligand:TNF
NP_stressed_degenerative	Macrophages	TNFSF13B	TFRC	0.8049163	0.0	0.40805736	0.797826614633049	1.3400680651104993	0.013837311	0.70460117	0.008866992812869134	0.4338801782089651	degenerated	True	pain_ligand:TNF
Naive B cells	NK cells	VEGFA	CD44	0.79411364	0.8	0.40807608	-0.1646687146378982	-0.28075624008749744	0.0014132299	0.704606	1.0	0.4339270339932918	degenerated	True	pain_ligand:VEGFA
Macrophages	Fibroblasts	TNF	TNFRSF1A	1.1249435	0.0	1.2212273	2.5718757054678667	1.52660762595703	0.030240953	0.8049317	0.005963467576966869	0.4340553243824855	degenerated	True	pain_ligand:TNF; pain_receptor:TNFRSF1A
AF_mechanical_stress	AF_inner	TNFSF12	TNFRSF12A	0.799937	0.0	0.40832978	0.15066566459853148	0.15139661696174284	0.010346228	0.70467067	0.33448375363195365	0.4345818895792143	degenerated	True	pain_ligand:TNF
Tem/Effector helper T cells	Macrophages	TNFSF10	TNFRSF10A	0.24834493	0.09	0.059789058	0.3150520140803178	0.3728275670881105	0.005991293	0.47726896	0.29853358658725165	0.43463832732867735	degenerated	True	pain_ligand:TNF
AF_mechanical_stress	Fibroblasts	PIGF	FLT1	0.25018844	0.22	0.05979829	0.10217839228332844	0.02687349555616675	0.009463541	0.47728822	0.6279577582351719	0.4347911948556187	degenerated	True	pain_receptor:FLT1
NK cells	Endothelial cells	VEGFA	ITGB1	1.1245239	0.37	0.9111465	0.009279637066135493	-0.09616522790124393	0.004162315	0.78090596	1.0	0.43479751381925424	degenerated	True	pain_ligand:VEGFA
AF_mechanical_stress	Fibroblasts	VEGFA	GPC1	0.8081329	0.03	0.35280257	0.23038989062388085	0.21874920908513784	0.015824879	0.68923736	0.22421244536740748	0.4348627858333255	degenerated	True	pain_ligand:VEGFA
CD16+ NK cells	Small pre-B cells	CXCL8	CD79A	1.2634028	0.0	0.8574351	7.611357907447686	1.425998321043215	0.0063648387	0.77566403	0.017168165142838508	0.435725924917307	degenerated	True	pain_ligand:CXCL8
Classical monocytes	Fibroblasts	TNFSF13B	HLA-DPB1	0.73025715	0.0	0.4091196	1.6570759082475162	1.3707969532532849	0.009691896	0.7048717	0.04175040746776272	0.4361753343974317	degenerated	True	pain_ligand:TNF
NP_mature_chondrocyte	Macrophages	VEGFA	ITGB1	1.1236743	0.54	1.2325727	0.01859263690408572	-0.05557468371868168	0.0056306594	0.8056566	0.9827094153343124	0.4362833308911815	degenerated	True	pain_ligand:VEGFA
Fibroblasts	NP_mature_chondrocyte	TNFSF12	TNFRSF12A	1.1236295	0.0	1.1118927	0.6620246199397459	0.5226146168010063	0.028173052	0.79746276	0.026353287558431627	0.43646919272922113	degenerated	True	pain_ligand:TNF
Mast cells	DC	TNFSF9	TNFRSF9	0.27302778	0.01	0.059920102	0.5390109983277749	0.8709613762519373	0.014250838	0.47754207	0.11458311243323929	0.4364724576290615	degenerated	True	pain_ligand:TNF
NP_mature_chondrocyte	DC	TNFSF11	LGR4	0.25074378	0.01	0.05995558	0.42316361246479595	0.418394596091735	0.08510816	0.4776159	0.11458311243323929	0.43693088375425193	degenerated	True	pain_ligand:TNF
AF_outer	Tem/Effector helper T cells	VEGFA	CD44	1.1226945	0.04	1.0462105	0.15740019168913533	0.05343914550462514	0.003623187	0.7925009	0.8121303334826884	0.4372749722665476	degenerated	True	pain_ligand:VEGFA
Endothelial cells	NP_stressed_degenerative	ADAM17	IL6R	0.69320416	0.0	0.40910807	0.7204188401318511	1.4359738260808215	0.019886065	0.7048688	0.005963467576966869	0.43734934426727423	degenerated	True	pain_receptor:IL6R
AF_mechanical_stress	NP_mature_chondrocyte	PTGS2	CAV1	1.1226285	0.0	1.2596983	0.08467780648205282	-0.26018551084334773	0.0075421934	0.80735517	1.0	0.4374609935679592	degenerated	True	pain_ligand:PTGS2
Fibroblasts	AF_mechanical_stress	FGF2	CD44	0.76205313	0.68	0.40975165	-0.14578080542402277	-0.5453371390500215	0.0039376067	0.7050322	1.0	0.43777252080875284	degenerated	True	pain_ligand:FGF2
AF_inner	NP_mature_chondrocyte	FGF2	SDC2	1.1225286	0.0	1.2308637	0.3188691187516548	0.3466728753887033	0.032026988	0.805548	0.0976316616554122	0.4378331257975622	degenerated	True	pain_ligand:FGF2
AF_inner	NP_mature_chondrocyte	SEMA3E	NRP2	0.728821	0.0	0.40986714	0.370449049418086	0.48845343760173177	0.041028325	0.70506155	0.03737267770389183	0.4379607860132021	degenerated	True	pain_receptor:NRP2
Endothelial cells	DC	VEGFA	CD44	1.0215315	0.44	0.35153985	0.06009449272794021	-0.37254126235882457	0.0012174363	0.6888532	1.0	0.43800778637621973	degenerated	True	pain_ligand:VEGFA
Fibroblasts	Endothelial cells	VEGFA	ITGB1	1.1222272	0.46	0.9032505	0.007039764447481861	-0.2992194634699946	0.004126244	0.7801605	1.0	0.4380812639750178	degenerated	True	pain_ligand:VEGFA
Mast cells	NP_stressed_degenerative	TNF	VSIR	0.6925342	0.0	0.39792722	1.1242917705620308	2.0577165144672547	0.007943597	0.7019784	0.08864498290078558	0.43810194595177676	degenerated	True	pain_ligand:TNF
NK cells	Tcm/Naive helper T cells	VEGFA	CD44	1.1220918	0.05	0.9085684	0.15746300163233945	0.2184342578258085	0.0031465115	0.7806635	1.0	0.43839154811118486	degenerated	True	pain_ligand:VEGFA
AF_inner	NP_stressed_degenerative	TNFSF10	TNFRSF10B	0.24981122	0.02	0.06002585	0.034827795717720406	0.3820489076308848	0.0040961523	0.47776207	0.6310483090025238	0.43861121138025794	degenerated	True	pain_ligand:TNF
AF_mechanical_stress	NP_stressed_degenerative	NGF	KIDINS220	0.2737274	0.81	0.06005625	-0.013912462952634624	0.3556996862358921	0.004391578	0.47782522	1.0	0.43876392103787865	degenerated	True	pain_ligand:NGF
AF_outer	NK cells	ANGPT1	ITGB1	1.1871185	0.0	0.3508702	0.4530282772011797	0.5574183331747157	0.012138021	0.6886488	0.019971329109058515	0.4398453634906989	degenerated	True	pain_ligand:ANGPT1
NP_mature_chondrocyte	Tem/Temra cytotoxic T cells	FGF2	CD44	1.121002	0.01	1.2549865	0.2559015094788143	0.5952555469923275	0.012060095	0.8070636	0.11458311243323929	0.4403792402168874	degenerated	True	pain_ligand:FGF2
DC	Endothelial cells	PDGFC	FLT1	1.1208334	0.0	1.1857204	1.540392753769222	1.5640340639960353	0.08437804	0.8026048	0.0018933602265875375	0.4408145289276539	degenerated	True	pain_receptor:FLT1
AF_inner	NP_mature_chondrocyte	VEGFA	GPC1	0.8115668	0.0	0.41106388	0.2531489520353447	0.28741580772304387	0.018438175	0.70536464	0.1444035869581256	0.4408841593445071	degenerated	True	pain_ligand:VEGFA
AF_outer	Naive B cells	CXCL8	CD79A	1.0628443	0.0	0.41117722	6.761643596862566	0.5345248680489489	0.0030522158	0.70539325	0.030382941258463695	0.4410733155436437	degenerated	True	pain_ligand:CXCL8
DC	NK cells	TNF	VSIR	0.88503116	0.0	0.41120684	2.621415644521701	1.1752076595529122	0.00820869	0.7054007	0.07838018299659508	0.44112053832333087	degenerated	True	pain_ligand:TNF
AF_inner	Naive B cells	FGF2	CD44	1.1204776	0.03	1.22696	0.24298636036037907	0.4953566282206522	0.011790767	0.8052991	0.1760704091790426	0.4416854940545898	degenerated	True	pain_ligand:FGF2
AF_inner	DC	FGF2	FGFR1	0.6921073	0.74	0.4116612	-0.07059286723544425	-0.19128521743858112	0.013089997	0.7055155	1.0	0.44197202263804913	degenerated	True	pain_ligand:FGF2
Plasma cells	AF_mechanical_stress	VEGFA	CD44	0.73670536	0.99	0.35015684	-0.22111365706701105	-0.6579738035828833	0.0012126467	0.6884306	1.0	0.4420194591879967	degenerated	True	pain_ligand:VEGFA
NP_mature_chondrocyte	Macrophages	VEGFA	NRP2	1.1198575	0.0	1.2226716	0.40352941064880843	0.4578469448632355	0.01636778	0.80502445	0.0438886451818448	0.4422458124193765	degenerated	True	pain_ligand:VEGFA; pain_receptor:NRP2
Fibroblasts	Tcm/Naive helper T cells	VEGFA	CD44	1.1197951	0.16	0.9006947	0.15522312901368582	0.015380022257057813	0.0031192435	0.7799174	1.0	0.4426194737684565	degenerated	True	pain_ligand:VEGFA
AF_inner	Memory B cells	TNFSF9	HLA-DPA1	0.85413986	0.0	0.34992805	1.6221550232390847	1.5747275092988022	0.0072662793	0.6883605	0.045228612993812645	0.442729916717737	degenerated	True	pain_ligand:TNF
AF_mechanical_stress	AF_mechanical_stress	NGF	MAGED1	0.2745426	1.0	0.06030372	-0.13218025909015155	-0.27365018008828434	0.0082880175	0.47833824	1.0	0.4427325434070029	degenerated	True	pain_ligand:NGF
AF_outer	Tem/Trm cytotoxic T cells	FGF2	CD44	1.1195387	0.0	1.0627794	0.22621001967893584	0.474745738907984	0.010213035	0.79378986	0.1349980617369977	0.4429309161448489	degenerated	True	pain_ligand:FGF2
Tcm/Naive helper T cells	NP_mature_chondrocyte	ADAM10	IL6R	0.24861431	0.58	0.060316905	-0.008900928473272156	-0.05330067771531738	0.0011251721	0.4783655	1.0	0.4430376590864691	degenerated	True	pain_receptor:IL6R
AF_mechanical_stress	AF_outer	TNFSF12	TNFRSF12A	0.8056654	0.0	0.41198125	0.1561967229116305	0.26271738323548094	0.01043875	0.7055962	0.24435420685828657	0.44306167396626067	degenerated	True	pain_ligand:TNF
Macrophages	AF_outer	VEGFA	SIRPA	0.70487213	0.07	0.34976244	0.14603577783882987	0.13678639229936618	0.006782439	0.68830967	0.36383152290746557	0.4436308719096109	degenerated	True	pain_ligand:VEGFA
AF_inner	AF_outer	TNFSF10	TNFRSF10D	0.25074577	0.71	0.060401596	-0.002804318760026025	-0.0668513694112669	0.005434313	0.47854054	1.0	0.44364778749999273	degenerated	True	pain_ligand:TNF
DC	CD16+ NK cells	TNFSF9	HLA-DPA1	0.2596668	0.06	0.060411606	0.26730712190570577	0.5419689088183883	0.0012544508	0.47856125	1.0	0.4439528303732203	degenerated	True	pain_ligand:TNF
Macrophages	Endothelial cells	TNF	VSIR	0.7985699	0.0	0.3495825	2.322327434066673	1.2010002411323288	0.006978518	0.68825454	0.09358153445884215	0.444058090138157	degenerated	True	pain_ligand:TNF
Plasma cells	AF_inner	VEGFA	ITGB1	0.73565274	1.0	0.34952977	-0.3627749068443397	-0.8136347121994818	0.0015967279	0.6882384	1.0	0.44410552571443274	degenerated	True	pain_ligand:VEGFA
Endothelial cells	AF_outer	PTGS2	CAV1	0.924409	0.99	0.41239238	-0.07519232631599992	-0.2479005982033936	0.0024691175	0.70569974	1.0	0.44424800286186084	degenerated	True	pain_ligand:PTGS2
Classical monocytes	Fibroblasts	TNFSF13B	TFRC	0.7026516	0.04	0.34934714	1.3738272524860349	0.8756245113233353	0.011846435	0.6881823	0.19940486760830795	0.44500849587261515	degenerated	True	pain_ligand:TNF
DC	AF_mechanical_stress	TNF	TNFRSF1A	1.1181841	0.0	1.1083385	2.7562091017301222	1.3266394964534802	0.027445514	0.7972041	0.005963467576966869	0.44548818629506576	degenerated	True	pain_ligand:TNF; pain_receptor:TNFRSF1A
Fibroblasts	NP_stressed_degenerative	IL11	IL6R	0.68895435	0.0	0.40094456	0.7574434679806337	1.3078276507513895	0.026645616	0.7027679	0.005963467576966869	0.4459601061903775	degenerated	True	pain_receptor:IL6R
Endothelial cells	Macrophages	VEGFA	CD44	1.1844496	0.01	0.41334254	0.22063033226086604	-0.09211869063769329	0.0014314685	0.70593864	1.0	0.4463888182478678	degenerated	True	pain_ligand:VEGFA
NP_stressed_degenerative	Tem/Effector helper T cells	VEGFA	CD44	1.1179069	0.07	1.0310287	0.1527313315295415	0.643024706059822	0.00357061	0.7912964	0.8369556592409166	0.44642513101620984	degenerated	True	pain_ligand:VEGFA
DC	Fibroblasts	RTN4	NGFR	1.1178361	0.0	0.8755912	1.8669927372071746	0.6087336842892249	0.030745469	0.7774818	0.013268371113130603	0.4467375772820666	degenerated	True	pain_receptor:NGFR
AF_mechanical_stress	AF_inner	TNFSF10	RIPK1	0.2523125	0.0	0.060585115	0.12439410935815494	0.10966201857077584	0.0058407765	0.47891912	0.41981385036247304	0.4468494521838241	degenerated	True	pain_ligand:TNF
Naive B cells	Tem/Temra cytotoxic T cells	VEGFA	CD44	0.70132315	0.92	0.34825003	-0.2561023115752569	-0.14970395748893472	0.0012060432	0.68784463	1.0	0.44734254549173524	degenerated	True	pain_ligand:VEGFA
Fibroblasts	Small pre-B cells	PDGFC	FLT1	0.27126598	0.4	0.060681798	0.062056784520321706	-0.0051445878444414395	0.0043182285	0.4791181	0.7785064256509252	0.4480684591124527	degenerated	True	pain_receptor:FLT1
AF_outer	AF_inner	GRN	TNFRSF1A	0.68795586	1.0	0.39512414	-0.039128354489190165	-0.13924628382894166	0.0045149797	0.7012384	1.0	0.4482020153205695	degenerated	True	pain_receptor:TNFRSF1A
Mast cells	Plasma cells	CXCL8	SDC1	0.68760645	0.0	0.40899834	1.6123958739120365	1.0544227940378292	0.019283134	0.7048409	0.005963467576966869	0.44896701287005913	degenerated	True	pain_ligand:CXCL8
AF_inner	Classical monocytes	IL11	IL6R	0.2589544	0.3	0.060778268	0.08180876274641911	0.21940035297975224	0.004039148	0.47931632	0.6501407099303291	0.4492870478772476	degenerated	True	pain_receptor:IL6R
Naive B cells	NP_mature_chondrocyte	VEGFA	NRP2	0.6997464	0.53	0.3472334	0.006995898564648301	-0.12234508431524238	0.004648378	0.68753076	1.0	0.4498285614792703	degenerated	True	pain_ligand:VEGFA; pain_receptor:NRP2
DC	NK cells	TNFSF12	TNFRSF12A	0.74819577	0.26	0.34713164	0.525565991470131	0.1028765475097203	0.008795594	0.6874993	0.565885135056991	0.44997225998337365	degenerated	True	pain_ligand:TNF
AF_mechanical_stress	Tem/Effector helper T cells	VEGFA	ITGB1	1.1155118	0.45	1.1864803	0.011625981453774775	0.08212589369804935	0.005420099	0.8026555	0.8464075548889961	0.4504310893821286	degenerated	True	pain_ligand:VEGFA
Classical monocytes	Tcm/Naive helper T cells	TNFSF13B	TFRC	0.70155805	0.0	0.34697938	1.3725441982788125	1.189532962227303	0.011766145	0.68745214	0.018597330306976054	0.45045142549974504	degenerated	True	pain_ligand:TNF
AF_inner	NK cells	NGF	KIDINS220	0.27017304	0.6	0.060858093	-0.01570537522993029	-0.09193304530041463	0.0044502118	0.4794801	1.0	0.4506574851886774	degenerated	True	pain_ligand:NGF
Naive B cells	Naive B cells	VEGFA	CD44	0.8058492	0.79	0.4156425	-0.15310487822222846	-0.1519500119685906	0.0014394335	0.70651436	1.0	0.4506912115675018	degenerated	True	pain_ligand:VEGFA
NK cells	NK cells	PDGFA	PDGFRB	1.1152601	0.0	1.237994	1.9657657738338747	1.860830628727686	0.10761672	0.806	0.0003743610600084836	0.45099549815079043	degenerated	True	pain_ligand:PDGFA
AF_inner	DC	NGF	BEX3	0.27031136	1.0	0.060902357	-0.4118604132046072	-0.7477922335994078	0.0040916996	0.47957084	1.0	0.45111418851996277	degenerated	True	pain_ligand:NGF
AF_mechanical_stress	Fibroblasts	PDGFA	PDGFRB	0.74421453	0.0	0.4159873	1.1838200037769588	0.9208311270540421	0.036161073	0.70660025	0.005963467576966869	0.45141092855627196	degenerated	True	pain_ligand:PDGFA
Tcm/Naive helper T cells	AF_outer	CXCL8	SDC2	0.7090607	0.5	0.41602433	0.0010809886167556203	-0.3407202256749996	0.0026021062	0.70660955	1.0	0.4515068474864136	degenerated	True	pain_ligand:CXCL8
Endothelial cells	AF_outer	VEGFA	SIRPA	0.25551656	1.0	0.060953483	-0.29220368315666845	-0.7402613943675084	0.0011819832	0.47967553	1.0	0.45202743154329295	degenerated	True	pain_ligand:VEGFA
Endothelial cells	AF_inner	TNFSF12	TNFRSF12A	0.8030678	0.0	0.4163517	0.15667556248686793	0.23647580735221752	0.010549488	0.7066911	0.24320707113763143	0.4520352520887294	degenerated	True	pain_ligand:TNF
NP_mature_chondrocyte	AF_outer	VEGFA	SIRPA	0.8092218	0.0	0.41682985	0.24780415097027725	0.21113380573508267	0.008082981	0.70680994	0.23604743011029203	0.4531894548648631	degenerated	True	pain_ligand:VEGFA
Macrophages	NP_notochordal	GRN	TNFRSF1A	1.183379	0.0	0.8417549	0.4821475413818986	0.6579939307944278	0.009618512	0.7740541	0.04303582316475807	0.4533186570526898	degenerated	True	pain_receptor:TNFRSF1A
AF_mechanical_stress	AF_inner	VEGFA	GPC1	0.83181757	0.0	0.41704053	0.2705674294622303	0.22593539900633364	0.018706257	0.70686233	0.21504258603655207	0.45362278691507396	degenerated	True	pain_ligand:VEGFA
NP_mature_chondrocyte	Plasma cells	TNFSF12	TNFRSF12A	0.27150488	1.0	0.061036278	-0.43580644307917954	-0.7137060834672488	0.0015465324	0.47984493	1.0	0.45446172984671096	degenerated	True	pain_ligand:TNF
NP_mature_chondrocyte	Mast cells	FGF2	CD44	1.1127045	0.04	1.235708	0.24772543680491138	0.8525211719795074	0.011874834	0.80585545	0.19940486760830795	0.45476502800165985	degenerated	True	pain_ligand:FGF2
Classical monocytes	Macrophages	TNFSF13B	CD40	0.73428833	0.0	0.41784802	1.8059853013839695	1.5919048621521035	0.034678742	0.7070627	0.0029972274524483664	0.4553106438448804	degenerated	True	pain_ligand:TNF
AF_inner	Fibroblasts	PDGFC	FLT1	0.25353542	0.35	0.061119087	0.01375513307289592	-0.08151980316634772	0.0043493467	0.48001412	0.9765186865267026	0.4556782823383143	degenerated	True	pain_receptor:FLT1
NP_mature_chondrocyte	NP_mature_chondrocyte	TNFSF11	TNFRSF11B	0.8385861	0.0	0.41824758	0.48958908618459895	0.5564187499330542	0.116455965	0.70716166	0.020147568642856797	0.4561802863075447	degenerated	True	pain_ligand:TNF
Fibroblasts	Tcm/Naive helper T cells	TNFSF13B	TFRC	0.2556962	0.8	0.061180864	0.04068840271562474	-0.013511512602136788	0.002074656	0.48014024	1.0	0.4567424289875047	degenerated	True	pain_ligand:TNF
AF_mechanical_stress	NK cells	VEGFA	GPC1	0.8050606	0.0	0.34447	0.2251783013953552	0.21853489009872468	0.015451122	0.68667185	0.22459497877653142	0.45685749093014805	degenerated	True	pain_ligand:VEGFA
NK cells	AF_outer	VEGFA	ITGB1	1.1109642	0.4	0.89677215	-0.0035869466687956375	0.14110094428887532	0.00409665	0.77954257	0.8074866739312637	0.4570323405286384	degenerated	True	pain_ligand:VEGFA
AF_outer	Tcm/Naive helper T cells	ANGPT1	ITGA5	0.27241823	0.31	0.06119841	0.050834419512457	0.33998313049081896	0.005765185	0.480176	0.6417227897853943	0.45704642924893396	degenerated	True	pain_ligand:ANGPT1
Endothelial cells	AF_mechanical_stress	PTGS2	CAV1	0.7933786	1.0	0.34439462	-0.19775955930404607	-0.8237047481304585	0.0020619945	0.68664825	1.0	0.4571479046655375	degenerated	True	pain_ligand:PTGS2
DC	AF_outer	VEGFA	CD44	1.1108341	0.15	1.1976485	0.1443970961601735	0.08791799149016433	0.00414764	0.8033965	0.6100201923778605	0.45741063502564056	degenerated	True	pain_ligand:VEGFA
AF_outer	Endothelial cells	TNFSF9	HLA-DPA1	0.2756877	0.0	0.061226476	0.3062452150657834	0.37530484497910904	0.0012713717	0.48023325	0.6119072792578046	0.4576543570944398	degenerated	True	pain_ligand:TNF
AF_outer	Classical monocytes	ANGPT1	ITGA5	0.27256143	0.49	0.06124376	0.051032970108213345	0.5118885950271217	0.0057694577	0.48026848	0.9055923023215635	0.4579582546581733	degenerated	True	pain_ligand:ANGPT1
DC	Endothelial cells	TNF	TRADD	0.8625216	0.0	0.34390283	2.720688187382744	1.3795986010128563	0.024510263	0.6864945	0.005963467576966869	0.458747380370331	degenerated	True	pain_ligand:TNF
Naive B cells	AF_outer	VEGFA	CD44	0.8118707	0.85	0.41952485	-0.14717056038597381	-0.24299362831563198	0.0014528787	0.70747733	1.0	0.459281418008763	degenerated	True	pain_ligand:VEGFA
Classical monocytes	Classical monocytes	PTGS2	CAV1	1.3187041	0.16	0.835969	0.23242798118399077	0.4302851929949276	0.0050051985	0.7734504	0.4130290097656548	0.4597460620194705	degenerated	True	pain_ligand:PTGS2
Fibroblasts	AF_outer	ANGPT2	ITGA5_ITGB1	0.69248176	0.0	0.41995305	2.693116455696683	0.7788888156642131	0.02408418	0.70758283	0.005963467576966869	0.45996153384479005	degenerated	True	pain_ligand:ANGPT2
AF_inner	NK cells	FGF2	CD44	1.108742	0.01	1.2046242	0.23142252394470933	0.36655040010174533	0.011576126	0.80385476	0.129340568445193	0.46018837500741694	degenerated	True	pain_ligand:FGF2
Fibroblasts	AF_outer	VEGFA	ITGB1	1.1086675	0.48	0.88900065	-0.00582681928744927	-0.06195329127987537	0.004061148	0.77879375	0.9094788657252807	0.4603148006462623	degenerated	True	pain_ligand:VEGFA
Endothelial cells	AF_outer	TNFSF12	TNFRSF12A	0.80879617	0.0	0.42007494	0.16220662079996695	0.3477965736259556	0.010643826	0.7076129	0.23224188383467162	0.46035058257652894	degenerated	True	pain_ligand:TNF
AF_mechanical_stress	Endothelial cells	PIGF	FLT1	0.8447528	0.0	0.420182	1.1878974788288863	1.2004908539299701	0.06649704	0.7076392	0.005963467576966869	0.4605451122824653	degenerated	True	pain_receptor:FLT1
Endothelial cells	NK cells	VEGFA	ITGB1	1.2027844	0.15	0.42029783	0.07904911622056593	-0.2952015477964153	0.0019200117	0.70766777	1.0	0.460739850625531	degenerated	True	pain_ligand:VEGFA
Naive B cells	Mast cells	VEGFA	CD44	0.6930258	0.94	0.3429004	-0.2642783842491598	0.10756166749824514	0.0011875165	0.6861803	1.0	0.4612266287319946	degenerated	True	pain_ligand:VEGFA
AF_outer	Tem/Trm cytotoxic T cells	VEGFA	CD44	1.1079719	0.0	1.0267814	0.14289305031592636	0.13985110672047807	0.003555901	0.79095536	0.8439775517886927	0.46138981544204116	degenerated	True	pain_ligand:VEGFA
AF_inner	AF_outer	VEGFA	SIRPA	0.81524837	0.0	0.42070323	0.2536808396013279	0.2556305362152784	0.008158091	0.7077674	0.17729739143153128	0.4619088171905609	degenerated	True	pain_ligand:VEGFA
AF_inner	AF_inner	TNFSF10	TNFRSF10B	0.25346246	0.0	0.06149385	0.040812089064805566	-0.008278360538259533	0.0041963286	0.48077706	0.7339144623322759	0.46205883167361694	degenerated	True	pain_ligand:TNF
Naive B cells	Fibroblasts	VEGFA	EGFR	0.2566315	0.97	0.061537936	-0.21276674556468184	-0.4347514836224239	0.004431779	0.48086655	1.0	0.4625141722803787	degenerated	True	pain_ligand:VEGFA
DC	Endothelial cells	VEGFA	NRP2	0.68101907	0.68	0.4065323	-0.07355843019559898	-0.2960861193160459	0.005442206	0.7042114	1.0	0.46293328345409357	degenerated	True	pain_ligand:VEGFA; pain_receptor:NRP2
DC	Endothelial cells	TNF	TNFRSF1A	1.1066512	0.0	1.0738549	2.7421298970254133	1.4671905748524763	0.026591606	0.7946371	0.005963467576966869	0.46341588752296964	degenerated	True	pain_ligand:TNF; pain_receptor:TNFRSF1A
Fibroblasts	Fibroblasts	TNFSF13B	TFRC	0.25678974	0.57	0.061598357	0.04197145692284715	-0.3274199635061046	0.0020888133	0.48098898	1.0	0.4634246900989918	degenerated	True	pain_ligand:TNF
Macrophages	NP_mature_chondrocyte	VEGFA	GPC1	0.7011906	0.08	0.3417485	0.14550389027284671	0.16857166380713162	0.015329051	0.68581784	0.3028345670501407	0.46381260209782904	degenerated	True	pain_ligand:VEGFA
NP_mature_chondrocyte	AF_outer	TNFSF10	TNFRSF11B	0.69172066	0.0	0.42172626	0.2515196025820633	0.3677331613994975	0.02233287	0.70801854	0.10875196523602859	0.4639592633727499	degenerated	True	pain_ligand:TNF
AF_outer	NP_notochordal	GRN	TNFRSF1A	0.701744	0.75	0.421805	-0.022295912593903566	0.08702615274742231	0.004819855	0.70803785	1.0	0.4642038190675782	degenerated	True	pain_receptor:TNFRSF1A
Endothelial cells	Plasma cells	VEGFA	ITGB1	0.2575846	1.0	0.061737992	-0.8178297685757759	-1.505870449770133	0.00028203256	0.48127162	1.0	0.4650934169998246	degenerated	True	pain_ligand:VEGFA
NP_mature_chondrocyte	Plasma cells	VEGFA	ITGB1	0.81128985	1.0	0.4221947	-0.27782193444883024	-0.5544752496675419	0.0019286771	0.7081333	1.0	0.46523167465961773	degenerated	True	pain_ligand:VEGFA
Mast cells	Naive B cells	CXCL8	CD79A	1.1727382	0.0	0.83107394	6.85765860792045	1.7165298325919383	0.006169157	0.77293545	0.008074750653125979	0.46531830908293437	degenerated	True	pain_ligand:CXCL8
AF_mechanical_stress	NP_mature_chondrocyte	TNFSF10	TNFRSF11B	0.8400995	0.0	0.42240164	0.32991992303293927	0.3528189284655189	0.022368636	0.70818394	0.09345296876525525	0.46562353415573554	degenerated	True	pain_ligand:TNF
Small pre-B cells	Macrophages	ADAM10	IL6R	1.1053314	0.0	1.1497394	1.356731937829283	1.3775441419018384	0.021447629	0.80015236	0.005963467576966869	0.46563567734455624	degenerated	True	pain_receptor:IL6R
Tem/Trm cytotoxic T cells	DC	TNFSF9	HLA-DPA1	1.4316238	0.0	0.83084947	2.935248210451733	2.061962793096593	0.017252643	0.7729118	0.0019664206468644565	0.4656991405651376	degenerated	True	pain_ligand:TNF
Plasma cells	Fibroblasts	PTGS2	CAV1	1.3787109	0.08	0.83058375	0.34718914234942255	-0.10324136511164816	0.0049729557	0.7728837	1.0	0.46588959966016547	degenerated	True	pain_ligand:PTGS2
AF_inner	Fibroblasts	VEGFA	GPC1	0.784648	0.03	0.340583	0.20748530023082998	0.29091437658325037	0.015276773	0.6854497	0.1760704091790426	0.46621189093617377	degenerated	True	pain_ligand:VEGFA
Plasma cells	Fibroblasts	VEGFA	SIRPA	0.2526389	0.99	0.06178071	-0.3321540620985779	-0.7254897886882277	0.0011980244	0.481358	1.0	0.4664582163055627	degenerated	True	pain_ligand:VEGFA
Tem/Effector helper T cells	Fibroblasts	TNF	VSIR	0.6794028	0.0	0.36442968	1.0620855962488687	0.7567708924762289	0.007274904	0.6926992	0.10350413227990742	0.4666534836286891	degenerated	True	pain_ligand:TNF
DC	Naive B cells	VEGFA	CD44	1.1048125	0.24	1.1865653	0.13846277832391882	0.17896160783720572	0.004109257	0.8026612	0.6253284768962036	0.4667788074446151	degenerated	True	pain_ligand:VEGFA
Endothelial cells	AF_inner	PIGF	FLT1	0.2538377	0.01	0.061787795	0.09829041646202746	0.1611155247110485	0.009778396	0.48137233	0.3945913035185293	0.46691303053879785	degenerated	True	pain_receptor:FLT1
AF_mechanical_stress	AF_mechanical_stress	TNFSF12	TNFRSF12A	0.82339317	0.0	0.4232817	0.17331421694022173	0.1487798483387694	0.010725079	0.70839894	0.3395316747262162	0.4672427075288539	degenerated	True	pain_ligand:TNF
AF_mechanical_stress	Plasma cells	VEGFA	CD44	1.1043129	0.08	1.1561066	0.13576637281938708	0.04169888796053123	0.0040037744	0.80059355	0.6635255783337382	0.4678594011926577	degenerated	True	pain_ligand:VEGFA
DC	Tem/Temra cytotoxic T cells	TNF	VSIR	0.88927144	0.0	0.4238853	2.627201695728852	1.2420382706364128	0.008461783	0.7085461	0.06979826286966032	0.46832434284136226	degenerated	True	pain_ligand:TNF
DC	DC	VEGFA	ITGAV	0.67867625	0.48	0.4022201	0.0010261603678255737	-0.15392202845747205	0.0060390886	0.7030995	1.0	0.4683734911457863	degenerated	True	pain_ligand:VEGFA
Classical monocytes	Mast cells	TNFSF13B	HLA-DPB1	0.7371063	0.0	0.4239496	1.669299284626558	1.924556415175688	0.010043213	0.7085618	0.035960693526470106	0.46847195362996297	degenerated	True	pain_ligand:TNF
NP_mature_chondrocyte	Tem/Trm cytotoxic T cells	TNFSF9	TNFRSF9	0.29910177	0.0	0.061909575	0.9992171086925129	0.785559888385229	0.014723998	0.4816181	0.006557830840950645	0.4687317431586693	degenerated	True	pain_ligand:TNF
DC	Naive B cells	TNFSF9	HLA-DPA1	1.2937313	0.0	0.42421576	2.635183111245388	1.6952390844342133	0.008808867	0.70862657	0.009126066205677885	0.4689641617079858	degenerated	True	pain_ligand:TNF
NP_stressed_degenerative	Tem/Trm cytotoxic T cells	VEGFA	CD44	1.1031843	0.01	1.0118816	0.13822419015633247	0.7294366672756749	0.0035043005	0.7897443	0.8691426119389769	0.4693865475719036	degenerated	True	pain_ligand:VEGFA
Plasma cells	NP_mature_chondrocyte	VEGFA	ITGB1	0.8614828	1.0	0.42449135	-0.2433772056672528	-0.6698376180477137	0.0019391687	0.7086936	1.0	0.469407490375344	degenerated	True	pain_ligand:VEGFA
NP_mature_chondrocyte	Naive B cells	VEGFA	ITGB1	0.81218624	0.96	0.4245201	-0.27697136669317185	-0.4941363608541476	0.0019392999	0.70870054	1.0	0.46955532866197275	degenerated	True	pain_ligand:VEGFA
Tem/Effector helper T cells	DC	TNFSF10	TNFRSF10A	0.2521593	0.12	0.062014937	0.3267925728401425	0.38879935973133495	0.006214342	0.48183036	0.3486108365394669	0.46979227667823925	degenerated	True	pain_ligand:TNF
Plasma cells	Fibroblasts	GRN	TNFRSF1A	0.67761326	0.6	0.4030263	-0.006072515085175756	-0.22813936238783328	0.004605275	0.7033085	1.0	0.4702457030879239	degenerated	True	pain_receptor:TNFRSF1A
Mast cells	Small pre-B cells	TNFSF9	HLA-DPA1	0.6774716	0.0	0.37858763	1.2014822107045282	1.7490850125314281	0.007861396	0.6967408	0.0920190490481238	0.4705910659012954	degenerated	True	pain_ligand:TNF
Macrophages	AF_mechanical_stress	TNFSF12	TNFRSF12A	0.7915801	0.05	0.33878186	0.11224491877016282	0.13684009808605213	0.008584028	0.6848778	0.36368164637884437	0.4708379463163344	degenerated	True	pain_ligand:TNF
Macrophages	NP_notochordal	VEGFA	SIRPA	0.73952466	0.04	0.42519304	0.20242323168559395	0.4546777327698936	0.008245156	0.70886403	0.19940486760830795	0.4709860847796731	degenerated	True	pain_ligand:VEGFA
Tcm/Naive helper T cells	Plasma cells	CXCL8	SDC1	0.67737055	0.0	0.38975066	1.603452674238003	0.6171871543478511	0.01837566	0.69980204	0.012291627500959376	0.4709860847796731	degenerated	True	pain_ligand:CXCL8
Classical monocytes	AF_mechanical_stress	VEGFA	ITGB1	1.1019335	0.52	1.0871851	-0.009313752891620432	0.13083282559314746	0.0049664974	0.7956419	0.9526661544703546	0.47129800703808106	degenerated	True	pain_ligand:VEGFA
Endothelial cells	Naive B cells	VEGFA	ITGB1	0.258481	1.0	0.06207804	-0.8169792008201175	-1.4455315609567387	0.00028358595	0.48195732	1.0	0.47145820942350425	degenerated	True	pain_ligand:VEGFA
AF_inner	Plasma cells	PTGS2	CAV1	0.69625145	1.0	0.42559445	-0.3093273784595146	-0.6580534874439794	0.0025481624	0.7089614	1.0	0.4717766292878188	degenerated	True	pain_ligand:PTGS2
Tem/Effector helper T cells	Macrophages	TNF	FAS	0.26833695	0.0	0.062131684	0.6649821279585364	0.5055139213422318	0.0029332247	0.48206514	0.3181801890378177	0.47206383811363084	degenerated	True	pain_ligand:TNF
Macrophages	AF_outer	PDGFA	PDGFRB	0.24929155	0.04	0.062146135	0.17991267931861718	0.44203680291884506	0.0054022586	0.4820942	0.3086673131951438	0.47221521521945115	degenerated	True	pain_ligand:PDGFA
Fibroblasts	AF_mechanical_stress	FGF2	SDC2	0.7850676	0.51	0.42579567	-0.05097105980123667	-0.40141091466638107	0.011079174	0.7090101	1.0	0.4722713053902341	degenerated	True	pain_ligand:FGF2
AF_inner	Tcm/Naive helper T cells	NGF	KIDINS220	0.27425367	0.58	0.062163994	-0.010161605936203903	0.1444837947367868	0.004545705	0.48213005	1.0	0.4723666161907273	degenerated	True	pain_ligand:NGF
AF_mechanical_stress	NP_mature_chondrocyte	VEGFA	GPC1	0.83505166	0.0	0.42581218	0.27605354242839564	0.21525064022493134	0.019099709	0.70901424	0.23032099631074482	0.47237015695002726	degenerated	True	pain_ligand:VEGFA
Fibroblasts	Fibroblasts	NGF	TRPV1	0.27087983	0.04	0.06216864	0.7980143100465125	0.34192145712277167	0.114091106	0.48213938	0.07191366677809297	0.4725179812089425	degenerated	True	pain_ligand:NGF
AF_inner	Plasma cells	VEGFA	ITGB1	0.8173164	1.0	0.42611793	-0.27194524581777957	-0.5099785191873462	0.0019465993	0.7090882	1.0	0.4729147132687689	degenerated	True	pain_ligand:VEGFA
Small pre-B cells	AF_inner	ADAM10	IL6R	0.8419959	0.0	0.4262552	0.9689513054460644	0.858882277723896	0.007951509	0.7091214	0.0882471136209841	0.47321189183523954	degenerated	True	pain_receptor:IL6R
NP_mature_chondrocyte	DC	TNFSF9	HLA-DPA1	1.3343415	0.0	0.3375172	2.7326007690897636	1.5385340631874136	0.007008566	0.68447405	0.020412857863147227	0.47385631027010144	degenerated	True	pain_ligand:TNF
Fibroblasts	AF_outer	FGF2	SDC2	0.67607296	0.72	0.34981248	-0.16361886841842388	-0.3647805423281268	0.009102096	0.68832505	1.0	0.47390584484470055	degenerated	True	pain_ligand:FGF2
NP_mature_chondrocyte	Fibroblasts	VEGFA	GPC1	0.77862144	0.04	0.3374473	0.2016086115997793	0.2464176461030546	0.015136121	0.68445176	0.19940486760830795	0.4740546260738816	degenerated	True	pain_ligand:VEGFA
Macrophages	Tcm/Naive helper T cells	TNF	SEMA4C	0.8275224	0.0	0.42690578	2.708434167692775	1.9827038188428836	0.039172884	0.7092787	0.0015861073860077867	0.47474940253640596	degenerated	True	pain_ligand:TNF
Endothelial cells	NK cells	PDGFA	PDGFRB	0.7749736	0.0	0.4270966	1.2450786648233116	1.2098093281145619	0.037126787	0.7093248	0.005293135340471752	0.4751963691713767	degenerated	True	pain_ligand:PDGFA
AF_outer	Fibroblasts	PDGFC	FLT1	0.2567441	0.34	0.0623853	0.018942399376317965	-0.01817308080887675	0.0044394527	0.48257372	0.7644892748267484	0.47569548989820576	degenerated	True	pain_receptor:FLT1
NK cells	NK cells	ANGPT1	ITGB1	1.2934468	0.0	0.8220947	0.7186554845551374	0.8483466025592666	0.028439587	0.77198076	0.005963467576966869	0.4758332875203448	degenerated	True	pain_ligand:ANGPT1
NP_stressed_degenerative	Naive B cells	TNFSF13B	HLA-DPB1	1.460703	0.0	0.82145077	2.4992528893757453	2.3787640073956755	0.019459872	0.77191174	0.005963467576966869	0.4766653461066827	degenerated	True	pain_ligand:TNF
DC	Tem/Temra cytotoxic T cells	TNF	NOTCH1	0.8905716	0.0	0.4277729	3.087107159655917	1.7474005102304462	0.0327396	0.70948786	0.004089836558665497	0.4769371346283522	degenerated	True	pain_ligand:TNF
NP_notochordal	NP_stressed_degenerative	ADAM10	IL6R	0.6746739	0.0	0.37351304	0.6282381163225654	1.4382401495479815	0.0069676396	0.6953133	0.10350413227990742	0.4771364664955392	degenerated	True	pain_receptor:IL6R
Plasma cells	Memory B cells	VEGFA	CD44	0.8675938	0.7	0.4281319	-0.09213908836075738	-0.07055417701122146	0.0014826864	0.7095743	1.0	0.47753498171306097	degenerated	True	pain_ligand:VEGFA
Macrophages	Macrophages	TNFSF9	TNFRSF9	0.26018184	0.0	0.062471572	0.7461370296079971	0.4088850139613103	0.014857656	0.4827462	0.06249923173347867	0.4776611852884047	degenerated	True	pain_ligand:TNF
AF_inner	Naive B cells	VEGFA	ITGB1	0.8182128	0.97	0.42846495	-0.2710946780621212	-0.4496396303739518	0.0019573208	0.70965445	1.0	0.4781833180858598	degenerated	True	pain_ligand:VEGFA
Tem/Trm cytotoxic T cells	Plasma cells	CXCL8	SDC1	0.69804966	0.0	0.42863572	1.6215201781999438	0.6418503252244083	0.020208983	0.70969546	0.010060138724221391	0.47838283925290814	degenerated	True	pain_ligand:CXCL8
AF_mechanical_stress	NP_mature_chondrocyte	VEGFA	SIRPA	0.8018007	0.0	0.33562845	0.21648900178859565	0.09798947530195551	0.006508359	0.6838678	0.446284918835918	0.4784326887757392	degenerated	True	pain_ligand:VEGFA
Fibroblasts	Endothelial cells	TNFSF9	HLA-DPA1	0.27746105	0.05	0.062635385	0.3099393528701991	0.3134048522875331	0.0013006277	0.48307317	1.0	0.4793236618442539	degenerated	True	pain_ligand:TNF
AF_mechanical_stress	Classical monocytes	ADAM10	IL6R	0.26170382	0.41	0.06263793	0.0006023537266053036	0.06510158309362424	0.0011684694	0.4830783	1.0	0.4794747788405339	degenerated	True	pain_receptor:IL6R
Mast cells	AF_mechanical_stress	TNF	SEMA4C	0.28037456	0.0	0.06264082	0.7822140177044575	1.0634774355176195	0.0057479236	0.48308405	0.10350413227990742	0.47962585994552287	degenerated	True	pain_ligand:TNF
NP_mature_chondrocyte	Macrophages	FGF2	SDC3	0.76567626	0.0	0.4294021	0.704557671726587	0.7491808044208842	0.07689857	0.70987946	0.005963467576966869	0.4796315386542572	degenerated	True	pain_ligand:FGF2
NP_mature_chondrocyte	AF_inner	FGF2	FGFR3	0.7657019	0.0	0.42946175	0.5615013544831855	0.6495926468931965	0.10379775	0.7098937	0.009351237601069118	0.47968147488440643	degenerated	True	pain_ligand:FGF2
NP_mature_chondrocyte	Macrophages	FGF2	FGFR1	0.7657023	0.5	0.4294627	0.010257380956879503	-0.12867153571336404	0.013656048	0.709894	1.0	0.479731414580467	degenerated	True	pain_ligand:FGF2
CD16+ NK cells	DC	TNF	TNFRSF1A	0.25435543	0.55	0.06264231	0.25984082025381494	0.20838401459745565	0.0015511963	0.48308703	1.0	0.4797769350131573	degenerated	True	pain_ligand:TNF; pain_receptor:TNFRSF1A
AF_inner	Endothelial cells	PDGFC	FLT1	0.84809977	0.0	0.42946276	1.0994742196184537	1.0920975552074557	0.03056136	0.709894	0.005963467576966869	0.4797815157960421	degenerated	True	pain_receptor:FLT1
AF_mechanical_stress	Fibroblasts	NGF	MAGED1	0.28229353	0.72	0.06265664	-0.12278563973949089	-0.276188924254878	0.008611398	0.48311564	1.0	0.47992803389260197	degenerated	True	pain_ligand:NGF
Naive B cells	NP_notochordal	TNF	VSIR	0.6734782	0.0	0.42881992	1.2223890702149085	1.355583716033426	0.008560291	0.70973974	0.06676393644760069	0.48003144176440127	degenerated	True	pain_ligand:TNF
Tem/Trm cytotoxic T cells	Macrophages	TNFSF9	HLA-DPA1	1.4133471	0.0	0.81887174	2.893396609828349	2.165048357119523	0.017003924	0.7716349	0.0021484408841427687	0.48025607368584344	degenerated	True	pain_ligand:TNF
NP_mature_chondrocyte	Fibroblasts	NGF	BEX3	1.0965798	0.01	0.84376216	0.5989728439489428	0.48294002309576894	0.05668781	0.7742623	0.11458311243323929	0.48032031652310203	degenerated	True	pain_ligand:NGF
Macrophages	AF_inner	VEGFA	GPC1	0.69795644	0.07	0.33470854	0.14001777730668138	0.17925642258853391	0.015013275	0.683571	0.28516496605759845	0.48043172529425093	degenerated	True	pain_ligand:VEGFA
NP_mature_chondrocyte	Tem/Temra cytotoxic T cells	VEGFA	ITGB1	0.81418526	1.0	0.4297059	-0.27507453817072763	-0.36867520001278786	0.0019629898	0.7099523	1.0	0.48043172529425093	degenerated	True	pain_ligand:VEGFA
AF_outer	Macrophages	GRN	TNFRSF1A	0.6732654	0.7	0.3666974	-0.057062040226241714	-0.11711658803232561	0.004190155	0.69335896	1.0	0.4805318704883859	degenerated	True	pain_receptor:TNFRSF1A
Tem/Effector helper T cells	NP_stressed_degenerative	TNF	VSIR	0.6730126	0.0	0.3597303	1.0533657642851444	1.5781816792609464	0.007181093	0.691316	0.10350413227990742	0.48088225081809494	degenerated	True	pain_ligand:TNF
Classical monocytes	AF_outer	CXCL8	SDC3	1.5107713	0.0	0.334537	1.1151254360770826	1.1693739539184806	0.014401189	0.6835156	0.0072815941820157	0.48103248855857855	degenerated	True	pain_ligand:CXCL8
AF_outer	Fibroblasts	FGF2	CD44	1.0960279	0.17	1.0306648	0.20304286627624246	0.20160403605373822	0.009904421	0.79126734	0.4295575971167276	0.48128383021990384	degenerated	True	pain_ligand:FGF2
Macrophages	Naive B cells	TNF	NOTCH1	0.8287895	0.0	0.43028972	2.862150578684682	1.8517965329458308	0.032932222	0.71009207	0.003929796170323452	0.48143332831273744	degenerated	True	pain_ligand:TNF
Tem/Trm cytotoxic T cells	DC	CXCL8	SDC2	0.67273307	0.58	0.40555224	-0.03976956729897659	-0.5283580441943395	0.0025366063	0.70395994	1.0	0.4814833895232453	degenerated	True	pain_ligand:CXCL8
AF_inner	Tem/Effector helper T cells	NGF	BEX3	0.2763323	1.0	0.06282921	-0.40584420944993127	-0.5338615107650779	0.0042211544	0.48345897	1.0	0.48158951413464873	degenerated	True	pain_ligand:NGF
NP_mature_chondrocyte	Macrophages	IL11	IL6R	0.67563415	0.0	0.4304524	0.7551127393012138	0.9095018315043693	0.028606623	0.71013093	0.005963467576966869	0.48183423217833476	degenerated	True	pain_receptor:IL6R
Endothelial cells	Tem/Temra cytotoxic T cells	VEGFA	ITGB1	0.26048002	1.0	0.062836364	-0.8150823722976733	-1.320070400115379	0.00028705015	0.4834732	1.0	0.4818915311066023	degenerated	True	pain_ligand:VEGFA
NP_notochordal	Plasma cells	CXCL8	SDC1	1.0954791	0.0	1.1759635	1.9687576020202888	1.3185767944373705	0.055443406	0.80194944	0.0019232809183738417	0.4826339407748218	degenerated	True	pain_ligand:CXCL8
DC	NP_mature_chondrocyte	TNF	VSIR	0.8917937	0.0	0.43142694	2.6306434633620097	1.066881759116458	0.008612333	0.7103637	0.06523622080297453	0.48364153061844395	degenerated	True	pain_ligand:TNF
CD16+ NK cells	Plasma cells	CXCL8	SDC1	0.6720489	0.0	0.37974387	1.59880314122713	0.7288555641393101	0.017903868	0.6970629	0.005963467576966869	0.48364153061844395	degenerated	True	pain_ligand:CXCL8
DC	NP_stressed_degenerative	TNF	TNFRSF1A	1.0947436	0.0	1.038251	2.727593496748278	1.9246846593840932	0.025709955	0.79187226	0.00328081933284797	0.48392101681743804	degenerated	True	pain_ligand:TNF; pain_receptor:TNFRSF1A
AF_mechanical_stress	NP_mature_chondrocyte	ADAM17	IL6R	0.25505963	0.02	0.06302375	0.05031453750344246	-0.1856487643690365	0.0030634804	0.48384503	1.0	0.48400491421605374	degenerated	True	pain_receptor:IL6R
Endothelial cells	AF_mechanical_stress	TNFSF12	TNFRSF12A	0.8265239	0.0	0.43159738	0.17932411482855817	0.23385903872924407	0.010935781	0.7104043	0.20495215746578221	0.4841444647637686	degenerated	True	pain_ligand:TNF
Fibroblasts	AF_inner	FGF2	FGFR1	0.67171925	0.62	0.34677738	-0.08991643997372142	-0.33983108580217053	0.011026822	0.6873896	1.0	0.48429538115918463	degenerated	True	pain_ligand:FGF2
NK cells	AF_inner	ADAM17	IL6R	0.25673944	0.23	0.063046545	0.03359718976885434	-0.06858196581609782	0.003064588	0.4838902	1.0	0.48430673804420676	degenerated	True	pain_receptor:IL6R
AF_outer	NP_mature_chondrocyte	PDGFA	PDGFRA	0.28444144	1.0	0.06305269	-0.06164588305414579	-0.15304568972690807	0.007341984	0.48390236	1.0	0.4846085377331325	degenerated	True	pain_ligand:PDGFA
Mast cells	AF_outer	TNFSF10	TNFRSF11B	0.6715367	0.02	0.38418618	0.2154594082744373	0.818452286983631	0.020344904	0.69828945	0.14989686201302985	0.48484906264853744	degenerated	True	pain_ligand:TNF
Naive B cells	Macrophages	ADAM17	IL6R	0.67667615	0.0	0.43219662	0.7139800914068146	0.9495137760921954	0.021008361	0.710547	0.005963467576966869	0.48520153818362466	degenerated	True	pain_receptor:IL6R
AF_mechanical_stress	Macrophages	TNFSF10	TNFRSF10A	0.25634688	0.0	0.0630685	0.32934825074242124	0.25053024255637946	0.006319917	0.48393366	0.19247898046056242	0.4853628866434929	degenerated	True	pain_ligand:TNF
NK cells	AF_inner	TNFSF12	TNFRSF12A	0.80933523	0.0	0.43241087	0.1687067855939146	0.3088208190846961	0.010956394	0.710598	0.21996822515465334	0.48600790626087464	degenerated	True	pain_ligand:TNF
Macrophages	Endothelial cells	TNFSF13B	TFRC	0.28556904	0.8	0.06318402	0.28450853946328475	-0.11379268362735762	0.0021425837	0.48416218	1.0	0.48611711452283224	degenerated	True	pain_ligand:TNF
NP_mature_chondrocyte	Macrophages	TNFSF9	HLA-DPA1	1.3160648	0.0	0.33265147	2.6907491684663793	1.6416196272103434	0.0069075283	0.68290395	0.011821480816951689	0.48661330815839354	degenerated	True	pain_ligand:TNF
NK cells	NP_mature_chondrocyte	PGF	NRP2	1.0931613	0.0	1.1947445	2.152157051782542	1.3932981786582235	0.082908876	0.8032047	0.0011427045076155844	0.4868217089596615	degenerated	True	pain_receptor:NRP2
AF_inner	NK cells	VEGFA	GPC1	0.78157574	0.0	0.33253902	0.20227371100230432	0.2907000575968372	0.014915962	0.6828673	0.16625755918683172	0.4869667977471711	degenerated	True	pain_ligand:VEGFA
DC	NK cells	VEGFA	CD44	1.093077	0.17	1.1649648	0.12689894190824907	0.050155379718298865	0.004034451	0.8012021	0.6523057174090843	0.48707977841865235	degenerated	True	pain_ligand:VEGFA
AF_inner	NP_stressed_degenerative	NGF	KIDINS220	0.27784207	0.72	0.063312374	-0.005286657018976513	0.3478587901013233	0.0046296795	0.4844156	1.0	0.48747435654495863	degenerated	True	pain_ligand:NGF
DC	Endothelial cells	VEGFA	ITGAV	0.6705059	0.45	0.3871818	-0.00981584823543711	-0.19031145755265588	0.005813297	0.699107	1.0	0.48772462353062257	degenerated	True	pain_ligand:VEGFA
Fibroblasts	AF_inner	NGF	SORT1	0.27249992	0.21	0.06338935	0.18367659431370306	0.019006665357103436	0.010514292	0.48456728	0.6508360165407657	0.4880773952147327	degenerated	True	pain_ligand:NGF
AF_inner	Tem/Temra cytotoxic T cells	VEGFA	ITGB1	0.8202118	1.0	0.43369892	-0.26919784953967696	-0.3241784695325921	0.001981231	0.7109037	1.0	0.48828075523785086	degenerated	True	pain_ligand:VEGFA
DC	Fibroblasts	TNFSF9	TRAF2	0.26817203	0.02	0.06340391	0.9439556911846951	0.3332701981576717	0.02884462	0.48459604	0.14989686201302985	0.4885296183343707	degenerated	True	pain_ligand:TNF
AF_mechanical_stress	Memory B cells	FGF2	CD44	1.0924728	0.07	1.0745778	0.20335431513184232	0.46554307491126345	0.010326414	0.794692	0.2606939141756345	0.48856510843407813	degenerated	True	pain_ligand:FGF2
AF_inner	Tem/Effector helper T cells	VEGFA	ITGB1	1.092027	0.54	1.1453856	-0.011278608939276097	0.15429106119616187	0.00523237	0.79984885	0.9827094153343124	0.48953464838032806	degenerated	True	pain_ligand:VEGFA
Macrophages	AF_outer	CXCL8	SDC3	1.4983097	0.0	0.33166832	1.1042378436713378	1.080260390441808	0.014277697	0.68258333	0.007589453306665564	0.4898000780483637	degenerated	True	pain_ligand:CXCL8
NK cells	NP_mature_chondrocyte	PDGFA	PDGFRA	0.7285449	0.0	0.43437755	0.8789128802537693	0.7537431732110186	0.050579805	0.7110643	0.005963467576966869	0.48995216740942726	degenerated	True	pain_ligand:PDGFA
Plasma cells	AF_mechanical_stress	VEGFA	ITGB1	0.87813693	0.99	0.43441284	-0.22757408024755055	-0.6798987691672143	0.001984492	0.7110727	1.0	0.49015494875332855	degenerated	True	pain_ligand:VEGFA
Classical monocytes	Memory B cells	VEGFA	CD44	1.0913904	0.31	1.0714661	0.12612123899517275	0.7401774177491403	0.003710651	0.7944553	0.7727194007666764	0.4903107860419021	degenerated	True	pain_ligand:VEGFA
AF_outer	NP_mature_chondrocyte	TNFSF12	TNFRSF12A	0.8996304	0.0	0.43462422	0.2320296522344764	0.2993246459485741	0.011012475	0.7111227	0.13327230259207462	0.4905608396919774	degenerated	True	pain_ligand:TNF
AF_inner	AF_mechanical_stress	NGF	MAGED1	0.2786573	1.0	0.06357326	-0.12355445315649342	-0.28149107622285313	0.008737375	0.48492914	1.0	0.49109123051386916	degenerated	True	pain_ligand:NGF
Naive B cells	NP_mature_chondrocyte	TNF	SEMA4C	0.3196758	0.0	0.06359149	0.936470697406624	0.799213390328653	0.005835157	0.48496494	0.10350413227990742	0.49124184706099017	degenerated	True	pain_ligand:TNF
Macrophages	Endothelial cells	TNFSF12	TNFRSF12A	0.2521974	1.0	0.06359514	-0.40856393463048224	-0.6891581706301287	0.0016113686	0.48497212	1.0	0.49154309182841427	degenerated	True	pain_ligand:TNF
Mast cells	Classical monocytes	TNF	VSIR	0.73826706	0.0	0.4351303	1.1866968202984975	1.8199914702033204	0.00868626	0.7112422	0.06292696378119894	0.49198298140625435	degenerated	True	pain_ligand:TNF
DC	AF_inner	TNF	VSIR	0.8581691	0.0	0.3308887	2.5847608746039286	1.0000610848871863	0.006605345	0.6823284	0.10350413227990742	0.4923389055759756	degenerated	True	pain_ligand:TNF
NK cells	AF_inner	ANGPT1	ITGB1	0.77221805	0.29	0.43534398	0.2240725793746663	0.1935987642459177	0.015060312	0.71129256	0.611656462744215	0.49254250573329966	degenerated	True	pain_ligand:ANGPT1
AF_inner	AF_mechanical_stress	SEMA3E	NRP2	0.66851693	0.0	0.36397323	0.2998126300082092	0.3532177718623367	0.036434274	0.6925658	0.09321882426697485	0.4931022931593094	degenerated	True	pain_receptor:NRP2
NP_mature_chondrocyte	Tem/Trm cytotoxic T cells	TNFSF9	HLA-DPA1	0.3060729	0.0	0.063765466	0.3779959898761276	0.5870102149335	0.0013240939	0.48530617	0.353934669904203	0.49350055041819174	degenerated	True	pain_ligand:TNF
AF_mechanical_stress	AF_outer	VEGFA	SIRPA	0.83873326	0.0	0.4357974	0.2765854299943788	0.1834653687171659	0.008450791	0.71139944	0.27725707053776877	0.4937135710685497	degenerated	True	pain_ligand:VEGFA
Mast cells	Tem/Effector helper T cells	VEGFA	CD44	1.0891366	0.27	0.9397955	0.12467278063527625	0.588208466477897	0.0032546555	0.7835428	1.0	0.4942631212311437	degenerated	True	pain_ligand:VEGFA
Plasma cells	Classical monocytes	ADAM17	IL6R	0.26342604	0.38	0.06380283	0.0405689579306504	0.15395038624353063	0.0031013498	0.48537934	1.0	0.4944036401303032	degenerated	True	pain_receptor:IL6R
NK cells	AF_outer	TNFSF12	TNFRSF12A	0.8150636	0.0	0.43627772	0.17423784390701363	0.4201415853584342	0.0110543715	0.71151257	0.2094726296918355	0.49488665249865493	degenerated	True	pain_ligand:TNF
DC	NP_mature_chondrocyte	PDGFC	FLT1	0.68276864	0.0	0.43643132	0.7404535880348803	0.7950408985393774	0.031057255	0.7115486	0.005963467576966869	0.4951929650036293	degenerated	True	pain_receptor:FLT1
Macrophages	AF_outer	TNFSF12	TNFRSF12A	0.7738523	0.08	0.32973734	0.09512742474157161	0.2507776329827637	0.008354859	0.6819505	0.40348043811044976	0.495244136993952	degenerated	True	pain_ligand:TNF
Mast cells	AF_outer	CXCL8	SDC2	0.7192967	0.39	0.43656954	0.010024188290789054	0.09651541401497854	0.00273061	0.7115812	1.0	0.4953973511871638	degenerated	True	pain_ligand:CXCL8
Fibroblasts	Fibroblasts	FGF2	FGFR1	0.6677118	0.57	0.34398368	-0.09438316926393214	-0.5320813079436817	0.010937987	0.6865198	1.0	0.49544837578098233	degenerated	True	pain_ligand:FGF2
NP_mature_chondrocyte	NK cells	VEGFA	GPC1	0.7755492	0.0	0.32947734	0.19639702237125364	0.24620332711664145	0.014778632	0.6818649	0.18985789710178708	0.49585718336041684	degenerated	True	pain_ligand:VEGFA
Tem/Trm cytotoxic T cells	DC	TNF	TNFRSF1A	0.2572969	0.57	0.063872024	0.2705277015626183	0.11120719507825366	0.0015816473	0.48551467	1.0	0.49590832737247414	degenerated	True	pain_ligand:TNF; pain_receptor:TNFRSF1A
AF_inner	AF_mechanical_stress	FGF2	SDC4	0.7054258	0.0	0.43700978	0.045359153991794854	-0.021129995104793187	0.0215136	0.7116846	0.7017832258545154	0.49621497338390796	degenerated	True	pain_ligand:FGF2
NP_stressed_degenerative	Fibroblasts	TNFSF13B	CD40	0.2589752	0.06	0.06390818	0.45144842584782285	0.7635389277063045	0.0053039747	0.48558536	0.32405276888828055	0.4963596101028921	degenerated	True	pain_ligand:TNF
Small pre-B cells	Macrophages	IL11	IL6R	0.6673739	0.0	0.4166252	0.7400003346602584	0.946464728547427	0.027687706	0.7067591	0.005963467576966869	0.49647073543148346	degenerated	True	pain_receptor:IL6R
Endothelial cells	Macrophages	ADAM10	IL6R	0.6797474	0.0	0.4373377	0.6485081831977569	0.7004852047764745	0.008158246	0.71176153	0.08016482928513681	0.496828820501182	degenerated	True	pain_receptor:IL6R
Classical monocytes	NP_mature_chondrocyte	SEMA3A	NRP2	0.6911508	0.05	0.3287163	0.2595108211023839	0.48798107476393393	0.02710245	0.68161404	0.2207665811323996	0.49769935752139316	degenerated	True	pain_ligand:SEMA3A; pain_receptor:NRP2
AF_inner	AF_mechanical_stress	FGF2	SDC2	1.0866	0.0	1.1624821	0.2817359687675793	0.2672792829404381	0.030247707	0.8010322	0.1650942454536605	0.49790170107099274	degenerated	True	pain_ligand:FGF2
NP_mature_chondrocyte	AF_inner	ADAM17	IL6R	0.25843483	0.0	0.0640987	0.03676489832431133	-0.10875056502137098	0.0031157315	0.48595715	1.0	0.4983145618709343	degenerated	True	pain_receptor:IL6R
Macrophages	AF_mechanical_stress	TNF	TRADD	0.79065555	0.0	0.3284455	2.4485089015042694	1.4704306970069538	0.023408607	0.68152463	0.005963467576966869	0.4983656526522461	degenerated	True	pain_ligand:TNF
NK cells	AF_inner	PDGFA	PDGFRA	0.6775279	0.0	0.32836136	0.8142570788317385	0.6847210923444689	0.038235065	0.68149686	0.007001251031581002	0.4986733988951597	degenerated	True	pain_ligand:PDGFA
NP_mature_chondrocyte	Tem/Effector helper T cells	VEGFA	ITGB1	1.0860003	0.6	1.1348401	-0.017155297570326772	0.10979433071596612	0.005184196	0.79910743	1.0	0.49868264437048826	degenerated	True	pain_ligand:VEGFA
Naive B cells	AF_mechanical_stress	VEGFA	SIRPA	0.26070318	0.99	0.064163126	-0.3270192685815621	-0.5995185950210578	0.0012442231	0.48608267	1.0	0.49876555544828616	degenerated	True	pain_ligand:VEGFA
AF_outer	Endothelial cells	PDGFC	FLT1	0.85130847	0.0	0.43836	1.1046614859218757	1.1554442775649267	0.031194502	0.71200097	0.005963467576966869	0.49893000493162576	degenerated	True	pain_receptor:FLT1
Macrophages	Tcm/Naive helper T cells	TNF	FAS	0.79051375	0.0	0.3280668	2.512739531442968	1.6642485638610496	0.01548797	0.6813994	0.005963467576966869	0.49944331871902126	degenerated	True	pain_ligand:TNF
Classical monocytes	NP_mature_chondrocyte	VEGFA	ITGB1	1.0852793	0.56	1.062355	-0.02511687831132267	0.14089397671264803	0.0048530684	0.7937572	1.0	0.4995942724374912	degenerated	True	pain_ligand:VEGFA
NK cells	Macrophages	CCL2	CCR1	0.6659515	0.0	0.42197847	1.9043548243573107	1.5082504643529333	0.04177778	0.70808035	0.0011442299121474685	0.49964871029695673	degenerated	True	pain_ligand:CCL2
AF_mechanical_stress	AF_outer	NGF	KIDINS220	0.2876399	0.34	0.064279616	0.004988414158244651	-0.1236093502964497	0.004700409	0.48630923	1.0	0.4998176827966685	degenerated	True	pain_ligand:NGF
DC	Fibroblasts	VEGFA	ITGAV	0.6657082	0.48	0.37835124	-0.016182410218080236	-0.2555181922356834	0.005680712	0.6966748	1.0	0.5002653853977916	degenerated	True	pain_ligand:VEGFA
Classical monocytes	AF_inner	VEGFA	NRP2	0.66569865	0.64	0.43679258	-0.07436342538071271	0.18153020833379174	0.0058472976	0.7116335	1.0	0.5003169062356208	degenerated	True	pain_ligand:VEGFA; pain_receptor:NRP2
NP_notochordal	DC	VEGFA	SIRPA	0.6656069	0.07	0.43239585	0.2535769485763423	0.26008631609876537	0.008384829	0.71059436	0.2606939141756345	0.5006254551529038	degenerated	True	pain_ligand:VEGFA
NP_mature_chondrocyte	Macrophages	VEGFB	ADRB2	0.2603742	1.0	0.06432515	-0.17080175799493436	-0.4180673624153537	0.0024924097	0.48639765	1.0	0.500869515056839	degenerated	True	pain_ligand:VEGFB
DC	Macrophages	TNFSF9	HLA-DPA1	1.3374633	0.0	0.4396015	2.7353239216290652	1.701183751633074	0.009128353	0.7122908	0.008887032105846496	0.5009341309002925	degenerated	True	pain_ligand:TNF
AF_outer	Fibroblasts	VEGFA	CD44	1.0844611	0.28	0.99575454	0.11972589691323297	-0.1332905961337677	0.00344845	0.78840744	1.0	0.501158528137543	degenerated	True	pain_ligand:VEGFA
DC	Fibroblasts	CXCL1	ADRA2A	1.0843498	0.0	1.006074	3.5340921608905806	1.5640749467226498	0.15671434	0.78926605	0.000336319376787086	0.5014847067569621	degenerated	True	pain_ligand:CXCL1
Macrophages	Tem/Temra cytotoxic T cells	VEGFA	CD44	1.0843298	0.18	1.1757549	0.11742962567547927	0.45700893331721915	0.004071819	0.8019353	0.6387102801897633	0.5015498692305835	degenerated	True	pain_ligand:VEGFA
Mast cells	NP_stressed_degenerative	VEGFA	CD44	0.6678196	1.0	0.4403441	-0.2904834336669194	0.3464439409237088	0.0015249789	0.71246374	1.0	0.5026856360584755	degenerated	True	pain_ligand:VEGFA
NK cells	Tem/Temra cytotoxic T cells	VEGFB	ADRB2	0.6702667	0.0	0.44074973	0.48258946900907174	0.9528963142614578	0.017077751	0.71255803	0.014126568684584345	0.5030984145641456	degenerated	True	pain_ligand:VEGFB
Macrophages	NP_notochordal	TNF	VSIR	1.0830789	0.0	1.1094196	2.7105549797167265	1.9671896034606355	0.022146717	0.7972829	0.0034709337167871655	0.5033123773272017	degenerated	True	pain_ligand:TNF
Tem/Trm cytotoxic T cells	Classical monocytes	TNF	VSIR	0.6876772	0.0	0.32688907	1.0028930286750586	1.3508200060819524	0.006525502	0.68100893	0.10350413227990742	0.5033565362427941	degenerated	True	pain_ligand:TNF
Macrophages	NP_mature_chondrocyte	VEGFA	NRP2	1.0827532	0.0	1.1723226	0.38052783581538446	0.4843678064909115	0.015693763	0.80170304	0.035740999673350725	0.5035735959929812	degenerated	True	pain_ligand:VEGFA; pain_receptor:NRP2
Macrophages	AF_inner	TNFSF12	TNFRSF12A	0.7681239	0.1	0.3268148	0.08959636642847256	0.13945686670902557	0.008280808	0.6809842	0.42209926678658904	0.5036663334769698	degenerated	True	pain_ligand:TNF
DC	Classical monocytes	ADAM17	IL6R	0.26435345	0.38	0.06443014	0.042301805906876336	0.1598179975343309	0.0031318422	0.4866013	1.0	0.5038730778508107	degenerated	True	pain_receptor:IL6R
NP_stressed_degenerative	AF_mechanical_stress	GRN	TNFRSF1A	0.6682069	0.98	0.4411492	-0.030940631977660865	0.1821125826473915	0.0050408957	0.7126508	1.0	0.5040278697635425	degenerated	True	pain_receptor:TNFRSF1A
NP_mature_chondrocyte	AF_outer	FGF2	SDC2	1.0826557	0.0	1.1658906	0.28500074262185576	0.4015625195707119	0.03033639	0.8012654	0.08056731288904863	0.5040310016915877	degenerated	True	pain_ligand:FGF2
NK cells	Fibroblasts	GRN	TNFRSF1A	0.66423106	0.6	0.37854928	-0.020088433811238426	-0.23005425251316236	0.0043255826	0.6967301	1.0	0.504286309230531	degenerated	True	pain_receptor:TNFRSF1A
Fibroblasts	NK cells	FGF2	CD44	0.8072097	0.62	0.44123152	-0.10128450462410662	-0.30213979750507386	0.0042401203	0.7126699	1.0	0.5043895790180946	degenerated	True	pain_ligand:FGF2
AF_mechanical_stress	Plasma cells	VEGFA	ITGB1	0.8408013	0.99	0.44140637	-0.2490406554247287	-0.5821436866854587	0.00201644	0.7127105	1.0	0.5046481421036217	degenerated	True	pain_ligand:VEGFA
Memory B cells	Macrophages	CXCL8	SDC2	0.66392446	0.6	0.4195419	-0.05384668470039464	-0.22339835574571143	0.0026241073	0.7074815	1.0	0.5049067935381162	degenerated	True	pain_ligand:CXCL8
Macrophages	CD16+ NK cells	TNFSF9	HLA-DPA1	0.2656676	0.0	0.06453325	0.2798073309583363	0.5882181358845997	0.001340037	0.4868011	0.6343432207968062	0.5049237723143609	degenerated	True	pain_ligand:TNF
Tem/Temra cytotoxic T cells	Mast cells	TNF	FAS	0.6637616	0.0	0.4344468	1.8333061374663997	1.9710375200910217	0.02051015	0.71108073	0.005963467576966869	0.5052689231193271	degenerated	True	pain_ligand:TNF
Endothelial cells	Endothelial cells	VEGFA	ITGB1	0.9543393	1.0	0.3260506	-0.15669489940918768	-0.5030839395058831	0.00148947	0.6807299	1.0	0.505475908650536	degenerated	True	pain_ligand:VEGFA
Classical monocytes	NP_mature_chondrocyte	VEGFA	ITGAV	0.6634134	0.51	0.43338543	0.011520955249299553	0.2707610042874614	0.0065070163	0.7108294	0.9375164864612401	0.5059419555718558	degenerated	True	pain_ligand:VEGFA
AF_inner	Fibroblasts	APP	NGFR	0.6634071	0.0	0.4154289	1.7823620865391456	0.567385618942174	0.030030422	0.706461	0.018447384991805243	0.5059938654116183	degenerated	True	pain_receptor:NGFR
Classical monocytes	AF_outer	VEGFA	ITGAV	0.6633983	0.52	0.433363	0.011500221613467226	0.419365247535038	0.0065066796	0.7108241	0.9526661544703546	0.5060973681800315	degenerated	True	pain_ligand:VEGFA
Endothelial cells	Macrophages	PIGF	FLT1	0.26070616	0.12	0.06456815	0.1108326189608804	0.1855413644216552	0.010218408	0.48686862	0.3553131033476758	0.5061241921994065	degenerated	True	pain_receptor:FLT1
AF_mechanical_stress	Endothelial cells	VEGFA	ITGB3	0.7981628	0.0	0.3257617	1.1546590377700627	0.54085962721652	0.04326109	0.6806336	0.02287718991048009	0.5061492886493305	degenerated	True	pain_ligand:VEGFA
AF_outer	NP_mature_chondrocyte	ADAM10	IL6R	0.25876802	0.3	0.06458118	0.007996156368401276	-0.22987802927081086	0.0012047192	0.48689386	1.0	0.5062742361326114	degenerated	True	pain_receptor:IL6R
NK cells	CD16+ NK cells	VEGFA	CD44	0.6633063	1.0	0.42221618	-0.2946136363870573	-0.25765263695210594	0.0014621991	0.7081385	1.0	0.506408288867533	degenerated	True	pain_ligand:VEGFA
Plasma cells	DC	CXCL8	SDC3	0.663066	0.0	0.43545768	0.911555470341678	0.24650505347243512	0.018745635	0.7113194	0.10350413227990742	0.506667541329853	degenerated	True	pain_ligand:CXCL8
NP_mature_chondrocyte	Fibroblasts	APP	NGFR	0.6630014	0.0	0.4150181	1.78191929452356	0.5151156316507246	0.030000726	0.70635843	0.027863699360401284	0.5067712998699457	degenerated	True	pain_receptor:NGFR
AF_inner	Plasma cells	VEGFA	CD44	1.0808281	0.13	1.1160641	0.1128617824263362	0.11386405545864375	0.0038651007	0.79776496	0.7121709817933314	0.5071713067428225	degenerated	True	pain_ligand:VEGFA
Endothelial cells	Tcm/Naive helper T cells	VEGFA	CD44	0.95190734	0.54	0.32512805	-0.008511534842983726	-0.18848445377883072	0.0011259683	0.6804219	1.0	0.5073938204785567	degenerated	True	pain_ligand:VEGFA
Small pre-B cells	Macrophages	ANGPT2	ITGA5_ITGB1	0.6920036	0.0	0.44283602	1.7343728542223302	1.2667503426217768	0.02539651	0.71304137	0.005963467576966869	0.5078091720307435	degenerated	True	pain_ligand:ANGPT2
Classical monocytes	AF_outer	GRN	TNFRSF1A	0.66665405	0.61	0.4429105	-0.04242246743730159	0.1372635633735002	0.0050610215	0.71305865	1.0	0.5078610453463088	degenerated	True	pain_receptor:TNFRSF1A
DC	AF_outer	TNF	TRADD	0.85604954	0.0	0.3245512	2.706173986995195	1.405402435883984	0.023131058	0.68022877	0.005963467576966869	0.5082245859517269	degenerated	True	pain_ligand:TNF
Plasma cells	Macrophages	VEGFB	ADRB2	0.26135457	0.95	0.06472018	-0.16963953066841458	-0.36115455537415186	0.002507716	0.48716238	1.0	0.5083739527066455	degenerated	True	pain_ligand:VEGFB
NP_stressed_degenerative	AF_outer	VEGFA	NRP2	0.665923	1.0	0.44320834	-0.06476823063048666	0.34026564215977906	0.0059331846	0.7131274	1.0	0.5083804656295083	degenerated	True	pain_ligand:VEGFA; pain_receptor:NRP2
Mast cells	DC	CXCL8	SDC2	0.6622899	0.52	0.38697237	-0.04889387158688387	-0.1157855753809186	0.0024203951	0.69905007	1.0	0.5085363771777013	degenerated	True	pain_ligand:CXCL8
Mast cells	Macrophages	VEGFA	SIRPA	0.66214085	0.23	0.4336121	0.23807493607439362	0.5895623880776799	0.008408415	0.7108831	0.5229830666060786	0.50879635537772	degenerated	True	pain_ligand:VEGFA
NP_notochordal	Macrophages	VEGFA	ITGAV	0.6754805	0.43	0.44350302	0.059716173782365906	0.20486245865265285	0.006658926	0.7131954	0.8193580637565766	0.5090564221681227	degenerated	True	pain_ligand:VEGFA
NP_stressed_degenerative	Fibroblasts	VEGFA	CD44	1.0796735	0.28	0.9813049	0.11505703675363911	0.45629496442142914	0.0033984089	0.78718555	0.9264836197420562	0.5091375746091559	degenerated	True	pain_ligand:VEGFA
NP_mature_chondrocyte	AF_inner	SEMA3A	NRP2	0.6620305	0.0	0.432494	0.31210852284572205	0.3870428772964094	0.035658855	0.71061766	0.07358068151680087	0.5091603421397422	degenerated	True	pain_ligand:SEMA3A; pain_receptor:NRP2
NP_stressed_degenerative	Classical monocytes	VEGFA	CD44	0.66625404	0.94	0.44363883	-0.29231708791976124	0.2463339256129664	0.0015363891	0.7132267	1.0	0.5095766570492805	degenerated	True	pain_ligand:VEGFA
DC	Tem/Temra cytotoxic T cells	VEGFB	ADRB2	0.6618509	0.03	0.42791566	0.47261321937114953	0.7172870163655785	0.016580466	0.7095223	0.1760704091790426	0.5097328130567269	degenerated	True	pain_ligand:VEGFB
AF_mechanical_stress	Naive B cells	VEGFA	ITGB1	0.8416977	0.96	0.44383758	-0.2481900876690703	-0.5218047978720644	0.0020275463	0.7132725	1.0	0.5097848172889838	degenerated	True	pain_ligand:VEGFA
AF_outer	CD16+ NK cells	VEGFA	ITGB1	0.6618324	1.0	0.43801814	-0.42804581749277193	-0.5731905558402784	0.002000962	0.711921	1.0	0.5097848172889838	degenerated	True	pain_ligand:VEGFA
AF_inner	NP_mature_chondrocyte	VEGFA	SIRPA	0.77831584	0.0	0.32400373	0.19358441139554478	0.17015464280006803	0.0062829372	0.6800451	0.29988454955209704	0.5098890009628195	degenerated	True	pain_ligand:VEGFA
Endothelial cells	Naive B cells	CXCL8	CD79A	1.0714065	0.0	0.44389263	6.76912432068869	0.9298463789534953	0.0032950658	0.7132852	0.02978298402251447	0.5100972462489588	degenerated	True	pain_ligand:CXCL8
AF_outer	Tem/Trm cytotoxic T cells	VEGFA	ITGB1	0.6617321	1.0	0.43788573	-0.4281410113872994	-0.6163081456926917	0.002000357	0.7118899	1.0	0.5100972462489588	degenerated	True	pain_ligand:VEGFA
Fibroblasts	AF_mechanical_stress	PGF	NRP2	0.66157955	0.0	0.3507018	0.7500207053510364	0.4960018381775976	0.024336832	0.6885974	0.032638501546505674	0.5103577561055508	degenerated	True	pain_receptor:NRP2
AF_inner	Macrophages	SEMA3E	NRP2	0.6615758	0.01	0.3586907	0.29168225112006263	0.3875851625383393	0.035905488	0.69100714	0.11458311243323929	0.510409802833919	degenerated	True	pain_receptor:NRP2
Naive B cells	AF_inner	TNF	TRADD	0.3209696	0.0	0.06492709	0.8255949724306645	0.6919274150810344	0.0046274127	0.4875611	0.1105404478589969	0.5104724903091388	degenerated	True	pain_ligand:TNF
Fibroblasts	CD16+ NK cells	ANGPT1	ITGB1	0.6615366	0.81	0.43762544	0.3423442297536153	0.287611269461566	0.015139238	0.71182895	0.8916282151113433	0.5106183546430565	degenerated	True	pain_ligand:ANGPT1
Fibroblasts	Tcm/Naive helper T cells	ANGPT2	ITGA5_ITGB1	0.6615309	0.0	0.36197785	2.6502072684892735	0.9478327936897026	0.020759318	0.6919802	0.005963467576966869	0.5106704190869933	degenerated	True	pain_ligand:ANGPT2
Fibroblasts	Tem/Trm cytotoxic T cells	ANGPT1	ITGB1	0.66143626	0.82	0.43749315	0.34224903585908784	0.2444936796091528	0.0151346605	0.71179795	1.0	0.510878877065216	degenerated	True	pain_ligand:ANGPT1
Tem/Temra cytotoxic T cells	NK cells	CXCL8	SDC2	0.66654235	0.59	0.44425905	-0.06335380201628046	-0.4529668920267882	0.0027787057	0.7133695	1.0	0.5110352989830408	degenerated	True	pain_ligand:CXCL8
NP_mature_chondrocyte	AF_inner	FGF2	FGFR1	1.0783019	0.0	1.1557748	0.3587031710665582	0.42651197609666813	0.03675131	0.80057067	0.055227128013955996	0.5111723018671839	degenerated	True	pain_ligand:FGF2
DC	Tcm/Naive helper T cells	VEGFA	ITGB1	0.7015389	1.0	0.4443012	-0.3869327940648863	-0.5246985492234474	0.002029664	0.7133792	1.0	0.5111917528266583	degenerated	True	pain_ligand:VEGFA
AF_mechanical_stress	NK cells	PDGFA	PDGFRB	0.78220034	0.0	0.4443178	1.2603840606200092	1.1768623727665934	0.038623795	0.713383	0.005030476331290325	0.511296128094248	degenerated	True	pain_ligand:PDGFA
Fibroblasts	AF_mechanical_stress	FGF2	FGFR3	0.26751393	0.71	0.064994596	-0.1052602780894731	-0.3907707607605649	0.015708717	0.48769093	1.0	0.5115213318990453	degenerated	True	pain_ligand:FGF2
Fibroblasts	CD16+ NK cells	VEGFA	CD44	0.6610096	0.96	0.41855723	-0.29685350900571095	-0.4607068725208566	0.0014495276	0.70723826	1.0	0.5122879890420499	degenerated	True	pain_ligand:VEGFA
CD16+ NK cells	AF_outer	TNF	TRADD	0.25838518	0.0	0.06505759	0.5347332951853713	0.7206774099922056	0.0046367133	0.48781195	0.13786064323660618	0.5124200875657945	degenerated	True	pain_ligand:TNF
AF_inner	Macrophages	FGF2	FGFR1	0.660652	0.88	0.35179368	-0.10565520151458416	-0.2263244000053835	0.011186331	0.6889305	1.0	0.5130194628172133	degenerated	True	pain_ligand:FGF2
AF_inner	AF_inner	FGF2	FGFR3	0.66065156	0.0	0.35179287	0.44558877201172176	0.5519397826011769	0.08502576	0.6889303	0.020899371197874533	0.5130718556303052	degenerated	True	pain_ligand:FGF2
Mast cells	Fibroblasts	TNF	TNFRSF1A	0.6606407	0.03	0.3719823	0.8849656408340365	1.1337970935001722	0.009211306	0.6948781	0.1760704091790426	0.5131240867165269	degenerated	True	pain_ligand:TNF; pain_receptor:TNFRSF1A
NK cells	Macrophages	ANGPT1	ITGB1	0.6606314	0.83	0.35254693	0.11819117111171148	0.1365782665344092	0.012196028	0.6891597	1.0	0.5132287248393637	degenerated	True	pain_ligand:ANGPT1
AF_inner	Macrophages	FGF2	SDC3	0.66062593	0.0	0.35174403	0.5886450892551234	0.6515279401288647	0.062991336	0.68891543	0.009233126587101223	0.5132809665711282	degenerated	True	pain_ligand:FGF2
Tcm/Naive helper T cells	Naive B cells	CXCL8	CD79A	1.1625023	0.0	0.7919631	6.848715408246416	1.2792941929019601	0.005878833	0.7686776	0.027982704267881995	0.5134072953178614	degenerated	True	pain_ligand:CXCL8
NK cells	Fibroblasts	PDGFA	PDGFRB	1.0772743	0.0	1.1590574	1.8892017169908244	1.6047993830151346	0.10075489	0.800797	0.0004646338261977488	0.5135389420958733	degenerated	True	pain_ligand:PDGFA
AF_inner	Small pre-B cells	PIGF	FLT1	0.27703297	0.3	0.06512076	0.13716722209714058	0.18457515311950135	0.010305863	0.48793325	0.6273762327252121	0.5137678448556483	degenerated	True	pain_receptor:FLT1
NP_mature_chondrocyte	AF_outer	VEGFA	GPC1	0.82034385	0.0	0.44568226	0.27238444593045125	0.3941170911240334	0.019990975	0.7136964	0.0903905118474195	0.5138040752038955	degenerated	True	pain_ligand:VEGFA
Endothelial cells	Fibroblasts	CXCL8	SDC2	0.8108892	0.23	0.3228313	0.12088015738907773	-0.5961808447020532	0.002019212	0.6796506	1.0	0.5140135505208657	degenerated	True	pain_ligand:CXCL8
Mast cells	DC	VEGFA	ITGB1	0.6724943	1.0	0.44588566	-0.41881406408638744	-0.3683101110577911	0.0020369024	0.71374303	1.0	0.5140658454966166	degenerated	True	pain_ligand:VEGFA
DC	DC	TNFSF9	HLA-DPA1	1.35574	0.0	0.4460316	2.7771755222524495	1.598098187610144	0.0092618745	0.7137764	0.014896519726199542	0.514380020965447	degenerated	True	pain_ligand:TNF
Fibroblasts	Endothelial cells	ANGPT1	TIE1	0.6679998	0.0	0.44614717	3.550903125215327	1.37366877566476	0.29344398	0.71380293	0.0007221745320569586	0.5145371566911721	degenerated	True	pain_ligand:ANGPT1
Endothelial cells	AF_mechanical_stress	TNFSF10	TNFRSF10D	0.6679451	0.0	0.4461506	0.6944512760892447	0.8031945537512561	0.040140033	0.7138037	0.005963467576966869	0.5145894871742371	degenerated	True	pain_ligand:TNF
Endothelial cells	AF_outer	VEGFA	GPC1	0.26663858	1.0	0.065172605	-0.26762338819649445	-0.5572781089785577	0.0029233024	0.4880326	1.0	0.5148157310448542	degenerated	True	pain_ligand:VEGFA
NP_stressed_degenerative	Macrophages	TNFSF13B	HLA-DPB1	1.4112188	0.0	0.790257	2.410940709455249	2.299009351665158	0.018720904	0.7684858	0.005963467576966869	0.5153164242356439	degenerated	True	pain_ligand:TNF
Tem/Trm cytotoxic T cells	Naive B cells	TNFSF9	HLA-DPA1	1.3696152	0.0	0.7902118	2.7932557994446716	2.1591036899206624	0.0164088	0.7684807	0.0027230917278222287	0.5154481426837483	degenerated	True	pain_ligand:TNF
AF_mechanical_stress	CD16+ NK cells	VEGFA	CD44	1.0763385	0.05	1.0802338	0.10820094028866675	0.2591554145279291	0.0037410147	0.79511994	0.7615286728756046	0.5155140585113256	degenerated	True	pain_ligand:VEGFA
AF_mechanical_stress	AF_inner	PTGS2	CAV1	1.0760479	0.02	1.1573883	0.041105587010354355	-0.2869918414304349	0.0069296327	0.800682	1.0	0.5158434747549813	degenerated	True	pain_ligand:PTGS2
Macrophages	Mast cells	VEGFA	CD44	1.0760326	0.25	1.1576935	0.10925355300157638	0.714274558304399	0.00400927	0.80070305	0.6611762631183669	0.5159094087405948	degenerated	True	pain_ligand:VEGFA
Endothelial cells	AF_mechanical_stress	PGF	NRP2	0.6593775	0.0	0.34648922	0.742123586608716	0.607524225309015	0.0240445	0.6873002	0.013393908718638426	0.5163202100502134	degenerated	True	pain_receptor:NRP2
AF_mechanical_stress	DC	FGF2	SDC3	0.67294693	0.0	0.4472806	0.83013896548415	0.5291866100369861	0.0801003	0.71406204	0.025119799837014487	0.5165828341794627	degenerated	True	pain_ligand:FGF2
NP_mature_chondrocyte	Macrophages	SEMA3E	NRP2	0.70859337	0.0	0.44733107	0.37382116714772534	0.4721731358411031	0.044778526	0.71407354	0.03930382074716794	0.5166879419731876	degenerated	True	pain_receptor:NRP2
NK cells	Macrophages	VEGFA	ITGAV	0.6592658	0.48	0.4179329	0.04390269646554196	0.04384653456433396	0.006275007	0.7070837	0.8900463606900078	0.5166879419731876	degenerated	True	pain_ligand:VEGFA
Macrophages	Fibroblasts	VEGFA	ITGAV	0.74975157	0.23	0.44745472	0.06578187048650866	0.020283078764674167	0.006718259	0.71410173	0.6477500285338303	0.5170031847706051	degenerated	True	pain_ligand:VEGFA
DC	Fibroblasts	TNFSF12	TNFRSF12A	1.0754287	0.04	1.1386116	0.8415302663087344	0.48353962862269084	0.028850049	0.7993736	0.19940486760830795	0.51703012397497	degenerated	True	pain_ligand:TNF
Macrophages	Classical monocytes	PTGS2	CAV1	0.79169255	0.94	0.44763008	-0.22844047909237059	-0.23864765625610818	0.0026800963	0.7141418	1.0	0.5172658742418825	degenerated	True	pain_ligand:PTGS2
Macrophages	AF_inner	GRN	TNFRSF1A	1.169591	0.0	0.7885105	0.465315099486612	0.43172149421806383	0.009010102	0.7682889	0.05533656989869649	0.517491897740826	degenerated	True	pain_receptor:TNFRSF1A
Plasma cells	Tem/Temra cytotoxic T cells	VEGFA	CD44	0.6890715	0.99	0.3217796	-0.2680509532044536	-0.283724179439373	0.001114372	0.6792953	1.0	0.5175813520444835	degenerated	True	pain_ligand:VEGFA
AF_mechanical_stress	DC	TNFSF10	TNFRSF10A	0.26016125	0.0	0.06541647	0.34108880950224596	0.2665020351996039	0.0065552	0.48849922	0.1721951247134884	0.517658585242919	degenerated	True	pain_ligand:TNF
Mast cells	Classical monocytes	VEGFA	NRP2	0.6588511	0.67	0.4297123	-0.06741078401767531	0.6599345555158692	0.005752515	0.70995384	1.0	0.5177918526889599	degenerated	True	pain_ligand:VEGFA; pain_receptor:NRP2
Fibroblasts	Plasma cells	VEGFA	CD44	0.6889841	0.9	0.4479556	-0.26928807647499065	-0.6781633990882545	0.0015513388	0.714216	1.0	0.5178969580932092	degenerated	True	pain_ligand:VEGFA
NP_mature_chondrocyte	Plasma cells	VEGFA	CD44	1.0748014	0.13	1.1057885	0.10698509379528552	0.069367324978448	0.003829515	0.7970178	0.7272558691315727	0.5180197457849153	degenerated	True	pain_ligand:VEGFA
NP_notochordal	CD16+ NK cells	VEGFA	CD44	0.67952096	1.0	0.44804835	-0.27880015907023337	-0.09663671286378706	0.0015516599	0.7142371	1.0	0.5180549755690953	degenerated	True	pain_ligand:VEGFA
NK cells	AF_mechanical_stress	TNFSF12	TNFRSF12A	0.8327914	0.0	0.44824457	0.19135533793560486	0.30620405046172267	0.011357587	0.71428174	0.18245265546408818	0.5182654382044365	degenerated	True	pain_ligand:TNF
Fibroblasts	AF_mechanical_stress	FGF2	FGFRL1	0.65869236	0.38	0.33769596	0.09141781822427728	-0.16566996825639052	0.018370263	0.68453133	1.0	0.5184233641898855	degenerated	True	pain_ligand:FGF2
AF_outer	AF_inner	FGF2	CD44	0.6696676	1.0	0.4482776	-0.21708252338197792	-0.3698179999139065	0.0043078316	0.71428925	1.0	0.5184759578331161	degenerated	True	pain_ligand:FGF2
Mast cells	Tem/Trm cytotoxic T cells	VEGFA	CD44	1.0744141	0.24	0.92234266	0.11016563926206725	0.67462042769375	0.0031942136	0.781949	1.0	0.5188119318930007	degenerated	True	pain_ligand:VEGFA
Fibroblasts	AF_mechanical_stress	PDGFA	PDGFRB	0.30059657	0.06	0.06547157	0.29403431079015324	0.2329338069714136	0.0056913327	0.48860443	0.26550772762702307	0.5188549167071113	degenerated	True	pain_ligand:PDGFA
NP_mature_chondrocyte	Fibroblasts	FGF2	FGFR1	1.0742944	0.0	1.1464638	0.3542364417763475	0.23426175395515703	0.036455233	0.79992414	0.20456256098332593	0.5188780017868355	degenerated	True	pain_ligand:FGF2
NP_notochordal	Tem/Effector helper T cells	VEGFA	CD44	1.0740097	0.15	0.89182633	0.10991996296116596	0.2345845811234497	0.003088531	0.779067	1.0	0.5194063562521598	degenerated	True	pain_ligand:VEGFA
AF_mechanical_stress	AF_outer	VEGFA	EGFR	0.7964577	0.0	0.32113698	0.34223296811398235	0.454623520644417	0.02312733	0.6790775	0.04786238521319333	0.5196879271878112	degenerated	True	pain_ligand:VEGFA
AF_mechanical_stress	Tem/Temra cytotoxic T cells	VEGFB	ADRB2	0.65812296	0.0	0.42223045	0.46819405004087056	0.7011846423866758	0.016360184	0.70814204	0.01595758679996563	0.5196879271878112	degenerated	True	pain_ligand:VEGFB
AF_outer	AF_inner	VEGFA	CD44	0.65810084	1.0	0.43309373	-0.3003994927449874	-0.7047126321014124	0.0014998699	0.7107602	1.0	0.5197406063208123	degenerated	True	pain_ligand:VEGFA
NP_mature_chondrocyte	NP_mature_chondrocyte	VEGFA	SIRPA	0.7722893	0.0	0.32102063	0.1877077227644941	0.12565791231987228	0.006225091	0.679038	0.38600653964705905	0.5201626679544442	degenerated	True	pain_ligand:VEGFA
NP_mature_chondrocyte	Naive B cells	TNFSF9	HLA-DPA1	1.2723329	0.0	0.3210089	2.590608358082702	1.6356749600114828	0.0066657704	0.67903405	0.012293567447936388	0.5203209791017969	degenerated	True	pain_ligand:TNF
AF_mechanical_stress	Tem/Temra cytotoxic T cells	VEGFA	ITGB1	0.8436967	1.0	0.44925937	-0.2462932591466261	-0.39634363703070463	0.002052314	0.71451247	1.0	0.5204265933292987	degenerated	True	pain_ligand:VEGFA
NP_notochordal	AF_mechanical_stress	GRN	TNFRSF1A	1.0733423	0.0	1.0418507	0.39338095305659093	0.6285790655625518	0.011904954	0.79215735	0.030755918862231117	0.520596040996604	degenerated	True	pain_receptor:TNFRSF1A
Endothelial cells	AF_outer	VEGFA	ITGB1	0.9407797	1.0	0.3209068	-0.1695614831441188	-0.2658177673157639	0.001465972	0.67899936	1.0	0.5206904410496498	degenerated	True	pain_ligand:VEGFA
Fibroblasts	Naive B cells	FGF2	CD44	0.8189452	0.54	0.4494127	-0.08972066820843688	-0.173333569386167	0.0043187393	0.7145472	1.0	0.5206904410496498	degenerated	True	pain_ligand:FGF2
Plasma cells	NP_mature_chondrocyte	VEGFA	NRP2	0.6874947	0.75	0.32084024	-0.004952743064548404	-0.25636530626568066	0.0042950558	0.6789767	1.0	0.5207961052648881	degenerated	True	pain_ligand:VEGFA; pain_receptor:NRP2
NP_stressed_degenerative	AF_inner	TNFSF13B	HLA-DPB1	0.2615838	0.0	0.06555258	0.35924316584508625	0.6515612504595174	0.001552917	0.48875892	0.39271505765132386	0.5207981391321894	degenerated	True	pain_ligand:TNF
Plasma cells	Fibroblasts	VEGFA	CD44	0.9034742	0.61	0.44950718	-0.056783463491318076	-0.38376512229761883	0.0015567121	0.7145687	1.0	0.5209545449037886	degenerated	True	pain_ligand:VEGFA
Endothelial cells	Naive B cells	TNFSF10	TNFRSF10A	0.67060834	0.0	0.4497094	1.3717589222619408	1.3460853203092773	0.045064107	0.7146145	0.0033864689080237774	0.5213243066707831	degenerated	True	pain_ligand:TNF
AF_outer	AF_outer	VEGFA	NRP2	0.67071056	1.0	0.44973454	-0.060099370470892796	-0.24931991839541778	0.00602055	0.7146203	1.0	0.5213772633885932	degenerated	True	pain_ligand:VEGFA; pain_receptor:NRP2
CD16+ NK cells	Classical monocytes	TNF	VSIR	0.6847357	0.0	0.3205956	0.9922061473662551	1.4479968256011544	0.0063998685	0.6788936	0.10350413227990742	0.5215358208684907	degenerated	True	pain_ligand:TNF
NP_mature_chondrocyte	AF_inner	PIGF	FLT1	0.26009044	0.0	0.0656054	0.11101916219082276	0.1123047070686572	0.010382562	0.4888596	0.41422351365538046	0.521545264394339	degenerated	True	pain_receptor:FLT1
AF_inner	AF_outer	VEGFA	GPC1	0.82637036	0.0	0.44982374	0.2782611345615019	0.4386138216042292	0.020176742	0.71464044	0.08578646266770856	0.5219058576028656	degenerated	True	pain_ligand:VEGFA
NP_notochordal	DC	VEGFA	ITGB1	0.6573673	1.0	0.42312673	-0.43356688176049774	-0.7219339964122384	0.0019329345	0.70836115	1.0	0.5223819479412198	degenerated	True	pain_ligand:VEGFA
AF_mechanical_stress	Macrophages	VEGFA	ITGAV	1.072298	0.0	1.0692751	0.446717273141266	0.560654586044369	0.016054511	0.79428816	0.019538575653005836	0.5225808390546391	degenerated	True	pain_ligand:VEGFA
AF_outer	Classical monocytes	VEGFA	CD44	0.6710416	0.94	0.45017138	-0.28764822776016735	-0.34325163494223043	0.0015590123	0.71471924	1.0	0.5229112208838882	degenerated	True	pain_ligand:VEGFA
NP_stressed_degenerative	CD16+ NK cells	VEGFA	ITGB1	0.6570448	1.0	0.43166196	-0.4327146776523658	0.016395004714918393	0.0019719256	0.7104197	1.0	0.5232820753005558	degenerated	True	pain_ligand:VEGFA
Fibroblasts	Macrophages	VEGFA	ITGAV	0.65696913	0.44	0.41431108	0.041662823846888325	-0.15920770100441672	0.006220627	0.7061816	1.0	0.5235999943038909	degenerated	True	pain_ligand:VEGFA
NP_stressed_degenerative	Tem/Trm cytotoxic T cells	VEGFA	ITGB1	0.6569445	1.0	0.43153146	-0.43280987154689327	-0.026722585137494814	0.0019713293	0.71038854	1.0	0.5237060517657749	degenerated	True	pain_ligand:VEGFA
Classical monocytes	NP_notochordal	VEGFA	CD44	0.6750245	0.96	0.45069674	-0.28415624806223727	0.06376081304212255	0.0015608317	0.7148381	1.0	0.5240241424525947	degenerated	True	pain_ligand:VEGFA
Fibroblasts	NP_mature_chondrocyte	FGF2	SDC2	0.8209963	0.45	0.45084256	-0.013837909817161181	-0.3220173222181159	0.011730892	0.7148711	1.0	0.5241832360853993	degenerated	True	pain_ligand:FGF2
NP_stressed_degenerative	Endothelial cells	GRN	TNFRSF1A	0.65667397	0.92	0.42742378	-0.045019836682370085	0.32266366104638755	0.004884059	0.70940375	1.0	0.5242892046057627	degenerated	True	pain_receptor:TNFRSF1A
Fibroblasts	DC	TNFSF13B	HLA-DPB1	1.2767831	0.0	0.45101386	2.096286389768256	1.5280508952207308	0.010684357	0.7149098	0.021516814734087928	0.5245015199460864	degenerated	True	pain_ligand:TNF
DC	Endothelial cells	TNFSF13B	TFRC	0.2943489	0.72	0.06581884	0.3107353206795777	-0.18436135619661398	0.0022319306	0.48926538	1.0	0.5245322349368012	degenerated	True	pain_ligand:TNF
Tem/Temra cytotoxic T cells	Fibroblasts	CXCL8	ADRA2A	0.6716653	0.01	0.4511338	2.64758747748498	0.41770630086095184	0.029296044	0.7149369	0.11458311243323929	0.5250322233688685	degenerated	True	pain_ligand:CXCL8
AF_mechanical_stress	Fibroblasts	RTN4	NGFR	1.0702357	0.0	0.82739025	1.8207187556835904	0.4912480501076385	0.029052943	0.7725454	0.03398570104317295	0.5252314696235104	degenerated	True	pain_receptor:NGFR
Macrophages	NK cells	TNF	NOTCH1	0.78714883	0.0	0.31908017	2.7119902140014562	1.6574722494067826	0.0244208	0.6783769	0.005963467576966869	0.5252445713561209	degenerated	True	pain_ligand:TNF
NP_mature_chondrocyte	Endothelial cells	VEGFA	ITGA9	0.82250667	0.0	0.45129296	1.222214378455774	0.6708438392262588	0.0618718	0.71497285	0.007788855386586146	0.5252977932211189	degenerated	True	pain_ligand:VEGFA
NP_notochordal	DC	CXCL8	SDC2	1.0701627	0.0	1.1126338	0.3074678565213685	0.14836842501862268	0.0069591873	0.7975165	0.3405766060160295	0.52543045733902	degenerated	True	pain_ligand:CXCL8
NK cells	Plasma cells	VEGFA	CD44	0.6912808	0.99	0.45187154	-0.267048203856337	-0.47510916351950383	0.0015649004	0.71510345	1.0	0.5262543844495448	degenerated	True	pain_ligand:VEGFA
Classical monocytes	AF_mechanical_stress	TNFSF13B	HLA-DPB1	0.7500047	0.0	0.45187753	1.6923183414271683	1.440047882352825	0.010704815	0.7151047	0.02760997452221232	0.5263075063932049	degenerated	True	pain_ligand:TNF
AF_outer	Classical monocytes	VEGFA	SIRPA	0.65582883	0.22	0.4300954	0.20592590684558293	0.28182266227926955	0.00834022	0.7100455	0.5086776161444114	0.5264670618202286	degenerated	True	pain_ligand:VEGFA
AF_mechanical_stress	NP_notochordal	FGF2	CD44	0.6761069	1.0	0.4520056	-0.2069231719255677	-0.21087352979575424	0.004343657	0.7151336	1.0	0.5266266494912183	degenerated	True	pain_ligand:FGF2
Endothelial cells	Endothelial cells	VEGFA	ITGA9	0.2688014	1.0	0.06599306	0.6822065443288282	-0.2805513608763323	0.009047582	0.48959568	1.0	0.5269200945066411	degenerated	True	pain_ligand:VEGFA
AF_outer	NK cells	FGF2	SDC2	0.6725419	0.95	0.45220378	-0.1555856593810241	-0.17977816945718228	0.011766311	0.71517825	1.0	0.5269990900482557	degenerated	True	pain_ligand:FGF2
DC	NP_notochordal	VEGFA	SIRPA	0.6554813	0.24	0.35952756	0.12045895098100504	0.17887646176953603	0.0069718002	0.69125587	0.5377712525974897	0.5274782723149811	degenerated	True	pain_ligand:VEGFA
AF_inner	Fibroblasts	NGF	MAGED1	0.28640822	0.71	0.06605375	-0.11415983380583278	-0.2840298203894468	0.009078289	0.4897105	1.0	0.527516834106165	degenerated	True	pain_ligand:NGF
AF_mechanical_stress	Fibroblasts	FGF2	SDC2	1.0685284	0.09	1.0387748	0.2559319397612353	0.15266723998290743	0.027028851	0.7919138	0.33177113677291376	0.527687565058958	degenerated	True	pain_ligand:FGF2
NP_mature_chondrocyte	AF_outer	GRN	TNFRSF1A	0.6553185	1.0	0.4286797	-0.05429488142605325	-0.31936298718416656	0.0048984103	0.709706	1.0	0.5278512826809613	degenerated	True	pain_receptor:TNFRSF1A
Macrophages	Naive B cells	TNFSF9	HLA-DPA1	1.2997322	0.0	0.4531583	2.6476833202980186	1.741488311500425	0.009409861	0.715393	0.0069651810568911515	0.5288642643258191	degenerated	True	pain_ligand:TNF
Fibroblasts	Endothelial cells	ANGPT1	ITGA5	0.6735245	0.0	0.45343152	0.8853729780994486	0.8558191333133507	0.042715434	0.7154543	0.005963467576966869	0.5295582542561279	degenerated	True	pain_ligand:ANGPT1
Fibroblasts	Macrophages	PGF	NRP2	0.6546384	0.0	0.3456119	0.7418903264628899	0.5303692288536002	0.02398362	0.6870277	0.02492519716793675	0.529825179160738	degenerated	True	pain_receptor:NRP2
Fibroblasts	AF_outer	FGF2	CD44	0.8249668	0.55	0.4536105	-0.08378635037218223	-0.2643771857332084	0.004359079	0.71549445	1.0	0.5300923626643687	degenerated	True	pain_ligand:FGF2
Plasma cells	NK cells	PTGS2	CAV1	1.3035998	0.05	0.7788808	0.27692930203083344	-0.08462756990460774	0.004663394	0.7671934	0.9890469389053497	0.5302142182358545	degenerated	True	pain_ligand:PTGS2
Fibroblasts	NP_stressed_degenerative	ADAM17	IL6R	0.6545103	0.0	0.33478054	0.6481210822568244	1.2062708937747066	0.016273128	0.68359435	0.005963467576966869	0.5303060727513182	degenerated	True	pain_receptor:IL6R
NP_mature_chondrocyte	AF_mechanical_stress	SEMA3E	NRP2	0.7155345	0.0	0.45391902	0.3819515460358719	0.4378057451651005	0.045437988	0.71556365	0.05058158355571025	0.5308942830044062	degenerated	True	pain_receptor:NRP2
Plasma cells	Mast cells	VEGFA	CD44	0.68077415	0.98	0.31683657	-0.2762270258783565	-0.02645855445219314	0.0010972536	0.6776067	1.0	0.5311082085554061	degenerated	True	pain_ligand:VEGFA
AF_inner	Classical monocytes	PTGS2	CAV1	0.6539693	0.98	0.34614593	-0.34887875439263316	-0.5405366306780235	0.00207248	0.6871937	1.0	0.5313758231915304	degenerated	True	pain_ligand:PTGS2
CD16+ NK cells	AF_inner	TNF	VSIR	0.26050472	0.01	0.06632797	0.41332018279410454	0.31533605899540795	0.0013240679	0.49022815	0.790836817238567	0.5313932135027947	degenerated	True	pain_ligand:TNF
Tem/Trm cytotoxic T cells	AF_outer	TNF	TRADD	0.26132664	0.0	0.06633472	0.5454201764941746	0.6235005904730037	0.004727735	0.4902408	0.1658039902545463	0.5315422421667421	degenerated	True	pain_ligand:TNF
NP_stressed_degenerative	AF_inner	VEGFA	CD44	0.6533133	1.0	0.426809	-0.3050683529045813	-0.1151270715462156	0.0014781049	0.70925534	1.0	0.5326613537263752	degenerated	True	pain_ligand:VEGFA
AF_mechanical_stress	Fibroblasts	APP	NGFR	0.70261884	0.0	0.45513538	1.825199876854056	0.5706319598790616	0.032900713	0.715836	0.018008228462722847	0.5329830599942492	degenerated	True	pain_receptor:NGFR
AF_outer	DC	VEGFA	NRP2	0.653023	0.83	0.4263925	-0.08081746146838165	-0.30932695783177555	0.005708073	0.7091546	1.0	0.5336804779930514	degenerated	True	pain_ligand:VEGFA; pain_receptor:NRP2
NP_mature_chondrocyte	AF_mechanical_stress	FGF2	FGFRL1	1.065275	0.0	1.1255075	0.5400374292645569	0.6006730936424481	0.061226282	0.7984438	0.014187855226698302	0.5337455171505114	degenerated	True	pain_ligand:FGF2
Endothelial cells	Tem/Temra cytotoxic T cells	ANGPT2	ITGA5_ITGB1	0.26590645	1.0	0.06643176	0.024654372657967327	-0.2997292356464005	0.0013990562	0.4904235	1.0	0.5337766582126103	degenerated	True	pain_ligand:ANGPT2
AF_inner	Endothelial cells	VEGFA	ITGA9	0.8285332	0.0	0.4554866	1.2280910670868246	0.7153405697064545	0.062446743	0.7159144	0.005963467576966869	0.5338415200142345	degenerated	True	pain_ligand:VEGFA
DC	AF_inner	VEGFA	ITGAV	0.70762074	0.37	0.45549527	0.03943551772960485	-0.1291033481662357	0.0068389825	0.7159163	1.0	0.5338953210364294	degenerated	True	pain_ligand:VEGFA
Mast cells	DC	VEGFA	SIRPA	0.6807339	0.22	0.45565334	0.2683297662504526	0.6137102014532128	0.008835829	0.7159516	0.5086776161444114	0.5341906970162719	degenerated	True	pain_ligand:VEGFA
NP_notochordal	NP_stressed_degenerative	VEGFA	CD44	0.6526927	1.0	0.417868	-0.3052362513410297	-0.00717994443073855	0.0014471407	0.70706767	1.0	0.5348084525255791	degenerated	True	pain_ligand:VEGFA
Macrophages	AF_outer	TNF	VSIR	0.785888	0.0	0.31571287	2.3050220604691516	0.9321528501060836	0.0063023986	0.6772185	0.10350413227990742	0.5348623184926314	degenerated	True	pain_ligand:TNF
NP_mature_chondrocyte	Classical monocytes	PTGS2	CAV1	0.8030064	0.9	0.4559669	-0.21854673350415205	-0.32158798110082376	0.0027300115	0.7160216	1.0	0.5350773086036482	degenerated	True	pain_ligand:PTGS2
Tem/Effector helper T cells	Endothelial cells	TNF	SEMA4C	0.27434534	0.0	0.06655025	0.7502626865289449	0.6039732228150382	0.0061066523	0.49064618	0.18653995657063824	0.5354144119421975	degenerated	True	pain_ligand:TNF
Endothelial cells	Macrophages	PGF	NRP2	0.6524363	0.0	0.34146047	0.7339932077205695	0.6418916159850176	0.023695532	0.685727	0.01005336422027008	0.5358842472929828	degenerated	True	pain_receptor:NRP2
Mast cells	NK cells	VEGFA	ITGAV	0.6523859	0.53	0.4220481	0.023748896183762733	0.4623598873940379	0.006336794	0.70809734	0.9674296489038264	0.5359381854707392	degenerated	True	pain_ligand:VEGFA
NP_mature_chondrocyte	DC	NGF	KIDINS220	0.65234315	0.0	0.40161952	0.628045550115317	0.647340506502958	0.02936819	0.7029435	0.00954843076749176	0.536045732323076	degenerated	True	pain_ligand:NGF
Fibroblasts	CD16+ NK cells	ANGPT2	ITGA5_ITGB1	0.7121177	0.0	0.45673367	2.7203390839184842	1.0700536940809031	0.026193537	0.71619236	0.005963467576966869	0.5365303820564473	degenerated	True	pain_ligand:ANGPT2
Fibroblasts	Naive B cells	TNFSF13B	CD40	0.9204618	0.0	0.31497666	1.9115853859746257	1.4954008969096324	0.026141072	0.6769633	0.005963467576966869	0.5365303820564473	degenerated	True	pain_ligand:TNF
Plasma cells	AF_mechanical_stress	PTGS2	CAV1	0.8357306	0.95	0.4568209	-0.16072297502994748	-0.6814347266353347	0.0027351247	0.7162118	1.0	0.5366919968594606	degenerated	True	pain_ligand:PTGS2
Tcm/Naive helper T cells	DC	CXCL8	SDC2	0.65205395	0.62	0.36876124	-0.057837071260917305	-0.5530212150708967	0.00230649	0.69395536	1.0	0.5367459892241313	degenerated	True	pain_ligand:CXCL8
Fibroblasts	NP_mature_chondrocyte	FGF2	CD44	0.65202796	0.86	0.33305004	-0.2541971942866629	-0.6545895831547237	0.0032005245	0.6830336	1.0	0.536853644113848	degenerated	True	pain_ligand:FGF2
Small pre-B cells	Plasma cells	ADAM10	IL6R	1.0639545	0.0	1.0360612	1.2958015762180313	1.4873780537090622	0.019327039	0.7916982	0.005963467576966869	0.5368839037276534	degenerated	True	pain_receptor:IL6R
AF_outer	Small pre-B cells	CXCL8	CD79A	1.1690664	0.0	0.45690027	7.5289356290747085	0.5695605863987447	0.003391623	0.7162294	0.018370869849900252	0.5369076473191664	degenerated	True	pain_ligand:CXCL8
NP_stressed_degenerative	AF_inner	TNFSF13B	CD40	0.26335388	0.0	0.06666839	0.4614070787787839	0.8152841975477402	0.0055330545	0.49086782	0.2145551007226665	0.5374977074556184	degenerated	True	pain_ligand:TNF
AF_inner	AF_mechanical_stress	FGF2	CD44	1.0635855	0.0	1.1186796	0.18692622314479318	0.12335305855679779	0.010750222	0.7979537	0.39067637011580136	0.5377531637081174	degenerated	True	pain_ligand:FGF2
AF_inner	AF_mechanical_stress	SEMA3A	NRP2	0.6516443	0.0	0.3316954	0.22156575507774234	0.2366252410707858	0.027348073	0.6825922	0.20162616879705314	0.5378242093014631	degenerated	True	pain_ligand:SEMA3A; pain_receptor:NRP2
AF_inner	Endothelial cells	VEGFA	ITGB3	0.77467793	0.0	0.31447873	1.1317544473770118	0.6130247947146326	0.04176271	0.6767903	0.012807479365902898	0.538309930252697	degenerated	True	pain_ligand:VEGFA
Tem/Trm cytotoxic T cells	AF_outer	CXCL8	SDC2	0.72973984	0.4	0.4575307	0.019148492578696337	-0.31605705479844237	0.0028617159	0.7163695	1.0	0.5384719022000003	degenerated	True	pain_ligand:CXCL8
NP_mature_chondrocyte	Macrophages	NGF	KIDINS220	0.65115047	0.0	0.4004324	0.6264251813007801	0.7564046019379822	0.029281382	0.70263433	0.005963467576966869	0.5385799584519146	degenerated	True	pain_ligand:NGF
NP_stressed_degenerative	Classical monocytes	VEGFA	SIRPA	0.65104127	0.25	0.42385417	0.20125704668598904	0.8714082228344664	0.008219193	0.7085385	0.5521233618152372	0.5389040431563024	degenerated	True	pain_ligand:VEGFA
AF_inner	AF_mechanical_stress	GRN	TNFRSF1A	0.65099585	1.0	0.41563016	-0.04896661368353	-0.30450618583084677	0.0047492962	0.70651126	1.0	0.539120114893881	degenerated	True	pain_receptor:TNFRSF1A
Classical monocytes	Fibroblasts	PDGFC	FLT1	0.26775342	0.4	0.06672984	0.03674094457923533	0.23791262042434347	0.004748618	0.490983	0.7785064256509252	0.5392824714311226	degenerated	True	pain_receptor:FLT1
Macrophages	Endothelial cells	VEGFA	ITGAV	0.75454926	0.17	0.4578981	0.07214843246915179	0.08548981344770168	0.0068750596	0.716451	0.4841840984623491	0.5397148236524844	degenerated	True	pain_ligand:VEGFA
AF_mechanical_stress	DC	VEGFA	SIRPA	1.0624244	0.0	1.042496	0.6405780479352424	0.6158784434904816	0.020215623	0.7922083	0.012473751913389744	0.5402298682890955	degenerated	True	pain_ligand:VEGFA
AF_mechanical_stress	NP_mature_chondrocyte	GRN	TNFRSF1A	0.6502617	1.0	0.40280592	-0.069907998618214	-0.34416204230833014	0.0046027573	0.7032515	1.0	0.5403640332492285	degenerated	True	pain_receptor:TNFRSF1A
CD16+ NK cells	Naive B cells	CXCL8	CD79A	1.1571807	0.0	0.77162963	6.844065875235543	1.3909626026934192	0.005727895	0.76635706	0.028582865532362334	0.5407658578793629	degenerated	True	pain_ligand:CXCL8
Memory B cells	NP_mature_chondrocyte	ADAM10	IL6R	0.2639839	0.38	0.06677169	0.016675985249177083	0.011565841043063019	0.0012455819	0.4910613	1.0	0.5407691353988496	degenerated	True	pain_receptor:IL6R
NP_notochordal	Endothelial cells	GRN	TNFRSF1A	1.0618094	0.0	1.0094358	0.3793017483518817	0.7691301439615479	0.011534557	0.78954333	0.03494980489040267	0.5413021411600034	degenerated	True	pain_receptor:TNFRSF1A
Naive B cells	Fibroblasts	VEGFA	SIRPA	0.2648906	0.97	0.066862956	-0.32020542046938116	-0.5914695667377894	0.0012965769	0.491232	1.0	0.5418094496905203	degenerated	True	pain_ligand:VEGFA
Tem/Temra cytotoxic T cells	NP_notochordal	ADAM10	IL6R	0.68083775	0.0	0.459003	0.6588250697915707	1.117958716532187	0.008562398	0.7166958	0.06669391842950173	0.5418266578847037	degenerated	True	pain_receptor:IL6R
Classical monocytes	Small pre-B cells	VEGFA	ITGB1	0.6495044	0.99	0.4126483	-0.4386136853038963	-0.09281988824288945	0.001885067	0.70576423	1.0	0.542314785294232	degenerated	True	pain_ligand:VEGFA
DC	AF_outer	TNF	TNFRSF1A	1.0613565	0.0	0.9384228	2.6868348204252146	1.2342086405105361	0.023237934	0.78341883	0.005963467576966869	0.5425093054888992	degenerated	True	pain_ligand:TNF; pain_receptor:TNFRSF1A
NP_mature_chondrocyte	NK cells	VEGFA	EGFR	0.8256041	0.0	0.4593283	0.4435458768657276	0.5208496769786357	0.033079457	0.7167677	0.026633452938829082	0.5425861510090704	degenerated	True	pain_ligand:VEGFA
NK cells	DC	VEGFA	SIRPA	0.64939225	0.18	0.4074661	0.23776347125951836	0.09907039201044648	0.007901403	0.7044503	0.44514535890791346	0.5427489795623829	degenerated	True	pain_ligand:VEGFA
Naive B cells	NP_mature_chondrocyte	VEGFA	ITGB1	0.8737345	0.94	0.45941114	-0.2314285640380561	-0.5358173960972754	0.0020986896	0.71678597	1.0	0.5427489795623829	degenerated	True	pain_ligand:VEGFA
Small pre-B cells	NP_notochordal	ADAM10	IL6R	1.0609443	0.0	1.0277909	1.2913688193404829	1.5420182964473674	0.019172762	0.7910366	0.005963467576966869	0.5431803976246699	degenerated	True	pain_receptor:IL6R
DC	DC	TNF	TNFRSF1A	0.8520198	0.0	0.31250218	2.431281512063639	0.8931090404892339	0.0077384147	0.6761003	0.09778078163078346	0.5435636109890606	degenerated	True	pain_ligand:TNF; pain_receptor:TNFRSF1A
Fibroblasts	Tem/Effector helper T cells	VEGFA	ITGB1	0.7001829	0.97	0.45972443	-0.3934284678406029	-0.6377363933507364	0.002100121	0.7168552	1.0	0.5435636109890606	degenerated	True	pain_ligand:VEGFA
NP_mature_chondrocyte	AF_mechanical_stress	PDGFC	FLT1	0.31769642	0.0	0.06700343	0.11080064936530448	0.046443825615213014	0.004768087	0.49149424	0.5745963875276253	0.5438891980347706	degenerated	True	pain_receptor:FLT1
Tem/Temra cytotoxic T cells	DC	ADAM10	IL6R	0.64897066	0.0	0.41990334	0.6118983642510152	0.8261737277205612	0.00783302	0.7075706	0.0933808773795602	0.5439439938335022	degenerated	True	pain_receptor:IL6R
NK cells	Fibroblasts	SLIT3	ROBO1	0.6487987	0.0	0.41807607	1.894569382454446	1.3169217958021269	0.11132126	0.7071192	0.001951341333739672	0.544270226599743	degenerated	True	pain_receptor:ROBO1
NP_mature_chondrocyte	NP_mature_chondrocyte	FGF2	FGFR3	0.7151485	0.0	0.31200302	0.4411171991863414	0.4914593418310806	0.07540884	0.67592525	0.03392664134390193	0.5447598202827598	degenerated	True	pain_ligand:FGF2
AF_outer	Memory B cells	FGF2	CD44	1.0601474	0.1	0.98165387	0.16768724140680316	0.5148149813401356	0.009433439	0.78721535	0.31615274946789357	0.5448592479321952	degenerated	True	pain_ligand:FGF2
Endothelial cells	NK cells	VEGFA	EGFR	0.27189887	1.0	0.06716808	-0.09646195726121809	-0.43054552312395533	0.0048372457	0.49180096	1.0	0.5453740057734774	degenerated	True	pain_ligand:VEGFA
NP_stressed_degenerative	DC	VEGFA	NRP2	0.64823544	0.83	0.42020503	-0.08548632162797551	0.2802586027234213	0.0056252414	0.7076449	1.0	0.5455220512955872	degenerated	True	pain_ligand:VEGFA; pain_receptor:NRP2
Memory B cells	DC	CXCL8	SDC2	0.703853	0.47	0.46091887	-0.012579847698799898	-0.36240182916555486	0.0028829079	0.7171185	1.0	0.5457944857794165	degenerated	True	pain_ligand:CXCL8
NP_mature_chondrocyte	Endothelial cells	VEGFA	ITGB3	0.76865137	0.0	0.31158334	1.1258777587459612	0.5685280642344368	0.041378204	0.6757778	0.018346154048308645	0.5461214579465388	degenerated	True	pain_ligand:VEGFA
NP_notochordal	Tem/Trm cytotoxic T cells	VEGFA	CD44	1.0592871	0.1	0.87526435	0.09541282158795697	0.32099654233930264	0.0030311742	0.7774495	1.0	0.5462037693254153	degenerated	True	pain_ligand:VEGFA
AF_outer	AF_mechanical_stress	VEGFA	ITGB1	1.0591238	0.99	0.9623173	-0.05106471984299951	-0.4294242430033631	0.004396074	0.78554434	1.0	0.5463382430904353	degenerated	True	pain_ligand:VEGFA
Endothelial cells	AF_inner	CXCL8	SDC2	0.7865774	0.05	0.31153372	0.09575461619932552	-0.5658581272397847	0.0019485491	0.6757603	1.0	0.5463394544729987	degenerated	True	pain_ligand:CXCL8
NP_stressed_degenerative	Small pre-B cells	TNFSF13B	HLA-DPB1	0.8891772	0.0	0.46117356	1.479278626716061	1.8450138946322017	0.010925035	0.71717453	0.025601050589073825	0.5463939195765847	degenerated	True	pain_ligand:TNF
Fibroblasts	AF_mechanical_stress	ANGPT1	ITGB1	1.058828	0.0	0.9614546	0.7193253274033877	0.43137758229848133	0.033260606	0.7854688	0.0532729636362317	0.5470109993101266	degenerated	True	pain_ligand:ANGPT1
Plasma cells	Fibroblasts	CXCL8	SDC2	1.0586474	0.07	1.011317	0.33734844461876334	-0.13001431658164353	0.0063254815	0.789698	1.0	0.5473474334283411	degenerated	True	pain_ligand:CXCL8
NP_mature_chondrocyte	NP_mature_chondrocyte	FGF2	CD44	1.0586107	0.0	1.110023	0.1944224167536167	0.11175347874411501	0.010667033	0.7973268	0.41543642567148914	0.5474147715337581	degenerated	True	pain_ligand:FGF2
DC	AF_outer	CXCL8	SDC3	1.4089836	0.0	0.31110507	1.026192772987415	0.8439257183732312	0.0133924885	0.6756095	0.010247783042992441	0.5477037219883729	degenerated	True	pain_ligand:CXCL8
AF_inner	AF_outer	FGF2	FGFRL1	0.7185426	0.0	0.46197438	0.11469610458701168	0.09362122495732406	0.025130864	0.7173504	0.45579468491021896	0.5479221393476861	degenerated	True	pain_ligand:FGF2
NK cells	Endothelial cells	ANGPT2	TIE1	0.67976165	0.0	0.46206686	4.788907189609592	1.6927257841609438	0.18501623	0.71737075	0.00012406148324057694	0.548249960629095	degenerated	True	pain_ligand:ANGPT2
Fibroblasts	DC	VEGFA	SIRPA	0.64709556	0.3	0.403935	0.23552359864086472	-0.1039838435583042	0.0078329295	0.7035434	1.0	0.5484139202921827	degenerated	True	pain_ligand:VEGFA
NP_notochordal	Macrophages	CXCL8	SDC3	0.81018996	0.0	0.46230876	0.7859428455037727	0.7082876992646921	0.019901523	0.7174238	0.005963467576966869	0.5485779126412025	degenerated	True	pain_ligand:CXCL8
NP_notochordal	Macrophages	VEGFA	SIRPA	0.6470138	0.08	0.41147962	0.22332211840028335	0.23593850272323258	0.007979232	0.7054696	0.2799514982977906	0.5486873166495487	degenerated	True	pain_ligand:VEGFA
AF_inner	Endothelial cells	SEMA3C	NRP2_PLXNA2	0.2710873	0.0	0.06734864	0.45313432534873044	0.13042873942585959	0.028942883	0.49213648	0.22568410977093312	0.5492316933368779	degenerated	True	pain_receptor:NRP2
NK cells	Tem/Effector helper T cells	VEGFA	CD44	1.057795	0.19	0.8404082	0.09410648564434201	0.07356865703513082	0.0029104622	0.77391404	1.0	0.5494352028797465	degenerated	True	pain_ligand:VEGFA
CD16+ NK cells	DC	CXCL8	SDC2	0.6467324	0.7	0.35929337	-0.0624866042717904	-0.44135280527943777	0.0022472711	0.6911863	1.0	0.5495625533223305	degenerated	True	pain_ligand:CXCL8
Tem/Temra cytotoxic T cells	Plasma cells	ADAM10	IL6R	0.683848	0.0	0.46269643	0.6632578266691191	1.0633184737938817	0.008631297	0.71750873	0.06464620855390875	0.549726774564092	degenerated	True	pain_receptor:IL6R
AF_outer	AF_inner	FGF2	SDC4	0.6803528	0.0	0.462873	0.025754581331828105	0.047176785331126125	0.022786822	0.7175474	0.6720349857897959	0.5501649155282047	degenerated	True	pain_ligand:FGF2
Fibroblasts	AF_mechanical_stress	FGF2	FGFR1	0.6464084	0.69	0.32913247	-0.11812935274808316	-0.4451445670334419	0.010465749	0.6817513	1.0	0.5506031159862762	degenerated	True	pain_ligand:FGF2
NP_stressed_degenerative	NK cells	VEGFA	ITGAV	0.68115616	0.43	0.46301958	0.051807447078027966	0.5171761269759628	0.006951955	0.7175795	0.8193580637565766	0.5506580373427599	degenerated	True	pain_ligand:VEGFA
AF_outer	DC	VEGFB	ADRB2	0.64612	0.0	0.38348716	0.3641832418016127	0.8240112885153024	0.014858995	0.6980975	0.039520818552036305	0.5512062381705943	degenerated	True	pain_ligand:VEGFB
Naive B cells	Memory B cells	VEGFA	CD44	0.8798455	0.59	0.4633512	-0.08019044673156067	0.06346604493921681	0.001604656	0.71765196	1.0	0.5514255856513272	degenerated	True	pain_ligand:VEGFA
Naive B cells	NP_mature_chondrocyte	TNF	TRADD	0.32355165	0.0	0.067592524	0.8313854356876629	0.6902508954500765	0.00481738	0.49258813	0.1116553218074296	0.5517518544125891	degenerated	True	pain_ligand:TNF
AF_inner	AF_outer	VEGFA	EGFR	0.7729728	0.0	0.31001416	0.3193283777209315	0.5267886881425295	0.022326298	0.6752244	0.058670716567779925	0.5517548027141335	degenerated	True	pain_ligand:VEGFA
Plasma cells	Tem/Trm cytotoxic T cells	VEGFA	CD44	0.9269851	0.67	0.46351346	-0.0336163100886247	-0.11062341944337306	0.001605218	0.7176874	1.0	0.5517548027141335	degenerated	True	pain_ligand:VEGFA
AF_inner	NK cells	VEGFA	EGFR	0.83163065	0.0	0.46359658	0.4494225654967783	0.5653464074588315	0.03338685	0.71770567	0.018840226590545215	0.552139170582846	degenerated	True	pain_ligand:VEGFA
Tem/Trm cytotoxic T cells	AF_inner	TNF	VSIR	0.2634462	0.0	0.06763003	0.4240070641029079	0.21815923947620597	0.0013500601	0.49265748	1.0	0.5524927183268041	degenerated	True	pain_ligand:TNF
Tem/Temra cytotoxic T cells	Plasma cells	TNF	VSIR	0.6457846	0.0	0.40776634	1.4408739521684917	1.1687775476067195	0.008140009	0.70452696	0.08089038942790434	0.5525235432673873	degenerated	True	pain_ligand:TNF
NK cells	Tem/Effector helper T cells	VEGFA	ITGB1	0.7024796	1.0	0.46374324	-0.39118859522194926	-0.4346821577819857	0.00211848	0.7177377	1.0	0.5526334712215417	degenerated	True	pain_ligand:VEGFA
Fibroblasts	Tem/Effector helper T cells	VEGFA	CD44	1.0554984	0.26	0.8331252	0.09186661302568838	-0.12948557853361986	0.00288524	0.7731517	1.0	0.5535514979074818	degenerated	True	pain_ligand:VEGFA
Endothelial cells	AF_outer	GRN	TNFRSF1A	0.6838525	0.76	0.46450153	-0.02440955868492778	-0.15408165933384455	0.0053077373	0.7179032	1.0	0.554118143045041	degenerated	True	pain_receptor:TNFRSF1A
DC	Plasma cells	TNFSF12	TNFRSF12A	0.79672825	0.21	0.4645174	0.5724272112666144	0.1805013825005053	0.011769906	0.7179066	0.493155767626948	0.5542282823941952	degenerated	True	pain_ligand:TNF
Small pre-B cells	Classical monocytes	ADAM10	IL6R	0.8559442	0.0	0.46457657	0.9894912361808866	1.1622636653904332	0.00866637	0.71791947	0.06359968566391433	0.5543382623065785	degenerated	True	pain_receptor:IL6R
Macrophages	Fibroblasts	TNFSF9	TRAF2	0.2741728	0.01	0.067729704	0.9564559002373256	0.37951942522388316	0.030812573	0.49284157	0.11458311243323929	0.5545664357393052	degenerated	True	pain_ligand:TNF
Tem/Trm cytotoxic T cells	NP_stressed_degenerative	ADAM10	IL6R	0.64497983	0.0	0.31647328	0.5788235745407805	1.4667271263227946	0.0059036002	0.6774814	0.10617855308256305	0.5547788498181963	degenerated	True	pain_receptor:IL6R
AF_inner	Classical monocytes	FGF2	FGFR1	0.64491194	0.7	0.32183632	-0.12320019899985887	0.038785385868393196	0.010233747	0.67931455	1.0	0.5549441085330856	degenerated	True	pain_ligand:FGF2
AF_mechanical_stress	AF_mechanical_stress	SEMA3E	NRP2	0.64479953	0.0	0.31860122	0.25837858959815296	0.25086550862044266	0.031892467	0.6782131	0.18343725086790494	0.5551094000631308	degenerated	True	pain_receptor:NRP2
Macrophages	DC	ADAM10	IL6R	0.6819694	0.0	0.46507603	0.6668121683475114	0.713844660393298	0.008675687	0.7180283	0.06328956719640216	0.5552747244115891	degenerated	True	pain_receptor:IL6R
NP_stressed_degenerative	NP_stressed_degenerative	GRN	TNFRSF1A	0.6447664	1.0	0.41325244	-0.05955623695950556	0.7801577455780044	0.004722127	0.7059161	1.0	0.5552747244115891	degenerated	True	pain_receptor:TNFRSF1A
AF_inner	AF_outer	NGF	KIDINS220	0.29175457	0.07	0.067764714	0.013614220091902763	-0.1314502464310185	0.0049552545	0.49290615	1.0	0.5553067317027405	degenerated	True	pain_ligand:NGF
AF_inner	Macrophages	SEMA3A	NRP2	0.64470315	0.02	0.32688135	0.2134353761895958	0.2709926317467884	0.026951158	0.6810063	0.16098932616061556	0.5554400815817182	degenerated	True	pain_ligand:SEMA3A; pain_receptor:NRP2
AF_outer	Tem/Temra cytotoxic T cells	ANGPT1	ITGA5	0.293172	0.37	0.06777082	0.07960681758972668	0.41022250554993167	0.006384338	0.49291736	0.7316060155068799	0.5554547963643087	degenerated	True	pain_ligand:ANGPT1
NP_stressed_degenerative	AF_mechanical_stress	VEGFA	ITGB1	1.0543362	1.0	0.9483529	-0.055733580002593375	0.16016131755183372	0.0043322816	0.7843105	1.0	0.5555122513973818	degenerated	True	pain_ligand:VEGFA
Endothelial cells	Memory B cells	ANGPT2	ITGA5_ITGB1	0.26927838	0.27	0.06778408	0.48299740119244566	0.4767611543037744	0.0038873963	0.49294186	0.7056610654098318	0.5556028550473255	degenerated	True	pain_ligand:ANGPT2
AF_mechanical_stress	DC	VEGFA	ITGB1	1.0541848	0.68	1.0201484	-0.04656578240159759	-0.36614186902052226	0.004660259	0.7904191	1.0	0.5557828093003843	degenerated	True	pain_ligand:VEGFA
AF_mechanical_stress	AF_mechanical_stress	PDGFC	FLT1	0.32073656	0.0	0.067815155	0.11571571672528766	0.04649049654581869	0.004825851	0.49299914	0.5743148692611594	0.556046936736444	degenerated	True	pain_receptor:FLT1
Macrophages	Fibroblasts	TNF	TRADD	0.8419563	0.0	0.46545437	2.563556585027514	1.5153176462212623	0.033173352	0.71811056	0.003790657719347387	0.5561569505341274	degenerated	True	pain_ligand:TNF
Fibroblasts	Plasma cells	FGF2	SDC1	0.6443827	0.07	0.32772034	1.4387528172028237	0.5931268376947239	0.06427755	0.68128467	0.0694006896223848	0.5562122405875854	degenerated	True	pain_ligand:FGF2
Tem/Trm cytotoxic T cells	Small pre-B cells	TNFSF9	HLA-DPA1	0.6443315	0.0	0.31489336	1.1324485912814817	1.4527796274360605	0.006538781	0.67693436	0.10350413227990742	0.5565433598963128	degenerated	True	pain_ligand:TNF
Tem/Temra cytotoxic T cells	AF_outer	TNF	TNFRSF1A	0.6848884	0.0	0.46580204	1.3190470091497049	0.9525147633587101	0.011534543	0.71818614	0.020393957889757827	0.5568746105916313	degenerated	True	pain_ligand:TNF; pain_receptor:TNFRSF1A
AF_outer	Tem/Temra cytotoxic T cells	TNFSF9	HLA-DPA1	0.2972092	0.0	0.06786052	0.3555266318251187	0.5095782034604943	0.0014091281	0.4930827	0.40190064581108115	0.556934938752597	degenerated	True	pain_ligand:TNF
Fibroblasts	NP_mature_chondrocyte	ANGPT2	ITGA5_ITGB1	0.6441338	0.0	0.3293907	2.6260885097553235	0.630879507393173	0.018890455	0.6818364	0.010952330737994734	0.5570954591916133	degenerated	True	pain_ligand:ANGPT2
AF_outer	Classical monocytes	FGF2	CD44	0.6826083	0.87	0.46595398	-0.20433125839715788	-0.008357002754724507	0.004477697	0.71821916	1.0	0.5573717330414785	degenerated	True	pain_ligand:FGF2
AF_mechanical_stress	AF_outer	VEGFA	GPC1	0.8498553	0.0	0.4659627	0.3011657249545528	0.36644865410611666	0.02090065	0.718221	0.08546567917845742	0.5574269288994148	degenerated	True	pain_ligand:VEGFA
NP_mature_chondrocyte	AF_mechanical_stress	FGF2	FGFR1	1.052991	0.0	1.0969661	0.33049025829219647	0.32119849486539676	0.03488131	0.7963691	0.1152134555059164	0.5576785386259389	degenerated	True	pain_ligand:FGF2
Fibroblasts	Macrophages	FGF2	CD44	1.2638944	0.03	0.75959915	0.3487220660194198	0.15683264780545098	0.007299551	0.7649473	0.3237322136310027	0.5580850519340289	degenerated	True	pain_ligand:FGF2
AF_inner	CD16+ NK cells	VEGFA	CD44	1.0528536	0.09	1.0428191	0.08529634989561588	0.33132058202604164	0.0036114422	0.7922338	0.8188119560816202	0.5580850519340289	degenerated	True	pain_ligand:VEGFA
AF_outer	NP_notochordal	FGF2	CD44	0.64378154	1.0	0.4129185	-0.24259024565060686	-0.1616016233668821	0.0039680395	0.7058322	1.0	0.5582009277600548	degenerated	True	pain_ligand:FGF2
Tem/Trm cytotoxic T cells	DC	TNFSF9	PVR	0.26762706	0.06	0.06801817	0.30312902651133655	0.595177120887133	0.019618573	0.4933727	0.24097969335961317	0.5582665384204827	degenerated	True	pain_ligand:TNF
NP_notochordal	Classical monocytes	VEGFA	NRP2	0.6437241	0.73	0.40777886	-0.0821636016917856	0.3063106701614219	0.005458894	0.7045302	1.0	0.5583668653284137	degenerated	True	pain_ligand:VEGFA; pain_receptor:NRP2
Fibroblasts	Classical monocytes	ADAM10	IL6R	0.6436545	0.04	0.32098582	0.6362151844385173	0.6047804003383055	0.0059877792	0.67902625	0.2273917849365957	0.5584773920447679	degenerated	True	pain_receptor:IL6R
NK cells	Fibroblasts	APP	NGFR	0.7138071	0.0	0.46646476	1.8374228507412487	0.772374711645735	0.03371969	0.71833	0.005963467576966869	0.5585328357792556	degenerated	True	pain_receptor:NGFR
AF_outer	NP_mature_chondrocyte	SEMA3A	NRP2	0.6813444	0.0	0.30759105	0.24409617167021824	0.27286804376438795	0.025360685	0.6743635	0.1591269883448222	0.5585881082644164	degenerated	True	pain_ligand:SEMA3A; pain_receptor:NRP2
Fibroblasts	Memory B cells	TNFSF13B	HLA-DPB1	0.90096235	0.0	0.3075321	1.4255771747501533	1.4533666537446077	0.0072853253	0.6743424	0.0715788823885863	0.5588094096350864	degenerated	True	pain_ligand:TNF
Macrophages	Endothelial cells	TNF	TRADD	0.7826913	0.0	0.3071755	2.430648233138993	1.4596787521801018	0.021892672	0.67421496	0.005963467576966869	0.5599171436705063	degenerated	True	pain_ligand:TNF
NP_mature_chondrocyte	AF_outer	VEGFA	EGFR	0.76694626	0.0	0.3071599	0.3134516890898808	0.4822919576623338	0.022120742	0.6742094	0.0619279050424201	0.5599726826516156	degenerated	True	pain_ligand:VEGFA
Fibroblasts	AF_inner	FGF2	SDC2	0.8446854	0.41	0.46735686	0.01064584672187166	-0.24047062994444707	0.012160594	0.7185233	1.0	0.5600280500860709	degenerated	True	pain_ligand:FGF2
Mast cells	Macrophages	VEGFA	ITGAV	0.6906074	0.44	0.46735796	0.07446899145647619	0.5584863440071002	0.0070170937	0.7185235	0.8332072727730326	0.5600834211700518	degenerated	True	pain_ligand:VEGFA
DC	DC	SEMA3C	NRP2_PLXNA1	0.26382098	0.5	0.0681192	0.14466206585099206	0.06781438083529151	0.030312253	0.4935582	0.9218347281520023	0.5604847958005545	degenerated	True	pain_receptor:NRP2
AF_outer	Classical monocytes	FGF2	SDC4	0.6838258	0.49	0.46761698	0.02984315435376908	0.3514989079061477	0.023020364	0.71857953	0.9055923023215635	0.5605824511785857	degenerated	True	pain_ligand:FGF2
Tem/Temra cytotoxic T cells	Endothelial cells	TNF	NOTCH1	0.6428418	0.0	0.40339872	2.183562677196055	1.6536054631750827	0.030874122	0.7034049	0.00541080952511699	0.5607488603622548	degenerated	True	pain_ligand:TNF
AF_inner	NP_mature_chondrocyte	FGF2	FGFR1	1.0509884	0.0	1.0947043	0.3294421523222324	0.407758483003805	0.034809392	0.79620165	0.06307450249212883	0.561408811255808	degenerated	True	pain_ligand:FGF2
NP_mature_chondrocyte	Plasma cells	FGF2	SDC1	1.0509654	0.0	1.0922596	1.8873724282431033	1.3594698995935626	0.21423076	0.7960202	0.0014536764955405013	0.5614767497184984	degenerated	True	pain_ligand:FGF2
Mast cells	Fibroblasts	VEGFA	CD44	1.0509032	0.37	0.8944716	0.08699848585937388	0.4014787248395042	0.003097692	0.7793218	1.0	0.5616125278923327	degenerated	True	pain_ligand:VEGFA
Classical monocytes	Endothelial cells	PDGFC	FLT1	0.8623178	0.0	0.46888763	1.1224600311247932	1.4115299787981468	0.033366904	0.7188539	0.005963467576966869	0.5631377960478433	degenerated	True	pain_receptor:FLT1
Mast cells	AF_outer	TNFSF10	RIPK1	0.28927138	0.08	0.0683376	0.18614493063237497	0.6560199710021941	0.006588163	0.49395826	0.2799514982977906	0.5632926787535465	degenerated	True	pain_ligand:TNF
NP_notochordal	NP_stressed_degenerative	GRN	TNFRSF1A	1.0499018	0.0	0.9759677	0.36476534807474625	1.2266242284931648	0.011152126	0.7867284	0.039322654563300814	0.5641271826098677	degenerated	True	pain_receptor:TNFRSF1A
DC	AF_mechanical_stress	VEGFA	GPC1	0.64158523	0.25	0.33395058	0.10499535305103345	-0.04477311215584545	0.014979276	0.68332577	0.8555889905818149	0.5643347159979346	degenerated	True	pain_ligand:VEGFA
Macrophages	Macrophages	TNFSF9	HLA-DPA1	1.3434641	0.0	0.46959376	2.7478241306816957	1.7474329786992855	0.009751144	0.7190059	0.006800437128768376	0.5649198004059637	degenerated	True	pain_ligand:TNF
NK cells	Endothelial cells	ANGPT2	ITGA5_ITGB1	0.6852864	0.0	0.4696111	2.123377042493714	1.1748761418095344	0.026932053	0.7190096	0.005963467576966869	0.5649756697047106	degenerated	True	pain_ligand:ANGPT2
AF_mechanical_stress	NP_stressed_degenerative	VEGFA	CD44	1.0495102	0.0	1.0074698	0.08176484801787043	0.3486121829609776	0.0034890217	0.7893813	0.876655728573307	0.5650797499244437	degenerated	True	pain_ligand:VEGFA
AF_mechanical_stress	Macrophages	FGF2	SDC4	0.64122576	0.65	0.39984939	-0.022689307815168938	-0.11819455622941588	0.019684225	0.70248216	1.0	0.5653659762846202	degenerated	True	pain_ligand:FGF2
NK cells	DC	VEGFA	ITGB1	0.6411526	1.0	0.39873138	-0.44938035907732166	-0.8829499205005573	0.0018214915	0.70218945	1.0	0.5655892404833807	degenerated	True	pain_ligand:VEGFA
Plasma cells	Endothelial cells	PTGS2	CAV1	1.2687653	0.02	0.75490224	0.24434488033154964	-0.06515491064610468	0.0045198277	0.7643892	0.9216583253696031	0.5656242478400284	degenerated	True	pain_ligand:PTGS2
Tem/Effector helper T cells	Fibroblasts	TNF	TNFRSF1A	0.6411191	0.04	0.33627582	0.81403963455715	0.6542622582938639	0.008327115	0.6840761	0.19940486760830795	0.5657007182208195	degenerated	True	pain_ligand:TNF; pain_receptor:TNFRSF1A
AF_outer	NK cells	VEGFA	ITGAV	0.6859437	0.41	0.4698375	0.05647630723762183	-0.07240943357923402	0.007054322	0.71905833	0.9472028189338872	0.5657566389942075	degenerated	True	pain_ligand:VEGFA
AF_mechanical_stress	Macrophages	NGF	SORT1	0.30167833	0.01	0.06854121	0.19220836066743	0.28966329968610244	0.011368823	0.49433005	0.1810868089662022	0.5662460348953284	degenerated	True	pain_ligand:NGF
Naive B cells	AF_mechanical_stress	VEGFA	ITGB1	0.8903886	0.94	0.47014877	-0.21562543861835387	-0.545878547216776	0.0021477416	0.71912515	1.0	0.566426563339189	degenerated	True	pain_ligand:VEGFA
AF_inner	Macrophages	VEGFA	ITGAV	1.0488131	0.0	1.03224	0.42381268274821515	0.6328197535424815	0.015498453	0.7913934	0.023427946137240006	0.566645739301272	degenerated	True	pain_ligand:VEGFA
AF_outer	DC	FGF2	SDC3	0.64062154	0.0	0.4086021	0.7944718917591108	0.5784585164658582	0.073173635	0.70474	0.017032472462703247	0.5666499300533344	degenerated	True	pain_ligand:FGF2
NP_mature_chondrocyte	Macrophages	PIGF	FLT1	0.2669589	0.13	0.06855754	0.1235613646896757	0.13673054677926388	0.01084976	0.49435988	0.36459582607180374	0.5666888265537656	degenerated	True	pain_receptor:FLT1
AF_outer	Memory B cells	VEGFA	CD44	1.0485806	0.3	0.9484037	0.08437027204379367	0.17992034915262967	0.0032844672	0.78431505	0.9845060980146852	0.566986342658288	degenerated	True	pain_ligand:VEGFA
CD16+ NK cells	DC	ADAM10	IL6R	0.6860377	0.0	0.47064528	0.6735825228232415	1.034584002988173	0.008779577	0.7192317	0.06048419669826393	0.5676560721796003	degenerated	True	pain_receptor:IL6R
NP_mature_chondrocyte	AF_mechanical_stress	VEGFA	GPC1	0.8299783	0.0	0.4706757	0.28872800688706973	0.3053755722802286	0.021112053	0.71923834	0.12725986629012745	0.5677119449191814	degenerated	True	pain_ligand:VEGFA
DC	AF_mechanical_stress	VEGFA	CD44	1.0479205	0.24	1.0818498	0.08240264110833292	-0.19304196182664868	0.0037466113	0.79524165	1.0	0.5684179102623882	degenerated	True	pain_ligand:VEGFA
NK cells	Classical monocytes	ADAM17	IL6R	0.27068776	0.32	0.06871458	0.054137120503676577	0.23479942185043945	0.003340102	0.4946458	0.9539798948642368	0.5684595144090935	degenerated	True	pain_receptor:IL6R
Tem/Effector helper T cells	DC	TNF	TRADD	0.27729034	0.01	0.068716	0.624424006808379	0.532145644158739	0.004897451	0.49464843	0.4022399357343469	0.5686069892266603	degenerated	True	pain_ligand:TNF
Mast cells	Macrophages	TNF	FAS	0.28785855	0.0	0.06872896	0.7359081342354229	0.9850487565485402	0.0032446806	0.49467197	0.10350413227990742	0.5690494944656548	degenerated	True	pain_ligand:TNF
NP_stressed_degenerative	Classical monocytes	VEGFA	NRP2	0.68762136	0.61	0.47142777	-0.03935223312341008	0.7147507950977942	0.0063109556	0.7193995	1.0	0.5692796419545816	degenerated	True	pain_ligand:VEGFA; pain_receptor:NRP2
Macrophages	AF_outer	CXCL2	DPP4	1.4541512	0.0	0.75198615	2.026304032676914	2.0073336836555047	0.07468022	0.7640405	0.0003176434506762646	0.5693046068794738	degenerated	True	pain_ligand:CXCL2
NK cells	Fibroblasts	TNFSF12	TNFRSF12A	0.639511	0.56	0.31777382	0.004730290059235073	-0.04576582029743265	0.008051729	0.6779293	1.0	0.569952343980569	degenerated	True	pain_ligand:TNF
AF_inner	Endothelial cells	GRN	TNFRSF1A	0.63946295	0.99	0.4026987	-0.06304581838823922	-0.1639551074318507	0.004601532	0.70322365	1.0	0.5701766365876316	degenerated	True	pain_receptor:TNFRSF1A
Endothelial cells	AF_mechanical_stress	VEGFA	GPC1	0.27627307	1.0	0.06882743	-0.25127982723987596	-0.6460196278223624	0.0030872386	0.49485093	1.0	0.5702292847888155	degenerated	True	pain_ligand:VEGFA
Naive B cells	AF_mechanical_stress	VEGFA	NRP2	0.6394423	0.69	0.30835277	-0.06364052084522853	-0.25758075005463743	0.004127887	0.67463493	1.0	0.5702326745968997	degenerated	True	pain_ligand:VEGFA; pain_receptor:NRP2
Classical monocytes	AF_mechanical_stress	VEGFA	ITGAV	0.6393896	0.57	0.39756778	-0.020358775190724085	0.21865027431785256	0.0059692366	0.7018838	1.0	0.5702888936306456	degenerated	True	pain_ligand:VEGFA
AF_mechanical_stress	Endothelial cells	VEGFA	ITGA9	0.8520181	0.0	0.47182873	1.2509956574798755	0.643175402208342	0.06468723	0.7194853	0.009942078103246972	0.5702888936306456	degenerated	True	pain_ligand:VEGFA
AF_inner	DC	FGF2	FGFRL1	0.6393617	0.36	0.31127277	0.013320256188037588	0.022260163892631468	0.016932873	0.67566854	0.7276759507790652	0.570344938994771	degenerated	True	pain_ligand:FGF2
DC	AF_inner	VEGFA	ITGB1	1.0468678	0.76	1.0799124	-0.05925860866899575	-0.3487028704432472	0.004933274	0.7950957	1.0	0.5704650211746463	degenerated	True	pain_ligand:VEGFA
Naive B cells	Fibroblasts	TNF	TNFRSF1A	0.7153428	0.03	0.47203657	1.0837097959660484	0.9150017385298206	0.011688926	0.7195297	0.1760704091790426	0.57056933458153	degenerated	True	pain_ligand:TNF; pain_receptor:TNFRSF1A
NP_mature_chondrocyte	CD16+ NK cells	VEGFA	CD44	1.0468271	0.1	1.0332179	0.0794196612645652	0.2868238515458459	0.0035781919	0.79147154	0.8339730260792194	0.5706015498169368	degenerated	True	pain_ligand:VEGFA
Memory B cells	NP_stressed_degenerative	ADAM10	IL6R	0.6392194	0.0	0.3054081	0.5692375878699436	1.411132005873724	0.0056971866	0.673581	0.11221535880303511	0.5706255757401932	degenerated	True	pain_receptor:IL6R
Mast cells	CD16+ NK cells	VEGFA	CD44	0.6946479	0.98	0.47214776	-0.26404734139612307	0.2569871724906603	0.0016351199	0.7195535	1.0	0.5707939664754128	degenerated	True	pain_ligand:VEGFA
Plasma cells	Tem/Effector helper T cells	VEGFA	CD44	0.9417076	0.59	0.4722842	-0.01910916871541571	-0.197035380659226	0.0016355925	0.7195826	1.0	0.5711308473230323	degenerated	True	pain_ligand:VEGFA
Naive B cells	NP_mature_chondrocyte	VEGFA	CD44	0.6389319	0.99	0.30802366	-0.31758140430045445	-0.6332060257371472	0.001066733	0.6745178	1.0	0.5713554489866285	degenerated	True	pain_ligand:VEGFA
AF_outer	Fibroblasts	ANGPT1	ITGB1	1.037679	0.11	0.3035449	0.31122832422240293	0.3329397292155455	0.010500848	0.6729078	0.33308060275297247	0.5715239832738468	degenerated	True	pain_ligand:ANGPT1
Fibroblasts	DC	VEGFA	ITGB1	0.63885593	1.0	0.39527598	-0.4516202316959753	-1.0860041560693081	0.0018057063	0.70127857	1.0	0.5715239832738468	degenerated	True	pain_ligand:VEGFA
CD16+ NK cells	Endothelial cells	TNF	TRADD	0.26485726	0.0	0.068936706	0.5492474955729203	0.694873575121078	0.004913181	0.49504915	0.125990526970398	0.5721455861528953	degenerated	True	pain_ligand:TNF
DC	AF_mechanical_stress	PTGS2	CAV1	1.0458179	0.4	1.014512	0.02299712029658929	-0.3978983086756158	0.006074189	0.7899598	1.0	0.5725146770286659	degenerated	True	pain_ligand:PTGS2
Fibroblasts	AF_mechanical_stress	ANGPT2	ITGA5_ITGB1	0.7207785	0.0	0.4729567	2.7323463704402102	0.768012531119213	0.02712392	0.7197262	0.005963467576966869	0.572592255336385	degenerated	True	pain_ligand:ANGPT2
AF_inner	Endothelial cells	FGF2	FGFR1	0.72431576	0.81	0.47296226	-0.03469092087947223	-0.04426997572370106	0.015039247	0.71972734	1.0	0.572648451505817	degenerated	True	pain_ligand:FGF2
Endothelial cells	Plasma cells	ADAM10	IL6R	0.6383705	0.0	0.3940968	0.5875778215865053	0.8103191165836983	0.0073516164	0.7009656	0.10350413227990742	0.5727046513519856	degenerated	True	pain_receptor:IL6R
Endothelial cells	Tcm/Naive helper T cells	CXCL2	DPP4	0.26335096	0.02	0.0689646	0.17273636623034766	0.22160311669963578	0.006848918	0.49509978	0.22082595054261828	0.5727350280079192	degenerated	True	pain_ligand:CXCL2
DC	NP_mature_chondrocyte	TNFSF13B	TFRC	0.6381327	0.0	0.36741945	0.7141036708892776	0.5305655108819831	0.012459271	0.69356805	0.02487839400740465	0.5733800483078647	degenerated	True	pain_ligand:TNF
Tem/Trm cytotoxic T cells	Fibroblasts	TNF	VSIR	0.64833456	0.01	0.30284572	0.9492078109023161	0.7671342635611692	0.0060455385	0.67265403	0.22110095169305907	0.5736616797024767	degenerated	True	pain_ligand:TNF
AF_mechanical_stress	Macrophages	SEMA3E	NRP2	0.6378584	0.01	0.3139772	0.2502482107100064	0.28523289929644524	0.0314296	0.67661566	0.14651383406915183	0.5740559760572019	degenerated	True	pain_receptor:NRP2
AF_outer	Memory B cells	CXCL8	CD79A	1.2082338	0.0	0.47375977	7.811859236318007	0.7729060560584231	0.0035167732	0.7198973	0.013257493028846528	0.5741124460987832	degenerated	True	pain_ligand:CXCL8
NK cells	AF_mechanical_stress	VEGFB	ADRB2	0.63748807	0.0	0.40285572	0.4241608405606484	0.5486184060299036	0.01560947	0.70326436	0.02330046475078638	0.5750708633750198	degenerated	True	pain_ligand:VEGFB
Mast cells	Classical monocytes	VEGFA	CD44	0.6374837	0.95	0.40438232	-0.3203756388140265	0.19151768603104147	0.0014004378	0.7036588	1.0	0.5751273999524072	degenerated	True	pain_ligand:VEGFA
Fibroblasts	Memory B cells	ANGPT2	ITGA5_ITGB1	0.6372988	0.0	0.31658784	2.6166126661942353	0.9168895340048107	0.018156216	0.67752093	0.005963467576966869	0.57552236756938	degenerated	True	pain_ligand:ANGPT2
Tem/Trm cytotoxic T cells	NP_mature_chondrocyte	ADAM10	IL6R	0.26974428	0.4	0.06919089	0.026261971920013904	0.06716096149213358	0.0012907104	0.4955092	1.0	0.5756806899045569	degenerated	True	pain_receptor:IL6R
NP_notochordal	NK cells	VEGFA	ITGAV	0.6372589	0.65	0.40050587	0.00899607850965245	0.10873600203959055	0.0060133506	0.7026535	1.0	0.5756917202418107	degenerated	True	pain_ligand:VEGFA
NP_mature_chondrocyte	NP_stressed_degenerative	GRN	TNFRSF1A	0.6887056	0.92	0.47428212	-0.013536205102990195	0.3711130316893906	0.005419497	0.7200084	1.0	0.5757481190201583	degenerated	True	pain_receptor:TNFRSF1A
DC	NK cells	VEGFA	EGFR	0.637211	0.11	0.32589942	0.25981322302969134	0.17070099254256166	0.023470307	0.68067944	0.33308060275297247	0.5758046999765141	degenerated	True	pain_ligand:VEGFA
Mast cells	AF_outer	VEGFA	NRP2	0.63715273	0.84	0.4039899	-0.09282678152475189	0.2854494025778541	0.005408172	0.70355755	1.0	0.5761435493032595	degenerated	True	pain_ligand:VEGFA; pain_receptor:NRP2
AF_mechanical_stress	AF_inner	FGF2	SDC2	1.0442166	0.0	1.0024226	0.2308063985714831	0.182989957445176	0.026082966	0.78896356	0.277950531561909	0.576416011130932	degenerated	True	pain_ligand:FGF2
Small pre-B cells	Fibroblasts	RTN4	NGFR	0.72180444	0.69	0.47456303	1.481993679216279	0.30702976457286735	0.016663784	0.72006804	0.5654766016469573	0.576764999158989	degenerated	True	pain_receptor:NGFR
AF_mechanical_stress	Macrophages	VEGFA	SIRPA	1.0438313	0.0	0.9920675	0.6103232177591835	0.5917306301149488	0.019237736	0.7880978	0.015311562594632734	0.5771700235046152	degenerated	True	pain_ligand:VEGFA
NP_stressed_degenerative	Memory B cells	VEGFA	CD44	1.0437931	0.31	0.93464124	0.07970141188419981	0.7695059097078265	0.0032368056	0.78307605	1.0	0.5773071038743551	degenerated	True	pain_ligand:VEGFA
AF_inner	AF_mechanical_stress	VEGFA	GPC1	0.83600485	0.0	0.47504947	0.2946046955181204	0.34987230276042436	0.021308236	0.7201712	0.09543357686462803	0.5773870745549192	degenerated	True	pain_ligand:VEGFA
AF_outer	NP_mature_chondrocyte	FGF2	SDC4	0.6892867	0.0	0.47507638	0.03627164364592822	0.02433539352336056	0.023387583	0.72017694	0.6355156891976977	0.5775002759829594	degenerated	True	pain_ligand:FGF2
NK cells	NP_stressed_degenerative	VEGFA	CD44	0.636478	1.0	0.39377588	-0.32104972865785364	-0.16819586851905743	0.0013637061	0.70088017	1.0	0.5777265443335892	degenerated	True	pain_ligand:VEGFA
Naive B cells	Macrophages	VEGFA	ITGB1	0.63631785	1.0	0.30633828	-0.4567076734780978	-0.736634987960552	0.0013994196	0.67391515	1.0	0.5782359984462879	degenerated	True	pain_ligand:VEGFA
Macrophages	DC	CCL2	CCR1	1.0433121	0.0	1.0013695	2.9778880687370446	1.8137286849409227	0.099140115	0.78887606	4.8619414898182715e-05	0.5782671970509616	degenerated	True	pain_ligand:CCL2
DC	Endothelial cells	TNFSF12	TNFRSF12A	0.7293265	0.31	0.30149233	0.5073464607844591	0.009511230665665282	0.007639189	0.67216074	0.6808657872392802	0.578292742278391	degenerated	True	pain_ligand:TNF
AF_inner	NP_mature_chondrocyte	PTGS2	CAV1	1.043278	0.08	1.0776598	0.015286392948147182	-0.31619505422087846	0.0064522745	0.7949256	1.0	0.5784730104714425	degenerated	True	pain_ligand:PTGS2
Macrophages	DC	VEGFA	ITGAV	0.76271963	0.21	0.4756831	0.08299044107241448	0.12187924254288551	0.0071420902	0.72030556	0.493155767626948	0.578689157598556	degenerated	True	pain_ligand:VEGFA
NP_stressed_degenerative	Macrophages	VEGFA	SIRPA	0.69091105	0.0	0.4757062	0.26613348696865885	0.6443786276596049	0.009224685	0.7203104	0.09550685343433395	0.5787457519708048	degenerated	True	pain_ligand:VEGFA
NK cells	Tem/Trm cytotoxic T cells	VEGFA	CD44	1.0430725	0.18	0.8248011	0.07959934427113302	0.15998061825098375	0.0028564122	0.7722699	1.0	0.5789533759146246	degenerated	True	pain_ligand:VEGFA
NP_stressed_degenerative	DC	TNFSF13B	HLA-DPB1	1.3389319	0.0	0.7446889	2.281934146102871	2.152053718980591	0.017641414	0.76316035	0.005963467576966869	0.5791592732985787	degenerated	True	pain_ligand:TNF
Fibroblasts	Fibroblasts	GRN	TNFRSF1A	0.7174548	0.46	0.47589958	0.03565583177765952	-0.15319879914216794	0.005437979	0.72035134	1.0	0.5791991773758218	degenerated	True	pain_receptor:TNFRSF1A
Classical monocytes	Memory B cells	VEGFA	ITGB1	0.6356636	0.98	0.39201263	-0.4517469495420513	-0.0959533969916948	0.0017907989	0.70040953	1.0	0.5793692505367827	degenerated	True	pain_ligand:VEGFA
Fibroblasts	Tem/Temra cytotoxic T cells	TNFSF9	HLA-DPA1	0.29898253	0.05	0.06942209	0.35922076962953436	0.44767821076891845	0.001441554	0.4959262	1.0	0.5796536360531912	degenerated	True	pain_ligand:TNF
NP_mature_chondrocyte	Macrophages	VEGFA	ITGAV	1.0427866	0.0	1.0227363	0.4179359941171645	0.5883230230622858	0.015355759	0.79062885	0.02455261485453701	0.5797085283911659	degenerated	True	pain_ligand:VEGFA
Macrophages	DC	TNFSF9	HLA-DPA1	1.3617408	0.0	0.47646254	2.78967573130508	1.6443474146763557	0.009893775	0.7204704	0.011646756987644188	0.5799363417347191	degenerated	True	pain_ligand:TNF
Endothelial cells	NP_notochordal	ADAM10	IL6R	0.6353603	0.0	0.39095095	0.5831450647089569	0.8649593593220035	0.0072929324	0.7001249	0.10350413227990742	0.5802201157522242	degenerated	True	pain_receptor:IL6R
Naive B cells	Plasma cells	ADAM17	IL6R	0.6352993	0.0	0.38946405	0.653049729795563	1.059347687899419	0.018931203	0.69972473	0.005963467576966869	0.5803903887002437	degenerated	True	pain_receptor:IL6R
AF_outer	NP_mature_chondrocyte	VEGFA	ITGB1	1.0424696	1.0	0.9403391	-0.06686784526270176	-0.41936309188386256	0.004295673	0.7835918	1.0	0.5805326379198469	degenerated	True	pain_ligand:VEGFA
Fibroblasts	NP_mature_chondrocyte	ANGPT1	ITGB1	1.0421739	0.0	0.93949604	0.7035222019836854	0.4414387334179819	0.032500975	0.7835158	0.049509469770819665	0.5812196306109485	degenerated	True	pain_ligand:ANGPT1
Endothelial cells	Tem/Effector helper T cells	VEGFA	CD44	0.8876105	0.76	0.30073717	-0.07186805083098116	-0.3333500545695084	0.0010414989	0.6718843	1.0	0.5812990138491815	degenerated	True	pain_ligand:VEGFA
Macrophages	NP_stressed_degenerative	VEGFA	SIRPA	0.6823273	0.11	0.3006874	0.10935103743777005	0.47215153690342776	0.0058307974	0.6718661	0.3596524539769114	0.581412725996529	degenerated	True	pain_ligand:VEGFA
NP_mature_chondrocyte	DC	SEMA3A	NRP2	0.69216454	0.03	0.47697937	0.34740545370943215	0.4564427797273527	0.03932664	0.7205796	0.1760704091790426	0.5815264529722858	degenerated	True	pain_ligand:SEMA3A; pain_receptor:NRP2
Endothelial cells	NP_mature_chondrocyte	CXCL8	SDC2	0.7628883	0.18	0.3005255	0.07127085966029267	-0.6474048195134535	0.0018796958	0.6718067	1.0	0.5818675431342265	degenerated	True	pain_ligand:CXCL8
Tem/Temra cytotoxic T cells	DC	CXCL8	SDC3	0.634622	0.01	0.40142342	0.8867037491238545	0.3052697938962523	0.017280523	0.70289254	0.12741902281338618	0.582208766646086	degenerated	True	pain_ligand:CXCL8
Naive B cells	Fibroblasts	GRN	TNFRSF1A	0.6345214	0.68	0.32420808	-0.05120504056513567	-0.05759119707756599	0.0037046403	0.6801137	1.0	0.5824931015397917	degenerated	True	pain_receptor:TNFRSF1A
NP_notochordal	AF_outer	PTGS2	CAV1	1.0413553	0.18	0.7841281	0.027076374840958595	0.24340925420129744	0.004694812	0.76779246	0.6651738201679332	0.5827321916949305	degenerated	True	pain_ligand:PTGS2
AF_inner	Classical monocytes	TNFSF10	TNFRSF10C	0.2738316	0.0	0.06968339	0.8019671225065073	0.6729557004422604	0.035061914	0.4963957	0.0076831321448576845	0.5827407155500304	degenerated	True	pain_ligand:TNF
Macrophages	Tcm/Naive helper T cells	CXCL2	DPP4	1.4522599	0.0	0.74207085	2.0224561462635258	1.9292674382448494	0.073695526	0.762842	0.00032026829926382104	0.5832826075201253	degenerated	True	pain_ligand:CXCL2
NP_mature_chondrocyte	Plasma cells	IL11	IL6R	0.6342573	0.0	0.38789228	0.6941823776899623	1.019335743311593	0.025778202	0.69929975	0.005963467576966869	0.5833470217363143	degenerated	True	pain_receptor:IL6R
DC	Tcm/Naive helper T cells	TNF	SEMA4C	0.9073527	0.0	0.47794864	2.9984741219365256	1.902623667675638	0.043856576	0.7207839	0.0008959086184361967	0.5833470217363143	degenerated	True	pain_ligand:TNF
Fibroblasts	NP_stressed_degenerative	VEGFA	CD44	0.6341813	0.97	0.3903634	-0.3232896012765073	-0.3712501040878081	0.0013518881	0.699967	1.0	0.5835179058597205	degenerated	True	pain_ligand:VEGFA
DC	Endothelial cells	VEGFA	ITGA9	0.63411355	0.08	0.32019824	1.0384817246197375	0.3206951547901847	0.04389885	0.67875844	0.17775401220150525	0.5835749947139435	degenerated	True	pain_ligand:VEGFA
Small pre-B cells	NP_stressed_degenerative	IL11	IL6R	0.72911745	0.0	0.4780944	0.8309221582130739	1.6689127529719583	0.03177277	0.7208146	0.005963467576966869	0.583688823352095	degenerated	True	pain_receptor:IL6R
Fibroblasts	Tem/Trm cytotoxic T cells	VEGFA	CD44	1.0407758	0.29	0.8176533	0.07735947165247939	-0.04307361731776693	0.0028316583	0.7715036	1.0	0.5839019566473088	degenerated	True	pain_ligand:VEGFA
Fibroblasts	Tem/Temra cytotoxic T cells	ANGPT2	ITGA5_ITGB1	0.63392687	0.76	0.31027174	2.1582696376597568	0.14039914405463572	0.006534339	0.6753155	0.3751997403642313	0.584258909524987	degenerated	True	pain_ligand:ANGPT2
AF_mechanical_stress	Classical monocytes	VEGFA	NRP2	1.0405416	0.02	0.98314506	0.30483749766711454	0.6621027975531381	0.0131612625	0.7873424	0.14989686201302985	0.5843149811949897	degenerated	True	pain_ligand:VEGFA; pain_receptor:NRP2
NP_mature_chondrocyte	Classical monocytes	ADAM17	IL6R	0.27238315	0.32	0.06986133	0.05730482905913357	0.1946308226451663	0.0033958436	0.49671453	0.927692897997189	0.5843566593154441	degenerated	True	pain_receptor:IL6R
NP_mature_chondrocyte	NP_notochordal	NGF	SORT1	0.6338415	0.0	0.38320512	0.829375627084963	1.1849448599930097	0.06356163	0.69802	0.005963467576966869	0.5843730073374559	degenerated	True	pain_ligand:NGF
AF_outer	Classical monocytes	VEGFA	NRP2	0.6924089	0.6	0.4783695	-0.03468337296381622	0.12516523454259731	0.006403884	0.72087246	1.0	0.5846580463754275	degenerated	True	pain_ligand:VEGFA; pain_receptor:NRP2
DC	Mast cells	TNF	FAS	1.0402297	0.0	0.8752534	3.2010939487419097	2.2527313972428478	0.04132054	0.7774484	0.0011448255063239488	0.5847968970405748	degenerated	True	pain_ligand:TNF
Macrophages	AF_inner	VEGFA	SIRPA	0.68181	0.1	0.2995615	0.10850943502406399	0.0970736200540605	0.005808965	0.67145246	0.4482099094034811	0.5850003598636655	degenerated	True	pain_ligand:VEGFA
Endothelial cells	Macrophages	CCL2	CCR1	0.72042704	0.0	0.47855443	1.9920815962243388	1.4079582473884114	0.047379058	0.7209113	0.001029233000031411	0.5850575453666516	degenerated	True	pain_ligand:CCL2
DC	Endothelial cells	TNFSF9	HLA-DPA1	0.28657958	0.03	0.06988005	0.328934060255536	0.36781047780693604	0.0014510637	0.49674803	1.0	0.5850909885471608	degenerated	True	pain_ligand:TNF
Endothelial cells	AF_outer	CXCL2	DPP4	0.26524213	0.0	0.06988607	0.17658425264373595	0.2996693621102913	0.0069404305	0.4967588	0.2052772460806017	0.5852377901144383	degenerated	True	pain_ligand:CXCL2
Macrophages	Naive B cells	TNF	VSIR	0.84688234	0.0	0.47861022	2.3882522335290064	1.4888161850426895	0.009554226	0.7209231	0.025556469801357774	0.5852857832993321	degenerated	True	pain_ligand:TNF
Fibroblasts	Macrophages	TNFSF13B	HLA-DPB1	1.34907	0.0	0.4786117	2.225292953120634	1.675006527905298	0.01133814	0.7209234	0.01207608348488405	0.5853428069407154	degenerated	True	pain_ligand:TNF
Classical monocytes	NK cells	TNFSF13B	HLA-DPB1	0.67958146	0.0	0.299395	1.5666373992955596	1.3405808726528141	0.0070925592	0.67139107	0.0525424792834266	0.5854570458186042	degenerated	True	pain_ligand:TNF
Endothelial cells	Classical monocytes	PIGF	FLT1	0.27396286	0.26	0.06993448	0.13504037835491275	0.45851687607140224	0.011067672	0.49684536	0.565885135056991	0.5861187646287307	degenerated	True	pain_receptor:FLT1
AF_outer	Fibroblasts	CXCL8	SDC2	0.80232704	0.26	0.29903826	0.11339943356295329	-0.9915023556065996	0.0018703938	0.6712596	1.0	0.5861995092554247	degenerated	True	pain_ligand:CXCL8
Tem/Trm cytotoxic T cells	NP_stressed_degenerative	TNF	VSIR	0.64194435	0.0	0.29894048	0.9404879789385918	1.5885450503458869	0.0059675802	0.67122346	0.10350413227990742	0.5863138595684917	degenerated	True	pain_ligand:TNF
AF_mechanical_stress	DC	SEMA3C	NRP2_PLXNA1	0.2679174	0.41	0.069965206	0.1499830842316182	0.07529409882771299	0.031133702	0.4969003	0.7928641345479516	0.5867058845838491	degenerated	True	pain_receptor:NRP2
Endothelial cells	Fibroblasts	TNFSF12	TNFRSF12A	0.63324356	0.55	0.30597213	-0.007300933047811611	-0.11811083202991124	0.007752698	0.6737838	1.0	0.5867139316582726	degenerated	True	pain_ligand:TNF
AF_inner	DC	VEGFA	SIRPA	1.0389396	0.0	1.0063884	0.6176734575421916	0.6880436109885941	0.01951544	0.78929204	0.006764233679501918	0.5869330880670838	degenerated	True	pain_ligand:VEGFA
NP_notochordal	Plasma cells	VEGFA	CD44	0.70749545	0.99	0.4795181	-0.25123472653951306	-0.31409323943118495	0.0016606445	0.7211137	1.0	0.5869427809330787	degenerated	True	pain_ligand:VEGFA
AF_outer	NP_mature_chondrocyte	VEGFB	ADRB2	0.63317806	0.0	0.3619914	0.34111388696946116	0.7590284423026843	0.014026098	0.69198424	0.048311447111093364	0.5869427809330787	degenerated	True	pain_ligand:VEGFB
Macrophages	AF_mechanical_stress	TNF	TNFRSF1A	1.0383538	0.0	0.9899727	2.4661691474863714	1.4067196476207258	0.024514452	0.78792125	0.005963467576966869	0.587829723818601	degenerated	True	pain_ligand:TNF; pain_receptor:TNFRSF1A
Tem/Trm cytotoxic T cells	Macrophages	CXCL8	SDC2	0.6328045	0.79	0.36914554	-0.08103640430057132	-0.3893545707744961	0.0023088935	0.6940659	1.0	0.5880299941389764	degenerated	True	pain_ligand:CXCL8
AF_inner	Fibroblasts	TNFSF10	TNFRSF11B	0.27479598	0.93	0.07007112	-0.2480537502957242	-0.7269676786063932	0.0037106753	0.49708933	1.0	0.5883201184924529	degenerated	True	pain_ligand:TNF
AF_mechanical_stress	NK cells	VEGFA	EGFR	0.85511553	0.0	0.48022968	0.47232715588982915	0.49318123996071894	0.034584712	0.7212628	0.03341523045108947	0.5884882552723982	degenerated	True	pain_ligand:VEGFA
Naive B cells	Macrophages	VEGFA	NRP2	0.6325012	0.72	0.3038775	-0.07177089973337508	-0.22321335937863485	0.004067977	0.6730284	1.0	0.5886027218973658	degenerated	True	pain_ligand:VEGFA; pain_receptor:NRP2
Tem/Trm cytotoxic T cells	Fibroblasts	RTN4	NGFR	0.6324064	1.0	0.3840371	1.395086053556652	0.2877987809236634	0.013485062	0.69824857	0.8631596448789256	0.5891185491035085	degenerated	True	pain_receptor:NGFR
Tem/Effector helper T cells	Endothelial cells	TNFSF10	RIPK1	0.26605687	0.18	0.07012485	0.1548711934942387	0.2811257865116963	0.0067604645	0.49718517	0.44514535890791346	0.5892002851607088	degenerated	True	pain_ligand:TNF
NP_mature_chondrocyte	Endothelial cells	PIGF	FLT1	0.8006731	0.0	0.29795426	1.098163580872864	1.0812993417597714	0.047153566	0.6708588	0.005963467576966869	0.5893480231961361	degenerated	True	pain_receptor:FLT1
Naive B cells	NP_notochordal	ADAM17	IL6R	0.63228905	0.0	0.38635516	0.6486169729180145	1.1139879306377245	0.018780084	0.6988821	0.005963467576966869	0.5893480231961361	degenerated	True	pain_receptor:IL6R
AF_mechanical_stress	Tem/Trm cytotoxic T cells	NGF	KIDINS220	0.30691856	0.32	0.070131965	0.031179393606605092	0.23415548397986807	0.005128358	0.49719778	0.6572501064640391	0.5894936071357478	degenerated	True	pain_ligand:NGF
NP_stressed_degenerative	NP_mature_chondrocyte	VEGFA	ITGB1	1.037682	1.0	0.9266936	-0.07153670542229562	0.17022246867133428	0.0042333375	0.7823499	1.0	0.5895553035676476	degenerated	True	pain_ligand:VEGFA
Macrophages	Endothelial cells	VEGFA	NRP2	0.76506245	0.32	0.48078287	0.008405850508989926	-0.02028484831568833	0.006436191	0.7213785	0.7708750191302546	0.5895773755412903	degenerated	True	pain_ligand:VEGFA; pain_receptor:NRP2
AF_outer	NP_notochordal	VEGFA	CD44	0.6322148	1.0	0.3989323	-0.32590721501361636	-0.49649625555438803	0.0013815636	0.7022422	1.0	0.5896346775881424	degenerated	True	pain_ligand:VEGFA
Fibroblasts	AF_mechanical_stress	NGF	BEX3	0.82653797	0.08	0.4808505	0.262821952246404	0.09075657370076912	0.03230574	0.72139263	0.46180001949436617	0.5897494741851594	degenerated	True	pain_ligand:NGF
NP_stressed_degenerative	NP_mature_chondrocyte	TNFSF13B	CD40	0.26886213	0.0	0.07014067	0.4739345570641032	0.7937878739301003	0.0058212318	0.4972133	0.1999161640535841	0.5899336324080656	degenerated	True	pain_ligand:TNF
Endothelial cells	NP_mature_chondrocyte	PTGS2	CAV1	0.7032628	1.0	0.29762936	-0.2820548080669183	-0.9181744877846032	0.0017819968	0.6707383	1.0	0.5904382036665541	degenerated	True	pain_ligand:PTGS2
DC	AF_outer	VEGFA	GPC1	0.63195074	0.26	0.3162174	0.08865179209441496	0.04396840668795937	0.014183858	0.67739296	0.5808869820987981	0.5904957429938071	degenerated	True	pain_ligand:VEGFA
Macrophages	Fibroblasts	TNF	TRAF2	0.84789145	0.0	0.4813054	3.294029271489417	1.7301503685370636	0.12789303	0.72148764	8.706295705714462e-05	0.5908977149557446	degenerated	True	pain_ligand:TNF
Classical monocytes	DC	VEGFA	NRP2	0.69583267	0.64	0.4817201	-0.03906649451700257	0.25093011076473504	0.0064487373	0.7215741	1.0	0.5917023878359019	degenerated	True	pain_ligand:VEGFA; pain_receptor:NRP2
DC	Naive B cells	TNF	NOTCH1	0.90861976	0.0	0.48173717	3.1521905329284334	1.7717163817785853	0.036869753	0.7215777	0.0021460842665616945	0.5917598274870286	degenerated	True	pain_ligand:TNF
Endothelial cells	Macrophages	ADAM17	IL6R	0.6314606	0.0	0.35650855	0.6294970165790356	0.7135258016562902	0.017329289	0.69035536	0.005963467576966869	0.5918172708553471	degenerated	True	pain_receptor:IL6R
Tem/Trm cytotoxic T cells	Memory B cells	TNFSF9	HLA-DPA1	0.89897805	0.0	0.4817773	1.715556799070699	1.9114030441601133	0.010004137	0.7215861	0.03543969398737132	0.5919323505562798	degenerated	True	pain_ligand:TNF
NP_mature_chondrocyte	AF_inner	PDGFA	PDGFRA	0.26919293	1.0	0.07027139	-0.05054846442391689	-0.1519544109703493	0.008182543	0.49744606	1.0	0.5921326659796725	degenerated	True	pain_ligand:PDGFA
AF_mechanical_stress	NP_mature_chondrocyte	TNFSF12	TNFRSF12A	0.91524345	0.0	0.4818308	0.26200099234661983	0.2522360211743124	0.012208591	0.7215972	0.18153134810778104	0.5921623728516558	degenerated	True	pain_ligand:TNF
Plasma cells	NK cells	CXCL8	SDC2	0.69498634	0.51	0.4819251	-0.038502080798456864	-0.5117316324506054	0.0030142954	0.72161686	1.0	0.5922774972838377	degenerated	True	pain_ligand:CXCL8
NP_mature_chondrocyte	NP_notochordal	IL11	IL6R	0.63124704	0.0	0.38479596	0.6897496208124138	1.0739759860498983	0.025572428	0.69845647	0.005963467576966869	0.5924501209486602	degenerated	True	pain_receptor:IL6R
AF_outer	Fibroblasts	FGF2	SDC2	1.0362029	0.1	0.94894695	0.22026486603619613	0.20193914641177957	0.024691535	0.7843635	0.31615274946789357	0.5925273085859684	degenerated	True	pain_ligand:FGF2
CD16+ NK cells	Fibroblasts	TNF	VSIR	0.6453931	0.01	0.29701513	0.9385209295935129	0.8643110830803712	0.0059291455	0.6705102	0.23442620029844588	0.5926227781518552	degenerated	True	pain_ligand:TNF
Tem/Trm cytotoxic T cells	Endothelial cells	TNF	TRADD	0.26779872	0.0	0.07028998	0.5599343768817236	0.597696755601876	0.0050096298	0.4974791	0.19346699791492175	0.5927188682329132	degenerated	True	pain_ligand:TNF
NP_notochordal	Fibroblasts	VEGFA	CD44	1.0357763	0.36	0.84881586	0.0722456681852636	0.047854839485056866	0.002939579	0.7747838	1.0	0.5937728994715323	degenerated	True	pain_ligand:VEGFA
AF_outer	Macrophages	VEGFA	SIRPA	0.6956986	0.0	0.48271093	0.27080234712825274	0.05479306710440801	0.009360517	0.7217805	0.5532887717435933	0.5937747442351755	degenerated	True	pain_ligand:VEGFA
Fibroblasts	AF_mechanical_stress	GRN	TNFRSF1A	0.6308652	0.6	0.38578206	-0.0700507262038361	-0.2730867774784721	0.00440823	0.6987259	1.0	0.5937747442351755	degenerated	True	pain_receptor:TNFRSF1A
NK cells	Macrophages	VEGFA	SIRPA	0.6307992	0.19	0.3877558	0.2075086410834594	0.0749225786349137	0.00751919	0.69926274	0.49991157978460976	0.5940628321354735	degenerated	True	pain_ligand:VEGFA
Macrophages	NK cells	PDGFA	PDGFRB	0.7202026	0.0	0.29657832	1.129080221986041	1.1381642400213852	0.02578105	0.6703476	0.005963467576966869	0.5941206067032527	degenerated	True	pain_ligand:PDGFA
NP_stressed_degenerative	NP_stressed_degenerative	VEGFA	CD44	0.69658995	1.0	0.48309168	-0.2624248827726542	0.4012601805056337	0.0016730203	0.72185963	1.0	0.5946396521874988	degenerated	True	pain_ligand:VEGFA
Fibroblasts	DC	FGF2	SDC4	0.27533245	0.99	0.0704451	-0.438685251186385	-0.9058617444684365	0.0034679489	0.49775463	1.0	0.5953555142177795	degenerated	True	pain_ligand:FGF2
Plasma cells	AF_inner	CXCL8	SDC2	1.0343356	0.01	0.9759256	0.31222290342901116	-0.09969159911937497	0.0061041196	0.7867248	1.0	0.595504398943696	degenerated	True	pain_ligand:CXCL8
AF_mechanical_stress	NK cells	VEGFA	ITGAV	1.0340765	0.0	0.96561	0.3959971778685526	0.4645281294313067	0.014498044	0.7858319	0.0417701138371019	0.5956429534990587	degenerated	True	pain_ligand:VEGFA
AF_outer	AF_outer	PTGS2	CAV1	1.0340295	0.0	0.7608421	0.020670273990840593	-0.20155532936841014	0.004555391	0.7650942	1.0	0.5957815190062185	degenerated	True	pain_ligand:PTGS2
AF_mechanical_stress	Fibroblasts	TNFSF12	TNFRSF12A	0.6301128	0.55	0.3000769	-0.013310830936148058	-0.20319002242038592	0.0076033254	0.67164207	1.0	0.5960252512217861	degenerated	True	pain_ligand:TNF
DC	Memory B cells	VEGFA	ITGB1	0.72308207	0.99	0.48395342	-0.3664909787226375	-0.44175314999582194	0.0022108043	0.72203857	1.0	0.5963140665388424	degenerated	True	pain_ligand:VEGFA
Endothelial cells	NP_mature_chondrocyte	ANGPT2	ITGA5_ITGB1	0.27611336	0.0	0.07052528	0.4924732447535339	0.1907511276921367	0.0040446036	0.49789688	0.6482892825459704	0.5968195045777918	degenerated	True	pain_ligand:ANGPT2
Fibroblasts	Fibroblasts	FGF2	SDC2	0.86899716	0.35	0.4843053	0.035771387911623875	-0.2707933474067156	0.012601591	0.7221115	1.0	0.5971816209200655	degenerated	True	pain_ligand:FGF2
Plasma cells	AF_outer	VEGFA	EGFR	0.26733813	1.0	0.07053758	-0.17379726292149944	-0.33278856852997485	0.005079907	0.49791864	1.0	0.5972585800043004	degenerated	True	pain_ligand:VEGFA
Fibroblasts	AF_mechanical_stress	TNFSF13B	TFRC	0.28025585	0.91	0.07055731	0.06950466683125059	-0.21092631573282794	0.0023926133	0.49795365	1.0	0.5975512479663068	degenerated	True	pain_ligand:TNF
Macrophages	AF_inner	TNF	VSIR	0.7783388	0.0	0.2955512	2.2947209203601773	1.0801412360544318	0.005899922	0.66996413	0.10350413227990742	0.5975866210544429	degenerated	True	pain_ligand:TNF
AF_outer	NP_stressed_degenerative	ADAM10	IL6R	0.6340036	0.0	0.29538885	0.5605577589891678	1.1696881355598503	0.005510284	0.6699034	0.11794191677629683	0.5981655364088649	degenerated	True	pain_receptor:IL6R
NP_mature_chondrocyte	DC	VEGFA	SIRPA	1.032913	0.0	0.99712265	0.6117967689111409	0.6435468805083984	0.019335764	0.7885219	0.009888455016393696	0.5982088991820798	degenerated	True	pain_ligand:VEGFA
Macrophages	NP_mature_chondrocyte	TNFSF13B	TFRC	0.6293528	0.0	0.35271114	0.6878768896729847	0.6011341834512395	0.01196051	0.6892096	0.017234516191328323	0.5982235766680992	degenerated	True	pain_ligand:TNF
NK cells	AF_mechanical_stress	PGF	NRP2	1.0328573	0.0	1.0609658	2.081520632372665	1.2580625129188283	0.07362535	0.79365003	0.0028808645613732187	0.5984171098636011	degenerated	True	pain_receptor:NRP2
Macrophages	Macrophages	GRN	TNFRSF1A	1.1549004	0.0	0.7317821	0.4473814137495604	0.4538511900146799	0.008361882	0.7615767	0.07291989378419446	0.5986253451127803	degenerated	True	pain_receptor:TNFRSF1A
Fibroblasts	Endothelial cells	TNFSF13B	CD40	0.28047967	0.02	0.07064275	0.45605571727573624	0.4598739676948819	0.0058629015	0.4981049	0.24239542854189478	0.5988681042073243	degenerated	True	pain_ligand:TNF
DC	AF_mechanical_stress	VEGFB	ADRB2	0.6290723	0.03	0.39112505	0.4141845909227262	0.31300910813402427	0.015154941	0.70017165	0.1760704091790426	0.598976792457577	degenerated	True	pain_ligand:VEGFB
Endothelial cells	Tem/Trm cytotoxic T cells	VEGFA	CD44	0.87288797	0.94	0.2951522	-0.08637519220419015	-0.24693809335365546	0.0010221573	0.66981477	1.0	0.5990927983864657	degenerated	True	pain_ligand:VEGFA
Naive B cells	AF_mechanical_stress	TNF	TNFRSF1A	0.6287532	0.0	0.38265055	0.9780032379845529	0.7951137601935164	0.009475483	0.6978674	0.04575875084718276	0.6000788114164227	degenerated	True	pain_ligand:TNF; pain_receptor:TNFRSF1A
NP_mature_chondrocyte	NP_mature_chondrocyte	FGF2	FGFRL1	1.0319642	0.0	1.0481112	0.49738908054987974	0.5983973280143671	0.057016015	0.7926501	0.014475016137533648	0.6001531902705921	degenerated	True	pain_ligand:FGF2
Classical monocytes	Classical monocytes	VEGFA	SIRPA	0.69863856	0.29	0.48590344	0.247676873796962	0.8420797308757801	0.009422425	0.7224419	0.611656462744215	0.6001949595850327	degenerated	True	pain_ligand:VEGFA
Fibroblasts	AF_mechanical_stress	TNFSF12	TNFRSF12A	1.0317792	0.0	0.9767824	0.5733378445333478	0.4191584439654633	0.024749637	0.78679836	0.05831550269780265	0.6004310421366807	degenerated	True	pain_ligand:TNF
NP_mature_chondrocyte	NP_mature_chondrocyte	NGF	MAGED1	0.6285707	0.0	0.3779591	0.44984740117142674	0.5056758397098864	0.05194591	0.6965652	0.02998002810052673	0.6004853037944295	degenerated	True	pain_ligand:NGF
Fibroblasts	Macrophages	VEGFA	SIRPA	0.6285025	0.3	0.3843955	0.20526876846480577	-0.128131656933837	0.0074540284	0.6983468	1.0	0.6007175364041968	degenerated	True	pain_ligand:VEGFA
Fibroblasts	AF_inner	ADAM10	IL6R	0.6297062	0.0	0.29450876	0.6156752537036951	0.3013990126717683	0.0054938667	0.6695734	0.29349593144236413	0.6007175364041968	degenerated	True	pain_receptor:IL6R
Naive B cells	Fibroblasts	RTN4	NGFR	0.6284091	0.91	0.37998936	1.3912001281821307	0.316816775866812	0.013342929	0.6971311	0.785910511241564	0.6007755580061108	degenerated	True	pain_receptor:NGFR
DC	DC	CXCL2	DPP4	1.2012608	0.0	0.48623613	1.6175902581997392	1.2696333228126038	0.04828842	0.7225106	0.0026730872590527044	0.6009498288822444	degenerated	True	pain_ligand:CXCL2
Mast cells	CD16+ NK cells	VEGFA	ITGB1	0.62827456	1.0	0.39346525	-0.46077322854663105	-0.03842123486700655	0.0017974348	0.70079744	1.0	0.6011241334563775	degenerated	True	pain_ligand:VEGFA
Mast cells	Tem/Trm cytotoxic T cells	VEGFA	ITGB1	0.6281742	1.0	0.3933463	-0.4608684224411585	-0.08153882471941976	0.0017968913	0.7007658	1.0	0.6011823649377253	degenerated	True	pain_ligand:VEGFA
Memory B cells	Fibroblasts	GRN	TNFRSF1A	0.6280343	0.61	0.3123426	-0.05799937413617881	-0.04748333197097687	0.0035690567	0.6760444	1.0	0.6015310977104174	degenerated	True	pain_receptor:TNFRSF1A
CD16+ NK cells	AF_outer	TNF	VSIR	0.26805395	0.0	0.070852675	0.4236213229030792	0.16734767304705983	0.0014143921	0.49847582	1.0	0.6016464509253475	degenerated	True	pain_ligand:TNF
Naive B cells	Fibroblasts	VEGFA	CD44	0.91572595	0.54	0.48648483	-0.04483482186212137	-0.24974490034718055	0.0016847713	0.72256184	1.0	0.6017055146584265	degenerated	True	pain_ligand:VEGFA
Endothelial cells	AF_mechanical_stress	TNFSF10	TNFRSF11B	0.6983216	0.0	0.48674136	0.34830090369070876	0.24703452845906282	0.0257758	0.72261465	0.18860322426163864	0.6021706687416075	degenerated	True	pain_ligand:TNF
AF_inner	DC	VEGFA	ITGB1	1.0307	0.75	0.98481476	-0.06947037279464846	-0.29397670152240973	0.0044988473	0.78748447	1.0	0.6026560830561603	degenerated	True	pain_ligand:VEGFA
NP_notochordal	DC	GRN	TNFRSF1A	0.80717796	0.16	0.2937556	0.06845336339010732	0.19504860959830544	0.0033566677	0.66929	0.9468956304757498	0.6028108769896054	degenerated	True	pain_receptor:TNFRSF1A
Memory B cells	Plasma cells	CXCL8	SDC1	0.7291696	0.01	0.48715377	1.6487098978001204	0.807806540253193	0.022967944	0.7226995	0.054371051127410655	0.6031602391936464	degenerated	True	pain_ligand:CXCL8
AF_inner	NP_stressed_degenerative	GRN	TNFRSF1A	0.6275554	1.0	0.38934714	-0.0775822186653747	0.2935389770997662	0.0044489675	0.69969326	1.0	0.6032767846267839	degenerated	True	pain_receptor:TNFRSF1A
NK cells	Classical monocytes	VEGFA	NRP2	0.6275095	0.77	0.38426843	-0.09797707900860955	0.145294746073103	0.0051441626	0.6983119	1.0	0.60362632680307	degenerated	True	pain_ligand:VEGFA; pain_receptor:NRP2
AF_outer	AF_outer	ANGPT1	ITGA5	0.3033691	0.0	0.07100009	0.0937436067198665	0.1710391524653294	0.0066885506	0.4987356	0.4083076948944004	0.6036922483538328	degenerated	True	pain_ligand:ANGPT1
NP_notochordal	Macrophages	CXCL8	SDC2	1.0302341	0.01	1.0127519	0.26620101951977376	0.2873718984384661	0.0063344566	0.7898157	0.19130387022337594	0.6036999941912808	degenerated	True	pain_ligand:CXCL8
Tem/Temra cytotoxic T cells	Fibroblasts	CXCL8	SDC2	1.0302033	0.04	0.932275	0.31249672340093976	-0.07124957615782634	0.005831098	0.7828607	0.9432151940273442	0.6037696466463702	degenerated	True	pain_ligand:CXCL8
NP_stressed_degenerative	NP_notochordal	VEGFA	CD44	0.6274272	1.0	0.3931433	-0.3305760751732102	0.09308930500080881	0.0013615154	0.7007116	1.0	0.6039760039711706	degenerated	True	pain_ligand:VEGFA
Fibroblasts	Macrophages	IL11	IL6R	0.6272108	0.0	0.34939462	0.6665216444278181	0.5853796263268582	0.023219757	0.68819684	0.01615000409285327	0.6047340395817272	degenerated	True	pain_receptor:IL6R
CD16+ NK cells	NP_stressed_degenerative	TNF	VSIR	0.63900286	0.0	0.29318509	0.9298010976297886	1.6857218698650889	0.0058526886	0.6690749	0.10350413227990742	0.6049090750910011	degenerated	True	pain_ligand:TNF
Small pre-B cells	DC	ADAM10	IL6R	1.0290772	0.0	0.94023967	1.2444421137999273	1.2502333076357417	0.017539551	0.78358287	0.005963467576966869	0.6057896458420948	degenerated	True	pain_receptor:IL6R
NP_stressed_degenerative	DC	VEGFA	ITGB1	0.70126456	1.0	0.48917124	-0.3907555131921222	-0.31349387147586616	0.0022346403	0.7231134	1.0	0.6067198766944691	degenerated	True	pain_ligand:VEGFA
Classical monocytes	AF_inner	VEGFA	CD44	0.70091057	0.92	0.48929083	-0.2586485257936083	-0.14445556350490185	0.001694489	0.72313786	1.0	0.6068952951657957	degenerated	True	pain_ligand:VEGFA
Memory B cells	DC	GRN	TNFRSF1A	0.27528036	1.0	0.0713902	-0.48863352178415803	-0.6009017662715275	0.00081575697	0.49942055	1.0	0.6070507451410829	degenerated	True	pain_receptor:TNFRSF1A
Plasma cells	Fibroblasts	CXCL8	ADRA2A	0.7001093	0.0	0.48938268	2.6724391987028038	0.35894156043713465	0.031779878	0.7231567	0.08960186421668422	0.6070707474458872	degenerated	True	pain_ligand:CXCL8
NK cells	Macrophages	ANGPT1	ITGA5	0.6264131	0.0	0.327157	0.6598185230552986	0.8823709218510429	0.030819766	0.6810979	0.005963467576966869	0.6070707474458872	degenerated	True	pain_ligand:ANGPT1
Fibroblasts	DC	VEGFB	ADRB2	0.62623817	0.11	0.36512536	0.3406149654448915	0.27849128314036226	0.01414753	0.6929021	0.33308060275297247	0.6073046747675397	degenerated	True	pain_ligand:VEGFB
Small pre-B cells	Plasma cells	IL11	IL6R	0.62599707	0.0	0.37543222	0.6790699730490068	1.0562986403546506	0.024950141	0.69585586	0.005963467576966869	0.6078898484988221	degenerated	True	pain_receptor:IL6R
NK cells	Endothelial cells	PGF	NRP2	0.7754706	0.0	0.4899783	1.7800350664761475	0.8886455238516235	0.034001876	0.72327846	0.005963467576966869	0.6084755831930942	degenerated	True	pain_receptor:NRP2
Endothelial cells	Macrophages	TNFSF10	RIPK1	0.625898	0.0	0.38996503	0.8445043569377402	1.061843080015104	0.037595015	0.6998598	0.005963467576966869	0.6085341032696517	degenerated	True	pain_ligand:TNF
Classical monocytes	NP_stressed_degenerative	GRN	TNFRSF1A	0.7000412	0.55	0.49002674	-0.001663791114238533	0.8277395822470573	0.0055994065	0.7232883	0.9996263215043861	0.6085341032696517	degenerated	True	pain_receptor:TNFRSF1A
DC	Tem/Temra cytotoxic T cells	VEGFA	ITGB1	0.6257922	1.0	0.30488196	-0.4588071920067639	-0.7188238844488619	0.0013927668	0.6733914	1.0	0.6087098712434266	degenerated	True	pain_ligand:VEGFA
AF_outer	NP_stressed_degenerative	VEGFA	CD44	0.7013775	1.0	0.49020517	-0.2577560226130603	-0.18832538004956312	0.0016976554	0.7233247	1.0	0.6088856730596283	degenerated	True	pain_ligand:VEGFA
Plasma cells	Endothelial cells	VEGFA	ITGB3	0.26904327	0.92	0.0715534	0.638628806734581	-0.2465524619578719	0.009502277	0.49970594	1.0	0.6090935253727809	degenerated	True	pain_ligand:VEGFA
Fibroblasts	Endothelial cells	FGF2	SDC2	0.27694976	1.0	0.07157257	-0.5761206545070877	-1.158366547244739	0.0018623134	0.49973947	1.0	0.6092394102118603	degenerated	True	pain_ligand:FGF2
NP_mature_chondrocyte	Endothelial cells	GRN	TNFRSF1A	0.7006132	0.63	0.4905463	0.001000195174145277	-0.0863810528422263	0.0056053433	0.72339433	1.0	0.6094132815953724	degenerated	True	pain_receptor:TNFRSF1A
Classical monocytes	AF_mechanical_stress	SEMA3A	NRP2	0.63084674	0.17	0.2919091	0.18887440169250702	0.3527454090245389	0.024067717	0.66859186	0.4295575971167276	0.6094720471638486	degenerated	True	pain_ligand:SEMA3A; pain_receptor:NRP2
AF_mechanical_stress	AF_inner	FGF2	CD44	0.701993	1.0	0.4907118	-0.18141544965693873	-0.41908990634277865	0.0047156136	0.7234281	1.0	0.6099411948302376	degenerated	True	pain_ligand:FGF2
CD16+ NK cells	NK cells	TNF	NOTCH1	0.2693148	0.0	0.07160837	0.8305894764353838	0.8926670723477588	0.0054805465	0.49980196	0.10350413227990742	0.6099686301413503	degenerated	True	pain_ligand:TNF
DC	Naive B cells	TNFSF13B	CD40	1.0443406	0.0	0.72378457	2.281629723211708	1.7609283772441273	0.06006954	0.7605776	0.00015592894730338287	0.6099763542795934	degenerated	True	pain_ligand:TNF
DC	AF_mechanical_stress	VEGFA	ITGAV	0.7268081	0.31	0.49081144	0.06489719562868976	-0.12714947868627458	0.007369233	0.7234484	1.0	0.6100586121052445	degenerated	True	pain_ligand:VEGFA
Tem/Temra cytotoxic T cells	NP_mature_chondrocyte	TNF	TNFRSF1A	0.6253961	0.0	0.3775067	1.246420491741331	0.831954999814075	0.009348106	0.69643867	0.04804819996981288	0.610410768765773	degenerated	True	pain_ligand:TNF; pain_receptor:TNFRSF1A
Fibroblasts	NP_mature_chondrocyte	FGF2	FGFRL1	0.6253816	0.42	0.31447408	0.048769469509600094	-0.1679457338844716	0.01710702	0.6767887	1.0	0.6105868979052878	degenerated	True	pain_ligand:FGF2
Endothelial cells	NP_mature_chondrocyte	TNFSF12	TNFRSF12A	0.9183742	0.0	0.4912967	0.2680108902349563	0.33731521156478705	0.0124484375	0.7235473	0.10416051001437453	0.6107630609219791	degenerated	True	pain_ligand:TNF
AF_mechanical_stress	AF_mechanical_stress	VEGFB	ADRB2	0.62534434	0.0	0.38592866	0.4097654215924472	0.2969067341551216	0.0149535965	0.6987659	0.13571211525193827	0.6108805836459735	degenerated	True	pain_ligand:VEGFB
NP_stressed_degenerative	AF_outer	TNFSF13B	HLA-DPB1	0.27127284	0.0	0.071660325	0.37653472688741996	0.6271056518243883	0.0016976072	0.4998926	0.35670830205127113	0.6109893349941173	degenerated	True	pain_ligand:TNF
Macrophages	Endothelial cells	TNF	TNFRSF1A	1.0268209	0.0	0.95917183	2.452089942781662	1.5472707260197218	0.023751738	0.7852684	0.005963467576966869	0.6110245188304981	degenerated	True	pain_ligand:TNF; pain_receptor:TNFRSF1A
AF_outer	Endothelial cells	TNFSF12	TNFRSF12A	0.26839748	1.0	0.071672514	-0.37746597657256675	-0.6301297956031497	0.0018160327	0.49991384	1.0	0.6112808868779636	degenerated	True	pain_ligand:TNF
Fibroblasts	Classical monocytes	VEGFA	NRP2	0.6252128	0.59	0.38093835	-0.10021695162726318	-0.05775948949564769	0.0050995825	0.6973943	1.0	0.6114680518256694	degenerated	True	pain_ligand:VEGFA; pain_receptor:NRP2
AF_outer	Tem/Trm cytotoxic T cells	TNFSF9	TNFRSF9	0.30960834	0.0	0.07168258	1.021103016665446	0.8526183799801326	0.017048318	0.49993145	0.005963467576966869	0.6117181990255347	degenerated	True	pain_ligand:TNF
AF_mechanical_stress	AF_mechanical_stress	VEGFA	GPC1	0.85948974	0.0	0.49209347	0.3175092859111713	0.27770713526231183	0.02207274	0.7237093	0.15442356257766898	0.6122912886149896	degenerated	True	pain_ligand:VEGFA
NP_notochordal	Tem/Effector helper T cells	VEGFA	ITGB1	0.7186942	1.0	0.49211615	-0.37537511790512534	-0.2736662336936668	0.0022480933	0.72371393	1.0	0.6124088213102038	degenerated	True	pain_ligand:VEGFA
AF_inner	NP_stressed_degenerative	VEGFA	CD44	1.0260253	0.0	0.97257525	0.058860257624819556	0.42077735045909015	0.003368177	0.78643614	0.9407675373552642	0.6126328411434807	degenerated	True	pain_ligand:VEGFA
AF_outer	NP_mature_chondrocyte	GRN	TNFRSF1A	0.7381221	0.0	0.49219847	0.022113734273786656	-0.07775189683499162	0.0056242226	0.7237306	0.9641098342389186	0.612820862381827	degenerated	True	pain_receptor:TNFRSF1A
NK cells	Macrophages	PGF	NRP2	1.0259161	0.0	1.0455674	2.0733902534845186	1.2924299035948308	0.07255679	0.79245037	0.0023190085442593065	0.61298263530533	degenerated	True	pain_receptor:NRP2
Endothelial cells	AF_inner	VEGFB	ADRB2	0.28284746	1.0	0.071767025	-0.09277349167657284	-0.2638110686045037	0.00278076	0.50007856	1.0	0.6136126207631613	degenerated	True	pain_ligand:VEGFB
NP_mature_chondrocyte	DC	FGF2	SDC2	1.0256488	0.03	1.0334377	0.2260826827441828	0.18926153017481473	0.026889978	0.7914891	0.268081369341529	0.613752573053254	degenerated	True	pain_ligand:FGF2
Mast cells	AF_inner	VEGFA	CD44	0.6245431	1.0	0.38904172	-0.3331269037988465	-0.16994331112814054	0.0013473111	0.69961077	1.0	0.6137630185705326	degenerated	True	pain_ligand:VEGFA
Tem/Temra cytotoxic T cells	Tem/Temra cytotoxic T cells	TNF	FAS	0.6245233	0.0	0.37621132	1.7413077242483297	1.6919702384477338	0.017760862	0.69607514	0.005963467576966869	0.6138218771649292	degenerated	True	pain_ligand:TNF
Mast cells	AF_mechanical_stress	VEGFA	ITGB1	1.025566	0.81	0.86443543	-0.08379213089685861	0.10534507796990877	0.003948929	0.77637064	1.0	0.6138925462495184	degenerated	True	pain_ligand:VEGFA
Endothelial cells	NP_mature_chondrocyte	GRN	TNFRSF1A	0.62436014	1.0	0.3764527	-0.09703607609330152	-0.2746414228784797	0.0043016262	0.69614303	1.0	0.6142934404798456	degenerated	True	pain_receptor:TNFRSF1A
Tem/Effector helper T cells	Macrophages	VEGFB	ADRB2	0.27904725	0.91	0.071849324	-0.1486661106685632	-0.19740893355647204	0.002783949	0.50022185	1.0	0.6143410086663641	degenerated	True	pain_ligand:VEGFB
Endothelial cells	Small pre-B cells	CXCL8	CD79A	1.1776286	0.0	0.49325362	7.536416352900833	0.9648820973032911	0.0036614782	0.72394466	0.01807021921300622	0.6147061399175211	degenerated	True	pain_ligand:CXCL8
CD16+ NK cells	Plasma cells	CXCL8	CD79A	0.81267834	0.0	0.4933433	4.355569321203877	1.0111544533080288	0.0036621438	0.72396284	0.06267978787334907	0.6150011449457085	degenerated	True	pain_ligand:CXCL8
CD16+ NK cells	AF_mechanical_stress	CXCL8	SDC2	0.81273377	0.08	0.49338806	0.10907926422306972	-0.2656821882217949	0.0030859928	0.7239719	1.0	0.6151781559505788	degenerated	True	pain_ligand:CXCL8
NP_stressed_degenerative	NK cells	TNFSF13B	CD40	0.2716589	0.0	0.071903706	0.48029533157087023	0.8318772347184644	0.0059675523	0.5003164	0.1922334841219464	0.6153604681832969	degenerated	True	pain_ligand:TNF
Fibroblasts	Fibroblasts	NGF	SORCS2	0.28381765	0.1	0.07191713	0.44207562738643136	0.30689318383208497	0.13590974	0.50033975	0.04446237211547971	0.6157972822639072	degenerated	True	pain_ligand:NGF
NP_mature_chondrocyte	DC	VEGFA	ITGB1	1.0246733	0.77	0.97574764	-0.07534706142569914	-0.3384734320026055	0.0044574267	0.7867094	1.0	0.615853847384364	degenerated	True	pain_ligand:VEGFA
Macrophages	AF_outer	TNF	TRADD	0.77621925	0.0	0.28989053	2.416134032751444	1.4854825870512296	0.02066076	0.6678226	0.005963467576966869	0.6159457205930237	degenerated	True	pain_ligand:TNF
NP_mature_chondrocyte	NP_stressed_degenerative	IL11	IL6R	0.73737776	0.0	0.4939617	0.8460345628540293	1.6319498559289005	0.032827266	0.72408795	0.005963467576966869	0.6160047186469945	degenerated	True	pain_receptor:IL6R
AF_mechanical_stress	AF_outer	FGF2	CD44	1.024498	0.0	0.9729383	0.1363742014774292	0.15908340165641466	0.009349685	0.7864675	0.3196319382561937	0.6161342358874181	degenerated	True	pain_ligand:FGF2
DC	Naive B cells	VEGFA	ITGB1	0.6237932	0.99	0.30120257	-0.4607040205292081	-0.8442850452902216	0.0013759586	0.67205477	1.0	0.6163001389650704	degenerated	True	pain_ligand:VEGFA
Macrophages	Fibroblasts	CXCL1	ADRA2A	1.0242895	0.0	0.92531043	3.44591601096072	1.6327103693549379	0.14413396	0.7822227	0.00019563613558321984	0.6163445275909194	degenerated	True	pain_ligand:CXCL1
Fibroblasts	DC	ANGPT2	ITGA5_ITGB1	0.73238397	0.0	0.4946953	2.7484357313479744	0.7519807077337779	0.028370624	0.72423625	0.005963467576966869	0.6171275192047491	degenerated	True	pain_ligand:ANGPT2
Classical monocytes	Tem/Trm cytotoxic T cells	VEGFA	ITGB1	0.70454174	1.0	0.49470463	-0.3863900444359203	-0.05605107709618107	0.0022599183	0.72423804	1.0	0.617186779646151	degenerated	True	pain_ligand:VEGFA
Classical monocytes	CD16+ NK cells	VEGFA	ITGB1	0.70464206	1.0	0.49485424	-0.38629485054139284	-0.01293348724376786	0.0022606016	0.72426826	1.0	0.617600773807493	degenerated	True	pain_ligand:VEGFA
AF_mechanical_stress	NK cells	FGF2	SDC2	0.70486736	0.89	0.49500963	-0.11991858565598491	-0.22905007588605442	0.012880117	0.7242996	1.0	0.6178373982732233	degenerated	True	pain_ligand:FGF2
Classical monocytes	AF_outer	VEGFA	CD44	1.0234156	0.43	0.97012097	0.059141125340759625	0.43371774449429146	0.0033596773	0.7862238	0.9449518383439421	0.6183084440491701	degenerated	True	pain_ligand:VEGFA
Fibroblasts	Macrophages	VEGFA	NRP2	0.73404014	0.48	0.495305	0.027256240378532304	-0.289683779203467	0.0066305976	0.72435915	1.0	0.6185478215135831	degenerated	True	pain_ligand:VEGFA; pain_receptor:NRP2
Small pre-B cells	NP_notochordal	IL11	IL6R	0.6229868	0.01	0.37243536	0.6746372161714583	1.110938883092956	0.024750978	0.69500715	0.06159153833048875	0.6186663407225788	degenerated	True	pain_receptor:IL6R
NK cells	Tem/Effector helper T cells	ANGPT1	ITGB1	0.6229575	0.9	0.32459298	0.082443236637299	0.301947280969057	0.011228986	0.6802428	1.0	0.618784875070157	degenerated	True	pain_ligand:ANGPT1
NP_mature_chondrocyte	AF_outer	FGF2	FGFR1	1.0231628	0.0	1.0276614	0.2972411474175604	0.3980389948060087	0.03267756	0.7910262	0.07193706962071164	0.6188698989104725	degenerated	True	pain_ligand:FGF2
DC	Plasma cells	VEGFA	ITGB1	0.6228968	1.0	0.29955265	-0.4615545882848665	-0.904623934103616	0.0013684216	0.6714492	1.0	0.619080996182074	degenerated	True	pain_ligand:VEGFA
AF_outer	AF_inner	VEGFA	NRP2	0.6228889	1.0	0.3866251	-0.11611439233209178	-0.37872686026271885	0.0051757107	0.6989556	1.0	0.6191403816123031	degenerated	True	pain_ligand:VEGFA; pain_receptor:NRP2
Fibroblasts	Fibroblasts	TNFSF13B	HLA-DPB1	0.28439534	0.12	0.07213768	0.32522011268432827	0.16775247842384494	0.0017089158	0.5007225	1.0	0.6197262087886626	degenerated	True	pain_ligand:TNF
Fibroblasts	DC	ANGPT1	ITGB1	0.7057563	0.56	0.4959292	0.3843033942138589	-0.04227760672921854	0.0171562	0.7244849	1.0	0.6198518031382764	degenerated	True	pain_ligand:ANGPT1
Naive B cells	NP_stressed_degenerative	ADAM17	IL6R	0.7384197	0.0	0.49596325	0.8049019149596301	1.6719618005167267	0.02410795	0.7244917	0.005963467576966869	0.62002974363079	degenerated	True	pain_receptor:IL6R
AF_outer	AF_inner	CXCL8	SDC2	0.77801526	0.0	0.28857332	0.08827389237320107	-0.961179638144331	0.0018049388	0.66731733	1.0	0.6200890021839895	degenerated	True	pain_ligand:CXCL8
Small pre-B cells	NP_mature_chondrocyte	ADAM10	IL6R	0.79183936	0.0	0.28845587	0.8950921587613319	0.7004260014957086	0.005380954	0.6672721	0.10461676467231144	0.6205042930130055	degenerated	True	pain_receptor:IL6R
Macrophages	AF_mechanical_stress	VEGFA	NRP2	1.022449	0.0	1.0410545	0.30989141640550766	0.34913214075151644	0.013936491	0.7920944	0.09603937131100038	0.6205553949903035	degenerated	True	pain_ligand:VEGFA; pain_receptor:NRP2
Fibroblasts	Macrophages	CCL2	CCR1	1.022425	0.0	0.7921967	2.47841609270316	1.6617092288276092	0.078431055	0.7687038	0.0001567472837224981	0.6206958850061313	degenerated	True	pain_ligand:CCL2
AF_outer	DC	VEGFA	ITGB1	0.7060521	1.0	0.49637422	-0.3860866530325283	-0.903079432031063	0.002267545	0.7245744	1.0	0.6209792721817633	degenerated	True	pain_ligand:VEGFA
Tem/Trm cytotoxic T cells	AF_outer	TNF	VSIR	0.2709954	0.0	0.072243564	0.43430820421188254	0.07017085352785785	0.0014421575	0.5009059	1.0	0.6210349485856854	degenerated	True	pain_ligand:TNF
DC	Plasma cells	TNF	VSIR	1.0222527	0.0	0.8215018	2.8086617634440016	1.4504714247585455	0.016399177	0.7719172	0.005963467576966869	0.6211878502060678	degenerated	True	pain_ligand:TNF
AF_mechanical_stress	NP_stressed_degenerative	ADAM17	IL6R	0.63029516	0.0	0.28826532	0.602876140124209	1.2139174004616247	0.0140121	0.6671988	0.008295750883539984	0.6213949603637341	degenerated	True	pain_receptor:IL6R
AF_inner	Macrophages	NGF	SORT1	0.30579302	0.01	0.07225736	0.2008341666010881	0.28182240355153365	0.011985215	0.5009297	0.16849039060752813	0.6214710694091174	degenerated	True	pain_ligand:NGF
Mast cells	Macrophages	CXCL8	SDC2	0.62236136	0.74	0.35223362	-0.0901607085884786	0.023217898038924822	0.0022031146	0.68906444	1.0	0.6216921013897766	degenerated	True	pain_ligand:CXCL8
NP_notochordal	Classical monocytes	VEGFA	CD44	0.6223568	0.95	0.38374177	-0.3351284564881367	-0.16210619932340586	0.0013289565	0.69816744	1.0	0.6217514658125001	degenerated	True	pain_ligand:VEGFA
AF_mechanical_stress	Endothelial cells	FGF2	FGFR1	0.6223147	1.0	0.37157255	-0.14723739759867677	-0.2894995859408972	0.011815258	0.6947612	1.0	0.6218110218942359	degenerated	True	pain_ligand:FGF2
Macrophages	NP_mature_chondrocyte	VEGFA	CD44	1.0219386	0.22	1.0399433	0.05595053295028171	-0.026493134930993367	0.003601483	0.79200643	0.8234121411578288	0.6218908671126574	degenerated	True	pain_ligand:VEGFA
Mast cells	Classical monocytes	VEGFA	SIRPA	0.62227106	0.43	0.38634834	0.1731984957917238	0.8165919832525415	0.0074918973	0.69888026	0.8193580637565766	0.6219893371260807	degenerated	True	pain_ligand:VEGFA
AF_mechanical_stress	AF_outer	GRN	TNFRSF1A	0.70975405	0.52	0.49701855	0.0027185187901597394	-0.22360227876369498	0.0056793	0.7247038	1.0	0.622048720468718	degenerated	True	pain_receptor:TNFRSF1A
Fibroblasts	DC	CXCL2	DPP4	0.27355587	0.17	0.072287396	0.17425517463482876	0.18071690866503198	0.0071789064	0.5009817	0.4295575971167276	0.6220525000673582	degenerated	True	pain_ligand:CXCL2
NP_mature_chondrocyte	AF_inner	FGF2	FGFR2	0.7048403	0.0	0.28805235	0.42684953477676124	0.49729130146840106	0.08207252	0.6671167	0.03224713747707435	0.6223460698533034	degenerated	True	pain_ligand:FGF2
AF_mechanical_stress	Endothelial cells	NGF	BEX3	0.31405774	1.0	0.072299175	-0.37266279263455276	-0.5873535875749427	0.00485739	0.5010021	1.0	0.6226337785416266	degenerated	True	pain_ligand:NGF
NP_notochordal	AF_outer	VEGFA	NRP2	0.6220257	1.0	0.38336942	-0.10757959919886217	-0.06817448277659321	0.005132127	0.6980652	1.0	0.6230599444530932	degenerated	True	pain_ligand:VEGFA; pain_receptor:NRP2
AF_mechanical_stress	Plasma cells	PTGS2	CAV1	0.7756019	1.0	0.49748588	-0.23993596492560895	-0.6020439440664487	0.0029785982	0.72479755	1.0	0.6230599444530932	degenerated	True	pain_ligand:PTGS2
Naive B cells	NK cells	VEGFA	ITGB1	1.2691332	0.18	0.71434194	0.1437566399653281	-0.024866651935694595	0.0032632689	0.75937986	0.9976432590757978	0.6232272954537309	degenerated	True	pain_ligand:VEGFA
Fibroblasts	Naive B cells	TNFSF13B	HLA-DPB1	1.3985542	0.0	0.49750394	2.3136051330411305	1.7547611836358152	0.011785689	0.7248011	0.010022890055697009	0.6232384983606575	degenerated	True	pain_ligand:TNF
Classical monocytes	Macrophages	SEMA3A	NRP2	0.62390554	0.2	0.28767246	0.18074402280436047	0.38711279970054147	0.023718411	0.66697013	0.47735518276422845	0.6235362267497069	degenerated	True	pain_ligand:SEMA3A; pain_receptor:NRP2
AF_mechanical_stress	NP_mature_chondrocyte	FGF2	SDC2	1.0205275	0.0	0.9670014	0.20632264203245027	0.10144326517150715	0.02516131	0.78595304	0.4383595180158965	0.6241421443344947	degenerated	True	pain_ligand:FGF2
AF_inner	Macrophages	VEGFA	SIRPA	1.0203464	0.0	0.9577065	0.5874186273661326	0.6638957976130613	0.018571423	0.7851395	0.008289888680158806	0.6245645670646957	degenerated	True	pain_ligand:VEGFA
Endothelial cells	NP_mature_chondrocyte	TNFSF10	TNFRSF11B	1.0202737	0.0	0.91695106	0.6518170841625731	0.7937332970575923	0.04855792	0.7814487	0.005963467576966869	0.6247758140661515	degenerated	True	pain_ligand:TNF
NP_mature_chondrocyte	NP_stressed_degenerative	VEGFA	CD44	1.0199988	0.0	0.96362084	0.05298356899376888	0.3762806199788944	0.0033371663	0.7856583	0.9558344831612834	0.6251984906402654	degenerated	True	pain_ligand:VEGFA
NK cells	Fibroblasts	VEGFA	CD44	1.0195615	0.37	0.7998775	0.05643219086843965	-0.11316108460326202	0.0027700982	0.7695605	1.0	0.6265371658299921	degenerated	True	pain_ligand:VEGFA
AF_outer	AF_inner	ADAM17	IL6R	0.27216366	0.0	0.07261878	0.06241678166181942	-0.05979276027869007	0.0035298786	0.50155336	0.9021503860294824	0.6267004198568571	degenerated	True	pain_receptor:IL6R
NK cells	NK cells	VEGFA	ITGAV	0.6210443	0.57	0.37741476	-0.006817398807171499	-0.05227992204872833	0.0056666518	0.69641286	1.0	0.6267570574414574	degenerated	True	pain_ligand:VEGFA
AF_outer	Fibroblasts	APP	NGFR	0.74619156	0.0	0.49925783	1.8728021617097275	0.841974864386594	0.03609023	0.725152	0.005963467576966869	0.6268764340531914	degenerated	True	pain_receptor:NGFR
Fibroblasts	Macrophages	VEGFA	ITGB1	0.73785686	0.98	0.49931595	-0.35768053336619043	-0.8031054077853842	0.0022809834	0.7251636	1.0	0.6271156106434581	degenerated	True	pain_ligand:VEGFA
Macrophages	Macrophages	VEGFA	ITGB1	1.0193245	0.82	1.0342532	-0.08317573622736164	-0.12992209715439818	0.004724693	0.79155415	1.0	0.6272421897845459	degenerated	True	pain_ligand:VEGFA
NP_stressed_degenerative	Fibroblasts	CXCL1	ADRA2A	1.0193115	0.0	0.91861653	3.4386080993891794	2.402067021672192	0.14309125	0.7816037	3.498548428993033e-06	0.6273127400890475	degenerated	True	pain_ligand:CXCL1
DC	Endothelial cells	TNF	NOTCH1	1.0193099	0.0	0.81270266	3.5513504884715648	1.9352993403269088	0.062200196	0.77096784	0.00010732215624039253	0.6273831815662853	degenerated	True	pain_ligand:TNF
AF_mechanical_stress	Classical monocytes	VEGFA	CD44	1.0191743	0.38	0.92519224	0.051872642870763375	0.1936859280683103	0.0032040821	0.7822118	1.0	0.627524295330251	degenerated	True	pain_ligand:VEGFA
DC	AF_outer	VEGFA	SIRPA	0.62082875	0.33	0.29574624	0.06407149713424097	-0.13901487870099138	0.0057349806	0.6700371	1.0	0.6277134401274738	degenerated	True	pain_ligand:VEGFA
NK cells	Macrophages	VEGFA	NRP2	0.7363368	0.47	0.49963486	0.029496112997185936	-0.08662954363471631	0.0066885613	0.72522724	0.9957281420588624	0.627773187240241	degenerated	True	pain_ligand:VEGFA; pain_receptor:NRP2
NP_stressed_degenerative	DC	VEGFA	SIRPA	0.7095042	0.04	0.49988714	0.2963883171447178	0.6685264410351377	0.009693591	0.7252775	0.19940486760830795	0.6281321278368829	degenerated	True	pain_ligand:VEGFA
AF_mechanical_stress	AF_outer	VEGFA	NRP2	1.0188433	0.0	0.9242945	0.27942150016003797	0.28761764461512296	0.012373435	0.7821291	0.1443036709701961	0.6282295759989821	degenerated	True	pain_ligand:VEGFA; pain_receptor:NRP2
Tem/Effector helper T cells	AF_outer	TNFSF10	TNFRSF10B	0.2705682	0.31	0.07275742	0.07554596332716919	0.05469571818741281	0.004964953	0.50179183	0.6417227897853943	0.6282967101259975	degenerated	True	pain_ligand:TNF
NK cells	Fibroblasts	ANGPT1	ITGB1	1.1440072	0.04	0.7112108	0.5768555315763606	0.6238679986000965	0.024603663	0.7589783	0.16554148832338983	0.6283707528717046	degenerated	True	pain_ligand:ANGPT1
AF_outer	NP_mature_chondrocyte	VEGFA	ITGAV	0.6206037	1.0	0.38360927	-0.030230011702079528	-0.2894960643090492	0.0057596583	0.6981311	1.0	0.6283716236961155	degenerated	True	pain_ligand:VEGFA
AF_outer	AF_outer	VEGFA	ITGAV	0.62058866	1.0	0.38358942	-0.030250745337911854	-0.14089182106147258	0.0057593603	0.69812566	1.0	0.6284314125658083	degenerated	True	pain_ligand:VEGFA
Endothelial cells	Fibroblasts	VEGFA	CD44	0.8493771	0.68	0.2862334	-0.10954234560688353	-0.5200797962079012	0.0009912701	0.6664129	1.0	0.6284912052279442	degenerated	True	pain_ligand:VEGFA
AF_mechanical_stress	Naive B cells	FGF2	CD44	1.0184765	0.14	0.96393454	0.13043988364117454	0.25012701800345605	0.009263162	0.7856858	0.38120921633996746	0.6288646200921768	degenerated	True	pain_ligand:FGF2
DC	Macrophages	SEMA3C	NRP2_PLXNA3	0.2716471	0.52	0.07285121	0.07173435851283073	-0.05129584477022883	0.014210071	0.50195277	0.9526661544703546	0.6293121896962086	degenerated	True	pain_receptor:NRP2
Classical monocytes	AF_inner	VEGFA	ITGAV	0.62020224	0.6	0.36896092	-0.045820453089809	0.21669640483789143	0.0055397223	0.6940128	1.0	0.6293296477289572	degenerated	True	pain_ligand:VEGFA
DC	Small pre-B cells	PDGFC	FLT1	0.62004286	0.02	0.3291418	0.6259116987910852	0.6935646132265711	0.023422336	0.68175447	0.1093743738521343	0.6299290727693765	degenerated	True	pain_receptor:FLT1
Mast cells	DC	VEGFA	NRP2	0.6194651	0.8	0.3830221	-0.11354487252224074	0.22544236314149635	0.005127478	0.6979696	1.0	0.6311888383779561	degenerated	True	pain_ligand:VEGFA; pain_receptor:NRP2
Tem/Trm cytotoxic T cells	NK cells	TNF	NOTCH1	0.27225626	0.0	0.07301409	0.8412763577441871	0.7954902528285568	0.005588133	0.502232	0.10350413227990742	0.6313422791689239	degenerated	True	pain_ligand:TNF
Fibroblasts	Endothelial cells	GRN	TNFRSF1A	0.6193323	0.6	0.37377927	-0.08412993090854531	-0.13253569907947604	0.0042710775	0.69538873	1.0	0.6313689418833626	degenerated	True	pain_receptor:TNFRSF1A
Fibroblasts	Memory B cells	FGF2	CD44	0.8929416	0.47	0.5009976	-0.016806236717769096	0.0420824875216404	0.004814457	0.7254985	0.875492967772131	0.6314889033688962	degenerated	True	pain_ligand:FGF2
Classical monocytes	Naive B cells	VEGFA	CD44	1.0173941	0.46	0.96114326	0.05320680750450497	0.5247613608413328	0.0033285862	0.7854415	0.9594483664803125	0.6318310791992648	degenerated	True	pain_ligand:VEGFA
Fibroblasts	DC	FGF2	SDC2	0.61906624	0.79	0.31007147	-0.22253692829609678	-0.5770815317240239	0.008068038	0.67524475	1.0	0.6323900489210137	degenerated	True	pain_ligand:FGF2
Fibroblasts	Fibroblasts	VEGFA	CD44	1.0172648	0.35	0.79294574	0.054192318249786015	-0.3162153201720127	0.0027460924	0.76878786	1.0	0.6323965840042509	degenerated	True	pain_ligand:VEGFA
Naive B cells	Tem/Trm cytotoxic T cells	VEGFA	CD44	0.93923676	0.56	0.5016433	-0.021667668459427997	0.023396802507065217	0.0017372675	0.72562677	1.0	0.6325103297384488	degenerated	True	pain_ligand:VEGFA
AF_mechanical_stress	AF_outer	TNFSF10	TNFRSF11B	0.6188622	0.0	0.28621742	0.12135184995748671	0.17536362283282136	0.015156886	0.6664067	0.3262572796572003	0.6327507470489915	degenerated	True	pain_ligand:TNF
AF_inner	Classical monocytes	VEGFA	NRP2	1.0170567	0.03	0.9490931	0.28193290727406367	0.7342679650512506	0.012705414	0.78437644	0.1760704091790426	0.6328916077261528	degenerated	True	pain_ligand:VEGFA; pain_receptor:NRP2
Endothelial cells	NP_stressed_degenerative	ADAM10	IL6R	0.74149096	0.0	0.5018628	0.7394300067505725	1.4229332292010057	0.00936192	0.7256703	0.047786030114238966	0.6329914153990579	degenerated	True	pain_receptor:IL6R
Plasma cells	AF_mechanical_stress	VEGFA	NRP2	0.62719065	0.85	0.2849149	-0.07558916247442524	-0.3916009720050757	0.003814127	0.6658996	1.0	0.633051496951597	degenerated	True	pain_ligand:VEGFA; pain_receptor:NRP2
Mast cells	NP_notochordal	TNF	VSIR	0.6187761	0.0	0.33792597	1.0236449150828966	1.574379071003778	0.0067458255	0.6846048	0.10350413227990742	0.6332920513657545	degenerated	True	pain_ligand:TNF
Fibroblasts	NK cells	VEGFA	ITGAV	0.6187476	0.54	0.37414408	-0.00905727142582513	-0.255334157617479	0.005617544	0.695492	1.0	0.6333523421378264	degenerated	True	pain_ligand:VEGFA
Fibroblasts	NP_mature_chondrocyte	VEGFA	CD44	0.7404709	0.87	0.50206304	-0.21855426418854706	-0.6996764455619794	0.001738721	0.72571003	1.0	0.6335328569452046	degenerated	True	pain_ligand:VEGFA
Fibroblasts	AF_mechanical_stress	NGF	SORT1	0.285469	0.15	0.0731614	0.20604550153532541	0.0476841261119097	0.012135167	0.5024839	0.5712950767238139	0.6336609373814647	degenerated	True	pain_ligand:NGF
NP_notochordal	AF_outer	GRN	TNFRSF1A	1.0165147	0.0	0.88212806	0.3240066717516832	0.5361482096196076	0.010079846	0.7781246	0.05623028663678924	0.6340942129241046	degenerated	True	pain_receptor:TNFRSF1A
Plasma cells	NP_mature_chondrocyte	VEGFA	CD44	0.6266802	1.0	0.28461084	-0.3295300459296512	-0.7672262476875855	0.0009856508	0.6657808	1.0	0.6341347572324282	degenerated	True	pain_ligand:VEGFA
Fibroblasts	NP_mature_chondrocyte	ADAM17	IL6R	0.2792748	0.29	0.07319343	0.09555947963605783	-0.19329527105595434	0.003557811	0.5025386	1.0	0.6342403797184363	degenerated	True	pain_receptor:IL6R
Macrophages	NK cells	TNFSF12	TNFRSF12A	0.27106673	1.0	0.07322205	-0.39034440394481035	-0.5957928537860737	0.0018552945	0.50258756	1.0	0.6345300367963054	degenerated	True	pain_ligand:TNF
NP_mature_chondrocyte	DC	FGF2	FGFR1	0.79715765	0.36	0.5025478	0.04531971523601941	-0.09363235314656165	0.015980007	0.72580606	1.0	0.6348576168534905	degenerated	True	pain_ligand:FGF2
AF_inner	Small pre-B cells	TNFSF12	TNFRSF12A	0.3154894	0.95	0.07324283	-0.3959890272678681	-0.4928773423145187	0.0018558211	0.50262296	1.0	0.6349645066924985	degenerated	True	pain_ligand:TNF
Fibroblasts	AF_mechanical_stress	VEGFA	NRP2	0.74098134	0.46	0.5025995	0.035386619266678854	-0.3240511698794696	0.0067282477	0.72581625	1.0	0.6349782103460925	degenerated	True	pain_ligand:VEGFA; pain_receptor:NRP2
NP_stressed_degenerative	AF_inner	VEGFA	NRP2	0.61810136	1.0	0.3810147	-0.12078325249168564	0.210858700292478	0.005100605	0.69741553	1.0	0.6350384175511818	degenerated	True	pain_ligand:VEGFA; pain_receptor:NRP2
AF_inner	Tem/Temra cytotoxic T cells	FGF2	CD44	1.0159516	0.11	1.0280201	0.1399889270073506	0.49760268270030805	0.009879008	0.791055	0.33308060275297247	0.635793343424872	degenerated	True	pain_ligand:FGF2
NP_mature_chondrocyte	AF_outer	SEMA3A	NRP2	0.7098521	0.0	0.5030907	0.36812354470692105	0.5164498191637105	0.041479506	0.7259135	0.03802972388728245	0.6358224110379016	degenerated	True	pain_ligand:SEMA3A; pain_receptor:NRP2
Fibroblasts	Tem/Trm cytotoxic T cells	TNFSF9	TNFRSF9	0.31138164	0.01	0.07333209	1.0247971544698617	0.7907183872885567	0.017440623	0.50277525	0.06090421000141526	0.636267597175262	degenerated	True	pain_ligand:TNF
DC	Memory B cells	TNFSF13B	HLA-DPB1	1.0248411	0.0	0.70667773	1.7956215119872359	1.7188941340791026	0.01674094	0.75839293	0.005963467576966869	0.6363601280231671	degenerated	True	pain_ligand:TNF
NK cells	Macrophages	VEGFA	ITGB1	0.74015355	1.0	0.5036809	-0.3554406607475368	-0.6000511722166335	0.0023009235	0.7260301	1.0	0.6369088291242898	degenerated	True	pain_ligand:VEGFA
Endothelial cells	AF_mechanical_stress	CXCL8	SDC2	0.72695965	0.34	0.2838296	0.03413770967621718	-0.7267984119617187	0.001775268	0.66547483	1.0	0.6369088291242898	degenerated	True	pain_ligand:CXCL8
Macrophages	Macrophages	VEGFA	NRP2	1.0155079	0.02	1.0259452	0.3017610375173611	0.383499531427519	0.013734224	0.790888	0.14989686201302985	0.6369269669955839	degenerated	True	pain_ligand:VEGFA; pain_receptor:NRP2
Endothelial cells	Plasma cells	CXCL8	CD79A	0.7269042	0.0	0.28380382	4.280627766657024	0.5500382295681051	0.0021067085	0.66546476	0.06625612164182065	0.6372107040870687	degenerated	True	pain_ligand:CXCL8
Plasma cells	AF_outer	VEGFA	ITGB1	0.9948768	0.88	0.50395906	-0.11680260102855336	-0.1295030934054815	0.0023021945	0.726085	1.0	0.6375732327671181	degenerated	True	pain_ligand:VEGFA
Naive B cells	Endothelial cells	TNF	TNFRSF1A	0.6172203	0.0	0.3707452	0.9639240332798437	0.9356648385925125	0.009180673	0.69452477	0.051279112268403385	0.6378755087167987	degenerated	True	pain_ligand:TNF; pain_receptor:TNFRSF1A
Mast cells	Memory B cells	VEGFA	CD44	1.0150229	0.39	0.8519371	0.05164286098993458	0.7146896701259016	0.0029503885	0.7751038	1.0	0.6382030462425528	degenerated	True	pain_ligand:VEGFA
DC	NP_mature_chondrocyte	VEGFA	GPC1	0.6171472	0.34	0.28896993	0.0635396095682578	-0.10722960719322594	0.01296168	0.66746974	1.0	0.6382382894809259	degenerated	True	pain_ligand:VEGFA
Macrophages	NP_stressed_degenerative	TNF	TNFRSF1A	1.0149133	0.0	0.92737025	2.4375535425045265	2.0047648105513387	0.022964243	0.782412	0.005963467576966869	0.6384867709157027	degenerated	True	pain_ligand:TNF; pain_receptor:TNFRSF1A
NP_mature_chondrocyte	AF_outer	TNFSF11	TNFRSF11B	0.6173488	0.0	0.28340265	0.2810210131091464	0.3789634443003566	0.07891003	0.6653073	0.0837921472130515	0.6388431659447673	degenerated	True	pain_ligand:TNF
AF_outer	AF_inner	PTGS2	CAV1	0.7663028	1.0	0.50451285	-0.22976442723177626	-0.8986355495367069	0.0030206707	0.72619426	1.0	0.6388431659447673	degenerated	True	pain_ligand:PTGS2
Endothelial cells	CD16+ NK cells	VEGFB	ADRB2	0.28744167	0.99	0.07353209	-0.08458434249975211	0.01944028279845922	0.0028491511	0.50311565	1.0	0.639306337172958	degenerated	True	pain_ligand:VEGFB
Tem/Effector helper T cells	NK cells	TNFSF10	RIPK1	0.2719158	0.21	0.07354383	0.16693410271433493	0.33949315305093447	0.007090076	0.5031356	0.493155767626948	0.639595580586771	degenerated	True	pain_ligand:TNF
Macrophages	Fibroblasts	VEGFA	GPC1	0.67427176	0.24	0.28315243	0.09984023846833195	0.17207023266733812	0.0127007365	0.66520894	0.5377712525974897	0.6397512927634303	degenerated	True	pain_ligand:VEGFA
NP_mature_chondrocyte	Macrophages	VEGFA	SIRPA	1.0143199	0.0	0.948889	0.581541938735082	0.6193990671328655	0.018400438	0.7843583	0.012072611062258017	0.6398348891073965	degenerated	True	pain_ligand:VEGFA
Fibroblasts	AF_outer	FGF2	FGFR1	0.6165801	0.72	0.30833837	-0.15137846362271923	-0.36830406709283	0.009804538	0.6746298	1.0	0.63993302133869	degenerated	True	pain_ligand:FGF2
Naive B cells	NP_stressed_degenerative	TNF	VSIR	0.7472363	0.0	0.50496006	1.323035925694043	1.8389211594969033	0.010080233	0.72628224	0.035461262240453	0.6399937328606302	degenerated	True	pain_ligand:TNF
AF_mechanical_stress	AF_outer	FGF2	FGFRL1	0.6165415	0.25	0.36294016	0.0021496278678071537	-0.15160838525987208	0.019743519	0.6922631	1.0	0.6401147843253934	degenerated	True	pain_ligand:FGF2
Fibroblasts	AF_outer	TNFSF12	TNFRSF12A	1.0140514	0.0	0.95070505	0.5562203505047566	0.5330959788621749	0.024088893	0.7845199	0.02441397912058887	0.64026079297155	degenerated	True	pain_ligand:TNF
Plasma cells	Macrophages	VEGFA	ITGB1	0.6240661	1.0	0.28305355	-0.46865631510729455	-0.8706552099109903	0.00129305	0.6651701	1.0	0.6402965817267984	degenerated	True	pain_ligand:VEGFA
Mast cells	Endothelial cells	TNF	SEMA4C	0.29386693	0.0	0.0736167	0.8211886928058314	1.0835080580213465	0.0067550694	0.5032594	0.10350413227990742	0.6404632262034617	degenerated	True	pain_ligand:TNF
Mast cells	AF_inner	TNFSF10	TNFRSF11B	0.8178251	0.0	0.50505775	0.3533709970121467	0.9001969022949716	0.026745757	0.7263015	0.0434200692033964	0.6404784135461625	degenerated	True	pain_ligand:TNF
CD16+ NK cells	Tcm/Naive helper T cells	TNF	FAS	0.2726797	0.0	0.07362516	0.6313387938768953	0.8994433868020257	0.0034758295	0.5032738	0.10350413227990742	0.6406078321757303	degenerated	True	pain_ligand:TNF
Mast cells	Plasma cells	VEGFA	CD44	0.7226224	0.98	0.5053102	-0.23648190886540277	0.039530645923262386	0.0017499666	0.7263512	1.0	0.6409029494615252	degenerated	True	pain_ligand:VEGFA
Fibroblasts	Macrophages	TNFSF13B	CD40	0.28842652	0.05	0.07367672	0.4741295058207817	0.3888603873226635	0.006114702	0.5033612	0.2207665811323996	0.6416197943228263	degenerated	True	pain_ligand:TNF
CD16+ NK cells	AF_mechanical_stress	TNF	TRADD	0.2728215	0.0	0.07371014	0.5671081639381966	0.7056255199479301	0.0052533885	0.50341797	0.11337034811553807	0.6421979366274744	degenerated	True	pain_ligand:TNF
Plasma cells	NP_mature_chondrocyte	VEGFA	SIRPA	0.27268118	1.0	0.07372063	-0.29954122924688614	-0.6894226138724364	0.0014295579	0.50343573	1.0	0.6423424146102278	degenerated	True	pain_ligand:VEGFA
NP_stressed_degenerative	NP_mature_chondrocyte	VEGFA	ITGAV	0.6158161	1.0	0.37804264	-0.03489887186167339	0.30008949624614767	0.005676078	0.6965886	1.0	0.6423594864910187	degenerated	True	pain_ligand:VEGFA
NP_stressed_degenerative	AF_outer	VEGFA	ITGAV	0.6158011	1.0	0.37802306	-0.03491960549750572	0.44869373949372426	0.005675785	0.69658315	1.0	0.6424810280971169	degenerated	True	pain_ligand:VEGFA
Macrophages	Macrophages	TNF	TNFRSF1A	0.85717714	0.0	0.5061045	2.2449925742730614	1.1543643369358125	0.0125325415	0.7265073	0.013707376678189522	0.6425417086324686	degenerated	True	pain_ligand:TNF; pain_receptor:TNFRSF1A
Tcm/Naive helper T cells	Fibroblasts	RTN4	NGFR	0.6156982	1.0	0.36711815	1.378843347613787	0.27893370415549323	0.01289097	0.6934809	0.8789681822220392	0.642845552807999	degenerated	True	pain_receptor:NGFR
NP_mature_chondrocyte	AF_mechanical_stress	GRN	TNFRSF1A	0.7121461	0.5	0.50629866	0.015079399878854496	-0.22693213124122236	0.005785342	0.7265454	1.0	0.6429062562930454	degenerated	True	pain_receptor:TNFRSF1A
Tcm/Naive helper T cells	Plasma cells	CXCL8	CD79A	0.81799996	0.0	0.50634354	4.360218854214749	0.8994860435165699	0.0037586465	0.72655416	0.06238165002625909	0.6430278668571666	degenerated	True	pain_ligand:CXCL8
Naive B cells	Macrophages	VEGFA	CD44	1.2507983	0.04	0.7025206	0.2853378560056282	0.1782162052230274	0.0024329363	0.757852	1.0	0.6431025660511694	degenerated	True	pain_ligand:VEGFA
Tcm/Naive helper T cells	AF_mechanical_stress	CXCL8	SDC2	0.8180554	0.04	0.5063895	0.11372879723394282	-0.3773505980132539	0.0031673128	0.7265632	1.0	0.6431493006019099	degenerated	True	pain_ligand:CXCL8
NK cells	NP_mature_chondrocyte	VEGFA	CD44	0.7427676	1.0	0.50645196	-0.21631439156989346	-0.4966222099932287	0.0017539207	0.72657543	1.0	0.643392598359244	degenerated	True	pain_ligand:VEGFA
AF_outer	Tem/Trm cytotoxic T cells	TNFSF9	HLA-DPA1	0.31657943	0.0	0.07383143	0.3998818978490608	0.6540687065284037	0.0015331145	0.5036235	0.3101581055828	0.6439317395348658	degenerated	True	pain_ligand:TNF
AF_mechanical_stress	AF_inner	FGF2	SDC4	0.7126782	0.0	0.50668883	0.061421655056867294	-0.002095121097746011	0.024943836	0.7266219	0.7017832258545154	0.6442440465797472	degenerated	True	pain_ligand:FGF2
NP_mature_chondrocyte	NP_notochordal	VEGFA	SIRPA	0.84387434	0.0	0.50672436	0.30419160481704133	0.5290251462056101	0.009826176	0.72662884	0.06741069198497959	0.6444266249336199	degenerated	True	pain_ligand:VEGFA
AF_outer	AF_inner	FGF2	SDC2	1.0118911	0.0	0.9157383	0.19513932484644392	0.23226186387404812	0.023827447	0.78133565	0.20697394547393366	0.6445249431280977	degenerated	True	pain_ligand:FGF2
Classical monocytes	Endothelial cells	GRN	TNFRSF1A	0.71194875	0.52	0.5068308	0.012872609162896939	0.37024549771544046	0.0057914224	0.72664976	0.9526661544703546	0.6446702446978642	degenerated	True	pain_receptor:TNFRSF1A
AF_inner	Tem/Trm cytotoxic T cells	NGF	KIDINS220	0.31103325	0.27	0.07393437	0.03980519954026321	0.2263145878452993	0.0054064067	0.5037976	0.609137198365686	0.6449427509570949	degenerated	True	pain_ligand:NGF
NK cells	AF_mechanical_stress	VEGFA	NRP2	0.743278	0.39	0.5069931	0.037626491885332486	-0.1209969343107189	0.0067870654	0.7266815	1.0	0.6450355969253597	degenerated	True	pain_ligand:VEGFA; pain_receptor:NRP2
Fibroblasts	Macrophages	NGF	BEX3	0.28649765	1.0	0.07393648	-0.2767932707357038	-0.7267542919208254	0.004967391	0.50380117	1.0	0.6450871167884292	degenerated	True	pain_ligand:NGF
Naive B cells	AF_outer	TNF	FAS	0.3297094	0.0	0.07394914	0.9045213699538515	0.7466886521696006	0.0034911246	0.50382257	0.10350413227990742	0.6452315337779544	degenerated	True	pain_ligand:TNF
AF_mechanical_stress	Endothelial cells	TNFSF10	RIPK1	0.27405882	0.0	0.07397121	0.16916743015634217	0.15882846197996525	0.0071312776	0.5038599	0.3200402033775017	0.6453759448630308	degenerated	True	pain_ligand:TNF
AF_outer	DC	VEGFA	SIRPA	0.71429175	0.05	0.5072479	0.3010571773043117	0.0789408804799408	0.009836328	0.72673136	0.49134312545045356	0.6458276026771759	degenerated	True	pain_ligand:VEGFA
AF_outer	NP_stressed_degenerative	FGF2	CD44	0.7129442	1.0	0.50739133	-0.17443905325005082	0.1465692521379428	0.004875899	0.7267595	1.0	0.6460713826404689	degenerated	True	pain_ligand:FGF2
NP_mature_chondrocyte	Classical monocytes	VEGFA	NRP2	1.0110302	0.04	0.9403549	0.276056218643013	0.6897712345710548	0.012588436	0.7835933	0.19940486760830795	0.6460908245611884	degenerated	True	pain_ligand:VEGFA; pain_receptor:NRP2
NP_stressed_degenerative	Memory B cells	TNFSF13B	HLA-DPB1	0.96311116	0.0	0.5077799	1.611224931084768	2.077369477504468	0.012029123	0.7268354	0.01672778252243693	0.64680328347371	degenerated	True	pain_ligand:TNF
Plasma cells	NP_mature_chondrocyte	CXCL8	SDC2	1.0106466	0.01	0.94144076	0.2877391468899783	-0.18123829139304382	0.005888426	0.78369105	1.0	0.6470167174764709	degenerated	True	pain_ligand:CXCL8
AF_inner	NK cells	VEGFA	ITGAV	1.0105915	0.0	0.93216544	0.37309258747550167	0.5366932969294193	0.013995893	0.7828507	0.03658122612557074	0.6470878800030608	degenerated	True	pain_ligand:VEGFA
Endothelial cells	NP_notochordal	VEGFA	SIRPA	0.2901691	1.0	0.07409886	-0.2358162293099044	-0.42237005389698096	0.0014368925	0.50407535	1.0	0.6471081892697979	degenerated	True	pain_ligand:VEGFA
Naive B cells	DC	GRN	TNFRSF1A	0.2817675	1.0	0.07410221	-0.4818391882131149	-0.6110096313781166	0.00084674644	0.504081	1.0	0.647252523617355	degenerated	True	pain_receptor:TNFRSF1A
Classical monocytes	AF_outer	VEGFA	NRP2	0.7135203	0.53	0.5080909	-0.018348403519513713	0.3109371502010928	0.006801761	0.7268963	0.9674296489038264	0.647291588645994	degenerated	True	pain_ligand:VEGFA; pain_receptor:NRP2
AF_mechanical_stress	Fibroblasts	VEGFA	SIRPA	0.7817585	0.06	0.28126952	0.18387616893690392	0.06192230048616426	0.0054542543	0.6644656	0.5342436670181661	0.6474137515783329	degenerated	True	pain_ligand:VEGFA
NP_notochordal	AF_mechanical_stress	VEGFA	ITGB1	1.0104389	1.0	0.82031286	-0.09854494857096889	-0.24827880738453856	0.0037473668	0.77178967	1.0	0.6474441814762846	degenerated	True	pain_ligand:VEGFA
Classical monocytes	Tcm/Naive helper T cells	VEGFA	ITGB1	0.6141205	1.0	0.35989347	-0.4721887648843001	-0.17889879621932026	0.0016440715	0.6913644	1.0	0.6474747423006701	degenerated	True	pain_ligand:VEGFA
Macrophages	NP_notochordal	ADAM10	IL6R	0.71383643	0.0	0.50838196	0.713738873888067	1.0056296492049237	0.009483531	0.7269531	0.045579620060794114	0.6479021708132752	degenerated	True	pain_receptor:IL6R
AF_mechanical_stress	CD16+ NK cells	VEGFA	ITGB1	1.0099651	0.95	0.9002149	-0.0885249468618412	-0.03625299282973771	0.0041123773	0.77987164	1.0	0.6481567512659807	degenerated	True	pain_ligand:VEGFA
DC	AF_inner	VEGFA	GPC1	0.61391306	0.33	0.28301722	0.058053496602092476	-0.09654484841182365	0.012694672	0.66515577	1.0	0.6482077024129299	degenerated	True	pain_ligand:VEGFA
Classical monocytes	Classical monocytes	VEGFA	CD44	0.7138513	0.8	0.50858444	-0.2458972608087883	0.21700543365428016	0.0017613057	0.7269926	1.0	0.6482687429879643	degenerated	True	pain_ligand:VEGFA
AF_mechanical_stress	Tem/Trm cytotoxic T cells	VEGFA	ITGB1	1.0098648	0.98	0.89994276	-0.08862014075636865	-0.07937058268215091	0.004111134	0.77984565	1.0	0.648370594641171	degenerated	True	pain_ligand:VEGFA
AF_mechanical_stress	NP_notochordal	GRN	TNFRSF1A	0.6138836	1.0	0.34519726	-0.11431764548590423	-0.1793839927259162	0.003944478	0.68689865	1.0	0.6483910288306717	degenerated	True	pain_receptor:TNFRSF1A
Plasma cells	Macrophages	VEGFA	NRP2	0.62024945	0.86	0.2807798	-0.08371954136257179	-0.3572335813290731	0.0037587709	0.66427124	1.0	0.6490635858643492	degenerated	True	pain_ligand:VEGFA; pain_receptor:NRP2
NP_mature_chondrocyte	Classical monocytes	PIGF	FLT1	0.2802156	0.26	0.07425543	0.14776912408370807	0.4097060584290109	0.011751496	0.5043392	0.565885135056991	0.649128105047945	degenerated	True	pain_receptor:FLT1
Fibroblasts	NK cells	SLIT3	ROBO1	0.74677193	0.0	0.28073484	2.5285342900040146	1.2618032017224867	0.07475137	0.6642534	0.0028224300639240387	0.649247073613243	degenerated	True	pain_receptor:ROBO1
AF_inner	Macrophages	FGF2	SDC4	0.7432269	0.17	0.5089549	0.08985716890403558	0.12703505398778026	0.025055392	0.72706485	0.4295575971167276	0.649247073613243	degenerated	True	pain_ligand:FGF2
Macrophages	Tem/Temra cytotoxic T cells	VEGFB	ADRB2	0.6135089	0.0	0.35419366	0.4153072600476665	0.7813822983373001	0.013723958	0.68965864	0.02517368328694985	0.6494305959397269	degenerated	True	pain_ligand:VEGFB
Endothelial cells	Endothelial cells	PIGF	FLT1	0.79442036	0.0	0.2806162	1.0854348351440686	1.1301101594021628	0.044409677	0.6642063	0.005963467576966869	0.6495530278445897	degenerated	True	pain_receptor:FLT1
Mast cells	NP_mature_chondrocyte	VEGFA	ITGB1	1.0089118	0.85	0.84469277	-0.09959525631656085	0.11540622908940934	0.00385874	0.77435863	1.0	0.649725508039056	degenerated	True	pain_ligand:VEGFA
Fibroblasts	NP_mature_chondrocyte	VEGFB	ADRB2	0.6132962	0.12	0.34465885	0.31754561061273995	0.21350843692774407	0.013354514	0.6867308	0.3486108365394669	0.649920222381243	degenerated	True	pain_ligand:VEGFB
AF_mechanical_stress	Memory B cells	TNFSF9	HLA-DPA1	1.0087745	0.0	0.80463994	1.9442721434376482	1.874580501697491	0.0167084	0.7700864	0.005963467576966869	0.6501535551825602	degenerated	True	pain_ligand:TNF
DC	Small pre-B cells	VEGFA	ITGB1	0.736923	0.93	0.50942886	-0.35335771448448244	-0.4386196412470166	0.0023271816	0.7271572	1.0	0.6502261944768541	degenerated	True	pain_ligand:VEGFA
NP_notochordal	CD16+ NK cells	VEGFA	ITGB1	0.61314756	1.0	0.37338194	-0.47552604622074135	-0.3920451202214539	0.0017056898	0.695276	1.0	0.6503487263500147	degenerated	True	pain_ligand:VEGFA
Fibroblasts	Fibroblasts	NGF	KIDINS220	0.28702784	0.48	0.07433596	0.08714650097954829	-0.163018227479781	0.0054357722	0.5044747	1.0	0.6504259872603091	degenerated	True	pain_ligand:NGF
AF_mechanical_stress	Endothelial cells	SEMA3B	NRP2_PLXNA2	0.28108647	0.0	0.07433694	0.7556919105181241	0.6085809441705357	0.10848031	0.5044763	0.013280885000213417	0.6505701858912656	degenerated	True	pain_receptor:NRP2
NP_notochordal	Tem/Trm cytotoxic T cells	VEGFA	ITGB1	0.61304724	1.0	0.37326908	-0.47562124011526874	-0.4351627100738671	0.0017051741	0.695244	1.0	0.6507162206712797	degenerated	True	pain_ligand:VEGFA
Fibroblasts	AF_inner	TNFSF12	TNFRSF12A	1.008323	0.0	0.94227874	0.5506892921916575	0.42177521258843675	0.023875387	0.7837665	0.05724704980490863	0.6508672088576539	degenerated	True	pain_ligand:TNF
NP_notochordal	Macrophages	ADAM10	IL6R	0.61293036	0.0	0.32549	0.5373162927697499	0.7157921251234503	0.0060718013	0.6805428	0.13575908026022518	0.6510226362443141	degenerated	True	pain_receptor:IL6R
Endothelial cells	Endothelial cells	PDGFA	PDGFRB	0.28295326	0.0	0.07436197	0.2533635207645027	0.3833646648846289	0.0064641605	0.5045184	0.1805248987033581	0.6515792402486724	degenerated	True	pain_ligand:PDGFA
AF_mechanical_stress	Classical monocytes	FGF2	CD44	0.71493375	0.84	0.51006144	-0.1686641846721187	-0.057628909183596644	0.004901558	0.72728026	1.0	0.651758270957904	degenerated	True	pain_ligand:FGF2
CD16+ NK cells	NK cells	NCAM1	ROBO1	0.2789541	0.0	0.07440168	0.7681196821686288	0.8853174816815607	0.08507264	0.5045851	0.005963467576966869	0.652299881523164	degenerated	True	pain_receptor:ROBO1
AF_inner	Mast cells	FGF2	CD44	1.0076542	0.17	1.0122283	0.13181285433344775	0.7548683076874879	0.009727251	0.7897728	0.4295575971167276	0.6523666323573645	degenerated	True	pain_ligand:FGF2
NK cells	NP_mature_chondrocyte	TNFSF12	TNFRSF12A	0.92464167	0.0	0.5102466	0.28004211334200296	0.40966022329726565	0.012928588	0.7273163	0.08454216548858154	0.6524329600740998	degenerated	True	pain_ligand:TNF
Classical monocytes	Endothelial cells	TNFSF13B	HLA-DPB1	0.77696615	0.0	0.5102553	1.7404351661467325	1.6377514831748496	0.012087763	0.7273179	0.016334407320054256	0.6525557690179314	degenerated	True	pain_ligand:TNF
DC	DC	GRN	TNFRSF1A	1.3254123	0.0	0.5104089	0.6112295647179669	0.4205818645236185	0.005832308	0.72734785	0.24628754123523813	0.652985430519769	degenerated	True	pain_receptor:TNFRSF1A
Endothelial cells	Mast cells	VEGFB	ADRB2	0.28986514	0.95	0.074463174	-0.08026442748496665	0.12696887258737155	0.002885228	0.5046884	1.0	0.6530203184253826	degenerated	True	pain_ligand:VEGFB
Tcm/Naive helper T cells	Macrophages	CXCL8	SDC2	0.6121254	0.84	0.33565733	-0.09910390826251204	-0.4140177416510533	0.0020994348	0.6838771	1.0	0.6531696566183063	degenerated	True	pain_ligand:CXCL8
NP_mature_chondrocyte	Plasma cells	FGF2	CD44	1.0071238	0.13	0.9903956	0.1436886044671732	0.13326652521783988	0.009517444	0.78795695	0.37082675209856836	0.6536527458423501	degenerated	True	pain_ligand:FGF2
Plasma cells	Tcm/Naive helper T cells	VEGFA	CD44	1.0060045	0.36	0.51058817	0.04424734727258173	-0.052169779868548316	0.0017682451	0.7273826	1.0	0.6537225428094671	degenerated	True	pain_ligand:VEGFA
DC	DC	TNF	TRADD	0.8409449	0.0	0.27938813	2.672300031962847	1.3244108606546596	0.019912243	0.66371703	0.005963467576966869	0.6538455135223576	degenerated	True	pain_ligand:TNF
Naive B cells	Memory B cells	TNFSF9	HLA-DPA1	1.0069685	0.0	0.7993292	1.9405100474392336	2.1299536658372054	0.016598124	0.76949966	0.005963467576966869	0.6539386983354568	degenerated	True	pain_ligand:TNF
Fibroblasts	Small pre-B cells	TNFSF13B	HLA-DPB1	0.8270284	0.0	0.27930543	1.2936308703814463	1.2210110708723412	0.006616645	0.663684	0.09717358245966166	0.6541529106004919	degenerated	True	pain_ligand:TNF
AF_mechanical_stress	NK cells	FGF2	CD44	1.0067409	0.06	0.9463869	0.11887604722550481	0.1213207898845492	0.009094533	0.7841349	0.394485109263995	0.6542246914726234	degenerated	True	pain_ligand:FGF2
Macrophages	DC	TNF	TNFRSF1A	0.7721895	0.0	0.27912828	2.1412415578198876	0.9731891916564794	0.006911985	0.66361314	0.10350413227990742	0.6547677993027701	degenerated	True	pain_ligand:TNF; pain_receptor:TNFRSF1A
Macrophages	Naive B cells	TNFSF13B	CD40	1.0355607	0.0	0.6948105	2.255402941995415	1.8314970498133838	0.05766488	0.756838	0.0001858341230980387	0.654796686581117	degenerated	True	pain_ligand:TNF
Naive B cells	Tem/Effector helper T cells	VEGFA	CD44	0.95395935	0.47	0.5111356	-0.007160527086219004	-0.06301515870878771	0.0017701406	0.7274888	1.0	0.654829251014956	degenerated	True	pain_ligand:VEGFA
Macrophages	Endothelial cells	TNFSF9	HLA-DPA1	0.2925804	0.0	0.07464769	0.34143426930816656	0.41405970487314747	0.001550064	0.50499773	0.5082628599659517	0.654892832851213	degenerated	True	pain_ligand:TNF
NP_mature_chondrocyte	NP_mature_chondrocyte	SEMA3E	NRP2	0.77583855	0.0	0.51115435	0.45258796544574875	0.5730414109044956	0.051167328	0.7274925	0.018266529640954175	0.654952360471785	degenerated	True	pain_receptor:NRP2
Fibroblasts	Fibroblasts	PDGFA	PDGFRB	0.78693604	0.0	0.51130074	1.2742991612150292	0.9937719002510641	0.04444651	0.7275209	0.005963467576966869	0.6551369563193785	degenerated	True	pain_ligand:PDGFA
NP_mature_chondrocyte	Endothelial cells	FGF2	ITGB3	0.7009737	0.0	0.2790685	1.1625812694178488	0.6324272644738287	0.10283672	0.6635893	0.010790735118946095	0.6551369563193785	degenerated	True	pain_ligand:FGF2
NP_stressed_degenerative	AF_outer	GRN	TNFRSF1A	0.61137927	1.0	0.37351808	-0.10031491328256861	0.0896817267044473	0.004268093	0.69531465	1.0	0.6551369563193785	degenerated	True	pain_receptor:TNFRSF1A
AF_inner	NP_notochordal	VEGFA	SIRPA	0.8499009	0.0	0.5114331	0.31006829344809195	0.5735218766858059	0.0099174855	0.7275466	0.06380254992119022	0.655506252063333	degenerated	True	pain_ligand:VEGFA
AF_mechanical_stress	AF_inner	VEGFA	CD44	1.0062336	0.01	0.8900943	0.03912137788594333	-0.1677750690908717	0.0030825327	0.7788996	1.0	0.6555834590142008	degenerated	True	pain_ligand:VEGFA
Endothelial cells	Memory B cells	CXCL8	CD79A	1.216796	0.0	0.5114546	7.819339960144132	1.1682275669629694	0.003796586	0.7275507	0.012956552859933497	0.6556294463547606	degenerated	True	pain_ligand:CXCL8
Naive B cells	Fibroblasts	TNF	VSIR	0.7536265	0.0	0.5115566	1.3317557576577672	1.0175103727121857	0.010211918	0.7275705	0.03364087412355962	0.6556909519662089	degenerated	True	pain_ligand:TNF
Fibroblasts	Mast cells	TNFSF13B	HLA-DPB1	0.2912445	0.07	0.07475257	0.3374434890633701	0.7215119403462481	0.0017708614	0.5051732	1.0	0.6560446804838542	degenerated	True	pain_ligand:TNF
Tem/Temra cytotoxic T cells	AF_inner	CXCL8	SDC2	1.0058916	0.01	0.89964974	0.2873711822111875	-0.04092685869555779	0.005627037	0.7798177	0.8415383119036522	0.656227553935985	degenerated	True	pain_ligand:CXCL8
AF_mechanical_stress	Classical monocytes	FGF2	SDC4	0.71615124	0.4	0.5118819	0.06551022807880827	0.30222700147727555	0.025199484	0.7276335	0.7785064256509252	0.6564300985263863	degenerated	True	pain_ligand:FGF2
AF_mechanical_stress	Macrophages	SEMA3C	NRP2_PLXNA3	0.27574348	0.49	0.07482545	0.07705537689345689	-0.04381612677780736	0.014595158	0.50529504	0.9055923023215635	0.6564765118688671	degenerated	True	pain_receptor:NRP2
Plasma cells	Endothelial cells	VEGFA	ITGB1	1.0084364	0.82	0.51203704	-0.10393601729362223	-0.36676926559560075	0.0023390963	0.72766346	1.0	0.6566767339898424	degenerated	True	pain_ligand:VEGFA
Classical monocytes	NK cells	VEGFA	CD44	1.0056584	0.43	0.94364643	0.041642971088835225	0.395955132722426	0.003267992	0.78388935	0.9948778645670037	0.6568001166955325	degenerated	True	pain_ligand:VEGFA
AF_inner	AF_inner	ADAM17	IL6R	0.27581364	0.0	0.074883945	0.06923640291647654	-0.05787466071499764	0.0036399846	0.5053927	0.8962409626154302	0.6574839311209815	degenerated	True	pain_receptor:IL6R
Macrophages	Plasma cells	ADAM10	IL6R	0.7168467	0.0	0.51247275	0.7181716307656155	0.9509894064666183	0.009559842	0.72774774	0.044093552427206535	0.6575398595710178	degenerated	True	pain_receptor:IL6R
AF_inner	AF_inner	TNFSF10	TNFRSF10D	0.28686774	0.0	0.07492465	0.05226892527494048	0.048884430387362454	0.0067409473	0.5054606	0.567380195847248	0.6577716877888944	degenerated	True	pain_ligand:TNF
NP_mature_chondrocyte	NP_notochordal	NGF	KIDINS220	0.61055213	0.0	0.36002547	0.5712705316276884	0.8944568033059712	0.026326649	0.69140357	0.0065898427227104985	0.6577867729134945	degenerated	True	pain_ligand:NGF
Tem/Trm cytotoxic T cells	AF_mechanical_stress	TNFSF9	HLA-DPA1	0.27819294	0.0	0.074942574	0.2940377736218695	0.514162653869487	0.0015561873	0.5054904	0.5815501722548431	0.6580594777410113	degenerated	True	pain_ligand:TNF
AF_outer	NP_mature_chondrocyte	CXCL8	SDC2	0.75432616	0.0	0.27837643	0.06379013583416823	-1.042726330418	0.00174116	0.663312	1.0	0.6581570636815561	degenerated	True	pain_ligand:CXCL8
AF_inner	Fibroblasts	GRN	TNFRSF1A	0.7375855	0.36	0.5127201	0.05673994429796561	-0.1846182074945426	0.0058587175	0.72779554	1.0	0.6585274933898098	degenerated	True	pain_receptor:TNFRSF1A
NP_stressed_degenerative	Macrophages	VEGFA	ITGAV	0.71937776	0.26	0.51272804	0.10252754235074142	0.6133025835890251	0.007698297	0.7277971	0.565885135056991	0.658589180112007	degenerated	True	pain_ligand:VEGFA
NP_mature_chondrocyte	NK cells	VEGFA	ITGAV	1.004565	0.0	0.9235831	0.36721589884445105	0.4921965664492235	0.013867035	0.7820635	0.03838922067284489	0.6585905739309592	degenerated	True	pain_ligand:VEGFA
NP_mature_chondrocyte	AF_outer	TNFSF10	RIPK1	0.3094554	0.0	0.07501508	0.222205124940001	0.2053008454180606	0.0072319135	0.50561136	0.2443912786690118	0.6593540703117754	degenerated	True	pain_ligand:TNF
Tem/Trm cytotoxic T cells	Fibroblasts	TNF	TNFRSF1A	0.61005086	0.04	0.27944952	0.7011618492105975	0.6646256293788042	0.0069199395	0.6637415	0.19940486760830795	0.6597013725690515	degenerated	True	pain_ligand:TNF; pain_receptor:TNFRSF1A
Classical monocytes	Endothelial cells	CXCL8	SDC2	1.555888	0.0	0.5967957	0.6771758289060862	0.3848924258605404	0.0037327758	0.7425738	0.5838078371394511	0.659785495125109	degenerated	True	pain_ligand:CXCL8
AF_mechanical_stress	Classical monocytes	VEGFA	SIRPA	1.0039616	0.01	0.88393205	0.5454467774765137	0.8187602252898103	0.01714082	0.7783008	0.11458311243323929	0.65988065295176	degenerated	True	pain_ligand:VEGFA
Tem/Trm cytotoxic T cells	Tcm/Naive helper T cells	TNF	FAS	0.27562115	0.0	0.07507047	0.6420256751856988	0.8022665672828238	0.0035440621	0.50570357	0.10350413227990742	0.6599293105547853	degenerated	True	pain_ligand:TNF
Tem/Effector helper T cells	Tcm/Naive helper T cells	TNFSF10	TNFRSF10B	0.2745601	0.35	0.07508689	0.08208847483250871	0.3370524425880547	0.005123915	0.5057309	0.7019857964235483	0.6600730632742304	degenerated	True	pain_ligand:TNF
Tem/Temra cytotoxic T cells	Macrophages	ADAM10	IL6R	0.72522485	0.0	0.5134642	0.7241881882803707	0.9534845619866579	0.009578335	0.7279392	0.04375583899520053	0.6601961471605982	degenerated	True	pain_receptor:IL6R
Macrophages	Fibroblasts	PDGFA	PDGFRB	0.6822168	0.0	0.27766797	1.0525161651429906	0.882132994308834	0.024137205	0.66302747	0.005963467576966869	0.6603197327812509	degenerated	True	pain_ligand:PDGFA
Tem/Trm cytotoxic T cells	AF_mechanical_stress	TNF	TRADD	0.27576295	0.0	0.07515712	0.577795045247	0.6084487004287281	0.0053565158	0.50584775	0.18162296463668265	0.660791965789253	degenerated	True	pain_ligand:TNF
Endothelial cells	NP_stressed_degenerative	GRN	TNFRSF1A	0.7172396	0.48	0.51391464	0.016349117638135277	0.5363943595397126	0.0058723674	0.72802603	0.8900463606900078	0.6615578079871565	degenerated	True	pain_receptor:TNFRSF1A
NP_notochordal	AF_inner	VEGFA	CD44	0.609416	1.0	0.3691842	-0.34787972147295676	-0.5235671964825879	0.0012785414	0.6940771	1.0	0.6616196838021262	degenerated	True	pain_ligand:VEGFA
AF_outer	Mast cells	VEGFB	ADRB2	0.60905033	0.01	0.32191685	0.29810591533844705	1.1327280586148816	0.012473327	0.6793418	0.11458311243323929	0.6626733391785493	degenerated	True	pain_ligand:VEGFB
CD16+ NK cells	NP_notochordal	ADAM10	IL6R	0.7179048	0.0	0.5144698	0.720509228363797	1.3263689917997987	0.009597095	0.72813284	0.043409924623736176	0.6628593828748892	degenerated	True	pain_receptor:IL6R
AF_outer	Macrophages	FGF2	SDC4	0.6089003	0.84	0.3652725	-0.05835638154020813	-0.06892264980054374	0.017982036	0.69294494	1.0	0.6629215358923582	degenerated	True	pain_ligand:FGF2
NP_notochordal	Fibroblasts	RTN4	NGFR	1.0020185	0.01	0.7583123	1.7544015451338342	0.7162651433145865	0.026627343	0.7647949	0.09525200729419812	0.6633967043261586	degenerated	True	pain_receptor:NGFR
DC	Plasma cells	PTGS2	CAV1	0.60867554	0.98	0.34625083	-0.3859118998739447	-0.8342264815528615	0.0020731082	0.6872263	1.0	0.6637901236853725	degenerated	True	pain_ligand:PTGS2
NP_mature_chondrocyte	Mast cells	NGF	KIDINS220	0.60860157	0.0	0.3580841	0.5686204608719188	1.0653271411209995	0.026184686	0.6908264	0.006711557377967057	0.6638523348689401	degenerated	True	pain_ligand:NGF
Endothelial cells	AF_mechanical_stress	VEGFA	ITGB1	0.8240398	1.0	0.27662173	-0.280332962363116	-0.8162134430774967	0.0012636682	0.6626056	1.0	0.6639763763360296	degenerated	True	pain_ligand:VEGFA
DC	NP_mature_chondrocyte	TNF	TNFRSF1A	1.0018642	0.0	0.7605396	2.614208303016841	1.113648876965901	0.018833056	0.7650585	0.005963467576966869	0.6641868042091624	degenerated	True	pain_ligand:TNF; pain_receptor:TNFRSF1A
Mast cells	DC	TNFSF10	RIPK1	0.29785752	0.09	0.07543194	0.20382293066035895	0.707735967002338	0.007272101	0.50630397	0.29853358658725165	0.6643840994900045	degenerated	True	pain_ligand:TNF
Tem/Temra cytotoxic T cells	NP_stressed_degenerative	TNF	TNFRSF1A	0.71827555	0.0	0.5153535	1.3598056854727678	1.6429907822322671	0.012761572	0.7283027	0.012690124192603763	0.6648460815331436	degenerated	True	pain_ligand:TNF; pain_receptor:TNFRSF1A
Macrophages	NK cells	VEGFA	GPC1	0.6711995	0.14	0.27646485	0.0946286492398063	0.17185591368092495	0.012400768	0.66254216	0.40553624739313804	0.6650946239335417	degenerated	True	pain_ligand:VEGFA
Fibroblasts	Tem/Trm cytotoxic T cells	TNFSF9	HLA-DPA1	0.31835276	0.01	0.0755304	0.4035760356534765	0.5921687138368277	0.0015683935	0.506467	0.7703282833540853	0.6651020619570518	degenerated	True	pain_ligand:TNF
Endothelial cells	Fibroblasts	APP	NGFR	1.0012639	0.0	0.75754815	2.1514618707180255	1.0751640836884295	0.054761454	0.7647041	0.005963467576966869	0.6651929481247834	degenerated	True	pain_receptor:NGFR
AF_mechanical_stress	DC	VEGFA	NRP2	1.0011556	0.0	0.8763219	0.2587034091625491	0.2276106051787652	0.011731232	0.7775539	0.21312913139591608	0.6653366743235885	degenerated	True	pain_ligand:VEGFA; pain_receptor:NRP2
NP_mature_chondrocyte	AF_outer	NGF	MAGED1	0.6080065	0.0	0.35749182	0.424921840108112	0.6226542751087283	0.04913293	0.6906496	0.02314817464141806	0.6653434248183722	degenerated	True	pain_ligand:NGF
DC	Tem/Temra cytotoxic T cells	TNF	FAS	1.0009913	0.0	0.75792986	3.10909553552384	1.9736641155995598	0.03578172	0.76474947	0.0019745216989967883	0.6655523391871085	degenerated	True	pain_ligand:TNF
Tem/Effector helper T cells	Fibroblasts	RTN4	NGFR	0.6077404	0.97	0.3590599	1.3711072119339678	0.1680478877554581	0.012608013	0.6911169	0.8844745222271948	0.666027455459967	degenerated	True	pain_receptor:NGFR
Macrophages	Memory B cells	TNFSF9	HLA-DPA1	0.82909495	0.0	0.2762821	1.569984319924046	1.4937876657398759	0.0057370155	0.66246825	0.05198908033200767	0.6660898063531668	degenerated	True	pain_ligand:TNF
Plasma cells	NK cells	VEGFA	GPC1	0.27594107	0.99	0.075662665	-0.29085192964012657	-0.5688771990756671	0.0033938314	0.5066857	1.0	0.6665376021746682	degenerated	True	pain_ligand:VEGFA
DC	Tem/Temra cytotoxic T cells	VEGFA	CD44	1.0002866	0.43	0.994175	0.035465344970890364	0.18120766231686158	0.00344298	0.78827494	0.9026441535896111	0.6666310009408039	degenerated	True	pain_ligand:VEGFA
Fibroblasts	NP_stressed_degenerative	GRN	TNFRSF1A	0.60742474	0.68	0.36138654	-0.09866633118568079	0.32495838545214084	0.004129469	0.6918059	1.0	0.6668989504073353	degenerated	True	pain_receptor:TNFRSF1A
NP_notochordal	Memory B cells	VEGFA	CD44	0.9998958	0.41	0.8084524	0.036890043315824295	0.36106578477145423	0.0027997943	0.7705046	1.0	0.6673504588465825	degenerated	True	pain_ligand:VEGFA
Classical monocytes	CD16+ NK cells	TNFSF13B	HLA-DPB1	0.7800406	0.0	0.51691216	1.7459219896427987	1.893787295133712	0.012245462	0.7286014	0.015288362382736509	0.6675217994653684	degenerated	True	pain_ligand:TNF
AF_inner	NP_mature_chondrocyte	TNFSF10	TNFRSF11B	0.7867242	0.0	0.275895	0.23456019548589252	0.25090932069117916	0.014610252	0.66231143	0.1833475779085686	0.6675842435853786	degenerated	True	pain_ligand:TNF
Tcm/Naive helper T cells	NP_stressed_degenerative	ADAM10	IL6R	0.62384987	0.0	0.27588442	0.5436606741474944	1.3462654871153437	0.005146442	0.66230714	0.12986350349800446	0.6677087494774179	degenerated	True	pain_receptor:IL6R
Classical monocytes	NP_mature_chondrocyte	GRN	TNFRSF1A	0.6071617	0.72	0.35895437	-0.11504898484567533	0.01670379982886505	0.004101677	0.6910856	1.0	0.6679582018293375	degenerated	True	pain_receptor:TNFRSF1A
NP_notochordal	Classical monocytes	VEGFA	SIRPA	0.607144	0.37	0.36662832	0.15844567811761354	0.4629680978980941	0.0071094944	0.693339	0.7316060155068799	0.668020476085237	degenerated	True	pain_ligand:VEGFA
NP_mature_chondrocyte	Fibroblasts	TNFSF9	HLA-DPA1	0.3512603	0.02	0.07579553	0.48146955322393803	0.2627232953468941	0.001573899	0.50690496	0.987182228126383	0.6684029189711869	degenerated	True	pain_ligand:TNF
CD16+ NK cells	Macrophages	CXCL8	SDC2	0.60680383	0.85	0.3270394	-0.10375344127338514	-0.30234933185959434	0.0020455322	0.6810589	1.0	0.66914325844056	degenerated	True	pain_ligand:CXCL8
AF_outer	Small pre-B cells	VEGFA	ITGB1	0.60669476	1.0	0.3652539	-0.48036465225527536	-0.6530769568394	0.001668559	0.6929396	1.0	0.6693305110594937	degenerated	True	pain_ligand:VEGFA
AF_outer	CD16+ NK cells	VEGFB	ADRB2	0.60662687	0.0	0.3178916	0.2937860003236616	1.0251994688259694	0.012317361	0.6779697	0.07447377392193943	0.6693930679255838	degenerated	True	pain_ligand:VEGFB
Naive B cells	AF_outer	TNFSF9	PVR	0.34160024	0.0	0.075863235	0.4398661143490219	0.7797224659546637	0.021881336	0.5070165	0.02047466315774697	0.6695503381452629	degenerated	True	pain_ligand:TNF
Fibroblasts	Small pre-B cells	TNFSF12	TNFRSF12A	0.606563	0.62	0.35129583	0.1627639852602189	-0.030093805382063743	0.008901107	0.68877876	1.0	0.6695803671437953	degenerated	True	pain_ligand:TNF
NP_stressed_degenerative	CD16+ NK cells	VEGFA	CD44	0.72341824	1.0	0.5179828	-0.23598879050185784	0.3118034120725852	0.0017938536	0.7288059	1.0	0.6696427421811749	degenerated	True	pain_ligand:VEGFA
NP_mature_chondrocyte	Small pre-B cells	TNFSF12	TNFRSF12A	0.31826952	0.95	0.07589859	-0.39065219943381857	-0.507950215933435	0.0019231124	0.5070747	1.0	0.6702672414415048	degenerated	True	pain_ligand:TNF
Fibroblasts	Small pre-B cells	ANGPT1	ITGB1	0.60639894	0.74	0.36492643	0.29002539499111185	0.20772486846244442	0.012624284	0.6928441	1.0	0.6705173873228464	degenerated	True	pain_ligand:ANGPT1
DC	NP_mature_chondrocyte	VEGFA	NRP2	0.99870974	0.05	0.9912728	0.2985635551107956	0.20856653549055393	0.013270068	0.78803086	0.2398629949359905	0.6707350322542185	degenerated	True	pain_ligand:VEGFA; pain_receptor:NRP2
Mast cells	Tem/Effector helper T cells	VEGFA	ITGB1	0.7338213	1.0	0.51858586	-0.36062230023101505	0.0799576516607805	0.0023690127	0.72892094	1.0	0.6709548965236631	degenerated	True	pain_ligand:VEGFA
CD16+ NK cells	Plasma cells	ADAM10	IL6R	0.7209151	0.0	0.5186096	0.7249419852413455	1.2717287490614932	0.009674319	0.72892547	0.04203683320152009	0.671080018817949	degenerated	True	pain_receptor:IL6R
NK cells	Classical monocytes	VEGFA	CD44	0.6061421	0.95	0.3616172	-0.3509419338049607	-0.32312212341172475	0.0012523357	0.691874	1.0	0.6715802679981872	degenerated	True	pain_ligand:VEGFA
NK cells	AF_outer	VEGFA	NRP2	0.6058111	0.95	0.3612663	-0.12339307651568612	-0.2291904068649121	0.004836235	0.6917705	1.0	0.672707034474237	degenerated	True	pain_ligand:VEGFA; pain_receptor:NRP2
Mast cells	DC	TNF	TRADD	0.29681194	0.02	0.07601241	0.6953500130852655	1.0116804793650473	0.0054174727	0.50726205	0.3061573436045151	0.6728470004716713	degenerated	True	pain_ligand:TNF
NK cells	DC	ANGPT2	ITGA5_ITGB1	0.6054872	0.0	0.3606415	2.012746075551313	0.858159197435925	0.02068268	0.69158596	0.005963467576966869	0.6735217256948255	degenerated	True	pain_ligand:ANGPT2
NP_notochordal	AF_inner	PTGS2	CAV1	0.7736285	1.0	0.5199538	-0.22335832638165826	-0.4536709659669993	0.0031131206	0.7291811	1.0	0.6738978977764947	degenerated	True	pain_ligand:PTGS2
Memory B cells	AF_outer	CXCL8	SDC2	0.7608598	0.36	0.51999354	0.04633821217887303	-0.1501008397696577	0.003252402	0.7291886	1.0	0.6740231874186364	degenerated	True	pain_ligand:CXCL8
AF_mechanical_stress	NP_mature_chondrocyte	FGF2	SDC4	0.72161216	0.0	0.52004737	0.07193871737096741	-0.024936512905511576	0.025601465	0.7291989	0.7017832258545154	0.6740860363303753	degenerated	True	pain_ligand:FGF2
Naive B cells	NP_stressed_degenerative	TNF	TNFRSF1A	0.6053127	0.0	0.35845307	0.9493876330027082	1.3931589231241293	0.0088762855	0.6909364	0.05849290740192623	0.6742113492895855	degenerated	True	pain_ligand:TNF; pain_receptor:TNFRSF1A
NP_stressed_degenerative	Naive B cells	TNFSF13B	CD40	0.98261064	0.0	0.5200719	2.09723314230924	2.1194037206694927	0.04316268	0.7292035	0.0009678632176418309	0.6742113492895855	degenerated	True	pain_ligand:TNF
AF_inner	AF_inner	PTGS2	CAV1	0.9966974	0.96	0.99013466	-0.028285826523551286	-0.3430013848079656	0.005928235	0.78793496	1.0	0.6742695475362375	degenerated	True	pain_ligand:PTGS2
Classical monocytes	NP_mature_chondrocyte	TNFSF13B	HLA-DPB1	0.6679741	0.0	0.27426237	1.5459222412294193	1.2664141554569521	0.006497177	0.66164744	0.07044055899183081	0.6744624184805161	degenerated	True	pain_ligand:TNF
AF_outer	Macrophages	VEGFA	ITGAV	0.7241653	0.22	0.5202779	0.10719640251033528	0.023717023033828277	0.007811654	0.7292426	0.6377201942369515	0.6747760450067247	degenerated	True	pain_ligand:VEGFA
AF_outer	AF_outer	SEMA3C	NRP2_PLXNA3	0.38172814	0.0	0.07617968	0.1339829092306859	0.493581357988555	0.01485931	0.5075367	0.2943901026115339	0.6749952971902987	degenerated	True	pain_receptor:NRP2
Fibroblasts	Fibroblasts	RTN4	NGFR	0.9964083	0.19	0.75263137	1.748947594724585	0.3518408552372382	0.026427863	0.76411784	0.1772069201221828	0.6751360393987114	degenerated	True	pain_receptor:NGFR
Small pre-B cells	Tem/Temra cytotoxic T cells	VEGFB	ADRB2	0.60492176	0.14	0.34109822	0.4051278395197748	0.804474769217857	0.013216548	0.6856127	0.30016454122618036	0.6751526839376385	degenerated	True	pain_ligand:VEGFB
CD16+ NK cells	Fibroblasts	TNF	TNFRSF1A	0.60710937	0.04	0.27406937	0.6904749679017942	0.7618024488980062	0.0067867124	0.66156864	0.19940486760830795	0.6754039867551125	degenerated	True	pain_ligand:TNF; pain_receptor:TNFRSF1A
AF_inner	Endothelial cells	NGF	BEX3	0.31817243	1.0	0.07621908	-0.3640369867008947	-0.5951944837095116	0.0051207473	0.5076014	1.0	0.675711139890296	degenerated	True	pain_ligand:NGF
AF_outer	AF_outer	FGF2	SDC4	0.7226585	0.0	0.52066064	0.07555602285411199	0.26762197994703674	0.025631653	0.7293152	0.47113129857096	0.6757179050783954	degenerated	True	pain_ligand:FGF2
Classical monocytes	Plasma cells	TNFSF13B	CD40	0.78178525	0.0	0.5206897	1.9140088464576313	1.6664847033490524	0.043213952	0.72932076	0.0009664972710253429	0.6757808592930603	degenerated	True	pain_ligand:TNF
DC	Fibroblasts	TNF	TRADD	0.9217866	0.0	0.5211063	2.8535965392712654	1.4352374950540168	0.037139714	0.7293997	0.0020730370177110794	0.6766608399541193	degenerated	True	pain_ligand:TNF
AF_inner	Classical monocytes	VEGFA	CD44	0.9956894	0.45	0.8931475	0.028968052477712503	0.26585109556642283	0.0030931067	0.7791944	1.0	0.676870203303501	degenerated	True	pain_ligand:VEGFA
NP_notochordal	DC	VEGFA	NRP2	0.60433817	0.95	0.36347184	-0.12829769019635104	-0.12818152221295098	0.0048657604	0.692419	1.0	0.6769751475717419	degenerated	True	pain_ligand:VEGFA; pain_receptor:NRP2
Naive B cells	AF_outer	VEGFA	EGFR	0.27958983	0.94	0.07634019	-0.1618486212923027	-0.19876834657953654	0.005497793	0.5077998	1.0	0.6774284723909154	degenerated	True	pain_ligand:VEGFA
Endothelial cells	AF_inner	PTGS2	CAV1	0.65668225	1.0	0.27345654	-0.3256270275386168	-0.9449808183716903	0.001637267	0.66131794	1.0	0.6775413852612491	degenerated	True	pain_ligand:PTGS2
AF_inner	AF_outer	VEGFA	NRP2	0.99535835	0.0	0.8922808	0.2565169097669871	0.3597828121132355	0.011944873	0.7791108	0.10396508697245489	0.6779547049205707	degenerated	True	pain_ligand:VEGFA; pain_receptor:NRP2
AF_outer	AF_mechanical_stress	SEMA3A	NRP2	0.62104034	0.0	0.27314925	0.1734597522603414	0.1376323780249929	0.022520982	0.661192	0.3621356322082945	0.6782339485844641	degenerated	True	pain_ligand:SEMA3A; pain_receptor:NRP2
AF_mechanical_stress	AF_outer	TNFSF9	PVR	0.34340626	0.0	0.07636727	0.4436282103474366	0.5243493018149495	0.022026712	0.5078441	0.02608918337698346	0.6784298777646391	degenerated	True	pain_ligand:TNF
NP_mature_chondrocyte	AF_inner	FGF2	FGFRL1	0.99495524	0.0	0.9621224	0.4500056671593659	0.5746601848338444	0.052338324	0.7855273	0.018704992405562445	0.6786056715134043	degenerated	True	pain_ligand:FGF2
DC	DC	TNFSF13B	TFRC	0.60392874	0.0	0.33741245	0.6739715102906776	0.4904932091523334	0.011441727	0.68444055	0.03418029737180666	0.6786118730284683	degenerated	True	pain_ligand:TNF
Fibroblasts	Classical monocytes	VEGFA	CD44	0.6038454	0.94	0.3584834	-0.3531818064236143	-0.5261763589804754	0.0012414829	0.6909454	1.0	0.6788008878856803	degenerated	True	pain_ligand:VEGFA
CD16+ NK cells	NP_mature_chondrocyte	CXCL8	SDC2	0.84866244	0.02	0.522411	0.14621241420714523	-0.18628859577352974	0.0032675222	0.7296463	1.0	0.6793051655167184	degenerated	True	pain_ligand:CXCL8
AF_outer	Tcm/Naive helper T cells	ANGPT1	ITGB1	0.32056093	1.0	0.07644448	-0.36922881337518193	-0.2733251839188334	0.0026445244	0.5079704	1.0	0.6794309952514629	degenerated	True	pain_ligand:ANGPT1
Naive B cells	Small pre-B cells	TNFSF9	HLA-DPA1	0.7523219	0.0	0.52244776	1.357401839650016	1.671330249113152	0.010848662	0.7296533	0.026255753851400613	0.6794943090819595	degenerated	True	pain_ligand:TNF
Macrophages	AF_mechanical_stress	TNFSF13B	CD40	0.30131647	0.0	0.07644616	0.5854902725916105	0.4523105051274261	0.0063445475	0.50797313	0.19028775228027137	0.6795739481781848	degenerated	True	pain_ligand:TNF
Fibroblasts	AF_outer	VEGFA	NRP2	0.60351443	0.74	0.35813555	-0.12563294913433976	-0.4322446424336628	0.004794324	0.6908418	1.0	0.6796202913945354	degenerated	True	pain_ligand:VEGFA; pain_receptor:NRP2
Endothelial cells	DC	ADAM10	IL6R	0.6034932	0.0	0.35764822	0.5362183591684013	0.5731743705103778	0.006671692	0.69069636	0.16336073477190236	0.6796834877536303	degenerated	True	pain_receptor:IL6R
AF_mechanical_stress	AF_mechanical_stress	FGF2	SDC4	0.6034247	0.99	0.34332725	-0.06718732272740967	-0.2663596053219893	0.016901692	0.6863142	1.0	0.6798094934476375	degenerated	True	pain_ligand:FGF2
Fibroblasts	AF_outer	NGF	BEX3	0.88223004	0.04	0.5228138	0.3184700582098946	0.40375631768069636	0.035125025	0.7297223	0.19940486760830795	0.680124974714129	degenerated	True	pain_ligand:NGF
NK cells	AF_mechanical_stress	VEGFA	ITGB1	0.9942243	0.9	0.7730178	-0.11435842588779284	-0.40929473147285744	0.003531313	0.76651794	1.0	0.6802701183554477	degenerated	True	pain_ligand:VEGFA
Macrophages	Memory B cells	TNFSF13B	HLA-DPB1	1.0160612	0.0	0.6783885	1.769394730770943	1.789462806648359	0.01607078	0.7546303	0.005963467576966869	0.6802701183554477	degenerated	True	pain_ligand:TNF
Endothelial cells	Memory B cells	VEGFA	CD44	0.8134967	0.81	0.27262223	-0.14489797047632283	-0.20686885092150387	0.00094413257	0.6609757	1.0	0.6806929671919056	degenerated	True	pain_ligand:VEGFA
AF_mechanical_stress	Plasma cells	NGF	MAGED1	0.32805303	0.82	0.07654767	-0.06732195149579875	0.07777040073674646	0.010520551	0.50813895	1.0	0.6807176991478974	degenerated	True	pain_ligand:NGF
Classical monocytes	AF_mechanical_stress	GRN	TNFRSF1A	0.72348166	0.49	0.52310616	0.02695181386760616	0.2296944193164444	0.005977396	0.7297775	0.9055923023215635	0.6810087217089965	degenerated	True	pain_receptor:TNFRSF1A
NP_notochordal	NP_mature_chondrocyte	VEGFA	ITGB1	0.9937848	1.0	0.80157787	-0.11434807399067112	-0.238217656265038	0.0036617815	0.76974875	1.0	0.6811390602403666	degenerated	True	pain_ligand:VEGFA
Tem/Effector helper T cells	NP_mature_chondrocyte	TNFSF10	TNFRSF10B	0.27724832	0.29	0.07665563	0.08649438299591457	0.1290296039059986	0.0052309656	0.508315	0.611656462744215	0.6821468310241544	degenerated	True	pain_ligand:TNF
AF_outer	Endothelial cells	ANGPT1	ITGB1	0.9386735	0.0	0.27219138	0.2172842615714261	0.3495359414652478	0.009416203	0.6607985	0.14560663039206087	0.6824620104182708	degenerated	True	pain_ligand:ANGPT1
Macrophages	Mast cells	TNFSF13B	TFRC	0.8329923	0.0	0.5242118	0.9268111282173057	1.432464702924261	0.017776135	0.72998565	0.005963467576966869	0.6827151236330511	degenerated	True	pain_ligand:TNF
Macrophages	Endothelial cells	CXCL8	SDC2	1.5434265	0.0	0.5916781	0.6662882365003414	0.29577886238386775	0.003700767	0.7417498	0.7017832258545154	0.6828611485289664	degenerated	True	pain_ligand:CXCL8
DC	Classical monocytes	ADAM10	IL6R	0.60233545	0.01	0.29303798	0.5674552801988486	0.6666261097710791	0.0054664304	0.6690193	0.2978151986831109	0.6832845570697124	degenerated	True	pain_receptor:IL6R
AF_mechanical_stress	AF_outer	TNFSF10	TNFRSF10B	0.27857015	0.0	0.076748185	0.08984219998927265	-0.06760160634431822	0.005237282	0.5084658	0.9307212727314266	0.6838609916041417	degenerated	True	pain_ligand:TNF
AF_outer	AF_inner	VEGFB	ADRB2	0.60203266	0.0	0.31026092	0.28559685114684086	0.7419481174230063	0.012021694	0.6753117	0.08013269587366129	0.6843610840491994	degenerated	True	pain_ligand:VEGFB
AF_outer	AF_outer	FGF2	CD44	0.9921726	0.0	0.88880366	0.10070712775239002	0.2083553080852868	0.008541172	0.7787747	0.38663372501313853	0.6847635181080269	degenerated	True	pain_ligand:FGF2
NP_stressed_degenerative	Small pre-B cells	VEGFA	ITGB1	0.6019072	1.0	0.3599536	-0.48503351241486925	-0.0634913962842032	0.0016443462	0.6913823	1.0	0.6848045940227147	degenerated	True	pain_ligand:VEGFA
Macrophages	Tcm/Naive helper T cells	VEGFA	ITGB1	0.7855823	1.0	0.52545	-0.3049685133602974	-0.24889727822308982	0.0024003698	0.7302181	1.0	0.6849947569970372	degenerated	True	pain_ligand:VEGFA
AF_mechanical_stress	Fibroblasts	NGF	NGFR	0.3290456	0.0	0.07684898	1.802384603160104	0.6148363535670065	0.04477011	0.5086299	0.012601635549815821	0.6850033332855203	degenerated	True	pain_ligand:NGF; pain_receptor:NGFR
AF_inner	Fibroblasts	VEGFA	SIRPA	0.7582736	0.08	0.27152753	0.16097157854385305	0.1340874679842768	0.0052653425	0.6605248	0.36905594447229195	0.6851849551722624	degenerated	True	pain_ligand:VEGFA
AF_outer	CD16+ NK cells	VEGFA	CD44	0.7282058	1.0	0.52561	-0.231319930342264	-0.2777821484826116	0.0018202679	0.7302481	1.0	0.6853118403343647	degenerated	True	pain_ligand:VEGFA
Tem/Effector helper T cells	DC	TNF	TNFRSF1A	0.28836522	0.45	0.07686046	0.38340548690917076	0.10084382399331332	0.0019032767	0.5086485	1.0	0.6854316004583493	degenerated	True	pain_ligand:TNF; pain_receptor:TNFRSF1A
DC	Mast cells	VEGFA	CD44	0.9919892	0.49	0.978903	0.02728927229698748	0.43847328730404145	0.0033900908	0.7869802	0.9301150055018961	0.6856342771213209	degenerated	True	pain_ligand:VEGFA
AF_mechanical_stress	Small pre-B cells	TNFSF9	HLA-DPA1	0.7541279	0.0	0.5259189	1.3611639356484309	1.415957084973438	0.010920739	0.73030597	0.025635200116579288	0.685882716555404	degenerated	True	pain_ligand:TNF
Fibroblasts	AF_mechanical_stress	VEGFA	ITGB1	0.9919276	0.72	0.7663188	-0.11659829850644647	-0.6123489670416081	0.0035007105	0.7657382	1.0	0.6859971585750422	degenerated	True	pain_ligand:VEGFA
Fibroblasts	Fibroblasts	FGF2	CD44	0.928822	0.43	0.5260109	0.018549388151670204	-0.27112845776475697	0.005054828	0.73032314	1.0	0.6860094872440666	degenerated	True	pain_ligand:FGF2
Tem/Effector helper T cells	AF_outer	TNFSF10	TNFRSF11B	0.6108602	0.2	0.27133465	0.10705561329538325	0.2976609473645524	0.014368756	0.6604451	0.47735518276422845	0.6860094872440666	degenerated	True	pain_ligand:TNF
Mast cells	Macrophages	TNFSF10	TNFRSF10D	0.29962486	0.21	0.076892205	0.0994994582124596	0.5355338092622544	0.0069179684	0.50870013	0.493155767626948	0.6861452429007322	degenerated	True	pain_ligand:TNF
AF_inner	Fibroblasts	NGF	BEX3	0.92776436	0.13	0.27130356	0.24507468512408787	0.031008038408897265	0.018227417	0.6604323	0.6165248487178203	0.6861998732000882	degenerated	True	pain_ligand:NGF
Mast cells	AF_mechanical_stress	TNFSF10	RIPK1	0.29966193	0.04	0.076922856	0.2075380717101336	0.7070709510532054	0.0074158343	0.5087499	0.19940486760830795	0.6868587386381872	degenerated	True	pain_ligand:TNF
AF_outer	Fibroblasts	TNFSF12	TNFRSF12A	0.61449975	0.6	0.27067736	-0.04328217104829148	-0.1561013976461242	0.0068584024	0.66017306	1.0	0.6879149321642295	degenerated	True	pain_ligand:TNF
DC	Endothelial cells	TNF	SEMA4C	0.83799994	0.0	0.27058253	2.798138711683413	1.3962384393109588	0.02482866	0.6601337	0.005963467576966869	0.688582771071043	degenerated	True	pain_ligand:TNF
Fibroblasts	Plasma cells	FGF2	CD44	0.6005412	0.92	0.29715717	-0.30493100657310646	-0.6330765366809987	0.0028556034	0.670563	1.0	0.688805413005824	degenerated	True	pain_ligand:FGF2
Naive B cells	DC	ADAM17	IL6R	0.60042197	0.0	0.35344395	0.6016902673774589	0.8222029418260988	0.017180324	0.6894318	0.005963467576966869	0.6891872540299375	degenerated	True	pain_receptor:IL6R
DC	Classical monocytes	PDGFC	FLT1	0.60037583	0.02	0.29550233	0.5899982969800659	0.8924407806652748	0.021028489	0.66994584	0.09911273577192058	0.6893146328043128	degenerated	True	pain_receptor:FLT1
AF_mechanical_stress	AF_inner	GRN	TNFRSF1A	0.6000954	1.0	0.3233621	-0.13115008738119083	-0.4056564293022802	0.0036949737	0.6798295	1.0	0.6901424739172455	degenerated	True	pain_receptor:TNFRSF1A
NK cells	NP_mature_chondrocyte	ANGPT1	ITGB1	0.8980481	0.0	0.5287096	0.3434702805517532	0.3373958583976858	0.018290209	0.7308268	0.10406276408795113	0.6902063208838958	degenerated	True	pain_ligand:ANGPT1
Endothelial cells	NP_mature_chondrocyte	VEGFA	ITGB1	0.8073857	1.0	0.27030402	-0.29613608778281825	-0.8061522919579961	0.0012348075	0.6600182	1.0	0.690269970359594	degenerated	True	pain_ligand:VEGFA
AF_outer	CD16+ NK cells	ANGPT1	ITGA5	0.32300496	0.08	0.077218466	0.1209662349416676	0.46220403088201933	0.007274352	0.5092292	0.3271791376770422	0.6905666873490873	degenerated	True	pain_ligand:ANGPT1
NP_mature_chondrocyte	Classical monocytes	SEMA3E	NRP2	0.5997659	0.16	0.34404168	0.24634797514192985	0.7040974255489224	0.034439094	0.686538	0.4130290097656548	0.6907160292898983	degenerated	True	pain_receptor:NRP2
Tem/Temra cytotoxic T cells	AF_outer	CXCL8	SDC3	0.39303917	0.14	0.0772307	0.13855428815322446	-0.17434124793790953	0.0033246365	0.50924903	1.0	0.6908517845868922	degenerated	True	pain_ligand:CXCL8
NP_mature_chondrocyte	AF_inner	NGF	MAGED1	0.5996057	0.0	0.34913063	0.4147392391690009	0.5163305257915307	0.04798378	0.6881157	0.02762442622277836	0.6911624819459539	degenerated	True	pain_ligand:NGF
NP_mature_chondrocyte	Classical monocytes	VEGFA	CD44	0.9896628	0.46	0.88492435	0.023091363846661828	0.22135436508622708	0.0030646287	0.7783976	1.0	0.6916666748436054	degenerated	True	pain_ligand:VEGFA
AF_mechanical_stress	AF_mechanical_stress	VEGFA	SIRPA	0.777571	0.0	0.26991227	0.17706232082472295	0.05387327220289578	0.00523402	0.6598554	0.5554816400877928	0.6916726609271004	degenerated	True	pain_ligand:VEGFA
NP_mature_chondrocyte	DC	IL11	IL6R	0.59938	0.0	0.35201755	0.6428229152718582	0.7821909972382726	0.02339407	0.6889987	0.005963467576966869	0.6918003457511992	degenerated	True	pain_receptor:IL6R
AF_mechanical_stress	Endothelial cells	PDGFA	PDGFRB	0.29017997	0.0	0.07736036	0.26866891656120007	0.3504177095366604	0.006724805	0.5094586	0.15934207928427827	0.6922767499443236	degenerated	True	pain_ligand:PDGFA
AF_mechanical_stress	NP_notochordal	VEGFA	SIRPA	0.8733858	0.0	0.52978253	0.3329728838411429	0.5013567091876934	0.0102733085	0.7310262	0.05191419377508077	0.6923748191655379	degenerated	True	pain_ligand:VEGFA
Tem/Effector helper T cells	NP_notochordal	TNF	VSIR	0.5992545	0.0	0.30548856	0.95271890880601	1.0948442357974695	0.0060982956	0.6736099	0.10350413227990742	0.6924386018859195	degenerated	True	pain_ligand:TNF
NP_mature_chondrocyte	AF_outer	VEGFA	NRP2	0.98933184	0.0	0.8840657	0.2506402211359364	0.3152860816330397	0.011834897	0.77831393	0.11946859176618788	0.6926857789015382	degenerated	True	pain_ligand:VEGFA; pain_receptor:NRP2
Macrophages	NP_mature_chondrocyte	VEGFA	SIRPA	0.6679396	0.12	0.2693688	0.08593934963304675	0.051310498884155786	0.005223481	0.6596293	0.561338102438599	0.6932051080919903	degenerated	True	pain_ligand:VEGFA
Naive B cells	Endothelial cells	VEGFA	ITGB3	0.281295	0.82	0.07743957	0.6505774483637777	-0.11253224000743361	0.010283959	0.5095865	1.0	0.6935587005532562	degenerated	True	pain_ligand:VEGFA
NP_notochordal	Macrophages	VEGFA	NRP2	0.7525515	0.35	0.5302037	0.045309590314009884	0.07438638045360257	0.007097783	0.73110425	0.7019857964235483	0.693588573227899	degenerated	True	pain_ligand:VEGFA; pain_receptor:NRP2
DC	Tem/Temra cytotoxic T cells	TNFSF9	HLA-DPA1	0.30810106	0.02	0.077451736	0.3782154770148713	0.5020838362883213	0.0016082901	0.5096062	0.9130694690029543	0.6938434952220038	degenerated	True	pain_ligand:TNF
Plasma cells	Fibroblasts	VEGFA	GPC1	0.2790133	1.0	0.077492915	-0.2856403404116009	-0.568662880089254	0.0034759268	0.5096725	1.0	0.6942706713978591	degenerated	True	pain_ligand:VEGFA
Endothelial cells	Tcm/Naive helper T cells	ANGPT2	ITGA5_ITGB1	0.29351047	0.03	0.07750246	0.5165920034874839	0.5077044139886664	0.0044447426	0.50968796	0.5175794301320128	0.6944130704866684	degenerated	True	pain_ligand:ANGPT2
AF_outer	Macrophages	SEMA3A	NRP2	0.61409914	0.05	0.26918492	0.16532937337219486	0.17199976870099548	0.022194125	0.6595526	0.29639874538581273	0.6945478547059213	degenerated	True	pain_ligand:SEMA3A; pain_receptor:NRP2
Mast cells	NP_notochordal	VEGFA	CD44	0.598657	1.0	0.35835502	-0.3586346260674754	0.03827306541888387	0.0012410382	0.69090724	1.0	0.6948678790846641	degenerated	True	pain_ligand:VEGFA
Naive B cells	Tem/Effector helper T cells	VEGFA	ITGB1	0.5986439	1.0	0.28204826	-0.4924556079525103	-0.5712659735259042	0.0012884575	0.6647737	1.0	0.6949318148208421	degenerated	True	pain_ligand:VEGFA
Classical monocytes	NK cells	VEGFA	ITGAV	0.72875345	0.4	0.53080237	0.0982272741890009	0.48784763501727657	0.007969673	0.7312152	0.7785064256509252	0.6950599004179114	degenerated	True	pain_ligand:VEGFA
AF_outer	NP_mature_chondrocyte	FGF2	SDC2	0.9882021	0.0	0.8833801	0.17065556830741108	0.15071517160037928	0.022985488	0.77824694	0.3356110676293241	0.6953815371796452	degenerated	True	pain_ligand:FGF2
AF_mechanical_stress	NK cells	TNFSF10	RIPK1	0.27991778	0.01	0.077577725	0.1812303393764384	0.21719582851920344	0.007478968	0.50980926	0.22672519165833044	0.6956942297431271	degenerated	True	pain_ligand:TNF
NP_mature_chondrocyte	Fibroblasts	VEGFA	SIRPA	0.75224704	0.09	0.2690276	0.15509488991280238	0.08959073750408103	0.005216865	0.659487	0.46539552579843957	0.6958923341454626	degenerated	True	pain_ligand:VEGFA
Mast cells	Plasma cells	CXCL8	CD79A	0.82823586	0.0	0.5313491	4.369162053888783	1.336721683206548	0.0039442657	0.7313163	0.051556178115627925	0.696405040362411	degenerated	True	pain_ligand:CXCL8
Mast cells	AF_mechanical_stress	CXCL8	SDC2	0.8282913	0.19	0.53139734	0.12267199690797626	0.05988504167672426	0.0033237294	0.73132527	0.9624504819436592	0.6965973447666846	degenerated	True	pain_ligand:CXCL8
Endothelial cells	Endothelial cells	GRN	TNFRSF1A	0.7291472	0.39	0.5315379	0.03088551791527075	0.07890027500809571	0.0060737436	0.73135126	0.7621538584915403	0.6967896845694961	degenerated	True	pain_receptor:TNFRSF1A
Tem/Effector helper T cells	NP_mature_chondrocyte	TNFSF10	RIPK1	0.2790962	0.13	0.07773395	0.18171781813572907	0.2813429515584599	0.0074940287	0.5100606	0.36459582607180374	0.6972594838953136	degenerated	True	pain_ligand:TNF
NP_notochordal	Macrophages	GRN	TNFRSF1A	0.89216554	0.0	0.53262615	0.17220437984328107	0.3762237548776385	0.0060861786	0.7315521	0.21656228588505028	0.6988435802620501	degenerated	True	pain_receptor:TNFRSF1A
NP_mature_chondrocyte	NP_mature_chondrocyte	NGF	BEX3	0.9865055	0.0	0.73420674	0.48898563583885	0.5091098865230066	0.049327377	0.7618769	0.029158654214605447	0.6988835837191927	degenerated	True	pain_ligand:NGF
AF_inner	CD16+ NK cells	VEGFA	ITGB1	0.98648024	0.98	0.86903536	-0.11142953725489207	0.03591217466837482	0.003969942	0.77683103	1.0	0.6989566401287932	degenerated	True	pain_ligand:VEGFA
Endothelial cells	Small pre-B cells	PIGF	FLT1	0.29362985	0.28	0.0778957	0.17095378016593205	0.2596407086326986	0.012327596	0.5103203	0.5959570085194534	0.6989661844281413	degenerated	True	pain_receptor:FLT1
AF_inner	Tem/Trm cytotoxic T cells	VEGFA	ITGB1	0.98637986	1.0	0.8687726	-0.11152473114941952	-0.007205415184038388	0.0039687417	0.7768048	1.0	0.6991026447006343	degenerated	True	pain_ligand:VEGFA
AF_outer	Naive B cells	FGF2	CD44	0.98615104	0.21	0.88057846	0.09477280991613536	0.2993989244323282	0.008462131	0.7779727	0.493155767626948	0.6993947979299606	degenerated	True	pain_ligand:FGF2
Tem/Temra cytotoxic T cells	Endothelial cells	TNF	TNFRSF1A	0.7301831	0.0	0.53302604	1.3743420857499034	1.1854966977006502	0.013199194	0.7316258	0.010945110413072773	0.6998076998872085	degenerated	True	pain_ligand:TNF; pain_receptor:TNFRSF1A
NP_mature_chondrocyte	Macrophages	FGF2	SDC2	0.9857203	0.04	0.94066536	0.18481584574258808	0.32826500359465816	0.024476048	0.78362125	0.19940486760830795	0.6998330416918732	degenerated	True	pain_ligand:FGF2
AF_mechanical_stress	Fibroblasts	NGF	SORT1	0.33268124	0.12	0.07795264	0.24568177511014822	0.11148392159800358	0.012929883	0.5104116	0.4160991356904663	0.7003878092433211	degenerated	True	pain_ligand:NGF
NK cells	CD16+ NK cells	VEGFA	ITGB1	0.5969329	1.0	0.35185465	-0.49133952353756527	-0.5530610443097728	0.0016073486	0.68894917	1.0	0.7006439193355549	degenerated	True	pain_ligand:VEGFA
NP_mature_chondrocyte	Fibroblasts	VEGFA	ITGAV	0.8541013	0.06	0.5332548	0.16755024361795604	0.09463049220039066	0.0080064945	0.73166794	0.4533736662020925	0.7007084123389604	degenerated	True	pain_ligand:VEGFA
NK cells	Tem/Trm cytotoxic T cells	VEGFA	ITGB1	0.5968326	1.0	0.3517483	-0.4914347174320927	-0.596178634162186	0.0016068626	0.6889167	1.0	0.7010301226550372	degenerated	True	pain_ligand:VEGFA
AF_outer	AF_outer	ANGPT1	ITGB1	0.92511386	0.0	0.26789725	0.20441767783649495	0.586802113655367	0.0092676515	0.659014	0.16281327970755746	0.7010946393554465	degenerated	True	pain_ligand:ANGPT1
Endothelial cells	Fibroblasts	VEGFA	ITGAV	0.30039603	1.0	0.07797843	-0.3724575905089897	-0.8567647079022004	0.0011707984	0.510453	1.0	0.7012404917782105	degenerated	True	pain_ligand:VEGFA
NP_mature_chondrocyte	AF_mechanical_stress	FGF2	SDC4	0.8104761	0.0	0.53349286	0.1612717364632585	0.07652286918722628	0.026263371	0.7317117	0.49649609643489273	0.7014810082701456	degenerated	True	pain_ligand:FGF2
AF_outer	AF_mechanical_stress	VEGFA	ITGAV	0.5965799	1.0	0.35190544	-0.062109742142103165	-0.34160679427865803	0.0052836444	0.68896455	1.0	0.7017385985072979	degenerated	True	pain_ligand:VEGFA
DC	NP_mature_chondrocyte	PDGFA	PDGFRA	0.30239418	0.68	0.078063376	-0.023624314721937822	-0.11880151239046538	0.009089858	0.510589	1.0	0.7018088483990109	degenerated	True	pain_ligand:PDGFA
Fibroblasts	AF_outer	NGF	SORT1	0.2920147	0.13	0.0780935	0.21733533654288187	0.03433581369485267	0.012953246	0.51063716	0.606787233913556	0.7022350403468051	degenerated	True	pain_ligand:NGF
Tem/Trm cytotoxic T cells	NK cells	TNFSF9	HLA-DPA1	0.28307027	0.0	0.078138955	0.30520632684228455	0.5751686229140731	0.0016225606	0.51070994	0.5427704779437987	0.7028032330176359	degenerated	True	pain_ligand:TNF
AF_mechanical_stress	AF_mechanical_stress	FGF2	SDC2	0.9845989	0.0	0.91327894	0.16918949204837475	0.022049672723241986	0.023763455	0.7811059	0.6433714733369926	0.702976338077874	degenerated	True	pain_ligand:FGF2
NP_notochordal	Macrophages	VEGFA	ITGB1	0.75636816	1.0	0.5344972	-0.33962718343071285	-0.4390352481283146	0.0024416992	0.7318963	1.0	0.7033503232551565	degenerated	True	pain_ligand:VEGFA
AF_outer	Endothelial cells	RARRES1	NRP2	0.30936173	0.96	0.078180775	-0.050124565517076614	0.041422130911675514	0.022999445	0.5107767	1.0	0.7039392812320707	degenerated	True	pain_receptor:NRP2
NP_mature_chondrocyte	NP_mature_chondrocyte	GRN	TNFRSF1A	0.59582615	1.0	0.3474211	-0.126921398834427	-0.4399227507288017	0.0039698896	0.6875888	1.0	0.7042540722694081	degenerated	True	pain_receptor:TNFRSF1A
DC	AF_outer	VEGFA	ITGAV	0.7508168	0.25	0.5350019	0.09675619243288108	0.07356549453091088	0.008032725	0.73198885	0.5521233618152372	0.7043833007665284	degenerated	True	pain_ligand:VEGFA
DC	NP_mature_chondrocyte	VEGFA	ITGAV	0.75083184	0.23	0.5350296	0.09677692606871341	-0.07503874871666572	0.0080331415	0.731994	0.9559375950675705	0.704512545071375	degenerated	True	pain_ligand:VEGFA
NP_mature_chondrocyte	Classical monocytes	SEMA3A	NRP2	0.73155046	0.04	0.5351229	0.3935395422139976	0.8909349721017256	0.04412054	0.7320111	0.19940486760830795	0.7047063390565673	degenerated	True	pain_ligand:SEMA3A; pain_receptor:NRP2
NK cells	Memory B cells	VEGFA	CD44	0.9836812	0.39	0.7618412	0.021076565999000346	0.20004986068313535	0.0026383726	0.7652122	1.0	0.7053915862482144	degenerated	True	pain_ligand:VEGFA
NP_mature_chondrocyte	AF_inner	NGF	BEX3	0.98354447	0.0	0.7312597	0.48602645370881264	0.5420258755928902	0.049129378	0.76151186	0.022602373191021843	0.7056112822665922	degenerated	True	pain_ligand:NGF
DC	Naive B cells	TNF	VSIR	0.92671263	0.0	0.5358351	2.6782921877727577	1.408736033875444	0.010696574	0.73214155	0.02769676984315526	0.7060638921255613	degenerated	True	pain_ligand:TNF
Memory B cells	Fibroblasts	CXCL8	ADRA2A	0.59524584	0.02	0.34837195	2.580819222592961	0.43284223217053164	0.022622824	0.68788224	0.14989686201302985	0.7062579704848884	degenerated	True	pain_ligand:CXCL8
Macrophages	DC	TNFSF13B	TFRC	0.5951489	0.0	0.32390535	0.6477447290743846	0.5610618817215898	0.0109837	0.6800121	0.025005584757360377	0.7066462338910798	degenerated	True	pain_ligand:TNF
Tcm/Naive helper T cells	NP_mature_chondrocyte	CXCL8	SDC2	0.85398406	0.0	0.5361772	0.15086194721801832	-0.2979570055649887	0.0033536258	0.73220414	1.0	0.7069050869828233	degenerated	True	pain_ligand:CXCL8
Small pre-B cells	Endothelial cells	ANGPT2	ITGA5_ITGB1	0.5949893	0.0	0.34539866	1.5998753878345477	1.1361556790637883	0.019808508	0.68696135	0.005963467576966869	0.7069050869828233	degenerated	True	pain_ligand:ANGPT2
AF_inner	AF_inner	VEGFA	CD44	0.9827487	0.08	0.8592652	0.01621678749289246	-0.09560990159275917	0.002975767	0.77584946	1.0	0.7069299055660407	degenerated	True	pain_ligand:VEGFA
CD16+ NK cells	Endothelial cells	TNF	VSIR	0.2807359	0.0	0.07845374	0.4409266965006001	0.4361950640733049	0.0015661278	0.5112122	0.45567418704480683	0.7074871508400737	degenerated	True	pain_ligand:TNF
Fibroblasts	CD16+ NK cells	VEGFA	ITGB1	0.5946362	1.0	0.3488055	-0.49357939615621893	-0.7561152798785234	0.0015934191	0.68801576	1.0	0.7080062763739488	degenerated	True	pain_ligand:VEGFA
Tem/Temra cytotoxic T cells	NP_mature_chondrocyte	CXCL8	SDC2	0.98220253	0.01	0.8678601	0.26288742567215473	-0.12247355096922663	0.005428202	0.77671367	1.0	0.7080294590839811	degenerated	True	pain_ligand:CXCL8
Fibroblasts	Tem/Trm cytotoxic T cells	VEGFA	ITGB1	0.5945359	1.0	0.34870002	-0.4936745900507463	-0.7992328697309367	0.0015929374	0.68798333	1.0	0.7083302163972378	degenerated	True	pain_ligand:VEGFA
Fibroblasts	Fibroblasts	ANGPT2	TIE1	0.6102925	0.0	0.2660014	3.8431262408834335	1.1962828926386644	0.10650964	0.65821564	0.0007025953220698228	0.7088490129718862	degenerated	True	pain_ligand:ANGPT2
NP_stressed_degenerative	Fibroblasts	RTN4	NGFR	0.9816562	0.02	0.7376932	1.7346066616080489	0.976956514551505	0.025903326	0.76230633	0.018750751337191424	0.7093494849637596	degenerated	True	pain_receptor:NGFR
NP_notochordal	NP_mature_chondrocyte	VEGFA	CD44	0.7589822	1.0	0.5374379	-0.20050091425306948	-0.3356062859049098	0.0018612297	0.7324343	1.0	0.7093680628033637	degenerated	True	pain_ligand:VEGFA
Macrophages	Tem/Effector helper T cells	VEGFA	ITGB1	0.98165065	0.78	0.9522457	-0.11892367070177413	0.035446917280249624	0.0043500653	0.78465676	1.0	0.709422764819489	degenerated	True	pain_ligand:VEGFA
AF_inner	AF_outer	GRN	TNFRSF1A	0.59416825	1.0	0.35191128	-0.11834089498843775	-0.39693704177379097	0.0040211976	0.6889664	1.0	0.7096275801211992	degenerated	True	pain_receptor:TNFRSF1A
Macrophages	AF_outer	TNF	TNFRSF1A	0.9815262	0.0	0.8382033	2.3967948661814633	1.3142887916777817	0.020756222	0.77368414	0.005963467576966869	0.7097162556354137	degenerated	True	pain_ligand:TNF; pain_receptor:TNFRSF1A
Plasma cells	NK cells	VEGFA	ITGB1	1.2568815	0.19	0.66004485	0.13180799833613138	-0.15888687388613287	0.0030152283	0.75208354	1.0	0.7097896632183832	degenerated	True	pain_ligand:VEGFA
Fibroblasts	Memory B cells	VEGFA	CD44	0.9813845	0.36	0.75523907	0.018836693380346714	-0.003004374885615335	0.0026155084	0.7644294	1.0	0.71022992620015	degenerated	True	pain_ligand:VEGFA
NK cells	AF_mechanical_stress	ANGPT2	ITGA5_ITGB1	0.5938817	0.0	0.34479368	1.996656714643549	0.87419102082136	0.019773811	0.6867728	0.005963467576966869	0.7104067171567874	degenerated	True	pain_ligand:ANGPT2
AF_outer	AF_outer	FGF2	SDC3	0.39903873	0.0	0.07861182	0.04632243078848081	0.09884747463169638	0.014078031	0.5114637	0.5823076772035948	0.7104644726477065	degenerated	True	pain_ligand:FGF2
Fibroblasts	DC	ANGPT1	ITGA5	0.5937253	0.01	0.34821627	0.7747420111570479	0.5391021889397413	0.03280365	0.68783426	0.11458311243323929	0.7107964994470889	degenerated	True	pain_ligand:ANGPT1
NP_notochordal	AF_mechanical_stress	VEGFA	NRP2	0.75949264	0.14	0.53801215	0.053439969202156434	0.04001898977759999	0.0072023133	0.7325389	0.5916777725427951	0.7107964994470889	degenerated	True	pain_ligand:VEGFA; pain_receptor:NRP2
AF_inner	Fibroblasts	VEGFA	ITGAV	0.8601278	0.06	0.53821003	0.1734269322490067	0.13912722268058642	0.008080894	0.73257494	0.3588110896902776	0.7110565704682446	degenerated	True	pain_ligand:VEGFA
Classical monocytes	Endothelial cells	VEGFA	NRP2	0.5936005	0.78	0.32929987	-0.15881440101501282	0.04971363368808124	0.0044083036	0.6818065	1.0	0.711121495401706	degenerated	True	pain_ligand:VEGFA; pain_receptor:NRP2
Macrophages	AF_inner	PDGFA	PDGFRA	0.28247035	0.85	0.07866343	-0.022428473016095324	-0.037945296361831804	0.00915973	0.5115457	1.0	0.7113146622946569	degenerated	True	pain_ligand:PDGFA
AF_outer	AF_outer	VEGFA	CD44	0.98060584	0.0	0.8586985	0.017390158389380544	-0.12653932410221913	0.002973804	0.7757921	1.0	0.7115512229870777	degenerated	True	pain_ligand:VEGFA
AF_inner	Classical monocytes	VEGFA	SIRPA	0.9804767	0.01	0.8533164	0.5225421870834628	0.8909253927879228	0.016547136	0.7752448	0.11458311243323929	0.7120653048260492	degenerated	True	pain_ligand:VEGFA
NP_mature_chondrocyte	CD16+ NK cells	VEGFA	ITGB1	0.9804536	0.98	0.8610342	-0.11730622588594275	-0.008584555811820938	0.003933391	0.7760283	1.0	0.7121386715559841	degenerated	True	pain_ligand:VEGFA
DC	NP_notochordal	TNFSF13B	TFRC	0.593337	0.0	0.32812032	0.661543997112729	0.8582855075913691	0.011126629	0.68141717	0.023658730019655797	0.7121618602134839	degenerated	True	pain_ligand:TNF
Macrophages	AF_inner	VEGFA	ITGAV	0.7916641	0.1	0.53868866	0.12139979843419375	0.14669792283412186	0.00808808	0.73266196	0.34343867879023693	0.7123570543664481	degenerated	True	pain_ligand:VEGFA
NP_mature_chondrocyte	Tem/Trm cytotoxic T cells	VEGFA	ITGB1	0.9803533	1.0	0.86077386	-0.1174014197804702	-0.051702145664234145	0.0039322022	0.776002	1.0	0.7123590179891709	degenerated	True	pain_ligand:VEGFA
AF_mechanical_stress	NP_notochordal	VEGFA	CD44	0.9803475	0.27	0.81988573	0.013613655617314396	0.04044130745615271	0.0028393895	0.7717439	1.0	0.7124325101918199	degenerated	True	pain_ligand:VEGFA
NK cells	AF_inner	VEGFA	CD44	0.5932014	1.0	0.34789893	-0.36369319878978074	-0.6845831205709068	0.0012048273	0.6877364	1.0	0.7125522841829122	degenerated	True	pain_ligand:VEGFA
NP_mature_chondrocyte	NK cells	PDGFA	PDGFRB	0.7069252	0.0	0.26493844	1.1009602305782193	1.0241551254128678	0.023030652	0.6577651	0.005963467576966869	0.7126825257970437	degenerated	True	pain_ligand:PDGFA
DC	Fibroblasts	TNF	TRAF2	0.92772174	0.0	0.5388525	3.584069225733168	1.650070217369818	0.14318453	0.73269176	0.00017023048230377713	0.7130080963497691	degenerated	True	pain_ligand:TNF
AF_outer	Memory B cells	VEGFA	ITGB1	0.5928539	1.0	0.34698835	-0.4934979164934304	-0.6562104655882054	0.001585118	0.6874549	1.0	0.713594249616047	degenerated	True	pain_ligand:VEGFA
DC	DC	CCL2	CCR1	0.97994614	0.0	0.90655726	2.8758442140550957	1.5536435797575476	0.08975328	0.7804737	0.0003628076215285097	0.7136815395815037	degenerated	True	pain_ligand:CCL2
Fibroblasts	Macrophages	ADAM17	IL6R	0.59276676	0.0	0.2917374	0.5571992587040089	0.4838228693501755	0.014180871	0.66852665	0.035934276930460286	0.7139851968754752	degenerated	True	pain_receptor:IL6R
DC	AF_inner	VEGFA	NRP2	0.75311714	0.47	0.53923583	0.010892545438701145	-0.1642695446703354	0.007218695	0.73276144	1.0	0.7141807240395353	degenerated	True	pain_ligand:VEGFA; pain_receptor:NRP2
Fibroblasts	Memory B cells	ANGPT1	ITGB1	0.59255815	0.8	0.34667724	0.2768921307529568	0.20459135971363906	0.0119929705	0.6873585	1.0	0.7148326703343213	degenerated	True	pain_ligand:ANGPT1
Naive B cells	Endothelial cells	TNFSF9	PVR	0.3444447	0.0	0.07895605	0.447242668634518	0.7147944043270176	0.022773404	0.51200956	0.019151301719709527	0.7151379671000171	degenerated	True	pain_ligand:TNF
NP_mature_chondrocyte	CD16+ NK cells	FGF2	CD44	0.97914934	0.09	0.92539805	0.11612317193645286	0.35072305178523777	0.008892834	0.78223073	0.33948423505257513	0.7152990233952802	degenerated	True	pain_ligand:FGF2
Classical monocytes	Classical monocytes	VEGFA	NRP2	0.73521864	0.51	0.5404415	0.007067593987562862	0.6854223031391079	0.0072348355	0.7329801	0.9375164864612401	0.7160072971116954	degenerated	True	pain_ligand:VEGFA; pain_receptor:NRP2
Naive B cells	AF_mechanical_stress	TNFSF9	PVR	0.34448272	0.0	0.07899741	0.44734134924837604	0.6886422390703668	0.022785332	0.512075	0.0191458112910131	0.7162700005830434	degenerated	True	pain_ligand:TNF
NP_stressed_degenerative	NP_stressed_degenerative	ADAM10	IL6R	0.6177542	0.0	0.26417524	0.533516780170354	1.452631527253181	0.0049280147	0.6574403	0.13913784780607077	0.7164643748640691	degenerated	True	pain_receptor:IL6R
Fibroblasts	DC	NGF	KIDINS220	0.5918937	0.03	0.30404875	0.5013215058182523	0.3885223570997874	0.022233382	0.67309034	0.1760704091790426	0.7166603543665637	degenerated	True	pain_ligand:NGF
NP_stressed_degenerative	AF_mechanical_stress	VEGFA	ITGAV	0.59179235	1.0	0.34679887	-0.06677860230169702	0.2479787662765388	0.0052069724	0.68739617	1.0	0.717052420580319	degenerated	True	pain_ligand:VEGFA
NK cells	AF_mechanical_stress	ANGPT1	ITGB1	0.91470224	0.0	0.54106694	0.35927340597145546	0.32733470727818526	0.018717699	0.73309314	0.11094993307891787	0.7171832099642887	degenerated	True	pain_ligand:ANGPT1
AF_mechanical_stress	CD16+ NK cells	NGF	KIDINS220	0.336459	0.19	0.07909944	0.07131153493640652	0.3944510758069514	0.0057840995	0.5122363	0.48697607398650306	0.7179672937524749	degenerated	True	pain_ligand:NGF
AF_inner	DC	VEGFA	NRP2	0.9776708	0.01	0.84596986	0.2357988187694982	0.2997757726768777	0.011324912	0.7744906	0.13287280027971815	0.7180955307086377	degenerated	True	pain_ligand:VEGFA; pain_receptor:NRP2
CD16+ NK cells	AF_inner	CXCL8	SDC2	0.8723515	0.0	0.5415468	0.17069617074617807	-0.1047419034998609	0.0033872116	0.7331799	1.0	0.7182296839580652	degenerated	True	pain_ligand:CXCL8
AF_inner	AF_outer	FGF2	SDC2	0.9776053	0.0	0.9550373	0.16908816015039208	0.3039096552786924	0.024850005	0.78490406	0.21901054178615725	0.7182427655932825	degenerated	True	pain_ligand:FGF2
AF_inner	Macrophages	TNFSF9	TNFRSF9	0.28522673	0.0	0.07912404	0.7983077329230356	0.4898248575202364	0.018818125	0.5122751	0.03441832378802866	0.7182500755369154	degenerated	True	pain_ligand:TNF
NK cells	NP_mature_chondrocyte	VEGFA	ITGB1	0.9775702	0.94	0.755363	-0.13016155130749507	-0.3992335803533569	0.0034506621	0.7644442	1.0	0.718463693556771	degenerated	True	pain_ligand:VEGFA
AF_outer	Classical monocytes	ADAM17	IL6R	0.28611198	0.3	0.07914738	0.08295671239664167	0.2435886273878472	0.0038472232	0.51231194	0.7197254549906759	0.7185328898272433	degenerated	True	pain_receptor:IL6R
Classical monocytes	DC	VEGFA	ITGAV	0.5912577	0.65	0.3258069	-0.08422981045158828	0.19187772454665508	0.004891791	0.68064857	1.0	0.7187530955454077	degenerated	True	pain_ligand:VEGFA
AF_mechanical_stress	Tcm/Naive helper T cells	TNFSF10	TNFRSF10B	0.28256202	0.09	0.07920542	0.09638471149461217	0.2147551180563237	0.005404963	0.51240355	0.4001966798219859	0.7190983365813831	degenerated	True	pain_ligand:TNF
Small pre-B cells	DC	IL11	IL6R	0.5911197	0.0	0.34070987	0.6277105106309028	0.8191538942813303	0.022642594	0.6854899	0.005963467576966869	0.7191459245747281	degenerated	True	pain_receptor:IL6R
Plasma cells	AF_mechanical_stress	GRN	TNFRSF1A	0.5910236	0.95	0.32670823	-0.11177907306667137	-0.34802734072413744	0.0037332089	0.6809488	1.0	0.7196699882633317	degenerated	True	pain_receptor:TNFRSF1A
NP_mature_chondrocyte	AF_mechanical_stress	TNFSF10	TNFRSF11B	0.5910059	0.01	0.33037886	0.1565714951856515	-0.001510301566334471	0.01749549	0.6821613	0.7130809854003057	0.7198010957381378	degenerated	True	pain_ligand:TNF
NK cells	Classical monocytes	VEGFA	SIRPA	0.5909294	0.38	0.3454904	0.1426322008007896	0.30195217380977524	0.006699598	0.68698996	0.7460602691642224	0.7201943064909639	degenerated	True	pain_ligand:VEGFA
Fibroblasts	AF_inner	VEGFA	CD44	0.5909047	0.99	0.34488404	-0.36593307140843434	-0.8876373561396574	0.0011943862	0.6868011	1.0	0.7203909655564655	degenerated	True	pain_ligand:VEGFA
Fibroblasts	Tem/Trm cytotoxic T cells	FGF2	CD44	0.95233285	0.34	0.54240096	0.04171654155436358	0.002013245089488802	0.005212332	0.733334	0.7019728957212813	0.7204564574466746	degenerated	True	pain_ligand:FGF2
NP_mature_chondrocyte	AF_inner	VEGFA	CD44	0.9767221	0.15	0.851354	0.010340098861841784	-0.14010663207295493	0.0029483694	0.77504414	1.0	0.7206741230197765	degenerated	True	pain_ligand:VEGFA
Fibroblasts	Macrophages	NGF	KIDINS220	0.59070086	0.0	0.30315003	0.4997011370037153	0.49758645253481143	0.022167664	0.6727646	0.03212556117269769	0.7211122168286564	degenerated	True	pain_ligand:NGF
AF_outer	AF_mechanical_stress	CXCL8	SDC2	0.7183975	0.32	0.26291102	0.02665698585009274	-1.122119922866265	0.0016444287	0.6568999	1.0	0.7213090429498628	degenerated	True	pain_ligand:CXCL8
AF_outer	Plasma cells	CXCL8	CD79A	0.71834207	0.0	0.26288718	4.2731470428308995	0.15471671866355874	0.0019514416	0.6568897	0.06655403944225007	0.7214403494087525	degenerated	True	pain_ligand:CXCL8
Tem/Temra cytotoxic T cells	Macrophages	CXCL8	SDC2	0.7403439	0.41	0.54329723	0.012921570191624349	-0.23853428705529123	0.0033981595	0.7334954	1.0	0.72189973620013	degenerated	True	pain_ligand:CXCL8
AF_mechanical_stress	Endothelial cells	TNFSF12	TNFRSF12A	0.28401053	1.0	0.0794572	-0.34749463646042333	-0.6772184203774114	0.0020132805	0.5128	1.0	0.7222069028080256	degenerated	True	pain_ligand:TNF
NP_stressed_degenerative	AF_outer	VEGFA	CD44	0.9758183	0.16	0.84623766	0.012721298229786682	0.4630462364529777	0.0029306505	0.77451825	1.0	0.7222964696512031	degenerated	True	pain_ligand:VEGFA
AF_mechanical_stress	Endothelial cells	TNFSF9	PVR	0.3462507	0.0	0.07948063	0.4510047646329327	0.4594212401873035	0.022924708	0.5128368	0.043399781821799564	0.7226305690980867	degenerated	True	pain_ligand:TNF
Memory B cells	NK cells	CXCL8	SDC2	0.59012294	0.68	0.34306318	-0.13012205690829945	-0.4378309607172084	0.0021457563	0.6862314	1.0	0.7228193024534645	degenerated	True	pain_ligand:CXCL8
AF_mechanical_stress	DC	FGF2	FGFR1	0.5901062	0.95	0.32341272	-0.18313934395464876	-0.43651482765577726	0.0102838725	0.6798465	1.0	0.7229507921270948	degenerated	True	pain_ligand:FGF2
Naive B cells	AF_mechanical_stress	TNF	SEMA4C	0.33507663	0.0	0.0794897	0.9809581728364696	0.844682080547268	0.007293977	0.512851	0.10350413227990742	0.7230541828506704	degenerated	True	pain_ligand:TNF
Endothelial cells	Plasma cells	ADAM17	IL6R	0.5900837	0.0	0.32125947	0.568566654967784	0.823359713463514	0.015615892	0.67911905	0.006714058773654977	0.7230820899837763	degenerated	True	pain_receptor:IL6R
AF_outer	CD16+ NK cells	FGF2	CD44	0.7397725	0.98	0.54403746	-0.1480029609792545	0.0571124837048943	0.0052280584	0.7336285	1.0	0.7232136115240209	degenerated	True	pain_ligand:FGF2
AF_outer	Endothelial cells	FGF2	FGFR1	0.5899893	1.0	0.3394409	-0.18290447132371593	-0.24022767951202506	0.010793536	0.6850875	1.0	0.723476494609621	degenerated	True	pain_ligand:FGF2
NP_mature_chondrocyte	Endothelial cells	SEMA3A	NRP2	0.58993244	0.0	0.32605913	0.2276575472114219	0.2552263026506989	0.026883367	0.6807328	0.1779101824700629	0.7235423812211517	degenerated	True	pain_ligand:SEMA3A; pain_receptor:NRP2
NP_stressed_degenerative	Fibroblasts	GRN	TNFRSF1A	0.7547965	0.33	0.5442003	0.07476592600383475	0.30200056098369565	0.006218434	0.7336578	0.673360931494747	0.7236737506930713	degenerated	True	pain_receptor:TNFRSF1A
AF_mechanical_stress	AF_mechanical_stress	TNFSF9	PVR	0.34628874	0.0	0.07952227	0.45110344524679075	0.4332690749306527	0.022936715	0.5129022	0.05235641036953202	0.7237600704364104	degenerated	True	pain_ligand:TNF
AF_outer	Macrophages	CXCL8	SDC3	0.29242343	0.21	0.07955166	0.33356610633763684	-0.7378712656778385	0.0034245495	0.5129484	1.0	0.7240424292385138	degenerated	True	pain_ligand:CXCL8
Fibroblasts	NP_mature_chondrocyte	VEGFA	ITGB1	0.9752735	0.75	0.74881697	-0.1324014239261487	-0.6022878159221076	0.0034207583	0.7636596	1.0	0.7243628823415453	degenerated	True	pain_ligand:VEGFA
DC	AF_mechanical_stress	TNFSF13B	CD40	0.31009632	0.0	0.07963402	0.6117170538079034	0.38174183255816974	0.006609119	0.5130776	0.16753870708534052	0.7248892540129156	degenerated	True	pain_ligand:TNF
Fibroblasts	AF_mechanical_stress	TNFSF13B	HLA-DPB1	0.30414286	0.05	0.07967694	0.3604625458639805	0.23700340752338517	0.0018875181	0.51314497	1.0	0.7250303338757017	degenerated	True	pain_ligand:TNF
Plasma cells	AF_mechanical_stress	CXCL8	SDC2	0.97471786	0.02	0.88913834	0.2506059969059028	-0.260631883841309	0.005561291	0.7788071	1.0	0.7251013502729078	degenerated	True	pain_ligand:CXCL8
Small pre-B cells	Endothelial cells	ANGPT2	TIE1	0.58946455	0.0	0.3398499	4.265405534950426	1.6540053214151977	0.13607933	0.68521744	0.00016679039118124993	0.7251873080237479	degenerated	True	pain_ligand:ANGPT2
Plasma cells	Plasma cells	CXCL8	CD79A	0.9746624	0.0	0.88905764	4.497096053886709	1.0162047576885147	0.006599577	0.7787993	0.0561168431538578	0.7253229239085267	degenerated	True	pain_ligand:CXCL8
AF_outer	Naive B cells	VEGFA	CD44	0.97458434	0.49	0.8507519	0.011455840553125887	-0.03549570775517774	0.002946284	0.7749825	1.0	0.7254706122613062	degenerated	True	pain_ligand:VEGFA
Mast cells	AF_inner	VEGFA	NRP2	0.58933115	0.94	0.34729964	-0.14884180338595088	0.15604246071055305	0.0046492647	0.68755126	1.0	0.725714302289434	degenerated	True	pain_ligand:VEGFA; pain_receptor:NRP2
NP_mature_chondrocyte	Classical monocytes	VEGFA	SIRPA	0.9744501	0.01	0.84546	0.5166654984524122	0.8464286623077271	0.016394788	0.77443796	0.11458311243323929	0.7257661333438428	degenerated	True	pain_ligand:VEGFA
AF_outer	NK cells	FGF2	CD44	0.9744155	0.14	0.86454827	0.08320897350046562	0.17059269631342133	0.008308085	0.77638197	0.4438439066058661	0.7259138493091386	degenerated	True	pain_ligand:FGF2
Fibroblasts	Mast cells	VEGFB	ADRB2	0.5891685	0.15	0.30650312	0.27453763898172584	0.5872080532399414	0.011876091	0.67397434	0.3966030130874488	0.7263073978021066	degenerated	True	pain_ligand:VEGFB
Macrophages	Macrophages	TNFSF13B	TFRC	0.8578664	0.0	0.54516023	0.955996414319224	1.0521613942543904	0.0184865	0.73382986	0.005963467576966869	0.7263732477793592	degenerated	True	pain_ligand:TNF
Macrophages	AF_inner	TNF	TNFRSF1A	0.87186754	0.0	0.5453382	2.2629262600101128	1.1322346411391964	0.013504076	0.73386174	0.00984171301318717	0.7266371043753261	degenerated	True	pain_ligand:TNF; pain_receptor:TNFRSF1A
Tem/Effector helper T cells	NP_stressed_degenerative	ADAM10	IL6R	0.6163803	0.0	0.261536	0.5312303909385307	1.2215344891189217	0.0048787817	0.6563088	0.14093129736477528	0.7267029742791276	degenerated	True	pain_receptor:IL6R
Classical monocytes	Macrophages	VEGFA	SIRPA	0.73850834	0.2	0.5453462	0.3125533140796318	0.6150501357009186	0.010575114	0.73386323	0.47735518276422845	0.7267029742791276	degenerated	True	pain_ligand:VEGFA
DC	AF_inner	TNFSF13B	TFRC	0.5890596	0.0	0.32436773	0.6565249123548097	0.4792391881465624	0.010999378	0.6801673	0.03715556620178009	0.7267029742791276	degenerated	True	pain_ligand:TNF
Naive B cells	AF_outer	VEGFA	ITGB1	1.0071285	0.66	0.54541606	-0.10485395939935666	0.004517128544956783	0.002491579	0.7338757	1.0	0.7268349345093246	degenerated	True	pain_ligand:VEGFA
Tem/Temra cytotoxic T cells	NP_notochordal	TNF	TNFRSF1A	0.589018	0.0	0.32351628	1.2020108448736408	0.9967330493964889	0.008011154	0.67988133	0.08583719511843395	0.7269008163679829	degenerated	True	pain_ligand:TNF; pain_receptor:TNFRSF1A
Macrophages	Endothelial cells	VEGFA	ITGB3	0.6643017	0.0	0.26144993	1.0241093856145138	0.49418065079872026	0.0347205	0.65627164	0.033074759318269926	0.7270986943614117	degenerated	True	pain_ligand:VEGFA
Naive B cells	NP_mature_chondrocyte	VEGFA	SIRPA	0.28493288	0.98	0.07978508	-0.2875925876176894	-0.5554023919219981	0.0015471571	0.5133144	1.0	0.7272874315319505	degenerated	True	pain_ligand:VEGFA
NP_mature_chondrocyte	Endothelial cells	VEGFA	ITGAV	0.85889894	0.0	0.54570067	0.17391680560059916	0.15983722688341817	0.008193362	0.7339267	0.3183642777389754	0.727428640345283	degenerated	True	pain_ligand:VEGFA
Fibroblasts	Classical monocytes	VEGFA	SIRPA	0.5886327	0.41	0.34249637	0.14039232818213596	0.09889793824102455	0.0066415383	0.68605334	0.7928641345479516	0.7275604797868351	degenerated	True	pain_ligand:VEGFA
Endothelial cells	Endothelial cells	VEGFA	ITGAV	0.3051937	1.0	0.07979841	-0.36609102852634656	-0.7915579732191729	0.0011981243	0.5133352	1.0	0.7275694985489197	degenerated	True	pain_ligand:VEGFA
Tem/Effector helper T cells	AF_outer	TNF	TRADD	0.29239497	0.0	0.07982394	0.6582979618407271	0.6131372193880633	0.005689124	0.51337516	0.1767462934769186	0.7284154481556	degenerated	True	pain_ligand:TNF
DC	AF_inner	ADAM10	IL6R	0.58838713	0.0	0.26886627	0.5469153494640264	0.36324472210454184	0.0050155227	0.65941966	0.37689519865946314	0.7284188683805535	degenerated	True	pain_receptor:IL6R
Fibroblasts	AF_inner	FGF2	FGFRL1	0.5883726	0.48	0.2886741	0.001386056119086293	-0.19168287706499426	0.015703531	0.667356	1.0	0.7284848459171175	degenerated	True	pain_ligand:FGF2
DC	Mast cells	TNFSF13B	TFRC	0.84177214	0.0	0.5460718	0.9530379094335986	1.3618960303550045	0.01851741	0.733993	0.005963467576966869	0.7284848459171175	degenerated	True	pain_ligand:TNF
Fibroblasts	NK cells	PDGFA	PDGFRB	0.82492185	0.0	0.5461225	1.3508632180580795	1.2498031459636154	0.047473505	0.7340021	0.003677754373302079	0.7285508274375649	degenerated	True	pain_ligand:PDGFA
AF_inner	AF_inner	FGF2	FGFR1	0.9732516	0.0	0.94675106	0.24279058859509453	0.32885911180464866	0.030104779	0.78416747	0.11733724784389649	0.7286490116179118	degenerated	True	pain_ligand:FGF2
NP_stressed_degenerative	NP_mature_chondrocyte	TNFSF13B	HLA-DPB1	0.2842611	0.0	0.079847835	0.3997142020008461	0.6873725043873726	0.0018915664	0.5134126	0.31037629734347866	0.7288383442178787	degenerated	True	pain_ligand:TNF
NK cells	DC	VEGFA	NRP2	0.5881235	0.85	0.34251592	-0.144111167513175	-0.28919744630126987	0.0045852256	0.6860595	1.0	0.7292777229226809	degenerated	True	pain_ligand:VEGFA; pain_receptor:NRP2
Plasma cells	Macrophages	VEGFA	CD44	1.2385466	0.04	0.6491221	0.2733892143764315	0.04419598327258911	0.0022480092	0.7505246	1.0	0.7294627230001661	degenerated	True	pain_ligand:VEGFA
NP_stressed_degenerative	Memory B cells	VEGFA	ITGB1	0.58806634	1.0	0.3419531	-0.4981667766530243	-0.06662490503300855	0.001562116	0.68588233	1.0	0.7295420733812914	degenerated	True	pain_ligand:VEGFA
Endothelial cells	NP_notochordal	GRN	TNFRSF1A	0.58798206	1.0	0.32261303	-0.14144572296099173	-0.10986337329606577	0.003686414	0.679577	1.0	0.7299388233720369	degenerated	True	pain_receptor:TNFRSF1A
AF_inner	AF_mechanical_stress	VEGFA	SIRPA	0.75408614	0.0	0.26056367	0.15415773043167208	0.1260384397010083	0.005052736	0.6558886	0.38527578814568436	0.7301372522975662	degenerated	True	pain_ligand:VEGFA
Plasma cells	AF_outer	PTGS2	CAV1	0.966761	0.67	0.54701626	-0.038155742041901336	-0.10563057670826981	0.0032751514	0.7341617	1.0	0.7303357171808773	degenerated	True	pain_ligand:PTGS2
AF_outer	AF_mechanical_stress	ANGPT1	ITGA5	0.33166587	0.0	0.07996124	0.13297352146339364	0.1601628679203293	0.007532734	0.51358986	0.3175964686546551	0.7303885511751853	degenerated	True	pain_ligand:ANGPT1
Tem/Trm cytotoxic T cells	Endothelial cells	TNF	VSIR	0.28367734	0.0	0.07999384	0.4516135778094035	0.3390182445541029	0.0015968718	0.51364076	0.7189390077422979	0.7306703058717796	degenerated	True	pain_ligand:TNF
Naive B cells	Plasma cells	VEGFA	CD44	0.58744514	1.0	0.2748279	-0.36831521658689803	-0.6116929792634224	0.00095177104	0.661878	1.0	0.7316598053652711	degenerated	True	pain_ligand:VEGFA
NP_mature_chondrocyte	DC	VEGFA	NRP2	0.9716442	0.01	0.8381811	0.22992213013844753	0.25527904219668196	0.011220644	0.7736818	0.1777933380885029	0.7323501846526431	degenerated	True	pain_ligand:VEGFA; pain_receptor:NRP2
DC	Macrophages	PDGFC	FLT1	0.5871191	0.0	0.27282733	0.5657905375860336	0.6194652690155278	0.019414896	0.6610599	0.01206484357911715	0.7325876396391497	degenerated	True	pain_receptor:FLT1
Endothelial cells	NP_notochordal	ADAM17	IL6R	0.5870735	0.0	0.31869504	0.5641338980902355	0.8779999562018193	0.015491238	0.6782452	0.006967750741645059	0.7326538686605247	degenerated	True	pain_receptor:IL6R
Mast cells	NP_mature_chondrocyte	VEGFA	ITGAV	0.58704585	0.8	0.34459054	-0.06295742275593863	0.24527325666422273	0.0051738163	0.68670946	1.0	0.732852789303685	degenerated	True	pain_ligand:VEGFA
Mast cells	AF_outer	VEGFA	ITGAV	0.58703077	0.79	0.34457272	-0.06297815639177096	0.3938774999117993	0.0051735486	0.6867039	1.0	0.7330517459491502	degenerated	True	pain_ligand:VEGFA
Endothelial cells	AF_mechanical_stress	GRN	TNFRSF1A	0.7406801	0.24	0.5486066	0.04496472261997997	-0.061650803390900344	0.006268783	0.73444486	0.9081882088767692	0.7335162579866643	degenerated	True	pain_receptor:TNFRSF1A
AF_mechanical_stress	AF_inner	VEGFA	NRP2	0.97102165	0.0	0.79459196	0.22340647829883895	0.1582107027478219	0.010637121	0.7689721	0.32117632538479673	0.7335356621048026	degenerated	True	pain_ligand:VEGFA; pain_receptor:NRP2
Fibroblasts	CD16+ NK cells	VEGFB	ADRB2	0.586745	0.16	0.3026706	0.2702177239669404	0.4796794634510291	0.011727593	0.6725904	0.4130290097656548	0.7339807563691122	degenerated	True	pain_ligand:VEGFB
Fibroblasts	DC	FGF2	CD44	1.1009763	0.21	0.64602447	0.18818622648649394	-0.1235899239156803	0.006208127	0.75007653	1.0	0.7342027931745313	degenerated	True	pain_ligand:FGF2
AF_outer	NP_mature_chondrocyte	PTGS2	CAV1	0.8128834	1.0	0.5491104	-0.18619220776007778	-0.8718292189496197	0.0032876898	0.7345344	1.0	0.7345120016933521	degenerated	True	pain_ligand:PTGS2
Macrophages	Plasma cells	VEGFA	CD44	0.97045183	0.53	0.9278685	0.005216720663838159	-0.0049800884572684945	0.0032133507	0.78245777	1.0	0.7345735792678743	degenerated	True	pain_ligand:VEGFA
Plasma cells	Tem/Effector helper T cells	VEGFA	ITGB1	0.5863922	1.0	0.2606098	-0.504404249581707	-0.7052861954763425	0.0011905221	0.6559086	1.0	0.7352426461330703	degenerated	True	pain_ligand:VEGFA
Endothelial cells	Macrophages	TNFSF10	TNFRSF10B	0.586357	0.0	0.3371282	0.6208925478280491	0.7479496625346791	0.023005564	0.6843496	0.005963467576966869	0.7355086461363991	degenerated	True	pain_ligand:TNF
NP_stressed_degenerative	Naive B cells	VEGFA	CD44	0.9697968	0.52	0.83840644	0.006786980393532024	0.5540898528000191	0.0029035297	0.77370536	1.0	0.7359085981525689	degenerated	True	pain_ligand:VEGFA
NK cells	AF_outer	PDGFA	PDGFRB	0.6443491	0.0	0.25941393	1.016598231166451	1.1647031916251458	0.022550413	0.6553893	0.005963467576966869	0.7361070653250804	degenerated	True	pain_ligand:PDGFA
AF_mechanical_stress	NP_stressed_degenerative	GRN	TNFRSF1A	0.7431412	0.04	0.54989076	0.043477195113222795	0.46687374010986216	0.0062834565	0.7346728	0.5932623977435306	0.7364395204313692	degenerated	True	pain_receptor:TNFRSF1A
AF_outer	AF_inner	PIGF	FLT1	0.28429776	0.0	0.080385186	0.1602985192795622	0.2684391098891403	0.012721577	0.51425034	0.23583078175090377	0.7368634556405629	degenerated	True	pain_receptor:FLT1
AF_inner	Fibroblasts	FGF2	FGFR1	0.9692441	0.02	0.93912387	0.2383238593048838	0.13660888966313756	0.029862246	0.7834822	0.364131414932279	0.7368732746657997	degenerated	True	pain_ligand:FGF2
Tem/Temra cytotoxic T cells	AF_mechanical_stress	TNF	TNFRSF1A	0.741716	0.0	0.5501426	1.3884212904546125	1.0449456193016542	0.013623046	0.7347175	0.009528897673098587	0.7369054623690822	degenerated	True	pain_ligand:TNF; pain_receptor:TNFRSF1A
Fibroblasts	Plasma cells	IL11	IL6R	0.5858339	0.0	0.31484893	0.6055912828165665	0.6952135381340818	0.02092395	0.676919	0.006337001371573186	0.7369054623690822	degenerated	True	pain_receptor:IL6R
Fibroblasts	DC	VEGFA	NRP2	0.5858268	0.75	0.33954766	-0.14635104013182862	-0.49225168187002055	0.00454549	0.6851214	1.0	0.73697195136453	degenerated	True	pain_ligand:VEGFA; pain_receptor:NRP2
Macrophages	Plasma cells	PTGS2	CAV1	0.8339747	0.91	0.5503715	-0.188889103159252	-0.3561645130220641	0.0032952407	0.734758	1.0	0.737038444359273	degenerated	True	pain_ligand:PTGS2
AF_inner	Endothelial cells	VEGFA	ITGAV	0.8649255	0.0	0.5507716	0.17979349423164984	0.20433395736361393	0.008269498	0.7348288	0.24613841727887625	0.7375711638918341	degenerated	True	pain_ligand:VEGFA
Fibroblasts	AF_mechanical_stress	VEGFB	ADRB2	0.7438251	0.04	0.5510781	0.5502154806587668	0.41790686318913894	0.02135265	0.734883	0.19940486760830795	0.7378375146017091	degenerated	True	pain_ligand:VEGFB
AF_mechanical_stress	NP_mature_chondrocyte	VEGFA	ITGAV	0.9687364	0.0	0.7883938	0.3092908589288512	0.24744149870149157	0.01183725	0.7682758	0.18814575500576042	0.7379125039146954	degenerated	True	pain_ligand:VEGFA
AF_mechanical_stress	AF_outer	VEGFA	ITGAV	0.96872133	0.0	0.78835297	0.3092701252930189	0.39604574194906816	0.011836638	0.76827115	0.06870397399765092	0.7380609679008874	degenerated	True	pain_ligand:VEGFA
Fibroblasts	NP_mature_chondrocyte	PDGFC	FLT1	0.33399177	0.2	0.08046209	0.17659867376411673	0.09633169746836479	0.0057258303	0.5143697	0.47735518276422845	0.7384100082749337	degenerated	True	pain_receptor:FLT1
AF_mechanical_stress	Macrophages	GRN	TNFRSF1A	0.585405	0.97	0.30009824	-0.14908377311824236	-0.38352673350566413	0.0034291435	0.6716499	1.0	0.7385039879558255	degenerated	True	pain_receptor:TNFRSF1A
AF_mechanical_stress	Fibroblasts	VEGFA	EGFR	0.77349937	0.0	0.258869	0.2913148438416032	0.2186403836015297	0.018642973	0.65515184	0.2244210393250428	0.7389705893867331	degenerated	True	pain_ligand:VEGFA
NK cells	CD16+ NK cells	ANGPT2	ITGA5_ITGB1	0.5852209	0.0	0.3329668	1.984649428121823	1.17623218378305	0.019095546	0.6830065	0.005963467576966869	0.7393707501134305	degenerated	True	pain_ligand:ANGPT2
Plasma cells	DC	VEGFA	CD44	1.0756285	0.34	0.55206585	0.11285337484350566	-0.23622658844854216	0.0019118885	0.7350574	1.0	0.7396375338640241	degenerated	True	pain_ligand:VEGFA
Naive B cells	Classical monocytes	TNF	VSIR	0.79296917	0.0	0.55216986	1.3854409754305095	1.6011961152329688	0.011022655	0.7350758	0.02457246805107424	0.7399712620270508	degenerated	True	pain_ligand:TNF
DC	Memory B cells	TNFSF9	HLA-DPA1	0.8230941	0.0	0.2586364	1.5574841108714155	1.4475384386736645	0.005370601	0.6550503	0.05345754101183548	0.7400381463023968	degenerated	True	pain_ligand:TNF
Naive B cells	Tcm/Naive helper T cells	VEGFA	CD44	1.0182562	0.37	0.55259055	0.05619598890177843	0.08185044208188996	0.0019137055	0.73514986	1.0	0.7405720990071447	degenerated	True	pain_ligand:VEGFA
Fibroblasts	Tem/Effector helper T cells	FGF2	CD44	0.9670554	0.35	0.5526644	0.05622368292757257	-0.08439871612636413	0.0053109615	0.7351629	0.9880952332662256	0.7407057328646091	degenerated	True	pain_ligand:FGF2
DC	Fibroblasts	APP	NGFR	0.967041	0.0	0.7228936	2.1140741789388713	0.9357773761946931	0.052256357	0.7604654	0.005963467576966869	0.7414790708713332	degenerated	True	pain_receptor:NGFR
AF_inner	Plasma cells	NGF	MAGED1	0.3321677	0.83	0.08069792	-0.058696145562140645	0.06992950460217767	0.011090953	0.5147353	1.0	0.7415009440046777	degenerated	True	pain_ligand:NGF
NP_mature_chondrocyte	AF_mechanical_stress	VEGFA	SIRPA	0.7480596	0.0	0.25816467	0.1482810418006214	0.08154170922081255	0.0050062155	0.654844	0.48443178671304615	0.7415074510621495	degenerated	True	pain_ligand:VEGFA
AF_outer	Macrophages	FGF2	SDC2	0.7463435	0.87	0.5530131	-0.07931028717311929	0.034654435514314685	0.014389361	0.7352243	1.0	0.7416411974134075	degenerated	True	pain_ligand:FGF2
Macrophages	NP_notochordal	TNFSF13B	TFRC	0.5845572	0.0	0.31498522	0.6353172158964361	0.9288541801606255	0.010681216	0.67696625	0.027914653439260168	0.7423097475552739	degenerated	True	pain_ligand:TNF
Fibroblasts	AF_inner	NGF	BEX3	0.923095	0.01	0.553605	0.3593024094117479	0.2832077261897194	0.03719372	0.7353284	0.148774837685121	0.7433134317174694	degenerated	True	pain_ligand:NGF
AF_outer	AF_outer	FGF2	FGFRL1	0.58421606	1.0	0.33155498	-0.033517445857232035	-0.10233647883099994	0.018036202	0.6825464	1.0	0.7433803055998511	degenerated	True	pain_ligand:FGF2
AF_mechanical_stress	NP_mature_chondrocyte	TNFSF10	TNFRSF10B	0.2852503	0.0	0.080860205	0.10079061965801803	0.006732279374267569	0.005517885	0.5149862	0.688331329125644	0.7436068275213013	degenerated	True	pain_ligand:TNF
Classical monocytes	NP_stressed_degenerative	VEGFA	CD44	0.7441872	0.9	0.5538129	-0.21600505566168124	0.37193168854694747	0.0019179388	0.735365	1.0	0.743648264605856	degenerated	True	pain_ligand:VEGFA
Macrophages	AF_outer	VEGFA	EGFR	0.6625966	0.04	0.25773823	0.21168331595843345	0.4079445442266173	0.01856154	0.6546571	0.19940486760830795	0.7437820565437937	degenerated	True	pain_ligand:VEGFA
Tem/Temra cytotoxic T cells	DC	TNF	VSIR	0.5840653	0.0	0.3161658	1.3566546711647427	1.0078785221040505	0.00631144	0.6773752	0.10350413227990742	0.7440501120787866	degenerated	True	pain_ligand:TNF
Naive B cells	Endothelial cells	VEGFA	ITGB1	1.0206882	0.7	0.55415857	-0.09198737566442552	-0.23274904364516247	0.0025315164	0.73542565	1.0	0.7445859926224618	degenerated	True	pain_ligand:VEGFA
Macrophages	DC	SEMA3C	NRP2_PLXNA1	0.29214424	0.37	0.0808828	0.18145267440254495	0.19896603754438047	0.035991907	0.5150211	0.7316060155068799	0.7447293818995441	degenerated	True	pain_receptor:NRP2
NP_stressed_degenerative	Plasma cells	VEGFA	CD44	0.7513927	0.98	0.55436456	-0.20842335797113754	0.09434688550518733	0.0019198493	0.73546183	1.0	0.7450553640510614	degenerated	True	pain_ligand:VEGFA
NP_mature_chondrocyte	AF_inner	TNFSF10	TNFRSF11B	0.8380091	0.0	0.55440855	0.3894311913197727	0.4494777767108381	0.029359171	0.7354695	0.04685538965312588	0.7451558330332759	degenerated	True	pain_ligand:TNF
DC	NP_notochordal	TNF	TNFRSF1A	0.96548605	0.0	0.6517684	2.5697986561491506	1.278426926548315	0.01613958	0.75090533	0.005963467576966869	0.7454232547693384	degenerated	True	pain_ligand:TNF; pain_receptor:TNFRSF1A
AF_mechanical_stress	Fibroblasts	NGF	BEX3	0.92364967	0.13	0.25735056	0.23644887919042976	0.03884893454346605	0.017289992	0.654487	0.5949947076349876	0.7454577182243626	degenerated	True	pain_ligand:NGF
NP_mature_chondrocyte	DC	SEMA3C	NRP2_PLXNA1	0.2922086	0.23	0.08091182	0.181536251049617	0.12150488308739404	0.036004823	0.51506585	0.5229830666060786	0.7455710671649822	degenerated	True	pain_receptor:NRP2
NP_notochordal	Fibroblasts	APP	NGFR	0.58364534	0.01	0.33466086	1.6952244950682605	0.6291402121005508	0.024191882	0.68355566	0.11458311243323929	0.7457929826083465	degenerated	True	pain_receptor:NGFR
AF_inner	Fibroblasts	NGF	NGFR	0.33316028	0.0	0.081015565	1.8110104090937622	0.6069954574324377	0.04719745	0.51522595	0.013461225231171678	0.746412542988524	degenerated	True	pain_ligand:NGF; pain_receptor:NGFR
NP_notochordal	NP_notochordal	VEGFA	CD44	0.58352995	1.0	0.3400638	-0.3733874437415857	-0.31535081993556346	0.001177693	0.6852852	1.0	0.7464642373466326	degenerated	True	pain_ligand:VEGFA
Endothelial cells	Endothelial cells	TNFSF12	TNFRSF12A	0.28714126	1.0	0.0810182	-0.3414847385720869	-0.5921392299869368	0.0020528326	0.51522994	1.0	0.746552787068335	degenerated	True	pain_ligand:TNF
DC	Endothelial cells	CXCL8	SDC2	1.4541004	0.0	0.5549944	0.5882431658164187	0.05944419031529091	0.0034713217	0.7355723	0.7017832258545154	0.7469341853917463	degenerated	True	pain_ligand:CXCL8
Tem/Temra cytotoxic T cells	AF_mechanical_stress	TNF	VSIR	0.5834327	0.0	0.3152269	1.355791374640063	0.9342937702773967	0.0062926975	0.6770501	0.10350413227990742	0.7470012762611687	degenerated	True	pain_ligand:TNF
NP_notochordal	Endothelial cells	CXCL8	SDC2	0.7280462	0.36	0.25682488	-0.046115869689622446	-0.4329165905020924	0.0016063616	0.65425575	1.0	0.7472029976888803	degenerated	True	pain_ligand:CXCL8
Fibroblasts	Fibroblasts	NGF	BEX3	1.0361302	0.08	0.63877577	0.472248799651878	0.22412187369259823	0.042915884	0.7490174	0.2799514982977906	0.7472113341726385	degenerated	True	pain_ligand:NGF
AF_mechanical_stress	NP_stressed_degenerative	FGF2	CD44	0.74526966	1.0	0.55542123	-0.13877197952501164	0.09729734570907067	0.0053374544	0.7356471	1.0	0.7478077424419489	degenerated	True	pain_ligand:FGF2
Tem/Trm cytotoxic T cells	Macrophages	ADAM10	IL6R	0.5832363	0.0	0.27578393	0.48790175098796496	0.7442791018982634	0.0051445668	0.66226643	0.18357224138021155	0.7478077424419489	degenerated	True	pain_receptor:IL6R
AF_inner	Tem/Temra cytotoxic T cells	VEGFB	ADRB2	0.58312	0.0	0.3078504	0.3792836346325403	0.5839366643116479	0.011928293	0.674456	0.034967051277881425	0.7485471761865662	degenerated	True	pain_ligand:VEGFB
Tcm/Naive helper T cells	AF_inner	CXCL8	SDC2	0.87767315	0.0	0.55581737	0.17534570375705116	-0.21641031329131988	0.0034764693	0.7357164	1.0	0.7488163753181853	degenerated	True	pain_ligand:CXCL8
Classical monocytes	Endothelial cells	VEGFA	ITGAV	0.5830874	0.67	0.31362554	-0.09507181905485096	0.15548829545147125	0.004708895	0.6764931	1.0	0.7488163753181853	degenerated	True	pain_ligand:VEGFA
Fibroblasts	NP_mature_chondrocyte	NGF	BEX3	0.926056	0.01	0.55583614	0.3622615915417853	0.2502917371198358	0.037343618	0.7357196	0.1844858676680693	0.7488835788462558	degenerated	True	pain_ligand:NGF
NK cells	Endothelial cells	ANGPT1	ITGB1	1.0450017	0.0	0.6377489	0.4829114689253838	0.6404642108497988	0.022062318	0.74886614	0.014082914302232566	0.7492244596728463	degenerated	True	pain_ligand:ANGPT1
Fibroblasts	NP_notochordal	IL11	IL6R	0.5828237	0.0	0.31233564	0.601158525939018	0.7498537808723873	0.020756926	0.6760419	0.005963467576966869	0.7495564736959943	degenerated	True	pain_receptor:IL6R
DC	NP_notochordal	VEGFA	CD44	0.762443	0.95	0.556401	-0.19890027724282341	-0.2820389399620046	0.0019269018	0.7358183	1.0	0.7500279314462062	degenerated	True	pain_ligand:VEGFA
Mast cells	AF_inner	TNFSF10	RIPK1	0.30498695	0.02	0.08132267	0.21850166767510554	0.7527506827215855	0.007840003	0.5156984	0.14989686201302985	0.7501966483994194	degenerated	True	pain_ligand:TNF
AF_inner	Macrophages	VEGFB	ADRB2	0.3026037	1.0	0.08134121	-0.12074153834049432	-0.2818849656086685	0.0031517316	0.51572686	1.0	0.750336735439983	degenerated	True	pain_ligand:VEGFB
Tem/Trm cytotoxic T cells	Plasma cells	CXCL8	CD79A	0.8386791	0.0	0.556861	4.37828635817669	0.9241492143931271	0.004133643	0.7358987	0.06059246736707598	0.7509036854453744	degenerated	True	pain_ligand:CXCL8
Fibroblasts	AF_inner	VEGFB	ADRB2	0.5821508	0.14	0.2954053	0.26202857479011965	0.19642811204806615	0.011446083	0.66990954	0.38120921633996746	0.7509710137992572	degenerated	True	pain_ligand:VEGFB
Fibroblasts	AF_mechanical_stress	ANGPT1	ITGA5	0.5821199	0.0	0.3329144	0.7586526502492836	0.5551340123251763	0.031362142	0.6829895	0.02042275375931271	0.7510385592611336	degenerated	True	pain_ligand:ANGPT1
Tem/Trm cytotoxic T cells	AF_mechanical_stress	CXCL8	SDC2	0.8387345	0.02	0.5569115	0.13179630119588354	-0.35268742713669665	0.003483313	0.7359075	1.0	0.7510385592611336	degenerated	True	pain_ligand:CXCL8
Tem/Effector helper T cells	AF_inner	TNF	VSIR	0.2945145	0.01	0.081382655	0.5368848494494604	0.20779586839126563	0.0016245961	0.51579046	1.0	0.7511770249000114	degenerated	True	pain_ligand:TNF
AF_outer	NK cells	VEGFA	CD44	0.9628488	0.46	0.8352647	-0.0001079958625438554	-0.1643019358740846	0.0028926493	0.7733765	1.0	0.7513885907449295	degenerated	True	pain_ligand:VEGFA
AF_mechanical_stress	Fibroblasts	VEGFA	ITGAV	0.88361275	0.05	0.55752015	0.19633152264205758	0.06696205518247389	0.008370824	0.73601365	0.5205798827416327	0.7522525104981299	degenerated	True	pain_ligand:VEGFA
AF_inner	NP_mature_chondrocyte	FGF2	FGFR3	0.6100982	0.0	0.25557676	0.32520461671487777	0.3938064775390611	0.06177103	0.6537046	0.07020469859769625	0.7523199194532484	degenerated	True	pain_ligand:FGF2
Macrophages	Fibroblasts	TNF	FAS	0.8764435	0.0	0.55755925	2.7142107325391533	1.6367410955995823	0.026322262	0.73602045	0.005963467576966869	0.7524549627955642	degenerated	True	pain_ligand:TNF
NP_mature_chondrocyte	AF_outer	FGF2	SDC4	0.9620354	0.0	0.8856345	0.33968215576981936	0.5612325480273802	0.043598987	0.77846676	0.04896319435962851	0.753330322337991	degenerated	True	pain_ligand:FGF2
Endothelial cells	Memory B cells	TNFSF10	TNFRSF10A	0.58140135	0.0	0.33050615	1.0971824982058733	1.2956787655609174	0.033119086	0.682203	0.005963467576966869	0.7535352506886916	degenerated	True	pain_ligand:TNF
AF_inner	Classical monocytes	ADAM17	IL6R	0.28976196	0.3	0.0816162	0.08977633365129878	0.24550672695153963	0.0039672283	0.5161483	0.6756841079441189	0.7542563144740445	degenerated	True	pain_receptor:IL6R
Mast cells	Macrophages	VEGFA	NRP2	0.7676785	0.47	0.558722	0.06006240798812017	0.4280102658080499	0.0074795554	0.7362228	0.875492967772131	0.7543461982259123	degenerated	True	pain_ligand:VEGFA; pain_receptor:NRP2
AF_mechanical_stress	AF_mechanical_stress	FGF2	CD44	0.9615843	0.0	0.87886643	0.07437974642558867	-0.12187655166039835	0.008445679	0.7778046	1.0	0.7545260410561787	degenerated	True	pain_ligand:FGF2
NP_notochordal	Fibroblasts	CXCL8	ADRA2A	0.9615555	0.0	0.8409515	2.9008669268131295	0.9436124863547092	0.0546103	0.77397054	0.005963467576966869	0.7546008291756852	degenerated	True	pain_ligand:CXCL8
Fibroblasts	Mast cells	VEGFA	CD44	0.79456484	0.75	0.55891037	-0.1652512441372524	0.04109124767341299	0.001935592	0.73625547	1.0	0.7547518900867849	degenerated	True	pain_ligand:VEGFA
NP_notochordal	NP_mature_chondrocyte	ADAM10	IL6R	0.29943836	0.0	0.08166155	0.07567651370179883	0.038673984717320475	0.0015233424	0.5162177	1.0	0.7548158982009265	degenerated	True	pain_receptor:IL6R
AF_inner	CD16+ NK cells	TNFSF9	HLA-DPA1	0.2907125	0.0	0.081735276	0.3319780342733748	0.6691579794435258	0.0016972383	0.5163303	0.4620215304460362	0.7556550718561303	degenerated	True	pain_ligand:TNF
Fibroblasts	AF_outer	PDGFA	PDGFRA	0.5808559	0.01	0.32238635	0.44479436991721355	0.7267624717696316	0.037539326	0.67950046	0.11458311243323929	0.7557667560504342	degenerated	True	pain_ligand:PDGFA
DC	DC	TNF	VSIR	0.9605334	0.0	0.63695985	2.724442482440253	1.2895723992558765	0.01271527	0.7487497	0.012913384650787285	0.7561710622261493	degenerated	True	pain_ligand:TNF
Tem/Temra cytotoxic T cells	Plasma cells	TNF	TRADD	0.5807585	0.0	0.31125802	1.5652868215147624	1.3127738285829629	0.022183642	0.67566335	0.005963467576966869	0.7562408140500503	degenerated	True	pain_ligand:TNF
Classical monocytes	AF_mechanical_stress	VEGFA	CD44	0.9605019	0.54	0.87632155	-0.002853329711080918	0.15275779117747845	0.0030348354	0.7775539	1.0	0.7563206195127096	degenerated	True	pain_ligand:VEGFA
Mast cells	DC	TNFSF9	PVR	0.30076712	0.03	0.08177637	0.37216264593438325	0.8914825059825008	0.02358687	0.51639307	0.1760704091790426	0.7563542050667227	degenerated	True	pain_ligand:TNF
Macrophages	AF_mechanical_stress	VEGFB	ADRB2	0.58073026	0.0	0.3237414	0.35687863159924316	0.3771043901057459	0.012544024	0.67995703	0.0790617974855155	0.7563761120867956	degenerated	True	pain_ligand:VEGFB
Macrophages	Mast cells	TNF	FAS	0.9603994	0.0	0.78178006	2.9110539944981584	2.3328115484100933	0.036907684	0.767525	0.002064718434623213	0.7565450310686602	degenerated	True	pain_ligand:TNF
DC	Tem/Trm cytotoxic T cells	TNFSF9	TNFRSF9	0.3205002	0.0	0.08181399	1.0437918618551987	0.8451240128079596	0.019457877	0.5164505	0.005963467576966869	0.756913440229918	degenerated	True	pain_ligand:TNF
AF_inner	AF_mechanical_stress	FGF2	FGFRL1	0.9602247	0.0	0.92195755	0.42412484679309326	0.5030202293504287	0.050153412	0.78191334	0.03067765956634018	0.7572183845786556	degenerated	True	pain_ligand:FGF2
Classical monocytes	NP_mature_chondrocyte	TNFSF13B	TFRC	0.9601158	0.0	0.90681624	1.6759151292153829	1.468082505376928	0.03075033	0.78049815	0.005568911381996357	0.7575177494208909	degenerated	True	pain_ligand:TNF
Macrophages	Plasma cells	TNF	TRADD	0.8773963	0.0	0.56010383	2.6430346785465213	1.6745478569020344	0.039919104	0.73646253	0.0014129621407870875	0.7575958066008752	degenerated	True	pain_ligand:TNF
DC	AF_mechanical_stress	TNF	VSIR	0.95990074	0.0	0.63506836	2.723579185915573	1.2159876474292228	0.012677511	0.7484699	0.013065226735933582	0.7578171494424053	degenerated	True	pain_ligand:TNF
DC	NP_stressed_degenerative	VEGFA	SIRPA	0.5982839	0.4	0.2542502	0.027386756733181153	0.1963502659030702	0.0049303076	0.6531153	0.7785064256509252	0.7578671706871632	degenerated	True	pain_ligand:VEGFA
Naive B cells	NK cells	VEGFA	GPC1	0.28819278	0.96	0.08188687	-0.2789032880109299	-0.4348569771252289	0.0036730168	0.51656175	1.0	0.7580316317589233	degenerated	True	pain_ligand:VEGFA
Macrophages	AF_inner	TNFSF13B	TFRC	0.5802797	0.0	0.31138286	0.6302981311385167	0.5498078607158188	0.010559059	0.6757073	0.029332144192972268	0.7581383851414827	degenerated	True	pain_ligand:TNF
DC	AF_inner	PDGFC	FLT1	0.5802507	0.0	0.2610792	0.5532483350871806	0.595039429304921	0.018578876	0.6561116	0.014870706741729233	0.7584096642936009	degenerated	True	pain_receptor:FLT1
NP_mature_chondrocyte	Plasma cells	PTGS2	CAV1	0.8452886	0.95	0.56062186	-0.17899535757103346	-0.4391048378667797	0.0033566128	0.73655224	1.0	0.7589526312999296	degenerated	True	pain_ligand:PTGS2
Classical monocytes	AF_inner	VEGFA	ITGB1	0.9594493	0.78	0.87475216	-0.1445145794884096	-0.0029031174391200842	0.0039960574	0.7773989	1.0	0.7590897845151501	degenerated	True	pain_ligand:VEGFA
Plasma cells	AF_inner	VEGFA	SIRPA	0.2865516	1.0	0.08198374	-0.2769711438558689	-0.6436594927025316	0.0015897925	0.5167094	1.0	0.7594288209056619	degenerated	True	pain_ligand:VEGFA
Classical monocytes	DC	VEGFA	ITGB1	0.7488618	0.93	0.56078243	-0.34433568608114923	-0.3428223634345524	0.0025617757	0.7365801	1.0	0.7594958573947617	degenerated	True	pain_ligand:VEGFA
Tem/Temra cytotoxic T cells	Fibroblasts	TNF	FAS	0.57980573	0.0	0.309844	1.6364628755073949	1.2749670672805107	0.014627674	0.6751642	0.006766749784437573	0.7594958573947617	degenerated	True	pain_ligand:TNF
AF_mechanical_stress	NP_mature_chondrocyte	TNFSF10	RIPK1	0.28709817	0.0	0.08199767	0.19601405479783252	0.15904562702672886	0.007905078	0.51673055	0.319722630062896	0.7598478589073218	degenerated	True	pain_ligand:TNF
CD16+ NK cells	Fibroblasts	CXCL8	SDC2	0.8966633	0.13	0.5611857	0.1958217119359303	-0.13506462096212946	0.0035100468	0.7366498	1.0	0.7601750933444924	degenerated	True	pain_ligand:CXCL8
Plasma cells	Endothelial cells	GRN	TNFRSF1A	0.5794907	0.95	0.3165434	-0.1258582777713806	-0.20747626232514138	0.003617058	0.6775056	1.0	0.7607868163204508	degenerated	True	pain_receptor:TNFRSF1A
Fibroblasts	Macrophages	FGF2	SDC2	0.5791377	0.87	0.28223616	-0.26380376529769156	-0.4380780583041805	0.0073437653	0.6648479	1.0	0.7618070837380292	degenerated	True	pain_ligand:FGF2
NP_stressed_degenerative	NK cells	VEGFA	CD44	0.9580612	0.52	0.82314396	-0.004776856022137718	0.42528362468111225	0.0028506734	0.772093	1.0	0.7619369553268237	degenerated	True	pain_ligand:VEGFA
NP_mature_chondrocyte	Fibroblasts	NGF	TRPV1	0.33132938	0.0	0.08211887	0.9247383543435772	0.6007396065259424	0.15070352	0.51691496	0.014174705641736767	0.7622214023560511	degenerated	True	pain_ligand:NGF
DC	AF_inner	VEGFA	SIRPA	0.59776664	0.4	0.2532982	0.02654515431947508	-0.17872765094629706	0.0049118465	0.65269023	1.0	0.7622836640022345	degenerated	True	pain_ligand:VEGFA
AF_inner	Endothelial cells	TNFSF10	TNFRSF10B	0.30486822	0.01	0.08216186	0.12506464305234938	0.1296611429787768	0.005606709	0.51698035	0.37756262175650396	0.762360989787374	degenerated	True	pain_ligand:TNF
AF_outer	Plasma cells	VEGFA	CD44	0.7561803	0.98	0.56252754	-0.20375449781154367	-0.4952386750500095	0.0019481189	0.7368813	1.0	0.7626921965178683	degenerated	True	pain_ligand:VEGFA
Mast cells	NP_mature_chondrocyte	CXCL8	SDC2	0.86422	0.16	0.5626561	0.15980514689205175	0.13927863412498942	0.0035192433	0.7369035	0.861868691056302	0.7627602276931889	degenerated	True	pain_ligand:CXCL8
AF_inner	Fibroblasts	NGF	SORT1	0.33679593	0.11	0.08217906	0.25430758104380635	0.10364302546343479	0.013630914	0.5170064	0.4340657668176339	0.7629192263242882	degenerated	True	pain_ligand:NGF
Mast cells	Macrophages	VEGFA	ITGB1	0.77149516	1.0	0.56324655	-0.32487436575660256	-0.0854113627738673	0.0025730324	0.7370052	1.0	0.7639186697958511	degenerated	True	pain_ligand:VEGFA
Classical monocytes	Fibroblasts	VEGFA	ITGAV	0.57828975	0.62	0.3064726	-0.10143838103749409	0.09028156076844374	0.0046014986	0.67396337	1.0	0.7642594462894597	degenerated	True	pain_ligand:VEGFA
NP_notochordal	NP_mature_chondrocyte	GRN	TNFRSF1A	0.9570223	0.0	0.7149158	0.25138015434330946	0.4155884460749725	0.008169155	0.75945324	0.10889342790237055	0.7644869477488698	degenerated	True	pain_receptor:TNFRSF1A
AF_inner	NP_notochordal	VEGFA	CD44	0.9568626	0.59	0.79148835	-0.009290934775736476	0.11260647495426523	0.0027410453	0.76862425	1.0	0.764712074939109	degenerated	True	pain_ligand:VEGFA
NK cells	Mast cells	VEGFA	CD44	0.7968615	0.88	0.5637962	-0.1630113715185988	0.24414548324216367	0.0019525128	0.73709965	1.0	0.7648052014024085	degenerated	True	pain_ligand:VEGFA
Plasma cells	NP_stressed_degenerative	VEGFA	SIRPA	0.2870688	1.0	0.08229187	-0.27612954144216284	-0.2685815758531644	0.0015957678	0.5171777	1.0	0.764872295490181	degenerated	True	pain_ligand:VEGFA
NP_mature_chondrocyte	AF_outer	SEMA3E	NRP2	0.57806754	0.0	0.3234475	0.22093197763485328	0.3296122726109073	0.032377586	0.6798582	0.14128106067533108	0.7652828153467239	degenerated	True	pain_receptor:NRP2
NP_mature_chondrocyte	AF_outer	FGF2	FGFRL1	0.8235929	0.0	0.56396914	0.23060868705847534	0.19127408924934353	0.030679258	0.7371294	0.26542883367737535	0.7653512162681329	degenerated	True	pain_ligand:FGF2
NP_notochordal	NK cells	CXCL8	SDC2	0.9564325	0.0	0.82813644	0.18992564731186895	0.07293929346696915	0.0051797424	0.77262455	0.5053873951088846	0.7656128980405459	degenerated	True	pain_ligand:CXCL8
DC	Macrophages	TNF	FAS	0.83199155	0.0	0.25261736	2.7128581531130047	1.2977791378381525	0.011926016	0.65238506	0.017433234308099083	0.7656242132108355	degenerated	True	pain_ligand:TNF
NK cells	AF_mechanical_stress	GRN	TNFRSF1A	0.5776415	0.95	0.30686623	-0.12579499179273404	-0.3499422308494665	0.0035064798	0.6741044	1.0	0.7666487999465428	degenerated	True	pain_receptor:TNFRSF1A
Classical monocytes	Tem/Trm cytotoxic T cells	TNFSF13B	HLA-DPB1	0.8021139	0.0	0.56470597	1.7853152395279612	1.8318487193295576	0.01337768	0.7372558	0.010299411219356945	0.7668538269229508	degenerated	True	pain_ligand:TNF
CD16+ NK cells	NK cells	TNF	VSIR	0.2873668	0.07	0.08242806	0.4499749527118773	0.4904826336611338	0.0016454649	0.5173842	1.0	0.7672422879039118	degenerated	True	pain_ligand:TNF
Plasma cells	Fibroblasts	RTN4	NGFR	0.8109523	0.42	0.5648356	1.568658102600696	0.37900572725445414	0.019833611	0.73727816	0.37323774784650865	0.7674008162835738	degenerated	True	pain_receptor:NGFR
Memory B cells	Macrophages	ADAM10	IL6R	0.5774759	0.0	0.26614138	0.4783157643171281	0.6886839814491929	0.004964692	0.65827477	0.19441591863793128	0.7674008162835738	degenerated	True	pain_receptor:IL6R
AF_outer	AF_inner	VEGFA	ITGAV	0.5773925	1.0	0.32658422	-0.08757142004118808	-0.34356066375861916	0.004903462	0.6809076	1.0	0.7674691271693478	degenerated	True	pain_ligand:VEGFA
DC	NP_mature_chondrocyte	PTGS2	CAV1	0.9557021	0.72	0.8767516	-0.06129812846628295	-0.49236804832976055	0.0052493764	0.7775964	1.0	0.7676406260846308	degenerated	True	pain_ligand:PTGS2
NK cells	AF_outer	ANGPT1	ITGB1	1.0314422	0.0	0.6276877	0.4700448851904526	0.877730383039918	0.021714263	0.74736786	0.01574317819787763	0.7680162650737912	degenerated	True	pain_ligand:ANGPT1
AF_outer	NK cells	TNFSF12	TNFRSF12A	0.2872668	1.0	0.082522154	-0.35924644588689486	-0.5367644787590947	0.00209094	0.5175266	1.0	0.7683570438479124	degenerated	True	pain_ligand:TNF
AF_outer	AF_inner	FGF2	FGFRL1	0.7555784	0.0	0.5656275	0.18587953424365855	0.28104961675350093	0.030769473	0.7374138	0.19047219919948244	0.7691799490931759	degenerated	True	pain_ligand:FGF2
AF_mechanical_stress	Small pre-B cells	VEGFA	ITGB1	0.9548274	0.77	0.75066984	-0.14084378162434463	-0.1161393938288593	0.0034292226	0.7638825	1.0	0.7692940559917689	degenerated	True	pain_ligand:VEGFA
Fibroblasts	NP_stressed_degenerative	ADAM10	IL6R	0.9547852	0.0	0.91158265	1.0943777096397291	1.542508901274242	0.017004974	0.7809469	0.005963467576966869	0.769369155739268	degenerated	True	pain_receptor:IL6R
DC	Plasma cells	TNF	TRADD	0.9572266	0.0	0.62707245	2.9330746327902726	1.594467705734789	0.04469202	0.7472753	0.0007911456768447461	0.7695195993748619	degenerated	True	pain_ligand:TNF
NP_notochordal	NP_mature_chondrocyte	PTGS2	CAV1	0.820209	1.0	0.5659163	-0.17978610690995978	-0.42686463537991215	0.0033883117	0.73746324	1.0	0.7699336194762184	degenerated	True	pain_ligand:PTGS2
Fibroblasts	NP_mature_chondrocyte	VEGFA	NRP2	0.8012854	0.28	0.565973	0.10602303867655569	-0.18881550414007453	0.0075766225	0.7374729	1.0	0.7702079216439128	degenerated	True	pain_ligand:VEGFA; pain_receptor:NRP2
Naive B cells	DC	TNFSF9	TNFRSF9	0.3478781	0.0	0.08268924	0.6949306272732628	0.7932066128336612	0.019666038	0.5177791	0.005963467576966869	0.7705853874622766	degenerated	True	pain_ligand:TNF
NP_mature_chondrocyte	Small pre-B cells	PIGF	FLT1	0.2998826	0.23	0.08270854	0.18368252589472736	0.2108298909903073	0.013089266	0.5178083	0.5229830666060786	0.7710030332417206	degenerated	True	pain_receptor:FLT1
Mast cells	NP_mature_chondrocyte	VEGFA	CD44	0.77410924	0.97	0.56634533	-0.18574809657895922	0.018017599449537514	0.0019613407	0.7375366	1.0	0.7710307853341682	degenerated	True	pain_ligand:VEGFA
NP_stressed_degenerative	NP_mature_chondrocyte	TNFSF13B	TFRC	0.5764028	0.0	0.26400748	0.5297070899868097	0.8890408543073485	0.00895255	0.6573688	0.056687378314685496	0.7712365927909188	degenerated	True	pain_ligand:TNF
DC	Macrophages	TNF	TNFRSF1A	0.9370074	0.0	0.5666167	2.5350325285168127	1.074284185768567	0.014030991	0.7375829	0.00824310282905131	0.7717168802818036	degenerated	True	pain_ligand:TNF; pain_receptor:TNFRSF1A
Endothelial cells	Fibroblasts	PTGS2	CAV1	1.3363588	0.07	0.6261723	0.310152558075324	-0.24551138660677196	0.0037490823	0.74713963	1.0	0.7718512719160038	degenerated	True	pain_ligand:PTGS2
Macrophages	Tem/Temra cytotoxic T cells	TNFSF9	HLA-DPA1	0.31410187	0.0	0.082735956	0.39071568606750184	0.5483330633545328	0.0017180174	0.5178497	0.3276716896116262	0.7719773555411835	degenerated	True	pain_ligand:TNF
NP_mature_chondrocyte	DC	VEGFA	ITGAV	0.86706924	0.02	0.56689596	0.18475881420386184	0.196226655978602	0.008511596	0.73763055	0.2580909514232023	0.7722661794426798	degenerated	True	pain_ligand:VEGFA
Mast cells	AF_mechanical_stress	VEGFA	NRP2	0.7746197	0.44	0.5669505	0.06819278687626672	0.3936428751320473	0.0075897085	0.7376399	0.8332072727730326	0.772403382119123	degenerated	True	pain_ligand:VEGFA; pain_receptor:NRP2
Memory B cells	Fibroblasts	CXCL8	SDC2	0.953784	0.18	0.7199161	0.24572846850892077	-0.05611364484824655	0.004502857	0.7600893	0.8905561625364579	0.7725286197909844	degenerated	True	pain_ligand:CXCL8
Mast cells	NP_mature_chondrocyte	TNFSF10	TNFRSF11B	0.892774	0.0	0.5669846	0.4240274813498899	0.9959075926163286	0.030025149	0.73764575	0.02334502390297674	0.7726094337462699	degenerated	True	pain_ligand:TNF
AF_inner	NP_mature_chondrocyte	FGF2	CD44	0.9535603	0.0	0.9092735	0.07850983428215307	0.014100614452095539	0.008737883	0.7807299	0.6660384094542832	0.7732062608089434	degenerated	True	pain_ligand:FGF2
NP_mature_chondrocyte	DC	TNFSF10	RIPK1	0.31804153	0.04	0.08280264	0.23988312496798497	0.25701684141820447	0.0079826815	0.51795024	0.19940486760830795	0.773229614829593	degenerated	True	pain_ligand:TNF
Macrophages	AF_mechanical_stress	TNF	VSIR	0.88007045	0.0	0.5672458	2.433539231671822	1.2960677985964684	0.0113236075	0.7376903	0.02201746860106998	0.7734340067064939	degenerated	True	pain_ligand:TNF
Fibroblasts	Fibroblasts	VEGFA	ITGB3	0.34156123	0.64	0.082849085	0.4247688535455605	-0.34449159387803197	0.011002341	0.5180202	1.0	0.7738555684773611	degenerated	True	pain_ligand:VEGFA
Fibroblasts	Fibroblasts	VEGFA	TYRO3	0.34156123	0.64	0.082849085	0.11627671999017433	-0.38502056114959265	0.012461899	0.5180202	1.0	0.7738555684773611	degenerated	True	pain_ligand:VEGFA
DC	AF_outer	CXCL2	DPP4	1.2331388	0.0	0.62518704	1.682450123832375	1.571920818210741	0.062087726	0.7469908	0.001093115178523888	0.7738839568164084	degenerated	True	pain_ligand:CXCL2
Endothelial cells	DC	VEGFA	ITGAV	0.31336403	1.0	0.08289782	-0.3552490199230839	-0.755168544123989	0.00124466	0.51809365	1.0	0.7743423768416602	degenerated	True	pain_ligand:VEGFA
Fibroblasts	Tem/Temra cytotoxic T cells	VEGFA	CD44	0.80286217	0.75	0.56763	-0.15707517146334954	-0.21617437731376687	0.0019657896	0.7377558	1.0	0.7744655476672836	degenerated	True	pain_ligand:VEGFA
CD16+ NK cells	Endothelial cells	CXCL8	SDC2	0.3046159	1.0	0.082934275	-0.41607033048278136	-1.0226378208001528	0.0005187287	0.51814854	1.0	0.774898563859519	degenerated	True	pain_ligand:CXCL8
DC	Macrophages	TNFSF13B	TFRC	0.86664623	0.0	0.5678938	0.982223195535517	0.981592721685134	0.019257398	0.7378008	0.005963467576966869	0.7752914404984234	degenerated	True	pain_ligand:TNF
DC	Fibroblasts	TNF	FAS	0.9562738	0.0	0.62422365	3.0042506867829046	1.5566609444323367	0.029469475	0.74684507	0.005963467576966869	0.775767277611963	degenerated	True	pain_ligand:TNF
Tem/Temra cytotoxic T cells	AF_inner	TNF	TNFRSF1A	0.57522976	0.0	0.30305254	1.185178402978354	0.7704606128201249	0.007504416	0.6727292	0.10350413227990742	0.775773627516948	degenerated	True	pain_ligand:TNF; pain_receptor:TNFRSF1A
Plasma cells	Plasma cells	VEGFA	CD44	0.5751934	1.0	0.25393826	-0.3802638582160947	-0.7457132012138606	0.00087942707	0.6529763	1.0	0.7758424343718036	degenerated	True	pain_ligand:VEGFA
NP_mature_chondrocyte	NP_stressed_degenerative	FGF2	CD44	0.95232105	0.0	0.86306363	0.08968707966565653	0.4401798202182863	0.008293817	0.7762327	0.42182005906562986	0.7758426811640079	degenerated	True	pain_ligand:FGF2
AF_outer	AF_mechanical_stress	FGF2	SDC2	0.9522734	0.0	0.8343033	0.13352241832333558	0.07132157915211412	0.021708515	0.7732756	0.5095558470787056	0.7759933755629672	degenerated	True	pain_ligand:FGF2
Macrophages	Macrophages	ADAM10	IL6R	0.75822353	0.0	0.56870204	0.7791019923768672	0.8411554946593947	0.010608762	0.7379383	0.028732017850223238	0.7766693056171636	degenerated	True	pain_receptor:IL6R
AF_mechanical_stress	Endothelial cells	GRN	TNFRSF1A	0.75504875	0.08	0.5687477	0.05801359539035827	0.009379655578245272	0.00649893	0.73794603	0.6814255864210946	0.7770140812808075	degenerated	True	pain_receptor:TNFRSF1A
NP_stressed_degenerative	Tem/Effector helper T cells	VEGFA	ITGB1	0.7625915	1.0	0.568929	-0.3325637493367498	0.13477389124270545	0.0025989912	0.7379769	1.0	0.7774278595252591	degenerated	True	pain_ligand:VEGFA
Macrophages	DC	TNF	VSIR	0.8807031	0.0	0.5689353	2.4344025281965016	1.369652550423122	0.0113573335	0.7379779	0.0217746200344048	0.7774967641581274	degenerated	True	pain_ligand:TNF
Endothelial cells	Endothelial cells	PTGS2	CAV1	1.2264132	0.0	0.5691164	0.20730829605745105	-0.20742493214122848	0.0034074718	0.73800874	1.0	0.7776348037227377	degenerated	True	pain_ligand:PTGS2
AF_inner	DC	FGF2	SDC3	0.77494806	0.0	0.5693285	0.9426854422033546	0.7744162202541822	0.101956986	0.73804474	0.005963467576966869	0.7780488022844898	degenerated	True	pain_ligand:FGF2
AF_mechanical_stress	DC	TNFSF9	TNFRSF9	0.34968412	0.0	0.083238624	0.6986927232716775	0.5378334486939471	0.019796697	0.51860577	0.023517493846549182	0.7785117954673774	degenerated	True	pain_ligand:TNF
AF_outer	Memory B cells	ANGPT1	ITGB1	0.34210408	1.0	0.08326687	-0.3487869980329331	-0.19037978469120798	0.0028805386	0.51864815	1.0	0.7787896080001371	degenerated	True	pain_ligand:ANGPT1
AF_inner	Fibroblasts	VEGFA	EGFR	0.7500144	0.01	0.24990287	0.26841025344855235	0.29080555109964223	0.017997261	0.6511591	0.14096180238182787	0.7788772401663882	degenerated	True	pain_ligand:VEGFA
AF_mechanical_stress	AF_outer	FGF2	SDC4	0.75498396	0.0	0.56994665	0.11122309657915118	0.2183500735181646	0.02805796	0.73814964	0.35408752767027213	0.7792916795386579	degenerated	True	pain_ligand:FGF2
NP_notochordal	AF_inner	VEGFA	NRP2	0.5742041	1.0	0.32957274	-0.16359462106006117	-0.19758142464389428	0.0044119563	0.6818963	1.0	0.779844566854963	degenerated	True	pain_ligand:VEGFA; pain_receptor:NRP2
Endothelial cells	AF_inner	GRN	TNFRSF1A	0.57419384	1.0	0.30220643	-0.15827816485627832	-0.33613580987242975	0.0034532335	0.6724214	1.0	0.7799136142095113	degenerated	True	pain_receptor:TNFRSF1A
DC	Small pre-B cells	TNFSF13B	HLA-DPB1	0.9509071	0.0	0.64181566	1.6636752076185288	1.4865385512068363	0.01520438	0.7494634	0.005963467576966869	0.779991020191783	degenerated	True	pain_ligand:TNF
NP_mature_chondrocyte	NP_notochordal	VEGFA	CD44	0.95083606	0.77	0.7842012	-0.01516762340678715	0.06810974447406948	0.0027158088	0.7678008	1.0	0.7801419490916807	degenerated	True	pain_ligand:VEGFA
AF_mechanical_stress	Endothelial cells	VEGFA	ITGAV	0.8884104	0.0	0.57053244	0.2026980846247007	0.1321687898655014	0.008566194	0.7382488	0.37306194247065294	0.7803284211030526	degenerated	True	pain_ligand:VEGFA
Macrophages	DC	TNF	TRADD	0.7611146	0.0	0.24955067	2.3822600777190956	1.4044910118219052	0.017785702	0.6509989	0.005963467576966869	0.7806049678472509	degenerated	True	pain_ligand:TNF
Mast cells	AF_mechanical_stress	TNF	TNFRSF1A	0.57405114	0.0	0.30154282	0.7792590828525409	1.0139091151638682	0.0074670305	0.67217916	0.10350413227990742	0.7806742787304977	degenerated	True	pain_ligand:TNF; pain_receptor:TNFRSF1A
Fibroblasts	AF_outer	GRN	TNFRSF1A	0.57403755	0.7	0.3266391	-0.13942500750874384	-0.3655176334214163	0.0037324189	0.68092585	1.0	0.7808124754478777	degenerated	True	pain_receptor:TNFRSF1A
NP_mature_chondrocyte	Fibroblasts	RTN4	NGFR	0.9503444	0.02	0.7059863	1.704166901416785	0.3711129627390807	0.024789972	0.7583033	0.14989686201302985	0.7809725082610985	degenerated	True	pain_receptor:NGFR
NK cells	NP_mature_chondrocyte	VEGFA	NRP2	0.8035821	0.14	0.5709206	0.10826291129520932	0.014238731428676155	0.007642856	0.73831457	0.6658025288387885	0.7812969486998245	degenerated	True	pain_ligand:VEGFA; pain_receptor:NRP2
AF_inner	CD16+ NK cells	NGF	KIDINS220	0.3405737	0.18	0.08338804	0.07993734087006463	0.3866101796723826	0.006097701	0.51882964	0.45549892080405163	0.7814273429479335	degenerated	True	pain_ligand:NGF
Plasma cells	Fibroblasts	VEGFA	ITGB1	1.1074419	0.44	0.5710182	-0.009991954642645406	-0.38336547784530306	0.002608535	0.7383311	1.0	0.7814352188895639	degenerated	True	pain_ligand:VEGFA
AF_mechanical_stress	NK cells	NGF	BEX3	0.35075858	1.0	0.083440304	-0.33599090354678374	-0.46888803657872635	0.0056059025	0.51890785	1.0	0.7823986249230739	degenerated	True	pain_ligand:NGF
Fibroblasts	CD16+ NK cells	ANGPT1	ITGA5	0.573459	0.0	0.32149506	0.7466453637275575	0.8571751752868664	0.030286383	0.679199	0.005963467576966869	0.7826816989452594	degenerated	True	pain_ligand:ANGPT1
Fibroblasts	NP_notochordal	NGF	SORT1	0.57339203	0.0	0.290108	0.7026515827878983	0.926126710589839	0.048119754	0.6679058	0.005963467576966869	0.7828895744037754	degenerated	True	pain_ligand:NGF
AF_inner	DC	VEGFA	ITGAV	0.87309587	0.02	0.5721638	0.1906355028349125	0.24072338645879776	0.00859069	0.7385247	0.19616253493064956	0.7837214443074798	degenerated	True	pain_ligand:VEGFA
Mast cells	Small pre-B cells	VEGFA	ITGB1	0.5731369	1.0	0.3281022	-0.5130920633091345	-0.11830763586612814	0.001498842	0.6814111	1.0	0.7839295038171046	degenerated	True	pain_ligand:VEGFA
Macrophages	Memory B cells	VEGFA	ITGB1	0.80712545	0.98	0.5723445	-0.2845266980180486	-0.16595187899546437	0.0026145938	0.73855513	1.0	0.7839990113511299	degenerated	True	pain_ligand:VEGFA
AF_mechanical_stress	NP_mature_chondrocyte	FGF2	FGFR1	0.94898736	0.0	0.8600307	0.21689567560302792	0.16252887278660888	0.027347246	0.7759269	0.31351001927725175	0.7843725962413696	degenerated	True	pain_ligand:FGF2
NK cells	Fibroblasts	VEGFA	ITGB3	0.3438579	0.79	0.083573334	0.4270087261642141	-0.14143735830928128	0.011098522	0.51910675	1.0	0.7844096447143927	degenerated	True	pain_ligand:VEGFA
NK cells	Fibroblasts	VEGFA	TYRO3	0.3438579	0.83	0.083573334	0.11851659260882796	-0.18196632558084197	0.012570839	0.51910675	1.0	0.7844096447143927	degenerated	True	pain_ligand:VEGFA
NK cells	Tem/Temra cytotoxic T cells	VEGFA	CD44	0.80515885	0.88	0.57259214	-0.1548352988446959	-0.01312014174501619	0.0019829741	0.7385969	1.0	0.784484582315039	degenerated	True	pain_ligand:VEGFA
AF_outer	DC	ANGPT1	ITGA5	0.34327132	0.2	0.083636515	0.14906288237115795	0.14413104453489423	0.007878963	0.51920104	0.47735518276422845	0.7850335013408256	degenerated	True	pain_ligand:ANGPT1
NP_mature_chondrocyte	Endothelial cells	VEGFA	NRP2	0.86941206	0.0	0.57297367	0.11017422364043729	0.05406256512002816	0.0076703397	0.7386612	0.5550013941515599	0.7851788537018267	degenerated	True	pain_ligand:VEGFA; pain_receptor:NRP2
Classical monocytes	DC	VEGFA	SIRPA	0.7571014	0.19	0.5730671	0.3428081442556908	0.6391979490764514	0.011112665	0.7386769	0.433614458992592	0.7853175815002568	degenerated	True	pain_ligand:VEGFA
NP_stressed_degenerative	AF_inner	VEGFA	ITGAV	0.57260495	1.0	0.32184505	-0.09224028020078194	0.24602489679657769	0.0048323064	0.6793175	1.0	0.7860123441989555	degenerated	True	pain_ligand:VEGFA
Fibroblasts	CD16+ NK cells	FGF2	CD44	0.5725667	0.93	0.27765536	-0.33249643910382676	-0.4156200101136009	0.0026681959	0.6630224	1.0	0.7862208089465317	degenerated	True	pain_ligand:FGF2
AF_inner	AF_mechanical_stress	FGF2	FGFR1	0.9479407	0.0	0.898578	0.21457767582073278	0.22354563057337729	0.02857297	0.77971536	0.21836246851839938	0.786414703278475	degenerated	True	pain_ligand:FGF2
NP_mature_chondrocyte	AF_inner	NGF	SORT1	0.33294946	0.0	0.083731316	0.3104006386107678	0.27782481476027415	0.013888383	0.51934236	0.1543447532675614	0.7865579729180677	degenerated	True	pain_ligand:NGF
Fibroblasts	Endothelial cells	FGF2	ITGB3	0.29439107	0.53	0.0837314	0.7139616583775693	-0.13391579742501003	0.030855013	0.51934254	0.4532342595349222	0.7866965464564059	degenerated	True	pain_ligand:FGF2
Endothelial cells	NP_mature_chondrocyte	VEGFB	ADRB2	0.31399286	0.98	0.083732896	-0.03725645585395254	-0.24673074372482579	0.0032444024	0.51934475	1.0	0.7869736214371262	degenerated	True	pain_ligand:VEGFB
Classical monocytes	Small pre-B cells	TNFSF13B	TFRC	0.80630577	0.0	0.57378227	1.4954467761116361	1.4675480644796721	0.019457078	0.7387973	0.005963467576966869	0.7870550365277433	degenerated	True	pain_ligand:TNF
Plasma cells	AF_outer	CXCL8	SDC3	0.42148322	0.11	0.08377863	0.16340600937104804	-0.23310598836172672	0.0036065122	0.51941293	1.0	0.7873892726561686	degenerated	True	pain_ligand:CXCL8
NP_mature_chondrocyte	Fibroblasts	PDGFA	PDGFRB	0.6689394	0.0	0.24804552	1.0243961737351692	0.7681238797003165	0.021562176	0.65031135	0.005963467576966869	0.7874026588393586	degenerated	True	pain_ligand:PDGFA
NP_notochordal	AF_inner	GRN	TNFRSF1A	0.906856	0.0	0.57391584	0.19013806558033264	0.3540940590810224	0.0065579847	0.7388197	0.18418580532592552	0.7874026588393586	degenerated	True	pain_receptor:TNFRSF1A
Endothelial cells	Endothelial cells	VEGFA	NRP2	0.31570685	1.0	0.08378656	-0.4298336104865084	-0.8973326349825629	0.0011216422	0.51942474	1.0	0.7875277567603844	degenerated	True	pain_ligand:VEGFA; pain_receptor:NRP2
AF_inner	Naive B cells	TNFSF9	HLA-DPA1	1.324777	0.0	0.5739525	2.699854023613057	1.822428155059351	0.011918161	0.7388259	0.004697012997539762	0.7875418683789319	degenerated	True	pain_ligand:TNF
AF_inner	AF_inner	VEGFA	NRP2	0.94753677	0.0	0.7670707	0.20050188790578807	0.23037587024593442	0.0102686975	0.7658261	0.20986921721253118	0.7877769609750054	degenerated	True	pain_ligand:VEGFA; pain_receptor:NRP2
AF_outer	Macrophages	ADAM10	IL6R	0.57226	0.0	0.25741035	0.4696359354363523	0.447240111135319	0.0048018196	0.6545133	0.42529204125021897	0.7878201166944245	degenerated	True	pain_receptor:IL6R
Small pre-B cells	AF_mechanical_stress	VEGFB	ADRB2	0.57214314	0.21	0.31177184	0.3466992110713515	0.4001968609863028	0.012080238	0.675844	0.493155767626948	0.788168184280502	degenerated	True	pain_ligand:VEGFB
Naive B cells	Fibroblasts	VEGFA	ITGB1	1.1196936	0.41	0.6179917	0.001956686986551298	-0.24934525589486478	0.00282312	0.7458954	1.0	0.7884583451970606	degenerated	True	pain_ligand:VEGFA
Naive B cells	Fibroblasts	VEGFA	GPC1	0.291265	0.93	0.083867684	-0.27369169878240424	-0.43464265813881575	0.0037618657	0.5195455	1.0	0.7886357498837351	degenerated	True	pain_ligand:VEGFA
Naive B cells	AF_outer	TNF	TNFRSF1A	0.5719256	0.0	0.32398766	0.9086289566796452	0.7026829042505722	0.008022828	0.68003976	0.08536456628898421	0.7890037885717838	degenerated	True	pain_ligand:TNF; pain_receptor:TNFRSF1A
NP_notochordal	NP_mature_chondrocyte	VEGFA	ITGAV	0.57191885	1.0	0.32700193	-0.0777102404300489	-0.1083506286902246	0.0049097333	0.6810464	1.0	0.7890733755032233	degenerated	True	pain_ligand:VEGFA
AF_mechanical_stress	Endothelial cells	PDGFC	FLT1	0.94720566	0.0	0.7042716	1.2596953054275606	1.2799015243199718	0.05011726	0.75808036	0.0050385524721138965	0.789139899433755	degenerated	True	pain_receptor:FLT1
NP_notochordal	AF_outer	VEGFA	ITGAV	0.5719038	1.0	0.326985	-0.07773097406588123	0.04025361455735199	0.0049094795	0.68104076	1.0	0.789143186757316	degenerated	True	pain_ligand:VEGFA
Mast cells	AF_outer	VEGFA	CD44	0.94704807	0.58	0.77135617	-0.015337252664478551	0.40822999687105277	0.0026713244	0.7663253	1.0	0.7893671219299454	degenerated	True	pain_ligand:VEGFA
AF_inner	NP_notochordal	TNFSF10	TNFRSF10A	0.30926228	0.0	0.0839285	0.5611478687742697	0.6822926076958993	0.008410238	0.51963603	0.07136099988883451	0.7894664745720472	degenerated	True	pain_ligand:TNF
NP_mature_chondrocyte	Fibroblasts	VEGFA	EGFR	0.7439879	0.0	0.24760205	0.2625335648175017	0.24630882061944648	0.017831562	0.6501078	0.18973521521274775	0.7897005030184042	degenerated	True	pain_ligand:VEGFA
AF_inner	NP_notochordal	FGF2	CD44	0.77810806	1.0	0.5753428	-0.09437669520636316	0.03435608042144189	0.005528895	0.73905927	1.0	0.7899096193393724	degenerated	True	pain_ligand:FGF2
NP_notochordal	Plasma cells	ADAM10	IL6R	0.57155347	0.0	0.29330784	0.47638593115849825	0.825626036930674	0.0054714647	0.66912127	0.19698784609322464	0.789979479907057	degenerated	True	pain_receptor:IL6R
DC	Tcm/Naive helper T cells	CXCL2	DPP4	1.2312475	0.0	0.6169437	1.6786022374189868	1.4938545728000854	0.061269075	0.74573445	0.0011094839237794397	0.7901247063755547	degenerated	True	pain_ligand:CXCL2
CD16+ NK cells	Macrophages	ADAM10	IL6R	0.7622919	0.0	0.5755122	0.7858723468525971	1.1618948372542697	0.0107358	0.7390877	0.0273364680184863	0.7903279627247168	degenerated	True	pain_receptor:IL6R
AF_outer	Macrophages	PIGF	FLT1	0.29116622	0.05	0.08400239	0.17284072177841514	0.292864949599747	0.013294027	0.5197458	0.2207665811323996	0.7907121714745708	degenerated	True	pain_receptor:FLT1
AF_outer	Tcm/Naive helper T cells	VEGFA	ITGB1	0.57131076	1.0	0.3185582	-0.5139397318356792	-0.7391558648158308	0.001455243	0.67819834	1.0	0.7908860571519647	degenerated	True	pain_ligand:VEGFA
Tem/Temra cytotoxic T cells	AF_mechanical_stress	CXCL8	SDC2	0.94627386	0.02	0.8196455	0.2257542756880792	-0.2018671434174918	0.005126634	0.7717181	1.0	0.7909583270343901	degenerated	True	pain_ligand:CXCL8
Tem/Temra cytotoxic T cells	Plasma cells	CXCL8	CD79A	0.94621843	0.0	0.81957114	4.472244332668886	1.0749694981123321	0.0060837707	0.7717101	0.057907550222597914	0.791109867170719	degenerated	True	pain_ligand:CXCL8
Tcm/Naive helper T cells	Fibroblasts	CXCL8	SDC2	0.90198493	0.14	0.57597375	0.20047124494680335	-0.24673303075358843	0.0036025413	0.73916495	1.0	0.7915141446093176	degenerated	True	pain_ligand:CXCL8
AF_inner	Plasma cells	FGF2	SDC1	0.9459151	0.0	0.8947227	1.7714598457716395	1.2618170353015432	0.17548679	0.77934587	0.0028196670478323888	0.7916405031827648	degenerated	True	pain_ligand:FGF2
AF_outer	AF_mechanical_stress	FGF2	SDC4	0.5710993	1.0	0.31363812	-0.10285439645244886	-0.2170876988931172	0.015440122	0.67649746	1.0	0.7916538383096701	degenerated	True	pain_ligand:FGF2
Fibroblasts	Tcm/Naive helper T cells	ANGPT1	ITGB1	0.571015	0.99	0.3182726	0.256450315410708	0.12164596048601362	0.011010339	0.6781004	1.0	0.7918632993081907	degenerated	True	pain_ligand:ANGPT1
Tem/Trm cytotoxic T cells	NK cells	TNF	VSIR	0.2903083	0.08	0.08404618	0.46066183402068067	0.39330581414193183	0.0016777663	0.51981086	1.0	0.7919574002993464	degenerated	True	pain_ligand:TNF
Fibroblasts	Macrophages	TNFSF13B	TFRC	0.74276745	0.0	0.24713612	0.6121788582984344	0.716065241350639	0.008380438	0.6498936	0.072248701863714	0.7921425645119128	degenerated	True	pain_ligand:TNF
Classical monocytes	NK cells	TNFSF13B	CD40	0.6553719	0.0	0.24697575	1.6265033707994434	1.410918885788044	0.020497425	0.64981973	0.005963467576966869	0.792771316947709	degenerated	True	pain_ligand:TNF
Mast cells	AF_mechanical_stress	TNFSF10	TNFRSF11B	0.5708219	0.31	0.3009701	0.12051130087802547	0.44920882401779905	0.015938126	0.6719697	0.6417227897853943	0.7929809750044439	degenerated	True	pain_ligand:TNF
Endothelial cells	AF_inner	TNFSF10	TNFRSF11B	0.94532484	0.0	0.81680036	0.5811605998248299	0.6980226067362354	0.04325435	0.7714116	0.006175663174742838	0.7930811283165782	degenerated	True	pain_ligand:TNF
Classical monocytes	NP_notochordal	GRN	TNFRSF1A	0.5707836	0.78	0.30761725	-0.15945863171336555	0.18148184941127898	0.0035150615	0.6743728	1.0	0.7931906700223431	degenerated	True	pain_receptor:TNFRSF1A
AF_inner	NP_mature_chondrocyte	VEGFA	ITGAV	0.94525146	0.0	0.76108724	0.28638626853580035	0.3196066661996041	0.011427258	0.7651232	0.11642045087862521	0.7933845705309265	degenerated	True	pain_ligand:VEGFA
AF_inner	AF_outer	VEGFA	ITGAV	0.94523644	0.0	0.76104784	0.286365534899968	0.4682109094471807	0.011426667	0.76511854	0.07944416114914071	0.7934604662696728	degenerated	True	pain_ligand:VEGFA
NK cells	Endothelial cells	TNFSF12	TNFRSF12A	0.29340872	1.0	0.08414316	-0.3294535154650402	-0.5197942182544582	0.002132013	0.51995486	1.0	0.7934787475328724	degenerated	True	pain_ligand:TNF
Endothelial cells	AF_outer	VEGFA	CD44	0.7455219	1.0	0.24683611	-0.21187808413073594	-0.5133285241763527	0.00085483125	0.64975536	1.0	0.7936101709546648	degenerated	True	pain_ligand:VEGFA
Fibroblasts	Tem/Effector helper T cells	ANGPT1	ITGB1	0.7670833	0.42	0.57678884	0.44249515806923123	0.40599015598935306	0.019953463	0.7393012	0.5275339348088758	0.7938199768756026	degenerated	True	pain_ligand:ANGPT1
AF_mechanical_stress	AF_mechanical_stress	VEGFA	ITGAV	0.9447126	0.0	0.7232361	0.2774111284888276	0.1953307687318827	0.0108589465	0.76050854	0.2590578547441881	0.7947502929326462	degenerated	True	pain_ligand:VEGFA
DC	Tem/Trm cytotoxic T cells	TNFSF9	HLA-DPA1	0.32747132	0.0	0.08426656	0.4225707430388134	0.6465743393562307	0.0017498004	0.5201377	0.27027058865260856	0.7948611690301941	degenerated	True	pain_ligand:TNF
AF_outer	Tem/Effector helper T cells	VEGFA	ITGB1	0.76737905	1.0	0.57730645	-0.327894889177156	-0.4548116693124914	0.002637261	0.73938763	1.0	0.7952896537820611	degenerated	True	pain_ligand:VEGFA
NP_mature_chondrocyte	Endothelial cells	PDGFC	FLT1	0.9441656	0.0	0.69584167	1.2547802380675774	1.279854853389366	0.049517374	0.75697446	0.0051075421526211515	0.795357576945987	degenerated	True	pain_receptor:FLT1
NP_mature_chondrocyte	Endothelial cells	FGF2	FGFR1	0.8293661	0.01	0.5773829	0.08122166159199143	0.05338288856831841	0.018359613	0.73940045	0.5561682462789803	0.7955347392494152	degenerated	True	pain_ligand:FGF2
DC	Small pre-B cells	TNFSF12	TNFRSF12A	0.8434929	0.31	0.57762724	0.6175814549119754	0.3862572500343191	0.014635873	0.7394412	0.580539650561712	0.7959902846988463	degenerated	True	pain_ligand:TNF
NP_mature_chondrocyte	Macrophages	TNFSF10	TNFRSF10D	0.31980887	0.09	0.08440559	0.13555965252008562	0.08481468367812078	0.007593945	0.52034336	0.4766751247919897	0.796104838210524	degenerated	True	pain_ligand:TNF
NP_mature_chondrocyte	AF_mechanical_stress	TNFSF10	RIPK1	0.31984597	0.0	0.08443924	0.24359826601775963	0.2563518254690718	0.00814046	0.52039313	0.17639569005965433	0.7966574481333802	degenerated	True	pain_ligand:TNF
Classical monocytes	AF_outer	TNFSF13B	HLA-DPB1	0.6549858	0.0	0.24613978	1.5227427661159931	1.2061473028939678	0.0058309627	0.64943385	0.09173164171158019	0.796691105354056	degenerated	True	pain_ligand:TNF
AF_inner	Endothelial cells	VEGFA	NRP2	0.8754387	0.0	0.578298	0.11605091227148796	0.09855929560022392	0.007741616	0.739553	0.4452956803771481	0.7971118394732908	degenerated	True	pain_ligand:VEGFA; pain_receptor:NRP2
AF_outer	AF_mechanical_stress	VEGFB	ADRB2	0.7637069	0.0	0.57879126	0.573783757015488	0.9634268685640791	0.022426454	0.7396351	0.0064333707317405205	0.797602809196553	degenerated	True	pain_ligand:VEGFB
Tem/Effector helper T cells	AF_inner	ADAM10	IL6R	0.29130125	0.25	0.084495515	0.05252793500249672	-0.019575399483552025	0.0015762082	0.5204763	1.0	0.7976242795644819	degenerated	True	pain_receptor:IL6R
AF_inner	AF_inner	TNFSF10	TNFRSF11B	0.7117754	0.0	0.24576136	0.16390371114814936	0.15519863036982223	0.013014499	0.6492587	0.32630332623612524	0.7983047978121325	degenerated	True	pain_ligand:TNF
Tem/Effector helper T cells	Endothelial cells	TNF	TRADD	0.29886705	0.0	0.084583506	0.6728121622282761	0.5873333845169356	0.0060283425	0.52060616	0.20542367608142476	0.7988669095248129	degenerated	True	pain_ligand:TNF
Mast cells	Memory B cells	TNFSF9	HLA-DPA1	0.9321181	0.0	0.57922757	1.7845904184937458	2.207708429255481	0.012027698	0.7397076	0.016747635982189354	0.7990771499824687	degenerated	True	pain_ligand:TNF
NP_notochordal	Fibroblasts	CXCL1	ADRA2A	0.56893736	0.0	0.31299472	2.777399888974422	0.9953976524002223	0.04875462	0.67627275	0.005963467576966869	0.7994285251320561	degenerated	True	pain_ligand:CXCL1
NP_mature_chondrocyte	AF_outer	NGF	BEX3	0.9426795	0.0	0.69058734	0.44519410250695934	0.6625744670838671	0.04639683	0.75627655	0.019482894367060154	0.799611680229916	degenerated	True	pain_ligand:NGF
Mast cells	Macrophages	TNFSF10	TNFRSF10A	0.30902132	0.01	0.08465609	0.42345580905937186	0.8936189067071891	0.008483148	0.5207132	0.11458311243323929	0.799695069770088	degenerated	True	pain_ligand:TNF
Macrophages	CD16+ NK cells	VEGFA	CD44	0.94247735	0.52	0.8669744	-0.022348711866882157	0.2124764381101294	0.003002465	0.77662516	1.0	0.8001439440673486	degenerated	True	pain_ligand:VEGFA
Macrophages	Plasma cells	TNF	VSIR	0.9424224	0.0	0.73376894	2.5186218092002504	1.530551575925791	0.014647815	0.76182276	0.006724071349079327	0.8003720709056066	degenerated	True	pain_ligand:TNF
AF_mechanical_stress	Macrophages	ADAM17	IL6R	0.5685516	0.0	0.2512027	0.5119543165713935	0.49146937603709334	0.012210547	0.65174806	0.033918210531941516	0.8006237932125124	degenerated	True	pain_receptor:IL6R
NP_notochordal	NP_notochordal	ADAM10	IL6R	0.56854326	0.0	0.2909665	0.4719531742809498	0.8802662796689793	0.005427789	0.66823345	0.2020660657121786	0.8006940616925956	degenerated	True	pain_receptor:IL6R
Macrophages	Small pre-B cells	TNFSF13B	HLA-DPB1	0.9421272	0.0	0.6161229	1.6374484264022358	1.5571072237760926	0.014595729	0.74560827	0.006824814179749879	0.80136087488478	degenerated	True	pain_ligand:TNF
AF_outer	NP_mature_chondrocyte	SEMA3E	NRP2	0.65232396	0.0	0.24507406	0.2368099836898995	0.2560954430771643	0.024532286	0.6489398	0.1766861847736658	0.8015384943018088	degenerated	True	pain_receptor:NRP2
Macrophages	AF_mechanical_stress	VEGFA	ITGAV	0.81085145	0.08	0.58045506	0.14686147633327867	0.148651792314083	0.008715177	0.7399114	0.3397214831418207	0.8018202521054785	degenerated	True	pain_ligand:VEGFA
Tem/Trm cytotoxic T cells	NP_notochordal	TNF	VSIR	0.5681862	0.0	0.2538649	0.8398411234594575	1.1052076068824097	0.005067762	0.6529435	0.10350413227990742	0.8019609331552562	degenerated	True	pain_ligand:TNF
Fibroblasts	NP_mature_chondrocyte	NGF	MAGED1	0.5681212	0.06	0.28613648	0.323123356874362	0.24685769030671573	0.039325997	0.6663752	0.24097969335961317	0.8022427899419189	degenerated	True	pain_ligand:NGF
Classical monocytes	NP_notochordal	VEGFA	SIRPA	0.5680628	0.51	0.29122505	0.03520298016159119	0.5246762147736632	0.0056473073	0.66833186	0.9375164864612401	0.8025244900477633	degenerated	True	pain_ligand:VEGFA
DC	AF_inner	TNF	TNFRSF1A	0.9516978	0.0	0.6105414	2.552966214253864	1.0521544899719508	0.0151186865	0.74474424	0.005963467576966869	0.8031110379652566	degenerated	True	pain_ligand:TNF; pain_receptor:TNFRSF1A
NP_mature_chondrocyte	AF_inner	VEGFA	NRP2	0.9415102	0.0	0.76000834	0.1946251992747374	0.18587913976573867	0.010174154	0.7649957	0.27292208443997634	0.8033394054393066	degenerated	True	pain_ligand:VEGFA; pain_receptor:NRP2
Fibroblasts	Macrophages	ANGPT1	ITGA5	0.7705388	0.0	0.581345	1.019870444487231	0.986413796871339	0.0547655	0.7400588	0.005963467576966869	0.8033702088856716	degenerated	True	pain_ligand:ANGPT1
CD16+ NK cells	Tem/Temra cytotoxic T cells	TNF	VSIR	0.29160708	0.05	0.084969506	0.4557610039190281	0.5573132447446344	0.0016961984	0.5211743	1.0	0.8039706068271075	degenerated	True	pain_ligand:TNF
AF_outer	Fibroblasts	GRN	TNFRSF1A	0.9410317	0.08	0.8848388	0.26982109096856377	0.2551267009888919	0.010110821	0.7783893	0.2799514982977906	0.8043292512370093	degenerated	True	pain_receptor:TNFRSF1A
Mast cells	Naive B cells	VEGFA	CD44	0.94102645	0.62	0.7642179	-0.02127157050073321	0.49927361321809416	0.0026466036	0.76549184	1.0	0.8044054446059604	degenerated	True	pain_ligand:VEGFA
Endothelial cells	Naive B cells	VEGFA	CD44	0.73950034	0.96	0.24455185	-0.21781240196699062	-0.4222849078293113	0.00084692053	0.6486967	1.0	0.804498683601596	degenerated	True	pain_ligand:VEGFA
Plasma cells	NP_stressed_degenerative	GRN	TNFRSF1A	0.56758314	0.97	0.30604833	-0.14039467804851608	0.2500178222064755	0.0034971337	0.6738112	1.0	0.804498683601596	degenerated	True	pain_receptor:TNFRSF1A
AF_mechanical_stress	Memory B cells	VEGFA	ITGB1	0.94098663	0.93	0.7131305	-0.15397704586249966	-0.11927290257766465	0.0032577347	0.7592247	1.0	0.8046339166344165	degenerated	True	pain_ligand:VEGFA
Mast cells	DC	TNF	TNFRSF1A	0.3078868	0.37	0.08502167	0.45433149318605726	0.5803786591996216	0.0021053706	0.5212509	1.0	0.8046597238100591	degenerated	True	pain_ligand:TNF; pain_receptor:TNFRSF1A
Macrophages	NP_notochordal	TNF	TNFRSF1A	0.88565576	0.0	0.5821623	2.2797587019053993	1.3585070777155606	0.014415943	0.74019384	0.007241795081268655	0.8048516461698071	degenerated	True	pain_ligand:TNF; pain_receptor:TNFRSF1A
AF_outer	Plasma cells	FGF2	CD44	0.767747	0.88	0.5822492	-0.1204375284485342	-0.1603440428625036	0.0055952645	0.7402082	1.0	0.804922161806837	degenerated	True	pain_ligand:FGF2
Endothelial cells	Endothelial cells	TNFSF10	TNFRSF10D	0.5675043	0.0	0.31193617	0.5413160472238985	0.6982724120032495	0.0280648	0.6759017	0.008449262488917095	0.8050634286202143	degenerated	True	pain_ligand:TNF
Tcm/Naive helper T cells	Endothelial cells	CXCL8	SDC2	0.30993754	1.0	0.0851197	-0.41142079747190824	-1.1343062305916118	0.00053239794	0.52139467	1.0	0.8054864303234333	degenerated	True	pain_ligand:CXCL8
NK cells	NP_notochordal	VEGFA	CD44	0.56731534	1.0	0.3204575	-0.38920092105840964	-0.47636674402388235	0.0011097933	0.6788467	1.0	0.805698998872115	degenerated	True	pain_ligand:VEGFA
Mast cells	AF_inner	CXCL8	SDC2	0.88790905	0.11	0.58326614	0.1842889034310846	0.22082532639865826	0.0036481533	0.740376	0.8007842605491583	0.8074661521949958	degenerated	True	pain_ligand:CXCL8
NP_stressed_degenerative	AF_inner	ADAM10	IL6R	0.2926752	0.0	0.08534818	0.054814324234319985	0.21152163865070733	0.001592114	0.5217292	1.0	0.808240655994968	degenerated	True	pain_receptor:IL6R
NP_stressed_degenerative	Tcm/Naive helper T cells	VEGFA	ITGB1	0.5665232	1.0	0.31393552	-0.5186085919952731	-0.149570304260634	0.0014341256	0.6766012	1.0	0.8085279520467952	degenerated	True	pain_ligand:VEGFA
DC	Classical monocytes	PTGS2	CAV1	0.5663934	0.98	0.2816139	-0.42546327580706333	-0.7167096247869056	0.0016861074	0.6646019	1.0	0.8088111214695741	degenerated	True	pain_ligand:PTGS2
Macrophages	Fibroblasts	TNFSF13B	CD40	0.31192526	0.03	0.08538064	0.6096182255339979	0.4756322568501955	0.0070860535	0.52177656	0.1760704091790426	0.8089288249612094	degenerated	True	pain_ligand:TNF
Macrophages	Endothelial cells	TNF	NOTCH1	0.9394796	0.0	0.72590953	3.261310534227814	2.015379491494154	0.055557482	0.7608444	0.0002350349275050466	0.8089783790513231	degenerated	True	pain_ligand:TNF
NK cells	Endothelial cells	GRN	TNFRSF1A	0.5661086	0.94	0.29731876	-0.13987419649744326	-0.20939115245047046	0.003397383	0.670623	1.0	0.8096612504506269	degenerated	True	pain_receptor:TNFRSF1A
NP_mature_chondrocyte	NP_mature_chondrocyte	VEGFA	ITGAV	0.93922496	0.0	0.75407994	0.2805095799047497	0.27510993571940834	0.0113220485	0.76429105	0.15688165697817757	0.8098175059012178	degenerated	True	pain_ligand:VEGFA
NP_mature_chondrocyte	AF_outer	VEGFA	ITGAV	0.9392099	0.0	0.7540409	0.28048884626891735	0.42371417896698493	0.011321463	0.7642864	0.08424155657495642	0.8098938462061989	degenerated	True	pain_ligand:VEGFA
Macrophages	DC	CXCL2	DPP4	1.4222732	0.0	0.5848535	1.9614441670442782	1.7050461882573678	0.058082167	0.74063706	0.00037949128153292585	0.810724749118215	degenerated	True	pain_ligand:CXCL2
NK cells	AF_outer	ANGPT2	ITGA5_ITGB1	0.565585	0.0	0.3061531	1.9574267999000219	0.8850673053663601	0.017557787	0.6738488	0.005963467576966869	0.8114341905685886	degenerated	True	pain_ligand:ANGPT2
Macrophages	Macrophages	VEGFA	ITGAV	0.93843687	0.0	0.8581792	0.3161676209857171	0.5139756096265693	0.012885036	0.7757395	0.0603672028802453	0.8116111350351415	degenerated	True	pain_ligand:VEGFA
AF_mechanical_stress	Tem/Temra cytotoxic T cells	NGF	KIDINS220	0.35773793	0.09	0.085558996	0.10021998600862238	0.33911731643078735	0.0062564504	0.5220369	0.38794281566751293	0.8116801690233191	degenerated	True	pain_ligand:NGF
DC	AF_mechanical_stress	VEGFA	NRP2	0.9384057	0.08	0.8802774	0.22792713570091874	0.07333086975115888	0.011784183	0.7779432	0.5044929326331715	0.8118020484786252	degenerated	True	pain_ligand:VEGFA; pain_receptor:NRP2
CD16+ NK cells	NP_notochordal	TNF	VSIR	0.56524473	0.0	0.24897732	0.8291542421506541	1.2023844264016117	0.004970194	0.6507375	0.10350413227990742	0.8127835613053938	degenerated	True	pain_ligand:TNF
DC	NP_mature_chondrocyte	VEGFA	CD44	0.93789524	0.59	0.87933785	-0.02601374775430719	-0.30229440593135093	0.0030452814	0.777851	1.0	0.8131002815474107	degenerated	True	pain_ligand:VEGFA
CD16+ NK cells	Tem/Temra cytotoxic T cells	TNF	NOTCH1	0.2929073	0.0	0.0857488	0.915666467846093	1.0626754843386679	0.006562784	0.5223134	0.10350413227990742	0.8134673015347222	degenerated	True	pain_ligand:TNF
Fibroblasts	NP_notochordal	VEGFA	CD44	0.56501865	0.99	0.3176804	-0.3914407936770633	-0.679420979592633	0.0011001758	0.6778972	1.0	0.8135652226756217	degenerated	True	pain_ligand:VEGFA
AF_inner	Fibroblasts	TNFSF9	TRAF2	0.29921773	0.0	0.08578379	1.008626603552364	0.4604592687828093	0.039025996	0.5223643	0.043045902106877074	0.8137421920240778	degenerated	True	pain_ligand:TNF
AF_mechanical_stress	AF_mechanical_stress	GRN	TNFRSF1A	0.76658165	0.0	0.5870113	0.0720928000950675	-0.13117142282075078	0.0067076236	0.7409907	1.0	0.8146321364598914	degenerated	True	pain_receptor:TNFRSF1A
Endothelial cells	NK cells	PTGS2	CAV1	1.2612479	0.02	0.58719367	0.23989271775673482	-0.22689759139973154	0.0035157057	0.74102044	1.0	0.8150591630125622	degenerated	True	pain_ligand:PTGS2
Endothelial cells	Macrophages	CXCL8	SDC3	0.3009856	0.29	0.0858812	0.34104683016376125	-0.3425497547732921	0.0036970244	0.5225058	1.0	0.8152534607842585	degenerated	True	pain_ligand:CXCL8
Classical monocytes	Macrophages	VEGFA	ITGAV	0.766975	0.31	0.5877878	0.14894736946171436	0.5839740916303389	0.008825274	0.7411175	0.6417227897853943	0.815771355616804	degenerated	True	pain_ligand:VEGFA
AF_inner	DC	TNFSF10	TNFRSF10D	0.31438166	0.26	0.08598679	0.09421739525976865	0.06567902849407947	0.0077362047	0.5226591	0.565885135056991	0.8163521771131725	degenerated	True	pain_ligand:TNF
Fibroblasts	AF_inner	ANGPT2	ITGA5_ITGB1	0.59753335	0.0	0.24210174	2.561483190727408	0.5553348777744644	0.0138844615	0.64754856	0.020388202371992195	0.8169828546588533	degenerated	True	pain_ligand:ANGPT2
Tem/Trm cytotoxic T cells	Fibroblasts	CXCL8	ADRA2A	0.5641259	0.0	0.3065247	2.5536295029927842	0.266886017141747	0.019905318	0.6739821	0.10350413227990742	0.8170540770867785	degenerated	True	pain_ligand:CXCL8
AF_mechanical_stress	AF_outer	FGF2	SDC3	0.43136418	0.0	0.08605326	0.08198950451352	0.049575568202824244	0.015410665	0.52275556	0.565499869705021	0.8173131838693272	degenerated	True	pain_ligand:FGF2
Macrophages	Endothelial cells	TNF	SEMA4C	0.75816965	0.0	0.24168548	2.5080987574396616	1.4763185904782044	0.022177065	0.6473521	0.005963467576966869	0.8180527536362856	degenerated	True	pain_ligand:TNF
Tem/Temra cytotoxic T cells	NP_stressed_degenerative	ADAM10	IL6R	0.7869684	0.0	0.58922106	0.8151100118331862	1.6759325864111891	0.0109915305	0.741351	0.024885076134345655	0.8182668454587357	degenerated	True	pain_receptor:IL6R
NP_stressed_degenerative	Fibroblasts	CCL20	ADRA2A	0.774414	0.0	0.5893008	3.229117871175947	2.181629388567574	0.2460264	0.741364	5.146009297747307e-06	0.8183381424893498	degenerated	True	pain_ligand:CCL2
AF_inner	AF_mechanical_stress	TNFSF10	TNFRSF10B	0.31484246	0.0	0.08617206	0.14141198759972032	0.06255905480705043	0.0058803647	0.52292764	0.5331114954062488	0.8184112094707171	degenerated	True	pain_ligand:TNF
NK cells	NP_mature_chondrocyte	SLIT3	ROBO1	0.41251436	0.0	0.08618509	1.29129529423272	0.8849214252423933	0.022948533	0.5229465	0.005963467576966869	0.8186856312097278	degenerated	True	pain_receptor:ROBO1
Plasma cells	Macrophages	CXCL8	SDC2	0.7687879	0.36	0.5893601	0.03777329140944795	-0.2972990274791084	0.003686269	0.74137366	1.0	0.8186951411566611	degenerated	True	pain_ligand:CXCL8
Tem/Trm cytotoxic T cells	NP_mature_chondrocyte	CXCL8	SDC2	0.8746632	0.0	0.58967113	0.16892945117995903	-0.2732938346884315	0.003688214	0.74142426	1.0	0.8192662839980224	degenerated	True	pain_ligand:CXCL8
AF_inner	DC	TNFSF9	HLA-DPA1	1.3867856	0.0	0.6034688	2.8418464346201184	1.7252872582352818	0.012531068	0.7436352	0.0075334324748249715	0.8195239492201334	degenerated	True	pain_ligand:TNF
DC	Macrophages	VEGFA	ITGB1	0.93528116	0.9	0.87452644	-0.16514001693195055	-0.40572336815475574	0.0039950265	0.7773766	1.0	0.8202130261216136	degenerated	True	pain_ligand:VEGFA
AF_inner	NP_mature_chondrocyte	PIGF	FLT1	0.33975875	0.0	0.086348005	0.2517091113409356	0.28605143843230757	0.013665239	0.523182	0.14573237827893748	0.8207432504020302	degenerated	True	pain_receptor:FLT1
NP_mature_chondrocyte	Naive B cells	TNFSF10	TNFRSF10A	0.5632926	0.0	0.30524316	1.1800295137568835	1.0975404902838801	0.030587556	0.6735216	0.005963467576966869	0.8207671932698768	degenerated	True	pain_ligand:TNF
Fibroblasts	AF_inner	FGF2	FGFR2	0.29825765	0.66	0.08642689	-0.021770076263518345	-0.26905176043043755	0.024624946	0.52329594	1.0	0.8215659139645561	degenerated	True	pain_ligand:FGF2
Mast cells	AF_mechanical_stress	VEGFA	ITGAV	0.563022	0.86	0.31611148	-0.09483715319596225	0.19316252669461387	0.00474622	0.6773564	1.0	0.8220551450182587	degenerated	True	pain_ligand:VEGFA
CD16+ NK cells	NP_mature_chondrocyte	TNF	VSIR	0.29412937	0.0	0.08648126	0.459202771552186	0.3821567332246799	0.0017263767	0.52337444	0.5913152028452956	0.8223883704655043	degenerated	True	pain_ligand:TNF
Classical monocytes	NP_mature_chondrocyte	TNFSF13B	CD40	0.65257514	0.0	0.24092007	1.6201425962926765	1.3728295249996798	0.01999484	0.64699	0.005963467576966869	0.822484761492754	degenerated	True	pain_ligand:TNF
Macrophages	Macrophages	SEMA3C	NRP2_PLXNA3	0.29997033	0.37	0.08650146	0.10852496706438361	0.07985581193886013	0.016872633	0.5234035	0.7316060155068799	0.8226624585717626	degenerated	True	pain_receptor:NRP2
NK cells	DC	GRN	TNFRSF1A	0.31147712	1.0	0.08652264	-0.4507225814592176	-0.783472686813713	0.0009886713	0.52343404	1.0	0.8230736288282692	degenerated	True	pain_receptor:TNFRSF1A
NP_mature_chondrocyte	Macrophages	SEMA3C	NRP2_PLXNA3	0.30003476	0.25	0.086532496	0.10860854371145565	0.002394657481873702	0.016878689	0.5234482	0.7004200171529121	0.8232106199309361	degenerated	True	pain_receptor:NRP2
Mast cells	Endothelial cells	TNF	TNFRSF1A	0.56251824	0.0	0.29216096	0.7651798781478316	1.1544601935628642	0.00723471	0.6686874	0.10350413227990742	0.8234878574988778	degenerated	True	pain_ligand:TNF; pain_receptor:TNFRSF1A
Fibroblasts	Fibroblasts	SLIT3	ROBO1	0.9341508	0.0	0.7578076	3.006944199685116	1.4726840392326472	0.20178169	0.7647349	0.0006528508509833175	0.8238142453804735	degenerated	True	pain_receptor:ROBO1
AF_mechanical_stress	DC	VEGFA	ITGAV	0.8965807	0.02	0.59269214	0.21354009322796338	0.16855821896068524	0.00889891	0.7419138	0.30287811139172083	0.8249222336744426	degenerated	True	pain_ligand:VEGFA
Tem/Trm cytotoxic T cells	Tem/Temra cytotoxic T cells	TNF	VSIR	0.29454854	0.03	0.08663751	0.4664478852278314	0.4601364252254324	0.0017294958	0.5235995	1.0	0.8252653920966282	degenerated	True	pain_ligand:TNF
DC	DC	ADAM10	IL6R	0.7754684	0.0	0.59306896	0.8224061578178893	0.7545957520163875	0.01106331	0.7419746	0.024203854647462004	0.8257118841182618	degenerated	True	pain_receptor:IL6R
Classical monocytes	CD16+ NK cells	TNFSF13B	TFRC	0.81522095	0.0	0.5930856	1.505907110682166	1.5378351586544072	0.02011166	0.74197733	0.005963467576966869	0.8258553459469242	degenerated	True	pain_ligand:TNF
Tcm/Naive helper T cells	Macrophages	ADAM10	IL6R	0.56210625	0.0	0.24041362	0.4527388505946789	0.6238174626908124	0.004484758	0.6467496	0.22609104681316633	0.8259273101150904	degenerated	True	pain_receptor:IL6R
NK cells	DC	ANGPT1	ITGB1	0.5616306	0.92	0.2790885	0.02425147278192663	-0.14632048174951462	0.009654802	0.6635972	1.0	0.8263582745103505	degenerated	True	pain_ligand:ANGPT1
NP_mature_chondrocyte	NP_mature_chondrocyte	TNFSF12	TNFRSF12A	0.835336	0.0	0.24022798	0.1086084352457084	0.04475820624963506	0.0060868775	0.6466614	0.5794688882048588	0.8270768058608698	degenerated	True	pain_ligand:TNF
Macrophages	Fibroblasts	TNFSF12	TNFRSF12A	0.5982997	0.62	0.24017248	-0.07438012910620696	-0.21512977267310318	0.0060854713	0.64663506	1.0	0.8273642895278155	degenerated	True	pain_ligand:TNF
Endothelial cells	NK cells	VEGFA	CD44	0.7277648	1.0	0.24009998	-0.22937623838266036	-0.5510911359482181	0.000831503	0.64660054	1.0	0.8275800028217758	degenerated	True	pain_ligand:VEGFA
Classical monocytes	CD16+ NK cells	VEGFA	CD44	0.77101547	0.86	0.59381187	-0.18956896339088491	0.28247492011389896	0.002056461	0.74209446	1.0	0.8276520671435077	degenerated	True	pain_ligand:VEGFA
DC	DC	VEGFA	NRP2	0.78325117	0.37	0.59470046	0.04618947630241128	-0.0948696422393921	0.007961194	0.7422375	1.0	0.8289472094950241	degenerated	True	pain_ligand:VEGFA; pain_receptor:NRP2
AF_inner	Macrophages	TNFSF9	HLA-DPA1	1.3685089	0.0	0.594769	2.799994833996734	1.8283728222582116	0.012350417	0.74224854	0.004549097016499246	0.8290910458124049	degenerated	True	pain_ligand:TNF
NP_notochordal	AF_outer	VEGFA	CD44	0.931921	0.94	0.7319845	-0.030090070338588834	0.05460611151660544	0.0025349744	0.7616018	1.0	0.8294929686292546	degenerated	True	pain_ligand:VEGFA
NP_mature_chondrocyte	AF_mechanical_stress	TNFSF10	TNFRSF10D	0.56062937	0.0	0.30282763	0.5027218675841875	0.554649723725859	0.02724531	0.6726474	0.02047466315774697	0.8295231099573217	degenerated	True	pain_ligand:TNF
Tem/Temra cytotoxic T cells	Macrophages	TNF	TNFRSF1A	0.56053936	0.0	0.28124982	1.1672447172413025	0.792590308616741	0.00696452	0.6644578	0.10350413227990742	0.8298113879203894	degenerated	True	pain_ligand:TNF; pain_receptor:TNFRSF1A
Tem/Effector helper T cells	AF_outer	TNF	VSIR	0.30206373	0.0	0.08693435	0.547185989558435	0.0598074824429175	0.0017354215	0.5240261	0.7950622842933122	0.8300547409726386	degenerated	True	pain_ligand:TNF
NP_mature_chondrocyte	DC	SEMA3E	NRP2	0.56038	0.14	0.30666	0.20021388663736442	0.26960523317454954	0.030697132	0.6740305	0.38120921633996746	0.8303876885181107	degenerated	True	pain_receptor:NRP2
AF_mechanical_stress	CD16+ NK cells	FGF2	CD44	0.77209795	0.95	0.59553635	-0.11233588725421532	0.007840577276022165	0.0057229497	0.74237186	1.0	0.8304599157379249	degenerated	True	pain_ligand:FGF2
DC	Macrophages	VEGFA	NRP2	0.93146455	0.1	0.8675015	0.2197967568127722	0.10769826042716146	0.011613154	0.77667785	0.4245061787823557	0.8304917460648824	degenerated	True	pain_ligand:VEGFA; pain_receptor:NRP2
AF_inner	Small pre-B cells	VEGFA	ITGB1	0.9313426	0.78	0.7246698	-0.1637483720173955	-0.04397422633074677	0.0033104492	0.7606889	1.0	0.8309528136803015	degenerated	True	pain_ligand:VEGFA
DC	Fibroblasts	VEGFA	GPC1	0.5902284	0.41	0.23942326	0.01787595776374305	-0.10373103833301944	0.010739275	0.64627796	1.0	0.8313971985379156	degenerated	True	pain_ligand:VEGFA
Tem/Effector helper T cells	NP_stressed_degenerative	TNFSF10	TNFRSF10B	0.29518455	0.21	0.087122284	0.11589128660266368	0.6062558399369555	0.005945208	0.5242954	0.493155767626948	0.8321051492141376	degenerated	True	pain_ligand:TNF
NP_stressed_degenerative	NK cells	TNFSF13B	HLA-DPB1	0.29586846	0.0	0.087164864	0.4204293600669863	0.7615392215832345	0.0020649042	0.5243563	0.2732986368069386	0.8323784753452507	degenerated	True	pain_ligand:TNF
Fibroblasts	Plasma cells	TNFSF12	TNFRSF12A	0.55979836	0.88	0.28250578	0.11760974161485793	-0.23584967291587755	0.0071581095	0.6649543	1.0	0.8330574059950575	degenerated	True	pain_ligand:TNF
AF_inner	NP_mature_chondrocyte	TNFSF10	TNFRSF10D	0.31735605	0.0	0.087182656	0.09875208440931242	0.06913622713404466	0.007843797	0.52438176	0.5152403120721103	0.8330615821964165	degenerated	True	pain_ligand:TNF
Tem/Temra cytotoxic T cells	DC	CXCL8	SDC2	0.7802725	0.29	0.5968795	0.05418840719321909	-0.37753776047513465	0.0037333004	0.7425872	1.0	0.8331295595972261	degenerated	True	pain_ligand:CXCL8
AF_outer	AF_inner	SEMA3C	NRP2_PLXNA3	0.39025488	0.0	0.087186426	0.15625836220611536	0.5206969026086945	0.017006243	0.5243872	0.24424301673126106	0.8331982079342674	degenerated	True	pain_receptor:NRP2
Naive B cells	Macrophages	TNF	FAS	0.34256065	0.0	0.08721539	0.9346522893674349	0.7662534015781886	0.004117422	0.5244286	0.10350413227990742	0.8337445455157617	degenerated	True	pain_ligand:TNF
CD16+ NK cells	Fibroblasts	RTN4	NGFR	0.559572	1.0	0.31028378	1.324280661426543	0.2649802493637389	0.01089529	0.6753198	0.9322211562285568	0.8337798148874962	degenerated	True	pain_receptor:NGFR
Tem/Effector helper T cells	Tem/Temra cytotoxic T cells	VEGFB	ADRB2	0.5595636	0.08	0.27192664	0.35135906230447145	0.6684126963638444	0.010536354	0.6606894	0.2799514982977906	0.8338522386691529	degenerated	True	pain_ligand:VEGFB
Fibroblasts	Tcm/Naive helper T cells	FGF2	CD44	1.0313523	0.22	0.5974875	0.11958019891557001	0.06046688466431355	0.0057417	0.7426845	0.538253985976954	0.8338746298358113	degenerated	True	pain_ligand:FGF2
Naive B cells	DC	VEGFA	CD44	1.0878803	0.31	0.59748024	0.12480201647270237	-0.10220636649810388	0.0020691655	0.7426834	1.0	0.833951474730168	degenerated	True	pain_ligand:VEGFA
Endothelial cells	Macrophages	GRN	TNFRSF1A	0.55950344	0.97	0.28046456	-0.1762118505933299	-0.3140061140758137	0.0032047948	0.664146	1.0	0.8340690781524746	degenerated	True	pain_receptor:TNFRSF1A
Naive B cells	CD16+ NK cells	VEGFA	CD44	0.55947065	1.0	0.25679153	-0.39588064911761833	-0.3942364526960245	0.0008893082	0.6542411	1.0	0.834213506331299	degenerated	True	pain_ligand:VEGFA
NP_mature_chondrocyte	NP_notochordal	GRN	TNFRSF1A	0.559448	1.0	0.2977335	-0.1713310457021172	-0.2751447011463878	0.003402122	0.67077696	1.0	0.8345028698888448	degenerated	True	pain_receptor:TNFRSF1A
Mast cells	Memory B cells	VEGFA	ITGB1	0.5592961	1.0	0.3116945	-0.5262253275472895	-0.1214411446149335	0.0014238883	0.67581683	1.0	0.8350813403368756	degenerated	True	pain_ligand:VEGFA
Memory B cells	AF_inner	CXCL8	SDC2	0.9294722	0.06	0.6947224	0.22060292731916856	-0.02579092738597799	0.0043452783	0.75682634	0.789289506326899	0.8354904851541317	degenerated	True	pain_ligand:CXCL8
Tem/Trm cytotoxic T cells	NK cells	CXCL8	SDC2	0.559003	0.88	0.30185366	-0.15731177650847614	-0.603787175745993	0.0018880031	0.6722927	1.0	0.8358051474903219	degenerated	True	pain_ligand:CXCL8
NP_mature_chondrocyte	Endothelial cells	FGF2	SDC2	0.6835324	1.0	0.23854434	-0.12750104346680813	-0.39202348534590037	0.006206907	0.64585745	1.0	0.8358774596631992	degenerated	True	pain_ligand:FGF2
Macrophages	Tem/Trm cytotoxic T cells	TNFSF9	TNFRSF9	0.326501	0.0	0.08739583	1.0562920709078292	0.891373239874171	0.02078541	0.52468634	0.005963467576966869	0.835929139287698	degenerated	True	pain_ligand:TNF
Mast cells	NK cells	VEGFA	CD44	0.9292909	0.58	0.75030595	-0.03283540691640295	0.3704673850991873	0.0025984244	0.7638388	1.0	0.8361062348813251	degenerated	True	pain_ligand:VEGFA
AF_outer	AF_mechanical_stress	FGF2	CD44	0.92925894	0.01	0.80286664	0.038712672700549476	-0.07260464523152621	0.0077153402	0.7698911	0.9477149657849159	0.8361832579966364	degenerated	True	pain_ligand:FGF2
Tem/Trm cytotoxic T cells	Tem/Temra cytotoxic T cells	TNF	NOTCH1	0.29584873	0.0	0.0874321	0.9263533491548963	0.9654986648194659	0.006691615	0.5247381	0.10350413227990742	0.8364750716272749	degenerated	True	pain_ligand:TNF
Macrophages	Macrophages	CCL2	CCR1	0.9288847	0.0	0.69504964	2.327779876560504	1.7919640586037628	0.06881306	0.7568697	0.00013451991932144673	0.8365681594281891	degenerated	True	pain_ligand:CCL2
NP_notochordal	Mast cells	VEGFA	CD44	0.81307614	0.94	0.5982906	-0.14719789420177481	0.40516140733048256	0.002071972	0.7428128	1.0	0.8366014977269531	degenerated	True	pain_ligand:VEGFA
AF_mechanical_stress	Macrophages	FGF2	FGFR1	0.55865085	0.99	0.27637908	-0.21820167823378867	-0.47155401022257964	0.008788298	0.6625075	1.0	0.8369637880171038	degenerated	True	pain_ligand:FGF2
AF_mechanical_stress	AF_inner	FGF2	FGFR3	0.5586505	0.0	0.27637845	0.3330422952925173	0.30671017238398085	0.06679864	0.66250724	0.12626286523761396	0.8370361670024117	degenerated	True	pain_ligand:FGF2
AF_mechanical_stress	Macrophages	FGF2	SDC3	0.5586248	0.0	0.27634007	0.47609861253591884	0.4062983299116686	0.049487777	0.66249174	0.06384318093850679	0.8372535580885262	degenerated	True	pain_ligand:FGF2
NP_mature_chondrocyte	NP_mature_chondrocyte	FGF2	SDC4	0.9286636	0.0	0.80809647	0.3003977765616356	0.31794596160370403	0.03978186	0.7704657	0.1174870047790465	0.8372611776491959	degenerated	True	pain_ligand:FGF2
Macrophages	DC	VEGFA	SIRPA	0.92856336	0.0	0.8366868	0.5100283957796935	0.5691994670726819	0.016224662	0.77352554	0.018213590885303232	0.8374922187369926	degenerated	True	pain_ligand:VEGFA
AF_mechanical_stress	Endothelial cells	VEGFA	NRP2	0.8989235	0.0	0.5990464	0.13895550266453882	0.02639412810211139	0.008019373	0.7429334	0.6296900804426011	0.8381961739257313	degenerated	True	pain_ligand:VEGFA; pain_receptor:NRP2
AF_mechanical_stress	Fibroblasts	TNFSF9	HLA-DPA1	0.55833906	0.0	0.31162	0.9128323389528566	0.7493294827934511	0.0064708083	0.67579067	0.10350413227990742	0.8382686239421334	degenerated	True	pain_ligand:TNF
Memory B cells	DC	CXCL8	SDC3	0.55820256	0.05	0.3099849	0.8199354942318355	0.3204057252058321	0.013344266	0.6752141	0.2207665811323996	0.8389215501600245	degenerated	True	pain_ligand:CXCL8
NP_notochordal	Small pre-B cells	VEGFA	ITGB1	0.5580099	1.0	0.31135517	-0.5278448809832448	-0.47193152122057547	0.001422338	0.6756975	1.0	0.8397201079244806	degenerated	True	pain_ligand:VEGFA
Macrophages	AF_inner	TNFSF13B	HLA-DPB1	0.31453383	0.0	0.08757754	0.5174129655312613	0.36365457960340847	0.0020746805	0.52494526	0.646216338479058	0.8397486837812969	degenerated	True	pain_ligand:TNF
NK cells	AF_inner	VEGFA	NRP2	0.5579895	0.99	0.31057125	-0.17940809837688512	-0.35859734873221316	0.004157586	0.6754213	1.0	0.8397926457278289	degenerated	True	pain_ligand:VEGFA; pain_receptor:NRP2
AF_outer	Small pre-B cells	ANGPT1	ITGB1	0.35594493	0.95	0.08765006	-0.3356537337947781	-0.18724627594240262	0.0030321707	0.52504855	1.0	0.8404302412347501	degenerated	True	pain_ligand:ANGPT1
DC	Classical monocytes	VEGFA	SIRPA	0.78605705	0.14	0.59986496	0.33293284461637584	0.496279977871653	0.011632316	0.74306375	0.38120921633996746	0.8405191722855716	degenerated	True	pain_ligand:VEGFA
Fibroblasts	NP_mature_chondrocyte	IL11	IL6R	0.31371883	0.14	0.087658934	0.20488186535986705	-0.09173851407927164	0.0058255596	0.52506113	1.0	0.8405665570636263	degenerated	True	pain_receptor:IL6R
Tem/Effector helper T cells	AF_outer	TNFSF10	TNFRSF10D	0.2961191	0.31	0.08766765	0.07825917212491725	0.15735556289480385	0.007887432	0.5250735	0.6417227897853943	0.8407028671560524	degenerated	True	pain_ligand:TNF
Fibroblasts	Mast cells	TNFSF13B	TFRC	0.71789336	0.02	0.23763962	0.582993572196516	1.0963685500205096	0.00805841	0.64542276	0.14989686201302985	0.8408097623498448	degenerated	True	pain_ligand:TNF
AF_outer	DC	FGF2	FGFR1	0.55778074	0.97	0.29544565	-0.21880641767968795	-0.3872429212269051	0.009394577	0.6699247	1.0	0.8408097623498448	degenerated	True	pain_ligand:FGF2
AF_inner	NP_mature_chondrocyte	FGF2	FGFRL1	0.92691386	0.0	0.85855854	0.38147649807841605	0.5007444637223476	0.046704575	0.7757779	0.034290655573547595	0.8417311066920445	degenerated	True	pain_ligand:FGF2
DC	Plasma cells	TNFSF13B	TFRC	0.55727303	0.03	0.29648152	0.619229461860754	0.4666086146854216	0.010053751	0.6703115	0.1760704091790426	0.8424095500275823	degenerated	True	pain_ligand:TNF
AF_outer	Fibroblasts	TNFSF9	HLA-DPA1	0.36176687	0.01	0.08776056	0.5033554611968712	0.32978178694179766	0.0018223536	0.5252056	0.7703282833540853	0.8424741610930386	degenerated	True	pain_ligand:TNF
AF_outer	AF_mechanical_stress	PDGFA	PDGFRA	0.3663553	0.01	0.08776146	0.04216696342473784	0.0186714499781247	0.010219124	0.52520686	0.6516092333809653	0.8426103370735353	degenerated	True	pain_ligand:PDGFA
Mast cells	DC	TNFSF10	TNFRSF10A	0.3128357	0.01	0.08780774	0.4351963678191966	0.9095906993504136	0.008798965	0.5252726	0.11458311243323929	0.8431551451385516	degenerated	True	pain_ligand:TNF
Classical monocytes	AF_inner	GRN	TNFRSF1A	0.5569954	0.8	0.28815922	-0.17629107360865215	-0.044790587165084994	0.0032927194	0.6671578	1.0	0.843210319362436	degenerated	True	pain_receptor:TNFRSF1A
Tem/Effector helper T cells	NK cells	TNF	NOTCH1	0.30332455	0.0	0.08786157	0.9541541430907396	0.7851268817436163	0.0067244847	0.525349	0.10350413227990742	0.8435636775382597	degenerated	True	pain_ligand:TNF
Classical monocytes	DC	TNFSF13B	TFRC	0.92591184	0.0	0.8327569	1.6357829686167829	1.4280102036472782	0.028238963	0.7731129	0.005963467576966869	0.8437370423094595	degenerated	True	pain_ligand:TNF
NP_notochordal	Naive B cells	VEGFA	CD44	0.9258995	0.63	0.7252106	-0.03602438817484349	0.14564972786364683	0.0025115153	0.7607568	1.0	0.8438141352385811	degenerated	True	pain_ligand:VEGFA
Naive B cells	Fibroblasts	TNFSF9	HLA-DPA1	0.55653304	0.0	0.30956328	0.9090702429544419	1.0047026469331652	0.006428101	0.6750648	0.10350413227990742	0.8445216378276429	degenerated	True	pain_ligand:TNF
Fibroblasts	Fibroblasts	APP	NGFR	0.9255315	0.01	0.6808604	2.068726136708363	0.7657606181117197	0.04921787	0.7549669	0.022356400988350938	0.8448176161775598	degenerated	True	pain_receptor:NGFR
AF_mechanical_stress	AF_inner	VEGFA	ITGAV	0.92552525	0.0	0.67119586	0.25194945058974266	0.19337689925192159	0.010077596	0.75364214	0.26170157838058217	0.844894858021183	degenerated	True	pain_ligand:VEGFA
AF_inner	NK cells	NGF	BEX3	0.35487327	1.0	0.08796426	-0.32736509761312566	-0.47672893271329514	0.0059098424	0.52549464	1.0	0.8450612241644337	degenerated	True	pain_ligand:NGF
NP_mature_chondrocyte	Small pre-B cells	VEGFA	ITGB1	0.925316	0.78	0.71799785	-0.16962506064844618	-0.08847095681094252	0.00327997	0.759846	1.0	0.8451264730527148	degenerated	True	pain_ligand:VEGFA
NK cells	Macrophages	ANGPT2	ITGA5_ITGB1	0.7823007	0.0	0.60208887	2.257874508881496	1.3054708053675226	0.03452961	0.74341685	0.00305218083750702	0.8455425684570903	degenerated	True	pain_ligand:ANGPT2
Macrophages	Small pre-B cells	VEGFA	ITGB1	0.82096636	0.86	0.60247284	-0.27139343377989356	-0.16281837024665902	0.0027522268	0.74347764	1.0	0.8460532268260604	degenerated	True	pain_ligand:VEGFA
NK cells	Fibroblasts	RTN4	NGFR	0.848407	0.35	0.6027628	1.6050693041484128	0.4015564241260262	0.021165386	0.74352354	0.31772827697184197	0.8467831283578826	degenerated	True	pain_receptor:NGFR
NP_notochordal	DC	CXCL8	SDC3	0.92451215	0.0	0.7482872	1.139983198452004	0.8311759793900096	0.032212354	0.7635957	0.005963467576966869	0.846902721231297	degenerated	True	pain_ligand:CXCL8
Fibroblasts	Tem/Temra cytotoxic T cells	VEGFB	ADRB2	0.7766037	0.03	0.60291445	0.6086441091071901	0.8221847714206931	0.023361156	0.74354756	0.0889090374743859	0.8470024346043186	degenerated	True	pain_ligand:VEGFB
NK cells	NP_mature_chondrocyte	VEGFA	ITGAV	0.55570424	0.91	0.30814868	-0.09352371774687285	-0.2693665527785435	0.0046266634	0.67456234	1.0	0.8470024346043186	degenerated	True	pain_ligand:VEGFA
Fibroblasts	AF_inner	VEGFA	NRP2	0.5556928	0.81	0.30787984	-0.18164797099553875	-0.5616515843009638	0.004121556	0.67446643	1.0	0.8470753911787801	degenerated	True	pain_ligand:VEGFA; pain_receptor:NRP2
NK cells	AF_outer	VEGFA	ITGAV	0.55568916	0.91	0.3081327	-0.09354445138270517	-0.1207623095309669	0.004626424	0.6745567	1.0	0.8471483519425318	degenerated	True	pain_ligand:VEGFA
Macrophages	Fibroblasts	PDGFC	FLT1	0.32204717	0.16	0.088155404	0.12451567055481995	0.05238325267110011	0.0062733004	0.5257653	0.558576381515839	0.8475102006017315	degenerated	True	pain_receptor:FLT1
AF_mechanical_stress	Endothelial cells	NGF	KIDINS220	0.36634457	0.01	0.08817168	0.11191259577691078	0.1422616944117573	0.0064475015	0.5257883	0.35232827205814204	0.8479181828655278	degenerated	True	pain_ligand:NGF
Fibroblasts	AF_outer	FGF2	SDC4	0.5554527	0.67	0.26572475	-0.10893745527046025	-0.20511051387145846	0.01308139	0.65809864	1.0	0.8479521210356273	degenerated	True	pain_ligand:FGF2
Tem/Trm cytotoxic T cells	NP_mature_chondrocyte	TNF	VSIR	0.2970708	0.0	0.08817894	0.4698896528609893	0.2849799137054779	0.0017602665	0.5257985	0.9010603392446899	0.8480541834073797	degenerated	True	pain_ligand:TNF
Naive B cells	Macrophages	VEGFA	ITGAV	0.5554302	0.72	0.25418645	-0.05736431626501906	-0.09273728117958457	0.0038164537	0.6530869	1.0	0.8480983784895109	degenerated	True	pain_ligand:VEGFA
Endothelial cells	DC	ADAM17	IL6R	0.5552064	0.0	0.29154736	0.51720719254968	0.5862149673901935	0.014171634	0.66845447	0.016034346192185044	0.849048883796321	degenerated	True	pain_receptor:IL6R
Mast cells	AF_outer	TNF	TRADD	0.31191656	0.0	0.08829982	0.7292239681176136	1.0926720545943716	0.0062932074	0.5259693	0.10350413227990742	0.8491418740497425	degenerated	True	pain_ligand:TNF
AF_inner	NP_mature_chondrocyte	NGF	BEX3	0.81769013	0.0	0.23607709	0.1350874770139952	0.05717790183613486	0.01586074	0.64466757	0.5468169304361036	0.8491952673348062	degenerated	True	pain_ligand:NGF
DC	AF_inner	VEGFA	CD44	0.78832906	0.92	0.6040468	-0.17339255497419448	-0.490255316509029	0.0020919065	0.74372643	1.0	0.8494878535654327	degenerated	True	pain_ligand:VEGFA
AF_outer	AF_outer	FGF2	FGFR1	0.78378594	0.0	0.6041577	0.03311501450185303	0.10442842672566521	0.019210996	0.7437439	0.6371114829837874	0.850000099023122	degenerated	True	pain_ligand:FGF2
NP_mature_chondrocyte	Classical monocytes	FGF2	SDC4	0.92320263	0.04	0.7954082	0.29396928726947646	0.6451094759864912	0.039157227	0.7690633	0.19940486760830795	0.8503811178401712	degenerated	True	pain_ligand:FGF2
AF_inner	AF_inner	FGF2	FGFR2	0.59979	0.0	0.2359576	0.3109369523052976	0.3996384371763816	0.06722958	0.6446096	0.06694624131150283	0.8505127818698528	degenerated	True	pain_ligand:FGF2
Mast cells	Fibroblasts	CXCL8	SDC2	0.91222084	0.19	0.604418	0.2094144446208368	0.1905026089363897	0.0037804514	0.7437849	0.7454843402189792	0.8506591020818884	degenerated	True	pain_ligand:CXCL8
NK cells	AF_mechanical_stress	PDGFA	PDGFRA	0.8104587	0.0	0.6045992	0.982725726732653	0.9254603129160514	0.07040077	0.74381346	0.005963467576966869	0.8509522560206972	degenerated	True	pain_ligand:PDGFA
Tem/Effector helper T cells	AF_mechanical_stress	TNF	TNFRSF1A	0.55452955	0.0	0.2725978	0.7083330765756544	0.5343742799575597	0.0067502726	0.6609657	0.15728085520813195	0.85131844566833	degenerated	True	pain_ligand:TNF; pain_receptor:TNFRSF1A
Tem/Trm cytotoxic T cells	Fibroblasts	CXCL8	SDC2	0.92266405	0.14	0.6334381	0.21853874890874408	-0.2220698598770312	0.0039619636	0.7482278	1.0	0.8515414004359922	degenerated	True	pain_ligand:CXCL8
NK cells	NP_stressed_degenerative	GRN	TNFRSF1A	0.554201	0.98	0.28746107	-0.15441059677457875	0.24810293208114642	0.0032847421	0.66688854	1.0	0.852418108612799	degenerated	True	pain_receptor:TNFRSF1A
NP_notochordal	Fibroblasts	VEGFA	ITGB3	0.36007255	1.0	0.08868654	0.44282220348103807	0.019578565779037604	0.011777555	0.52651405	1.0	0.8526063278015721	degenerated	True	pain_ligand:VEGFA
NP_notochordal	Fibroblasts	VEGFA	TYRO3	0.36007255	1.0	0.08868654	0.1343300699256519	-0.020950401492523085	0.013339952	0.52651405	1.0	0.8526063278015721	degenerated	True	pain_ligand:VEGFA
AF_mechanical_stress	Macrophages	FGF2	SDC2	0.7786689	0.7	0.6053616	-0.0436432134480801	-0.014617470914557451	0.015751466	0.7439335	1.0	0.8526381547760722	degenerated	True	pain_ligand:FGF2
Classical monocytes	AF_mechanical_stress	VEGFA	GPC1	0.55416673	0.52	0.27050713	0.019739382231619605	0.3010266408482817	0.012133535	0.6601025	0.9526661544703546	0.8527849505606262	degenerated	True	pain_ligand:VEGFA
Endothelial cells	DC	VEGFB	ADRB2	0.3269348	0.86	0.088705115	-0.014187101021800985	-0.1817478975122076	0.003437061	0.52654016	1.0	0.8529457976324446	degenerated	True	pain_ligand:VEGFB
Naive B cells	AF_inner	VEGFA	SIRPA	0.2988033	0.96	0.088727936	-0.2650225022266722	-0.5096392707520934	0.001720573	0.5265723	1.0	0.8532173155484387	degenerated	True	pain_ligand:VEGFA
NP_notochordal	NP_mature_chondrocyte	VEGFA	NRP2	0.8197967	0.0	0.6058509	0.12407638861203327	0.17525465551699504	0.008110464	0.74401045	0.31931466886640225	0.8535187181190178	degenerated	True	pain_ligand:VEGFA; pain_receptor:NRP2
Macrophages	NP_mature_chondrocyte	TNF	TNFRSF1A	0.92203385	0.0	0.67931724	2.3241683487730898	1.1937290281331465	0.016821766	0.7547569	0.005963467576966869	0.8537084453043793	degenerated	True	pain_ligand:TNF; pain_receptor:TNFRSF1A
NP_mature_chondrocyte	Classical monocytes	FGF2	CD44	0.92198515	0.43	0.7925794	0.05979487451854948	0.28525356532561896	0.007616482	0.76874673	0.8193580637565766	0.8538632473830531	degenerated	True	pain_ligand:FGF2
Fibroblasts	AF_outer	ANGPT1	ITGA5	0.5538231	0.0	0.29560515	0.7194227355057564	0.5660102968701765	0.02784743	0.6699843	0.018726580795331006	0.8538858757444396	degenerated	True	pain_ligand:ANGPT1
AF_inner	AF_inner	NGF	BEX3	0.8147291	0.0	0.23512948	0.13212829488395778	0.09009389090601844	0.015797077	0.64420676	0.4636550863221018	0.85425313864808	degenerated	True	pain_ligand:NGF
Mast cells	Fibroblasts	CXCL8	ADRA2A	0.55368274	0.04	0.2924817	2.544505198704877	0.6794584859551679	0.018993381	0.66880894	0.11943951581527917	0.8548406995613465	degenerated	True	pain_ligand:CXCL8
DC	Fibroblasts	TNFSF13B	CD40	0.32070512	0.02	0.088941075	0.6358450067502909	0.40506358428093914	0.0073815463	0.5268713	0.14989686201302985	0.8549817581000262	degenerated	True	pain_ligand:TNF
Fibroblasts	NP_mature_chondrocyte	VEGFA	ITGAV	0.55340755	0.67	0.30547825	-0.09576359036552648	-0.4724207883472942	0.0045865686	0.6736062	1.0	0.8559436254272872	degenerated	True	pain_ligand:VEGFA
NP_mature_chondrocyte	DC	FGF2	SDC4	0.6819151	0.44	0.2347866	0.00993435985389457	-0.13951868256959776	0.0115583325	0.6440395	1.0	0.856090567833466	degenerated	True	pain_ligand:FGF2
Fibroblasts	AF_outer	VEGFA	ITGAV	0.55339247	0.68	0.30546242	-0.0957843240013588	-0.3238165450997176	0.004586331	0.6736005	1.0	0.856090567833466	degenerated	True	pain_ligand:VEGFA
AF_inner	AF_mechanical_stress	VEGFA	ITGAV	0.9212277	0.0	0.6981863	0.2545065380957767	0.26749593622999523	0.010482839	0.75728375	0.164762994302597	0.8561092780250337	degenerated	True	pain_ligand:VEGFA
Macrophages	Tem/Temra cytotoxic T cells	TNF	FAS	0.92116106	0.0	0.67698616	2.8190555812800886	2.053744266766805	0.031960387	0.75443864	0.0024997374321474542	0.8562643196782498	degenerated	True	pain_ligand:TNF
Naive B cells	NP_stressed_degenerative	VEGFA	SIRPA	0.29932052	0.96	0.089061424	-0.2641808998129661	-0.1345613539027261	0.0017270397	0.5270398	1.0	0.8567452335887366	degenerated	True	pain_ligand:VEGFA
AF_inner	Endothelial cells	PIGF	FLT1	0.7778235	0.0	0.23459497	1.051648277075277	1.0550446038889654	0.037126467	0.64394593	0.005963467576966869	0.8567527146888892	degenerated	True	pain_receptor:FLT1
AF_outer	AF_outer	GRN	TNFRSF1A	0.79761446	0.0	0.6073192	0.0947402516821604	0.04280786670964354	0.0069396766	0.74424094	0.5834461082954673	0.856826462730622	degenerated	True	pain_receptor:TNFRSF1A
Macrophages	AF_inner	TNFSF13B	CD40	0.3163039	0.0	0.08906825	0.6195768784649589	0.5273775266916312	0.007392102	0.52704936	0.1151080283350834	0.8568808619890731	degenerated	True	pain_ligand:TNF
Tcm/Naive helper T cells	AF_inner	ADAM10	IL6R	0.29877084	0.08	0.08913112	0.06495821821146038	0.10515559851287004	0.0016626823	0.5271373	1.0	0.8575588110147583	degenerated	True	pain_receptor:IL6R
AF_outer	DC	FGF2	SDC2	0.78627205	0.62	0.60755354	-0.03804345017152455	-0.10434903790552874	0.0158085	0.74427766	1.0	0.8575625464399208	degenerated	True	pain_ligand:FGF2
NP_notochordal	NP_notochordal	GRN	TNFRSF1A	0.9206442	0.0	0.61266965	0.20697050747561924	0.5803664956573864	0.007000815	0.7450748	0.15899266713479998	0.8575817432296027	degenerated	True	pain_receptor:TNFRSF1A
NP_notochordal	Tem/Temra cytotoxic T cells	VEGFA	CD44	0.82137346	0.96	0.60762465	-0.13902182152787196	0.1478957823433027	0.002104297	0.74428874	1.0	0.8577099068759968	degenerated	True	pain_ligand:VEGFA
AF_inner	DC	FGF2	SDC2	0.9205985	0.17	0.8465388	0.11017010027271916	0.09160866588279526	0.022026883	0.7745493	0.4600100990430638	0.8578142934149278	degenerated	True	pain_ligand:FGF2
AF_inner	Classical monocytes	SEMA3E	NRP2	0.5527484	0.22	0.27586848	0.16420905911426714	0.6195094522461586	0.027614854	0.6623007	0.5086776161444114	0.8581518565796031	degenerated	True	pain_receptor:NRP2
Macrophages	DC	VEGFA	ITGB1	0.9203237	0.92	0.81875104	-0.1771154345571465	-0.412820845438322	0.0037402322	0.7716218	1.0	0.858201996360481	degenerated	True	pain_ligand:VEGFA
NK cells	DC	CCL2	CCR1	0.7803788	0.0	0.60795134	2.5544630165338518	1.5300150906900931	0.060189936	0.74434	0.0004382136601009146	0.8582254519855617	degenerated	True	pain_ligand:CCL2
NP_mature_chondrocyte	AF_inner	FGF2	SDC4	0.9197296	0.0	0.7873388	0.2898807142475355	0.3407873534114696	0.038759977	0.7681566	0.10143035722408318	0.859520219038131	degenerated	True	pain_ligand:FGF2
Tem/Effector helper T cells	AF_inner	TNFSF10	TNFRSF10B	0.29883578	0.22	0.08925296	0.12187557994974885	0.21592857176781122	0.0060906056	0.52730757	0.5086776161444114	0.8602692844378798	degenerated	True	pain_ligand:TNF
AF_mechanical_stress	Tcm/Naive helper T cells	VEGFA	ITGB1	0.9194435	1.0	0.6547008	-0.17441886120474848	-0.2022183018052901	0.0029908156	0.75132495	1.0	0.8602959622796229	degenerated	True	pain_ligand:VEGFA
DC	NK cells	VEGFA	GPC1	0.5871561	0.45	0.2337685	0.01266436853521739	-0.10394535731943261	0.010485631	0.6435412	1.0	0.8605852938711354	degenerated	True	pain_ligand:VEGFA
NP_mature_chondrocyte	AF_inner	TNFSF10	RIPK1	0.32517096	0.0	0.08926897	0.25456186198273156	0.302031557137452	0.008606075	0.5273299	0.13040200816188438	0.8610819697453774	degenerated	True	pain_ligand:TNF
Mast cells	Endothelial cells	CXCL8	SDC2	0.32017344	1.0	0.089323305	-0.40247759779787484	-0.6970705909016337	0.0005586902	0.52740574	1.0	0.8614882352217772	degenerated	True	pain_ligand:CXCL8
NP_stressed_degenerative	NP_mature_chondrocyte	GRN	TNFRSF1A	0.5518869	1.0	0.30271566	-0.17294143069094237	-0.03087803684018786	0.0034590524	0.67260677	1.0	0.861766718510006	degenerated	True	pain_receptor:TNFRSF1A
Endothelial cells	NP_mature_chondrocyte	ADAM17	IL6R	0.31796864	0.0	0.089443736	0.16785723751108456	0.03640766125016043	0.004347712	0.52757365	0.6010148728454646	0.8631128361695473	degenerated	True	pain_receptor:IL6R
AF_inner	AF_outer	FGF2	FGFR1	0.91811246	0.0	0.8418071	0.18132856494609673	0.3003861305139892	0.026767774	0.77405953	0.1978341076736794	0.8631677285269146	degenerated	True	pain_ligand:FGF2
Fibroblasts	Plasma cells	ADAM17	IL6R	0.55138993	0.01	0.26289245	0.49626889709275723	0.5936567811573992	0.012778766	0.65689194	0.11458311243323929	0.8634670999946997	degenerated	True	pain_receptor:IL6R
Fibroblasts	Endothelial cells	NGF	MAGED1	0.3071391	0.71	0.08948957	0.006794659256996655	-0.17423350415048416	0.012299258	0.5276375	1.0	0.8637894702165766	degenerated	True	pain_ligand:NGF
Endothelial cells	AF_outer	PDGFA	PDGFRB	0.30406252	0.0	0.08949543	0.29591112215588794	0.5136818910120218	0.0077796867	0.52764565	0.09576365377886213	0.8639248012707915	degenerated	True	pain_ligand:PDGFA
Endothelial cells	AF_outer	CXCL8	SDC2	0.617965	0.98	0.23318022	-0.07851009894097001	-0.6901680396234644	0.0014584716	0.6432522	1.0	0.863984949290403	degenerated	True	pain_ligand:CXCL8
Tem/Temra cytotoxic T cells	Fibroblasts	TNF	TRAF2	0.5512537	0.0	0.26746857	2.2162814144576584	1.368376340217992	0.071072064	0.65883404	0.0013609950455730662	0.8640591117713603	degenerated	True	pain_ligand:TNF
AF_outer	AF_mechanical_stress	VEGFA	CD44	0.9176922	1.0	0.7756723	-0.04460429666246	-0.40749927741903214	0.002686272	0.76682454	1.0	0.864410264874685	degenerated	True	pain_ligand:VEGFA
DC	Tem/Trm cytotoxic T cells	VEGFA	ITGB1	0.79196024	1.0	0.61073035	-0.30113407361650646	-0.4018508301003082	0.0027899486	0.7447736	1.0	0.8646511600189919	degenerated	True	pain_ligand:VEGFA
AF_inner	Memory B cells	VEGFA	ITGB1	0.9175017	0.94	0.68843067	-0.17688163625555053	-0.04710773507955213	0.0031449008	0.7559882	1.0	0.8649541010491273	degenerated	True	pain_ligand:VEGFA
Fibroblasts	DC	IL11	IL6R	0.5509566	0.0	0.2857297	0.5542318203984624	0.4580687920607615	0.01898877	0.66621715	0.04384774958605808	0.8651697167302704	degenerated	True	pain_receptor:IL6R
DC	CD16+ NK cells	VEGFA	ITGB1	0.7920606	1.0	0.610915	-0.301038879721979	-0.358733240247895	0.0027907924	0.7448024	1.0	0.8651697167302704	degenerated	True	pain_ligand:VEGFA
Endothelial cells	NP_mature_chondrocyte	TNFSF10	TNFRSF10D	0.55090547	0.0	0.289756	0.516008973085993	0.6119602035004579	0.026069257	0.6677711	0.012905214854506155	0.8653919518600277	degenerated	True	pain_ligand:TNF
Tem/Trm cytotoxic T cells	AF_inner	CXCL8	SDC2	0.89835227	0.0	0.6112707	0.19341320771899187	-0.19174714241476265	0.0038233134	0.74485767	1.0	0.8656882464775026	degenerated	True	pain_ligand:CXCL8
Naive B cells	Mast cells	TNF	FAS	0.5507988	0.0	0.30217862	1.4228880849963401	1.7212056609828839	0.014265793	0.6724112	0.007636184986013618	0.8657622721313796	degenerated	True	pain_ligand:TNF
AF_outer	Endothelial cells	VEGFA	NRP2	0.55079085	1.0	0.2914784	-0.2005653679663919	-0.5105434349084293	0.003901991	0.66842824	1.0	0.8658365362835796	degenerated	True	pain_ligand:VEGFA; pain_receptor:NRP2
Mast cells	NP_stressed_degenerative	TNF	TNFRSF1A	0.55061066	0.0	0.2824743	0.7506434778706962	1.611954278094481	0.0069948416	0.6649419	0.10350413227990742	0.8663553324038623	degenerated	True	pain_ligand:TNF; pain_receptor:TNFRSF1A
NK cells	Classical monocytes	PGF	NRP2	0.91708875	0.0	0.8041443	1.9459170614787233	1.52435419330265	0.055803318	0.77003187	0.00045960198519120435	0.8664306164496303	degenerated	True	pain_receptor:NRP2
AF_outer	NP_mature_chondrocyte	FGF2	FGFR1	0.9166619	0.0	0.78565973	0.18122860187798873	0.21180077921548102	0.024982397	0.7679664	0.2353979324643454	0.8672080181379617	degenerated	True	pain_ligand:FGF2
AF_outer	AF_inner	VEGFA	ITGB1	0.91663957	1.0	0.7742832	-0.18626554643978868	-0.5631601860356307	0.0035370935	0.76666427	1.0	0.8674412624713372	degenerated	True	pain_ligand:VEGFA
AF_inner	AF_mechanical_stress	VEGFB	ADRB2	0.55034137	0.0	0.28138256	0.32085500618411694	0.17965875608009374	0.010902743	0.66451037	0.284499591816611	0.8675420307496589	degenerated	True	pain_ligand:VEGFB
Macrophages	Endothelial cells	PDGFC	FLT1	0.91661155	0.0	0.61943763	1.2102347571003778	1.2260006110449035	0.04408032	0.7461168	0.005963467576966869	0.8675967269805706	degenerated	True	pain_receptor:FLT1
Tem/Temra cytotoxic T cells	Naive B cells	TNF	VSIR	0.55024457	0.0	0.26597083	1.310504376497248	1.127042156723618	0.0053094258	0.6582027	0.10350413227990742	0.8679131987538659	degenerated	True	pain_ligand:TNF
Fibroblasts	Fibroblasts	TNFSF9	HLA-DPA1	0.3635402	0.02	0.089780055	0.5070495990012869	0.26788179425022174	0.0018642885	0.52804136	0.9665097207990835	0.8681166955841538	degenerated	True	pain_ligand:TNF
Fibroblasts	AF_inner	ANGPT1	ITGB1	0.9163438	0.04	0.773589	0.5841245008065985	0.2976416392662138	0.026761577	0.76658404	0.19940486760830795	0.868141095379646	degenerated	True	pain_ligand:ANGPT1
Fibroblasts	NP_notochordal	NGF	KIDINS220	0.5501026	0.01	0.2725597	0.44454648733062363	0.6356386539028005	0.019930763	0.66094995	0.11458311243323929	0.8685814270535455	degenerated	True	pain_ligand:NGF
NP_stressed_degenerative	Macrophages	VEGFA	NRP2	0.79644877	0.23	0.61296153	0.0881209588823854	0.48282650538997485	0.008205653	0.74512005	0.5229830666060786	0.8688784491955961	degenerated	True	pain_ligand:VEGFA; pain_receptor:NRP2
Endothelial cells	AF_outer	ANGPT2	ITGA5_ITGB1	0.32446137	0.0	0.08991543	0.5595011906948933	0.33876043596317684	0.0051566227	0.5282291	0.3507700000650669	0.8691976147753441	degenerated	True	pain_ligand:ANGPT2
NK cells	AF_outer	VEGFA	CD44	0.9157064	0.65	0.689782	-0.04590354765541278	-0.10640981257171345	0.0023888208	0.756169	1.0	0.8695412101966976	degenerated	True	pain_ligand:VEGFA
Macrophages	NP_stressed_degenerative	VEGFA	CD44	0.91564906	0.68	0.8085754	-0.04878480413767848	0.3019332065431779	0.0028002202	0.77051806	1.0	0.8696967744249553	degenerated	True	pain_ligand:VEGFA
Fibroblasts	Endothelial cells	TNFSF13B	HLA-DPB1	0.3311043	0.02	0.08997035	0.40857937058354477	0.4347070083454097	0.0021313652	0.5283052	0.9130694690029543	0.8698729636688513	degenerated	True	pain_ligand:TNF
Classical monocytes	NK cells	VEGFA	EGFR	0.5497925	0.4	0.2639855	0.17455725221027749	0.5165007455466888	0.019011451	0.6573594	0.7785064256509252	0.8700676849818119	degenerated	True	pain_ligand:VEGFA
Classical monocytes	NP_notochordal	TNFSF13B	TFRC	0.9153201	0.0	0.80982333	1.6233554554388343	1.795802502086314	0.02746128	0.7706544	0.005963467576966869	0.8703193510290699	degenerated	True	pain_ligand:TNF
Fibroblasts	Memory B cells	TNFSF9	HLA-DPA1	0.8139756	0.0	0.23182279	1.5384894034860785	1.3931328131542617	0.0048138155	0.64258194	0.05591990680159184	0.8705138692297464	degenerated	True	pain_ligand:TNF
AF_inner	NP_mature_chondrocyte	TNFSF12	TNFRSF12A	0.8325559	0.0	0.2318222	0.10327160741165883	0.05983107986855135	0.0058738925	0.64258164	0.5399987844266496	0.8705881697198462	degenerated	True	pain_ligand:TNF
Macrophages	Tem/Trm cytotoxic T cells	TNFSF9	HLA-DPA1	0.3334721	0.0	0.09001573	0.435070952091444	0.692823566422442	0.0018691823	0.52836806	0.2511685660826427	0.8706832153015334	degenerated	True	pain_ligand:TNF
NP_mature_chondrocyte	AF_mechanical_stress	VEGFA	ITGAV	0.9152011	0.0	0.69175816	0.24862984946472602	0.22299920574979948	0.0103863245	0.75643265	0.21911300085933352	0.8707084290233537	degenerated	True	pain_ligand:VEGFA
Mast cells	AF_inner	TNF	VSIR	0.3140361	0.0	0.09002404	0.6078108557263469	0.687330703597574	0.0017970991	0.52837956	0.11363792420874072	0.8708182550454651	degenerated	True	pain_ligand:TNF
AF_inner	NP_stressed_degenerative	ADAM17	IL6R	0.60089266	0.0	0.23178566	0.5479388588525106	1.183235227887476	0.011266717	0.6425636	0.022503056356323395	0.8708856491467993	degenerated	True	pain_receptor:IL6R
Mast cells	AF_mechanical_stress	TNFSF9	HLA-DPA1	0.311333	0.02	0.09010139	0.3630713930449162	0.8104680389648548	0.0018709612	0.52848655	0.9130694690029543	0.8723031554407594	degenerated	True	pain_ligand:TNF
Classical monocytes	AF_outer	TNFSF13B	TFRC	0.8255317	0.0	0.6154108	1.5180041133107744	1.1652248799872922	0.020868711	0.7454986	0.005963467576966869	0.872821506209155	degenerated	True	pain_ligand:TNF
Small pre-B cells	Macrophages	VEGFB	ADRB2	0.32440543	0.61	0.09012605	-0.0948973334532598	-0.06134686070245943	0.0034921183	0.5285206	1.0	0.8728428995309204	degenerated	True	pain_ligand:VEGFB
AF_inner	Tem/Temra cytotoxic T cells	NGF	KIDINS220	0.36185262	0.09	0.09019782	0.10884579194228049	0.33127642029621857	0.0065956614	0.5286198	0.36119051473492686	0.8741919669838257	degenerated	True	pain_ligand:NGF
Plasma cells	Macrophages	CXCL8	SDC3	0.54874384	0.02	0.2690356	0.5575151173934468	0.12361677334711763	0.011581478	0.6594903	0.38972851037402956	0.8742380834736718	degenerated	True	pain_ligand:CXCL8
NP_notochordal	NK cells	VEGFA	CD44	0.91416395	0.66	0.7120088	-0.047588224590513234	0.016843499744739976	0.0024657953	0.7590809	1.0	0.8746022267892837	degenerated	True	pain_ligand:VEGFA
AF_outer	NP_mature_chondrocyte	FGF2	FGFRL1	0.7925874	0.0	0.61618	0.23326294763417235	0.3047867599340236	0.033519465	0.74561703	0.1277149952251788	0.8747602299077564	degenerated	True	pain_ligand:FGF2
Mast cells	NK cells	CXCL8	SDC2	0.5485598	0.81	0.2880246	-0.16643608079638342	-0.19121470693257214	0.0018015067	0.667106	1.0	0.8750586589166722	degenerated	True	pain_ligand:CXCL8
Macrophages	Plasma cells	TNFSF13B	TFRC	0.5484932	0.01	0.28461295	0.593002680644461	0.537177287254678	0.0096512865	0.66578156	0.11458311243323929	0.8751334537370503	degenerated	True	pain_ligand:TNF
AF_outer	DC	VEGFA	ITGAV	0.548448	0.85	0.2883866	-0.12598077740296737	-0.3683793440498555	0.004329948	0.6672454	1.0	0.8752080168533667	degenerated	True	pain_ligand:VEGFA
Tem/Effector helper T cells	Tcm/Naive helper T cells	TNF	FAS	0.30668944	0.0	0.090336114	0.7549034605322511	0.7919031961978834	0.0042647505	0.5288107	0.10350413227990742	0.8754056771898158	degenerated	True	pain_ligand:TNF
Endothelial cells	AF_mechanical_stress	TNFSF10	TNFRSF10B	0.54839194	0.0	0.28639722	0.5586688762764009	0.6053830311734636	0.01954369	0.6664765	0.013630626643445973	0.8754319676199411	degenerated	True	pain_ligand:TNF
AF_mechanical_stress	Tem/Temra cytotoxic T cells	FGF2	CD44	0.91395044	0.34	0.80764174	0.027442450288146097	0.2523730724831119	0.007761228	0.7704159	0.6881343060618171	0.8754594176828157	degenerated	True	pain_ligand:FGF2
Fibroblasts	NP_notochordal	ADAM17	IL6R	0.54837966	0.01	0.26079392	0.49183614021520883	0.6482970238957045	0.012676761	0.6559882	0.11458311243323929	0.8755065476910389	degenerated	True	pain_receptor:IL6R
Tem/Temra cytotoxic T cells	NP_notochordal	TNF	VSIR	0.786441	0.0	0.616521	1.632807122684968	1.605415575141564	0.012307261	0.7456695	0.01495263254734183	0.8756559565867054	degenerated	True	pain_ligand:TNF
Fibroblasts	AF_inner	VEGFA	ITGB1	0.84944344	0.93	0.6165822	-0.25179912510323565	-0.7460849100738757	0.0028166813	0.7456789	1.0	0.8758799837569171	degenerated	True	pain_ligand:VEGFA
AF_outer	AF_mechanical_stress	ANGPT1	ITGB1	0.808374	0.0	0.2309275	0.09364619861749776	0.03640643789363429	0.007988717	0.6421375	0.6010876823155687	0.8761786673702916	degenerated	True	pain_ligand:ANGPT1
Fibroblasts	Mast cells	NGF	KIDINS220	0.548152	0.03	0.27108997	0.44189641657485407	0.8065089917178287	0.01982329	0.66034395	0.1760704091790426	0.8763281527207137	degenerated	True	pain_ligand:NGF
DC	NP_stressed_degenerative	ADAM10	IL6R	0.91346616	0.0	0.8322123	1.0256178054000604	1.6043546107070155	0.0155243715	0.77305555	0.005963467576966869	0.8767067358764618	degenerated	True	pain_receptor:IL6R
Fibroblasts	AF_outer	VEGFA	CD44	0.9134097	0.6	0.6838044	-0.048143420274066415	-0.30946404814046413	0.002368119	0.7553657	1.0	0.8768626372507187	degenerated	True	pain_ligand:VEGFA
Tem/Effector helper T cells	AF_mechanical_stress	TNF	TRADD	0.30683124	0.0	0.09044039	0.6906728305935524	0.5980853293437878	0.006445768	0.5289544	0.18200642478210213	0.8768883904603108	degenerated	True	pain_ligand:TNF
Naive B cells	AF_mechanical_stress	GRN	TNFRSF1A	0.5479318	0.88	0.26281524	-0.15691159854663128	-0.17747917541387015	0.0030031204	0.6568589	1.0	0.8770006927737075	degenerated	True	pain_receptor:TNFRSF1A
Endothelial cells	DC	TNFSF10	TNFRSF10D	0.54793113	0.0	0.28578147	0.5114742839364492	0.6085030048604927	0.02571167	0.66623724	0.013293407736938982	0.877075361912498	degenerated	True	pain_ligand:TNF
NP_notochordal	AF_mechanical_stress	VEGFA	ITGAV	0.5478951	1.0	0.29997647	-0.10958997087007255	-0.16046135865983346	0.004503963	0.67160517	1.0	0.8773745535608857	degenerated	True	pain_ligand:VEGFA
Fibroblasts	AF_mechanical_stress	VEGFA	CD44	0.85049605	0.69	0.6176884	-0.11013787532590696	-0.5904240014572771	0.0021391495	0.74584883	1.0	0.8777482841605744	degenerated	True	pain_ligand:VEGFA
NP_stressed_degenerative	Macrophages	VEGFA	ITGB1	0.80026543	1.0	0.6179252	-0.2968158148623373	-0.030595123191942353	0.0028228164	0.7458852	1.0	0.8780476288140853	degenerated	True	pain_ligand:VEGFA
NP_mature_chondrocyte	NP_mature_chondrocyte	TNFSF10	TNFRSF11B	0.91295797	0.0	0.6223865	0.46008767565751585	0.545188467032195	0.032959003	0.74656636	0.022078496819222134	0.8782664469636752	degenerated	True	pain_ligand:TNF
Fibroblasts	AF_outer	NGF	MAGED1	0.54755694	0.06	0.27064157	0.2981977958110473	0.3638361257055576	0.03719641	0.6601582	0.24097969335961317	0.8784965368351093	degenerated	True	pain_ligand:NGF
NP_stressed_degenerative	AF_mechanical_stress	VEGFA	CD44	0.9129046	0.99	0.76441634	-0.04927315682205386	0.1820862831361647	0.0026472907	0.76551515	1.0	0.8785004725255645	degenerated	True	pain_ligand:VEGFA
Classical monocytes	Tem/Temra cytotoxic T cells	VEGFA	CD44	0.912868	0.63	0.8053031	-0.049790625848523486	0.5270074153209887	0.0027888878	0.7701593	1.0	0.8786565808565243	degenerated	True	pain_ligand:VEGFA
Macrophages	Fibroblasts	APP	NGFR	0.8642655	0.0	0.61882144	2.001794756499005	0.934371425124387	0.04473321	0.7460225	0.005963467576966869	0.8795446627618836	degenerated	True	pain_receptor:NGFR
DC	AF_mechanical_stress	TNF	SEMA4C	0.82450753	0.0	0.23024008	2.759164036582039	1.3762078168072318	0.021126835	0.64179486	0.005963467576966869	0.8796942939346928	degenerated	True	pain_ligand:TNF
Plasma cells	CD16+ NK cells	VEGFA	CD44	0.5472189	1.0	0.23727283	-0.40782929074681507	-0.5282566746464628	0.0008217121	0.645246	1.0	0.8797693526696758	degenerated	True	pain_ligand:VEGFA
NP_stressed_degenerative	Macrophages	ADAM10	IL6R	0.55601066	0.0	0.2302099	0.44259495661753845	0.7301835028286497	0.0042944136	0.64177984	0.2404699134989397	0.8799190093240261	degenerated	True	pain_receptor:IL6R
AF_mechanical_stress	AF_inner	FGF2	FGFRL1	0.7879038	0.0	0.6191701	0.22154660796869774	0.2317777103246288	0.03368213	0.7460759	0.20776057504697285	0.8806684949651656	degenerated	True	pain_ligand:FGF2
Classical monocytes	Endothelial cells	VEGFA	ITGA9	0.5466951	0.26	0.25936744	0.9532257538003238	0.6664949077943119	0.03555901	0.65536916	0.12876793098313358	0.8811182957571102	degenerated	True	pain_ligand:VEGFA
NP_mature_chondrocyte	NK cells	FGF2	SDC2	0.91191876	0.11	0.76919055	0.10854047353468327	0.11383239862316119	0.020014284	0.7660735	0.4113671892398421	0.8812320591909651	degenerated	True	pain_ligand:FGF2
NP_stressed_degenerative	AF_inner	VEGFA	ITGB1	0.911852	1.0	0.7630474	-0.19093440659938254	0.02642537451956617	0.0034857658	0.7653543	1.0	0.8817005397599805	degenerated	True	pain_ligand:VEGFA
NP_mature_chondrocyte	Memory B cells	VEGFA	ITGB1	0.9114752	0.94	0.6820923	-0.1827583248866012	-0.09160446555974788	0.003115946	0.75513405	1.0	0.8824033825341964	degenerated	True	pain_ligand:VEGFA
Classical monocytes	NP_mature_chondrocyte	VEGFA	NRP2	0.91129124	0.15	0.80295223	0.21330758429138172	0.5543662884946811	0.010749039	0.7699005	0.3966030130874488	0.8828720255881222	degenerated	True	pain_ligand:VEGFA; pain_receptor:NRP2
DC	Tem/Temra cytotoxic T cells	TNFSF13B	HLA-DPB1	0.5460801	0.0	0.28666198	0.9412001765675979	1.0219418748022306	0.0067909188	0.66657925	0.10350413227990742	0.8832943338295973	degenerated	True	pain_ligand:TNF
Classical monocytes	AF_inner	TNFSF13B	TFRC	0.9110427	0.0	0.80056167	1.6183363706809148	1.4167561826415072	0.027147217	0.7696363	0.005963467576966869	0.8838876826221209	degenerated	True	pain_ligand:TNF
AF_outer	Classical monocytes	PIGF	FLT1	0.30442291	0.2	0.09098392	0.1970484811724475	0.565840461249494	0.014398909	0.5297009	0.47735518276422845	0.8838883971002919	degenerated	True	pain_receptor:FLT1
NP_stressed_degenerative	Endothelial cells	VEGFA	NRP2	0.5460033	1.0	0.28724867	-0.20523422812598577	0.07904212564676749	0.0038453685	0.6668064	1.0	0.8839704328625325	degenerated	True	pain_ligand:VEGFA; pain_receptor:NRP2
Fibroblasts	Classical monocytes	PGF	NRP2	0.54581094	0.1	0.2658096	0.6144171344570943	0.7622935185614195	0.018445766	0.6581345	0.08615194942485482	0.8848724347907363	degenerated	True	pain_receptor:NRP2
Fibroblasts	NP_stressed_degenerative	FGF2	CD44	0.5457384	0.96	0.25895262	-0.3589325313746231	-0.3261632416805524	0.0024884674	0.6551884	1.0	0.8851733969017018	degenerated	True	pain_ligand:FGF2
Endothelial cells	AF_outer	TNFSF10	TNFRSF11B	0.7990364	0.0	0.62132186	0.44324901108712056	0.6162779914248948	0.032902624	0.74640435	0.01980750900875378	0.8852485292071456	degenerated	True	pain_ligand:TNF
NP_mature_chondrocyte	Macrophages	FGF2	SDC4	0.8482772	0.01	0.621322	0.20576975137549924	0.22468791827979973	0.030587122	0.74640435	0.21659614821297812	0.885323665763887	degenerated	True	pain_ligand:FGF2
NP_stressed_degenerative	NP_mature_chondrocyte	VEGFA	CD44	0.80287945	1.0	0.6213249	-0.15768954568469398	0.07283383903146246	0.002151743	0.74640477	1.0	0.8853990443661627	degenerated	True	pain_ligand:VEGFA
NP_mature_chondrocyte	AF_inner	GRN	TNFRSF1A	0.5456598	1.0	0.27890062	-0.1881634875974038	-0.5014171377227518	0.003186924	0.6635221	1.0	0.8857750501111525	degenerated	True	pain_receptor:TNFRSF1A
Classical monocytes	AF_inner	TNFSF13B	CD40	0.64706683	0.0	0.22899343	1.607615118007357	1.3943258486173198	0.019005006	0.64117056	0.005963467576966869	0.8858504543321926	degenerated	True	pain_ligand:TNF
Fibroblasts	CD16+ NK cells	TNFSF13B	HLA-DPB1	0.33417875	0.03	0.09114412	0.41406619407961087	0.6907428203042721	0.0021591715	0.5299199	1.0	0.8859047461503714	degenerated	True	pain_ligand:TNF
NP_notochordal	AF_mechanical_stress	PTGS2	CAV1	0.9103248	1.0	0.65483636	-0.09549085814708755	-0.3323948957257674	0.003920703	0.75134426	1.0	0.8863106798972982	degenerated	True	pain_ligand:PTGS2
Naive B cells	DC	VEGFA	SIRPA	0.5455566	0.54	0.24782054	0.13649645852895734	-0.03751342373347205	0.0048056263	0.6502082	0.9827094153343124	0.886377213857587	degenerated	True	pain_ligand:VEGFA
NK cells	AF_inner	VEGFA	ITGB1	0.8517401	1.0	0.62197226	-0.249559252484582	-0.543030674505125	0.0028413043	0.7465034	1.0	0.8868289562060867	degenerated	True	pain_ligand:VEGFA
DC	AF_inner	TNFSF13B	HLA-DPB1	0.3233137	0.0	0.09122959	0.5436397467475542	0.2930859070341521	0.002161196	0.5300366	0.8042412926921787	0.88684528823269	degenerated	True	pain_ligand:TNF
AF_outer	Macrophages	VEGFA	NRP2	0.80123633	0.22	0.62198734	0.09278981904197926	-0.106759055165222	0.008326481	0.7465056	1.0	0.886904182162098	degenerated	True	pain_ligand:VEGFA; pain_receptor:NRP2
NP_stressed_degenerative	AF_mechanical_stress	VEGFA	NRP2	0.8033899	0.0	0.6219887	0.09625133777053195	0.44845911471397226	0.0083265	0.74650586	0.4004650835481226	0.8869796504490925	degenerated	True	pain_ligand:VEGFA; pain_receptor:NRP2
Macrophages	Macrophages	VEGFA	SIRPA	0.9099702	0.0	0.7962139	0.47977356560363454	0.545051653697149	0.015439829	0.7691532	0.022121291996243294	0.887092727442347	degenerated	True	pain_ligand:VEGFA
AF_inner	Small pre-B cells	TNFSF9	HLA-DPA1	0.5994933	0.01	0.2287157	1.039046815449867	1.1161040925747492	0.0047492962	0.64103097	0.17754876834380529	0.8872056047617041	degenerated	True	pain_ligand:TNF
AF_inner	Endothelial cells	FGF2	ITGB3	0.59592336	0.0	0.2285985	1.0466686869463853	0.5347744001818091	0.08423854	0.640972	0.02408625735257816	0.887732901312122	degenerated	True	pain_ligand:FGF2
Tem/Temra cytotoxic T cells	Fibroblasts	TNF	TRADD	0.54531854	0.0	0.25865993	1.4858087279957557	1.1535436179021907	0.018434927	0.6550605	0.005963467576966869	0.88780841660261	degenerated	True	pain_ligand:TNF
Tem/Temra cytotoxic T cells	Fibroblasts	RTN4	NGFR	0.86797124	0.28	0.6225739	1.6240884880742466	0.575416019925027	0.021861032	0.7465948	0.2186557344282115	0.8879589835261832	degenerated	True	pain_receptor:NGFR
NK cells	Naive B cells	VEGFA	CD44	0.90968484	0.62	0.68339866	-0.05183786549166744	-0.015366196224672057	0.0023667142	0.7553109	1.0	0.8880313712955923	degenerated	True	pain_ligand:VEGFA
Fibroblasts	Macrophages	ANGPT2	ITGA5_ITGB1	0.90919745	0.0	0.8258909	2.9935641646781574	1.1992923156653756	0.047364593	0.772386	0.0042976316188524585	0.8892050379161179	degenerated	True	pain_ligand:ANGPT2
NK cells	AF_mechanical_stress	VEGFA	CD44	0.85279274	0.92	0.6230881	-0.10789800270725333	-0.38736976588852645	0.0021578497	0.746673	1.0	0.8893162829368338	degenerated	True	pain_ligand:VEGFA
DC	AF_inner	PTGS2	CAV1	0.9091216	0.8	0.8055438	-0.10487034793798142	-0.5191743789168477	0.0048230337	0.7701858	1.0	0.8894398194155981	degenerated	True	pain_ligand:PTGS2
Tem/Temra cytotoxic T cells	NP_mature_chondrocyte	TNF	SEMA4C	0.43263865	0.0	0.09142646	1.3468887498766837	1.0490452494367908	0.008389294	0.5303051	0.07202600432760241	0.8895309989618942	degenerated	True	pain_ligand:TNF
NP_mature_chondrocyte	AF_inner	FGF2	CD44	0.90904444	0.08	0.7625122	0.047043609533729436	-0.07620743183356304	0.0073275445	0.7652912	0.9596551831457393	0.889674616958334	degenerated	True	pain_ligand:FGF2
AF_mechanical_stress	NK cells	TNFSF12	TNFRSF12A	0.30287984	1.0	0.09148528	-0.32927510577475144	-0.5838531035333565	0.0023180468	0.53038526	1.0	0.8900678784953238	degenerated	True	pain_ligand:TNF
Classical monocytes	AF_outer	VEGFA	GPC1	0.5445323	0.53	0.25614285	0.0033958212750011124	0.3897681596920865	0.011489229	0.6539549	0.9674296489038264	0.8900710945567103	degenerated	True	pain_ligand:VEGFA
NP_notochordal	Memory B cells	VEGFA	ITGB1	0.54416907	1.0	0.29578495	-0.5409781452213998	-0.4750650299693808	0.0013512099	0.6700515	1.0	0.8913548243457786	degenerated	True	pain_ligand:VEGFA
Endothelial cells	Tcm/Naive helper T cells	VEGFA	ITGB1	0.33622676	1.0	0.09157076	-0.7432079743557958	-1.1259450648899643	0.00041831512	0.5305015	1.0	0.8914096524607235	degenerated	True	pain_ligand:VEGFA
Tem/Effector helper T cells	Macrophages	ADAM10	IL6R	0.5546367	0.0	0.22791	0.4403085673857152	0.4990864646943904	0.004251511	0.6406249	0.3307206281080756	0.8914305448939834	degenerated	True	pain_receptor:IL6R
AF_outer	DC	CCL2	CCR1	0.54414976	0.0	0.2544897	2.174042220693337	1.032858304733828	0.025195632	0.65322196	0.005963467576966869	0.8915060308440189	degenerated	True	pain_ligand:CCL2
NP_mature_chondrocyte	Fibroblasts	GRN	TNFRSF1A	0.79873574	0.25	0.6245685	0.12078595786035011	-0.1070441529049182	0.0071367803	0.74689734	1.0	0.8917327531891641	degenerated	True	pain_receptor:TNFRSF1A
AF_inner	AF_inner	FGF2	CD44	0.8039941	1.0	0.6246106	-0.06886897293773422	-0.17386029612558251	0.0060023465	0.74690366	1.0	0.8918082561985728	degenerated	True	pain_ligand:FGF2
DC	NP_mature_chondrocyte	VEGFA	SIRPA	0.5838962	0.44	0.22776835	0.003975068928457844	-0.22449077211620178	0.0044167833	0.64055324	1.0	0.8918082561985728	degenerated	True	pain_ligand:VEGFA
Plasma cells	AF_inner	VEGFA	GPC1	0.302698	1.0	0.09160274	-0.2454628015732515	-0.5614766901680582	0.00410882	0.53054506	1.0	0.8919462133278352	degenerated	True	pain_ligand:VEGFA
Mast cells	AF_inner	VEGFA	ITGAV	0.5438347	0.89	0.29336578	-0.12029883109504717	0.19120865721465274	0.004404708	0.6691431	1.0	0.8923376137051979	degenerated	True	pain_ligand:VEGFA
NP_stressed_degenerative	DC	VEGFA	ITGAV	0.54366046	0.86	0.28420174	-0.1306496375625612	0.22120621650534134	0.004267115	0.6656207	1.0	0.8927155811732306	degenerated	True	pain_ligand:VEGFA
NP_mature_chondrocyte	NP_mature_chondrocyte	SEMA3A	NRP2	0.9076231	0.0	0.79505014	0.5997795325178165	0.7598789574572987	0.06555138	0.7690233	0.005963467576966869	0.8927285658073187	degenerated	True	pain_ligand:SEMA3A; pain_receptor:NRP2
Fibroblasts	Tem/Temra cytotoxic T cells	ANGPT1	ITGA5	0.54362607	0.02	0.28216025	0.7052859463756166	0.8051936499547787	0.026580855	0.664818	0.055275778206882724	0.8928669415175317	degenerated	True	pain_ligand:ANGPT1
Endothelial cells	Classical monocytes	PGF	NRP2	0.5436089	0.11	0.26261672	0.606520015714774	0.873815905692837	0.018224198	0.6567737	0.08975446731243433	0.8929425085336211	degenerated	True	pain_receptor:NRP2
Fibroblasts	Naive B cells	VEGFA	CD44	0.90738815	0.59	0.6774763	-0.05407773811032107	-0.21842043179342274	0.0023462041	0.75450575	1.0	0.8931202358421291	degenerated	True	pain_ligand:VEGFA
Fibroblasts	Tcm/Naive helper T cells	CXCL2	DPP4	0.30354267	0.13	0.09171933	0.23526715385407632	0.40493815865251365	0.0091087045	0.5307034	0.36459582607180374	0.8934212201361764	degenerated	True	pain_ligand:CXCL2
Tcm/Naive helper T cells	Fibroblasts	CXCL8	ADRA2A	0.5434468	0.0	0.27871734	2.535561999030844	0.24222284626518975	0.018099543	0.6634487	0.10350413227990742	0.8936235213470585	degenerated	True	pain_ligand:CXCL8
Fibroblasts	Plasma cells	TNFSF13B	CD40	0.3359234	0.02	0.0918102	0.5821530508944435	0.46344022851961253	0.0076196655	0.53082675	0.14989686201302985	0.8942254888545229	degenerated	True	pain_ligand:TNF
Plasma cells	Macrophages	VEGFA	ITGAV	0.54317844	0.84	0.23486577	-0.06931295789421577	-0.22675750313002285	0.0035263659	0.64407814	1.0	0.8942292364674022	degenerated	True	pain_ligand:VEGFA
Mast cells	Naive B cells	TNFSF10	TNFRSF10A	0.5431086	0.0	0.27807188	1.1439693194492575	1.5482596158680135	0.027864797	0.6631898	0.005963467576966869	0.894456420257546	degenerated	True	pain_ligand:TNF
Tem/Effector helper T cells	Endothelial cells	TNF	TNFRSF1A	0.54299664	0.0	0.2641165	0.6942538718709451	0.6749253583565558	0.0065402524	0.6574153	0.12234520091292554	0.8947593120058019	degenerated	True	pain_ligand:TNF; pain_receptor:TNFRSF1A
AF_mechanical_stress	Classical monocytes	FGF2	FGFR1	0.5429108	0.86	0.25284374	-0.23574667571906338	-0.20644422434880294	0.0080399215	0.6524867	1.0	0.8949865855623222	degenerated	True	pain_ligand:FGF2
Endothelial cells	NP_notochordal	TNFSF10	TNFRSF10A	0.5428117	0.0	0.27894065	0.9784047574509502	1.2251165840623126	0.027951853	0.66353804	0.005963467576966869	0.8951382024905588	degenerated	True	pain_ligand:TNF
Macrophages	Classical monocytes	VEGFA	NRP2	0.90668046	0.16	0.7890529	0.17428784551156562	0.6154238211353383	0.010562971	0.7683501	0.4130290097656548	0.8951579303827069	degenerated	True	pain_ligand:VEGFA; pain_receptor:NRP2
NP_mature_chondrocyte	Tcm/Naive helper T cells	VEGFA	ITGB1	0.88993204	1.0	0.62620574	-0.20320014022885002	-0.17454986478737333	0.002860644	0.74714464	1.0	0.8952138976013675	degenerated	True	pain_ligand:VEGFA
AF_mechanical_stress	NP_stressed_degenerative	TNFSF10	TNFRSF10B	0.30318648	0.0	0.09190096	0.13018752326476712	0.4839585154052245	0.006271304	0.5309498	0.3044051240716242	0.8955654994145466	degenerated	True	pain_ligand:TNF
Fibroblasts	Macrophages	ANGPT1	ITGB1	0.80475724	0.34	0.626462	0.4782430925436437	0.24062114155470526	0.021671858	0.7471833	0.6881343060618171	0.8960477842688848	degenerated	True	pain_ligand:ANGPT1
Classical monocytes	Macrophages	GRN	TNFRSF1A	0.542305	0.82	0.26742795	-0.1942247593457037	-0.02266089136846894	0.0030558286	0.65881705	1.0	0.8967303748173812	degenerated	True	pain_receptor:TNFRSF1A
Tem/Temra cytotoxic T cells	Classical monocytes	TNF	VSIR	0.905932	0.0	0.7938631	1.795859027900569	1.8510279743411067	0.01584744	0.76889056	0.005963467576966869	0.8968829130259424	degenerated	True	pain_ligand:TNF
AF_outer	Macrophages	VEGFA	ITGB1	0.805053	1.0	0.6270241	-0.2921469547027435	-0.6201806837471392	0.002864382	0.74726796	1.0	0.8969579820108737	degenerated	True	pain_ligand:VEGFA
NP_stressed_degenerative	DC	TNFSF13B	TFRC	0.54219884	0.01	0.24244608	0.4895749293882097	0.8489685525776988	0.008221398	0.6477107	0.11458311243323929	0.8970340195483651	degenerated	True	pain_ligand:TNF
Memory B cells	NP_mature_chondrocyte	CXCL8	SDC2	0.9057831	0.07	0.670174	0.19611917078013572	-0.10733761965964683	0.004191735	0.75350064	1.0	0.8973535332859945	degenerated	True	pain_ligand:CXCL8
DC	AF_outer	VEGFA	NRP2	0.8009387	0.28	0.62725616	0.06690756729990013	-0.034862602803034326	0.008397014	0.74730295	0.8218459091893582	0.8978687959250176	degenerated	True	pain_ligand:VEGFA; pain_receptor:NRP2
AF_mechanical_stress	Mast cells	FGF2	CD44	0.9056531	0.45	0.79523516	0.019266377614243213	0.5096386974702918	0.007642004	0.769044	0.8464075548889961	0.8979812080892207	degenerated	True	pain_ligand:FGF2
Tem/Effector helper T cells	Classical monocytes	ADAM10	IL6R	0.30524957	0.32	0.092091866	0.07306786573731897	0.28380598818298525	0.0017179131	0.53120816	1.0	0.8982438148607526	degenerated	True	pain_receptor:IL6R
Plasma cells	Tem/Temra cytotoxic T cells	VEGFB	ADRB2	0.54187083	0.15	0.24494514	0.33038564230462003	0.5046670745461646	0.009490901	0.6488798	0.3966030130874488	0.898628438462263	degenerated	True	pain_ligand:VEGFB
Tem/Trm cytotoxic T cells	Plasma cells	ADAM10	IL6R	0.5418594	0.0	0.24851634	0.4269713893767133	0.8541130137054871	0.004635908	0.65052694	0.26263908035110617	0.89878022621981	degenerated	True	pain_receptor:IL6R
AF_outer	Memory B cells	TNFSF9	HLA-DPA1	0.8122023	0.0	0.22660822	1.5347952656816628	1.4550328058458375	0.0047055343	0.6399652	0.05636940642279721	0.8988563667053655	degenerated	True	pain_ligand:TNF
NK cells	Small pre-B cells	VEGFA	ITGB1	0.54179525	0.98	0.293404	-0.5436583583000687	-0.6329474453088944	0.0013403333	0.6691575	1.0	0.8990081801274173	degenerated	True	pain_ligand:VEGFA
Plasma cells	DC	GRN	TNFRSF1A	0.3248593	1.0	0.0921172	-0.43670666273315495	-0.7815577966883838	0.0010525989	0.5312424	1.0	0.8990468555562421	degenerated	True	pain_receptor:TNFRSF1A
DC	Classical monocytes	VEGFA	CD44	0.80126977	0.76	0.62786543	-0.16064128998937444	-0.12879431934984698	0.002174394	0.74739456	1.0	0.8993123388085568	degenerated	True	pain_ligand:VEGFA
Memory B cells	AF_mechanical_stress	GRN	TNFRSF1A	0.54144466	0.88	0.25319666	-0.16370593211767442	-0.16737131030728103	0.0028932113	0.6526448	1.0	0.9006049367853124	degenerated	True	pain_receptor:TNFRSF1A
Classical monocytes	Mast cells	VEGFA	CD44	0.9045707	0.62	0.7929324	-0.05796669852242637	0.7842730403081686	0.0027460463	0.7687863	1.0	0.9010423271453044	degenerated	True	pain_ligand:VEGFA
AF_inner	Fibroblasts	RTN4	NGFR	0.90437937	0.04	0.6594414	1.6594828289249792	0.3567670617033466	0.023155594	0.75199825	0.19940486760830795	0.9014349293860495	degenerated	True	pain_receptor:NGFR
Endothelial cells	Fibroblasts	RTN4	NGFR	0.8745321	0.11	0.62921757	1.6304666576139584	0.41282079228267154	0.022094317	0.74759763	0.28390490609526203	0.9014421673970803	degenerated	True	pain_receptor:NGFR
DC	Macrophages	CCL2	CCR1	0.8655188	0.0	0.6292406	2.2257360218785545	1.5318789534203878	0.062297665	0.7476011	0.00043016604658480156	0.9015945125112416	degenerated	True	pain_ligand:CCL2
NP_mature_chondrocyte	Tem/Temra cytotoxic T cells	VEGFB	ADRB2	0.54089046	0.01	0.24345006	0.32922341497810026	0.4477542675049627	0.009432971	0.64818203	0.11458311243323929	0.9026606863151199	degenerated	True	pain_ligand:VEGFB
AF_inner	NK cells	FGF2	SDC2	0.80686843	0.49	0.6300812	-0.007372108936780392	0.01617953433114172	0.01639467	0.74772704	0.9055923023215635	0.903270477830852	degenerated	True	pain_ligand:FGF2
Macrophages	Fibroblasts	VEGFA	SIRPA	0.64789736	0.3	0.22574139	0.05332651678135501	0.015243324068364539	0.0043774773	0.63952357	0.6624284534830366	0.903270477830852	degenerated	True	pain_ligand:VEGFA
Mast cells	Mast cells	VEGFA	CD44	0.8282032	0.84	0.63047117	-0.13244507652766455	0.7587852926849299	0.0021834183	0.7477854	1.0	0.9037279413830472	degenerated	True	pain_ligand:VEGFA
AF_outer	NP_mature_chondrocyte	VEGFA	CD44	0.807667	1.0	0.63047385	-0.15302068552510012	-0.5167517215237344	0.0021834273	0.74778575	1.0	0.9038041199622893	degenerated	True	pain_ligand:VEGFA
AF_mechanical_stress	AF_outer	TNFSF10	TNFRSF10D	0.30412108	0.0	0.09247624	0.0925554087870207	0.03505823836307281	0.00832006	0.5317267	0.6049560604295411	0.9039944906498578	degenerated	True	pain_ligand:TNF
Mast cells	AF_mechanical_stress	TNFSF10	TNFRSF10D	0.5404453	0.0	0.27587134	0.46666167327656144	1.0053688493099924	0.02482006	0.66230184	0.016203222559675715	0.9041093593533429	degenerated	True	pain_ligand:TNF
AF_outer	NP_mature_chondrocyte	ANGPT1	ITGB1	0.79171985	0.0	0.2256534	0.07784307319779551	0.04646758901313486	0.007806265	0.6394786	0.5744556154605382	0.9042620048174099	degenerated	True	pain_ligand:ANGPT1
AF_mechanical_stress	AF_inner	PIGF	FLT1	0.30417013	0.0	0.09251825	0.20075306014684513	0.23149621923885594	0.014641727	0.5317833	0.20831912610303455	0.9043953037593508	degenerated	True	pain_receptor:FLT1
Macrophages	Macrophages	TNF	FAS	0.75216126	0.0	0.22563891	2.422818198869253	1.377859289005398	0.010652369	0.63947123	0.028265937935857993	0.9044908846267321	degenerated	True	pain_ligand:TNF
AF_outer	AF_mechanical_stress	PTGS2	CAV1	0.90299916	1.0	0.63538986	-0.10189695899720555	-0.777359479295475	0.0038042709	0.7485175	1.0	0.9048135042429678	degenerated	True	pain_ligand:PTGS2
Tem/Temra cytotoxic T cells	Plasma cells	CXCL8	SDC1	0.80558896	0.0	0.63085306	1.7154781526921394	0.7926706089436132	0.02974297	0.7478425	0.005963467576966869	0.9049487601034358	degenerated	True	pain_ligand:CXCL8
AF_outer	Endothelial cells	VEGFA	ITGAV	0.54027766	1.0	0.2776043	-0.13682278600623005	-0.40476877314503934	0.0041680587	0.6630018	1.0	0.9051777557773331	degenerated	True	pain_ligand:VEGFA
AF_outer	AF_mechanical_stress	VEGFA	NRP2	0.8081775	0.0	0.6311475	0.10092019793012581	-0.14112644584122458	0.0084491065	0.7478864	1.0	0.9055593401486859	degenerated	True	pain_ligand:VEGFA; pain_receptor:NRP2
AF_inner	Tcm/Naive helper T cells	VEGFA	ITGB1	0.89595854	1.0	0.63202477	-0.19732345159779935	-0.13005313430717758	0.0028872264	0.7480174	1.0	0.9070111120516136	degenerated	True	pain_ligand:VEGFA
AF_inner	Plasma cells	FGF2	CD44	0.9020735	0.5	0.8112809	0.027776021995709513	0.03561366092582041	0.0077961995	0.7708133	0.9218347281520023	0.9070152470481603	degenerated	True	pain_ligand:FGF2
Classical monocytes	AF_inner	TNFSF13B	HLA-DPB1	0.6452968	0.0	0.22516084	1.5054512050736595	1.230602901529097	0.005333979	0.6392267	0.08171111930041854	0.9071638422686621	degenerated	True	pain_ligand:TNF
AF_inner	AF_inner	VEGFA	ITGAV	0.90204036	0.0	0.6479485	0.2290448601966918	0.2655420667500341	0.009728551	0.7503551	0.16709225368578912	0.9071725219081566	degenerated	True	pain_ligand:VEGFA
Fibroblasts	Small pre-B cells	VEGFA	ITGB1	0.53949857	1.0	0.29086137	-0.5458982309187224	-0.836001680877645	0.0013287178	0.6681934	1.0	0.9076992583575658	degenerated	True	pain_ligand:VEGFA
NP_mature_chondrocyte	Endothelial cells	NGF	KIDINS220	0.5392747	0.0	0.289084	0.4744365605354237	0.5863527829640602	0.021139093	0.6675135	0.01601513043978656	0.9088469421884262	degenerated	True	pain_ligand:NGF
Macrophages	AF_outer	VEGFA	ITGAV	0.8348602	0.04	0.63271666	0.17872047313746997	0.34936676553126844	0.009499853	0.7481204	0.20152990613089838	0.9089234081591092	degenerated	True	pain_ligand:VEGFA
DC	AF_inner	TNFSF13B	CD40	0.32508376	0.0	0.09278246	0.6458036596812519	0.4568088541223748	0.007700357	0.5321383	0.09918710345710192	0.9090677169182393	degenerated	True	pain_ligand:TNF
Macrophages	NP_mature_chondrocyte	VEGFA	ITGAV	0.8348752	0.05	0.6327494	0.1787412067733023	0.20076252228369185	0.009500344	0.7481253	0.2514739467639506	0.909153073833266	degenerated	True	pain_ligand:VEGFA
AF_outer	NP_stressed_degenerative	ADAM17	IL6R	0.59724265	0.0	0.22477436	0.5411192375978534	1.1813171283237835	0.0109259095	0.63902855	0.025587400335797192	0.909229556973698	degenerated	True	pain_receptor:IL6R
Fibroblasts	AF_inner	NGF	MAGED1	0.53915614	0.06	0.26431167	0.28801519487193616	0.25751237638835994	0.03632644	0.6574984	0.24097969335961317	0.9093827781919291	degenerated	True	pain_ligand:NGF
Memory B cells	Plasma cells	CXCL8	CD79A	0.869799	0.0	0.63288456	4.405476077776867	1.0901054294219117	0.004697975	0.74814546	0.05969764742365297	0.9093827781919291	degenerated	True	pain_ligand:CXCL8
Memory B cells	AF_mechanical_stress	CXCL8	SDC2	0.86985445	0.12	0.632942	0.15898602079606022	-0.186731212107912	0.0039588604	0.74815404	1.0	0.9096125212383559	degenerated	True	pain_ligand:CXCL8
AF_outer	Tem/Temra cytotoxic T cells	VEGFB	ADRB2	0.79648554	0.0	0.63323444	0.6322123854639113	1.3677047767956334	0.024535963	0.74819756	0.005963467576966869	0.9101486580823552	degenerated	True	pain_ligand:VEGFB
Tem/Trm cytotoxic T cells	NP_notochordal	ADAM10	IL6R	0.5388492	0.0	0.24653256	0.4225386324991649	0.9087532564437925	0.0045989025	0.64961535	0.2703208929921767	0.910608440815383	degenerated	True	pain_receptor:IL6R
NP_mature_chondrocyte	Macrophages	TNFSF10	TNFRSF10A	0.32920533	0.0	0.092928104	0.4595160033669979	0.4428997811230556	0.009312063	0.53233355	0.048952093167810344	0.9108014186985449	degenerated	True	pain_ligand:TNF
Macrophages	NK cells	VEGFA	ITGAV	0.90021527	0.01	0.77497965	0.2654475257130037	0.417849153013507	0.0116358455	0.7667447	0.11458311243323929	0.9108715236495876	degenerated	True	pain_ligand:VEGFA
Fibroblasts	Endothelial cells	ANGPT2	TIE1	0.80665845	0.0	0.6338214	5.524596845406253	1.5865472944587968	0.2537885	0.7482848	0.0001504249279199875	0.9110683783689596	degenerated	True	pain_ligand:ANGPT2
Fibroblasts	AF_outer	CXCL2	DPP4	0.30543387	0.12	0.092944846	0.2391150402674646	0.4830044040631692	0.009230412	0.5323559	0.3486108365394669	0.9112013635304783	degenerated	True	pain_ligand:CXCL2
AF_inner	Endothelial cells	NGF	KIDINS220	0.37045926	0.01	0.09295216	0.12053840171056888	0.1344207982771885	0.006797071	0.5323658	0.3684502729185393	0.9113346846889215	degenerated	True	pain_ligand:NGF
NP_mature_chondrocyte	NP_mature_chondrocyte	PDGFA	PDGFRA	0.32020992	0.89	0.09295951	0.014107336998114062	-0.08293233010379955	0.010824394	0.5323756	1.0	0.9116012573169764	degenerated	True	pain_ligand:PDGFA
Endothelial cells	Endothelial cells	TNFSF10	TNFRSF10B	0.5384177	0.0	0.2730691	0.54232153172903	0.67248511934519	0.018634183	0.6611592	0.008366340105221668	0.9126027029106714	degenerated	True	pain_ligand:TNF
NP_stressed_degenerative	Classical monocytes	ADAM10	IL6R	0.30662352	0.3	0.09302119	0.07535425496914222	0.5149030263172446	0.001735249	0.5324582	1.0	0.9126674263181246	degenerated	True	pain_receptor:IL6R
Classical monocytes	Tem/Temra cytotoxic T cells	VEGFA	ITGB1	0.5383737	1.0	0.24696091	-0.5440631628261777	-0.3730241314447348	0.001128171	0.64981294	1.0	0.9127563028407231	degenerated	True	pain_ligand:VEGFA
Tcm/Naive helper T cells	NK cells	CXCL8	SDC2	0.5383239	0.9	0.27447	-0.17537928047041684	-0.6284503466225503	0.0017167268	0.6617322	1.0	0.9130633116816598	degenerated	True	pain_ligand:CXCL8
NP_mature_chondrocyte	AF_mechanical_stress	NGF	BEX3	0.88698757	0.0	0.6351579	0.3895459965434687	0.34957472310393983	0.042672817	0.7484831	0.09569022947418199	0.9132936741753561	degenerated	True	pain_ligand:NGF
AF_mechanical_stress	AF_outer	PDGFA	PDGFRB	0.31128925	0.0	0.09310402	0.3112165179525853	0.48073493566405323	0.008093376	0.53256893	0.08233987789566967	0.9135999606819575	degenerated	True	pain_ligand:PDGFA
AF_mechanical_stress	AF_inner	ADAM17	IL6R	0.30521613	0.0	0.093131065	0.12417368418817498	-0.02719248814084907	0.004526947	0.5326051	0.7945723853730183	0.9137331797567181	degenerated	True	pain_receptor:IL6R
Classical monocytes	Plasma cells	VEGFA	CD44	0.79898995	0.82	0.6355196	-0.16200353086016459	0.06501839354650107	0.0022009017	0.74853677	1.0	0.9140619909168328	degenerated	True	pain_ligand:VEGFA
AF_mechanical_stress	AF_outer	PDGFA	PDGFRA	0.5381344	0.0	0.2622891	0.35431521247914327	0.6538216985726096	0.030541481	0.656633	0.0429854550007219	0.9141387491169737	degenerated	True	pain_ligand:PDGFA
AF_mechanical_stress	NP_mature_chondrocyte	NGF	BEX3	0.81357545	0.0	0.22393577	0.12646167108033707	0.06501879797070365	0.015045032	0.63859737	0.5257632512642956	0.9141387491169737	degenerated	True	pain_ligand:NGF
CD16+ NK cells	Fibroblasts	CXCL8	ADRA2A	0.5381252	0.0	0.27156132	2.5309124660199704	0.35389125605664873	0.01763484	0.66053873	0.0928774048695625	0.9142155116141657	degenerated	True	pain_ligand:CXCL8
Mast cells	Tcm/Naive helper T cells	VEGFA	ITGB1	0.5377529	1.0	0.28615612	-0.5466671428895383	-0.20438654384255894	0.0013072233	0.66638297	1.0	0.9152918534156522	degenerated	True	pain_ligand:VEGFA
Endothelial cells	NK cells	TNFSF12	TNFRSF12A	0.3060106	1.0	0.09328257	-0.323265207886415	-0.4987739131428818	0.0023635866	0.5328074	1.0	0.9165291550101513	degenerated	True	pain_ligand:TNF
AF_mechanical_stress	DC	FGF2	FGFRL1	0.5373606	0.78	0.24454471	-0.09922622053116693	-0.22296944632456467	0.0133029455	0.64869344	1.0	0.9170619105234472	degenerated	True	pain_ligand:FGF2
AF_mechanical_stress	Plasma cells	FGF2	CD44	0.80007243	0.81	0.6373653	-0.08477045472349501	-0.20961594929137572	0.006124915	0.7488096	1.0	0.9170619105234472	degenerated	True	pain_ligand:FGF2
NK cells	NK cells	VEGFA	CD44	0.8979493	0.71	0.670958	-0.06340170190733718	-0.1441724243435789	0.0023236303	0.7536092	1.0	0.9170974281292976	degenerated	True	pain_ligand:VEGFA
Naive B cells	DC	VEGFA	ITGB1	0.537317	1.0	0.2425081	-0.5506473718078827	-1.0195337362444759	0.0011078295	0.6477399	1.0	0.9173698840238205	degenerated	True	pain_ligand:VEGFA
Macrophages	Tem/Temra cytotoxic T cells	TNFSF13B	HLA-DPB1	0.5373002	0.0	0.2751865	0.9149733953513051	1.092510547371487	0.0065190694	0.6620239	0.10350413227990742	0.9174468272963611	degenerated	True	pain_ligand:TNF
Tem/Temra cytotoxic T cells	AF_inner	TNF	TRADD	0.43393245	0.0	0.09334668	1.236013024900724	0.9417592741891723	0.006652902	0.5328929	0.10350413227990742	0.917726642466273	degenerated	True	pain_ligand:TNF
Macrophages	AF_inner	VEGFA	NRP2	0.8371605	0.14	0.6377239	0.09285682614329005	0.11153172633002217	0.008537144	0.74886245	0.41598862899899564	0.9179090644424313	degenerated	True	pain_ligand:VEGFA; pain_receptor:NRP2
DC	Tem/Effector helper T cells	VEGFA	ITGB1	0.89760727	0.89	0.8051839	-0.20088795140636304	-0.24035435372010794	0.0036782548	0.77014625	1.0	0.9185964141551266	degenerated	True	pain_ligand:VEGFA
Naive B cells	Endothelial cells	TNF	SEMA4C	0.348569	0.0	0.09341781	1.0199328479378433	0.8647127030509949	0.008572021	0.5329877	0.06637254462627168	0.9190566633514909	degenerated	True	pain_ligand:TNF
AF_mechanical_stress	AF_inner	NGF	BEX3	0.8106144	0.0	0.2230369	0.12350248895029967	0.09793478704058722	0.014984641	0.6381331	0.4464596612769619	0.9190653365098465	degenerated	True	pain_ligand:NGF
Mast cells	NP_mature_chondrocyte	VEGFA	NRP2	0.83492374	0.23	0.63843805	0.13882920628614354	0.5288785408714424	0.008546705	0.7489677	0.5229830666060786	0.9193740021964044	degenerated	True	pain_ligand:VEGFA; pain_receptor:NRP2
Mast cells	Fibroblasts	VEGFA	TYRO3	0.37519956	0.75	0.093456775	0.14908288759976218	0.33267348386192425	0.014057476	0.5330396	1.0	0.919522013184136	degenerated	True	pain_ligand:VEGFA
Mast cells	Fibroblasts	VEGFA	ITGB3	0.37519956	0.7	0.093456775	0.4575750211551483	0.37320245113348494	0.012411041	0.5330396	0.6179176352704184	0.919522013184136	degenerated	True	pain_ligand:VEGFA
Endothelial cells	AF_mechanical_stress	VEGFA	CD44	0.68260825	1.0	0.22296993	-0.2738725391825765	-0.7942884774931657	0.00077217905	0.6380984	1.0	0.9196824930913216	degenerated	True	pain_ligand:VEGFA
Plasma cells	NP_mature_chondrocyte	VEGFA	GPC1	0.3059321	1.0	0.09352944	-0.23997668860708618	-0.5721614489494605	0.0041952417	0.5331363	1.0	0.9203861177621593	degenerated	True	pain_ligand:VEGFA
Mast cells	Endothelial cells	TNF	TRADD	0.31838864	0.0	0.09356476	0.7437381685051626	1.066868219723244	0.0066684443	0.53318334	0.10350413227990742	0.9206519196710033	degenerated	True	pain_ligand:TNF
NP_notochordal	DC	ADAM10	IL6R	0.53667617	0.0	0.26618087	0.42502646874039424	0.5884812908573536	0.0049654287	0.65829146	0.2661145874171934	0.9206857481281125	degenerated	True	pain_receptor:IL6R
Macrophages	Macrophages	VEGFB	ADRB2	0.33299255	0.77	0.09358618	-0.08471791292536814	-0.08443933158301631	0.003626188	0.53321177	1.0	0.9210506063218982	degenerated	True	pain_ligand:VEGFB
Tem/Trm cytotoxic T cells	Endothelial cells	CXCL8	SDC2	0.33061665	1.0	0.09361202	-0.39335329350996756	-1.1096430597150546	0.0005855148	0.53324616	1.0	0.9214492420077152	degenerated	True	pain_ligand:CXCL8
Endothelial cells	AF_inner	VEGFA	ITGB1	0.6815556	1.0	0.22257063	-0.41553378895990517	-0.9499493861097642	0.0010167509	0.6378914	1.0	0.9214582044830153	degenerated	True	pain_ligand:VEGFA
Fibroblasts	NP_mature_chondrocyte	FGF2	FGFR3	0.30856586	0.64	0.09361303	-0.007502411853938212	-0.2748837200677581	0.022625582	0.53324753	1.0	0.9215821267452246	degenerated	True	pain_ligand:FGF2
NP_mature_chondrocyte	AF_inner	VEGFA	ITGAV	0.8960138	0.0	0.6419829	0.22316817156564112	0.22104533626983836	0.009638981	0.7494879	0.22168618189475708	0.921833142038881	degenerated	True	pain_ligand:VEGFA
Naive B cells	Endothelial cells	GRN	TNFRSF1A	0.5363989	0.9	0.25463828	-0.1709908032513405	-0.036928097014874095	0.0029096848	0.653288	1.0	0.921844594630558	degenerated	True	pain_receptor:TNFRSF1A
Classical monocytes	Naive B cells	VEGFA	ITGB1	0.5363747	1.0	0.24398053	-0.5459599913486219	-0.4984852922860945	0.001114556	0.64843017	1.0	0.9219989854863949	degenerated	True	pain_ligand:VEGFA
DC	NK cells	PDGFA	PDGFRB	0.6891095	0.0	0.22248386	1.0632285788581675	0.9882859431262019	0.019340144	0.6378464	0.005963467576966869	0.9222308484343402	degenerated	True	pain_ligand:PDGFA
Mast cells	Tem/Temra cytotoxic T cells	VEGFA	CD44	0.8365005	0.8	0.64030725	-0.12426900385376166	0.50151966769775	0.002217482	0.74924237	1.0	0.9225402224275909	degenerated	True	pain_ligand:VEGFA
Macrophages	NP_mature_chondrocyte	TNFSF13B	CD40	0.32181215	0.0	0.093707174	0.6321043567502782	0.5058812030739914	0.007777103	0.5333726	0.09596578849864214	0.9227776770816825	degenerated	True	pain_ligand:TNF
Fibroblasts	NK cells	VEGFA	CD44	0.8956526	0.59	0.66514343	-0.06564157452599081	-0.3472266599123296	0.0023034934	0.7528003	1.0	0.9229389450327143	degenerated	True	pain_ligand:VEGFA
Memory B cells	Plasma cells	ADAM10	IL6R	0.536099	0.0	0.23982719	0.41738540270587654	0.7985178932564165	0.004473818	0.6464706	0.27808264294205987	0.9231586889498029	degenerated	True	pain_receptor:IL6R
NK cells	AF_outer	PGF	NRP2	0.8953904	0.0	0.7560086	1.9205010639716467	1.149869040364635	0.052462958	0.7645211	0.005963467576966869	0.9236500190349268	degenerated	True	pain_receptor:NRP2
AF_inner	Classical monocytes	SEMA3A	NRP2	0.5358757	0.28	0.25140396	0.0859621841838003	0.5029169214546076	0.020728095	0.65183896	0.5959570085194534	0.9243969405573231	degenerated	True	pain_ligand:SEMA3A; pain_receptor:NRP2
AF_inner	Endothelial cells	TNFSF10	TNFRSF10D	0.3339548	0.0	0.09385629	0.12405915854721788	0.1554484356368364	0.008444222	0.53357047	0.325935090046251	0.9246365455926613	degenerated	True	pain_ligand:TNF
Endothelial cells	AF_inner	VEGFA	ITGAV	0.34230855	1.0	0.09387787	-0.3168396625613046	-0.7303498638327527	0.0014095188	0.533599	1.0	0.9250347227326647	degenerated	True	pain_ligand:VEGFA
AF_inner	AF_outer	NGF	BEX3	0.77386415	0.0	0.22205168	0.09129594368210446	0.2106424823969954	0.014918451	0.6376218	0.4164307878694418	0.9251712261633238	degenerated	True	pain_ligand:NGF
AF_outer	Plasma cells	FGF2	SDC1	0.8115885	0.0	0.64213467	1.6232462953273958	1.0658593315132192	0.12594533	0.74951	0.005963467576966869	0.925248605032484	degenerated	True	pain_ligand:FGF2
NP_stressed_degenerative	Endothelial cells	VEGFA	ITGAV	0.5354901	1.0	0.27357593	-0.1414916461658239	0.1848167874101575	0.004107575	0.6613668	1.0	0.9260236110885219	degenerated	True	pain_ligand:VEGFA
AF_outer	Fibroblasts	VEGFA	ITGAV	0.53548	0.78	0.27127293	-0.14318934798887317	-0.46997550782806685	0.004072997	0.6604196	1.0	0.926178468181595	degenerated	True	pain_ligand:VEGFA
Classical monocytes	Plasma cells	VEGFA	ITGB1	0.5354783	1.0	0.24264407	-0.5468105591042803	-0.5588241810994888	0.0011084508	0.64780384	1.0	0.9262561482562048	degenerated	True	pain_ligand:VEGFA
Mast cells	NK cells	TNFSF9	HLA-DPA1	0.31621033	0.01	0.09394432	0.37423994626533125	0.8714740080094407	0.0019507598	0.5336871	0.7703282833540853	0.9263616295122131	degenerated	True	pain_ligand:TNF
AF_mechanical_stress	AF_inner	TNFSF10	TNFRSF10B	0.30683774	0.0	0.09414851	0.1361718166118523	0.09363124723608018	0.0064246766	0.53395724	0.4557355205696356	0.9280857572171236	degenerated	True	pain_ligand:TNF
AF_outer	NP_mature_chondrocyte	SEMA3C	NRP2_PLXNA3	0.39569652	0.0	0.094210766	0.17047414079609644	0.5275848014770228	0.018376384	0.5340395	0.21622388094006964	0.9283509026299225	degenerated	True	pain_receptor:NRP2
Fibroblasts	Endothelial cells	ANGPT2	ITGA5_ITGB1	0.81218314	0.0	0.6441699	2.859066698290375	1.0686976521073874	0.036942948	0.74980694	0.005963467576966869	0.9287388037392981	degenerated	True	pain_ligand:ANGPT2
AF_inner	NP_mature_chondrocyte	GRN	TNFRSF1A	0.5346759	1.0	0.28520456	-0.19096741239681148	-0.5174968053184261	0.0032589573	0.6660125	1.0	0.9295157572718765	degenerated	True	pain_receptor:TNFRSF1A
NK cells	Tcm/Naive helper T cells	ANGPT2	ITGA5_ITGB1	0.5346341	0.0	0.26388815	1.9145176126926122	1.0540112833918496	0.015133905	0.6573179	0.005963467576966869	0.9299820390331927	degenerated	True	pain_ligand:ANGPT2
DC	Endothelial cells	VEGFA	ITGB3	0.5802583	0.15	0.22107245	0.942145104909925	0.2183793797983627	0.029358376	0.63711107	0.23032696543772976	0.930059685909101	degenerated	True	pain_ligand:VEGFA
Fibroblasts	Macrophages	ADAM10	IL6R	0.8930417	0.0	0.79437935	1.0034558860869136	0.8200608768497106	0.014818623	0.7689483	0.0063609915070630876	0.9302141673058848	degenerated	True	pain_receptor:IL6R
AF_outer	AF_mechanical_stress	FGF2	FGFR1	0.8136142	0.0	0.6449016	0.06636412537648909	0.027587926785053285	0.02050657	0.7499134	0.626379196621019	0.9312261373880473	degenerated	True	pain_ligand:FGF2
AF_inner	AF_inner	FGF2	SDC4	0.81467927	0.0	0.64494723	0.17396813177607182	0.24313448911945013	0.031750172	0.7499201	0.2101339215646127	0.9313818198862552	degenerated	True	pain_ligand:FGF2
Plasma cells	AF_outer	GRN	TNFRSF1A	0.534196	0.99	0.2766217	-0.18115335437157912	-0.44045819666708164	0.0031608832	0.6626056	1.0	0.9316929909223544	degenerated	True	pain_receptor:TNFRSF1A
Classical monocytes	Fibroblasts	GRN	TNFRSF1A	0.8100713	0.33	0.6453022	0.13265837184910179	0.34958239765274857	0.007373698	0.7499717	0.673360931494747	0.9320822367316697	degenerated	True	pain_receptor:TNFRSF1A
AF_inner	Endothelial cells	TNFSF9	HLA-DPA1	0.31762528	0.0	0.094545834	0.39360497262320504	0.4949995484320736	0.0019632503	0.5344812	0.33841477887224747	0.9327228767051534	degenerated	True	pain_ligand:TNF
AF_inner	AF_inner	PDGFC	FLT1	0.3075171	0.0	0.09456175	0.1123298009364126	0.12310292051634147	0.006729188	0.53450215	0.39109819562802145	0.932987626349877	degenerated	True	pain_receptor:FLT1
Classical monocytes	AF_outer	VEGFA	SIRPA	0.53341025	0.58	0.23956078	-0.021184473685172876	0.20678487430313575	0.004645457	0.6463436	1.0	0.934575533696093	degenerated	True	pain_ligand:VEGFA
DC	Tem/Trm cytotoxic T cells	TNFSF13B	TFRC	0.5333973	0.0	0.2755354	0.5912155526349689	0.640974496471697	0.009343464	0.66216564	0.04811391064454603	0.9346534360411438	degenerated	True	pain_ligand:TNF
Fibroblasts	Macrophages	NGF	MAGED1	0.31424809	0.75	0.09484612	0.015411274748619946	-0.1753789921860071	0.013035451	0.5348757	1.0	0.9352372687117656	degenerated	True	pain_ligand:NGF
Plasma cells	DC	VEGFA	SIRPA	0.53330487	0.61	0.22898373	0.12454781689976063	-0.17153364568391033	0.004440352	0.64116573	1.0	0.9352775505829118	degenerated	True	pain_ligand:VEGFA
Memory B cells	NP_notochordal	ADAM10	IL6R	0.5330888	0.0	0.23791277	0.412952645828328	0.8531581359947219	0.004438106	0.64555424	0.2862342541644563	0.935979918933638	degenerated	True	pain_receptor:IL6R
Plasma cells	DC	CXCL8	SDC2	0.8087165	0.22	0.6474853	0.07904012841104269	-0.43630250089895184	0.0040498246	0.7502882	1.0	0.9360578993005619	degenerated	True	pain_ligand:CXCL8
CD16+ NK cells	NK cells	CXCL8	SDC2	0.53300226	0.93	0.26742306	-0.18002881348128993	-0.5167819368310913	0.0016726501	0.65881497	1.0	0.9367606582287344	degenerated	True	pain_ligand:CXCL8
Classical monocytes	Fibroblasts	TNFSF13B	CD40	0.6426882	0.0	0.21951264	1.597656465076396	1.342580578775884	0.01821816	0.63629204	0.005963467576966869	0.9373074092842146	degenerated	True	pain_ligand:TNF
Naive B cells	Plasma cells	TNF	VSIR	0.5328218	0.0	0.28362104	1.030455899698432	0.9189456884985815	0.005661767	0.665393	0.10350413227990742	0.9373857103786434	degenerated	True	pain_ligand:TNF
DC	NP_notochordal	ADAM10	IL6R	0.8073355	0.0	0.6482931	0.8693328633584448	1.0463807408280132	0.01209348	0.75040495	0.016266286560117423	0.9378546201391458	degenerated	True	pain_receptor:IL6R
NP_mature_chondrocyte	Fibroblasts	NGF	SORCS2	0.3442672	0.0	0.09499571	0.5687996716834961	0.5657113332352557	0.17952387	0.5350717	0.01656671062339395	0.9378818101659157	degenerated	True	pain_ligand:NGF
Naive B cells	NP_stressed_degenerative	VEGFA	CD44	0.53264236	1.0	0.23949414	-0.4223167413884147	-0.30477968426297597	0.0008294048	0.6463118	1.0	0.9382455800936242	degenerated	True	pain_ligand:VEGFA
Fibroblasts	Endothelial cells	PDGFA	PDGFRB	0.3329015	0.04	0.09508563	0.35914807399927035	0.4233584827336824	0.008265632	0.53518945	0.19940486760830795	0.9388068711472712	degenerated	True	pain_ligand:PDGFA
AF_inner	Classical monocytes	FGF2	CD44	0.8169348	0.67	0.6492401	-0.05611770795291418	0.1876007010335995	0.006239029	0.7505416	1.0	0.9389494334139774	degenerated	True	pain_ligand:FGF2
Fibroblasts	DC	ADAM10	IL6R	0.8167875	0.0	0.64963156	0.891166062057558	0.692750042583614	0.0121184485	0.750598	0.016087278677669195	0.9396536386575842	degenerated	True	pain_receptor:IL6R
NK cells	AF_inner	PGF	NRP2	0.84756875	0.0	0.649921	1.8644860421104477	1.020462098497334	0.045101043	0.75063974	0.005963467576966869	0.9403581959124024	degenerated	True	pain_receptor:NRP2
AF_inner	AF_inner	FGF2	FGFRL1	0.8899049	0.0	0.7881209	0.3340930846879022	0.47700732054182493	0.042872854	0.768245	0.05139414584393048	0.9404388885075305	degenerated	True	pain_ligand:FGF2
Tem/Temra cytotoxic T cells	Naive B cells	TNF	NOTCH1	0.5321517	0.0	0.2391184	1.7844027216529237	1.4900225046267592	0.018300926	0.6461323	0.005963467576966869	0.9405931265705917	degenerated	True	pain_ligand:TNF
Fibroblasts	Endothelial cells	PDGFC	FLT1	0.77205646	0.0	0.21860379	0.9765378394984583	0.8653248629250226	0.015556248	0.6358119	0.005963467576966869	0.9414938501298327	degenerated	True	pain_receptor:FLT1
Endothelial cells	Plasma cells	CXCL8	SDC1	0.58627474	0.0	0.21845391	1.5238615866802774	0.2677393403993863	0.0102994945	0.6357325	0.1644322418775982	0.9420818468394594	degenerated	True	pain_ligand:CXCL8
NK cells	AF_mechanical_stress	VEGFA	ITGAV	0.5316804	0.95	0.28268138	-0.1254034481868965	-0.32147728274815235	0.0042442875	0.6650235	1.0	0.9423170644790584	degenerated	True	pain_ligand:VEGFA
NP_stressed_degenerative	NP_notochordal	TNFSF13B	TFRC	0.5316071	0.0	0.23576929	0.477147416210261	1.2167608510167345	0.007994986	0.6445181	0.08653279625824906	0.9425523212679339	degenerated	True	pain_ligand:TNF
AF_inner	Classical monocytes	FGF2	SDC4	0.8181523	0.2	0.65155727	0.17805670479801278	0.5474566116944717	0.03207558	0.750875	0.47735518276422845	0.9433367106648411	degenerated	True	pain_ligand:FGF2
Classical monocytes	Tem/Effector helper T cells	VEGFA	ITGB1	0.8101888	0.9	0.6522162	-0.2861439222257769	0.10544539928401919	0.002979465	0.7509695	1.0	0.9438862654331958	degenerated	True	pain_ligand:VEGFA
AF_outer	NP_mature_chondrocyte	FGF2	CD44	0.8192338	1.0	0.6525777	-0.06970371616209065	-0.18185708933622846	0.006271102	0.7510213	1.0	0.9448285720159959	degenerated	True	pain_ligand:FGF2
Tem/Effector helper T cells	NP_stressed_degenerative	TNF	TNFRSF1A	0.53108907	0.0	0.25535965	0.6797174715938097	1.1324194428881726	0.006323409	0.6536084	0.10350413227990742	0.9448285720159959	degenerated	True	pain_ligand:TNF; pain_receptor:TNFRSF1A
AF_outer	AF_inner	ADAM10	IL6R	0.30892456	0.0	0.09543249	0.08185530305313381	-0.07142175304262344	0.0017802301	0.5356423	1.0	0.9448789170711469	degenerated	True	pain_receptor:IL6R
AF_inner	AF_outer	SEMA3E	NRP2	0.53105	0.0	0.25935513	0.13879306160719057	0.2450242993081435	0.025961842	0.65536374	0.28164349411836453	0.9449855184958937	degenerated	True	pain_receptor:NRP2
Macrophages	NP_stressed_degenerative	ADAM10	IL6R	0.81996715	0.0	0.65260875	0.8700238159296827	1.563603519083926	0.012173986	0.7510258	0.015653301879544706	0.9450642466136174	degenerated	True	pain_receptor:IL6R
NP_mature_chondrocyte	Macrophages	GRN	TNFRSF1A	0.5309694	0.98	0.25883546	-0.20609717333445537	-0.4792874419261357	0.0029576446	0.65513724	1.0	0.9452999603985227	degenerated	True	pain_receptor:TNFRSF1A
Endothelial cells	AF_outer	PDGFA	PDGFRA	0.53090763	0.0	0.25212312	0.33900981668244584	0.6867686539205782	0.029357731	0.652163	0.04934175964979062	0.9455357133739701	degenerated	True	pain_ligand:PDGFA
Tem/Temra cytotoxic T cells	Tcm/Naive helper T cells	TNF	SEMA4C	0.5308846	0.0	0.2372379	1.6306863106610159	1.620929790523812	0.021768956	0.64522916	0.005963467576966869	0.9456142235897135	degenerated	True	pain_ligand:TNF
AF_outer	Plasma cells	ADAM10	IL6R	0.53088313	0.0	0.2319594	0.4087055738251007	0.5570740229425426	0.0043270495	0.64264965	0.2937844472849931	0.945692738151271	degenerated	True	pain_receptor:IL6R
DC	AF_outer	VEGFA	EGFR	0.5785532	0.25	0.21793395	0.12971903525384454	0.13214327322625977	0.015694955	0.6354565	0.5521233618152372	0.9457715055432165	degenerated	True	pain_ligand:VEGFA
NP_stressed_degenerative	Fibroblasts	VEGFA	ITGAV	0.53069246	0.79	0.26733643	-0.14785820814846704	0.11961005272712999	0.0040138927	0.65877855	1.0	0.9460858732294607	degenerated	True	pain_ligand:VEGFA
NP_mature_chondrocyte	Tem/Temra cytotoxic T cells	NGF	KIDINS220	0.530668	0.0	0.2805179	0.46274395076713537	0.7832084049830903	0.020512704	0.6641672	0.016717862414467946	0.9461644138959375	degenerated	True	pain_ligand:NGF
Endothelial cells	Classical monocytes	PTGS2	CAV1	0.31395406	1.0	0.09559899	-0.6462199554076986	-1.1425160642417482	0.00057237997	0.53585905	1.0	0.9467245227124665	degenerated	True	pain_ligand:PTGS2
DC	Plasma cells	ADAM10	IL6R	0.81034577	0.0	0.6535097	0.8737656202359934	0.991740498089708	0.012190793	0.7511547	0.015535630520694984	0.9470296429518115	degenerated	True	pain_receptor:IL6R
AF_outer	AF_mechanical_stress	SEMA3E	NRP2	0.5920199	0.0	0.21763247	0.16617356428002267	0.12085977733776926	0.021785341	0.63529617	0.39549482057084506	0.9475806308950366	degenerated	True	pain_receptor:NRP2
NP_mature_chondrocyte	AF_inner	SEMA3E	NRP2	0.53024596	0.0	0.27805942	0.16491695577365428	0.20020533074360625	0.027834171	0.6631848	0.25211847193649634	0.9478167628941166	degenerated	True	pain_receptor:NRP2
Plasma cells	AF_outer	VEGFA	SIRPA	0.3096137	1.0	0.09572268	-0.239444801041103	-0.603946720457226	0.0018562122	0.5360199	1.0	0.948173914348931	degenerated	True	pain_ligand:VEGFA
Macrophages	AF_outer	TNFSF13B	HLA-DPB1	0.32422286	0.0	0.09573742	0.534704526573595	0.33919898096827933	0.0022679851	0.53603894	0.7182430329943762	0.9485690751025816	degenerated	True	pain_ligand:TNF
CD16+ NK cells	Tcm/Naive helper T cells	TNF	SEMA4C	0.30968836	0.0	0.095806725	0.8270334301267019	1.2178986417838598	0.008791228	0.536129	0.06013372450045896	0.9496225717199924	degenerated	True	pain_ligand:TNF
Memory B cells	Endothelial cells	GRN	TNFRSF1A	0.52991176	0.93	0.24531896	-0.17778513682238364	-0.026820231908284975	0.0028031953	0.6490535	1.0	0.9500224704431333	degenerated	True	pain_receptor:TNFRSF1A
Naive B cells	Endothelial cells	TNF	NOTCH1	0.529879	0.0	0.28058317	1.7731446247259954	1.4037736040669448	0.021474434	0.66419315	0.005963467576966869	0.950259007913532	degenerated	True	pain_ligand:TNF
DC	NK cells	VEGFA	ITGAV	0.8161719	0.15	0.65529424	0.18348324500841476	0.14204788201314944	0.009838842	0.75140953	0.3966030130874488	0.950259007913532	degenerated	True	pain_ligand:VEGFA
NK cells	AF_inner	ANGPT1	ITGA5	0.31474894	0.07	0.09590283	0.22773754910454924	0.23841348396013168	0.009034509	0.53625363	0.2606939141756345	0.9504125224639102	degenerated	True	pain_ligand:ANGPT1
DC	Plasma cells	VEGFA	CD44	0.88640845	0.74	0.7845714	-0.07674756004075074	-0.28078135945762606	0.0027170908	0.7678429	1.0	0.9506905504144243	degenerated	True	pain_ligand:VEGFA
Classical monocytes	NP_mature_chondrocyte	VEGFA	GPC1	0.52972865	0.58	0.23407184	-0.02171636125115605	0.2385701458109012	0.010499239	0.64368993	1.0	0.9511267310191185	degenerated	True	pain_ligand:VEGFA
Macrophages	NK cells	TNFSF13B	CD40	0.32460895	0.0	0.09606257	0.6384651312570453	0.5439705638623554	0.007972586	0.5364606	0.08735252099434954	0.9518601258314567	degenerated	True	pain_ligand:TNF
NK cells	Endothelial cells	ANGPT1	ITGA5	0.52939874	0.0	0.25517255	0.5253210566675164	0.7517762582930546	0.024038484	0.65352535	0.009742109735536443	0.9521527212726932	degenerated	True	pain_ligand:ANGPT1
Fibroblasts	AF_mechanical_stress	VEGFA	ITGAV	0.5293837	0.73	0.28023165	-0.12764332080555013	-0.524531518316903	0.0042075063	0.6640533	1.0	0.952231597342045	degenerated	True	pain_ligand:VEGFA
Macrophages	AF_mechanical_stress	VEGFA	SIRPA	0.6437099	0.19	0.21662629	0.046512668669174057	0.007194295785096061	0.0042007216	0.6347592	0.6871230770068912	0.9528635118955406	degenerated	True	pain_ligand:VEGFA
NP_mature_chondrocyte	AF_mechanical_stress	FGF2	FGFR3	0.6740966	0.0	0.21662061	0.3433593329508065	0.3755723011382738	0.052355606	0.63475615	0.07994009822387149	0.9529424272139346	degenerated	True	pain_ligand:FGF2
AF_mechanical_stress	Classical monocytes	SEMA3E	NRP2	0.529031	0.26	0.2414794	0.12277501870421093	0.5171571890042646	0.024172457	0.64725477	0.565885135056991	0.9531005206883889	degenerated	True	pain_receptor:NRP2
Mast cells	AF_outer	TNF	VSIR	0.32158533	0.0	0.096165225	0.6181119958353215	0.5393423176492258	0.0019196923	0.5365934	0.26676301483084053	0.9538331072940618	degenerated	True	pain_ligand:TNF
Macrophages	Classical monocytes	VEGFA	CD44	0.88531315	0.64	0.74254113	-0.07867700928478553	0.1470069516505106	0.0025715334	0.7628993	1.0	0.9539544988489899	degenerated	True	pain_ligand:VEGFA
NP_notochordal	AF_inner	VEGFA	ITGAV	0.5287077	1.0	0.27839178	-0.13505164876915746	-0.1624152281397946	0.004179882	0.66331816	1.0	0.9542861541884742	degenerated	True	pain_ligand:VEGFA
Macrophages	AF_outer	VEGFA	NRP2	0.8849821	0.05	0.7418206	0.14887184800448905	0.24093866819732324	0.009930677	0.7628115	0.2594066041206711	0.9546713142295215	degenerated	True	pain_ligand:VEGFA; pain_receptor:NRP2
Tem/Effector helper T cells	Endothelial cells	TNF	VSIR	0.31474566	0.0	0.09626065	0.5644913631559559	0.32865487346916256	0.001921597	0.5367167	0.7486762122360938	0.9552790994067986	degenerated	True	pain_ligand:TNF
Macrophages	NP_notochordal	VEGFA	CD44	0.8464864	0.91	0.65802413	-0.11693599653823451	-0.006237668961647014	0.0022788383	0.7517976	1.0	0.9556311437464815	degenerated	True	pain_ligand:VEGFA
AF_outer	AF_outer	CXCL8	SDC2	0.60940284	1.0	0.21599457	-0.08599082276709445	-1.0854895505280107	0.0013509805	0.6344206	1.0	0.9557102117974465	degenerated	True	pain_ligand:CXCL8
Classical monocytes	Fibroblasts	CCL20	ADRA2A	0.52805984	0.01	0.25802633	2.797071614999508	1.1479736188356378	0.107723065	0.6547834	0.0026663702010377563	0.9561061180556717	degenerated	True	pain_ligand:CCL2
NP_mature_chondrocyte	DC	TNFSF10	TNFRSF10A	0.3330197	0.0	0.096387714	0.4712565621268226	0.45887157376628007	0.009658741	0.5368807	0.04354194289737657	0.9561989497358341	degenerated	True	pain_ligand:TNF
Mast cells	AF_mechanical_stress	VEGFA	CD44	0.8841344	0.81	0.696775	-0.07733170771631909	0.12727004355423976	0.0024130384	0.7570977	1.0	0.9562647801530527	degenerated	True	pain_ligand:VEGFA
NK cells	Memory B cells	VEGFA	ITGB1	0.52795446	1.0	0.27873152	-0.5567916225382237	-0.6360809540576997	0.0012733061	0.6634544	1.0	0.9564227715653422	degenerated	True	pain_ligand:VEGFA
AF_outer	NP_notochordal	ADAM10	IL6R	0.5278729	0.0	0.2301078	0.40427281694755224	0.6117142656808481	0.004292509	0.6417288	0.30225537716993467	0.9567397453843371	degenerated	True	pain_receptor:IL6R
Naive B cells	DC	TNF	TRADD	0.351514	0.01	0.09645791	0.8940941682172775	0.7928851243946957	0.006874643	0.5369712	0.14783171530580472	0.9568557870950357	degenerated	True	pain_ligand:TNF
AF_outer	AF_inner	PDGFC	FLT1	0.31072578	0.0	0.0965208	0.11751706723983464	0.18644964287381244	0.0068685976	0.5370522	0.335846282918343	0.957643878794028	degenerated	True	pain_receptor:FLT1
NK cells	Endothelial cells	PDGFA	PDGFRB	0.6232399	0.0	0.21554768	0.9740506297750657	1.0343859654977527	0.018737193	0.63418037	0.005963467576966869	0.9582454501191989	degenerated	True	pain_ligand:PDGFA
CD16+ NK cells	Naive B cells	TNF	NOTCH1	0.3109554	0.0	0.096566156	0.9807498411186097	1.086991355886807	0.0073906905	0.5371106	0.10350413227990742	0.9584317159298712	degenerated	True	pain_ligand:TNF
NP_stressed_degenerative	AF_inner	TNFSF13B	TFRC	0.5273297	0.0	0.23307288	0.47212833145234173	0.8377145315719278	0.007903551	0.6431994	0.09023236747652795	0.9586420561740621	degenerated	True	pain_ligand:TNF
NP_mature_chondrocyte	AF_mechanical_stress	NGF	SORT1	0.34591854	0.0	0.09663927	0.33276954583239016	0.3065022755150804	0.016029404	0.53720474	0.1264889401411802	0.9593506204416291	degenerated	True	pain_ligand:NGF
AF_mechanical_stress	Plasma cells	ADAM17	IL6R	0.5271747	0.0	0.22636552	0.4510239549601419	0.601303287844317	0.011003254	0.63984174	0.024758345679397987	0.9594353456823144	degenerated	True	pain_receptor:IL6R
AF_mechanical_stress	Macrophages	PIGF	FLT1	0.31103855	0.03	0.096681416	0.21329526264569804	0.2559220589494626	0.015300581	0.53725886	0.1768606537352665	0.9594818329577821	degenerated	True	pain_receptor:FLT1
NP_notochordal	AF_inner	VEGFA	ITGB1	0.86795473	1.0	0.660026	-0.23374577516775807	-0.3820147504168061	0.003015142	0.7520809	1.0	0.9595146234288805	degenerated	True	pain_ligand:VEGFA
NP_mature_chondrocyte	NP_notochordal	FGF2	CD44	0.8831584	0.64	0.702367	0.0215358872651005	0.13200894471346136	0.006749565	0.757832	1.0	0.959692602872893	degenerated	True	pain_ligand:FGF2
Tem/Trm cytotoxic T cells	DC	CXCL8	SDC3	0.5270826	0.0	0.2727488	0.7927457746316589	0.15444951017704744	0.011741322	0.6610277	0.23123770624870518	0.9597527337984257	degenerated	True	pain_ligand:CXCL8
Mast cells	AF_inner	VEGFA	ITGB1	0.8830818	0.98	0.6955272	-0.21899295749364778	-0.028390865062358772	0.0031773192	0.75693285	1.0	0.9597723982246998	degenerated	True	pain_ligand:VEGFA
CD16+ NK cells	NP_stressed_degenerative	ADAM10	IL6R	0.82403547	0.0	0.6604237	0.8767941704054126	1.884342861678801	0.012319768	0.75213706	0.014879792944315727	0.9603879710418043	degenerated	True	pain_receptor:IL6R
Naive B cells	Macrophages	VEGFA	SIRPA	0.5269635	0.55	0.23583277	0.10624162835289838	-0.06166123710900484	0.004573165	0.644549	0.9996263215043861	0.9603879710418043	degenerated	True	pain_ligand:VEGFA
Tem/Effector helper T cells	AF_mechanical_stress	VEGFB	ADRB2	0.52678496	0.08	0.2485474	0.2929304338560481	0.2641347881322902	0.009630478	0.65054107	0.2799514982977906	0.961102853728494	degenerated	True	pain_ligand:VEGFB
NP_notochordal	AF_mechanical_stress	VEGFA	CD44	0.86900735	1.0	0.6612101	-0.09208452539042938	-0.22635384180020757	0.002289872	0.7522479	1.0	0.9620565823674052	degenerated	True	pain_ligand:VEGFA
AF_mechanical_stress	AF_outer	FGF2	FGFR1	0.8161113	0.0	0.66134757	0.06878208822689222	0.05515652029679308	0.02102952	0.7522673	0.5520581401241893	0.9622951130708732	degenerated	True	pain_ligand:FGF2
Classical monocytes	AF_inner	VEGFA	GPC1	0.52649456	0.59	0.22925	-0.027202474217321373	0.24925490459230348	0.010282956	0.64129937	1.0	0.9624542392412141	degenerated	True	pain_ligand:VEGFA
NK cells	NK cells	TNFSF12	TNFRSF12A	0.31227803	1.0	0.096880585	-0.3112339847793683	-0.4264289014104032	0.0024547528	0.53751475	1.0	0.9624989976198174	degenerated	True	pain_ligand:TNF
AF_outer	AF_mechanical_stress	FGF2	FGFRL1	0.8258982	0.0	0.6616809	0.27591129634884953	0.30706252556210467	0.035994664	0.75231427	0.12599197553352218	0.9630109417383781	degenerated	True	pain_ligand:FGF2
AF_outer	Macrophages	FGF2	FGFR1	0.52632546	1.0	0.25247926	-0.25386875195882785	-0.4222821037937075	0.008028331	0.6523231	1.0	0.9631701468102365	degenerated	True	pain_ligand:FGF2
AF_outer	AF_inner	FGF2	FGFR3	0.52632505	0.0	0.2524787	0.2973752215674781	0.355982078812853	0.061022244	0.6523229	0.09152109717821606	0.9632496301574383	degenerated	True	pain_ligand:FGF2
AF_outer	Macrophages	FGF2	SDC3	0.52629936	0.0	0.25244364	0.44043153881087965	0.4555702363405407	0.04520833	0.6523071	0.04462966943306141	0.9633291178773038	degenerated	True	pain_ligand:FGF2
Plasma cells	Plasma cells	VEGFA	ITGB1	0.31168175	1.0	0.096954696	-0.7650708864602105	-1.3695557758598507	0.0004429101	0.53760976	1.0	0.9635477711380395	degenerated	True	pain_ligand:VEGFA
AF_inner	NP_mature_chondrocyte	FGF2	SDC4	0.8236133	0.0	0.6619509	0.18448519409017194	0.22029309731168456	0.03258725	0.7523523	0.22261805207721538	0.9638066392959976	degenerated	True	pain_ligand:FGF2
AF_outer	Tem/Temra cytotoxic T cells	FGF2	CD44	0.88162506	0.5	0.73780113	-0.008224623436893091	0.30164497891198405	0.0070900773	0.76231956	0.9218347281520023	0.9640016465346466	degenerated	True	pain_ligand:FGF2
NP_mature_chondrocyte	DC	ADAM10	IL6R	0.4131781	0.05	0.097121574	0.21951056878283914	0.06749128757539463	0.0018117389	0.5378235	1.0	0.9649891822880694	degenerated	True	pain_receptor:IL6R
AF_outer	Macrophages	SEMA3E	NRP2	0.5850788	0.05	0.21447386	0.15804318539187612	0.15522716801377184	0.02146916	0.63360083	0.3262112379518752	0.9650013850223308	degenerated	True	pain_receptor:NRP2
Tcm/Naive helper T cells	Classical monocytes	ADAM10	IL6R	0.31271914	0.33	0.097144224	0.0854981489462826	0.4085369861794073	0.0018121615	0.53785247	1.0	0.9655131866414873	degenerated	True	pain_receptor:IL6R
Tem/Temra cytotoxic T cells	NP_mature_chondrocyte	TNF	TRADD	0.4365145	0.0	0.09717881	1.2418034881577225	0.9400827545582143	0.0069260215	0.5378967	0.10350413227990742	0.9664299648626069	degenerated	True	pain_ligand:TNF
AF_inner	Macrophages	FGF2	SDC2	0.88066995	0.24	0.77054447	0.06890326327112442	0.23061213930263869	0.020049514	0.76623106	0.5377712525974897	0.9664773776903044	degenerated	True	pain_ligand:FGF2
Mast cells	NK cells	TNF	NOTCH1	0.32284614	0.0	0.0971909	1.025080149367626	1.2646617169499248	0.0074385046	0.5379122	0.10350413227990742	0.9665609254762692	degenerated	True	pain_ligand:TNF
DC	AF_outer	TNF	FAS	0.8191403	0.0	0.21419199	2.682727233699421	1.2782143884295645	0.0101119615	0.6334482	0.03507066368060515	0.9667550102687843	degenerated	True	pain_ligand:TNF
Fibroblasts	Memory B cells	VEGFA	ITGB1	0.5256578	0.99	0.27631602	-0.5590314951568773	-0.8391351896264504	0.0012622715	0.662482	1.0	0.9668346907127416	degenerated	True	pain_ligand:VEGFA
AF_outer	NP_notochordal	VEGFA	SIRPA	0.52525306	1.0	0.25777662	-0.0065479867897878935	-0.035580853822847425	0.0049986904	0.65467405	1.0	0.9685107587178761	degenerated	True	pain_ligand:VEGFA
NK cells	DC	CXCL2	DPP4	0.32957172	0.02	0.09728207	0.2614053530735282	0.4453822190883402	0.009661144	0.53802866	0.14989686201302985	0.9685244014908608	degenerated	True	pain_ligand:CXCL2
AF_mechanical_stress	Fibroblasts	VEGFA	TYRO3	0.75689006	0.0	0.21382113	0.521331169284552	0.3348417258991931	0.032162305	0.6332469	0.10579317358250472	0.9690301444146823	degenerated	True	pain_ligand:VEGFA
AF_mechanical_stress	Fibroblasts	VEGFA	ITGB3	0.75689006	0.0	0.21382113	0.8298233028399382	0.3753706931707538	0.028395403	0.6332469	0.0801487613716182	0.9690301444146823	degenerated	True	pain_ligand:VEGFA
AF_mechanical_stress	DC	FGF2	SDC2	0.81859744	0.53	0.6650649	-0.002376376446485362	-0.15362094433440088	0.017304944	0.75278926	1.0	0.9691498541653534	degenerated	True	pain_ligand:FGF2
NP_mature_chondrocyte	DC	FGF2	SDC3	0.8799984	0.0	0.6950249	1.0585980246748181	0.8720690845462017	0.12446705	0.7568664	0.005963467576966869	0.9692742554605427	degenerated	True	pain_ligand:FGF2
Plasma cells	DC	VEGFA	ITGB1	0.52506524	1.0	0.22407508	-0.5625960134370793	-1.1535539581949141	0.0010236236	0.63866913	1.0	0.9693097350921952	degenerated	True	pain_ligand:VEGFA
Classical monocytes	Plasma cells	TNFSF13B	TFRC	0.8792561	0.0	0.7317366	1.5810409201868592	1.4041256091803664	0.024813343	0.76157105	0.005963467576966869	0.9708734268152179	degenerated	True	pain_ligand:TNF
Macrophages	Tem/Trm cytotoxic T cells	TNFSF13B	TFRC	0.52461743	0.0	0.26450533	0.564988771418676	0.7115431690409534	0.008969433	0.6575809	0.056205657987112204	0.9711484916612876	degenerated	True	pain_ligand:TNF
Naive B cells	NP_stressed_degenerative	GRN	TNFRSF1A	0.5244913	0.94	0.2461957	-0.18552720352847596	0.4205659875167428	0.0028132135	0.6494597	1.0	0.9717087944328129	degenerated	True	pain_receptor:TNFRSF1A
Plasma cells	Naive B cells	VEGFA	ITGB1	0.31257814	1.0	0.09748871	-0.7642203187045521	-1.3092168870464562	0.00044534958	0.5382924	1.0	0.9717940692588607	degenerated	True	pain_ligand:VEGFA
DC	Classical monocytes	VEGFA	NRP2	0.8226371	0.27	0.66719407	0.0923235648069767	0.33962255013498077	0.008931659	0.75308657	0.5808333094336244	0.9720288834247353	degenerated	True	pain_ligand:VEGFA; pain_receptor:NRP2
Macrophages	Fibroblasts	CCL20	ADRA2A	0.8324611	0.0	0.6673573	3.330918688559807	1.6080702358175554	0.2786141	0.75310934	0.00023718580208224958	0.972509275273503	degenerated	True	pain_ligand:CCL2
AF_outer	AF_mechanical_stress	SEMA3C	NRP2_PLXNA3	0.3983321	0.0	0.09761291	0.17735945880611567	0.5233054777861414	0.01903999	0.5384506	0.20388210398921428	0.9734929173898221	degenerated	True	pain_receptor:NRP2
DC	NP_mature_chondrocyte	TNFSF13B	CD40	0.330592	0.0	0.09761483	0.6583311379665712	0.435312530504735	0.008101413	0.53845304	0.08212694946188506	0.9736235745913351	degenerated	True	pain_ligand:TNF
AF_mechanical_stress	NP_notochordal	ADAM17	IL6R	0.5241645	0.0	0.22455858	0.4465911980825934	0.6559435305826224	0.010915421	0.63891774	0.025683066837124263	0.9737912628631563	degenerated	True	pain_receptor:IL6R
Fibroblasts	AF_outer	PGF	NRP2	0.5241126	0.0	0.24989834	0.5890011369500178	0.38780836562340437	0.01734161	0.6511571	0.07311466135058124	0.973951400436243	degenerated	True	pain_receptor:NRP2
NP_mature_chondrocyte	Macrophages	NGF	BEX3	0.3469472	1.0	0.09766306	-0.15006922643863907	-0.46793614251765475	0.006561452	0.53851444	1.0	0.974146095624584	degenerated	True	pain_ligand:NGF
Tem/Trm cytotoxic T cells	Tcm/Naive helper T cells	TNF	SEMA4C	0.31262982	0.0	0.09768747	0.8377203114355053	1.1207218222646578	0.008963805	0.5385454	0.0564029138905916	0.9742766731383486	degenerated	True	pain_ligand:TNF
NK cells	Endothelial cells	ANGPT1	TIE1	0.52387404	0.0	0.25107324	3.1908512037833945	1.269625900644464	0.16513817	0.6516895	0.0011510267826816353	0.9751542598955718	degenerated	True	pain_ligand:ANGPT1
NP_mature_chondrocyte	NK cells	NGF	BEX3	0.5236887	0.96	0.27357146	0.026533061211729214	-0.02479694802642346	0.018379785	0.661365	1.0	0.9757962742748191	degenerated	True	pain_ligand:NGF
Naive B cells	Classical monocytes	VEGFA	NRP2	0.5236738	0.83	0.23371173	-0.19924409173917057	0.008710930329184463	0.003128675	0.6435133	1.0	0.9758764507312203	degenerated	True	pain_ligand:VEGFA; pain_receptor:NRP2
Endothelial cells	CD16+ NK cells	ANGPT2	ITGA5_ITGB1	0.34409723	0.01	0.09779047	0.5867238189166945	0.6299253143798668	0.0056082536	0.53867644	0.276809052446615	0.9761046850172053	degenerated	True	pain_ligand:ANGPT2
NK cells	DC	PGF	NRP2	0.8777028	0.0	0.7167704	1.8997829729741578	1.0898620009282773	0.049740035	0.7596898	0.005963467576966869	0.9761547580731889	degenerated	True	pain_receptor:NRP2
Tem/Trm cytotoxic T cells	AF_mechanical_stress	TNF	TNFRSF1A	0.5234612	0.0	0.22653227	0.5954552912291019	0.5447376510425	0.0056095626	0.63992655	0.2584551193825259	0.9765989980444115	degenerated	True	pain_ligand:TNF; pain_receptor:TNFRSF1A
Macrophages	Plasma cells	TNFSF12	TNFRSF12A	0.3195992	1.0	0.09798276	-0.343483184148327	-0.5181680187952887	0.0024826794	0.5389205	1.0	0.9781924723640519	degenerated	True	pain_ligand:TNF
Fibroblasts	Classical monocytes	ANGPT1	ITGA5	0.5230155	0.06	0.25498518	0.6767120988941033	0.9068597394319687	0.024020834	0.65344226	0.060984819651124636	0.9788493731696318	degenerated	True	pain_ligand:ANGPT1
Fibroblasts	Tcm/Naive helper T cells	ANGPT1	ITGA5	0.52287227	0.01	0.25479636	0.676513548298347	0.734954274895666	0.024003046	0.65335834	0.085352808898005	0.979010064777748	degenerated	True	pain_ligand:ANGPT1
NP_notochordal	Tcm/Naive helper T cells	VEGFA	ITGB1	0.5226259	1.0	0.27155012	-0.5614199605636486	-0.5580104291970063	0.0012404999	0.660534	1.0	0.979814804268625	degenerated	True	pain_ligand:VEGFA
AF_outer	NP_stressed_degenerative	GRN	TNFRSF1A	0.83100164	0.0	0.671925	0.13549892800522345	0.7332838855832007	0.0076779104	0.75374293	0.28972893855621357	0.9802170848520342	degenerated	True	pain_receptor:TNFRSF1A
NP_mature_chondrocyte	Fibroblasts	NGF	KIDINS220	0.34747738	0.37	0.09819075	0.21387054527661303	0.09579992192338971	0.0071801394	0.5391839	0.7316060155068799	0.9809305426176566	degenerated	True	pain_ligand:NGF
Macrophages	CD16+ NK cells	VEGFA	ITGB1	0.876104	1.0	0.72249484	-0.21907459901739013	-0.08293196924753743	0.0033005134	0.76041514	1.0	0.9812021995965934	degenerated	True	pain_ligand:VEGFA
Macrophages	Tem/Trm cytotoxic T cells	VEGFA	ITGB1	0.8760036	0.99	0.7222764	-0.21916979291191757	-0.12604955909995064	0.0032995155	0.7603876	1.0	0.9814427032437846	degenerated	True	pain_ligand:VEGFA
AF_mechanical_stress	AF_outer	FGF2	SDC2	0.87560415	0.0	0.75030434	0.05654168343118757	0.05868004506149627	0.019522868	0.76383865	0.5426239314439638	0.9820841968828948	degenerated	True	pain_ligand:FGF2
Fibroblasts	Endothelial cells	NGF	SORT1	0.31875643	0.09	0.098243095	0.26345924941720733	0.16765069308839203	0.016295427	0.53925014	0.30471121815508656	0.9821032220775026	degenerated	True	pain_ligand:NGF
DC	Macrophages	VEGFA	SIRPA	0.82592684	0.06	0.6732491	0.39780928489904566	0.26925038269679147	0.013055351	0.75392556	0.24097969335961317	0.9823924751545192	degenerated	True	pain_ligand:VEGFA
Fibroblasts	NP_mature_chondrocyte	FGF2	SDC4	0.5220809	0.71	0.24246034	-0.148221834478644	-0.44839710029513463	0.011936105	0.6477174	1.0	0.9826343553518275	degenerated	True	pain_ligand:FGF2
Tem/Temra cytotoxic T cells	AF_outer	CXCL8	SDC2	0.8372792	0.14	0.67337984	0.11310646707089202	-0.1652367710792375	0.0042117867	0.75394356	1.0	0.9827954609200835	degenerated	True	pain_ligand:CXCL8
Endothelial cells	AF_outer	PGF	NRP2	0.52191055	0.0	0.24689661	0.5811040182076974	0.4993307527548218	0.017133305	0.64978325	0.031730806446910745	0.9834408244023856	degenerated	True	pain_receptor:NRP2
AF_outer	Fibroblasts	FGF2	FGFR1	0.8349176	0.31	0.67400104	0.0901103088606401	-0.059348814125186444	0.021431873	0.75402904	0.9003744999809625	0.984086470346232	degenerated	True	pain_ligand:FGF2
Tem/Trm cytotoxic T cells	Naive B cells	TNF	NOTCH1	0.3138969	0.0	0.09846181	0.991436722427413	0.9898145363676049	0.0075357743	0.5395264	0.10350413227990742	0.9844472186323512	degenerated	True	pain_ligand:TNF
AF_mechanical_stress	NP_mature_chondrocyte	FGF2	FGFRL1	0.8249128	0.0	0.6745079	0.2689300213592115	0.25551485350515146	0.036692437	0.7540988	0.17747231279430922	0.9846514827719963	degenerated	True	pain_ligand:FGF2
NP_mature_chondrocyte	AF_mechanical_stress	TNFSF12	TNFRSF12A	0.74348575	0.0	0.21103697	0.019921659839310296	-0.058697966585907924	0.005347238	0.63172364	0.8987981368517791	0.9847321435508025	degenerated	True	pain_ligand:TNF
NK cells	AF_outer	SLIT3	ROBO1	0.4213332	0.0	0.09857226	1.3138112126388897	0.9575803159931999	0.026246872	0.53966564	0.005963467576966869	0.985358299545024	degenerated	True	pain_receptor:ROBO1
Memory B cells	AF_inner	ADAM10	IL6R	0.31414044	0.14	0.09866945	0.09053513193390961	0.17002211727125044	0.0018406135	0.53978807	1.0	0.9869194843366333	degenerated	True	pain_receptor:IL6R
AF_inner	CD16+ NK cells	FGF2	CD44	0.874099	0.52	0.7580383	0.00021058946498919706	0.2530701874932183	0.007284551	0.76476234	0.9526661544703546	0.9869781328312304	degenerated	True	pain_ligand:FGF2
Plasma cells	Tem/Temra cytotoxic T cells	VEGFA	ITGB1	0.31457716	1.0	0.098679595	-0.7623234901821079	-1.1837557262050966	0.0004507898	0.5398008	1.0	0.9870495637823256	degenerated	True	pain_ligand:VEGFA
AF_mechanical_stress	AF_outer	NGF	BEX3	0.76974946	0.0	0.2106317	0.08267013774844635	0.2184833785315642	0.014151203	0.63150007	0.44576099927330765	0.9878038436062021	degenerated	True	pain_ligand:NGF
NK cells	AF_outer	GRN	TNFRSF1A	0.5208138	0.99	0.2598216	-0.1951692730976418	-0.4423730867924107	0.002968913	0.65556663	1.0	0.9880466111952455	degenerated	True	pain_receptor:TNFRSF1A
Tcm/Naive helper T cells	Plasma cells	ADAM10	IL6R	0.5207294	0.0	0.2166432	0.3918084889834273	0.7336513744980362	0.0040413365	0.6347682	0.32564817383578776	0.9884513975304334	degenerated	True	pain_receptor:IL6R
AF_inner	Macrophages	PDGFC	FLT1	0.31438553	0.12	0.09881687	0.12487200343526553	0.14752876022694816	0.0070319907	0.5399735	0.3486108365394669	0.989129816103463	degenerated	True	pain_receptor:FLT1
Endothelial cells	Fibroblasts	GRN	TNFRSF1A	0.82726973	0.24	0.6767594	0.15067128060147558	0.05823717494540381	0.0077331522	0.7544076	0.5438387606660531	0.9893419581115804	degenerated	True	pain_receptor:TNFRSF1A
AF_outer	Mast cells	FGF2	CD44	0.87332773	0.54	0.7264674	-0.016400696110795976	0.5589106038991639	0.0069811633	0.76091427	0.9827094153343124	0.9893869972768118	degenerated	True	pain_ligand:FGF2
CD16+ NK cells	AF_mechanical_stress	TNF	TNFRSF1A	0.5205198	0.0	0.2221709	0.5847684099202985	0.641914470561702	0.0055015637	0.6376838	0.1494056140251529	0.9896661637282509	degenerated	True	pain_ligand:TNF; pain_receptor:TNFRSF1A
NP_stressed_degenerative	NP_notochordal	VEGFA	SIRPA	0.5204655	1.0	0.25403595	-0.011216846949381756	0.5540047067323495	0.004926153	0.65301985	1.0	0.9898280369511014	degenerated	True	pain_ligand:VEGFA
Endothelial cells	AF_inner	TNFSF10	TNFRSF10D	0.5204172	0.0	0.24901587	0.4695258139516211	0.5917084067537757	0.022403881	0.65075517	0.015819163233726275	0.9901523487447323	degenerated	True	pain_ligand:TNF
Plasma cells	NP_stressed_degenerative	VEGFA	CD44	0.5203906	1.0	0.22129023	-0.43426538301761136	-0.43879990621341425	0.0007663619	0.63722485	1.0	0.9903955009525798	degenerated	True	pain_ligand:VEGFA
Tem/Temra cytotoxic T cells	Macrophages	CXCL8	SDC3	0.5202998	0.01	0.24800847	0.5326633961756233	0.1823815137709348	0.010676299	0.65029436	0.2788089549043651	0.9907196803823035	degenerated	True	pain_ligand:CXCL8
Macrophages	AF_inner	VEGFA	CD44	0.87237245	0.87	0.71437216	-0.09142827426960558	-0.21445404550867142	0.0024739802	0.75938374	1.0	0.9913954434162076	degenerated	True	pain_ligand:VEGFA
Fibroblasts	AF_mechanical_stress	PDGFA	PDGFRA	0.5201204	0.04	0.26670986	0.3678231709568577	0.31443283015198087	0.031056244	0.65851474	0.19940486760830795	0.9915308230856402	degenerated	True	pain_ligand:PDGFA
NP_mature_chondrocyte	Fibroblasts	PDGFC	FLT1	0.3496012	0.12	0.09902886	0.16906115152201948	0.10623749501556279	0.0070470762	0.5402397	0.4283899259497683	0.991858000468792	degenerated	True	pain_receptor:FLT1
NK cells	DC	VEGFB	ADRB2	0.51990116	0.12	0.26691833	0.2145603253467731	0.40920282598112695	0.010342296	0.65860265	0.3486108365394669	0.9921797480734127	degenerated	True	pain_ligand:VEGFB
Tem/Temra cytotoxic T cells	Fibroblasts	TNF	TNFRSF1A	0.82830566	0.01	0.67865425	1.494127848436108	1.1648335976379585	0.016805349	0.75466657	0.07026729121999682	0.9928292127930547	degenerated	True	pain_ligand:TNF; pain_receptor:TNFRSF1A
Naive B cells	AF_inner	VEGFA	GPC1	0.3149497	0.94	0.09913823	-0.2335141599440548	-0.42745646821761996	0.0044468227	0.5403767	1.0	0.9934158251892156	degenerated	True	pain_ligand:VEGFA
AF_mechanical_stress	Macrophages	CCL2	CCR1	0.35511088	0.0	0.09915267	1.4037803494476526	0.6361671911001803	0.009816564	0.54039484	0.03962491715271124	0.9936754184757521	degenerated	True	pain_ligand:CCL2
AF_outer	AF_inner	FGF2	FGFR1	0.83892506	0.0	0.679475	0.09457703815085082	0.13290140801632466	0.021605937	0.75477844	0.4056988820295347	0.9941287354828392	degenerated	True	pain_ligand:FGF2
Classical monocytes	Tem/Trm cytotoxic T cells	TNFSF13B	TFRC	0.8553804	0.0	0.6800401	1.5530270109610742	1.5784914909666419	0.023060305	0.75485533	0.005963467576966869	0.9947790503484744	degenerated	True	pain_ligand:TNF
Mast cells	Endothelial cells	TNFSF10	RIPK1	0.32673326	0.02	0.09929066	0.2632749884732927	0.8019171261307749	0.0095722275	0.5405675	0.14989686201302985	0.9953619728625134	degenerated	True	pain_ligand:TNF
AF_mechanical_stress	AF_inner	FGF2	FGFR1	0.8712505	0.0	0.7437945	0.13024411187589002	0.08362950158745253	0.023651166	0.76305175	0.4802339890885102	0.995495436857573	degenerated	True	pain_ligand:FGF2
NK cells	AF_outer	PDGFA	PDGFRA	0.87119424	0.0	0.73081106	1.0596969256930089	1.3377899545337022	0.08509713	0.76145613	0.005963467576966869	0.9956563832677853	degenerated	True	pain_ligand:PDGFA
AF_inner	Memory B cells	TNFSF10	TNFRSF10A	0.34785187	0.0	0.09944369	0.6799256095291927	0.7528547891945041	0.009964971	0.5407587	0.03728209927313024	0.9971772758142416	degenerated	True	pain_ligand:TNF
Fibroblasts	Tem/Trm cytotoxic T cells	TNFSF13B	HLA-DPB1	0.35625207	0.03	0.099571325	0.45345944396477345	0.6288042445001177	0.0023588089	0.540918	1.0	0.9980844649773567	degenerated	True	pain_ligand:TNF
NP_mature_chondrocyte	Macrophages	TNFSF10	RIPK1	0.5185823	0.0	0.2646913	0.652774948432683	0.8132982499897067	0.025517862	0.65766	0.005963467576966869	0.9986049597614325	degenerated	True	pain_ligand:TNF
Macrophages	Classical monocytes	VEGFA	SIRPA	0.87010044	0.03	0.7094265	0.41489712532096473	0.7720812488720106	0.013756886	0.7587484	0.1760704091790426	0.9989552888238895	degenerated	True	pain_ligand:VEGFA
AF_outer	Tem/Temra cytotoxic T cells	VEGFA	CD44	0.8700583	0.85	0.71281064	-0.09154159279990257	-0.03324965327552187	0.0024685722	0.7591837	1.0	0.9991162331798096	degenerated	True	pain_ligand:VEGFA
Tem/Trm cytotoxic T cells	Tem/Trm cytotoxic T cells	TNFSF9	TNFRSF9	0.3963841	0.0	0.15239976	1.2018645500544822	1.3089886182944084	0.036245342	0.59311444	0.005963467576966869	1.0	degenerated	True	pain_ligand:TNF
Tem/Trm cytotoxic T cells	Tem/Trm cytotoxic T cells	TNFSF9	HLA-DPA1	0.40335518	0.0	0.15696831	0.5806434312380969	1.1104389448426795	0.003259457	0.59667355	0.10515466824970697	1.0	degenerated	True	pain_ligand:TNF
AF_outer	Macrophages	VEGFB	ADRB2	0.5159692	0.01	0.16731521	0.13218721249087673	0.5018831468753169	0.0064829704	0.6043304	0.29915042517767676	1.0	degenerated	True	pain_ligand:VEGFB
NP_notochordal	NP_mature_chondrocyte	VEGFA	GPC1	0.43823415	1.0	0.17661403	-0.11094755693050451	-0.14054148716678483	0.007921982	0.6107784	1.0	1.0	degenerated	True	pain_ligand:VEGFA
NP_notochordal	NP_mature_chondrocyte	VEGFA	SIRPA	0.4049832	1.0	0.13920854	-0.17051209757030447	-0.25780265208976066	0.0026994706	0.58214575	1.0	1.0	degenerated	True	pain_ligand:VEGFA
AF_outer	Mast cells	VEGFA	CD44	0.861761	0.81	0.7018608	-0.09971766547380545	0.224015971711658	0.0024306513	0.75776577	1.0	1.0	degenerated	True	pain_ligand:VEGFA
AF_outer	Macrophages	SEMA3C	NRP2_PLXNA1	0.40523463	0.0	0.106523074	0.27089565234198704	0.5859920440599313	0.047401533	0.5492851	0.09152109717821606	1.0	degenerated	True	pain_receptor:NRP2
AF_outer	Macrophages	SEMA3C	NRP2_PLXNA3	0.44319937	0.0	0.15552996	0.2945719417263617	0.644813490048574	0.030337064	0.5955653	0.07395812402952089	1.0	degenerated	True	pain_receptor:NRP2
NP_notochordal	NK cells	VEGFA	EGFR	0.45829803	0.76	0.19918476	0.08532605653092903	0.13738911256900277	0.014344694	0.62497485	1.0	1.0	degenerated	True	pain_ligand:VEGFA
NP_notochordal	NK cells	VEGFA	GPC1	0.4082431	1.0	0.14287575	-0.16182279796354493	-0.1372572372929915	0.006408659	0.5853049	1.0	1.0	degenerated	True	pain_ligand:VEGFA
AF_outer	Macrophages	RARRES1	NRP2	0.55980724	0.02	0.16683039	0.24323062149129454	0.44520651065488287	0.049078647	0.60398346	0.14989686201302985	1.0	degenerated	True	pain_receptor:NRP2
NP_notochordal	NP_notochordal	VEGFA	SIRPA	0.47656825	1.0	0.21973777	-0.05402821551775727	0.14556458179597714	0.0042610583	0.6364107	1.0	1.0	degenerated	True	pain_ligand:VEGFA
AF_outer	Macrophages	PDGFC	FLT1	0.31759423	0.08	0.100864075	0.1300592697386876	0.21087548258441913	0.0071776733	0.5425192	0.3047549647182887	1.0	degenerated	True	pain_receptor:FLT1
NP_notochordal	NP_stressed_degenerative	VEGFA	SIRPA	0.41937083	1.0	0.15539385	-0.14710040976558114	0.1630383859295113	0.0030133289	0.59545994	1.0	1.0	degenerated	True	pain_ligand:VEGFA
NP_notochordal	Naive B cells	VEGFA	ITGB1	0.44488016	1.0	0.18409042	-0.6351911870279704	-0.8775969252637805	0.00084096496	0.615695	1.0	1.0	degenerated	True	pain_ligand:VEGFA
AF_outer	Macrophages	CXCL8	SDC2	0.5124675	1.0	0.17426904	-0.18617571964636212	-1.1587870665040645	0.0010899999	0.6091884	1.0	1.0	degenerated	True	pain_ligand:CXCL8
AF_outer	NK cells	CXCL8	SDC2	0.438666	1.0	0.14250135	-0.26245109185426696	-1.3732196714755616	0.0008913028	0.58498645	1.0	1.0	degenerated	True	pain_ligand:CXCL8
AF_outer	Macrophages	CCL2	CCR1	0.42972243	0.0	0.17664106	1.5239340285167957	1.0110936783966684	0.017488265	0.6107965	0.005963467576966869	1.0	degenerated	True	pain_ligand:CCL2
NP_notochordal	Fibroblasts	VEGFA	SIRPA	0.38494092	0.98	0.11666209	-0.2031249304219962	-0.2938698269055519	0.0022622598	0.56051254	1.0	1.0	degenerated	True	pain_ligand:VEGFA
NP_notochordal	Plasma cells	PTGS2	CAV1	0.47318247	1.0	0.22349429	-0.5043998783176216	-0.7687230686030131	0.0013381279	0.6383696	1.0	1.0	degenerated	True	pain_ligand:PTGS2
NP_notochordal	Plasma cells	VEGFA	ITGB1	0.44398376	1.0	0.18308203	-0.6360417547836288	-0.9379358140771749	0.0008363584	0.615045	1.0	1.0	degenerated	True	pain_ligand:VEGFA
NP_notochordal	Fibroblasts	VEGFA	EGFR	0.3766818	0.99	0.10737103	-0.09568625551729687	-0.13715174379018646	0.007732542	0.5502664	1.0	1.0	degenerated	True	pain_ligand:VEGFA
NP_notochordal	Fibroblasts	VEGFA	GPC1	0.41131532	0.89	0.14633185	-0.15661120873501927	-0.13704291830657833	0.0065636816	0.58820266	1.0	1.0	degenerated	True	pain_ligand:VEGFA
NP_notochordal	Fibroblasts	VEGFA	ITGAV	0.4867952	0.9	0.23124251	-0.19066957671684254	-0.2888300722092423	0.0034719647	0.6422941	1.0	1.0	degenerated	True	pain_ligand:VEGFA
AF_outer	NK cells	PDGFA	PDGFRB	0.67115676	0.0	0.17970279	1.0252070105259596	0.9540417657897593	0.01562126	0.6128372	0.005963467576966869	1.0	degenerated	True	pain_ligand:PDGFA
AF_outer	Macrophages	ANGPT1	ITGA5	0.5200848	0.0	0.13963068	0.394191315701341	0.591442652466492	0.013153883	0.582514	0.030513801260640634	1.0	degenerated	True	pain_ligand:ANGPT1
AF_outer	Macrophages	ANGPT1	ITGB1	0.55430317	1.0	0.15046711	-0.14743603624224622	-0.15435000285014178	0.005205267	0.59157354	1.0	1.0	degenerated	True	pain_ligand:ANGPT1
AF_outer	Macrophages	ADAM17	IL6R	0.5354991	0.0	0.19587484	0.45019741404503794	0.45886910389925234	0.009521152	0.62300897	0.04487875017653919	1.0	degenerated	True	pain_receptor:IL6R
AF_outer	Fibroblasts	VEGFA	ITGB3	0.4087574	1.0	0.10403908	0.49030243220900743	-0.16156686983978696	0.013816369	0.5463627	0.9783849996558305	1.0	degenerated	True	pain_ligand:VEGFA
AF_outer	Fibroblasts	VEGFA	SIRPA	0.43362576	0.82	0.13685748	-0.15564470169402683	-0.4750152625243765	0.00265388	0.5800727	1.0	1.0	degenerated	True	pain_ligand:VEGFA
AF_outer	Fibroblasts	VEGFA	TYRO3	0.4087574	1.0	0.10403908	0.1818102986536213	-0.20209583711134765	0.015649233	0.5463627	1.0	1.0	degenerated	True	pain_ligand:VEGFA
AF_outer	Fibroblasts	VEGFA	EGFR	0.42536664	0.61	0.12595806	-0.0482060267893275	-0.31829717940901103	0.009071124	0.56993264	1.0	1.0	degenerated	True	pain_ligand:VEGFA
AF_outer	Fibroblasts	VEGFA	GPC1	0.46000016	0.8	0.17166337	-0.10913098000704988	-0.3181883539254029	0.0076999213	0.6073936	1.0	1.0	degenerated	True	pain_ligand:VEGFA
AF_outer	NK cells	VEGFA	EGFR	0.50698286	0.28	0.23366566	0.13280628525889843	-0.0437563230498218	0.016827906	0.64349073	0.8516107251846002	1.0	degenerated	True	pain_ligand:VEGFA
AF_outer	NK cells	VEGFA	GPC1	0.45692793	0.99	0.16760898	-0.11434256923557554	-0.31840267291181606	0.0075180624	0.60454017	1.0	1.0	degenerated	True	pain_ligand:VEGFA
NP_notochordal	Endothelial cells	VEGFA	ITGA9	0.45520055	0.08	0.19570029	0.8639945581209754	0.2873832748166258	0.02683031	0.62290436	0.2799514982977906	1.0	degenerated	True	pain_ligand:VEGFA
NP_notochordal	Endothelial cells	VEGFA	ITGAV	0.49159282	1.0	0.2366396	-0.1843030147341994	-0.22362333752621477	0.0035529986	0.6449401	1.0	1.0	degenerated	True	pain_ligand:VEGFA
NP_notochordal	Endothelial cells	VEGFA	ITGB3	0.4013453	0.84	0.13511612	0.7676579384111627	0.1850674998248038	0.017943392	0.5785123	0.4768843203418993	1.0	degenerated	True	pain_ligand:VEGFA
NP_notochordal	Endothelial cells	VEGFA	NRP2	0.502106	1.0	0.24846634	-0.24804559669436127	-0.3293979992896048	0.0033261934	0.65050405	1.0	1.0	degenerated	True	pain_ligand:VEGFA; pain_receptor:NRP2
NP_notochordal	Tem/Temra cytotoxic T cells	VEGFA	ITGB1	0.44687918	1.0	0.1863392	-0.6332943585055262	-0.7521357644224208	0.0008512379	0.6171305	1.0	1.0	degenerated	True	pain_ligand:VEGFA
AF_outer	Fibroblasts	PDGFA	PDGFRB	0.63317096	0.0	0.16824463	0.9486429536829093	0.698010520077208	0.01462522	0.6049925	0.0067717841000644215	1.0	degenerated	True	pain_ligand:PDGFA
NP_stressed_degenerative	AF_inner	GRN	TNFRSF1A	0.50172055	1.0	0.24301226	-0.2341835194539192	-0.0923724238341379	0.0027768372	0.6479768	1.0	1.0	degenerated	True	pain_receptor:TNFRSF1A
NP_notochordal	DC	VEGFA	ITGAV	0.4997632	0.97	0.2458308	-0.17346100613093673	-0.18723390843103094	0.003690999	0.6492908	1.0	1.0	degenerated	True	pain_ligand:VEGFA
NP_stressed_degenerative	AF_inner	VEGFA	GPC1	0.47889727	1.0	0.19997506	-0.07362230132829431	0.27858339655098974	0.008969835	0.6254388	1.0	1.0	degenerated	True	pain_ligand:VEGFA
NP_stressed_degenerative	AF_inner	VEGFA	SIRPA	0.46275088	1.0	0.1789761	-0.1051306436109117	0.19640059401651633	0.0034706257	0.61235636	1.0	1.0	degenerated	True	pain_ligand:VEGFA
AF_outer	NP_mature_chondrocyte	FGF2	FGFR3	0.47577167	0.0	0.18342522	0.17699106627063405	0.19784877375073712	0.044332527	0.6152667	0.25562801206453867	1.0	degenerated	True	pain_ligand:FGF2
AF_outer	Fibroblasts	FGF2	FGFR2	0.42032412	0.43	0.1076866	0.05147720879515096	0.0034130937898022573	0.030682309	0.55062944	0.8193580637565766	1.0	degenerated	True	pain_ligand:FGF2
AF_outer	Fibroblasts	FGF2	FGFRL1	0.42399555	0.89	0.112701595	-0.23864924733720305	-0.4509692069098892	0.006130834	0.55625427	1.0	1.0	degenerated	True	pain_ligand:FGF2
AF_outer	Fibroblasts	FGF2	ITGB3	0.42032412	0.04	0.1076866	0.5736194015720169	0.17332776234771896	0.039682504	0.55062944	0.294475368199509	1.0	degenerated	True	pain_ligand:FGF2
NP_notochordal	Classical monocytes	PTGS2	CAV1	0.43090028	1.0	0.18177314	-0.5439512542507401	-0.6512062118370572	0.0010883306	0.6141953	1.0	1.0	degenerated	True	pain_ligand:PTGS2
NP_stressed_degenerative	AF_mechanical_stress	VEGFA	GPC1	0.5065695	1.0	0.23596369	-0.026680444879353338	0.33035513280696793	0.010584097	0.6446125	1.0	1.0	degenerated	True	pain_ligand:VEGFA
NP_stressed_degenerative	AF_mechanical_stress	VEGFA	SIRPA	0.42465076	1.0	0.1294256	-0.16712740996580164	0.10652126974755188	0.0025097642	0.5732577	1.0	1.0	degenerated	True	pain_ligand:VEGFA
NP_notochordal	Classical monocytes	ADAM10	IL6R	0.3635432	0.22	0.13152114	0.1700755911213536	0.5005116486120451	0.0024534403	0.5752211	1.0	1.0	degenerated	True	pain_receptor:IL6R
AF_outer	Fibroblasts	CXCL8	ADRA2A	0.4437889	0.0	0.14470652	2.4484901876469936	-0.5025464785878214	0.009397053	0.58684933	0.26954984847298347	1.0	degenerated	True	pain_ligand:CXCL8
NP_stressed_degenerative	AF_mechanical_stress	TNFSF13B	HLA-DPB1	0.3662917	0.0	0.13155812	0.5461103021985951	0.8610062312832456	0.0031165646	0.5752554	0.12806207389672053	1.0	degenerated	True	pain_ligand:TNF
NP_stressed_degenerative	AF_mechanical_stress	TNFSF13B	TFRC	0.34240472	0.12	0.116500296	0.25515242316586517	0.41307650802703244	0.0039505498	0.56034166	0.6823059681953563	1.0	degenerated	True	pain_ligand:TNF
AF_outer	NP_mature_chondrocyte	PDGFC	FLT1	0.4132437	0.0	0.16134836	0.30472232018753426	0.38645111210826877	0.011481846	0.59998065	0.07386740570344824	1.0	degenerated	True	pain_receptor:FLT1
AF_outer	NP_mature_chondrocyte	PIGF	FLT1	0.38681573	0.0	0.13437536	0.3475037722272618	0.46844057912359666	0.02126594	0.5778419	0.04587494001672527	1.0	degenerated	True	pain_receptor:FLT1
NP_stressed_degenerative	AF_outer	CXCL2	DPP4	0.49018377	0.0	0.19893944	0.526551538259541	1.532978605855456	0.019756803	0.6248304	0.009646547079222587	1.0	degenerated	True	pain_ligand:CXCL2
AF_outer	NP_mature_chondrocyte	RARRES1	NRP2	0.6270524	0.0	0.19063303	0.32199741978931795	0.5460747857182753	0.05608097	0.6198183	0.057234567823040094	1.0	degenerated	True	pain_receptor:NRP2
NP_notochordal	AF_outer	VEGFA	EGFR	0.39964014	1.0	0.13319792	-0.044768131244917755	0.09883139325270088	0.009592517	0.5767681	1.0	1.0	degenerated	True	pain_ligand:VEGFA
NP_notochordal	AF_outer	VEGFA	GPC1	0.45303774	1.0	0.19326724	-0.08583537440434735	0.010656526714400483	0.008668958	0.62143385	1.0	1.0	degenerated	True	pain_ligand:VEGFA
NP_notochordal	AF_outer	VEGFA	SIRPA	0.44191572	1.0	0.18075559	-0.11041566936452134	-0.17232675867455027	0.0035051326	0.6135299	1.0	1.0	degenerated	True	pain_ligand:VEGFA
NP_stressed_degenerative	AF_outer	VEGFA	EGFR	0.4435374	1.0	0.15398836	-0.0019567626765422397	0.5072715181890731	0.011089783	0.59436506	1.0	1.0	degenerated	True	pain_ligand:VEGFA
NP_stressed_degenerative	AF_outer	VEGFA	GPC1	0.496935	1.0	0.22343372	-0.04302400583597183	0.41909665165077276	0.010022068	0.6383383	1.0	1.0	degenerated	True	pain_ligand:VEGFA
NP_stressed_degenerative	AF_outer	VEGFA	SIRPA	0.485813	1.0	0.20896916	-0.06760430079614582	0.236113366261822	0.0040522376	0.6305775	1.0	1.0	degenerated	True	pain_ligand:VEGFA
AF_outer	Fibroblasts	CCL28	ADRA2A	0.41884112	0.0	0.11115905	2.5631601189922635	0.6999161924932011	0.101588175	0.5545527	0.005193751019495627	1.0	degenerated	True	pain_ligand:CCL2
NP_stressed_degenerative	AF_outer	TNFSF13B	TFRC	0.4418187	0.0	0.17916866	0.3717960740822013	0.5861832289177128	0.006075647	0.612484	0.21761386594115453	1.0	degenerated	True	pain_ligand:TNF
AF_outer	NP_mature_chondrocyte	VEGFA	GPC1	0.486919	1.0	0.2071877	-0.06346732820253513	-0.3216869227856094	0.009293357	0.6295798	1.0	1.0	degenerated	True	pain_ligand:VEGFA
AF_outer	NP_mature_chondrocyte	VEGFA	NRP2	0.8684815	0.0	0.7107298	0.17155661734000266	-0.005890780101829529	0.009514467	0.75891644	0.7275919198943535	1.0	degenerated	True	pain_ligand:VEGFA; pain_receptor:NRP2
AF_outer	NP_mature_chondrocyte	VEGFA	SIRPA	0.45366803	1.0	0.16330695	-0.12303186884233508	-0.43894808770858523	0.0031667764	0.60142773	1.0	1.0	degenerated	True	pain_ligand:VEGFA
NP_notochordal	AF_outer	CXCL8	SDC3	0.68292934	0.0	0.14396456	0.39183373748137384	0.35156493755584783	0.006197403	0.5862259	0.20478975803042354	1.0	degenerated	True	pain_ligand:CXCL8
AF_outer	NP_notochordal	ADAM17	IL6R	0.49111202	0.0	0.17509913	0.3848342955562379	0.6233432584447813	0.00851128	0.6097539	0.06836109769083681	1.0	degenerated	True	pain_receptor:IL6R
NP_stressed_degenerative	CD16+ NK cells	TNFSF13B	HLA-DPB1	0.3963276	0.0	0.15049209	0.5997139504142255	1.3147456440641325	0.0035651033	0.59159356	0.10350413227990742	1.0	degenerated	True	pain_ligand:TNF
NP_stressed_degenerative	CD16+ NK cells	TNFSF13B	TFRC	0.43150795	0.01	0.17266898	0.35969907145359264	0.9587935075848276	0.005855242	0.60808986	0.2433918192700185	1.0	degenerated	True	pain_ligand:TNF
AF_outer	Endothelial cells	VEGFA	ITGB3	0.45003015	0.0	0.15850608	0.815138167139132	0.0039220642059792366	0.021049574	0.59784603	0.10350413227990742	1.0	degenerated	True	pain_ligand:VEGFA
NP_notochordal	AF_mechanical_stress	VEGFA	GPC1	0.46267223	1.0	0.20410551	-0.06949181344772885	-0.07808499212940434	0.009155106	0.6278304	1.0	1.0	degenerated	True	pain_ligand:VEGFA
NP_notochordal	AF_mechanical_stress	VEGFA	SIRPA	0.3807535	1.0	0.111951455	-0.20993877853417714	-0.3019188551888204	0.0021709132	0.5554299	1.0	1.0	degenerated	True	pain_ligand:VEGFA
AF_outer	Endothelial cells	VEGFA	ITGA9	0.5038854	0.0	0.229578	0.9114747868489447	0.10623783919780122	0.031474907	0.6414638	0.10350413227990742	1.0	degenerated	True	pain_ligand:VEGFA
NP_stressed_degenerative	DC	ADAM10	IL6R	0.47975647	0.01	0.18826221	0.33030513258818284	0.6028726685625531	0.0035119073	0.6183427	0.7703282833540853	1.0	degenerated	True	pain_receptor:IL6R
NP_stressed_degenerative	DC	CXCL2	DPP4	0.45830578	0.0	0.15472417	0.4616916726269052	1.2306911104573188	0.015365754	0.59493965	0.016862136550910466	1.0	degenerated	True	pain_ligand:CXCL2
AF_outer	Endothelial cells	SEMA3C	NRP2_PLXNA2	0.4974348	0.0	0.22553992	0.7471484533252709	0.9655281841982518	0.09692513	0.6394206	0.005963467576966869	1.0	degenerated	True	pain_receptor:NRP2
AF_outer	Endothelial cells	SEMA3E	NRP2	0.3346333	1.0	0.10050767	-0.13531200161649506	-0.2485572117294355	0.01006097	0.5420799	1.0	1.0	degenerated	True	pain_receptor:NRP2
NP_stressed_degenerative	DC	GRN	TNFRSF1A	0.40204254	1.0	0.124384455	-0.35586822164414444	-0.2514178733168549	0.0014213085	0.56839126	1.0	1.0	degenerated	True	pain_receptor:TNFRSF1A
NP_notochordal	AF_inner	VEGFA	GPC1	0.435	1.0	0.17297581	-0.11643366989666984	-0.12985672838538254	0.00775879	0.60830134	1.0	1.0	degenerated	True	pain_ligand:VEGFA
NP_notochordal	AF_inner	VEGFA	SIRPA	0.4188536	1.0	0.154812	-0.14794201217928724	-0.21203953091985595	0.003002046	0.595008	1.0	1.0	degenerated	True	pain_ligand:VEGFA
AF_outer	Endothelial cells	SEMA3A	NRP2	0.3636537	1.0	0.1261466	-0.1280258136361763	-0.23178461104221187	0.010400705	0.57011586	1.0	1.0	degenerated	True	pain_ligand:SEMA3A; pain_receptor:NRP2
AF_outer	Endothelial cells	GRN	TNFRSF1A	0.8429092	0.0	0.6949668	0.15003532828235894	0.2757898010515838	0.007941203	0.7568587	0.25654953907496075	1.0	degenerated	True	pain_receptor:TNFRSF1A
NP_notochordal	AF_inner	ADAM10	IL6R	0.3495949	0.0	0.1206724	0.14953566038653135	0.1971302609455079	0.0022510642	0.56467104	1.0	1.0	degenerated	True	pain_receptor:IL6R
NP_stressed_degenerative	Endothelial cells	VEGFA	ITGB3	0.44524258	0.07	0.15620597	0.8104693069795382	0.5935076247611761	0.020744119	0.5960876	0.19819784703007642	1.0	degenerated	True	pain_ligand:VEGFA
NP_mature_chondrocyte	Tem/Trm cytotoxic T cells	NGF	KIDINS220	0.47984865	0.0	0.22993809	0.39370335836511805	0.6782465725321709	0.016814085	0.641644	0.03063077573450475	1.0	degenerated	True	pain_ligand:NGF
AF_outer	Endothelial cells	FGF2	ITGB3	0.46159688	0.0	0.16406316	0.8984551365021415	0.33881669639348516	0.06045726	0.60198134	0.10306968046306869	1.0	degenerated	True	pain_ligand:FGF2
AF_outer	Endothelial cells	FGF2	SDC2	0.44415557	1.0	0.14023918	-0.3916271763825155	-0.6856340534262438	0.0036490136	0.5830427	1.0	1.0	degenerated	True	pain_ligand:FGF2
NP_stressed_degenerative	Endothelial cells	TNFSF13B	CD40	0.3426285	0.0	0.116641365	0.6417034736103508	1.0838767914547422	0.009680496	0.56049067	0.041928016040683684	1.0	degenerated	True	pain_ligand:TNF
NP_stressed_degenerative	Endothelial cells	TNFSF13B	HLA-DPB1	0.39325315	0.0	0.14855403	0.5942271269181594	1.0587098321052701	0.0035191914	0.5900268	0.10350413227990742	1.0	degenerated	True	pain_ligand:TNF
NP_stressed_degenerative	Endothelial cells	VEGFA	ITGA9	0.49909782	0.0	0.22624654	0.9068059266893509	0.6958233997529981	0.031018168	0.6397812	0.00630591571992331	1.0	degenerated	True	pain_ligand:VEGFA
AF_outer	NP_stressed_degenerative	VEGFA	SIRPA	0.46805567	1.0	0.1822941	-0.09962018103761178	-0.01810704968931326	0.0035349666	0.61453426	1.0	1.0	degenerated	True	pain_ligand:VEGFA
AF_outer	Naive B cells	VEGFA	ITGB1	0.493565	1.0	0.21595834	-0.5877109583000011	-1.0587423608826052	0.0009865445	0.6344011	1.0	1.0	degenerated	True	pain_ligand:VEGFA
AF_outer	Plasma cells	ADAM17	IL6R	0.49412227	0.0	0.17650811	0.38926705243378634	0.5687030157064761	0.008579767	0.61070704	0.06616357967342812	1.0	degenerated	True	pain_receptor:IL6R
NP_stressed_degenerative	Fibroblasts	VEGFA	EGFR	0.42057908	0.74	0.12413024	-0.05287488694892136	0.2712883811461858	0.00893949	0.56814027	1.0	1.0	degenerated	True	pain_ligand:VEGFA
NP_stressed_degenerative	Fibroblasts	VEGFA	GPC1	0.4552126	0.79	0.16917232	-0.11379984016664374	0.27139720662979394	0.007588186	0.60564935	1.0	1.0	degenerated	True	pain_ligand:VEGFA
NP_stressed_degenerative	Fibroblasts	VEGFA	ITGB3	0.40396982	0.84	0.10252935	0.48563357204941354	0.4280186907154099	0.013615876	0.5445506	0.47465507524131784	1.0	degenerated	True	pain_ligand:VEGFA
NP_stressed_degenerative	Fibroblasts	VEGFA	SIRPA	0.4288382	0.84	0.13487151	-0.16031356185362067	0.11457029803082036	0.002615369	0.57829136	1.0	1.0	degenerated	True	pain_ligand:VEGFA
NP_stressed_degenerative	Fibroblasts	VEGFA	TYRO3	0.40396982	0.86	0.10252935	0.17714143849402741	0.3874897234438492	0.015422143	0.5445506	1.0	1.0	degenerated	True	pain_ligand:VEGFA
AF_outer	Plasma cells	CXCL8	SDC1	0.5777126	0.0	0.20235361	1.516380862854153	-0.12758217050516008	0.00954041	0.6268227	0.41429350553997596	1.0	degenerated	True	pain_ligand:CXCL8
NP_stressed_degenerative	Fibroblasts	TNFSF13B	HLA-DPB1	0.3465442	0.04	0.11910972	0.5108678690189429	0.7917553021837054	0.0028216664	0.5630684	0.9098551023665541	1.0	degenerated	True	pain_ligand:TNF
NP_stressed_degenerative	Fibroblasts	TNFSF13B	TFRC	0.3189386	0.42	0.10170777	0.22761921325746173	0.2965828602537558	0.003448932	0.54355276	0.8989950689581505	1.0	degenerated	True	pain_ligand:TNF
NP_mature_chondrocyte	Tem/Effector helper T cells	NGF	BEX3	0.4451477	0.98	0.19540071	-0.0519460506250764	-0.0819295260782062	0.013127916	0.62272435	1.0	1.0	degenerated	True	pain_ligand:NGF
AF_outer	Endothelial cells	ANGPT1	ITGA5	0.4230705	0.0	0.1089077	0.2596938493135587	0.46084798890850365	0.01025963	0.5520241	0.10099015725222237	1.0	degenerated	True	pain_ligand:ANGPT1
AF_outer	Endothelial cells	ANGPT1	TIE1	0.4175458	0.0	0.10715811	2.9252239964294366	0.978697631259913	0.07048101	0.5500207	0.004999802720543003	1.0	degenerated	True	pain_ligand:ANGPT1
NP_stressed_degenerative	Macrophages	GRN	TNFRSF1A	0.48703015	1.0	0.22552904	-0.2521172051909707	-0.07024272803752185	0.002577061	0.6394151	1.0	1.0	degenerated	True	pain_receptor:TNFRSF1A
AF_outer	Plasma cells	PTGS2	CAV1	0.4658568	1.0	0.21685724	-0.5108059791677395	-1.2136876521727207	0.0012983897	0.6348826	1.0	1.0	degenerated	True	pain_ligand:PTGS2
AF_outer	Plasma cells	TNFSF12	TNFRSF12A	0.33579928	1.0	0.11042779	-0.3123852260904115	-0.45913964376830974	0.0027980108	0.5537373	1.0	1.0	degenerated	True	pain_ligand:TNF
AF_outer	Plasma cells	VEGFA	ITGB1	0.4926686	1.0	0.21477538	-0.5885615260556595	-1.1190812496959994	0.0009811405	0.63376385	1.0	1.0	degenerated	True	pain_ligand:VEGFA
NP_stressed_degenerative	Macrophages	TNFSF13B	CD40	0.3505754	0.0	0.12165089	0.6597772621553963	1.0128632110825238	0.010096255	0.56566346	0.035304633384478465	1.0	degenerated	True	pain_ligand:TNF
NP_mature_chondrocyte	Tcm/Naive helper T cells	TNFSF10	TNFRSF10B	0.35542047	0.0	0.116705015	0.22655246411918878	0.40712465662299985	0.007963927	0.5605579	0.13452359400576805	1.0	degenerated	True	pain_ligand:TNF
NP_mature_chondrocyte	Tcm/Naive helper T cells	NGF	KIDINS220	0.44306907	0.0	0.19333187	0.34373655288865096	0.5964157794236584	0.014137278	0.6214732	0.04717847337114656	1.0	degenerated	True	pain_ligand:NGF
NP_stressed_degenerative	Mast cells	TNFSF13B	HLA-DPB1	0.35339335	0.0	0.12342728	0.5230912453979847	1.3455147641061085	0.0029239478	0.5674434	0.1480013277997859	1.0	degenerated	True	pain_ligand:TNF
NP_stressed_degenerative	Mast cells	VEGFA	CD44	0.8569734	0.82	0.6916759	-0.10438652563339931	0.8136015322668548	0.0023953796	0.7564217	1.0	1.0	degenerated	True	pain_ligand:VEGFA
AF_outer	DC	SEMA3E	NRP2	0.43686542	0.53	0.14702879	-0.015564095118484802	-0.04734073465278171	0.014717805	0.588778	0.9674296489038264	1.0	degenerated	True	pain_receptor:NRP2
AF_outer	DC	RARRES1	NRP2	0.41159385	0.38	0.11436765	0.06962334098093365	0.2426386079883293	0.033645004	0.5580646	0.7460602691642224	1.0	degenerated	True	pain_receptor:NRP2
AF_outer	DC	SEMA3A	NRP2	0.46588582	0.52	0.184535	-0.008277907138166054	-0.030568133965558075	0.0152147915	0.6159803	0.9526661544703546	1.0	degenerated	True	pain_ligand:SEMA3A; pain_receptor:NRP2
AF_outer	DC	SEMA3C	NRP2_PLXNA1	0.43537325	0.0	0.14542758	0.36749964906452304	0.7639237156540943	0.06471359	0.5874517	0.03829680008116474	1.0	degenerated	True	pain_receptor:NRP2
AF_outer	Small pre-B cells	PDGFC	FLT1	0.35051793	0.23	0.12168349	0.19018043094373924	0.28497482679546254	0.008659221	0.56569636	0.5229830666060786	1.0	degenerated	True	pain_receptor:FLT1
AF_outer	Small pre-B cells	PIGF	FLT1	0.32408994	0.16	0.101341374	0.2329618829834668	0.36696429381079043	0.016038056	0.543105	0.4130290097656548	1.0	degenerated	True	pain_receptor:FLT1
AF_outer	Small pre-B cells	TNFSF12	TNFRSF12A	0.38256392	0.93	0.13731691	-0.26723098244505056	-0.2533837762344959	0.0034793254	0.5804808	1.0	1.0	degenerated	True	pain_ligand:TNF
AF_outer	Small pre-B cells	TNFSF9	HLA-DPA1	0.55755574	0.01	0.14811288	0.9516870578924455	0.9964093891217845	0.0030755736	0.5896671	0.224558311336622	1.0	degenerated	True	pain_ligand:TNF
NP_mature_chondrocyte	Small pre-B cells	TNFSF9	HLA-DPA1	0.54704916	0.01	0.1279196	0.9298011499195122	0.9293508975268809	0.0026562584	0.5718254	0.2936068976177017	1.0	degenerated	True	pain_ligand:TNF
NP_stressed_degenerative	NK cells	VEGFA	EGFR	0.5021953	0.37	0.23027489	0.12813742509930454	0.545829237505375	0.016583713	0.6418123	0.7316060155068799	1.0	degenerated	True	pain_ligand:VEGFA
NP_stressed_degenerative	NK cells	VEGFA	GPC1	0.45214036	1.0	0.16517676	-0.1190114293951694	0.2711828876433808	0.007408966	0.6027915	1.0	1.0	degenerated	True	pain_ligand:VEGFA
NP_mature_chondrocyte	Small pre-B cells	PDGFC	FLT1	0.44337505	0.09	0.19315733	0.34029918308944074	0.4093854026199021	0.013745432	0.621367	0.29853358658725165	1.0	degenerated	True	pain_receptor:FLT1
AF_outer	DC	GRN	TNFRSF1A	0.58827776	0.89	0.20224206	-0.16081305667941548	-0.29829173331165865	0.0023109668	0.6267582	1.0	1.0	degenerated	True	pain_receptor:TNFRSF1A
AF_outer	DC	FGF2	FGFRL1	0.50503516	0.92	0.22339776	-0.1348932942562061	-0.17369753989569253	0.012152576	0.6383198	1.0	1.0	degenerated	True	pain_ligand:FGF2
AF_outer	DC	FGF2	SDC4	0.44253826	0.98	0.13803001	-0.2541917730618128	-0.43312925064994123	0.0067950934	0.58111143	1.0	1.0	degenerated	True	pain_ligand:FGF2
AF_outer	DC	CXCL8	SDC2	0.55239606	0.93	0.19145617	-0.14490888264476737	-1.2977905399239078	0.0011975004	0.6203258	1.0	1.0	degenerated	True	pain_ligand:CXCL8
AF_outer	DC	CXCL8	SDC3	0.4067456	0.0	0.12876132	0.687606459285868	-0.614982985552521	0.0055429325	0.57262814	0.7017832258545154	1.0	degenerated	True	pain_ligand:CXCL8
AF_outer	Tem/Effector helper T cells	ANGPT1	ITGB1	0.5166293	0.98	0.13853635	-0.1831839707166587	0.011019011584506022	0.004792534	0.581557	1.0	1.0	degenerated	True	pain_ligand:ANGPT1
NP_mature_chondrocyte	Plasma cells	NGF	MAGED1	0.5009831	0.09	0.25097293	0.2952020132627142	0.5218614892890494	0.034493193	0.65164423	0.29853358658725165	1.0	degenerated	True	pain_ligand:NGF
NP_stressed_degenerative	NP_notochordal	GRN	TNFRSF1A	0.5155088	1.0	0.25942174	-0.2173510775586326	0.13390001274222607	0.0029643439	0.6553927	1.0	1.0	degenerated	True	pain_receptor:TNFRSF1A
NP_stressed_degenerative	NP_mature_chondrocyte	VEGFA	GPC1	0.48213142	1.0	0.20418115	-0.068136188362129	0.26789863776958744	0.009158499	0.62787366	1.0	1.0	degenerated	True	pain_ligand:VEGFA
NP_stressed_degenerative	NP_mature_chondrocyte	VEGFA	NRP2	0.86369395	0.0	0.7004162	0.16688775718040877	0.5836947804533673	0.0093764	0.75757664	0.22344884471402598	1.0	degenerated	True	pain_ligand:VEGFA; pain_receptor:NRP2
NP_stressed_degenerative	NP_mature_chondrocyte	VEGFA	SIRPA	0.44888046	1.0	0.16093716	-0.12770072900192894	0.1506374728466116	0.0031208226	0.59967446	1.0	1.0	degenerated	True	pain_ligand:VEGFA
NP_stressed_degenerative	NP_notochordal	ADAM10	IL6R	0.51162356	0.0	0.20579241	0.3772318381287384	0.8946576573741788	0.0038389217	0.6287915	0.35540845188758036	1.0	degenerated	True	pain_receptor:IL6R
NP_mature_chondrocyte	Plasma cells	NGF	KIDINS220	0.3936484	0.04	0.14414415	0.2765961572500483	0.2567647184497232	0.010540456	0.5863772	0.19940486760830795	1.0	degenerated	True	pain_ligand:NGF
NP_stressed_degenerative	NP_stressed_degenerative	VEGFA	SIRPA	0.4632681	1.0	0.17964879	-0.10428904119720564	0.5714785108658835	0.0034836698	0.6128015	1.0	1.0	degenerated	True	pain_ligand:VEGFA
AF_outer	DC	ANGPT1	ITGB1	0.4553023	0.99	0.11911504	-0.24137573457203104	-0.4372487511340656	0.0041206717	0.5630739	1.0	1.0	degenerated	True	pain_ligand:ANGPT1
NP_mature_chondrocyte	Plasma cells	ADAM10	IL6R	0.44805542	0.02	0.1070194	0.27087003120094316	0.304636033648715	0.0019963766	0.5498605	0.9130694690029543	1.0	degenerated	True	pain_receptor:IL6R
NP_mature_chondrocyte	Plasma cells	ADAM17	IL6R	0.4803934	0.0	0.15579909	0.3636151690962782	0.5197452109637951	0.007573136	0.5957736	0.10527968733835644	1.0	degenerated	True	pain_receptor:IL6R
NP_stressed_degenerative	Naive B cells	VEGFA	ITGB1	0.48877743	1.0	0.21282451	-0.5923798184595949	-0.46915680032740825	0.0009722285	0.63270426	1.0	1.0	degenerated	True	pain_ligand:VEGFA
NP_stressed_degenerative	Plasma cells	ADAM10	IL6R	0.5146338	0.0	0.20744835	0.38166459500628686	0.8400174146358734	0.0038698122	0.62972635	0.3469678678976355	1.0	degenerated	True	pain_receptor:IL6R
AF_outer	DC	ADAM10	IL6R	0.49600583	0.01	0.21050632	0.3573461114069967	0.3199292768692223	0.0039268564	0.63143075	0.6915611254148938	1.0	degenerated	True	pain_receptor:IL6R
AF_outer	DC	ADAM17	IL6R	0.45924494	0.01	0.16018352	0.3379075900156823	0.33155826963315566	0.0077862553	0.5991109	0.11458311243323929	1.0	degenerated	True	pain_receptor:IL6R
NP_stressed_degenerative	Plasma cells	TNFSF13B	CD40	0.39807224	0.0	0.15159187	0.7678008072290581	1.087443052279473	0.012581167	0.5924729	0.013533026720485505	1.0	degenerated	True	pain_ligand:TNF
NP_stressed_degenerative	Plasma cells	TNFSF13B	TFRC	0.49554318	0.05	0.21303537	0.43483288095828604	0.8250839581107869	0.0072240746	0.6328193	0.2207665811323996	1.0	degenerated	True	pain_ligand:TNF
NP_stressed_degenerative	Plasma cells	VEGFA	ITGB1	0.48788103	1.0	0.21165872	-0.5932303862152533	-0.5294956891408026	0.000966903	0.6320658	1.0	1.0	degenerated	True	pain_ligand:VEGFA
AF_outer	Tem/Temra cytotoxic T cells	VEGFA	ITGB1	0.495564	1.0	0.21859641	-0.5858141297775569	-0.9332812000412454	0.0009985958	0.635808	1.0	1.0	degenerated	True	pain_ligand:VEGFA
AF_outer	Classical monocytes	PTGS2	CAV1	0.42357463	1.0	0.17637506	-0.5503573551008581	-1.0961707954067648	0.0010560107	0.6106174	1.0	1.0	degenerated	True	pain_ligand:PTGS2
AF_outer	Classical monocytes	RARRES1	NRP2	0.4509798	0.27	0.128309	0.11575742948549908	0.6771308003627021	0.037746314	0.57219744	0.5808333094336244	1.0	degenerated	True	pain_receptor:NRP2
AF_outer	Classical monocytes	SEMA3A	NRP2	0.5052718	0.32	0.2070297	0.03785618136639938	0.4039240584088148	0.017069466	0.6294908	0.6572501064640391	1.0	degenerated	True	pain_ligand:SEMA3A; pain_receptor:NRP2
AF_outer	Classical monocytes	SEMA3E	NRP2	0.47625136	0.33	0.16495152	0.030569993386080633	0.38715145772159115	0.016511898	0.6026281	0.673360931494747	1.0	degenerated	True	pain_receptor:NRP2
AF_outer	Tem/Trm cytotoxic T cells	ANGPT1	ITGB1	0.41098225	1.0	0.10507954	-0.2834300929268021	-0.15047746479569424	0.003635127	0.54759556	1.0	1.0	degenerated	True	pain_ligand:ANGPT1
NP_stressed_degenerative	Tcm/Naive helper T cells	CXCL2	DPP4	0.4882926	0.0	0.19631635	0.5227036518461528	1.4549123604448004	0.019496301	0.6232734	0.009945436771551387	1.0	degenerated	True	pain_ligand:CXCL2
AF_outer	Classical monocytes	PDGFC	FLT1	0.33085093	0.25	0.109247	0.15426702913271995	0.48385099423416617	0.0077742175	0.5524087	0.5521233618152372	1.0	degenerated	True	pain_receptor:FLT1
NP_stressed_degenerative	Tcm/Naive helper T cells	TNFSF13B	TFRC	0.31784505	0.55	0.10101843	0.22633615905023932	0.6104913111577236	0.0034255565	0.542709	0.9996263215043861	1.0	degenerated	True	pain_ligand:TNF
NP_stressed_degenerative	Small pre-B cells	TNFSF13B	TFRC	0.42259276	0.29	0.16704907	0.3492387368830629	0.8885064134100926	0.0056646694	0.60414004	0.611656462744215	1.0	degenerated	True	pain_ligand:TNF
NP_mature_chondrocyte	NP_stressed_degenerative	TNFSF10	TNFRSF10B	0.37604493	0.0	0.13541122	0.26035527588934376	0.6763280539719007	0.0092404345	0.5787782	0.10047523079404146	1.0	degenerated	True	pain_ligand:TNF
AF_outer	Classical monocytes	FGF2	FGFR1	0.5105854	0.95	0.23097913	-0.27141374944410257	-0.1571723179199308	0.007344671	0.6421632	1.0	1.0	degenerated	True	pain_ligand:FGF2
NP_mature_chondrocyte	NP_stressed_degenerative	NGF	KIDINS220	0.44665748	0.0	0.19690336	0.34861150180587835	0.7997907747881949	0.014398442	0.62362385	0.045359067564207795	1.0	degenerated	True	pain_ligand:NGF
CD16+ NK cells	AF_inner	ADAM10	IL6R	0.49895644	0.0	0.21336581	0.39809171446937863	0.6432329730763271	0.003980198	0.63299936	0.31355014872084486	1.0	degenerated	True	pain_receptor:IL6R
NP_stressed_degenerative	Tem/Temra cytotoxic T cells	TNFSF13B	HLA-DPB1	0.4843502	0.0	0.20597959	0.75680359566513	1.380417218227596	0.004879582	0.62889755	0.10350413227990742	1.0	degenerated	True	pain_ligand:TNF
NP_stressed_degenerative	Tem/Temra cytotoxic T cells	VEGFA	CD44	0.86527073	0.86	0.70246685	-0.09621045295949643	0.556335907279675	0.00243275	0.75784504	1.0	1.0	degenerated	True	pain_ligand:VEGFA
NP_stressed_degenerative	Tem/Temra cytotoxic T cells	VEGFA	ITGB1	0.49077645	1.0	0.2154243	-0.5904829899371506	-0.34369563948604853	0.0009841049	0.6341139	1.0	1.0	degenerated	True	pain_ligand:VEGFA
CD16+ NK cells	AF_inner	TNF	TNFRSF1A	0.35403347	0.02	0.12238547	0.38152552244404025	0.36742946408017263	0.0030306014	0.5664028	0.9130694690029543	1.0	degenerated	True	pain_ligand:TNF; pain_receptor:TNFRSF1A
NP_mature_chondrocyte	NP_stressed_degenerative	ADAM10	IL6R	0.55117583	0.0	0.13628393	0.4227222163650103	0.9172501462660225	0.0025422869	0.5795612	0.2698683529217163	1.0	degenerated	True	pain_receptor:IL6R
NP_mature_chondrocyte	NP_stressed_degenerative	ADAM17	IL6R	0.58351386	0.0	0.19840246	0.5154673542603454	1.1323593235811027	0.009644015	0.62451357	0.042584099623917515	1.0	degenerated	True	pain_receptor:IL6R
NP_stressed_degenerative	Tem/Trm cytotoxic T cells	TNFSF13B	HLA-DPB1	0.41840094	0.0	0.16440661	0.6391072002993881	1.2528070682599781	0.0038947335	0.6022318	0.10350413227990742	1.0	degenerated	True	pain_ligand:TNF
NP_stressed_degenerative	Tem/Trm cytotoxic T cells	TNFSF13B	TFRC	0.4716674	0.0	0.19798464	0.406818971732501	0.9994498398970624	0.006713701	0.6242663	0.1602856670500489	1.0	degenerated	True	pain_ligand:TNF
AF_outer	Classical monocytes	ADAM10	IL6R	0.32287288	0.29	0.10401211	0.10239523378795604	0.23195963462391384	0.0019402772	0.54633063	1.0	1.0	degenerated	True	pain_receptor:IL6R
NP_mature_chondrocyte	NP_notochordal	TNFSF10	TNFRSF10A	0.43549597	0.0	0.18933277	0.7866753489458931	0.9765717540369152	0.018972501	0.6190116	0.005963467576966869	1.0	degenerated	True	pain_ligand:TNF
CD16+ NK cells	AF_mechanical_stress	TNF	VSIR	0.36223644	0.0	0.127302	0.5521384941057491	0.5312626215374444	0.0025412582	0.57123286	0.27854325430060717	1.0	degenerated	True	pain_ligand:TNF
Naive B cells	AF_inner	ADAM17	IL6R	0.4133407	0.0	0.16023289	0.3261994590235961	0.43085191191425304	0.007788655	0.5991479	0.09530544433804482	1.0	degenerated	True	pain_receptor:IL6R
Naive B cells	AF_inner	GRN	TNFRSF1A	0.38144553	1.0	0.14477488	-0.3601544860228896	-0.45196418189539955	0.0016543044	0.5869065	1.0	1.0	degenerated	True	pain_receptor:TNFRSF1A
NP_mature_chondrocyte	NP_notochordal	ADAM10	IL6R	0.44504517	0.0	0.106165126	0.2664372743233947	0.35927627638702037	0.0019804407	0.5488685	0.6842302258350567	1.0	degenerated	True	pain_receptor:IL6R
NP_mature_chondrocyte	NP_notochordal	ADAM17	IL6R	0.4773832	0.0	0.15455544	0.35918241221872976	0.5743854537021005	0.007512684	0.59480816	0.10822773887203069	1.0	degenerated	True	pain_receptor:IL6R
Naive B cells	AF_inner	TNF	TNFRSF1A	0.46226692	0.02	0.2107876	0.7747603505082946	0.520628753711987	0.0052196817	0.6315861	0.33848914976687106	1.0	degenerated	True	pain_ligand:TNF; pain_receptor:TNFRSF1A
Naive B cells	AF_inner	TNF	VSIR	0.36873817	0.0	0.11423834	0.8065550108583589	0.46853534862722235	0.0022804756	0.55792505	0.388664516062786	1.0	degenerated	True	pain_ligand:TNF
Naive B cells	AF_inner	VEGFA	CD44	0.48936573	1.0	0.21159184	-0.4649602115203417	-0.8211669363148253	0.0007327749	0.63202906	1.0	1.0	degenerated	True	pain_ligand:VEGFA
Naive B cells	AF_inner	VEGFA	ITGAV	0.40865737	0.95	0.15955566	-0.25213213881654245	-0.460014967972032	0.0023956303	0.5986392	1.0	1.0	degenerated	True	pain_ligand:VEGFA
Naive B cells	AF_inner	VEGFA	NRP2	0.4541538	0.99	0.18888918	-0.28067511110744614	-0.4951811644761317	0.00252864	0.6187349	1.0	1.0	degenerated	True	pain_ligand:VEGFA; pain_receptor:NRP2
NP_mature_chondrocyte	NP_mature_chondrocyte	VEGFB	ADRB2	0.37758303	1.0	0.13916937	0.03812491648365007	-0.16092206698798633	0.0053924015	0.5821116	1.0	1.0	degenerated	True	pain_ligand:VEGFB
CD16+ NK cells	AF_outer	TNF	TNFRSF1A	0.46369213	0.0	0.18811062	0.5153941286153908	0.5494836146187578	0.0046581374	0.6182476	0.2513130868018315	1.0	degenerated	True	pain_ligand:TNF; pain_receptor:TNFRSF1A
NP_mature_chondrocyte	NP_mature_chondrocyte	TNFSF10	RIPK1	0.35995662	0.0	0.12081923	0.32618180742240915	0.351415165593405	0.011647714	0.5648205	0.09424873197232787	1.0	degenerated	True	pain_ligand:TNF
NP_mature_chondrocyte	NP_mature_chondrocyte	TNFSF10	TNFRSF10B	0.35810876	0.0	0.11914324	0.23095837228259464	0.19910181794094373	0.008130312	0.56310296	0.25371613972806395	1.0	degenerated	True	pain_ligand:TNF
NP_mature_chondrocyte	NP_mature_chondrocyte	TNFSF10	TNFRSF10D	0.44358978	0.0	0.19667377	0.32427956458093576	0.36341537347506053	0.017694678	0.62348694	0.08736966028176654	1.0	degenerated	True	pain_ligand:TNF
CD16+ NK cells	Classical monocytes	ADAM10	IL6R	0.51290476	0.06	0.23254791	0.4186316452042008	0.9466143607428644	0.004338028	0.6429406	0.5504204927302425	1.0	degenerated	True	pain_receptor:IL6R
CD16+ NK cells	DC	CXCL8	SDC3	0.5010819	0.0	0.24163802	0.770028737658845	0.2414547490919492	0.010402062	0.6473297	0.1953150631698062	1.0	degenerated	True	pain_ligand:CXCL8
NP_mature_chondrocyte	NP_mature_chondrocyte	NGF	KIDINS220	0.4332539	0.0	0.18356298	0.33040208321141334	0.2828030280756296	0.013422933	0.61535555	0.14908168209014436	1.0	degenerated	True	pain_ligand:NGF
NP_mature_chondrocyte	NP_mature_chondrocyte	NGF	SORT1	0.3910132	0.0	0.1415214	0.4105482593920227	0.42397589481373044	0.023473931	0.5841485	0.05639057020821063	1.0	degenerated	True	pain_ligand:NGF
NP_mature_chondrocyte	NP_mature_chondrocyte	PDGFC	FLT1	0.50610083	0.0	0.25612032	0.4548410723332358	0.5108616879327084	0.018225996	0.653945	0.02877670505767508	1.0	degenerated	True	pain_receptor:FLT1
NP_mature_chondrocyte	NP_mature_chondrocyte	PIGF	FLT1	0.36260837	0.0	0.10966883	0.2982244151385224	0.3123061763031135	0.017355941	0.55288506	0.12206878691207645	1.0	degenerated	True	pain_receptor:FLT1
AF_outer	CD16+ NK cells	ANGPT1	ITGB1	0.41108257	1.0	0.105111316	-0.28333489903227466	-0.10735987494328103	0.0036362263	0.54763305	1.0	1.0	degenerated	True	pain_ligand:ANGPT1
Naive B cells	AF_mechanical_stress	TNF	TRADD	0.3810549	0.0	0.12695284	0.960342992002451	0.8588248095797445	0.009048044	0.57089645	0.05428541794335682	1.0	degenerated	True	pain_ligand:TNF
Naive B cells	AF_mechanical_stress	TNF	VSIR	0.47046986	0.0	0.21925545	0.9453733221700035	0.6844619111692588	0.0043768734	0.63615644	0.11609384610151294	1.0	degenerated	True	pain_ligand:TNF
Naive B cells	AF_mechanical_stress	TNFSF9	HLA-DPA1	0.38618332	0.0	0.12433916	0.5189910219904041	0.7327132755465787	0.002581911	0.56834656	0.15188266176947174	1.0	degenerated	True	pain_ligand:TNF
Naive B cells	AF_mechanical_stress	VEGFA	GPC1	0.34262192	0.94	0.1169797	-0.18657230349511383	-0.37568473196164176	0.0052470975	0.56084746	1.0	1.0	degenerated	True	pain_ligand:VEGFA
Naive B cells	AF_mechanical_stress	VEGFA	ITGAV	0.42784473	0.94	0.17192657	-0.22667046091745752	-0.4580610984920709	0.002581372	0.60757625	1.0	1.0	degenerated	True	pain_ligand:VEGFA
CD16+ NK cells	DC	TNF	VSIR	0.36286902	0.05	0.12768117	0.5530017906304289	0.6048473733640981	0.002548827	0.57159704	0.9928320197525694	1.0	degenerated	True	pain_ligand:TNF
AF_outer	AF_outer	VEGFA	EGFR	0.44832498	1.0	0.15625583	0.002712097483051623	-0.08231404236612369	0.011253079	0.596126	1.0	1.0	degenerated	True	pain_ligand:VEGFA
AF_outer	AF_outer	VEGFA	GPC1	0.5017226	1.0	0.22672376	-0.03835514567637797	-0.17048890890442409	0.010169643	0.6400239	1.0	1.0	degenerated	True	pain_ligand:VEGFA
AF_outer	AF_outer	VEGFA	SIRPA	0.49060056	1.0	0.21204622	-0.06293544063655196	-0.35347219429337484	0.0041119065	0.63227844	1.0	1.0	degenerated	True	pain_ligand:VEGFA
NP_mature_chondrocyte	NP_mature_chondrocyte	IL11	IL6R	0.3621422	0.0	0.10799537	0.2934729602332628	0.23238369109823942	0.00717706	0.55098367	0.2067776376039487	1.0	degenerated	True	pain_receptor:IL6R
Naive B cells	AF_outer	GRN	TNFRSF1A	0.4911042	0.96	0.2225239	-0.22628587985153903	-0.26991003135681435	0.002542722	0.63786715	1.0	1.0	degenerated	True	pain_receptor:TNFRSF1A
CD16+ NK cells	Endothelial cells	TNF	NOTCH1	0.42164552	0.0	0.16290952	1.379909796661741	1.2505743144351305	0.012468279	0.6011357	0.014030662686081299	1.0	degenerated	True	pain_ligand:TNF
CD16+ NK cells	Endothelial cells	TNF	TNFRSF1A	0.5089869	0.0	0.21525852	0.5706892052155893	0.7824655489606981	0.0053303945	0.6340246	0.11147882833636842	1.0	degenerated	True	pain_ligand:TNF; pain_receptor:TNFRSF1A
Naive B cells	AF_outer	TNF	TRADD	0.36661863	0.0	0.11205033	0.9279681232496256	0.87387669962402	0.007985929	0.55553883	0.08697609424388343	1.0	degenerated	True	pain_ligand:TNF
Naive B cells	AF_outer	TNF	VSIR	0.3762874	0.0	0.12203135	0.8168561509673335	0.3205469626788742	0.0024360432	0.56604695	0.7017832258545154	1.0	degenerated	True	pain_ligand:TNF
Naive B cells	AF_outer	VEGFA	NRP2	0.5019754	0.94	0.21972185	-0.22466008924624714	-0.36577422260883063	0.002941394	0.6364023	1.0	1.0	degenerated	True	pain_ligand:VEGFA; pain_receptor:NRP2
Naive B cells	AF_outer	VEGFA	SIRPA	0.3218654	0.94	0.10359708	-0.2274961594119063	-0.4699264985067877	0.002008909	0.5458351	1.0	1.0	degenerated	True	pain_ligand:VEGFA
CD16+ NK cells	Fibroblasts	NCAM1	ROBO1	0.4663329	0.0	0.20083776	1.2465295918497303	1.0961983191917213	0.22964264	0.6259429	0.005963467576966869	1.0	degenerated	True	pain_receptor:ROBO1
AF_outer	AF_outer	RARRES1	NRP2	0.42928144	0.0	0.12062848	0.0903414319784225	0.3026456474246871	0.035486836	0.56462634	0.4197582246970991	1.0	degenerated	True	pain_receptor:NRP2
AF_outer	AF_outer	SEMA3A	NRP2	0.4835734	0.0	0.194637	0.012440183859322806	0.029438905470799692	0.016047698	0.62226427	0.7017832258545154	1.0	degenerated	True	pain_ligand:SEMA3A; pain_receptor:NRP2
AF_outer	AF_outer	SEMA3E	NRP2	0.454553	0.0	0.1550776	0.0051539958790040585	0.012666304783576054	0.015523504	0.5952145	0.7017832258545154	1.0	degenerated	True	pain_receptor:NRP2
Naive B cells	AF_outer	VEGFA	GPC1	0.33298743	0.94	0.11076794	-0.20291586445173232	-0.28694321311783694	0.0049684704	0.55411726	1.0	1.0	degenerated	True	pain_ligand:VEGFA
Naive B cells	AF_outer	VEGFA	ITGAV	0.45185348	0.94	0.18740606	-0.1948114641132662	-0.25734612527488543	0.0028137872	0.6178047	1.0	1.0	degenerated	True	pain_ligand:VEGFA
CD16+ NK cells	Fibroblasts	TNF	FAS	0.35860947	0.0	0.12512814	0.832809994973081	0.8719359185405584	0.005907275	0.5691223	0.10350413227990742	1.0	degenerated	True	pain_ligand:TNF
CD16+ NK cells	Fibroblasts	TNF	TRADD	0.32412225	0.01	0.10445785	0.6821558474614418	0.7505124691622385	0.007444805	0.54686046	0.11458311243323929	1.0	degenerated	True	pain_ligand:TNF
CD16+ NK cells	Fibroblasts	TNF	TRAF2	0.33005744	0.0	0.10801516	1.4126285339233444	0.9653451914780399	0.028701914	0.5510064	0.005963467576966869	1.0	degenerated	True	pain_ligand:TNF
AF_outer	AF_outer	PDGFA	PDGFRA	0.42709082	0.0	0.106081925	0.11913816238509368	0.43100109159577543	0.012352396	0.5487714	0.33205098448106873	1.0	degenerated	True	pain_ligand:PDGFA
Naive B cells	CD16+ NK cells	TNFSF9	HLA-DPA1	0.44354108	0.0	0.18670522	0.6503330584735239	1.224384135981929	0.003876946	0.6173622	0.10350413227990742	1.0	degenerated	True	pain_ligand:TNF
Naive B cells	CD16+ NK cells	VEGFA	ITGB1	0.49309725	1.0	0.2139977	-0.5926065362681263	-0.6896448600536913	0.000977588	0.6333428	1.0	1.0	degenerated	True	pain_ligand:VEGFA
Naive B cells	Classical monocytes	ADAM17	IL6R	0.427289	0.11	0.17463821	0.34673938975841834	0.7342332995807903	0.008488874	0.60944027	0.33308060275297247	1.0	degenerated	True	pain_receptor:IL6R
CD16+ NK cells	Macrophages	CXCL8	SDC3	0.38675976	0.09	0.14928944	0.4159883847106138	0.1185664689666317	0.0064266296	0.5906239	0.4010022960067514	1.0	degenerated	True	pain_ligand:CXCL8
Naive B cells	Classical monocytes	VEGFA	CD44	0.50230646	0.98	0.21993527	-0.4522089465355217	-0.4597059391556433	0.0007616695	0.6365146	1.0	1.0	degenerated	True	pain_ligand:VEGFA
CD16+ NK cells	Macrophages	TNF	TNFRSF1A	0.33934307	0.34	0.1135806	0.3635918367069887	0.3895591598767887	0.0028125686	0.5572128	1.0	1.0	degenerated	True	pain_ligand:TNF; pain_receptor:TNFRSF1A
CD16+ NK cells	Mast cells	TNF	FAS	0.44256538	0.0	0.17544806	1.0296532569320858	1.5680063713510695	0.008282868	0.6099907	0.07557463536180525	1.0	degenerated	True	pain_ligand:TNF
NP_mature_chondrocyte	NK cells	TNFSF10	RIPK1	0.35277623	0.0	0.11430668	0.311398092001015	0.4095653670858796	0.011019864	0.55799884	0.06298058424045283	1.0	degenerated	True	pain_ligand:TNF
Naive B cells	Classical monocytes	VEGFA	SIRPA	0.48709372	0.71	0.21012697	0.04136518807022857	0.1653683580658567	0.0040746895	0.6312208	1.0	1.0	degenerated	True	pain_ligand:VEGFA
NP_mature_chondrocyte	NK cells	NGF	KIDINS220	0.43898845	0.01	0.18927048	0.33819278359492455	0.35999893938645705	0.013840292	0.6189727	0.11458311243323929	1.0	degenerated	True	pain_ligand:NGF
NP_mature_chondrocyte	NK cells	NGF	SORT1	0.41289353	0.0	0.16329858	0.4482872173167253	0.5152165392432142	0.027086083	0.6014216	0.02784915387327982	1.0	degenerated	True	pain_ligand:NGF
CD16+ NK cells	NP_mature_chondrocyte	ADAM10	IL6R	0.44879994	0.0	0.14438914	0.3242325677846461	0.48477669684813973	0.0026934838	0.5865831	0.4836750916220381	1.0	degenerated	True	pain_receptor:IL6R
Naive B cells	DC	TNF	TNFRSF1A	0.36258888	0.27	0.10789044	0.6530756483180693	0.36158330422927004	0.0026716646	0.55086344	1.0	1.0	degenerated	True	pain_ligand:TNF; pain_receptor:TNFRSF1A
AF_outer	AF_outer	FGF2	SDC2	0.84327877	0.0	0.68542194	0.020874609706148375	0.1079519514903684	0.017834632	0.75558394	0.6924513085665626	1.0	degenerated	True	pain_ligand:FGF2
Naive B cells	DC	VEGFA	ITGAV	0.37971288	0.93	0.14089388	-0.2905414961783217	-0.48483364826326836	0.0021154352	0.5836087	1.0	1.0	degenerated	True	pain_ligand:VEGFA
Naive B cells	DC	VEGFA	NRP2	0.48428783	0.95	0.20831789	-0.245378180243736	-0.4257812620451884	0.0027887302	0.63021386	1.0	1.0	degenerated	True	pain_ligand:VEGFA; pain_receptor:NRP2
CD16+ NK cells	NP_mature_chondrocyte	TNF	TNFRSF1A	0.40419978	0.0	0.15245321	0.4427676112070171	0.4289238510741227	0.0037751617	0.59315675	0.47319565288067406	1.0	degenerated	True	pain_ligand:TNF; pain_receptor:TNFRSF1A
Naive B cells	DC	TNF	VSIR	0.47110248	0.01	0.21990849	0.9462366186946832	0.7580466629959125	0.004389909	0.63650054	0.5347103790842168	1.0	degenerated	True	pain_ligand:TNF
Naive B cells	DC	TNFSF9	PVR	0.37561744	0.0	0.11285071	0.5280822748798711	0.8137277425642248	0.032549683	0.5564174	0.00955494846743718	1.0	degenerated	True	pain_ligand:TNF
CD16+ NK cells	NP_notochordal	TNF	TNFRSF1A	0.3678217	0.01	0.1306496	0.39835796433932685	0.5937019006565366	0.003235244	0.5744086	0.7703282833540853	1.0	degenerated	True	pain_ligand:TNF; pain_receptor:TNFRSF1A
CD16+ NK cells	NP_stressed_degenerative	TNF	TNFRSF1A	0.4970793	0.0	0.2081216	0.5561528049384539	1.2399596334923149	0.005153664	0.630104	0.12085606039018973	1.0	degenerated	True	pain_ligand:TNF; pain_receptor:TNFRSF1A
CD16+ NK cells	Naive B cells	TNF	VSIR	0.32904828	0.05	0.1074103	0.5068514959629339	0.7240110079836657	0.0021441712	0.5503117	0.9222041077536146	1.0	degenerated	True	pain_ligand:TNF
CD16+ NK cells	Plasma cells	TNF	TRADD	0.35956222	0.0	0.12569919	0.7616339409804486	0.9097426798430106	0.008958695	0.56968045	0.05651409824564956	1.0	degenerated	True	pain_ligand:TNF
CD16+ NK cells	Plasma cells	TNF	VSIR	0.42458838	0.01	0.16467334	0.6372210716341777	0.7657463988667671	0.003287281	0.602426	0.5816350370266382	1.0	degenerated	True	pain_ligand:TNF
NP_mature_chondrocyte	Memory B cells	TNFSF9	HLA-DPA1	0.8016957	0.0	0.19571309	1.5129093577087298	1.387974314250934	0.004063995	0.622912	0.05960447502633783	1.0	degenerated	True	pain_ligand:TNF
Naive B cells	Endothelial cells	VEGFA	NRP2	0.3820557	0.99	0.14240439	-0.36512608674174624	-0.6269977391218422	0.0019063528	0.58490384	1.0	1.0	degenerated	True	pain_ligand:VEGFA; pain_receptor:NRP2
Naive B cells	Endothelial cells	TNF	TRADD	0.37309068	0.0	0.118731424	0.9424823236371747	0.8480728647528923	0.008462096	0.562677	0.06978378002434638	1.0	degenerated	True	pain_ligand:TNF
Naive B cells	Endothelial cells	TNF	VSIR	0.38896933	0.0	0.13512285	0.8341615245648545	0.5893943537051193	0.0026973814	0.5785184	0.20287055190011308	1.0	degenerated	True	pain_ligand:TNF
Naive B cells	Endothelial cells	TNFSF9	HLA-DPA1	0.47045386	0.0	0.21596795	0.7119599968233541	1.0502257049704766	0.0044845883	0.63440627	0.10350413227990742	1.0	degenerated	True	pain_ligand:TNF
NP_mature_chondrocyte	Memory B cells	TNFSF10	TNFRSF10A	0.4740856	0.0	0.2243332	0.905453089700816	1.04713393553552	0.022479797	0.63880193	0.005963467576966869	1.0	degenerated	True	pain_ligand:TNF
Naive B cells	Endothelial cells	VEGFA	ITGA9	0.33515024	0.65	0.1121624	0.7469140680735904	-0.010216465015611631	0.015377349	0.5556623	0.6704806930062447	1.0	degenerated	True	pain_ligand:VEGFA
Naive B cells	Endothelial cells	VEGFA	ITGAV	0.3715425	1.0	0.1356261	-0.3013835047815844	-0.5212230773584522	0.0020363424	0.57897145	1.0	1.0	degenerated	True	pain_ligand:VEGFA
CD16+ NK cells	Tem/Temra cytotoxic T cells	TNF	FAS	0.403327	0.0	0.15193008	0.9376548437140158	1.2889390897077815	0.0071725897	0.5927419	0.10350413227990742	1.0	degenerated	True	pain_ligand:TNF
Naive B cells	Fibroblasts	TNF	TRADD	0.4323557	0.0	0.17991039	1.0753906755256961	0.9037117587940529	0.012822376	0.6129741	0.012469771299304102	1.0	degenerated	True	pain_ligand:TNF
NP_mature_chondrocyte	Mast cells	VEGFB	ADRB2	0.3534553	0.7	0.123762496	-0.004883055147364035	0.212777549324211	0.004795431	0.56777626	1.0	1.0	degenerated	True	pain_ligand:VEGFB
AF_outer	AF_mechanical_stress	VEGFA	SIRPA	0.42943832	1.0	0.13133138	-0.16245854980620777	-0.48306429080764496	0.0025467202	0.57504463	1.0	1.0	degenerated	True	pain_ligand:VEGFA
Naive B cells	Fibroblasts	TNF	FAS	0.4668429	0.0	0.21551135	1.2260448230373353	1.0251352081723728	0.010174249	0.63416076	0.03412945275825733	1.0	degenerated	True	pain_ligand:TNF
AF_outer	AF_mechanical_stress	VEGFA	GPC1	0.51135707	1.0	0.23943824	-0.022011584719759475	-0.2592304277482289	0.010739947	0.6462851	1.0	1.0	degenerated	True	pain_ligand:VEGFA
Naive B cells	Fibroblasts	TNF	TRAF2	0.43829086	0.0	0.18603723	1.8058633619875986	1.1185444811098542	0.049434032	0.6169388	0.005963467576966869	1.0	degenerated	True	pain_ligand:TNF
Naive B cells	Fibroblasts	TNFSF9	TRAF2	0.4520463	0.0	0.19595309	1.326981627752513	1.0156854253212124	0.08914581	0.62305593	0.005963467576966869	1.0	degenerated	True	pain_ligand:TNF
Naive B cells	Fibroblasts	VEGFA	ITGAV	0.36674488	0.96	0.13253284	-0.3077500667642275	-0.5864298120414797	0.0019898992	0.576157	1.0	1.0	degenerated	True	pain_ligand:VEGFA
NP_mature_chondrocyte	Macrophages	TNFSF10	TNFRSF10B	0.47904128	0.0	0.22882795	0.42916313932299194	0.4994048325092818	0.0156151755	0.6410874	0.031698742984574604	1.0	degenerated	True	pain_ligand:TNF
Naive B cells	Macrophages	GRN	TNFRSF1A	0.3667551	0.99	0.13435923	-0.37808817175994114	-0.4298344860987835	0.0015352875	0.5778272	1.0	1.0	degenerated	True	pain_receptor:TNFRSF1A
Classical monocytes	AF_inner	PDGFC	FLT1	0.32173514	0.31	0.103242554	0.135315612442752	0.44253534410703266	0.0073469304	0.54541016	0.6417227897853943	1.0	degenerated	True	pain_receptor:FLT1
Naive B cells	Macrophages	TNF	TNFRSF1A	0.4475765	0.08	0.19562274	0.756826664771243	0.5427584495086031	0.004844158	0.62285775	0.4146642648446187	1.0	degenerated	True	pain_ligand:TNF; pain_receptor:TNFRSF1A
Naive B cells	Macrophages	TNFSF9	TNFRSF9	0.43805534	0.0	0.18074046	1.1166627571231846	1.0450510140586395	0.04298563	0.61352	0.005963467576966869	1.0	degenerated	True	pain_ligand:TNF
AF_outer	AF_mechanical_stress	RARRES1	NRP2	0.5667484	0.0	0.16928734	0.2513610003794411	0.4108391199788803	0.04980144	0.60573053	0.10891364811500368	1.0	degenerated	True	pain_receptor:NRP2
Classical monocytes	AF_inner	SEMA3A	NRP2	0.44555816	0.62	0.17881618	-0.028160188569710566	0.11514499460304461	0.01474328	0.61225027	1.0	1.0	degenerated	True	pain_ligand:SEMA3A; pain_receptor:NRP2
NP_mature_chondrocyte	Macrophages	SEMA3A	NRP2	0.8403779	0.0	0.6957794	0.5210127342197931	0.6590106823939063	0.05736657	0.75696623	0.01014170011077294	1.0	degenerated	True	pain_ligand:SEMA3A; pain_receptor:NRP2
NP_mature_chondrocyte	Macrophages	NGF	MAGED1	0.37469763	0.59	0.12528272	0.1421353190456847	0.0834391572171636	0.017218594	0.56927365	1.0	1.0	degenerated	True	pain_ligand:NGF
NP_mature_chondrocyte	Macrophages	NGF	SORT1	0.47460842	0.0	0.22472255	0.554732325425943	0.7337543882384053	0.03727438	0.63900197	0.007521120303264345	1.0	degenerated	True	pain_ligand:NGF
NP_mature_chondrocyte	Macrophages	PDGFC	FLT1	0.41045132	0.0	0.1601091	0.2801780218843891	0.33528605840885867	0.011393659	0.59905505	0.10549670285482327	1.0	degenerated	True	pain_receptor:FLT1
Classical monocytes	AF_inner	VEGFA	SIRPA	0.51034814	0.63	0.20517695	-0.05871081649993877	0.16707210205783007	0.003978701	0.6284419	1.0	1.0	degenerated	True	pain_ligand:VEGFA
Naive B cells	Memory B cells	VEGFA	ITGB1	0.42411876	1.0	0.16952427	-0.6580586352687847	-0.7726647698016182	0.00077442365	0.6058975	1.0	1.0	degenerated	True	pain_ligand:VEGFA
AF_outer	AF_mechanical_stress	GRN	TNFRSF1A	0.8544421	0.0	0.71728355	0.16411453298706813	0.13523872265258774	0.0081962105	0.7597551	0.36668798850946255	1.0	degenerated	True	pain_receptor:TNFRSF1A
Naive B cells	NK cells	TNF	VSIR	0.39560026	0.01	0.14196792	0.8432097807761316	0.6436819232929483	0.0028340258	0.5845311	0.7703282833540853	1.0	degenerated	True	pain_ligand:TNF
Naive B cells	NK cells	TNFSF9	HLA-DPA1	0.39106065	0.0	0.12964237	0.5301595752108191	0.7937192445911647	0.0026920324	0.57346237	0.14191858804682977	1.0	degenerated	True	pain_ligand:TNF
Naive B cells	NK cells	VEGFA	EGFR	0.33824772	0.83	0.114159465	-0.03175443351645593	-0.16021062726323465	0.008221425	0.5578399	1.0	1.0	degenerated	True	pain_ligand:VEGFA
Naive B cells	NK cells	VEGFA	ITGAV	0.5172086	0.82	0.22954333	-0.10808441153773252	-0.18886373779264687	0.0034464526	0.6414464	1.0	1.0	degenerated	True	pain_ligand:VEGFA
AF_outer	AF_mechanical_stress	FGF2	FGFR2	0.41845816	0.0	0.10513782	0.04687856077349844	0.05062867985608041	0.029956106	0.5476642	0.5798940434349728	1.0	degenerated	True	pain_ligand:FGF2
AF_outer	AF_mechanical_stress	FGF2	FGFR3	0.43471974	0.0	0.1273503	0.07923320003509915	0.08196173305793031	0.030779634	0.5712793	0.4833179375011672	1.0	degenerated	True	pain_ligand:FGF2
Naive B cells	NP_mature_chondrocyte	ADAM17	IL6R	0.36318418	0.02	0.10843297	0.25234031233886356	0.2723956356860656	0.005270747	0.55148387	0.3286581722139534	1.0	degenerated	True	pain_receptor:IL6R
Naive B cells	NK cells	TNF	NOTCH1	0.37754822	0.0	0.1233329	1.2238243044996382	1.0458663619795732	0.009439284	0.5673495	0.04648055912696833	1.0	degenerated	True	pain_ligand:TNF
Classical monocytes	AF_mechanical_stress	TNFSF13B	CD40	0.6320794	0.0	0.19654217	1.5735285121340086	1.3192588270531147	0.016311757	0.6234083	0.005963467576966869	1.0	degenerated	True	pain_ligand:TNF
Classical monocytes	AF_mechanical_stress	VEGFA	NRP2	0.8509872	0.26	0.7130435	0.14267116488150489	0.419130622755286	0.009545441	0.7592136	0.565885135056991	1.0	degenerated	True	pain_ligand:VEGFA; pain_receptor:NRP2
Classical monocytes	AF_mechanical_stress	VEGFA	SIRPA	0.47224802	0.69	0.1483726	-0.12070758285482869	0.07719277778886563	0.002877176	0.589879	1.0	1.0	degenerated	True	pain_ligand:VEGFA
NP_mature_chondrocyte	Macrophages	ADAM10	IL6R	0.48943228	0.0	0.11876174	0.33180039281219476	0.19480212184149132	0.0022154218	0.5627085	1.0	1.0	degenerated	True	pain_receptor:IL6R
Naive B cells	NP_mature_chondrocyte	GRN	TNFRSF1A	0.43161184	1.0	0.18034327	-0.29891239725991275	-0.3904697949014495	0.0020607351	0.61325914	1.0	1.0	degenerated	True	pain_receptor:TNFRSF1A
NP_mature_chondrocyte	Macrophages	ADAM17	IL6R	0.5217703	0.0	0.17289361	0.4245455307075298	0.40991129915657143	0.008404071	0.6082447	0.07158215413513978	1.0	degenerated	True	pain_receptor:IL6R
NP_mature_chondrocyte	Fibroblasts	VEGFA	ITGB3	0.7273786	0.0	0.20451483	0.8010420238158367	0.40303913018867055	0.027159529	0.6280644	0.0653740097946106	1.0	degenerated	True	pain_ligand:VEGFA
NP_mature_chondrocyte	Fibroblasts	VEGFA	TYRO3	0.7273786	0.0	0.20451483	0.4925498902604505	0.36251016291710986	0.03076248	0.6280644	0.0879022303455043	1.0	degenerated	True	pain_ligand:VEGFA
NP_mature_chondrocyte	Fibroblasts	TNFSF10	TNFRSF11B	0.4010297	0.72	0.15807216	-0.022526270124100856	-0.4326885322653774	0.008370845	0.5975164	1.0	1.0	degenerated	True	pain_ligand:TNF
NP_mature_chondrocyte	Fibroblasts	TNFSF11	LGR4	0.34920228	0.0	0.11996637	0.709428616204324	0.5790785421022562	0.17029472	0.5639497	0.016942134686276793	1.0	degenerated	True	pain_ligand:TNF
NP_mature_chondrocyte	Fibroblasts	TNFSF11	TNFRSF11B	0.32665783	0.79	0.106225476	0.0069751404029822495	-0.4214582493645183	0.029577194	0.54893875	1.0	1.0	degenerated	True	pain_ligand:TNF
NP_mature_chondrocyte	Fibroblasts	TNFSF12	TNFRSF12A	0.55020535	0.75	0.14961034	-0.16670338803705947	-0.41066783734506324	0.003790815	0.5908835	1.0	1.0	degenerated	True	pain_ligand:TNF
Naive B cells	NP_mature_chondrocyte	TNF	TNFRSF1A	0.51243323	0.0	0.26257402	0.8360024392712714	0.5821231407059371	0.0065020565	0.6567554	0.1766571191678753	1.0	degenerated	True	pain_ligand:TNF; pain_receptor:TNFRSF1A
Naive B cells	NP_mature_chondrocyte	TNF	VSIR	0.4023628	0.0	0.14894886	0.8524375996164404	0.5353560228564943	0.0029733821	0.5903478	0.2727420038970389	1.0	degenerated	True	pain_ligand:TNF
Naive B cells	NP_notochordal	GRN	TNFRSF1A	0.39523375	1.0	0.15455085	-0.343322044127603	-0.22569174531903557	0.0017660119	0.5948046	1.0	1.0	degenerated	True	pain_receptor:TNFRSF1A
Naive B cells	NP_mature_chondrocyte	VEGFA	GPC1	0.31818384	0.94	0.10122342	-0.22802804697788948	-0.43814122699902225	0.004540353	0.5429606	1.0	1.0	degenerated	True	pain_ligand:VEGFA
Naive B cells	NP_mature_chondrocyte	VEGFA	ITGAV	0.45186853	0.94	0.18741576	-0.19479073047743387	-0.405950368522462	0.0028139327	0.6178108	1.0	1.0	degenerated	True	pain_ligand:VEGFA
Naive B cells	NP_notochordal	TNF	TNFRSF1A	0.47605515	0.0	0.2250211	0.7915927924035812	0.746901190288351	0.0055721425	0.6391551	0.10350413227990742	1.0	degenerated	True	pain_ligand:TNF; pain_receptor:TNFRSF1A
Classical monocytes	AF_outer	CXCL2	DPP4	0.51464987	0.01	0.2129761	0.5646159612063785	1.1603602418746408	0.021150792	0.632787	0.11458311243323929	1.0	degenerated	True	pain_ligand:CXCL2
NP_mature_chondrocyte	Fibroblasts	NGF	NGFR	0.50197566	0.0	0.2519608	2.164908567918617	1.0589274421193093	0.14678547	0.65209	0.005963467576966869	1.0	degenerated	True	pain_ligand:NGF; pain_receptor:NGFR
NP_mature_chondrocyte	Fibroblasts	NGF	SORT1	0.5056113	0.02	0.25557932	0.6082057398686612	0.5555750101503065	0.04239255	0.65370566	0.14989686201302985	1.0	degenerated	True	pain_ligand:NGF
Naive B cells	NP_notochordal	VEGFA	CD44	0.46347967	1.0	0.19490197	-0.4904679337889707	-0.6129505597678009	0.0006749753	0.6224241	1.0	1.0	degenerated	True	pain_ligand:VEGFA
Naive B cells	NP_notochordal	VEGFA	SIRPA	0.35651794	0.94	0.12593909	-0.17110870556514224	-0.15203515803626028	0.002442155	0.56991416	1.0	1.0	degenerated	True	pain_ligand:VEGFA
NP_mature_chondrocyte	Fibroblasts	NGF	MAGED1	0.45522362	0.31	0.20542912	0.2397383250190221	0.16790216429742488	0.02823375	0.6285852	0.6417227897853943	1.0	degenerated	True	pain_ligand:NGF
Classical monocytes	AF_outer	SEMA3A	NRP2	0.49337977	0.41	0.20800462	0.027854833291488426	0.24455193647034568	0.017149849	0.6300385	0.7928641345479516	1.0	degenerated	True	pain_ligand:SEMA3A; pain_receptor:NRP2
Naive B cells	Naive B cells	TNF	NOTCH1	0.41918886	0.0	0.16631833	1.373984669182864	1.2401906455186213	0.012729173	0.6036157	0.012835928002146365	1.0	degenerated	True	pain_ligand:TNF
Naive B cells	Naive B cells	TNF	VSIR	0.4372817	0.0	0.18499547	0.9000863240271882	0.8772102976154801	0.0036929604	0.6162751	0.10350413227990742	1.0	degenerated	True	pain_ligand:TNF
Classical monocytes	AF_outer	TNFSF13B	CD40	0.6068876	0.0	0.14199612	1.5162341299098459	1.2674566147577822	0.011784779	0.5845552	0.018442046627581372	1.0	degenerated	True	pain_ligand:TNF
AF_outer	AF_inner	VEGFA	SIRPA	0.46753845	1.0	0.18161151	-0.10046178345131784	-0.3931849665386805	0.0035217304	0.61408985	1.0	1.0	degenerated	True	pain_ligand:VEGFA
Naive B cells	Naive B cells	VEGFA	ITGB1	0.32482985	1.0	0.10550839	-0.7522716770753554	-1.175196665096018	0.00048198516	0.54810005	1.0	1.0	degenerated	True	pain_ligand:VEGFA
Classical monocytes	AF_outer	VEGFA	EGFR	0.4911347	0.52	0.17653117	0.0444630644344307	0.47794302623038687	0.01271325	0.61072254	0.9526661544703546	1.0	degenerated	True	pain_ligand:VEGFA
NP_mature_chondrocyte	Fibroblasts	FGF2	FGFR2	0.659701	0.0	0.18317299	0.31560334171085835	0.2970236618701457	0.052190058	0.6151038	0.13561674483028388	1.0	degenerated	True	pain_ligand:FGF2
NP_mature_chondrocyte	Fibroblasts	FGF2	FGFRL1	0.6633724	0.39	0.1917034	0.025476885578504305	-0.1573586388295457	0.01042844	0.62047774	1.0	1.0	degenerated	True	pain_ligand:FGF2
NP_mature_chondrocyte	Fibroblasts	FGF2	ITGB3	0.659701	0.0	0.18317299	0.8377455344877243	0.46693833042806243	0.06749923	0.6151038	0.041006717885189704	1.0	degenerated	True	pain_ligand:FGF2
Naive B cells	Plasma cells	TNF	TRADD	0.46779567	0.0	0.21649489	1.154868769044703	1.062941969474825	0.015429787	0.6346888	0.005963467576966869	1.0	degenerated	True	pain_ligand:TNF
Naive B cells	Plasma cells	VEGFA	ITGB1	0.32393345	1.0	0.104930446	-0.7531222448310138	-1.2355355539094122	0.00047934504	0.54741967	1.0	1.0	degenerated	True	pain_ligand:VEGFA
AF_outer	AF_inner	VEGFA	GPC1	0.48368484	1.0	0.20291968	-0.06895344116870045	-0.3110021640042071	0.009101915	0.62714934	1.0	1.0	degenerated	True	pain_ligand:VEGFA
Naive B cells	Small pre-B cells	VEGFA	ITGB1	0.4379596	1.0	0.17844808	-0.6449253710306297	-0.7695312610528129	0.0008151895	0.61200565	1.0	1.0	degenerated	True	pain_ligand:VEGFA
Classical monocytes	Classical monocytes	PDGFC	FLT1	0.3418603	0.33	0.11685502	0.17206557433563732	0.7399366954673864	0.008315618	0.5607161	0.673360931494747	1.0	degenerated	True	pain_receptor:FLT1
AF_outer	AF_inner	SEMA3A	NRP2	0.4357518	1.0	0.16732438	-0.043574838001876184	-0.09996803639650137	0.013795788	0.6043369	1.0	1.0	degenerated	True	pain_ligand:SEMA3A; pain_receptor:NRP2
AF_outer	AF_inner	SEMA3E	NRP2	0.4067314	1.0	0.13331619	-0.050861025982194934	-0.11674063708372501	0.013345153	0.5768764	1.0	1.0	degenerated	True	pain_receptor:NRP2
Naive B cells	Tcm/Naive helper T cells	VEGFA	ITGB1	0.4025756	1.0	0.15563446	-0.6785004506110336	-0.8556101690292437	0.000710972	0.59564626	1.0	1.0	degenerated	True	pain_ligand:VEGFA
AF_outer	AF_inner	RARRES1	NRP2	0.38145983	0.47	0.10370118	0.03432641011722351	0.17323870555738602	0.03050711	0.54595953	0.875492967772131	1.0	degenerated	True	pain_receptor:NRP2
Classical monocytes	Classical monocytes	SEMA3A	NRP2	0.5150781	0.38	0.22124846	0.053270830798565	0.6190370894083608	0.018241795	0.6372031	0.7460602691642224	1.0	degenerated	True	pain_ligand:SEMA3A; pain_receptor:NRP2
Naive B cells	Tcm/Naive helper T cells	TNF	FAS	0.38091314	0.0	0.12680647	1.0245736219411496	1.0526426764338401	0.005986509	0.5707552	0.10350413227990742	1.0	degenerated	True	pain_ligand:TNF
Naive B cells	Tcm/Naive helper T cells	TNF	SEMA4C	0.41792178	0.0	0.16501033	1.2202682581909563	1.3710979314156742	0.015141353	0.6026708	0.005963467576966869	1.0	degenerated	True	pain_ligand:TNF
NP_mature_chondrocyte	Fibroblasts	CCL28	ADRA2A	0.45648706	0.0	0.1617818	2.6467513705879724	0.7672962562645106	0.14785227	0.6003026	0.00416601308090997	1.0	degenerated	True	pain_ligand:CCL2
Classical monocytes	DC	CXCL2	DPP4	0.48277187	0.03	0.1656411	0.4997560955737427	0.8580727464765037	0.016449923	0.6031275	0.17072510535306712	1.0	degenerated	True	pain_ligand:CXCL2
Classical monocytes	DC	GRN	TNFRSF1A	0.45731735	0.89	0.14749268	-0.29797577579887746	-0.20383603664780198	0.00168536	0.58915925	1.0	1.0	degenerated	True	pain_receptor:TNFRSF1A
Naive B cells	Tem/Temra cytotoxic T cells	TNF	FAS	0.51156044	0.0	0.261673	1.3308896717782701	1.4421383793395959	0.012353532	0.65636784	0.014644901004646105	1.0	degenerated	True	pain_ligand:TNF
Naive B cells	Tem/Temra cytotoxic T cells	TNF	NOTCH1	0.40114072	0.0	0.14768732	1.3089012959103474	1.2158747739704823	0.011303249	0.5893189	0.02219479986064989	1.0	degenerated	True	pain_ligand:TNF
Naive B cells	Tem/Temra cytotoxic T cells	TNF	VSIR	0.39984053	0.0	0.14634512	0.8489958319832824	0.7105125343764488	0.0029214055	0.5882137	0.10350413227990742	1.0	degenerated	True	pain_ligand:TNF
Naive B cells	Tem/Temra cytotoxic T cells	TNFSF9	HLA-DPA1	0.49197537	0.0	0.23936863	0.7612414135826894	1.184499063451862	0.004970505	0.64625186	0.10350413227990742	1.0	degenerated	True	pain_ligand:TNF
Naive B cells	Tem/Temra cytotoxic T cells	VEGFA	ITGB1	0.32682887	1.0	0.10679724	-0.7503748485529111	-1.0497355042546581	0.00048787295	0.5496033	1.0	1.0	degenerated	True	pain_ligand:VEGFA
NP_mature_chondrocyte	Endothelial cells	TNFSF10	RIPK1	0.34691727	0.0	0.10899267	0.29933518278091875	0.3511980005466414	0.01050756	0.5521205	0.09452117290563075	1.0	degenerated	True	pain_ligand:TNF
NP_mature_chondrocyte	Endothelial cells	TNFSF10	TNFRSF10B	0.43110198	0.0	0.18534744	0.3505921232239727	0.42394028931979266	0.012648073	0.6164998	0.0564029138905916	1.0	degenerated	True	pain_ligand:TNF
NP_mature_chondrocyte	Endothelial cells	TNFSF10	TNFRSF10D	0.46018854	0.0	0.21172869	0.3495866387188412	0.4497275819778523	0.019049166	0.6321042	0.046769514963832075	1.0	degenerated	True	pain_ligand:TNF
Classical monocytes	DC	SEMA3A	NRP2	0.47569218	0.52	0.19720882	0.007136742293999566	0.1845448970339879	0.016259741	0.62380576	0.9526661544703546	1.0	degenerated	True	pain_ligand:SEMA3A; pain_receptor:NRP2
Naive B cells	Tem/Trm cytotoxic T cells	TNFSF9	HLA-DPA1	0.5113456	0.0	0.2604302	0.8055966796066315	1.328989566519771	0.00540785	0.65583074	0.10350413227990742	1.0	degenerated	True	pain_ligand:TNF
Naive B cells	Tem/Trm cytotoxic T cells	TNFSF9	TNFRSF9	0.5043745	0.0	0.2528504	1.4268177984230168	1.5275392399715002	0.06013559	0.65248966	0.0027948797509100677	1.0	degenerated	True	pain_ligand:TNF
Naive B cells	Tem/Trm cytotoxic T cells	VEGFA	ITGB1	0.4929969	1.0	0.213933	-0.5927017301626537	-0.7327624499061045	0.0009772924	0.6333077	1.0	1.0	degenerated	True	pain_ligand:VEGFA
NP_mature_chondrocyte	Endothelial cells	SEMA3C	NRP2_PLXNA2	0.3542702	0.0	0.12548406	0.5611850553103649	0.3231093516315515	0.05392642	0.5694705	0.1140367992046812	1.0	degenerated	True	pain_receptor:NRP2
NP_mature_chondrocyte	Endothelial cells	SEMA3E	NRP2	0.45814785	0.29	0.20963022	0.08046598013935417	0.06838875609789574	0.020984303	0.6309453	0.611656462744215	1.0	degenerated	True	pain_receptor:NRP2
AF_outer	AF_inner	FGF2	FGFR2	0.46546346	0.0	0.16934471	0.1627234018610539	0.20368073338805762	0.04825008	0.605771	0.2469220741365308	1.0	degenerated	True	pain_ligand:FGF2
NP_mature_chondrocyte	Endothelial cells	NGF	BEX3	0.48698783	1.0	0.2370436	-0.010138827876039813	-0.14326249902263982	0.015925677	0.6451354	1.0	1.0	degenerated	True	pain_ligand:NGF
NP_mature_chondrocyte	Endothelial cells	NGF	MAGED1	0.36758864	0.75	0.11820722	0.1335187035540614	0.08458464525268655	0.016246153	0.56213254	1.0	1.0	degenerated	True	pain_ligand:NGF
NP_mature_chondrocyte	Endothelial cells	NGF	SORT1	0.37920597	0.0	0.1297698	0.3901832937142721	0.42646884249156275	0.021524712	0.5735825	0.05523928019984704	1.0	degenerated	True	pain_ligand:NGF
Plasma cells	AF_inner	GRN	TNFRSF1A	0.42453736	1.0	0.1799711	-0.3150219605429297	-0.6225123472056668	0.0020564822	0.6130142	1.0	1.0	degenerated	True	pain_receptor:TNFRSF1A
Plasma cells	AF_inner	VEGFA	CD44	0.47711402	1.0	0.19550876	-0.47690885314953846	-0.9551871582652636	0.0006770768	0.6227893	1.0	1.0	degenerated	True	pain_ligand:VEGFA
Plasma cells	AF_inner	VEGFA	ITGAV	0.39640567	1.0	0.14742784	-0.2640807804457391	-0.5940351899224703	0.0022135389	0.5891061	1.0	1.0	degenerated	True	pain_ligand:VEGFA
Plasma cells	AF_inner	VEGFA	NRP2	0.4419021	1.0	0.17453173	-0.2926237527366428	-0.62920138642657	0.0023364385	0.60936767	1.0	1.0	degenerated	True	pain_ligand:VEGFA; pain_receptor:NRP2
Plasma cells	AF_inner	VEGFB	ADRB2	0.34741798	0.78	0.120013855	-0.016229892012450453	-0.12108958482646243	0.004650182	0.56399834	1.0	1.0	degenerated	True	pain_ligand:VEGFB
Classical monocytes	Endothelial cells	SEMA3A	NRP2	0.37346005	0.81	0.13481031	-0.11261116420401068	-0.01667158004266589	0.011115024	0.57823604	1.0	1.0	degenerated	True	pain_ligand:SEMA3A; pain_receptor:NRP2
AF_outer	AF_inner	ANGPT1	ITGB1	0.6658898	1.0	0.1858049	-0.04155462797929141	-0.09732950513863325	0.0064277444	0.6167912	1.0	1.0	degenerated	True	pain_ligand:ANGPT1
Classical monocytes	Endothelial cells	TNFSF13B	TFRC	0.616332	0.0	0.16244538	1.272546779005683	0.7531556382983309	0.0055085574	0.6007936	0.10350413227990742	1.0	degenerated	True	pain_ligand:TNF
Classical monocytes	Endothelial cells	VEGFA	ITGB3	0.49283984	0.4	0.17907342	0.8568891340905112	0.5641791328024899	0.023780912	0.61242086	0.23293794807615387	1.0	degenerated	True	pain_ligand:VEGFA
AF_mechanical_stress	Tem/Trm cytotoxic T cells	TNFSF9	HLA-DPA1	0.51315165	0.0	0.26216048	0.8093587756050462	1.0736164023800572	0.005443779	0.65657777	0.10350413227990742	1.0	degenerated	True	pain_ligand:TNF
AF_mechanical_stress	Tem/Trm cytotoxic T cells	TNFSF9	TNFRSF9	0.5061805	0.0	0.25453034	1.4305798944214314	1.272166075831786	0.06053512	0.65324	0.0027511673992461076	1.0	degenerated	True	pain_ligand:TNF
NP_mature_chondrocyte	DC	VEGFB	ADRB2	0.39052498	0.53	0.1474335	0.06119427131580163	-0.09593922077536815	0.0057126125	0.58911073	1.0	1.0	degenerated	True	pain_ligand:VEGFB
NP_mature_chondrocyte	DC	TNFSF10	TNFRSF10D	0.44061542	0.04	0.19397603	0.31974487543139196	0.35995817483509535	0.017451962	0.6218644	0.19940486760830795	1.0	degenerated	True	pain_ligand:TNF
Plasma cells	AF_mechanical_stress	VEGFA	GPC1	0.3303702	1.0	0.10808809	-0.1985209451243105	-0.50970495391208	0.0048482665	0.5510898	1.0	1.0	degenerated	True	pain_ligand:VEGFA
AF_mechanical_stress	Tem/Temra cytotoxic T cells	TNFSF9	HLA-DPA1	0.4937814	0.0	0.24095899	0.7650035095811041	0.9291258993121478	0.005003528	0.6470084	0.10350413227990742	1.0	degenerated	True	pain_ligand:TNF
Plasma cells	AF_mechanical_stress	VEGFA	ITGAV	0.41559303	1.0	0.15885845	-0.23861910254665422	-0.5920813204425092	0.0023851623	0.59811294	1.0	1.0	degenerated	True	pain_ligand:VEGFA
Plasma cells	AF_mechanical_stress	VEGFB	ADRB2	0.5090922	0.14	0.22388567	0.2719570138561967	0.10038916631461037	0.008674908	0.63857156	0.4404894639865647	1.0	degenerated	True	pain_ligand:VEGFB
NP_mature_chondrocyte	DC	NGF	BEX3	0.43912676	0.98	0.18940814	-0.05796225437975233	-0.2958602489125361	0.012725308	0.6190585	1.0	1.0	degenerated	True	pain_ligand:NGF
NP_mature_chondrocyte	DC	NGF	MAGED1	0.40431845	0.39	0.15476392	0.178037788396362	0.13467358974609783	0.021270428	0.5949706	0.7621538584915403	1.0	degenerated	True	pain_ligand:NGF
NP_mature_chondrocyte	DC	NGF	SORT1	0.41992465	0.0	0.17029653	0.46041439832077696	0.4638563731712533	0.028246822	0.60644	0.041937899770149153	1.0	degenerated	True	pain_ligand:NGF
Classical monocytes	Fibroblasts	RTN4	NGFR	0.42647168	0.99	0.17550422	1.1948882793874525	-0.06139718625409052	0.0061626476	0.6100288	1.0	1.0	degenerated	True	pain_receptor:NGFR
Plasma cells	AF_outer	CXCL8	SDC2	0.86572325	0.1	0.7304717	0.13795818828871562	-0.2240015115030547	0.0045688786	0.76141393	1.0	1.0	degenerated	True	pain_ligand:CXCL8
NP_mature_chondrocyte	DC	GRN	TNFRSF1A	0.44598177	1.0	0.14275372	-0.3098481897876291	-0.6604625872054688	0.0016312092	0.5852012	1.0	1.0	degenerated	True	pain_receptor:TNFRSF1A
Classical monocytes	Fibroblasts	VEGFA	EGFR	0.46817634	0.6	0.14230204	-0.006455059837948418	0.24195988918749955	0.010248169	0.5848165	1.0	1.0	degenerated	True	pain_ligand:VEGFA
Classical monocytes	Fibroblasts	VEGFA	GPC1	0.5028099	0.61	0.19393797	-0.0673800130556708	0.2420687146711077	0.008699043	0.6218413	1.0	1.0	degenerated	True	pain_ligand:VEGFA
Classical monocytes	Fibroblasts	VEGFA	ITGB3	0.45156708	0.48	0.11753892	0.5320533991603865	0.3986901987567236	0.015609145	0.5614347	0.5459965932160589	1.0	degenerated	True	pain_ligand:VEGFA
Classical monocytes	Fibroblasts	VEGFA	SIRPA	0.47643545	0.71	0.15461576	-0.11389373474264775	0.08524180607213411	0.0029982405	0.5948552	1.0	1.0	degenerated	True	pain_ligand:VEGFA
Classical monocytes	Fibroblasts	VEGFA	TYRO3	0.45156708	0.49	0.11753892	0.22356126560500036	0.35816123148516293	0.017679837	0.5614347	0.8664901121459136	1.0	degenerated	True	pain_ligand:VEGFA
Classical monocytes	Macrophages	PDGFC	FLT1	0.32860357	0.33	0.1078883	0.14785781494160494	0.46696118381763935	0.0076775304	0.55086094	0.673360931494747	1.0	degenerated	True	pain_receptor:FLT1
Classical monocytes	Macrophages	VEGFA	ITGB1	0.8478627	0.91	0.7083851	-0.2503959877513644	-0.059923615150628606	0.003236057	0.758614	1.0	1.0	degenerated	True	pain_ligand:VEGFA
Classical monocytes	Macrophages	VEGFA	NRP2	0.844046	0.3	0.7026948	0.13454078599335834	0.4534980134312886	0.009406904	0.7578748	0.6273762327252121	1.0	degenerated	True	pain_ligand:VEGFA; pain_receptor:NRP2
NP_mature_chondrocyte	DC	ADAM17	IL6R	0.4455161	0.01	0.14138982	0.3122557066781742	0.28260046489047475	0.0068727243	0.5840356	0.14936337286308415	1.0	degenerated	True	pain_receptor:IL6R
Plasma cells	AF_outer	VEGFA	GPC1	0.3207357	1.0	0.10234848	-0.21486450608092902	-0.4209634350682752	0.0045908177	0.5443316	1.0	1.0	degenerated	True	pain_ligand:VEGFA
Plasma cells	AF_outer	VEGFA	ITGAV	0.43960178	1.0	0.17316134	-0.2067601057424629	-0.3913663472253237	0.0025999118	0.6084291	1.0	1.0	degenerated	True	pain_ligand:VEGFA
Plasma cells	AF_outer	VEGFA	NRP2	0.48972368	1.0	0.20302083	-0.23660873087544385	-0.4997944445592689	0.002717819	0.62720764	1.0	1.0	degenerated	True	pain_ligand:VEGFA; pain_receptor:NRP2
NP_mature_chondrocyte	Classical monocytes	TNFSF10	TNFRSF10C	0.40006533	0.0	0.15719749	1.0274946026781306	0.9672348467832763	0.079095535	0.5968491	0.005963467576966869	1.0	degenerated	True	pain_ligand:TNF
NP_mature_chondrocyte	Classical monocytes	PDGFC	FLT1	0.42370802	0.08	0.17341594	0.3043857812784215	0.6082615700586057	0.012340599	0.60860413	0.2799514982977906	1.0	degenerated	True	pain_receptor:FLT1
Plasma cells	CD16+ NK cells	VEGFA	ITGB1	0.4808455	1.0	0.19773176	-0.604555177897323	-0.8236650820041296	0.0009032817	0.6241164	1.0	1.0	degenerated	True	pain_ligand:VEGFA
Plasma cells	CD16+ NK cells	VEGFB	ADRB2	0.3520122	0.67	0.12296552	-0.008040742835629722	0.1621617665765005	0.004764551	0.56698334	1.0	1.0	degenerated	True	pain_ligand:VEGFB
NP_mature_chondrocyte	Classical monocytes	NGF	KIDINS220	0.40141183	0.22	0.15187098	0.2871431480673713	0.44440810028825045	0.011105476	0.59269494	0.5086776161444114	1.0	degenerated	True	pain_ligand:NGF
NP_mature_chondrocyte	Classical monocytes	IL11	IL6R	0.42624703	0.07	0.17393343	0.3878720376528175	0.6942213549929641	0.011559114	0.6089589	0.2606939141756345	1.0	degenerated	True	pain_receptor:IL6R
Plasma cells	Classical monocytes	PTGS2	CAV1	0.35630608	0.99	0.1268069	-0.6091833711336001	-1.0002460427466244	0.00075923116	0.5707556	1.0	1.0	degenerated	True	pain_ligand:PTGS2
AF_mechanical_stress	Small pre-B cells	TNFSF12	TNFRSF12A	0.39817697	0.92	0.15223154	-0.23725964233290714	-0.30047240100875766	0.0038572312	0.59298116	1.0	1.0	degenerated	True	pain_ligand:TNF
Plasma cells	Classical monocytes	VEGFA	CD44	0.49005473	0.98	0.20321801	-0.4641575881647184	-0.5937261611060816	0.0007037751	0.6273211	1.0	1.0	degenerated	True	pain_ligand:VEGFA
Plasma cells	Classical monocytes	VEGFA	NRP2	0.51142204	0.9	0.21594733	-0.21119273336836727	-0.12530929162125382	0.002890865	0.6343952	1.0	1.0	degenerated	True	pain_ligand:VEGFA; pain_receptor:NRP2
Plasma cells	Classical monocytes	VEGFA	SIRPA	0.474842	0.73	0.19415525	0.029416546441031866	0.031348136115418423	0.003764973	0.621973	1.0	1.0	degenerated	True	pain_ligand:VEGFA
AF_mechanical_stress	Small pre-B cells	PDGFC	FLT1	0.4464152	0.09	0.19549738	0.34521425044942394	0.40943207355050776	0.013911953	0.62278247	0.29853358658725165	1.0	degenerated	True	pain_receptor:FLT1
AF_mechanical_stress	Small pre-B cells	PIGF	FLT1	0.34396228	0.12	0.11663749	0.2734164238507497	0.33002140316050604	0.018458784	0.5604866	0.3486108365394669	1.0	degenerated	True	pain_receptor:FLT1
NP_mature_chondrocyte	CD16+ NK cells	VEGFB	ADRB2	0.3510318	0.9	0.12221497	-0.009202970162149493	0.10524895953529867	0.0047354694	0.56623167	1.0	1.0	degenerated	True	pain_ligand:VEGFB
Plasma cells	DC	ADAM17	IL6R	0.436559	0.03	0.12912823	0.295519835549691	0.2419200284888391	0.0062767095	0.5729763	0.19676055502116147	1.0	degenerated	True	pain_receptor:IL6R
Classical monocytes	NK cells	VEGFA	GPC1	0.49973762	0.62	0.18935747	-0.07259160228419646	0.24185439568469452	0.008493586	0.61902696	1.0	1.0	degenerated	True	pain_ligand:VEGFA
NP_mature_chondrocyte	CD16+ NK cells	NGF	KIDINS220	0.5093891	0.0	0.2593393	0.43383549969491947	0.8385421643592543	0.018964032	0.6553568	0.021479874772688947	1.0	degenerated	True	pain_ligand:NGF
AF_mechanical_stress	Plasma cells	TNFSF12	TNFRSF12A	0.35141236	1.0	0.12242187	-0.2824138859782681	-0.5062282685425714	0.0031019158	0.56643933	1.0	1.0	degenerated	True	pain_ligand:TNF
Classical monocytes	NP_mature_chondrocyte	PDGFC	FLT1	0.42425308	0.07	0.17258474	0.3225208653904516	0.642536813341489	0.012281448	0.6080317	0.2606939141756345	1.0	degenerated	True	pain_receptor:FLT1
NP_mature_chondrocyte	AF_outer	TNFSF10	TNFRSF10B	0.3514286	0.0	0.1130844	0.22000995261384926	0.12476793222235794	0.007716858	0.55667263	0.38762833120159984	1.0	degenerated	True	pain_ligand:TNF
NP_mature_chondrocyte	AF_outer	TNFSF10	TNFRSF10D	0.37697953	0.0	0.13625886	0.22272316141159731	0.22742777692974897	0.012259168	0.5795387	0.21332994400579766	1.0	degenerated	True	pain_ligand:TNF
NP_mature_chondrocyte	AF_outer	TNFSF12	TNFRSF12A	0.72575796	0.0	0.20540287	0.0028041658107190864	0.05523956831080362	0.005204482	0.6285703	0.7779189484369421	1.0	degenerated	True	pain_ligand:TNF
Classical monocytes	NP_mature_chondrocyte	VEGFA	CD44	0.85047674	0.72	0.7122825	-0.11126971857372103	0.0435053470727762	0.002466743	0.75911605	1.0	1.0	degenerated	True	pain_ligand:VEGFA
Classical monocytes	NP_mature_chondrocyte	VEGFA	SIRPA	0.49647772	0.64	0.18449724	-0.081280901890956	0.12130898088792536	0.003577689	0.6159562	1.0	1.0	degenerated	True	pain_ligand:VEGFA
AF_mechanical_stress	Plasma cells	FGF2	SDC1	0.843914	0.0	0.7029195	1.6589133690524351	1.016587425084347	0.13786739	0.7579041	0.005963467576966869	1.0	degenerated	True	pain_ligand:FGF2
NP_mature_chondrocyte	AF_outer	NGF	KIDINS220	0.46056998	0.0	0.21075028	0.36751237891675764	0.3204817382558532	0.0154109895	0.6315655	0.11584754017085162	1.0	degenerated	True	pain_ligand:NGF
Plasma cells	DC	VEGFA	ITGAV	0.36746114	1.0	0.13018455	-0.30249013780751843	-0.6188538702137066	0.0019546412	0.5739727	1.0	1.0	degenerated	True	pain_ligand:VEGFA
Plasma cells	DC	VEGFA	NRP2	0.47203612	0.97	0.19248368	-0.2573268218729327	-0.5598014839956267	0.0025767593	0.6209559	1.0	1.0	degenerated	True	pain_ligand:VEGFA; pain_receptor:NRP2
Plasma cells	DC	VEGFB	ADRB2	0.39150536	0.6	0.14833893	0.0623564986423214	-0.03902641373416632	0.005747695	0.5898515	1.0	1.0	degenerated	True	pain_ligand:VEGFB
NP_mature_chondrocyte	AF_outer	NGF	SORT1	0.35246423	0.0	0.1031541	0.34405938083994664	0.2931539630980234	0.017110009	0.5453038	0.13888765891060587	1.0	degenerated	True	pain_ligand:NGF
NP_mature_chondrocyte	AF_outer	PDGFA	PDGFRA	0.46285927	0.0	0.15639813	0.19489138243735354	0.501114451218884	0.018211318	0.5962356	0.1777933380885029	1.0	degenerated	True	pain_ligand:PDGFA
Classical monocytes	NP_stressed_degenerative	VEGFA	SIRPA	0.5108654	0.64	0.20594811	-0.0578692140862327	0.5421500189071973	0.0039936546	0.6288798	1.0	1.0	degenerated	True	pain_ligand:VEGFA
AF_mechanical_stress	Naive B cells	TNFSF10	TNFRSF10A	0.49043417	0.0	0.20716262	1.049861761132307	0.9051709517172039	0.020759182	0.6295656	0.005963467576966869	1.0	degenerated	True	pain_ligand:TNF
AF_mechanical_stress	Plasma cells	ADAM10	IL6R	0.4697141	0.0	0.13969006	0.30691269376374997	0.39021597141225306	0.0026058261	0.5825657	0.5701019814749242	1.0	degenerated	True	pain_receptor:IL6R
Plasma cells	Endothelial cells	CXCL8	SDC2	0.4666	1.0	0.14945647	-0.27454359779994825	-1.0175875164196668	0.0009348049	0.5907591	1.0	1.0	degenerated	True	pain_ligand:CXCL8
NP_mature_chondrocyte	AF_outer	FGF2	SDC3	0.6384156	0.0	0.13371731	0.31044856370418816	0.3924580427120399	0.023946479	0.577243	0.07090557202199449	1.0	degenerated	True	pain_ligand:FGF2
Plasma cells	Endothelial cells	VEGFA	ITGAV	0.3592908	1.0	0.12531717	-0.3133321464107811	-0.6552432993088905	0.0018815604	0.5693073	1.0	1.0	degenerated	True	pain_ligand:VEGFA
Plasma cells	Endothelial cells	VEGFA	NRP2	0.36980397	1.0	0.13158025	-0.37707472837094297	-0.7610179610722805	0.0017614514	0.57527596	1.0	1.0	degenerated	True	pain_ligand:VEGFA; pain_receptor:NRP2
Plasma cells	Endothelial cells	VEGFA	ITGA9	0.3228985	0.84	0.10363694	0.7349654264443937	-0.1442366869660499	0.014208519	0.54588276	0.7859124250155268	1.0	degenerated	True	pain_ligand:VEGFA
Classical monocytes	Small pre-B cells	PDGFC	FLT1	0.36152726	0.26	0.13015759	0.2079789761466566	0.5410605280286828	0.0092622535	0.5739474	0.565885135056991	1.0	degenerated	True	pain_receptor:FLT1
AF_mechanical_stress	NP_stressed_degenerative	ADAM10	IL6R	0.5728345	0.0	0.1778884	0.4587648789278171	1.0028300840295605	0.0033183908	0.6116326	0.21843408596050568	1.0	degenerated	True	pain_receptor:IL6R
NP_mature_chondrocyte	AF_mechanical_stress	VEGFB	ADRB2	0.50811183	0.0	0.22251913	0.2707947865296769	0.04347635927340854	0.008621959	0.6378647	0.5816680423033808	1.0	degenerated	True	pain_ligand:VEGFB
Classical monocytes	Tcm/Naive helper T cells	CXCL2	DPP4	0.5127587	0.01	0.21016793	0.5607680747929902	1.0822939964639853	0.02087191	0.6312435	0.11458311243323929	1.0	degenerated	True	pain_ligand:CXCL2
AF_mechanical_stress	NP_notochordal	TNFSF10	TNFRSF10A	0.36263752	0.0	0.12849648	0.6565075963213164	0.784202215470239	0.012876269	0.5723762	0.012213068177486274	1.0	degenerated	True	pain_ligand:TNF
NP_mature_chondrocyte	AF_mechanical_stress	TNFSF10	TNFRSF10B	0.44107622	0.0	0.19439398	0.3669394677713437	0.3568382011480663	0.013265408	0.6221174	0.09091916144876518	1.0	degenerated	True	pain_ligand:TNF
NP_mature_chondrocyte	AF_mechanical_stress	TNFSF11	TNFRSF11B	0.51663405	0.1	0.22201663	0.1860729057127346	0.009719981334524619	0.06181784	0.6376035	0.3000900080055628	1.0	degenerated	True	pain_ligand:TNF
NP_mature_chondrocyte	AF_mechanical_stress	SEMA3A	NRP2	0.84731907	0.0	0.7060263	0.5291431131079396	0.6246432917179037	0.058211416	0.7583085	0.011571705953334335	1.0	degenerated	True	pain_ligand:SEMA3A; pain_receptor:NRP2
AF_mechanical_stress	NP_notochordal	NGF	KIDINS220	0.43762204	0.0	0.1098091	0.2087465668691754	0.4503657147536684	0.0080297245	0.553043	0.15685507080974895	1.0	degenerated	True	pain_ligand:NGF
AF_mechanical_stress	NP_notochordal	NGF	SORT1	0.46091145	0.0	0.11687897	0.4668516623264501	0.7408537714407067	0.019386532	0.5607413	0.01617417802731879	1.0	degenerated	True	pain_ligand:NGF
NP_mature_chondrocyte	AF_mechanical_stress	NGF	KIDINS220	0.409683	0.0	0.16010317	0.298379929553204	0.24941276907620652	0.011707449	0.59905064	0.18556912870199235	1.0	degenerated	True	pain_ligand:NGF
NP_mature_chondrocyte	AF_mechanical_stress	NGF	MAGED1	0.4474727	0.0	0.19771473	0.23034370566836143	0.17044090846401855	0.027173499	0.6241063	0.29940937381015764	1.0	degenerated	True	pain_ligand:NGF
NP_mature_chondrocyte	AF_mechanical_stress	PDGFA	PDGFRA	0.40212375	0.0	0.129388	0.11792018347699769	0.08878480960123322	0.015066204	0.5732221	0.4672614091382032	1.0	degenerated	True	pain_ligand:PDGFA
Classical monocytes	Tem/Temra cytotoxic T cells	TNFSF13B	HLA-DPB1	0.8680632	0.0	0.7075013	1.9030116348937032	1.9594588692971753	0.01676045	0.7584997	0.005963467576966869	1.0	degenerated	True	pain_ligand:TNF
AF_mechanical_stress	NP_mature_chondrocyte	VEGFB	ADRB2	0.49481547	0.0	0.24137002	0.17709555154642034	0.09250830789372672	0.009352376	0.647203	0.4576316384928388	1.0	degenerated	True	pain_ligand:VEGFB
AF_mechanical_stress	NP_notochordal	ADAM10	IL6R	0.46670386	0.0	0.13857499	0.3024799368862015	0.4448562141505584	0.0025850253	0.5815909	0.551346302767594	1.0	degenerated	True	pain_receptor:IL6R
Plasma cells	Fibroblasts	VEGFA	ITGAV	0.35449314	0.98	0.12245903	-0.31969870839342424	-0.720450033991918	0.0018386474	0.56647664	1.0	1.0	degenerated	True	pain_ligand:VEGFA
Plasma cells	Macrophages	ADAM17	IL6R	0.5128132	0.01	0.15789996	0.40780965957904663	0.3692308627549358	0.0076752556	0.59738535	0.11458311243323929	1.0	degenerated	True	pain_receptor:IL6R
NP_mature_chondrocyte	AF_mechanical_stress	FGF2	FGFR2	0.657835	0.0	0.17883755	0.3110046936892058	0.3442392479364239	0.0509548	0.61226445	0.09914940585537735	1.0	degenerated	True	pain_ligand:FGF2
AF_mechanical_stress	NP_mature_chondrocyte	TNFSF10	TNFRSF10D	0.37073132	0.0	0.13347867	0.19411181195635915	0.17104583490838438	0.012009035	0.57702506	0.29833152918165823	1.0	degenerated	True	pain_ligand:TNF
Plasma cells	Macrophages	GRN	TNFRSF1A	0.4098469	1.0	0.1670233	-0.3329556462799812	-0.6003826514090508	0.0019085312	0.60412157	1.0	1.0	degenerated	True	pain_receptor:TNFRSF1A
AF_mechanical_stress	NP_mature_chondrocyte	NGF	MAGED1	0.4556406	0.0	0.11527892	0.08732343641291379	0.06158475115758355	0.015843695	0.55904305	0.5349772089472662	1.0	degenerated	True	pain_ligand:NGF
AF_mechanical_stress	NP_mature_chondrocyte	PDGFA	PDGFRA	0.395485	0.0	0.1558987	0.1735311670399038	0.06977491724992613	0.018153165	0.5958505	0.5134264865501189	1.0	degenerated	True	pain_ligand:PDGFA
AF_mechanical_stress	NP_mature_chondrocyte	PDGFC	FLT1	0.50914097	0.0	0.25922316	0.45975613969321893	0.510908358863314	0.018446798	0.6553063	0.02875435494315373	1.0	degenerated	True	pain_receptor:FLT1
AF_mechanical_stress	NP_mature_chondrocyte	PIGF	FLT1	0.4066881	0.0	0.15465751	0.38795831309454476	0.43149768847331227	0.024475746	0.59488773	0.053249313042306824	1.0	degenerated	True	pain_receptor:FLT1
Plasma cells	Macrophages	VEGFA	SIRPA	0.5147118	0.71	0.21790715	0.09429298672370168	-0.19568145905944312	0.0042255595	0.63544226	1.0	1.0	degenerated	True	pain_ligand:VEGFA
NP_mature_chondrocyte	AF_inner	VEGFB	ADRB2	0.3464376	1.0	0.11928132	-0.017392119338970224	-0.17800239186766426	0.0046217986	0.56324553	1.0	1.0	degenerated	True	pain_ligand:VEGFB
AF_mechanical_stress	NP_mature_chondrocyte	FGF2	CD44	0.85155916	0.99	0.714351	-0.034036642437051456	-0.2311289957651006	0.0068647284	0.759381	1.0	1.0	degenerated	True	pain_ligand:FGF2
AF_mechanical_stress	NP_mature_chondrocyte	FGF2	FGFR3	0.50809705	0.0	0.20078835	0.21265813999567323	0.14857686732186498	0.04852907	0.62591404	0.3401013387062817	1.0	degenerated	True	pain_ligand:FGF2
NP_mature_chondrocyte	AF_inner	TNFSF10	TNFRSF10B	0.3796962	0.0	0.13872285	0.26633956923642893	0.28600078580275634	0.009466421	0.58172065	0.1458330352168001	1.0	degenerated	True	pain_ligand:TNF
NP_mature_chondrocyte	AF_inner	TNFSF10	TNFRSF10D	0.41310146	0.0	0.16902114	0.2777964054465638	0.34316357672837833	0.01520678	0.6055426	0.09986750030207013	1.0	degenerated	True	pain_ligand:TNF
NP_mature_chondrocyte	AF_inner	TNFSF12	TNFRSF12A	0.7200296	0.0	0.20358233	-0.0027268925023799656	-0.05608119796293448	0.005158353	0.6275305	0.8903606185590343	1.0	degenerated	True	pain_ligand:TNF
Plasma cells	Mast cells	VEGFB	ADRB2	0.35443568	0.65	0.12452255	-0.0037208278208442636	0.26969035636541283	0.004824881	0.5685273	1.0	1.0	degenerated	True	pain_ligand:VEGFB
DC	AF_inner	TNF	TRADD	0.81040055	0.0	0.18805982	2.603800836176234	1.2234531513409983	0.013403193	0.6182158	0.01019977209477698	1.0	degenerated	True	pain_ligand:TNF
DC	AF_inner	VEGFB	ADRB2	0.46739805	0.22	0.2096625	0.12599768505407907	0.09153035699295148	0.008123802	0.6309632	0.5086776161444114	1.0	degenerated	True	pain_ligand:VEGFB
NP_mature_chondrocyte	AF_inner	NGF	KIDINS220	0.42934734	0.0	0.17967483	0.3250948910450484	0.29641601784961136	0.0131386155	0.6128187	0.13602241654309238	1.0	degenerated	True	pain_ligand:NGF
NP_mature_chondrocyte	AF_inner	PDGFC	FLT1	0.40358287	0.0	0.1532147	0.26763581938553616	0.310860218698252	0.01090304	0.5937578	0.1232404178101402	1.0	degenerated	True	pain_receptor:FLT1
Plasma cells	Memory B cells	VEGFA	ITGB1	0.41186702	1.0	0.15663876	-0.6700072768979815	-0.9066849917520565	0.0007155599	0.5964206	1.0	1.0	degenerated	True	pain_ligand:VEGFA
NP_mature_chondrocyte	AF_inner	IL11	IL6R	0.41229874	0.0	0.15958624	0.36733210691799534	0.39083996732642684	0.010605641	0.5986622	0.07167075960699112	1.0	degenerated	True	pain_receptor:IL6R
DC	AF_mechanical_stress	PDGFA	PDGFRA	0.38430804	0.25	0.10865445	0.0801885317569458	0.05291562731456739	0.012651946	0.5517362	0.5572681398855777	1.0	degenerated	True	pain_ligand:PDGFA
DC	AF_mechanical_stress	PDGFC	FLT1	0.49436423	0.0	0.11417443	0.39641316506694896	0.33062303622188216	0.008124863	0.557856	0.1086106404443174	1.0	degenerated	True	pain_receptor:FLT1
Plasma cells	NK cells	VEGFA	EGFR	0.32599598	0.92	0.10548221	-0.04370307514565264	-0.29423084921367293	0.0075965156	0.5480693	1.0	1.0	degenerated	True	pain_ligand:VEGFA
Plasma cells	NK cells	VEGFA	ITGAV	0.50495684	0.9	0.21209577	-0.12003305316692922	-0.32288395974308515	0.0031844883	0.6323056	1.0	1.0	degenerated	True	pain_ligand:VEGFA
AF_mechanical_stress	NK cells	TNFSF9	HLA-DPA1	0.39286667	0.0	0.13050371	0.5339216712092338	0.5383460804514506	0.002709918	0.57427204	0.2684633129881331	1.0	degenerated	True	pain_ligand:TNF
DC	AF_mechanical_stress	TNFSF13B	HLA-DPB1	0.4280216	0.0	0.18308957	0.730506883101063	0.5025308878578802	0.0043373257	0.6150499	0.32379968336252335	1.0	degenerated	True	pain_ligand:TNF
DC	AF_mechanical_stress	TNFSF13B	TFRC	0.40413463	0.05	0.16213356	0.43954900406833314	0.054601164601667085	0.005497983	0.6005631	0.5537679059140844	1.0	degenerated	True	pain_ligand:TNF
DC	AF_mechanical_stress	VEGFA	SIRPA	0.5596665	0.54	0.18317121	-0.035451612035414845	-0.2686069752152615	0.0035519754	0.61510265	1.0	1.0	degenerated	True	pain_ligand:VEGFA
Plasma cells	NP_mature_chondrocyte	GRN	TNFRSF1A	0.47470367	1.0	0.22418652	-0.25377987177995287	-0.5610179602117168	0.0025617203	0.6387265	1.0	1.0	degenerated	True	pain_receptor:TNFRSF1A
NK cells	Tem/Temra cytotoxic T cells	VEGFA	ITGB1	0.43066454	1.0	0.17559583	-0.6491078358223501	-0.9131516885107397	0.0008021599	0.6100909	1.0	1.0	degenerated	True	pain_ligand:VEGFA
NK cells	Tem/Trm cytotoxic T cells	ANGPT1	ITGB1	0.5173105	1.0	0.2462031	-0.01780288557284443	0.14045080458885673	0.008517163	0.6494631	1.0	1.0	degenerated	True	pain_ligand:ANGPT1
Plasma cells	NP_mature_chondrocyte	VEGFB	ADRB2	0.3785634	0.64	0.14002404	0.039287143810169844	-0.1040092599467845	0.0054255174	0.582856	1.0	1.0	degenerated	True	pain_ligand:VEGFB
Plasma cells	NP_notochordal	ADAM17	IL6R	0.46842608	0.01	0.14115211	0.3424465410902466	0.5337050173004648	0.0068611708	0.5838312	0.1488770664725458	1.0	degenerated	True	pain_receptor:IL6R
Plasma cells	NP_mature_chondrocyte	VEGFA	ITGAV	0.4396168	0.99	0.17317031	-0.20673937210663057	-0.5399705904729003	0.002600046	0.6084353	1.0	1.0	degenerated	True	pain_ligand:VEGFA
DC	AF_outer	PDGFA	PDGFRA	0.44504356	0.07	0.13133639	0.15715973071730166	0.4652452689322181	0.015293077	0.5750493	0.2606939141756345	1.0	degenerated	True	pain_ligand:PDGFA
NK cells	Tem/Temra cytotoxic T cells	ANGPT1	ITGA5	0.39950028	0.05	0.15878814	0.3452340249436844	0.7011507749344826	0.014958609	0.5980598	0.2207665811323996	1.0	degenerated	True	pain_ligand:ANGPT1
NK cells	Tem/Temra cytotoxic T cells	ANGPT1	ITGB1	0.35114247	1.0	0.12290675	-0.17547600396310187	-0.176522249759697	0.0042518424	0.56692463	1.0	1.0	degenerated	True	pain_ligand:ANGPT1
NK cells	Tem/Temra cytotoxic T cells	ANGPT2	ITGA5_ITGB1	0.5070301	0.99	0.22619352	1.4225799818630958	0.24657763375678277	0.0047636465	0.6397542	0.8387021951438087	1.0	degenerated	True	pain_ligand:ANGPT2
Plasma cells	NP_notochordal	GRN	TNFRSF1A	0.43832555	1.0	0.19212371	-0.2981895186476431	-0.39623991062930286	0.0021953469	0.6207356	1.0	1.0	degenerated	True	pain_receptor:TNFRSF1A
Plasma cells	NP_notochordal	VEGFA	CD44	0.45122796	1.0	0.18008749	-0.5024165754181674	-0.7469707817182392	0.0006236705	0.6130908	1.0	1.0	degenerated	True	pain_ligand:VEGFA
Plasma cells	NP_notochordal	VEGFA	SIRPA	0.34426624	0.99	0.11636647	-0.18305734719433894	-0.28605537998669855	0.0022565273	0.5602001	1.0	1.0	degenerated	True	pain_ligand:VEGFA
Plasma cells	NP_stressed_degenerative	ADAM17	IL6R	0.5745567	0.0	0.18119664	0.49873148313186216	1.0916788871794672	0.008807668	0.6138189	0.05977188288249785	1.0	degenerated	True	pain_receptor:IL6R
DC	AF_outer	TNFSF13B	HLA-DPB1	0.33300272	0.0	0.09972973	0.560931307789888	0.26863030839902297	0.0023625614	0.5411154	0.7577022249411061	1.0	degenerated	True	pain_ligand:TNF
DC	AF_outer	TNFSF13B	TFRC	0.5035486	0.0	0.24934919	0.5561926549846693	0.22770788549234744	0.008455483	0.65090716	0.21279475880354032	1.0	degenerated	True	pain_ligand:TNF
NK cells	Tcm/Naive helper T cells	VEGFA	ITGB1	0.5064113	1.0	0.25589392	-0.5772334378804725	-0.7190263532853252	0.0011689791	0.6538449	1.0	1.0	degenerated	True	pain_ligand:VEGFA
AF_mechanical_stress	Memory B cells	TNFSF10	TNFRSF10A	0.40122715	0.0	0.15225059	0.7752853370762394	0.8547643969688439	0.015256602	0.59299624	0.005963467576966869	1.0	degenerated	True	pain_ligand:TNF
NK cells	Tcm/Naive helper T cells	CXCL2	DPP4	0.35955852	0.0	0.12343296	0.3224173322927757	0.6696034690758219	0.012258205	0.56744903	0.05697291739285548	1.0	degenerated	True	pain_ligand:CXCL2
NK cells	Small pre-B cells	TNFSF12	TNFRSF12A	0.4075752	0.92	0.16120934	-0.219218521337524	-0.1430481988858044	0.00408471	0.59987724	1.0	1.0	degenerated	True	pain_ligand:TNF
Plasma cells	Plasma cells	ADAM17	IL6R	0.47143632	0.01	0.14228792	0.34687929796779504	0.47906477456215946	0.00691638	0.5848045	0.1448288088817341	1.0	degenerated	True	pain_receptor:IL6R
NK cells	Tcm/Naive helper T cells	ANGPT1	ITGA5	0.3787465	0.01	0.14338888	0.3164616268664147	0.6309113998753699	0.013507924	0.5857399	0.11458311243323929	1.0	degenerated	True	pain_ligand:ANGPT1
NK cells	Tcm/Naive helper T cells	ANGPT1	ITGB1	0.4268892	1.0	0.17911068	-0.10360160602122426	0.01760308546571754	0.0061961645	0.61244553	1.0	1.0	degenerated	True	pain_ligand:ANGPT1
AF_mechanical_stress	Mast cells	VEGFB	ADRB2	0.47068775	0.22	0.21464895	0.13408757991540624	0.46620792420592405	0.008317013	0.63369554	0.5086776161444114	1.0	degenerated	True	pain_ligand:VEGFB
DC	CD16+ NK cells	TNFSF13B	HLA-DPB1	0.45805752	0.0	0.20943998	0.7841105313166934	0.9562703006387672	0.004961557	0.6308396	0.10350413227990742	1.0	degenerated	True	pain_ligand:TNF
DC	CD16+ NK cells	TNFSF13B	TFRC	0.49323782	0.0	0.24030358	0.5440956523560606	0.6003181641594623	0.008148745	0.6466973	0.08050281389266839	1.0	degenerated	True	pain_ligand:TNF
AF_mechanical_stress	Mast cells	NGF	KIDINS220	0.43567148	0.03	0.10921697	0.20609649611340583	0.6212360525686965	0.007986426	0.5523747	0.1760704091790426	1.0	degenerated	True	pain_ligand:NGF
DC	CD16+ NK cells	VEGFA	CD44	0.85843396	0.84	0.73308164	-0.10431299257147106	-0.06332483289022817	0.0025387737	0.7617377	1.0	1.0	degenerated	True	pain_ligand:VEGFA
DC	CD16+ NK cells	VEGFB	ADRB2	0.47199225	0.21	0.21481901	0.1341868342308998	0.3747817083959144	0.008323602	0.63378745	0.493155767626948	1.0	degenerated	True	pain_ligand:VEGFB
Plasma cells	Plasma cells	CXCL8	SDC1	0.834033	0.0	0.6843393	1.740329873909963	0.733905868519796	0.032264695	0.75543797	0.005963467576966869	1.0	degenerated	True	pain_ligand:CXCL8
AF_mechanical_stress	Macrophages	VEGFB	ADRB2	0.37760663	0.62	0.11156308	-0.03183112293216407	-0.16463698753364064	0.00432274	0.5550007	1.0	1.0	degenerated	True	pain_ligand:VEGFB
AF_mechanical_stress	Macrophages	TNFSF10	RIPK1	0.44572383	0.0	0.17964084	0.5226071958081063	0.6209287114230305	0.017318478	0.6127963	0.011917972294314507	1.0	degenerated	True	pain_ligand:TNF
AF_mechanical_stress	Macrophages	TNFSF10	TNFRSF10B	0.40618283	0.0	0.1553011	0.2989953866984153	0.30703529394260565	0.010597717	0.595388	0.12605965705521455	1.0	degenerated	True	pain_ligand:TNF
AF_mechanical_stress	Macrophages	TNFSF9	TNFRSF9	0.43986136	0.0	0.18194129	1.1204248531215995	0.7896778499189253	0.04327122	0.6143048	0.005963467576966869	1.0	degenerated	True	pain_ligand:TNF
Plasma cells	Plasma cells	PTGS2	CAV1	0.39858824	1.0	0.15591203	-0.5696319952004815	-1.1177628995125803	0.0009334924	0.5958608	1.0	1.0	degenerated	True	pain_ligand:PTGS2
NK cells	Plasma cells	TNFSF12	TNFRSF12A	0.36081055	1.0	0.12964165	-0.264372764982885	-0.3488040664196182	0.0032848502	0.57346165	1.0	1.0	degenerated	True	pain_ligand:TNF
NK cells	Plasma cells	VEGFA	ITGB1	0.42776912	1.0	0.17252645	-0.6518552321004527	-1.0989517381654936	0.0007881383	0.60799146	1.0	1.0	degenerated	True	pain_ligand:VEGFA
NK cells	Small pre-B cells	ANGPT1	ITGB1	0.4622732	0.89	0.20536554	-0.07002652644082041	0.10368199344214835	0.007104426	0.62854916	1.0	1.0	degenerated	True	pain_ligand:ANGPT1
Plasma cells	Small pre-B cells	VEGFA	ITGB1	0.42570788	1.0	0.16488425	-0.6568740126598265	-0.9035514830032512	0.0007532271	0.60257924	1.0	1.0	degenerated	True	pain_ligand:VEGFA
DC	DC	ADAM17	IL6R	0.4374864	0.05	0.13039781	0.297252683525917	0.24778763977963936	0.0063384217	0.5741728	0.2207665811323996	1.0	degenerated	True	pain_receptor:IL6R
AF_mechanical_stress	Macrophages	PDGFC	FLT1	0.41349146	0.0	0.16204879	0.28509308924437227	0.33533272933946434	0.01153169	0.6005004	0.10543748356336798	1.0	degenerated	True	pain_receptor:FLT1
NK cells	Plasma cells	ADAM17	IL6R	0.47869802	0.0	0.15324171	0.3604474605408212	0.5599138101690683	0.007448826	0.593779	0.11199936527520817	1.0	degenerated	True	pain_receptor:IL6R
NK cells	Plasma cells	ANGPT1	ITGB1	0.34824705	1.0	0.12075836	-0.17822340024120448	-0.36232229941445104	0.004177521	0.5647586	1.0	1.0	degenerated	True	pain_ligand:ANGPT1
AF_mechanical_stress	Macrophages	NGF	KIDINS220	0.47822034	0.0	0.12213336	0.2639012165422671	0.31231351338567925	0.008930929	0.5661496	0.12204676128353115	1.0	degenerated	True	pain_ligand:NGF
Plasma cells	Tcm/Naive helper T cells	VEGFA	ITGB1	0.39032388	1.0	0.14380471	-0.6904490922402302	-0.989630390979682	0.00065693114	0.5860912	1.0	1.0	degenerated	True	pain_ligand:VEGFA
NK cells	Naive B cells	VEGFA	ITGB1	0.42866552	1.0	0.17347671	-0.6510046643447944	-1.0386128493520994	0.00079247926	0.6086458	1.0	1.0	degenerated	True	pain_ligand:VEGFA
NK cells	Naive B cells	ANGPT1	ITGB1	0.34914345	1.0	0.12142348	-0.17737283248554608	-0.3019834106010567	0.0042005302	0.56543356	1.0	1.0	degenerated	True	pain_ligand:ANGPT1
NK cells	NP_stressed_degenerative	VEGFA	SIRPA	0.40315622	0.96	0.14643463	-0.1629138870824051	0.0020224618411924244	0.002839596	0.5882877	1.0	1.0	degenerated	True	pain_ligand:VEGFA
DC	DC	VEGFA	ITGB1	0.83628035	0.97	0.69230574	-0.2590797152617354	-0.6886221164386795	0.0031626024	0.75650555	1.0	1.0	degenerated	True	pain_ligand:VEGFA
DC	DC	VEGFA	SIRPA	0.84452	0.06	0.70747155	0.4280641150751046	0.29339819607232426	0.013718976	0.75849587	0.24097969335961317	1.0	degenerated	True	pain_ligand:VEGFA
DC	DC	VEGFB	ADRB2	0.5114854	0.21	0.25914598	0.20458407570885093	0.17359352808524758	0.010041141	0.6552726	0.493155767626948	1.0	degenerated	True	pain_ligand:VEGFB
NK cells	NP_stressed_degenerative	ADAM17	IL6R	0.58181846	0.0	0.19514576	0.5122996457048884	1.1725279227863759	0.009485712	0.62257093	0.045537548186304205	1.0	degenerated	True	pain_receptor:IL6R
NK cells	NP_stressed_degenerative	ANGPT1	ITGA5	0.35591576	0.01	0.12644853	0.2848098091742165	0.6842280269342337	0.01191206	0.5704089	0.11458311243323929	1.0	degenerated	True	pain_ligand:ANGPT1
AF_mechanical_stress	Macrophages	ADAM10	IL6R	0.51109093	0.0	0.15501706	0.36784305537500156	0.2803820596050294	0.0028917412	0.5951675	0.9187894352933293	1.0	degenerated	True	pain_receptor:IL6R
NK cells	NP_notochordal	VEGFA	SIRPA	0.4603536	0.88	0.20706882	-0.06984169283458122	-0.015451342292341741	0.0040153875	0.62951285	1.0	1.0	degenerated	True	pain_ligand:VEGFA
NK cells	NP_notochordal	GRN	TNFRSF1A	0.4249434	1.0	0.18045545	-0.31220543737370576	-0.39815480075463194	0.0020620169	0.6133329	1.0	1.0	degenerated	True	pain_receptor:TNFRSF1A
AF_mechanical_stress	Fibroblasts	TNFSF10	TNFRSF11B	0.32817125	0.87	0.10728051	-0.15269402274867747	-0.6250580708320536	0.00568113	0.550162	1.0	1.0	degenerated	True	pain_ligand:TNF
AF_mechanical_stress	Fibroblasts	TNFSF9	TRAF2	0.45385233	0.0	0.197255	1.3307437237509279	0.7603122611814982	0.08973808	0.6238332	0.005963467576966869	1.0	degenerated	True	pain_ligand:TNF
NK cells	NP_notochordal	ANGPT1	ITGA5	0.34009537	0.02	0.11470983	0.26287687559554707	0.4294451109879879	0.010806219	0.5584329	0.14989686201302985	1.0	degenerated	True	pain_ligand:ANGPT1
Plasma cells	Tem/Trm cytotoxic T cells	VEGFA	ITGB1	0.4807452	1.0	0.197672	-0.6046503717918504	-0.8667826718565428	0.00090300856	0.62408096	1.0	1.0	degenerated	True	pain_ligand:VEGFA
NK cells	NP_mature_chondrocyte	VEGFA	GPC1	0.4220195	0.95	0.16643137	-0.12676103424732846	-0.3015574112551037	0.007465241	0.603697	1.0	1.0	degenerated	True	pain_ligand:VEGFA
Small pre-B cells	AF_inner	ANGPT2	ITGA5_ITGB1	0.38033947	0.02	0.12981299	1.3022918802715806	0.6227929047308656	0.0074447356	0.57362324	0.14989686201302985	1.0	degenerated	True	pain_ligand:ANGPT2
NK cells	NP_mature_chondrocyte	VEGFA	SIRPA	0.38876855	0.98	0.13118249	-0.18632557488712842	-0.41881857617807955	0.002543833	0.5749061	1.0	1.0	degenerated	True	pain_ligand:VEGFA
NK cells	NP_mature_chondrocyte	VEGFB	ADRB2	0.5069592	0.03	0.25195664	0.19149097051462155	0.34421997976850877	0.009762576	0.6520881	0.18227406484443778	1.0	degenerated	True	pain_ligand:VEGFB
NK cells	NP_notochordal	ADAM17	IL6R	0.4756878	0.0	0.15201847	0.35601470366327276	0.6145540529073736	0.007389366	0.59281206	0.11523454962747799	1.0	degenerated	True	pain_receptor:IL6R
Small pre-B cells	AF_inner	VEGFB	ADRB2	0.41046888	0.46	0.16712523	0.05851230520270431	0.17871810984523	0.0064756083	0.6041945	0.8603891213175118	1.0	degenerated	True	pain_ligand:VEGFB
Small pre-B cells	AF_inner	IL11	IL6R	0.40403843	0.05	0.15445992	0.3522197022770399	0.4278028643694846	0.01026496	0.59473366	0.2207665811323996	1.0	degenerated	True	pain_receptor:IL6R
DC	Endothelial cells	SEMA3C	NRP2_PLXNA2	0.32588255	0.14	0.105644315	0.5243108701117399	0.269418849379449	0.045400344	0.5482595	0.38120921633996746	1.0	degenerated	True	pain_receptor:NRP2
AF_mechanical_stress	Fibroblasts	PDGFC	FLT1	0.35264134	0.11	0.10022857	0.17397621888200265	0.10628416594616846	0.007132449	0.5417348	0.4280511550604384	1.0	degenerated	True	pain_receptor:FLT1
Small pre-B cells	AF_mechanical_stress	ANGPT2	ITGA5_ITGB1	0.5035846	0.0	0.25359553	1.4731550599843828	0.8354705580756141	0.014543626	0.65282315	0.006947195023759574	1.0	degenerated	True	pain_ligand:ANGPT2
DC	Endothelial cells	TNFSF13B	CD40	0.4043584	0.0	0.1623299	0.8261000545128188	0.7254014480293769	0.013472354	0.6007083	0.009958879955267392	1.0	degenerated	True	pain_ligand:TNF
DC	Endothelial cells	TNFSF13B	HLA-DPB1	0.45498306	0.0	0.20674276	0.7786237078206273	0.7002344886799048	0.0048976615	0.629329	0.10470158300736218	1.0	degenerated	True	pain_ligand:TNF
NK cells	NP_mature_chondrocyte	GRN	TNFRSF1A	0.46132147	1.0	0.21057098	-0.26779579050601554	-0.5629328503370459	0.0024061392	0.6314665	1.0	1.0	degenerated	True	pain_receptor:TNFRSF1A
AF_mechanical_stress	Fibroblasts	GRN	TNFRSF1A	0.8531713	0.2	0.72413534	0.1777993580765631	-0.011283444484446625	0.008274504	0.7606217	0.742579137922543	1.0	degenerated	True	pain_receptor:TNFRSF1A
Small pre-B cells	AF_outer	ANGPT2	ITGA5_ITGB1	0.4752879	0.0	0.22517541	1.4339251452408557	0.8463468426206142	0.012913741	0.6392341	0.012022189399036994	1.0	degenerated	True	pain_ligand:ANGPT2
NK cells	NP_mature_chondrocyte	ANGPT1	ITGA5	0.3613494	0.0	0.13048026	0.2923428681324647	0.31395811357884024	0.01229187	0.57425004	0.1207088244704147	1.0	degenerated	True	pain_ligand:ANGPT1
NK cells	NP_mature_chondrocyte	ANGPT2	ITGA5_ITGB1	0.517237	0.0	0.24013157	1.8903988539586623	0.7370579970953199	0.013771472	0.64661556	0.009087850191315519	1.0	degenerated	True	pain_ligand:ANGPT2
NK cells	NK cells	VEGFA	EGFR	0.44208336	0.64	0.1877008	0.06951257921410509	-0.023626811519316115	0.013517654	0.61799026	1.0	1.0	degenerated	True	pain_ligand:VEGFA
NK cells	NK cells	VEGFA	GPC1	0.39202845	0.95	0.13463825	-0.17763627528036888	-0.2982731613813104	0.006039168	0.57808024	1.0	1.0	degenerated	True	pain_ligand:VEGFA
AF_mechanical_stress	Fibroblasts	FGF2	FGFR1	0.86724305	0.22	0.7378023	0.12577738258567928	-0.10862072055405858	0.023460627	0.76231974	1.0	1.0	degenerated	True	pain_ligand:FGF2
AF_mechanical_stress	Fibroblasts	FGF2	FGFR2	0.45264953	0.27	0.11788027	0.08714428252019016	-0.04585881263906988	0.033586714	0.5617916	0.8591051864545093	1.0	degenerated	True	pain_ligand:FGF2
AF_mechanical_stress	Fibroblasts	FGF2	FGFRL1	0.45632097	0.82	0.123369984	-0.20298217361216386	-0.5002411133387613	0.0067111827	0.5673864	1.0	1.0	degenerated	True	pain_ligand:FGF2
AF_mechanical_stress	Fibroblasts	FGF2	ITGB3	0.45264953	0.01	0.11788027	0.609286475297056	0.12405585591884682	0.04343887	0.5617916	0.38883489420868067	1.0	degenerated	True	pain_ligand:FGF2
DC	Fibroblasts	PDGFA	PDGFRB	0.6511237	0.0	0.2082979	0.9866645220151173	0.7322546974136506	0.018106982	0.6302027	0.005963467576966869	1.0	degenerated	True	pain_ligand:PDGFA
DC	Fibroblasts	PDGFC	FLT1	0.526269	0.01	0.16874605	0.454673667223664	0.3904167056222319	0.01200828	0.60534805	0.11458311243323929	1.0	degenerated	True	pain_receptor:FLT1
NK cells	NK cells	SLIT3	ROBO1	0.4614199	0.0	0.15487905	1.4161594727733444	1.1060409582919664	0.0412397	0.5950602	0.005963467576966869	1.0	degenerated	True	pain_receptor:ROBO1
Small pre-B cells	AF_outer	CXCL2	DPP4	0.38895768	0.09	0.14086407	0.369062455039888	0.7252861572870255	0.0139893005	0.583583	0.29853358658725165	1.0	degenerated	True	pain_ligand:CXCL2
DC	Fibroblasts	SLIT3	ROBO1	0.39159593	0.0	0.11185818	0.8919272829355684	0.6285418495450836	0.02978452	0.55532694	0.01114131632406748	1.0	degenerated	True	pain_receptor:ROBO1
Small pre-B cells	CD16+ NK cells	VEGFB	ADRB2	0.41506308	0.44	0.17123558	0.06670145437952504	0.46196946124819294	0.0066348724	0.607096	0.8332072727730326	1.0	degenerated	True	pain_ligand:VEGFB
Small pre-B cells	CD16+ NK cells	ANGPT2	ITGA5_ITGB1	0.49492377	0.0	0.24489689	1.4611477734626568	1.137511721037304	0.014044762	0.6488574	0.008202327908653719	1.0	degenerated	True	pain_ligand:ANGPT2
AF_mechanical_stress	Fibroblasts	CCL28	ADRA2A	0.42909014	0.0	0.124940984	2.585917708925643	0.7049479228216862	0.11418348	0.56893873	0.0048725136851089975	1.0	degenerated	True	pain_ligand:CCL2
DC	Fibroblasts	TNFSF13B	HLA-DPB1	0.40827408	0.02	0.1657651	0.6952644499214109	0.43327995875833997	0.0039269156	0.60321707	0.6914802422553287	1.0	degenerated	True	pain_ligand:TNF
DC	Fibroblasts	TNFSF13B	TFRC	0.3806685	0.35	0.1415468	0.4120157941599297	-0.06189248317160956	0.0047998815	0.58417034	0.9091808998172286	1.0	degenerated	True	pain_ligand:TNF
DC	Fibroblasts	TNFSF9	HLA-DPA1	0.37265873	0.02	0.10016439	0.5260443063866239	0.32228741976962466	0.0020799197	0.54165524	0.9130694690029543	1.0	degenerated	True	pain_ligand:TNF
DC	Fibroblasts	VEGFA	EGFR	0.5555948	0.39	0.17567688	0.07880091098146544	-0.10383986381662758	0.012651726	0.6101458	1.0	1.0	degenerated	True	pain_ligand:VEGFA
DC	Fibroblasts	VEGFA	ITGB3	0.5389856	0.21	0.14510594	0.6173093699798003	0.05289044575259649	0.01927004	0.5871835	0.5574057412034529	1.0	degenerated	True	pain_ligand:VEGFA
DC	Fibroblasts	VEGFA	SIRPA	0.563854	0.49	0.1908786	-0.02863776392323389	-0.260557946931993	0.0037014335	0.6199699	1.0	1.0	degenerated	True	pain_ligand:VEGFA
DC	Fibroblasts	VEGFA	TYRO3	0.5389856	0.22	0.14510594	0.3088172364244142	0.012361478481035804	0.02182638	0.5871835	0.6714809830928631	1.0	degenerated	True	pain_ligand:VEGFA
DC	Macrophages	ADAM10	IL6R	0.8517226	0.0	0.7252137	0.9346959818472449	0.8819065862824842	0.013528383	0.76075715	0.009781859876673009	1.0	degenerated	True	pain_receptor:IL6R
DC	Macrophages	ADAM17	IL6R	0.5137406	0.02	0.15945244	0.4095425075552726	0.37509847404573604	0.0077507184	0.59856147	0.14989686201302985	1.0	degenerated	True	pain_receptor:IL6R
Small pre-B cells	DC	ANGPT2	ITGA5_ITGB1	0.5151901	0.0	0.2652516	1.4892444208921471	0.819438734690179	0.015212099	0.65789807	0.005963467576966869	1.0	degenerated	True	pain_ligand:ANGPT2
Small pre-B cells	Classical monocytes	IL11	IL6R	0.41798675	0.12	0.16834626	0.3727596330118621	0.7311842520360219	0.011187806	0.6050647	0.3486108365394669	1.0	degenerated	True	pain_receptor:IL6R
Small pre-B cells	DC	CXCL2	DPP4	0.35707968	0.13	0.10955633	0.30420258940725214	0.4229986618888883	0.010880108	0.5527582	0.36459582607180374	1.0	degenerated	True	pain_ligand:CXCL2
AF_mechanical_stress	Endothelial cells	TNFSF10	TNFRSF10B	0.35824353	0.0	0.1257917	0.22042437059939612	0.2315707507531165	0.008584002	0.56977063	0.20825335582812848	1.0	degenerated	True	pain_ligand:TNF
AF_mechanical_stress	Endothelial cells	TNFSF10	TNFRSF10D	0.38733009	0.0	0.14369616	0.21941888609426463	0.25735804341117613	0.012928299	0.5859996	0.17523729180791575	1.0	degenerated	True	pain_ligand:TNF
AF_mechanical_stress	Endothelial cells	TNFSF9	HLA-DPA1	0.47225988	0.0	0.21740283	0.7157220928217688	0.7948525408307625	0.004514383	0.63517386	0.10350413227990742	1.0	degenerated	True	pain_ligand:TNF
DC	Macrophages	TNFSF13B	CD40	0.41230527	0.0	0.16930166	0.8441738430578642	0.6543878676571585	0.014050966	0.6057406	0.008987804285266486	1.0	degenerated	True	pain_ligand:TNF
DC	Macrophages	VEGFA	ITGAV	0.8543935	0.14	0.72564477	0.23420334028112821	0.23817433862621173	0.010895112	0.7608112	0.38120921633996746	1.0	degenerated	True	pain_ligand:VEGFA
DC	Macrophages	VEGFB	ADRB2	0.3813346	0.47	0.113065235	-0.02741195360188505	-0.14853461355473796	0.0043809437	0.5566517	1.0	1.0	degenerated	True	pain_ligand:VEGFB
NK cells	Mast cells	VEGFB	ADRB2	0.48283148	0.19	0.22406358	0.14848299888360744	0.7179195960807061	0.008681802	0.6386632	0.4614147132364647	1.0	degenerated	True	pain_ligand:VEGFB
NK cells	Memory B cells	ANGPT1	ITGA5	0.3545144	0.18	0.12540871	0.28286702457137647	0.599968140190478	0.011814105	0.5693969	0.44514535890791346	1.0	degenerated	True	pain_ligand:ANGPT1
NK cells	Memory B cells	ANGPT1	ITGB1	0.44843236	0.99	0.19509564	-0.08315979067897544	0.10054848469334299	0.0067491494	0.62254083	1.0	1.0	degenerated	True	pain_ligand:ANGPT1
NK cells	Memory B cells	ANGPT2	ITGA5_ITGB1	0.510402	0.0	0.23079804	1.880923010397574	1.0230680237069576	0.013236197	0.6420731	0.010790735118946095	1.0	degenerated	True	pain_ligand:ANGPT2
DC	Mast cells	TNFSF13B	HLA-DPB1	0.41512322	0.0	0.17177385	0.7074878263004527	0.9870394206807431	0.0040692603	0.60747033	0.10350413227990742	1.0	degenerated	True	pain_ligand:TNF
NK cells	Macrophages	VEGFB	ADRB2	0.38975036	0.5	0.1164563	-0.01743570396396288	0.0870746843411414	0.004512338	0.5602951	0.9218347281520023	1.0	degenerated	True	pain_ligand:VEGFB
Small pre-B cells	DC	VEGFB	ADRB2	0.45455623	0.37	0.20656928	0.13709869585747617	0.2607812809375261	0.008003949	0.62923115	0.7316060155068799	1.0	degenerated	True	pain_ligand:VEGFB
DC	Mast cells	VEGFB	ADRB2	0.47441572	0.26	0.21753912	0.13850674924568526	0.48231029818482674	0.008428998	0.6352464	0.565885135056991	1.0	degenerated	True	pain_ligand:VEGFB
AF_mechanical_stress	Endothelial cells	SEMA3C	NRP2_PLXNA2	0.32997894	0.0	0.10850724	0.5296318884923661	0.27689856737187046	0.046630673	0.55156857	0.14294437353196654	1.0	degenerated	True	pain_receptor:NRP2
AF_mechanical_stress	Endothelial cells	SEMA3E	NRP2	0.3874129	0.94	0.14713736	-0.04310697629836477	-0.11855148044676211	0.014728673	0.5888673	1.0	1.0	degenerated	True	pain_receptor:NRP2
Small pre-B cells	Fibroblasts	APP	NGFR	0.5020432	0.39	0.25202918	1.6060764199276745	0.5409595227161357	0.018218622	0.6521207	0.2640756549737656	1.0	degenerated	True	pain_receptor:NGFR
Small pre-B cells	Fibroblasts	ANGPT2	TIE1	0.39309865	0.0	0.14262779	2.5839349304276062	1.2637409195950655	0.057109606	0.5850941	0.0027811710408902784	1.0	degenerated	True	pain_ligand:ANGPT2
NK cells	Macrophages	GRN	TNFRSF1A	0.39646474	1.0	0.15687945	-0.34697156500604387	-0.6022975415343799	0.0017926203	0.5966054	1.0	1.0	degenerated	True	pain_receptor:TNFRSF1A
NK cells	Fibroblasts	VEGFA	EGFR	0.36046717	0.82	0.10118057	-0.11149973283412082	-0.29816766787850535	0.0072867237	0.542908	1.0	1.0	degenerated	True	pain_ligand:VEGFA
NK cells	Fibroblasts	VEGFA	GPC1	0.3951007	0.85	0.1378951	-0.17242468605184322	-0.2980588423948972	0.0061852536	0.5809924	1.0	1.0	degenerated	True	pain_ligand:VEGFA
NK cells	Fibroblasts	VEGFA	ITGAV	0.47058055	0.84	0.21791026	-0.20648305403366649	-0.44984599629756117	0.0032717893	0.6354439	1.0	1.0	degenerated	True	pain_ligand:VEGFA
NK cells	Fibroblasts	VEGFA	SIRPA	0.36872628	0.88	0.109935954	-0.21893840773882015	-0.4548857509938708	0.0021318297	0.55318576	1.0	1.0	degenerated	True	pain_ligand:VEGFA
NK cells	Macrophages	ADAM17	IL6R	0.5200749	0.0	0.17005563	0.4213778221520728	0.4500798983618446	0.008266122	0.6062711	0.07619147354885251	1.0	degenerated	True	pain_receptor:IL6R
DC	NK cells	TNFSF13B	CD40	0.3333888	0.0	0.10006845	0.6646919124733381	0.47340189129309906	0.008305048	0.54153633	0.07486991014396534	1.0	degenerated	True	pain_ligand:TNF
DC	NK cells	TNFSF13B	HLA-DPB1	0.35759836	0.0	0.12130742	0.6048259409694543	0.40306387815786915	0.002873729	0.5653161	0.5350110021518116	1.0	degenerated	True	pain_ligand:TNF
DC	NP_mature_chondrocyte	ADAM10	IL6R	0.53823066	0.01	0.18194745	0.4730562027792939	0.20478844587635442	0.00339411	0.61430883	0.9282979808543526	1.0	degenerated	True	pain_receptor:IL6R
AF_mechanical_stress	Endothelial cells	FGF2	ITGB3	0.4939223	0.0	0.17959346	0.9341222102271807	0.289544789964613	0.06618018	0.612765	0.10350413227990742	1.0	degenerated	True	pain_ligand:FGF2
AF_mechanical_stress	Endothelial cells	FGF2	SDC2	0.47648096	1.0	0.1535143	-0.3559601026574763	-0.734905959855116	0.0039944313	0.5939933	1.0	1.0	degenerated	True	pain_ligand:FGF2
Small pre-B cells	Mast cells	VEGFB	ADRB2	0.41748655	0.47	0.17340381	0.0710213693943105	0.5694980510371053	0.006718885	0.6085957	0.875492967772131	1.0	degenerated	True	pain_ligand:VEGFB
Small pre-B cells	Memory B cells	ANGPT2	ITGA5_ITGB1	0.42010492	0.01	0.16975182	1.3574213557384078	0.9843475609612118	0.0097352145	0.60605764	0.11458311243323929	1.0	degenerated	True	pain_ligand:ANGPT2
DC	NP_mature_chondrocyte	TNF	SEMA4C	0.8091067	0.0	0.18419129	2.7146765611521935	1.3307391265886168	0.016901396	0.61575985	0.005963467576966869	1.0	degenerated	True	pain_ligand:TNF
DC	NP_mature_chondrocyte	TNF	TRADD	0.81298256	0.0	0.19578019	2.6095912994332324	1.2217766317100405	0.013953431	0.6229522	0.00847902648473214	1.0	degenerated	True	pain_ligand:TNF
DC	NP_mature_chondrocyte	TNFSF13B	HLA-DPB1	0.345991	0.0	0.11112431	0.5841107829033141	0.3288971609620072	0.0026324948	0.55451405	0.7017832258545154	1.0	degenerated	True	pain_ligand:TNF
DC	NP_mature_chondrocyte	VEGFB	ADRB2	0.49854344	0.16	0.24461998	0.18151472087669937	0.1086106818726294	0.009478302	0.6487285	0.4226580980301247	1.0	degenerated	True	pain_ligand:VEGFB
DC	NP_notochordal	ADAM17	IL6R	0.4693535	0.0	0.14253992	0.34417938906647255	0.5395726285912651	0.0069286297	0.58501935	0.143655480322286	1.0	degenerated	True	pain_receptor:IL6R
AF_mechanical_stress	DC	VEGFB	ADRB2	0.5077574	0.1	0.25570303	0.2001649063785719	0.1574911541063449	0.009907737	0.6537605	0.3223610982857087	1.0	degenerated	True	pain_ligand:VEGFB
NK cells	Endothelial cells	VEGFA	ITGB3	0.38513067	0.6	0.12732601	0.7518444610943387	0.02405157573648492	0.01690887	0.5712559	0.546711807492033	1.0	degenerated	True	pain_ligand:VEGFA
AF_mechanical_stress	DC	TNFSF10	TNFRSF10D	0.36775696	0.13	0.13164777	0.18957712280681538	0.1675886362684192	0.011844309	0.57533866	0.36459582607180374	1.0	degenerated	True	pain_ligand:TNF
AF_mechanical_stress	DC	TNFSF9	PVR	0.37742347	0.01	0.113600485	0.5318443708782858	0.5583545784245106	0.03276594	0.55723447	0.11458311243323929	1.0	degenerated	True	pain_ligand:TNF
NK cells	Endothelial cells	VEGFA	NRP2	0.48589137	1.0	0.23414105	-0.26385907401118525	-0.49041392337792367	0.0031344222	0.64372385	1.0	1.0	degenerated	True	pain_ligand:VEGFA; pain_receptor:NRP2
NK cells	Fibroblasts	ANGPT1	TIE1	0.3275081	0.0	0.105370104	1.5093805992605747	0.8793614988243317	0.06930498	0.5479376	0.005963467576966869	1.0	degenerated	True	pain_ligand:ANGPT1
NK cells	Fibroblasts	ANGPT2	TIE1	0.48339576	0.0	0.19391966	3.1074365850867722	1.3024613823408115	0.07764739	0.6218302	0.002171579461195647	1.0	degenerated	True	pain_ligand:ANGPT2
NK cells	Endothelial cells	VEGFA	ITGA9	0.4389859	0.36	0.18441722	0.8481810808041514	0.1263673507283069	0.025283413	0.61590487	0.30395006848950895	1.0	degenerated	True	pain_ligand:VEGFA
NK cells	Endothelial cells	VEGFA	ITGAV	0.47537822	0.98	0.22299618	-0.20011649205102336	-0.38463926161453366	0.003348151	0.638112	1.0	1.0	degenerated	True	pain_ligand:VEGFA
DC	NP_stressed_degenerative	ADAM17	IL6R	0.57548416	0.0	0.18297817	0.5004643311080881	1.0975464984702672	0.008894266	0.6149778	0.05812587436044684	1.0	degenerated	True	pain_receptor:IL6R
Small pre-B cells	NP_mature_chondrocyte	ANGPT2	ITGA5_ITGB1	0.4269399	0.0	0.17661662	1.366897199299496	0.6983375343495741	0.010128909	0.6107801	0.03476051539243628	1.0	degenerated	True	pain_ligand:ANGPT2
AF_mechanical_stress	DC	SEMA3E	NRP2	0.489645	0.34	0.21524157	0.07664093019964549	0.08266499662989168	0.02154601	0.63401544	0.6881343060618171	1.0	degenerated	True	pain_receptor:NRP2
AF_mechanical_stress	DC	NGF	KIDINS220	0.4794131	0.03	0.12249544	0.26552158535680404	0.2032494179506552	0.0089574065	0.5665131	0.24748297361908822	1.0	degenerated	True	pain_ligand:NGF
DC	NP_stressed_degenerative	VEGFA	CD44	0.8316057	0.86	0.6837016	-0.13074908484226738	0.02613193554282034	0.002367763	0.75535184	1.0	1.0	degenerated	True	pain_ligand:VEGFA
Small pre-B cells	NP_mature_chondrocyte	IL11	IL6R	0.35388193	0.08	0.10452629	0.2783605555923074	0.2693465881412972	0.006946515	0.5469416	0.2799514982977906	1.0	degenerated	True	pain_receptor:IL6R
AF_mechanical_stress	DC	GRN	TNFRSF1A	0.50041735	1.0	0.16551109	-0.25283478957141614	-0.5647018787849971	0.0018912515	0.6030335	1.0	1.0	degenerated	True	pain_receptor:TNFRSF1A
Small pre-B cells	NP_mature_chondrocyte	VEGFB	ADRB2	0.44161427	0.42	0.19499038	0.11402934102532461	0.19579843472490793	0.0075553013	0.6224774	0.8058806302986716	1.0	degenerated	True	pain_ligand:VEGFB
DC	Plasma cells	ADAM17	IL6R	0.47236377	0.03	0.14368689	0.348612145944021	0.4849323858529597	0.006984382	0.5859918	0.1760704091790426	1.0	degenerated	True	pain_receptor:IL6R
AF_mechanical_stress	DC	FGF2	SDC4	0.47486365	0.96	0.151096	-0.2185246993367736	-0.48240115707881337	0.0074383207	0.5920773	1.0	1.0	degenerated	True	pain_ligand:FGF2
DC	Plasma cells	TNFSF13B	CD40	0.45980215	0.0	0.21097055	0.952197388131526	0.7289677088541076	0.01750922	0.631687	0.005963467576966869	1.0	degenerated	True	pain_ligand:TNF
AF_mechanical_stress	DC	CCL2	CCR1	0.4695382	0.0	0.14285089	2.0538885416241937	0.65793181743734	0.014142886	0.5852839	0.008713892847584764	1.0	degenerated	True	pain_ligand:CCL2
NK cells	DC	VEGFA	ITGAV	0.48354855	0.91	0.23165746	-0.18927448344776068	-0.3482498325193498	0.003478195	0.64250004	1.0	1.0	degenerated	True	pain_ligand:VEGFA
AF_mechanical_stress	DC	ADAM17	IL6R	0.4922974	0.01	0.2054298	0.39966449254203784	0.36415854177099666	0.009985602	0.6285856	0.11458311243323929	1.0	degenerated	True	pain_receptor:IL6R
AF_mechanical_stress	DC	ADAM10	IL6R	0.43483678	0.02	0.12677065	0.25555323134564595	0.1530712253389327	0.0023648227	0.57072055	1.0	1.0	degenerated	True	pain_receptor:IL6R
DC	Small pre-B cells	TNFSF13B	TFRC	0.48432267	0.19	0.23248233	0.5336353177855309	0.5300310699847273	0.007883525	0.64290816	0.4614147132364647	1.0	degenerated	True	pain_ligand:TNF
DC	Small pre-B cells	TNFSF9	HLA-DPA1	0.5684476	0.01	0.16904674	0.9743759030821981	0.9889150219496115	0.0035102663	0.60556066	0.2308613298657348	1.0	degenerated	True	pain_ligand:TNF
AF_mechanical_stress	Classical monocytes	TNFSF10	TNFRSF10C	0.32720688	0.0	0.10668688	0.897326850053554	0.7748653082166002	0.053680606	0.5494753	0.005963467576966869	1.0	degenerated	True	pain_ligand:TNF
Small pre-B cells	Tcm/Naive helper T cells	ANGPT2	ITGA5_ITGB1	0.444337	0.01	0.19408958	1.391015958033446	1.0152908206461038	0.011130978	0.6219332	0.11458311243323929	1.0	degenerated	True	pain_ligand:ANGPT2
Small pre-B cells	Tcm/Naive helper T cells	CXCL2	DPP4	0.38706648	0.09	0.13900672	0.3652145686264997	0.64721991187637	0.0138048455	0.5819694	0.29853358658725165	1.0	degenerated	True	pain_ligand:CXCL2
AF_mechanical_stress	Classical monocytes	PDGFC	FLT1	0.42674816	0.07	0.17551684	0.3093008486384047	0.6083082409892113	0.012490101	0.6100374	0.2606939141756345	1.0	degenerated	True	pain_receptor:FLT1
AF_mechanical_stress	Classical monocytes	PIGF	FLT1	0.32429528	0.16	0.10471672	0.23750302203973042	0.5288975705992096	0.01657223	0.5471672	0.4130290097656548	1.0	degenerated	True	pain_receptor:FLT1
DC	Tcm/Naive helper T cells	TNFSF13B	TFRC	0.37957495	0.17	0.14058743	0.4107327399527073	0.25201596773235824	0.00476735	0.5833441	0.4350362401323234	1.0	degenerated	True	pain_ligand:TNF
Small pre-B cells	Tem/Temra cytotoxic T cells	ANGPT2	ITGA5_ITGB1	0.416733	1.0	0.16636519	0.8990783272039296	0.20785717101103685	0.0035036593	0.60364944	1.0	1.0	degenerated	True	pain_ligand:ANGPT2
NK cells	DC	ADAM17	IL6R	0.44382071	0.02	0.13906895	0.3090879981227172	0.3227690640957479	0.0067599113	0.58202374	0.15650975802676814	1.0	degenerated	True	pain_receptor:IL6R
NK cells	DC	ANGPT1	ITGA5	0.4495996	0.02	0.19596174	0.4146900897251156	0.4350593139194452	0.018460542	0.6230611	0.14989686201302985	1.0	degenerated	True	pain_ligand:ANGPT1
AF_mechanical_stress	Classical monocytes	ADAM17	IL6R	0.31916445	0.26	0.101503775	0.14471361492299722	0.2761888995256882	0.0049339305	0.54330367	0.565885135056991	1.0	degenerated	True	pain_receptor:IL6R
AF_mechanical_stress	CD16+ NK cells	TNFSF9	HLA-DPA1	0.4453471	0.0	0.18794568	0.6540951544719386	0.9690109718422147	0.0039027038	0.61814404	0.10350413227990742	1.0	degenerated	True	pain_ligand:TNF
AF_mechanical_stress	CD16+ NK cells	VEGFB	ADRB2	0.46826428	0.05	0.21196498	0.12976766490062078	0.3586793344170117	0.008213017	0.6322339	0.3052802909738956	1.0	degenerated	True	pain_ligand:VEGFB
NK cells	Classical monocytes	ANGPT1	ITGA5	0.3788897	0.21	0.14349514	0.316660177462171	0.8028168644116727	0.013517935	0.5858298	0.493155767626948	1.0	degenerated	True	pain_ligand:ANGPT1
NK cells	CD16+ NK cells	VEGFB	ADRB2	0.480408	0.13	0.22126189	0.14416308386882198	0.6103910062917938	0.008573244	0.6372101	0.36459582607180374	1.0	degenerated	True	pain_ligand:VEGFB
DC	Tem/Trm cytotoxic T cells	TNFSF13B	HLA-DPB1	0.48013082	0.0	0.22880484	0.823503781201856	0.8943317248346128	0.005420304	0.6410758	0.10350413227990742	1.0	degenerated	True	pain_ligand:TNF
Endothelial cells	AF_inner	ADAM10	IL6R	0.41641194	0.0	0.1621389	0.26072755081453847	0.1818233405985321	0.0030245942	0.6005671	1.0	1.0	degenerated	True	pain_receptor:IL6R
Endothelial cells	AF_inner	ADAM17	IL6R	0.36812514	0.0	0.13217223	0.2417163841958171	0.19486393747834785	0.0064246734	0.5758243	0.2596780969830682	1.0	degenerated	True	pain_receptor:IL6R
NK cells	AF_outer	VEGFA	EGFR	0.38342553	0.91	0.12551841	-0.060581608561741704	-0.06218453083561801	0.009039463	0.5695041	1.0	1.0	degenerated	True	pain_ligand:VEGFA
NK cells	AF_outer	VEGFA	GPC1	0.4368231	0.94	0.18212445	-0.1016488517211713	-0.1503593973739184	0.008169151	0.614424	1.0	1.0	degenerated	True	pain_ligand:VEGFA
NK cells	AF_outer	VEGFA	SIRPA	0.42570108	0.95	0.17033415	-0.12622914668134527	-0.33334268276286916	0.003303045	0.6064664	1.0	1.0	degenerated	True	pain_ligand:VEGFA
NK cells	CD16+ NK cells	ANGPT1	ITGA5	0.42933324	0.0	0.18092415	0.3865934422956253	0.7531323002665703	0.017043928	0.6136404	0.032646692656430935	1.0	degenerated	True	pain_ligand:ANGPT1
NK cells	CD16+ NK cells	ANGPT1	ITGB1	0.5174109	1.0	0.24627754	-0.017707691678316984	0.18356839444126993	0.008519739	0.64949757	1.0	1.0	degenerated	True	pain_ligand:ANGPT1
AF_mechanical_stress	AF_outer	SEMA3E	NRP2	0.5073326	0.0	0.22702456	0.09735902119713434	0.14267203606624945	0.022725504	0.6401766	0.39735988764985286	1.0	degenerated	True	pain_receptor:NRP2
AF_mechanical_stress	AF_outer	NGF	MAGED1	0.4350764	0.0	0.10903633	0.06239787534959905	0.17856318655642545	0.014985724	0.55217004	0.5200571302097112	1.0	degenerated	True	pain_ligand:NGF
NK cells	AF_outer	CXCL2	DPP4	0.36144972	0.0	0.12508221	0.32626521870616404	0.7476697144864775	0.0124219945	0.56907725	0.05505720785143764	1.0	degenerated	True	pain_ligand:CXCL2
Endothelial cells	AF_inner	PDGFA	PDGFRA	0.3372413	0.35	0.11328167	0.09356996982117544	0.03369979173134485	0.013190748	0.55688775	0.7019857964235483	1.0	degenerated	True	pain_ligand:PDGFA
Endothelial cells	AF_inner	PGF	NRP2	0.47408897	0.0	0.2122506	0.5250889963464984	0.36992381088752074	0.014729058	0.6323904	0.0834272932789213	1.0	degenerated	True	pain_receptor:NRP2
Tcm/Naive helper T cells	DC	ADAM10	IL6R	0.4858521	0.02	0.19660667	0.3404490265653233	0.49650662842471577	0.0036675679	0.6234468	0.7926890085077323	1.0	degenerated	True	pain_receptor:IL6R
Tcm/Naive helper T cells	DC	CXCL8	SDC3	0.5064035	0.0	0.24800551	0.7746782706697181	0.12978633930049022	0.010676171	0.650293	0.3032770678109146	1.0	degenerated	True	pain_ligand:CXCL8
Endothelial cells	AF_inner	TNFSF10	RIPK1	0.43248668	0.0	0.1315184	0.4462912704877888	0.5505763871628493	0.012679179	0.57521856	0.021087612886301118	1.0	degenerated	True	pain_ligand:TNF
Endothelial cells	AF_inner	TNFSF10	TNFRSF10B	0.4870119	0.0	0.20437795	0.4580689777414862	0.5345456158281536	0.013946711	0.6279862	0.024138469786708566	1.0	degenerated	True	pain_ligand:TNF
Endothelial cells	AF_inner	VEGFA	CD44	0.42301688	1.0	0.124494426	-0.5296677352651039	-1.0915018321755459	0.00043114327	0.5684996	1.0	1.0	degenerated	True	pain_ligand:VEGFA
Endothelial cells	AF_inner	VEGFA	NRP2	0.38780496	1.0	0.111136846	-0.34538263485220827	-0.7655160603368524	0.0014877777	0.554528	1.0	1.0	degenerated	True	pain_ligand:VEGFA; pain_receptor:NRP2
Endothelial cells	AF_mechanical_stress	ANGPT2	ITGA5_ITGB1	0.3527581	0.0	0.10126395	0.5987311054384206	0.32788415141817673	0.0058074566	0.54301023	0.24973613286124538	1.0	degenerated	True	pain_ligand:ANGPT2
NK cells	AF_outer	ANGPT1	ITGA5	0.40969738	0.0	0.16635437	0.3593708140738242	0.4619674218498804	0.015671385	0.6036416	0.04253412855572141	1.0	degenerated	True	pain_ligand:ANGPT1
NK cells	AF_mechanical_stress	VEGFA	GPC1	0.44645756	0.93	0.19233783	-0.0853052907645528	-0.23910091621772323	0.008627269	0.6208667	1.0	1.0	degenerated	True	pain_ligand:VEGFA
NK cells	AF_mechanical_stress	VEGFA	SIRPA	0.36453885	1.0	0.105496906	-0.22575225585100112	-0.4629347792771393	0.0020457497	0.5480865	1.0	1.0	degenerated	True	pain_ligand:VEGFA
NK cells	AF_mechanical_stress	PDGFA	PDGFRB	0.5909349	0.0	0.14841616	0.9089368665659485	0.8439612897354841	0.012901566	0.58991444	0.012103718506807819	1.0	degenerated	True	pain_ligand:PDGFA
AF_mechanical_stress	AF_mechanical_stress	TNFSF10	TNFRSF10D	0.48777092	0.0	0.20552324	0.3725541149596109	0.36228018515918275	0.018490862	0.62863874	0.08797112598663571	1.0	degenerated	True	pain_ligand:TNF
AF_mechanical_stress	AF_mechanical_stress	TNFSF10	TNFRSF11B	0.51814747	0.88	0.22422172	0.02640374256107489	-0.19387984013301063	0.011873851	0.63874465	1.0	1.0	degenerated	True	pain_ligand:TNF
AF_mechanical_stress	AF_mechanical_stress	TNFSF9	HLA-DPA1	0.38798934	0.0	0.12516527	0.5227531179888187	0.4773401114068646	0.0025990647	0.5691587	0.37082435589581253	1.0	degenerated	True	pain_ligand:TNF
AF_mechanical_stress	AF_mechanical_stress	TNFSF10	TNFRSF10B	0.36821777	0.0	0.13193142	0.23677171514676706	0.16446866258139015	0.009002975	0.5756015	0.31034917880587326	1.0	degenerated	True	pain_ligand:TNF
AF_mechanical_stress	AF_mechanical_stress	NGF	BEX3	0.71405745	0.1	0.1937255	0.027022031784955755	-0.09451636544836306	0.013015366	0.62171245	1.0	1.0	degenerated	True	pain_ligand:NGF
AF_mechanical_stress	AF_mechanical_stress	PDGFA	PDGFRA	0.47739887	0.0	0.2169915	0.2773440135187874	0.2414920569549589	0.025266934	0.6349544	0.1952523969111718	1.0	degenerated	True	pain_ligand:PDGFA
Endothelial cells	AF_mechanical_stress	PDGFA	PDGFRA	0.4701721	0.0	0.20858118	0.26203861772209003	0.2744390123029274	0.02428762	0.630361	0.15754741027964297	1.0	degenerated	True	pain_ligand:PDGFA
Tcm/Naive helper T cells	Macrophages	CXCL8	SDC3	0.39208135	0.01	0.15322343	0.4206379177214869	0.006898059175172722	0.0065959804	0.59376466	0.6880089728816146	1.0	degenerated	True	pain_ligand:CXCL8
NK cells	AF_mechanical_stress	ANGPT1	ITGA5	0.43799412	0.0	0.1873505	0.3986007288173513	0.45109113730488026	0.01764932	0.61776966	0.04625674303152503	1.0	degenerated	True	pain_ligand:ANGPT1
AF_mechanical_stress	AF_mechanical_stress	FGF2	FGFRL1	0.85822356	0.0	0.724316	0.3115783700738887	0.25779061913323253	0.03940194	0.7606444	0.17489088758106544	1.0	degenerated	True	pain_ligand:FGF2
Endothelial cells	AF_mechanical_stress	TNFSF10	RIPK1	0.4271617	0.0	0.12440284	0.4353276745228169	0.5048966554944692	0.011993195	0.5684093	0.030180330817039306	1.0	degenerated	True	pain_ligand:TNF
NK cells	AF_inner	VEGFA	GPC1	0.4187854	0.95	0.16300291	-0.1322471472134938	-0.2908726524737014	0.0073114582	0.6012044	1.0	1.0	degenerated	True	pain_ligand:VEGFA
NK cells	AF_inner	VEGFA	ITGAV	0.5124931	0.95	0.26234114	-0.1508651260859814	-0.32343115222811347	0.0039388915	0.6566554	1.0	1.0	degenerated	True	pain_ligand:VEGFA
NK cells	AF_inner	VEGFA	SIRPA	0.40263897	0.96	0.14588632	-0.16375548949611118	-0.37305545500817483	0.0028289633	0.58783334	1.0	1.0	degenerated	True	pain_ligand:VEGFA
NK cells	AF_inner	VEGFB	ADRB2	0.4758138	0.15	0.21595071	0.13597393469200125	0.32713965488883084	0.008367452	0.634397	0.3966030130874488	1.0	degenerated	True	pain_ligand:VEGFB
Endothelial cells	AF_mechanical_stress	VEGFA	ITGAV	0.36149588	1.0	0.10115655	-0.29137798466221965	-0.7283959943527916	0.0015188036	0.54287857	1.0	1.0	degenerated	True	pain_ligand:VEGFA
Endothelial cells	AF_mechanical_stress	VEGFA	NRP2	0.57309353	1.0	0.18142572	-0.1283480445899907	-0.5279156459153581	0.002428728	0.61396855	1.0	1.0	degenerated	True	pain_ligand:VEGFA; pain_receptor:NRP2
Endothelial cells	AF_mechanical_stress	VEGFB	ADRB2	0.44452173	0.19	0.13388127	0.1954134141920743	-0.04233231746343091	0.005187504	0.57739246	0.8462338607862027	1.0	degenerated	True	pain_ligand:VEGFB
AF_mechanical_stress	AF_mechanical_stress	FGF2	FGFR1	0.84593964	0.0	0.70594835	0.10203119910152827	-0.02168397964381885	0.022447735	0.7582984	0.7017832258545154	1.0	degenerated	True	pain_ligand:FGF2
AF_mechanical_stress	AF_mechanical_stress	FGF2	FGFR2	0.4507836	0.0	0.11509022	0.08254563449853763	0.0013567734272082743	0.032791767	0.55884105	0.7017832258545154	1.0	degenerated	True	pain_ligand:FGF2
AF_mechanical_stress	AF_mechanical_stress	FGF2	FGFR3	0.46704516	0.0	0.13940535	0.11490027376013834	0.03268982662905817	0.03369325	0.5823176	0.6117152804637324	1.0	degenerated	True	pain_ligand:FGF2
NK cells	AF_inner	GRN	TNFRSF1A	0.41115516	1.0	0.1690409	-0.32903787926899236	-0.6244272373309959	0.0019315858	0.6055566	1.0	1.0	degenerated	True	pain_receptor:TNFRSF1A
AF_mechanical_stress	AF_inner	VEGFB	ADRB2	0.46367007	0.0	0.20687696	0.12157851572380005	0.0754279830140488	0.008015871	0.6294047	0.4990243973547716	1.0	degenerated	True	pain_ligand:VEGFB
NK cells	AF_inner	ANGPT2	ITGA5_ITGB1	0.47063658	0.0	0.1764964	1.8257935349307468	0.6615133674766114	0.010122014	0.6106991	0.03486366862845601	1.0	degenerated	True	pain_ligand:ANGPT2
Tcm/Naive helper T cells	NP_notochordal	ADAM10	IL6R	0.51771915	0.0	0.21491386	0.38737573210587883	0.7882916172363414	0.004009077	0.63383865	0.3348684255041825	1.0	degenerated	True	pain_receptor:IL6R
AF_mechanical_stress	AF_inner	TNFSF10	TNFRSF10D	0.340243	0.0	0.11471137	0.14762865282198723	0.15079403816170217	0.010320547	0.55843467	0.33551701611692136	1.0	degenerated	True	pain_ligand:TNF
AF_mechanical_stress	AF_inner	SEMA3E	NRP2	0.45951098	0.15	0.19516712	0.041343999335935355	0.01326509419894839	0.019536525	0.62258387	0.6688738682998016	1.0	degenerated	True	pain_receptor:NRP2
AF_mechanical_stress	AF_inner	NGF	MAGED1	0.4266756	0.0	0.10648613	0.052215274410487914	0.07223943723922777	0.01463523	0.54924214	0.5589210381341658	1.0	degenerated	True	pain_ligand:NGF
AF_mechanical_stress	AF_inner	PDGFA	PDGFRA	0.34446806	0.19	0.11784936	0.10887536561787284	0.0007528363833763652	0.013722619	0.56175935	0.7059074590289277	1.0	degenerated	True	pain_ligand:PDGFA
AF_mechanical_stress	AF_inner	PDGFC	FLT1	0.406623	0.0	0.15507084	0.27255088674551936	0.31090688962885765	0.011035127	0.5952093	0.12317387480669673	1.0	degenerated	True	pain_receptor:FLT1
Endothelial cells	AF_outer	TNFSF10	RIPK1	0.4167711	0.0	0.1105184	0.41393453344505826	0.4538456754434579	0.010654651	0.5538387	0.04528572824662759	1.0	degenerated	True	pain_ligand:TNF
Endothelial cells	AF_outer	TNFSF10	TNFRSF10B	0.45874432	0.0	0.16660525	0.4117393611189065	0.3733127622477552	0.011369111	0.6038219	0.08137682487715878	1.0	degenerated	True	pain_ligand:TNF
Endothelial cells	AF_outer	TNFSF10	TNFRSF10D	0.48429525	0.0	0.20074777	0.4144525699166546	0.47597260695514626	0.018061215	0.6258904	0.0382045464643061	1.0	degenerated	True	pain_ligand:TNF
Endothelial cells	AF_outer	VEGFA	ITGAV	0.38550463	1.0	0.11026423	-0.25951898785802835	-0.5276810211356061	0.0016555499	0.5535542	1.0	1.0	degenerated	True	pain_ligand:VEGFA
Endothelial cells	AF_outer	VEGFA	NRP2	0.43562657	1.0	0.12927788	-0.28936761299100927	-0.6361091184695513	0.00173063	0.573118	1.0	1.0	degenerated	True	pain_ligand:VEGFA; pain_receptor:NRP2
Memory B cells	NP_stressed_degenerative	GRN	TNFRSF1A	0.5180042	0.95	0.23718537	-0.1923215370995191	0.4306738526233319	0.0027102546	0.6452038	1.0	1.0	degenerated	True	pain_receptor:TNFRSF1A
AF_mechanical_stress	AF_inner	FGF2	FGFR2	0.49778885	0.0	0.18537498	0.19839047558609307	0.15440882695918548	0.05281746	0.61651736	0.3275946105239515	1.0	degenerated	True	pain_ligand:FGF2
Memory B cells	NP_notochordal	GRN	TNFRSF1A	0.38874662	0.99	0.14889456	-0.3501163776986461	-0.21558388021244645	0.0017013788	0.5903037	1.0	1.0	degenerated	True	pain_receptor:TNFRSF1A
Endothelial cells	CD16+ NK cells	VEGFA	CD44	0.49312177	1.0	0.1510886	-0.4605881728623805	-0.6645713485567452	0.0005232429	0.5920714	1.0	1.0	degenerated	True	pain_ligand:VEGFA
Endothelial cells	CD16+ NK cells	VEGFA	ITGB1	0.4267484	1.0	0.12590997	-0.6573140600128884	-0.959979755914412	0.0005751841	0.56988585	1.0	1.0	degenerated	True	pain_ligand:VEGFA
Endothelial cells	Classical monocytes	ADAM10	IL6R	0.43036026	0.13	0.17671558	0.28126748154936065	0.4852047282650694	0.0032965126	0.6108467	0.976309150023092	1.0	degenerated	True	pain_receptor:IL6R
Endothelial cells	Classical monocytes	ADAM17	IL6R	0.38207346	0.17	0.14405484	0.26225631493063933	0.4982453251448851	0.007002267	0.58630204	0.4295575971167276	1.0	degenerated	True	pain_receptor:IL6R
Memory B cells	NP_mature_chondrocyte	GRN	TNFRSF1A	0.4251247	0.99	0.17374301	-0.3057067308309559	-0.3803619297948604	0.0019853157	0.6088285	1.0	1.0	degenerated	True	pain_receptor:TNFRSF1A
Endothelial cells	Classical monocytes	TNFSF10	TNFRSF10C	0.5073811	0.0	0.23159629	1.2192240111831878	1.2157796768086735	0.11653005	0.64246976	0.005853908624787224	1.0	degenerated	True	pain_ligand:TNF
Tem/Effector helper T cells	AF_inner	TNFSF10	TNFRSF10D	0.33224106	0.19	0.108746596	0.13333241615988375	0.2730913626934332	0.009783898	0.551841	0.4614147132364647	1.0	degenerated	True	pain_ligand:TNF
AF_inner	Tem/Trm cytotoxic T cells	TNFSF9	HLA-DPA1	0.35851702	0.0	0.11401039	0.48724165540648245	0.7737634099813682	0.0023674332	0.55767876	0.18421147003468918	1.0	degenerated	True	pain_ligand:TNF
AF_inner	Tem/Trm cytotoxic T cells	TNFSF9	TNFRSF9	0.3515459	0.0	0.11069213	1.1084627742228679	0.9723130834330972	0.026325988	0.55403274	0.005963467576966869	1.0	degenerated	True	pain_ligand:TNF
Tem/Effector helper T cells	AF_inner	TNF	TNFRSF1A	0.38804325	0.01	0.15016373	0.5050901890993961	0.2598892734760303	0.0037184674	0.5913297	0.7695596265780309	1.0	degenerated	True	pain_ligand:TNF; pain_receptor:TNFRSF1A
Endothelial cells	Classical monocytes	VEGFA	CD44	0.43595758	1.0	0.12940346	-0.5169164702802839	-0.730040835016364	0.000448144	0.5732367	1.0	1.0	degenerated	True	pain_ligand:VEGFA
Endothelial cells	Classical monocytes	VEGFA	NRP2	0.45732492	0.96	0.13750912	-0.2639516154839327	-0.2616239655315362	0.0018408208	0.5806511	1.0	1.0	degenerated	True	pain_ligand:VEGFA; pain_receptor:NRP2
Endothelial cells	Classical monocytes	VEGFA	SIRPA	0.42074487	0.94	0.12363254	-0.023342335674533587	-0.10496653779486398	0.0023974278	0.56764734	1.0	1.0	degenerated	True	pain_ligand:VEGFA
Memory B cells	Macrophages	GRN	TNFRSF1A	0.36026797	0.99	0.12944192	-0.3848825053309843	-0.4197266209921944	0.0014790986	0.5732731	1.0	1.0	degenerated	True	pain_receptor:TNFRSF1A
Tem/Effector helper T cells	AF_inner	VEGFB	ADRB2	0.3651107	0.67	0.13323377	0.004743527987400936	0.042656036991217394	0.005162415	0.57680094	1.0	1.0	degenerated	True	pain_ligand:VEGFB
Endothelial cells	DC	ANGPT2	ITGA5_ITGB1	0.36436358	0.04	0.10591837	0.6148204663461848	0.31185232803274165	0.006074386	0.5485803	0.21791987941606514	1.0	degenerated	True	pain_ligand:ANGPT2
Memory B cells	Macrophages	CXCL8	SDC3	0.4438804	0.1	0.19151568	0.4658951412836043	0.1975174450805146	0.008244391	0.6203624	0.31615274946789357	1.0	degenerated	True	pain_ligand:CXCL8
Endothelial cells	DC	CCL2	CCR1	0.83485436	0.0	0.6894613	2.64218978840088	1.429722873725571	0.06825979	0.75612617	0.0008959086184361967	1.0	degenerated	True	pain_ligand:CCL2
AF_inner	Tem/Temra cytotoxic T cells	TNFSF9	HLA-DPA1	0.3391468	0.0	0.104790114	0.4428863893825403	0.6292729069134589	0.0021759735	0.54725397	0.23990708796535506	1.0	degenerated	True	pain_ligand:TNF
Memory B cells	Fibroblasts	RTN4	NGFR	0.49630663	1.0	0.24622023	1.262777777029722	0.057487991885790235	0.008645766	0.64947104	0.9952705189338521	1.0	degenerated	True	pain_receptor:NGFR
Endothelial cells	DC	CXCL8	SDC2	0.5609582	0.87	0.20668942	-0.13742815881864295	-0.9024690290193615	0.0012927797	0.6292989	1.0	1.0	degenerated	True	pain_ligand:CXCL8
Endothelial cells	DC	CXCL8	SDC3	0.41530776	0.02	0.13900624	0.6950871831119925	-0.21966147464797459	0.005983957	0.5819689	1.0	1.0	degenerated	True	pain_ligand:CXCL8
Endothelial cells	DC	GRN	TNFRSF1A	0.4745158	1.0	0.15468267	-0.27996286704650364	-0.49518125935514673	0.0017675181	0.5949073	1.0	1.0	degenerated	True	pain_receptor:TNFRSF1A
Tem/Effector helper T cells	AF_mechanical_stress	TNF	VSIR	0.3962462	0.0	0.15619618	0.6757031607611049	0.4237224309333021	0.003118056	0.59608	0.4857863236882567	1.0	degenerated	True	pain_ligand:TNF
Tem/Effector helper T cells	AF_mechanical_stress	TNFSF10	TNFRSF10B	0.36021578	0.07	0.12507124	0.2224754784846636	0.2867659871131212	0.0085348375	0.5690665	0.2606939141756345	1.0	degenerated	True	pain_ligand:TNF
Tem/Effector helper T cells	AF_mechanical_stress	TNFSF10	TNFRSF10D	0.47976896	0.0	0.19483641	0.3582578782975074	0.4845775096909138	0.017529372	0.62238455	0.0414654479443681	1.0	degenerated	True	pain_ligand:TNF
Tem/Effector helper T cells	AF_mechanical_stress	TNFSF10	TNFRSF11B	0.5101455	0.7	0.2125626	0.01210750589897143	-0.0715825156012796	0.011256433	0.63256115	1.0	1.0	degenerated	True	pain_ligand:TNF
Memory B cells	Endothelial cells	CXCL8	SDC2	0.3617366	1.0	0.106392086	-0.3661635739097908	-0.94368684468627	0.0006654502	0.54913276	1.0	1.0	degenerated	True	pain_ligand:CXCL8
Endothelial cells	DC	PGF	NRP2	0.504223	0.07	0.23408224	0.5603859272102086	0.43932371331846404	0.016244056	0.643695	0.2606939141756345	1.0	degenerated	True	pain_receptor:NRP2
Memory B cells	DC	ADAM10	IL6R	0.50122166	0.0	0.21764645	0.36602594028777247	0.5613731471830962	0.004060051	0.63530356	0.3786124305969664	1.0	degenerated	True	pain_receptor:IL6R
Tem/Effector helper T cells	AF_outer	TNF	TNFRSF1A	0.4977019	0.0	0.23080674	0.6389587952707466	0.4419434240146155	0.0057154107	0.6420774	0.2621702100768383	1.0	degenerated	True	pain_ligand:TNF; pain_receptor:TNFRSF1A
Endothelial cells	DC	TNFSF10	RIPK1	0.42535725	0.0	0.12199167	0.43161253347304224	0.5055616714436018	0.011760744	0.566007	0.03003385737210203	1.0	degenerated	True	pain_ligand:TNF
Endothelial cells	DC	TNFSF10	TNFRSF10A	0.44033542	0.0	0.14200632	0.6629859706318799	0.7074164037916774	0.014230053	0.584564	0.007733076501494065	1.0	degenerated	True	pain_ligand:TNF
Endothelial cells	DC	VEGFA	ITGB1	0.47096813	1.0	0.14268465	-0.6153548955526449	-1.2898686321051964	0.00065181445	0.58514243	1.0	1.0	degenerated	True	pain_ligand:VEGFA
Endothelial cells	DC	VEGFA	NRP2	0.41793898	1.0	0.12256814	-0.31008570398849816	-0.6961161579059091	0.0016408071	0.5665859	1.0	1.0	degenerated	True	pain_ligand:VEGFA; pain_receptor:NRP2
Endothelial cells	DC	VEGFA	SIRPA	0.47920775	0.89	0.14581034	0.07178893478419518	-0.30784831959419273	0.0028274897	0.58777016	1.0	1.0	degenerated	True	pain_ligand:VEGFA
Memory B cells	Classical monocytes	ADAM10	IL6R	0.32808873	0.28	0.10754007	0.11107506266873185	0.4734035049377877	0.002006089	0.55046105	1.0	1.0	degenerated	True	pain_receptor:IL6R
Endothelial cells	Endothelial cells	ANGPT2	ITGA5_ITGB1	0.44416273	0.0	0.13792212	0.7254514332885855	0.6285692724063511	0.007909792	0.5810162	0.09003936182531268	1.0	degenerated	True	pain_ligand:ANGPT2
Endothelial cells	Endothelial cells	ANGPT2	TIE1	0.43863803	0.0	0.13570642	3.3909815804044636	1.1464189147577604	0.054338224	0.5790436	0.005963467576966869	1.0	degenerated	True	pain_ligand:ANGPT2
Tem/Effector helper T cells	CD16+ NK cells	VEGFB	ADRB2	0.3697049	0.66	0.13651058	0.012932677164221668	0.3259073883941803	0.0052893814	0.5797636	1.0	1.0	degenerated	True	pain_ligand:VEGFB
Memory B cells	AF_outer	GRN	TNFRSF1A	0.48461705	0.96	0.2143799	-0.23308021342258217	-0.25980216625022523	0.002449663	0.63355	1.0	1.0	degenerated	True	pain_receptor:TNFRSF1A
Tem/Effector helper T cells	Classical monocytes	TNFSF10	TNFRSF10C	0.31920493	0.0	0.10113937	0.8830306133914505	0.8971626327483312	0.050889313	0.5428574	0.005963467576966869	1.0	degenerated	True	pain_ligand:TNF
AF_inner	Small pre-B cells	PDGFC	FLT1	0.34730926	0.22	0.11921372	0.1849931646403172	0.22162810443799158	0.008483468	0.56317574	0.5086776161444114	1.0	degenerated	True	pain_receptor:FLT1
Tem/Effector helper T cells	DC	ADAM10	IL6R	0.47838253	0.02	0.18638138	0.3280187433563596	0.3717756304282937	0.003476822	0.6171572	0.8840229502576711	1.0	degenerated	True	pain_receptor:IL6R
Memory B cells	AF_inner	GRN	TNFRSF1A	0.3749584	1.0	0.13947637	-0.3669488195939327	-0.44185631678881043	0.0015937597	0.5823796	1.0	1.0	degenerated	True	pain_receptor:TNFRSF1A
Mast cells	Tem/Trm cytotoxic T cells	TNFSF9	HLA-DPA1	0.43649527	0.0	0.18871868	0.6496770506611436	1.4067443299380473	0.0039187553	0.6186284	0.10350413227990742	1.0	degenerated	True	pain_ligand:TNF
Mast cells	Tem/Trm cytotoxic T cells	TNFSF9	TNFRSF9	0.42952418	0.0	0.18322603	1.270898169477529	1.6052940033897762	0.043576777	0.61513805	0.004886549919134197	1.0	degenerated	True	pain_ligand:TNF
Mast cells	Tem/Temra cytotoxic T cells	VEGFA	ITGB1	0.46200618	1.0	0.19636193	-0.6185415408314159	-0.3985118790679735	0.00089702394	0.6233007	1.0	1.0	degenerated	True	pain_ligand:VEGFA
AF_inner	Plasma cells	IL11	IL6R	0.4669647	0.0	0.13554278	0.38811910278356376	0.5445147412983811	0.009007782	0.5788966	0.055421803755736423	1.0	degenerated	True	pain_receptor:IL6R
Tem/Effector helper T cells	DC	TNF	VSIR	0.3968788	0.02	0.15666139	0.6765664572857847	0.4973071827599558	0.003127343	0.596438	0.9130694690029543	1.0	degenerated	True	pain_ligand:TNF
Tem/Effector helper T cells	DC	TNFSF10	TNFRSF10D	0.35975498	0.22	0.124802336	0.17528088614471193	0.2898859608001502	0.011228427	0.56880254	0.5086776161444114	1.0	degenerated	True	pain_ligand:TNF
Tem/Effector helper T cells	DC	VEGFB	ADRB2	0.40919805	0.49	0.16467895	0.08332991864217279	0.1247192080835135	0.0063808225	0.60243005	0.9055923023215635	1.0	degenerated	True	pain_ligand:VEGFB
Mast cells	Tem/Temra cytotoxic T cells	TNF	FAS	0.45685834	0.0	0.20620802	1.1321455166462582	1.6609337343099475	0.00973504	0.6290269	0.041016438284064975	1.0	degenerated	True	pain_ligand:TNF
Mast cells	Tem/Temra cytotoxic T cells	TNF	NOTCH1	0.34643865	0.0	0.116383076	1.1101571407783353	1.434670128940834	0.008907378	0.5602177	0.05776057133705028	1.0	degenerated	True	pain_ligand:TNF
Mast cells	Tem/Temra cytotoxic T cells	TNF	VSIR	0.34513843	0.01	0.115325384	0.6502516768512704	0.9293078893468004	0.0023021756	0.55909264	0.5544691495265548	1.0	degenerated	True	pain_ligand:TNF
Mast cells	Tem/Temra cytotoxic T cells	TNFSF9	HLA-DPA1	0.41712505	0.0	0.17345658	0.6053217846372014	1.262253826870138	0.0036018367	0.608632	0.10350413227990742	1.0	degenerated	True	pain_ligand:TNF
Endothelial cells	Endothelial cells	PGF	NRP2	0.40199083	0.04	0.16001667	0.4406380207121983	0.23810723624181024	0.011104302	0.59898573	0.1999943862368084	1.0	degenerated	True	pain_receptor:NRP2
AF_inner	Plasma cells	ADAM17	IL6R	0.49777225	0.0	0.18201385	0.3960866736884434	0.5706211152701685	0.008847392	0.61435205	0.0589254324970635	1.0	degenerated	True	pain_receptor:IL6R
AF_inner	Naive B cells	TNFSF10	TNFRSF10A	0.4370589	0.0	0.13530992	0.9545020335852602	0.8032613439428642	0.013559025	0.57868695	0.009718978172907029	1.0	degenerated	True	pain_ligand:TNF
Mast cells	Tcm/Naive helper T cells	TNF	FAS	0.32621104	0.0	0.0999282	0.8258294668091377	1.2714380314041918	0.0047175903	0.5413622	0.10350413227990742	1.0	degenerated	True	pain_ligand:TNF
Mast cells	Tcm/Naive helper T cells	TNF	SEMA4C	0.36321974	0.0	0.13003427	1.0215241030589444	1.5898932863860258	0.0119319465	0.57383144	0.017371908222619317	1.0	degenerated	True	pain_ligand:TNF
Mast cells	Tcm/Naive helper T cells	TNFSF10	TNFRSF10B	0.3352365	0.09	0.106316485	0.19049226981156275	0.8578437822071334	0.0072550164	0.5490447	0.29853358658725165	1.0	degenerated	True	pain_ligand:TNF
Tem/Effector helper T cells	Endothelial cells	TNF	NOTCH1	0.4556553	0.0	0.19988565	1.5034744633170969	1.1430341238309882	0.015298247	0.62538636	0.005963467576966869	1.0	degenerated	True	pain_ligand:TNF
Mast cells	Plasma cells	VEGFA	ITGB1	0.45911077	1.0	0.19292955	-0.6212889371095185	-0.5843119287227275	0.00088134414	0.62122816	1.0	1.0	degenerated	True	pain_ligand:VEGFA
Endothelial cells	Endothelial cells	TNFSF10	RIPK1	0.454233	0.0	0.16057698	0.491064591285976	0.5997428305720387	0.015480604	0.59940547	0.01430661360779006	1.0	degenerated	True	pain_ligand:TNF
Tem/Effector helper T cells	Endothelial cells	TNFSF10	TNFRSF10B	0.35024154	0.08	0.119250774	0.20612813393729268	0.35386807528484754	0.00813765	0.56321394	0.2799514982977906	1.0	degenerated	True	pain_ligand:TNF
Tem/Effector helper T cells	Endothelial cells	TNFSF10	TNFRSF10D	0.37932813	0.07	0.13622423	0.20512264943216116	0.37965536794290716	0.012256052	0.5795077	0.2606939141756345	1.0	degenerated	True	pain_ligand:TNF
Mast cells	Plasma cells	TNF	TRADD	0.4130936	0.0	0.17060599	0.9561246139126909	1.2817373244451766	0.012159243	0.6066567	0.0157763878891013	1.0	degenerated	True	pain_ligand:TNF
Mast cells	Plasma cells	TNF	VSIR	0.47811973	0.0	0.22350389	0.83171174456642	1.137741043468933	0.004461682	0.63837457	0.10350413227990742	1.0	degenerated	True	pain_ligand:TNF
Mast cells	Naive B cells	VEGFA	ITGB1	0.46000716	1.0	0.19399218	-0.6204383693538601	-0.5239730399093332	0.0008861984	0.62187415	1.0	1.0	degenerated	True	pain_ligand:VEGFA
Tem/Effector helper T cells	Fibroblasts	APP	NGFR	0.39196908	0.6	0.14056632	1.4858233636214078	0.19184362735705296	0.010161223	0.58332586	0.7837266038638109	1.0	degenerated	True	pain_receptor:NGFR
Mast cells	NP_stressed_degenerative	VEGFA	SIRPA	0.43449783	0.9	0.16375211	-0.13234759209147087	0.5166622712839586	0.0031754086	0.60175395	1.0	1.0	degenerated	True	pain_ligand:VEGFA
Mast cells	Naive B cells	TNF	NOTCH1	0.36448678	0.0	0.131065	1.175240514050852	1.4589860004889728	0.010031059	0.57479656	0.03611066279108205	1.0	degenerated	True	pain_ligand:TNF
Mast cells	Naive B cells	TNF	VSIR	0.38257962	0.01	0.14578329	0.7013421688951762	1.0960056525858317	0.0029101893	0.58774775	0.47052904918924776	1.0	degenerated	True	pain_ligand:TNF
Mast cells	NP_stressed_degenerative	TNFSF10	TNFRSF10B	0.35586095	0.03	0.12335755	0.22429508158171774	1.1270471795560342	0.008417895	0.56737405	0.1760704091790426	1.0	degenerated	True	pain_ligand:TNF
Mast cells	NP_notochordal	TNF	TNFRSF1A	0.42135304	0.0	0.17732495	0.5928486372715691	0.9656965452587026	0.004391054	0.61125576	0.10350413227990742	1.0	degenerated	True	pain_ligand:TNF; pain_receptor:TNFRSF1A
Mast cells	NP_notochordal	TNFSF10	TNFRSF10A	0.415312	0.0	0.17247927	0.750615154638267	1.4272908796210486	0.01728366	0.60795885	0.005963467576966869	1.0	degenerated	True	pain_ligand:TNF
Mast cells	NP_notochordal	VEGFA	SIRPA	0.49169526	0.79	0.23155694	-0.03927539784364699	0.4991884671504245	0.0044902503	0.6424502	1.0	1.0	degenerated	True	pain_ligand:VEGFA
AF_inner	NP_stressed_degenerative	IL11	IL6R	0.5700851	0.0	0.17260705	0.5399712879476309	1.1571288539156885	0.011470965	0.60804707	0.02084080497016538	1.0	degenerated	True	pain_receptor:IL6R
Mast cells	NP_mature_chondrocyte	TNFSF10	TNFRSF10D	0.42340577	0.02	0.1791668	0.28821937027330974	0.8141344990591941	0.016119583	0.6124828	0.14989686201302985	1.0	degenerated	True	pain_ligand:TNF
AF_inner	NP_stressed_degenerative	FGF2	CD44	0.8472707	1.0	0.7069771	-0.026225502805807127	0.3425269559262668	0.006793867	0.7584318	1.0	1.0	degenerated	True	pain_ligand:FGF2
Mast cells	NP_mature_chondrocyte	VEGFA	GPC1	0.45336115	0.86	0.18611366	-0.09619473925639423	0.2130823981876625	0.008348086	0.6169874	1.0	1.0	degenerated	True	pain_ligand:VEGFA
Mast cells	NP_mature_chondrocyte	VEGFA	SIRPA	0.4201102	0.94	0.14669622	-0.15575927989619417	0.09582123326468667	0.0028446687	0.58850384	1.0	1.0	degenerated	True	pain_ligand:VEGFA
Mast cells	NP_mature_chondrocyte	TNF	TNFRSF1A	0.45773116	0.0	0.20691806	0.6372582841392593	0.8009184956762887	0.005123861	0.6294279	0.10350413227990742	1.0	degenerated	True	pain_ligand:TNF; pain_receptor:TNFRSF1A
Mast cells	NP_mature_chondrocyte	TNF	VSIR	0.34766072	0.0	0.11737722	0.6536934444844283	0.7541513778268459	0.0023431352	0.5612652	0.10350413227990742	1.0	degenerated	True	pain_ligand:TNF
Mast cells	NP_mature_chondrocyte	TNFSF10	RIPK1	0.33977258	0.02	0.11006448	0.29012161311478313	0.8021342911775385	0.01061089	0.5533301	0.14989686201302985	1.0	degenerated	True	pain_ligand:TNF
Mast cells	NP_mature_chondrocyte	TNFSF10	TNFRSF10B	0.33792472	0.06	0.108537674	0.1948981779749686	0.6498209435250772	0.00740659	0.55160326	0.24097969335961317	1.0	degenerated	True	pain_ligand:TNF
Endothelial cells	Fibroblasts	CXCL8	ADRA2A	0.45235106	0.0	0.15622011	2.455970911473118	-0.10722496768327505	0.010144732	0.5960985	0.26754532710147577	1.0	degenerated	True	pain_ligand:CXCL8
Mast cells	NK cells	TNF	VSIR	0.3408982	0.04	0.11187599	0.6444656256441197	0.8624772782632999	0.0022333171	0.5553466	0.5659055308769732	1.0	degenerated	True	pain_ligand:TNF
Mast cells	NK cells	TNFSF10	RIPK1	0.3325922	0.06	0.10413165	0.27533789769338896	0.8602844926700131	0.010038928	0.54647297	0.24097969335961317	1.0	degenerated	True	pain_ligand:TNF
Mast cells	NK cells	VEGFA	EGFR	0.47342503	0.6	0.20989843	0.10007887420503932	0.4910129979234501	0.01511626	0.63109416	1.0	1.0	degenerated	True	pain_ligand:VEGFA
Mast cells	NK cells	VEGFA	GPC1	0.4233701	0.86	0.15056068	-0.14706998028943463	0.21636664806145584	0.006753365	0.59164864	1.0	1.0	degenerated	True	pain_ligand:VEGFA
Tem/Effector helper T cells	Fibroblasts	TNFSF10	TNFRSF11B	0.3201693	0.88	0.101702124	-0.16699025941078094	-0.5027607463003225	0.005385722	0.5435459	1.0	1.0	degenerated	True	pain_ligand:TNF
Tem/Effector helper T cells	Fibroblasts	TNF	FAS	0.39261925	0.0	0.1535289	0.9563746616284368	0.764395727936416	0.007248069	0.59400487	0.10350413227990742	1.0	degenerated	True	pain_ligand:TNF
Tem/Effector helper T cells	Fibroblasts	TNF	TRADD	0.35813203	0.0	0.128167	0.8057205141167976	0.642972278558096	0.009134578	0.57206196	0.05222811090840926	1.0	degenerated	True	pain_ligand:TNF
Tem/Effector helper T cells	Fibroblasts	TNF	TRAF2	0.3640672	0.0	0.13253173	1.5361932005787002	0.8578050008738975	0.035216488	0.57615596	0.005963467576966869	1.0	degenerated	True	pain_ligand:TNF
Mast cells	Memory B cells	TNFSF10	TNFRSF10A	0.4539016	0.0	0.20436412	0.86939289539319	1.4978530611196534	0.020478752	0.6279783	0.005963467576966869	1.0	degenerated	True	pain_ligand:TNF
Mast cells	Mast cells	TNF	FAS	0.49609673	0.0	0.23812793	1.224143929864328	1.9400010159532353	0.011241973	0.64565766	0.022764463757905896	1.0	degenerated	True	pain_ligand:TNF
AF_inner	NP_notochordal	NGF	KIDINS220	0.44173673	0.0	0.11576271	0.2173723728028335	0.4425248186190996	0.008465079	0.55955917	0.14543072008697566	1.0	degenerated	True	pain_ligand:NGF
AF_inner	NP_notochordal	NGF	SORT1	0.46502614	0.0	0.1232159	0.47547746826010817	0.733012875306138	0.020437628	0.5672331	0.015048639969586313	1.0	degenerated	True	pain_ligand:NGF
Mast cells	Macrophages	TNFSF10	TNFRSF10B	0.45885727	0.0	0.20845878	0.3931029450153659	0.9501239580934153	0.014225187	0.63029265	0.030842176923837044	1.0	degenerated	True	pain_ligand:TNF
Mast cells	Macrophages	TNFSF9	TNFRSF9	0.36320502	0.0	0.13097215	0.9607431281776968	1.1228057774769153	0.031149194	0.57470995	0.005963467576966869	1.0	degenerated	True	pain_ligand:TNF
AF_inner	NP_notochordal	GRN	TNFRSF1A	0.4982978	1.0	0.24441503	-0.2353770592645017	-0.3527187557360122	0.0027928662	0.64863294	1.0	1.0	degenerated	True	pain_receptor:TNFRSF1A
AF_inner	NP_notochordal	IL11	IL6R	0.46395445	0.0	0.13446082	0.3836863459060153	0.5991549840366864	0.008935878	0.5779194	0.057197134124121134	1.0	degenerated	True	pain_receptor:IL6R
Mast cells	Macrophages	TNF	TNFRSF1A	0.39287442	0.16	0.15415797	0.558082509639231	0.7615538044789547	0.0038173757	0.5944978	0.7313805213345156	1.0	degenerated	True	pain_ligand:TNF; pain_receptor:TNFRSF1A
Mast cells	Macrophages	TNFSF10	RIPK1	0.49839827	0.0	0.24112973	0.6167147541250569	1.2640173755738402	0.023246383	0.6470893	0.005963467576966869	1.0	degenerated	True	pain_ligand:TNF
Mast cells	Macrophages	CXCL8	SDC3	0.4023173	0.17	0.1607903	0.4295811173955203	0.44413369886515086	0.00692172	0.59956485	0.4295575971167276	1.0	degenerated	True	pain_ligand:CXCL8
Endothelial cells	Fibroblasts	SLIT3	ROBO1	0.4013281	0.0	0.123445004	0.9298657291702073	0.7253705079073633	0.032869745	0.567461	0.005963467576966869	1.0	degenerated	True	pain_receptor:ROBO1
Mast cells	Fibroblasts	TNFSF10	TNFRSF11B	0.3808457	0.79	0.14400133	-0.05858646443172688	0.018030593318756116	0.007625712	0.586257	1.0	1.0	degenerated	True	pain_ligand:TNF
Mast cells	Fibroblasts	TNFSF9	HLA-DPA1	0.48168272	0.0	0.22432257	0.7531506140089541	1.0824574103514413	0.0046580723	0.6387965	0.10350413227990742	1.0	degenerated	True	pain_ligand:TNF
Mast cells	Fibroblasts	TNFSF9	TRAF2	0.37719598	0.0	0.14199585	1.1710619988070252	1.0934401887394882	0.0645988	0.58455503	0.005963467576966869	1.0	degenerated	True	pain_ligand:TNF
Mast cells	Fibroblasts	VEGFA	EGFR	0.3918088	0.79	0.11314626	-0.0809334378431866	0.21647214156426087	0.008148457	0.55674016	1.0	1.0	degenerated	True	pain_ligand:VEGFA
Mast cells	Fibroblasts	VEGFA	GPC1	0.42644233	0.84	0.15420268	-0.14185839106090897	0.216580967047869	0.006916726	0.5945328	1.0	1.0	degenerated	True	pain_ligand:VEGFA
Mast cells	Fibroblasts	VEGFA	ITGAV	0.5019222	0.85	0.24368048	-0.17591675904273227	0.06479381314520505	0.0036587133	0.6482899	1.0	1.0	degenerated	True	pain_ligand:VEGFA
Mast cells	Fibroblasts	VEGFA	SIRPA	0.40006793	0.88	0.12293706	-0.1883721127478859	0.05975405844889542	0.0023839413	0.566955	1.0	1.0	degenerated	True	pain_ligand:VEGFA
AF_inner	NP_mature_chondrocyte	VEGFB	ADRB2	0.41981253	0.04	0.17598411	0.08818513613809009	-0.024739670181301132	0.0068188645	0.6103536	0.7859899826324098	1.0	degenerated	True	pain_ligand:VEGFB
AF_inner	NP_notochordal	ADAM17	IL6R	0.494762	0.0	0.18056093	0.39165391681089495	0.6252613580084738	0.008776768	0.6134022	0.0605753093926844	1.0	degenerated	True	pain_receptor:IL6R
Mast cells	Fibroblasts	RTN4	NGFR	0.44300568	1.0	0.19224682	1.2109616697223071	0.08708192712211127	0.0067505464	0.620811	1.0	1.0	degenerated	True	pain_receptor:NGFR
Mast cells	Fibroblasts	TNF	FAS	0.41214085	0.0	0.16983093	1.0273006679053232	1.2439305631427244	0.008017684	0.60611326	0.08560063605984715	1.0	degenerated	True	pain_ligand:TNF
Mast cells	Fibroblasts	TNF	TRADD	0.37765363	0.0	0.14177606	0.8766465203936841	1.1225071137644045	0.010104506	0.58436686	0.03519183565355915	1.0	degenerated	True	pain_ligand:TNF
Mast cells	Fibroblasts	TNF	TRAF2	0.3835888	0.0	0.14660423	1.6071192068555866	1.337339836080206	0.03895585	0.5884279	0.0016885025998825234	1.0	degenerated	True	pain_ligand:TNF
Tem/Effector helper T cells	Macrophages	TNF	TNFRSF1A	0.37335283	0.18	0.13936038	0.4871565033623445	0.28201896927264636	0.0034509469	0.58227843	0.8980107319552925	1.0	degenerated	True	pain_ligand:TNF; pain_receptor:TNFRSF1A
Tem/Effector helper T cells	Macrophages	TNFSF10	RIPK1	0.43772188	0.0	0.17029986	0.5083109591460029	0.7432260359547616	0.01641795	0.6064424	0.011266199224409535	1.0	degenerated	True	pain_ligand:TNF
Tem/Effector helper T cells	Macrophages	TNFSF10	TNFRSF10B	0.39818087	0.05	0.14722574	0.28469915003631185	0.4293326184743367	0.010046656	0.58894	0.2207665811323996	1.0	degenerated	True	pain_ligand:TNF
Tem/Effector helper T cells	Mast cells	TNF	FAS	0.47657514	0.0	0.2152701	1.1532179235874416	1.460466180746927	0.010162859	0.6340308	0.034290655573547595	1.0	degenerated	True	pain_ligand:TNF
Tem/Effector helper T cells	Mast cells	VEGFB	ADRB2	0.37212837	0.61	0.13823912	0.017252592179007126	0.43343597818309265	0.0053563574	0.58129555	1.0	1.0	degenerated	True	pain_ligand:VEGFB
Mast cells	Fibroblasts	CXCL1	ADRA2A	0.5058745	0.0	0.2281935	2.6848153476028553	0.8370692886887271	0.035545293	0.64076793	0.005963467576966869	1.0	degenerated	True	pain_ligand:CXCL1
Endothelial cells	Fibroblasts	TNFSF10	TNFRSF11B	0.5083454	0.56	0.23288494	0.1692031383809564	-0.1841437022399801	0.012332618	0.64310676	1.0	1.0	degenerated	True	pain_ligand:TNF
Endothelial cells	Macrophages	ANGPT2	ITGA5_ITGB1	0.54117703	0.0	0.1768301	0.8599488996763679	0.7591639359643394	0.010141153	0.61092365	0.03464902454615471	1.0	degenerated	True	pain_ligand:ANGPT2
Mast cells	Endothelial cells	TNF	VSIR	0.33426726	0.0	0.10648182	0.6354173694328424	0.8081897086754709	0.0021256364	0.54923713	0.10350413227990742	1.0	degenerated	True	pain_ligand:TNF
Tem/Effector helper T cells	Memory B cells	TNFSF10	TNFRSF10A	0.3932252	0.0	0.14433385	0.7609891004141359	0.9770617215005749	0.014463288	0.58653665	0.007128608221853787	1.0	degenerated	True	pain_ligand:TNF
AF_inner	NP_mature_chondrocyte	PDGFC	FLT1	0.41003507	0.0	0.15807351	0.2995350538841122	0.3231043897507978	0.011248803	0.5975175	0.11405773154966059	1.0	degenerated	True	pain_receptor:FLT1
Mast cells	Endothelial cells	TNFSF10	TNFRSF10B	0.41091794	0.01	0.16884868	0.31453192891634674	0.8746594149039262	0.011522202	0.60542065	0.11458311243323929	1.0	degenerated	True	pain_ligand:TNF
Mast cells	Endothelial cells	TNFSF10	TNFRSF10D	0.44000453	0.01	0.19288161	0.3135264444112152	0.9004467075619857	0.0173535	0.6211989	0.11458311243323929	1.0	degenerated	True	pain_ligand:TNF
Mast cells	Endothelial cells	TNFSF9	HLA-DPA1	0.39560354	0.0	0.15649946	0.5560403678778663	1.1279804683887527	0.0032497211	0.59631354	0.12097972572466513	1.0	degenerated	True	pain_ligand:TNF
Mast cells	Endothelial cells	VEGFA	ITGA9	0.47032756	0.41	0.20622653	0.8787473757950857	0.6410071601710732	0.028273446	0.6290374	0.14989903186123318	1.0	degenerated	True	pain_ligand:VEGFA
Mast cells	Endothelial cells	VEGFA	ITGAV	0.5067198	0.93	0.24936786	-0.16955019706008914	0.13000054782823256	0.0037441058	0.6509156	1.0	1.0	degenerated	True	pain_ligand:VEGFA
Mast cells	Endothelial cells	VEGFA	ITGB3	0.41647232	0.55	0.14238368	0.782410756085273	0.5386913851792512	0.018908523	0.5848862	0.2681627965029888	1.0	degenerated	True	pain_ligand:VEGFA
Mast cells	Endothelial cells	VEGFA	NRP2	0.517233	0.97	0.26183075	-0.233292779020251	0.02422588606484255	0.0035051014	0.6564358	1.0	1.0	degenerated	True	pain_ligand:VEGFA; pain_receptor:NRP2
AF_inner	NP_mature_chondrocyte	NGF	MAGED1	0.4597553	0.0	0.121529095	0.0959492423465719	0.053743855023014764	0.016702706	0.5655404	0.5556875551553525	1.0	degenerated	True	pain_ligand:NGF
Mast cells	Endothelial cells	TNF	NOTCH1	0.4751769	0.0	0.22110994	1.5744004695939835	1.6225689590372965	0.016922647	0.6371306	0.005963467576966869	1.0	degenerated	True	pain_ligand:TNF
Endothelial cells	Macrophages	CXCL8	SDC2	0.52102965	0.98	0.18813479	-0.17869499582023768	-0.7634655555995181	0.0011767261	0.61826277	1.0	1.0	degenerated	True	pain_ligand:CXCL8
Mast cells	DC	TNFSF10	TNFRSF10D	0.42043138	0.08	0.1767092	0.283684681123766	0.8106773004192289	0.015898472	0.61084235	0.2799514982977906	1.0	degenerated	True	pain_ligand:TNF
Mast cells	DC	VEGFA	ITGAV	0.5148902	0.85	0.25905344	-0.15870818845682644	0.1663899769234164	0.0038895288	0.65523225	1.0	1.0	degenerated	True	pain_ligand:VEGFA
Mast cells	DC	TNF	VSIR	0.4164004	0.01	0.17329603	0.7474924635626712	0.9768420179662641	0.003459411	0.6085217	0.4083056510520101	1.0	degenerated	True	pain_ligand:TNF
Mast cells	DC	CXCL8	SDC3	0.5166395	0.07	0.26025316	0.7836214703437515	0.5670219789904684	0.011203409	0.655754	0.2606939141756345	1.0	degenerated	True	pain_ligand:CXCL8
Mast cells	Classical monocytes	TNFSF10	TNFRSF10C	0.37988132	0.0	0.14320451	0.9914344083705046	1.41795397236741	0.072054826	0.58558387	0.005963467576966869	1.0	degenerated	True	pain_ligand:TNF
Mast cells	CD16+ NK cells	TNFSF9	HLA-DPA1	0.36869076	0.01	0.13529445	0.49441342952803596	1.3021388994002048	0.0028093979	0.57867306	0.7703282833540853	1.0	degenerated	True	pain_ligand:TNF
Tem/Effector helper T cells	NK cells	TNF	VSIR	0.3213766	0.02	0.10113704	0.5735396193672331	0.3829424430569915	0.0020189416	0.5428546	0.9130694690029543	1.0	degenerated	True	pain_ligand:TNF
Mast cells	AF_outer	VEGFA	SIRPA	0.45704272	0.86	0.19047798	-0.09566285169041105	0.18129712667989706	0.0036936654	0.6197224	1.0	1.0	degenerated	True	pain_ligand:VEGFA
Mast cells	AF_outer	TNFSF10	TNFRSF10B	0.3312446	0.08	0.103018165	0.18394975830622323	0.5754870578064915	0.0070299394	0.5451404	0.2799514982977906	1.0	degenerated	True	pain_ligand:TNF
Mast cells	AF_outer	TNFSF10	TNFRSF10D	0.3567955	0.08	0.12412974	0.1866629671039713	0.6781469025138824	0.011167915	0.5681398	0.2799514982977906	1.0	degenerated	True	pain_ligand:TNF
Mast cells	AF_outer	VEGFA	EGFR	0.41476715	0.8	0.1403623	-0.030015313570807473	0.4524552786071482	0.010108476	0.5831494	1.0	1.0	degenerated	True	pain_ligand:VEGFA
Mast cells	AF_outer	VEGFA	GPC1	0.46816474	0.83	0.20366262	-0.07108255673023706	0.3642804120688478	0.009135241	0.62757653	1.0	1.0	degenerated	True	pain_ligand:VEGFA
Endothelial cells	Macrophages	TNFSF10	TNFRSF10A	0.43652105	0.0	0.13690934	0.6512454118720552	0.6914446111484529	0.013719299	0.58011883	0.009242661246523736	1.0	degenerated	True	pain_ligand:TNF
Endothelial cells	Macrophages	TNFSF10	TNFRSF10D	0.4271246	0.0	0.124353275	0.3272890610251429	0.3333595137035181	0.011188026	0.5683605	0.10684571037390017	1.0	degenerated	True	pain_ligand:TNF
Mast cells	AF_outer	TNF	TNFRSF1A	0.5172235	0.0	0.2553143	0.7098848015476331	0.9214782592209239	0.006322285	0.65358824	0.10350413227990742	1.0	degenerated	True	pain_ligand:TNF; pain_receptor:TNFRSF1A
Endothelial cells	Macrophages	VEGFA	ITGAV	0.4890813	0.99	0.14955585	-0.12207184000978122	-0.36307217704030526	0.0022454895	0.59083945	1.0	1.0	degenerated	True	pain_ligand:VEGFA
Endothelial cells	Macrophages	VEGFA	ITGB1	0.569969	1.0	0.18024045	-0.52141519722286	-1.0069698838212728	0.0008233775	0.61319155	1.0	1.0	degenerated	True	pain_ligand:VEGFA
Endothelial cells	Macrophages	VEGFA	NRP2	0.56615233	0.98	0.1787926	-0.13647842347813724	-0.4935482552393555	0.0023934785	0.61223465	1.0	1.0	degenerated	True	pain_ligand:VEGFA; pain_receptor:NRP2
Endothelial cells	Macrophages	VEGFA	SIRPA	0.46061465	0.99	0.13875708	0.041534104608136224	-0.3319961329697255	0.0026907162	0.58175063	1.0	1.0	degenerated	True	pain_ligand:VEGFA
Mast cells	AF_mechanical_stress	VEGFA	GPC1	0.47779924	0.79	0.21508384	-0.05473899577361857	0.275538893225043	0.009647537	0.6339304	1.0	1.0	degenerated	True	pain_ligand:VEGFA
Mast cells	AF_mechanical_stress	VEGFA	SIRPA	0.3958805	0.95	0.117973045	-0.19518596086006687	0.05170503016562694	0.0022876814	0.56188846	1.0	1.0	degenerated	True	pain_ligand:VEGFA
Mast cells	AF_mechanical_stress	TNF	TRADD	0.32635283	0.0	0.10004354	0.7615988368704389	1.077620164550096	0.0071301935	0.5415054	0.10350413227990742	1.0	degenerated	True	pain_ligand:TNF
Mast cells	AF_mechanical_stress	TNF	VSIR	0.4157678	0.0	0.17278141	0.7466291670379914	0.9032572661396104	0.003449138	0.6081674	0.10350413227990742	1.0	degenerated	True	pain_ligand:TNF
Mast cells	AF_mechanical_stress	TNFSF10	TNFRSF10B	0.42089218	0.01	0.17708994	0.33087927346371765	0.8075573267321998	0.012084584	0.6110982	0.11458311243323929	1.0	degenerated	True	pain_ligand:TNF
Tem/Effector helper T cells	NP_mature_chondrocyte	TNF	TNFRSF1A	0.43820956	0.0	0.18705605	0.5663322778623728	0.32138366046998035	0.004632023	0.61758393	0.46816626741252576	1.0	degenerated	True	pain_ligand:TNF; pain_receptor:TNFRSF1A
Tem/Effector helper T cells	NP_mature_chondrocyte	TNF	VSIR	0.32813913	0.0	0.10611021	0.5827674382075418	0.2746165426205376	0.0021182182	0.5488044	0.7021844369986862	1.0	degenerated	True	pain_ligand:TNF
Tem/Effector helper T cells	NP_mature_chondrocyte	TNFSF10	TNFRSF10D	0.36272937	0.11	0.12653802	0.17981557529425568	0.2933431594401154	0.011384588	0.5704955	0.33308060275297247	1.0	degenerated	True	pain_ligand:TNF
Tem/Effector helper T cells	NP_mature_chondrocyte	VEGFB	ADRB2	0.3962561	0.49	0.15544814	0.060260563810021234	0.059736361870895316	0.006023156	0.59550196	0.9055923023215635	1.0	degenerated	True	pain_ligand:VEGFB
Endothelial cells	Mast cells	VEGFA	CD44	0.62667704	1.0	0.20175253	-0.32898590799392197	-0.16277322836247554	0.0006986999	0.6264747	1.0	1.0	degenerated	True	pain_ligand:VEGFA
Mast cells	AF_inner	VEGFA	SIRPA	0.4339806	0.91	0.16313894	-0.13318919450517694	0.1415843544345914	0.0031635186	0.60130435	1.0	1.0	degenerated	True	pain_ligand:VEGFA
Tem/Effector helper T cells	NP_notochordal	ADAM10	IL6R	0.5102496	0.0	0.20373644	0.37494544889691517	0.6635606192399195	0.0038005693	0.62761897	0.3597915525928817	1.0	degenerated	True	pain_receptor:IL6R
Mast cells	AF_inner	TNF	TNFRSF1A	0.40756485	0.0	0.16610843	0.5760161953762826	0.7394241086823387	0.004113302	0.6034646	0.10781231068960617	1.0	degenerated	True	pain_ligand:TNF; pain_receptor:TNFRSF1A
Mast cells	AF_inner	TNFSF10	TNFRSF10B	0.35951218	0.02	0.12637441	0.23027937492880288	0.7367199113868899	0.008623765	0.570337	0.14989686201302985	1.0	degenerated	True	pain_ligand:TNF
Mast cells	AF_inner	TNFSF10	TNFRSF10D	0.39291745	0.02	0.15397568	0.24173621113893778	0.7938827023125119	0.013853145	0.59435517	0.14989686201302985	1.0	degenerated	True	pain_ligand:TNF
Mast cells	AF_inner	VEGFA	GPC1	0.450127	0.85	0.18227975	-0.10168085222255954	0.2237671569690648	0.008176117	0.61452496	1.0	1.0	degenerated	True	pain_ligand:VEGFA
Tem/Effector helper T cells	NP_notochordal	TNF	TNFRSF1A	0.40183145	0.01	0.16030358	0.5219226309946826	0.4861617100523943	0.003969558	0.59920084	0.6748895594552814	1.0	degenerated	True	pain_ligand:TNF; pain_receptor:TNFRSF1A
Tem/Effector helper T cells	NP_notochordal	TNFSF10	TNFRSF10A	0.3546356	0.0	0.12181491	0.6422113596592129	0.9064995400019701	0.012206728	0.5658289	0.015418623844636934	1.0	degenerated	True	pain_ligand:TNF
Macrophages	Tem/Trm cytotoxic T cells	TNFSF13B	HLA-DPB1	0.47135097	0.0	0.21964547	0.797276999985563	0.9649003974038691	0.0052033225	0.6363621	0.10350413227990742	1.0	degenerated	True	pain_ligand:TNF
Endothelial cells	Memory B cells	VEGFA	ITGB1	0.3577699	1.0	0.099743105	-0.7227661590135469	-1.042999665662339	0.0004556482	0.54113203	1.0	1.0	degenerated	True	pain_ligand:VEGFA
Endothelial cells	NK cells	CXCL8	SDC2	0.44722813	0.99	0.15383951	-0.2549703680281425	-0.9778981605710151	0.0009622195	0.59424853	1.0	1.0	degenerated	True	pain_ligand:CXCL8
Tem/Effector helper T cells	Naive B cells	TNF	VSIR	0.36305803	0.03	0.13178958	0.6304161626182897	0.6164708173795234	0.0026308412	0.5754702	0.9522532645051041	1.0	degenerated	True	pain_ligand:TNF
Tem/Effector helper T cells	Naive B cells	TNFSF10	TNFRSF10A	0.48243222	0.0	0.19639055	1.0355655244702036	1.0274682762489349	0.019679744	0.6233178	0.005963467576966869	1.0	degenerated	True	pain_ligand:TNF
Tem/Effector helper T cells	Naive B cells	TNF	NOTCH1	0.3449652	0.0	0.1184841	1.1043145077739656	0.9794511652826645	0.009068181	0.5624204	0.05367623040358252	1.0	degenerated	True	pain_ligand:TNF
Tem/Effector helper T cells	Plasma cells	ADAM10	IL6R	0.5132598	0.01	0.20537585	0.37937820577446363	0.608920376501614	0.0038311512	0.62855494	0.7264162515100088	1.0	degenerated	True	pain_receptor:IL6R
Macrophages	Tcm/Naive helper T cells	TNFSF13B	TFRC	0.3707951	0.26	0.13495953	0.38450595873641435	0.3225846403016146	0.0045765066	0.57837087	0.565885135056991	1.0	degenerated	True	pain_ligand:TNF
Tem/Effector helper T cells	Plasma cells	TNF	VSIR	0.45859814	0.0	0.2020498	0.7607857382895336	0.6582062082626248	0.0040334063	0.626647	0.13489754265025974	1.0	degenerated	True	pain_ligand:TNF
Endothelial cells	NK cells	TNFSF10	RIPK1	0.46009195	0.0	0.16840602	0.5031275005060722	0.6581101971112768	0.016235372	0.60510707	0.01182973047405372	1.0	degenerated	True	pain_ligand:TNF
Endothelial cells	NK cells	VEGFA	ITGAV	0.45085973	1.0	0.13505656	-0.17279193528249467	-0.45919863365336755	0.0020277917	0.5784585	1.0	1.0	degenerated	True	pain_ligand:VEGFA
Endothelial cells	NP_mature_chondrocyte	ADAM10	IL6R	0.36625543	0.0	0.1097228	0.1868684041298059	0.023367064370344692	0.0020468065	0.55294585	1.0	1.0	degenerated	True	pain_receptor:IL6R
Tem/Effector helper T cells	Plasma cells	TNF	TRADD	0.393572	0.0	0.15422957	0.8851986076358044	0.8022024892388683	0.010992081	0.5945537	0.02487839400740465	1.0	degenerated	True	pain_ligand:TNF
Macrophages	Small pre-B cells	TNFSF12	TNFRSF12A	0.36636385	0.93	0.12184153	-0.29832894050296604	-0.3124121512614749	0.003087211	0.5658558	1.0	1.0	degenerated	True	pain_ligand:TNF
Macrophages	Small pre-B cells	TNFSF13B	TFRC	0.4755428	0.24	0.22317575	0.5074085365692379	0.6005997425539836	0.0075679375	0.638205	0.5377712525974897	1.0	degenerated	True	pain_ligand:TNF
Macrophages	Small pre-B cells	TNFSF9	HLA-DPA1	0.5744484	0.01	0.18058012	0.9868761121348286	1.035164249015823	0.0037497575	0.6134148	0.20368866372392314	1.0	degenerated	True	pain_ligand:TNF
Macrophages	Small pre-B cells	PDGFC	FLT1	0.41582102	0.13	0.17194848	0.2957537021222412	0.3555311602754394	0.0122361705	0.6075915	0.36459582607180374	1.0	degenerated	True	pain_receptor:FLT1
Tem/Effector helper T cells	Tcm/Naive helper T cells	TNF	SEMA4C	0.34369814	0.0	0.1175523	0.9505980967820578	1.1103584511797173	0.010786602	0.56144863	0.02688042485326314	1.0	degenerated	True	pain_ligand:TNF
Macrophages	Plasma cells	TNFSF13B	CD40	0.4510223	0.0	0.20252511	0.925970606915233	0.7995363814233639	0.016808303	0.62692183	0.005963467576966869	1.0	degenerated	True	pain_ligand:TNF
AF_inner	Mast cells	VEGFB	ADRB2	0.3956848	0.47	0.15650164	0.045177164507075984	0.3489599461308962	0.0060639763	0.5963152	0.875492967772131	1.0	degenerated	True	pain_ligand:VEGFB
AF_inner	Mast cells	NGF	KIDINS220	0.43978617	0.03	0.11513848	0.21472230204706394	0.6133951564341278	0.008419433	0.5588928	0.1760704091790426	1.0	degenerated	True	pain_ligand:NGF
AF_inner	Macrophages	TNFSF10	RIPK1	0.39234856	0.0	0.11733385	0.42724746826105964	0.5190191036486909	0.0113117015	0.56121963	0.0270294300522064	1.0	degenerated	True	pain_ligand:TNF
AF_inner	Macrophages	TNFSF10	TNFRSF10B	0.35280755	0.02	0.10143615	0.20363565915136858	0.20512568616826593	0.0069219833	0.543221	0.24472511481655446	1.0	degenerated	True	pain_ligand:TNF
Endothelial cells	NP_mature_chondrocyte	PDGFA	PDGFRA	0.38825828	0.0	0.14985627	0.1582257712432064	0.10272187259789461	0.01744957	0.591082	0.43566506000859523	1.0	degenerated	True	pain_ligand:PDGFA
Endothelial cells	NP_mature_chondrocyte	PIGF	FLT1	0.35635567	0.0	0.10328716	0.2854956694097271	0.36111699394550484	0.01634599	0.5454637	0.08850644131782628	1.0	degenerated	True	pain_receptor:FLT1
Tem/Effector helper T cells	Tem/Temra cytotoxic T cells	TNF	FAS	0.43733674	0.0	0.18641417	1.0612195103693716	1.1813988991036393	0.008800576	0.61717796	0.05995259895282525	1.0	degenerated	True	pain_ligand:TNF
Tem/Effector helper T cells	Tem/Temra cytotoxic T cells	TNF	NOTCH1	0.32691705	0.0	0.1052115	1.0392311345014487	0.9551352937345257	0.008052361	0.547751	0.08400830444448773	1.0	degenerated	True	pain_ligand:TNF
Tem/Effector helper T cells	Tem/Temra cytotoxic T cells	TNF	VSIR	0.32561684	0.03	0.104255326	0.5793256705743839	0.44977305414049207	0.0020811902	0.54662	1.0	1.0	degenerated	True	pain_ligand:TNF
AF_inner	Macrophages	NGF	KIDINS220	0.48233503	0.0	0.12875517	0.2725270224759252	0.30447261725111047	0.009415145	0.5726223	0.12805714223130282	1.0	degenerated	True	pain_ligand:NGF
Endothelial cells	NP_mature_chondrocyte	TNFSF10	RIPK1	0.46727234	0.0	0.17800085	0.5179112159274664	0.5999599956188023	0.017160373	0.6117076	0.014302201901047895	1.0	degenerated	True	pain_ligand:TNF
Endothelial cells	NP_mature_chondrocyte	TNFSF10	TNFRSF10B	0.46542448	0.0	0.17553164	0.4226877807876519	0.447646647966341	0.011978245	0.6100474	0.047373123853904346	1.0	degenerated	True	pain_ligand:TNF
Endothelial cells	NP_mature_chondrocyte	VEGFA	CD44	0.5725831	1.0	0.18123208	-0.38228892804521664	-0.9035409215978679	0.00062763446	0.613842	1.0	1.0	degenerated	True	pain_ligand:VEGFA
Endothelial cells	NP_mature_chondrocyte	VEGFA	ITGAV	0.38551968	1.0	0.110269934	-0.259498254222196	-0.6762852643831827	0.0016556355	0.55356055	1.0	1.0	degenerated	True	pain_ligand:VEGFA
Endothelial cells	NP_mature_chondrocyte	VEGFA	NRP2	0.6333976	0.99	0.20430195	-0.05771162518011386	-0.39267998017596306	0.0027349696	0.62794274	1.0	1.0	degenerated	True	pain_ligand:VEGFA; pain_receptor:NRP2
AF_inner	Macrophages	GRN	TNFRSF1A	0.46981916	1.0	0.21248291	-0.27014318689683986	-0.5568614965157601	0.0024279864	0.6325176	1.0	1.0	degenerated	True	pain_receptor:TNFRSF1A
AF_inner	Macrophages	IL11	IL6R	0.50834155	0.0	0.15041474	0.44904946439481536	0.4346808294911574	0.009996129	0.59153146	0.051844627026019136	1.0	degenerated	True	pain_receptor:IL6R
Tem/Temra cytotoxic T cells	AF_inner	ADAM10	IL6R	0.4618894	0.0	0.19036208	0.33640755589715227	0.43482269780871546	0.003551079	0.61965066	0.4586711001930728	1.0	degenerated	True	pain_receptor:IL6R
Macrophages	NP_mature_chondrocyte	TNFSF13B	HLA-DPB1	0.33721113	0.0	0.10667585	0.5578840016870211	0.3994658335312636	0.0025271126	0.5494625	0.5439696720281794	1.0	degenerated	True	pain_ligand:TNF
Tem/Temra cytotoxic T cells	AF_inner	TNF	VSIR	0.48170102	0.0	0.16424221	1.2169730633284184	0.7183672077353602	0.0032786748	0.602112	0.10350413227990742	1.0	degenerated	True	pain_ligand:TNF
Macrophages	NP_mature_chondrocyte	VEGFB	ADRB2	0.4502014	0.33	0.20247646	0.12420876155321628	0.17270596384435105	0.007845365	0.62689364	0.673360931494747	1.0	degenerated	True	pain_ligand:VEGFB
Endothelial cells	NP_notochordal	VEGFA	CD44	0.39713082	1.0	0.1146746	-0.5551754575337329	-0.8832854556285216	0.0003971357	0.5583951	1.0	1.0	degenerated	True	pain_ligand:VEGFA
Macrophages	NP_mature_chondrocyte	TNF	SEMA4C	0.7292764	0.0	0.16452044	2.424636606908442	1.4108192777558624	0.015096399	0.6023147	0.005963467576966869	1.0	degenerated	True	pain_ligand:TNF
Macrophages	NP_mature_chondrocyte	TNF	TRADD	0.7331523	0.0	0.1748717	2.319551345189481	1.301856782877286	0.012463264	0.60959923	0.014061125091438607	1.0	degenerated	True	pain_ligand:TNF
Macrophages	NP_mature_chondrocyte	PDGFA	PDGFRA	0.33348733	0.5	0.10406105	0.04222732840593563	0.031076784504717958	0.01211708	0.54638886	0.9218347281520023	1.0	degenerated	True	pain_ligand:PDGFA
Macrophages	NP_mature_chondrocyte	PDGFC	FLT1	0.4785468	0.0	0.22799808	0.4102955913660362	0.45700744558824563	0.016224764	0.64066935	0.04416543919024467	1.0	degenerated	True	pain_receptor:FLT1
Tem/Temra cytotoxic T cells	AF_mechanical_stress	TNF	SEMA4C	0.44803947	0.0	0.11428356	1.3913762253065292	1.0945139396554058	0.010486662	0.55797386	0.03021123547326553	1.0	degenerated	True	pain_ligand:TNF
AF_inner	Fibroblasts	VEGFA	ITGB3	0.73340523	0.0	0.20641528	0.8069187124468873	0.4475358606688663	0.027411908	0.62914413	0.0474164611856441	1.0	degenerated	True	pain_ligand:VEGFA
AF_inner	Fibroblasts	VEGFA	TYRO3	0.73340523	0.0	0.20641528	0.49842657889150116	0.4070068933973056	0.03104834	0.62914413	0.06342426162539898	1.0	degenerated	True	pain_ligand:VEGFA
AF_inner	Macrophages	ADAM17	IL6R	0.5391491	0.0	0.20198469	0.457017035299695	0.46078720346294477	0.00981814	0.62660927	0.04297538667577586	1.0	degenerated	True	pain_receptor:IL6R
AF_inner	Fibroblasts	TNFSF12	TNFRSF12A	0.54742527	0.74	0.14437534	-0.17204021587110907	-0.39559496372614694	0.0036581713	0.5865715	1.0	1.0	degenerated	True	pain_ligand:TNF
AF_inner	Fibroblasts	TNFSF9	HLA-DPA1	0.40370446	0.0	0.13551973	0.5907152187542929	0.44947649039476223	0.0028140757	0.5788759	0.4291975094767935	1.0	degenerated	True	pain_ligand:TNF
Endothelial cells	NP_stressed_degenerative	TNFSF10	TNFRSF10B	0.48336065	0.0	0.19949895	0.452084684394401	0.924872883997298	0.01361377	0.62515956	0.018319583714784926	1.0	degenerated	True	pain_ligand:TNF
Tem/Temra cytotoxic T cells	AF_mechanical_stress	TNF	TRADD	0.49401775	0.0	0.18252206	1.3707610444725107	1.1086566686878823	0.013008512	0.61468226	0.01168501434692576	1.0	degenerated	True	pain_ligand:TNF
Endothelial cells	NP_stressed_degenerative	VEGFA	CD44	0.46629348	1.0	0.14091133	-0.4870242651331768	-0.5751145801236967	0.0004879975	0.58362377	1.0	1.0	degenerated	True	pain_ligand:VEGFA
Macrophages	NP_mature_chondrocyte	ADAM10	IL6R	0.4447316	0.0	0.14268054	0.3174622133089161	0.16403735425326482	0.0026616114	0.58513904	1.0	1.0	degenerated	True	pain_receptor:IL6R
Macrophages	NK cells	TNFSF13B	HLA-DPB1	0.34881848	0.0	0.116451316	0.5785991597531613	0.4736325507271255	0.00275869	0.56028986	0.3779394960343805	1.0	degenerated	True	pain_ligand:TNF
Tem/Temra cytotoxic T cells	AF_outer	TNF	TRADD	0.47958148	0.0	0.16109648	1.338386175719685	1.123708558732158	0.011481492	0.5997932	0.02078236191871191	1.0	degenerated	True	pain_ligand:TNF
Tem/Temra cytotoxic T cells	AF_outer	TNF	VSIR	0.48925024	0.0	0.17544635	1.2272742034373931	0.570378821787012	0.0035023368	0.6099896	0.2243758489943814	1.0	degenerated	True	pain_ligand:TNF
Tem/Temra cytotoxic T cells	AF_outer	TNF	FAS	0.44267225	0.0	0.10631782	1.314939422423911	0.9965205112777384	0.0050192433	0.54904634	0.10350413227990742	1.0	degenerated	True	pain_ligand:TNF
Tem/Temra cytotoxic T cells	Classical monocytes	ADAM10	IL6R	0.4758377	0.1	0.2074761	0.3569474866319745	0.7382040854752527	0.0038703298	0.62974197	0.7110140553965103	1.0	degenerated	True	pain_receptor:IL6R
Endothelial cells	Plasma cells	PTGS2	CAV1	0.35623622	1.0	0.11754117	-0.6066685794745801	-1.2600329210077041	0.0007037545	0.561437	1.0	1.0	degenerated	True	pain_ligand:PTGS2
Endothelial cells	Plasma cells	TNFSF12	TNFRSF12A	0.3545431	1.0	0.12482694	-0.27640398808993166	-0.4211490781520968	0.003162855	0.56882674	1.0	1.0	degenerated	True	pain_ligand:TNF
Endothelial cells	Plasma cells	VEGFA	CD44	0.5210963	1.0	0.16170067	-0.43302274033166016	-0.882027875124143	0.0005599942	0.6002424	1.0	1.0	degenerated	True	pain_ligand:VEGFA
AF_inner	Fibroblasts	FGF2	ITGB3	0.55465066	0.0	0.15004584	0.7218329520162606	0.36928546613604296	0.055291884	0.5912348	0.08375892931565444	1.0	degenerated	True	pain_ligand:FGF2
AF_inner	Fibroblasts	FGF2	FGFR2	0.55465066	0.06	0.15004584	0.19969075923939467	0.19937079757812626	0.042751405	0.5912348	0.2533731449393819	1.0	degenerated	True	pain_ligand:FGF2
AF_inner	Fibroblasts	FGF2	FGFRL1	0.5583221	0.65	0.15703352	-0.09043569689295936	-0.2550115031215652	0.00854244	0.5967235	1.0	1.0	degenerated	True	pain_ligand:FGF2
Macrophages	Mast cells	TNFSF13B	HLA-DPB1	0.4063434	0.0	0.16489752	0.6812610450841596	1.0576080932499994	0.0039063627	0.60258883	0.10350413227990742	1.0	degenerated	True	pain_ligand:TNF
Macrophages	Mast cells	VEGFB	ADRB2	0.42607367	0.43	0.18006113	0.08120078992220217	0.5464055801565484	0.0069768373	0.61307347	0.8193580637565766	1.0	degenerated	True	pain_ligand:VEGFB
Macrophages	Macrophages	TNFSF13B	CD40	0.4035254	0.0	0.16252428	0.8179470618415713	0.7249565402264149	0.013488488	0.60085183	0.009905188870615327	1.0	degenerated	True	pain_ligand:TNF
Tem/Temra cytotoxic T cells	DC	TNF	TRADD	0.46447685	0.0	0.13867903	1.3045122206873372	1.0427169835028336	0.009883779	0.5816822	0.038602422798649685	1.0	degenerated	True	pain_ligand:TNF
Tem/Temra cytotoxic T cells	DC	TNF	TNFRSF1A	0.47555172	0.1	0.15511575	1.0634937007881289	0.6114151633374079	0.0038410933	0.5952441	0.7223126291579252	1.0	degenerated	True	pain_ligand:TNF; pain_receptor:TNFRSF1A
Endothelial cells	Small pre-B cells	TNFSF12	TNFRSF12A	0.4013077	0.91	0.15522225	-0.2312497444445707	-0.21539321061828298	0.003933009	0.59532684	1.0	1.0	degenerated	True	pain_ligand:TNF
Endothelial cells	Small pre-B cells	VEGFA	ITGB1	0.37161076	1.0	0.10499361	-0.7096328947753918	-1.0398661569135337	0.00047963363	0.54749423	1.0	1.0	degenerated	True	pain_ligand:VEGFA
Macrophages	Macrophages	PDGFC	FLT1	0.3828973	0.06	0.14252898	0.23563254091718955	0.281431816064396	0.010142625	0.58500993	0.24097969335961317	1.0	degenerated	True	pain_receptor:FLT1
AF_inner	Fibroblasts	CCL28	ADRA2A	0.4441777	0.0	0.14522931	2.619418840599424	0.7706060584014854	0.13272497	0.5872864	0.004463884939269993	1.0	degenerated	True	pain_ligand:CCL2
Tem/Temra cytotoxic T cells	Endothelial cells	CXCL8	SDC2	0.438156	1.0	0.13777533	-0.29939531901777183	-0.9588227759958498	0.00086174294	0.5808866	1.0	1.0	degenerated	True	pain_ligand:CXCL8
Endothelial cells	Tcm/Naive helper T cells	TNFSF10	TNFRSF10B	0.4627362	0.0	0.17193945	0.41828187262424604	0.6556694866483972	0.011733115	0.6075852	0.02448652440786878	1.0	degenerated	True	pain_ligand:TNF
Macrophages	Fibroblasts	VEGFA	TYRO3	0.623029	0.06	0.17160864	0.3907815171290031	0.28816274948139337	0.025812835	0.6073556	0.24097969335961317	1.0	degenerated	True	pain_ligand:VEGFA
Tem/Temra cytotoxic T cells	Endothelial cells	TNF	SEMA4C	0.46153185	0.0	0.13430822	1.430350900407903	1.1145445621591328	0.0123241255	0.5777809	0.014866165201241854	1.0	degenerated	True	pain_ligand:TNF
Tem/Temra cytotoxic T cells	Endothelial cells	TNF	TRADD	0.48605353	0.0	0.170702	1.3529003761072342	1.0979047238610302	0.012166085	0.6067238	0.01572422478759727	1.0	degenerated	True	pain_ligand:TNF
Tem/Temra cytotoxic T cells	Endothelial cells	TNF	VSIR	0.50193214	0.0	0.19426821	1.2445795770349142	0.8392262128132572	0.0038780665	0.62204134	0.10350413227990742	1.0	degenerated	True	pain_ligand:TNF
Macrophages	Fibroblasts	TNFSF13B	HLA-DPB1	0.39949423	0.03	0.1591293	0.6690376687051178	0.5038486313275963	0.0037697162	0.5983177	0.7502019700811031	1.0	degenerated	True	pain_ligand:TNF
Macrophages	Fibroblasts	TNFSF13B	TFRC	0.37188864	0.35	0.13588049	0.38578901294363677	0.008676189397646805	0.004607736	0.57919985	0.7019857964235483	1.0	degenerated	True	pain_ligand:TNF
Macrophages	Fibroblasts	TNFSF9	HLA-DPA1	0.37865955	0.01	0.106998205	0.5385445154392544	0.3685366468358361	0.0022218244	0.549836	0.7703282833540853	1.0	degenerated	True	pain_ligand:TNF
Macrophages	Fibroblasts	VEGFA	EGFR	0.6396382	0.12	0.20776317	0.16076519168605433	0.17196140718373	0.014962485	0.62990314	0.3486108365394669	1.0	degenerated	True	pain_ligand:VEGFA
Macrophages	Fibroblasts	VEGFA	ITGB3	0.623029	0.02	0.17160864	0.6992736506843893	0.32869171675295406	0.022789592	0.6073556	0.14989686201302985	1.0	degenerated	True	pain_ligand:VEGFA
Endothelial cells	Tem/Effector helper T cells	VEGFA	ITGB1	0.5322951	1.0	0.16594891	-0.5571631316972725	-0.8416008693866249	0.0007580907	0.6033497	1.0	1.0	degenerated	True	pain_ligand:VEGFA
Tem/Temra cytotoxic T cells	Fibroblasts	TNF	VSIR	0.86658937	0.0	0.73547286	1.7421738101278268	1.2673422318203236	0.01468183	0.7620331	0.006664163522770153	1.0	degenerated	True	pain_ligand:TNF
AF_inner	Endothelial cells	SEMA3A	NRP2	0.39425763	0.97	0.15318455	-0.07991981081877539	-0.13279174799641896	0.012629967	0.593734	1.0	1.0	degenerated	True	pain_ligand:SEMA3A; pain_receptor:NRP2
AF_inner	Endothelial cells	SEMA3E	NRP2	0.4111303	0.78	0.1680912	-0.0016729358883085382	-0.016199217204868055	0.016826183	0.6048835	1.0	1.0	degenerated	True	pain_receptor:NRP2
Endothelial cells	Tem/Temra cytotoxic T cells	VEGFA	CD44	0.63497436	1.0	0.2049001	-0.32080983532001905	-0.4200388533496554	0.00070960046	0.62828416	1.0	1.0	degenerated	True	pain_ligand:VEGFA
Endothelial cells	Tem/Temra cytotoxic T cells	VEGFB	ADRB2	0.47730035	0.15	0.14647461	0.25384204264049764	0.36194559076812327	0.0056754583	0.5883208	0.3966030130874488	1.0	degenerated	True	pain_ligand:VEGFB
Endothelial cells	Tem/Trm cytotoxic T cells	VEGFA	ITGB1	0.42664805	1.0	0.12587191	-0.6574092539074159	-1.0030973457668253	0.0005750102	0.5698488	1.0	1.0	degenerated	True	pain_ligand:VEGFA
Fibroblasts	AF_inner	ADAM17	IL6R	0.3294313	0.14	0.10815893	0.16941862632079036	-0.03483899482776692	0.0052574263	0.5511709	0.8217538475336309	1.0	degenerated	True	pain_receptor:IL6R
Fibroblasts	AF_inner	ANGPT1	ITGA5	0.4588747	0.01	0.17041554	0.5877894705364815	0.34245635898042776	0.016053965	0.60652333	0.11458311243323929	1.0	degenerated	True	pain_ligand:ANGPT1
Tem/Temra cytotoxic T cells	Macrophages	TNF	FAS	0.4555235	0.0	0.1253909	1.3450703418374945	1.0160852606863264	0.0059196805	0.5693795	0.10350413227990742	1.0	degenerated	True	pain_ligand:TNF
Macrophages	Endothelial cells	TNFSF13B	CD40	0.39557856	0.0	0.1558316	0.7998732732965259	0.7959701205986334	0.012933038	0.5957987	0.011944926221138333	1.0	degenerated	True	pain_ligand:TNF
Macrophages	Endothelial cells	TNFSF13B	HLA-DPB1	0.4462032	0.0	0.19846657	0.7523969266043343	0.770803161249161	0.004701602	0.62455136	0.10350413227990742	1.0	degenerated	True	pain_ligand:TNF
AF_inner	Endothelial cells	FGF2	SDC2	0.5784821	1.0	0.1954032	-0.2434136259382718	-0.48967634963791984	0.005084378	0.6227259	1.0	1.0	degenerated	True	pain_ligand:FGF2
Macrophages	Endothelial cells	SEMA3C	NRP2_PLXNA2	0.3542058	0.06	0.12543906	0.5611014786632929	0.40057050608853795	0.053907074	0.56942654	0.24097969335961317	1.0	degenerated	True	pain_receptor:NRP2
Fibroblasts	AF_inner	FGF2	CD44	0.5024618	1.0	0.2287833	-0.40157600150655015	-0.8425504937324018	0.002198548	0.64106494	1.0	1.0	degenerated	True	pain_ligand:FGF2
Fibroblasts	AF_inner	FGF2	FGFR3	0.35911924	0.5	0.12885521	0.11288174344290583	-0.1167504150056422	0.031143358	0.5727173	1.0	1.0	degenerated	True	pain_ligand:FGF2
Fibroblasts	AF_inner	FGF2	SDC4	0.513147	0.72	0.23623222	-0.15873889679274414	-0.42555570848736907	0.0116294995	0.6447428	1.0	1.0	degenerated	True	pain_ligand:FGF2
Fibroblasts	AF_inner	GRN	TNFRSF1A	0.46437892	0.85	0.21251261	-0.2732936136800944	-0.5475717839600015	0.0024283256	0.6325338	1.0	1.0	degenerated	True	pain_receptor:TNFRSF1A
Tem/Temra cytotoxic T cells	NK cells	TNF	VSIR	0.5085631	0.0	0.20410948	1.2536278332461912	0.8935137824010861	0.0040745223	0.6278326	0.10350413227990742	1.0	degenerated	True	pain_ligand:TNF
Tem/Temra cytotoxic T cells	NP_mature_chondrocyte	ADAM10	IL6R	0.41173288	0.01	0.12882203	0.26254840921241973	0.27636642158052804	0.00240309	0.57268584	0.9346997921907079	1.0	degenerated	True	pain_receptor:IL6R
Fibroblasts	AF_inner	IL11	IL6R	0.36387533	0.06	0.12953481	0.2787410120445996	0.06671776214891578	0.008608509	0.57336086	0.5213647503465407	1.0	degenerated	True	pain_receptor:IL6R
Tem/Temra cytotoxic T cells	NK cells	TNF	NOTCH1	0.49051106	0.0	0.1773176	1.6342423569696978	1.295698221087711	0.0135710025	0.6112508	0.009669549267715625	1.0	degenerated	True	pain_ligand:TNF
Macrophages	DC	VEGFA	NRP2	0.86729455	0.14	0.7033188	0.12815375700700019	0.18093162876096547	0.009415256	0.7579562	0.38120921633996746	1.0	degenerated	True	pain_ligand:VEGFA; pain_receptor:NRP2
Macrophages	DC	VEGFB	ADRB2	0.46314335	0.36	0.21449989	0.14727811638536784	0.23768881005696924	0.008311238	0.6336149	0.7167265729627723	1.0	degenerated	True	pain_ligand:VEGFB
Fibroblasts	AF_inner	NGF	KIDINS220	0.3688978	0.21	0.13602403	0.19837084674798364	0.03759786844644064	0.009946676	0.57932854	0.5986158688004326	1.0	degenerated	True	pain_ligand:NGF
Fibroblasts	AF_inner	PDGFA	PDGFRA	0.38718957	0.24	0.14485168	0.19935452305594312	0.07369360958039833	0.016866827	0.58697087	0.5377712525974897	1.0	degenerated	True	pain_ligand:PDGFA
Fibroblasts	AF_inner	PGF	NRP2	0.476291	0.0	0.21483113	0.5329861150888188	0.2584014237561033	0.014908132	0.633794	0.13967778194752617	1.0	degenerated	True	pain_receptor:NRP2
Tem/Temra cytotoxic T cells	NP_mature_chondrocyte	TNF	VSIR	0.51532567	0.0	0.21414606	1.2628556520865	0.7851878819646322	0.0042748773	0.63342327	0.10350413227990742	1.0	degenerated	True	pain_ligand:TNF
Fibroblasts	AF_inner	TNFSF13B	TFRC	0.4651808	0.05	0.1411584	0.2864805751177271	0.2137117078120674	0.004786711	0.5838366	0.4302567616412396	1.0	degenerated	True	pain_ligand:TNF
Fibroblasts	AF_inner	VEGFA	GPC1	0.4164887	0.77	0.16159032	-0.13448701983214742	-0.4939268880424521	0.0072480966	0.60016054	1.0	1.0	degenerated	True	pain_ligand:VEGFA
Fibroblasts	AF_inner	VEGFA	ITGAV	0.5101964	0.78	0.26006767	-0.15310499870463504	-0.5264853877968642	0.0039047569	0.65567356	1.0	1.0	degenerated	True	pain_ligand:VEGFA
Fibroblasts	AF_inner	VEGFA	SIRPA	0.4003423	0.8	0.14462207	-0.16599536211476482	-0.5761096905769255	0.0028044474	0.5867785	1.0	1.0	degenerated	True	pain_ligand:VEGFA
AF_inner	DC	VEGFB	ADRB2	0.4327545	0.36	0.18643439	0.11125449097024165	0.04024317603131705	0.0072237817	0.6171908	0.7167265729627723	1.0	degenerated	True	pain_ligand:VEGFB
Tem/Temra cytotoxic T cells	NP_stressed_degenerative	TNF	VSIR	0.86019915	0.0	0.72598886	1.7334539781641025	2.088753018605041	0.014492506	0.76085436	0.007068613864995185	1.0	degenerated	True	pain_ligand:TNF
Fibroblasts	AF_mechanical_stress	FGF2	SDC4	0.40389347	0.89	0.16006859	-0.2873478745770211	-0.6898201927116123	0.007880032	0.5990247	1.0	1.0	degenerated	True	pain_ligand:FGF2
Macrophages	Classical monocytes	PDGFC	FLT1	0.396154	0.16	0.15437472	0.25984030031122196	0.554407327714143	0.01098559	0.59466714	0.4130290097656548	1.0	degenerated	True	pain_receptor:FLT1
AF_inner	DC	SEMA3A	NRP2	0.49648976	0.41	0.22408777	0.039828095679234864	0.06842472908023484	0.018475894	0.63867563	0.7928641345479516	1.0	degenerated	True	pain_ligand:SEMA3A; pain_receptor:NRP2
AF_inner	DC	SEMA3E	NRP2	0.5133624	0.27	0.24589412	0.11807497060970171	0.18501725987178574	0.024614375	0.6493202	0.5808333094336244	1.0	degenerated	True	pain_receptor:NRP2
AF_inner	DC	NGF	KIDINS220	0.48352778	0.03	0.12913688	0.2741473912904621	0.19540852181608642	0.009443058	0.5729845	0.25890296794772605	1.0	degenerated	True	pain_ligand:NGF
Macrophages	CD16+ NK cells	TNFSF13B	HLA-DPB1	0.44927764	0.0	0.20105581	0.7578837501004004	1.0268389732080236	0.0047629396	0.6260699	0.10350413227990742	1.0	degenerated	True	pain_ligand:TNF
Macrophages	CD16+ NK cells	TNFSF13B	TFRC	0.48445797	0.0	0.2306839	0.5178688711397677	0.6708868367287186	0.007822541	0.64201623	0.09386830462132015	1.0	degenerated	True	pain_ligand:TNF
Macrophages	CD16+ NK cells	VEGFB	ADRB2	0.4236502	0.45	0.17780966	0.07688087490741671	0.43887699036763606	0.006889599	0.61158	0.8464075548889961	1.0	degenerated	True	pain_ligand:VEGFB
Macrophages	Classical monocytes	ADAM10	IL6R	0.5088364	0.05	0.22979611	0.4118612907284709	0.6258750181479895	0.0042866953	0.641573	0.5661261249802616	1.0	degenerated	True	pain_receptor:IL6R
Tem/Temra cytotoxic T cells	Tcm/Naive helper T cells	TNF	FAS	0.49387598	0.0	0.18231161	1.4349916744112092	1.302474535541978	0.008606896	0.61454564	0.065442986085515	1.0	degenerated	True	pain_ligand:TNF
Fibroblasts	AF_mechanical_stress	NGF	KIDINS220	0.34923345	0.23	0.12120718	0.17165588525613928	-0.009405380326964197	0.008863202	0.56521446	0.7370487176738215	1.0	degenerated	True	pain_ligand:NGF
Fibroblasts	AF_mechanical_stress	NGF	MAGED1	0.38702315	0.42	0.14968126	0.10361966137129669	-0.08837724093915217	0.020571876	0.5909407	1.0	1.0	degenerated	True	pain_ligand:NGF
AF_inner	DC	GRN	TNFRSF1A	0.38483155	1.0	0.11718922	-0.3738942033500136	-0.7380366417950932	0.0013390904	0.5610678	1.0	1.0	degenerated	True	pain_receptor:TNFRSF1A
AF_inner	DC	IL11	IL6R	0.43208736	0.01	0.123006925	0.33675964036545974	0.3073699952250607	0.008174685	0.56702465	0.12567648871679202	1.0	degenerated	True	pain_receptor:IL6R
Macrophages	AF_outer	TNFSF13B	TFRC	0.49476874	0.0	0.2393674	0.5299658737683763	0.2982765580616038	0.008117	0.64625126	0.13414492121023708	1.0	degenerated	True	pain_ligand:TNF
AF_inner	DC	FGF2	SDC4	0.5768648	0.79	0.19232506	-0.10597822261756909	-0.23717154686161723	0.009467989	0.62085885	1.0	1.0	degenerated	True	pain_ligand:FGF2
Macrophages	AF_outer	TNF	FAS	0.73931	0.0	0.1913172	2.3926872794556697	1.35829453959681	0.009032047	0.6202403	0.04686814463259819	1.0	degenerated	True	pain_ligand:TNF
Fibroblasts	AF_mechanical_stress	VEGFA	GPC1	0.44416088	0.69	0.19067103	-0.08754516338320643	-0.4421551517864739	0.008552505	0.61984175	1.0	1.0	degenerated	True	pain_ligand:VEGFA
Fibroblasts	AF_mechanical_stress	VEGFA	SIRPA	0.36224216	0.84	0.10458267	-0.22799212846965472	-0.66598901484589	0.002028021	0.54700845	1.0	1.0	degenerated	True	pain_ligand:VEGFA
Macrophages	AF_outer	PDGFA	PDGFRA	0.47613668	0.0	0.17507574	0.2230113738451751	0.6151235658274015	0.020386174	0.609738	0.13845138197152418	1.0	degenerated	True	pain_ligand:PDGFA
Tem/Temra cytotoxic T cells	Tem/Temra cytotoxic T cells	TNF	NOTCH1	0.51410353	0.0	0.21233232	1.7193193483804068	1.4657066330786201	0.016250854	0.6324352	0.005963467576966869	1.0	degenerated	True	pain_ligand:TNF
Tem/Temra cytotoxic T cells	Tem/Temra cytotoxic T cells	TNF	VSIR	0.5128034	0.0	0.21040264	1.259413884453342	0.9603443934845867	0.0042001493	0.63137347	0.10350413227990742	1.0	degenerated	True	pain_ligand:TNF
Tem/Trm cytotoxic T cells	AF_inner	ADAM10	IL6R	0.3199008	0.02	0.102244325	0.10012111860474643	0.225617237720321	0.0019073004	0.54420537	1.0	1.0	degenerated	True	pain_receptor:IL6R
AF_inner	DC	ADAM17	IL6R	0.46289492	0.01	0.16518006	0.3447272112703394	0.3334763691968481	0.008029129	0.6027939	0.11458311243323929	1.0	degenerated	True	pain_receptor:IL6R
Tem/Trm cytotoxic T cells	AF_inner	TNF	TNFRSF1A	0.35697496	0.0	0.12478798	0.3922124037528436	0.27025264456097065	0.003090094	0.5687885	0.9567528758823435	1.0	degenerated	True	pain_ligand:TNF; pain_receptor:TNFRSF1A
Macrophages	AF_mechanical_stress	TNFSF13B	HLA-DPB1	0.41924176	0.0	0.17576024	0.7042801018847701	0.5730995604271365	0.004163697	0.6102022	0.2217282468484734	1.0	degenerated	True	pain_ligand:TNF
Macrophages	AF_mechanical_stress	TNFSF13B	TFRC	0.39535475	0.06	0.15564314	0.4133222228520402	0.12516983717092345	0.005277892	0.59565294	0.38663372501313853	1.0	degenerated	True	pain_ligand:TNF
Fibroblasts	AF_outer	FGF2	FGFRL1	0.41701025	0.78	0.16921265	-0.21801092398180427	-0.5750689726494951	0.00920497	0.6056778	1.0	1.0	degenerated	True	pain_ligand:FGF2
Macrophages	AF_mechanical_stress	TNF	SEMA4C	0.74467725	0.0	0.20565142	2.4691240823382876	1.4562879679744773	0.01887058	0.6287115	0.005963467576966869	1.0	degenerated	True	pain_ligand:TNF
Macrophages	AF_mechanical_stress	PDGFA	PDGFRA	0.41540116	0.06	0.14483996	0.14604017488481924	0.20279392420975073	0.01686546	0.5869611	0.2657839949580792	1.0	degenerated	True	pain_ligand:PDGFA
AF_inner	Classical monocytes	PDGFC	FLT1	0.32764226	0.26	0.107029654	0.1490797628292979	0.4205042718766952	0.0076164273	0.54987234	0.565885135056991	1.0	degenerated	True	pain_receptor:FLT1
Fibroblasts	AF_outer	NGF	KIDINS220	0.40012044	0.1	0.1595499	0.24078833461969287	0.06166358885268247	0.011666992	0.59863484	0.5348437815357816	1.0	degenerated	True	pain_ligand:NGF
Fibroblasts	AF_outer	PDGFA	PDGFRB	0.35401076	0.03	0.11443656	0.40169567539065565	0.5536757088610752	0.009947778	0.55813885	0.1760704091790426	1.0	degenerated	True	pain_ligand:PDGFA
Fibroblasts	AF_outer	SLIT3	ROBO1	0.70668525	0.0	0.17867276	2.4261860298695597	1.1133425594237203	0.04757526	0.612155	0.005963467576966869	1.0	degenerated	True	pain_receptor:ROBO1
Tem/Trm cytotoxic T cells	AF_mechanical_stress	TNF	VSIR	0.36517787	0.0	0.12980102	0.5628253754145525	0.43408580201824243	0.0025911445	0.5736119	0.46010532682094724	1.0	degenerated	True	pain_ligand:TNF
AF_inner	CD16+ NK cells	VEGFB	ADRB2	0.3932613	0.59	0.15454476	0.040857249492290526	0.24143135634198387	0.005988152	0.5947998	1.0	1.0	degenerated	True	pain_ligand:VEGFB
Fibroblasts	AF_outer	TNFSF13B	TFRC	0.37966985	0.15	0.10851182	0.18614831774758672	-0.037819594842147586	0.0036796588	0.5515738	0.8317412881728788	1.0	degenerated	True	pain_ligand:TNF
Fibroblasts	AF_outer	VEGFA	EGFR	0.38112885	0.69	0.12443066	-0.06282148118039534	-0.2652387664043687	0.008961125	0.56843674	1.0	1.0	degenerated	True	pain_ligand:VEGFA
Fibroblasts	AF_outer	VEGFA	GPC1	0.4345264	0.72	0.18054615	-0.10388872433982493	-0.3534136329426691	0.008098356	0.6133925	1.0	1.0	degenerated	True	pain_ligand:VEGFA
Fibroblasts	AF_outer	VEGFA	SIRPA	0.4234044	0.76	0.16885802	-0.1284690192999989	-0.5363969183316198	0.0032744203	0.6054273	1.0	1.0	degenerated	True	pain_ligand:VEGFA
Macrophages	AF_inner	TNF	TRADD	0.73057026	0.0	0.16797584	2.313760881932483	1.3035333025082438	0.011971789	0.6048014	0.017148429232730297	1.0	degenerated	True	pain_ligand:TNF
Macrophages	AF_inner	VEGFB	ADRB2	0.419056	0.47	0.1735415	0.06869172573059598	0.15562563896467313	0.0067242207	0.6086903	0.875492967772131	1.0	degenerated	True	pain_ligand:VEGFB
Macrophages	AF_inner	PDGFC	FLT1	0.37602884	0.01	0.13639158	0.22309033841833664	0.2570059763537893	0.009705876	0.5796573	0.1756710204337258	1.0	degenerated	True	pain_receptor:FLT1
Fibroblasts	CD16+ NK cells	NGF	KIDINS220	0.44893956	0.07	0.19633454	0.3071114553978547	0.5797240149560836	0.014356846	0.6232842	0.2606939141756345	1.0	degenerated	True	pain_ligand:NGF
Tem/Trm cytotoxic T cells	AF_outer	TNF	TNFRSF1A	0.46663362	0.0	0.19180335	0.5260810099241942	0.45230679509955585	0.0047495794	0.62053907	0.42265253539548386	1.0	degenerated	True	pain_ligand:TNF; pain_receptor:TNFRSF1A
Fibroblasts	CD16+ NK cells	TNFSF13B	TFRC	0.36935908	0.18	0.10457534	0.1740513151189781	0.33479068382496724	0.0035461723	0.5469998	0.8488719357871733	1.0	degenerated	True	pain_ligand:TNF
Fibroblasts	Classical monocytes	ADAM17	IL6R	0.34337962	0.31	0.117882684	0.1899585570556126	0.26854239283877035	0.005730082	0.56179416	0.6417227897853943	1.0	degenerated	True	pain_receptor:IL6R
Tem/Trm cytotoxic T cells	CD16+ NK cells	TNFSF9	HLA-DPA1	0.33555067	0.0	0.11253227	0.42537981010498926	1.0058335143048371	0.0023367398	0.5560686	0.2654670926352316	1.0	degenerated	True	pain_ligand:TNF
Tem/Trm cytotoxic T cells	Classical monocytes	ADAM10	IL6R	0.33384913	0.27	0.111436345	0.12066104933956867	0.5289986253868583	0.0020787714	0.55486035	1.0	1.0	degenerated	True	pain_receptor:IL6R
Macrophages	AF_inner	ADAM10	IL6R	0.49488813	0.0	0.210841	0.39132135999364864	0.32249363048145224	0.0039331	0.6316156	0.6889763814295501	1.0	degenerated	True	pain_receptor:IL6R
AF_inner	AF_outer	TNFSF10	TNFRSF11B	0.5654869	0.0	0.1869452	0.02599212241043998	0.07345401505848165	0.009899841	0.61751395	0.670848256650939	1.0	degenerated	True	pain_ligand:TNF
AF_inner	AF_outer	TNFSF12	TNFRSF12A	0.7229778	0.0	0.19821563	-0.0025326620233304814	0.07031244192971992	0.0050223726	0.62440306	0.8019586791904931	1.0	degenerated	True	pain_ligand:TNF
Fibroblasts	Classical monocytes	FGF2	CD44	0.5154025	0.94	0.23780462	-0.3888247365217301	-0.4810894965732197	0.0022852407	0.6455022	1.0	1.0	degenerated	True	pain_ligand:FGF2
Fibroblasts	Classical monocytes	FGF2	FGFR1	0.34337962	0.93	0.117882684	-0.45590722756867486	-0.629904811738426	0.0037484318	0.56179416	1.0	1.0	degenerated	True	pain_ligand:FGF2
Fibroblasts	Classical monocytes	FGF2	SDC4	0.51662	0.65	0.23865336	-0.15465032377080318	-0.12123358591234751	0.01174869	0.6459097	1.0	1.0	degenerated	True	pain_ligand:FGF2
Fibroblasts	Tem/Trm cytotoxic T cells	TNFSF13B	TFRC	0.40951857	0.11	0.119907536	0.2211712153978864	0.375447016137202	0.00406609	0.5638894	0.6406939102301692	1.0	degenerated	True	pain_ligand:TNF
Fibroblasts	Classical monocytes	IL11	IL6R	0.37782365	0.16	0.1411803	0.29928094277942185	0.37009914981545305	0.009382435	0.58385545	0.4130290097656548	1.0	degenerated	True	pain_receptor:IL6R
Fibroblasts	Tem/Trm cytotoxic T cells	NGF	KIDINS220	0.4193991	0.08	0.17407617	0.2669793140680533	0.41942842312900025	0.0127292145	0.60905653	0.2799514982977906	1.0	degenerated	True	pain_ligand:NGF
Fibroblasts	Classical monocytes	NGF	KIDINS220	0.3409623	0.34	0.114974946	0.16041910377030655	0.18558995088507974	0.008407474	0.5587176	0.6881343060618171	1.0	degenerated	True	pain_ligand:NGF
AF_inner	AF_outer	SEMA3A	NRP2	0.5141773	0.0	0.23635502	0.06054618667672372	0.1284317685165926	0.019487321	0.64480233	0.5262902991535341	1.0	degenerated	True	pain_ligand:SEMA3A; pain_receptor:NRP2
Tem/Trm cytotoxic T cells	DC	ADAM10	IL6R	0.5069821	0.01	0.22553197	0.37561192695860934	0.6169682676321667	0.00420715	0.6394165	0.5898091287432718	1.0	degenerated	True	pain_receptor:IL6R
AF_inner	AF_outer	NGF	MAGED1	0.43919107	0.0	0.114948034	0.07102368128325716	0.17072229042185666	0.015798219	0.5586887	0.48797168025305404	1.0	degenerated	True	pain_ligand:NGF
Fibroblasts	DC	ADAM17	IL6R	0.5165126	0.04	0.23857848	0.44490943467465327	0.3565120350840788	0.011596904	0.64587384	0.19940486760830795	1.0	degenerated	True	pain_receptor:IL6R
Fibroblasts	Tem/Temra cytotoxic T cells	TNFSF13B	HLA-DPB1	0.42220137	0.0	0.1247496	0.5711558393305154	0.7564143944677355	0.0029552733	0.56875074	0.111126359912578	1.0	degenerated	True	pain_ligand:TNF
Fibroblasts	Tem/Temra cytotoxic T cells	VEGFA	ITGB1	0.42836785	1.0	0.17407413	-0.6513477084410038	-1.1162059240794904	0.0007952083	0.60905516	1.0	1.0	degenerated	True	pain_ligand:VEGFA
Fibroblasts	Tem/Temra cytotoxic T cells	NGF	KIDINS220	0.47021848	0.03	0.21236795	0.33601990647007063	0.5243902555799196	0.015529279	0.6324547	0.1760704091790426	1.0	degenerated	True	pain_ligand:NGF
Fibroblasts	DC	FGF2	FGFR1	0.39057496	0.98	0.15078387	-0.4032998958042602	-0.8599754150454003	0.0047946232	0.5918276	1.0	1.0	degenerated	True	pain_ligand:FGF2
Fibroblasts	DC	FGF2	FGFRL1	0.33782935	0.88	0.11401345	-0.3193867723807784	-0.6464300337141877	0.0062021976	0.55768204	1.0	1.0	degenerated	True	pain_ligand:FGF2
Fibroblasts	DC	FGF2	SDC3	0.47341573	0.29	0.20853448	0.6099784136345386	0.10572602264736303	0.03734495	0.6303349	0.611656462744215	1.0	degenerated	True	pain_ligand:FGF2
Tem/Trm cytotoxic T cells	DC	TNF	VSIR	0.3658105	0.05	0.13018763	0.5636886719392322	0.5076705538448961	0.0025988622	0.57397556	1.0	1.0	degenerated	True	pain_ligand:TNF
Fibroblasts	DC	GRN	TNFRSF1A	0.36470088	0.93	0.10877339	-0.39497831587031973	-0.7066172334427185	0.0012429248	0.5518715	1.0	1.0	degenerated	True	pain_receptor:TNFRSF1A
Fibroblasts	Tem/Temra cytotoxic T cells	ANGPT1	ITGB1	0.49526823	0.99	0.21840043	0.1845759174688304	-0.07247937473940091	0.0075553553	0.6357041	1.0	1.0	degenerated	True	pain_ligand:ANGPT1
AF_inner	AF_outer	FGF2	SDC4	0.8569851	0.0	0.725466	0.2237695732983557	0.46357968373536074	0.035714038	0.7607888	0.13760600888362	1.0	degenerated	True	pain_ligand:FGF2
AF_inner	AF_outer	FGF2	SDC3	0.53336525	0.0	0.109534316	0.19453598123272453	0.2948051784200204	0.019615721	0.55273336	0.17820254538853975	1.0	degenerated	True	pain_ligand:FGF2
Fibroblasts	Tem/Effector helper T cells	NGF	BEX3	0.38469815	0.98	0.14792942	-0.17867009492214114	-0.3407476754813769	0.009938575	0.5895171	1.0	1.0	degenerated	True	pain_ligand:NGF
Fibroblasts	DC	NGF	BEX3	0.37867722	0.99	0.1433927	-0.18468629867681707	-0.5546783983157069	0.009633779	0.5857432	1.0	1.0	degenerated	True	pain_ligand:NGF
Fibroblasts	DC	NGF	MAGED1	0.3438689	0.54	0.11716506	0.05131374409929726	-0.12414455965707288	0.01610292	0.5610424	1.0	1.0	degenerated	True	pain_ligand:NGF
Fibroblasts	DC	NGF	SORT1	0.3594751	0.07	0.12892413	0.3336903540237122	0.20503822376808256	0.021384444	0.57278275	0.2606939141756345	1.0	degenerated	True	pain_ligand:NGF
Fibroblasts	DC	PGF	NRP2	0.506425	0.06	0.23692818	0.568283045952529	0.3278013261870466	0.01644155	0.6450797	0.24097969335961317	1.0	degenerated	True	pain_receptor:NRP2
Tem/Trm cytotoxic T cells	Endothelial cells	TNFSF9	HLA-DPA1	0.36246347	0.0	0.1301697	0.4870067484548195	0.8316750832933849	0.0027029824	0.5739587	0.1844915555599242	1.0	degenerated	True	pain_ligand:TNF
Fibroblasts	Tcm/Naive helper T cells	VEGFA	ITGB1	0.5041146	1.0	0.25367633	-0.5794733104991262	-0.9220805888540758	0.0011588485	0.6528593	1.0	1.0	degenerated	True	pain_ligand:VEGFA
Fibroblasts	DC	TNFSF13B	TFRC	0.48005	0.11	0.1468352	0.30392717305359507	0.22496572881783838	0.004979213	0.5886185	0.38407752085198366	1.0	degenerated	True	pain_ligand:TNF
Fibroblasts	DC	VEGFA	ITGAV	0.48125187	0.79	0.2296499	-0.19151435606641432	-0.5513040680881005	0.0034480526	0.6414998	1.0	1.0	degenerated	True	pain_ligand:VEGFA
Tem/Trm cytotoxic T cells	Endothelial cells	TNF	NOTCH1	0.424587	0.0	0.16610754	1.3905966779705445	1.1533974949159285	0.012713039	0.603464	0.012933826112063637	1.0	degenerated	True	pain_ligand:TNF
Tem/Trm cytotoxic T cells	Endothelial cells	TNF	TNFRSF1A	0.5119283	0.0	0.2194842	0.5813760865243927	0.6852887294414961	0.0054350332	0.63627714	0.11543175116885704	1.0	degenerated	True	pain_ligand:TNF; pain_receptor:TNFRSF1A
Fibroblasts	Tcm/Naive helper T cells	NGF	KIDINS220	0.38261953	0.13	0.14636318	0.21701250859158622	0.33759763002048776	0.01070272	0.5882286	0.36459582607180374	1.0	degenerated	True	pain_ligand:NGF
Fibroblasts	Small pre-B cells	TNFSF13B	TFRC	0.36044392	0.38	0.101171695	0.1635909805484483	0.26450358965023224	0.003430754	0.54289716	0.9106714618103573	1.0	degenerated	True	pain_ligand:TNF
Fibroblasts	Small pre-B cells	TNFSF9	HLA-DPA1	0.55932903	0.01	0.15152118	0.9553811956968611	0.9345093964302086	0.003146347	0.5924166	0.2864015652386267	1.0	degenerated	True	pain_ligand:TNF
Fibroblasts	Endothelial cells	FGF2	FGFR1	0.42278346	0.94	0.17323731	-0.3673979494482882	-0.7129601733305202	0.0055085975	0.60848135	1.0	1.0	degenerated	True	pain_ligand:FGF2
Tem/Trm cytotoxic T cells	Fibroblasts	TNF	FAS	0.36155093	0.0	0.12758449	0.8434968762818842	0.7747590990213564	0.0060232384	0.57150424	0.10350413227990742	1.0	degenerated	True	pain_ligand:TNF
Tem/Trm cytotoxic T cells	Fibroblasts	TNF	TRADD	0.32706374	0.0	0.10650842	0.6928427287702451	0.6533356496430365	0.007590951	0.54926807	0.10433662618860921	1.0	degenerated	True	pain_ligand:TNF
Tem/Trm cytotoxic T cells	Fibroblasts	TNF	TRAF2	0.33299887	0.0	0.11013556	1.4233154152321477	0.8681683719588379	0.029265352	0.5534099	0.005963467576966869	1.0	degenerated	True	pain_ligand:TNF
Tem/Trm cytotoxic T cells	Fibroblasts	TNFSF9	HLA-DPA1	0.44854265	0.0	0.18658213	0.6841169945859074	0.7861520252560735	0.0038743897	0.61728436	0.10350413227990742	1.0	degenerated	True	pain_ligand:TNF
AF_inner	AF_mechanical_stress	TNFSF10	TNFRSF10D	0.43439564	0.0	0.13423914	0.27719438741256414	0.26037057738484304	0.0120774545	0.5777182	0.1720811070880533	1.0	degenerated	True	pain_ligand:TNF
AF_inner	AF_mechanical_stress	TNFSF10	TNFRSF11B	0.46477216	1.0	0.1464522	-0.06895598498597184	-0.29578944790735034	0.0077555003	0.58830225	1.0	1.0	degenerated	True	pain_ligand:TNF
AF_inner	AF_mechanical_stress	TNFSF12	TNFRSF12A	0.7407056	0.0	0.20365258	0.014584832005260728	-0.04362509296699163	0.005160134	0.62757075	0.8509490322016505	1.0	degenerated	True	pain_ligand:TNF
Tem/Trm cytotoxic T cells	Fibroblasts	TNFSF9	TRAF2	0.3440559	0.0	0.118106216	1.1020283793839787	0.7971348036441206	0.05373058	0.5620273	0.005963467576966869	1.0	degenerated	True	pain_ligand:TNF
Fibroblasts	Endothelial cells	NGF	BEX3	0.4265383	1.0	0.17945544	-0.13686287217310455	-0.40208064842581054	0.012056639	0.61267376	1.0	1.0	degenerated	True	pain_ligand:NGF
Fibroblasts	Endothelial cells	NGF	KIDINS220	0.47882512	0.04	0.21885297	0.34771251623835897	0.32753463356088947	0.016003491	0.6359438	0.19940486760830795	1.0	degenerated	True	pain_ligand:NGF
Fibroblasts	Endothelial cells	PGF	NRP2	0.4041929	0.13	0.16196214	0.44853513945451867	0.1265848491103928	0.011239306	0.6004362	0.3836613881436887	1.0	degenerated	True	pain_receptor:NRP2
Fibroblasts	Plasma cells	TNFSF13B	TFRC	0.4333943	0.19	0.12902287	0.24918512462367143	0.20108113435092656	0.004375193	0.5728764	0.5387903960116935	1.0	degenerated	True	pain_ligand:TNF
Fibroblasts	Plasma cells	VEGFA	ITGB1	0.42547244	1.0	0.17103133	-0.6540951047191064	-1.3020059737342444	0.0007813082	0.60695374	1.0	1.0	degenerated	True	pain_ligand:VEGFA
AF_inner	AF_mechanical_stress	NGF	BEX3	0.71817213	0.03	0.20422886	0.035647837718613865	-0.10235726158293185	0.013721031	0.627901	1.0	1.0	degenerated	True	pain_ligand:NGF
Tem/Trm cytotoxic T cells	Macrophages	CXCL8	SDC3	0.41276047	0.03	0.16851038	0.4387054216834276	0.03156123005172995	0.0072540552	0.60518104	0.6148938314924954	1.0	degenerated	True	pain_ligand:CXCL8
Fibroblasts	Plasma cells	NGF	KIDINS220	0.33319885	0.28	0.109125294	0.14987211295298358	-0.0020534309534475104	0.007979722	0.5522709	0.7149036086170197	1.0	degenerated	True	pain_ligand:NGF
Fibroblasts	Plasma cells	NGF	MAGED1	0.44053358	0.32	0.19000073	0.16847796896564948	0.26304333988587864	0.026113302	0.6194268	0.6572501064640391	1.0	degenerated	True	pain_ligand:NGF
Fibroblasts	Endothelial cells	TNFSF12	TNFRSF12A	0.4923965	1.0	0.18335874	0.05252899113270271	-0.40683982475071756	0.0046459297	0.61522377	1.0	1.0	degenerated	True	pain_ligand:TNF
Fibroblasts	Endothelial cells	VEGFA	ITGA9	0.43668923	0.48	0.18281905	0.8459412081854978	-0.07668688484044378	0.025064304	0.61487484	0.3057447260455088	1.0	degenerated	True	pain_ligand:VEGFA
Fibroblasts	Endothelial cells	VEGFA	ITGAV	0.47308153	0.81	0.22106369	-0.202356364669677	-0.5876934971832843	0.0033191356	0.6371065	1.0	1.0	degenerated	True	pain_ligand:VEGFA
Fibroblasts	Endothelial cells	VEGFA	ITGB3	0.382834	0.56	0.1262226	0.7496045884756851	-0.17900265983226576	0.016762335	0.5701898	0.5585217252558343	1.0	degenerated	True	pain_ligand:VEGFA
Fibroblasts	Endothelial cells	VEGFA	NRP2	0.4835947	0.92	0.23211198	-0.26609894662983885	-0.6934681589466744	0.003107259	0.64272517	1.0	1.0	degenerated	True	pain_ligand:VEGFA; pain_receptor:NRP2
Fibroblasts	Fibroblasts	ANGPT1	TIE1	0.47163385	0.0	0.1872385	1.8694325206925069	0.9834043738446279	0.123152204	0.6176991	0.005963467576966869	1.0	degenerated	True	pain_ligand:ANGPT1
Tem/Trm cytotoxic T cells	Macrophages	TNF	TNFRSF1A	0.3422845	0.33	0.11581026	0.37427871801579204	0.2923823403575867	0.002867781	0.5596097	1.0	1.0	degenerated	True	pain_ligand:TNF; pain_receptor:TNFRSF1A
AF_inner	AF_mechanical_stress	FGF2	FGFR2	0.5527847	0.0	0.1464945	0.19509211121774214	0.2465863836444044	0.041739546	0.5883372	0.1893369096561126	1.0	degenerated	True	pain_ligand:FGF2
AF_inner	AF_mechanical_stress	FGF2	FGFR3	0.56904626	0.0	0.17744441	0.22744675047934287	0.2779194368462543	0.042887013	0.61133575	0.15426597412626258	1.0	degenerated	True	pain_ligand:FGF2
Tem/Trm cytotoxic T cells	Macrophages	TNFSF9	TNFRSF9	0.33006492	0.0	0.10893715	0.89170950875465	0.8265003923815477	0.025908597	0.5520575	0.005963467576966869	1.0	degenerated	True	pain_ligand:TNF
Fibroblasts	Plasma cells	ADAM10	IL6R	0.8516648	0.0	0.71583664	0.9425255244756621	0.9298947886569344	0.013353461	0.7595708	0.010354696033432963	1.0	degenerated	True	pain_receptor:IL6R
Tem/Trm cytotoxic T cells	Mast cells	TNF	FAS	0.4455068	0.0	0.17889221	1.040340138240889	1.4708295518318675	0.008445466	0.6123007	0.07037942761895188	1.0	degenerated	True	pain_ligand:TNF
Fibroblasts	Plasma cells	ANGPT1	ITGB1	0.4923728	0.98	0.21458282	0.1818285211907278	-0.25827942439415497	0.0074232896	0.6336598	1.0	1.0	degenerated	True	pain_ligand:ANGPT1
Fibroblasts	Naive B cells	VEGFA	ITGB1	0.42636883	1.0	0.17197335	-0.653244536963448	-1.24166708492085	0.00078561157	0.6076087	1.0	1.0	degenerated	True	pain_ligand:VEGFA
Fibroblasts	NP_stressed_degenerative	VEGFA	SIRPA	0.40085953	0.77	0.14516562	-0.16515375970105872	-0.20103177372755826	0.0028149877	0.58723325	1.0	1.0	degenerated	True	pain_ligand:VEGFA
Fibroblasts	Naive B cells	ANGPT1	ITGB1	0.4932692	0.96	0.21576472	0.18267908894638618	-0.19794053558076063	0.0074641756	0.6342971	1.0	1.0	degenerated	True	pain_ligand:ANGPT1
Fibroblasts	Fibroblasts	NGF	MAGED1	0.39477408	0.4	0.1555215	0.11301428072195734	-0.09091598510574583	0.021374548	0.5955588	1.0	1.0	degenerated	True	pain_ligand:NGF
Fibroblasts	Fibroblasts	NGF	NGFR	0.44152614	0.01	0.19074862	2.0381845236215526	0.8001092927161386	0.11112491	0.6198897	0.016896311609731166	1.0	degenerated	True	pain_ligand:NGF; pain_receptor:NGFR
Fibroblasts	Fibroblasts	NGF	SORT1	0.4451618	0.04	0.19348803	0.4814816955715965	0.29675686074713575	0.03209356	0.62156814	0.19940486760830795	1.0	degenerated	True	pain_ligand:NGF
Fibroblasts	NP_stressed_degenerative	NGF	KIDINS220	0.38620794	0.14	0.14906701	0.2218874575088136	0.5409726253850242	0.010900436	0.5904436	0.38120921633996746	1.0	degenerated	True	pain_ligand:NGF
AF_inner	AF_inner	VEGFB	ADRB2	0.3886671	0.97	0.15083505	0.032668100315469795	-0.041819995060979054	0.0058444124	0.5918686	1.0	1.0	degenerated	True	pain_ligand:VEGFB
Fibroblasts	Fibroblasts	TNFSF12	TNFRSF12A	0.83849883	0.25	0.6924699	0.386712796656978	0.067188573206308	0.017545749	0.7565274	0.5521233618152372	1.0	degenerated	True	pain_ligand:TNF
Fibroblasts	Fibroblasts	VEGFA	EGFR	0.35817048	0.75	0.10030374	-0.11373960545277445	-0.501221903447256	0.0072235763	0.54182786	1.0	1.0	degenerated	True	pain_ligand:VEGFA
Fibroblasts	Fibroblasts	VEGFA	GPC1	0.39280403	0.77	0.1367001	-0.17466455867049685	-0.5011130779636479	0.0061316513	0.5799326	1.0	1.0	degenerated	True	pain_ligand:VEGFA
Fibroblasts	Fibroblasts	VEGFA	ITGAV	0.46828386	0.72	0.21602184	-0.20872292665232012	-0.6529002318663119	0.0032434356	0.6344352	1.0	1.0	degenerated	True	pain_ligand:VEGFA
Fibroblasts	Fibroblasts	VEGFA	SIRPA	0.3664296	0.78	0.10898325	-0.22117828035747378	-0.6579399865626214	0.002113355	0.55210984	1.0	1.0	degenerated	True	pain_ligand:VEGFA
Fibroblasts	NP_notochordal	VEGFA	SIRPA	0.45805693	0.65	0.20527436	-0.07208156545323485	-0.21850557786109243	0.0039805896	0.6284973	1.0	1.0	degenerated	True	pain_ligand:VEGFA
Fibroblasts	NP_stressed_degenerative	ANGPT1	ITGA5	0.5000415	0.0	0.22469401	0.6448617306061488	0.7882709019545298	0.02116726	0.63898736	0.005963467576966869	1.0	degenerated	True	pain_ligand:ANGPT1
AF_inner	AF_inner	TNFSF12	TNFRSF12A	0.71724945	0.0	0.1964588	-0.008063720336429533	-0.04100832434401819	0.004977858	0.62335855	0.8418194924756993	1.0	degenerated	True	pain_ligand:TNF
Fibroblasts	NP_notochordal	TNFSF13B	TFRC	0.46945825	0.05	0.14279145	0.29149965987564647	0.5927580272568741	0.0048420886	0.58523333	0.4153812355919331	1.0	degenerated	True	pain_ligand:TNF
Fibroblasts	NP_notochordal	GRN	TNFRSF1A	0.47816712	0.84	0.2268626	-0.2564611717848078	-0.3212993473836375	0.0025922991	0.6400944	1.0	1.0	degenerated	True	pain_receptor:TNFRSF1A
Fibroblasts	NP_notochordal	FGF2	CD44	0.47657573	1.0	0.2107374	-0.4270837237751791	-0.6343341171853774	0.0020251318	0.6315584	1.0	1.0	degenerated	True	pain_ligand:FGF2
Tem/Trm cytotoxic T cells	NP_mature_chondrocyte	TNF	TNFRSF1A	0.40714127	0.0	0.15544596	0.45345449251582043	0.3317470315549207	0.0038492705	0.5955003	0.7186425819372584	1.0	degenerated	True	pain_ligand:TNF; pain_receptor:TNFRSF1A
Fibroblasts	Macrophages	FGF2	FGFR1	0.35911965	0.98	0.1288555	-0.43836223008340014	-0.8950145976122027	0.0040973453	0.57271767	1.0	1.0	degenerated	True	pain_ligand:FGF2
Fibroblasts	Macrophages	FGF2	SDC3	0.35909358	0.45	0.12883732	0.2559380606863074	-0.017162257477954468	0.023072558	0.5727003	0.8464075548889961	1.0	degenerated	True	pain_ligand:FGF2
Fibroblasts	Macrophages	FGF2	SDC4	0.44169453	0.85	0.18642074	-0.24284985966478037	-0.5416551436190389	0.009177325	0.61718214	1.0	1.0	degenerated	True	pain_ligand:FGF2
Fibroblasts	Macrophages	GRN	TNFRSF1A	0.4496885	0.85	0.19722365	-0.291227299417146	-0.5254420881633854	0.0022536227	0.6238146	1.0	1.0	degenerated	True	pain_receptor:TNFRSF1A
Fibroblasts	NP_notochordal	ANGPT1	ITGA5	0.48422113	0.01	0.20383482	0.6229287970274794	0.533487986008284	0.019202223	0.6276753	0.11458311243323929	1.0	degenerated	True	pain_ligand:ANGPT1
Fibroblasts	NP_mature_chondrocyte	VEGFA	GPC1	0.41972283	0.75	0.16498907	-0.1290009068659821	-0.5046116468238544	0.0074005467	0.60265535	1.0	1.0	degenerated	True	pain_ligand:VEGFA
Fibroblasts	NP_mature_chondrocyte	VEGFA	SIRPA	0.38647187	0.8	0.13004565	-0.18856544750578205	-0.6218728117468302	0.002521788	0.57384217	1.0	1.0	degenerated	True	pain_ligand:VEGFA
AF_inner	AF_inner	SEMA3A	NRP2	0.46635574	0.72	0.20318829	0.004531164815524732	-0.0009751733507084581	0.016752744	0.627304	1.0	1.0	degenerated	True	pain_ligand:SEMA3A; pain_receptor:NRP2
AF_inner	AF_inner	SEMA3E	NRP2	0.4832284	0.0	0.22296087	0.08277803974599159	0.11561735744084245	0.02231872	0.63809377	0.44517940759746144	1.0	degenerated	True	pain_receptor:NRP2
Tem/Trm cytotoxic T cells	NP_notochordal	TNF	TNFRSF1A	0.37076315	0.0	0.13321432	0.4090448456481302	0.4965250811373346	0.0032987536	0.57678306	0.3353248027744854	1.0	degenerated	True	pain_ligand:TNF; pain_receptor:TNFRSF1A
Fibroblasts	NP_notochordal	ADAM10	IL6R	0.84865457	0.0	0.7101225	0.9380927675981136	0.9845350313952397	0.013246869	0.7588382	0.010730155702950332	1.0	degenerated	True	pain_receptor:IL6R
Fibroblasts	NP_mature_chondrocyte	TNFSF13B	TFRC	0.5142539	0.03	0.15989365	0.3440593336521951	0.2650380305474881	0.005422028	0.59889334	0.30501754302484846	1.0	degenerated	True	pain_ligand:TNF
AF_inner	AF_inner	NGF	MAGED1	0.43079028	0.0	0.112259574	0.06084108034414602	0.06439854110465898	0.015428721	0.5557692	0.5276096524778767	1.0	degenerated	True	pain_ligand:NGF
Fibroblasts	Macrophages	NGF	SORT1	0.41415888	0.05	0.1701277	0.42800828112887823	0.4749362388352346	0.028218815	0.6063217	0.2207665811323996	1.0	degenerated	True	pain_ligand:NGF
Fibroblasts	NP_mature_chondrocyte	SLIT3	ROBO1	0.69786644	0.0	0.15621969	2.40367011146339	1.0406836686729137	0.04159667	0.5960981	0.005963467576966869	1.0	degenerated	True	pain_receptor:ROBO1
Tem/Trm cytotoxic T cells	NP_stressed_degenerative	TNF	TNFRSF1A	0.50002074	0.0	0.21220715	0.5668396862472572	1.1427828139731129	0.0052548335	0.63236666	0.11351895331101053	1.0	degenerated	True	pain_ligand:TNF; pain_receptor:TNFRSF1A
Fibroblasts	NP_mature_chondrocyte	PDGFA	PDGFRA	0.43820655	0.11	0.19161914	0.26401032447797407	0.1427156904469481	0.022312524	0.620426	0.3509645008401928	1.0	degenerated	True	pain_ligand:PDGFA
AF_inner	AF_inner	GRN	TNFRSF1A	0.4845096	1.0	0.22895479	-0.2522095011597883	-0.5789911923123762	0.002616206	0.6411512	1.0	1.0	degenerated	True	pain_receptor:TNFRSF1A
Fibroblasts	NP_mature_chondrocyte	NGF	KIDINS220	0.37280437	0.18	0.13896757	0.2036780389143486	0.02398487867245891	0.01016192	0.58193505	0.6369593732833823	1.0	degenerated	True	pain_ligand:NGF
Fibroblasts	NP_mature_chondrocyte	NGF	SORT1	0.33056366	0.07	0.107139714	0.283824215094958	0.16515774541055972	0.017771095	0.5499995	0.3092861505185133	1.0	degenerated	True	pain_ligand:NGF
Tem/Trm cytotoxic T cells	Naive B cells	TNF	VSIR	0.3319897	0.06	0.10951883	0.5175383772717372	0.6268341884644637	0.0021862627	0.55271584	0.9183715812983243	1.0	degenerated	True	pain_ligand:TNF
Fibroblasts	Macrophages	VEGFB	ADRB2	0.49608737	0.23	0.15930398	0.10861893613415555	-0.04363685849962329	0.006172559	0.5984495	0.8512325676748037	1.0	degenerated	True	pain_ligand:VEGFB
Fibroblasts	NP_mature_chondrocyte	GRN	TNFRSF1A	0.5145452	0.77	0.26472285	-0.2120515249171176	-0.48607739696605146	0.0030249183	0.6576735	1.0	1.0	degenerated	True	pain_receptor:TNFRSF1A
Tem/Trm cytotoxic T cells	Plasma cells	TNF	TRADD	0.3625037	0.0	0.12816675	0.7723208222892519	0.8125658603238086	0.00913456	0.5720617	0.052239764741718674	1.0	degenerated	True	pain_ligand:TNF
Tem/Trm cytotoxic T cells	Plasma cells	TNF	VSIR	0.4275298	0.01	0.16790597	0.6479079529429811	0.6685695793475651	0.0033518123	0.6047517	0.7703282833540853	1.0	degenerated	True	pain_ligand:TNF
Fibroblasts	Memory B cells	ANGPT1	ITGA5	0.49864015	0.02	0.22284631	0.6429189460033087	0.704011015210774	0.020993197	0.6380344	0.10259390656062052	1.0	degenerated	True	pain_ligand:ANGPT1
Fibroblasts	NP_mature_chondrocyte	ANGPT1	ITGA5	0.50547516	0.0	0.23185827	0.652394789564397	0.4180009885991363	0.021842165	0.6425996	0.05886167591494896	1.0	degenerated	True	pain_ligand:ANGPT1
Fibroblasts	NP_mature_chondrocyte	ADAM10	IL6R	0.5795497	0.01	0.19930029	0.5418161070189625	0.14294273644358085	0.0037178155	0.6250428	0.7699102331962613	1.0	degenerated	True	pain_receptor:IL6R
Fibroblasts	NK cells	FGF2	SDC2	0.5053361	0.89	0.23078705	-0.3400791375055964	-0.6525106632756774	0.006005063	0.6420676	1.0	1.0	degenerated	True	pain_ligand:FGF2
Fibroblasts	NK cells	VEGFA	EGFR	0.43978667	0.59	0.18607417	0.06727270659545145	-0.2266810470880668	0.013400508	0.6169623	1.0	1.0	degenerated	True	pain_ligand:VEGFA
Fibroblasts	NK cells	VEGFA	GPC1	0.38973176	0.78	0.13347147	-0.1798761478990225	-0.5013273969500611	0.0059868325	0.57701844	1.0	1.0	degenerated	True	pain_ligand:VEGFA
Fibroblasts	NK cells	TNFSF12	TNFRSF12A	0.5112658	0.91	0.21111521	0.0707485218183746	-0.31347450790666254	0.005349221	0.63176674	1.0	1.0	degenerated	True	pain_ligand:TNF
Tem/Trm cytotoxic T cells	Tem/Temra cytotoxic T cells	TNF	FAS	0.40626842	0.0	0.15491256	0.9483417250228192	1.1917622701885795	0.0073133917	0.5950863	0.10350413227990742	1.0	degenerated	True	pain_ligand:TNF
Fibroblasts	NK cells	NGF	BEX3	0.46323913	1.0	0.20710911	-0.10019098308533553	-0.2836150974295942	0.013914539	0.6295355	1.0	1.0	degenerated	True	pain_ligand:NGF
Fibroblasts	NK cells	NGF	KIDINS220	0.3785389	0.19	0.14328848	0.2114687392978598	0.10118078998328633	0.010477885	0.585655	0.4614147132364647	1.0	degenerated	True	pain_ligand:NGF
Fibroblasts	NK cells	NGF	SORT1	0.352444	0.05	0.123626284	0.32156317301966053	0.25639838984004354	0.020505698	0.5676411	0.2207665811323996	1.0	degenerated	True	pain_ligand:NGF
Tem/Trm cytotoxic T cells	Tem/Temra cytotoxic T cells	TNFSF9	HLA-DPA1	0.38398498	0.0	0.14427394	0.5362881652141548	0.9659484417747702	0.0029958573	0.58648634	0.1366239896205431	1.0	degenerated	True	pain_ligand:TNF
