source	target	ligand_complex	receptor_complex	lr_means	cellphone_pvals	expr_prod	scaled_weight	lr_logfc	spec_weight	lrscore	specificity_rank	magnitude_rank	condition	is_pain_relevant	pain_categories
unassigned	AF_inner	CXCL8	SDC2	2.2435994	0.0	4.4600983	1.4235536190420917	2.4326223568718324	0.04586712	0.88336295	0.0005601752838328025	0.00035212047559136407	degenerated	True	pain_ligand:CXCL8
unassigned	NP_mature_chondrocyte	CXCL8	SDC2	2.168553	0.0	4.009672	1.3458196048912456	2.507039120115955	0.041234992	0.8777656	0.001095100597530844	0.0006898439765166099	degenerated	True	pain_ligand:CXCL8
unassigned	Fibrochondrocyte_fibroid	PTGS2	CAV1	2.0922072	0.0	4.3527017	0.9585189581258932	1.7258734643790161	0.031629805	0.8821014	0.00555063093526689	0.000754786216855688	degenerated	True	pain_ligand:PTGS2
unassigned	Macrophage_M2	CXCL8	SDC2	2.160797	0.0	3.963122	1.3377869915564762	2.364900481560033	0.04075627	0.8771377	0.0012002302768768659	0.0007592189277995523	degenerated	True	pain_ligand:CXCL8
unassigned	NP_stressed	CXCL8	SDC2	2.1575637	0.0	3.9437144	1.3344378858022068	2.340464666869206	0.04055669	0.8768729	0.0012413052042345124	0.0007906088266663476	degenerated	True	pain_ligand:CXCL8
Fibrochondrocyte_stressed	AF_inner	CXCL8	SDC2	2.0762713	0.0	3.9627292	1.2732356433326582	1.2730963122143395	0.040752232	0.87713236	0.001204749237717103	0.0008694709894995207	degenerated	True	pain_ligand:CXCL8
Fibrochondrocyte_stressed	NP_mature_chondrocyte	CXCL8	SDC2	2.001225	0.0	3.5625327	1.1955016291818121	1.3475130754584626	0.03663666	0.8712795	0.002351089515155823	0.0015634216814488845	degenerated	True	pain_ligand:CXCL8
Fibrochondrocyte_stressed	Macrophage_M2	CXCL8	SDC2	1.9934691	0.0	3.521173	1.1874690158470427	1.20537443690254	0.036211323	0.8706233	0.002501680369649593	0.0017262395322289932	degenerated	True	pain_ligand:CXCL8
Fibrochondrocyte_stressed	NP_stressed	CXCL8	SDC2	1.9902356	0.0	3.5039299	1.1841199100927733	1.180938622211713	0.036034	0.8703466	0.0025792932710811665	0.0018004093542776066	degenerated	True	pain_ligand:CXCL8
AF_outer	AF_outer	TNFSF9	HLA-DPA1	0.12106444	1.0	0.01424729	-0.04585706079889641	-0.17246417593203178	0.0018211603	0.29974547	1.0	0.0024309211678121795	degenerated	True	pain_ligand:TNF
AF_inner	AF_outer	TNFSF9	HLA-DPA1	0.12187876	0.98	0.01441151	-0.044136389721844374	-0.1421920951538059	0.0018421517	0.3009496	1.0	0.002916947816383077	degenerated	True	pain_ligand:TNF
NP_stressed	Fibroblast_like	VEGFA	ITGB1	1.8999046	0.0	3.580664	0.7514514957301148	0.660460007552778	0.020300008	0.871564	0.015267623538825359	0.003269346242329077	degenerated	True	pain_ligand:VEGFA
AF_inner	Fibroblast_like	VEGFA	ITGB1	1.8982459	0.0	3.5737965	0.7498319100483268	0.6923927919444729	0.020261075	0.87145644	0.015267623538825359	0.003315253276654102	degenerated	True	pain_ligand:VEGFA
NP_stressed	Fibrochondrocyte_stressed	VEGFA	CD44	1.8831186	0.0	3.5225947	0.8702779178399964	0.9471669548932198	0.020629808	0.870646	0.015267623538825359	0.0035973226153817152	degenerated	True	pain_ligand:VEGFA
AF_inner	Fibrochondrocyte_stressed	VEGFA	CD44	1.88146	0.0	3.5158389	0.8686583321582084	0.9790997392849147	0.020590242	0.8705378	0.015267623538825359	0.0036454376321964225	degenerated	True	pain_ligand:VEGFA
unassigned	Fibroblast_like	PTGS2	CAV1	1.8720176	0.0	3.500449	0.7513313256567563	1.3483892438844773	0.025436735	0.87029046	0.015267623538825359	0.0038708270503567564	degenerated	True	pain_ligand:PTGS2
NP_stressed	NP_stressed	VEGFA	CD44	1.8479202	0.0	3.40083	0.8357580694624978	0.8349008485562666	0.019916704	0.86865216	0.015267623538825359	0.00456532300699885	degenerated	True	pain_ligand:VEGFA
AF_inner	NP_stressed	VEGFA	CD44	1.8462615	0.0	3.3943076	0.8341384837807098	0.8668336329479615	0.019878505	0.8685426	0.015267623538825359	0.004608568851384694	degenerated	True	pain_ligand:VEGFA
unassigned	NP_fibrocartilaginous	CXCL8	SDC2	1.9956908	0.0	2.9721568	1.1667686478831834	2.1590603805393256	0.030565307	0.8607733	0.006968191474675593	0.004728528576768427	degenerated	True	pain_ligand:CXCL8
NP_mature_chondrocyte	AF_outer	TNFSF9	HLA-DPA1	0.12655339	1.0	0.0153542245	-0.03425889585355887	-0.1286498134725258	0.0019626543	0.30765653	1.0	0.004860528785749693	degenerated	True	pain_ligand:TNF
unassigned	Fibrochondrocyte_chondroid	CXCL8	SDC2	1.9902104	0.0	2.9392633	1.1610917562911462	2.4019798217499906	0.030227035	0.86010516	0.007354132654598918	0.005108896063766264	degenerated	True	pain_ligand:CXCL8
NP_stressed	Fibrochondrocyte_fibroid	PTGS2	CAV1	1.8263698	0.0	3.1568873	0.7236936330883166	0.6769420546538694	0.022940174	0.86434734	0.015267623538825359	0.005456523411977573	degenerated	True	pain_ligand:PTGS2
unassigned	NP_fibrocartilaginous	PTGS2	CAV1	1.8184695	0.0	3.293189	0.7009456296357336	1.502938693724016	0.023930635	0.86680645	0.015267623538825359	0.005742717191702334	degenerated	True	pain_ligand:PTGS2
NP_stressed	NP_fibrocartilaginous	VEGFA	ITGB1	1.8135242	0.0	3.2818418	0.6692321542363916	0.7820921461220469	0.018605884	0.8666071	0.015267623538825359	0.0059252364752327424	degenerated	True	pain_ligand:VEGFA
AF_inner	NP_fibrocartilaginous	VEGFA	ITGB1	1.8118656	0.0	3.2755477	0.6676125685546036	0.8140249305137418	0.018570201	0.8664961	0.015267623538825359	0.006073270188860121	degenerated	True	pain_ligand:VEGFA
unassigned	AF_outer	PTGS2	CAV1	1.8107083	0.0	3.2631488	0.6936414756129231	1.5005359773278422	0.023712343	0.86627656	0.015267623538825359	0.006147959872106869	degenerated	True	pain_ligand:PTGS2
Fibrochondrocyte_stressed	Fibrochondrocyte_fibroid	PTGS2	CAV1	1.8091304	0.0	3.0793397	0.7084650795645671	0.8484430509897718	0.022376657	0.8628826	0.015267623538825359	0.006210543552970514	degenerated	True	pain_ligand:PTGS2
NP_stressed	AF_outer	VEGFA	ITGB1	1.8055166	0.0	3.2541401	0.6616094187283572	0.7713138984394805	0.018448835	0.86611634	0.015267623538825359	0.0063620124972825765	degenerated	True	pain_ligand:VEGFA
AF_inner	AF_outer	VEGFA	ITGB1	1.8038579	0.0	3.247899	0.6599898330465692	0.8032466828311754	0.018413452	0.866005	0.015267623538825359	0.006463986297494745	degenerated	True	pain_ligand:VEGFA
Fibrochondrocyte_stressed	NP_fibrocartilaginous	CXCL8	SDC2	1.8283627	0.0	2.6407158	1.0164506721737498	0.9995343358818325	0.027156807	0.8535361	0.013982876652698673	0.008508234096942895	degenerated	True	pain_ligand:CXCL8
Fibrochondrocyte_stressed	Fibrochondrocyte_chondroid	CXCL8	SDC2	1.8228823	0.0	2.6114905	1.0107737805817127	1.2424537770924975	0.026856259	0.8528391	0.014878333308627404	0.008863151622557651	degenerated	True	pain_ligand:CXCL8
NP_fibrocartilaginous	AF_outer	SEMA3B	NRP2_PLXNA3	0.13016954	0.0	0.01690452	0.04189252336053724	0.03803155167923852	0.010707559	0.3179946	0.3961748692577199	0.008987848719169588	degenerated	True	pain_receptor:NRP2
NP_stressed	Fibrochondrocyte_fibroid	VEGFA	ITGB1	1.7485093	0.0	3.0569305	0.6073486331584925	0.6467133668325664	0.017330786	0.86245	0.015267623538825359	0.009408815871228042	degenerated	True	pain_ligand:VEGFA
AF_inner	Fibrochondrocyte_fibroid	VEGFA	ITGB1	1.7468506	0.0	3.0510676	0.6057290474767045	0.6786461512242613	0.017297547	0.8623361	0.015267623538825359	0.009594240806524452	degenerated	True	pain_ligand:VEGFA
NP_stressed	Fibroblast_like	VEGFA	CD44	1.7423091	0.0	3.0354817	0.7321838175831796	0.6131923829348136	0.017777067	0.8620319	0.015267623538825359	0.009859952705413325	degenerated	True	pain_ligand:VEGFA
AF_inner	Fibroblast_like	VEGFA	CD44	1.7406504	0.0	3.02966	0.7305642319013916	0.6451251673265085	0.017742973	0.86191756	0.015267623538825359	0.010049648163399327	degenerated	True	pain_ligand:VEGFA
Fibroblast_like	AF_outer	TNFSF13B	CD40	0.13067028	0.0	0.017057093	0.08440725059389967	-0.05583808867780285	0.003690302	0.31896973	1.0	0.010443643786558043	degenerated	True	pain_ligand:TNF
unassigned	AF_outer	CXCL8	SDC2	1.9184662	0.0	2.5086563	1.0867785187514407	1.9932142937514283	0.025798723	0.8503002	0.013734307708462753	0.010596690342494539	degenerated	True	pain_ligand:CXCL8
unassigned	EP_hyaline	CXCL8	SDC2	1.9135747	0.0	2.479297	1.0817116525008954	2.1525275745001884	0.025496796	0.8495494	0.01397547215815293	0.011191319048843889	degenerated	True	pain_ligand:CXCL8
NP_fibrocartilaginous	Fibroblast_like	SEMA3B	NRP2_PLXNA3	0.13125736	0.0	0.017201412	0.04468297599713143	0.0037294399173982418	0.0108956145	0.31988552	0.45991095881277383	0.011413911002743665	degenerated	True	pain_receptor:NRP2
EP_hyaline	Fibrochondrocyte_fibroid	PTGS2	CAV1	1.7170715	0.0	2.6652327	0.6271455222868242	0.6627638922878234	0.019367464	0.8541128	0.015267623538825359	0.012026077061701746	degenerated	True	pain_ligand:PTGS2
AF_inner	Fibrochondrocyte_fibroid	PTGS2	CAV1	1.7131667	0.0	2.6476676	0.6236960200490368	0.5004615979127425	0.019239824	0.8537004	0.015267623538825359	0.012357623024094998	degenerated	True	pain_ligand:PTGS2
Fibrochondrocyte_stressed	Fibroblast_like	VEGFA	ITGB1	1.6957036	0.0	2.735222	0.552101364821592	0.5066161550627737	0.01550691	0.85572034	0.017646323539020146	0.013506656001698893	degenerated	True	pain_ligand:VEGFA
NP_mature_chondrocyte	Fibrochondrocyte_fibroid	PTGS2	CAV1	1.6949812	0.0	2.5658638	0.6076326432474326	0.5917354782284525	0.01864538	0.85172963	0.015267623538825359	0.013580119579365172	degenerated	True	pain_ligand:PTGS2
unassigned	NP_stressed	PTGS2	CAV1	1.6799543	0.0	2.7570603	0.5706082761901841	1.2416202369432214	0.020034747	0.8562106	0.015267623538825359	0.014820191381882723	degenerated	True	pain_ligand:PTGS2
Fibrochondrocyte_stressed	Fibrochondrocyte_stressed	VEGFA	CD44	1.6789176	0.0	2.690864	0.6709277869314735	0.7933231024032155	0.01575884	0.8547081	0.01605316841368585	0.014916278109598557	degenerated	True	pain_ligand:VEGFA
NP_fibrocartilaginous	AF_outer	SEMA3B	NRP2_PLXNA1	0.1337443	0.0	0.017880155	0.11209439786768634	0.13945935986284358	0.017342627	0.32410988	0.18155202338856483	0.01553520695536637	degenerated	True	pain_receptor:NRP2
NP_fibrocartilaginous	Fibroblast_like	SEMA3B	NRP2_PLXNA1	0.1349463	0.0	0.01820821	0.11582977358332046	0.07027213704630189	0.017660819	0.32610443	0.29479588381977545	0.016504372146849737	degenerated	True	pain_receptor:NRP2
unassigned	Macrophage_M2	CXCL8	SDC3	1.8768616	0.0	2.2589462	2.211472200942345	3.34843510611109	0.15139264	0.84350383	6.446874577113624e-07	0.017065175478602798	degenerated	True	pain_ligand:CXCL8
Fibrochondrocyte_chondroid	Fibroblast_like	VEGFA	ITGB1	1.6490731	0.0	2.5421605	0.5065787080887549	0.6785915375937104	0.014412378	0.85114264	0.027936883271271883	0.017645138399614794	degenerated	True	pain_ligand:VEGFA
Fibrochondrocyte_stressed	AF_outer	CXCL8	SDC2	1.7511381	0.0	2.2289026	0.9364605430420073	0.8336882490939355	0.022921769	0.8426181	0.015267623538825359	0.017959690262919766	degenerated	True	pain_ligand:CXCL8
Fibrochondrocyte_stressed	NP_stressed	VEGFA	CD44	1.6437192	0.0	2.5978496	0.6364079385539748	0.6810569960662622	0.015214109	0.85251015	0.019997526696515514	0.018170886003782187	degenerated	True	pain_ligand:VEGFA
EP_hyaline	Fibroblast_like	VEGFA	ITGB1	1.6406637	0.0	2.5073438	0.49836945778572	0.5048006660037572	0.014214989	0.85026693	0.030129103808294547	0.018618281214133336	degenerated	True	pain_ligand:VEGFA
Fibrochondrocyte_stressed	EP_hyaline	CXCL8	SDC2	1.7462466	0.0	2.2028174	0.9313936767914618	0.9930015298426955	0.02265351	0.841836	0.015267623538825359	0.019049259689428777	degenerated	True	pain_ligand:CXCL8
NP_fibrocartilaginous	NP_fibrocartilaginous	SEMA3B	NRP2_PLXNA3	0.13651744	0.0	0.018637007	0.05817610163550031	0.06822292376998801	0.01180494	0.32866725	0.3334320078410548	0.019168496338373763	degenerated	True	pain_receptor:NRP2
NP_mature_chondrocyte	Fibroblast_like	VEGFA	ITGB1	1.6323788	0.0	2.4730425	0.49028179095061253	0.5038281658371192	0.014020524	0.84938794	0.03261177260443525	0.01955077641999686	degenerated	True	pain_ligand:VEGFA
Fibrochondrocyte_chondroid	Fibrochondrocyte_stressed	VEGFA	CD44	1.6322871	0.0	2.5009334	0.6254051301986365	0.9652984849341522	0.0146465255	0.85010386	0.02528981056918228	0.01959468418937946	degenerated	True	pain_ligand:VEGFA
EP_hyaline	Fibrochondrocyte_stressed	VEGFA	CD44	1.6238778	0.0	2.4666812	0.6171958798956014	0.791507613344199	0.01444593	0.84922314	0.027624887632065363	0.02025900319320229	degenerated	True	pain_ligand:VEGFA
NP_mature_chondrocyte	Fibrochondrocyte_stressed	VEGFA	CD44	1.615593	0.0	2.4329362	0.609108213060494	0.790535113177561	0.014248305	0.8483391	0.029766023851444008	0.021138587859423574	degenerated	True	pain_ligand:VEGFA
Fibrochondrocyte_stressed	NP_fibrocartilaginous	VEGFA	ITGB1	1.6093233	0.0	2.506956	0.46988202332786877	0.6282482936320426	0.014212792	0.85025704	0.030151214882538035	0.021619672612346437	degenerated	True	pain_ligand:VEGFA
NP_stressed	Fibroblast_like	PTGS2	CAV1	1.60618	0.0	2.5387733	0.5165060006191797	0.2994578341593306	0.01844852	0.8510581	0.0394893180540961	0.022059437733307388	degenerated	True	pain_ligand:PTGS2
unassigned	NP_mature_chondrocyte	PTGS2	CAV1	1.6026484	0.0	2.457845	0.4978664980077506	1.1469488198886755	0.017860437	0.84899324	0.015267623538825359	0.02236278710881006	degenerated	True	pain_ligand:PTGS2
Fibrochondrocyte_fibroid	AF_outer	FGF2	SDC1	0.14626247	1.0	0.019160781	-0.2032079507296344	-0.41041049723752054	0.006869957	0.3317322	1.0	0.022556904731805785	degenerated	True	pain_ligand:FGF2
Fibrochondrocyte_stressed	AF_outer	VEGFA	ITGB1	1.6013156	0.0	2.485795	0.4622592878198344	0.6174700459494762	0.0140928235	0.8497166	0.03168354834155214	0.022644574415525105	degenerated	True	pain_ligand:VEGFA
Fibrochondrocyte_chondroid	NP_stressed	VEGFA	CD44	1.5970887	0.0	2.4144843	0.5908852818211379	0.8530323785971989	0.014140244	0.8478487	0.031000492962789446	0.023046679385955067	degenerated	True	pain_ligand:VEGFA
Fibrochondrocyte_stressed	Fibroblast_like	PTGS2	CAV1	1.5889406	0.0	2.4764094	0.5012774470954302	0.470958830495233	0.017995339	0.84947497	0.015267623538825359	0.02434652933652413	degenerated	True	pain_ligand:PTGS2
EP_hyaline	NP_stressed	VEGFA	CD44	1.5886793	0.0	2.381416	0.5826760315181028	0.6792415070072457	0.013946582	0.8469571	0.03345252142261879	0.02437092247560197	degenerated	True	pain_ligand:VEGFA
AF_outer	NP_fibrocartilaginous	TNFSF9	PVR	0.13960174	0.05	0.019485777	0.022398496496207634	-0.025806395145501787	0.0124115795	0.33359918	0.5517828533188345	0.02521742199525459	degenerated	True	pain_ligand:TNF
NP_mature_chondrocyte	NP_stressed	VEGFA	CD44	1.5803945	0.0	2.3488374	0.5745883646829953	0.6782690068406078	0.013755788	0.8460622	0.036047211691823705	0.025505767682332176	degenerated	True	pain_ligand:VEGFA
Macrophage_M2	AF_inner	CXCL8	SDC2	1.5709252	0.0	2.4606292	0.8192606942712495	0.7083820823829037	0.025304817	0.8490658	0.015267623538825359	0.026690879077394147	degenerated	True	pain_ligand:CXCL8
Fibrochondrocyte_stressed	Macrophage_M2	CXCL8	SDC3	1.7095335	0.0	2.007039	2.0611542252329116	2.1889090614535975	0.13451004	0.8355405	2.6287852846290394e-06	0.027486678954240017	degenerated	True	pain_ligand:CXCL8
Fibrochondrocyte_chondroid	NP_fibrocartilaginous	VEGFA	ITGB1	1.5626929	0.0	2.3300064	0.4243593665950317	0.8002236761629793	0.013209603	0.84553725	0.04539233056414274	0.027849743467464893	degenerated	True	pain_ligand:VEGFA
NP_stressed	AF_outer	NGF	ERBB2	0.14210185	0.01	0.019671079	0.07384059509513291	0.06214390512824214	0.021438083	0.33465204	0.31299591380503133	0.027876355985102266	degenerated	True	pain_ligand:NGF
AF_inner	NP_fibrocartilaginous	TNFSF9	PVR	0.14041606	0.24	0.019710379	0.024119167573259666	0.004465685632724092	0.012554641	0.33487424	0.6166016729307107	0.02811799771388667	degenerated	True	pain_ligand:TNF
NP_stressed	EP_hyaline	VEGFA	ITGB1	1.560957	0.0	2.4081166	0.42883122929088413	0.49324440207399656	0.013652437	0.8476783	0.037614674105170866	0.028188920737357355	degenerated	True	pain_ligand:VEGFA
AF_inner	EP_hyaline	VEGFA	ITGB1	1.5592983	0.0	2.4034982	0.42721164360909614	0.5251771864656914	0.013626254	0.8475543	0.03809999731060096	0.028503755095375265	degenerated	True	pain_ligand:VEGFA
NP_mature_chondrocyte	Fibrochondrocyte_stressed	FGF2	CD44	1.5577452	0.0	2.1973166	0.6528395390536418	0.9387413786837462	0.023078023	0.84166944	0.015267623538825359	0.028688180204440722	degenerated	True	pain_ligand:FGF2
NP_stressed	NP_fibrocartilaginous	NGF	ERBB2	0.14256994	0.01	0.019825496	0.07533472063779105	0.09022835472062794	0.021606373	0.3355231	0.2770510080206592	0.029084437818650465	degenerated	True	pain_ligand:NGF
Fibrochondrocyte_chondroid	AF_outer	VEGFA	ITGB1	1.5546851	0.0	2.310339	0.4167366310869973	0.7894454284804129	0.013098102	0.8449829	0.047432335049265445	0.029165032509001917	degenerated	True	pain_ligand:VEGFA
EP_hyaline	NP_fibrocartilaginous	VEGFA	ITGB1	1.5542834	0.0	2.298095	0.4161501162919967	0.6264328045730261	0.013028687	0.8446346	0.04873483887892149	0.029298162280444705	degenerated	True	pain_ligand:VEGFA
NP_stressed	NP_fibrocartilaginous	PTGS2	CAV1	1.5526319	0.0	2.3884537	0.466120304598157	0.45400728399886914	0.01735619	0.84714824	0.015267623538825359	0.02948502714567108	degenerated	True	pain_ligand:PTGS2
NP_stressed	Macrophage_M2	VEGFA	CD44	1.546987	0.0	2.3597896	0.5406286035549821	0.5290892346832816	0.013819927	0.8463649	0.03515785717383317	0.03040074585119521	degenerated	True	pain_ligand:VEGFA
EP_hyaline	AF_outer	VEGFA	ITGB1	1.5462757	0.0	2.278697	0.40852738078396234	0.6156545568904597	0.0129187135	0.8440776	0.05071415875420631	0.030536538829711246	degenerated	True	pain_ligand:VEGFA
NP_mature_chondrocyte	NP_fibrocartilaginous	VEGFA	ITGB1	1.5459986	0.0	2.2666562	0.4080624494568893	0.6254603044063881	0.01285045	0.8437286	0.052066792056808094	0.0305637344092051	degenerated	True	pain_ligand:VEGFA
AF_inner	Macrophage_M2	VEGFA	CD44	1.5453284	0.0	2.3552637	0.5390090178731941	0.5610220190749765	0.013793423	0.84624004	0.03554411805218507	0.030645383103248915	degenerated	True	pain_ligand:VEGFA
NP_stressed	AF_outer	PTGS2	CAV1	1.5448706	0.0	2.3666663	0.4588161505753465	0.4516045676026954	0.01719787	0.846554	0.015267623538825359	0.030699874689202204	degenerated	True	pain_ligand:PTGS2
Fibrochondrocyte_stressed	Fibrochondrocyte_fibroid	VEGFA	ITGB1	1.5443083	0.0	2.3351493	0.4079985022499696	0.4928695143425621	0.01323876	0.8456812	0.04478667179044839	0.030754412567038675	degenerated	True	pain_ligand:VEGFA
NP_fibrocartilaginous	Macrophage_M2	SEMA3B	NRP2_PLXNA1	0.14170057	0.16	0.0200516	0.1368196886941545	0.10666700808430563	0.019448794	0.33678842	0.5313962463052782	0.03101668942046385	degenerated	True	pain_receptor:NRP2
Fibrochondrocyte_stressed	Fibroblast_like	VEGFA	CD44	1.5381081	0.0	2.3187647	0.5328336866746567	0.4593485304448093	0.0135796685	0.84522116	0.03873658605459505	0.03163330586124779	degenerated	True	pain_ligand:VEGFA
NP_mature_chondrocyte	AF_outer	VEGFA	ITGB1	1.5379908	0.0	2.2475235	0.4004397139488549	0.6146820567238217	0.012741982	0.843169	0.05480109923750448	0.031688629828898376	degenerated	True	pain_ligand:VEGFA
NP_stressed	NP_fibrocartilaginous	VEGFA	CD44	1.5375016	0.0	2.3269756	0.5313256525968707	0.515805400147632	0.0136277545	0.84545225	0.03807364420952121	0.03177170047393684	degenerated	True	pain_ligand:VEGFA
AF_inner	NP_fibrocartilaginous	VEGFA	CD44	1.5358429	0.0	2.3225126	0.5297060669150827	0.5477381845393269	0.013601618	0.8453268	0.03847037907831079	0.032216504658628596	degenerated	True	pain_ligand:VEGFA
Fibrochondrocyte_stressed	NP_fibrocartilaginous	PTGS2	CAV1	1.5353925	0.0	2.3297825	0.4508917510744074	0.6255082803347716	0.016929843	0.845531	0.015267623538825359	0.03227231332951436	degenerated	True	pain_ligand:PTGS2
Fibrochondrocyte_stressed	AF_outer	PTGS2	CAV1	1.5276313	0.0	2.3085303	0.443587597051597	0.6231055639385978	0.01677541	0.8449316	0.015267623538825359	0.03379656204471658	degenerated	True	pain_ligand:PTGS2
NP_mature_chondrocyte	NP_stressed	FGF2	CD44	1.5225468	0.0	2.1213624	0.6183196906761431	0.826475272346793	0.02228029	0.83931136	0.015267623538825359	0.03462897251972986	degenerated	True	pain_ligand:FGF2
NP_fibrocartilaginous	AF_outer	TNFSF9	HLA-DPA1	0.15216883	0.0	0.020519992	0.019866517993710888	-0.05122103660202368	0.0026229688	0.33937204	1.0	0.034878674670962576	degenerated	True	pain_ligand:TNF
AF_inner	Fibrochondrocyte_fibroid	ADAM10	IL6R	0.14435577	1.0	0.020546628	-0.18189610041397813	-0.486564894367712	0.0012009902	0.3395175	1.0	0.03536118773464912	degenerated	True	pain_receptor:IL6R
NP_mature_chondrocyte	Fibroblast_like	PDGFA	PDGFRB	0.1473003	0.82	0.0206292	-0.01948865995566395	-0.08002255164238212	0.009758455	0.3399673	1.0	0.03584365052813607	degenerated	True	pain_ligand:PDGFA
AF_outer	Macrophage_M2	TNFSF9	TNFRSF9	0.14411771	0.12	0.020761954	0.27852624341341403	0.07352354146206741	0.027168507	0.34068736	0.4835940471873938	0.036567242412623706	degenerated	True	pain_ligand:TNF
NP_stressed	AF_outer	VEGFA	CD44	1.5071741	0.0	2.2220614	0.5015835382257486	0.4961665052824691	0.013013334	0.8424142	0.04903673696629326	0.03766336363921065	degenerated	True	pain_ligand:VEGFA
NP_fibrocartilaginous	Fibroblast_like	SEMA3B	NRP2_PLXNA2	0.14455289	0.0	0.020830063	0.2434760959728815	0.15272670399426289	0.028313143	0.3410553	0.15523213090283797	0.03777296579776549	degenerated	True	pain_receptor:NRP2
AF_inner	AF_outer	VEGFA	CD44	1.5055155	0.0	2.2178	0.4999639525439606	0.528099289674164	0.012988376	0.8422867	0.049564417318044986	0.03790411736562249	degenerated	True	pain_ligand:VEGFA
NP_mature_chondrocyte	NP_fibrocartilaginous	TNFSF9	PVR	0.1450907	0.0	0.020999713	0.03399666144154517	0.018007967314004197	0.01337589	0.34196734	0.4314072290953871	0.03825516688819364	degenerated	True	pain_ligand:TNF
NP_stressed	NP_stressed	VEGFA	NRP2	1.5029056	0.0	2.2072952	0.8008453943069977	0.8906680861304996	0.027100299	0.8419711	0.014174979213501537	0.03835749800381287	degenerated	True	pain_ligand:VEGFA; pain_receptor:NRP2
AF_inner	Macrophage_M2	TNFSF9	TNFRSF9	0.14493203	0.11	0.021001266	0.280246914490466	0.10379562224029329	0.027481662	0.34197566	0.47214014505463864	0.038496243653572175	degenerated	True	pain_ligand:TNF
AF_inner	NP_stressed	VEGFA	NRP2	1.5012469	0.0	2.2030618	0.7992258086252098	0.9226008705221945	0.027048323	0.84184337	0.014265968436238213	0.03869159738390505	degenerated	True	pain_ligand:VEGFA; pain_receptor:NRP2
Fibrochondrocyte_chondroid	Fibrochondrocyte_fibroid	VEGFA	ITGB1	1.4976778	0.0	2.1703262	0.3624758455171326	0.6648448968734988	0.012304322	0.84084415	0.06646791382535522	0.039425331920692086	degenerated	True	pain_ligand:VEGFA
EP_hyaline	Fibroblast_like	PTGS2	CAV1	1.496882	0.0	2.143384	0.41995788981768734	0.2852796717932846	0.015575343	0.8400066	0.04544495825807867	0.03973298203326717	degenerated	True	pain_ligand:PTGS2
Macrophage_M2	NP_mature_chondrocyte	CXCL8	SDC2	1.4958789	0.0	2.2121298	0.7415266801204035	0.7827988456270267	0.02274928	0.8421166	0.015267623538825359	0.040010839444012805	degenerated	True	pain_ligand:CXCL8
AF_inner	Fibroblast_like	PTGS2	CAV1	1.4929771	0.0	2.1292582	0.41650838757989994	0.12297737741820369	0.015472693	0.83956176	0.19725497755819232	0.04072510110122154	degenerated	True	pain_ligand:PTGS2
Fibrochondrocyte_chondroid	Fibroblast_like	VEGFA	CD44	1.4914776	0.0	2.1550982	0.4873110299418197	0.631323912975746	0.012621168	0.8403725	0.05785776805882803	0.04091241137580353	degenerated	True	pain_ligand:VEGFA
EP_hyaline	Fibrochondrocyte_fibroid	VEGFA	ITGB1	1.4892684	0.0	2.1406019	0.3542665952140976	0.4910540252835456	0.012135805	0.83991927	0.07110613001294097	0.04128826349185032	degenerated	True	pain_ligand:VEGFA
Macrophage_M2	Macrophage_M2	CXCL8	SDC2	1.488123	0.0	2.1864479	0.7334940667856339	0.6406602070711043	0.02248517	0.84133875	0.015267623538825359	0.04150825668833741	degenerated	True	pain_ligand:CXCL8
unassigned	AF_inner	PTGS2	CAV1	1.4870074	0.0	2.0102518	0.3890543228785819	0.9975361444738795	0.014607909	0.8356503	0.025797592841953647	0.041823507746276134	degenerated	True	pain_ligand:PTGS2
Macrophage_M2	NP_stressed	CXCL8	SDC2	1.4848895	0.0	2.175741	0.7301449610313646	0.6162243923802773	0.022375062	0.84101087	0.015267623538825359	0.04223501622509625	degenerated	True	pain_ligand:CXCL8
NP_stressed	AF_inner	VEGFA	CD44	1.4834743	0.0	2.1400747	0.4783403939447535	0.491738334705927	0.012533184	0.8399027	0.06029326514584843	0.04261655776939256	degenerated	True	pain_ligand:VEGFA
EP_hyaline	Fibroblast_like	VEGFA	CD44	1.4830682	0.0	2.1255825	0.4791017796387847	0.45753304138579276	0.012448311	0.83944535	0.06242225042331597	0.04280794688572148	degenerated	True	pain_ligand:VEGFA
NP_stressed	AF_inner	NGF	SORT1	0.14765567	0.98	0.021503238	-0.07220400483154357	-0.17158614517754991	0.005230837	0.34463826	1.0	0.04283344266620333	degenerated	True	pain_ligand:NGF
AF_inner	AF_inner	VEGFA	CD44	1.4818156	0.0	2.1359704	0.4767208082629655	0.5236711190976219	0.012509148	0.8397736	0.060946768809017296	0.04296774222723192	degenerated	True	pain_ligand:VEGFA
NP_mature_chondrocyte	Fibrochondrocyte_fibroid	VEGFA	ITGB1	1.4809835	0.0	2.1113176	0.3461789283789901	0.4900815251169076	0.011969783	0.83899105	0.07562967862399798	0.04319193469786136	degenerated	True	pain_ligand:VEGFA
AF_outer	AF_outer	SEMA3B	NRP2_PLXNA3	0.1492444	0.0	0.021630416	0.09086166175103572	0.10599602772468913	0.013701007	0.34530455	0.23343427943980616	0.04379668970352793	degenerated	True	pain_receptor:NRP2
NP_mature_chondrocyte	Fibroblast_like	PTGS2	CAV1	1.4747915	0.0	2.0634713	0.4004450107782957	0.21425125773391374	0.014994641	0.8374368	0.0900735224259641	0.04441858718321408	degenerated	True	pain_ligand:PTGS2
NP_mature_chondrocyte	Fibroblast_like	VEGFA	CD44	1.4747834	0.0	2.0965037	0.4710141128036772	0.4565605412191548	0.012278014	0.83851486	0.06698962174209042	0.04445109407289516	degenerated	True	pain_ligand:VEGFA
unassigned	Fibroblast_like	CXCL8	SDC2	1.7853271	0.0	1.7095578	0.9488720242440682	1.6732379228287069	0.01758089	0.8242196	0.015267623538825359	0.04592521952563374	degenerated	True	pain_ligand:CXCL8
NP_stressed	NP_mature_chondrocyte	VEGFA	ITGB1	1.4670541	0.0	2.0832715	0.3394524811285776	0.16235394069040043	0.01181078	0.8380858	0.14316552294736445	0.046123492861331376	degenerated	True	pain_ligand:VEGFA
AF_inner	NP_mature_chondrocyte	VEGFA	ITGB1	1.4653955	0.0	2.079276	0.3378328954467896	0.19428672508209532	0.011788128	0.8379555	0.10792540490329769	0.04672071540846105	degenerated	True	pain_ligand:VEGFA
NP_fibrocartilaginous	Fibroblast_like	PDGFA	PDGFRB	0.15292974	0.65	0.021919662	-0.007418500566865341	-0.07278749582223085	0.010368897	0.34680757	1.0	0.04788815292289625	degenerated	True	pain_ligand:PDGFA
EP_hyaline	Fibrochondrocyte_stressed	FGF2	CD44	1.4571259	0.0	1.7874842	0.5406936237707753	0.7502298681993993	0.018773627	0.8274253	0.015267623538825359	0.04836485713123645	degenerated	True	pain_ligand:FGF2
AF_outer	Fibroblast_like	SEMA3B	NRP2_PLXNA3	0.15033221	0.0	0.022010308	0.09365211438762991	0.07169391596284885	0.013941636	0.34727517	0.29193255217331465	0.04981224185945017	degenerated	True	pain_receptor:NRP2
Fibroblast_like	Fibrochondrocyte_stressed	TNFSF13B	CD40	0.15125832	0.01	0.022264695	0.13012968857085544	0.07073641461768132	0.0048169666	0.34857872	1.0	0.05125475771096338	degenerated	True	pain_ligand:TNF
EP_hyaline	NP_fibrocartilaginous	PTGS2	CAV1	1.4433339	0.0	2.0164752	0.36957219379666456	0.4398291216328232	0.014653132	0.83586246	0.025231706490772585	0.05194317522955648	degenerated	True	pain_ligand:PTGS2
NP_mature_chondrocyte	Macrophage_M2	TNFSF9	TNFRSF9	0.14960667	0.1	0.022375042	0.29012440835875153	0.1173379039215734	0.02927935	0.34914023	0.45980670488922615	0.052937099855357786	degenerated	True	pain_ligand:TNF
AF_inner	NP_fibrocartilaginous	PTGS2	CAV1	1.439429	0.0	2.0031857	0.3661226915588772	0.27752682725774225	0.014556562	0.8354084	0.04876655180377411	0.05313906432768172	degenerated	True	pain_ligand:PTGS2
EP_hyaline	AF_outer	PTGS2	CAV1	1.4355726	0.0	1.9980811	0.36226803977385413	0.43742640523664944	0.014519468	0.8352329	0.026846193543749324	0.05416919765478907	degenerated	True	pain_ligand:PTGS2
AF_inner	AF_outer	PTGS2	CAV1	1.4316678	0.0	1.9849129	0.3588185375360668	0.2751241108615685	0.014423778	0.8347774	0.0499024238923649	0.05531666753973466	degenerated	True	pain_ligand:PTGS2
Fibrochondrocyte_chondroid	Fibrochondrocyte_fibroid	PTGS2	CAV1	1.480348	0.0	1.6003813	0.41803750780174626	0.48814323743831145	0.0116295	0.81938773	0.0866799300441366	0.0569128750587945	degenerated	True	pain_ligand:PTGS2
Fibrochondrocyte_fibroid	NP_fibrocartilaginous	FGF2	SDC1	0.15570593	1.0	0.022815507	-0.1689688599132598	-0.35662472339642864	0.008180331	0.3513584	1.0	0.057500233085236545	degenerated	True	pain_ligand:FGF2
EP_hyaline	NP_stressed	FGF2	CD44	1.4219275	0.0	1.7256966	0.5061737753932767	0.6379637618624461	0.018124683	0.8248992	0.015267623538825359	0.05771895632763502	degenerated	True	pain_ligand:FGF2
NP_mature_chondrocyte	NP_fibrocartilaginous	PTGS2	CAV1	1.4212434	0.0	1.9412941	0.3500593147572729	0.3688007075734523	0.014106814	0.8332394	0.03151173682532263	0.057866088367330704	degenerated	True	pain_ligand:PTGS2
AF_outer	AF_outer	SEMA3B	NRP2_PLXNA1	0.15281916	0.0	0.022878801	0.16106353625818481	0.20742383590829416	0.022191001	0.3516742	0.09620469807598177	0.05798028675110149	degenerated	True	pain_receptor:NRP2
NP_stressed	Macrophage_M2	VEGFA	ITGB1	1.4184277	0.04	1.9150544	0.2931676029788256	0.25211296643278036	0.010857099	0.8322917	0.3584695918733907	0.05878962624488743	degenerated	True	pain_ligand:VEGFA
NP_mature_chondrocyte	Fibroblast_like	FGF2	CD44	1.4169357	0.0	1.8934662	0.514745438796825	0.60476680672534	0.019886736	0.83149904	0.015267623538825359	0.05938429217464305	degenerated	True	pain_ligand:FGF2
AF_inner	Macrophage_M2	VEGFA	ITGB1	1.416769	0.03	1.9113816	0.2915480172970376	0.28404575082447525	0.010836276	0.83215773	0.33442439156980847	0.05953339647114851	degenerated	True	pain_ligand:VEGFA
Fibroblast_like	Fibrochondrocyte_chondroid	TNFSF13B	HLA-DPB1	0.15434226	0.55	0.02304476	0.0433268554195931	0.06651252330648208	0.002106301	0.3524986	1.0	0.05989998756264998	degenerated	True	pain_ligand:TNF
NP_stressed	NP_stressed	PTGS2	CAV1	1.4141166	0.0	1.9996153	0.3357829511526075	0.19268882721807468	0.014530617	0.8352857	0.10966248337755653	0.06043169638955875	degenerated	True	pain_ligand:PTGS2
NP_mature_chondrocyte	AF_outer	PTGS2	CAV1	1.4134822	0.0	1.9235858	0.34275516073446255	0.36639799117727856	0.013978133	0.8326017	0.03309531670467871	0.06065724960147789	degenerated	True	pain_ligand:PTGS2
Fibrochondrocyte_fibroid	NP_fibrocartilaginous	FGF2	SDC3	0.1564399	1.0	0.02309956	-0.212054597240953	-0.39777110606003446	0.0023548072	0.35276964	1.0	0.06133921295132863	degenerated	True	pain_ligand:FGF2
NP_stressed	AF_outer	NGF	SORT1	0.15272792	1.0	0.023176532	-0.06348110052174433	-0.16840498968949133	0.0056378795	0.35314953	1.0	0.06253821134994159	degenerated	True	pain_ligand:NGF
AF_outer	Fibroblast_like	SEMA3B	NRP2_PLXNA1	0.15402116	0.0	0.023298569	0.16479891197381893	0.1382366130917525	0.02259815	0.35374963	0.17414421545387446	0.06373687943850202	degenerated	True	pain_receptor:NRP2
Fibrochondrocyte_stressed	NP_stressed	PTGS2	CAV1	1.3968773	0.0	1.9504956	0.32055439762885785	0.3641898235539771	0.014173678	0.8335676	0.03059599756409156	0.06681661944798498	degenerated	True	pain_ligand:PTGS2
Fibrochondrocyte_stressed	Fibroblast_like	CXCL8	SDC2	1.617999	0.0	1.5189159	0.7985540485346347	0.513711878171214	0.015620351	0.81548953	0.01679636261690528	0.06717132724165084	degenerated	True	pain_ligand:CXCL8
AF_outer	NP_fibrocartilaginous	SEMA3B	NRP2_PLXNA3	0.15559229	0.0	0.023847243	0.10714524002599879	0.13618739981543862	0.015105177	0.35641477	0.19237019734787808	0.06996470715304416	degenerated	True	pain_receptor:NRP2
NP_mature_chondrocyte	AF_inner	PIGF	FLT1	0.15517047	1.0	0.024036326	-0.0914325966720344	-0.21393001723219965	0.0030660103	0.35732108	1.0	0.07235768310755838	degenerated	True	pain_receptor:FLT1
NP_stressed	Fibrochondrocyte_chondroid	VEGFA	ITGB1	1.3792901	0.0	1.7796627	0.2559152925977805	0.4478150149039106	0.010089517	0.82711196	0.16632764319910293	0.07325258870788753	degenerated	True	pain_ligand:VEGFA
Fibroblast_like	NP_mature_chondrocyte	TNFSF13B	CD40	0.15926704	0.0	0.024290448	0.14791579171544983	0.081361359865978	0.0052552377	0.35852957	1.0	0.07355367821824398	degenerated	True	pain_ligand:TNF
AF_inner	Fibrochondrocyte_chondroid	VEGFA	ITGB1	1.3776314	0.0	1.7762495	0.2542957069159925	0.4797477992956055	0.010070167	0.8269747	0.16804590004353295	0.07378757236656663	degenerated	True	pain_ligand:VEGFA
NP_stressed	Fibrochondrocyte_stressed	VEGFA	ITGB1	1.3674941	0.0	1.7388556	0.24468733835491746	0.15899501033333507	0.009858167	0.82544714	0.18437385656716648	0.07724572591833608	degenerated	True	pain_ligand:VEGFA
AF_inner	Fibrochondrocyte_stressed	VEGFA	ITGB1	1.3658354	0.0	1.7355206	0.24306775267312947	0.19092779472502996	0.00983926	0.8253088	0.1859701110155158	0.07813229890980775	degenerated	True	pain_ligand:VEGFA
NP_stressed	AF_inner	VEGFA	ITGB1	1.3650422	0.0	1.7303737	0.24235366337084946	0.08625747787727	0.009810082	0.8250946	0.2624094306083795	0.07851368956118404	degenerated	True	pain_ligand:VEGFA
Macrophage_M2	Fibroblast_like	GRN	TNFRSF1A	1.3650339	0.0	1.674418	0.6901811488898559	0.6459191961804318	0.017842373	0.82271	0.015267623538825359	0.07855612841926685	degenerated	True	pain_receptor:TNFRSF1A
AF_inner	AF_inner	VEGFA	ITGB1	1.3633835	0.0	1.7270551	0.24073407768906147	0.1181902622689649	0.009791267	0.824956	0.20529135432414233	0.07927905827757312	degenerated	True	pain_ligand:VEGFA
NP_stressed	NP_mature_chondrocyte	VEGFA	CD44	1.3628293	0.0	1.7227186	0.36002306192378986	0.2680290976178501	0.01008897	0.82477444	0.16640726866267627	0.07944960497391233	degenerated	True	pain_ligand:VEGFA
AF_inner	NP_mature_chondrocyte	VEGFA	CD44	1.3611706	0.0	1.7194146	0.35840347624200186	0.299961882009545	0.010069621	0.8246357	0.16808601723473468	0.080047846059708	degenerated	True	pain_ligand:VEGFA
Fibrochondrocyte_stressed	EP_hyaline	VEGFA	ITGB1	1.356756	0.0	1.8395288	0.22948109838236125	0.33940054958399224	0.0104289185	0.82946473	0.1427036560782247	0.08181175755164033	degenerated	True	pain_ligand:VEGFA
Fibrochondrocyte_chondroid	Fibrochondrocyte_stressed	FGF2	CD44	1.3659575	0.0	1.4161466	0.439081441236131	0.8501781848359126	0.014873534	0.8101605	0.02307883236892496	0.08198479794027366	degenerated	True	pain_ligand:FGF2
Fibroblast_like	AF_outer	NGF	ERBB2	0.16491011	0.0	0.025111195	0.12174466824110244	0.04551968201870066	0.027366873	0.36235973	0.3501682909946278	0.08239393985049742	degenerated	True	pain_ligand:NGF
NP_stressed	NP_stressed	VEGFA	ITGB1	1.3498783	0.0	1.6779163	0.2279202890860027	0.09154951299277059	0.009512682	0.82286215	0.2525221165398429	0.08486428153143849	degenerated	True	pain_ligand:VEGFA
AF_inner	NP_stressed	VEGFA	ITGB1	1.3482196	0.0	1.6746982	0.2263007034042147	0.12348229738446548	0.009494438	0.8227222	0.2155462545593963	0.0854368475094765	degenerated	True	pain_ligand:VEGFA
AF_inner	Fibrochondrocyte_stressed	FGF2	CD44	1.3602026	0.0	1.3927058	0.4326671877182352	0.44376081917680554	0.014627339	0.80887365	0.02561117886249472	0.0854368475094765	degenerated	True	pain_ligand:FGF2
NP_stressed	Fibroblast_like	NGF	ERBB2	0.15915555	0.0	0.025296958	0.128278263630551	0.07978116867927659	0.027569322	0.36321166	0.27478183889204566	0.0854957440616528	degenerated	True	pain_ligand:NGF
Fibroblast_like	NP_fibrocartilaginous	NGF	ERBB2	0.1653782	0.0	0.025308318	0.12323879378376058	0.07360413161108646	0.027581705	0.3632636	0.28800705843845326	0.08573425454934544	degenerated	True	pain_ligand:NGF
Fibrochondrocyte_stressed	Macrophage_M2	VEGFA	CD44	1.3427861	0.03	1.8026123	0.3412784726464593	0.3752453821932773	0.010556862	0.8280262	0.33442439156980847	0.08796823002592508	degenerated	True	pain_ligand:VEGFA
Macrophage_M2	AF_outer	FGF2	SDC1	0.1788574	0.91	0.025615826	-0.16687905175306328	-0.26504606173033063	0.009184366	0.3646615	1.0	0.09050170744929001	degenerated	True	pain_ligand:FGF2
NP_stressed	NP_mature_chondrocyte	PTGS2	CAV1	1.3368108	0.0	1.7826031	0.26304117297017404	0.09801741016352872	0.012953653	0.82723	0.2409135590685178	0.09076019846442943	degenerated	True	pain_ligand:PTGS2
NP_fibrocartilaginous	Fibroblast_like	VEGFA	ITGB1	1.3647597	0.0	1.3650341	0.22901980701035213	-0.059001927636635365	0.0077388454	0.80731755	0.6585625288491848	0.09116881172712514	degenerated	True	pain_ligand:VEGFA
Fibrochondrocyte_stressed	NP_fibrocartilaginous	VEGFA	CD44	1.3333006	0.0	1.7775462	0.3319755216883478	0.36196154765762767	0.010410063	0.82702684	0.14391398277721265	0.09203421451315835	degenerated	True	pain_ligand:VEGFA
AF_outer	Macrophage_M2	SEMA3B	NRP2_PLXNA1	0.16077542	0.11	0.025657305	0.18578882708465297	0.17463148412975624	0.024885977	0.36484894	0.47214014505463864	0.09240723346831244	degenerated	True	pain_receptor:NRP2
NP_stressed	Fibrochondrocyte_stressed	FGF2	CD44	1.3511685	0.0	1.3559095	0.4225981788591967	0.42512713007715586	0.014240875	0.80679536	0.029875699578556517	0.09285751836711273	degenerated	True	pain_ligand:FGF2
Fibrochondrocyte_chondroid	NP_stressed	FGF2	CD44	1.330759	0.0	1.367195	0.40456159285863236	0.7379120784989593	0.014359405	0.8074406	0.02859004199565724	0.09322451281646979	degenerated	True	pain_ligand:FGF2
NP_mature_chondrocyte	Fibrochondrocyte_fibroid	ADAM10	IL6R	0.16033602	1.0	0.025706414	-0.15578814952077583	-0.48734463586994403	0.0015025896	0.36507052	1.0	0.09335968029688717	degenerated	True	pain_receptor:IL6R
NP_fibrocartilaginous	Fibrochondrocyte_stressed	VEGFA	CD44	1.3479737	0.0	1.3428968	0.3478462291202336	0.2277050197038064	0.007864573	0.8060427	0.42986355261732323	0.09530119078522373	degenerated	True	pain_ligand:VEGFA
AF_inner	NP_stressed	FGF2	CD44	1.3250041	0.0	1.3445644	0.39814733934073654	0.3314947128398523	0.014121721	0.8061397	0.03131786288297308	0.09665059309647991	degenerated	True	pain_ligand:FGF2
AF_inner	Fibrochondrocyte_chondroid	ADAM10	IL6R	0.16556093	1.0	0.025944138	-0.15006085200226937	-0.2782674293632158	0.0015164849	0.36613804	1.0	0.09669161849358804	degenerated	True	pain_receptor:IL6R
Macrophage_M2	NP_fibrocartilaginous	CXCL8	SDC2	1.3230166	0.0	1.6397341	0.5624757231123411	0.43482010605039667	0.016862832	0.8211783	0.015267623538825359	0.09739880638969689	degenerated	True	pain_ligand:CXCL8
Fibroblast_like	Fibrochondrocyte_stressed	FGF2	CD44	1.3444713	0.0	1.328631	0.41513395512638157	0.2803535062569813	0.013954374	0.8052065	0.04761901505357653	0.09777388921150604	degenerated	True	pain_ligand:FGF2
Fibrochondrocyte_stressed	NP_mature_chondrocyte	PTGS2	CAV1	1.3195715	0.0	1.7388144	0.2478126194464245	0.26951840649943115	0.012635453	0.8254454	0.05755186908800579	0.09904470319420523	degenerated	True	pain_ligand:PTGS2
Macrophage_M2	Fibrochondrocyte_chondroid	CXCL8	SDC2	1.3175362	0.01	1.6215869	0.556798831520304	0.6777395472610617	0.016676208	0.8203597	0.16130299012967284	0.10008571177823522	degenerated	True	pain_ligand:CXCL8
EP_hyaline	Fibroblast_like	FGF2	CD44	1.3163164	0.0	1.5403064	0.4025995235139585	0.4162552962409931	0.016177563	0.8165393	0.015267623538825359	0.10075075560098787	degenerated	True	pain_ligand:FGF2
NP_stressed	Fibrochondrocyte_chondroid	VEGFA	CD44	1.3144224	0.0	1.5552604	0.31254871026718656	0.5774499227288097	0.009108264	0.8172619	0.19989623255458613	0.1020390150549775	degenerated	True	pain_ligand:VEGFA
NP_stressed	NP_stressed	FGF2	CD44	1.3159701	0.0	1.3090401	0.38807833048169804	0.31286102374020264	0.013748614	0.8040388	0.03617381517593752	0.1022305044758186	degenerated	True	pain_ligand:FGF2
AF_inner	Fibrochondrocyte_chondroid	VEGFA	CD44	1.3127637	0.0	1.5522777	0.31092912458539856	0.6093827071205046	0.009090796	0.81711847	0.19989623255458613	0.10299809834247241	degenerated	True	pain_ligand:VEGFA
NP_fibrocartilaginous	NP_stressed	VEGFA	CD44	1.3127753	0.0	1.2964772	0.31332638074273494	0.11543891336685319	0.0075927204	0.803278	0.4851678178533631	0.10473473045624235	degenerated	True	pain_ligand:VEGFA
AF_outer	Fibroblast_like	SEMA3B	NRP2_PLXNA2	0.16362774	0.0	0.0266534	0.29244523436338	0.2206911800397135	0.036228478	0.3692734	0.0853207470966249	0.10501032174982697	degenerated	True	pain_receptor:NRP2
Fibrochondrocyte_chondroid	EP_hyaline	VEGFA	ITGB1	1.3101256	0.0	1.7096884	0.1839584416495242	0.5113759321149289	0.009692809	0.8242251	0.19739072291407195	0.10512244661871925	degenerated	True	pain_ligand:VEGFA
Fibrochondrocyte_stressed	AF_outer	SEMA3C	NRP2_PLXNA3	0.17010315	1.0	0.026798282	-0.1432753312715259	-0.2760840667477239	0.0050453735	0.3699049	1.0	0.10643478655188886	degenerated	True	pain_receptor:NRP2
EP_hyaline	NP_stressed	PTGS2	CAV1	1.3048186	0.0	1.6881945	0.23923484035111503	0.1785106648520287	0.012267614	0.8233068	0.12362257200072198	0.1075604217243989	degenerated	True	pain_ligand:PTGS2
Fibroblast_like	NP_stressed	FGF2	CD44	1.3092729	0.0	1.2827046	0.3806141067488829	0.16808739992002808	0.013472017	0.80243284	0.1361142327231826	0.1081984539769726	degenerated	True	pain_ligand:FGF2
Fibrochondrocyte_stressed	AF_outer	VEGFA	CD44	1.3029732	0.0	1.6974037	0.30223340731722576	0.34232265279246477	0.0099407155	0.8237021	0.1780494809237634	0.10844430536498488	degenerated	True	pain_ligand:VEGFA
Fibroblast_like	Fibroblast_like	GRN	TNFRSF1A	1.3022053	0.0	1.5575056	0.6246589351420944	0.42004887111304134	0.01659657	0.8173696	0.015267623538825359	0.10873965885444536	degenerated	True	pain_receptor:TNFRSF1A
EP_hyaline	EP_hyaline	VEGFA	ITGB1	1.3017161	0.0	1.6862729	0.17574919134648923	0.3375850605249757	0.009560058	0.8232239	0.20885686387149355	0.10923274341368189	degenerated	True	pain_ligand:VEGFA
unassigned	EP_hyaline	PTGS2	CAV1	1.3015951	0.0	1.2926065	0.2145902552494528	0.8415420188794311	0.009392991	0.80304164	0.2250798812640238	0.10928210349571023	degenerated	True	pain_ligand:PTGS2
AF_inner	NP_stressed	PTGS2	CAV1	1.3009138	0.0	1.6770687	0.2357853381133277	0.016208370476947787	0.012186765	0.8228253	0.42364997536755233	0.10982577340303157	degenerated	True	pain_ligand:PTGS2
NP_stressed	NP_mature_chondrocyte	VEGFA	NRP2	1.2995812	0.0	1.5039192	0.5652541809424332	0.7020655721918763	0.018464526	0.8147419	0.015267623538825359	0.11056909942225601	degenerated	True	pain_ligand:VEGFA; pain_receptor:NRP2
Fibrochondrocyte_stressed	NP_stressed	VEGFA	NRP2	1.2987046	0.0	1.686124	0.6014952633984749	0.7368242336404953	0.020701563	0.82321745	0.015267623538825359	0.11091677152958065	degenerated	True	pain_ligand:VEGFA; pain_receptor:NRP2
AF_inner	NP_mature_chondrocyte	VEGFA	NRP2	1.2979225	0.0	1.501035	0.5636345952606452	0.7339983565835712	0.018429114	0.81459695	0.015267623538825359	0.1118130423444435	degenerated	True	pain_ligand:VEGFA; pain_receptor:NRP2
NP_mature_chondrocyte	NP_fibrocartilaginous	TNFSF11	LGR4	0.17089593	0.0	0.027209247	0.20426736598364048	0.3246930970354221	0.02396749	0.37168026	0.05539203502516317	0.11236503652900348	degenerated	True	pain_ligand:TNF
NP_stressed	AF_inner	PDGFC	FLT1	0.16499537	1.0	0.027212057	-0.12772971067834252	-0.2692337821786945	0.0024750612	0.37169233	1.0	0.11260207882348833	degenerated	True	pain_receptor:FLT1
Fibroblast_like	AF_outer	SEMA3B	NRP2_PLXNA3	0.17184065	0.0	0.027228758	0.14887088578923208	0.08460980639595941	0.017247075	0.37176394	0.26573111673196026	0.11283910814528388	degenerated	True	pain_receptor:NRP2
Fibrochondrocyte_chondroid	Macrophage_M2	VEGFA	CD44	1.2961557	0.06	1.6753776	0.2957558159136222	0.547220764724214	0.009811721	0.82275176	0.39504693376198824	0.11316357675064553	degenerated	True	pain_ligand:VEGFA
Fibrochondrocyte_stressed	Fibroblast_like	SEMA3C	NRP2_PLXNA3	0.17119098	1.0	0.027268937	-0.1404848786349317	-0.3103861785095642	0.005133985	0.37193617	1.0	0.11378708754407718	degenerated	True	pain_receptor:NRP2
NP_stressed	Fibroblast_like	VEGFA	EGFR	1.2951063	0.0	1.488439	1.1399020365823191	0.9848699348184602	0.07477109	0.8139598	0.001008253602565897	0.11452145255601319	degenerated	True	pain_ligand:VEGFA
AF_inner	Fibroblast_like	VEGFA	EGFR	1.2934476	0.0	1.4855844	1.138282450900531	1.0168027192101552	0.07462769	0.81381434	0.0007854287058306173	0.11548139890817641	degenerated	True	pain_ligand:VEGFA
NP_mature_chondrocyte	EP_hyaline	VEGFA	ITGB1	1.2934313	0.0	1.6632041	0.16766152451138175	0.33661256035833775	0.009429273	0.8222194	0.22180171196690915	0.11558264942692922	degenerated	True	pain_ligand:VEGFA
NP_stressed	EP_hyaline	VEGFA	CD44	1.2931182	0.0	1.4815615	0.29165560534982105	0.31170784260174367	0.008676653	0.8136088	0.3069012466884338	0.1157852848567064	degenerated	True	pain_ligand:VEGFA
Fibroblast_like	AF_inner	NGF	SORT1	0.17046392	0.9	0.027450046	-0.02429993168557404	-0.1882103682870914	0.0066774464	0.37270966	1.0	0.11615614038858643	degenerated	True	pain_ligand:NGF
Macrophage_M2	Macrophage_M2	GRN	TNFRSF1A	1.2924852	0.01	1.4132924	0.6017417065393772	0.6846446691917991	0.015059855	0.81000537	0.20488053879558468	0.11654660065989488	degenerated	True	pain_receptor:TNFRSF1A
AF_inner	EP_hyaline	VEGFA	CD44	1.2914596	0.0	1.4787201	0.29003601966803305	0.34364062699343856	0.008660012	0.8134632	0.2745076590573253	0.11720822543696088	degenerated	True	pain_ligand:VEGFA
AF_inner	AF_inner	ADAM10	IL6R	0.17211792	1.0	0.02761314	-0.14021688003299274	-0.4288236836414859	0.0016140413	0.37340242	1.0	0.11828717026039345	degenerated	True	pain_receptor:IL6R
EP_hyaline	Macrophage_M2	VEGFA	CD44	1.2877462	0.04	1.6524321	0.2875465656105872	0.3734298931342608	0.009677342	0.82174397	0.3584695918733907	0.11992311298539751	degenerated	True	pain_ligand:VEGFA
Fibroblast_like	Fibroblast_like	SEMA3B	NRP2_PLXNA3	0.17292848	0.0	0.027706973	0.15166133842582627	0.05030769463411913	0.017549984	0.37379935	0.33808341903151834	0.11994391647448902	degenerated	True	pain_receptor:NRP2
Fibrochondrocyte_chondroid	NP_fibrocartilaginous	VEGFA	CD44	1.2866701	0.0	1.6520807	0.2864528649555108	0.5339369301885644	0.009675284	0.8217284	0.1987975311363676	0.12064493379628533	degenerated	True	pain_ligand:VEGFA
Fibrochondrocyte_fibroid	AF_outer	FGF2	SDC3	0.16852772	1.0	0.027777687	-0.17386920284616705	-0.3824962257324855	0.002831703	0.37409773	1.0	0.12183656419761803	degenerated	True	pain_ligand:FGF2
NP_mature_chondrocyte	NP_stressed	PTGS2	CAV1	1.2827282	0.0	1.625253	0.21972196131172342	0.10748225079265783	0.011810236	0.82052606	0.22393339248983557	0.12313457584966234	degenerated	True	pain_ligand:PTGS2
NP_mature_chondrocyte	Fibrochondrocyte_fibroid	ADAM17	IL6R	0.16731858	0.97	0.027960984	-0.11023076735571374	-0.35233704604508753	0.00208334	0.37486807	1.0	0.12325550367555405	degenerated	True	pain_receptor:IL6R
NP_mature_chondrocyte	AF_inner	FGF2	SDC2	1.2825751	0.0	1.6035321	0.49384890702254935	0.716306428631664	0.02508346	0.8195332	0.015267623538825359	0.12334308124059032	degenerated	True	pain_ligand:FGF2
NP_fibrocartilaginous	NP_fibrocartilaginous	TNFSF9	PVR	0.17070612	0.0	0.028064845	0.08812207528881494	0.09543674418450632	0.017876068	0.3753026	0.24535863444293007	0.124910344906043	degenerated	True	pain_ligand:TNF
NP_mature_chondrocyte	Macrophage_M2	VEGFA	CD44	1.2794614	0.04	1.6298262	0.27945889877547975	0.3724573929676228	0.009544953	0.8207329	0.3584695918733907	0.12548940964554767	degenerated	True	pain_ligand:VEGFA
Fibrochondrocyte_stressed	AF_inner	VEGFA	CD44	1.2792733	0.0	1.634775	0.27899026303623065	0.33789448221592266	0.0095739355	0.8209558	0.20758489411158507	0.12569969970149414	degenerated	True	pain_ligand:VEGFA
NP_fibrocartilaginous	NP_fibrocartilaginous	VEGFA	ITGB1	1.2783794	0.0	1.2511162	0.14680046551662887	0.06263021093263355	0.0070930053	0.80044883	0.5970453280264031	0.126331505304549	degenerated	True	pain_ligand:VEGFA
EP_hyaline	NP_fibrocartilaginous	VEGFA	CD44	1.2782607	0.0	1.6294541	0.2782436146524758	0.36014605859861115	0.0095427735	0.8207161	0.21065693530869	0.12638423217890313	degenerated	True	pain_ligand:VEGFA
Fibrochondrocyte_fibroid	NP_fibrocartilaginous	VEGFB	ADRB2	0.16836339	1.0	0.028112266	-0.28557951722983715	-0.5523031404645291	0.0021100426	0.3755005	1.0	0.12680081595099124	degenerated	True	pain_ligand:VEGFB
AF_outer	AF_outer	TNFSF9	PVR	0.17031589	0.0	0.028165339	0.10209663941255964	0.12811900748591742	0.017940076	0.3757217	0.20571118483190484	0.12750953194049677	degenerated	True	pain_ligand:TNF
Fibrochondrocyte_stressed	AF_outer	SEMA3C	NRP2_PLXNA1	0.17367792	1.0	0.02834493	-0.07307345676437679	-0.17465625856411887	0.0081718005	0.37646744	1.0	0.12845429714937878	degenerated	True	pain_receptor:NRP2
Fibrochondrocyte_fibroid	NP_mature_chondrocyte	FGF2	FGFR2	0.17012793	1.0	0.028396988	-0.23504702436368383	-0.40771901748924766	0.0038094185	0.3766828	1.0	0.12987106057845288	degenerated	True	pain_ligand:FGF2
AF_inner	AF_outer	TNFSF9	PVR	0.17113021	0.0	0.028489985	0.10381731048961168	0.1583910882641433	0.018146861	0.3770667	0.20112830290369252	0.13081531601819685	degenerated	True	pain_ligand:TNF
NP_fibrocartilaginous	AF_outer	VEGFA	ITGB1	1.2703717	0.0	1.2405555	0.13917773000859449	0.051851963250067135	0.0070331343	0.799771	0.6120286916395179	0.13111545406453537	degenerated	True	pain_ligand:VEGFA
NP_mature_chondrocyte	NP_fibrocartilaginous	VEGFA	CD44	1.2699759	0.0	1.6071626	0.27015594781736835	0.3591735584319732	0.009412225	0.8197004	0.22284085482817195	0.13132991046896417	degenerated	True	pain_ligand:VEGFA
Fibroblast_like	Macrophage_M2	TNFSF13B	CD40	0.17662734	0.13	0.028681615	0.1864698445484092	0.17860339720272783	0.006205267	0.37785435	0.8609999615802578	0.13364682341204187	degenerated	True	pain_ligand:TNF
Macrophage_M2	Fibroblast_like	PDGFA	PDGFRB	0.18279785	0.3	0.028766464	0.05662202873700917	0.09999168342676182	0.013607714	0.37820157	0.6794968525083266	0.13482606677923215	degenerated	True	pain_ligand:PDGFA
Fibroblast_like	AF_outer	SEMA3B	NRP2_PLXNA1	0.17541543	0.0	0.02880025	0.21907276029638117	0.18603761457956447	0.027934434	0.37833965	0.11612049145312595	0.13506187825950505	degenerated	True	pain_receptor:NRP2
Fibrochondrocyte_stressed	Fibroblast_like	SEMA3C	NRP2_PLXNA1	0.17487991	1.0	0.028864983	-0.06933808104874267	-0.24384348138066056	0.008321731	0.3786037	1.0	0.13624073345731305	degenerated	True	pain_receptor:NRP2
Macrophage_M2	AF_outer	GRN	TNFRSF1A	1.2634144	0.0	1.3086569	0.566302918542332	0.5736448188385341	0.013944874	0.80401576	0.03348840024650178	0.13625148597818454	degenerated	True	pain_receptor:TNFRSF1A
Fibrochondrocyte_stressed	NP_mature_chondrocyte	VEGFA	ITGB1	1.2628531	0.0	1.5913838	0.14010235022005474	0.008510088200396115	0.0090221	0.81897014	0.446071795575205	0.13679724938765322	degenerated	True	pain_ligand:VEGFA
NP_stressed	Fibroblast_like	VEGFA	GPC1	1.262223	0.0	1.3746834	0.8494289087576996	0.7807286589695697	0.041920368	0.80786484	0.00599987819515752	0.1371251875521146	degenerated	True	pain_ligand:VEGFA
AF_inner	Fibroblast_like	VEGFA	GPC1	1.2605643	0.0	1.3720468	0.8478093230759116	0.8126614433612644	0.041839972	0.80771583	0.004587410330988251	0.1379465223637411	degenerated	True	pain_ligand:VEGFA
Fibrochondrocyte_stressed	AF_outer	TNFSF10	RIPK1	0.1748865	0.64	0.02901727	-0.020189847920388294	-0.09922340268198679	0.0057820654	0.37922287	1.0	0.1381262339411982	degenerated	True	pain_ligand:TNF
Fibrochondrocyte_chondroid	Fibroblast_like	PTGS2	CAV1	1.2601583	0.0	1.2870289	0.2108498753326094	0.11065901694377267	0.009352461	0.80269945	0.2293551416253271	0.13833057782602975	degenerated	True	pain_ligand:PTGS2
NP_stressed	Fibrochondrocyte_stressed	VEGFA	SIRPA	1.2600389	0.0	1.3671277	0.8411475788259275	0.8979387377870763	0.02846019	0.80743676	0.010618970396103867	0.13855026516850727	degenerated	True	pain_ligand:VEGFA
unassigned	Fibrochondrocyte_stressed	CXCL8	SDC2	1.6956553	0.0	1.1713496	0.8559891473977633	1.74224680396578	0.0120460205	0.79513526	0.03240289739862211	0.1388800425423904	degenerated	True	pain_ligand:CXCL8
AF_inner	Fibrochondrocyte_stressed	VEGFA	SIRPA	1.2583802	0.0	1.3645056	0.8395279931441395	0.9298715221787712	0.028405607	0.80728745	0.010751260293572106	0.13965094473052087	degenerated	True	pain_ligand:VEGFA
Fibrochondrocyte_chondroid	AF_outer	VEGFA	CD44	1.2563426	0.0	1.577595	0.2567107505843887	0.5142980353234015	0.0092390645	0.8183242	0.24033597062916767	0.14136467128013944	degenerated	True	pain_ligand:VEGFA
NP_mature_chondrocyte	Fibroblast_like	TNFSF11	LGR4	0.17560935	0.0	0.029241428	0.21789912884674723	0.2816506445575917	0.025757553	0.38012904	0.04699888313124279	0.14401308942340268	degenerated	True	pain_ligand:TNF
NP_stressed	EP_hyaline	VEGFA	NRP2	1.2529601	0.0	1.3426396	0.5112344474028468	0.6868871950998323	0.016484397	0.8060277	0.015267623538825359	0.14448407759554815	degenerated	True	pain_ligand:VEGFA; pain_receptor:NRP2
NP_stressed	NP_fibrocartilaginous	TNFSF11	LGR4	0.17908569	0.0	0.029276624	0.22481935007995282	0.24859767592467374	0.025788557	0.3802708	0.06523614008391973	0.14471897202608117	degenerated	True	pain_ligand:TNF
Fibrochondrocyte_chondroid	NP_stressed	VEGFA	NRP2	1.2520742	0.0	1.5671114	0.5559726066656379	0.908799616171432	0.019240374	0.81782806	0.015267623538825359	0.14521253953713933	degenerated	True	pain_ligand:VEGFA; pain_receptor:NRP2
AF_inner	EP_hyaline	VEGFA	NRP2	1.2513014	0.0	1.3400645	0.5096148617210589	0.7188199794915272	0.016452782	0.80587757	0.015267623538825359	0.1458864456749804	degenerated	True	pain_ligand:VEGFA; pain_receptor:NRP2
NP_mature_chondrocyte	AF_outer	CXCL8	SDC1	0.1975981	1.0	0.029327204	0.005004225404825244	-0.6571727509983346	0.006912875	0.3804742	1.0	0.14613037206701754	degenerated	True	pain_ligand:CXCL8
Fibroblast_like	Fibroblast_like	SEMA3B	NRP2_PLXNA1	0.17661741	0.0	0.02932866	0.2228081360120153	0.11685039176302278	0.02844696	0.38048008	0.2070214430159977	0.1463655628804953	degenerated	True	pain_receptor:NRP2
NP_fibrocartilaginous	Fibrochondrocyte_stressed	FGF2	CD44	1.2997508	0.0	1.1464798	0.3652901462130859	0.3083817953299284	0.012041273	0.7933818	0.07355738234446911	0.14684349472909286	degenerated	True	pain_ligand:FGF2
Macrophage_M2	NP_fibrocartilaginous	GRN	TNFRSF1A	1.2486331	0.0	1.2554547	0.5482841558421928	0.5631963181139844	0.013377957	0.80072516	0.042239017978316855	0.14769026647621014	degenerated	True	pain_receptor:TNFRSF1A
Macrophage_M2	Fibrochondrocyte_fibroid	GRN	TNFRSF1A	1.2479421	0.01	1.2529672	0.5474417685327484	0.6428214324703817	0.013351451	0.8005669	0.2656303402238959	0.14808613771715487	degenerated	True	pain_receptor:TNFRSF1A
EP_hyaline	AF_outer	VEGFA	CD44	1.2479333	0.0	1.5559886	0.2485015002813537	0.34050716373344825	0.0091125285	0.81729686	0.2541593844664619	0.14814276039421514	degenerated	True	pain_ligand:VEGFA
Macrophage_M2	AF_outer	CXCL8	SDC2	1.245792	0.03	1.3840216	0.48248559398059865	0.26897401926249964	0.014233115	0.8083897	0.33442439156980847	0.1496176015928945	degenerated	True	pain_ligand:CXCL8
NP_stressed	NP_stressed	NGF	KIDINS220	0.17187124	1.0	0.029491767	-0.1457679340191368	-0.29930058514867186	0.0041379426	0.3811339	1.0	0.14965686142692192	degenerated	True	pain_ligand:NGF
Fibrochondrocyte_stressed	NP_fibrocartilaginous	SEMA3C	NRP2_PLXNA3	0.17645106	1.0	0.029544747	-0.12699175299656282	-0.24589269465697444	0.0055624563	0.38134563	1.0	0.15130156934998443	degenerated	True	pain_receptor:NRP2
EP_hyaline	NP_stressed	VEGFA	NRP2	1.2436647	0.0	1.5456486	0.547763356362603	0.7350087445814788	0.018976862	0.8167985	0.015267623538825359	0.15132737923239506	degenerated	True	pain_ligand:VEGFA; pain_receptor:NRP2
Fibroblast_like	AF_outer	NGF	SORT1	0.17553617	0.94	0.029586097	-0.015577027375774793	-0.1850292127990328	0.0071970583	0.38151062	1.0	0.15153647596398268	degenerated	True	pain_ligand:NGF
AF_outer	Fibroblast_like	TNFSF9	PVR	0.17541836	0.0	0.029607251	0.11533676723046446	-0.0009161571314599826	0.018858513	0.38159493	0.47406966661392413	0.15224110213094408	degenerated	True	pain_ligand:TNF
AF_inner	AF_inner	PIGF	FLT1	0.17254946	0.97	0.029653784	-0.05700589763711343	-0.12667086773899025	0.0037825583	0.38178024	1.0	0.15294562827487015	degenerated	True	pain_receptor:FLT1
Macrophage_M2	EP_hyaline	CXCL8	SDC2	1.2409005	0.03	1.3678242	0.4774187277300531	0.4282873000112597	0.014066542	0.80747634	0.3317118336077166	0.15373555221401153	degenerated	True	pain_ligand:CXCL8
NP_mature_chondrocyte	AF_outer	VEGFA	CD44	1.2396483	0.0	1.5347021	0.24041383344624623	0.3395346635668103	0.008987866	0.8162661	0.26692098740650455	0.15454202784779902	degenerated	True	pain_ligand:VEGFA
Macrophage_M2	Fibrochondrocyte_fibroid	PTGS2	CAV1	1.3723465	0.04	1.1145595	0.3226352295920133	0.1571081491152252	0.008099176	0.7910578	0.3907083757059854	0.15697258582426857	degenerated	True	pain_ligand:PTGS2
NP_fibrocartilaginous	Macrophage_M2	TNFSF9	TNFRSF9	0.1752221	0.07	0.029902888	0.3442498222060213	0.1947666807920755	0.039130077	0.38276795	0.412555289778364	0.1578740418281398	degenerated	True	pain_ligand:TNF
NP_mature_chondrocyte	NP_stressed	VEGFA	NRP2	1.2353799	0.0	1.5245036	0.5396756895274955	0.7340362444148408	0.018717252	0.8157656	0.015267623538825359	0.1580776682770955	degenerated	True	pain_ligand:VEGFA; pain_receptor:NRP2
NP_stressed	AF_inner	PIGF	FLT1	0.17339459	0.95	0.029926954	-0.05533173910681918	-0.12669616480084248	0.0038174032	0.382863	1.0	0.15834310306476204	degenerated	True	pain_receptor:FLT1
Fibroblast_like	NP_fibrocartilaginous	TNFSF13B	HLA-DPB1	0.18155459	0.0	0.029927928	0.09080044656048977	-0.058226301639031	0.0027354257	0.38286683	1.0	0.15857762241236167	degenerated	True	pain_ligand:TNF
AF_inner	Fibroblast_like	TNFSF9	PVR	0.17623268	0.0	0.029948518	0.1170574383075165	0.029355923646765897	0.019075884	0.38294807	0.3889741169014216	0.1588121288564947	degenerated	True	pain_ligand:TNF
NP_fibrocartilaginous	NP_stressed	FGF2	CD44	1.2645524	0.0	1.1068498	0.33077029783558726	0.19611568899297516	0.011625045	0.7904836	0.10680742480527677	0.159536908523921	degenerated	True	pain_ligand:FGF2
NP_stressed	unassigned	VEGFA	CD44	1.2328938	0.0	1.2732227	0.23259242083295453	0.5523320947666939	0.007456532	0.801844	0.36720825872245244	0.1600050843057976	degenerated	True	pain_ligand:VEGFA
Fibrochondrocyte_chondroid	AF_inner	VEGFA	CD44	1.2326428	0.0	1.5193869	0.23346760630339358	0.5098698647468594	0.008898173	0.8155129	0.2773429402500537	0.16029803390574646	degenerated	True	pain_ligand:VEGFA
Fibroblast_like	NP_fibrocartilaginous	SEMA3B	NRP2_PLXNA3	0.17818856	0.0	0.030019341	0.16515446406419515	0.1148011784867089	0.01901467	0.3832272	0.21013467016164705	0.16068771592735842	degenerated	True	pain_receptor:NRP2
AF_inner	unassigned	VEGFA	CD44	1.2312351	0.0	1.2707808	0.23097283515116654	0.5842648791583888	0.0074422313	0.8016915	0.3747497403494916	0.16153093148636835	degenerated	True	pain_ligand:VEGFA
Fibroblast_like	Macrophage_M2	GRN	TNFRSF1A	1.2296567	0.0	1.3146126	0.5362194927916156	0.45877434412440865	0.014008335	0.80437326	0.03272921832198273	0.16288605094337233	degenerated	True	pain_receptor:TNFRSF1A
Fibroblast_like	AF_outer	TNFSF13B	HLA-DPB1	0.18227953	0.0	0.030111298	0.09206513364285651	-0.10077895299418207	0.0027521858	0.38358873	1.0	0.16326528395855516	degenerated	True	pain_ligand:TNF
Fibrochondrocyte_fibroid	Fibroblast_like	FGF2	SDC3	0.17460454	1.0	0.030129483	-0.1546726521611096	-0.40400906736566156	0.0030714492	0.3836601	1.0	0.16373376796301753	degenerated	True	pain_ligand:FGF2
EP_hyaline	NP_mature_chondrocyte	PTGS2	CAV1	1.2275127	0.0	1.50498	0.16649306216868165	0.08383924779748275	0.010936248	0.8147951	0.2676027050224817	0.16454246860738891	degenerated	True	pain_ligand:PTGS2
AF_outer	Fibrochondrocyte_stressed	FGF2	CD44	1.2857358	0.0	1.0893958	0.3496699361364528	0.31217595266722054	0.011441729	0.7891643	0.09379871894076841	0.16567069800370707	degenerated	True	pain_ligand:FGF2
AF_inner	NP_fibrocartilaginous	TNFSF11	LGR4	0.18283525	0.0	0.030223144	0.23422873293614802	0.23921347154896724	0.026622307	0.38402715	0.07150683089986151	0.16654357271651415	degenerated	True	pain_ligand:TNF
Fibrochondrocyte_chondroid	Fibroblast_like	FGF2	CD44	1.225148	0.0	1.2203183	0.30098734097931423	0.5162036128775064	0.012816785	0.7984508	0.052769991449787584	0.16680228485362128	degenerated	True	pain_ligand:FGF2
EP_hyaline	AF_inner	VEGFA	CD44	1.2242334	0.0	1.4985777	0.2252583560003586	0.33607899315690615	0.008776306	0.8144732	0.2932093229445456	0.16745895648231085	degenerated	True	pain_ligand:VEGFA
AF_inner	NP_mature_chondrocyte	PTGS2	CAV1	1.2236079	0.0	1.4950615	0.1630435599308943	-0.07846304657759817	0.010864173	0.81429565	0.7226768136511117	0.16793725698805048	degenerated	True	pain_ligand:PTGS2
NP_mature_chondrocyte	AF_outer	TNFSF9	PVR	0.17580485	0.0	0.030353628	0.11369480435789718	0.1719333699454234	0.019333921	0.3845368	0.1780913761513062	0.16888365592624774	degenerated	True	pain_ligand:TNF
NP_mature_chondrocyte	Macrophage_M2	FGF2	CD44	1.2216136	0.03	1.4719844	0.3231902247686275	0.520663658473808	0.015459988	0.8131166	0.22363952882024302	0.16937575291713342	degenerated	True	pain_ligand:FGF2
NP_stressed	AF_inner	PTGS2	CAV1	1.2211697	0.0	1.4579768	0.15422899784100533	-0.05139526525126725	0.010594689	0.8123891	0.6332383020104265	0.17009700389852767	degenerated	True	pain_ligand:PTGS2
NP_mature_chondrocyte	Macrophage_M2	PIGF	FLT1	0.17658222	0.52	0.030405235	-0.05185876860756948	-0.11807248632233736	0.0038784114	0.38473785	1.0	0.17075480746199692	degenerated	True	pain_receptor:FLT1
AF_inner	Fibroblast_like	FGF2	CD44	1.219393	0.0	1.200119	0.2945730874614184	0.10978624721839936	0.012604635	0.7971044	0.21895057452261746	0.17160395815966942	degenerated	True	pain_ligand:FGF2
NP_stressed	NP_fibrocartilaginous	VEGFA	NRP2	1.219344	0.0	1.226349	0.4722839575832176	0.4795845290736316	0.015056629	0.79884714	0.021338501495844337	0.17172475831429704	degenerated	True	pain_ligand:VEGFA; pain_receptor:NRP2
Fibrochondrocyte_stressed	AF_outer	TNFSF10	TNFRSF10D	0.17824194	1.0	0.030456657	-0.09894885144816043	-0.28430783410526106	0.004064897	0.38493785	1.0	0.1721576138173917	degenerated	True	pain_ligand:TNF
AF_outer	Fibrochondrocyte_stressed	TNFSF9	TNFRSF9	0.1785219	0.0	0.030484285	0.4434625080887592	0.2830344149962947	0.039890878	0.38504523	0.04647655036325384	0.1728588511322043	degenerated	True	pain_ligand:TNF
AF_inner	NP_fibrocartilaginous	VEGFA	NRP2	1.2176853	0.0	1.223997	0.4706643719014296	0.5115173134653265	0.015027752	0.7986929	0.021587032053847127	0.17287431821898813	degenerated	True	pain_ligand:VEGFA; pain_receptor:NRP2
Macrophage_M2	NP_fibrocartilaginous	FGF2	SDC1	0.18830085	0.88	0.030501785	-0.13263996093668867	-0.21126028788923867	0.010936191	0.38511315	1.0	0.1735599725107057	degenerated	True	pain_ligand:FGF2
Fibrochondrocyte_chondroid	NP_mature_chondrocyte	VEGFA	ITGB1	1.2162228	0.01	1.4790584	0.09457969348721772	0.1804854707313328	0.0083852885	0.8134806	0.3468408059507812	0.17384492351157782	degenerated	True	pain_ligand:VEGFA
NP_mature_chondrocyte	AF_inner	VEGFA	CD44	1.2159486	0.0	1.4780766	0.21717068916525112	0.3351064929902682	0.008656243	0.81343025	0.30917621788715055	0.17439194942812303	degenerated	True	pain_ligand:VEGFA
Fibrochondrocyte_stressed	Fibroblast_like	GRN	TNFRSF1A	1.2154913	0.0	1.3961468	0.5342273465937871	0.5049167354867703	0.014877153	0.8090643	0.023024582443609654	0.1748179416539717	degenerated	True	pain_receptor:TNFRSF1A
Fibrochondrocyte_stressed	Macrophage_M2	VEGFA	ITGB1	1.2142267	0.31	1.462885	0.09381747207030275	0.09826911394277604	0.008293596	0.812645	0.6877174146868676	0.17579333632037158	degenerated	True	pain_ligand:VEGFA
NP_fibrocartilaginous	Fibrochondrocyte_fibroid	VEGFA	ITGB1	1.2133644	0.03	1.1653745	0.08491694443872971	-0.07274856835684695	0.006606907	0.7947184	0.7330341531598981	0.1764041550946174	degenerated	True	pain_ligand:VEGFA
NP_mature_chondrocyte	NP_fibrocartilaginous	FGF2	CD44	1.2121282	0.0	1.4515157	0.31388727381051607	0.5073798239381584	0.01524501	0.81205034	0.01973066762027007	0.17726087794106257	degenerated	True	pain_ligand:FGF2
Fibrochondrocyte_fibroid	Macrophage_M2	FGF2	FGFRL1	0.17629804	1.0	0.030784892	-0.5187852647327758	-0.8946373539127341	0.00089394127	0.38620764	1.0	0.17753078811436543	degenerated	True	pain_ligand:FGF2
AF_inner	Fibrochondrocyte_stressed	TNFSF9	TNFRSF9	0.17933622	0.0	0.030835662	0.44518317916581124	0.31330649577452063	0.040350676	0.38640296	0.033921201100228886	0.1784645445642164	degenerated	True	pain_ligand:TNF
NP_stressed	Macrophage_M2	VEGFA	SIRPA	1.2103927	0.0	1.195383	0.7608799722306785	0.8862743230088441	0.024884893	0.7967845	0.015267623538825359	0.17867227863229032	degenerated	True	pain_ligand:VEGFA
NP_stressed	Fibroblast_like	FGF2	CD44	1.210359	0.0	1.168411	0.2845040786023799	0.09115255811874967	0.012271611	0.7949306	0.25333975851402274	0.17873375038282935	degenerated	True	pain_ligand:FGF2
Macrophage_M2	Fibroblast_like	VEGFA	ITGB1	1.2896236	0.13	1.0539525	0.1556684542726846	-0.008860518939674766	0.0059752166	0.78639954	0.945497190347253	0.17934900974281417	degenerated	True	pain_ligand:VEGFA
Macrophage_M2	NP_fibrocartilaginous	FGF2	SDC3	0.18903482	0.9	0.030881533	-0.1757256982643819	-0.2524066705528445	0.0031481145	0.38657922	1.0	0.18009815091092224	degenerated	True	pain_ligand:FGF2
AF_inner	Macrophage_M2	VEGFA	SIRPA	1.208734	0.0	1.1930903	0.7592603865488905	0.9182071074005391	0.024837166	0.796629	0.015267623538825359	0.18015021655727764	degenerated	True	pain_ligand:VEGFA
Macrophage_M2	unassigned	GRN	TNFRSF1A	1.2083784	0.01	1.1105651	0.49921223048697955	1.1039231087445849	0.011834032	0.79076093	0.2656303402238959	0.18039707888908044	degenerated	True	pain_receptor:TNFRSF1A
AF_outer	NP_stressed	FGF2	CD44	1.2505374	0.0	1.0517389	0.31515008775895414	0.19990984633026732	0.011046226	0.7862229	0.10945875125362445	0.1805822969040119	degenerated	True	pain_ligand:FGF2
EP_hyaline	NP_mature_chondrocyte	VEGFA	ITGB1	1.2078133	0.0	1.4588015	0.08637044318418273	0.006694599141379598	0.008270445	0.8124321	0.45109814305325846	0.18095301581929943	degenerated	True	pain_ligand:VEGFA
NP_mature_chondrocyte	NP_mature_chondrocyte	FGF2	SDC2	1.2075288	0.0	1.4415911	0.4161148928717032	0.7907231918757871	0.02255028	0.8115262	0.015267623538825359	0.18144781221482173	degenerated	True	pain_ligand:FGF2
NP_fibrocartilaginous	Fibroblast_like	VEGFA	CD44	1.2071642	0.0	1.1571977	0.20975212886341682	-0.10626955225459978	0.00677704	0.7941435	0.828546738045154	0.18175733785158296	degenerated	True	pain_ligand:VEGFA
Fibrochondrocyte_chondroid	NP_fibrocartilaginous	PTGS2	CAV1	1.2066102	0.0	1.2108245	0.16046417931158666	0.2652084667833112	0.008798705	0.79782164	0.29023668291026905	0.18262530164847346	degenerated	True	pain_ligand:PTGS2
NP_stressed	Fibrochondrocyte_chondroid	VEGFA	NRP2	1.2057507	0.0	1.1793247	0.4565331113231589	0.7361146050095615	0.014479282	0.7956874	0.02724370054252259	0.18349506733429505	degenerated	True	pain_ligand:VEGFA; pain_receptor:NRP2
NP_mature_chondrocyte	NP_mature_chondrocyte	PTGS2	CAV1	1.2054224	0.0	1.4488692	0.14698018312929004	0.012810833738111871	0.010528508	0.81191105	0.4323028346390673	0.18405514320643607	degenerated	True	pain_ligand:PTGS2
Macrophage_M2	Macrophage_M2	CXCL8	SDC3	1.2041874	0.0	1.246257	1.6071792761715027	1.6241948316221615	0.08352308	0.8001379	2.7740799689659956e-05	0.18561481564941593	degenerated	True	pain_ligand:CXCL8
AF_inner	Fibrochondrocyte_chondroid	VEGFA	NRP2	1.204092	0.0	1.177063	0.4549135256413709	0.7680473894012564	0.014451513	0.7955313	0.027573143534565088	0.1858023488239627	degenerated	True	pain_ligand:VEGFA; pain_receptor:NRP2
Fibrochondrocyte_stressed	AF_inner	PTGS2	CAV1	1.2039304	0.0	1.4221623	0.13900044431725575	0.12010573108463518	0.010334436	0.8104863	0.20287823547505363	0.18598996439943524	degenerated	True	pain_ligand:PTGS2
Fibrochondrocyte_stressed	Fibrochondrocyte_stressed	CXCL8	SDC2	1.5283272	0.0	1.0407262	0.7056711716883298	0.5827207593082869	0.010702704	0.785337	0.126677517106392	0.18598996439943524	degenerated	True	pain_ligand:CXCL8
Fibroblast_like	Fibroblast_like	FGF2	CD44	1.2036618	0.0	1.1449047	0.2770398548695648	-0.053621065701424886	0.012024729	0.7932691	0.5812165231351533	0.18617769687388613	degenerated	True	pain_ligand:FGF2
NP_notochordal	AF_inner	CXCL8	SDC2	1.2029554	0.0	1.366869	0.48869714669771497	0.37701249003468296	0.014056716	0.80742204	0.03213354662951079	0.18699204083641904	degenerated	True	pain_ligand:CXCL8
Macrophage_M2	Fibrochondrocyte_stressed	VEGFA	CD44	1.2728376	0.05	1.0368601	0.2744948763825661	0.277846428400767	0.006072292	0.7850231	0.9091056571560157	0.18755673332611206	degenerated	True	pain_ligand:VEGFA
Fibroblast_like	NP_stressed	SEMA3A	NRP2	1.2022228	0.0	1.4398782	0.9543238098388991	1.0165192569919625	0.05454908	0.8114353	0.0007871359916648425	0.1876195187819175	degenerated	True	pain_ligand:SEMA3A; pain_receptor:NRP2
Fibrochondrocyte_fibroid	Fibroblast_like	PDGFA	PDGFRB	0.19418705	0.09	0.031377267	0.08104172887693618	0.017850587251364847	0.01484273	0.38846907	0.44516393225691697	0.18848954746837543	degenerated	True	pain_ligand:PDGFA
NP_stressed	Fibroblast_like	TNFSF11	LGR4	0.18379909	0.0	0.031463213	0.2384511129430596	0.20555522344684338	0.02771463	0.38879406	0.09785202412954848	0.1889552500890581	degenerated	True	pain_ligand:TNF
Fibroblast_like	AF_outer	GRN	TNFRSF1A	1.2005858	0.0	1.217283	0.5007807047945704	0.34777449377114367	0.012971204	0.7982504	0.0498701585259949	0.18963361198993806	degenerated	True	pain_receptor:TNFRSF1A
Fibroblast_like	NP_mature_chondrocyte	TNFSF13B	HLA-DPB1	0.18801364	0.0	0.0315617	0.1020685010634289	-0.011047101647911867	0.002884753	0.3891655	1.0	0.19011928164390932	degenerated	True	pain_ligand:TNF
NP_mature_chondrocyte	Macrophage_M2	FGF2	SDC2	1.1997731	0.01	1.4248549	0.4080822795369337	0.6485845533198646	0.022288479	0.8106315	0.059216127411016055	0.1903281000063315	degenerated	True	pain_ligand:FGF2
Fibrochondrocyte_chondroid	AF_outer	SEMA3C	NRP2_PLXNA3	0.18933204	1.0	0.031562336	-0.11828563196633579	0.024557089303371443	0.005942313	0.38916788	1.0	0.19035204938682992	degenerated	True	pain_receptor:NRP2
NP_mature_chondrocyte	NP_mature_chondrocyte	VEGFA	ITGB1	1.1995285	0.0	1.4388446	0.07828277634907525	0.0057220989747416295	0.008157303	0.8113803	0.4537961665765733	0.19070739194485092	degenerated	True	pain_ligand:VEGFA
Fibrochondrocyte_chondroid	AF_outer	PTGS2	CAV1	1.198849	0.0	1.1997795	0.15316002528877623	0.2628057503871375	0.008718445	0.79708153	0.30095811897466945	0.19134024997031357	degenerated	True	pain_ligand:PTGS2
AF_inner	NP_mature_chondrocyte	ADAM10	IL6R	0.18818082	1.0	0.031701755	-0.11610169000248068	-0.42853020913944057	0.0018530287	0.3896919	1.0	0.19314424366238508	degenerated	True	pain_receptor:IL6R
unassigned	Fibrochondrocyte_chondroid	PTGS2	CAV1	1.2323925	0.0	1.0247552	0.14947382335850412	0.7817720894010995	0.0074465945	0.7840305	0.5156230921872158	0.19318068197473898	degenerated	True	pain_ligand:PTGS2
NP_mature_chondrocyte	NP_stressed	FGF2	SDC2	1.1965395	0.0	1.4178774	0.40473317378266443	0.6241487386290376	0.022179333	0.81025445	0.015267623538825359	0.19324431280242882	degenerated	True	pain_ligand:FGF2
Fibroblast_like	NP_stressed	TNFSF13B	CD40	0.18884328	0.0	0.03177155	0.213599308411784	0.12497413293429724	0.006873775	0.3899534	0.6518842962608771	0.1945396388041548	degenerated	True	pain_ligand:TNF
Fibrochondrocyte_stressed	Macrophage_M2	SEMA3C	NRP2_PLXNA1	0.18163417	0.99	0.03178726	-0.04834816593790864	-0.20744861034265683	0.009164221	0.39001223	1.0	0.19500467306934974	degenerated	True	pain_receptor:NRP2
Fibrochondrocyte_fibroid	Macrophage_M2	FGF2	GPC4	0.1789423	0.99	0.031808246	0.00021370241448603888	-0.29842415748991613	0.013522993	0.39009073	1.0	0.19523717092963702	degenerated	True	pain_ligand:FGF2
NP_mature_chondrocyte	Fibroblast_like	TNFSF9	PVR	0.18090731	0.0	0.03190757	0.126934932175802	0.042898205328046	0.020323714	0.39046165	0.3568244641607841	0.19663188830138204	degenerated	True	pain_ligand:TNF
NP_notochordal	Fibroblast_like	VEGFA	ITGB1	1.2797843	0.0	1.0132155	0.14606288792584968	0.012499976048704453	0.0057442654	0.7830702	1.0	0.19778304013260772	degenerated	True	pain_ligand:VEGFA
Fibrochondrocyte_chondroid	Fibroblast_like	SEMA3C	NRP2_PLXNA3	0.19041985	0.99	0.032116663	-0.1154951793297416	-0.009745022458468838	0.0060466775	0.39123923	1.0	0.20197398954978257	degenerated	True	pain_receptor:NRP2
Fibroblast_like	NP_fibrocartilaginous	GRN	TNFRSF1A	1.1858046	0.0	1.1677954	0.48276194209443124	0.33732599304659394	0.012443871	0.79488766	0.0625559628806451	0.20347160207668136	degenerated	True	pain_receptor:TNFRSF1A
Fibroblast_like	Fibrochondrocyte_fibroid	GRN	TNFRSF1A	1.1851135	0.0	1.1654817	0.48191955478498677	0.41695110740299124	0.012419216	0.79472595	0.0632277502712468	0.20412242418824786	degenerated	True	pain_receptor:TNFRSF1A
Macrophage_M2	NP_stressed	VEGFA	CD44	1.2376392	0.07	1.0010192	0.23997502800506743	0.1655803220638138	0.0058623925	0.7820398	0.9905361496138462	0.20425268888218795	degenerated	True	pain_ligand:VEGFA
NP_notochordal	Fibrochondrocyte_stressed	VEGFA	CD44	1.2629983	0.0	0.9967838	0.26488931003573113	0.29920692338914623	0.0058375886	0.78167826	0.38343855083846834	0.2062110966652227	degenerated	True	pain_ligand:VEGFA
Fibroblast_like	Fibroblast_like	NGF	ERBB2	0.1819638	0.0	0.032292936	0.1761823367765205	0.06315694556973511	0.03519373	0.3918912	0.310699876036006	0.2066137866130161	degenerated	True	pain_ligand:NGF
Fibroblast_like	Macrophage_M2	SEMA3B	NRP2_PLXNA1	0.18337168	0.06	0.03229788	0.24379805112284933	0.15324526280102652	0.031326916	0.39190948	0.39504693376198824	0.20684564252414533	degenerated	True	pain_receptor:NRP2
Fibrochondrocyte_stressed	AF_inner	PDGFC	FLT1	0.18084039	1.0	0.03233368	-0.10209895764186813	-0.21524110215038364	0.0029408962	0.39204147	1.0	0.20777292189180083	degenerated	True	pain_receptor:FLT1
EP_hyaline	AF_inner	FGF2	SDC2	1.1819558	0.0	1.3044494	0.38170299173968286	0.5277949181473172	0.020405019	0.8037619	0.015267623538825359	0.20784923163048746	degenerated	True	pain_ligand:FGF2
NP_fibrocartilaginous	Macrophage_M2	SEMA3B	NRP2_PLXNA3	0.18673965	0.9	0.0323438	-0.20954408977741207	-0.303668228913101	0.004399062	0.3920788	1.0	0.2080047136574441	degenerated	True	pain_receptor:NRP2
NP_mature_chondrocyte	AF_outer	FGF2	CD44	1.1818006	0.0	1.3860728	0.284145159439394	0.4877409290729955	0.014557674	0.8085044	0.026422990742149426	0.20811183306034337	degenerated	True	pain_ligand:FGF2
Macrophage_M2	AF_inner	GRN	TNFRSF1A	1.1814551	0.01	1.0136592	0.4663915268724369	0.4877549008281973	0.010801418	0.78310734	0.2656303402238959	0.2085060386997585	degenerated	True	pain_receptor:TNFRSF1A
NP_stressed	Fibrochondrocyte_fibroid	VEGFA	NRP2	1.1811656	0.0	1.0942752	0.4280462653412699	0.47291374779162787	0.013435078	0.7895359	0.04116714160090303	0.2088347943665357	degenerated	True	pain_ligand:VEGFA; pain_receptor:NRP2
NP_mature_chondrocyte	Fibrochondrocyte_chondroid	ADAM10	IL6R	0.18154116	1.0	0.032459375	-0.12395290110906705	-0.27904717086544784	0.001897313	0.39250395	1.0	0.2093951948713364	degenerated	True	pain_receptor:IL6R
AF_inner	Fibroblast_like	TNFSF11	LGR4	0.18754867	0.0	0.032480426	0.2478604957992548	0.19617101907113688	0.02861065	0.39258125	0.10669325332984596	0.21009026232142108	degenerated	True	pain_ligand:TNF
AF_inner	Fibrochondrocyte_fibroid	VEGFA	NRP2	1.1795069	0.0	1.0921766	0.4264266796594819	0.5048465321833228	0.013409311	0.7893763	0.04161594029457126	0.21074586153424474	degenerated	True	pain_ligand:VEGFA; pain_receptor:NRP2
NP_stressed	NP_fibrocartilaginous	VEGFA	ITGAV	1.178265	0.0	1.0842412	0.5406386852278279	0.6231094722721	0.020611297	0.7887695	0.015267623538825359	0.21220060985562128	degenerated	True	pain_ligand:VEGFA
AF_inner	NP_fibrocartilaginous	VEGFA	ITGAV	1.1766063	0.0	1.0821617	0.5390190995460399	0.6550422566637949	0.020571768	0.7886095	0.015267623538825359	0.21385896766295373	degenerated	True	pain_ligand:VEGFA
Fibrochondrocyte_stressed	Fibrochondrocyte_chondroid	VEGFA	ITGB1	1.1750891	0.19	1.3594611	0.056565161689257654	0.2939711624139063	0.00770725	0.8069992	0.5658470872842354	0.21578960911759548	degenerated	True	pain_ligand:VEGFA
NP_mature_chondrocyte	Fibrochondrocyte_stressed	TNFSF9	TNFRSF9	0.18401085	0.0	0.032852747	0.45506067303409675	0.3268487774558007	0.042990178	0.39394107	0.02918977523460689	0.21610931432033562	degenerated	True	pain_ligand:TNF
NP_stressed	AF_outer	NGF	SORCS2	0.1821925	0.0	0.03289667	0.202094745969519	0.2106686502138422	0.03356113	0.39410058	0.09323012601533678	0.2170345421860651	degenerated	True	pain_ligand:NGF
Fibrochondrocyte_stressed	Fibroblast_like	SEMA3C	NRP2_PLXNA2	0.1844865	0.99	0.033021342	0.058308241340818384	-0.16138891443269957	0.013341078	0.39455226	1.0	0.2205023646969159	degenerated	True	pain_receptor:NRP2
Macrophage_M2	NP_fibrocartilaginous	VEGFA	ITGB1	1.2032433	0.3	0.96599555	0.07344911277896135	0.11277161962959414	0.005476559	0.77898926	1.0	0.22230103049089261	degenerated	True	pain_ligand:VEGFA
Fibrochondrocyte_chondroid	Fibrochondrocyte_fibroid	ADAM10	IL6R	0.18329959	0.95	0.033121016	-0.11827113341717843	-0.18998353515852057	0.0019359873	0.3949123	1.0	0.2225816843175809	degenerated	True	pain_receptor:IL6R
NP_fibrocartilaginous	Fibrochondrocyte_chondroid	SEMA3B	NRP2_PLXNA3	0.1897597	0.0	0.033168044	0.19475268280678598	0.39911555573850926	0.0210091	0.39508185	0.06318921732483952	0.2232745444184458	degenerated	True	pain_receptor:NRP2
NP_notochordal	NP_stressed	VEGFA	CD44	1.2277999	0.0	0.9623282	0.2303694616582325	0.186940817052193	0.005635802	0.77866167	0.7723736622764467	0.22385710131863354	degenerated	True	pain_ligand:VEGFA
NP_stressed	AF_inner	VEGFA	NRP2	1.1678329	0.0	1.0481527	0.41259786305578555	0.39254784095372897	0.012868804	0.7859357	0.05170126672798182	0.22507810921390745	degenerated	True	pain_ligand:VEGFA; pain_receptor:NRP2
Fibrochondrocyte_chondroid	Macrophage_M2	VEGFA	ITGB1	1.1675963	0.42	1.3596294	0.04829481533746571	0.27024449647371274	0.0077082044	0.8070088	0.8004707411357733	0.22555371799737567	degenerated	True	pain_ligand:VEGFA
Macrophage_M2	AF_outer	VEGFA	ITGB1	1.1952356	0.32	0.9578417	0.06582637727092697	0.10199337194702773	0.0054303324	0.7782587	1.0	0.22562169165745183	degenerated	True	pain_ligand:VEGFA
Fibrochondrocyte_stressed	NP_stressed	TNFSF10	TNFRSF10B	0.18500409	0.97	0.03335741	-0.06579490204300484	-0.16143121496072013	0.0042969864	0.39576235	1.0	0.2262756756188899	degenerated	True	pain_ligand:TNF
Fibrochondrocyte_chondroid	AF_outer	SEMA3C	NRP2_PLXNA1	0.1929068	0.99	0.03338394	-0.04808375745918669	0.1259848974869765	0.00962454	0.39585742	1.0	0.22673718018113498	degenerated	True	pain_receptor:NRP2
AF_inner	AF_inner	VEGFA	NRP2	1.1661742	0.0	1.0461425	0.41097827737399756	0.42448062534542386	0.012844123	0.7857742	0.05213345887549216	0.22698307084954455	degenerated	True	pain_ligand:VEGFA; pain_receptor:NRP2
unassigned	Fibroblast_like	VEGFA	ITGB1	1.2655108	0.0	0.95411927	0.1321283804549133	0.29566169618935545	0.0054092286	0.7779225	0.8811520315787199	0.22746038818275371	degenerated	True	pain_ligand:VEGFA
Fibrochondrocyte_stressed	Fibrochondrocyte_stressed	VEGFA	ITGB1	1.1632931	0.2	1.328289	0.045337207446394606	0.005151157843330756	0.007530525	0.8051863	0.5762739708222615	0.22951081350085437	degenerated	True	pain_ligand:VEGFA
Fibroblast_like	Fibroblast_like	SEMA3B	NRP2_PLXNA2	0.186224	0.0	0.033551782	0.35045445840157635	0.19930495871098378	0.045605063	0.39645725	0.10384063515202664	0.23019693609290018	degenerated	True	pain_receptor:NRP2
Fibroblast_like	NP_notochordal	TNFSF13B	HLA-DPB1	0.19602825	0.0	0.03358894	0.11605061278907117	0.30132523256492305	0.0030700439	0.3965897	0.9988499209022628	0.23158003872355842	degenerated	True	pain_ligand:TNF
Fibrochondrocyte_stressed	AF_inner	VEGFA	ITGB1	1.1608412	0.17	1.3218099	0.043003532462326605	-0.06758637461273431	0.0074937926	0.8048025	0.6855595512629933	0.23239456391636032	degenerated	True	pain_ligand:VEGFA
Macrophage_M2	AF_outer	TNFSF10	RIPK1	0.19221021	0.4	0.03370467	0.011289195556452074	0.027331367347025376	0.0067160893	0.3970013	0.7804380188007876	0.23342344334311946	degenerated	True	pain_ligand:TNF
EP_hyaline	Macrophage_M2	VEGFA	ITGB1	1.1591868	0.43	1.3410083	0.040085565034430726	0.09645362488375953	0.007602635	0.80593264	0.8099903457269642	0.2340492836757972	degenerated	True	pain_ligand:VEGFA
NP_fibrocartilaginous	Fibroblast_like	FGF2	CD44	1.1589413	0.0	0.9879418	0.22719604595626913	-0.02559277662847781	0.010376176	0.780917	0.5510004948390159	0.23453285253458417	degenerated	True	pain_ligand:FGF2
Fibrochondrocyte_stressed	NP_mature_chondrocyte	VEGFA	CD44	1.1586283	0.0	1.3159622	0.160672931015267	0.11418524512784578	0.007706832	0.80445397	0.461877255158552	0.23480934571795672	degenerated	True	pain_ligand:VEGFA
NP_mature_chondrocyte	AF_inner	FGF2	CD44	1.1581008	0.0	1.3349311	0.26090201515839884	0.4833127584964534	0.014020543	0.8055772	0.032600045442202165	0.2352243824686242	degenerated	True	pain_ligand:FGF2
Macrophage_M2	Fibrochondrocyte_stressed	GRN	TNFRSF1A	1.161082	0.01	0.94033	0.4415559426399598	0.48582085442191203	0.010020032	0.77666247	0.2656303402238959	0.23647131682143419	degenerated	True	pain_receptor:TNFRSF1A
NP_stressed	NP_notochordal	VEGFA	CD44	1.1565081	0.0	1.0089757	0.1576798148920453	0.22963449441796846	0.0059089893	0.78271383	0.7074695695131414	0.2376515433022472	degenerated	True	pain_ligand:VEGFA
unassigned	Fibrochondrocyte_stressed	VEGFA	CD44	1.2487247	0.0	0.93864596	0.25095480256479474	0.5823686435297972	0.005497108	0.776507	0.30467161032838863	0.23786006311502306	degenerated	True	pain_ligand:VEGFA
Fibrochondrocyte_chondroid	Fibroblast_like	SEMA3C	NRP2_PLXNA1	0.1941088	0.99	0.033996448	-0.04434838174355257	0.05679767467043481	0.009801125	0.39803353	1.0	0.2394088764111617	degenerated	True	pain_receptor:NRP2
AF_inner	NP_notochordal	VEGFA	CD44	1.1548494	0.0	1.0070406	0.1560602292102573	0.26156727880966335	0.005897657	0.7825505	0.7192672338918781	0.23953112057628445	degenerated	True	pain_ligand:VEGFA
NP_notochordal	Fibroblast_like	GRN	TNFRSF1A	1.1532172	0.0	1.280266	0.4692831591982408	0.62395302643346	0.013642343	0.8022819	0.037732296449139384	0.24134700014604488	degenerated	True	pain_receptor:TNFRSF1A
NP_notochordal	NP_fibrocartilaginous	VEGFA	ITGB1	1.1934041	0.0	0.9286583	0.06384354643212642	0.13413211461797336	0.0052648815	0.7755773	1.0	0.24246734802739756	degenerated	True	pain_ligand:VEGFA
NP_stressed	NP_fibrocartilaginous	VEGFB	ADRB2	0.1851853	1.0	0.034291267	-0.26576004931693487	-0.5202917923837624	0.0025738245	0.39906842	1.0	0.2442369672859154	degenerated	True	pain_ligand:VEGFB
NP_mature_chondrocyte	Macrophage_M2	VEGFA	ITGB1	1.150902	0.43	1.3226628	0.03199789819932325	0.09548112471712156	0.0074986285	0.80485314	0.8099903457269642	0.2445035315760471	degenerated	True	pain_ligand:VEGFA
Fibrochondrocyte_fibroid	AF_outer	FGF2	FGFR2	0.18551448	1.0	0.034351766	-0.1974736946421773	-0.35833588287898566	0.0046082437	0.39927977	1.0	0.24584506849740873	degenerated	True	pain_ligand:FGF2
NP_stressed	Macrophage_M2	PDGFC	FLT1	0.18640712	0.59	0.03442244	-0.08815588261387759	-0.1733762512688322	0.0031308783	0.3995263	1.0	0.2472229565082546	degenerated	True	pain_receptor:FLT1
NP_notochordal	AF_outer	VEGFA	ITGB1	1.1853963	0.0	0.9208196	0.056220810924092035	0.12335386693540695	0.0052204416	0.7748388	1.0	0.24788956155779016	degenerated	True	pain_ligand:VEGFA
NP_mature_chondrocyte	AF_inner	ADAM10	IL6R	0.18809816	1.0	0.034547508	-0.11410892913979043	-0.4296034251437179	0.0020193683	0.3999614	1.0	0.24974787496842998	degenerated	True	pain_receptor:IL6R
Fibrochondrocyte_stressed	NP_stressed	VEGFA	ITGB1	1.1456773	0.29	1.2817383	0.02857015817747985	-0.06229433949723373	0.007266613	0.80237305	0.6703697186411552	0.25029983761612307	degenerated	True	pain_ligand:VEGFA
NP_fibrocartilaginous	Fibrochondrocyte_fibroid	PTGS2	CAV1	1.3285052	0.0	0.9173482	0.28390816525910767	-0.14083685818064995	0.0066661	0.77450913	0.9790535455235914	0.250584025450437	degenerated	True	pain_ligand:PTGS2
Fibroblast_like	unassigned	GRN	TNFRSF1A	1.1455499	0.0	1.0330224	0.433690016739218	0.8780527836771944	0.011007748	0.78471005	0.11147940730902743	0.2506550935802558	degenerated	True	pain_receptor:TNFRSF1A
AF_outer	Fibroblast_like	FGF2	CD44	1.1449263	0.0	0.93875146	0.211575835879636	-0.02179861929118565	0.009859539	0.77651674	0.5398457722657282	0.25115284676158456	degenerated	True	pain_ligand:FGF2
NP_mature_chondrocyte	EP_hyaline	PIGF	FLT1	0.19060111	0.9	0.034575146	-0.02594865096477037	-0.019742192192659935	0.004410314	0.40005738	1.0	0.25135384717564574	degenerated	True	pain_receptor:FLT1
Fibrochondrocyte_stressed	Macrophage_M2	GRN	TNFRSF1A	1.1429427	0.02	1.1784176	0.4457879042433084	0.5436422084981376	0.01255706	0.7956248	0.30449961405007375	0.2538621485387274	degenerated	True	pain_receptor:TNFRSF1A
Fibrochondrocyte_chondroid	NP_fibrocartilaginous	SEMA3C	NRP2_PLXNA3	0.19567993	0.99	0.034797054	-0.10200205369137272	0.05474846139412093	0.0065513207	0.40082535	1.0	0.2547930949038739	degenerated	True	pain_receptor:NRP2
AF_inner	Fibroblast_like	ADAM10	IL6R	0.20077175	1.0	0.03490662	-0.09719895718187942	-0.43963711510288594	0.0020403592	0.40120292	1.0	0.25731338151377725	degenerated	True	pain_receptor:IL6R
NP_mature_chondrocyte	NP_fibrocartilaginous	CXCL8	SDC1	0.20704155	1.0	0.03492107	0.03924331622119985	-0.6033869771572427	0.008231436	0.40125263	1.0	0.25754242339418776	degenerated	True	pain_ligand:CXCL8
Fibroblast_like	NP_stressed	TNFSF13B	HLA-DPB1	0.20129581	0.0	0.034921333	0.125240205628949	0.018029781941660245	0.003191825	0.40125355	1.0	0.2577714525227116	degenerated	True	pain_ligand:TNF
unassigned	NP_stressed	VEGFA	CD44	1.2135262	0.0	0.90620005	0.2164349541872961	0.470102537192844	0.0053070914	0.77343965	0.4306696357478378	0.2581647455174664	degenerated	True	pain_ligand:VEGFA
NP_stressed	Fibroblast_like	VEGFA	NRP2	1.137578	0.0	0.9434895	0.37754164587031597	0.21365425070621247	0.011583791	0.7769533	0.09062762564936303	0.26011077566372687	degenerated	True	pain_ligand:VEGFA; pain_receptor:NRP2
NP_fibrocartilaginous	Fibrochondrocyte_fibroid	SEMA3B	NRP2_PLXNA2	0.19695951	0.0	0.035133034	0.4551363754122349	0.354274191530907	0.047754373	0.4019798	0.021544027869666225	0.26097650579581716	degenerated	True	pain_receptor:NRP2
NP_stressed	NP_mature_chondrocyte	VEGFA	ITGAV	1.1369231	0.0	0.9412239	0.48449550145721254	0.5311342990132585	0.017892554	0.7767449	0.015267623538825359	0.2610499136245519	degenerated	True	pain_ligand:VEGFA
Macrophage_M2	Fibrochondrocyte_fibroid	VEGFA	ITGB1	1.1382283	0.39	0.89979386	0.011565591701062194	-0.022607159659886356	0.0051012393	0.77281743	1.0	0.2618457191130648	degenerated	True	pain_ligand:VEGFA
AF_inner	Fibroblast_like	VEGFA	NRP2	1.1359193	0.0	0.94167995	0.375922060188528	0.24558703509790736	0.011561574	0.77678686	0.0893220266556148	0.26242506387701825	degenerated	True	pain_ligand:VEGFA; pain_receptor:NRP2
NP_mature_chondrocyte	Fibrochondrocyte_chondroid	ADAM17	IL6R	0.18852374	0.98	0.03530621	-0.07839551894400498	-0.14403958104059134	0.002630624	0.40257093	1.0	0.26326429542798613	degenerated	True	pain_receptor:IL6R
AF_inner	NP_mature_chondrocyte	VEGFA	ITGAV	1.1352644	0.0	0.93941873	0.48287591577542455	0.5630670834049534	0.017858239	0.7765784	0.015267623538825359	0.2633677188656871	degenerated	True	pain_ligand:VEGFA
NP_mature_chondrocyte	NP_fibrocartilaginous	CXCL8	SDC3	0.20777552	1.0	0.03535584	-0.0038424211064933544	-0.6445333598208485	0.0023695182	0.40273985	1.0	0.2641790607674086	degenerated	True	pain_ligand:CXCL8
Macrophage_M2	Fibroblast_like	PTGS2	CAV1	1.1521568	0.25	0.8963303	0.11544759712287644	-0.2203760713793136	0.0065133693	0.77247876	1.0	0.2642390794826499	degenerated	True	pain_ligand:PTGS2
Macrophage_M2	AF_outer	TNFSF10	TNFRSF10D	0.19556567	0.66	0.035376567	-0.06746980797132007	-0.1577530640762489	0.004721533	0.40281036	1.0	0.2646363669861479	degenerated	True	pain_ligand:TNF
Macrophage_M2	Fibroblast_like	VEGFA	CD44	1.1320281	0.22	0.89348054	0.1364007761257493	-0.056128143557639176	0.0052326005	0.7721988	1.0	0.26686043720701663	degenerated	True	pain_ligand:VEGFA
Fibrochondrocyte_fibroid	Macrophage_M2	FGF2	SDC4	0.18894188	1.0	0.035678204	-0.5457249827759143	-0.9595962744951803	0.0008842395	0.40383196	1.0	0.2692065951574768	degenerated	True	pain_ligand:FGF2
Fibrochondrocyte_fibroid	AF_inner	FGF2	FGFR2	0.18909249	1.0	0.03573649	-0.1887363600185162	-0.3950552898311023	0.004794003	0.4040285	1.0	0.27034836410941576	degenerated	True	pain_ligand:FGF2
Fibrochondrocyte_chondroid	Fibrochondrocyte_chondroid	VEGFA	ITGB1	1.1284587	0.52	1.2635056	0.011042504956420618	0.465946544944843	0.0071632448	0.80123466	0.9015747250606618	0.2705923678040013	degenerated	True	pain_ligand:VEGFA
NP_notochordal	NP_mature_chondrocyte	CXCL8	SDC2	1.1279092	0.0	1.2288287	0.4109631325468689	0.451429253278806	0.012637127	0.7990094	0.057480069493980844	0.27125322521072337	degenerated	True	pain_ligand:CXCL8
Fibrochondrocyte_stressed	NP_fibrocartilaginous	TNFSF10	RIPK1	0.19096044	0.35	0.035912503	0.012367234923778643	-0.037270158568392386	0.007156029	0.40462014	0.7298750237009349	0.27331544239134703	degenerated	True	pain_ligand:TNF
NP_mature_chondrocyte	Fibroblast_like	FGF2	FGFR1	1.1232325	0.0	1.2596895	0.414409263521873	0.5243604680179871	0.024277765	0.8009937	0.015267623538825359	0.2777497539359921	degenerated	True	pain_ligand:FGF2
unassigned	NP_fibrocartilaginous	VEGFA	ITGB1	1.1791304	0.0	0.8744939	0.04990903896119003	0.41729383475862436	0.004957805	0.770304	1.0	0.2782692656196806	degenerated	True	pain_ligand:VEGFA
Fibroblast_like	AF_outer	SLIT3	ROBO1	0.19791122	0.0	0.036294542	0.39959750723136195	0.22454813704840265	0.073758245	0.40589538	0.08218022585186611	0.2787875331093266	degenerated	True	pain_receptor:ROBO1
EP_hyaline	Fibrochondrocyte_fibroid	ADAM17	IL6R	0.19354747	0.91	0.036429908	-0.06208681585788287	-0.12581511955881391	0.0027143497	0.40634432	1.0	0.28106537701912115	degenerated	True	pain_receptor:IL6R
EP_hyaline	Macrophage_M2	FGF2	CD44	1.1209943	0.19	1.1974373	0.21104430948576103	0.33215214798946113	0.012576469	0.79692346	0.5000016237861882	0.28109641670251867	degenerated	True	pain_ligand:FGF2
EP_hyaline	Fibroblast_like	PDGFA	PDGFRB	0.21625167	0.0	0.03643524	0.12835077370226428	0.19278941849726272	0.017235357	0.40636194	0.14912563465402057	0.28152079948922715	degenerated	True	pain_ligand:PDGFA
NP_notochordal	Macrophage_M2	CXCL8	SDC2	1.1201533	0.01	1.2145624	0.4029305192120993	0.30929061472288355	0.012490415	0.79807013	0.2656303402238959	0.28184236436431614	degenerated	True	pain_ligand:CXCL8
EP_hyaline	Fibrochondrocyte_chondroid	VEGFA	ITGB1	1.1200492	0.51	1.2462008	0.0028332546533856307	0.2921556733548898	0.007065139	0.8001343	0.8901256578470755	0.28214099677454646	degenerated	True	pain_ligand:VEGFA
AF_outer	AF_inner	PDGFC	FLT1	0.19367313	1.0	0.03648164	-0.08134080740372127	-0.2234537313142345	0.0033181724	0.4065155	1.0	0.2822038535309803	degenerated	True	pain_receptor:FLT1
unassigned	AF_outer	VEGFA	ITGB1	1.1711228	0.0	0.8671124	0.04228630345315565	0.40651558707605795	0.004915957	0.7695533	1.0	0.2833367082226165	degenerated	True	pain_ligand:VEGFA
Fibroblast_like	AF_inner	GRN	TNFRSF1A	1.1186266	0.0	0.94288284	0.40086931312467533	0.2618845757608068	0.010047233	0.7768976	0.1698178623490631	0.283935367136489	degenerated	True	pain_receptor:TNFRSF1A
NP_notochordal	Fibrochondrocyte_fibroid	VEGFA	ITGB1	1.128389	0.42	0.8650154	0.0019600253542272628	-0.0012466646715071361	0.0049040685	0.76933855	1.0	0.2847594000060416	degenerated	True	pain_ligand:VEGFA
NP_stressed	Fibrochondrocyte_fibroid	ADAM17	IL6R	0.19440117	0.86	0.036705557	-0.060519731736505517	-0.25234776395090625	0.0027348879	0.40725383	1.0	0.28493483141322096	degenerated	True	pain_receptor:IL6R
NP_stressed	Fibrochondrocyte_fibroid	NGF	MAGED1	0.19384436	1.0	0.036740527	-0.22719528821514254	-0.19887968564302705	0.004654446	0.40736878	1.0	0.2860721960832207	degenerated	True	pain_ligand:NGF
NP_notochordal	NP_stressed	CXCL8	SDC2	1.1169198	0.0	1.2086147	0.39958141345783005	0.28485480003205654	0.01242925	0.7976743	0.06301603697487433	0.2863352116335246	degenerated	True	pain_ligand:CXCL8
Fibrochondrocyte_chondroid	Fibrochondrocyte_stressed	VEGFA	ITGB1	1.1166625	0.6	1.2345337	-0.00018544928644242953	0.17712654037426745	0.006998994	0.7993811	0.9968380330174399	0.2867861194258176	degenerated	True	pain_ligand:VEGFA
Macrophage_M2	Fibroblast_like	TNFSF12	TNFRSF12A	1.1163528	0.0	0.98860806	0.5882722403247049	0.51531519389681	0.030098062	0.7809747	0.015267623538825359	0.28708685933533096	degenerated	True	pain_ligand:TNF
Fibrochondrocyte_chondroid	AF_inner	VEGFA	ITGB1	1.1142107	0.58	1.2285118	-0.002519124270510431	0.10438900791820238	0.0069648544	0.7989887	0.9707071631957837	0.28934670988506744	degenerated	True	pain_ligand:VEGFA
NP_notochordal	Fibroblast_like	VEGFA	CD44	1.1221888	0.0	0.8589461	0.12679520977891437	-0.03476764856925996	0.005030352	0.7687132	1.0	0.28972403258113044	degenerated	True	pain_ligand:VEGFA
Fibrochondrocyte_stressed	AF_outer	GRN	TNFRSF1A	1.1138718	0.0	1.0911715	0.41034911624626313	0.4326423581448726	0.011627377	0.7892998	0.08687541645335983	0.2901015991525563	degenerated	True	pain_receptor:TNFRSF1A
Fibrochondrocyte_stressed	NP_stressed	TNFSF10	TNFRSF10D	0.19341597	0.96	0.036965847	-0.07570090919592998	-0.1764805457705913	0.0049336464	0.408107	1.0	0.29107289611032433	degenerated	True	pain_ligand:TNF
Macrophage_M2	Fibroblast_like	CXCL8	SDC2	1.1126529	0.03	0.9431603	0.34457909947322607	-0.05100235166022182	0.009699349	0.77692306	0.6316124957873993	0.2915381200559771	degenerated	True	pain_ligand:CXCL8
Fibrochondrocyte_chondroid	NP_mature_chondrocyte	VEGFA	CD44	1.1119978	0.01	1.2230769	0.11515027428242997	0.2861606276587825	0.007162857	0.79863244	0.5792882893767317	0.2929775551720676	degenerated	True	pain_ligand:VEGFA
EP_hyaline	AF_inner	PTGS2	CAV1	1.1118717	0.0	1.2309111	0.05768088703951291	-0.06557342761731322	0.00894467	0.79914534	0.6810798171616493	0.29320512910434904	degenerated	True	pain_ligand:PTGS2
NP_mature_chondrocyte	Fibrochondrocyte_chondroid	VEGFA	ITGB1	1.1117644	0.6	1.2291523	-0.005254412181721846	0.2911831731882518	0.0069684857	0.79903054	0.9968380330174399	0.29343273371436146	degenerated	True	pain_ligand:VEGFA
EP_hyaline	NP_fibrocartilaginous	FGF2	CD44	1.1115088	0.0	1.1807864	0.20174135852764963	0.3188683134538115	0.012401587	0.79578805	0.06376906411105034	0.2935086180264993	degenerated	True	pain_ligand:FGF2
Fibrochondrocyte_fibroid	Fibrochondrocyte_stressed	VEGFB	ADRB2	0.1977686	1.0	0.037114218	-0.23196218651364106	-0.4482595793138984	0.0027857088	0.4085909	1.0	0.29402495014269076	degenerated	True	pain_ligand:VEGFB
NP_fibrocartilaginous	Macrophage_M2	ANGPT1	ITGA5	0.19284879	0.61	0.0371189	-0.05435837890783088	-0.12801653625077147	0.007307609	0.40860614	1.0	0.2942519279023632	degenerated	True	pain_ligand:ANGPT1
Fibrochondrocyte_fibroid	Fibrochondrocyte_fibroid	PTGS2	CAV1	1.31401	0.0	0.852145	0.27110412835416375	-0.11437634879579317	0.0061922874	0.7680057	0.8651054933412016	0.29487599593283076	degenerated	True	pain_ligand:PTGS2
Macrophage_M2	AF_outer	FGF2	SDC3	0.20112264	0.88	0.037135668	-0.13754030386959593	-0.2371317902252955	0.0037856712	0.40866074	1.0	0.2958405106929654	degenerated	True	pain_ligand:FGF2
Fibrochondrocyte_stressed	Fibrochondrocyte_chondroid	VEGFA	CD44	1.1102214	0.02	1.1880431	0.1131985793586637	0.42360607023880537	0.0069576837	0.7962854	0.6294496264571501	0.29586519055928584	degenerated	True	pain_ligand:VEGFA
Fibrochondrocyte_fibroid	AF_inner	VEGFB	ADRB2	0.19800241	1.0	0.037185796	-0.23153580839776386	-0.48502008843896094	0.0027910813	0.40882373	1.0	0.29810885822412625	degenerated	True	pain_ligand:VEGFB
EP_hyaline	Fibrochondrocyte_stressed	VEGFA	ITGB1	1.1082532	0.66	1.2176257	-0.008394699589477417	0.0033356687843142385	0.006903137	0.798273	1.0	0.29960577476599404	degenerated	True	pain_ligand:VEGFA
AF_inner	AF_inner	PTGS2	CAV1	1.1079669	0.01	1.2227988	0.05423138480172557	-0.22787572199239414	0.00888572	0.79861414	1.0	0.3000651431013729	degenerated	True	pain_ligand:PTGS2
EP_hyaline	NP_mature_chondrocyte	FGF2	SDC2	1.1069095	0.0	1.1727128	0.3039689775888368	0.6022116813914402	0.018344315	0.79523	0.015267623538825359	0.3013682137042224	degenerated	True	pain_ligand:FGF2
EP_hyaline	AF_inner	VEGFA	ITGB1	1.1058013	0.75	1.2116864	-0.010728374573545418	-0.06940186367175083	0.006869465	0.79787904	1.0	0.30275044451472766	degenerated	True	pain_ligand:VEGFA
AF_outer	NP_notochordal	TNFSF9	HLA-DPA1	0.20312116	0.0	0.03743583	0.1382074607113	0.33318397968493746	0.004785236	0.4096338	0.8370787012436443	0.302868242676153	degenerated	True	pain_ligand:TNF
Fibrochondrocyte_chondroid	Macrophage_M2	SEMA3C	NRP2_PLXNA1	0.20086306	0.92	0.037438232	-0.02335846663271854	0.09319254570843855	0.010793387	0.40964156	1.0	0.30309472564100143	degenerated	True	pain_receptor:NRP2
Fibrochondrocyte_fibroid	Fibroblast_like	FGF2	FGFR2	0.19364169	1.0	0.03749709	-0.17762732946886806	-0.41868467561037126	0.005030185	0.4098315	1.0	0.3044534508377127	degenerated	True	pain_ligand:FGF2
NP_stressed	AF_outer	VEGFA	ITGAV	1.1073588	0.0	0.83895004	0.4443467977807129	0.4195123956848159	0.01594834	0.7666126	0.015267623538825359	0.3050599260118749	degenerated	True	pain_ligand:VEGFA
AF_inner	Macrophage_M2	PIGF	FLT1	0.1939612	0.43	0.03751115	-0.017432069572648496	-0.030813336829127957	0.004784823	0.40987685	1.0	0.3051326266611253	degenerated	True	pain_receptor:FLT1
EP_hyaline	NP_mature_chondrocyte	VEGFA	CD44	1.1035885	0.0	1.2063259	0.10694102397939498	0.11236975606882926	0.0070647555	0.7975213	0.6058129799068247	0.3062173075466603	degenerated	True	pain_ligand:VEGFA
AF_inner	AF_outer	VEGFA	ITGAV	1.1057001	0.0	0.837341	0.4427272120989249	0.4514451800765108	0.015917754	0.7664408	0.015267623538825359	0.3062173075466603	degenerated	True	pain_ligand:VEGFA
NP_mature_chondrocyte	AF_inner	ADAM17	IL6R	0.19508073	1.0	0.037577484	-0.06855154697472836	-0.2945958353188614	0.0027998537	0.41009054	1.0	0.3069432460231159	degenerated	True	pain_receptor:IL6R
Fibroblast_like	NP_stressed	NGF	KIDINS220	0.1946795	1.0	0.037647836	-0.09786386087316726	-0.31592480825821334	0.005282308	0.4103168	1.0	0.30762203473629546	degenerated	True	pain_ligand:NGF
NP_stressed	AF_outer	VEGFA	NRP2	1.1059749	0.0	0.8341627	0.34092328504924735	0.2238607418844224	0.010241519	0.7661002	0.1556483152814301	0.3091574322647414	degenerated	True	pain_ligand:VEGFA; pain_receptor:NRP2
NP_stressed	NP_fibrocartilaginous	NGF	SORT1	0.19697678	0.25	0.037773885	0.0126149158492469	-0.04469059424562771	0.009188804	0.4107212	0.6269127466056522	0.3096576541403928	degenerated	True	pain_ligand:NGF
AF_inner	AF_outer	VEGFA	NRP2	1.1043162	0.0	0.83256286	0.33930369936745935	0.2557935262761173	0.010221877	0.76592827	0.15671147000401522	0.31070942927767786	degenerated	True	pain_ligand:VEGFA; pain_receptor:NRP2
NP_stressed	Macrophage_M2	PIGF	FLT1	0.19480634	0.4	0.0378567	-0.015757911042354248	-0.030838633890980183	0.004828901	0.4109863	1.0	0.3110141427802241	degenerated	True	pain_receptor:FLT1
Fibrochondrocyte_fibroid	NP_mature_chondrocyte	TNFSF10	TNFRSF11B	1.1001607	0.0	1.1338104	0.7900189898292097	1.08267100104113	0.050633434	0.79246956	0.0014173742371097818	0.31125338746961206	degenerated	True	pain_ligand:TNF
NP_mature_chondrocyte	Fibrochondrocyte_stressed	VEGFA	ITGB1	1.0999683	0.77	1.2009683	-0.016482366424584893	0.00236316861767627	0.0068087	0.79716164	1.0	0.3116421351243045	degenerated	True	pain_ligand:VEGFA
AF_inner	NP_notochordal	TNFSF9	HLA-DPA1	0.20393547	0.0	0.03786733	0.13992813178835203	0.36345606046316337	0.0048403926	0.41102028	0.8262021724921755	0.31191823595199264	degenerated	True	pain_ligand:TNF
EP_hyaline	Macrophage_M2	FGF2	SDC2	1.0991538	0.07	1.1590981	0.2959363642540672	0.46007304283551775	0.018131344	0.79427755	0.19293388281941887	0.31265388733399474	degenerated	True	pain_ligand:FGF2
Fibrochondrocyte_stressed	NP_fibrocartilaginous	GRN	TNFRSF1A	1.0990906	0.0	1.0468109	0.392330353546124	0.4221938574203229	0.011154677	0.78582793	0.10530206828106285	0.3128096465074353	degenerated	True	pain_receptor:TNFRSF1A
NP_mature_chondrocyte	AF_outer	NGF	ERBB2	0.21851861	0.0	0.037897643	0.23433861023766425	0.3708963385993466	0.041301895	0.4111171	0.036047211691823705	0.3128221264510491	degenerated	True	pain_ligand:NGF
Fibrochondrocyte_chondroid	NP_stressed	VEGFA	ITGB1	1.099047	0.68	1.1912687	-0.016952498555357187	0.10968104303370296	0.00675371	0.7965052	1.0	0.312887537907067	degenerated	True	pain_ligand:VEGFA
Macrophage_M2	NP_fibrocartilaginous	PTGS2	CAV1	1.0986087	0.32	0.84325904	0.0650619011018537	-0.06582662153977503	0.006127715	0.7670706	0.8892078716448295	0.31358895776728446	degenerated	True	pain_ligand:PTGS2
Fibrochondrocyte_stressed	Fibrochondrocyte_fibroid	GRN	TNFRSF1A	1.0983995	0.0	1.0447369	0.39148796623667953	0.5018189717767202	0.011132576	0.785661	0.10620904539940919	0.3138229347311627	degenerated	True	pain_receptor:TNFRSF1A
Fibroblast_like	Fibrochondrocyte_stressed	GRN	TNFRSF1A	1.0982535	0.0	0.87467366	0.3760337288921982	0.25995052935452156	0.009320405	0.7703223	0.23281896701130989	0.3139789300346683	degenerated	True	pain_receptor:TNFRSF1A
Macrophage_M2	NP_mature_chondrocyte	FGF2	FGFR2	0.20272285	0.92	0.037963603	-0.1987181253871127	-0.2623545819820577	0.0050927675	0.4113277	1.0	0.31485512360015955	degenerated	True	pain_ligand:FGF2
NP_mature_chondrocyte	AF_inner	VEGFA	ITGB1	1.0975165	0.8	1.1951101	-0.018816041408652895	-0.0703743638383888	0.006775489	0.79676604	1.0	0.3149156053433403	degenerated	True	pain_ligand:VEGFA
Macrophage_M2	Fibrochondrocyte_stressed	TNFSF13B	HLA-DPB1	1.0973035	0.0	0.95968556	1.9961824491259552	1.8193367988765994	0.08771568	0.7784246	4.731173557256313e-06	0.31538438888222003	degenerated	True	pain_ligand:TNF
EP_hyaline	NP_stressed	FGF2	SDC2	1.0959202	0.0	1.1534221	0.29258725849979794	0.43563722814469075	0.018042555	0.7938762	0.015267623538825359	0.3171056506335417	degenerated	True	pain_ligand:FGF2
Fibrochondrocyte_stressed	NP_mature_chondrocyte	VEGFA	NRP2	1.0953802	0.0	1.1488242	0.36590405003391036	0.548221719701872	0.01410481	0.79354924	0.03154604309040847	0.3181245098673001	degenerated	True	pain_ligand:VEGFA; pain_receptor:NRP2
NP_mature_chondrocyte	NP_mature_chondrocyte	VEGFA	CD44	1.0953035	0.0	1.1898229	0.0988533571442875	0.1113972559021913	0.0069681075	0.7964068	0.626215743723392	0.3185952221536169	degenerated	True	pain_ligand:VEGFA
NP_mature_chondrocyte	NP_fibrocartilaginous	NGF	ERBB2	0.2189867	0.0	0.038195137	0.23583273578032238	0.39898078819173244	0.041626118	0.412064	0.0353568223559965	0.32004592585365166	degenerated	True	pain_ligand:NGF
unassigned	Fibrochondrocyte_fibroid	VEGFA	ITGB1	1.1141155	0.55	0.81456304	-0.011974482116709123	0.28191505546914386	0.0046180366	0.7639632	1.0	0.32418649516188214	degenerated	True	pain_ligand:VEGFA
Fibrochondrocyte_stressed	Fibroblast_like	VEGFA	EGFR	1.0909053	0.0	1.136999	0.9405519056737962	0.8310260823284559	0.057116657	0.7927004	0.0039690004682465686	0.3245026451449456	degenerated	True	pain_ligand:VEGFA
Macrophage_M2	AF_outer	PTGS2	CAV1	1.0908475	0.32	0.8355669	0.05775774707904327	-0.06822933793594876	0.006071819	0.76625097	0.9093902752126649	0.3245817456733767	degenerated	True	pain_ligand:PTGS2
Fibrochondrocyte_chondroid	AF_inner	FGF2	SDC2	1.0907875	0.0	1.033459	0.2800908092050386	0.6277432347838304	0.016166016	0.7847457	0.018375112544813492	0.32473988282831423	degenerated	True	pain_ligand:FGF2
EP_hyaline	NP_stressed	VEGFA	ITGB1	1.0906374	0.81	1.1749533	-0.025161748858392174	-0.06410982855625025	0.0066612125	0.79538536	1.0	0.32489805105179576	degenerated	True	pain_ligand:VEGFA
NP_mature_chondrocyte	AF_inner	PTGS2	CAV1	1.0897813	0.01	1.1850185	0.038168008000121295	-0.1366018416766841	0.008611182	0.79607856	0.9621656554990475	0.3260061854279775	degenerated	True	pain_ligand:PTGS2
Fibrochondrocyte_stressed	EP_hyaline	VEGFA	CD44	1.0889173	0.0	1.1317455	0.09230547444129816	0.15786399011173935	0.006627981	0.7923196	0.7256762775856443	0.3279093179180779	degenerated	True	pain_ligand:VEGFA
NP_stressed	Fibrochondrocyte_fibroid	VEGFA	ITGAV	1.0987524	0.0	0.8091772	0.43265905564811946	0.46951145336631717	0.0153823625	0.7633646	0.01855117860598933	0.32902157440038016	degenerated	True	pain_ligand:VEGFA
unassigned	Fibroblast_like	VEGFA	CD44	1.1079152	0.0	0.80884767	0.11286070230797798	0.24839407157139104	0.004736955	0.76332784	1.0	0.32957827091981706	degenerated	True	pain_ligand:VEGFA
Macrophage_M2	NP_stressed	TNFSF10	TNFRSF10B	0.20232782	0.53	0.038745906	-0.034315858566164474	-0.03487644493170797	0.004991113	0.4137993	1.0	0.32973249872599897	degenerated	True	pain_ligand:TNF
AF_inner	Fibrochondrocyte_fibroid	VEGFA	ITGAV	1.0970937	0.0	0.8076253	0.43103946996633147	0.5014442377580121	0.015352861	0.76319116	0.018743986617823557	0.330533456954005	degenerated	True	pain_ligand:VEGFA
Fibrochondrocyte_chondroid	Fibroblast_like	SEMA3C	NRP2_PLXNA2	0.20371538	0.95	0.0388917	0.08329794064600848	0.1392522416183958	0.015712785	0.4142549	1.0	0.33198185057008467	degenerated	True	pain_receptor:NRP2
Fibrochondrocyte_fibroid	EP_hyaline	FGF2	FGFR3	0.19729227	1.0	0.038909905	-0.159297138875428	-0.26171576217138903	0.0040141167	0.41431168	1.0	0.3322067007514612	degenerated	True	pain_ligand:FGF2
Fibrochondrocyte_fibroid	Fibrochondrocyte_chondroid	FGF2	FGFR2	0.19738612	1.0	0.03894622	-0.16848356633694908	-0.14717148717789735	0.005224584	0.41442487	1.0	0.33288123749522525	degenerated	True	pain_ligand:FGF2
NP_stressed	Fibrochondrocyte_chondroid	VEGFA	ITGAV	1.0970622	0.0	0.80333036	0.4303637740745488	0.7416426777705196	0.015271215	0.762709	0.019410793117727324	0.3333258059234587	degenerated	True	pain_ligand:VEGFA
AF_inner	AF_inner	FGF2	SDC2	1.0850325	0.0	1.0163527	0.2736765556871428	0.2213258691247234	0.015898429	0.78333265	0.08479117994493837	0.333885416154226	degenerated	True	pain_ligand:FGF2
AF_inner	Fibrochondrocyte_chondroid	VEGFA	ITGAV	1.0954036	0.0	0.80178964	0.4287441883927608	0.7735754621622145	0.015241927	0.7625352	0.01976287109025646	0.33468549373023826	degenerated	True	pain_ligand:VEGFA
Macrophage_M2	NP_mature_chondrocyte	GRN	TNFRSF1A	1.1224103	0.01	0.80113804	0.39441351131892916	0.3055582380214935	0.008536819	0.76246166	0.32539126591644457	0.335005766318792	degenerated	True	pain_receptor:TNFRSF1A
Fibrochondrocyte_fibroid	NP_stressed	TNFSF10	TNFRSF11B	1.0830768	0.0	1.1056734	0.7740097113708774	0.8577918692002486	0.0493769	0.79039556	0.003120448424755469	0.3361275769055684	degenerated	True	pain_ligand:TNF
NP_stressed	EP_hyaline	PDGFC	FLT1	0.20042601	0.98	0.039143287	-0.062245764971078484	-0.07504595713915477	0.0035602613	0.41503742	1.0	0.3371505187926763	degenerated	True	pain_receptor:FLT1
NP_mature_chondrocyte	NP_stressed	VEGFA	ITGB1	1.0823526	0.88	1.1588795	-0.03324941569349965	-0.06508232872288822	0.0065700854	0.7942622	1.0	0.33717065107194205	degenerated	True	pain_ligand:VEGFA
Fibrochondrocyte_stressed	Fibrochondrocyte_fibroid	TNFSF10	TNFRSF10A	0.19856851	0.02	0.03917613	0.22026348046452013	0.16093190886938166	0.012805996	0.41513923	0.30449961405007375	0.33759965650334645	degenerated	True	pain_ligand:TNF
EP_hyaline	AF_outer	FGF2	CD44	1.0811813	0.0	1.1275494	0.1719992441565275	0.2992294185886486	0.01184245	0.7920138	0.08409688529626018	0.33869743064399216	degenerated	True	pain_ligand:FGF2
Fibrochondrocyte_stressed	Fibrochondrocyte_stressed	TNFSF13B	HLA-DPB1	1.0809066	0.0	0.90748894	1.9463923334547895	1.7519183862251162	0.08294488	0.7735642	8.134288271194844e-06	0.3391801614293346	degenerated	True	pain_ligand:TNF
NP_notochordal	Macrophage_M2	GRN	TNFRSF1A	1.0806686	0.03	1.0806085	0.3808437168477621	0.6626784994448273	0.011514819	0.78848976	0.33442439156980847	0.33934111802117983	degenerated	True	pain_receptor:TNFRSF1A
AF_outer	Macrophage_M2	ANGPT1	ITGA5	0.19875076	0.6	0.03929529	-0.04047036737587152	-0.1692172694431844	0.007736076	0.415508	1.0	0.3398445875189451	degenerated	True	pain_ligand:ANGPT1
unassigned	Macrophage_M2	PTGS2	CAV1	1.172669	0.27	0.7935934	0.09327696172856476	0.5571745257590703	0.00576681	0.7616037	1.0	0.3415978488938639	degenerated	True	pain_ligand:PTGS2
NP_mature_chondrocyte	NP_mature_chondrocyte	ADAM10	IL6R	0.20416105	1.0	0.03966288	-0.08999373910927837	-0.4293099506416726	0.0023183718	0.41663906	1.0	0.34388225166917225	degenerated	True	pain_receptor:IL6R
NP_stressed	Fibrochondrocyte_stressed	VEGFA	ITGAV	1.0932648	0.0	0.79019356	0.4252067547146322	0.504480900493735	0.015021487	0.7612137	0.021612865447582407	0.3449941615070919	degenerated	True	pain_ligand:VEGFA
NP_stressed	AF_inner	FGF2	SDC2	1.0759985	0.0	0.98949987	0.2636075468281043	0.20269218002507372	0.015478381	0.78105175	0.10041708216373356	0.3457236829474114	degenerated	True	pain_ligand:FGF2
AF_inner	Fibrochondrocyte_stressed	VEGFA	ITGAV	1.0916061	0.0	0.7886781	0.4235871690328442	0.5364136848854298	0.014992678	0.76103914	0.021863785343887963	0.3458858723032802	degenerated	True	pain_ligand:VEGFA
NP_fibrocartilaginous	Macrophage_M2	RARRES1	NRP2	0.20290849	0.86	0.04000841	-0.17798519706200783	-0.2351266033061246	0.007906822	0.41769356	1.0	0.34724385943281816	degenerated	True	pain_receptor:NRP2
EP_hyaline	Fibrochondrocyte_stressed	TNFSF9	HLA-DPA1	1.1038611	0.0	0.7824763	2.1390250621721547	1.8590165608503906	0.10002006	0.76032066	1.803176002699155e-06	0.3515002929637012	degenerated	True	pain_ligand:TNF
Macrophage_M2	Fibroblast_like	FGF2	SDC3	0.20719945	0.88	0.040279757	-0.11834375318453848	-0.2586446318584716	0.004106185	0.41851583	1.0	0.3532876160010248	degenerated	True	pain_ligand:FGF2
NP_mature_chondrocyte	NP_notochordal	TNFSF9	HLA-DPA1	0.2086101	0.0	0.040344384	0.14980562565663755	0.37699834214444344	0.0051570223	0.4187109	0.7589792383096872	0.35485300455457497	degenerated	True	pain_ligand:TNF
Fibroblast_like	AF_inner	FGF2	SDC2	1.0693012	0.0	0.9695929	0.25614332309528914	0.05791855620489916	0.015166984	0.7793091	0.28950890714640565	0.35616536691737244	degenerated	True	pain_ligand:FGF2
NP_stressed	AF_outer	VEGFA	GPC1	1.0891483	0.0	0.7759528	0.5609091750951596	0.6480800776103992	0.023662342	0.75955695	0.015267623538825359	0.35657576446530337	degenerated	True	pain_ligand:VEGFA
AF_outer	Fibroblast_like	GRN	TNFRSF1A	1.0685558	0.0	1.1227267	0.3809913869462003	0.29829943307259066	0.011963625	0.79166055	0.07576201398803882	0.3572327627144596	degenerated	True	pain_receptor:TNFRSF1A
Fibrochondrocyte_chondroid	NP_fibrocartilaginous	VEGFB	ADRB2	0.20215006	1.0	0.040522743	-0.24577224981470203	-0.31835362035948733	0.003041545	0.4192478	1.0	0.3577585301512027	degenerated	True	pain_ligand:VEGFB
Fibrochondrocyte_chondroid	NP_stressed	PTGS2	CAV1	1.068095	0.35	1.0137032	0.03012682586603713	0.003890010002516764	0.0073662833	0.78311104	0.7298750237009349	0.3579724524377399	degenerated	True	pain_ligand:PTGS2
Fibroblast_like	Macrophage_M2	SEMA3E	NRP2	0.20401996	0.97	0.04053529	-0.30078934978317956	-0.4944851078880829	0.0030544426	0.41928548	1.0	0.3579819297313803	degenerated	True	pain_receptor:NRP2
AF_inner	AF_outer	VEGFA	GPC1	1.0874896	0.0	0.77446467	0.5592895894133716	0.6800128620020942	0.02361696	0.7593816	0.015267623538825359	0.3581369001022095	degenerated	True	pain_ligand:VEGFA
NP_fibrocartilaginous	AF_outer	TNFSF9	PVR	0.20142028	0.0	0.04056579	0.16782021820516693	0.24936214681592553	0.025838615	0.41937706	0.0882530953176526	0.3584287219153803	degenerated	True	pain_ligand:TNF
Fibrochondrocyte_chondroid	Fibrochondrocyte_chondroid	VEGFA	CD44	1.0635908	0.06	1.1041869	0.06767592262582667	0.5955814527697421	0.006466586	0.7902841	0.7773506185334617	0.3643256276247217	degenerated	True	pain_ligand:VEGFA
AF_inner	Macrophage_M2	SEMA3A	NRP2	0.20476589	0.99	0.040888876	-0.36338237170216514	-0.5735865168437462	0.0015490549	0.42034322	1.0	0.3644554718010201	degenerated	True	pain_ligand:SEMA3A; pain_receptor:NRP2
Fibrochondrocyte_stressed	Macrophage_M2	PDGFC	FLT1	0.20225213	0.52	0.04090114	-0.0625251295774032	-0.11938357124052135	0.0037201457	0.42037976	1.0	0.36490153383811974	degenerated	True	pain_receptor:FLT1
Macrophage_M2	NP_stressed	GRN	TNFRSF1A	1.1123044	0.01	0.764764	0.38209420018018453	0.35188610843655865	0.0081492225	0.75822824	0.3832845561820071	0.3675602505707741	degenerated	True	pain_receptor:TNFRSF1A
NP_stressed	Fibroblast_like	VEGFA	ITGAV	1.0855815	0.0	0.7636142	0.41477265228457494	0.31251017581661844	0.014516215	0.7580902	0.034285061629085664	0.3689737478072935	degenerated	True	pain_ligand:VEGFA
AF_inner	Fibroblast_like	VEGFA	ITGAV	1.0839229	0.0	0.76214963	0.41315306660278694	0.34444296020831333	0.014488375	0.7579142	0.02714135767832205	0.37055605223176347	degenerated	True	pain_ligand:VEGFA
Macrophage_M2	Macrophage_M2	FGF2	FGFRL1	0.20889297	0.98	0.041155964	-0.48245636575620454	-0.7492729184055441	0.0011950998	0.42113662	1.0	0.37069573033939845	degenerated	True	pain_ligand:FGF2
Fibrochondrocyte_stressed	unassigned	GRN	TNFRSF1A	1.0588359	0.0	0.9260004	0.34325842819091074	0.9629206480509234	0.009867337	0.7753278	0.1833011387923547	0.37097291217402006	degenerated	True	pain_receptor:TNFRSF1A
NP_mature_chondrocyte	NP_stressed	PDGFA	PDGFRA	0.2044513	1.0	0.041201644	-0.15493598115859322	-0.2787526282610989	0.00497226	0.42127183	1.0	0.37180901478201345	degenerated	True	pain_ligand:PDGFA
Fibrochondrocyte_stressed	Fibroblast_like	VEGFA	GPC1	1.058022	0.0	1.0501026	0.6500787778491768	0.6268848064795653	0.03202242	0.786092	0.015267623538825359	0.37222455032009705	degenerated	True	pain_ligand:VEGFA
NP_mature_chondrocyte	Fibrochondrocyte_chondroid	FGF2	FGFR1	1.0578396	0.0	1.1185793	0.34117799647925057	0.9059924032823502	0.021558173	0.7913552	0.015267623538825359	0.3725585754604329	degenerated	True	pain_ligand:FGF2
EP_hyaline	AF_inner	FGF2	CD44	1.0574815	0.0	1.0859466	0.1487560998755324	0.2948012480121065	0.0114055015	0.78890043	0.113887034932857	0.3731434484894053	degenerated	True	pain_ligand:FGF2
AF_outer	Macrophage_M2	SEMA3B	NRP2_PLXNA3	0.20581451	0.85	0.041385964	-0.16057495138691358	-0.2357037528676504	0.0056288815	0.42181605	1.0	0.3744796520045471	degenerated	True	pain_receptor:NRP2
NP_mature_chondrocyte	AF_inner	NGF	SORT1	0.22407243	0.0	0.04142742	0.08829401031098777	0.13716628829355457	0.010077556	0.42193812	0.2409135590685178	0.37514701317075605	degenerated	True	pain_ligand:NGF
Fibrochondrocyte_stressed	Fibrochondrocyte_stressed	VEGFA	SIRPA	1.0558379	0.0	1.044331	0.6417974479174047	0.744094885297072	0.021740366	0.78562826	0.015267623538825359	0.3751514388327321	degenerated	True	pain_ligand:VEGFA
EP_hyaline	Fibrochondrocyte_chondroid	VEGFA	CD44	1.0551815	0.06	1.0890641	0.05946667232279168	0.42179058117978885	0.006378021	0.789139	0.8046532919042276	0.3759893363649714	degenerated	True	pain_ligand:VEGFA
unassigned	AF_outer	CXCL8	SDC1	1.5500042	0.0	0.29715547	1.2199305939782017	2.2160061283015633	0.07004414	0.66157794	0.0001199491041523613	0.37600390657860927	degenerated	True	pain_ligand:CXCL8
EP_hyaline	NP_mature_chondrocyte	VEGFA	GPC1	0.7282262	0.0	0.29704365	0.13832166390217374	0.19599187053064304	0.009058217	0.66153586	0.2591189834851559	0.3763084251563563	degenerated	True	pain_ligand:VEGFA
Macrophage_M2	NP_notochordal	GRN	TNFRSF1A	1.1102428	0.01	0.7573435	0.3795809177099523	0.5376041468077029	0.00807015	0.7573333	0.39541222475230303	0.3763246819177126	degenerated	True	pain_receptor:TNFRSF1A
Fibroblast_like	Macrophage_M2	ANGPT1	ITGA5	0.20466983	0.55	0.041477982	-0.026542303188545543	-0.22001102219840302	0.008165783	0.4220869	1.0	0.3767037698583161	degenerated	True	pain_ligand:ANGPT1
NP_mature_chondrocyte	NP_mature_chondrocyte	TNFSF11	TNFRSF11B	0.7961998	0.0	0.2968084	0.35755346069213734	0.7062498981690426	0.035091523	0.6614471	0.015267623538825359	0.3771621133229763	degenerated	True	pain_ligand:TNF
AF_outer	EP_hyaline	ANGPT1	ITGB1	0.80267483	0.01	0.29671615	0.09659417114112936	0.1476621271557698	0.021550097	0.6614123	0.2656303402238959	0.3774673915338893	degenerated	True	pain_ligand:ANGPT1
EP_hyaline	Macrophage_M2	TNFSF9	HLA-DPA1	1.073278	0.0	0.755347	2.070422684685549	1.885861801613578	0.09655225	0.7570907	2.330459295350862e-06	0.3776673271484893	degenerated	True	pain_ligand:TNF
NP_mature_chondrocyte	AF_inner	FGF2	FGFR3	0.6780362	0.0	0.29900852	0.4288204072119406	0.642795320547094	0.030847035	0.6622735	0.015267623538825359	0.37844506488022134	degenerated	True	pain_ligand:FGF2
NP_mature_chondrocyte	NP_mature_chondrocyte	VEGFA	SIRPA	0.7211522	0.0	0.2958731	0.14124401025142377	0.17579871132074082	0.0061593405	0.66109365	0.8207238535916799	0.3799761582281761	degenerated	True	pain_ligand:VEGFA
NP_mature_chondrocyte	Fibrochondrocyte_chondroid	PDGFA	PDGFRA	0.20585664	1.0	0.041707523	-0.1531853421637617	-0.11561013635131753	0.00503331	0.42276016	1.0	0.380259794247416	degenerated	True	pain_ligand:PDGFA
NP_mature_chondrocyte	Macrophage_M2	VEGFA	GPC1	0.7228074	0.15	0.29982793	0.13501195213891073	0.3731766288020437	0.009143122	0.6625795	0.5192085785167423	0.38034427740375987	degenerated	True	pain_ligand:VEGFA
Macrophage_M2	NP_fibrocartilaginous	TNFSF10	RIPK1	0.20828417	0.3	0.04171374	0.04384627840061901	0.08928461146061978	0.008312001	0.4227783	0.6794968525083266	0.38048192369246225	degenerated	True	pain_ligand:TNF
EP_hyaline	NP_mature_chondrocyte	VEGFA	SIRPA	0.72943705	0.0	0.2999769	0.14933167708653125	0.1767712114873788	0.006244771	0.662635	0.8168599629526458	0.3808353823737701	degenerated	True	pain_ligand:VEGFA
NP_notochordal	AF_outer	GRN	TNFRSF1A	1.0515976	0.0	1.0006038	0.34540492885071683	0.5516786490915623	0.0106623005	0.7820045	0.12896449948250838	0.38086361327222884	degenerated	True	pain_receptor:TNFRSF1A
Fibrochondrocyte_stressed	NP_mature_chondrocyte	TNFSF10	TNFRSF11B	0.7956549	0.0	0.29530782	0.23669941316847076	0.46542647027573736	0.013187787	0.6608794	0.04579193673774661	0.38132690990891216	degenerated	True	pain_ligand:TNF
AF_outer	NP_stressed	SEMA3E	NRP2	0.7558162	0.0	0.30053866	0.35858262436425425	0.3831321531923179	0.022646394	0.6628441	0.015970615329502	0.3821881683487338	degenerated	True	pain_receptor:NRP2
Fibrochondrocyte_chondroid	Fibrochondrocyte_chondroid	ADAM10	IL6R	0.20450473	0.93	0.04182176	-0.08643588500546967	0.01831392984597563	0.0024445625	0.42309391	1.0	0.38248067675780684	degenerated	True	pain_receptor:IL6R
Fibroblast_like	Fibrochondrocyte_chondroid	VEGFA	ITGB1	0.66075313	1.0	0.30106813	-0.44555202717998976	-0.7073917523137719	0.0017068582	0.6630408	1.0	0.383667646193076	degenerated	True	pain_ligand:VEGFA
Fibrochondrocyte_chondroid	NP_mature_chondrocyte	VEGFA	GPC1	0.73663557	0.0	0.3011684	0.14653091420520872	0.36978274212059625	0.009183999	0.663078	0.24653291634237162	0.38379116481828396	degenerated	True	pain_ligand:VEGFA
NP_fibrocartilaginous	Fibrochondrocyte_chondroid	GRN	TNFRSF1A	0.68334925	0.96	0.30164236	-0.07830642603302872	-0.1089902474116633	0.0032142606	0.6632536	1.0	0.3848415296570312	degenerated	True	pain_receptor:TNFRSF1A
NP_stressed	AF_inner	TNFSF11	TNFRSF11B	0.74960315	0.0	0.29394427	0.32676588673228457	0.3325525720712001	0.034752898	0.6603606	0.02745956241731624	0.3849653000884663	degenerated	True	pain_ligand:TNF
Fibroblast_like	AF_outer	NGF	SORCS2	0.20500076	0.0	0.04199438	0.24999881911548855	0.19404442710430073	0.042842597	0.4235967	0.10818464178919	0.38514404791918033	degenerated	True	pain_ligand:NGF
Macrophage_M2	Fibroblast_like	FGF2	FGFR1	0.7131098	0.56	0.30203336	-0.04269567018984968	-0.2403757937737384	0.005821034	0.66339827	1.0	0.38564617025306075	degenerated	True	pain_ligand:FGF2
Fibrochondrocyte_stressed	EP_hyaline	VEGFA	NRP2	1.0487591	0.0	1.0256248	0.311884316494324	0.533043342609828	0.012592215	0.7841023	0.05861874625697651	0.3856776722099515	degenerated	True	pain_ligand:VEGFA; pain_receptor:NRP2
Fibrochondrocyte_chondroid	NP_mature_chondrocyte	VEGFA	NRP2	1.0487497	0.0	1.0677361	0.3203813933010733	0.7201971022328086	0.013109243	0.78748876	0.04727718811872962	0.3857623348078684	degenerated	True	pain_ligand:VEGFA; pain_receptor:NRP2
NP_stressed	Fibrochondrocyte_fibroid	PIGF	FLT1	0.8845258	0.0	0.29329136	1.2590019000296715	1.0987827839330793	0.03741147	0.6601111	0.002045516352772442	0.3865759102506836	degenerated	True	pain_receptor:FLT1
Macrophage_M2	NP_stressed	SEMA3A	NRP2	0.75657064	0.01	0.302464	0.28692143481984594	0.39919217717445615	0.0114587005	0.66355735	0.2656303402238959	0.3866379094936298	degenerated	True	pain_ligand:SEMA3A; pain_receptor:NRP2
Fibroblast_like	NP_mature_chondrocyte	GRN	TNFRSF1A	1.0595818	0.0	0.7452004	0.3288912975711676	0.07968791295410305	0.007940756	0.755845	0.41663149901520213	0.3869484643855198	degenerated	True	pain_receptor:TNFRSF1A
NP_mature_chondrocyte	NP_mature_chondrocyte	VEGFA	GPC1	0.7199413	0.0	0.29298002	0.13023399706706626	0.19501937036400507	0.008934298	0.659992	0.27345016229503893	0.3875693792245905	degenerated	True	pain_ligand:VEGFA
AF_inner	AF_inner	TNFSF11	TNFRSF11B	0.75335276	0.0	0.30344754	0.33617526958847976	0.3231683676954936	0.035876468	0.6639196	0.030484343643196812	0.3885644115069966	degenerated	True	pain_ligand:TNF
EP_hyaline	Macrophage_M2	VEGFA	GPC1	0.7310923	0.13	0.30398658	0.1430996189740182	0.3741491289686817	0.009269938	0.6641176	0.49509893589204534	0.38968592565778687	degenerated	True	pain_ligand:VEGFA
Fibrochondrocyte_fibroid	Fibrochondrocyte_chondroid	TNFSF12	TNFRSF12A	0.6781276	0.7	0.30402404	0.006762616955067698	0.3160172333357172	0.009255979	0.66413134	1.0	0.38981073255027543	degenerated	True	pain_ligand:TNF
Fibrochondrocyte_chondroid	NP_mature_chondrocyte	VEGFA	SIRPA	0.73784643	0.0	0.30414236	0.15754092738956624	0.350562083077332	0.0063314857	0.66417474	0.7087066574246087	0.3899977863561083	degenerated	True	pain_ligand:VEGFA
NP_mature_chondrocyte	Fibrochondrocyte_chondroid	VEGFA	CD44	1.0468966	0.09	1.0741653	0.051379005487684204	0.4208180810131509	0.006290768	0.7879906	0.8325357221556223	0.3900899909848937	degenerated	True	pain_ligand:VEGFA
Fibroblast_like	Fibrochondrocyte_stressed	VEGFA	ITGB1	0.648957	1.0	0.29416472	-0.4567799814228528	-0.9962117568843475	0.0016677204	0.6604446	1.0	0.3902475599440447	degenerated	True	pain_ligand:VEGFA
Fibrochondrocyte_stressed	AF_outer	CXCL2	DPP4	1.1609691	0.0	0.7410933	1.6368935553892199	1.6953511238531616	0.14897782	0.7553347	2.3178914916201943e-05	0.39145155781758545	degenerated	True	pain_ligand:CXCL2
Fibrochondrocyte_fibroid	AF_inner	TNFSF10	TNFRSF11B	1.0453743	0.0	1.0435776	0.7386794317730446	0.7850690960540359	0.04660384	0.78556746	0.005769237431659363	0.39153671103304244	degenerated	True	pain_ligand:TNF
EP_hyaline	Fibrochondrocyte_fibroid	IL11	IL6R	0.21201693	0.28	0.042393424	0.03823586334093245	-0.04539790237781055	0.0060127135	0.4247517	0.932377125887458	0.3929019363689773	degenerated	True	pain_receptor:IL6R
Fibrochondrocyte_chondroid	Fibroblast_like	VEGFA	EGFR	1.0442748	0.0	1.0567456	0.8950292489409591	1.0030014648593926	0.053085163	0.78662175	0.0008774908568092299	0.39307079179713755	degenerated	True	pain_ligand:VEGFA
Fibrochondrocyte_chondroid	Macrophage_M2	VEGFA	NRP2	0.7325214	0.49	0.29106382	-0.046031089948185167	0.1270330238517463	0.0035735662	0.6592554	1.0	0.39356540327494405	degenerated	True	pain_ligand:VEGFA; pain_receptor:NRP2
AF_outer	Fibrochondrocyte_chondroid	SEMA3B	NRP2_PLXNA3	0.20883456	0.0	0.042440634	0.24372182119728444	0.46708003178395985	0.026882488	0.4248877	0.03140898590082947	0.3942303253076166	degenerated	True	pain_receptor:NRP2
AF_inner	Fibrochondrocyte_fibroid	PIGF	FLT1	0.88368064	0.0	0.29061422	1.2573277414993773	1.0988080809949314	0.03706998	0.6590817	0.002186426092818355	0.3946336574007908	degenerated	True	pain_receptor:FLT1
Fibrochondrocyte_stressed	Fibrochondrocyte_chondroid	TNFSF12	TNFRSF12A	0.679002	0.72	0.3059003	0.008458697096999687	0.3230304535775614	0.009313101	0.6648172	1.0	0.3951369843731922	degenerated	True	pain_ligand:TNF
Fibrochondrocyte_stressed	AF_inner	VEGFA	SIRPA	0.7704116	0.0	0.2900715	0.18032290330916934	0.154537810725425	0.0060385657	0.65887165	0.9222674103532211	0.39576681419795057	degenerated	True	pain_ligand:VEGFA
NP_mature_chondrocyte	AF_outer	CXCL8	SDC3	0.21986334	1.0	0.04251611	0.0343429732882926	-0.6292584794932995	0.0028493933	0.42510474	1.0	0.3957795267465456	degenerated	True	pain_ligand:CXCL8
NP_fibrocartilaginous	Fibroblast_like	PTGS2	CAV1	1.1083155	0.0	0.7377327	0.07672053278997082	-0.5183210786751887	0.0053608874	0.7549144	1.0	0.39580380728731995	degenerated	True	pain_ligand:PTGS2
Fibroblast_like	AF_inner	VEGFA	ITGB1	0.6465051	1.0	0.29272982	-0.4591136564069208	-1.0689492893404124	0.0016595856	0.65989614	1.0	0.396208079151975	degenerated	True	pain_ligand:VEGFA
Fibrochondrocyte_chondroid	EP_hyaline	VEGFA	CD44	1.0422868	0.14	1.051863	0.04678281770846113	0.32983937264267604	0.006160155	0.78623277	0.8761253679764475	0.39640263785824364	degenerated	True	pain_ligand:VEGFA
Macrophage_M2	Macrophage_M2	FGF2	GPC4	0.21153721	0.85	0.042524077	0.03654260139105717	-0.15305972198272616	0.018078733	0.42512769	1.0	0.396443303997175	degenerated	True	pain_ligand:FGF2
Fibrochondrocyte_stressed	Fibrochondrocyte_fibroid	VEGFA	ITGA9	0.77031165	0.0	0.2898074	0.8251828668901172	0.5994394689829097	0.04930489	0.6587693	0.015267623538825359	0.39671274365953313	degenerated	True	pain_ligand:VEGFA
NP_mature_chondrocyte	NP_stressed	TNFSF11	TNFRSF11B	0.779116	0.0	0.28944272	0.3415441822338049	0.4813707663281612	0.034220684	0.65862775	0.015267623538825359	0.3975338417446676	degenerated	True	pain_ligand:TNF
NP_fibrocartilaginous	Fibroblast_like	TNFSF9	PVR	0.20652275	0.0	0.042642538	0.18106034602307175	0.12032698219854812	0.027161414	0.42546764	0.2023705064424033	0.39887611778131293	degenerated	True	pain_ligand:TNF
EP_hyaline	NP_mature_chondrocyte	VEGFA	NRP2	1.0403403	0.0	1.0531127	0.3121721429980383	0.5464062306428554	0.012929701	0.7863326	0.050599923938100526	0.3990587426167647	degenerated	True	pain_ligand:VEGFA; pain_receptor:NRP2
AF_inner	EP_hyaline	PIGF	FLT1	0.2079801	0.38	0.0426556	0.00847804807015061	0.06751695730054946	0.005441035	0.42550507	1.0	0.39953933824128224	degenerated	True	pain_receptor:FLT1
NP_mature_chondrocyte	Macrophage_M2	PDGFA	PDGFRA	0.20850056	0.83	0.04265925	-0.14989183785344268	-0.18239032335742475	0.0051481654	0.42551553	1.0	0.39976040699201587	degenerated	True	pain_ligand:PDGFA
Fibrochondrocyte_chondroid	Macrophage_M2	VEGFA	GPC1	0.73950166	0.12	0.30820772	0.1513088692770532	0.5479400005586349	0.00939866	0.66565394	0.4835940471873938	0.4005751545785781	degenerated	True	pain_ligand:VEGFA
Fibroblast_like	NP_mature_chondrocyte	VEGFA	CD44	0.64429224	1.0	0.2914348	-0.3414442578539804	-0.8871776695998325	0.0017067656	0.65939844	1.0	0.40108366011372193	degenerated	True	pain_ligand:VEGFA
Fibrochondrocyte_stressed	NP_stressed	TNFSF10	TNFRSF11B	0.778571	0.0	0.2879794	0.22069013471013837	0.24054733843485598	0.012860515	0.65805775	0.07041418122142376	0.4026751792754914	degenerated	True	pain_ligand:TNF
NP_mature_chondrocyte	NP_fibrocartilaginous	CXCL8	SDC2	0.6432847	1.0	0.29333144	-0.04815772069019328	-0.7141184987605724	0.0030165857	0.66012645	1.0	0.4035043404162898	degenerated	True	pain_ligand:CXCL8
Fibrochondrocyte_fibroid	AF_inner	FGF2	SDC2	0.8398575	0.31	0.2875901	0.0004150743342555274	-0.1937942686672514	0.004498665	0.6579055	1.0	0.4035043404162898	degenerated	True	pain_ligand:FGF2
NP_fibrocartilaginous	Fibrochondrocyte_fibroid	ADAM17	IL6R	0.21340682	0.71	0.0428422	-0.025634274537810878	-0.20040452369344458	0.0031921216	0.42603868	1.0	0.40351638502254694	degenerated	True	pain_receptor:IL6R
NP_mature_chondrocyte	NP_mature_chondrocyte	FGF2	CD44	1.0374558	0.0	1.0745937	0.14258468313743525	0.2596035214083765	0.011286265	0.78802395	0.12400537820791523	0.4044778079216449	degenerated	True	pain_ligand:FGF2
Macrophage_M2	NP_stressed	TNFSF10	TNFRSF10D	0.21073969	0.59	0.04293724	-0.04422186571908961	-0.04992577574157914	0.0057306183	0.42630962	1.0	0.40506190336262926	degenerated	True	pain_ligand:TNF
EP_hyaline	Macrophage_M2	VEGFA	NRP2	0.72411203	0.51	0.2870775	-0.054240340251220154	-0.046757847738206904	0.0035246236	0.6577047	1.0	0.40535829231875564	degenerated	True	pain_ligand:VEGFA; pain_receptor:NRP2
NP_stressed	AF_inner	VEGFA	GPC1	0.94782335	0.0	0.28705686	0.32531676341176985	0.2569318894248105	0.008753674	0.65769666	0.2957754238393746	0.405422425075219	degenerated	True	pain_ligand:VEGFA
NP_notochordal	NP_fibrocartilaginous	GRN	TNFRSF1A	1.0368165	0.0	0.9599251	0.3273861661505777	0.5412301483670126	0.010228834	0.77844614	0.15640715751166992	0.4057721691496032	degenerated	True	pain_receptor:TNFRSF1A
NP_notochordal	Fibrochondrocyte_fibroid	GRN	TNFRSF1A	1.0361254	0.0	0.9580232	0.3265437788411332	0.6208552627234099	0.010208568	0.7782751	0.15755061924038363	0.4064631682159467	degenerated	True	pain_receptor:TNFRSF1A
EP_hyaline	Fibroblast_like	VEGFA	EGFR	1.0358654	0.0	1.0422727	0.8868199986379242	0.8292105932694394	0.05235812	0.78546214	0.003998787357899851	0.4068088612258234	degenerated	True	pain_ligand:VEGFA
AF_inner	AF_inner	VEGFA	GPC1	0.94616467	0.0	0.28650633	0.32369717772998186	0.2888646738165054	0.008736885	0.65748054	0.29835833144138313	0.4068327921052352	degenerated	True	pain_ligand:VEGFA
NP_mature_chondrocyte	Fibrochondrocyte_chondroid	FGF2	FGFR3	0.67222106	0.0	0.28646007	0.4143408568658633	0.7751198702330238	0.02955248	0.65746236	0.015267623538825359	0.4068969386749822	degenerated	True	pain_ligand:FGF2
EP_hyaline	Macrophage_M2	SEMA3E	NRP2	0.20919272	0.97	0.042987354	-0.29158589236503785	-0.37116219324107097	0.0032392123	0.42645228	1.0	0.4070481013830343	degenerated	True	pain_receptor:NRP2
NP_stressed	EP_hyaline	PTGS2	CAV1	1.0357575	0.52	0.9374897	-0.020235069788123783	-0.20738939084571562	0.006812462	0.7764	1.0	0.4070681694132935	degenerated	True	pain_ligand:PTGS2
AF_inner	Macrophage_M2	SEMA3E	NRP2	0.20923054	0.97	0.043005288	-0.2915185497420042	-0.41145855949370813	0.0032405637	0.4265033	1.0	0.4081510999056859	degenerated	True	pain_receptor:NRP2
AF_outer	Fibroblast_like	VEGFA	ITGB1	1.2103142	0.0	0.72559196	0.07824297573313163	-0.40492671028679295	0.004113629	0.7533761	1.0	0.40827920977102705	degenerated	True	pain_ligand:VEGFA
NP_stressed	NP_stressed	TNFSF11	TNFRSF11B	0.7873057	0.0	0.31143478	0.36209616633011726	0.4052753452174129	0.036820795	0.666812	0.015267623538825359	0.4083107213077724	degenerated	True	pain_ligand:TNF
NP_mature_chondrocyte	NP_fibrocartilaginous	FGF2	SDC2	1.0346667	0.0	1.0685748	0.23706393586364088	0.44274445229915704	0.016715322	0.78755444	0.03468868075244075	0.40879865716495023	degenerated	True	pain_ligand:FGF2
NP_stressed	EP_hyaline	PIGF	FLT1	0.20882523	0.38	0.04304854	0.010152206600444857	0.06749166023869724	0.005491158	0.42662624	1.0	0.4088127731784321	degenerated	True	pain_receptor:FLT1
EP_hyaline	AF_inner	PDGFC	FLT1	0.21399891	0.99	0.043051597	-0.04846201118799452	-0.057743795706740736	0.0039157397	0.42663494	1.0	0.4090332856375909	degenerated	True	pain_receptor:FLT1
EP_hyaline	EP_hyaline	VEGFA	CD44	1.0338774	0.04	1.0374569	0.03857356740542614	0.15604850105272283	0.006075787	0.7850716	0.9072572679206481	0.4098382652438254	degenerated	True	pain_ligand:VEGFA
NP_mature_chondrocyte	NP_mature_chondrocyte	ADAM17	IL6R	0.21114363	1.0	0.043141495	-0.04443635694421629	-0.2943023608168161	0.0032144217	0.42689008	1.0	0.41013575146989817	degenerated	True	pain_receptor:IL6R
NP_mature_chondrocyte	Fibrochondrocyte_chondroid	TNFSF10	TNFRSF11B	0.6468948	0.02	0.3127234	0.14447651076685583	0.45246361073031055	0.013965526	0.66727054	0.30449961405007375	0.4116655160428183	degenerated	True	pain_ligand:TNF
Fibrochondrocyte_stressed	Macrophage_M2	VEGFA	NRP2	0.7791519	0.34	0.31316835	-0.0005084332153481308	-0.044942358679190386	0.0038449569	0.6674284	1.0	0.41283103080804795	degenerated	True	pain_ligand:VEGFA; pain_receptor:NRP2
Fibrochondrocyte_fibroid	Fibroblast_like	PDGFA	PDGFRA	0.65670705	0.0	0.28461328	0.45055724244324574	0.39980112497544923	0.034347445	0.6567337	0.015267623538825359	0.4128958063290399	degenerated	True	pain_ligand:PDGFA
Fibroblast_like	EP_hyaline	ANGPT1	ITGB1	0.80859387	0.0	0.31319752	0.11052223532845534	0.09686837440055118	0.022747114	0.6674387	0.24302266060339925	0.41296058862544105	degenerated	True	pain_ligand:ANGPT1
NP_mature_chondrocyte	NP_mature_chondrocyte	VEGFA	NRP2	1.0320554	0.0	1.0387057	0.3040844761629309	0.5454337304762175	0.012752819	0.7851731	0.05452465379249155	0.4132240218445165	degenerated	True	pain_ligand:VEGFA; pain_receptor:NRP2
Fibrochondrocyte_stressed	AF_inner	GRN	TNFRSF1A	1.0319126	0.0	0.8451994	0.3104377245763681	0.34675244013453577	0.009006332	0.76727587	0.2647708054377346	0.41339797636131737	degenerated	True	pain_receptor:TNFRSF1A
Fibrochondrocyte_chondroid	Macrophage_M2	FGF2	CD44	1.029826	0.33	0.94867796	0.10943212695111677	0.4321004646259744	0.009963795	0.7774281	0.708390852304972	0.41557431647700566	degenerated	True	pain_ligand:FGF2
Fibroblast_like	Fibrochondrocyte_fibroid	PDGFC	FLT1	1.0297678	0.0	0.7533826	1.4351325062441553	1.2221453658247077	0.06852359	0.7568512	0.00016799560599100528	0.41566145529500287	degenerated	True	pain_receptor:FLT1
Fibrochondrocyte_stressed	NP_fibrocartilaginous	CXCL8	SDC1	1.3921196	0.0	0.31437686	1.103851709085143	1.1102658574851623	0.07410348	0.6678557	0.0003771199140289803	0.41594977275559336	degenerated	True	pain_ligand:CXCL8
NP_mature_chondrocyte	Fibrochondrocyte_chondroid	CXCL8	SDC2	0.63780427	0.98	0.2900851	-0.05383461228223035	-0.47119905754990743	0.0029832006	0.6588769	1.0	0.41660152337191825	degenerated	True	pain_ligand:CXCL8
NP_mature_chondrocyte	Macrophage_M2	VEGFA	NRP2	0.71582717	0.57	0.28315017	-0.06232800708632763	-0.04773034790484487	0.0034764055	0.6561525	1.0	0.41679719562071205	degenerated	True	pain_ligand:VEGFA; pain_receptor:NRP2
NP_mature_chondrocyte	Fibrochondrocyte_chondroid	FGF2	SDC2	1.0291862	0.0	1.0567487	0.2313870442716038	0.685663893509822	0.016530331	0.786622	0.0380209790226769	0.41688218062325805	degenerated	True	pain_ligand:FGF2
AF_inner	Fibrochondrocyte_fibroid	ADAM17	IL6R	0.21534303	0.68	0.043467373	-0.0220802822929229	-0.19728008291440463	0.003238703	0.42781088	1.0	0.41718397028010856	degenerated	True	pain_receptor:IL6R
Fibrochondrocyte_stressed	unassigned	VEGFA	CD44	1.0286928	0.15	0.97259814	0.03324228992443168	0.39848824227668955	0.005695947	0.7795751	1.0	0.41792966090761197	degenerated	True	pain_ligand:VEGFA
NP_mature_chondrocyte	AF_outer	TNFSF10	RIPK1	0.22849584	0.0	0.043522708	0.07722438892213743	0.09750331179845681	0.00867246	0.42796662	0.3074057072299764	0.418284122637026	degenerated	True	pain_ligand:TNF
NP_mature_chondrocyte	NP_mature_chondrocyte	FGF2	FGFR1	1.0282598	0.0	1.0547496	0.3080526970760734	0.5910200383050171	0.020327996	0.786463	0.015267623538825359	0.41871590613701615	degenerated	True	pain_ligand:FGF2
Macrophage_M2	AF_inner	TNFSF10	TNFRSF11B	0.7581922	0.02	0.3157132	0.21683889858914604	0.29437933531765537	0.014099046	0.66832596	0.30449961405007375	0.41875700030152246	degenerated	True	pain_ligand:TNF
AF_outer	Fibrochondrocyte_stressed	VEGFA	CD44	1.1935282	0.0	0.71382475	0.1970693978430131	-0.11821976294635117	0.0041804602	0.75185406	1.0	0.42024630991715484	degenerated	True	pain_ligand:VEGFA
NP_mature_chondrocyte	Fibroblast_like	ADAM10	IL6R	0.21675198	1.0	0.043672565	-0.07109100628867711	-0.440416856605118	0.0025527456	0.42838737	1.0	0.4202635670858651	degenerated	True	pain_receptor:IL6R
AF_inner	Fibrochondrocyte_chondroid	VEGFA	SIRPA	0.9548431	0.0	0.3164707	0.3487720483074466	0.4835860882357387	0.0065881317	0.66859156	0.19989623255458613	0.4203293467499457	degenerated	True	pain_ligand:VEGFA
Fibrochondrocyte_fibroid	Fibrochondrocyte_chondroid	GRN	TNFRSF1A	0.64765817	0.94	0.2818874	-0.11552718429072781	-0.17305102022185104	0.0030037547	0.6556481	1.0	0.42039490424709725	degenerated	True	pain_receptor:TNFRSF1A
NP_mature_chondrocyte	Fibroblast_like	VEGFA	EGFR	1.0275805	0.0	1.0280141	0.8787323318028166	0.8282380931028014	0.051641844	0.7842992	0.004018726384767161	0.4206401922423417	degenerated	True	pain_ligand:VEGFA
Fibrochondrocyte_stressed	NP_stressed	VEGFA	ITGAV	0.76728594	0.0	0.28181165	0.06047929495485552	0.020985343033407988	0.005357206	0.6556178	1.0	0.4206573471873375	degenerated	True	pain_ligand:VEGFA
NP_stressed	AF_inner	NGF	KIDINS220	0.21495938	1.0	0.043706205	-0.08640009124729899	-0.2109910391933188	0.0061323475	0.42848167	1.0	0.42070330955164487	degenerated	True	pain_ligand:NGF
Fibrochondrocyte_stressed	Fibrochondrocyte_fibroid	PDGFC	FLT1	0.8919716	0.0	0.31687784	1.2122346814946225	1.010237846583538	0.02882149	0.66873395	0.009758050459509523	0.42131400481498504	degenerated	True	pain_receptor:FLT1
NP_stressed	Fibrochondrocyte_chondroid	VEGFA	SIRPA	0.9565018	0.0	0.31707883	0.3503916339892346	0.4516533038440438	0.006600791	0.66880417	0.19989623255458613	0.42177405702488446	degenerated	True	pain_ligand:VEGFA
Fibrochondrocyte_stressed	AF_outer	TNFSF10	TNFRSF10B	0.20922613	0.78	0.043747924	-0.026292760979178712	-0.16142295652906913	0.005635456	0.42859846	1.0	0.421802431927489	degenerated	True	pain_ligand:TNF
Fibroblast_like	NP_stressed	GRN	TNFRSF1A	1.0494759	0.0	0.7113661	0.31657198643242296	0.1260157833691682	0.0075802216	0.7515321	0.48766030369549346	0.4231819565823928	degenerated	True	pain_receptor:TNFRSF1A
NP_fibrocartilaginous	NP_stressed	PDGFA	PDGFRA	0.21008073	1.0	0.04377902	-0.14286582176979462	-0.27151757244094765	0.0052833008	0.42868552	1.0	0.42334068467144026	degenerated	True	pain_ligand:PDGFA
NP_fibrocartilaginous	EP_hyaline	ANGPT1	ITGB1	0.79677284	0.02	0.28028238	0.08270615960917001	0.18886286034818273	0.020356532	0.65500325	0.30449961405007375	0.4240793422045409	degenerated	True	pain_ligand:ANGPT1
NP_fibrocartilaginous	EP_hyaline	VEGFA	ITGB1	1.0258121	1.0	0.9180313	-0.09360045942887864	-0.2262175331154168	0.0052046333	0.7745741	1.0	0.4241475748476071	degenerated	True	pain_ligand:VEGFA
NP_mature_chondrocyte	EP_hyaline	VEGFA	CD44	1.0255924	0.0	1.023264	0.030485900570318664	0.15507600088608486	0.005992668	0.7839072	0.9389199706372595	0.42458679565153246	degenerated	True	pain_ligand:VEGFA
Fibrochondrocyte_stressed	NP_fibrocartilaginous	CXCL8	SDC3	1.3928536	0.0	0.3182909	1.0607659717574496	1.0691194748215564	0.021331582	0.6692266	0.015267623538825359	0.4254663911123121	degenerated	True	pain_ligand:CXCL8
AF_inner	Macrophage_M2	VEGFA	ITGAV	0.9553743	0.0	0.31830472	0.23858100356247958	0.17192935912393686	0.006050935	0.6692314	0.8401800206409238	0.4255326275557731	degenerated	True	pain_ligand:VEGFA
NP_fibrocartilaginous	Fibrochondrocyte_stressed	TNFSF9	TNFRSF9	0.20962629	0.0	0.043905705	0.5091860868813666	0.40427755432630286	0.05745377	0.4290394	0.015267623538825359	0.42641538462347367	degenerated	True	pain_ligand:TNF
NP_stressed	Macrophage_M2	VEGFA	ITGAV	0.957033	0.0	0.31891638	0.24020058924426757	0.13999657473224197	0.006062562	0.66944385	0.912810907220434	0.4265915920296246	degenerated	True	pain_ligand:VEGFA
NP_fibrocartilaginous	AF_inner	FGF2	SDC2	1.0245807	0.0	0.83666474	0.2062995141819935	0.08594684527784624	0.013087637	0.7663685	0.2630824906812496	0.426961458794952	degenerated	True	pain_ligand:FGF2
NP_stressed	NP_mature_chondrocyte	TNFSF11	TNFRSF11B	0.80438954	0.0	0.3193601	0.37810544478844965	0.6301544770582943	0.037757803	0.6695977	0.015267623538825359	0.4278514290447326	degenerated	True	pain_ligand:TNF
AF_inner	Macrophage_M2	FGF2	CD44	1.024071	0.32	0.9329749	0.10301787343322094	0.02568309896686738	0.009798869	0.7759808	0.697357227608996	0.4279303463473597	degenerated	True	pain_ligand:FGF2
NP_notochordal	AF_inner	PTGS2	CAV1	0.6535231	1.0	0.2786964	-0.34719787129617785	-0.7612684147286115	0.0020252047	0.65436184	1.0	0.4282498487073369	degenerated	True	pain_ligand:PTGS2
NP_mature_chondrocyte	NP_fibrocartilaginous	VEGFA	EGFR	0.7311215	0.0	0.31969252	0.2625324547286033	0.4312036818134648	0.016059617	0.6697127	0.02385771918126878	0.4287813618087306	degenerated	True	pain_ligand:VEGFA
Macrophage_M2	AF_inner	FGF2	CD44	0.7479781	0.86	0.3200739	-0.1962029185533238	-0.2814235032952721	0.0033616791	0.6698446	1.0	0.4297126410666496	degenerated	True	pain_ligand:FGF2
EP_hyaline	Fibroblast_like	FGF2	FGFR1	1.0226132	0.0	1.0247386	0.3022633482390065	0.3358489575336402	0.019749599	0.7840291	0.026422990742149426	0.43048869917812627	degenerated	True	pain_ligand:FGF2
Fibroblast_like	NP_fibrocartilaginous	SLIT3	ROBO1	0.2135667	0.0	0.044169996	0.43850097823627754	0.3172650174262005	0.089762844	0.4297746	0.03257660060644202	0.431461350550673	degenerated	True	pain_receptor:ROBO1
Fibroblast_like	NP_notochordal	GRN	TNFRSF1A	1.0474143	0.0	0.7044637	0.3140587039621907	0.3117338217403124	0.0075066704	0.75062066	0.35028883883012385	0.43163745604976733	degenerated	True	pain_receptor:TNFRSF1A
Fibroblast_like	NP_stressed	VEGFA	ITGB1	0.63134134	1.0	0.28385553	-0.47354703069176757	-1.0636572542249119	0.0016092742	0.6564331	1.0	0.4319132167014792	degenerated	True	pain_ligand:VEGFA
AF_inner	NP_stressed	TNFSF11	TNFRSF11B	0.7910553	0.0	0.32150355	0.37150554918631246	0.3958911408417064	0.03801122	0.6703372	0.015267623538825359	0.4335850791018485	degenerated	True	pain_ligand:TNF
NP_fibrocartilaginous	Fibrochondrocyte_chondroid	PDGFA	PDGFRA	0.21148607	1.0	0.044316545	-0.1411151827749631	-0.10837508053116626	0.0053481697	0.43018055	1.0	0.4340913857917303	degenerated	True	pain_ligand:PDGFA
Fibrochondrocyte_chondroid	NP_fibrocartilaginous	FGF2	CD44	1.0203404	0.0	0.9354861	0.10012917599300535	0.41881663009032477	0.009825243	0.77621424	0.21046690820429967	0.434558684119996	degenerated	True	pain_ligand:FGF2
Macrophage_M2	Fibrochondrocyte_fibroid	PDGFC	FLT1	1.0196484	0.0	0.7213271	1.4187636913308468	1.3969260704562723	0.065608	0.752828	5.219582293866523e-05	0.43535667198190214	degenerated	True	pain_receptor:FLT1
Fibrochondrocyte_stressed	EP_hyaline	PTGS2	CAV1	1.0185182	0.59	0.91446066	-0.03546362331187336	-0.03588839450981318	0.0066451165	0.77423376	0.9844045252281257	0.43659905915978264	degenerated	True	pain_ligand:PTGS2
Fibrochondrocyte_chondroid	AF_inner	ADAM10	IL6R	0.21106172	0.94	0.04451218	-0.07659191303619305	-0.13224232443229444	0.0026018228	0.43072045	1.0	0.4369385815860703	degenerated	True	pain_receptor:IL6R
Macrophage_M2	AF_outer	TNFSF12	TNFRSF12A	1.017936	0.0	0.8687808	0.49328562715683544	0.5974977769202966	0.026449934	0.76972365	0.015267623538825359	0.4374873114279342	degenerated	True	pain_ligand:TNF
Macrophage_M2	NP_stressed	TNFSF12	TNFRSF12A	1.0166099	0.0	0.8671662	0.49200622780439357	0.5503799514517042	0.02640078	0.7695588	0.015267623538825359	0.43971094707118696	degenerated	True	pain_ligand:TNF
Fibroblast_like	Macrophage_M2	VEGFA	ITGB1	0.69989073	0.98	0.32397252	-0.40829971679894467	-0.9030938007849022	0.0018367112	0.671182	1.0	0.43977526372376263	degenerated	True	pain_ligand:VEGFA
Fibrochondrocyte_stressed	NP_mature_chondrocyte	VEGFA	GPC1	0.78326607	0.0	0.3240403	0.19205357093804576	0.19780735958965956	0.009881468	0.67120504	0.18210525954420012	0.4398428278373762	degenerated	True	pain_ligand:VEGFA
EP_hyaline	NP_fibrocartilaginous	VEGFA	EGFR	0.73940635	0.0	0.3241267	0.2706201215637108	0.43217618198010277	0.016282363	0.6712344	0.021066758051102356	0.44031626892992526	degenerated	True	pain_ligand:VEGFA
NP_mature_chondrocyte	AF_outer	NGF	SORT1	0.22914468	0.0	0.044651132	0.09701691462078701	0.14034744378161315	0.010861751	0.43110266	0.21700035051690733	0.44065866319599617	degenerated	True	pain_ligand:NGF
Fibrochondrocyte_chondroid	NP_mature_chondrocyte	FGF2	SDC2	1.0157412	0.0	0.92908984	0.20235679505419252	0.7021599980279535	0.01453341	0.7756178	0.05669470006100693	0.44140378786627343	degenerated	True	pain_ligand:FGF2
NP_stressed	NP_mature_chondrocyte	NGF	SORT1	0.21801867	0.01	0.044715438	0.048801260148772604	0.021898802776476267	0.010877393	0.4312791	0.40938761813589586	0.4415334566195816	degenerated	True	pain_ligand:NGF
EP_hyaline	AF_outer	TNFSF9	HLA-DPA1	0.2721831	0.0	0.04472281	0.2734564353489129	0.36153016005587085	0.005716695	0.43129936	0.2425140802388198	0.44197077856943623	degenerated	True	pain_ligand:TNF
Fibrochondrocyte_stressed	NP_fibrocartilaginous	VEGFA	NRP2	1.015143	0.0	0.93679196	0.2729338266746948	0.32574067658362726	0.011501562	0.77633536	0.09161617782190712	0.4426526522907551	degenerated	True	pain_ligand:VEGFA; pain_receptor:NRP2
NP_stressed	Macrophage_M2	FGF2	CD44	1.0150371	0.33	0.908325	0.09294886457418246	0.007049409867217693	0.009539975	0.7736448	0.708390852304972	0.44300974983954206	degenerated	True	pain_ligand:FGF2
NP_mature_chondrocyte	Fibroblast_like	NGF	MAGED1	0.670879	0.0	0.32539946	0.4226558408938484	0.4661267231699616	0.041222993	0.67166674	0.015267623538825359	0.4439798888580152	degenerated	True	pain_ligand:NGF
AF_inner	NP_fibrocartilaginous	FGF2	CD44	1.0145855	0.0	0.9200014	0.09371492247510951	0.012399264431217749	0.0096626105	0.77476126	0.43344471217133407	0.44399224049288033	degenerated	True	pain_ligand:FGF2
AF_outer	Fibrochondrocyte_fibroid	SEMA3B	NRP2_PLXNA2	0.21603437	0.0	0.044954967	0.5041055138027334	0.42223866757635764	0.06110478	0.43193445	0.015267623538825359	0.44481214151835885	degenerated	True	pain_receptor:NRP2
NP_fibrocartilaginous	NP_fibrocartilaginous	PTGS2	CAV1	1.0547674	0.02	0.6940519	0.026334836768948072	-0.3637716288356502	0.005043471	0.74922436	1.0	0.445243902606537	degenerated	True	pain_ligand:PTGS2
NP_mature_chondrocyte	AF_inner	TNFSF11	TNFRSF11B	0.7414134	0.0	0.27318728	0.30621390263597226	0.40864799318194844	0.03229881	0.6521005	0.015267623538825359	0.4458193702440929	degenerated	True	pain_ligand:TNF
NP_stressed	NP_stressed	VEGFA	SIRPA	0.94373506	0.0	0.27291405	0.3297505571093583	0.25688632737907163	0.00568139	0.651987	0.5072115025097851	0.4467751501587046	degenerated	True	pain_ligand:VEGFA
Fibroblast_like	AF_inner	TNFSF13B	HLA-DPB1	0.24163802	0.0	0.045125615	0.1956196672465124	0.09472321621386728	0.004124501	0.43239936	1.0	0.4469963845822156	degenerated	True	pain_ligand:TNF
AF_outer	Fibrochondrocyte_chondroid	VEGFA	CD44	0.62483186	1.0	0.3151607	-0.3606598097297967	-0.48793679511076127	0.0018457146	0.6681318	1.0	0.44704845927909076	degenerated	True	pain_ligand:VEGFA
NP_stressed	NP_fibrocartilaginous	VEGFA	GPC1	1.0649359	0.0	0.69219327	0.5205460438621988	0.5884133409089731	0.021108134	0.74897236	0.015267623538825359	0.4471238280312783	degenerated	True	pain_ligand:VEGFA
AF_inner	NP_stressed	VEGFA	SIRPA	0.9420764	0.0	0.27239063	0.3281309714275703	0.2888191117707665	0.0056704935	0.65176916	0.4108330717964256	0.44834823760345754	degenerated	True	pain_ligand:VEGFA
AF_inner	NP_fibrocartilaginous	VEGFA	GPC1	1.0632772	0.0	0.69086576	0.5189264581804108	0.6203461253006681	0.021067651	0.7487918	0.015267623538825359	0.4486478683479541	degenerated	True	pain_ligand:VEGFA
Fibrochondrocyte_stressed	NP_mature_chondrocyte	VEGFA	SIRPA	0.78447694	0.0	0.3272401	0.20306358412240327	0.1785867005463953	0.0068123234	0.67228836	0.6698067796164857	0.44930762719894823	degenerated	True	pain_ligand:VEGFA
NP_fibrocartilaginous	Macrophage_M2	VEGFA	CD44	1.0118423	0.51	0.89960784	0.01819691483521936	-0.19037270050613175	0.005268485	0.7727993	1.0	0.4494554976279248	degenerated	True	pain_ligand:VEGFA
Fibrochondrocyte_fibroid	NP_mature_chondrocyte	FGF2	FGFR3	0.21373074	1.0	0.04527178	-0.1183662271584138	-0.23989172378987367	0.004670436	0.43279618	1.0	0.4496158026422261	degenerated	True	pain_ligand:FGF2
NP_stressed	Fibrochondrocyte_stressed	VEGFB	ADRB2	0.21459049	1.0	0.045271825	-0.21214271860073877	-0.4162482312331318	0.003398	0.43279633	1.0	0.4498340241190596	degenerated	True	pain_ligand:VEGFB
Fibrochondrocyte_stressed	Fibrochondrocyte_stressed	GRN	TNFRSF1A	1.0115395	0.0	0.7840567	0.285602140343891	0.3448183937282505	0.0083548045	0.7605044	0.2717516723047976	0.449994236130546	degenerated	True	pain_receptor:TNFRSF1A
Fibrochondrocyte_stressed	AF_inner	TNFSF10	TNFRSF11B	0.74086845	0.0	0.27180615	0.18535985511230568	0.1678245652886432	0.012138254	0.6515254	0.13662869584742554	0.45026838444042205	degenerated	True	pain_ligand:TNF
Fibrochondrocyte_chondroid	Fibroblast_like	VEGFA	GPC1	1.0113915	0.0	0.97598267	0.6045561211163397	0.798860189010502	0.029762166	0.77987343	0.008096037910784606	0.4503534964513137	degenerated	True	pain_ligand:VEGFA
AF_outer	NP_stressed	VEGFA	CD44	1.1583297	0.0	0.68915015	0.16254954946551445	-0.2304858692833044	0.0040359558	0.74855787	1.0	0.45044332831569633	degenerated	True	pain_ligand:VEGFA
AF_outer	Fibrochondrocyte_fibroid	ADAM17	IL6R	0.22101471	0.59	0.045298677	-0.01166978607032404	-0.16091472254902184	0.0033751512	0.4328691	1.0	0.45048855369898666	degenerated	True	pain_receptor:IL6R
Fibroblast_like	Fibrochondrocyte_stressed	VEGFB	ADRB2	0.797167	0.0	0.3277863	0.47424646346104554	0.4033536870923467	0.024602892	0.6724721	0.015267623538825359	0.4506119302744369	degenerated	True	pain_ligand:VEGFB
NP_fibrocartilaginous	Macrophage_M2	PDGFA	PDGFRA	0.21413001	0.83	0.04532781	-0.13782167846464408	-0.17515526753727348	0.00547021	0.43294802	1.0	0.4507066953087888	degenerated	True	pain_ligand:PDGFA
NP_fibrocartilaginous	AF_outer	PTGS2	CAV1	1.0470061	0.17	0.68772084	0.019030682746137645	-0.3661743452318239	0.0049974653	0.74836254	1.0	0.451521933231278	degenerated	True	pain_ligand:PTGS2
NP_stressed	AF_inner	VEGFB	ADRB2	0.21482432	1.0	0.045359135	-0.21171634048486157	-0.45300874035819433	0.0034045535	0.43303284	1.0	0.45157919746189423	degenerated	True	pain_ligand:VEGFB
AF_outer	AF_inner	FGF2	SDC2	1.0105658	0.0	0.7950066	0.19067930410536035	0.0897410026151384	0.012435994	0.7617652	0.25674042869316943	0.4519715956331941	degenerated	True	pain_ligand:FGF2
Macrophage_M2	EP_hyaline	TNFSF10	TNFRSF11B	0.6686966	0.1	0.27112076	0.132974092584026	0.29718358533605915	0.012107646	0.6512387	0.45980670488922615	0.45233167298846333	degenerated	True	pain_ligand:TNF
Fibrochondrocyte_chondroid	NP_mature_chondrocyte	SEMA3A	NRP2	0.6235608	0.0	0.32835463	0.15663254862169998	0.490874181204688	0.012439553	0.67266285	0.10198012464220198	0.45260739532315664	degenerated	True	pain_ligand:SEMA3A; pain_receptor:NRP2
Fibrochondrocyte_fibroid	Fibrochondrocyte_stressed	FGF2	FGFR1	0.21402484	1.0	0.0453856	-0.601430228979787	-0.9761583040203134	0.00087470835	0.43310443	1.0	0.45266956020335813	degenerated	True	pain_ligand:FGF2
Fibroblast_like	AF_inner	VEGFB	ADRB2	0.79740083	0.0	0.32841846	0.4746728415769227	0.3665931779672842	0.02465034	0.6726842	0.01879824115674643	0.4528140324769926	degenerated	True	pain_ligand:VEGFB
NP_fibrocartilaginous	Fibroblast_like	GRN	TNFRSF1A	1.0101789	0.0	1.014098	0.32011158725341576	0.20646412873112652	0.010806093	0.7831441	0.12137573855101484	0.4530515679636965	degenerated	True	pain_receptor:TNFRSF1A
Fibrochondrocyte_stressed	AF_inner	TNFSF12	TNFRSF12A	0.62306297	1.0	0.2740017	-0.04553016729537344	-0.02126847630702039	0.008341951	0.6524381	1.0	0.4532277997784468	degenerated	True	pain_ligand:TNF
Fibroblast_like	NP_mature_chondrocyte	ANGPT1	ITGB1	0.71469104	1.0	0.27094844	0.021143487166148833	-0.23402208698304494	0.019678622	0.6511665	1.0	0.45329673476414156	degenerated	True	pain_ligand:ANGPT1
AF_inner	NP_mature_chondrocyte	FGF2	SDC2	1.0099862	0.0	0.913711	0.19594254153629667	0.29574263236884646	0.014292845	0.77416205	0.06213644563279691	0.45332168685006935	degenerated	True	pain_ligand:FGF2
Fibroblast_like	Fibrochondrocyte_fibroid	TNFSF13B	HLA-DPB1	0.2429171	0.0	0.045449153	0.19785108977118424	0.1636451537693904	0.0041540726	0.43327624	0.8811520315787199	0.4537595818313731	degenerated	True	pain_ligand:TNF
Fibrochondrocyte_chondroid	NP_fibrocartilaginous	VEGFA	EGFR	0.7478157	0.0	0.3286275	0.2788293718667458	0.605967053570056	0.01650846	0.6727542	0.018743986617823557	0.4537797799716758	degenerated	True	pain_ligand:VEGFA
Macrophage_M2	Fibrochondrocyte_fibroid	TNFSF10	TNFRSF10A	0.21589223	0.16	0.04550457	0.2517425239413605	0.28748667889839385	0.014874653	0.43342584	0.4141485396771991	0.45441343951693935	degenerated	True	pain_ligand:TNF
Fibrochondrocyte_chondroid	Fibrochondrocyte_stressed	VEGFA	SIRPA	1.0092074	0.0	0.97061837	0.5962747911845676	0.9160702678280087	0.020205854	0.77939993	0.015267623538825359	0.4545831368397125	degenerated	True	pain_ligand:VEGFA
Fibrochondrocyte_fibroid	Fibroblast_like	PTGS2	CAV1	1.0938203	0.24	0.68529624	0.06391649588502687	-0.49186056929033195	0.0049798465	0.7480298	1.0	0.45530454632065653	degenerated	True	pain_ligand:PTGS2
Fibrochondrocyte_fibroid	AF_inner	TNFSF12	TNFRSF12A	0.62218857	0.99	0.27232108	-0.04722624743730543	-0.028281696548864588	0.008290785	0.6517402	1.0	0.4555770394715152	degenerated	True	pain_ligand:TNF
Fibroblast_like	Macrophage_M2	FGF2	CD44	1.0083398	0.34	0.89005125	0.08548464084136731	-0.13772421395295686	0.009348048	0.77186036	0.9655851657886657	0.455845846465631	degenerated	True	pain_ligand:FGF2
NP_mature_chondrocyte	AF_outer	TNFSF10	TNFRSF10D	0.23185128	0.99	0.04568163	-0.0015346146056347126	-0.08758111962481746	0.0060968976	0.43390274	1.0	0.45615655278932843	degenerated	True	pain_ligand:TNF
Fibrochondrocyte_chondroid	Macrophage_M2	FGF2	SDC2	1.0079854	0.13	0.9183035	0.19432418171942298	0.560021359472031	0.014364682	0.7746	0.49509893589204534	0.4562068964184406	degenerated	True	pain_ligand:FGF2
AF_inner	NP_mature_chondrocyte	TNFSF11	TNFRSF11B	0.8081391	0.0	0.3296851	0.38751482764464484	0.6207702726825878	0.03897852	0.67310786	0.015267623538825359	0.4570319080275066	degenerated	True	pain_ligand:TNF
AF_outer	AF_inner	VEGFB	ADRB2	0.67667454	0.0	0.26976058	0.3324336459484911	0.4520287141671403	0.020247616	0.6506673	0.015267623538825359	0.45751760266721625	degenerated	True	pain_ligand:VEGFB
Fibrochondrocyte_chondroid	AF_inner	VEGFA	SIRPA	0.7237811	0.0	0.26959723	0.1348002465763323	0.3265131932563617	0.005612342	0.65059847	0.8620486066582148	0.4584205635019245	degenerated	True	pain_ligand:VEGFA
Fibrochondrocyte_stressed	Macrophage_M2	VEGFA	SIRPA	1.0061917	0.0	0.9131373	0.5615298413221556	0.7324304705188398	0.019009244	0.7741071	0.015267623538825359	0.458737031545725	degenerated	True	pain_ligand:VEGFA
EP_hyaline	Fibroblast_like	PDGFA	PDGFRA	0.6787717	0.0	0.33049256	0.49786628726857385	0.5747399562213471	0.039884206	0.6733769	0.015267623538825359	0.45918547555957323	degenerated	True	pain_ligand:PDGFA
Fibrochondrocyte_fibroid	EP_hyaline	GRN	TNFRSF1A	0.67157567	0.92	0.3306106	-0.08637075611183731	-0.15433722805077743	0.0035229423	0.6734162	1.0	0.45960311457464087	degenerated	True	pain_receptor:TNFRSF1A
Macrophage_M2	AF_outer	FGF2	FGFR2	0.21810941	0.89	0.045924474	-0.1611447956656062	-0.21297144737179569	0.006160708	0.434554	1.0	0.4596403617368222	degenerated	True	pain_ligand:FGF2
Fibroblast_like	Fibroblast_like	TNFSF12	TNFRSF12A	1.0218126	0.0	0.6815547	0.4048940067733242	0.20268085248412004	0.020749856	0.7475135	0.10049889666782416	0.45982295726972877	degenerated	True	pain_ligand:TNF
Fibrochondrocyte_chondroid	Fibrochondrocyte_fibroid	VEGFA	ITGA9	0.72368115	0.0	0.26935178	0.7796602101572802	0.7714148515138464	0.045824777	0.65049493	0.006499531963311427	0.46009062882781054	degenerated	True	pain_ligand:VEGFA
NP_stressed	NP_fibrocartilaginous	FGF2	CD44	1.0055515	0.0	0.8956943	0.08364591361607103	-0.006234424668431937	0.009407317	0.7724164	0.48926767927292797	0.46027573768955404	degenerated	True	pain_ligand:FGF2
AF_outer	Fibrochondrocyte_stressed	VEGFB	ADRB2	0.6764407	0.0	0.26924133	0.332007267832614	0.4887892232922028	0.02020864	0.6504483	0.015267623538825359	0.46043899837802	degenerated	True	pain_ligand:VEGFB
EP_hyaline	Fibrochondrocyte_chondroid	ADAM17	IL6R	0.21475261	0.79	0.045999885	-0.030251567446174105	0.08248234544568228	0.0034273972	0.4347556	1.0	0.46116355553998717	degenerated	True	pain_receptor:IL6R
Fibrochondrocyte_chondroid	NP_stressed	FGF2	SDC2	1.0047519	0.0	0.91380656	0.1909750759651537	0.535585544781204	0.014294339	0.77417123	0.06616831810096187	0.4614536630127496	degenerated	True	pain_ligand:FGF2
AF_inner	Fibroblast_like	TNFSF12	TNFRSF12A	0.89480895	0.0	0.26906446	0.1585464854194344	0.013864152289030568	0.008191638	0.65037364	0.43026938095662653	0.46148531605730425	degenerated	True	pain_ligand:TNF
EP_hyaline	Fibrochondrocyte_stressed	FGF2	SDC4	0.62016547	0.95	0.3182799	-0.059874974743032106	-0.0003804715722539598	0.007888168	0.6692228	1.0	0.46148531605730425	degenerated	True	pain_ligand:FGF2
Fibroblast_like	EP_hyaline	TNFSF13B	TFRC	0.24514313	1.0	0.04601221	-0.022718472259036032	-0.1412857822001269	0.004397925	0.43478853	1.0	0.4615986376238974	degenerated	True	pain_ligand:TNF
NP_stressed	NP_mature_chondrocyte	SEMA3A	NRP2	0.6253563	0.0	0.33147687	0.15932144362553077	0.29247663572609345	0.012557838	0.6737039	0.09811969004490449	0.46169480043718414	degenerated	True	pain_ligand:SEMA3A; pain_receptor:NRP2
Fibrochondrocyte_stressed	Macrophage_M2	VEGFA	GPC1	0.78613216	0.03	0.3316142	0.19683152600989023	0.3759646180276982	0.010112431	0.6737494	0.33442439156980847	0.4621139593623831	degenerated	True	pain_ligand:VEGFA
NP_mature_chondrocyte	Fibrochondrocyte_stressed	TNFSF9	HLA-DPA1	0.9582314	0.0	0.26863956	1.8313097309696829	1.368836587321994	0.03433886	0.6501939	0.003498303141023269	0.46316281203888243	degenerated	True	pain_ligand:TNF
NP_mature_chondrocyte	Fibroblast_like	CXCL8	SDC3	0.22594015	1.0	0.046115734	0.053539523973350045	-0.6507713211264755	0.0030906373	0.43506467	1.0	0.4635558768957456	degenerated	True	pain_ligand:CXCL8
Macrophage_M2	AF_outer	FGF2	CD44	0.771678	0.84	0.332336	-0.17295977427232867	-0.27699533271873	0.003490466	0.67398834	1.0	0.46365283985800765	degenerated	True	pain_ligand:FGF2
NP_stressed	Fibroblast_like	VEGFA	SIRPA	1.0609049	0.0	0.67824835	0.5191894646044217	0.42308675948081387	0.01411944	0.74705434	0.03136339957176113	0.4646306276185599	degenerated	True	pain_ligand:VEGFA
EP_hyaline	Fibroblast_like	VEGFA	GPC1	1.0029821	0.0	0.96261585	0.5963468708133047	0.6250693174205488	0.02935455	0.7786874	0.015267623538825359	0.4647215614116662	degenerated	True	pain_ligand:VEGFA
Macrophage_M2	Fibrochondrocyte_chondroid	FGF2	FGFR1	0.6477169	0.74	0.26819962	-0.11592693723247209	0.1412561414906247	0.0051689623	0.6500075	1.0	0.4647741126512295	degenerated	True	pain_ligand:FGF2
NP_fibrocartilaginous	NP_mature_chondrocyte	VEGFB	ADRB2	0.65681404	0.0	0.33274528	0.3412207431381219	0.5884290753276222	0.024975102	0.6741235	0.015267623538825359	0.4649845910442116	degenerated	True	pain_ligand:VEGFB
NP_fibrocartilaginous	EP_hyaline	VEGFB	ADRB2	0.65681934	0.0	0.33275563	0.3412307538470713	0.6122321601854224	0.024975877	0.6741269	0.015267623538825359	0.4650548678287044	degenerated	True	pain_ligand:VEGFB
unassigned	Fibroblast_like	CXCL8	SDC3	1.5783464	0.0	0.46726388	1.2684658925467265	2.222407558173422	0.03131563	0.7102613	0.005903060169132026	0.4650774750179908	degenerated	True	pain_ligand:CXCL8
AF_outer	Macrophage_M2	PDGFC	FLT1	0.21508488	0.52	0.04614819	-0.04176697933925633	-0.1275962004043722	0.004197389	0.43515116	1.0	0.4650774750179908	degenerated	True	pain_receptor:FLT1
AF_inner	Fibroblast_like	VEGFA	SIRPA	1.0592462	0.0	0.67694753	0.5175698789226337	0.45501954387250876	0.014092361	0.7468729	0.031729483163070775	0.46590369959855227	degenerated	True	pain_ligand:VEGFA
Fibroblast_like	NP_stressed	VEGFA	SIRPA	0.22519803	1.0	0.046169262	-0.3717167626684119	-0.8983204398386109	0.0009611289	0.43520728	1.0	0.4659466949382116	degenerated	True	pain_ligand:VEGFA
NP_fibrocartilaginous	NP_fibrocartilaginous	VEGFA	CD44	1.0023566	0.2	0.8870984	0.008893963877107933	-0.20365653504178138	0.0051952237	0.77156764	1.0	0.4659946756049746	degenerated	True	pain_ligand:VEGFA
AF_inner	Macrophage_M2	FGF2	SDC2	1.0022304	0.1	0.90310323	0.18790992820152713	0.153603993812924	0.01412691	0.77313954	0.45980670488922615	0.4661766473875817	degenerated	True	pain_ligand:FGF2
Fibrochondrocyte_chondroid	EP_hyaline	VEGFA	NRP2	1.0021286	0.0	0.9532326	0.266361659761487	0.7050187251407647	0.011703412	0.77784216	0.08381084172770217	0.4665407202154088	degenerated	True	pain_ligand:VEGFA; pain_receptor:NRP2
Fibroblast_like	Macrophage_M2	SEMA3A	NRP2	0.68267	0.07	0.26743248	0.35232011322507595	0.23475266467227673	0.010131547	0.64968157	0.412555289778364	0.4670222338132705	degenerated	True	pain_ligand:SEMA3A; pain_receptor:NRP2
Fibrochondrocyte_stressed	Fibrochondrocyte_chondroid	VEGFA	NRP2	1.0015497	0.0	0.90087074	0.257182980414636	0.5822707525195572	0.011060534	0.77292246	0.10879134390518479	0.4674512879659555	degenerated	True	pain_ligand:VEGFA; pain_receptor:NRP2
AF_outer	AF_inner	TNFSF12	TNFRSF12A	0.65415925	0.98	0.33376914	0.014787216201288159	-0.019231440991817284	0.010161565	0.67446095	1.0	0.4677966819275378	degenerated	True	pain_ligand:TNF
AF_outer	Fibrochondrocyte_chondroid	GRN	TNFRSF1A	0.74172616	0.44	0.33395383	-0.01742662634024414	-0.017154943070199158	0.0035585675	0.6745216	1.0	0.4681490855887537	degenerated	True	pain_receptor:TNFRSF1A
NP_stressed	NP_mature_chondrocyte	FGF2	SDC2	1.0009522	0.0	0.8895701	0.1858735326772582	0.2771089432691968	0.0139152175	0.77181274	0.07085392496748703	0.4684536673714156	degenerated	True	pain_ligand:FGF2
EP_hyaline	Fibrochondrocyte_stressed	VEGFA	SIRPA	1.000798	0.0	0.957325	0.5880655408815326	0.7422793962380555	0.019929118	0.77821213	0.015267623538825359	0.46890953443406913	degenerated	True	pain_ligand:VEGFA
NP_stressed	Fibrochondrocyte_chondroid	ADAM17	IL6R	0.21560633	0.71	0.046347946	-0.028684483324796752	-0.04405029894641005	0.0034533306	0.43568206	1.0	0.4692044849609991	degenerated	True	pain_receptor:IL6R
NP_stressed	Fibrochondrocyte_fibroid	PDGFC	FLT1	0.8761265	0.0	0.2666847	1.1866039284581482	0.9562451665552272	0.024256196	0.64936286	0.015267623538825359	0.46963073969710717	degenerated	True	pain_receptor:FLT1
Macrophage_M2	NP_stressed	TNFSF10	TNFRSF11B	0.79589474	0.01	0.33449903	0.25216917818697876	0.36710210846386815	0.014937978	0.6747007	0.2656303402238959	0.46963073969710717	degenerated	True	pain_ligand:TNF
unassigned	AF_outer	CXCL8	SDC3	1.5722696	0.0	0.430791	1.2492693418616692	2.243920399806598	0.028871244	0.701828	0.008463940603585482	0.46963864788012777	degenerated	True	pain_ligand:CXCL8
Fibrochondrocyte_stressed	NP_fibrocartilaginous	CXCL2	DPP4	1.1432725	0.0	0.67243314	1.6007535794616379	1.7428607035622417	0.13517547	0.74623984	2.849157243776332e-05	0.4712828894036739	degenerated	True	pain_ligand:CXCL2
AF_inner	NP_stressed	FGF2	SDC2	0.99899685	0.0	0.89868075	0.18456082244725786	0.129168179122097	0.014057731	0.77270883	0.18714147018113625	0.47173982347157284	degenerated	True	pain_ligand:FGF2
Fibroblast_like	NP_mature_chondrocyte	SEMA3A	NRP2	0.99889827	0.0	0.98104715	0.7187325964743344	0.8279167430533391	0.037166487	0.78031737	0.004023721293057949	0.4720139818074175	degenerated	True	pain_ligand:SEMA3A; pain_receptor:NRP2
Fibroblast_like	Fibroblast_like	TNFSF13B	TFRC	0.2469868	1.0	0.046478555	-0.020536600321099732	-0.36462890328036335	0.004442499	0.436028	1.0	0.4720256414338353	degenerated	True	pain_ligand:TNF
Fibroblast_like	NP_fibrocartilaginous	FGF2	CD44	0.9988543	0.0	0.87767464	0.07618168988325588	-0.1510080484886065	0.009218059	0.7706251	1.0	0.4721054482345258	degenerated	True	pain_ligand:FGF2
NP_mature_chondrocyte	AF_outer	FGF2	FGFR1	0.99885213	0.0	0.9912914	0.27511973395407696	0.4998650929041294	0.019104978	0.7812064	0.01972262290598885	0.47219692121144907	degenerated	True	pain_ligand:FGF2
Fibrochondrocyte_stressed	EP_hyaline	PDGFC	FLT1	0.21627103	0.88	0.046510506	-0.036615011934604084	-0.021053277110843927	0.0042303433	0.4361125	1.0	0.4722425527839962	degenerated	True	pain_receptor:FLT1
EP_hyaline	AF_inner	VEGFA	SIRPA	0.7153717	0.0	0.26590487	0.1265909962732973	0.15272232166640848	0.005535477	0.64902943	0.9334247225411615	0.47231963457206017	degenerated	True	pain_ligand:VEGFA
EP_hyaline	Fibrochondrocyte_fibroid	VEGFA	ITGA9	0.7152718	0.0	0.26566282	0.7714509598542452	0.5976239799238932	0.04519717	0.6489257	0.015267623538825359	0.4731710184872057	degenerated	True	pain_ligand:VEGFA
Fibrochondrocyte_fibroid	NP_notochordal	TNFSF10	TNFRSF10A	0.61568636	0.0	0.3358847	1.1240686988034914	1.3407154678978745	0.10979488	0.67515415	0.00018911120878507823	0.4743786347241497	degenerated	True	pain_ligand:TNF
Fibrochondrocyte_fibroid	AF_inner	PIGF	FLT1	0.22507975	0.2	0.04663328	0.04705370825353169	0.034044193935066996	0.0059484188	0.43643668	0.9556492993794291	0.47462790821900536	degenerated	True	pain_receptor:FLT1
NP_stressed	unassigned	IL11	IL6R	0.61852324	0.0	0.33641163	0.6750416755951673	1.3896531915267483	0.04771369	0.67532605	0.0037359222803107234	0.4749478104359051	degenerated	True	pain_receptor:IL6R
NP_notochordal	unassigned	GRN	TNFRSF1A	0.9965617	0.0	0.84914196	0.27831424079536443	1.081956938997613	0.009048344	0.76769114	0.23131639843010432	0.476960195726823	degenerated	True	pain_receptor:TNFRSF1A
NP_stressed	Fibrochondrocyte_stressed	VEGFA	NRP2	1.0579618	0.0	0.6680673	0.2852906767972335	0.23639325825193414	0.008202265	0.74562263	0.3742821155801419	0.47732730801319434	degenerated	True	pain_ligand:VEGFA; pain_receptor:NRP2
Fibrochondrocyte_fibroid	Fibrochondrocyte_fibroid	TNFSF10	TNFRSF10D	0.61437315	0.0	0.33372188	0.6560324406948221	0.7399676716964023	0.04454019	0.67444533	0.00878484047511637	0.47794270472788447	degenerated	True	pain_ligand:TNF
Fibroblast_like	NP_notochordal	TNFSF13B	TFRC	0.24821082	1.0	0.04678816	-0.01908804370067757	-0.0675102961665536	0.0044720913	0.4368445	1.0	0.4780948582810949	degenerated	True	pain_ligand:TNF
AF_outer	Macrophage_M2	GRN	TNFRSF1A	0.9960072	0.06	0.94763744	0.29255194459572154	0.33702490608395796	0.010097899	0.77733314	0.39504693376198824	0.47824554377900963	degenerated	True	pain_receptor:TNFRSF1A
NP_stressed	AF_outer	CXCL8	SDC1	0.28598458	0.09	0.046831116	0.08440569387916975	-0.3966044829512103	0.011038817	0.4369574	1.0	0.4789610997218857	degenerated	True	pain_ligand:CXCL8
Fibrochondrocyte_stressed	AF_outer	CXCL8	SDC1	1.3826761	0.0	0.2640181	1.0696126182687682	1.0564800836440704	0.062233143	0.648218	0.0005753204420887575	0.47923012044755914	degenerated	True	pain_ligand:CXCL8
Fibrochondrocyte_fibroid	Macrophage_M2	FGF2	CD44	0.77889603	0.78	0.2639973	-0.1702436079196663	-0.38943703882510744	0.002772716	0.648209	1.0	0.4793018253242586	degenerated	True	pain_ligand:FGF2
AF_inner	Fibrochondrocyte_stressed	VEGFA	NRP2	1.0563031	0.0	0.66678596	0.28367109111544553	0.268326042643629	0.008186534	0.7454405	0.3767748771818453	0.47944037331135275	degenerated	True	pain_ligand:VEGFA; pain_receptor:NRP2
Fibrochondrocyte_stressed	Fibrochondrocyte_stressed	TNFSF10	TNFRSF10A	0.21651527	0.0	0.046874736	0.27611971197925345	0.2027828244688099	0.015322538	0.4370719	0.1003080738750694	0.47961063568566353	degenerated	True	pain_ligand:TNF
NP_mature_chondrocyte	Fibroblast_like	VEGFA	GPC1	0.9946972	0.0	0.9494469	0.5882592039781973	0.6240968172539108	0.02895297	0.7774982	0.015267623538825359	0.479992132728942	degenerated	True	pain_ligand:VEGFA
Fibroblast_like	Fibrochondrocyte_fibroid	NGF	MAGED1	0.21665262	1.0	0.046901267	-0.179291215069173	-0.21550390875256853	0.0059416527	0.4371415	1.0	0.48047652997198853	degenerated	True	pain_ligand:NGF
Fibroblast_like	NP_mature_chondrocyte	FGF2	SDC2	0.99425507	0.0	0.87167364	0.17840930894444304	0.13233531944902222	0.013635268	0.77001816	0.18257436918801984	0.480544125482187	degenerated	True	pain_ligand:FGF2
AF_outer	NP_fibrocartilaginous	VEGFA	ITGB1	1.1239338	0.47	0.66503817	-0.003976365760591627	-0.28329457171752404	0.003770329	0.7451914	1.0	0.4814647330922786	degenerated	True	pain_ligand:VEGFA
EP_hyaline	EP_hyaline	VEGFA	NRP2	0.9937192	0.0	0.9401773	0.258152409458452	0.5312278535508115	0.011543124	0.7766484	0.09012379017356642	0.4817410619245536	degenerated	True	pain_ligand:VEGFA; pain_receptor:NRP2
NP_fibrocartilaginous	Macrophage_M2	SEMA3E	NRP2	0.21773538	0.97	0.04703688	-0.2763867184190036	-0.4239626021542204	0.0035443548	0.43749675	1.0	0.4826403979794569	degenerated	True	pain_receptor:NRP2
NP_stressed	Macrophage_M2	FGF2	SDC2	0.99319637	0.12	0.8792426	0.17784091934248866	0.13497030471327431	0.0137536675	0.77078277	0.4835940471873938	0.48266240904695334	degenerated	True	pain_ligand:FGF2
Fibrochondrocyte_fibroid	EP_hyaline	TNFSF12	TNFRSF12A	0.7408279	0.1	0.33955893	0.06727705336138406	0.23790607142240083	0.010337833	0.67634606	0.45980670488922615	0.4833222117204242	degenerated	True	pain_ligand:TNF
Fibrochondrocyte_fibroid	Fibroblast_like	FGF2	CD44	0.974218	0.16	0.33958915	0.021311606108531167	-0.30533389057357546	0.003566644	0.67635584	1.0	0.48339432419473205	degenerated	True	pain_ligand:FGF2
Macrophage_M2	Macrophage_M2	TNFSF13B	HLA-DPB1	0.9928543	0.0	0.8337311	1.8139644258968868	1.6803573933629599	0.07620339	0.7660539	1.548151938815143e-05	0.48358450401005965	degenerated	True	pain_ligand:TNF
Fibrochondrocyte_stressed	Fibrochondrocyte_stressed	TNFSF10	RIPK1	0.21693164	0.14	0.047053352	0.06497094925129578	0.10433599884969119	0.009375988	0.43753982	0.5072847703614686	0.48372185231420617	degenerated	True	pain_ligand:TNF
NP_mature_chondrocyte	Fibrochondrocyte_stressed	VEGFA	SIRPA	0.9925131	0.0	0.9442285	0.5799778740464252	0.7413068960714175	0.019656483	0.7770211	0.015267623538825359	0.4841380098145563	degenerated	True	pain_ligand:VEGFA
Macrophage_M2	NP_stressed	FGF2	SDC2	0.7864168	0.55	0.33996177	-0.05237175992905824	-0.14058752316268786	0.0053178966	0.6764759	1.0	0.48433084867679654	degenerated	True	pain_ligand:FGF2
EP_hyaline	NP_stressed	FGF2	FGFRL1	0.6122223	0.55	0.30433646	-0.01607292409273675	0.04811638813911384	0.008837417	0.6642459	0.9341530186380025	0.4844751222992837	degenerated	True	pain_ligand:FGF2
NP_mature_chondrocyte	AF_inner	VEGFA	SIRPA	0.70708686	0.0	0.2622672	0.11850332943818984	0.1517498214997705	0.00545975	0.6474589	0.9805869876563045	0.4845471903042174	degenerated	True	pain_ligand:VEGFA
AF_outer	NP_stressed	VEGFA	ITGB1	0.6602879	1.0	0.3400159	-0.4452882309109806	-0.9738372048468004	0.0019276666	0.6764933	1.0	0.4845471903042174	degenerated	True	pain_ligand:VEGFA
NP_mature_chondrocyte	Fibrochondrocyte_chondroid	VEGFA	GPC1	0.73978794	0.0	0.340399	0.16331887961127187	0.4076895576467806	0.010380319	0.6766165	0.14581600271004666	0.4852687412449307	degenerated	True	pain_ligand:VEGFA
NP_mature_chondrocyte	Fibrochondrocyte_fibroid	VEGFA	ITGA9	0.7069869	0.0	0.26202846	0.7633632930191376	0.5966514797572552	0.044578858	0.64735496	0.015267623538825359	0.4854130417646543	degenerated	True	pain_ligand:VEGFA
unassigned	NP_fibrocartilaginous	CXCL8	SDC3	1.5601817	0.0	0.35824013	1.211083947466883	2.2286455194790493	0.024008946	0.6821799	0.009364362040529902	0.48609997939613325	degenerated	True	pain_ligand:CXCL8
Fibroblast_like	AF_inner	TNFSF13B	TFRC	0.25012246	1.0	0.047271695	-0.01682571657565049	-0.2595552689279035	0.0045183087	0.43810958	1.0	0.48609997939613325	degenerated	True	pain_ligand:TNF
Fibrochondrocyte_chondroid	NP_stressed	VEGFA	ITGAV	0.72065544	0.08	0.2619204	0.014956638222018481	0.19296072556434468	0.0049790754	0.6473079	1.0	0.48620768437156014	degenerated	True	pain_ligand:VEGFA
NP_notochordal	NP_mature_chondrocyte	PTGS2	CAV1	0.76916414	1.0	0.3407496	-0.2383856961670091	-0.6118557393138155	0.0024761271	0.6767291	1.0	0.4866415491169044	degenerated	True	pain_ligand:PTGS2
unassigned	NP_fibrocartilaginous	CXCL8	SDC1	1.5594478	0.0	0.35383487	1.2541696847945765	2.2697919021426554	0.08340435	0.6808371	0.0001076084499038306	0.4867482885245733	degenerated	True	pain_ligand:CXCL8
NP_stressed	Macrophage_M2	PGF	NRP2	0.21844465	0.77	0.047373105	0.025005187472813106	-0.09827908491894005	0.005002023	0.43837333	1.0	0.48761254715685853	degenerated	True	pain_receptor:NRP2
Fibrochondrocyte_chondroid	NP_mature_chondrocyte	PTGS2	CAV1	0.9907891	0.89	0.90368915	-0.042614952316396254	-0.0907814070520292	0.0065668435	0.77319646	1.0	0.48764913622795747	degenerated	True	pain_ligand:PTGS2
Fibrochondrocyte_fibroid	Fibrochondrocyte_stressed	ADAM17	IL6R	0.6168716	0.0	0.3410756	0.6056333519615991	0.6704446728799804	0.025413143	0.6768337	0.015267623538825359	0.48787212750063125	degenerated	True	pain_receptor:IL6R
NP_mature_chondrocyte	NP_fibrocartilaginous	FGF2	FGFR1	0.99055654	0.0	0.97339046	0.26583046191651966	0.49198034567625537	0.018759975	0.77964497	0.022602926700265702	0.4884820814816639	degenerated	True	pain_ligand:FGF2
EP_hyaline	Macrophage_M2	FGF2	FGFR1	0.61058533	0.83	0.30146292	-0.15915204314013365	-0.2001333850697929	0.0058100396	0.66318715	1.0	0.4890320993625159	degenerated	True	pain_ligand:FGF2
Fibrochondrocyte_chondroid	AF_outer	FGF2	CD44	0.990013	0.05	0.89330876	0.07038706162188325	0.39917773522516187	0.009382263	0.77218187	0.37767684343937397	0.4891302985222279	degenerated	True	pain_ligand:FGF2
NP_stressed	NP_stressed	FGF2	SDC2	0.9899629	0.0	0.87493694	0.17449181358821939	0.11053449002244731	0.013686316	0.7703489	0.2176814406576491	0.4892229704017903	degenerated	True	pain_ligand:FGF2
Macrophage_M2	Macrophage_M2	FGF2	SDC2	0.7896503	0.45	0.34163475	-0.04902265417478896	-0.11615170847186085	0.0053440663	0.6770128	1.0	0.4896855109656877	degenerated	True	pain_ligand:FGF2
Fibrochondrocyte_stressed	EP_hyaline	TNFSF12	TNFRSF12A	0.7417023	0.06	0.34165448	0.06897313350331605	0.24491929166424503	0.010401633	0.67701906	0.39504693376198824	0.49004866191070784	degenerated	True	pain_ligand:TNF
Macrophage_M2	Fibroblast_like	PDGFA	PDGFRA	0.64531785	0.01	0.26093152	0.42613754230331874	0.4819422211508462	0.031489506	0.646876	0.09446729903228596	0.4901212815747519	degenerated	True	pain_ligand:PDGFA
NP_mature_chondrocyte	Fibroblast_like	ADAM17	IL6R	0.22373456	0.79	0.04750285	-0.025533624123615043	-0.3054092667802615	0.003539381	0.4387101	1.0	0.49042000442280576	degenerated	True	pain_receptor:IL6R
AF_outer	AF_outer	VEGFA	ITGB1	1.1159261	0.74	0.65942466	-0.011599101268626011	-0.29407281940009045	0.0037385044	0.7443858	1.0	0.49079855528984095	degenerated	True	pain_ligand:VEGFA
NP_mature_chondrocyte	Fibrochondrocyte_chondroid	FGF2	CD44	0.98904884	0.05	0.970137	0.09511033148083195	0.5690243465193361	0.010189176	0.7793573	0.37767684343937397	0.49089134252149447	degenerated	True	pain_ligand:FGF2
AF_outer	NP_stressed	SEMA3A	NRP2	0.7402005	0.0	0.26068345	0.26240571319462025	0.20475421682838285	0.009875864	0.6467673	0.18248900918985755	0.490993919235971	degenerated	True	pain_ligand:SEMA3A; pain_receptor:NRP2
AF_outer	unassigned	ADAM10	IL6R	0.61009336	0.0	0.3223612	0.5345055325607762	1.142419633850653	0.018842634	0.6706315	0.015267623538825359	0.4911393524465639	degenerated	True	pain_receptor:IL6R
AF_outer	NP_mature_chondrocyte	VEGFA	NRP2	0.60999066	1.0	0.30475685	-0.10795433905455004	-0.3633211456476947	0.003741684	0.6643998	1.0	0.49135771669068784	degenerated	True	pain_ligand:VEGFA; pain_receptor:NRP2
AF_inner	EP_hyaline	TNFSF11	TNFRSF11B	0.6638571	0.0	0.26058754	0.25231046358335973	0.3259726177138974	0.030809147	0.6467253	0.029536687977740454	0.491721854467681	degenerated	True	pain_ligand:TNF
Fibrochondrocyte_stressed	EP_hyaline	TNFSF10	TNFRSF10D	0.21812314	0.92	0.047564466	-0.03784731281499634	0.004206591632438084	0.0063481904	0.43886966	1.0	0.49193086841374356	degenerated	True	pain_ligand:TNF
Fibrochondrocyte_fibroid	NP_fibrocartilaginous	FGF2	CD44	0.7694105	0.99	0.26032627	-0.1795465588777777	-0.40272087336075707	0.00273416	0.64661074	1.0	0.4928879180281158	degenerated	True	pain_ligand:FGF2
EP_hyaline	Fibrochondrocyte_stressed	FGF2	SDC2	0.63401175	1.0	0.34258577	-0.18586147990464552	-0.1625806347587354	0.005358943	0.67731667	1.0	0.4928879180281158	degenerated	True	pain_ligand:FGF2
NP_stressed	Fibrochondrocyte_stressed	IL11	IL6R	0.6095901	0.0	0.32919946	0.6616304443896324	0.7761382039793403	0.04669078	0.6729457	0.0062431142674583195	0.49317972167459	degenerated	True	pain_receptor:IL6R
Macrophage_M2	NP_mature_chondrocyte	TNFSF10	TNFRSF11B	0.81297857	0.01	0.3430113	0.26817845664531115	0.5919812403047495	0.015318117	0.67745227	0.25590827337302935	0.49369069541781035	degenerated	True	pain_ligand:TNF
Macrophage_M2	Macrophage_M2	FGF2	SDC4	0.22153682	1.0	0.04769778	-0.5093960837993432	-0.8142318389879903	0.0011821296	0.43921438	1.0	0.49548971892475036	degenerated	True	pain_ligand:FGF2
NP_mature_chondrocyte	NP_mature_chondrocyte	SEMA3E	NRP2	0.6323925	0.0	0.34371245	0.2651524146531964	0.5238049082531386	0.025899656	0.6776753	0.022880383525248512	0.49551845957252205	degenerated	True	pain_receptor:NRP2
Fibroblast_like	Macrophage_M2	FGF2	SDC2	0.9864992	0.14	0.86155385	0.1703766956096735	-0.009803319106900243	0.013476968	0.7689826	0.5072847703614686	0.4959088811278196	degenerated	True	pain_ligand:FGF2
NP_mature_chondrocyte	Macrophage_M2	TNFSF9	HLA-DPA1	0.9276482	0.0	0.25932553	1.7627073534830773	1.3956818280851813	0.033148296	0.64617056	0.004165869728294568	0.4966172480826734	degenerated	True	pain_ligand:TNF
Macrophage_M2	AF_inner	FGF2	FGFR2	0.2216874	0.89	0.0477757	-0.15240746104194508	-0.2496908543239123	0.006409047	0.4394154	1.0	0.49710628901772724	degenerated	True	pain_ligand:FGF2
NP_mature_chondrocyte	EP_hyaline	VEGFA	NRP2	0.98543435	0.0	0.92731535	0.25006474262334455	0.5302553533841735	0.011385211	0.7754514	0.0957829794860219	0.4982381145974202	degenerated	True	pain_ligand:VEGFA; pain_receptor:NRP2
Fibrochondrocyte_fibroid	NP_mature_chondrocyte	PGF	NRP2	0.6083533	0.0	0.3019096	0.6541366074079363	0.7361548886765972	0.03187798	0.6633525	0.009096193550135395	0.498305350529323	degenerated	True	pain_receptor:NRP2
EP_hyaline	Fibrochondrocyte_chondroid	VEGFA	GPC1	0.7480728	0.0	0.34512037	0.17140654644637934	0.4086620578134186	0.010524294	0.6781216	0.13759292739130383	0.4990404926552643	degenerated	True	pain_ligand:VEGFA
Fibrochondrocyte_fibroid	NP_mature_chondrocyte	FGF2	SDC2	0.7648113	0.88	0.25854632	-0.07731893981659055	-0.11937750542312836	0.0040443446	0.64582646	1.0	0.49926103012546047	degenerated	True	pain_ligand:FGF2
Macrophage_M2	NP_mature_chondrocyte	FGF2	SDC2	0.7974062	0.52	0.34564757	-0.04099004084001942	0.02598693008406161	0.0054068374	0.6782882	1.0	0.5000707108288507	degenerated	True	pain_ligand:FGF2
EP_hyaline	NP_stressed	VEGFA	ITGAV	0.71224606	0.01	0.2583332	0.006747387918983494	0.01916985397439147	0.004910883	0.64573216	1.0	0.5000707108288507	degenerated	True	pain_ligand:VEGFA
AF_inner	AF_outer	FGF2	CD44	0.984258	0.0	0.8785222	0.06397280810398742	-0.0072396304339451545	0.009226962	0.7707104	0.4915067332535633	0.5004778629484118	degenerated	True	pain_ligand:FGF2
Macrophage_M2	NP_mature_chondrocyte	PGF	NRP2	0.6336962	0.0	0.34597954	0.7445005626657023	0.7439061393931141	0.036531232	0.67839295	0.008375231936660905	0.5007339163159932	degenerated	True	pain_receptor:NRP2
Fibrochondrocyte_chondroid	unassigned	IL11	IL6R	0.60719883	0.0	0.31753677	0.6537832059101476	1.6839749819713388	0.045036644	0.66896397	0.004468647356815942	0.5016928603318949	degenerated	True	pain_receptor:IL6R
NP_fibrocartilaginous	Macrophage_M2	TNFSF9	HLA-DPA1	0.95326364	0.0	0.3465729	1.816832767330347	1.4731106049556832	0.04430069	0.6785798	0.0007175169776683767	0.5019881285540403	degenerated	True	pain_ligand:TNF
Fibroblast_like	NP_stressed	FGF2	SDC2	0.98326564	0.0	0.85733485	0.16702758985540422	-0.03423913379772725	0.013410972	0.7685462	0.5783754854737683	0.5023471206261573	degenerated	True	pain_ligand:FGF2
Macrophage_M2	Fibroblast_like	CXCL8	SDC3	0.9056722	0.0	0.25778875	0.6641729677758844	0.49816728368449353	0.017276783	0.64549077	0.015267623538825359	0.502431166579876	degenerated	True	pain_ligand:CXCL8
Macrophage_M2	NP_mature_chondrocyte	FGF2	CD44	0.62733316	1.0	0.25765327	-0.31452025057428745	-0.505132740383349	0.0027060863	0.6454306	1.0	0.5031703599644239	degenerated	True	pain_ligand:FGF2
Fibroblast_like	NP_fibrocartilaginous	NGF	SORT1	0.21978503	0.02	0.048220407	0.060518988995216426	-0.06131481735516919	0.011730005	0.44055685	0.6665312398549426	0.5042108565349364	degenerated	True	pain_ligand:NGF
Fibrochondrocyte_chondroid	unassigned	VEGFA	CD44	0.98206234	0.62	0.9039488	-0.012280366808405357	0.5704636248076262	0.005293907	0.7732217	1.0	0.5045936443001681	degenerated	True	pain_ligand:VEGFA
NP_mature_chondrocyte	EP_hyaline	FGF2	FGFRL1	0.9814919	0.0	0.95383	0.44374560163645654	0.868640778398605	0.027697613	0.7778963	0.015267623538825359	0.5055306803044105	degenerated	True	pain_ligand:FGF2
Macrophage_M2	NP_fibrocartilaginous	FGF2	CD44	0.8020054	0.82	0.34802717	-0.1432176599012066	-0.2573564378535671	0.0036552672	0.6790363	1.0	0.5061342198824228	degenerated	True	pain_ligand:FGF2
AF_outer	NP_mature_chondrocyte	ANGPT1	ITGB1	0.708772	1.0	0.25669035	0.007215422978822855	-0.18322833422782633	0.018643076	0.64500207	1.0	0.5062827913298669	degenerated	True	pain_ligand:ANGPT1
AF_outer	Fibroblast_like	VEGFA	EGFR	0.6055158	0.0	0.3016199	0.46669351658533575	-0.08051678302111076	0.015151745	0.6632453	0.24522676336604993	0.506579857557401	degenerated	True	pain_ligand:VEGFA
Fibrochondrocyte_fibroid	unassigned	ADAM17	IL6R	0.62580466	0.0	0.34854794	0.6190445831671341	1.2839596604273884	0.025969896	0.6791992	0.015267623538825359	0.5071743385798685	degenerated	True	pain_receptor:IL6R
AF_outer	Fibrochondrocyte_fibroid	PIGF	FLT1	0.99661213	0.0	0.6483538	1.4810389736245293	1.3623785060579217	0.0827023	0.7427716	4.833128983021528e-05	0.5075006565895364	degenerated	True	pain_receptor:FLT1
Macrophage_M2	NP_fibrocartilaginous	FGF2	SDC2	0.62454396	0.91	0.25621015	-0.2200409978480818	-0.32199180949256845	0.004007801	0.64478767	1.0	0.5079181757430479	degenerated	True	pain_ligand:FGF2
NP_stressed	AF_inner	CXCL8	SDC2	0.9795796	0.0	0.7029027	0.2880287189430597	-0.17998825438094113	0.0072285677	0.75041294	1.0	0.5087215079230223	degenerated	True	pain_ligand:CXCL8
AF_outer	NP_mature_chondrocyte	VEGFA	CD44	0.6732389	1.0	0.3490947	-0.3131854580731934	-0.7973576202217209	0.0020444465	0.67937	1.0	0.5089607362204442	degenerated	True	pain_ligand:VEGFA
NP_mature_chondrocyte	Fibroblast_like	TNFSF10	TNFRSF11B	0.6045667	0.0	0.28548917	0.10481138788858947	-0.012720709715380807	0.012749307	0.65708	0.5090519289041284	0.5090352123927283	degenerated	True	pain_ligand:TNF
AF_outer	Macrophage_M2	SEMA3A	NRP2	0.22064772	0.99	0.04841744	-0.33959798341920283	-0.5770123754913028	0.0018342708	0.4410594	1.0	0.5095841637418645	degenerated	True	pain_ligand:SEMA3A; pain_receptor:NRP2
Macrophage_M2	Fibrochondrocyte_stressed	CXCL8	SDC2	1.0229812	0.04	0.6462317	0.25169622262692115	0.018006529476851107	0.0066457703	0.7424584	0.7198060854509382	0.5101315933734696	degenerated	True	pain_ligand:CXCL8
NP_fibrocartilaginous	AF_inner	TNFSF12	TNFRSF12A	0.6624253	0.9	0.34965658	0.0308202348298319	0.06050278604499071	0.010645256	0.6795451	1.0	0.510153885601355	degenerated	True	pain_ligand:TNF
Fibrochondrocyte_chondroid	Fibrochondrocyte_chondroid	VEGFA	GPC1	0.7564822	0.0	0.3499127	0.17961579674941433	0.5824529294033718	0.010670435	0.67962486	0.12850464562803973	0.5107513237097338	degenerated	True	pain_ligand:VEGFA
Fibroblast_like	AF_inner	VEGFA	GPC1	0.22928628	1.0	0.048561826	-0.3761505563660004	-0.8982748777928721	0.0014808717	0.44142646	1.0	0.5110872958265407	degenerated	True	pain_ligand:VEGFA
Fibrochondrocyte_fibroid	Macrophage_M2	FGF2	SDC2	0.7570554	0.57	0.2555447	-0.08535155315136009	-0.2615161439790508	0.0039973916	0.64448977	1.0	0.5111248150300547	degenerated	True	pain_ligand:FGF2
NP_mature_chondrocyte	EP_hyaline	TNFSF10	TNFRSF11B	0.7049822	0.0	0.3500972	0.19890928594971136	0.3673555297874906	0.015634557	0.6796822	0.05944238411013816	0.5112743614632654	degenerated	True	pain_ligand:TNF
AF_outer	EP_hyaline	VEGFA	CD44	0.6035277	1.0	0.30022624	-0.38155291464716223	-0.7536788752378273	0.001758252	0.6627279	1.0	0.5120969755989169	degenerated	True	pain_ligand:VEGFA
Fibrochondrocyte_fibroid	NP_fibrocartilaginous	PTGS2	CAV1	1.0402722	0.5	0.64472014	0.013530799864004128	-0.3373111194507934	0.0046849917	0.7422344	1.0	0.5122963729776021	degenerated	True	pain_ligand:PTGS2
NP_stressed	NP_stressed	PGF	NRP2	0.7379974	0.0	0.25506064	0.6270088840866361	0.6834875074007456	0.026931303	0.64427257	0.014610543646708012	0.512770604358704	degenerated	True	pain_receptor:NRP2
AF_outer	AF_inner	VEGFA	ITGB1	0.67545176	1.0	0.35064596	-0.43085485662613376	-0.979129239962301	0.001987932	0.67985266	1.0	0.5129953335730398	degenerated	True	pain_ligand:VEGFA
NP_mature_chondrocyte	Fibroblast_like	NGF	ERBB2	0.23557231	0.0	0.048736274	0.2887762787730823	0.3885336021503811	0.053114135	0.4418686	0.01619840591300014	0.5134481467870916	degenerated	True	pain_ligand:NGF
NP_mature_chondrocyte	NP_stressed	VEGFA	ITGAV	0.7039612	0.02	0.2547991	-0.0013402789161239825	0.018197353807753502	0.0048437007	0.64415497	1.0	0.5138197921503482	degenerated	True	pain_ligand:VEGFA
Fibrochondrocyte_stressed	Fibrochondrocyte_fibroid	VEGFA	NRP2	0.9769646	0.01	0.8359025	0.22869613443274703	0.31906989530162355	0.0102628805	0.7662869	0.2656303402238959	0.5139928317918959	degenerated	True	pain_ligand:VEGFA; pain_receptor:NRP2
Fibrochondrocyte_stressed	Macrophage_M2	TNFSF13B	HLA-DPB1	0.97645736	0.0	0.78838503	1.7641743102257212	1.612938980711477	0.07205874	0.7610054	2.4869200898115474e-05	0.5145587316499252	degenerated	True	pain_ligand:TNF
NP_mature_chondrocyte	AF_inner	FGF2	SDC4	0.9757271	0.0	0.9413903	0.35137010410785735	0.6032640459162946	0.023331178	0.7767603	0.015267623538825359	0.515408053179841	degenerated	True	pain_ligand:FGF2
Fibrochondrocyte_chondroid	AF_inner	PDGFC	FLT1	0.23204614	0.67	0.048885047	-0.019268948910465877	0.12047222420973067	0.0044463193	0.4422445	1.0	0.5158075043564998	degenerated	True	pain_receptor:FLT1
Fibrochondrocyte_fibroid	NP_stressed	FGF2	SDC2	0.7538219	0.89	0.25429332	-0.08870065890562936	-0.2859519586698778	0.0039778166	0.6439272	1.0	0.5159224593005118	degenerated	True	pain_ligand:FGF2
NP_fibrocartilaginous	NP_stressed	SEMA3A	NRP2	0.7759237	0.0	0.35185793	0.31590445136441886	0.309078965530869	0.013329963	0.68022805	0.04307100626423659	0.5162984670371823	degenerated	True	pain_ligand:SEMA3A; pain_receptor:NRP2
EP_hyaline	AF_inner	ADAM17	IL6R	0.2213096	0.81	0.048959084	-0.020407595476897484	-0.06807390883258779	0.003647884	0.44243115	1.0	0.5164507252012036	degenerated	True	pain_receptor:IL6R
NP_stressed	AF_outer	FGF2	CD44	0.975224	0.03	0.85531104	0.05390379924494894	-0.02587331953359484	0.008983179	0.76833594	0.5519785730485128	0.5167302431954433	degenerated	True	pain_ligand:FGF2
EP_hyaline	NP_mature_chondrocyte	SEMA3A	NRP2	0.60200036	0.0	0.29086208	0.12434390603511586	0.3113194169736145	0.011019167	0.6591775	0.15648319404770514	0.5169005257814723	degenerated	True	pain_ligand:SEMA3A; pain_receptor:NRP2
AF_outer	Fibrochondrocyte_stressed	VEGFA	ITGB1	0.6779036	1.0	0.35236475	-0.42852118164206576	-0.9063917075062359	0.0019976762	0.6803846	1.0	0.5175032186197522	degenerated	True	pain_ligand:VEGFA
Fibroblast_like	NP_mature_chondrocyte	VEGFA	ITGB1	0.74851716	1.0	0.35243005	-0.36201483864919265	-0.9928528265272821	0.0019980466	0.6804047	1.0	0.5176538402953273	degenerated	True	pain_ligand:VEGFA
Macrophage_M2	NP_mature_chondrocyte	TNFSF12	TNFRSF12A	0.97454214	0.0	0.81594664	0.45140484069985976	0.5384987967641676	0.024841405	0.7641163	0.015267623538825359	0.5181481648047269	degenerated	True	pain_ligand:TNF
Fibrochondrocyte_fibroid	Fibroblast_like	GRN	TNFRSF1A	0.9744878	0.0	0.94768345	0.28289082899571666	0.14240335592093878	0.0100983875	0.7773373	0.16744500347852018	0.5184319581165137	degenerated	True	pain_receptor:TNFRSF1A
Macrophage_M2	Macrophage_M2	FGF2	CD44	0.81149095	0.69	0.3529349	-0.13391470894309515	-0.24407260331791747	0.0037068122	0.68056035	1.0	0.5187096763986823	degenerated	True	pain_ligand:FGF2
Macrophage_M2	Fibrochondrocyte_chondroid	FGF2	SDC2	0.61906356	0.9	0.25337464	-0.22571788944011886	-0.07907236828190345	0.0039634462	0.6435122	1.0	0.5187851005781443	degenerated	True	pain_ligand:FGF2
AF_outer	Fibrochondrocyte_stressed	ADAM10	IL6R	0.6011602	0.0	0.31545025	0.5210943013552413	0.528904646303245	0.018438676	0.66823363	0.015267623538825359	0.5188606985922564	degenerated	True	pain_receptor:IL6R
Fibroblast_like	NP_notochordal	ADAM10	IL6R	0.6082081	0.0	0.35319084	0.5377726368325912	0.6674486975232825	0.020644687	0.68063915	0.015267623538825359	0.519238132409553	degenerated	True	pain_receptor:IL6R
NP_fibrocartilaginous	NP_stressed	SEMA3E	NRP2	0.7372882	0.0	0.2532504	0.3256169781948195	0.3578039901654653	0.019083096	0.6434559	0.020555945633461466	0.5194647471947956	degenerated	True	pain_receptor:NRP2
Fibrochondrocyte_stressed	NP_fibrocartilaginous	VEGFA	ITGAV	0.974064	0.0	0.82823765	0.341288554319305	0.4692656197820957	0.0157447	0.76546097	0.016170665954188628	0.5194728709532246	degenerated	True	pain_ligand:VEGFA
AF_inner	Macrophage_M2	GRN	TNFRSF1A	0.61765003	0.78	0.3533813	-0.10202637764106585	-0.2911964890032609	0.0037655842	0.68069774	1.0	0.519691427905848	degenerated	True	pain_receptor:TNFRSF1A
NP_mature_chondrocyte	Fibrochondrocyte_stressed	FGF2	FGFR1	0.65674245	1.0	0.25305903	-0.1079963962914933	-0.06605760672139804	0.0048771603	0.6433692	1.0	0.5200692644307527	degenerated	True	pain_ligand:FGF2
Fibrochondrocyte_stressed	NP_fibrocartilaginous	VEGFA	EGFR	0.79444623	0.0	0.35358474	0.3243520285995828	0.4339916710391193	0.017762177	0.68076026	0.015267623538825359	0.5201448203455401	degenerated	True	pain_ligand:VEGFA
EP_hyaline	unassigned	VEGFA	CD44	0.97365296	0.81	0.8915685	-0.020489617111440345	0.39667275321767304	0.0052214027	0.7720103	1.0	0.5204198614673788	degenerated	True	pain_ligand:VEGFA
Fibrochondrocyte_stressed	EP_hyaline	TNFSF10	TNFRSF10B	0.22188218	0.59	0.049176976	-0.005652892216221787	0.04475464227930953	0.0063348077	0.4429789	0.9844045252281257	0.5205217412118197	degenerated	True	pain_ligand:TNF
NP_fibrocartilaginous	EP_hyaline	GRN	TNFRSF1A	0.70726675	0.92	0.35378012	-0.04914999785413822	-0.09027645524058969	0.0037698336	0.6808203	1.0	0.5205230434472227	degenerated	True	pain_receptor:TNFRSF1A
Macrophage_M2	NP_mature_chondrocyte	FGF2	FGFR1	0.6181371	0.84	0.2528953	-0.14905223663564923	-0.17371622348670834	0.004874005	0.643295	1.0	0.5207500319064874	degenerated	True	pain_ligand:FGF2
Fibrochondrocyte_fibroid	AF_outer	PTGS2	CAV1	1.032511	0.57	0.63883907	0.006226645841193701	-0.3397138358469671	0.0046422556	0.74135685	1.0	0.5214622015409232	degenerated	True	pain_ligand:PTGS2
Fibrochondrocyte_fibroid	Fibrochondrocyte_fibroid	TNFSF10	TNFRSF10B	0.60020256	0.0	0.310383	0.6680458629725703	0.7193410293277478	0.03998246	0.66643614	0.010600158611615687	0.5215070809846787	degenerated	True	pain_ligand:TNF
Macrophage_M2	Macrophage_M2	VEGFA	SIRPA	0.6001117	0.38	0.35185564	0.16509693077324816	0.2169537965163914	0.007324757	0.68022734	0.7594915060688131	0.5221131813618014	degenerated	True	pain_ligand:VEGFA
Fibrochondrocyte_stressed	NP_mature_chondrocyte	GRN	TNFRSF1A	0.97286767	0.0	0.667997	0.23845970902286034	0.164555777327832	0.0071180873	0.7456126	0.591253332990607	0.5221259164600219	degenerated	True	pain_receptor:TNFRSF1A
NP_stressed	EP_hyaline	TNFSF11	TNFRSF11B	0.66010755	0.0	0.25242653	0.24290108072716454	0.3353568220896039	0.029844277	0.6430821	0.031786971907072054	0.5230232121626976	degenerated	True	pain_ligand:TNF
NP_mature_chondrocyte	NP_mature_chondrocyte	FGF2	FGFR3	0.65644836	0.0	0.2524244	0.37506760552988	0.6702089735090417	0.02604121	0.64308107	0.015267623538825359	0.5230990539010405	degenerated	True	pain_ligand:FGF2
NP_mature_chondrocyte	NP_fibrocartilaginous	SEMA3A	NRP2	0.5997219	0.0	0.34772468	0.14812337118102675	0.275505855679183	0.013173378	0.67894155	0.11487901750522564	0.523326790583245	degenerated	True	pain_ligand:SEMA3A; pain_receptor:NRP2
NP_stressed	AF_inner	ADAM17	IL6R	0.22216332	0.72	0.049329538	-0.01884051135552013	-0.19460655322468012	0.0036754855	0.44336113	1.0	0.5239465499158548	degenerated	True	pain_receptor:IL6R
NP_mature_chondrocyte	Fibrochondrocyte_fibroid	PDGFC	FLT1	0.99289054	0.0	0.6365646	1.3754802971166158	1.300304317758453	0.05789847	0.7410147	0.00011799247085198067	0.5242137824317477	degenerated	True	pain_receptor:FLT1
NP_fibrocartilaginous	AF_outer	VEGFA	CD44	0.9720292	1.0	0.84710264	-0.02084815049401416	-0.2232954299069443	0.0049609924	0.7674766	1.0	0.5243086990249994	degenerated	True	pain_ligand:VEGFA
NP_notochordal	NP_fibrocartilaginous	VEGFA	NRP2	0.5992238	1.0	0.3470183	-0.13310465022104756	-0.16837550243044197	0.0042605535	0.6787199	1.0	0.5243143574590723	degenerated	True	pain_ligand:VEGFA; pain_receptor:NRP2
NP_stressed	NP_fibrocartilaginous	FGF2	FGFRL1	0.59911865	0.68	0.3544984	-0.014002125305603758	-0.1124284238577774	0.010294035	0.68104064	1.0	0.5249226305635311	degenerated	True	pain_ligand:FGF2
AF_outer	EP_hyaline	FGF2	SDC4	0.59980303	1.0	0.35555416	-0.07371250795176906	-0.06817017032190043	0.008811965	0.6813635	1.0	0.5250748562373109	degenerated	True	pain_ligand:FGF2
AF_inner	Fibrochondrocyte_stressed	TNFSF9	HLA-DPA1	0.9535568	0.0	0.2521457	1.8214322371013973	1.3552943056407138	0.032230534	0.6429543	0.005007760076406889	0.5251508961758331	degenerated	True	pain_ligand:TNF
NP_fibrocartilaginous	Fibrochondrocyte_fibroid	ANGPT1	ITGB1	0.9843251	0.0	0.35579827	0.26122356347677833	0.3423318251067526	0.02584115	0.681438	0.02448542792659268	0.5256076259064719	degenerated	True	pain_ligand:ANGPT1
Macrophage_M2	Fibrochondrocyte_fibroid	ADAM17	IL6R	0.23373632	0.47	0.0494063	0.011681134768853706	-0.20702692643136927	0.0036812052	0.443553	1.0	0.52565774150591	degenerated	True	pain_receptor:IL6R
Fibrochondrocyte_fibroid	NP_fibrocartilaginous	TNFSF12	TNFRSF12A	0.7695019	0.02	0.3558097	0.09495217956439686	0.14713011391813424	0.010832586	0.68144155	0.30449961405007375	0.5257598159794139	degenerated	True	pain_ligand:TNF
Fibrochondrocyte_stressed	AF_inner	TNFSF10	TNFRSF10B	0.22248015	0.56	0.04943349	-0.004677764683972619	-0.08362728690836396	0.0063678506	0.4436209	0.9464465563533654	0.5258716034320856	degenerated	True	pain_ligand:TNF
Fibroblast_like	NP_notochordal	ADAM17	IL6R	0.59871304	0.0	0.33918488	0.5853321804641989	0.7516626489580611	0.025272265	0.6762254	0.015267623538825359	0.5260644523144145	degenerated	True	pain_receptor:IL6R
AF_inner	NP_stressed	FGF2	FGFR1	0.59863305	1.0	0.3510987	-0.17202233553512525	-0.3057633145754609	0.0067666606	0.6799931	1.0	0.526369206301842	degenerated	True	pain_ligand:FGF2
NP_stressed	Macrophage_M2	CXCL8	SDC3	0.6128419	0.0	0.35600543	1.075947300843313	0.7358244948583167	0.02385918	0.6815012	0.015267623538825359	0.5265217115016514	degenerated	True	pain_ligand:CXCL8
Fibrochondrocyte_stressed	NP_fibrocartilaginous	VEGFB	ADRB2	0.22647312	1.0	0.049457062	-0.21711496111391776	-0.4150341082073485	0.0037121344	0.4436797	1.0	0.5267268689502382	degenerated	True	pain_ligand:VEGFB
unassigned	unassigned	VEGFA	CD44	0.5984999	1.0	0.33926848	-0.38673069444224706	0.18753378340327131	0.0019868999	0.6762524	1.0	0.5267504404249806	degenerated	True	pain_ligand:VEGFA
NP_stressed	NP_notochordal	VEGFA	SIRPA	1.0483954	0.0	0.63497317	0.4989642098490203	0.709073074381268	0.013218558	0.7407745	0.045234721711404496	0.5270657318958747	degenerated	True	pain_ligand:VEGFA
Fibrochondrocyte_chondroid	Fibrochondrocyte_stressed	IL11	IL6R	0.5982657	0.0	0.31072927	0.6403719747046127	1.0704599944239308	0.044071127	0.66656	0.00514739859528739	0.5278949102713064	degenerated	True	pain_receptor:IL6R
Fibrochondrocyte_fibroid	NP_notochordal	ADAM10	IL6R	0.61056936	0.0	0.35667393	0.5416303201257465	0.861166230563744	0.02084828	0.68170476	0.015267623538825359	0.5285823197959535	degenerated	True	pain_receptor:IL6R
AF_inner	NP_notochordal	VEGFA	SIRPA	1.0467367	0.0	0.6337554	0.4973446241672323	0.7410058587729629	0.013193207	0.7405901	0.04568612500321436	0.5290652832058773	degenerated	True	pain_ligand:VEGFA
Fibrochondrocyte_chondroid	Fibrochondrocyte_fibroid	FGF2	FGFR1	0.59782296	1.0	0.3478777	-0.17296015592905145	0.2312775340804767	0.0067045833	0.67898947	1.0	0.529270494555052	degenerated	True	pain_ligand:FGF2
Fibrochondrocyte_chondroid	NP_stressed	FGF2	FGFR1	0.6043881	1.0	0.35700807	-0.1656080820172294	0.10065405108364611	0.006880551	0.6818063	1.0	0.5294235596086709	degenerated	True	pain_ligand:FGF2
NP_notochordal	AF_inner	GRN	TNFRSF1A	0.96963835	0.0	0.7750475	0.24549353718082179	0.4657887310812254	0.008258803	0.7594504	0.3216441740954362	0.52954180429327	degenerated	True	pain_receptor:TNFRSF1A
unassigned	AF_inner	GRN	TNFRSF1A	0.59864837	1.0	0.35712686	-0.14140230817763072	0.09764075145462625	0.0038054963	0.68184245	1.0	0.5297296094020328	degenerated	True	pain_receptor:TNFRSF1A
AF_outer	Fibrochondrocyte_fibroid	PDGFC	FLT1	0.9048043	0.0	0.3575289	1.2329928317327694	1.0020252174196873	0.032518886	0.68196446	0.004758235099535438	0.5308017970218314	degenerated	True	pain_receptor:FLT1
unassigned	EP_hyaline	VEGFA	NRP2	0.6185662	1.0	0.3577656	-0.1080886678723547	0.32208888373640976	0.004392504	0.6820362	1.0	0.5314150763839025	degenerated	True	pain_ligand:VEGFA; pain_receptor:NRP2
Fibroblast_like	AF_outer	FGF2	CD44	0.96852684	0.02	0.8381038	0.04643957551213379	-0.1706469433537694	0.008802454	0.76652235	1.0	0.5317356822604055	degenerated	True	pain_ligand:FGF2
Fibrochondrocyte_chondroid	NP_fibrocartilaginous	VEGFA	NRP2	0.96851254	0.0	0.8706699	0.22741116994185775	0.49771605911456396	0.010689741	0.7699161	0.127197552413797	0.5318311871913168	degenerated	True	pain_ligand:VEGFA; pain_receptor:NRP2
Fibrochondrocyte_stressed	NP_fibrocartilaginous	TNFSF12	TNFRSF12A	0.7703763	0.0	0.35800552	0.09664825970632884	0.15414333415997844	0.0108994385	0.68210894	0.2178275968862642	0.532259148902187	degenerated	True	pain_ligand:TNF
EP_hyaline	AF_outer	PDGFA	PDGFRA	0.5963455	0.0	0.27808827	0.3951889024717434	0.6253250857237462	0.03356	0.6541147	0.015267623538825359	0.532950341060963	degenerated	True	pain_ligand:PDGFA
NP_fibrocartilaginous	NP_stressed	VEGFA	NRP2	0.9677608	0.0	0.8414734	0.27841370558723505	0.17120615094108627	0.010331278	0.76688117	0.149566236992373	0.5333593567592247	degenerated	True	pain_ligand:VEGFA; pain_receptor:NRP2
NP_mature_chondrocyte	EP_hyaline	FGF2	CD44	0.9677447	0.0	0.92416525	0.07421722656346641	0.3032822663922701	0.009706343	0.77515507	0.2805694443314572	0.533454859758361	degenerated	True	pain_ligand:FGF2
AF_outer	Fibrochondrocyte_chondroid	FGF2	FGFRL1	0.6025301	0.6	0.35847175	0.0021638860791630687	0.10806741408736864	0.010409414	0.68225	0.9968380330174399	0.5334884238656808	degenerated	True	pain_ligand:FGF2
Fibroblast_like	Fibrochondrocyte_chondroid	VEGFA	CD44	0.5958853	1.0	0.26310566	-0.3889186095105837	-0.5777568444888729	0.0015408582	0.64782315	1.0	0.5334884238656808	degenerated	True	pain_ligand:VEGFA
NP_stressed	AF_outer	VEGFA	SIRPA	1.0472393	0.0	0.63097405	0.49709530067787716	0.4865829840313254	0.013135308	0.7401673	0.04679865057625952	0.5340283215685953	degenerated	True	pain_ligand:VEGFA
NP_fibrocartilaginous	NP_mature_chondrocyte	VEGFA	ITGAV	0.60177815	1.0	0.35881692	-0.03793618726255021	-0.1883276361761549	0.0068210666	0.68235433	1.0	0.5342577659282344	degenerated	True	pain_ligand:VEGFA
AF_outer	AF_outer	GRN	TNFRSF1A	0.9669363	0.0	0.8774775	0.2571131565986763	0.22602505573069298	0.009350283	0.77060527	0.22981135526451332	0.5347933828666541	degenerated	True	pain_receptor:TNFRSF1A
NP_notochordal	Fibrochondrocyte_stressed	CXCL8	SDC2	0.6550113	0.87	0.35897893	-0.07886732494661342	-0.3133630628713696	0.0036916966	0.68240327	1.0	0.5348737038761099	degenerated	True	pain_ligand:CXCL8
NP_fibrocartilaginous	Fibrochondrocyte_stressed	TNFSF9	HLA-DPA1	0.98384684	0.0	0.35902053	1.8854351448169526	1.446265364192496	0.04589181	0.6824158	0.0005588116690137374	0.5350278472793963	degenerated	True	pain_ligand:TNF
Macrophage_M2	Fibrochondrocyte_chondroid	VEGFA	NRP2	0.5954698	0.67	0.347129	-0.1392499301342714	0.06679407851710872	0.0042619123	0.6787546	1.0	0.5351048450946766	degenerated	True	pain_ligand:VEGFA; pain_receptor:NRP2
AF_inner	AF_outer	VEGFA	SIRPA	1.0455806	0.0	0.62976396	0.49547571499608917	0.5185157684230203	0.013110116	0.7399828	0.04726169438632311	0.5356066530623531	degenerated	True	pain_ligand:VEGFA
NP_stressed	Fibrochondrocyte_chondroid	PTGS2	CAV1	0.96655494	0.9	0.743225	-0.08535150167907246	-0.2671593203240472	0.0054007974	0.7556	1.0	0.5356544750799482	degenerated	True	pain_ligand:PTGS2
NP_fibrocartilaginous	AF_inner	PIGF	FLT1	0.23541774	0.01	0.04997486	0.06753280120149002	0.040767314800421534	0.006374661	0.44496548	0.8062125711408571	0.5356952010869319	degenerated	True	pain_receptor:FLT1
Fibrochondrocyte_chondroid	AF_inner	FGF2	CD44	0.9663131	0.15	0.8603486	0.04714391734088813	0.39474956464861977	0.009036087	0.7688582	0.5192085785167423	0.5358458838666075	degenerated	True	pain_ligand:FGF2
NP_fibrocartilaginous	Fibroblast_like	VEGFA	NRP2	0.6024331	1.0	0.3596806	-0.1448900428494468	-0.5058076844832009	0.0044160164	0.6826148	1.0	0.5362613798668425	degenerated	True	pain_ligand:VEGFA; pain_receptor:NRP2
Fibrochondrocyte_fibroid	Fibroblast_like	TNFSF10	TNFRSF10B	0.59514606	0.0	0.302055	0.6597995680875189	0.6205151740130694	0.03890968	0.66340625	0.015267623538825359	0.5362613798668425	degenerated	True	pain_ligand:TNF
NP_mature_chondrocyte	NP_stressed	TNFSF10	TNFRSF10B	0.23861343	0.26	0.050032444	0.03161933479952088	0.03529549951972347	0.0064450055	0.44510773	0.7847152087343723	0.5363349842316939	degenerated	True	pain_ligand:TNF
NP_mature_chondrocyte	unassigned	GRN	TNFRSF1A	0.59498405	1.0	0.35351703	-0.14048088320891322	0.12679117502596127	0.0037670303	0.68073946	1.0	0.5365700589762574	degenerated	True	pain_receptor:TNFRSF1A
EP_hyaline	Macrophage_M2	FGF2	FGFR3	0.6438855	0.0	0.35991827	0.48217780623751827	0.6788635786535716	0.037130747	0.6826863	0.015267623538825359	0.5367245281030035	degenerated	True	pain_ligand:FGF2
NP_mature_chondrocyte	AF_outer	SEMA3C	NRP2_PLXNA3	0.26414648	1.0	0.05009801	-0.021057241116236584	-0.07717984823070109	0.009432066	0.44526944	1.0	0.5369746566331475	degenerated	True	pain_receptor:NRP2
NP_mature_chondrocyte	unassigned	VEGFA	CD44	0.96536803	0.99	0.8793715	-0.02857728394654782	0.39570025305103507	0.0051499726	0.7707957	1.0	0.5372822747596184	degenerated	True	pain_ligand:VEGFA
Macrophage_M2	Fibroblast_like	FGF2	FGFR2	0.22623661	0.89	0.05012942	-0.14129843049229696	-0.27332024010318134	0.0067247963	0.44534686	1.0	0.5374010041901575	degenerated	True	pain_ligand:FGF2
NP_notochordal	unassigned	VEGFA	CD44	0.61277354	1.0	0.36028206	-0.3727961869713107	-0.09562793673737968	0.0021099646	0.68279576	1.0	0.5376514539081334	degenerated	True	pain_ligand:VEGFA
AF_outer	Fibrochondrocyte_stressed	TNFSF9	HLA-DPA1	0.95274246	0.0	0.2492725	1.8197115660243453	1.325022224862488	0.031863265	0.64163774	0.005385742042955258	0.5380381157018823	degenerated	True	pain_ligand:TNF
Fibroblast_like	Macrophage_M2	ANGPT1	ITGB1	0.6660646	0.76	0.24907029	-0.02514139098360317	-0.144263061240665	0.01808964	0.64154446	1.0	0.538579617019193	degenerated	True	pain_ligand:ANGPT1
AF_outer	Fibrochondrocyte_chondroid	VEGFA	ITGB1	0.6896997	1.0	0.36063397	-0.4172932273992027	-0.6175717029356603	0.0020445574	0.6829015	1.0	0.5388891850087726	degenerated	True	pain_ligand:VEGFA
Macrophage_M2	NP_fibrocartilaginous	VEGFA	NRP2	0.609063	0.65	0.36097038	-0.12349908387421263	-0.1897359974188212	0.0044318517	0.6830024	1.0	0.5396637093837013	degenerated	True	pain_ligand:VEGFA; pain_receptor:NRP2
Fibrochondrocyte_stressed	unassigned	ADAM17	IL6R	0.5941473	0.0	0.2957833	0.5609365275933279	1.2312087282156732	0.022038465	0.6610596	0.015267623538825359	0.5401286432025308	degenerated	True	pain_receptor:IL6R
Fibrochondrocyte_fibroid	AF_outer	FGF2	CD44	0.73908305	1.0	0.2485892	-0.20928867324889983	-0.42235976822592	0.0026108879	0.64132214	1.0	0.5402063006744289	degenerated	True	pain_ligand:FGF2
Fibrochondrocyte_stressed	AF_inner	VEGFA	NRP2	0.9636319	0.0	0.8006701	0.2132477321472627	0.23870398846372465	0.009830311	0.7624087	0.18675040411666186	0.5406392834342797	degenerated	True	pain_ligand:VEGFA; pain_receptor:NRP2
NP_fibrocartilaginous	Macrophage_M2	FGF2	CD44	0.96361923	0.44	0.7680279	0.03564083192807166	-0.10969592488000979	0.00806646	0.75861835	0.8416307344665892	0.5407352460288775	degenerated	True	pain_ligand:FGF2
Fibroblast_like	AF_inner	VEGFA	CD44	0.76493716	1.0	0.36203954	-0.2231269258330168	-0.6634684325117556	0.002120257	0.68332255	1.0	0.5414477768716364	degenerated	True	pain_ligand:VEGFA
Fibroblast_like	NP_fibrocartilaginous	VEGFB	ADRB2	0.7677618	0.0	0.24828261	0.4206291327448494	0.299310125941716	0.018635528	0.64118016	0.03952995014648402	0.5416031806805626	degenerated	True	pain_ligand:VEGFB
Fibrochondrocyte_stressed	NP_stressed	GRN	TNFRSF1A	0.9627619	0.0	0.637668	0.22614039788411572	0.21088364774289714	0.006794905	0.7411809	0.6737708122216965	0.5421763607063579	degenerated	True	pain_receptor:TNFRSF1A
NP_notochordal	NP_notochordal	ADAM10	IL6R	0.59273773	0.0	0.33037087	0.5124976586276604	0.9679481414906178	0.019310815	0.67333645	0.015267623538825359	0.5436251062191423	degenerated	True	pain_receptor:IL6R
Fibroblast_like	NP_fibrocartilaginous	FGF2	FGFRL1	0.5924214	0.88	0.34736654	-0.02146634903841891	-0.25720204767795196	0.010086938	0.67882925	1.0	0.5445599576988572	degenerated	True	pain_ligand:FGF2
AF_inner	Fibrochondrocyte_fibroid	FGF2	FGFR1	0.59206796	1.0	0.34211946	-0.1793744094469473	-0.17513983157863033	0.0065936055	0.6771678	1.0	0.545183787057778	degenerated	True	pain_ligand:FGF2
NP_mature_chondrocyte	Fibrochondrocyte_fibroid	IL11	IL6R	0.2375444	0.21	0.050635874	0.08615681016551077	0.1298247883974819	0.0071817506	0.4465887	0.5868442972196554	0.5461308765219586	degenerated	True	pain_receptor:IL6R
Fibrochondrocyte_stressed	NP_notochordal	GRN	TNFRSF1A	0.9607002	0.0	0.6314807	0.22362711541388347	0.39660168611404134	0.0067289737	0.7402446	0.40215652564278315	0.5462184386245794	degenerated	True	pain_receptor:TNFRSF1A
AF_inner	AF_inner	FGF2	CD44	0.9605581	0.04	0.84610766	0.0407296638229923	-0.011667801010487255	0.008886517	0.7673718	0.5051944485731898	0.5465076009314183	degenerated	True	pain_ligand:FGF2
AF_inner	NP_fibrocartilaginous	FGF2	FGFRL1	0.6081526	0.51	0.36411867	-0.0039331164465652765	-0.09379473475812772	0.010573392	0.6839418	0.8901256578470755	0.5468237348100595	degenerated	True	pain_ligand:FGF2
unassigned	Fibrochondrocyte_stressed	VEGFA	SIRPA	0.625645	0.0	0.3642908	0.2218244635507259	0.5331404264236538	0.0075836256	0.68399286	0.4091810093089683	0.547292943911961	degenerated	True	pain_ligand:VEGFA
EP_hyaline	NP_fibrocartilaginous	VEGFA	NRP2	0.96010315	0.0	0.8587454	0.21920191963882277	0.32392518752461075	0.010543336	0.7686924	0.13621700892075708	0.5476646819997115	degenerated	True	pain_ligand:VEGFA; pain_receptor:NRP2
Macrophage_M2	NP_stressed	PTGS2	CAV1	0.9600935	0.53	0.7059771	-0.06527545234369583	-0.3271450783205695	0.005130128	0.7508214	1.0	0.54776108219343	degenerated	True	pain_ligand:PTGS2
Fibrochondrocyte_chondroid	Macrophage_M2	VEGFA	SIRPA	0.9595612	0.01	0.8486849	0.5160071845893186	0.9044058530497765	0.017667504	0.76764315	0.12543871524651237	0.5491121628408002	degenerated	True	pain_ligand:VEGFA
Macrophage_M2	AF_outer	TNFSF10	TNFRSF10B	0.22654986	0.44	0.050814886	0.005186282497661655	-0.034868186500056964	0.0065457975	0.44702482	0.8190630261993896	0.5495319984709739	degenerated	True	pain_ligand:TNF
NP_notochordal	Fibrochondrocyte_stressed	ADAM10	IL6R	0.63172084	0.0	0.36529484	0.5710229280916497	0.8180956637702961	0.02135219	0.68429023	0.015267623538825359	0.5499564622800999	degenerated	True	pain_receptor:IL6R
NP_notochordal	Macrophage_M2	VEGFA	SIRPA	0.5902724	0.41	0.33825585	0.15549136442641323	0.23831429150477063	0.007041644	0.67592514	0.7906655359035475	0.5510557630404489	degenerated	True	pain_ligand:VEGFA
unassigned	Fibroblast_like	VEGFA	GPC1	0.6278291	0.0	0.36630413	0.23010579348249802	0.41593034760614706	0.011170284	0.6845882	0.1045413353578453	0.552077902711701	degenerated	True	pain_ligand:VEGFA
Fibrochondrocyte_stressed	AF_inner	TNFSF10	TNFRSF10D	0.22605172	0.76	0.05096558	-0.02570001072477959	-0.1040826104487842	0.006802121	0.44739082	1.0	0.552505422900617	degenerated	True	pain_ligand:TNF
NP_mature_chondrocyte	Fibroblast_like	SEMA3C	NRP2_PLXNA3	0.26523432	0.99	0.050977875	-0.01826678847964239	-0.11148195999254137	0.0095977215	0.44742066	1.0	0.5529300348151803	degenerated	True	pain_receptor:NRP2
NP_stressed	NP_stressed	FGF2	FGFR1	0.58959913	1.0	0.3418224	-0.18209134439416372	-0.3243970036751106	0.0065878807	0.6770728	1.0	0.5531013055631213	degenerated	True	pain_ligand:FGF2
AF_outer	Fibrochondrocyte_fibroid	VEGFA	ITGB1	1.0589188	0.87	0.6194618	-0.06585988683849078	-0.41867335100700453	0.0035119408	0.7383928	1.0	0.5539469156233452	degenerated	True	pain_ligand:VEGFA
NP_mature_chondrocyte	AF_outer	FGF2	SDC2	0.95744205	0.0	0.9019332	0.1570738067318984	0.27689836551126	0.0141086085	0.7730259	0.10137469887248364	0.5540437022745267	degenerated	True	pain_ligand:FGF2
Fibroblast_like	Macrophage_M2	NGF	MAGED1	0.68649596	0.01	0.24476413	0.3946206397521604	0.43953897477326964	0.031007765	0.6395367	0.13249033939334268	0.5543624528782604	degenerated	True	pain_ligand:NGF
Fibrochondrocyte_chondroid	NP_mature_chondrocyte	ADAM10	IL6R	0.22712463	0.89	0.051102996	-0.05247672300568097	-0.13194884993024913	0.0029870686	0.44772372	1.0	0.5544157019961301	degenerated	True	pain_receptor:IL6R
EP_hyaline	Fibrochondrocyte_chondroid	FGF2	FGFR1	0.95722026	0.0	0.9099475	0.22903208119638413	0.7174808927980033	0.017537251	0.773801	0.03936760970314233	0.5544312286306424	degenerated	True	pain_ligand:FGF2
AF_inner	AF_outer	GRN	TNFRSF1A	0.58857906	1.0	0.32721815	-0.13746516563811112	-0.4021963393565259	0.0034867928	0.67228097	1.0	0.5563369618903358	degenerated	True	pain_receptor:TNFRSF1A
AF_inner	NP_stressed	VEGFA	ITGAV	0.96982825	0.0	0.3682105	0.2582098401815904	0.2067619799151072	0.0069996375	0.6851483	0.6192517576901849	0.5564952016124389	degenerated	True	pain_ligand:VEGFA
Fibrochondrocyte_fibroid	EP_hyaline	TNFSF10	TNFRSF11B	0.95587873	0.0	0.896179	0.6548146257679246	0.7878733460724396	0.04002135	0.77246386	0.005662368165712489	0.5575342063073143	degenerated	True	pain_ligand:TNF
Fibrochondrocyte_stressed	Macrophage_M2	SEMA3C	NRP2_PLXNA3	0.22667328	0.99	0.05127376	-0.3947119444094752	-0.6177838473400634	0.0020728265	0.4481362	1.0	0.557809162549179	degenerated	True	pain_receptor:NRP2
NP_stressed	NP_stressed	VEGFA	ITGAV	0.9714869	0.0	0.36891803	0.25982942586337837	0.1748291955234123	0.0070130876	0.68535537	0.6161635582115346	0.5583953700320827	degenerated	True	pain_ligand:VEGFA
Fibrochondrocyte_stressed	Macrophage_M2	VEGFA	ITGAV	0.752832	0.11	0.24361604	0.040850458335744716	-0.013847277757762344	0.004631112	0.6389946	1.0	0.5592677679561137	degenerated	True	pain_ligand:VEGFA
Fibrochondrocyte_fibroid	Fibrochondrocyte_chondroid	FGF2	FGFR3	0.22950345	1.0	0.051376004	-0.07909297582243047	-0.1349808270658917	0.0053001745	0.44838256	1.0	0.5592928540599862	degenerated	True	pain_ligand:FGF2
NP_notochordal	NP_fibrocartilaginous	CXCL8	SDC2	0.9550469	0.0	0.91086525	0.2319121755388065	0.10345051370217595	0.00936723	0.77388924	0.23118408043194844	0.5594766101674072	degenerated	True	pain_ligand:CXCL8
Macrophage_M2	EP_hyaline	PGF	NRP2	0.5870751	0.0	0.3088768	0.690480829126116	0.7287277623010702	0.032613635	0.6658952	0.009829485262785261	0.5595853879138467	degenerated	True	pain_receptor:NRP2
NP_mature_chondrocyte	Macrophage_M2	NGF	MAGED1	0.74010444	0.0	0.36939633	0.5072145817487221	0.7649156313539156	0.046796706	0.685495	0.015267623538825359	0.5598234190187847	degenerated	True	pain_ligand:NGF
Fibrochondrocyte_chondroid	Fibrochondrocyte_chondroid	VEGFA	NRP2	0.9549193	0.0	0.8372841	0.211660323681799	0.7542461350504939	0.010279843	0.7664348	0.15290195200162468	0.5599626060301264	degenerated	True	pain_ligand:VEGFA; pain_receptor:NRP2
AF_inner	Macrophage_M2	TNFSF9	HLA-DPA1	0.9229736	0.0	0.24340355	1.7528298596147918	1.382139546403901	0.031113066	0.63889396	0.004525630066186513	0.5602206380311693	degenerated	True	pain_ligand:TNF
AF_outer	Fibroblast_like	VEGFA	CD44	1.0527186	0.0	0.61511534	0.058975297586196324	-0.45219433490475736	0.003602376	0.7377122	1.0	0.5609349315975802	degenerated	True	pain_ligand:VEGFA
Fibrochondrocyte_chondroid	NP_fibrocartilaginous	FGF2	FGFRL1	0.6139077	0.44	0.37024722	0.002481137071330559	0.3126226309009793	0.010751354	0.68574303	0.8190630261993896	0.5615720965542379	degenerated	True	pain_ligand:FGF2
NP_fibrocartilaginous	Fibrochondrocyte_fibroid	ADAM10	IL6R	0.24022256	0.69	0.05150061	-0.025272545844130738	-0.23335035799913306	0.0030103102	0.44868213	1.0	0.5616230882455191	degenerated	True	pain_receptor:IL6R
NP_mature_chondrocyte	Fibrochondrocyte_chondroid	SEMA3A	NRP2	0.58612865	0.01	0.33439118	0.132372524920968	0.5320359316151129	0.0126682455	0.6746653	0.2656303402238959	0.5622886087190552	degenerated	True	pain_ligand:SEMA3A; pain_receptor:NRP2
NP_fibrocartilaginous	NP_fibrocartilaginous	FGF2	CD44	0.9541337	0.0	0.7573481	0.02633788096996023	-0.12297975941565942	0.007954291	0.75733393	0.8989038242838597	0.5622972815503795	degenerated	True	pain_ligand:FGF2
NP_mature_chondrocyte	Macrophage_M2	FGF2	FGFR1	0.71120465	0.53	0.370582	-0.04700612785726718	-0.011621874585446001	0.007142159	0.68584037	0.9127220948495222	0.5624479749419498	degenerated	True	pain_ligand:FGF2
NP_stressed	EP_hyaline	VEGFA	ITGAV	1.0425043	0.0	0.61459386	0.35627272535529253	0.42858368834956007	0.011683356	0.73763007	0.08452732272999423	0.5626867049516224	degenerated	True	pain_ligand:VEGFA
NP_mature_chondrocyte	EP_hyaline	SEMA3E	NRP2	0.58577144	0.0	0.30685288	0.2111326811136101	0.5086265311610947	0.023122186	0.6651635	0.05061623137024895	0.5630057300920386	degenerated	True	pain_receptor:NRP2
Fibrochondrocyte_chondroid	NP_mature_chondrocyte	SEMA3E	NRP2	0.5856798	0.0	0.26248157	0.1820402736649209	0.5410360107267558	0.01977869	0.6475522	0.07435935604778071	0.5633245876828912	degenerated	True	pain_receptor:NRP2
EP_hyaline	AF_outer	FGF2	FGFRL1	0.65026355	0.02	0.37111428	0.033158167517487694	0.07124413758416304	0.010776533	0.685995	0.4350798879938252	0.5634042769063873	degenerated	True	pain_ligand:FGF2
NP_notochordal	Fibrochondrocyte_chondroid	VEGFA	NRP2	0.58563054	1.0	0.3337119	-0.14885549648110633	0.08815457350548794	0.004097183	0.67444205	1.0	0.5634839736448793	degenerated	True	pain_ligand:VEGFA; pain_receptor:NRP2
NP_fibrocartilaginous	NP_mature_chondrocyte	ANGPT1	ITGB1	0.70287	1.0	0.24247342	-0.006672588553136502	-0.1420276010354134	0.01761052	0.6384521	1.0	0.5637232849429514	degenerated	True	pain_ligand:ANGPT1
AF_inner	EP_hyaline	VEGFA	ITGAV	1.0408456	0.0	0.6134151	0.35465313967350454	0.46051647274125496	0.011660949	0.7374443	0.08529662219037572	0.5647328767997088	degenerated	True	pain_ligand:VEGFA
Fibrochondrocyte_stressed	Fibrochondrocyte_stressed	ADAM17	IL6R	0.58521426	0.0	0.28944218	0.5475252963877929	0.6176937406682651	0.021565994	0.6586275	0.015267623538825359	0.5647610248139195	degenerated	True	pain_receptor:IL6R
Fibrochondrocyte_stressed	Fibrochondrocyte_chondroid	VEGFA	SIRPA	0.7523008	0.0	0.24221237	0.15104150308071176	0.29780945135403947	0.0050422577	0.6383278	0.7505410418770224	0.5650005212703555	degenerated	True	pain_ligand:VEGFA
Macrophage_M2	Fibrochondrocyte_chondroid	TNFSF10	TNFRSF11B	0.6106092	0.25	0.24217789	0.07854131740117047	0.3822916662788791	0.010815122	0.6383114	0.6269127466056522	0.56516039947254	degenerated	True	pain_ligand:TNF
Fibroblast_like	Fibroblast_like	FGF2	SDC2	0.611029	1.0	0.37164542	-0.21853827170273438	-0.7014658778382263	0.0058135125	0.686149	1.0	0.5652402617302286	degenerated	True	pain_ligand:FGF2
unassigned	NP_fibrocartilaginous	VEGFA	NRP2	0.5849502	1.0	0.32677832	-0.14703915769198395	0.11478621771020903	0.0040120548	0.6721328	1.0	0.565799861044064	degenerated	True	pain_ligand:VEGFA; pain_receptor:NRP2
NP_mature_chondrocyte	EP_hyaline	FGF2	SDC2	0.9525504	0.0	0.8913777	0.15200694048135294	0.43621164626002007	0.013943492	0.7719915	0.10853101709960936	0.5659032915237937	degenerated	True	pain_ligand:FGF2
Fibrochondrocyte_stressed	NP_notochordal	VEGFA	CD44	0.9523071	0.83	0.77074337	-0.041670316016477554	0.07579064192796414	0.0045137997	0.75894135	1.0	0.5663911138890201	degenerated	True	pain_ligand:VEGFA
Fibroblast_like	EP_hyaline	SEMA3A	NRP2	0.9522772	0.0	0.87584	0.6647128629347481	0.8127383659612951	0.033180766	0.7704401	0.004576529381002225	0.5664887604628215	degenerated	True	pain_ligand:SEMA3A; pain_receptor:NRP2
AF_outer	NP_fibrocartilaginous	GRN	TNFRSF1A	0.9521551	0.0	0.84180444	0.23909439389853718	0.21557655500614326	0.008970155	0.7669164	0.2691984573357348	0.566586305208695	degenerated	True	pain_receptor:TNFRSF1A
AF_outer	Fibrochondrocyte_chondroid	TNFSF12	TNFRSF12A	0.71009827	0.43	0.37262574	0.06877608059366128	0.3250674888927645	0.011344549	0.6864326	0.8099903457269642	0.566760134151586	degenerated	True	pain_ligand:TNF
NP_mature_chondrocyte	NP_fibrocartilaginous	VEGFA	NRP2	0.95181835	0.0	0.84699744	0.2111142528037153	0.3229526873579728	0.0103991	0.76746553	0.1448088284133372	0.5674650086830886	degenerated	True	pain_ligand:VEGFA; pain_receptor:NRP2
Macrophage_M2	EP_hyaline	FGF2	FGFR3	0.2298872	0.85	0.0520182	-0.12296823989885688	-0.11635132666419909	0.005366426	0.44991928	1.0	0.5677594231623329	degenerated	True	pain_ligand:FGF2
NP_stressed	AF_inner	FGF2	CD44	0.95152414	0.11	0.8237529	0.030660654963953815	-0.03030149011013694	0.008651729	0.7649733	0.5645137874684673	0.5683442919896591	degenerated	True	pain_ligand:FGF2
NP_notochordal	unassigned	ADAM10	IL6R	0.64065397	0.0	0.37329778	0.5844341592971847	1.431610651317704	0.021819977	0.6866265	0.015267623538825359	0.568362707822748	degenerated	True	pain_receptor:IL6R
NP_fibrocartilaginous	AF_outer	FGF2	SDC4	0.58402956	1.0	0.3406463	-0.09303999496356948	-0.2750707074113462	0.008442491	0.6766959	1.0	0.5684428714658399	degenerated	True	pain_ligand:FGF2
Fibroblast_like	NP_stressed	VEGFA	NRP2	0.78436863	0.07	0.37341133	0.09937807452922753	-0.2645386810871829	0.0045845965	0.6866592	1.0	0.5686835846404661	degenerated	True	pain_ligand:VEGFA; pain_receptor:NRP2
AF_outer	Fibrochondrocyte_fibroid	GRN	TNFRSF1A	0.951464	0.0	0.8401366	0.23825200658909274	0.29520166936254055	0.008952383	0.766739	0.2713180636173154	0.5687351641203886	degenerated	True	pain_receptor:TNFRSF1A
Macrophage_M2	Fibrochondrocyte_chondroid	FGF2	FGFR2	0.22998103	0.86	0.052066747	-0.13215466736037795	-0.0018070516707073825	0.006984686	0.45003474	1.0	0.5690277551437104	degenerated	True	pain_ligand:FGF2
EP_hyaline	Macrophage_M2	VEGFA	SIRPA	0.95115185	0.0	0.8370615	0.5077979342862835	0.7306149814598233	0.017425533	0.76641095	0.015267623538825359	0.569419468234899	degenerated	True	pain_ligand:VEGFA
Fibroblast_like	Macrophage_M2	SEMA3B	NRP2_PLXNA3	0.22841078	0.81	0.0520974	-0.10256572734871722	-0.25708997419638013	0.007085738	0.45010757	1.0	0.5694503956153973	degenerated	True	pain_receptor:NRP2
NP_mature_chondrocyte	NP_stressed	FGF2	FGFRL1	0.71284163	0.0	0.3741144	0.09607299119012971	0.23662789862346073	0.010863651	0.6868615	0.21997968884380462	0.570531192050319	degenerated	True	pain_ligand:FGF2
NP_fibrocartilaginous	EP_hyaline	FGF2	SDC4	0.61381793	1.0	0.37418512	-0.058092297875135944	-0.07196432765919258	0.009273709	0.68688184	1.0	0.5709332820528996	degenerated	True	pain_ligand:FGF2
Macrophage_M2	EP_hyaline	VEGFA	ITGB1	0.950676	0.71	0.70881844	-0.16695181216654617	-0.17607612441845621	0.004018534	0.75119686	1.0	0.5709846458419636	degenerated	True	pain_ligand:VEGFA
unassigned	unassigned	ADAM10	IL6R	0.5833264	0.0	0.27774763	0.4907744534160137	1.4899557559567322	0.016234886	0.6539761	0.015267623538825359	0.5714161814438125	degenerated	True	pain_receptor:IL6R
NP_fibrocartilaginous	AF_inner	ANGPT1	ITGA5	0.2303412	0.95	0.05221481	-0.0021287698836062185	-0.05718212848744819	0.010279546	0.45038617	1.0	0.5715629796838695	degenerated	True	pain_ligand:ANGPT1
AF_outer	Macrophage_M2	TNFSF9	HLA-DPA1	0.92215925	0.0	0.24062994	1.7511091885377397	1.3518674656256753	0.03075853	0.63757086	0.005288927809178992	0.5718991753644709	degenerated	True	pain_ligand:TNF
NP_stressed	Fibrochondrocyte_fibroid	FGF2	FGFR1	0.5830339	1.0	0.3330804	-0.18944341830598577	-0.19377352067828002	0.006419398	0.6742341	1.0	0.5725438868943994	degenerated	True	pain_ligand:FGF2
Macrophage_M2	unassigned	VEGFA	CD44	0.62261283	0.99	0.37476742	-0.3631906206244757	-0.1169884317257589	0.002194797	0.68704903	1.0	0.572785756345398	degenerated	True	pain_ligand:VEGFA
Fibroblast_like	NP_stressed	FGF2	FGFR1	0.5829019	1.0	0.33494556	-0.18955556812697888	-0.46917062749528515	0.0064553446	0.67484707	1.0	0.5730275159845353	degenerated	True	pain_ligand:FGF2
Fibroblast_like	Fibrochondrocyte_stressed	ADAM17	IL6R	0.63769615	0.0	0.37504062	0.6438574499281882	0.6018101712377393	0.027943833	0.68712735	0.015267623538825359	0.5733501459643096	degenerated	True	pain_receptor:IL6R
Fibrochondrocyte_chondroid	Fibrochondrocyte_fibroid	GRN	TNFRSF1A	0.61754096	0.99	0.37516576	-0.10998706110873584	0.005952354368382373	0.003997716	0.68716323	1.0	0.573673075074815	degenerated	True	pain_receptor:TNFRSF1A
AF_outer	Macrophage_M2	FGF2	CD44	0.94960433	0.48	0.72978723	0.020020621851438533	-0.10590176754271763	0.007664825	0.7539114	0.8612308730409234	0.5739232605133441	degenerated	True	pain_ligand:FGF2
NP_notochordal	Fibrochondrocyte_chondroid	CXCL8	SDC2	0.9495665	0.0	0.9007846	0.22623528394676945	0.34636995491284095	0.009263561	0.77291405	0.23824439995870994	0.5742174517042454	degenerated	True	pain_ligand:CXCL8
NP_fibrocartilaginous	NP_mature_chondrocyte	FGF2	SDC2	0.9495345	0.0	0.75216985	0.12856550003114742	0.1603636085219693	0.011765915	0.75670284	0.14853968001973025	0.574413572006657	degenerated	True	pain_ligand:FGF2
Fibrochondrocyte_stressed	Fibrochondrocyte_chondroid	PTGS2	CAV1	0.9493156	0.97	0.724968	-0.10058005520282204	-0.09565832398814478	0.005268129	0.7532962	1.0	0.5749040279477515	degenerated	True	pain_ligand:PTGS2
NP_notochordal	Fibrochondrocyte_stressed	GRN	TNFRSF1A	0.94926524	0.0	0.7189797	0.22065795294834467	0.4638546846749402	0.007661352	0.7525247	0.41341046194430375	0.575002071530458	degenerated	True	pain_receptor:TNFRSF1A
Fibroblast_like	AF_outer	VEGFA	CD44	0.78863704	1.0	0.37590936	-0.1998837815520217	-0.6590402619352135	0.0022014845	0.687376	1.0	0.5751270432431432	degenerated	True	pain_ligand:VEGFA
Fibrochondrocyte_chondroid	NP_fibrocartilaginous	GRN	TNFRSF1A	0.6182321	1.0	0.37591055	-0.10914467379929138	-0.07367275998801492	0.0040056524	0.6873764	1.0	0.5752078416582059	degenerated	True	pain_receptor:TNFRSF1A
NP_stressed	AF_inner	VEGFA	ITGAV	1.0400399	0.0	0.60606873	0.35292609671201564	0.2941538289686284	0.011521295	0.73627615	0.09080446615001354	0.5752964533481196	degenerated	True	pain_ligand:VEGFA
Fibroblast_like	Fibroblast_like	VEGFA	ITGB1	1.1813675	0.0	0.6057461	0.04998417595234461	-0.49474675966490456	0.0034341817	0.73622453	1.0	0.5755908871171095	degenerated	True	pain_ligand:VEGFA
Fibrochondrocyte_fibroid	AF_inner	FGF2	CD44	0.7153832	1.0	0.23941708	-0.23253181752989494	-0.4267879388024621	0.0025145547	0.63698685	1.0	0.5763405285985637	degenerated	True	pain_ligand:FGF2
AF_inner	AF_inner	VEGFA	ITGAV	1.0383812	0.0	0.6049064	0.35130651103022764	0.3260866133603233	0.011499198	0.73608977	0.09176897752936318	0.5765725274368125	degenerated	True	pain_ligand:VEGFA
Fibrochondrocyte_fibroid	NP_mature_chondrocyte	TNFSF10	TNFRSF10D	0.64030194	0.0	0.3764264	0.6957575200325852	0.8847767308589531	0.050239746	0.6875237	0.003124680320456339	0.5766644008102328	degenerated	True	pain_ligand:TNF
Macrophage_M2	EP_hyaline	PTGS2	CAV1	0.58173436	1.0	0.3309868	-0.42129347328442707	-0.7272232963843598	0.0024051836	0.67354125	1.0	0.5769074292578701	degenerated	True	pain_ligand:PTGS2
Fibrochondrocyte_stressed	Fibrochondrocyte_chondroid	VEGFA	GPC1	0.8031127	0.0	0.37648645	0.22513845348225137	0.4104775468724351	0.011480789	0.6875408	0.0924333193592254	0.576988394331627	degenerated	True	pain_ligand:VEGFA
NP_fibrocartilaginous	AF_inner	VEGFA	CD44	0.9483293	1.0	0.81584734	-0.04409129477500928	-0.2277236004834864	0.0047779474	0.7641053	1.0	0.5770636178555715	degenerated	True	pain_ligand:VEGFA
NP_stressed	AF_inner	NGF	MAGED1	0.24121766	1.0	0.052368604	-0.16932894786402883	-0.2968355350034612	0.0066342778	0.45075017	1.0	0.5772609343469677	degenerated	True	pain_ligand:NGF
AF_outer	Fibrochondrocyte_fibroid	ANGPT1	ITGB1	0.9902271	0.0	0.37665978	0.27511157500873773	0.3011310919143396	0.027356295	0.68759024	0.03884345475169594	0.5775557196779999	degenerated	True	pain_ligand:ANGPT1
EP_hyaline	unassigned	GRN	TNFRSF1A	0.58151144	1.0	0.3368892	-0.15453092721839412	0.33416389252734235	0.0035898462	0.67548156	1.0	0.5777989984675052	degenerated	True	pain_receptor:TNFRSF1A
Fibrochondrocyte_chondroid	Fibrochondrocyte_chondroid	PTGS2	CAV1	0.6205332	1.0	0.37677726	-0.3910076269656428	-0.4559581375396051	0.0027379296	0.68762374	1.0	0.5780423455635638	degenerated	True	pain_ligand:PTGS2
Fibroblast_like	NP_mature_chondrocyte	VEGFA	NRP2	0.5810441	1.0	0.2544202	-0.13621313883533706	-0.4531411950258063	0.0031236706	0.64398444	1.0	0.5787726176794277	degenerated	True	pain_ligand:VEGFA; pain_receptor:NRP2
Fibrochondrocyte_fibroid	NP_mature_chondrocyte	VEGFB	ADRB2	0.24789023	1.0	0.05245819	-0.140570934045966	-0.26582111005830206	0.003937392	0.45096183	1.0	0.5789474995784	degenerated	True	pain_ligand:VEGFB
Fibrochondrocyte_fibroid	EP_hyaline	VEGFB	ADRB2	0.24789554	1.0	0.052459817	-0.1405609233370166	-0.24201802520050203	0.0039375145	0.45096558	1.0	0.5791582506504527	degenerated	True	pain_ligand:VEGFB
NP_notochordal	Fibrochondrocyte_fibroid	PTGS2	CAV1	1.258723	0.0	0.60344785	0.2222667639511334	-0.032931094823474893	0.0043850783	0.7358553	1.0	0.5794228109403369	degenerated	True	pain_ligand:PTGS2
AF_outer	EP_hyaline	PDGFC	FLT1	0.22910377	0.94	0.052477155	-0.015856861696457218	-0.029265906274694775	0.0047730375	0.45100656	1.0	0.5795797161023564	degenerated	True	pain_receptor:FLT1
NP_fibrocartilaginous	Fibrochondrocyte_chondroid	FGF2	FGFRL1	0.616545	0.43	0.37725556	0.017784096155796195	0.10427325675007648	0.010954865	0.68776	0.8099903457269642	0.5796661070373827	degenerated	True	pain_ligand:FGF2
AF_outer	NP_fibrocartilaginous	FGF2	SDC4	0.6206043	1.0	0.3778083	-0.04930881918777139	-0.15157034540846726	0.009363505	0.6879172	1.0	0.5812930861344107	degenerated	True	pain_ligand:FGF2
Fibrochondrocyte_chondroid	unassigned	ADAM17	IL6R	0.5800056	0.0	0.2722127	0.5349788640705383	1.4691262978539845	0.020282248	0.651695	0.015267623538825359	0.581455843483728	degenerated	True	pain_receptor:IL6R
Fibrochondrocyte_stressed	Fibrochondrocyte_chondroid	SEMA3C	NRP2_PLXNA3	0.22969332	0.97	0.052580405	0.009584828174722837	0.08499993731154681	0.009899433	0.4512499	1.0	0.5814758214516795	degenerated	True	pain_receptor:NRP2
Macrophage_M2	AF_outer	FGF2	FGFR1	0.5887295	0.85	0.23768006	-0.18198519975764568	-0.2648711688875961	0.0045807646	0.6361446	1.0	0.5817818087736468	degenerated	True	pain_ligand:FGF2
Macrophage_M2	AF_outer	CXCL8	SDC3	0.8995954	0.0	0.2376667	0.644976417090827	0.5196801253176696	0.01592822	0.6361381	0.015267623538825359	0.5818632292544863	degenerated	True	pain_ligand:CXCL8
EP_hyaline	Fibrochondrocyte_chondroid	VEGFA	NRP2	0.9465099	0.0	0.82581687	0.203451073378764	0.5804552634605407	0.010139052	0.7651982	0.16261736523372342	0.5820807741796341	degenerated	True	pain_ligand:VEGFA; pain_receptor:NRP2
Fibrochondrocyte_fibroid	Fibrochondrocyte_fibroid	TNFSF10	RIPK1	0.5797502	0.0	0.27669814	0.7364006183627275	0.9160287708780714	0.05513567	0.6535476	0.002240442119562053	0.5828414074661536	degenerated	True	pain_ligand:TNF
AF_inner	Fibrochondrocyte_fibroid	VEGFA	ITGA9	0.97285396	0.0	0.3786576	1.0229134121168522	0.7852161058646089	0.06442096	0.68815815	0.005762914845299371	0.5836574829784098	degenerated	True	pain_ligand:VEGFA
Fibrochondrocyte_chondroid	Fibrochondrocyte_fibroid	ADAM17	IL6R	0.2440417	0.36	0.052733757	0.030596938698388247	0.162352619770965	0.00392913	0.45161048	1.0	0.583791970690144	degenerated	True	pain_receptor:IL6R
NP_fibrocartilaginous	AF_outer	ANGPT1	ITGB1	1.0413325	0.0	0.37875167	0.31548434904664313	0.4669323567136667	0.027508223	0.6881848	0.015267623538825359	0.5841475297809589	degenerated	True	pain_ligand:ANGPT1
AF_inner	AF_inner	VEGFA	SIRPA	0.9729539	0.0	0.37900266	0.37805344853590417	0.3403144476071242	0.007889891	0.68825585	0.2813956606443726	0.5847195375329455	degenerated	True	pain_ligand:VEGFA
Fibroblast_like	AF_inner	FGF2	CD44	0.94482696	0.12	0.80718046	0.023196431231138664	-0.1750751139303115	0.008477672	0.7631414	1.0	0.5852362685713413	degenerated	True	pain_ligand:FGF2
NP_stressed	EP_hyaline	SEMA3A	NRP2	0.57873523	0.0	0.29592943	0.10530171008594445	0.2772982586340495	0.01121114	0.661115	0.19730021822829874	0.5857009134208772	degenerated	True	pain_ligand:SEMA3A; pain_receptor:NRP2
Fibrochondrocyte_fibroid	NP_fibrocartilaginous	TNFSF10	TNFRSF10D	0.5787316	0.0	0.27502048	0.6014264305142449	0.6507186486745418	0.036705606	0.6528588	0.015267623538825359	0.5857826991368703	degenerated	True	pain_ligand:TNF
NP_mature_chondrocyte	NP_mature_chondrocyte	FGF2	SDC4	0.9443594	0.0	0.8737026	0.31456957503483274	0.6416038935192863	0.021653622	0.7702239	0.015267623538825359	0.5860261366044066	degenerated	True	pain_ligand:FGF2
NP_stressed	Fibroblast_like	FGF2	SDC2	0.6177262	1.0	0.37927577	-0.21107404796991922	-0.5566922540180518	0.005932871	0.68833315	1.0	0.5861100987545123	degenerated	True	pain_ligand:FGF2
NP_stressed	Fibrochondrocyte_fibroid	VEGFA	ITGA9	0.97451264	0.0	0.37938523	1.02453299779864	0.753283321472914	0.06454475	0.68836415	0.0077078126449563415	0.5863557736754599	degenerated	True	pain_ligand:VEGFA
AF_inner	AF_outer	TNFSF12	TNFRSF12A	0.7963922	0.0	0.23645169	0.06355987225156497	0.09604673531251715	0.007198745	0.63554466	0.5726194198596033	0.5869292218536004	degenerated	True	pain_ligand:TNF
unassigned	Fibrochondrocyte_stressed	GRN	TNFRSF1A	0.5782753	1.0	0.3312919	-0.16623789241010783	0.095706705048341	0.0035302027	0.6736425	1.0	0.5870932103292099	degenerated	True	pain_receptor:TNFRSF1A
NP_stressed	AF_inner	VEGFA	SIRPA	0.9746126	0.0	0.37973094	0.37967303421769216	0.3083816632154293	0.007905052	0.6884618	0.35932906819144855	0.5871751256019788	degenerated	True	pain_ligand:VEGFA
Fibrochondrocyte_fibroid	NP_mature_chondrocyte	TNFSF12	TNFRSF12A	0.8118401	0.0	0.3798045	0.13581376620408359	0.21449475983646904	0.0115631055	0.6884826	0.13502156833180723	0.5874210980244077	degenerated	True	pain_ligand:TNF
NP_notochordal	EP_hyaline	VEGFA	NRP2	0.6328398	1.0	0.37992486	-0.09415416040141832	0.03892716359575876	0.0046645673	0.68851656	1.0	0.587749107778964	degenerated	True	pain_ligand:VEGFA; pain_receptor:NRP2
Fibrochondrocyte_chondroid	unassigned	GRN	TNFRSF1A	0.5779773	1.0	0.33252743	-0.15821659915450462	0.46705403064258555	0.0035433676	0.6740516	1.0	0.5879130679414416	degenerated	True	pain_receptor:TNFRSF1A
Fibrochondrocyte_fibroid	NP_notochordal	ADAM17	IL6R	0.5778885	0.0	0.30846712	0.5471080824976098	0.8202971506003022	0.022983521	0.6657475	0.015267623538825359	0.5881592463930287	degenerated	True	pain_receptor:IL6R
EP_hyaline	Fibrochondrocyte_fibroid	GRN	TNFRSF1A	0.6210751	0.99	0.38008684	-0.10630138917262534	-0.12693778374686082	0.0040501542	0.6885622	1.0	0.5884875308473527	degenerated	True	pain_receptor:TNFRSF1A
NP_mature_chondrocyte	Macrophage_M2	VEGFA	SIRPA	0.9428669	0.0	0.8256102	0.4997102674511761	0.7296424812931854	0.017187146	0.76517564	0.015267623538825359	0.5886944251580696	degenerated	True	pain_ligand:VEGFA
AF_outer	AF_outer	FGF2	SDC1	0.31697077	1.0	0.052967567	-0.012943720958529581	-0.12687522595513076	0.018991131	0.4521584	1.0	0.5888401638229734	degenerated	True	pain_ligand:FGF2
NP_mature_chondrocyte	AF_outer	SEMA3C	NRP2_PLXNA1	0.26772124	0.44	0.052989386	0.04914463339091251	0.02424795995290395	0.015276761	0.4522094	0.8190630261993896	0.5892605627114545	degenerated	True	pain_receptor:NRP2
AF_inner	NP_stressed	TNFSF12	TNFRSF12A	0.7950661	0.0	0.23601225	0.062280472899123085	0.0489289098439247	0.0071853674	0.6353292	0.5746341759558743	0.5893088670028293	degenerated	True	pain_ligand:TNF
NP_fibrocartilaginous	Fibrochondrocyte_chondroid	FGF2	SDC4	0.5774931	0.99	0.33328676	-0.10070875962128761	-0.037626430225361274	0.008260095	0.6743021	1.0	0.5894732984086093	degenerated	True	pain_ligand:FGF2
Fibrochondrocyte_fibroid	Fibroblast_like	TNFSF10	TNFRSF10D	0.5774617	0.0	0.27292898	0.5994809058405834	0.5572577829722904	0.036426462	0.6519932	0.015267623538825359	0.5897199121837764	degenerated	True	pain_ligand:TNF
Fibrochondrocyte_fibroid	NP_stressed	FGF2	CD44	1.0798291	0.0	0.38046187	0.12488585798784929	-0.0836254249521225	0.003995923	0.68866795	1.0	0.5898020715993426	degenerated	True	pain_ligand:FGF2
AF_outer	Macrophage_M2	ANGPT1	ITGB1	0.6601456	0.77	0.23596348	-0.03906945517092915	-0.0934693084854464	0.017137712	0.6353053	1.0	0.5898020715993426	degenerated	True	pain_ligand:ANGPT1
EP_hyaline	AF_inner	FGF2	FGFR3	0.5774169	0.0	0.24323897	0.3166744919290741	0.4542838100627471	0.025093602	0.6388159	0.015267623538825359	0.5898020715993426	degenerated	True	pain_ligand:FGF2
Fibroblast_like	Fibrochondrocyte_stressed	VEGFA	CD44	1.1645815	0.0	0.59592247	0.1688105980622261	-0.20803981232446278	0.0034899744	0.73463386	1.0	0.5900796358847287	degenerated	True	pain_ligand:VEGFA
AF_outer	NP_mature_chondrocyte	FGF2	FGFRL1	0.62316537	0.09	0.38054824	0.028869258756926197	0.03025788914718741	0.0110504795	0.68869233	0.45481103903121284	0.5901309670141255	degenerated	True	pain_ligand:FGF2
AF_outer	NP_mature_chondrocyte	VEGFB	ADRB2	0.7265624	0.0	0.3805526	0.423398520300289	0.6712276925477991	0.028563412	0.6886935	0.015267623538825359	0.5902955513010996	degenerated	True	pain_ligand:VEGFB
Fibroblast_like	NP_notochordal	FGF2	CD44	0.61786073	1.0	0.38055938	-0.2974641478215695	-0.43717895421827	0.003996947	0.68869543	1.0	0.5903777641718557	degenerated	True	pain_ligand:FGF2
AF_outer	EP_hyaline	VEGFB	ADRB2	0.7265677	0.0	0.38056442	0.42340853100923836	0.6950307774055993	0.028564299	0.68869686	0.015267623538825359	0.590459984675672	degenerated	True	pain_ligand:VEGFB
NP_fibrocartilaginous	AF_inner	VEGFB	ADRB2	0.60692626	0.0	0.23587163	0.25025586878632405	0.3692300969469634	0.017703988	0.63526016	0.028473331859115308	0.5905422128129032	degenerated	True	pain_ligand:VEGFB
NP_fibrocartilaginous	Macrophage_M2	FGF2	SDC2	0.9417786	0.17	0.74343747	0.12053288669637786	0.018224969966046833	0.011629318	0.7556264	0.5432390324553537	0.59057463877605	degenerated	True	pain_ligand:FGF2
NP_mature_chondrocyte	EP_hyaline	SEMA3A	NRP2	0.633338	0.0	0.3806982	0.18707386100065598	0.48280852170538374	0.014422564	0.68873453	0.06972729488341109	0.5909538312362752	degenerated	True	pain_ligand:SEMA3A; pain_receptor:NRP2
Fibrochondrocyte_chondroid	EP_hyaline	SEMA3A	NRP2	0.57693976	0.0	0.293142	0.10261281508211367	0.47569580411264406	0.011105539	0.660054	0.2043606985799725	0.5912831546478408	degenerated	True	pain_ligand:SEMA3A; pain_receptor:NRP2
NP_notochordal	Fibrochondrocyte_chondroid	GRN	TNFRSF1A	0.8263875	0.03	0.38081372	0.07086514591179638	0.30849865029067014	0.0040579	0.6887671	1.0	0.5916126003856779	degenerated	True	pain_receptor:TNFRSF1A
EP_hyaline	NP_fibrocartilaginous	GRN	TNFRSF1A	0.6217662	1.0	0.3808414	-0.10545900186318088	-0.20656289810325812	0.004058195	0.6887748	1.0	0.5917774600243124	degenerated	True	pain_receptor:TNFRSF1A
NP_mature_chondrocyte	Fibrochondrocyte_fibroid	PIGF	FLT1	0.86630166	0.0	0.23556179	1.2229010424644562	1.011548931501722	0.030047638	0.6351079	0.0075937588805159535	0.5923544370928943	degenerated	True	pain_receptor:FLT1
Fibroblast_like	Fibroblast_like	VEGFA	EGFR	0.5765692	0.0	0.25180137	0.43843471680454876	-0.17033683239922237	0.012649134	0.64279747	0.48990230257633843	0.5925192525781147	degenerated	True	pain_ligand:VEGFA
Fibroblast_like	Fibrochondrocyte_fibroid	FGF2	FGFR1	0.57633674	1.0	0.32637945	-0.19690764203880093	-0.3385471444984546	0.006290251	0.6719982	1.0	0.5928491572586535	degenerated	True	pain_ligand:FGF2
NP_fibrocartilaginous	Fibrochondrocyte_stressed	VEGFB	ADRB2	0.60669243	0.0	0.2354176	0.24982949067044685	0.4059906060720259	0.017669909	0.63503695	0.028771117465532094	0.5931791843733619	degenerated	True	pain_ligand:VEGFB
NP_fibrocartilaginous	unassigned	ADAM10	IL6R	0.5761865	0.0	0.2658472	0.4791093795280193	1.0734233200838865	0.015539283	0.6490047	0.017418050071225478	0.5935093339449541	degenerated	True	pain_receptor:IL6R
NP_notochordal	EP_hyaline	VEGFA	ITGB1	0.9408368	1.0	0.68142146	-0.1765573785133811	-0.154715629430077	0.0038632115	0.7474951	1.0	0.5937457643718758	degenerated	True	pain_ligand:VEGFA
unassigned	Macrophage_M2	VEGFA	SIRPA	0.5759988	0.48	0.31852695	0.14155685695547685	0.5214760116454216	0.0066309366	0.66930866	0.8612308730409234	0.5946659133072114	degenerated	True	pain_ligand:VEGFA
AF_outer	NP_fibrocartilaginous	FGF2	CD44	0.9401188	0.0	0.7196392	0.010717670893327105	-0.11918560207836726	0.0075582415	0.75261	0.8832052731800872	0.5948372999215543	degenerated	True	pain_ligand:FGF2
NP_fibrocartilaginous	NP_fibrocartilaginous	ANGPT1	ITGB1	1.0493401	0.0	0.3819759	0.3231070845546775	0.4777106043962331	0.027742393	0.68909353	0.015267623538825359	0.5954929867817014	degenerated	True	pain_ligand:ANGPT1
Fibrochondrocyte_stressed	NP_mature_chondrocyte	TNFSF12	TNFRSF12A	0.8127145	0.0	0.3821484	0.1375098463460156	0.22150798007831324	0.011634466	0.6891419	0.13184988926975832	0.595906902253777	degenerated	True	pain_ligand:TNF
NP_notochordal	NP_stressed	PTGS2	CAV1	0.84647	1.0	0.38223207	-0.16564391798457573	-0.5171843222592696	0.002777568	0.6891654	1.0	0.5959896353009538	degenerated	True	pain_ligand:PTGS2
Fibroblast_like	Fibrochondrocyte_chondroid	SEMA3B	NRP2_PLXNA3	0.23143083	0.0	0.053425036	0.3017310452354808	0.44569381045523015	0.033840165	0.45322368	0.015267623538825359	0.5961895993620967	degenerated	True	pain_receptor:NRP2
Fibrochondrocyte_stressed	AF_outer	CXCL8	SDC3	1.4049414	0.0	0.3827512	1.0989513661522357	1.0843943551491053	0.025651658	0.6893107	0.015267623538825359	0.5971494336410867	degenerated	True	pain_ligand:CXCL8
NP_mature_chondrocyte	EP_hyaline	TNFSF11	TNFRSF11B	0.6519178	0.0	0.23460135	0.2223490966308522	0.41145224320035223	0.027736813	0.63463426	0.04324466486820979	0.597232281650671	degenerated	True	pain_ligand:TNF
NP_fibrocartilaginous	NP_stressed	FGF2	SDC2	0.9385451	0.0	0.7397969	0.11718378094210859	-0.0062108447247801735	0.011572369	0.7551728	0.48899950780589707	0.5980161781100782	degenerated	True	pain_ligand:FGF2
Fibrochondrocyte_chondroid	Fibrochondrocyte_stressed	VEGFB	ADRB2	0.23155525	1.0	0.05349871	-0.19215491909850593	-0.21431005920885665	0.0040154913	0.45339447	1.0	0.5982866585230124	degenerated	True	pain_ligand:VEGFB
NP_mature_chondrocyte	Fibrochondrocyte_chondroid	VEGFA	NRP2	0.93822503	0.0	0.8145194	0.19536340654365653	0.5794827632939027	0.010000347	0.76395845	0.17328061561191072	0.5983145372527475	degenerated	True	pain_ligand:VEGFA; pain_receptor:NRP2
Fibroblast_like	unassigned	ADAM17	IL6R	0.6466292	0.0	0.38325706	0.6572686811337232	1.2153251587851472	0.02855603	0.6894522	0.010357572415512233	0.5983936910387065	degenerated	True	pain_receptor:IL6R
NP_fibrocartilaginous	Fibroblast_like	TNFSF12	TNFRSF12A	0.9938874	0.0	0.59085774	0.35072764809606605	0.2800956395629668	0.017988598	0.73380107	0.04774377415506896	0.5986129468575826	degenerated	True	pain_ligand:TNF
NP_fibrocartilaginous	Macrophage_M2	GRN	TNFRSF1A	0.9376303	0.12	0.8559494	0.23167214490293697	0.24518960174249382	0.0091208825	0.76840234	0.4835940471873938	0.5993093588949439	degenerated	True	pain_receptor:TNFRSF1A
EP_hyaline	Fibrochondrocyte_chondroid	IL11	IL6R	0.23322207	0.09	0.05352999	0.07007111175264122	0.16289956262668565	0.0075922264	0.4534669	0.48534553500089733	0.5993347305850897	degenerated	True	pain_receptor:IL6R
Fibroblast_like	EP_hyaline	VEGFA	CD44	0.57458115	1.0	0.25063792	-0.4098117144279493	-0.8434989246159389	0.0014678418	0.64226556	1.0	0.5998060230863962	degenerated	True	pain_ligand:VEGFA
unassigned	Fibrochondrocyte_stressed	ADAM10	IL6R	0.5743933	0.0	0.27179316	0.4773632222104788	0.8764407684093243	0.015886834	0.65151995	0.015267623538825359	0.6004713533858275	degenerated	True	pain_receptor:IL6R
EP_hyaline	NP_mature_chondrocyte	FGF2	CD44	0.93683654	0.18	0.87416583	0.030438767854568782	0.07109201092402961	0.009181207	0.7702709	0.554541636202436	0.6005037520655497	degenerated	True	pain_ligand:FGF2
Fibrochondrocyte_chondroid	AF_inner	VEGFB	ADRB2	0.23178908	1.0	0.053601887	-0.19172854098262873	-0.25107056833391916	0.0040232358	0.45363322	1.0	0.6005920029700191	degenerated	True	pain_ligand:VEGFB
Fibrochondrocyte_fibroid	AF_outer	PDGFA	PDGFRA	0.57428086	0.0	0.23948382	0.34787985764641527	0.45038625447784836	0.028901171	0.63701904	0.015267623538825359	0.6007210249392579	degenerated	True	pain_ligand:PDGFA
Macrophage_M2	Macrophage_M2	VEGFA	CD44	0.9367061	0.54	0.69459355	-0.05515443790244816	-0.14023129180917115	0.004067834	0.7492976	1.0	0.6008025310910058	degenerated	True	pain_ligand:VEGFA
NP_fibrocartilaginous	Fibrochondrocyte_fibroid	PDGFC	FLT1	0.97791684	0.0	0.5891317	1.351259231592505	1.2346564836112162	0.053584225	0.73351514	0.00020064382155251408	0.60090217189896	degenerated	True	pain_receptor:FLT1
Fibrochondrocyte_fibroid	AF_inner	FGF2	FGFR3	0.23531863	0.99	0.053626545	-0.06461342547635324	-0.2673053767518214	0.0055323504	0.45369023	1.0	0.6014299598943426	degenerated	True	pain_ligand:FGF2
Fibroblast_like	Fibrochondrocyte_chondroid	VEGFA	SIRPA	0.23796472	1.0	0.053640686	-0.35107568578853565	-0.7035534633736388	0.0011166653	0.4537229	1.0	0.6016394619573524	degenerated	True	pain_ligand:VEGFA
AF_inner	NP_fibrocartilaginous	GRN	TNFRSF1A	0.5737979	1.0	0.31391537	-0.15548392833825023	-0.4126448400810756	0.0033450404	0.6676927	1.0	0.6023036402015134	degenerated	True	pain_receptor:TNFRSF1A
Macrophage_M2	AF_inner	FGF2	SDC2	0.87245244	0.35	0.38447586	0.036743973310826655	-0.04842983316006144	0.006014214	0.689792	0.93165225983483	0.6024704799341936	degenerated	True	pain_ligand:FGF2
AF_outer	NP_mature_chondrocyte	FGF2	SDC2	0.9355196	0.0	0.71471876	0.11294528995451428	0.16415776585926145	0.011180081	0.75197077	0.17981545589330958	0.6024964152157449	degenerated	True	pain_ligand:FGF2
NP_fibrocartilaginous	Macrophage_M2	VEGFB	ADRB2	0.6834934	0.01	0.384552	0.38986800586673787	0.6068807628991902	0.028863596	0.68981314	0.07202236469468652	0.6028874379805896	degenerated	True	pain_ligand:VEGFB
Fibrochondrocyte_stressed	EP_hyaline	TNFSF10	TNFRSF11B	0.6513729	0.0	0.23341529	0.10149504910718565	0.170628815307047	0.010423805	0.6340465	0.20692764613557854	0.6029708158554855	degenerated	True	pain_ligand:TNF
Macrophage_M2	NP_fibrocartilaginous	FGF2	FGFR1	0.58043385	0.87	0.23338798	-0.19127447179520302	-0.2727559161154701	0.004498044	0.63403296	1.0	0.6031377787660468	degenerated	True	pain_ligand:FGF2
NP_fibrocartilaginous	NP_notochordal	VEGFA	CD44	0.62136316	1.0	0.38464552	-0.36475187382771745	-0.4898274407714449	0.0022526472	0.6898392	1.0	0.6032211797198305	degenerated	True	pain_ligand:VEGFA
NP_mature_chondrocyte	NP_fibrocartilaginous	VEGFA	SIRPA	0.75840527	0.0	0.3848809	0.20147452589317968	0.2700285953744315	0.008012261	0.6899046	0.4043269024781523	0.6036384840174982	degenerated	True	pain_ligand:VEGFA
NP_mature_chondrocyte	unassigned	IL11	IL6R	0.5735083	0.0	0.2613834	0.5905387355376608	1.4365984664805014	0.037072342	0.6470736	0.00848050690386602	0.6038055701513954	degenerated	True	pain_receptor:IL6R
Fibrochondrocyte_chondroid	NP_stressed	SEMA3E	NRP2	0.7890044	0.0	0.38524294	0.4176314870294855	0.7296385246653792	0.02902909	0.6900051	0.015267623538825359	0.6041396506084171	degenerated	True	pain_receptor:NRP2
unassigned	Fibrochondrocyte_fibroid	ADAM10	IL6R	0.2473625	0.61	0.053805992	-0.013607471956136319	0.1831820778737127	0.0031450642	0.45410424	1.0	0.6041519580485533	degenerated	True	pain_receptor:IL6R
NP_fibrocartilaginous	NP_notochordal	FGF2	CD44	0.57314014	1.0	0.32838586	-0.34730795673486514	-0.40915066514532294	0.003448978	0.6726733	1.0	0.6045575627327963	degenerated	True	pain_ligand:FGF2
AF_inner	Fibrochondrocyte_fibroid	GRN	TNFRSF1A	0.57310677	1.0	0.31329343	-0.15632631564769467	-0.3330197257246783	0.0033384126	0.66747266	1.0	0.6049754830658436	degenerated	True	pain_receptor:TNFRSF1A
NP_mature_chondrocyte	NP_fibrocartilaginous	TNFSF10	RIPK1	0.24456978	0.0	0.053864796	0.10978147176630436	0.1594565559120512	0.010733254	0.45423964	0.18644666561160922	0.604989085879251	degenerated	True	pain_ligand:TNF
EP_hyaline	NP_fibrocartilaginous	FGF2	SDC2	0.93404734	0.0	0.8692696	0.1249180205807744	0.25423294181481015	0.013597664	0.7697736	0.1558377663933519	0.6055892728355228	degenerated	True	pain_ligand:FGF2
NP_fibrocartilaginous	NP_notochordal	TNFSF9	HLA-DPA1	0.23422554	0.0	0.053917825	0.20393103950390729	0.4544271190149456	0.006892048	0.45436162	0.4809206836847347	0.6056168181919019	degenerated	True	pain_ligand:TNF
AF_outer	AF_inner	FGF2	FGFR1	0.62816906	1.0	0.3859014	-0.1385508315608778	-0.2975668463472183	0.007437407	0.69018775	1.0	0.6059793883862583	degenerated	True	pain_ligand:FGF2
AF_inner	Fibrochondrocyte_chondroid	TNFSF11	TNFRSF11B	0.60576975	0.02	0.23276912	0.19787768840050418	0.41108069865671737	0.027520187	0.6337248	0.30449961405007375	0.6061469061938173	degenerated	True	pain_ligand:TNF
AF_inner	Fibrochondrocyte_stressed	TNFSF12	TNFRSF12A	0.24563822	1.0	0.053945966	-0.4679942441559403	-0.7873386617146585	0.001642379	0.4544263	1.0	0.6062444408092178	degenerated	True	pain_ligand:TNF
AF_outer	Fibroblast_like	VEGFA	GPC1	0.5726325	0.38	0.27856824	0.17622038876071636	-0.28465805887000134	0.008494817	0.65430975	1.0	0.606398148405564	degenerated	True	pain_ligand:VEGFA
Fibroblast_like	Macrophage_M2	VEGFA	ITGAV	0.23849589	1.0	0.053951543	-0.4612667305335027	-1.0152101924854406	0.0010256125	0.45443913	1.0	0.6064536047456377	degenerated	True	pain_ligand:VEGFA
NP_fibrocartilaginous	NP_mature_chondrocyte	SEMA3A	NRP2	0.5725992	0.0	0.23973499	0.08031323799985425	0.12047645159224563	0.009082241	0.6371403	0.2628018918307176	0.6064818496415101	degenerated	True	pain_ligand:SEMA3A; pain_receptor:NRP2
Fibroblast_like	Fibrochondrocyte_chondroid	FGF2	SDC4	0.6222136	0.91	0.38623896	-0.05086495070799196	-0.06565471929830835	0.009572447	0.6902813	1.0	0.6066492752192838	degenerated	True	pain_ligand:FGF2
Fibrochondrocyte_stressed	Fibroblast_like	VEGFA	NRP2	0.933377	0.0	0.7207193	0.1781915149617931	0.05981039821620815	0.008848706	0.7527496	0.3176908107945358	0.6066880188661495	degenerated	True	pain_ligand:VEGFA; pain_receptor:NRP2
NP_mature_chondrocyte	Fibroblast_like	SEMA3C	NRP2_PLXNA1	0.26892325	0.38	0.0539616	0.05288000910654663	-0.044939262863637724	0.01555705	0.45446223	0.7594915060688131	0.6068718960647019	degenerated	True	pain_receptor:NRP2
Macrophage_M2	Fibrochondrocyte_chondroid	FGF2	CD44	0.57892615	1.0	0.2326079	-0.36199460223089075	-0.1957119152723894	0.0024430393	0.6336444	1.0	0.607152106656209	degenerated	True	pain_ligand:FGF2
EP_hyaline	NP_fibrocartilaginous	VEGFB	ADRB2	0.23880821	1.0	0.053987976	-0.20258177150638895	-0.30264889719298416	0.0040522143	0.4545228	1.0	0.6072901963171267	degenerated	True	pain_ligand:VEGFB
NP_fibrocartilaginous	AF_outer	VEGFA	ITGAV	0.5722139	1.0	0.31982768	-0.07808489093904983	-0.29994953950459746	0.006079886	0.6697595	1.0	0.607822857314757	degenerated	True	pain_ligand:VEGFA
Fibrochondrocyte_stressed	NP_mature_chondrocyte	VEGFA	ITGAV	0.9327221	0.0	0.7189886	0.2851453705486897	0.37729044652325416	0.013667888	0.7525258	0.03735427581662071	0.6079873919420673	degenerated	True	pain_ligand:VEGFA
NP_fibrocartilaginous	Fibrochondrocyte_chondroid	ADAM17	IL6R	0.23461196	0.48	0.054096658	0.00620097387389789	0.007892941311051616	0.004030678	0.4547721	1.0	0.6085446893077446	degenerated	True	pain_receptor:IL6R
NP_notochordal	Fibrochondrocyte_stressed	VEGFA	SIRPA	0.63991857	0.0	0.38685423	0.2357589710216623	0.24997870628300278	0.008053341	0.6904514	0.398392777735939	0.6085781809942818	degenerated	True	pain_ligand:VEGFA
Macrophage_M2	NP_fibrocartilaginous	TNFSF12	TNFRSF12A	0.93220395	0.02	0.7643978	0.410543254060173	0.47113415084583277	0.023272006	0.75818425	0.10202183705288842	0.6090876008322355	degenerated	True	pain_ligand:TNF
Macrophage_M2	EP_hyaline	GRN	TNFRSF1A	1.0621217	0.02	0.58414054	0.320919563782302	0.3491786122087156	0.0062245238	0.7326828	0.8548690844720838	0.609187703176794	degenerated	True	pain_receptor:TNFRSF1A
EP_hyaline	Fibrochondrocyte_chondroid	FGF2	FGFR3	0.57160175	0.0	0.23303097	0.30219494158299687	0.5866083597486769	0.0240405	0.6338553	0.015267623538825359	0.6095860668482653	degenerated	True	pain_ligand:FGF2
NP_fibrocartilaginous	NP_mature_chondrocyte	VEGFA	ITGB1	0.9319093	1.0	0.7941926	-0.18297920759118513	-0.5571079944990129	0.00450255	0.7616722	1.0	0.6096880770889732	degenerated	True	pain_ligand:VEGFA
Fibrochondrocyte_chondroid	Fibroblast_like	FGF2	FGFR1	0.9314449	0.0	0.81185615	0.20065116570436226	0.43579727417015346	0.015646756	0.763663	0.05812869014497277	0.610388810513439	degenerated	True	pain_ligand:FGF2
unassigned	Fibrochondrocyte_chondroid	VEGFA	NRP2	0.5713569	1.0	0.31424803	-0.1627900039520427	0.37131629364613894	0.0038582126	0.6678102	1.0	0.6105109856186863	degenerated	True	pain_ligand:VEGFA; pain_receptor:NRP2
Fibrochondrocyte_chondroid	Fibrochondrocyte_stressed	ADAM17	IL6R	0.5710725	0.0	0.26637688	0.5215676328650033	0.8556113103065766	0.019847428	0.6492314	0.015267623538825359	0.6116053615307885	degenerated	True	pain_receptor:IL6R
AF_outer	Macrophage_M2	VEGFA	ITGB1	0.7288373	0.98	0.38807	-0.3800409170181577	-0.8132737514067906	0.0022001015	0.6907866	1.0	0.6118581097026459	degenerated	True	pain_ligand:VEGFA
AF_inner	NP_stressed	SEMA3E	NRP2	0.7287833	0.0	0.23154399	0.3104851468718189	0.3703080328259776	0.01744746	0.63311213	0.018117140360163656	0.611942312602304	degenerated	True	pain_receptor:NRP2
Macrophage_M2	Fibrochondrocyte_fibroid	VEGFA	NRP2	0.5708846	0.79	0.32209504	-0.1677367761161604	-0.1964067787008249	0.0039545554	0.6705403	1.0	0.6120265232268498	degenerated	True	pain_ligand:VEGFA; pain_receptor:NRP2
NP_fibrocartilaginous	AF_outer	VEGFA	NRP2	0.57083005	1.0	0.31800264	-0.1815084036705154	-0.495601193304991	0.0039043103	0.66912633	1.0	0.6122793874084872	degenerated	True	pain_ligand:VEGFA; pain_receptor:NRP2
Fibrochondrocyte_stressed	NP_mature_chondrocyte	TNFSF10	RIPK1	0.23415297	0.02	0.05444077	0.0998521856321979	0.14612757122731335	0.010848026	0.4555583	0.30449961405007375	0.6123055948024152	degenerated	True	pain_ligand:TNF
NP_stressed	NP_notochordal	FGF2	CD44	0.624558	1.0	0.38837272	-0.28999992408875436	-0.29240533039809546	0.0040790094	0.69086987	1.0	0.6123636289531847	degenerated	True	pain_ligand:FGF2
Macrophage_M2	Fibrochondrocyte_stressed	TNFSF10	TNFRSF10A	0.23383899	0.11	0.054446794	0.30759875545609383	0.3293375944978221	0.017797712	0.45557204	0.30676384115961586	0.6125144630915778	degenerated	True	pain_ligand:TNF
Fibroblast_like	Fibrochondrocyte_chondroid	ANGPT1	ITGB1	0.626927	1.0	0.23146136	-0.062393701364648266	0.05143898723046525	0.016810726	0.63307065	1.0	0.6127010444830705	degenerated	True	pain_ligand:ANGPT1
Fibroblast_like	Fibrochondrocyte_fibroid	TNFSF13B	CD40	0.27852702	0.0	0.054456435	0.4127711569661453	0.3982003784637642	0.011781649	0.455594	0.08126916509428461	0.6127232616175784	degenerated	True	pain_ligand:TNF
NP_stressed	NP_notochordal	IL11	IL6R	0.570607	0.0	0.2977264	0.6031051749256431	0.925990681699662	0.042226914	0.6617928	0.007339321980144097	0.6127853246987341	degenerated	True	pain_receptor:IL6R
EP_hyaline	NP_stressed	SEMA3E	NRP2	0.7287455	0.0	0.23144743	0.31041780424878523	0.41060439907861473	0.017440185	0.6330637	0.015267623538825359	0.6128696126428315	degenerated	True	pain_receptor:NRP2
EP_hyaline	Macrophage_M2	PDGFC	FLT1	0.23541066	0.39	0.054458983	-0.008888183123529587	0.03811373520312156	0.0049532936	0.45559984	1.0	0.6129320479695172	degenerated	True	pain_receptor:FLT1
AF_outer	Fibrochondrocyte_stressed	VEGFA	SIRPA	0.5704484	0.42	0.27703714	0.16793905882894425	-0.16744798005249462	0.0057672225	0.6536862	1.0	0.613207027853547	degenerated	True	pain_ligand:VEGFA
Fibrochondrocyte_chondroid	Fibrochondrocyte_fibroid	VEGFA	NRP2	0.9303341	0.01	0.7769016	0.18317347769991	0.49104527783256025	0.00953849	0.7596685	0.2656303402238959	0.6132946644037384	degenerated	True	pain_ligand:VEGFA; pain_receptor:NRP2
NP_notochordal	Fibroblast_like	VEGFA	GPC1	0.6421027	0.0	0.38899225	0.2440403009534344	0.13276862746549606	0.011862149	0.69104004	0.1818923269941912	0.614051200798727	degenerated	True	pain_ligand:VEGFA
AF_outer	AF_outer	FGF2	SDC4	0.5700147	1.0	0.32368526	-0.1086602050402026	-0.27127655007405405	0.008022133	0.67108405	1.0	0.6142202028435424	degenerated	True	pain_ligand:FGF2
NP_mature_chondrocyte	NP_stressed	CXCL8	SDC2	0.80515754	0.0	0.3892175	0.11951151722883029	-0.5327142124306918	0.0040026666	0.6911018	1.0	0.6144734844495038	degenerated	True	pain_ligand:CXCL8
NP_mature_chondrocyte	NP_fibrocartilaginous	VEGFB	ADRB2	0.24027932	1.0	0.05452834	-0.2008485184256052	-0.5176005613949028	0.004092773	0.45575768	1.0	0.6148106924596548	degenerated	True	pain_ligand:VEGFB
AF_inner	Fibroblast_like	FGF2	SDC2	0.6267602	1.0	0.38956845	-0.20100503911088075	-0.5380585649184021	0.0060938755	0.691198	1.0	0.6150651186607314	degenerated	True	pain_ligand:FGF2
Macrophage_M2	unassigned	ADAM17	IL6R	0.56970024	0.0	0.25503632	0.5160630601410038	1.0997467516516501	0.019002456	0.6442616	0.015267623538825359	0.6156571325126934	degenerated	True	pain_receptor:IL6R
EP_hyaline	NP_fibrocartilaginous	VEGFA	SIRPA	0.76669014	0.0	0.39021924	0.20956219272828716	0.2710010955410695	0.008123391	0.69137615	0.3877710856904323	0.6168422996258829	degenerated	True	pain_ligand:VEGFA
EP_hyaline	Fibrochondrocyte_chondroid	FGF2	SDC2	0.92856693	0.0	0.8596493	0.11924112898873734	0.49715238302547515	0.013447177	0.7687859	0.16664631659494994	0.6169083784718539	degenerated	True	pain_ligand:FGF2
NP_fibrocartilaginous	Fibrochondrocyte_chondroid	TNFSF12	TNFRSF12A	0.7183643	0.29	0.39036277	0.08480909922220503	0.4048017159295725	0.0118845515	0.69141537	0.6703697186411552	0.6172660487537327	degenerated	True	pain_ligand:TNF
Macrophage_M2	Fibrochondrocyte_stressed	TNFSF10	RIPK1	0.23425537	0.25	0.054654263	0.09644999272813615	0.23089076887870336	0.010890567	0.45604372	0.6269127466056522	0.6173140373214007	degenerated	True	pain_ligand:TNF
Fibroblast_like	Fibrochondrocyte_stressed	ADAM10	IL6R	0.6471912	0.0	0.39052716	0.5962979062965805	0.5175962198029609	0.022827066	0.6914603	0.015267623538825359	0.6175201669408175	degenerated	True	pain_receptor:IL6R
NP_stressed	EP_hyaline	CXCL8	SDC2	0.6495549	0.89	0.39073232	-0.053813247598136715	-0.4600830367525851	0.004018245	0.6915163	1.0	0.6181987178453769	degenerated	True	pain_ligand:CXCL8
AF_outer	EP_hyaline	FGF2	FGFR1	0.63289416	1.0	0.39095658	-0.13325931434267183	-0.13492644625062522	0.007534835	0.6915775	1.0	0.6186229006453068	degenerated	True	pain_ligand:FGF2
AF_outer	Macrophage_M2	FGF2	SDC2	0.9277637	0.2	0.70642114	0.10491267661974474	0.022019127303338992	0.011050286	0.75088024	0.5762739708222615	0.6187178976871484	degenerated	True	pain_ligand:FGF2
NP_mature_chondrocyte	Macrophage_M2	CXCL8	SDC2	0.80839103	0.18	0.3911329	0.12286062298309956	-0.5082783977398648	0.004022364	0.69162554	1.0	0.6188775783548444	degenerated	True	pain_ligand:CXCL8
NP_mature_chondrocyte	Fibrochondrocyte_stressed	FGF2	SDC4	0.7207848	0.02	0.39125478	0.05227094053983436	0.18813103891209293	0.009696758	0.6916588	0.35548570231165705	0.6192171948987456	degenerated	True	pain_ligand:FGF2
EP_hyaline	NP_mature_chondrocyte	FGF2	FGFR1	0.92764044	0.0	0.85802305	0.19590678179320697	0.40250852782067026	0.01653652	0.7686176	0.06221256407806435	0.6192208807419609	degenerated	True	pain_ligand:FGF2
unassigned	unassigned	GRN	TNFRSF1A	0.6255717	1.0	0.39126816	-0.10858160456308805	0.7138089593710139	0.004169301	0.69166243	1.0	0.6193020716000995	degenerated	True	pain_receptor:TNFRSF1A
Fibrochondrocyte_chondroid	NP_fibrocartilaginous	VEGFA	ITGAV	0.9274335	0.0	0.7697777	0.295765897586468	0.6412410023130324	0.014633384	0.7588266	0.025503717810976302	0.6195226472780226	degenerated	True	pain_ligand:VEGFA
Fibroblast_like	Fibrochondrocyte_stressed	ANGPT1	ITGA5	0.6230384	0.0	0.22971179	0.5562755291067605	0.5775448281215052	0.045223434	0.632189	0.015267623538825359	0.6201518278743982	degenerated	True	pain_ligand:ANGPT1
Macrophage_M2	NP_fibrocartilaginous	VEGFA	CD44	0.9272206	0.53	0.6849349	-0.06445738886055959	-0.15351512634482078	0.0040112687	0.74798006	1.0	0.6202271450537	degenerated	True	pain_ligand:VEGFA
NP_mature_chondrocyte	AF_inner	GRN	TNFRSF1A	0.5680607	1.0	0.3226698	-0.17330158682345592	-0.48937703289042633	0.0034383265	0.6707372	1.0	0.6202367899596957	degenerated	True	pain_receptor:TNFRSF1A
Macrophage_M2	NP_fibrocartilaginous	VEGFA	ITGAV	0.567984	0.58	0.31914157	-0.055144356229602426	-0.046211054220352765	0.0060668434	0.6695219	0.9707071631957837	0.6204069250066613	degenerated	True	pain_ligand:VEGFA
AF_outer	EP_hyaline	GRN	TNFRSF1A	0.76564366	0.01	0.39167652	0.011729801838646359	0.0015588491008744487	0.0041736527	0.69177365	1.0	0.6205770911635607	degenerated	True	pain_receptor:TNFRSF1A
AF_inner	Fibrochondrocyte_chondroid	ADAM17	IL6R	0.23654817	0.48	0.05488606	0.009754966118785867	0.011017382090091565	0.0040894956	0.45656872	1.0	0.6208574289302569	degenerated	True	pain_receptor:IL6R
NP_notochordal	Macrophage_M2	VEGFA	CD44	0.9268669	0.69	0.6677464	-0.06476000424928309	-0.11887079682079194	0.003910606	0.7455771	1.0	0.621133304421524	degenerated	True	pain_ligand:VEGFA
Fibrochondrocyte_chondroid	AF_outer	GRN	TNFRSF1A	0.63301325	1.0	0.3918405	-0.09112591109915226	-0.0632242592634652	0.0041754	0.6918183	1.0	0.6212576914101015	degenerated	True	pain_receptor:TNFRSF1A
NP_mature_chondrocyte	NP_stressed	FGF2	SDC4	0.9265944	0.0	0.8353676	0.293727362267699	0.5354161167231223	0.02070354	0.7662296	0.015267623538825359	0.6219392113433091	degenerated	True	pain_ligand:FGF2
unassigned	EP_hyaline	VEGFA	ITGB1	0.92656314	1.0	0.64167726	-0.1904918859843175	0.128446090710574	0.0036378878	0.7417816	1.0	0.6220399047259035	degenerated	True	pain_ligand:VEGFA
NP_stressed	Fibroblast_like	NGF	SORCS2	0.24928208	0.0	0.055028994	0.4132218342086064	0.2740750233003987	0.05614049	0.45689142	0.05040454194836202	0.6221071748314636	degenerated	True	pain_ligand:NGF
EP_hyaline	EP_hyaline	PTGS2	CAV1	0.92645943	1.0	0.7914847	-0.1167831805896162	-0.22156755321176158	0.0057514873	0.7613621	1.0	0.6224430660580167	degenerated	True	pain_ligand:PTGS2
NP_fibrocartilaginous	Fibrochondrocyte_stressed	ADAM10	IL6R	0.56725335	0.0	0.26014784	0.46569814832248435	0.45990833253647845	0.015206144	0.64653236	0.020054479388698105	0.622705759853261	degenerated	True	pain_receptor:IL6R
Fibroblast_like	Fibrochondrocyte_fibroid	PIGF	FLT1	0.97373533	0.0	0.5758857	1.435721230287907	1.2377995199769727	0.07345846	0.73128676	0.00014513063316411179	0.6235519578421373	degenerated	True	pain_receptor:FLT1
AF_inner	Fibroblast_like	FGF2	FGFR1	0.9256898	0.0	0.79841787	0.1942369121864664	0.029379908511046438	0.015387762	0.76215345	0.388898845550315	0.6238544260740747	degenerated	True	pain_ligand:FGF2
NP_mature_chondrocyte	AF_inner	FGF2	FGFRL1	0.9255892	0.0	0.83319855	0.3713992681655536	0.6225042433600498	0.02419468	0.76599663	0.015267623538825359	0.6240562470235748	degenerated	True	pain_ligand:FGF2
NP_mature_chondrocyte	NP_fibrocartilaginous	TNFSF10	TNFRSF11B	0.56676424	0.06	0.2611668	0.06938692362025242	0.010720745516635877	0.011663125	0.646979	0.4397655269918227	0.6241558883668393	degenerated	True	pain_ligand:TNF
Macrophage_M2	EP_hyaline	FGF2	FGFRL1	0.57136923	0.6	0.22869802	-0.013359332075266128	0.1039045166068795	0.0066410042	0.63167465	0.9968380330174399	0.6243267393181104	degenerated	True	pain_ligand:FGF2
Fibroblast_like	NP_stressed	VEGFA	CD44	1.1293831	0.0	0.57532334	0.13429074968472743	-0.320305918661416	0.0033693374	0.7311908	1.0	0.6246615062328306	degenerated	True	pain_ligand:VEGFA
Fibrochondrocyte_fibroid	AF_inner	PTGS2	CAV1	0.7088101	1.0	0.39355466	-0.2983605068931475	-0.8427136687009298	0.002859846	0.69228345	1.0	0.6246683462942284	degenerated	True	pain_ligand:PTGS2
Fibroblast_like	NP_fibrocartilaginous	VEGFA	CD44	0.8189645	1.0	0.3936578	-0.17014166718089957	-0.6394013670700506	0.0023054269	0.69231135	1.0	0.6249246804116662	degenerated	True	pain_ligand:VEGFA
NP_mature_chondrocyte	AF_outer	VEGFA	EGFR	0.7620807	0.0	0.39366254	0.3268824229634125	0.4851687600977247	0.019775469	0.6923126	0.015267623538825359	0.6250100778568706	degenerated	True	pain_ligand:VEGFA
AF_outer	unassigned	FGF2	CD44	0.63551104	1.0	0.39375618	-0.28801556087058905	-0.08265890745930538	0.004135551	0.69233793	1.0	0.6250954830815633	degenerated	True	pain_ligand:FGF2
Fibrochondrocyte_fibroid	Fibrochondrocyte_stressed	FGF2	CD44	1.1150275	0.0	0.39408407	0.15940570636534795	0.028640681384830724	0.0041389945	0.69242656	1.0	0.6254373703921181	degenerated	True	pain_ligand:FGF2
NP_fibrocartilaginous	Fibroblast_like	FGF2	SDC2	0.56630844	1.0	0.32069397	-0.26838208061603	-0.6734375887652793	0.005016498	0.67005855	1.0	0.6259505294170908	degenerated	True	pain_ligand:FGF2
NP_stressed	Fibrochondrocyte_chondroid	FGF2	SDC4	0.6289108	0.86	0.3941689	-0.043400726975176815	0.0791189045218662	0.0097689815	0.6924495	1.0	0.626121707696199	degenerated	True	pain_ligand:FGF2
Fibrochondrocyte_fibroid	Fibrochondrocyte_stressed	ADAM10	IL6R	0.64955246	0.0	0.39437842	0.6001555895897358	0.7113137528434221	0.02305218	0.6925061	0.015267623538825359	0.6263784392259354	degenerated	True	pain_receptor:IL6R
NP_mature_chondrocyte	AF_outer	CXCL8	SDC2	0.56606007	1.0	0.24758713	-0.12814784982193572	-0.8799645855484695	0.0025461565	0.6408574	1.0	0.626549506672706	degenerated	True	pain_ligand:CXCL8
NP_mature_chondrocyte	NP_fibrocartilaginous	SEMA3C	NRP2_PLXNA3	0.2704944	1.0	0.055232383	-0.004773662841273511	-0.04698847613995161	0.010398727	0.45734915	1.0	0.6268939372947493	degenerated	True	pain_receptor:NRP2
Fibrochondrocyte_fibroid	NP_mature_chondrocyte	TNFSF10	TNFRSF10B	0.56596935	0.0	0.25400114	0.6122173911564724	0.6587098529184585	0.032719545	0.6437954	0.015267623538825359	0.6272344658647748	degenerated	True	pain_ligand:TNF
Fibroblast_like	AF_outer	FGF2	SDC4	0.62875015	0.98	0.39476776	-0.043196186050273824	-0.3030989964842933	0.009783823	0.69261116	1.0	0.6273202625890603	degenerated	True	pain_ligand:FGF2
AF_outer	NP_stressed	FGF2	SDC2	0.9245302	0.0	0.7029618	0.10156357086547546	-0.0024166873874880146	0.010996173	0.7504208	0.4784506528277587	0.6273877514363113	degenerated	True	pain_ligand:FGF2
unassigned	EP_hyaline	VEGFA	CD44	0.6587243	1.0	0.39478335	-0.3276675099253806	-0.05309046876167889	0.0023120185	0.69261533	1.0	0.6274915014632264	degenerated	True	pain_ligand:VEGFA
Macrophage_M2	EP_hyaline	TNFSF10	TNFRSF10D	0.23544687	0.47	0.05524794	-0.006368269338155978	0.13076136166145025	0.0073736655	0.45738414	0.8502469265914133	0.6275177787306256	degenerated	True	pain_ligand:TNF
AF_outer	AF_inner	ANGPT1	ITGA5	0.23624316	0.92	0.055276316	0.011759241648353139	-0.09838286167986113	0.010882266	0.45744786	1.0	0.6283494545598736	degenerated	True	pain_ligand:ANGPT1
Macrophage_M2	EP_hyaline	VEGFA	NRP2	0.6426791	0.61	0.39519998	-0.08454859405458338	0.017566668607379543	0.0048521087	0.6927276	1.0	0.6285201568352554	degenerated	True	pain_ligand:VEGFA; pain_receptor:NRP2
NP_stressed	AF_outer	CXCL8	SDC2	0.65444654	0.91	0.39535928	-0.04874638134759121	-0.6193963175013452	0.004065828	0.69277054	1.0	0.6290350004911422	degenerated	True	pain_ligand:CXCL8
NP_fibrocartilaginous	AF_outer	FGF2	CD44	0.92380625	0.34	0.7232023	-0.0034042334011618602	-0.14261865428082232	0.007595665	0.7530696	0.9868992120315795	0.6293086303427206	degenerated	True	pain_ligand:FGF2
Fibrochondrocyte_chondroid	NP_fibrocartilaginous	VEGFA	SIRPA	0.7750995	0.0	0.3956378	0.21777144303132215	0.4447919671310227	0.008236192	0.69284546	0.36911654502812463	0.6294643147171248	degenerated	True	pain_ligand:VEGFA
AF_outer	NP_stressed	VEGFA	SIRPA	0.2541446	1.0	0.05530378	-0.3434579628876249	-0.8085003904604993	0.0011512868	0.4575095	1.0	0.6295966324925342	degenerated	True	pain_ligand:VEGFA
Fibroblast_like	AF_outer	TNFSF12	TNFRSF12A	0.9233958	0.0	0.5989447	0.30990739360545483	0.2848634355076066	0.018234804	0.7351267	0.045625743547718645	0.629713238599898	degenerated	True	pain_ligand:TNF
NP_mature_chondrocyte	NP_mature_chondrocyte	CXCL8	SDC2	0.8161469	0.0	0.3957271	0.1308932363178691	-0.36613975918394237	0.0040696105	0.6928694	1.0	0.6297217696260347	degenerated	True	pain_ligand:CXCL8
Fibrochondrocyte_chondroid	Fibroblast_like	FGF2	SDC2	0.6325152	1.0	0.39612532	-0.1945907855929849	-0.13164119925929507	0.0061964425	0.6929765	1.0	0.6309249129473528	degenerated	True	pain_ligand:FGF2
AF_inner	EP_hyaline	PTGS2	CAV1	0.9225546	1.0	0.78626853	-0.12023268282740354	-0.3838698475868425	0.005713582	0.76076084	1.0	0.6311301570965007	degenerated	True	pain_ligand:PTGS2
Fibrochondrocyte_stressed	Macrophage_M2	CXCL2	DPP4	1.0721773	0.0	0.39659575	1.4555650747961808	1.4786008324154225	0.079725415	0.6931027	4.5950195282122726e-05	0.6319575060918985	degenerated	True	pain_ligand:CXCL2
unassigned	Fibroblast_like	VEGFA	EGFR	0.66071236	0.0	0.39661595	0.5205789213071175	0.6200716234550376	0.01992383	0.69310814	0.015267623538825359	0.6320435430283339	degenerated	True	pain_ligand:VEGFA
NP_mature_chondrocyte	Fibrochondrocyte_stressed	IL11	IL6R	0.5645752	0.0	0.25577974	0.5771275043321259	0.8230834789330934	0.03627757	0.6445951	0.009892268833034115	0.632129587773331	degenerated	True	pain_receptor:IL6R
Fibroblast_like	NP_stressed	TNFSF12	TNFRSF12A	0.9220697	0.0	0.59783167	0.3086279942530129	0.23774561003901418	0.018200919	0.73494554	0.07269769974079406	0.6321428068640922	degenerated	True	pain_ligand:TNF
EP_hyaline	Fibrochondrocyte_fibroid	VEGFA	NRP2	0.9219247	0.0	0.76626134	0.174964227396875	0.31725440624260703	0.009407853	0.7584074	0.22348596084766761	0.6322441572361458	degenerated	True	pain_ligand:VEGFA; pain_receptor:NRP2
EP_hyaline	AF_outer	GRN	TNFRSF1A	0.6365474	1.0	0.39698026	-0.08744023916304176	-0.1961143973787084	0.0042301686	0.6932058	1.0	0.6330771658624716	degenerated	True	pain_receptor:TNFRSF1A
NP_mature_chondrocyte	NP_stressed	TNFSF10	TNFRSF10D	0.24702531	0.36	0.055444695	0.02171332764659574	0.020246168709852297	0.0073999255	0.4578253	0.7400242981549082	0.6331278332887619	degenerated	True	pain_ligand:TNF
Fibrochondrocyte_chondroid	Macrophage_M2	VEGFA	ITGAV	0.7062015	0.21	0.22642076	-0.00467219839709232	0.15812810477317435	0.0043042316	0.6305097	1.0	0.6337668734293624	degenerated	True	pain_ligand:VEGFA
NP_mature_chondrocyte	NP_fibrocartilaginous	PDGFA	PDGFRB	0.24424474	0.0	0.05552596	0.17790094018089056	0.298871324905727	0.026266048	0.4580071	0.07833216887819291	0.6345808001837607	degenerated	True	pain_ligand:PDGFA
Fibroblast_like	Fibrochondrocyte_fibroid	ANGPT1	ITGB1	0.99614614	0.0	0.39758167	0.2890396391960637	0.25033733915912104	0.028875824	0.6933667	0.06390493392519031	0.6347162770966351	degenerated	True	pain_ligand:ANGPT1
NP_fibrocartilaginous	NP_fibrocartilaginous	FGF2	SDC4	0.63461924	1.0	0.39760536	-0.03368860911113827	-0.15536450274575941	0.00985415	0.6933731	1.0	0.634802564238143	degenerated	True	pain_ligand:FGF2
NP_fibrocartilaginous	Fibrochondrocyte_fibroid	VEGFA	ITGAV	0.5636075	1.0	0.30847758	-0.08977263307164332	-0.2499504818230962	0.005864122	0.66575134	1.0	0.6351479815638361	degenerated	True	pain_ligand:VEGFA
Fibroblast_like	Fibrochondrocyte_stressed	ANGPT1	ITGB1	0.6151309	1.0	0.22615401	-0.07362165560751131	-0.2373810173401103	0.016425261	0.63037235	1.0	0.6355798817368601	degenerated	True	pain_ligand:ANGPT1
AF_outer	Fibrochondrocyte_chondroid	FGF2	SDC4	0.5634781	1.0	0.31669217	-0.11632896969792074	-0.033832272888069115	0.007848818	0.66866904	1.0	0.6360121683899134	degenerated	True	pain_ligand:FGF2
NP_stressed	AF_outer	VEGFA	EGFR	1.0296065	0.0	0.5699754	0.5880521277429149	0.6418006018133835	0.028632468	0.73027205	0.015267623538825359	0.6360975411727453	degenerated	True	pain_ligand:VEGFA
AF_outer	EP_hyaline	VEGFA	NRP2	0.56336963	1.0	0.27207482	-0.16197407259413638	-0.37849952273973864	0.003340427	0.65163755	1.0	0.6365309038874072	degenerated	True	pain_ligand:VEGFA; pain_receptor:NRP2
Fibrochondrocyte_fibroid	Fibroblast_like	FGF2	FGFR1	0.6805149	0.92	0.22592264	-0.07902456916642081	-0.3857402292809284	0.004354166	0.63025314	1.0	0.6367040056236202	degenerated	True	pain_ligand:FGF2
Fibroblast_like	Fibroblast_like	TNFSF13B	HLA-DPB1	0.28330302	0.0	0.055664495	0.26830680558378767	0.07995165386294731	0.0050877593	0.4583164	1.0	0.636862913990103	degenerated	True	pain_ligand:TNF
Fibrochondrocyte_stressed	Fibrochondrocyte_fibroid	SEMA3C	NRP2_PLXNA2	0.23689312	0.76	0.055695456	0.26996852078017175	0.04015857310394455	0.022501735	0.4583854	1.0	0.6372776548153032	degenerated	True	pain_receptor:NRP2
Macrophage_M2	AF_inner	FGF2	SDC4	0.56560445	0.75	0.22571537	-0.10573482960386532	-0.16147221587543092	0.0055940724	0.63014615	1.0	0.6374828742453564	degenerated	True	pain_ligand:FGF2
NP_mature_chondrocyte	Fibrochondrocyte_fibroid	GRN	TNFRSF1A	0.6345477	1.0	0.39884678	-0.09225134516314444	-0.3343105012482419	0.004250058	0.69370437	1.0	0.6384359844972982	degenerated	True	pain_receptor:TNFRSF1A
NP_stressed	Fibrochondrocyte_chondroid	TNFSF11	TNFRSF11B	0.60202014	0.03	0.22547932	0.188468305544309	0.42046490303242384	0.026658319	0.6300242	0.33442439156980847	0.6386092401824884	degenerated	True	pain_ligand:TNF
AF_inner	NP_notochordal	FGF2	CD44	0.6335919	1.0	0.39891228	-0.27993091522971586	-0.2737716412984458	0.0041897045	0.69372183	1.0	0.6386092401824884	degenerated	True	pain_ligand:FGF2
AF_inner	AF_outer	VEGFA	EGFR	1.0279478	0.0	0.5688822	0.5864325420611269	0.6737333862050784	0.028577553	0.7300829	0.015267623538825359	0.6386368893687868	degenerated	True	pain_ligand:VEGFA
NP_fibrocartilaginous	AF_outer	FGF2	SDC1	0.33098567	1.0	0.055743057	0.002676489118103545	-0.13066938329242292	0.01998626	0.45849147	1.0	0.6387289798846703	degenerated	True	pain_ligand:FGF2
Fibrochondrocyte_fibroid	Fibrochondrocyte_stressed	TNFSF10	TNFRSF10D	0.56284666	0.0	0.24885814	0.5770893168646453	0.6017091834861694	0.03321385	0.6414465	0.015267623538825359	0.6389560368997368	degenerated	True	pain_ligand:TNF
NP_stressed	NP_fibrocartilaginous	CXCL8	SDC1	0.29542804	0.06	0.055763677	0.11864478469554436	-0.34281870911011836	0.013144361	0.45853734	1.0	0.6391435023396244	degenerated	True	pain_ligand:CXCL8
Fibroblast_like	unassigned	ADAM10	IL6R	0.6561243	0.0	0.3990829	0.6097091375021154	1.1311112073503689	0.023327164	0.6937672	0.015267623538825359	0.6393029591462239	degenerated	True	pain_receptor:IL6R
EP_hyaline	AF_outer	VEGFA	EGFR	0.7703656	0.0	0.3991227	0.33497008979852	0.48614126026436266	0.020049756	0.6937778	0.015267623538825359	0.6393898528778571	degenerated	True	pain_ligand:VEGFA
Fibroblast_like	Macrophage_M2	VEGFA	CD44	0.8284501	0.82	0.399209	-0.16083871622278817	-0.626117532534401	0.002337937	0.6938008	1.0	0.6396500069446648	degenerated	True	pain_ligand:VEGFA
EP_hyaline	NP_fibrocartilaginous	VEGFA	ITGAV	0.9190241	0.0	0.759235	0.287556647283433	0.46745013072307917	0.014432968	0.7575625	0.027738980975975047	0.6396534931187866	degenerated	True	pain_ligand:VEGFA
Fibrochondrocyte_chondroid	Fibrochondrocyte_chondroid	VEGFA	SIRPA	0.7056703	0.0	0.22511618	0.10551884634787473	0.46978483388497616	0.0046863575	0.6298363	1.0	0.6399104230777359	degenerated	True	pain_ligand:VEGFA
Fibroblast_like	AF_inner	NGF	KIDINS220	0.23776764	0.99	0.055793334	-0.03849601810132945	-0.22761526230286028	0.007828274	0.45860335	1.0	0.6399724588475725	degenerated	True	pain_ligand:NGF
Fibroblast_like	AF_inner	ANGPT1	ITGB1	0.61267906	1.0	0.22505088	-0.07595533059157931	-0.31011854979617537	0.016345143	0.62980247	1.0	0.6401709098821222	degenerated	True	pain_ligand:ANGPT1
NP_fibrocartilaginous	AF_inner	VEGFA	NRP2	0.63268805	1.0	0.3995807	-0.1098338256639772	-0.3269140942356844	0.004905894	0.69389963	1.0	0.6404314673674115	degenerated	True	pain_ligand:VEGFA; pain_receptor:NRP2
Fibroblast_like	NP_fibrocartilaginous	SEMA3A	NRP2	0.9186611	0.0	0.7999806	0.6257623731151188	0.6054356999350944	0.03030687	0.76233065	0.015267623538825359	0.6407725392375931	degenerated	True	pain_ligand:SEMA3A; pain_receptor:NRP2
AF_outer	Macrophage_M2	SEMA3E	NRP2	0.23626347	0.94	0.055819858	-0.2434210722495688	-0.3986344391273678	0.004206176	0.45866236	1.0	0.6408012212877228	degenerated	True	pain_receptor:NRP2
NP_mature_chondrocyte	NP_fibrocartilaginous	GRN	TNFRSF1A	0.63523877	1.0	0.39963856	-0.09140895785369998	-0.4139356156046392	0.0042584953	0.693915	1.0	0.6408657591382747	degenerated	True	pain_receptor:TNFRSF1A
Fibroblast_like	Macrophage_M2	TNFSF13B	TFRC	0.28395236	0.48	0.05582873	0.02321001027812908	-0.03337698296530758	0.005336204	0.45868212	1.0	0.6410083672957558	degenerated	True	pain_ligand:TNF
Fibroblast_like	AF_inner	TNFSF13B	CD40	0.28402367	0.0	0.055846777	0.42497823605776364	0.3154334131861629	0.012082449	0.4587222	0.07233462574974801	0.6414226800544118	degenerated	True	pain_ligand:TNF
AF_outer	NP_notochordal	ADAM10	IL6R	0.5621771	0.0	0.28529167	0.462569031891252	0.6787571240235666	0.016675849	0.657002	0.015267623538825359	0.6415613028487783	degenerated	True	pain_receptor:IL6R
NP_fibrocartilaginous	Fibrochondrocyte_chondroid	VEGFA	ITGAV	0.56191736	1.0	0.30624864	-0.09206791464521398	0.02218074258110625	0.00582175	0.664944	1.0	0.6421701962942522	degenerated	True	pain_ligand:VEGFA
Fibrochondrocyte_fibroid	EP_hyaline	PGF	NRP2	0.5617323	0.0	0.26953292	0.60011687386835	0.7209765115845532	0.028459396	0.65057135	0.010628384414243082	0.6425182808843972	degenerated	True	pain_receptor:NRP2
NP_fibrocartilaginous	NP_mature_chondrocyte	FGF2	FGFRL1	0.63718027	0.0	0.40048888	0.04448946883355932	0.026463731809895252	0.011629522	0.6941407	0.3968621920664455	0.6426922743073007	degenerated	True	pain_ligand:FGF2
unassigned	NP_mature_chondrocyte	VEGFA	NRP2	0.66518724	1.0	0.4007409	-0.05406893433276838	0.3372672608284537	0.0049201376	0.69420743	1.0	0.6431277795832863	degenerated	True	pain_ligand:VEGFA; pain_receptor:NRP2
NP_mature_chondrocyte	Fibrochondrocyte_fibroid	SEMA3A	NRP2	0.56154346	0.13	0.31027585	0.10388567893907899	0.2688350743971793	0.011754648	0.66639775	0.49509893589204534	0.6431277795832863	degenerated	True	pain_ligand:SEMA3A; pain_receptor:NRP2
NP_notochordal	NP_fibrocartilaginous	VEGFA	CD44	0.9173813	1.0	0.65846103	-0.07406295520739452	-0.13215463135644157	0.003856227	0.7442467	1.0	0.6437255513342985	degenerated	True	pain_ligand:VEGFA
AF_outer	AF_outer	ANGPT1	ITGB1	1.0472344	0.0	0.40095899	0.3293723605786025	0.4257316235212537	0.029121112	0.6942652	0.015267623538825359	0.6439118770929857	degenerated	True	pain_ligand:ANGPT1
NP_mature_chondrocyte	EP_hyaline	CXCL8	SDC2	0.56116843	1.0	0.24468957	-0.13321471607248123	-0.7206513047997094	0.0025163584	0.6395016	1.0	0.6443479330893862	degenerated	True	pain_ligand:CXCL8
AF_outer	Fibroblast_like	FGF2	SDC4	0.6424004	0.85	0.40112677	-0.023737261218230644	-0.26581715135535944	0.009941423	0.6943096	1.0	0.644522256653024	degenerated	True	pain_ligand:FGF2
NP_notochordal	Fibrochondrocyte_fibroid	VEGFA	NRP2	0.5610453	1.0	0.30964556	-0.17734234246299532	-0.17504628371244568	0.0038017055	0.66617167	1.0	0.644522256653024	degenerated	True	pain_ligand:VEGFA; pain_receptor:NRP2
Fibrochondrocyte_chondroid	AF_inner	VEGFA	NRP2	0.9170014	0.0	0.744156	0.16772507541442566	0.41067937099466134	0.009136453	0.75571555	0.2511637800552338	0.6447448047039033	degenerated	True	pain_ligand:VEGFA; pain_receptor:NRP2
AF_outer	Fibroblast_like	FGF2	FGFRL1	0.6426057	0.0	0.40134642	0.05402768658783219	-0.1283472858568906	0.011654424	0.69436765	0.9203989817978444	0.6450458010492983	degenerated	True	pain_ligand:FGF2
Macrophage_M2	Macrophage_M2	SEMA3A	NRP2	0.23701784	0.88	0.056177456	-0.31508226179397714	-0.38257441514522955	0.002128255	0.45945522	1.0	0.6453559182338933	degenerated	True	pain_ligand:SEMA3A; pain_receptor:NRP2
NP_stressed	Fibroblast_like	FGF2	FGFR1	0.91665584	0.0	0.7773231	0.18416790332742794	0.010746219411396751	0.0149812065	0.759718	0.43968299809819966	0.6454586523756938	degenerated	True	pain_ligand:FGF2
Fibrochondrocyte_chondroid	Macrophage_M2	PTGS2	CAV1	0.56080985	0.99	0.29178476	-0.44720448859558215	-0.6805557011816343	0.002120314	0.65953314	1.0	0.6455694362491604	degenerated	True	pain_ligand:PTGS2
Macrophage_M2	Fibrochondrocyte_stressed	ADAM17	IL6R	0.5607671	0.01	0.24956875	0.5026518289354688	0.48623176410424224	0.018595073	0.6417743	0.09898009487552592	0.6457441727163175	degenerated	True	pain_receptor:IL6R
NP_fibrocartilaginous	NP_stressed	PTGS2	CAV1	0.91625214	1.0	0.58106077	-0.10400251667660146	-0.6250900856164446	0.004222398	0.73216486	1.0	0.6464789151090131	degenerated	True	pain_ligand:PTGS2
NP_mature_chondrocyte	Macrophage_M2	FGF2	SDC3	0.9158374	0.0	0.8121553	1.2817674889228026	1.6321191778709219	0.082792446	0.76369625	9.113356863923891e-05	0.6469892440207685	degenerated	True	pain_ligand:FGF2
AF_outer	Fibroblast_like	TNFSF12	TNFRSF12A	0.9856214	0.0	0.56401074	0.3346946294675223	0.2003614125261588	0.017171245	0.7292347	0.10267139567966459	0.6469892440207685	degenerated	True	pain_ligand:TNF
EP_hyaline	NP_mature_chondrocyte	ADAM17	IL6R	0.23737252	0.41	0.056208342	0.003707594553614583	-0.06778043433054248	0.0041880175	0.4595235	1.0	0.6470107274563563	degenerated	True	pain_receptor:IL6R
Macrophage_M2	Fibrochondrocyte_stressed	VEGFA	SIRPA	0.64975786	0.26	0.40240794	0.24536453736849723	0.22861821129462356	0.00837713	0.6946479	0.6381707194824097	0.6472300305278742	degenerated	True	pain_ligand:VEGFA
EP_hyaline	Macrophage_M2	VEGFA	ITGAV	0.6977921	0.23	0.22331975	-0.012881448700127307	-0.01566276681677886	0.0042452817	0.62890184	1.0	0.6473174480791626	degenerated	True	pain_ligand:VEGFA
AF_outer	Macrophage_M2	FGF2	SDC3	0.64382803	0.0	0.4026541	0.9785978860056135	1.0055537518543962	0.041047223	0.69471276	0.001146871473662949	0.6480174581188167	degenerated	True	pain_ligand:FGF2
Fibrochondrocyte_chondroid	Fibroblast_like	ADAM10	IL6R	0.23971555	0.73	0.056269214	-0.03357399018507973	-0.14305575589369451	0.0032890441	0.45965788	1.0	0.6482513539468698	degenerated	True	pain_receptor:IL6R
NP_stressed	AF_outer	FGF2	SDC4	0.6354474	0.92	0.4028728	-0.035731962317458676	-0.15832537266411872	0.009984697	0.69477034	1.0	0.6490686124653029	degenerated	True	pain_ligand:FGF2
NP_fibrocartilaginous	Macrophage_M2	ANGPT1	ITGB1	0.6542436	0.79	0.22289453	-0.052957466702888506	-0.05226857529303347	0.01618853	0.6286794	1.0	0.6493313851616066	degenerated	True	pain_ligand:ANGPT1
Fibrochondrocyte_fibroid	unassigned	ADAM10	IL6R	0.6584856	0.0	0.40301853	0.6135668207952707	1.32482874039083	0.023557212	0.69480866	0.015267623538825359	0.6495067997724202	degenerated	True	pain_receptor:IL6R
Fibroblast_like	AF_inner	TNFSF12	TNFRSF12A	0.6903504	0.68	0.403329	0.08498659350709009	-0.01691200103385604	0.0122793075	0.6948903	1.0	0.6502962661124667	degenerated	True	pain_ligand:TNF
Fibrochondrocyte_chondroid	NP_notochordal	IL11	IL6R	0.5592826	0.0	0.281022	0.5818467052406234	1.2203124721442524	0.03985771	0.655301	0.009414637811478279	0.650910479311111	degenerated	True	pain_receptor:IL6R
NP_mature_chondrocyte	Fibroblast_like	FGF2	FGFRL1	0.91461504	0.0	0.8095176	0.35719728950502116	0.49821814015963506	0.023507029	0.7634026	0.015267623538825359	0.6511787156664124	degenerated	True	pain_ligand:FGF2
Fibrochondrocyte_fibroid	NP_stressed	TNFSF12	TNFRSF12A	0.8539079	0.0	0.40364602	0.1764151533086174	0.22637591452400563	0.01228896	0.6949736	0.08075858721139874	0.651261908673725	degenerated	True	pain_ligand:TNF
AF_outer	NP_notochordal	FGF2	CD44	0.5591253	1.0	0.3120353	-0.3629281668114983	-0.4053565078080308	0.0032772508	0.667026	1.0	0.6516132706694326	degenerated	True	pain_ligand:FGF2
Fibrochondrocyte_chondroid	AF_outer	FGF2	FGFRL1	0.55909526	0.96	0.29401785	-0.06845401501715657	0.1711924542206763	0.008537782	0.66038865	1.0	0.6517889021125737	degenerated	True	pain_ligand:FGF2
NP_mature_chondrocyte	Fibroblast_like	FGF2	SDC4	0.91440976	0.0	0.80907464	0.2794323416989583	0.3607482746611662	0.0200519	0.7633532	0.01988398531290272	0.6519971457967093	degenerated	True	pain_ligand:FGF2
NP_stressed	NP_fibrocartilaginous	CXCL8	SDC3	0.296162	0.09	0.056457937	0.07555904736785116	-0.3839650917737242	0.0037837627	0.4600738	1.0	0.6523834741113971	degenerated	True	pain_ligand:CXCL8
AF_outer	NP_fibrocartilaginous	ANGPT1	ITGB1	1.0552421	0.0	0.40437225	0.33699509608663686	0.4365098712038201	0.029369012	0.6951641	0.015267623538825359	0.6524921314962048	degenerated	True	pain_ligand:ANGPT1
Fibrochondrocyte_fibroid	AF_outer	TNFSF12	TNFRSF12A	0.85523397	0.0	0.40439758	0.17769455266105927	0.2734937399925981	0.0123118395	0.69517076	0.078604076643079	0.6525802162390799	degenerated	True	pain_ligand:TNF
NP_mature_chondrocyte	Fibrochondrocyte_fibroid	VEGFA	NRP2	0.9136398	0.0	0.7557786	0.16687656056176753	0.31628190607596907	0.0092791505	0.7571432	0.2369441197348457	0.6530207668006311	degenerated	True	pain_ligand:VEGFA; pain_receptor:NRP2
AF_inner	NP_mature_chondrocyte	TNFSF12	TNFRSF12A	0.75299835	0.0	0.22207208	0.021679085794589284	0.03704775515638811	0.00676096	0.62824786	0.6841788250421184	0.6531960606677965	degenerated	True	pain_ligand:TNF
Macrophage_M2	Fibroblast_like	VEGFA	GPC1	0.651942	0.29	0.40463194	0.25364586730026933	0.11140813247711684	0.012339073	0.6952321	0.6703697186411552	0.6532840145827807	degenerated	True	pain_ligand:VEGFA
Fibrochondrocyte_chondroid	AF_outer	VEGFA	EGFR	0.778775	0.0	0.40466487	0.343179340101555	0.6599321318543159	0.020328166	0.69524074	0.015267623538825359	0.6533719763928361	degenerated	True	pain_ligand:VEGFA
EP_hyaline	Fibrochondrocyte_chondroid	VEGFA	SIRPA	0.6972609	0.0	0.22203304	0.09730959604483974	0.29599396229502295	0.004622174	0.62822735	1.0	0.6533719763928361	degenerated	True	pain_ligand:VEGFA
AF_inner	Fibrochondrocyte_chondroid	FGF2	SDC4	0.6379448	0.79	0.40486574	-0.03333171811613833	0.09775259362151589	0.010034089	0.6952933	1.0	0.6545169761827146	degenerated	True	pain_ligand:FGF2
Fibroblast_like	Fibrochondrocyte_fibroid	SEMA3B	NRP2_PLXNA2	0.23863062	0.0	0.056590125	0.5621147378409297	0.4008524462476279	0.0769198	0.46036425	0.015267623538825359	0.6552730878269601	degenerated	True	pain_receptor:NRP2
NP_notochordal	NP_fibrocartilaginous	VEGFA	ITGAV	0.55814475	1.0	0.30680624	-0.06474992257643736	-0.024850559231973546	0.0058323503	0.6651466	1.0	0.6553103017960501	degenerated	True	pain_ligand:VEGFA
NP_fibrocartilaginous	Fibrochondrocyte_stressed	VEGFA	ITGAV	0.5581199	1.0	0.30124056	-0.09722493400513058	-0.21498103469567842	0.0057265474	0.6631048	1.0	0.6553986399814398	degenerated	True	pain_ligand:VEGFA
unassigned	Macrophage_M2	VEGFA	CD44	0.91259325	0.71	0.6287998	-0.07869451172021948	0.16429092331985906	0.003682518	0.7398353	1.0	0.6554794278210716	degenerated	True	pain_ligand:VEGFA
NP_stressed	NP_mature_chondrocyte	ADAM17	IL6R	0.23822622	0.33	0.05663365	0.005274678674991939	-0.1943130787226348	0.004219706	0.46045977	1.0	0.6554794427258279	degenerated	True	pain_receptor:IL6R
Fibrochondrocyte_chondroid	NP_notochordal	FGF2	CD44	0.63934696	1.0	0.40562642	-0.27351666171182004	0.13264572436066124	0.004260222	0.6954921	1.0	0.6562809004245362	degenerated	True	pain_ligand:FGF2
Macrophage_M2	EP_hyaline	FGF2	CD44	0.5576221	1.0	0.22158535	-0.38288770714825626	-0.4614539953994554	0.0023272713	0.6279916	1.0	0.65698755143864	degenerated	True	pain_ligand:FGF2
AF_outer	unassigned	GRN	TNFRSF1A	0.91190034	0.0	0.7446534	0.19002246854332394	0.7563033456367437	0.007934927	0.7557772	0.41758339124264987	0.6570175994701738	degenerated	True	pain_receptor:TNFRSF1A
NP_mature_chondrocyte	Fibrochondrocyte_stressed	PIGF	FLT1	0.26501796	0.0	0.056710385	0.11159067870540915	0.16874878054095543	0.0072338264	0.46062797	0.5632209419065528	0.6571295048779062	degenerated	True	pain_receptor:FLT1
Macrophage_M2	AF_inner	VEGFA	NRP2	0.5575519	0.76	0.30851907	-0.18318517840164472	-0.2767726855387238	0.0037878752	0.6657663	1.0	0.6574292951959934	degenerated	True	pain_ligand:VEGFA; pain_receptor:NRP2
NP_fibrocartilaginous	AF_inner	FGF2	FGFR1	0.6421839	1.0	0.40612254	-0.12293062148424468	-0.30136100368451046	0.0078271255	0.6956215	1.0	0.657871431996766	degenerated	True	pain_ligand:FGF2
Fibrochondrocyte_stressed	NP_stressed	TNFSF12	TNFRSF12A	0.8547823	0.0	0.4061371	0.17811123345054938	0.23338913476584983	0.012364799	0.6956253	0.07810611846959074	0.6579598051008246	degenerated	True	pain_ligand:TNF
Macrophage_M2	Fibroblast_like	TNFSF10	TNFRSF11B	0.56828105	0.37	0.22108729	0.03887619452290412	-0.08289265416681224	0.009873263	0.62772864	0.7492843193647934	0.6586674653274437	degenerated	True	pain_ligand:TNF
NP_mature_chondrocyte	NP_stressed	NGF	KIDINS220	0.248288	0.95	0.056817852	0.01473008112339455	0.009451848322432621	0.0079720225	0.46086317	1.0	0.6587787358054519	degenerated	True	pain_ligand:NGF
AF_outer	unassigned	ADAM17	IL6R	0.5569786	0.0	0.2338327	0.492712139301826	1.1458589555339977	0.0174226	0.63425374	0.015267623538825359	0.6588445572652363	degenerated	True	pain_receptor:IL6R
NP_mature_chondrocyte	AF_inner	PDGFA	PDGFRA	0.24789634	1.0	0.056840412	-0.10081714789061041	-0.19278261376584668	0.0068595638	0.46091247	1.0	0.6589848849664648	degenerated	True	pain_ligand:PDGFA
Fibrochondrocyte_stressed	AF_outer	TNFSF12	TNFRSF12A	0.85610837	0.0	0.40689328	0.17939063280299128	0.28050696023444227	0.01238782	0.69582224	0.0768938887065443	0.6591986410247306	degenerated	True	pain_ligand:TNF
NP_mature_chondrocyte	NP_fibrocartilaginous	VEGFA	ITGAV	0.9107393	0.0	0.7488484	0.27946898044832547	0.4664776305564412	0.014235521	0.7562953	0.029930650958865365	0.6600975588368011	degenerated	True	pain_ligand:VEGFA
Fibroblast_like	EP_hyaline	VEGFA	ITGB1	0.84242	1.0	0.40738457	-0.27263609048688614	-0.661962365143686	0.0023096025	0.6959499	1.0	0.6603502404658232	degenerated	True	pain_ligand:VEGFA
NP_stressed	NP_fibrocartilaginous	VEGFA	SIRPA	1.025931	0.0	0.55726063	0.46264423067268207	0.4266604370900903	0.011600777	0.72804433	0.08780849622499806	0.6607140645391395	degenerated	True	pain_ligand:VEGFA
NP_notochordal	NP_mature_chondrocyte	GRN	TNFRSF1A	0.9105935	0.0	0.612553	0.17351552162731404	0.28359206827452166	0.006527283	0.7373081	0.6233389513153519	0.6607140645391395	degenerated	True	pain_receptor:TNFRSF1A
NP_mature_chondrocyte	AF_inner	TNFSF10	TNFRSF11B	0.7944778	0.0	0.40767926	0.2827740919548314	0.3645512797690868	0.018206043	0.6960264	0.019165578085813397	0.6608823203613956	degenerated	True	pain_ligand:TNF
EP_hyaline	NP_fibrocartilaginous	PDGFA	PDGFRA	0.5561143	0.0	0.2525104	0.34507312428334713	0.6190360528254539	0.030473236	0.64312017	0.015267623538825359	0.6613258080398371	degenerated	True	pain_ligand:PDGFA
NP_mature_chondrocyte	Macrophage_M2	VEGFA	ITGAV	0.68950725	0.27	0.22026466	-0.020969115535234784	-0.01663526698341683	0.004187205	0.627293	1.0	0.6616809759917679	degenerated	True	pain_ligand:VEGFA
Fibroblast_like	Fibroblast_like	FGF2	FGFR1	0.9099586	0.0	0.7616848	0.17670367959461278	-0.1340274044087778	0.014679812	0.7578582	0.608284738089363	0.6619477472449719	degenerated	True	pain_ligand:FGF2
AF_outer	AF_outer	FGF2	CD44	0.90979135	0.74	0.6871935	-0.019024443477794986	-0.13882449694353016	0.007217471	0.74829024	1.0	0.6621534143846919	degenerated	True	pain_ligand:FGF2
AF_inner	NP_stressed	SEMA3A	NRP2	0.7243187	0.0	0.22014904	0.23862132491165794	0.20818007547593956	0.008340239	0.62723166	0.35401040482735985	0.6623913014033419	degenerated	True	pain_ligand:SEMA3A; pain_receptor:NRP2
EP_hyaline	AF_inner	IL11	IL6R	0.23977906	0.02	0.056973606	0.07991508372191784	0.012343308348415571	0.008080639	0.46120325	0.433608022003149	0.6626927059788499	degenerated	True	pain_receptor:IL6R
AF_inner	NP_fibrocartilaginous	VEGFA	SIRPA	1.0242723	0.0	0.55619186	0.4610246449908941	0.4585932214817852	0.011578527	0.72785425	0.08842645011261131	0.6630792284471776	degenerated	True	pain_ligand:VEGFA
EP_hyaline	EP_hyaline	SEMA3A	NRP2	0.5553793	0.0	0.25967014	0.07032417249552954	0.29614103988157053	0.009837476	0.64632237	0.2909020336181082	0.6642584711645367	degenerated	True	pain_ligand:SEMA3A; pain_receptor:NRP2
Fibroblast_like	NP_mature_chondrocyte	NGF	SORT1	0.24082692	0.0	0.057081677	0.09670533329474214	0.005274579666934787	0.013885581	0.46143866	0.4551497078220809	0.6643393815562775	degenerated	True	pain_ligand:NGF
EP_hyaline	AF_inner	VEGFA	NRP2	0.90859205	0.0	0.7339642	0.15951582511139067	0.23688849940470813	0.009011322	0.75444037	0.2640945074292855	0.6644173402390829	degenerated	True	pain_ligand:VEGFA; pain_receptor:NRP2
NP_fibrocartilaginous	AF_outer	GRN	TNFRSF1A	0.9085594	0.0	0.79257774	0.19623335690589172	0.13418975138922884	0.008445603	0.7614874	0.33794791465685414	0.6645202380402209	degenerated	True	pain_receptor:TNFRSF1A
Fibroblast_like	NP_fibrocartilaginous	VEGFA	ITGB1	1.0949873	0.88	0.5551939	-0.032235165541378646	-0.37311462109563565	0.0031475844	0.72767633	1.0	0.6650351448701932	degenerated	True	pain_ligand:VEGFA
AF_inner	Macrophage_M2	VEGFA	NRP2	0.9816942	0.05	0.4091806	0.19722211201138673	0.14083427820250882	0.005023758	0.6964151	1.0	0.6652378832175245	degenerated	True	pain_ligand:VEGFA; pain_receptor:NRP2
Macrophage_M2	AF_outer	PDGFA	PDGFRA	0.56289166	0.01	0.21955714	0.32346015750648827	0.5325273506532453	0.026496397	0.6269168	0.14586576408348212	0.6656833170890717	degenerated	True	pain_ligand:PDGFA
Macrophage_M2	EP_hyaline	TNFSF10	TNFRSF10B	0.2392059	0.35	0.057120934	0.02582615126061858	0.1713094123083217	0.0073581208	0.46152416	0.7298750237009349	0.6657795455502487	degenerated	True	pain_ligand:TNF
Fibrochondrocyte_fibroid	Fibrochondrocyte_stressed	TNFSF10	TNFRSF10B	0.6605002	0.0	0.40969282	0.7663813102770043	0.8313062097370163	0.052775208	0.6965473	0.003949223499440173	0.666218257523277	degenerated	True	pain_ligand:TNF
EP_hyaline	AF_inner	GRN	TNFRSF1A	0.5545881	1.0	0.3074929	-0.18735163083293682	-0.28200431538904525	0.003276603	0.6653955	1.0	0.6663965034944755	degenerated	True	pain_receptor:TNFRSF1A
NP_mature_chondrocyte	unassigned	FGF2	CD44	0.9075203	0.75	0.7942081	0.015154042046599925	0.5439065185572203	0.008341426	0.761674	1.0	0.6670959421267448	degenerated	True	pain_ligand:FGF2
NP_stressed	Macrophage_M2	VEGFA	NRP2	0.9833529	0.04	0.4099669	0.19884169769317472	0.10890149381081393	0.005033411	0.696618	1.0	0.667110396001762	degenerated	True	pain_ligand:VEGFA; pain_receptor:NRP2
AF_outer	Fibrochondrocyte_chondroid	ANGPT1	ITGB1	0.621008	1.0	0.2192812	-0.07632176555197424	0.10223273998568386	0.015926098	0.6267698	1.0	0.667378015511815	degenerated	True	pain_ligand:ANGPT1
AF_outer	Fibrochondrocyte_chondroid	ADAM17	IL6R	0.24221985	0.38	0.05719844	0.020165462341384728	0.04738274245547436	0.0042617884	0.46169263	1.0	0.6674247708149221	degenerated	True	pain_receptor:IL6R
Fibrochondrocyte_stressed	AF_inner	VEGFA	GPC1	0.74362236	0.0	0.21927898	0.12596663250324697	0.10308803693480617	0.006686817	0.6267686	0.7066400619609978	0.6674674348853304	degenerated	True	pain_ligand:VEGFA
Fibrochondrocyte_stressed	Fibrochondrocyte_fibroid	ADAM17	IL6R	0.25818342	0.28	0.057299912	0.056554602221177856	-0.07556494986734641	0.004269349	0.4619129	1.0	0.6680415450982743	degenerated	True	pain_receptor:IL6R
NP_fibrocartilaginous	AF_outer	VEGFA	GPC1	0.55400336	0.94	0.29581165	0.038477486375396885	-0.07138185757901411	0.009020647	0.6610704	1.0	0.668181894782937	degenerated	True	pain_ligand:VEGFA
NP_mature_chondrocyte	Fibrochondrocyte_chondroid	VEGFA	SIRPA	0.68897605	0.0	0.21899554	0.08922192920973226	0.295021462128385	0.0045589413	0.6266173	1.0	0.6685393158424042	degenerated	True	pain_ligand:VEGFA
NP_stressed	Macrophage_M2	PTGS2	CAV1	0.9068315	0.75	0.5755701	-0.14154836330901183	-0.4917568839660764	0.0041824984	0.73123294	1.0	0.669262035995996	degenerated	True	pain_ligand:PTGS2
Macrophage_M2	NP_fibrocartilaginous	PGF	NRP2	0.5534591	0.0	0.28212395	0.6515303393064867	0.5214250962748694	0.02978886	0.6557428	0.015267623538825359	0.6696123437360387	degenerated	True	pain_receptor:NRP2
AF_inner	AF_outer	FGF2	FGFRL1	0.5533402	1.0	0.2891511	-0.0748682685350524	-0.23522491143843072	0.008396461	0.65851444	1.0	0.6698808293507226	degenerated	True	pain_ligand:FGF2
Macrophage_M2	AF_inner	TNFSF10	TNFRSF10B	0.23980388	0.36	0.057418883	0.02680127879286775	0.0429274831206482	0.007396501	0.4621707	0.7400242981549082	0.6705074983422064	degenerated	True	pain_ligand:TNF
Macrophage_M2	NP_stressed	PDGFA	PDGFRA	0.23994884	0.96	0.057453793	-0.07882529246592011	-0.09873839319195502	0.006933587	0.46224618	1.0	0.6713290962721885	degenerated	True	pain_ligand:PDGFA
NP_fibrocartilaginous	EP_hyaline	FGF2	FGFR1	0.6469091	1.0	0.4114426	-0.11763910426603869	-0.13872060358791738	0.0079296585	0.6969976	1.0	0.6714930525298709	degenerated	True	pain_ligand:FGF2
Fibrochondrocyte_chondroid	NP_notochordal	VEGFA	CD44	0.9056766	0.99	0.71634156	-0.08719297274931459	0.24776602445890084	0.0041952	0.75218225	1.0	0.6718436235875271	degenerated	True	pain_ligand:VEGFA
Fibroblast_like	NP_stressed	SEMA3E	NRP2	0.72357273	0.0	0.21824531	0.3012143468306435	0.2872814844316028	0.016445369	0.62621576	0.04453425903482517	0.6718516533047543	degenerated	True	pain_receptor:NRP2
Fibrochondrocyte_chondroid	Fibrochondrocyte_chondroid	FGF2	SDC4	0.6436998	0.67	0.4116801	-0.026917464598242496	0.5041699592806229	0.010202974	0.6970585	1.0	0.6720311004908723	degenerated	True	pain_ligand:FGF2
Fibroblast_like	NP_stressed	ANGPT1	ITGB1	0.5975152	1.0	0.21822831	-0.09038870487642607	-0.3048265146806748	0.01584963	0.62620664	1.0	0.6720311004908723	degenerated	True	pain_ligand:ANGPT1
Fibrochondrocyte_chondroid	Macrophage_M2	FGF2	FGFR3	0.5527172	0.03	0.28514773	0.380565623702874	0.7788118952900849	0.02941709	0.6569451	0.08001597918662748	0.6724795613144431	degenerated	True	pain_ligand:FGF2
Fibroblast_like	AF_outer	VEGFA	ITGB1	1.0869795	0.94	0.5505076	-0.03985790104941303	-0.38389286877820206	0.003121016	0.7268356	1.0	0.6731872753443768	degenerated	True	pain_ligand:VEGFA
NP_fibrocartilaginous	AF_inner	ADAM17	IL6R	0.24116895	0.26	0.057576727	0.01604494584317451	-0.14266331296721846	0.004289974	0.4625119	1.0	0.6733822175760872	degenerated	True	pain_receptor:IL6R
Fibroblast_like	Fibrochondrocyte_chondroid	SEMA3A	NRP2	0.90506786	0.0	0.76930535	0.6100115268550601	0.8619657758710243	0.029144755	0.75877047	0.00918155730349104	0.6734975147087248	degenerated	True	pain_ligand:SEMA3A; pain_receptor:NRP2
AF_outer	Fibroblast_like	FGF2	SDC2	0.55229354	1.0	0.3047264	-0.28400229069266314	-0.6696434314279871	0.0047667227	0.66438866	1.0	0.6742757963354175	degenerated	True	pain_ligand:FGF2
AF_outer	AF_inner	FGF2	FGFRL1	0.65357983	0.0	0.41308704	0.06822966524836463	-0.004061182656475815	0.01199535	0.6974186	0.4839251639996671	0.6744554765515027	degenerated	True	pain_ligand:FGF2
NP_mature_chondrocyte	EP_hyaline	FGF2	FGFR1	0.90490353	0.0	0.7885613	0.16991028857451715	0.49163897976590043	0.015197799	0.7610258	0.08609544991309309	0.6745317858555941	degenerated	True	pain_ligand:FGF2
NP_mature_chondrocyte	NP_fibrocartilaginous	SEMA3E	NRP2	0.5521554	0.0	0.28027532	0.17218219129398085	0.30132386513489395	0.021119498	0.6550004	0.08390610837535493	0.6745455269863309	degenerated	True	pain_receptor:NRP2
AF_outer	Fibrochondrocyte_stressed	ANGPT1	ITGA5	0.6171194	0.0	0.21762368	0.5423474649194345	0.6283385808767238	0.042843644	0.62588185	0.015267623538825359	0.6749052135948872	degenerated	True	pain_ligand:ANGPT1
NP_fibrocartilaginous	NP_fibrocartilaginous	VEGFA	ITGAV	0.6431201	0.92	0.4133385	0.018206996508065093	-0.09635246291731336	0.007857516	0.6974828	1.0	0.6751751120657628	degenerated	True	pain_ligand:VEGFA
NP_stressed	NP_mature_chondrocyte	CXCL8	SDC2	0.9045334	0.0	0.63191646	0.2102947047922136	-0.10557149113681807	0.006498554	0.74031085	0.8256306062904979	0.6753596821392553	degenerated	True	pain_ligand:CXCL8
NP_mature_chondrocyte	EP_hyaline	PTGS2	CAV1	0.904369	1.0	0.7619755	-0.13629605962900782	-0.29259596727113246	0.005537052	0.75789326	1.0	0.6759807315536501	degenerated	True	pain_ligand:PTGS2
AF_inner	AF_outer	FGF2	SDC4	0.6444813	0.86	0.41380584	-0.02566295345842019	-0.13969168356446904	0.010255659	0.69760203	1.0	0.6768858751100362	degenerated	True	pain_ligand:FGF2
NP_mature_chondrocyte	Fibrochondrocyte_chondroid	FGF2	FGFR2	0.6401037	0.0	0.2171546	0.3249502663513447	0.7629292101210181	0.029131005	0.62562925	0.015267623538825359	0.6769759429073416	degenerated	True	pain_ligand:FGF2
AF_inner	unassigned	ADAM17	IL6R	0.55130696	0.0	0.22437948	0.4823016430792271	1.109493595168615	0.01671825	0.62945414	0.015267623538825359	0.6773364928984633	degenerated	True	pain_receptor:IL6R
AF_outer	NP_stressed	FGF2	SDC4	0.65458506	0.75	0.41416246	-0.00944224064948998	-0.09114930929340337	0.010264496	0.6976929	1.0	0.677607039125964	degenerated	True	pain_ligand:FGF2
Macrophage_M2	EP_hyaline	TNFSF12	TNFRSF12A	0.90352994	0.04	0.72948575	0.38286812785716023	0.5619101083500994	0.022209112	0.75387293	0.07777430602747135	0.6776378680742772	degenerated	True	pain_ligand:TNF
Fibrochondrocyte_chondroid	AF_inner	GRN	TNFRSF1A	0.551054	1.0	0.3035117	-0.1910373027690473	-0.14911417727380205	0.0032341804	0.66394323	1.0	0.6780581759310387	degenerated	True	pain_receptor:TNFRSF1A
NP_fibrocartilaginous	unassigned	FGF2	CD44	0.6495259	1.0	0.4143889	-0.27239535079395594	-0.08645306479659753	0.0043522525	0.6977505	1.0	0.6780581759310387	degenerated	True	pain_ligand:FGF2
NP_mature_chondrocyte	EP_hyaline	FGF2	FGFR3	0.6400099	0.0	0.21695213	0.3341366938128658	0.6483849351275264	0.022381734	0.62551993	0.015267623538825359	0.6780581759310387	degenerated	True	pain_ligand:FGF2
unassigned	Fibrochondrocyte_chondroid	VEGFA	CD44	0.68002844	1.0	0.4144215	-0.306774405008015	0.21265161136538713	0.0024270278	0.6977588	1.0	0.6781483476885153	degenerated	True	pain_ligand:VEGFA
Fibrochondrocyte_stressed	AF_outer	VEGFA	ITGAV	0.90315783	0.0	0.64086294	0.24499666687219007	0.2656685431948116	0.012182728	0.74165994	0.06987257624630584	0.6784668642570466	degenerated	True	pain_ligand:VEGFA
unassigned	NP_fibrocartilaginous	VEGFA	CD44	0.9031077	1.0	0.62005603	-0.0879974626783309	0.15100708878420943	0.0036313108	0.73848546	1.0	0.6787778782593809	degenerated	True	pain_ligand:VEGFA
Fibrochondrocyte_fibroid	Macrophage_M2	CXCL2	DPP4	0.24399123	0.25	0.057967402	0.13296640817522618	0.15546929807296272	0.011652862	0.46335253	0.6269127466056522	0.6795343965724981	degenerated	True	pain_ligand:CXCL2
Fibrochondrocyte_stressed	Fibroblast_like	CXCL8	SDC3	1.4110183	0.0	0.4151568	1.118147916837293	1.0628815135159293	0.027823454	0.6979457	0.0121642068919831	0.6799544591305355	degenerated	True	pain_ligand:CXCL8
NP_fibrocartilaginous	Fibroblast_like	VEGFA	ITGAV	0.5504366	1.0	0.29110786	-0.10765903643518779	-0.40695175937279493	0.0055339257	0.6592724	1.0	0.6802257019869381	degenerated	True	pain_ligand:VEGFA
Fibrochondrocyte_stressed	Fibrochondrocyte_chondroid	GRN	TNFRSF1A	0.8886617	0.0	0.41528234	0.13580933330734268	0.18946235934398048	0.004425193	0.69797754	0.8552273325564705	0.680497016968667	degenerated	True	pain_receptor:TNFRSF1A
Fibrochondrocyte_stressed	Fibroblast_like	TNFSF10	RIPK1	0.24255633	0.01	0.058045555	0.11687278887520822	0.04452044475691369	0.011566325	0.46352002	0.35295943579430367	0.6805586947306297	degenerated	True	pain_ligand:TNF
Fibrochondrocyte_fibroid	Macrophage_M2	GRN	TNFRSF1A	0.9019392	0.19	0.7998922	0.19445138664523787	0.18112882893230609	0.008523544	0.76232064	0.5658470872842354	0.6810597283401236	degenerated	True	pain_receptor:TNFRSF1A
Fibrochondrocyte_stressed	AF_outer	VEGFA	NRP2	0.9017739	0.0	0.63720596	0.14157315414072452	0.07001688939441808	0.007823362	0.7411114	0.43737690136339724	0.6813711200479123	degenerated	True	pain_ligand:VEGFA; pain_receptor:NRP2
AF_outer	EP_hyaline	TNFSF12	TNFRSF12A	0.7727986	0.0	0.4161789	0.12929051699997765	0.24695632697944814	0.012670521	0.6982048	0.14686467676760137	0.6816734823206981	degenerated	True	pain_ligand:TNF
NP_mature_chondrocyte	AF_outer	GRN	TNFRSF1A	0.65002	1.0	0.416574	-0.07339019515356086	-0.4034871148800895	0.004438957	0.6983048	1.0	0.6824885983596083	degenerated	True	pain_receptor:TNFRSF1A
Macrophage_M2	Fibrochondrocyte_chondroid	PDGFA	PDGFRA	0.24135418	0.88	0.058159217	-0.07707465347108859	0.0644040987178264	0.0070187184	0.4637633	1.0	0.6828111347109792	degenerated	True	pain_ligand:PDGFA
NP_fibrocartilaginous	Fibroblast_like	ANGPT1	ITGB1	1.1357205	0.0	0.41675597	0.40532642604840075	0.3560784658269642	0.030268425	0.6983508	0.02099922968131173	0.6828511028502146	degenerated	True	pain_ligand:ANGPT1
NP_fibrocartilaginous	unassigned	ADAM17	IL6R	0.5493707	0.0	0.2211523	0.4787476508343392	1.1063691543895748	0.016477797	0.62776303	0.015267623538825359	0.6829418990254776	degenerated	True	pain_receptor:IL6R
AF_outer	AF_inner	VEGFA	GPC1	0.2582329	1.0	0.058169708	-0.34789175658521343	-0.8084548284147605	0.0017738598	0.46378568	1.0	0.6832204817298938	degenerated	True	pain_ligand:VEGFA
NP_fibrocartilaginous	Fibrochondrocyte_fibroid	VEGFA	NRP2	0.64602065	0.99	0.41716373	-0.09438542337849287	-0.2465481873977855	0.005121771	0.6984538	1.0	0.6836673573396368	degenerated	True	pain_ligand:VEGFA; pain_receptor:NRP2
Fibroblast_like	Fibroblast_like	NGF	MAGED1	0.6172705	0.0	0.21561156	0.3100618988972866	0.14075006658931566	0.02731459	0.6247937	0.16965619842301347	0.6840302790725699	degenerated	True	pain_ligand:NGF
NP_notochordal	NP_stressed	GRN	TNFRSF1A	0.9004877	0.0	0.5847413	0.1611962104885694	0.3299199386895868	0.0062309247	0.7327835	0.6880729945583367	0.6841753350198859	degenerated	True	pain_receptor:TNFRSF1A
NP_mature_chondrocyte	NP_mature_chondrocyte	PIGF	FLT1	0.27011907	0.0	0.05822771	0.12101897166812683	0.19837499716466556	0.007427373	0.46390966	0.5191660794801267	0.6842436947815488	degenerated	True	pain_receptor:FLT1
NP_mature_chondrocyte	AF_inner	VEGFA	NRP2	0.9003072	0.0	0.72392327	0.1514281582762832	0.23591599923807016	0.008888044	0.75316215	0.27833723581002734	0.6846950604927363	degenerated	True	pain_ligand:VEGFA; pain_receptor:NRP2
NP_mature_chondrocyte	AF_inner	FGF2	FGFR1	0.9001783	0.0	0.77836496	0.16461877135631117	0.32899857966930734	0.015001286	0.7598403	0.09199853536406023	0.6851108850581571	degenerated	True	pain_ligand:FGF2
NP_fibrocartilaginous	NP_stressed	RARRES1	NRP2	0.7224613	0.0	0.21540855	0.42401849955181525	0.5466399890135611	0.042570975	0.6246833	0.015267623538825359	0.6851198148473596	degenerated	True	pain_receptor:NRP2
NP_fibrocartilaginous	AF_inner	FGF2	CD44	0.9001064	0.83	0.69651854	-0.026647377682156984	-0.14704682485736442	0.0073154094	0.7495575	1.0	0.6853188273396252	degenerated	True	pain_ligand:FGF2
Fibroblast_like	AF_inner	ANGPT1	ITGA5	0.24216223	0.8	0.05834669	0.025687305835679117	-0.14917661443507974	0.011486731	0.46416348	1.0	0.686289216985543	degenerated	True	pain_ligand:ANGPT1
Fibrochondrocyte_fibroid	NP_fibrocartilaginous	TNFSF10	TNFRSF10B	0.54822654	0.0	0.22477892	0.5832817296621725	0.5636181367722357	0.028955242	0.62966156	0.015267623538825359	0.6869384785347856	degenerated	True	pain_ligand:TNF
NP_mature_chondrocyte	AF_inner	SEMA3A	NRP2	0.5482108	0.0	0.29719806	0.08843727665359466	0.1884691675592804	0.011259202	0.66159403	0.24033597062916767	0.6871204012258204	degenerated	True	pain_ligand:SEMA3A; pain_receptor:NRP2
Fibrochondrocyte_fibroid	Macrophage_M2	TNFSF10	TNFRSF11B	0.54819053	0.5	0.22471963	0.27277676990536315	0.09957398037186005	0.010035476	0.6296308	0.8803076715103642	0.6873025568840802	degenerated	True	pain_ligand:TNF
AF_inner	AF_inner	ADAM17	IL6R	0.24310517	0.34	0.058416918	0.019598938088062488	-0.1395388721881785	0.004352575	0.46431306	1.0	0.6873115826029225	degenerated	True	pain_receptor:IL6R
AF_outer	Fibrochondrocyte_stressed	ADAM17	IL6R	0.5480455	0.0	0.22881968	0.47930090809629106	0.5323439679865897	0.017049085	0.63173646	0.015267623538825359	0.6881223542243882	degenerated	True	pain_receptor:IL6R
NP_mature_chondrocyte	AF_inner	VEGFA	ITGAV	0.7725142	0.0	0.418591	0.09175639193251328	0.1375219872529696	0.007957365	0.6988133	0.4141010753986224	0.6881223542243882	degenerated	True	pain_ligand:VEGFA
Fibroblast_like	EP_hyaline	GRN	TNFRSF1A	0.9992932	0.0	0.5433543	0.25539735003454045	0.12330828714132513	0.0057899104	0.7255353	1.0	0.6881281747753349	degenerated	True	pain_receptor:TNFRSF1A
AF_inner	Fibroblast_like	GRN	TNFRSF1A	0.6901986	0.95	0.41867346	-0.013586935290587077	-0.3299219620146282	0.0044613285	0.69883406	1.0	0.6883044858642954	degenerated	True	pain_receptor:TNFRSF1A
EP_hyaline	unassigned	IL11	IL6R	0.54798084	0.0	0.21883573	0.5426177887130825	1.2613757757052089	0.031037748	0.6265319	0.014243185788143571	0.6884868507205234	degenerated	True	pain_receptor:IL6R
NP_notochordal	NP_notochordal	GRN	TNFRSF1A	0.89842606	0.0	0.5790675	0.15868292801833717	0.515637977060731	0.006170466	0.7318278	0.7019165887211469	0.6890654312643295	degenerated	True	pain_receptor:TNFRSF1A
NP_notochordal	AF_inner	VEGFA	NRP2	0.5477127	1.0	0.29659432	-0.19279074474847965	-0.2554121905503446	0.0036414678	0.66136634	1.0	0.6893985544105689	degenerated	True	pain_ligand:VEGFA; pain_receptor:NRP2
NP_fibrocartilaginous	NP_fibrocartilaginous	FGF2	FGFRL1	0.5477009	1.0	0.29974365	-0.07131015795171455	-0.22917375860500488	0.0087040495	0.6625481	1.0	0.6895811124545781	degenerated	True	pain_ligand:FGF2
EP_hyaline	AF_outer	FGF2	FGFR1	0.8982328	0.0	0.8064008	0.16297381867121052	0.3113535824197825	0.015541614	0.763054	0.09387645536584632	0.6896905693595626	degenerated	True	pain_ligand:FGF2
NP_mature_chondrocyte	Fibrochondrocyte_stressed	GRN	TNFRSF1A	0.54768765	1.0	0.29932752	-0.198137171055933	-0.4913110792967116	0.0031895945	0.6623928	1.0	0.6897637027242598	degenerated	True	pain_receptor:TNFRSF1A
NP_notochordal	EP_hyaline	VEGFA	CD44	0.67299795	1.0	0.41923544	-0.3137330024544442	-0.3362521889023299	0.0024552206	0.6989752	1.0	0.6900373464831071	degenerated	True	pain_ligand:VEGFA
Fibrochondrocyte_stressed	Macrophage_M2	TNFSF10	TNFRSF11B	0.24368472	0.98	0.0585296	-0.28054280675537585	-0.5176705503935326	0.0026138008	0.46455273	1.0	0.6901724575537478	degenerated	True	pain_ligand:TNF
Fibrochondrocyte_stressed	NP_fibrocartilaginous	TNFSF10	TNFRSF10B	0.24372073	0.24	0.05854504	0.029962153001433497	-0.053626393993156996	0.0075415694	0.46458554	0.6409764140331484	0.6905809371359538	degenerated	True	pain_ligand:TNF
Fibrochondrocyte_fibroid	Fibrochondrocyte_chondroid	TNFSF10	TNFRSF11B	0.89779127	0.0	0.80050945	0.6003818505850691	0.8729814270152596	0.03574896	0.76239055	0.007518337469744027	0.690836967121179	degenerated	True	pain_ligand:TNF
Macrophage_M2	AF_outer	FGF2	SDC2	0.54731935	0.99	0.21625482	-0.30003112697982426	-0.4878378962804655	0.0033827943	0.6251428	1.0	0.6908593166109046	degenerated	True	pain_ligand:FGF2
Fibrochondrocyte_fibroid	Fibroblast_like	TNFSF10	RIPK1	0.54706216	0.0	0.22286119	0.6701923655359472	0.6617649755223063	0.044407964	0.62866193	0.015267623538825359	0.6918646984022105	degenerated	True	pain_ligand:TNF
AF_inner	Macrophage_M2	FGF2	FGFR3	0.54696214	0.02	0.28042778	0.3741513701849782	0.37239452963097786	0.028930163	0.65506184	0.2222253566437408	0.692047691537124	degenerated	True	pain_ligand:FGF2
unassigned	Fibrochondrocyte_fibroid	VEGFA	NRP2	0.54677165	1.0	0.29158536	-0.1912768499339317	0.10811543642820531	0.0035799693	0.65945643	1.0	0.6925050127410686	degenerated	True	pain_ligand:VEGFA; pain_receptor:NRP2
EP_hyaline	NP_notochordal	VEGFA	CD44	0.8972672	1.0	0.7065307	-0.09540222305234958	0.07397515286894762	0.0041377433	0.75089467	1.0	0.6926098216922243	degenerated	True	pain_ligand:VEGFA
AF_outer	Fibrochondrocyte_stressed	ANGPT1	ITGB1	0.60921186	1.0	0.21425313	-0.08754971979483729	-0.1865872645848917	0.015560918	0.6240526	1.0	0.6926879168605085	degenerated	True	pain_ligand:ANGPT1
NP_mature_chondrocyte	Fibrochondrocyte_fibroid	TNFSF10	TNFRSF10A	0.25217783	0.0	0.058759876	0.31767771730704586	0.35765862334982523	0.019207582	0.46504116	0.020589153939512463	0.6930309721975069	degenerated	True	pain_ligand:TNF
Fibrochondrocyte_chondroid	AF_outer	FGF2	SDC4	0.65023637	0.63	0.42077067	-0.019248699940524354	0.266725682094638	0.010428273	0.69935966	1.0	0.6930542256504915	degenerated	True	pain_ligand:FGF2
Fibroblast_like	AF_inner	PIGF	FLT1	0.26260418	0.0	0.058762405	0.1213875911514162	0.012320571243051054	0.0074955774	0.4650465	0.5057441704468204	0.6932350494627838	degenerated	True	pain_receptor:FLT1
Macrophage_M2	AF_outer	VEGFA	CD44	0.89689314	0.58	0.6540539	-0.09419950323168168	-0.1731540212099837	0.0038304168	0.743607	1.0	0.6934446893015067	degenerated	True	pain_ligand:VEGFA
NP_mature_chondrocyte	Fibrochondrocyte_stressed	FGF2	SDC2	0.73463106	1.0	0.42113346	-0.07371556462177906	0.02593087572561148	0.0065876357	0.69945025	1.0	0.6937868263849885	degenerated	True	pain_ligand:FGF2
NP_stressed	Macrophage_M2	CXCL8	SDC2	0.8967775	0.1	0.62458014	0.20226209145744406	-0.24771012969274053	0.0064231083	0.73918676	1.0	0.6938621842072143	degenerated	True	pain_ligand:CXCL8
NP_notochordal	Fibroblast_like	VEGFA	EGFR	0.674986	0.0	0.42118153	0.5345134287780539	0.33690990331438664	0.021157874	0.69946223	0.026123780876764868	0.6938783872279777	degenerated	True	pain_ligand:VEGFA
Fibrochondrocyte_fibroid	NP_stressed	PTGS2	CAV1	0.901757	0.99	0.53976023	-0.1168065535815454	-0.5986295762315879	0.0039222785	0.724874	1.0	0.6941754148389687	degenerated	True	pain_ligand:PTGS2
NP_mature_chondrocyte	Macrophage_M2	TNFSF11	TNFRSF11B	0.24422966	0.95	0.05882701	-0.15968875923170928	-0.27684712250022736	0.006955091	0.46518317	1.0	0.6944593728386693	degenerated	True	pain_ligand:TNF
EP_hyaline	Fibrochondrocyte_fibroid	PDGFC	FLT1	0.92513007	0.0	0.421916	1.265871627948496	1.167735153027181	0.03837519	0.69964534	0.0017556697235673866	0.6950702207956145	degenerated	True	pain_receptor:FLT1
Fibrochondrocyte_stressed	NP_notochordal	ADAM17	IL6R	0.54623115	0.0	0.26177007	0.4890000269238037	0.7675462183885868	0.01950418	0.64724237	0.015267623538825359	0.6951618945165908	degenerated	True	pain_receptor:IL6R
Macrophage_M2	NP_notochordal	VEGFA	CD44	0.5462271	1.0	0.2969875	-0.438103226565385	-0.4396860320744843	0.0017392847	0.6615147	1.0	0.6952535762978577	degenerated	True	pain_ligand:VEGFA
NP_fibrocartilaginous	Fibroblast_like	FGF2	SDC4	0.65641534	0.64	0.4221457	-0.008117051141597519	-0.2696113086926516	0.010462352	0.6997025	1.0	0.695712511092855	degenerated	True	pain_ligand:FGF2
AF_outer	NP_mature_chondrocyte	VEGFA	ITGB1	0.77746373	1.0	0.4221578	-0.33375603886840566	-0.9030327771491705	0.002393357	0.6997055	1.0	0.695804241278901	degenerated	True	pain_ligand:VEGFA
NP_fibrocartilaginous	Fibroblast_like	FGF2	FGFRL1	0.6566206	0.0	0.42237687	0.06964789666446532	-0.13214144319418275	0.012265112	0.69976	0.9384827128723732	0.6965387783493212	degenerated	True	pain_ligand:FGF2
Fibroblast_like	Fibrochondrocyte_chondroid	TNFSF13B	TFRC	0.29635745	0.73	0.058966525	0.037890782843438414	0.007995442813649362	0.0056361197	0.46547785	1.0	0.6975181733998439	degenerated	True	pain_ligand:TNF
NP_mature_chondrocyte	NP_mature_chondrocyte	FGF2	FGFRL1	0.8951747	0.0	0.76756763	0.33203886167411517	0.6568233151637131	0.02228887	0.7585634	0.015267623538825359	0.697832551977503	degenerated	True	pain_ligand:FGF2
Fibrochondrocyte_fibroid	Macrophage_M2	PIGF	FLT1	0.24649149	0.18	0.05898971	0.08662753631799662	0.1299017248449293	0.007524572	0.4655268	0.554541636202436	0.6981296311571414	degenerated	True	pain_receptor:FLT1
Fibrochondrocyte_chondroid	Macrophage_M2	GRN	TNFRSF1A	0.6620842	0.66	0.42317063	-0.05568712310210701	0.047775591089799785	0.0045092497	0.6999572	1.0	0.6986537054437235	degenerated	True	pain_receptor:TNFRSF1A
NP_fibrocartilaginous	NP_fibrocartilaginous	PDGFA	PDGFRB	0.24987417	0.0	0.058999393	0.18997109956968916	0.30610638072587826	0.027909126	0.46554714	0.06711045073003144	0.6987409806504822	degenerated	True	pain_ligand:PDGFA
AF_outer	AF_inner	ANGPT1	ITGB1	0.60676	1.0	0.21320805	-0.08988339477890529	-0.2593247970409568	0.015485015	0.6234789	1.0	0.6987456939746367	degenerated	True	pain_ligand:ANGPT1
Fibroblast_like	AF_outer	ANGPT1	ITGB1	1.0531535	0.0	0.4232306	0.3433004247659285	0.37493787076603513	0.03073867	0.6999721	0.017344888143209492	0.6990219111410959	degenerated	True	pain_ligand:ANGPT1
NP_stressed	NP_fibrocartilaginous	SEMA3A	NRP2	0.5451192	0.0	0.27029797	0.06635122026631521	0.06999559260784877	0.010240106	0.65089345	0.3044508868814591	0.6993902461840205	degenerated	True	pain_ligand:SEMA3A; pain_receptor:NRP2
Fibrochondrocyte_stressed	Fibrochondrocyte_fibroid	VEGFA	ITGAV	0.8945514	0.0	0.6181199	0.23330892473959658	0.31566760087631285	0.011750385	0.7381833	0.08234455690744549	0.6995064287917072	degenerated	True	pain_ligand:VEGFA
AF_inner	NP_mature_chondrocyte	VEGFA	GPC1	0.9858084	0.0	0.42338574	0.3897841161647806	0.38358399647135877	0.012910964	0.70001054	0.05086131617297334	0.6997587105952122	degenerated	True	pain_ligand:VEGFA
NP_stressed	Fibrochondrocyte_chondroid	NGF	KIDINS220	0.2616257	0.79	0.059101056	-0.022102159450290298	0.2160640922795476	0.008292375	0.46576133	1.0	0.6997596184629689	degenerated	True	pain_ligand:NGF
NP_fibrocartilaginous	AF_inner	PTGS2	CAV1	0.7233052	1.0	0.4236681	-0.2855564699882036	-0.8691741780857866	0.0030786716	0.7000806	1.0	0.700588177783041	degenerated	True	pain_ligand:PTGS2
NP_fibrocartilaginous	Macrophage_M2	FGF2	SDC3	0.657843	0.0	0.4237531	0.9942180960822466	1.001759594517104	0.043198086	0.7001016	0.0008848533300042774	0.7009572662824732	degenerated	True	pain_ligand:FGF2
NP_stressed	AF_outer	FGF2	FGFRL1	0.5443062	1.0	0.28151152	-0.08493727739409089	-0.2538586005380804	0.00817462	0.6554975	1.0	0.7013262808157713	degenerated	True	pain_ligand:FGF2
Macrophage_M2	AF_inner	TNFSF10	TNFRSF10D	0.24337545	0.43	0.05919847	0.005779032752060778	0.02247215958022797	0.007900923	0.46596625	0.8099903457269642	0.7013888361089088	degenerated	True	pain_ligand:TNF
NP_fibrocartilaginous	NP_fibrocartilaginous	GRN	TNFRSF1A	0.8937782	0.0	0.7603562	0.17821459420575259	0.12374125066467911	0.008102254	0.75769794	0.3903308705998753	0.7013910256421992	degenerated	True	pain_receptor:TNFRSF1A
Macrophage_M2	AF_outer	TNFSF13B	TFRC	0.544256	0.0	0.29277003	0.7727457327867391	0.40892005283765265	0.027983453	0.6599115	0.015267623538825359	0.7016031775975332	degenerated	True	pain_ligand:TNF
NP_stressed	NP_stressed	CXCL8	SDC2	0.893544	0.0	0.6215216	0.19891298570317478	-0.27214594438356754	0.0063916543	0.7387133	1.0	0.7019148317536194	degenerated	True	pain_ligand:CXCL8
AF_inner	Fibroblast_like	TNFSF11	TNFRSF11B	0.5634416	0.0	0.2124979	0.15821256552223784	-0.054103621788974016	0.025123531	0.62308717	0.6424008968283387	0.7022492818304569	degenerated	True	pain_ligand:TNF
NP_stressed	NP_mature_chondrocyte	VEGFA	GPC1	0.98746705	0.0	0.4241993	0.3914037018465686	0.3516512120796639	0.0129357735	0.7002121	0.05042080213354322	0.7023417894632926	degenerated	True	pain_ligand:VEGFA
EP_hyaline	AF_inner	VEGFA	ITGAV	0.7807991	0.0	0.4243969	0.09984405876762076	0.13849448741960757	0.008067735	0.700261	0.39594596017391237	0.7027112897098099	degenerated	True	pain_ligand:VEGFA
NP_mature_chondrocyte	EP_hyaline	VEGFA	ITGAV	0.7749786	0.0	0.424479	0.09510302057579015	0.27195184663390126	0.008069296	0.70028126	0.3956409023866111	0.7028036340513937	degenerated	True	pain_ligand:VEGFA
unassigned	NP_fibrocartilaginous	VEGFA	ITGAV	0.54387116	1.0	0.28891164	-0.07868443004737374	0.25831116090867745	0.005492176	0.6584213	1.0	0.7029885508993788	degenerated	True	pain_ligand:VEGFA
NP_fibrocartilaginous	Fibrochondrocyte_fibroid	GRN	TNFRSF1A	0.8930871	0.0	0.7588497	0.17737220689630814	0.2033663650210764	0.008086201	0.75751585	0.3927516371955745	0.7030675656751828	degenerated	True	pain_receptor:TNFRSF1A
Fibrochondrocyte_stressed	Fibrochondrocyte_chondroid	VEGFA	ITGAV	0.89286125	0.0	0.61365354	0.23101364316602593	0.5877988252805153	0.011665481	0.7374819	0.08507972818749943	0.7038014520104926	degenerated	True	pain_ligand:VEGFA
NP_mature_chondrocyte	Fibrochondrocyte_chondroid	PIGF	FLT1	0.27385005	0.0	0.059337486	0.1279144697331251	0.41533959159479056	0.007568932	0.46625808	0.48935709426833524	0.7038311637556076	degenerated	True	pain_receptor:FLT1
Fibroblast_like	Fibroblast_like	VEGFA	GPC1	0.5436859	0.84	0.23255716	0.14796158897992934	-0.37447810824811295	0.0070917294	0.63361907	1.0	0.704283264686787	degenerated	True	pain_ligand:VEGFA
Macrophage_M2	NP_stressed	VEGFA	NRP2	0.8926247	0.17	0.64970756	0.20506235284956753	0.22134755963804686	0.007976851	0.7429709	0.5432390324553537	0.7044306379135007	degenerated	True	pain_ligand:VEGFA; pain_receptor:NRP2
NP_mature_chondrocyte	NP_fibrocartilaginous	FGF2	SDC4	0.89261365	0.0	0.7620412	0.25386078372941756	0.4749950806080584	0.018886235	0.75790113	0.02710050137519681	0.7045355771237449	degenerated	True	pain_ligand:FGF2
Fibrochondrocyte_chondroid	NP_fibrocartilaginous	SEMA3A	NRP2	0.54332376	0.04	0.267752	0.06366232526248443	0.26839313808644333	0.010143653	0.64981747	0.3584695918733907	0.7049312172816394	degenerated	True	pain_ligand:SEMA3A; pain_receptor:NRP2
AF_outer	unassigned	VEGFA	CD44	0.5433033	1.0	0.25800806	-0.4406160991640287	-0.5130546230728771	0.0015110048	0.6455881	1.0	0.7050237559993777	degenerated	True	pain_ligand:VEGFA
NP_mature_chondrocyte	Macrophage_M2	SEMA3C	NRP2_PLXNA1	0.2756775	0.33	0.059424654	0.07386992421738067	-0.00854439182563399	0.01713204	0.46644074	0.708390852304972	0.7058651895231199	degenerated	True	pain_receptor:NRP2
NP_notochordal	NP_mature_chondrocyte	VEGFA	NRP2	0.6794609	1.0	0.42556196	-0.040134426861831995	0.05410554068780271	0.0052248817	0.7005486	1.0	0.7060428299116995	degenerated	True	pain_ligand:VEGFA; pain_receptor:NRP2
Fibrochondrocyte_stressed	NP_fibrocartilaginous	VEGFA	SIRPA	0.82173	0.0	0.42568406	0.2632940997641592	0.272816584600086	0.008861681	0.7005787	0.2819270240394888	0.7062281099611938	degenerated	True	pain_ligand:VEGFA
Fibrochondrocyte_chondroid	Fibrochondrocyte_stressed	FGF2	SDC2	0.54284346	1.0	0.27141595	-0.2874736624392898	-0.06263231812222214	0.0042456593	0.65136224	1.0	0.706784553846328	degenerated	True	pain_ligand:FGF2
Macrophage_M2	Macrophage_M2	PDGFA	PDGFRA	0.24399811	0.68	0.059486352	-0.07378114916076957	-0.0023760882882808143	0.0071788793	0.4665699	1.0	0.7077963534137475	degenerated	True	pain_ligand:PDGFA
NP_mature_chondrocyte	NP_mature_chondrocyte	SEMA3A	NRP2	0.67995906	0.0	0.42642823	0.24109359454024232	0.4979868987974277	0.016155023	0.70076185	0.032506341967860765	0.708083922823313	degenerated	True	pain_ligand:SEMA3A; pain_receptor:NRP2
Macrophage_M2	EP_hyaline	FGF2	SDC2	0.5424277	0.99	0.21372394	-0.30509799323036974	-0.3285246155317054	0.003343205	0.6237624	1.0	0.7085482809854247	degenerated	True	pain_ligand:FGF2
AF_inner	Fibrochondrocyte_stressed	ADAM17	IL6R	0.54237384	0.0	0.21956912	0.4688904118736922	0.4959786076212069	0.016359836	0.6269232	0.015267623538825359	0.7088736164896975	degenerated	True	pain_receptor:IL6R
Fibroblast_like	NP_fibrocartilaginous	ANGPT1	ITGB1	1.0611612	0.0	0.42683345	0.35092316027396286	0.38571611844860154	0.03100034	0.70086145	0.015488672063452337	0.7089201597012961	degenerated	True	pain_ligand:ANGPT1
EP_hyaline	NP_stressed	SEMA3A	NRP2	0.8053249	0.0	0.42689693	0.3599351193996804	0.49992193091223786	0.01617278	0.700877	0.015267623538825359	0.7090130471776791	degenerated	True	pain_ligand:SEMA3A; pain_receptor:NRP2
EP_hyaline	NP_fibrocartilaginous	FGF2	FGFR1	0.8899372	0.0	0.7918386	0.15368454663365322	0.3034688351919085	0.01526096	0.7614026	0.10606694548231195	0.7102067279336957	degenerated	True	pain_ligand:FGF2
Fibrochondrocyte_stressed	Macrophage_M2	PTGS2	CAV1	0.8895922	0.75	0.56143147	-0.1567769168327614	-0.320255887630174	0.0040797573	0.72878194	1.0	0.710942923486421	degenerated	True	pain_ligand:PTGS2
AF_inner	NP_mature_chondrocyte	VEGFA	SIRPA	0.98701924	0.0	0.42756656	0.40079412934913816	0.3643633374280945	0.008900871	0.7010413	0.2343510779659515	0.7118050905978345	degenerated	True	pain_ligand:VEGFA
Fibrochondrocyte_stressed	Fibrochondrocyte_stressed	VEGFA	ITGAV	0.88906384	0.0	0.60361856	0.22585662380610932	0.35063704800373063	0.011474717	0.73588276	0.09266412205581576	0.7118897913905591	degenerated	True	pain_ligand:VEGFA
NP_mature_chondrocyte	NP_notochordal	VEGFA	CD44	0.8889823	1.0	0.69686514	-0.10348988988745705	0.07300265270230966	0.0040811375	0.7496042	1.0	0.7121002466000823	degenerated	True	pain_ligand:VEGFA
Fibroblast_like	Fibrochondrocyte_stressed	VEGFA	SIRPA	0.54150176	0.69	0.23127896	0.13968025904815723	-0.2572680294306062	0.0048146513	0.6329791	1.0	0.7123644596939317	degenerated	True	pain_ligand:VEGFA
EP_hyaline	Fibrochondrocyte_chondroid	FGF2	CD44	0.8884295	0.8	0.78919196	-0.017035583802034515	0.3805128360349892	0.008288741	0.7610985	1.0	0.7136793324241896	degenerated	True	pain_ligand:FGF2
NP_stressed	NP_mature_chondrocyte	VEGFA	SIRPA	0.9886779	0.0	0.42838818	0.40241371503092616	0.3324305530363996	0.008917974	0.70124245	0.27542044424344747	0.7137639583948402	degenerated	True	pain_ligand:VEGFA
NP_stressed	NP_mature_chondrocyte	NGF	KIDINS220	0.26423836	0.89	0.059962947	-0.018502462148218282	-0.09687102310872187	0.0084133055	0.46756303	1.0	0.7148004541546785	degenerated	True	pain_ligand:NGF
Fibrochondrocyte_fibroid	NP_notochordal	GRN	TNFRSF1A	0.7196967	0.63	0.42863962	-0.027709402184187007	0.034088306548209824	0.0045675263	0.7013039	1.0	0.7148848349234153	degenerated	True	pain_receptor:TNFRSF1A
EP_hyaline	Macrophage_M2	GRN	TNFRSF1A	0.6656183	0.69	0.4287214	-0.05200145116599651	-0.08511454702544341	0.0045683975	0.70132387	1.0	0.7151652888501714	degenerated	True	pain_receptor:TNFRSF1A
NP_fibrocartilaginous	Fibrochondrocyte_stressed	ADAM17	IL6R	0.54043764	0.0	0.21641114	0.46533641962880423	0.49285416684216693	0.01612454	0.6252275	0.015267623538825359	0.7165684522579006	degenerated	True	pain_receptor:IL6R
NP_mature_chondrocyte	AF_outer	PDGFA	PDGFRB	0.2568835	0.0	0.06007549	0.20363487476770745	0.31056440321347045	0.028418163	0.4677965	0.055776943486753355	0.7166252565070057	degenerated	True	pain_ligand:PDGFA
NP_notochordal	AF_outer	VEGFA	CD44	0.88705385	1.0	0.6287737	-0.10380506957851661	-0.15179352622160447	0.0036823654	0.7398313	1.0	0.716629974650167	degenerated	True	pain_ligand:VEGFA
Macrophage_M2	NP_fibrocartilaginous	TNFSF13B	TFRC	0.54016167	0.0	0.28783274	0.7679003534251996	0.40503175606288777	0.02751154	0.6580004	0.015267623538825359	0.7174113546228483	degenerated	True	pain_ligand:TNF
NP_fibrocartilaginous	AF_inner	PDGFC	FLT1	0.26678568	0.02	0.060114	0.03692559245601419	0.009177534877294585	0.0054676435	0.46787623	1.0	0.7174359740653558	degenerated	True	pain_receptor:FLT1
Fibrochondrocyte_chondroid	Fibroblast_like	VEGFA	NRP2	0.8867465	0.0	0.6698484	0.13266885822895608	0.23178578074714484	0.008224133	0.745875	0.37092926866835774	0.7177901498213405	degenerated	True	pain_ligand:VEGFA; pain_receptor:NRP2
Fibrochondrocyte_chondroid	AF_inner	VEGFA	ITGAV	0.7892085	0.0	0.43029007	0.10805330907065575	0.3122853590095608	0.008179763	0.70170623	0.3781733026893865	0.7183486188163055	degenerated	True	pain_ligand:VEGFA
EP_hyaline	EP_hyaline	VEGFA	ITGAV	0.78326344	0.0	0.43036658	0.10319068741089762	0.27292434680053923	0.008181217	0.7017249	0.37795224028779423	0.7186299778636787	degenerated	True	pain_ligand:VEGFA
Macrophage_M2	Fibrochondrocyte_chondroid	PGF	NRP2	0.53986585	0.0	0.27130595	0.635779493046428	0.7779551722107994	0.028646607	0.6513162	0.010073085185378404	0.718723711560757	degenerated	True	pain_receptor:NRP2
NP_mature_chondrocyte	Fibrochondrocyte_chondroid	TNFSF11	TNFRSF11B	0.5938304	0.03	0.20955703	0.16791632144799665	0.4965603241431722	0.024775833	0.6214493	0.33442439156980847	0.718911203406305	degenerated	True	pain_ligand:TNF
NP_fibrocartilaginous	unassigned	ANGPT1	ITGA5	0.2502341	0.84	0.060224477	0.0255835821683887	0.3787872853287461	0.011856411	0.4681048	1.0	0.7190568334422893	degenerated	True	pain_ligand:ANGPT1
Macrophage_M2	Fibrochondrocyte_stressed	FGF2	CD44	1.1476225	0.08	0.5268464	0.19573460534191908	0.1740051168920207	0.005533374	0.72245276	1.0	0.7193732337384502	degenerated	True	pain_ligand:FGF2
Fibrochondrocyte_chondroid	NP_mature_chondrocyte	VEGFA	ITGAV	0.8860916	0.0	0.6682399	0.23962271381585265	0.5492658290541909	0.01270316	0.7456471	0.05563674544186443	0.7193732337384502	degenerated	True	pain_ligand:VEGFA
unassigned	NP_mature_chondrocyte	GRN	TNFRSF1A	0.53960353	1.0	0.28225255	-0.21338032373113847	-0.08455591135207752	0.0030076455	0.65579426	1.0	0.719474288720888	degenerated	True	pain_receptor:TNFRSF1A
AF_outer	AF_inner	FGF2	CD44	0.8860915	0.97	0.66183835	-0.04226758775879011	-0.14325266752007226	0.0069511696	0.7447333	1.0	0.7194787409647805	degenerated	True	pain_ligand:FGF2
Macrophage_M2	NP_notochordal	ADAM10	IL6R	0.6613298	0.0	0.4315494	0.6245608953807378	0.9011205958443087	0.025224896	0.702012	0.015267623538825359	0.7210711554091059	degenerated	True	pain_receptor:IL6R
NP_mature_chondrocyte	AF_outer	TNFSF10	TNFRSF11B	0.5391098	0.97	0.24337381	0.04347296862370187	0.09225261214708086	0.010868529	0.6388799	1.0	0.7215411737118617	degenerated	True	pain_ligand:TNF
Fibrochondrocyte_chondroid	EP_hyaline	SEMA3E	NRP2	0.5390588	0.0	0.23433313	0.1280205401253346	0.5258576336347118	0.01765763	0.63450164	0.14971332117253056	0.7219173768871845	degenerated	True	pain_receptor:NRP2
NP_mature_chondrocyte	Fibroblast_like	FGF2	FGFR2	0.6363593	0.0	0.2090746	0.3158065032194257	0.49141602168854415	0.028047083	0.62117815	0.015267623538825359	0.7220116037765785	degenerated	True	pain_ligand:FGF2
EP_hyaline	Fibrochondrocyte_stressed	IL11	IL6R	0.5390477	0.0	0.21414421	0.5292065575075475	0.6478607881578009	0.030372348	0.6239929	0.015267623538825359	0.7220116037765785	degenerated	True	pain_receptor:IL6R
NP_mature_chondrocyte	NP_stressed	TNFSF10	TNFRSF11B	0.8321804	0.0	0.43193734	0.3181043715526641	0.4372740529152996	0.019289354	0.702106	0.015267623538825359	0.7221056312895225	degenerated	True	pain_ligand:TNF
AF_outer	AF_inner	GRN	TNFRSF1A	0.884977	0.0	0.67967635	0.15720176492878124	0.14013513772035613	0.007242541	0.747253	0.5616327973121347	0.722648150973781	degenerated	True	pain_receptor:TNFRSF1A
Fibrochondrocyte_stressed	AF_outer	VEGFA	GPC1	0.8849473	0.0	0.59274024	0.36155904418663676	0.49423622512039495	0.018075353	0.73411167	0.015267623538825359	0.7228595815047045	degenerated	True	pain_ligand:VEGFA
Fibrochondrocyte_fibroid	NP_mature_chondrocyte	TNFSF10	RIPK1	0.5386588	0.0	0.20902091	0.6531717622929368	0.763372101992706	0.04165011	0.621148	0.00700402284928715	0.7236120133754896	degenerated	True	pain_ligand:TNF
Fibroblast_like	NP_fibrocartilaginous	TNFSF13B	TFRC	0.30192447	0.99	0.06037466	0.04447908100393063	-0.20623715705173953	0.0057707117	0.4684149	1.0	0.7237124877228329	degenerated	True	pain_ligand:TNF
Fibrochondrocyte_fibroid	NP_stressed	GRN	TNFRSF1A	0.72175837	0.58	0.43283948	-0.025196119713954773	-0.15162973182293438	0.0046122796	0.7023241	1.0	0.723894745019585	degenerated	True	pain_receptor:TNFRSF1A
NP_mature_chondrocyte	Fibrochondrocyte_chondroid	SEMA3E	NRP2	0.5385621	0.01	0.26952818	0.1564313450339221	0.5578539410708239	0.02030967	0.6505694	0.2656303402238959	0.7242717657628676	degenerated	True	pain_receptor:NRP2
Fibrochondrocyte_chondroid	Macrophage_M2	SEMA3C	NRP2_PLXNA3	0.24590215	0.99	0.060388938	-0.3697222451042851	-0.3171426912889681	0.0024413224	0.46844432	1.0	0.7243192989144818	degenerated	True	pain_receptor:NRP2
NP_fibrocartilaginous	AF_inner	PDGFA	PDGFRA	0.2535258	1.0	0.060396075	-0.08874698850181181	-0.1855475579456954	0.007288665	0.46845904	1.0	0.7245215267541745	degenerated	True	pain_ligand:PDGFA
AF_outer	NP_mature_chondrocyte	FGF2	SDC4	0.67235017	0.2	0.43316832	0.011399972117643764	0.01503846750276061	0.010735533	0.7024035	0.5762739708222615	0.7246489173907114	degenerated	True	pain_ligand:FGF2
AF_inner	Macrophage_M2	VEGFA	GPC1	0.98867446	0.0	0.4332817	0.3945620712366251	0.5617412549093974	0.013212737	0.70243084	0.0453097222701682	0.7248376463426843	degenerated	True	pain_ligand:VEGFA
Fibrochondrocyte_stressed	Fibrochondrocyte_chondroid	TNFSF10	TNFRSF11B	0.59328544	0.31	0.20849757	0.04706227392433011	0.25573689624986695	0.009311035	0.62085295	0.6877174146868676	0.7250734475021263	degenerated	True	pain_ligand:TNF
Fibrochondrocyte_stressed	NP_stressed	VEGFA	SIRPA	0.7395341	0.0	0.20847546	0.13040042620083547	0.10304247488906731	0.0043399394	0.62084043	1.0	0.7253092997959235	degenerated	True	pain_ligand:VEGFA
NP_fibrocartilaginous	NP_stressed	FGF2	FGFR1	0.5381813	1.0	0.28902555	-0.23939937704027453	-0.4411423384223381	0.0055703367	0.6584656	1.0	0.7254981433863507	degenerated	True	pain_ligand:FGF2
Fibroblast_like	EP_hyaline	FGF2	SDC4	0.65853846	0.51	0.43363518	-0.008248488961840297	-0.09999261673213966	0.010747104	0.7025161	0.8901256578470755	0.725970083289615	degenerated	True	pain_ligand:FGF2
AF_outer	AF_inner	VEGFA	CD44	0.7938838	1.0	0.4336685	-0.19486812605222978	-0.573648383133644	0.0025397465	0.7025241	1.0	0.7261590415533028	degenerated	True	pain_ligand:VEGFA
Macrophage_M2	NP_mature_chondrocyte	FGF2	FGFR3	0.24632567	0.84	0.060523316	-0.08203732818184267	-0.0945272882826837	0.0062438515	0.46872106	1.0	0.7265432577298652	degenerated	True	pain_ligand:FGF2
NP_stressed	Macrophage_M2	FGF2	FGFR3	0.5379282	0.03	0.2730187	0.3640823613259397	0.35376084053132817	0.028165808	0.65203047	0.2546539547334641	0.7266312679935513	degenerated	True	pain_ligand:FGF2
NP_fibrocartilaginous	EP_hyaline	PTGS2	CAV1	0.53789294	1.0	0.27242166	-0.4600205376173327	-1.025168303680235	0.001979608	0.6517821	1.0	0.7270092382187399	degenerated	True	pain_ligand:PTGS2
NP_stressed	Macrophage_M2	VEGFA	GPC1	0.99033314	0.0	0.43411428	0.3961816569184131	0.5298084705177025	0.0132381255	0.7026314	0.04480155293723719	0.7270092382187399	degenerated	True	pain_ligand:VEGFA
AF_inner	NP_fibrocartilaginous	TNFSF12	TNFRSF12A	0.71066016	0.18	0.20804228	-0.019182500845097455	-0.030316890761946685	0.0063338242	0.62059563	0.8191632554104554	0.7270092382187399	degenerated	True	pain_ligand:TNF
NP_mature_chondrocyte	NP_stressed	SEMA3A	NRP2	0.88328356	0.0	0.6258667	0.47668480790480694	0.686589412736051	0.023710651	0.7393851	0.015267623538825359	0.7273042308332958	degenerated	True	pain_ligand:SEMA3A; pain_receptor:NRP2
NP_fibrocartilaginous	Macrophage_M2	VEGFA	ITGB1	0.8832829	0.93	0.7300643	-0.22926408574093715	-0.467348968756633	0.0041389843	0.7539466	1.0	0.7274102102465895	degenerated	True	pain_ligand:VEGFA
EP_hyaline	Fibrochondrocyte_fibroid	TNFSF9	HLA-DPA1	0.5377247	0.0	0.28027576	0.8691027884714217	1.0348584070583766	0.035826262	0.65500057	0.002669910320410254	0.72790767753748	degenerated	True	pain_ligand:TNF
Fibrochondrocyte_fibroid	Macrophage_M2	VEGFB	ADRB2	0.27456954	0.87	0.060625657	-0.09192367131735002	-0.2473694224867341	0.0045504235	0.46893144	1.0	0.7283618582636238	degenerated	True	pain_ligand:VEGFB
NP_fibrocartilaginous	AF_inner	FGF2	FGFRL1	0.6675948	0.0	0.4347327	0.08384987532499776	-0.007855339993767974	0.012623903	0.7027801	0.4932135471986883	0.728428054887416	degenerated	True	pain_ligand:FGF2
Macrophage_M2	NP_mature_chondrocyte	PTGS2	CAV1	0.8827877	0.71	0.62935954	-0.13801723052612921	-0.42181649537511545	0.004573371	0.7399209	1.0	0.7286817464857472	degenerated	True	pain_ligand:PTGS2
Fibroblast_like	AF_outer	FGF2	FGFRL1	0.53760904	1.0	0.27584803	-0.09240150112690604	-0.39863222435825496	0.008010161	0.6531992	1.0	0.7287118307141927	degenerated	True	pain_ligand:FGF2
NP_notochordal	NP_stressed	VEGFA	NRP2	0.88278544	0.0	0.6245953	0.1954567865027326	0.24270805462642608	0.0076685343	0.73918915	0.468852275987379	0.7287876702410987	degenerated	True	pain_ligand:VEGFA; pain_receptor:NRP2
Macrophage_M2	Fibrochondrocyte_stressed	FGF2	FGFR1	0.24661976	1.0	0.06067548	-0.5651013300032159	-0.8307938685131235	0.0011693875	0.46903375	1.0	0.7291697395062431	degenerated	True	pain_ligand:FGF2
NP_fibrocartilaginous	EP_hyaline	ANGPT1	ITGA5	0.2513855	0.75	0.060688075	0.027187531382093025	0.1335660628920861	0.011947679	0.46905956	1.0	0.7293717355746575	degenerated	True	pain_ligand:ANGPT1
AF_inner	Fibrochondrocyte_stressed	FGF2	SDC2	0.5370884	1.0	0.2669233	-0.2938879159571856	-0.46904968378132916	0.004175383	0.6494647	1.0	0.7298485072559383	degenerated	True	pain_ligand:FGF2
Fibrochondrocyte_stressed	AF_outer	VEGFA	EGFR	0.8254055	0.0	0.4353967	0.388701996834392	0.4879567493233792	0.021871967	0.7029395	0.015267623538825359	0.7305120443870331	degenerated	True	pain_ligand:VEGFA
NP_mature_chondrocyte	AF_outer	VEGFA	SIRPA	0.7797136	0.0	0.43579227	0.2359255958983748	0.3299511423156666	0.00907211	0.70303434	0.25789999326659074	0.7310809609958457	degenerated	True	pain_ligand:VEGFA
Fibroblast_like	Fibrochondrocyte_stressed	SEMA3A	NRP2	0.7572789	0.0	0.4357983	0.43876909232913475	0.36224442911339694	0.016510004	0.7030358	0.019610255007542852	0.7311759835633445	degenerated	True	pain_ligand:SEMA3A; pain_receptor:NRP2
AF_outer	AF_inner	ADAM17	IL6R	0.24877685	0.14	0.06087805	0.03000943431066135	-0.10317351182279572	0.0045359517	0.46944878	1.0	0.7311887715485613	degenerated	True	pain_receptor:IL6R
NP_fibrocartilaginous	Fibrochondrocyte_chondroid	ANGPT1	ITGB1	0.615106	1.0	0.2071362	-0.0902097770839336	0.1434334731780968	0.015044022	0.6200816	1.0	0.7312708050362272	degenerated	True	pain_ligand:ANGPT1
NP_fibrocartilaginous	NP_stressed	FGF2	SDC4	0.66859996	0.54	0.43586445	0.006177969427143146	-0.09494346663069553	0.010802353	0.7030516	0.9229756728059427	0.7317452447887149	degenerated	True	pain_ligand:FGF2
Fibrochondrocyte_stressed	Fibroblast_like	VEGFA	ITGAV	0.88138056	0.0	0.5833149	0.2154225213760521	0.15866632332661412	0.011088747	0.73254436	0.14762758495896416	0.7321818149974265	degenerated	True	pain_ligand:VEGFA
NP_stressed	Fibrochondrocyte_chondroid	GRN	TNFRSF1A	0.24850109	1.0	0.060954858	-0.5317975646023545	-0.8796703228191232	0.0006495268	0.46960583	1.0	0.7321978108037036	degenerated	True	pain_receptor:TNFRSF1A
NP_notochordal	NP_notochordal	VEGFA	CD44	0.5363878	1.0	0.28550848	-0.4477087929122199	-0.4183255370861051	0.0016720587	0.65708756	1.0	0.7323150109323209	degenerated	True	pain_ligand:VEGFA
NP_fibrocartilaginous	EP_hyaline	TNFSF12	TNFRSF12A	0.7810646	0.0	0.43598908	0.14532353562852138	0.32669055401625613	0.013273638	0.7030814	0.11974970497856653	0.7325050685386778	degenerated	True	pain_ligand:TNF
Macrophage_M2	EP_hyaline	VEGFA	CD44	0.68283725	0.97	0.43609107	-0.3041274361076093	-0.3576126838907091	0.002553934	0.70310587	1.0	0.7329800419336596	degenerated	True	pain_ligand:VEGFA
AF_outer	NP_fibrocartilaginous	TNFSF12	TNFRSF12A	0.8014726	0.0	0.43609658	0.15696564320299045	0.15618036947518155	0.013276911	0.7031072	0.15045036997690414	0.7330750193101919	degenerated	True	pain_ligand:TNF
Fibrochondrocyte_chondroid	EP_hyaline	VEGFA	ITGAV	0.7916728	0.0	0.43634266	0.11139993771393261	0.44671521839049244	0.008294822	0.70316607	0.3606500161452151	0.7333602103931196	degenerated	True	pain_ligand:VEGFA
AF_outer	NP_stressed	ANGPT1	ITGB1	0.5915962	1.0	0.2067445	-0.10431676906375205	-0.2540327619254562	0.015015576	0.6198587	1.0	0.7334552206068375	degenerated	True	pain_ligand:ANGPT1
EP_hyaline	EP_hyaline	FGF2	FGFRL1	0.8808726	0.0	0.7759265	0.33159968635359005	0.6801292679142581	0.022531593	0.7595539	0.015267623538825359	0.7340931151398318	degenerated	True	pain_ligand:FGF2
EP_hyaline	NP_fibrocartilaginous	TNFSF9	PVR	0.2907204	0.0	0.061166633	0.34171199264401697	0.5081879408424008	0.038960446	0.4700378	0.015267623538825359	0.7350215401279812	degenerated	True	pain_ligand:TNF
Fibroblast_like	Fibrochondrocyte_chondroid	FGF2	FGFRL1	0.6612656	0.06	0.43719345	0.06762790506909185	0.0762449676771294	0.012695359	0.7033693	0.39504693376198824	0.7351678583185841	degenerated	True	pain_ligand:FGF2
Fibroblast_like	Fibrochondrocyte_fibroid	SEMA3A	NRP2	0.8804827	0.0	0.7138253	0.5815246808731711	0.5987649186530907	0.027042918	0.75185406	0.015267623538825359	0.7352618638516768	degenerated	True	pain_ligand:SEMA3A; pain_receptor:NRP2
unassigned	NP_notochordal	ADAM10	IL6R	0.53541017	0.0	0.2458084	0.4188379527464895	1.026293246129646	0.014367975	0.6400273	0.028452150285280364	0.7359300491128311	degenerated	True	pain_receptor:IL6R
Macrophage_M2	NP_mature_chondrocyte	SEMA3A	NRP2	0.5532461	0.27	0.20608093	0.05133022145528135	0.21058966323583278	0.0078072743	0.6194798	0.6490693550847351	0.7362159801369947	degenerated	True	pain_ligand:SEMA3A; pain_receptor:NRP2
Macrophage_M2	Fibroblast_like	VEGFA	EGFR	0.6848253	0.13	0.4381154	0.5441189951248888	0.3155494083260074	0.022008536	0.703589	0.3404731550645719	0.7364065017547349	degenerated	True	pain_ligand:VEGFA
Fibroblast_like	NP_mature_chondrocyte	TNFSF12	TNFRSF12A	0.88000196	0.0	0.56252044	0.26802660714847915	0.2258644553514776	0.017125871	0.7289733	0.08108322113473945	0.7366439460334604	degenerated	True	pain_ligand:TNF
EP_hyaline	Fibrochondrocyte_stressed	FGF2	FGFR1	0.55612314	1.0	0.20585972	-0.22014231157435976	-0.25456911720574493	0.0039674966	0.6193532	1.0	0.7375509533326655	degenerated	True	pain_ligand:FGF2
NP_fibrocartilaginous	AF_outer	TNFSF12	TNFRSF12A	0.8954707	0.0	0.51924103	0.2557410349281966	0.36227822258645337	0.015808234	0.72099257	0.026422990742149426	0.7376011696813061	degenerated	True	pain_ligand:TNF
NP_stressed	Fibroblast_like	TNFSF11	TNFRSF11B	0.559692	0.01	0.20584294	0.14880318266604264	-0.044719417413267515	0.02433672	0.6193436	0.6102328417615834	0.7376465356910629	degenerated	True	pain_ligand:TNF
NP_mature_chondrocyte	NP_notochordal	VEGFA	SIRPA	0.7808696	0.0	0.43855432	0.23779450506951794	0.5524412326656092	0.009129608	0.70369345	0.2518694292715463	0.7381237288188853	degenerated	True	pain_ligand:VEGFA
Macrophage_M2	Fibrochondrocyte_chondroid	TNFSF13B	TFRC	0.53459466	0.0	0.28111956	0.7613120552647074	0.6192643559282767	0.02686988	0.65534014	0.015267623538825359	0.7387922713364845	degenerated	True	pain_ligand:TNF
NP_fibrocartilaginous	Fibrochondrocyte_stressed	ANGPT1	ITGA5	0.6112174	0.0	0.20557049	0.5284594533874751	0.6695393140691368	0.040470727	0.6191875	0.015267623538825359	0.7391744466949187	degenerated	True	pain_ligand:ANGPT1
Fibroblast_like	EP_hyaline	VEGFA	NRP2	0.534423	1.0	0.22713627	-0.19023287237492337	-0.46831957211785025	0.0027886892	0.63087714	1.0	0.739556753829524	degenerated	True	pain_ligand:VEGFA; pain_receptor:NRP2
NP_fibrocartilaginous	NP_stressed	TNFSF12	TNFRSF12A	0.8941446	0.0	0.51827604	0.25446163557575474	0.3151603971178609	0.015778856	0.7208054	0.0333689162865284	0.7397296667798259	degenerated	True	pain_ligand:TNF
Fibroblast_like	AF_outer	TNFSF13B	TFRC	0.30601877	0.92	0.061410278	0.049324460365470155	-0.20234886027697466	0.005869698	0.47053298	1.0	0.7398568115439007	degenerated	True	pain_ligand:TNF
EP_hyaline	Fibrochondrocyte_fibroid	FGF2	FGFR1	0.6889913	0.93	0.4390971	-0.07134797339440718	0.13132921744396342	0.008462639	0.7038224	1.0	0.7399391927630151	degenerated	True	pain_ligand:FGF2
EP_hyaline	Fibroblast_like	VEGFA	NRP2	0.87833714	0.0	0.6606743	0.12445960792592109	0.05799490915719163	0.008111497	0.7445659	0.3895013223476641	0.7402621101070576	degenerated	True	pain_ligand:VEGFA; pain_receptor:NRP2
Macrophage_M2	NP_mature_chondrocyte	FGF2	SDC4	0.5342368	0.82	0.20948601	-0.14253535867688993	-0.12313236827243923	0.005191848	0.6214094	1.0	0.740513203879871	degenerated	True	pain_ligand:FGF2
EP_hyaline	NP_mature_chondrocyte	FGF2	FGFR3	0.55582905	0.0	0.20534347	0.2629216902470135	0.4816974630246949	0.021184135	0.6190572	0.0237188571401179	0.7406088308825696	degenerated	True	pain_ligand:FGF2
EP_hyaline	Fibrochondrocyte_stressed	GRN	TNFRSF1A	0.534215	1.0	0.28524852	-0.2121872150654139	-0.2839383617953305	0.0030395703	0.6569849	1.0	0.7408003207276472	degenerated	True	pain_receptor:TNFRSF1A
NP_notochordal	AF_outer	CXCL8	SDC2	0.8778223	0.0	0.7688181	0.15192204640706408	-0.06239557308572108	0.007906433	0.7587125	0.6707124975073796	0.7409011243262819	degenerated	True	pain_ligand:CXCL8
EP_hyaline	NP_mature_chondrocyte	VEGFA	ITGAV	0.8776822	0.0	0.65908784	0.23141346351281766	0.37547495746423765	0.01252918	0.7443372	0.06044217180374853	0.7411141660582661	degenerated	True	pain_ligand:VEGFA
Fibrochondrocyte_fibroid	NP_fibrocartilaginous	PDGFA	PDGFRA	0.5340497	0.0	0.21745668	0.29776407945801897	0.44409722157955606	0.026242914	0.62579197	0.015267623538825359	0.7411831882189481	degenerated	True	pain_ligand:PDGFA
AF_outer	Macrophage_M2	VEGFB	ADRB2	0.75324166	0.0	0.43980268	0.472045783028905	0.6896793801193671	0.033010587	0.7039897	0.015267623538825359	0.7412788728911637	degenerated	True	pain_ligand:VEGFB
Macrophage_M2	AF_outer	CXCL8	SDC1	0.8773301	0.0	0.1639402	0.6156376692073596	0.4917658538126345	0.03864324	0.59217334	0.015267623538825359	0.7415403049765267	degenerated	True	pain_ligand:CXCL8
Fibrochondrocyte_chondroid	Fibrochondrocyte_fibroid	IL11	IL6R	0.27123493	0.06	0.061514046	0.14940128053799762	0.3772013038883193	0.008724616	0.47074324	0.39504693376198824	0.7418694474823341	degenerated	True	pain_receptor:IL6R
Fibroblast_like	Fibrochondrocyte_fibroid	VEGFA	ITGB1	1.0299722	0.93	0.51714534	-0.0941186866192778	-0.5084934003851161	0.002931874	0.72058564	1.0	0.7422862846654057	degenerated	True	pain_ligand:VEGFA
NP_notochordal	Fibrochondrocyte_chondroid	VEGFA	CD44	0.6943021	1.0	0.4400899	-0.2928398975370786	-0.07051010877526387	0.002577353	0.7040577	1.0	0.7424285771750656	degenerated	True	pain_ligand:VEGFA
NP_mature_chondrocyte	AF_inner	CXCL8	SDC2	0.89119315	0.0	0.44018105	0.20862725046871516	-0.4405565224280654	0.0045267693	0.7040793	1.0	0.7426201690625315	degenerated	True	pain_ligand:CXCL8
AF_outer	NP_fibrocartilaginous	FGF2	FGFRL1	0.533686	1.0	0.2848192	-0.08693036802834768	-0.22537960126771273	0.008270669	0.65681523	1.0	0.7429078302351555	degenerated	True	pain_ligand:FGF2
AF_inner	unassigned	GRN	TNFRSF1A	0.5335431	1.0	0.27768698	-0.20455585369346346	0.12808195054952487	0.0029589955	0.65395135	1.0	0.7430997161405135	degenerated	True	pain_receptor:TNFRSF1A
NP_stressed	Fibroblast_like	GRN	TNFRSF1A	0.57533073	1.0	0.20492548	-0.13337955131591003	-0.5642159466763333	0.0021836583	0.6188169	1.0	0.7430997161405135	degenerated	True	pain_receptor:TNFRSF1A
unassigned	AF_inner	VEGFA	NRP2	0.53343904	1.0	0.27929533	-0.20672525221941604	0.02774952959030641	0.0034290776	0.65460455	1.0	0.7434833754179484	degenerated	True	pain_ligand:VEGFA; pain_receptor:NRP2
AF_outer	NP_mature_chondrocyte	SEMA3E	NRP2	0.5524917	0.0	0.20476912	0.12299141099968967	0.19452963925369454	0.015429902	0.61872685	0.1589310362587205	0.7441551498133778	degenerated	True	pain_receptor:NRP2
NP_mature_chondrocyte	Fibroblast_like	SEMA3C	NRP2_PLXNA2	0.27852982	0.0	0.061731696	0.1805263314961077	0.03751530408432327	0.024940459	0.47118327	0.37020337990596847	0.7454892027350943	degenerated	True	pain_receptor:NRP2
AF_outer	Fibroblast_like	ANGPT1	ITGB1	1.1416224	0.0	0.44119158	0.41921443758036014	0.3148777326345512	0.03204315	0.7043181	0.033548262411928924	0.7457881045439648	degenerated	True	pain_ligand:ANGPT1
Fibrochondrocyte_chondroid	Macrophage_M2	PDGFC	FLT1	0.2534579	0.33	0.061838128	0.02030487915399906	0.21632975511959296	0.005624461	0.4713979	1.0	0.746694964577322	degenerated	True	pain_receptor:FLT1
unassigned	Fibrochondrocyte_fibroid	GRN	TNFRSF1A	0.6651354	0.95	0.44143856	-0.06035206651731927	0.2527072830968107	0.00470391	0.7043764	1.0	0.7467499184859241	degenerated	True	pain_receptor:TNFRSF1A
Fibrochondrocyte_chondroid	AF_inner	PTGS2	CAV1	0.87514806	1.0	0.7391201	-0.151427127445565	-0.24019408246682517	0.0053709685	0.7550882	1.0	0.7474076019104481	degenerated	True	pain_ligand:PTGS2
EP_hyaline	AF_outer	VEGFA	SIRPA	0.78799844	0.0	0.44183677	0.24401326273348228	0.33092364248230455	0.00919794	0.7044703	0.24456039635842242	0.7474236588037628	degenerated	True	pain_ligand:VEGFA
EP_hyaline	Fibroblast_like	ADAM17	IL6R	0.24996343	0.14	0.061890684	0.022610327374215835	-0.07888734029398786	0.004611402	0.4715037	1.0	0.747498548453563	degenerated	True	pain_receptor:IL6R
EP_hyaline	AF_inner	FGF2	SDC4	0.87510777	0.0	0.7658069	0.23922418882499089	0.4147525354319477	0.018979564	0.75835305	0.033572229735432904	0.7476212049661397	degenerated	True	pain_ligand:FGF2
AF_outer	EP_hyaline	FGF2	SDC2	0.6805411	1.0	0.44193137	-0.15116266243583604	-0.19035377975650558	0.0069129695	0.7044925	1.0	0.747712559015309	degenerated	True	pain_ligand:FGF2
EP_hyaline	EP_hyaline	PDGFC	FLT1	0.24942955	0.32	0.061927732	0.01702193451926952	0.13644402933279898	0.005632611	0.47157827	1.0	0.748301941255268	degenerated	True	pain_receptor:FLT1
Fibrochondrocyte_chondroid	NP_notochordal	ADAM17	IL6R	0.5320894	0.0	0.24090996	0.46304236340101407	1.0054637880268982	0.017949916	0.6377052	0.015267623538825359	0.7483868781373468	degenerated	True	pain_receptor:IL6R
Fibrochondrocyte_chondroid	Fibrochondrocyte_chondroid	SEMA3C	NRP2_PLXNA3	0.2489222	0.91	0.06192787	0.034574527479912937	0.3856410933626422	0.011659302	0.47157857	1.0	0.7485027457586049	degenerated	True	pain_receptor:NRP2
NP_mature_chondrocyte	Fibrochondrocyte_chondroid	FGF2	FGFRL1	0.87453943	0.0	0.7230392	0.30533348899635204	0.7346328401038943	0.020995839	0.7530486	0.015267623538825359	0.7487964079120566	degenerated	True	pain_ligand:FGF2
unassigned	NP_fibrocartilaginous	GRN	TNFRSF1A	0.66582644	1.0	0.4423149	-0.05950967920787481	0.17308216874041338	0.0047132485	0.7045828	1.0	0.7488686916420924	degenerated	True	pain_receptor:TNFRSF1A
NP_mature_chondrocyte	Macrophage_M2	FGF2	FGFR3	0.7445048	0.0	0.4424399	0.5943237215203847	0.8673750891379185	0.045644045	0.70461226	0.008103929482482898	0.7490616025574157	degenerated	True	pain_ligand:FGF2
NP_stressed	EP_hyaline	FGF2	SDC4	0.6652357	0.48	0.44253823	-0.0007842652290251453	0.044781007088034896	0.010967755	0.7046354	0.8612308730409234	0.7491579640735919	degenerated	True	pain_ligand:FGF2
AF_outer	NP_fibrocartilaginous	VEGFB	ADRB2	0.64703554	0.0	0.20393758	0.27838993711641785	0.38474566214157213	0.01530709	0.6182468	0.019118386780189324	0.7496403212564926	degenerated	True	pain_ligand:VEGFB
Macrophage_M2	NP_mature_chondrocyte	VEGFA	NRP2	0.6893002	0.51	0.44267195	-0.030528860514997064	0.03274504569942349	0.005434951	0.7046668	1.0	0.7497367323972808	degenerated	True	pain_ligand:VEGFA; pain_receptor:NRP2
NP_fibrocartilaginous	Fibrochondrocyte_fibroid	FGF2	FGFR1	0.5316162	1.0	0.28163382	-0.24675145095209655	-0.3105188554255075	0.005427877	0.6555465	1.0	0.7500262283086461	degenerated	True	pain_ligand:FGF2
NP_mature_chondrocyte	NP_mature_chondrocyte	TNFSF10	TNFRSF11B	0.8492642	0.0	0.4429292	0.33411365001099647	0.662153184756181	0.019780226	0.70472723	0.015267623538825359	0.7504122677787073	degenerated	True	pain_ligand:TNF
Fibrochondrocyte_chondroid	AF_inner	VEGFA	GPC1	0.69699186	0.0	0.2038015	0.08044397577040995	0.27506341946574286	0.006214838	0.61816806	0.8577260715034846	0.7505087450933483	degenerated	True	pain_ligand:VEGFA
Fibroblast_like	Fibroblast_like	VEGFA	CD44	1.023772	0.1	0.51351684	0.030716497805409304	-0.542014384282869	0.0030073721	0.7198762	1.0	0.7506138040011912	degenerated	True	pain_ligand:VEGFA
NP_stressed	Fibrochondrocyte_chondroid	SEMA3A	NRP2	0.5315259	0.15	0.2599334	0.05060037400625644	0.3265256685437787	0.009847449	0.6464382	0.5192085785167423	0.7507019375491377	degenerated	True	pain_ligand:SEMA3A; pain_receptor:NRP2
Fibrochondrocyte_fibroid	NP_stressed	PGF	NRP2	0.8116779	0.0	0.44311127	0.889727820772501	0.9247574026152205	0.04678716	0.70477	0.0016617084485672628	0.7509914687797343	degenerated	True	pain_receptor:NRP2
Fibroblast_like	Macrophage_M2	VEGFB	ADRB2	0.873968	0.0	0.5354352	0.6142849786573366	0.604243843919511	0.040188547	0.7240711	0.015267623538825359	0.7511484721361337	degenerated	True	pain_ligand:VEGFB
Fibroblast_like	Macrophage_M2	FGF2	FGFR3	0.531231	0.03	0.26752606	0.35661813759312455	0.2089872167111536	0.027599163	0.64972144	0.33442439156980847	0.7516677575414676	degenerated	True	pain_ligand:FGF2
Fibrochondrocyte_stressed	Fibroblast_like	CXCL2	DPP4	1.102156	0.0	0.51290846	1.5167869494795936	1.4575141877650912	0.10310711	0.71975666	3.9511904427529277e-05	0.7518973403989908	degenerated	True	pain_ligand:CXCL2
Macrophage_M2	AF_inner	VEGFA	CD44	0.87319326	0.64	0.62992144	-0.1174426475126768	-0.1775821917865258	0.003689087	0.74000674	1.0	0.7531816500761057	degenerated	True	pain_ligand:VEGFA
Fibrochondrocyte_chondroid	Fibrochondrocyte_stressed	GRN	TNFRSF1A	0.5306809	1.0	0.28155535	-0.2158728870015244	-0.1510482236800873	0.0030002163	0.6555151	1.0	0.7536023091148727	degenerated	True	pain_receptor:TNFRSF1A
EP_hyaline	NP_notochordal	VEGFA	SIRPA	0.78915447	0.0	0.44463712	0.2458821719046254	0.5534137328322472	0.009256236	0.7051275	0.2388182154801331	0.7538927991860648	degenerated	True	pain_ligand:VEGFA
NP_notochordal	EP_hyaline	CXCL8	SDC2	0.87293065	0.0	0.75982046	0.14685518015651855	0.09691770766303898	0.007813903	0.75763327	0.4388583478855104	0.7539311230183428	degenerated	True	pain_ligand:CXCL8
Fibrochondrocyte_fibroid	AF_outer	GRN	TNFRSF1A	0.8728683	0.0	0.7406708	0.15901259864819262	0.0701289785790411	0.007892489	0.755282	0.42437273894588545	0.7540382593606139	degenerated	True	pain_receptor:TNFRSF1A
unassigned	AF_outer	VEGFA	CD44	0.87278026	1.0	0.5921002	-0.117739577049453	0.13136819391904653	0.0034675896	0.73400617	1.0	0.7543594593508847	degenerated	True	pain_ligand:VEGFA
NP_stressed	unassigned	NGF	KIDINS220	0.27139515	0.71	0.062323917	-0.008641579873211933	0.35262159813675464	0.0087445695	0.47237292	1.0	0.7553234397705526	degenerated	True	pain_ligand:NGF
NP_stressed	Fibroblast_like	ADAM17	IL6R	0.25081715	0.14	0.062358987	0.024177411495593187	-0.2054199846860802	0.0046462943	0.47244298	1.0	0.7561249707960351	degenerated	True	pain_receptor:IL6R
Macrophage_M2	Fibrochondrocyte_chondroid	ADAM17	IL6R	0.25494146	0.4	0.062385116	0.04351638318056247	0.0012705385731269225	0.0046482417	0.47249523	1.0	0.7567259523996404	degenerated	True	pain_receptor:IL6R
NP_mature_chondrocyte	EP_hyaline	FGF2	SDC4	0.87181234	0.0	0.7171545	0.2294570949654199	0.5583952556946252	0.017773775	0.7522879	0.03907128481550413	0.7571456481395453	degenerated	True	pain_ligand:FGF2
NP_fibrocartilaginous	NP_fibrocartilaginous	VEGFA	GPC1	0.529791	1.0	0.26388052	-0.00188564485756397	-0.1310485942804402	0.008046921	0.64815855	1.0	0.7571897389217185	degenerated	True	pain_ligand:VEGFA
NP_stressed	Fibrochondrocyte_chondroid	FGF2	FGFRL1	0.6679628	0.08	0.44616956	0.075092128801907	0.22101859149730396	0.012956011	0.70548505	0.4291411521018365	0.7574811500983134	degenerated	True	pain_ligand:FGF2
AF_outer	NP_fibrocartilaginous	VEGFA	NRP2	0.52975357	1.0	0.24850951	-0.2009245624137656	-0.5858021887659394	0.0030511017	0.6412853	1.0	0.7574811500983134	degenerated	True	pain_ligand:VEGFA; pain_receptor:NRP2
Fibroblast_like	NP_stressed	VEGFA	ITGAV	0.25294983	1.0	0.062410396	-0.4416378939143919	-0.9803775716942702	0.0011864142	0.47254574	1.0	0.7575271494968658	degenerated	True	pain_ligand:VEGFA
NP_fibrocartilaginous	Fibrochondrocyte_stressed	ANGPT1	ITGB1	0.60330987	1.0	0.20238662	-0.10143773132679665	-0.14538653139247876	0.014699067	0.61734545	1.0	0.7575782323301355	degenerated	True	pain_ligand:ANGPT1
Fibrochondrocyte_chondroid	Fibrochondrocyte_chondroid	SEMA3A	NRP2	0.52973044	0.21	0.25748506	0.04791147900242566	0.5249232140223732	0.009754694	0.64535594	0.5868442972196554	0.7575782323301355	degenerated	True	pain_ligand:SEMA3A; pain_receptor:NRP2
NP_mature_chondrocyte	NP_notochordal	NGF	SORT1	0.52966464	0.0	0.23564933	0.6138290125024541	1.0769117508412955	0.057323616	0.6351509	0.0067207146758301965	0.7578697431685688	degenerated	True	pain_ligand:NGF
AF_outer	Fibrochondrocyte_fibroid	ADAM10	IL6R	0.27412945	0.3	0.062448647	0.030123607188626146	-0.1643540442323666	0.003650244	0.47262207	1.0	0.7583281558035447	degenerated	True	pain_receptor:IL6R
Macrophage_M2	NP_fibrocartilaginous	TNFSF10	TNFRSF11B	0.5304786	0.58	0.20225167	0.003451730254567069	-0.05945119893479556	0.009032107	0.6172667	0.9707071631957837	0.7583558322175976	degenerated	True	pain_ligand:TNF
NP_notochordal	EP_hyaline	GRN	TNFRSF1A	0.850305	0.0	0.44663596	0.10002157409068688	0.32721244246174375	0.004759293	0.7055936	1.0	0.7584529891689421	degenerated	True	pain_receptor:TNFRSF1A
unassigned	NP_stressed	GRN	TNFRSF1A	0.52949774	1.0	0.26943746	-0.2256996348698831	-0.038228040937012375	0.0028710894	0.6505311	1.0	0.7587447243500582	degenerated	True	pain_receptor:TNFRSF1A
unassigned	NP_stressed	VEGFA	ITGB1	0.7154845	1.0	0.4471049	-0.39140282618919886	-0.27324879837065197	0.0025347907	0.7057026	1.0	0.7599121984124094	degenerated	True	pain_ligand:VEGFA
AF_outer	AF_outer	FGF2	SDC2	0.6854327	1.0	0.44716462	-0.14609579618529056	-0.34966706050526564	0.0069948314	0.70571643	1.0	0.7603016223972318	degenerated	True	pain_ligand:FGF2
Macrophage_M2	NP_stressed	FGF2	CD44	1.112424	0.09	0.50863504	0.16121475696442042	0.061739010555067475	0.005342103	0.7189121	1.0	0.7604715265007416	degenerated	True	pain_ligand:FGF2
AF_outer	NP_stressed	VEGFA	NRP2	0.8133152	0.0	0.44729018	0.12763687431001455	-0.17471863170907131	0.005491652	0.7057456	1.0	0.7607887506329576	degenerated	True	pain_ligand:VEGFA; pain_receptor:NRP2
Fibrochondrocyte_fibroid	NP_stressed	PDGFA	PDGFRA	0.25133803	1.0	0.06266821	-0.054405592325993096	-0.180879489367352	0.007562869	0.47305954	1.0	0.7611301481442915	degenerated	True	pain_ligand:PDGFA
Fibrochondrocyte_chondroid	Fibrochondrocyte_stressed	FGF2	SDC4	0.5289971	1.0	0.25215945	-0.16148715727767637	0.09956784506425931	0.0062494553	0.64296055	1.0	0.7613732780660212	degenerated	True	pain_ligand:FGF2
NP_mature_chondrocyte	Fibroblast_like	VEGFA	NRP2	0.8700522	0.0	0.651636	0.11637194109081361	0.057022408990553664	0.008000529	0.74325377	0.4064233144895252	0.7616527121929526	degenerated	True	pain_ligand:VEGFA; pain_receptor:NRP2
Fibrochondrocyte_chondroid	AF_outer	VEGFA	SIRPA	0.7964078	0.0	0.4479721	0.25222251303651727	0.5047145140722578	0.009325663	0.70590377	0.2323071365545746	0.7623484426159126	degenerated	True	pain_ligand:VEGFA
NP_mature_chondrocyte	NP_mature_chondrocyte	VEGFA	ITGAV	0.86939734	0.0	0.65007126	0.2233257966777102	0.3745024572975997	0.012357777	0.7430243	0.06509815245157191	0.763371801487134	degenerated	True	pain_ligand:VEGFA
NP_fibrocartilaginous	AF_inner	ANGPT1	ITGB1	0.60085803	1.0	0.20139942	-0.10377140631086465	-0.21812406384854383	0.014627369	0.61676776	1.0	0.7636174224227753	degenerated	True	pain_ligand:ANGPT1
NP_fibrocartilaginous	NP_notochordal	ADAM10	IL6R	0.52827024	0.0	0.23527645	0.40717287885849507	0.6097608102568002	0.013752363	0.6349674	0.03614846784211052	0.7640081111237584	degenerated	True	pain_receptor:IL6R
Fibroblast_like	Fibrochondrocyte_stressed	TNFSF13B	HLA-DPB1	0.8590663	0.0	0.20129985	1.2727611767046862	1.208067885761972	0.018398894	0.6167093	0.01218791147302437	0.7643012689803743	degenerated	True	pain_ligand:TNF
Fibrochondrocyte_fibroid	NP_fibrocartilaginous	PGF	NRP2	0.5281162	0.0	0.24618776	0.5611663840487208	0.5136738455583525	0.025994435	0.6402049	0.015267623538825359	0.764594501819212	degenerated	True	pain_receptor:NRP2
NP_stressed	Fibrochondrocyte_stressed	FGF2	SDC2	0.5280544	1.0	0.259871	-0.3039569248162241	-0.48768337288097885	0.0040650666	0.6464107	1.0	0.7647898882554957	degenerated	True	pain_ligand:FGF2
EP_hyaline	AF_inner	VEGFA	GPC1	0.6885825	0.0	0.20101029	0.07223472546737496	0.10127254787578965	0.0061297207	0.6165392	0.8883684684260972	0.7655721985116904	degenerated	True	pain_ligand:VEGFA
Fibrochondrocyte_stressed	AF_outer	TNFSF13B	TFRC	0.52785903	0.0	0.27684647	0.7229556171155735	0.3415016401861696	0.02646145	0.65360826	0.024741854949653072	0.7656701866696835	degenerated	True	pain_ligand:TNF
NP_fibrocartilaginous	Fibrochondrocyte_chondroid	VEGFA	NRP2	0.6706059	0.99	0.44958663	-0.06589857739660387	0.016652669820148125	0.0055198465	0.7062771	1.0	0.7656701866696835	degenerated	True	pain_ligand:VEGFA; pain_receptor:NRP2
unassigned	NP_stressed	VEGFA	NRP2	0.8685118	0.0	0.5881655	0.1815222790317962	0.5258697747670771	0.0072212634	0.73335475	0.5666069304338537	0.7659525230029742	degenerated	True	pain_ligand:VEGFA; pain_receptor:NRP2
NP_mature_chondrocyte	Macrophage_M2	GRN	TNFRSF1A	0.6790909	0.63	0.44988176	-0.03795140715651561	-0.2924872645268245	0.00479388	0.70634514	1.0	0.7670407379362412	degenerated	True	pain_receptor:TNFRSF1A
unassigned	NP_notochordal	GRN	TNFRSF1A	0.5274361	1.0	0.2668231	-0.22821291734011534	0.14748999743413183	0.0028432312	0.64942193	1.0	0.7673344548430683	degenerated	True	pain_receptor:TNFRSF1A
Fibrochondrocyte_fibroid	Fibrochondrocyte_chondroid	FGF2	FGFR1	0.61512196	0.99	0.20061482	-0.1522558362090432	-0.0041082940165652615	0.0038664127	0.61630636	1.0	0.7675305239558128	degenerated	True	pain_ligand:FGF2
AF_outer	AF_outer	VEGFA	CD44	0.8175837	1.0	0.45028242	-0.17162498177123464	-0.5692202125571019	0.0026370448	0.7064374	1.0	0.7678245821214714	degenerated	True	pain_ligand:VEGFA
Macrophage_M2	Fibroblast_like	VEGFA	NRP2	0.527297	0.84	0.27771193	-0.2182413955871143	-0.4556662757862403	0.0034096371	0.65396154	1.0	0.7679225461094158	degenerated	True	pain_ligand:VEGFA; pain_receptor:NRP2
Fibroblast_like	Fibrochondrocyte_chondroid	TNFSF12	TNFRSF12A	0.74628943	0.09	0.45028362	0.13897545789946322	0.32738692885072573	0.013708835	0.7064377	0.44516393225691697	0.7679225461094158	degenerated	True	pain_ligand:TNF
AF_outer	NP_fibrocartilaginous	FGF2	SDC1	0.32641423	1.0	0.063070595	0.021295369857845026	-0.07308945211403882	0.022613497	0.47385725	1.0	0.7683246184239529	degenerated	True	pain_ligand:FGF2
EP_hyaline	NP_stressed	FGF2	FGFR1	0.6955564	0.99	0.4506216	-0.06399589948258513	0.0007057344471328442	0.008684748	0.7065155	1.0	0.7685109377775945	degenerated	True	pain_ligand:FGF2
Fibrochondrocyte_chondroid	NP_notochordal	VEGFA	SIRPA	0.79756385	0.0	0.45081133	0.2540914222076604	0.7272046044222004	0.009384768	0.7065591	0.22598019966592842	0.7690013493848689	degenerated	True	pain_ligand:VEGFA
Fibroblast_like	AF_inner	SEMA3A	NRP2	0.86715	0.0	0.6837383	0.5660762785876868	0.5183990118151918	0.025903087	0.7478153	0.015267623538825359	0.7699362759281975	degenerated	True	pain_ligand:SEMA3A; pain_receptor:NRP2
Macrophage_M2	NP_mature_chondrocyte	VEGFA	ITGAV	0.5266421	0.65	0.27704507	-0.11128754000021773	-0.1381862274791943	0.005266594	0.65368944	1.0	0.7700811625467692	degenerated	True	pain_ligand:VEGFA
EP_hyaline	EP_hyaline	FGF2	CD44	0.8671254	1.0	0.75179464	-0.037928688719400055	0.11477075590792318	0.007895964	0.75665694	1.0	0.7701517710075709	degenerated	True	pain_ligand:FGF2
NP_notochordal	AF_outer	PTGS2	CAV1	0.977224	1.0	0.45239493	-0.042610718561836625	-0.25826858187464885	0.003287421	0.70692253	1.0	0.7718503288518294	degenerated	True	pain_ligand:PTGS2
NP_fibrocartilaginous	Macrophage_M2	PIGF	FLT1	0.2568295	0.16	0.0632167	0.10710662926595495	0.13662484571028383	0.008063756	0.47414574	0.5313962463052782	0.7721154371794388	degenerated	True	pain_receptor:FLT1
Macrophage_M2	NP_mature_chondrocyte	TNFSF10	RIPK1	0.2514767	0.19	0.06323503	0.13133122910903827	0.2726823412563255	0.012600395	0.47418186	0.5658470872842354	0.7725142526597122	degenerated	True	pain_ligand:TNF
NP_fibrocartilaginous	EP_hyaline	SEMA3A	NRP2	0.52597815	0.0	0.2140259	0.02629350446026793	0.10529807450020168	0.008108265	0.6239281	0.4681598919238096	0.772539081126237	degenerated	True	pain_ligand:SEMA3A; pain_receptor:NRP2
NP_fibrocartilaginous	Fibroblast_like	VEGFA	SIRPA	0.52575994	1.0	0.25856438	-0.0032422241153410303	-0.2963751757085995	0.005382666	0.64583445	1.0	0.7730805154601489	degenerated	True	pain_ligand:VEGFA
NP_stressed	Macrophage_M2	TNFSF11	TNFRSF11B	0.2524194	0.93	0.06329673	-0.13913677513539693	-0.3529425436109757	0.0074835434	0.47430345	1.0	0.7731123041755856	degenerated	True	pain_ligand:TNF
Fibrochondrocyte_chondroid	Fibrochondrocyte_chondroid	FGF2	FGFR1	0.8660519	0.06	0.72091216	0.12741989866173986	0.8174292094345166	0.0138940085	0.75277454	0.39504693376198824	0.7731707978405762	degenerated	True	pain_ligand:FGF2
NP_mature_chondrocyte	NP_notochordal	IL11	IL6R	0.5255921	0.0	0.23132595	0.5186022348681366	0.9729359566534151	0.032809258	0.63300276	0.015267623538825359	0.7739178146325938	degenerated	True	pain_receptor:IL6R
Fibrochondrocyte_fibroid	NP_mature_chondrocyte	GRN	TNFRSF1A	0.73186415	0.5	0.45342636	-0.012876808575210133	-0.19795760223799952	0.0048316508	0.7071584	1.0	0.774115003552408	degenerated	True	pain_receptor:TNFRSF1A
NP_mature_chondrocyte	AF_outer	NGF	SORCS2	0.25860927	0.0	0.063377626	0.36259276111205035	0.5194210836849467	0.064657755	0.47446266	0.015267623538825359	0.7749059263144977	degenerated	True	pain_ligand:NGF
NP_fibrocartilaginous	Fibroblast_like	FGF2	FGFR1	0.8652381	0.0	0.6572601	0.12685987068131716	-0.10599911533583073	0.012667255	0.7440729	0.8272202676477091	0.7751133935423867	degenerated	True	pain_ligand:FGF2
Macrophage_M2	Fibroblast_like	FGF2	CD44	1.0068129	0.23	0.45399278	0.057640505085102295	-0.1599694550663855	0.0047682053	0.70728767	1.0	0.7758903402805326	degenerated	True	pain_ligand:FGF2
NP_mature_chondrocyte	AF_inner	FGF2	FGFR2	0.63181007	0.0	0.19925795	0.3046974726697776	0.5150454074678132	0.026730191	0.6155036	0.015267623538825359	0.7758903402805326	degenerated	True	pain_ligand:FGF2
Fibrochondrocyte_fibroid	Fibrochondrocyte_chondroid	PDGFA	PDGFRA	0.2527434	1.0	0.06343766	-0.052654953331161575	-0.01773699745757057	0.0076557267	0.4745807	1.0	0.7761011758066678	degenerated	True	pain_ligand:PDGFA
AF_outer	Fibrochondrocyte_stressed	GRN	TNFRSF1A	0.8646039	0.0	0.6305078	0.13236618069630415	0.13820109131407088	0.0067186076	0.7400963	0.6984305636493034	0.7768413546775599	degenerated	True	pain_receptor:TNFRSF1A
AF_inner	EP_hyaline	FGF2	SDC4	0.6742697	0.27	0.4545477	0.009284743630013338	0.06341469618768458	0.011265395	0.7074141	0.6490693550847351	0.7772730570035851	degenerated	True	pain_ligand:FGF2
NP_mature_chondrocyte	Macrophage_M2	FGF2	SDC4	0.6316595	0.55	0.19893296	-0.0522911500876205	-0.049495577196264795	0.004930304	0.61531043	1.0	0.7772730570035851	degenerated	True	pain_ligand:FGF2
NP_fibrocartilaginous	Fibroblast_like	PDGFA	PDGFRA	0.6154498	0.0	0.19882633	0.3620970129994442	0.3091630419018535	0.023994582	0.615247	0.03565685205032158	0.7776683892787986	degenerated	True	pain_ligand:PDGFA
NP_mature_chondrocyte	Macrophage_M2	CXCL8	SDC3	0.5244554	0.0	0.22294246	0.9965458323689683	0.4752562268111924	0.014941412	0.6287045	0.02241641108548961	0.7779648128279721	degenerated	True	pain_ligand:CXCL8
AF_outer	NP_stressed	FGF2	FGFR1	0.52416646	1.0	0.27463475	-0.25501958711690764	-0.4373481810850459	0.0052929856	0.6526997	1.0	0.7792510588575268	degenerated	True	pain_ligand:FGF2
NP_fibrocartilaginous	Macrophage_M2	VEGFA	SIRPA	0.6752478	0.18	0.45570835	0.23844828351091568	0.1668123878194308	0.0094867125	0.7076779	0.554541636202436	0.7793499923388387	degenerated	True	pain_ligand:VEGFA
NP_fibrocartilaginous	NP_mature_chondrocyte	FGF2	SDC4	0.686365	0.0	0.45586622	0.02702018219427689	0.011244310165468452	0.0112980725	0.7077137	0.46376395364887896	0.7795481028643225	degenerated	True	pain_ligand:FGF2
AF_inner	EP_hyaline	TNFSF12	TNFRSF12A	0.68198615	0.79	0.19854045	-0.04685762704811025	0.060459066742319906	0.006044542	0.61507666	1.0	0.7798452223486608	degenerated	True	pain_ligand:TNF
AF_outer	unassigned	ANGPT1	ITGA5	0.2561361	0.59	0.06375562	0.03947159370034806	0.33758655213633315	0.012551587	0.4752041	0.9844045252281257	0.7804799671554524	degenerated	True	pain_ligand:ANGPT1
NP_mature_chondrocyte	AF_outer	FGF2	FGFRL1	0.75088286	0.0	0.45620298	0.14530408280035417	0.2597556480685099	0.013247364	0.7077901	0.11981194090526165	0.7805387218472566	degenerated	True	pain_ligand:FGF2
Fibrochondrocyte_stressed	NP_fibrocartilaginous	TNFSF13B	TFRC	0.5237647	0.0	0.27217773	0.718110237754034	0.3376133434114047	0.026015205	0.6516804	0.025955360747576997	0.7806377642838074	degenerated	True	pain_ligand:TNF
NP_notochordal	AF_inner	VEGFA	CD44	0.86335397	1.0	0.605574	-0.12704821385951173	-0.15622169679814657	0.003546498	0.7361969	1.0	0.7807333381491549	degenerated	True	pain_ligand:VEGFA
NP_notochordal	NP_fibrocartilaginous	PTGS2	CAV1	0.98498523	1.0	0.45655963	-0.0353065645390262	-0.2558658654784751	0.0033176846	0.70787096	1.0	0.7811333208815996	degenerated	True	pain_ligand:PTGS2
NP_mature_chondrocyte	AF_inner	VEGFA	GPC1	0.6802976	0.0	0.19826038	0.06414705863226748	0.10030004770915169	0.0060458644	0.6149095	0.9195375883315023	0.7813317334935161	degenerated	True	pain_ligand:VEGFA
Fibrochondrocyte_fibroid	EP_hyaline	PTGS2	CAV1	0.52339786	1.0	0.2530585	-0.47282457452227666	-0.9987077942953781	0.0018389017	0.64336896	1.0	0.781530179701261	degenerated	True	pain_ligand:PTGS2
NP_fibrocartilaginous	NP_fibrocartilaginous	TNFSF12	TNFRSF12A	0.80973864	0.0	0.45685482	0.17299866183153417	0.23591459651198954	0.013908894	0.7079377	0.08300434688457131	0.7818275837091067	degenerated	True	pain_ligand:TNF
AF_inner	Fibrochondrocyte_stressed	FGF2	SDC4	0.5232421	1.0	0.24798556	-0.16790141079557222	-0.3068495205948477	0.006146011	0.6410425	1.0	0.782224458681086	degenerated	True	pain_ligand:FGF2
NP_fibrocartilaginous	AF_outer	PDGFA	PDGFRB	0.26251295	0.0	0.06383352	0.21570503415650605	0.3177994590336217	0.030195866	0.47535637	0.047463410200168234	0.7824684103317575	degenerated	True	pain_ligand:PDGFA
Fibrochondrocyte_fibroid	Fibrochondrocyte_fibroid	PIGF	FLT1	0.93621093	0.0	0.4570174	1.3613873473900224	1.2595231426689888	0.058295935	0.70797455	0.00011702214430604866	0.7825222577836379	degenerated	True	pain_receptor:FLT1
AF_outer	NP_fibrocartilaginous	FGF2	SDC3	0.3271482	1.0	0.06385583	-0.02179036746984818	-0.11423583477764464	0.006509568	0.47539994	1.0	0.7828659892866741	degenerated	True	pain_ligand:FGF2
NP_mature_chondrocyte	Fibrochondrocyte_chondroid	IL11	IL6R	0.25874954	0.03	0.063937694	0.11799205857721955	0.3381222534019781	0.009068364	0.47555974	0.33442439156980847	0.7834621864086737	degenerated	True	pain_receptor:IL6R
NP_fibrocartilaginous	Fibrochondrocyte_stressed	VEGFA	NRP2	0.5228169	1.0	0.2546831	-0.23714101192252926	-0.48306867693747924	0.0031268983	0.6441028	1.0	0.7838135208976689	degenerated	True	pain_ligand:VEGFA; pain_receptor:NRP2
Macrophage_M2	Fibrochondrocyte_chondroid	VEGFA	CD44	0.7041413	0.94	0.457784	-0.2832343311902437	-0.09187060376364309	0.002680977	0.70814776	1.0	0.7839128401608353	degenerated	True	pain_ligand:VEGFA
Macrophage_M2	NP_fibrocartilaginous	PDGFA	PDGFRA	0.5226605	0.02	0.19936281	0.27334437931809197	0.526238317754953	0.024059325	0.61556584	0.24298750425535223	0.7845093706717179	degenerated	True	pain_ligand:PDGFA
Macrophage_M2	Fibrochondrocyte_chondroid	GRN	TNFRSF1A	1.0382042	0.03	0.49805382	0.2917631356034115	0.330464820037642	0.005307195	0.7167831	1.0	0.7845225757625625	degenerated	True	pain_receptor:TNFRSF1A
AF_outer	EP_hyaline	FGF2	CD44	0.69573545	1.0	0.45818695	-0.22895237635372256	-0.3232831596242556	0.0048122555	0.70823866	1.0	0.7847081351344919	degenerated	True	pain_ligand:FGF2
NP_stressed	NP_mature_chondrocyte	VEGFB	ADRB2	0.26471213	1.0	0.06398836	-0.1207514661330637	-0.23380976197753545	0.0048028203	0.47565848	1.0	0.7848530069209617	degenerated	True	pain_ligand:VEGFB
NP_stressed	EP_hyaline	VEGFB	ADRB2	0.26471746	1.0	0.06399035	-0.12074145542411432	-0.21000667711973542	0.0048029698	0.47566235	1.0	0.7850516324082704	degenerated	True	pain_ligand:VEGFB
AF_inner	Fibrochondrocyte_chondroid	FGF2	FGFRL1	0.67699677	0.03	0.45827758	0.08516113766094548	0.23965228059695365	0.013307608	0.7082591	0.33442439156980847	0.7851062037318973	degenerated	True	pain_ligand:FGF2
Macrophage_M2	NP_fibrocartilaginous	CXCL8	SDC3	0.88750756	0.0	0.19764051	0.606791022696041	0.5044052449901206	0.013245698	0.6145387	0.04465290823138627	0.7852056321624679	degenerated	True	pain_ligand:CXCL8
Macrophage_M2	AF_inner	TNFSF13B	CD40	0.52226084	0.0	0.26624632	1.1483995084790326	0.9267023263007903	0.05760239	0.6491756	0.0016339036646682895	0.7856036494032606	degenerated	True	pain_ligand:TNF
NP_fibrocartilaginous	NP_notochordal	GRN	TNFRSF1A	0.7553878	0.14	0.45867908	0.009511356073512084	0.09814907935839756	0.004887623	0.7083496	1.0	0.7857031198272808	degenerated	True	pain_receptor:TNFRSF1A
Macrophage_M2	Macrophage_M2	TNFSF13B	TFRC	0.5221895	0.08	0.2661603	0.746631282699398	0.5778919301493197	0.02544005	0.6491388	0.04053441332721707	0.7858028182566801	degenerated	True	pain_ligand:TNF
unassigned	NP_notochordal	VEGFA	CD44	0.52211416	1.0	0.26885608	-0.46164330038315626	-0.1351638169454541	0.001574535	0.6502855	1.0	0.7862010372621712	degenerated	True	pain_ligand:VEGFA
unassigned	NP_mature_chondrocyte	VEGFA	CD44	0.72843546	1.0	0.4590431	-0.2593000533514117	-0.09676921374557246	0.0026883509	0.7084315	1.0	0.7865993907811316	degenerated	True	pain_ligand:VEGFA
Fibroblast_like	Fibrochondrocyte_fibroid	VEGFA	ITGA9	0.2559756	1.0	0.06418115	0.3230656780208698	-0.40192344574476857	0.010919129	0.4760337	1.0	0.7866403183809372	degenerated	True	pain_ligand:VEGFA
NP_fibrocartilaginous	NP_mature_chondrocyte	ANGPT1	ITGA5	0.26009786	0.46	0.06419601	0.03932452393640407	0.0024898750660387603	0.012638288	0.47606254	0.8394457134999991	0.7868388370104242	degenerated	True	pain_ligand:ANGPT1
Macrophage_M2	NP_notochordal	ADAM17	IL6R	0.521784	0.01	0.22570874	0.4441265594714795	0.636084241824564	0.016817294	0.63014275	0.1554997137934795	0.787097466911377	degenerated	True	pain_receptor:IL6R
EP_hyaline	NP_fibrocartilaginous	SEMA3A	NRP2	0.52176327	0.0	0.23717925	0.03137368267590029	0.0888383738553698	0.008985419	0.6359004	0.4426613650904462	0.7871970633874887	degenerated	True	pain_ligand:SEMA3A; pain_receptor:NRP2
NP_stressed	Fibrochondrocyte_stressed	PDGFC	FLT1	0.27484286	0.05	0.06420308	0.07529356469910103	0.1134450155944606	0.005839564	0.47607628	0.996772494395673	0.78743437641397	degenerated	True	pain_receptor:FLT1
Macrophage_M2	Fibroblast_like	TNFSF13B	HLA-DPB1	0.5215402	0.0	0.2653773	0.9917280780050566	0.6912205669775746	0.024255604	0.6488032	0.015267623538825359	0.7880944698845925	degenerated	True	pain_ligand:TNF
Fibrochondrocyte_stressed	NP_fibrocartilaginous	VEGFA	GPC1	0.86073494	0.0	0.5287574	0.32119591295367594	0.43456948841896886	0.016124226	0.7228156	0.015267623538825359	0.7882086999736293	degenerated	True	pain_ligand:VEGFA
Fibroblast_like	AF_inner	VEGFA	SIRPA	0.25607553	1.0	0.06423963	-0.3217942855600781	-0.8468251040022532	0.001337309	0.47614726	1.0	0.7886250799770133	degenerated	True	pain_ligand:VEGFA
Fibroblast_like	Fibrochondrocyte_stressed	FGF2	SDC2	0.5213572	1.0	0.25464287	-0.31142114854903924	-0.6324569967011534	0.003983285	0.6440847	1.0	0.788892590102078	degenerated	True	pain_ligand:FGF2
AF_outer	EP_hyaline	ANGPT1	ITGA5	0.25728747	0.55	0.064246394	0.04107554291405238	0.09236532969967318	0.012648207	0.47616035	0.9341530186380025	0.7890219226870321	degenerated	True	pain_ligand:ANGPT1
NP_stressed	Fibroblast_like	CXCL8	SDC2	0.52130735	1.0	0.26942295	-0.18665287585496382	-0.9393726884240666	0.0027707135	0.650525	1.0	0.7890923144269963	degenerated	True	pain_ligand:CXCL8
AF_inner	Fibrochondrocyte_chondroid	FGF2	FGFR1	0.8602969	0.0	0.70897925	0.12100564514384402	0.41101184377540956	0.013664027	0.75121814	0.16332299008223242	0.7891852705952314	degenerated	True	pain_ligand:FGF2
AF_outer	Fibrochondrocyte_chondroid	VEGFA	SIRPA	0.26691133	1.0	0.06425341	-0.3228168860077486	-0.6137334139955272	0.0013375959	0.476174	1.0	0.7894186632127547	degenerated	True	pain_ligand:VEGFA
Fibrochondrocyte_fibroid	Fibroblast_like	TNFSF12	TNFRSF12A	0.9536507	0.0	0.46017444	0.2726811658289287	0.1913111569691115	0.01400996	0.70868564	0.11106717539355891	0.7894916439036381	degenerated	True	pain_ligand:TNF
AF_outer	AF_outer	TNFSF12	TNFRSF12A	0.88720465	0.0	0.49564812	0.23970801629965288	0.2825439955496454	0.015089951	0.7162914	0.046614389030719856	0.7900536926464514	degenerated	True	pain_ligand:TNF
Fibrochondrocyte_chondroid	NP_stressed	FGF2	FGFRL1	0.52105397	0.99	0.24111265	-0.11768510662738102	0.1480647047756271	0.007001505	0.63780236	1.0	0.7902907069822598	degenerated	True	pain_ligand:FGF2
Fibroblast_like	NP_fibrocartilaginous	FGF2	SDC4	0.67933977	0.2	0.46077642	0.01615519980215738	-0.1833927918187065	0.011419765	0.7088206	1.0	0.7912904041150777	degenerated	True	pain_ligand:FGF2
NP_mature_chondrocyte	NP_mature_chondrocyte	NGF	MAGED1	0.52084935	0.0	0.23004672	0.23939550469535495	0.4723487695320365	0.0291433	0.6323583	0.033440568223784065	0.7914903122542589	degenerated	True	pain_ligand:NGF
AF_outer	Macrophage_M2	VEGFA	SIRPA	0.5208022	0.66	0.24223448	0.08767145223369519	-0.17911239483072677	0.0050427183	0.6383384	1.0	0.7917904583119988	degenerated	True	pain_ligand:VEGFA
unassigned	AF_outer	GRN	TNFRSF1A	0.6806077	1.0	0.46105883	-0.04149091650773569	0.1835306694649631	0.0049129813	0.7088838	1.0	0.7919906714204759	degenerated	True	pain_receptor:TNFRSF1A
unassigned	AF_inner	VEGFA	ITGB1	0.73064834	1.0	0.46108294	-0.37696945190435216	-0.27854083348615255	0.002614037	0.7088892	1.0	0.7921906974789445	degenerated	True	pain_ligand:VEGFA
AF_outer	NP_stressed	TNFSF12	TNFRSF12A	0.88587856	0.0	0.494727	0.238428616947211	0.23542617008105293	0.015061909	0.71610236	0.07425059983203346	0.7924430613979871	degenerated	True	pain_ligand:TNF
NP_mature_chondrocyte	Fibrochondrocyte_stressed	VEGFA	NRP2	0.7904361	0.04	0.46141127	0.02412097201773114	0.07976141653627533	0.005665025	0.7089626	1.0	0.7931919959250813	degenerated	True	pain_ligand:VEGFA; pain_receptor:NRP2
Fibrochondrocyte_fibroid	NP_fibrocartilaginous	GRN	TNFRSF1A	0.85808706	0.0	0.7105595	0.1409938359480535	0.059680477854491376	0.007571627	0.7514261	0.4889101418195522	0.7945083521596488	degenerated	True	pain_receptor:TNFRSF1A
Fibroblast_like	AF_outer	FGF2	SDC1	0.37570623	0.32	0.06459944	0.052520298031399196	-0.15869767236537	0.023161652	0.4768439	1.0	0.7949684304454782	degenerated	True	pain_ligand:FGF2
AF_inner	NP_fibrocartilaginous	VEGFA	EGFR	0.99698853	0.0	0.46198803	0.5220825738263177	0.6197683079208185	0.02320777	0.7090915	0.015267623538825359	0.7950966318411355	degenerated	True	pain_ligand:VEGFA
AF_outer	Macrophage_M2	VEGFA	ITGAV	0.2674425	1.0	0.06462577	-0.4330079307527157	-0.925390143107329	0.0012285282	0.47689474	1.0	0.7951664507831149	degenerated	True	pain_ligand:VEGFA
Fibrochondrocyte_chondroid	EP_hyaline	FGF2	SDC4	0.68002474	0.3	0.46219826	0.015698997147909174	0.4698320618467916	0.011455004	0.70913845	0.6794968525083266	0.7954982057024413	degenerated	True	pain_ligand:FGF2
NP_mature_chondrocyte	NP_mature_chondrocyte	PDGFA	PDGFRA	0.26964685	1.0	0.06466987	-0.07372262373251531	-0.20451938673951744	0.0078044315	0.47697976	1.0	0.7963543784420298	degenerated	True	pain_ligand:PDGFA
Fibrochondrocyte_fibroid	AF_inner	TNFSF10	TNFRSF10D	0.5305575	0.0	0.1956782	0.5276195659359594	0.5131619203166085	0.02611619	0.61335623	0.015267623538825359	0.7967030736142933	degenerated	True	pain_ligand:TNF
Fibrochondrocyte_fibroid	Fibrochondrocyte_fibroid	GRN	TNFRSF1A	0.857396	0.05	0.7091517	0.14015144863860907	0.13930559221088867	0.007556625	0.7512408	0.4925842046797746	0.7967928163250516	degenerated	True	pain_receptor:TNFRSF1A
EP_hyaline	Fibrochondrocyte_chondroid	PTGS2	CAV1	0.8572568	1.0	0.6274749	-0.18189961248056488	-0.2813374826900932	0.0045596757	0.73963225	1.0	0.7971192359378292	degenerated	True	pain_ligand:PTGS2
Fibrochondrocyte_chondroid	Macrophage_M2	FGF2	FGFR1	0.519417	0.94	0.23883606	-0.2607642256747779	-0.10018506843327962	0.004603044	0.6367059	1.0	0.7974065301816579	degenerated	True	pain_ligand:FGF2
NP_mature_chondrocyte	AF_outer	NGF	MAGED1	0.5193609	0.0	0.22910072	0.23757666738463	0.37724696673393876	0.029023457	0.6318792	0.03441920781297791	0.7976074670558684	degenerated	True	pain_ligand:NGF
EP_hyaline	AF_outer	FGF2	SDC2	0.8568227	0.02	0.73370916	0.04492789144903196	0.08838685502691312	0.011477142	0.7544082	0.38321011212071837	0.7978812306036094	degenerated	True	pain_ligand:FGF2
NP_stressed	NP_fibrocartilaginous	VEGFA	EGFR	0.9986472	0.0	0.46287578	0.5237021595081057	0.5878355235291236	0.023252364	0.70928943	0.015267623538825359	0.7979091575140174	degenerated	True	pain_ligand:VEGFA
Macrophage_M2	NP_mature_chondrocyte	VEGFA	ITGB1	0.8567732	0.9	0.6132017	-0.25633056032885265	-0.5069665858020523	0.0034764502	0.73741066	1.0	0.797990155452694	degenerated	True	pain_ligand:VEGFA
NP_stressed	Fibrochondrocyte_chondroid	VEGFA	GPC1	1.0073137	0.0	0.49285626	0.42448858439077425	0.5643213993624394	0.015029436	0.7157171	0.02156122182561039	0.7980989644527354	degenerated	True	pain_ligand:VEGFA
Fibrochondrocyte_stressed	AF_inner	VEGFA	ITGAV	0.835839	0.0	0.46296796	0.15357596580349278	0.1403099764786241	0.008800966	0.70931	0.2895121481698596	0.7981104007096486	degenerated	True	pain_ligand:VEGFA
Fibrochondrocyte_stressed	Fibroblast_like	VEGFA	SIRPA	0.8567039	0.0	0.51810503	0.3198393336958989	0.26924290699080955	0.010785655	0.7207722	0.12228972625153224	0.7982078977994913	degenerated	True	pain_ligand:VEGFA
Fibrochondrocyte_stressed	Fibroblast_like	TNFSF12	TNFRSF12A	0.9545251	0.0	0.46301436	0.2743772459708607	0.1983243772109557	0.01409642	0.7093203	0.10496345401244404	0.7982109240377021	degenerated	True	pain_ligand:TNF
NP_fibrocartilaginous	NP_stressed	GRN	TNFRSF1A	0.75744945	0.13	0.46317327	0.012024638543744318	-0.08756895901274664	0.0049355123	0.7093557	1.0	0.798613323746787	degenerated	True	pain_receptor:TNFRSF1A
Fibrochondrocyte_chondroid	AF_outer	VEGFA	ITGAV	0.8565273	0.0	0.59562856	0.19947401013935304	0.4376439257257483	0.011322828	0.73458576	0.09809289877162602	0.7986434334325478	degenerated	True	pain_ligand:VEGFA
NP_stressed	Fibrochondrocyte_chondroid	CXCL8	SDC2	0.72619075	0.34	0.46322212	0.025566856192114164	-0.21063078950278313	0.004763721	0.70936656	1.0	0.7988146853200309	degenerated	True	pain_ligand:CXCL8
Fibrochondrocyte_stressed	Fibrochondrocyte_stressed	TNFSF10	TNFRSF10D	0.25834084	0.34	0.064816624	0.023769740203906306	-0.015535347279223288	0.00865075	0.4772625	0.7190039057413671	0.7989268032133061	degenerated	True	pain_ligand:TNF
Fibroblast_like	Fibrochondrocyte_chondroid	GRN	TNFRSF1A	0.9753757	0.0	0.46327835	0.22624092185564992	0.10459449497025153	0.004936632	0.70937914	1.0	0.799015858673533	degenerated	True	pain_receptor:TNFRSF1A
Fibroblast_like	NP_mature_chondrocyte	VEGFB	ADRB2	0.84728867	0.0	0.46330157	0.5656377159287206	0.5857921563479431	0.03477436	0.70938426	0.015267623538825359	0.7991166800978509	degenerated	True	pain_ligand:VEGFB
Fibroblast_like	EP_hyaline	VEGFB	ADRB2	0.847294	0.0	0.46331593	0.5656477266376699	0.609595241205743	0.03477544	0.7093874	0.015267623538825359	0.7992172879014232	degenerated	True	pain_ligand:VEGFB
unassigned	Fibrochondrocyte_stressed	VEGFA	ITGB1	0.7331002	1.0	0.46334302	-0.37463577692028416	-0.20580330103008748	0.00262685	0.7093935	1.0	0.7993179041489064	degenerated	True	pain_ligand:VEGFA
NP_fibrocartilaginous	NP_stressed	ANGPT1	ITGB1	0.5856942	1.0	0.19529386	-0.1182047805957114	-0.21283202873304324	0.01418393	0.61312306	1.0	0.7995193841345696	degenerated	True	pain_ligand:ANGPT1
AF_inner	Fibrochondrocyte_chondroid	VEGFA	GPC1	1.005655	0.0	0.49191102	0.42286899870898625	0.5962541837541343	0.015000612	0.71552175	0.02178568110312864	0.7996236968122179	degenerated	True	pain_ligand:VEGFA
Fibrochondrocyte_fibroid	Macrophage_M2	PDGFA	PDGFRA	0.2553873	0.69	0.064885244	-0.04936144902084255	-0.08451718446367779	0.007830423	0.47739452	1.0	0.7997179197711302	degenerated	True	pain_ligand:PDGFA
Macrophage_M2	NP_fibrocartilaginous	CXCL8	SDC1	0.8867736	0.0	0.19521013	0.6498767600237342	0.5455516276537264	0.04601405	0.6130722	0.015267623538825359	0.7997206757798698	degenerated	True	pain_ligand:CXCL8
NP_mature_chondrocyte	AF_inner	PDGFC	FLT1	0.28175935	0.0	0.064953975	0.06114665798012516	0.07482536902453121	0.005907862	0.4775266	0.9724515221596078	0.8014972252592188	degenerated	True	pain_receptor:FLT1
Fibroblast_like	NP_mature_chondrocyte	FGF2	FGFRL1	0.68190086	0.0	0.46411803	0.09433327774685497	-0.0015645572630518245	0.013477205	0.70956576	0.4759059998968015	0.801534933804136	degenerated	True	pain_ligand:FGF2
Fibrochondrocyte_stressed	Fibrochondrocyte_chondroid	TNFSF13B	TFRC	0.5181978	0.0	0.26582965	0.7115219395935418	0.5518459432767936	0.025408445	0.6489972	0.015267623538825359	0.8018376137500786	degenerated	True	pain_ligand:TNF
Fibrochondrocyte_fibroid	Fibroblast_like	TNFSF10	TNFRSF11B	0.85546315	0.0	0.7307953	0.5607167277068027	0.40779710656956825	0.03263568	0.75403935	0.015267623538825359	0.8019123517915375	degenerated	True	pain_ligand:TNF
NP_mature_chondrocyte	Fibroblast_like	SEMA3A	NRP2	0.5179559	0.09	0.26752135	0.05338105946812508	0.009575577311763894	0.010134916	0.6497194	0.44516393225691697	0.8026449842930914	degenerated	True	pain_ligand:SEMA3A; pain_receptor:NRP2
NP_fibrocartilaginous	NP_notochordal	ANGPT1	ITGA5	0.26215905	0.37	0.06502593	0.04219585453596535	0.1633785388587155	0.012801675	0.47766474	0.7492843193647934	0.802880490365352	degenerated	True	pain_ligand:ANGPT1
Fibrochondrocyte_chondroid	AF_outer	VEGFA	NRP2	0.8551434	0.0	0.5922297	0.09605049740788747	0.24199227192535477	0.007271162	0.7340275	0.5545276705693685	0.8028937570866729	degenerated	True	pain_ligand:VEGFA; pain_receptor:NRP2
NP_fibrocartilaginous	Fibrochondrocyte_chondroid	ADAM10	IL6R	0.2614277	0.5	0.06502959	0.00656270256757803	-0.025052892994636866	0.0038011053	0.47767174	1.0	0.8030780367231722	degenerated	True	pain_receptor:IL6R
NP_fibrocartilaginous	EP_hyaline	FGF2	SDC2	0.694556	1.0	0.46508846	-0.13554245235920293	-0.19414793709379774	0.0072752074	0.7097809	1.0	0.8036550708317686	degenerated	True	pain_ligand:FGF2
AF_inner	NP_fibrocartilaginous	TNFSF11	TNFRSF11B	0.5256391	0.1	0.19439407	0.12278810125390079	-0.030662166556957332	0.02298312	0.61257523	0.5663075542140144	0.8036550708317686	degenerated	True	pain_ligand:TNF
AF_outer	NP_mature_chondrocyte	TNFSF12	TNFRSF12A	0.8438108	0.0	0.4655057	0.1978272298426772	0.22354501539351634	0.01417227	0.70987326	0.0831225824655493	0.803958284254154	degenerated	True	pain_ligand:TNF
AF_outer	Fibrochondrocyte_fibroid	FGF2	FGFR1	0.51760125	1.0	0.26761106	-0.26237166102872966	-0.30672469808821534	0.0051576192	0.64975756	1.0	0.8041605432391288	degenerated	True	pain_ligand:FGF2
Fibroblast_like	Fibroblast_like	ANGPT1	ITGB1	1.1475415	0.0	0.46569797	0.4331425017676861	0.26408397987933263	0.033823017	0.70991576	0.056093357752658765	0.804666004442387	degenerated	True	pain_ligand:ANGPT1
NP_notochordal	Fibroblast_like	VEGFA	NRP2	0.5174577	1.0	0.2669779	-0.22784696193394924	-0.4343057807978611	0.0032778494	0.649488	1.0	0.8049694720742796	degenerated	True	pain_ligand:VEGFA; pain_receptor:NRP2
Fibrochondrocyte_chondroid	Fibrochondrocyte_chondroid	FGF2	FGFRL1	0.6827518	0.09	0.4659909	0.09157539117884131	0.6460696462560607	0.01353159	0.7099805	0.44516393225691697	0.8054752721574652	degenerated	True	pain_ligand:FGF2
Macrophage_M2	Macrophage_M2	VEGFB	ADRB2	0.5172551	0.23	0.25286746	0.19400726163110726	0.3076186115772439	0.018979656	0.64328235	0.5256967501030224	0.8055764129371572	degenerated	True	pain_ligand:VEGFB
NP_fibrocartilaginous	Fibrochondrocyte_fibroid	PIGF	FLT1	0.94654894	0.0	0.48976564	1.3818664403379808	1.2662462635343432	0.06247321	0.7150767	0.0001103776760229709	0.8058400195960806	degenerated	True	pain_receptor:FLT1
NP_stressed	Fibrochondrocyte_fibroid	IL11	IL6R	0.28255934	0.03	0.065170534	0.17065975022301724	0.08287951344372879	0.00924322	0.47794184	0.33442439156980847	0.8066321187146693	degenerated	True	pain_receptor:IL6R
EP_hyaline	Macrophage_M2	TNFSF9	TNFRSF9	0.29523638	0.0	0.065172605	0.5978397395612234	0.6075178774499701	0.085283026	0.4779458	0.015267623538825359	0.8068294401286655	degenerated	True	pain_ligand:TNF
Fibrochondrocyte_stressed	Fibrochondrocyte_stressed	VEGFA	NRP2	0.85376084	0.01	0.5103278	0.08594054588871064	0.08254940576192982	0.006265603	0.7192477	0.8412279198835677	0.807041213187571	degenerated	True	pain_ligand:VEGFA; pain_receptor:NRP2
AF_outer	AF_inner	FGF2	SDC4	0.7037178	0.02	0.46672684	0.04820050119066838	-0.023301380100231084	0.01156724	0.71014297	0.5438998463636883	0.8073997367322263	degenerated	True	pain_ligand:FGF2
NP_fibrocartilaginous	Fibrochondrocyte_stressed	RARRES1	NRP2	0.27751744	1.0	0.06519626	-0.09153621795794906	-0.10763483886500438	0.012884671	0.47799113	1.0	0.8074213333636331	degenerated	True	pain_receptor:NRP2
NP_fibrocartilaginous	unassigned	GRN	TNFRSF1A	0.85352343	0.0	0.6726049	0.12914266885053935	0.6644680412952796	0.007167188	0.74626404	0.578172786746849	0.8074781146481633	degenerated	True	pain_receptor:TNFRSF1A
NP_notochordal	NP_mature_chondrocyte	VEGFA	ITGAV	0.5168028	1.0	0.26633683	-0.12089310634705266	-0.11682573249081507	0.005063032	0.64921427	1.0	0.8075010385434286	degenerated	True	pain_ligand:VEGFA
Macrophage_M2	Fibrochondrocyte_fibroid	TNFSF13B	CD40	0.5167642	0.0	0.25961795	1.1361924293874142	1.0094692915783914	0.056168344	0.64629936	0.0008235570877835651	0.8078052185061539	degenerated	True	pain_ligand:TNF
AF_inner	Fibrochondrocyte_chondroid	PTGS2	CAV1	0.853352	1.0	0.6233396	-0.18534911471835222	-0.4436397770651741	0.004529625	0.7389951	1.0	0.8079150830701809	degenerated	True	pain_ligand:PTGS2
Fibrochondrocyte_chondroid	NP_stressed	VEGFA	SIRPA	0.6929036	0.01	0.19376053	0.08487776946799844	0.275017857420004	0.004033611	0.6121878	1.0	0.8080078984285002	degenerated	True	pain_ligand:VEGFA
EP_hyaline	NP_fibrocartilaginous	FGF2	FGFRL1	0.705076	0.0	0.46733227	0.10409331960597483	0.21267431426446604	0.01357054	0.71027637	0.20030335025831672	0.8090224783255591	degenerated	True	pain_ligand:FGF2
Fibrochondrocyte_stressed	Fibrochondrocyte_stressed	VEGFB	ADRB2	0.25587833	1.0	0.06529393	-0.16349763039772167	-0.3109905470567178	0.004900813	0.47817785	1.0	0.8093937048017397	degenerated	True	pain_ligand:VEGFB
Macrophage_M2	NP_stressed	FGF2	SDC4	0.5164717	0.85	0.20029451	-0.16337757144402368	-0.2293201450686032	0.004964048	0.6161174	1.0	0.8096316785441493	degenerated	True	pain_ligand:FGF2
NP_fibrocartilaginous	NP_fibrocartilaginous	VEGFA	NRP2	0.68419915	1.0	0.46751338	-0.05014773113654511	-0.2398774061157818	0.0057399445	0.71031624	1.0	0.8096316785441493	degenerated	True	pain_ligand:VEGFA; pain_receptor:NRP2
AF_outer	EP_hyaline	VEGFA	ITGB1	0.87136656	1.0	0.487985	-0.24437729070609915	-0.5721423157655744	0.0027665538	0.7147055	1.0	0.8096637460566364	degenerated	True	pain_ligand:VEGFA
AF_inner	Macrophage_M2	TNFSF11	TNFRSF11B	0.25616896	0.94	0.06534313	-0.12972739227920174	-0.3623267479866822	0.007725488	0.47827184	1.0	0.8105765162179965	degenerated	True	pain_ligand:TNF
AF_outer	Fibrochondrocyte_chondroid	VEGFA	NRP2	0.5161603	1.0	0.23898043	-0.21667540867382437	-0.32927211283000946	0.002934107	0.6367758	1.0	0.810749190265783	degenerated	True	pain_ligand:VEGFA; pain_receptor:NRP2
NP_fibrocartilaginous	Macrophage_M2	SEMA3A	NRP2	0.25637096	0.98	0.065351516	-0.2860992452494042	-0.4726876267888167	0.00247581	0.47828785	1.0	0.810773600991578	degenerated	True	pain_ligand:SEMA3A; pain_receptor:NRP2
EP_hyaline	Fibrochondrocyte_stressed	VEGFA	NRP2	0.79872096	0.04	0.46781108	0.03220863885283862	0.0807339167029133	0.005743599	0.71038175	1.0	0.8108507720411156	degenerated	True	pain_ligand:VEGFA; pain_receptor:NRP2
NP_mature_chondrocyte	Macrophage_M2	PTGS2	CAV1	0.7754431	0.95	0.4678135	-0.25760935314989586	-0.5769634603914933	0.0033994631	0.7103822	1.0	0.8109523623011323	degenerated	True	pain_ligand:PTGS2
NP_fibrocartilaginous	NP_mature_chondrocyte	TNFSF12	TNFRSF12A	0.8520768	0.0	0.4876638	0.21386024847122093	0.30327924243032434	0.014846871	0.71463835	0.04873483887892149	0.811522923303287	degenerated	True	pain_ligand:TNF
EP_hyaline	NP_mature_chondrocyte	IL11	IL6R	0.25584197	0.0	0.065409556	0.1040302737524299	0.012636782850460881	0.009277121	0.47839865	0.4328734910152389	0.8115618761515814	degenerated	True	pain_receptor:IL6R
Fibrochondrocyte_stressed	AF_inner	VEGFB	ADRB2	0.25611213	1.0	0.06541985	-0.16307125228184446	-0.3477510561817803	0.004910265	0.47841823	1.0	0.8117589561225228	degenerated	True	pain_ligand:VEGFB
Fibrochondrocyte_stressed	EP_hyaline	GRN	TNFRSF1A	0.9125792	0.0	0.48706234	0.16496576148623318	0.2081761515150541	0.005190071	0.7145125	0.6845434524217608	0.8120699761761911	degenerated	True	pain_receptor:TNFRSF1A
EP_hyaline	EP_hyaline	FGF2	SDC2	0.8519311	0.08	0.72512245	0.03986102519848646	0.24770013577567318	0.011342823	0.75331604	0.4291411521018365	0.8123981612138904	degenerated	True	pain_ligand:FGF2
NP_stressed	NP_fibrocartilaginous	CXCL8	SDC2	0.73167115	0.11	0.46840602	0.03124374778415123	-0.45355023071344813	0.0048170323	0.71051246	1.0	0.8126818181667506	degenerated	True	pain_ligand:CXCL8
NP_mature_chondrocyte	Fibroblast_like	VEGFA	SIRPA	0.7933791	0.0	0.46844298	0.25801975982491937	0.26645491776515506	0.009751816	0.7105205	0.19348245022512256	0.8127835613053938	degenerated	True	pain_ligand:VEGFA
Fibrochondrocyte_fibroid	NP_mature_chondrocyte	FGF2	CD44	0.59473825	1.0	0.19272609	-0.35084914955085855	-0.6504971758905389	0.0020241677	0.6115522	1.0	0.8138021341647905	degenerated	True	pain_ligand:FGF2
NP_stressed	Fibrochondrocyte_chondroid	FGF2	FGFR1	0.8512629	0.01	0.69024754	0.11093663628480553	0.39237815467575987	0.0133030135	0.7487076	0.2656303402238959	0.8144780970572084	degenerated	True	pain_ligand:FGF2
Macrophage_M2	AF_inner	FGF2	FGFRL1	0.5154665	0.75	0.19977443	-0.08570566554616907	-0.14223201843167566	0.0058011124	0.6158099	1.0	0.8146175149049311	degenerated	True	pain_ligand:FGF2
Fibrochondrocyte_stressed	EP_hyaline	VEGFA	ITGAV	0.8383033	0.0	0.46948022	0.15692259444676965	0.27473983585955575	0.008924763	0.71074796	0.27466584824828616	0.8148215576463119	degenerated	True	pain_ligand:VEGFA
AF_outer	Fibroblast_like	FGF2	FGFR1	0.8512232	0.0	0.62453467	0.11123966060468402	-0.10220495799853857	0.012036543	0.7391798	0.8127339743079752	0.8149161307566846	degenerated	True	pain_ligand:FGF2
AF_inner	NP_stressed	FGF2	FGFRL1	0.51529896	1.0	0.23712163	-0.12409936014527685	-0.2583526608834799	0.006885612	0.6358723	1.0	0.8151275731191141	degenerated	True	pain_ligand:FGF2
Fibrochondrocyte_stressed	Fibrochondrocyte_stressed	TNFSF13B	TFRC	0.6972363	0.0	0.4699881	0.9234041390154011	0.7353055858241113	0.04492225	0.71085906	0.009172997578608993	0.8152295202809815	degenerated	True	pain_ligand:TNF
Macrophage_M2	Fibrochondrocyte_fibroid	PGF	NRP2	0.5152806	0.01	0.25174013	0.607292647064539	0.5147543149928657	0.026580695	0.6427695	0.07186208532526663	0.8152295202809815	degenerated	True	pain_receptor:NRP2
Fibrochondrocyte_chondroid	Fibrochondrocyte_fibroid	SEMA3C	NRP2_PLXNA2	0.256122	0.41	0.0655967	0.2949582200853619	0.3407997291550399	0.026501974	0.47875506	0.28036341225984746	0.8155004137214155	degenerated	True	pain_receptor:NRP2
NP_mature_chondrocyte	AF_outer	TNFSF10	TNFRSF10B	0.26283547	0.0	0.06561707	0.07112147586334701	0.03530375795137447	0.008452564	0.4787938	0.3741358687847467	0.8158939802415806	degenerated	True	pain_ligand:TNF
NP_notochordal	Fibroblast_like	PTGS2	CAV1	1.0385333	0.46	0.48529366	0.01507913148199655	-0.4104153153180137	0.0035264865	0.71414137	1.0	0.8160116253414942	degenerated	True	pain_ligand:PTGS2
NP_stressed	NP_fibrocartilaginous	FGF2	SDC4	0.68603694	0.23	0.4702367	0.023619423534972532	-0.038619167998531934	0.011654226	0.7109134	0.605933680071204	0.8160458540201103	degenerated	True	pain_ligand:FGF2
NP_fibrocartilaginous	AF_outer	FGF2	SDC2	0.69944763	1.0	0.47059596	-0.13047558610865742	-0.3534612178425578	0.0073613585	0.71099186	1.0	0.8170671500073086	degenerated	True	pain_ligand:FGF2
Fibroblast_like	AF_inner	FGF2	FGFR1	0.6869045	1.0	0.47064677	-0.07308681257094903	-0.32938929275745754	0.009070689	0.711003	1.0	0.8172716015779591	degenerated	True	pain_ligand:FGF2
Fibrochondrocyte_fibroid	Fibrochondrocyte_chondroid	PGF	NRP2	0.51452297	0.0	0.23674771	0.545415537788662	0.7702039214942824	0.024997678	0.63568956	0.015267623538825359	0.8181914917066662	degenerated	True	pain_receptor:NRP2
Fibroblast_like	unassigned	VEGFA	CD44	0.51435673	1.0	0.21539292	-0.4688748989448157	-0.6028746724509887	0.0012614323	0.6246748	1.0	0.8188052855891124	degenerated	True	pain_ligand:VEGFA
AF_outer	NP_fibrocartilaginous	VEGFA	CD44	0.8479111	1.0	0.4715424	-0.14188286740011258	-0.549581317691939	0.002761552	0.7111983	1.0	0.8190098012427588	degenerated	True	pain_ligand:VEGFA
NP_stressed	Fibrochondrocyte_stressed	FGF2	SDC4	0.5142081	1.0	0.2414336	-0.1779704196546107	-0.3254832096944974	0.0059836293	0.637956	1.0	0.819624004260822	degenerated	True	pain_ligand:FGF2
NP_stressed	Macrophage_M2	NGF	MAGED1	0.6636877	0.02	0.19173816	0.3467165666061909	0.4561631978828111	0.024290208	0.6109415	0.1148521857494277	0.819624004260822	degenerated	True	pain_ligand:NGF
NP_stressed	NP_mature_chondrocyte	PDGFC	FLT1	0.279944	0.01	0.06592088	0.08472185766181872	0.14307123221817072	0.005995806	0.47937024	0.937899940111624	0.8202204176977719	degenerated	True	pain_receptor:FLT1
NP_stressed	AF_outer	FGF2	SDC1	0.38240343	0.32	0.06592575	0.059984521764214344	-0.013924048545195439	0.02363719	0.4793794	0.697357227608996	0.8204169232952245	degenerated	True	pain_ligand:FGF2
NP_mature_chondrocyte	Fibrochondrocyte_fibroid	SEMA3E	NRP2	0.51397693	0.13	0.25009057	0.1279444990520331	0.29465308385289024	0.018844996	0.6420144	0.49509893589204534	0.8206482828608792	degenerated	True	pain_receptor:NRP2
Fibrochondrocyte_fibroid	NP_fibrocartilaginous	FGF2	SDC2	0.59194905	1.0	0.19164662	-0.25636989682465294	-0.4673562449997584	0.0029978575	0.6108848	1.0	0.8206482828608792	degenerated	True	pain_ligand:FGF2
unassigned	AF_inner	VEGFA	CD44	0.8490804	1.0	0.5702536	-0.14098272133044812	0.12694002334250443	0.0033396468	0.7303201	1.0	0.8207267321117384	degenerated	True	pain_ligand:VEGFA
NP_mature_chondrocyte	AF_outer	FGF2	FGFR2	0.6282321	0.0	0.19153705	0.2959601380461165	0.5517648144199299	0.025694443	0.6108168	0.015267623538825359	0.8217759066720367	degenerated	True	pain_ligand:FGF2
AF_outer	EP_hyaline	FGF2	FGFRL1	0.70948255	0.0	0.47289425	0.14057599871926757	0.24207535238207933	0.013732051	0.7114922	0.12680737615991505	0.8217759066720367	degenerated	True	pain_ligand:FGF2
AF_inner	Macrophage_M2	FGF2	FGFR1	0.513662	0.95	0.23488273	-0.26717847919267373	-0.5066024340923867	0.004526852	0.63477325	1.0	0.8220836607581716	degenerated	True	pain_ligand:FGF2
NP_mature_chondrocyte	Fibroblast_like	TNFSF11	TNFRSF11B	0.5515022	0.03	0.19130728	0.1282511985697303	0.031376003697480837	0.022618175	0.61067414	0.38499976517699247	0.8229045629623943	degenerated	True	pain_ligand:TNF
Fibroblast_like	Fibrochondrocyte_stressed	SEMA3E	NRP2	0.27862892	1.0	0.06605484	-0.2143403706791208	-0.3669933434469627	0.0049774093	0.47962353	1.0	0.8231669241836916	degenerated	True	pain_receptor:NRP2
NP_fibrocartilaginous	NP_notochordal	VEGFA	SIRPA	0.51325047	1.0	0.24206686	-0.023467478870742464	-0.010388860808145384	0.0050392286	0.63825846	1.0	0.8233152189155781	degenerated	True	pain_ligand:VEGFA
NP_stressed	NP_mature_chondrocyte	FGF2	FGFRL1	0.68859804	0.0	0.47364694	0.10179750147967012	0.14320906655712273	0.013753909	0.7116554	0.20641233289375488	0.823623357171569	degenerated	True	pain_ligand:FGF2
EP_hyaline	AF_outer	VEGFA	ITGAV	0.84811795	0.0	0.58747095	0.19126475983631805	0.2638530541357951	0.0111677535	0.7332393	0.10462565704902715	0.8236912499077012	degenerated	True	pain_ligand:VEGFA
Fibrochondrocyte_chondroid	Fibrochondrocyte_fibroid	VEGFA	ITGAV	0.8479209	0.0	0.57449085	0.18778626800675954	0.48764298340724954	0.010921001	0.73104846	0.11551364408945476	0.8241306641276185	degenerated	True	pain_ligand:VEGFA
EP_hyaline	NP_stressed	VEGFA	SIRPA	0.6844942	0.0	0.19110683	0.07666851916496345	0.1012269858300508	0.0039783674	0.6105495	1.0	0.8246509643504241	degenerated	True	pain_ligand:VEGFA
NP_fibrocartilaginous	NP_mature_chondrocyte	ADAM17	IL6R	0.25723186	0.0	0.06610198	0.04016013587368658	-0.14236983846517315	0.00492518	0.47971255	1.0	0.8249335637110591	degenerated	True	pain_receptor:IL6R
unassigned	Fibrochondrocyte_chondroid	VEGFA	ITGB1	0.7448963	1.0	0.4742167	-0.3634078226774211	0.08301670354048807	0.0026884966	0.7117787	1.0	0.8252677572183509	degenerated	True	pain_ligand:VEGFA
Fibrochondrocyte_chondroid	Fibrochondrocyte_stressed	VEGFA	NRP2	0.80713034	0.08	0.4743071	0.040417889155873604	0.2545247882928665	0.0058233547	0.71179825	1.0	0.8253707750216879	degenerated	True	pain_ligand:VEGFA; pain_receptor:NRP2
Fibrochondrocyte_stressed	NP_mature_chondrocyte	TNFSF10	TNFRSF10B	0.2614635	0.06	0.06615614	0.058897814495733516	0.041465322153065864	0.008522006	0.47981483	0.39504693376198824	0.8259146109637668	degenerated	True	pain_ligand:TNF
Macrophage_M2	Fibrochondrocyte_chondroid	PTGS2	CAV1	0.51253176	1.0	0.2624004	-0.48640990517537575	-0.7869932258626914	0.0019067865	0.6475169	1.0	0.8259879267114822	degenerated	True	pain_ligand:PTGS2
NP_notochordal	NP_stressed	VEGFA	ITGB1	0.72975814	1.0	0.47479767	-0.3774683187182625	-0.556410518511303	0.0026917907	0.7119043	1.0	0.8262967314333196	degenerated	True	pain_ligand:VEGFA
AF_outer	AF_inner	PIGF	FLT1	0.28548098	0.0	0.06615693	0.1667053344880386	0.13689955732400003	0.008438803	0.47981626	0.33869369305511854	0.8263069797075878	degenerated	True	pain_receptor:FLT1
EP_hyaline	Fibroblast_like	VEGFA	SIRPA	0.801664	0.0	0.47494033	0.26610742666002685	0.26742741793179303	0.009887074	0.7119351	0.18163705448523504	0.82650271971068	degenerated	True	pain_ligand:VEGFA
Fibrochondrocyte_chondroid	EP_hyaline	PTGS2	CAV1	0.6897358	1.0	0.47525957	-0.3258911950746941	-0.39618820806127353	0.0034535716	0.712004	1.0	0.8271204354580595	degenerated	True	pain_ligand:PTGS2
NP_mature_chondrocyte	NP_fibrocartilaginous	NGF	MAGED1	0.5121215	0.0	0.22449966	0.22873400372016547	0.40497178081739305	0.028440574	0.62951654	0.03951640263338506	0.8272236073798868	degenerated	True	pain_ligand:NGF
NP_fibrocartilaginous	AF_outer	VEGFA	SIRPA	0.51209444	1.0	0.24054231	-0.02533638804188558	-0.232878951158088	0.0050074914	0.6375288	1.0	0.8274295223651289	degenerated	True	pain_ligand:VEGFA
NP_notochordal	NP_mature_chondrocyte	VEGFA	ITGB1	0.84693396	1.0	0.5895005	-0.2659361266756876	-0.4856060908136731	0.0033420802	0.7335764	1.0	0.8279786196017709	degenerated	True	pain_ligand:VEGFA
EP_hyaline	AF_outer	VEGFA	NRP2	0.84673405	0.0	0.58411866	0.08784124710485249	0.06820140033540156	0.0071715773	0.7326792	0.577362524579243	0.8285286295010055	degenerated	True	pain_ligand:VEGFA; pain_receptor:NRP2
Fibrochondrocyte_stressed	Fibroblast_like	TNFSF10	TNFRSF11B	0.5509573	0.57	0.1903401	0.007397151046063751	-0.2094474241958244	0.0085001625	0.6100714	1.0	0.8298015953932324	degenerated	True	pain_ligand:TNF
Fibrochondrocyte_chondroid	Fibrochondrocyte_chondroid	VEGFA	ITGAV	0.84623075	0.0	0.57033974	0.1854909864331889	0.759774207811452	0.0108420905	0.7303349	0.1195010037021719	0.8301796303472523	degenerated	True	pain_ligand:VEGFA
NP_fibrocartilaginous	NP_fibrocartilaginous	FGF2	SDC1	0.34042913	1.0	0.06637548	0.03691557993447815	-0.07688360945133098	0.023798438	0.48022783	1.0	0.8308154765293181	degenerated	True	pain_ligand:FGF2
Fibrochondrocyte_chondroid	Fibrochondrocyte_fibroid	PDGFC	FLT1	0.94317734	0.0	0.47908527	1.2950646902260248	1.3459511729436524	0.043574996	0.7128253	0.0007957091754535301	0.8310604386954644	degenerated	True	pain_receptor:FLT1
Macrophage_M2	AF_inner	ADAM17	IL6R	0.26149845	0.36	0.06639839	0.0533603551498391	-0.14928571570514315	0.0049472656	0.4802709	1.0	0.831207255376808	degenerated	True	pain_receptor:IL6R
Fibrochondrocyte_chondroid	NP_mature_chondrocyte	FGF2	CD44	0.8456682	1.0	0.6925639	-0.07117341468007549	0.17104032756054288	0.0072738747	0.74902266	1.0	0.8313908691254629	degenerated	True	pain_ligand:FGF2
Fibroblast_like	EP_hyaline	FGF2	FGFR1	0.69162965	1.0	0.47681206	-0.06779529535274305	-0.16674889266086446	0.009189512	0.71233827	1.0	0.8316610503679125	degenerated	True	pain_ligand:FGF2
Fibrochondrocyte_fibroid	Macrophage_M2	FGF2	FGFR1	0.26848704	1.0	0.0664631	-0.540439960545561	-0.9217225718843615	0.0012809312	0.48039246	1.0	0.8327737370754562	degenerated	True	pain_ligand:FGF2
AF_outer	Macrophage_M2	VEGFA	CD44	0.85739666	0.81	0.47819188	-0.13257991644200112	-0.5362974831562893	0.0028004944	0.7126342	1.0	0.8329331952076712	degenerated	True	pain_ligand:VEGFA
Macrophage_M2	Fibrochondrocyte_stressed	ADAM10	IL6R	0.7003129	0.0	0.47716913	0.6830861648447271	0.7512681181239871	0.027891457	0.7124149	0.011949590536970135	0.8331092374333955	degenerated	True	pain_receptor:IL6R
Fibrochondrocyte_fibroid	AF_inner	TNFSF10	TNFRSF10B	0.526986	0.0	0.18979585	0.5486418119767663	0.5336172438570287	0.024448844	0.60973084	0.015267623538825359	0.8333161279360382	degenerated	True	pain_ligand:TNF
Fibrochondrocyte_chondroid	Fibrochondrocyte_chondroid	ADAM17	IL6R	0.26524684	0.16	0.06658668	0.062432187110097015	0.3706500847754612	0.004961295	0.48062435	1.0	0.8335567219715225	degenerated	True	pain_receptor:IL6R
Fibroblast_like	Fibrochondrocyte_chondroid	FGF2	FGFR1	0.84456575	0.0	0.676361	0.10347241255199038	0.24760453085558531	0.013035381	0.746791	0.20181770774909236	0.8339250894752874	degenerated	True	pain_ligand:FGF2
AF_inner	Fibrochondrocyte_stressed	SEMA3A	NRP2	0.2793748	1.0	0.066631034	-0.27693339259810634	-0.44609475240262597	0.002524284	0.4807075	1.0	0.8347308726570808	degenerated	True	pain_ligand:SEMA3A; pain_receptor:NRP2
Fibrochondrocyte_fibroid	Fibrochondrocyte_chondroid	FGF2	SDC2	0.58646864	1.0	0.18952565	-0.26204678841669	-0.22443680378909342	0.0029646799	0.6095613	1.0	0.8349217198198808	degenerated	True	pain_ligand:FGF2
NP_mature_chondrocyte	NP_fibrocartilaginous	VEGFA	GPC1	0.7974102	0.0	0.4780743	0.2593763390826964	0.4317814991933144	0.014578668	0.71260905	0.026074160717200784	0.8349736285582612	degenerated	True	pain_ligand:VEGFA
Fibrochondrocyte_stressed	NP_notochordal	VEGFA	SIRPA	0.84419435	0.0	0.4850477	0.2996140789404974	0.5552292218912637	0.010097484	0.7140896	0.16565197993995043	0.8354685876392374	degenerated	True	pain_ligand:VEGFA
NP_fibrocartilaginous	Fibrochondrocyte_chondroid	VEGFA	ITGB1	0.8441453	1.0	0.67844975	-0.26651639612198225	-0.27164692028550275	0.0038463636	0.74708235	1.0	0.8356892731487553	degenerated	True	pain_ligand:VEGFA
NP_stressed	unassigned	ADAM17	IL6R	0.5303651	0.0	0.18947484	0.4438621936356445	1.0544259141321133	0.014117546	0.6095294	0.03137479149884345	0.8359067518567964	degenerated	True	pain_receptor:IL6R
EP_hyaline	NP_mature_chondrocyte	FGF2	SDC4	0.8437401	0.0	0.71074396	0.20242365975196627	0.45309238303493937	0.017614897	0.75145036	0.05664144685339737	0.837123389083755	degenerated	True	pain_ligand:FGF2
NP_stressed	Macrophage_M2	NGF	SORT1	0.28496164	0.17	0.06679941	0.16392466945196224	0.20164656250349838	0.016249498	0.48102248	0.5432390324553537	0.8378597411630793	degenerated	True	pain_ligand:NGF
Fibrochondrocyte_fibroid	NP_mature_chondrocyte	FGF2	FGFR1	0.5855422	0.99	0.1891671	-0.18538113561222036	-0.3190806589938983	0.003645783	0.60933596	1.0	0.8386066263260836	degenerated	True	pain_ligand:FGF2
Fibrochondrocyte_stressed	AF_outer	VEGFA	SIRPA	0.8430383	0.0	0.48199284	0.29774516976935433	0.33273913154132106	0.01003389	0.7134442	0.17087149584943284	0.8386686326113926	degenerated	True	pain_ligand:VEGFA
AF_outer	NP_notochordal	ADAM17	IL6R	0.5090624	0.0	0.2069434	0.4207756386323018	0.6821964457069114	0.015419109	0.61997193	0.018207877112812954	0.8390224892623004	degenerated	True	pain_receptor:IL6R
Fibroblast_like	unassigned	FGF2	CD44	0.6942465	1.0	0.4802265	-0.2225515418806603	-0.11448135386954461	0.005043733	0.7130688	1.0	0.8391266485501454	degenerated	True	pain_ligand:FGF2
NP_mature_chondrocyte	NP_mature_chondrocyte	GRN	TNFRSF1A	0.50901586	1.0	0.2550197	-0.2452796023769636	-0.6715736956971301	0.0027174558	0.64425415	1.0	0.8391266485501454	degenerated	True	pain_receptor:TNFRSF1A
Fibroblast_like	AF_inner	NGF	MAGED1	0.26402593	1.0	0.066851355	-0.1214248747180593	-0.3134597581130027	0.008469014	0.48111954	1.0	0.8392277098107918	degenerated	True	pain_ligand:NGF
Fibrochondrocyte_chondroid	NP_fibrocartilaginous	FGF2	SDC2	0.842879	0.3	0.6886848	0.02330583804613014	0.3541812584513234	0.010772843	0.7484943	0.6794968525083266	0.839331066794972	degenerated	True	pain_ligand:FGF2
NP_stressed	AF_inner	FGF2	FGFR1	0.6936017	0.99	0.4803097	-0.06562258883813388	-0.18461566893728298	0.009256922	0.7130865	1.0	0.8394387191514896	degenerated	True	pain_ligand:FGF2
Fibrochondrocyte_fibroid	EP_hyaline	TNFSF10	TNFRSF10B	0.526388	0.0	0.188811	0.5476666844445172	0.6619991730447021	0.024321979	0.60911167	0.015267623538825359	0.8402711325708456	degenerated	True	pain_ligand:TNF
Fibrochondrocyte_chondroid	Fibrochondrocyte_stressed	VEGFA	ITGAV	0.84243333	0.0	0.56101304	0.1803339670732723	0.5226124305346673	0.010664791	0.72870815	0.12886585564001055	0.8409878395824864	degenerated	True	pain_ligand:VEGFA
AF_outer	Fibrochondrocyte_chondroid	FGF2	CD44	0.7170395	1.0	0.48097903	-0.20805927143635702	-0.05754107949718956	0.0050516366	0.71322894	1.0	0.8411040961063274	degenerated	True	pain_ligand:FGF2
Fibrochondrocyte_fibroid	NP_mature_chondrocyte	PTGS2	CAV1	0.8244512	1.0	0.48118168	-0.18954833176397878	-0.6933009932861338	0.003496606	0.713272	1.0	0.8417292948356581	degenerated	True	pain_ligand:PTGS2
NP_mature_chondrocyte	NP_stressed	VEGFA	SIRPA	0.67620933	0.0	0.18849242	0.06858085232985597	0.10025448566341283	0.0039239423	0.60891056	1.0	0.8417292948356581	degenerated	True	pain_ligand:VEGFA
AF_inner	NP_mature_chondrocyte	ADAM17	IL6R	0.25916806	0.03	0.06706657	0.04371412811857456	-0.1392453976861332	0.0049970513	0.48152068	1.0	0.8421571125995733	degenerated	True	pain_receptor:IL6R
NP_stressed	NP_fibrocartilaginous	TNFSF11	TNFRSF11B	0.52188957	0.26	0.18830608	0.1133787183977056	-0.02127796218125083	0.022263343	0.60879284	0.6381707194824097	0.8424590081460321	degenerated	True	pain_ligand:TNF
Fibrochondrocyte_fibroid	EP_hyaline	PIGF	FLT1	0.26051039	0.04	0.06707982	0.11253765396079574	0.2282320189746067	0.008556525	0.4815454	0.3584695918733907	0.8425474707716737	degenerated	True	pain_receptor:FLT1
EP_hyaline	Fibrochondrocyte_chondroid	SEMA3A	NRP2	0.50817	0.34	0.22808462	0.015622836415841522	0.3453684497912997	0.008640873	0.6313621	0.7190039057413671	0.8425632215875307	degenerated	True	pain_ligand:SEMA3A; pain_receptor:NRP2
Fibrochondrocyte_chondroid	Fibroblast_like	VEGFA	SIRPA	0.8100734	0.0	0.48153535	0.27431667696306183	0.44121828952174624	0.010024366	0.71334714	0.17144086366337186	0.8425632215875307	degenerated	True	pain_ligand:VEGFA
NP_mature_chondrocyte	AF_outer	FGF2	SDC4	0.84202397	0.0	0.65287477	0.19450939787698637	0.3552888759424716	0.016180681	0.743435	0.06330486903072496	0.8427561050161705	degenerated	True	pain_ligand:FGF2
Fibrochondrocyte_fibroid	NP_stressed	FGF2	FGFRL1	0.270124	1.0	0.06709662	-0.3973608414981641	-0.6734727986754547	0.0019483727	0.48157665	1.0	0.8431329735693264	degenerated	True	pain_ligand:FGF2
Fibrochondrocyte_chondroid	NP_stressed	SEMA3A	NRP2	0.82688534	0.0	0.48192453	0.3922237619862646	0.6794766951433113	0.018257473	0.7134297	0.015267623538825359	0.8436065194777866	degenerated	True	pain_ligand:SEMA3A; pain_receptor:NRP2
EP_hyaline	unassigned	ADAM17	IL6R	0.5295114	0.0	0.18805192	0.44229510951426715	1.1809585585242055	0.014011528	0.60863197	0.032658712895661975	0.8443373171663211	degenerated	True	pain_receptor:IL6R
NP_fibrocartilaginous	EP_hyaline	FGF2	CD44	0.7097503	1.0	0.48219582	-0.21333216627708945	-0.32707731696154774	0.005064416	0.7134872	1.0	0.8444416854468841	degenerated	True	pain_ligand:FGF2
NP_stressed	Fibrochondrocyte_chondroid	PDGFC	FLT1	0.28367496	0.05	0.06717728	0.09161735572681698	0.3600358266482957	0.006110081	0.48172662	0.8941162523842936	0.8444986630644049	degenerated	True	pain_receptor:FLT1
Fibroblast_like	Fibrochondrocyte_stressed	FGF2	SDC4	0.5075109	1.0	0.23657641	-0.18543464338742585	-0.47025683351467196	0.0058632493	0.63560575	1.0	0.8449638863587892	degenerated	True	pain_ligand:FGF2
NP_fibrocartilaginous	NP_fibrocartilaginous	FGF2	SDC3	0.3411631	1.0	0.06720185	-0.006170157393215053	-0.1180299921149368	0.0068506678	0.48177224	1.0	0.8450838127751088	degenerated	True	pain_ligand:FGF2
AF_outer	NP_fibrocartilaginous	FGF2	FGFR1	0.7185472	1.0	0.48259202	-0.037339141000669304	-0.13458508034027028	0.009300908	0.7135712	1.0	0.8452774024407435	degenerated	True	pain_ligand:FGF2
NP_fibrocartilaginous	EP_hyaline	VEGFA	ITGAV	0.5073594	1.0	0.23429778	-0.16615896336447025	-0.2908782468398533	0.004453973	0.6344842	1.0	0.845486533104649	degenerated	True	pain_ligand:VEGFA
AF_inner	Macrophage_M2	PTGS2	CAV1	0.7936286	0.94	0.48272815	-0.24154597634829159	-0.6682373407072033	0.0035078435	0.71360004	1.0	0.8458001784474656	degenerated	True	pain_ligand:PTGS2
Macrophage_M2	Fibrochondrocyte_chondroid	TNFSF12	TNFRSF12A	0.8408296	0.14	0.653145	0.32235369145084386	0.6400212702634157	0.019884927	0.7434744	0.1478626931458182	0.846295672538105	degenerated	True	pain_ligand:TNF
AF_inner	NP_fibrocartilaginous	FGF2	SDC4	0.695071	0.07	0.48299783	0.033688432394011016	-0.019985478898882247	0.011970495	0.7136571	0.5320912471940326	0.8463229392110274	degenerated	True	pain_ligand:FGF2
Fibroblast_like	unassigned	ANGPT1	ITGA5	0.26205516	0.35	0.067296974	0.053399657887674035	0.28679279938111457	0.013248776	0.48194888	0.7298750237009349	0.8470334752984056	degenerated	True	pain_ligand:ANGPT1
NP_stressed	Fibrochondrocyte_fibroid	SEMA3A	NRP2	0.5069407	0.45	0.24118777	0.022113528024367442	0.06332481132584505	0.009137279	0.63783836	0.8292073995345174	0.847369337786499	degenerated	True	pain_ligand:SEMA3A; pain_receptor:NRP2
AF_inner	AF_inner	GRN	TNFRSF1A	0.5066198	1.0	0.25345656	-0.23737655730800616	-0.48808625736686273	0.0027007994	0.64354926	1.0	0.8493597087169991	degenerated	True	pain_receptor:TNFRSF1A
AF_inner	NP_mature_chondrocyte	FGF2	CD44	0.8399132	1.0	0.6811002	-0.07758766819797132	-0.23537703809856414	0.007153474	0.7474506	1.0	0.8496176923979206	degenerated	True	pain_ligand:FGF2
NP_mature_chondrocyte	AF_outer	VEGFA	ITGAV	0.8398331	0.0	0.57943416	0.18317709300121057	0.2628805539691571	0.011014975	0.73188984	0.11112599555665201	0.8498392695456083	degenerated	True	pain_ligand:VEGFA
NP_mature_chondrocyte	Fibroblast_like	PDGFA	PDGFRA	0.6098203	0.0	0.18712094	0.3500268536106456	0.30192798608170224	0.022581963	0.60804075	0.03843056669330853	0.8498839349869844	degenerated	True	pain_ligand:PDGFA
Macrophage_M2	Fibroblast_like	TNFSF10	RIPK1	0.25988007	0.18	0.06742213	0.14835183235204857	0.17107521478592586	0.013434728	0.48218077	0.554541636202436	0.849955817281323	degenerated	True	pain_ligand:TNF
EP_hyaline	Fibrochondrocyte_fibroid	VEGFA	ITGAV	0.8395115	0.0	0.56662273	0.17957701770372456	0.31385211181729633	0.01077143	0.72969055	0.12295479461016179	0.8500608623404388	degenerated	True	pain_ligand:VEGFA
EP_hyaline	NP_fibrocartilaginous	VEGFA	GPC1	0.80569506	0.0	0.48470524	0.2674640059178039	0.43275399935995235	0.014780875	0.7140175	0.024071824084553804	0.8503037490362173	degenerated	True	pain_ligand:VEGFA
Fibroblast_like	Fibroblast_like	SLIT3	ROBO2	0.2599699	0.0	0.067513	0.9325636488811699	0.5371809335401709	0.3385234	0.48234892	0.003457123363320905	0.851123981020282	degenerated	True	pain_receptor:ROBO2
NP_stressed	NP_stressed	FGF2	FGFRL1	0.5062649	1.0	0.2308567	-0.13416836900431534	-0.2769863499831296	0.006703689	0.6327668	1.0	0.8511433285961774	degenerated	True	pain_ligand:FGF2
Fibrochondrocyte_fibroid	Fibrochondrocyte_fibroid	ADAM17	IL6R	0.2898408	0.13	0.06752161	0.11466265779498397	-0.02281401765563107	0.005030956	0.4823649	1.0	0.8513186248836841	degenerated	True	pain_receptor:IL6R
NP_fibrocartilaginous	NP_mature_chondrocyte	PTGS2	CAV1	0.8389463	1.0	0.51800007	-0.17674429485903484	-0.7197615026709906	0.0037641542	0.7207518	1.0	0.8513908696618184	degenerated	True	pain_ligand:PTGS2
NP_fibrocartilaginous	NP_mature_chondrocyte	GRN	TNFRSF1A	0.76755524	0.0	0.4852029	0.024343949682488958	-0.13389682942781178	0.0051702578	0.71412224	1.0	0.8514583712766913	degenerated	True	pain_receptor:TNFRSF1A
NP_fibrocartilaginous	unassigned	VEGFA	CD44	0.6977489	1.0	0.48538274	-0.28983926788680825	-0.1671298404227195	0.0028426072	0.7141601	1.0	0.8518784718484831	degenerated	True	pain_ligand:VEGFA
NP_stressed	Fibrochondrocyte_fibroid	NGF	KIDINS220	0.28765357	0.42	0.067687444	0.013759710899485838	0.04874067665780024	0.009497117	0.48267114	0.8004707411357733	0.8522917752197035	degenerated	True	pain_ligand:NGF
NP_mature_chondrocyte	AF_outer	VEGFA	NRP2	0.83844924	0.0	0.5761277	0.07975358026974501	0.0672289001687636	0.007073468	0.73132807	0.60371674318623	0.8526104857742443	degenerated	True	pain_ligand:VEGFA; pain_receptor:NRP2
AF_inner	AF_outer	FGF2	SDC1	0.3914374	0.12	0.06771482	0.07005353062325283	0.0047096405544542475	0.02427865	0.4827216	0.4835940471873938	0.8528754599756317	degenerated	True	pain_ligand:FGF2
Fibrochondrocyte_chondroid	AF_outer	VEGFA	GPC1	0.8383168	0.0	0.55090255	0.31603638745379975	0.6662116076513316	0.016799532	0.72690684	0.015267623538825359	0.8530540771804479	degenerated	True	pain_ligand:VEGFA
Fibrochondrocyte_stressed	AF_inner	TNFSF13B	CD40	0.50586396	0.0	0.25176537	1.098609392807867	0.8592839136493071	0.054469433	0.642781	0.003082530425618683	0.8533500280144297	degenerated	True	pain_ligand:TNF
EP_hyaline	Macrophage_M2	PTGS2	CAV1	0.7975334	0.93	0.48593065	-0.23809647411050425	-0.5059350463321224	0.0035311151	0.71427524	1.0	0.8534551376702538	degenerated	True	pain_ligand:PTGS2
Fibrochondrocyte_stressed	Macrophage_M2	TNFSF13B	TFRC	0.5057926	0.08	0.25168404	0.6968411670282325	0.5104735174978366	0.024056382	0.64274395	0.07402850581769707	0.8540864411716003	degenerated	True	pain_ligand:TNF
AF_inner	NP_mature_chondrocyte	FGF2	FGFRL1	0.697632	0.0	0.48650065	0.1118665103387086	0.16184275565677242	0.014127159	0.7143948	0.18197747759346822	0.8541916112882856	degenerated	True	pain_ligand:FGF2
NP_stressed	NP_stressed	SEMA3A	NRP2	0.8286808	0.0	0.48650706	0.39491265699009537	0.4810791496647168	0.018431079	0.7143962	0.015267623538825359	0.8542967900382105	degenerated	True	pain_ligand:SEMA3A; pain_receptor:NRP2
EP_hyaline	Fibrochondrocyte_chondroid	VEGFA	ITGAV	0.83782136	0.0	0.5625285	0.1772817361301539	0.5859833362214988	0.0106935995	0.7289748	0.12700235190891648	0.8546072595000569	degenerated	True	pain_ligand:VEGFA
Macrophage_M2	Macrophage_M2	FGF2	SDC3	0.5057147	0.21	0.19472894	0.8246625552110798	0.8673829160791964	0.019850988	0.61277944	0.07232505733429682	0.8546126103403675	degenerated	True	pain_ligand:FGF2
NP_stressed	EP_hyaline	FGF2	FGFR1	0.6983268	0.98	0.4866016	-0.060331071619927894	-0.0219752688406899	0.009378185	0.714416	1.0	0.8546126103403675	degenerated	True	pain_ligand:FGF2
Fibroblast_like	EP_hyaline	ANGPT1	ITGA5	0.26320654	0.33	0.06781502	0.05500360710137836	0.04157157694445457	0.013350763	0.48290622	0.708390852304972	0.8550148934851093	degenerated	True	pain_ligand:ANGPT1
Fibroblast_like	NP_fibrocartilaginous	TNFSF12	TNFRSF12A	0.83766377	0.0	0.5269822	0.2271650205087924	0.1584998094331428	0.016043914	0.7224786	0.14780966700074474	0.8553841360992636	degenerated	True	pain_ligand:TNF
Fibrochondrocyte_chondroid	NP_fibrocartilaginous	SEMA3E	NRP2	0.50544274	0.0	0.21403675	0.08907005030570533	0.3185549676085111	0.016128244	0.6239341	0.23829652223268763	0.8559819869334662	degenerated	True	pain_receptor:NRP2
NP_notochordal	NP_mature_chondrocyte	VEGFA	CD44	0.74270904	1.0	0.4874753	-0.24536554588047535	-0.37993093388622345	0.002854862	0.71459895	1.0	0.8561926469022285	degenerated	True	pain_ligand:VEGFA
Fibrochondrocyte_chondroid	Fibrochondrocyte_chondroid	FGF2	SDC2	0.8373986	0.42	0.68106306	0.01762894645409307	0.5971006996619884	0.010653618	0.7474454	0.8004707411357733	0.8562721576874301	degenerated	True	pain_ligand:FGF2
Macrophage_M2	unassigned	ADAM10	IL6R	0.70924604	0.0	0.487623	0.6964973960502621	1.364783105671395	0.028502507	0.7146298	0.010506424364427128	0.8566143031342115	degenerated	True	pain_receptor:IL6R
AF_inner	NP_fibrocartilaginous	FGF2	SDC2	0.837124	0.17	0.6772854	0.016891584528234305	-0.0522361072077836	0.010594525	0.74692005	0.6360637988871454	0.8567163838850611	degenerated	True	pain_ligand:FGF2
Fibrochondrocyte_chondroid	Fibrochondrocyte_fibroid	SEMA3A	NRP2	0.5051452	0.44	0.23891596	0.01942463302053666	0.2617223568044396	0.009051213	0.63674456	0.8190630261993896	0.85682529947945	degenerated	True	pain_ligand:SEMA3A; pain_receptor:NRP2
Fibrochondrocyte_stressed	Fibroblast_like	TNFSF13B	HLA-DPB1	0.5051433	0.0	0.25094363	0.941937962333891	0.6238021543260915	0.022936357	0.64240557	0.015267623538825359	0.8569306943090698	degenerated	True	pain_ligand:TNF
Macrophage_M2	NP_stressed	PGF	NRP2	0.83702075	0.0	0.50779253	0.980091776030267	0.9325086533317375	0.053616717	0.7187446	0.0015363448816585455	0.8572715393116365	degenerated	True	pain_receptor:NRP2
NP_stressed	AF_outer	CXCL8	SDC3	0.30824983	0.07	0.06789181	0.11374444176263711	-0.3686902114461752	0.004550051	0.48304752	1.0	0.8573471849656222	degenerated	True	pain_ligand:CXCL8
NP_fibrocartilaginous	AF_inner	VEGFA	ITGAV	0.50489503	1.0	0.23104781	-0.16950559200774712	-0.42530810622078496	0.0043921913	0.6328629	1.0	0.8576691657307012	degenerated	True	pain_ligand:VEGFA
Fibroblast_like	Fibroblast_like	SEMA3A	NRP2	0.8368951	0.0	0.6154637	0.5310200614022172	0.33950542156767527	0.023316538	0.7377669	0.0253286023336139	0.8577159047321294	degenerated	True	pain_ligand:SEMA3A; pain_receptor:NRP2
Fibrochondrocyte_chondroid	NP_mature_chondrocyte	FGF2	FGFR1	0.83647215	0.01	0.67977464	0.0942945992585627	0.5024568444571835	0.013101173	0.74726665	0.2656303402238959	0.8582712339763654	degenerated	True	pain_ligand:FGF2
unassigned	Fibrochondrocyte_chondroid	ADAM10	IL6R	0.26856762	0.37	0.067940585	0.01822777645557245	0.3914795428782089	0.0039712586	0.4831372	1.0	0.8585126696698726	degenerated	True	pain_receptor:IL6R
AF_outer	NP_mature_chondrocyte	ANGPT1	ITGA5	0.26599982	0.14	0.06796001	0.05321253546836343	-0.038710858126374176	0.013379307	0.48317286	0.5920781696712658	0.8589010527798886	degenerated	True	pain_ligand:ANGPT1
NP_stressed	Macrophage_M2	FGF2	FGFR1	0.504628	0.94	0.22867696	-0.27724748805171223	-0.5252361231920364	0.0044072494	0.6316639	1.0	0.858936003702461	degenerated	True	pain_ligand:FGF2
NP_notochordal	Macrophage_M2	CXCL8	SDC3	0.83621764	0.0	0.69229037	1.2766157285979682	1.2928252392739408	0.046396706	0.74898547	0.0005137439532262394	0.8590490039824219	degenerated	True	pain_ligand:CXCL8
Macrophage_M2	Fibroblast_like	FGF2	FGFRL1	0.50449234	0.8	0.1940965	-0.0999076442067015	-0.26651812163209043	0.0056362357	0.61239344	1.0	0.859252966265506	degenerated	True	pain_ligand:FGF2
Macrophage_M2	Fibroblast_like	FGF2	SDC4	0.50428706	0.86	0.19399029	-0.17767259201276434	-0.4039879871305593	0.004807806	0.61232847	1.0	0.8598871253019875	degenerated	True	pain_ligand:FGF2
Macrophage_M2	Macrophage_M2	TNFSF10	TNFRSF11B	0.26100844	0.94	0.067984365	-0.24906376327853547	-0.39111578036452044	0.0030360294	0.48321763	1.0	0.8600660274187557	degenerated	True	pain_ligand:TNF
Fibroblast_like	Fibroblast_like	FGF2	SDC4	0.7011359	0.05	0.48921567	0.041726757771698125	-0.2976395977655987	0.012124596	0.71496224	1.0	0.8600986587121073	degenerated	True	pain_ligand:FGF2
NP_stressed	Fibrochondrocyte_stressed	ADAM17	IL6R	0.521432	0.0	0.1854128	0.43045096243010955	0.44091092658470526	0.013814888	0.60694736	0.0351826817851694	0.8602043217945997	degenerated	True	pain_receptor:IL6R
Fibroblast_like	Fibroblast_like	FGF2	FGFRL1	0.70134115	0.0	0.48948357	0.11949170557776097	-0.16016973226712983	0.014213777	0.71501803	0.9739061978682929	0.8605215962829108	degenerated	True	pain_ligand:FGF2
Macrophage_M2	NP_fibrocartilaginous	TNFSF10	TNFRSF10B	0.26104444	0.3	0.0680023	0.06144119647827387	0.07292837603585517	0.00875982	0.48325056	0.6794968525083266	0.8606483562386067	degenerated	True	pain_ligand:TNF
NP_notochordal	AF_inner	VEGFA	ITGB1	0.7449219	1.0	0.4896415	-0.3630349444334158	-0.5617025536268035	0.0027759452	0.7150509	1.0	0.8610504048370233	degenerated	True	pain_ligand:VEGFA
NP_mature_chondrocyte	NP_stressed	SEMA3E	NRP2	0.835717	0.0	0.50446516	0.5007436280177611	0.712407422191762	0.038012803	0.7180796	0.015267623538825359	0.861272313698465	degenerated	True	pain_receptor:NRP2
NP_mature_chondrocyte	AF_inner	IL11	IL6R	0.26530653	0.0	0.06805085	0.12783603054649617	0.18756599912370803	0.009651738	0.48333964	0.20062386302719626	0.8614245589700263	degenerated	True	pain_receptor:IL6R
AF_inner	NP_fibrocartilaginous	VEGFB	ADRB2	0.27716443	1.0	0.06807694	-0.15739074761809413	-0.3270801018289468	0.0051097	0.48338753	1.0	0.8618126434235573	degenerated	True	pain_ligand:VEGFB
NP_mature_chondrocyte	Fibrochondrocyte_chondroid	FGF2	SDC4	0.8354875	0.0	0.6387697	0.18684063321926825	0.5927331531284565	0.015831104	0.7413464	0.0699349091357864	0.8619395327424123	degenerated	True	pain_ligand:FGF2
NP_stressed	unassigned	FGF2	CD44	0.7009437	1.0	0.4900861	-0.21508731814784512	0.030292269950629946	0.0051472867	0.7151433	1.0	0.8621089053899307	degenerated	True	pain_ligand:FGF2
NP_mature_chondrocyte	Fibrochondrocyte_chondroid	PTGS2	CAV1	0.83516645	1.0	0.6040805	-0.2014124915199565	-0.35236589674946406	0.004389676	0.7359571	1.0	0.8628293728347357	degenerated	True	pain_ligand:PTGS2
AF_inner	NP_notochordal	ADAM17	IL6R	0.5033907	0.0	0.19857724	0.4103651424097029	0.6458310853415286	0.014795756	0.6150986	0.023866998278511967	0.8628503483245173	degenerated	True	pain_receptor:IL6R
unassigned	Fibroblast_like	VEGFA	NRP2	0.5031841	1.0	0.2514063	-0.24178146940488562	-0.1511440606572101	0.0030866673	0.64261717	1.0	0.8640162982125059	degenerated	True	pain_ligand:VEGFA; pain_receptor:NRP2
Fibrochondrocyte_chondroid	Fibroblast_like	VEGFA	ITGAV	0.83475006	0.0	0.54214245	0.16989986464321508	0.3306417058575508	0.010306063	0.72531295	0.15111603765390738	0.8641647150775136	degenerated	True	pain_ligand:VEGFA
Fibroblast_like	Macrophage_M2	FGF2	SDC3	0.7025635	0.0	0.49107847	1.0440619049955422	0.973731305444157	0.05006134	0.7153493	0.001095100597530844	0.8644405189894879	degenerated	True	pain_ligand:FGF2
Fibrochondrocyte_chondroid	NP_fibrocartilaginous	FGF2	SDC4	0.700826	0.19	0.49112725	0.04010268591190685	0.3864318867602248	0.012171973	0.71535945	0.5658470872842354	0.8646527984722023	degenerated	True	pain_ligand:FGF2
NP_fibrocartilaginous	AF_inner	FGF2	SDC4	0.71773267	0.0	0.49118322	0.0638207112673015	-0.027095537437523243	0.01217336	0.7153711	0.5554121041327699	0.8650772275488059	degenerated	True	pain_ligand:FGF2
Fibrochondrocyte_chondroid	NP_fibrocartilaginous	VEGFA	GPC1	0.81410444	0.0	0.49143583	0.2756732562208389	0.6065448709499055	0.014986122	0.7154234	0.021968250785775318	0.865607900622845	degenerated	True	pain_ligand:VEGFA
AF_outer	AF_outer	FGF2	FGFR1	0.7268429	1.0	0.49146706	-0.028049868963111985	-0.12670033311239626	0.009471955	0.71542984	1.0	0.865714014422527	degenerated	True	pain_ligand:FGF2
EP_hyaline	Fibrochondrocyte_stressed	VEGFA	ITGAV	0.83402395	0.0	0.5533295	0.1721247167702373	0.3488215589447141	0.010518729	0.7273429	0.13786935709305667	0.8661686982819923	degenerated	True	pain_ligand:VEGFA
Macrophage_M2	AF_outer	TNFSF10	TNFRSF11B	0.5028242	0.67	0.1884725	-0.022462224741983484	0.022080667695649425	0.008416759	0.608898	1.0	0.8665639402664238	degenerated	True	pain_ligand:TNF
unassigned	NP_mature_chondrocyte	VEGFA	ITGAV	0.5025292	1.0	0.25080264	-0.13482761381798905	0.16633598764983593	0.004767728	0.642341	1.0	0.8673077004171593	degenerated	True	pain_ligand:VEGFA
NP_notochordal	Fibrochondrocyte_stressed	VEGFA	ITGB1	0.7473738	1.0	0.49204156	-0.3607012694493478	-0.4889650211707385	0.002789552	0.71554875	1.0	0.8678395198204065	degenerated	True	pain_ligand:VEGFA
Macrophage_M2	AF_inner	PGF	NRP2	0.501948	0.0	0.24112953	0.5918442447790547	0.4343884081549668	0.025460348	0.63781047	0.015267623538825359	0.8689035759131581	degenerated	True	pain_receptor:NRP2
EP_hyaline	Fibrochondrocyte_stressed	ADAM17	IL6R	0.52057827	0.0	0.18402039	0.4288838783087322	0.5674435709767975	0.013711142	0.6060479	0.036696379338949627	0.8695422389021498	degenerated	True	pain_receptor:IL6R
Macrophage_M2	EP_hyaline	SEMA3A	NRP2	0.50662506	0.38	0.18398088	-0.002689512084304971	0.19541128614378883	0.006970025	0.6060223	0.7594915060688131	0.870074971276117	degenerated	True	pain_ligand:SEMA3A; pain_receptor:NRP2
AF_inner	AF_inner	FGF2	FGFR1	0.70263565	0.96	0.49334422	-0.055553579979095394	-0.1659819798376333	0.009508133	0.7158178	1.0	0.8705011727334995	degenerated	True	pain_ligand:FGF2
unassigned	NP_mature_chondrocyte	VEGFA	ITGB1	0.8326603	1.0	0.5551176	-0.279870634146624	-0.20244437067302212	0.0031471516	0.7276627	1.0	0.8705149298520662	degenerated	True	pain_ligand:VEGFA
NP_fibrocartilaginous	NP_notochordal	ADAM17	IL6R	0.50145453	0.0	0.19572118	0.40681115016481495	0.6427066445624887	0.014582953	0.6133822	0.026044422571804126	0.8713539931477138	degenerated	True	pain_receptor:IL6R
NP_fibrocartilaginous	Fibrochondrocyte_stressed	VEGFA	ITGB1	0.8323492	1.0	0.66289306	-0.2777443503648453	-0.5604669248560783	0.0037581674	0.7448846	1.0	0.8716301971753544	degenerated	True	pain_ligand:VEGFA
Macrophage_M2	Fibrochondrocyte_chondroid	FGF2	FGFR3	0.26209837	0.83	0.06868399	-0.04276407684585934	0.010383608441298264	0.0070857424	0.4844961	1.0	0.8716922205261419	degenerated	True	pain_ligand:FGF2
NP_fibrocartilaginous	NP_mature_chondrocyte	PDGFA	PDGFRA	0.2752763	1.0	0.068715304	-0.06165246434371671	-0.19728433091936617	0.00829264	0.484553	1.0	0.8720790084412497	degenerated	True	pain_ligand:PDGFA
Macrophage_M2	NP_stressed	VEGFA	ITGB1	0.7395974	0.99	0.49388722	-0.36786275237142757	-0.5777710134996822	0.0028000155	0.7159296	1.0	0.8722073703792917	degenerated	True	pain_ligand:VEGFA
AF_inner	Fibrochondrocyte_chondroid	FGF2	SDC2	0.8316436	0.41	0.66978973	0.011214692936197238	0.1906833340028814	0.010477274	0.7458668	0.7906655359035475	0.8733039899801114	degenerated	True	pain_ligand:FGF2
Fibroblast_like	NP_fibrocartilaginous	VEGFA	NRP2	0.500807	1.0	0.20746323	-0.22918336219455263	-0.675622238144051	0.0025471516	0.62026745	1.0	0.8737022387705022	degenerated	True	pain_ligand:VEGFA; pain_receptor:NRP2
Fibrochondrocyte_chondroid	NP_mature_chondrocyte	FGF2	FGFRL1	0.703387	0.0	0.49468902	0.11828076385660444	0.5682601213158794	0.0143649345	0.71609455	0.16868863746865767	0.8743434865372145	degenerated	True	pain_ligand:FGF2
NP_mature_chondrocyte	AF_inner	SEMA3E	NRP2	0.50064427	0.0	0.2395495	0.11249609676654876	0.21428717701499134	0.018050699	0.6370508	0.1808304638850678	0.8745571482636726	degenerated	True	pain_receptor:NRP2
AF_outer	NP_notochordal	ANGPT1	ITGA5	0.26806104	0.25	0.06883859	0.05608386606792471	0.12217780566630257	0.013552275	0.48477688	0.6269127466056522	0.8747853716533394	degenerated	True	pain_ligand:ANGPT1
NP_mature_chondrocyte	Fibrochondrocyte_fibroid	VEGFA	ITGAV	0.8312267	0.0	0.5588711	0.17148935086861708	0.31287961165065836	0.010624073	0.7283299	0.13128230914363143	0.8748669112321701	degenerated	True	pain_ligand:VEGFA
NP_mature_chondrocyte	NP_notochordal	FGF2	CD44	0.83113456	1.0	0.6293767	-0.05975856389430931	0.22120891820849486	0.006610231	0.73992354	1.0	0.875201830699781	degenerated	True	pain_ligand:FGF2
Fibrochondrocyte_chondroid	AF_outer	FGF2	SDC1	0.39719245	0.29	0.06885454	0.07646778414114866	0.41112700621356124	0.024687286	0.48480582	0.6703697186411552	0.8753650269502973	degenerated	True	pain_ligand:FGF2
Fibrochondrocyte_stressed	Fibrochondrocyte_fibroid	TNFSF13B	CD40	0.5003673	0.0	0.24549751	1.0864023137162486	0.9420508789269084	0.053113382	0.63988143	0.001379935037354931	0.8754128512583963	degenerated	True	pain_ligand:TNF
NP_stressed	NP_mature_chondrocyte	FGF2	CD44	0.8308792	1.0	0.6631051	-0.0876566770570098	-0.2540107271982138	0.006964474	0.744915	1.0	0.8759836459781583	degenerated	True	pain_ligand:FGF2
EP_hyaline	NP_notochordal	IL11	IL6R	0.5000646	0.0	0.19367097	0.47068128804355824	0.7977132658781227	0.027468601	0.61213297	0.015267623538825359	0.8761619015114379	degenerated	True	pain_receptor:IL6R
NP_mature_chondrocyte	NP_notochordal	NGF	KIDINS220	0.5000086	0.0	0.21680118	0.36155663623952267	0.749165077080219	0.03041903	0.62543845	0.015267623538825359	0.8762688760847666	degenerated	True	pain_ligand:NGF
AF_inner	NP_mature_chondrocyte	FGF2	FGFR1	0.8307171	0.0	0.66852266	0.08788034574066687	0.0960394787980765	0.012884315	0.7456873	0.24429475033120923	0.8766539898668336	degenerated	True	pain_ligand:FGF2
AF_outer	EP_hyaline	SEMA3E	NRP2	0.5058707	0.0	0.18280976	0.06897167746010335	0.1793512621616506	0.013775204	0.60525966	0.2951629257556203	0.876697097684962	degenerated	True	pain_receptor:NRP2
Fibroblast_like	NP_stressed	FGF2	FGFRL1	0.49956775	1.0	0.2262123	-0.1416325927371305	-0.42175997380330416	0.006568823	0.6304024	1.0	0.8777683802093688	degenerated	True	pain_ligand:FGF2
Fibrochondrocyte_fibroid	EP_hyaline	TNFSF10	TNFRSF10D	0.52262896	0.0	0.18261988	0.5154722638457426	0.6214511223978307	0.02437336	0.6051355	0.015267623538825359	0.8783042303192756	degenerated	True	pain_ligand:TNF
EP_hyaline	AF_outer	VEGFA	GPC1	0.8299074	0.0	0.5433575	0.30782713715076476	0.49242073606137843	0.016569449	0.72553587	0.015267623538825359	0.878889153828787	degenerated	True	pain_ligand:VEGFA
NP_fibrocartilaginous	AF_inner	VEGFA	ITGB1	0.8298973	1.0	0.65965956	-0.2800780253489133	-0.6332044573121434	0.0037398362	0.7444197	1.0	0.8790008833786178	degenerated	True	pain_ligand:VEGFA
Macrophage_M2	Fibrochondrocyte_stressed	TNFSF13B	TFRC	0.71363324	0.0	0.49702072	0.9731942546865666	0.8027239984755944	0.04750608	0.71657234	0.0049617705609527	0.8795915390571238	degenerated	True	pain_ligand:TNF
Fibroblast_like	Fibrochondrocyte_fibroid	ANGPT1	TIE1	0.51778823	0.0	0.18235728	3.5510570661041183	0.9721210493257534	0.238477	0.6049636	2.1189266850635002e-06	0.8796987926029485	degenerated	True	pain_ligand:ANGPT1
NP_mature_chondrocyte	NP_stressed	GRN	TNFRSF1A	0.49891007	1.0	0.24344105	-0.2575989135157083	-0.625245825282065	0.0025940752	0.63891166	1.0	0.880020842382006	degenerated	True	pain_receptor:TNFRSF1A
NP_mature_chondrocyte	Fibrochondrocyte_chondroid	VEGFA	ITGAV	0.82953656	0.0	0.5548329	0.16919406929504643	0.5850108360548608	0.010547307	0.7276119	0.1359772882755149	0.880230894116343	degenerated	True	pain_ligand:VEGFA
NP_fibrocartilaginous	EP_hyaline	FGF2	FGFRL1	0.7234975	0.0	0.4976738	0.15619620879590068	0.23828119504478718	0.014451607	0.7167056	0.10275458373442253	0.8812022059985676	degenerated	True	pain_ligand:FGF2
NP_fibrocartilaginous	AF_inner	ADAM10	IL6R	0.2679847	0.22	0.06921299	0.01640667453685465	-0.17560914727290694	0.0040456327	0.4854543	1.0	0.8817341207017761	degenerated	True	pain_receptor:IL6R
unassigned	Macrophage_M2	GRN	TNFRSF1A	0.7096786	0.58	0.49792343	-0.006052128510690438	0.2945305198182281	0.0053058057	0.7167566	1.0	0.8817394525521522	degenerated	True	pain_receptor:TNFRSF1A
Fibroblast_like	Macrophage_M2	FGF2	FGFR1	0.49793077	0.94	0.22407639	-0.28471171178452737	-0.6700097470122108	0.0043185833	0.6292965	1.0	0.8835681040742058	degenerated	True	pain_ligand:FGF2
Fibroblast_like	Macrophage_M2	VEGFA	NRP2	0.2648158	1.0	0.06935469	-0.5026256220845955	-1.0463052734068685	0.00085150945	0.48570973	1.0	0.8838542844969708	degenerated	True	pain_ligand:VEGFA; pain_receptor:NRP2
NP_stressed	NP_fibrocartilaginous	FGF2	SDC2	0.82808995	0.38	0.659391	0.006822575669195821	-0.07086979630743329	0.010314611	0.7443809	0.7594915060688131	0.8840356420106454	degenerated	True	pain_ligand:FGF2
NP_stressed	Fibroblast_like	FGF2	SDC4	0.70783305	0.05	0.49925986	0.04919098150451328	-0.15286597394542412	0.012373529	0.71702856	1.0	0.8846449755371227	degenerated	True	pain_ligand:FGF2
NP_fibrocartilaginous	NP_mature_chondrocyte	VEGFA	CD44	0.8276844	1.0	0.65674126	-0.1624086267959729	-0.4514328375715633	0.003846155	0.74399763	1.0	0.8847075921574972	degenerated	True	pain_ligand:VEGFA
NP_stressed	Fibroblast_like	FGF2	FGFRL1	0.7080384	0.0	0.49953324	0.12695592931057612	-0.01539610844695527	0.014505603	0.7170841	0.5183253059571657	0.8849682312827047	degenerated	True	pain_ligand:FGF2
Macrophage_M2	unassigned	FGF2	CD44	0.49739766	1.0	0.19042577	-0.44195089166512275	-0.22082974323450522	0.0020000078	0.610125	1.0	0.8856147411619385	degenerated	True	pain_ligand:FGF2
AF_inner	EP_hyaline	FGF2	FGFR1	0.70736086	0.96	0.49980685	-0.05026206276088941	-0.0033415797410402126	0.009632687	0.71713966	1.0	0.8856147411619385	degenerated	True	pain_ligand:FGF2
EP_hyaline	Fibroblast_like	FGF2	SDC2	0.72368354	1.0	0.49999607	-0.09297860305834063	-0.23158951589580834	0.007821254	0.717178	1.0	0.886477402684266	degenerated	True	pain_ligand:FGF2
NP_fibrocartilaginous	AF_inner	GRN	TNFRSF1A	0.8266001	0.0	0.6139147	0.09632196523599668	0.04829983337889199	0.0065417932	0.73752314	0.7563110524227387	0.8868359805331815	degenerated	True	pain_receptor:TNFRSF1A
AF_inner	AF_outer	TNFSF11	TNFRSF11B	0.49798474	0.86	0.18115021	0.09687414625735023	0.05086970007348765	0.021417307	0.6041697	1.0	0.8869091815061187	degenerated	True	pain_ligand:TNF
Macrophage_M2	AF_outer	VEGFA	ITGAV	0.49707782	0.71	0.24694121	-0.15143624367671735	-0.24980813080763686	0.004694323	0.64055675	1.0	0.8870170290723021	degenerated	True	pain_ligand:VEGFA
EP_hyaline	Fibroblast_like	VEGFA	ITGAV	0.8263407	0.0	0.5347174	0.1616906143401801	0.1568508342675976	0.010164914	0.72393703	0.16090213053403093	0.887508483245651	degenerated	True	pain_ligand:VEGFA
NP_mature_chondrocyte	NP_notochordal	GRN	TNFRSF1A	0.4968484	1.0	0.24107893	-0.2601121959859405	-0.43952778691092076	0.0025689048	0.6377862	1.0	0.887556636227185	degenerated	True	pain_receptor:TNFRSF1A
EP_hyaline	NP_stressed	FGF2	SDC4	0.82597506	0.0	0.6795591	0.18158144698483253	0.3469046062387754	0.016842019	0.74723667	0.07470817893310484	0.8882931544216676	degenerated	True	pain_ligand:FGF2
NP_stressed	Macrophage_M2	FGF2	SDC3	0.7092607	0.0	0.50116086	1.0515261287283575	1.1185049292643314	0.051089164	0.71741396	0.00035548317695973525	0.888312596824562	degenerated	True	pain_ligand:FGF2
AF_outer	NP_mature_chondrocyte	GRN	TNFRSF1A	0.82593215	0.0	0.53717715	0.08522374937527354	-0.04206152508634764	0.0057240883	0.72439545	1.0	0.888405194312964	degenerated	True	pain_receptor:TNFRSF1A
NP_mature_chondrocyte	Fibrochondrocyte_stressed	VEGFA	ITGAV	0.8257391	0.0	0.54575974	0.16403704993512983	0.34784905877807615	0.010374829	0.7259749	0.14606861506082167	0.888629408755667	degenerated	True	pain_ligand:VEGFA
Fibrochondrocyte_chondroid	Fibroblast_like	GRN	TNFRSF1A	0.7346328	0.43	0.5013573	0.03275231924837177	0.009050118078432479	0.0053423964	0.71745366	1.0	0.8893391786530278	degenerated	True	pain_receptor:TNFRSF1A
Fibrochondrocyte_fibroid	Fibrochondrocyte_stressed	TNFSF10	RIPK1	0.52143747	0.0	0.18065752	0.6182905259120347	0.7215805296150839	0.03599834	0.60384405	0.010394656087943821	0.8896096640388844	degenerated	True	pain_ligand:TNF
Fibrochondrocyte_chondroid	AF_inner	FGF2	FGFR1	0.7083907	0.9	0.5016478	-0.04913932646119956	0.24043538582147372	0.009668166	0.71751237	1.0	0.8898258055276316	degenerated	True	pain_ligand:FGF2
EP_hyaline	AF_inner	FGF2	FGFRL1	0.8249699	0.0	0.6777946	0.25925335288268714	0.43399273287570295	0.01968201	0.74699104	0.025096519695314505	0.8905360084168714	degenerated	True	pain_ligand:FGF2
AF_outer	NP_mature_chondrocyte	ADAM17	IL6R	0.26483974	0.0	0.06989212	0.05412462434117342	-0.1028800373207504	0.00520758	0.4866739	1.0	0.8913599299727392	degenerated	True	pain_receptor:IL6R
NP_mature_chondrocyte	Fibroblast_like	FGF2	SDC2	0.82430285	0.44	0.61463463	0.019167312224525834	-0.04307800541146145	0.009614503	0.7376365	0.8190630261993896	0.891657921840199	degenerated	True	pain_ligand:FGF2
Fibroblast_like	NP_mature_chondrocyte	FGF2	CD44	0.82418203	1.0	0.6497646	-0.09512090078982495	-0.3987843510183884	0.006824361	0.74297935	1.0	0.892106913124967	degenerated	True	pain_ligand:FGF2
AF_inner	Fibrochondrocyte_stressed	PIGF	FLT1	0.28239694	0.0	0.06996399	0.14601737774033013	0.25600793003416483	0.008924422	0.48680228	0.27478183889204566	0.892513099648736	degenerated	True	pain_receptor:FLT1
Fibroblast_like	EP_hyaline	TNFSF12	TNFRSF12A	0.80898976	0.0	0.5029136	0.19948989430577957	0.24927576693740938	0.015311147	0.7177677	0.06458754266308481	0.8925322022247801	degenerated	True	pain_ligand:TNF
Macrophage_M2	AF_outer	VEGFA	NRP2	0.49569395	0.89	0.24553208	-0.2548597564081829	-0.4454597846080304	0.0030145454	0.6398977	1.0	0.8926405051384599	degenerated	True	pain_ligand:VEGFA; pain_receptor:NRP2
EP_hyaline	NP_mature_chondrocyte	GRN	TNFRSF1A	0.49554324	1.0	0.24302472	-0.2593296463864445	-0.464200978195749	0.0025896388	0.63871425	1.0	0.8928573763764551	degenerated	True	pain_receptor:TNFRSF1A
Fibrochondrocyte_fibroid	Fibrochondrocyte_stressed	TNFSF10	TNFRSF10A	0.52102107	0.0	0.17997174	0.8294392886399924	0.8200273552342026	0.05882964	0.603389	0.004294304439327512	0.8932909850214369	degenerated	True	pain_ligand:TNF
AF_inner	unassigned	FGF2	CD44	0.7099776	1.0	0.5033859	-0.20501830928880665	0.04892595905027963	0.0052869725	0.7178628	1.0	0.8935079616004866	degenerated	True	pain_ligand:FGF2
EP_hyaline	Fibrochondrocyte_stressed	SEMA3E	NRP2	0.28380165	1.0	0.07005064	-0.20513691326097908	-0.24367042879995077	0.0052785035	0.48695683	1.0	0.8942420127773425	degenerated	True	pain_receptor:NRP2
NP_notochordal	Fibrochondrocyte_chondroid	VEGFA	ITGB1	0.75916994	1.0	0.50358874	-0.3494733152064847	-0.20014501660016293	0.0028550168	0.71790355	1.0	0.8942672972434683	degenerated	True	pain_ligand:VEGFA
AF_inner	Fibrochondrocyte_stressed	SEMA3E	NRP2	0.2838395	1.0	0.07007986	-0.2050695706379454	-0.28396679505258793	0.0052807056	0.487009	1.0	0.8944340440788967	degenerated	True	pain_receptor:NRP2
Macrophage_M2	EP_hyaline	FGF2	FGFR1	0.49478084	0.98	0.18907185	-0.2871946451372055	-0.27309728202582506	0.0036439474	0.609276	1.0	0.894592653224423	degenerated	True	pain_ligand:FGF2
Fibroblast_like	AF_inner	FGF2	FGFRL1	0.7123153	0.0	0.5038025	0.1336936842382934	-0.03588362906671505	0.014629573	0.7179465	0.5828483570638673	0.8947013622088984	degenerated	True	pain_ligand:FGF2
NP_fibrocartilaginous	AF_outer	VEGFA	EGFR	0.49446154	0.96	0.21728815	0.06562043902315212	-0.0776613333760299	0.010915376	0.6257012	1.0	0.8958958249763335	degenerated	True	pain_ligand:VEGFA
Fibrochondrocyte_fibroid	Fibrochondrocyte_stressed	FGF2	SDC4	0.27806714	1.0	0.070170715	-0.44116289214845944	-0.7219696583868225	0.0017390931	0.48717076	1.0	0.8959699800848698	degenerated	True	pain_ligand:FGF2
Fibroblast_like	Fibroblast_like	NGF	SORCS2	0.27209032	0.0	0.070247486	0.4611259073545759	0.2574508001908572	0.071666375	0.48730734	0.05982970472891254	0.8965457766904841	degenerated	True	pain_ligand:NGF
NP_stressed	Fibrochondrocyte_chondroid	FGF2	SDC2	0.82260954	0.5	0.6520934	0.0011456840771587543	0.1720496449032317	0.010200457	0.7433207	0.8803076715103642	0.8967113433127907	degenerated	True	pain_ligand:FGF2
Fibroblast_like	NP_stressed	FGF2	SDC4	0.7133205	0.03	0.505114	0.056021778340438796	-0.1229717557036426	0.012518617	0.71820974	0.8987627395380152	0.8969824478789762	degenerated	True	pain_ligand:FGF2
NP_mature_chondrocyte	Fibrochondrocyte_stressed	TNFSF10	TNFRSF10A	0.2701246	0.0	0.07030694	0.37353394882177915	0.3995095389492535	0.022982117	0.48741305	0.015267623538825359	0.8976970018300997	degenerated	True	pain_ligand:TNF
Fibrochondrocyte_chondroid	EP_hyaline	PDGFC	FLT1	0.2674768	0.16	0.070318885	0.04621499679679816	0.3146600492492704	0.0063958247	0.48743427	0.7997304928851592	0.8982724832961329	degenerated	True	pain_receptor:FLT1
NP_stressed	AF_inner	SEMA3A	NRP2	0.49360806	0.36	0.23102196	0.006665125738883122	-0.01704109551205385	0.008752153	0.63284993	0.7400242981549082	0.8991588093844495	degenerated	True	pain_ligand:SEMA3A; pain_receptor:NRP2
NP_stressed	NP_mature_chondrocyte	FGF2	FGFR1	0.82168317	0.0	0.6508598	0.07781133688162839	0.07740578969842682	0.012543902	0.7431401	0.28003955438687633	0.8991846689942105	degenerated	True	pain_ligand:FGF2
NP_mature_chondrocyte	AF_outer	VEGFA	GPC1	0.8216225	0.0	0.53592414	0.2997394703156573	0.49144823589474046	0.016342774	0.7241622	0.015267623538825359	0.8994095807106413	degenerated	True	pain_ligand:VEGFA
NP_fibrocartilaginous	Fibrochondrocyte_chondroid	FGF2	CD44	0.7310544	1.0	0.5061822	-0.19243906135972388	-0.06133523683448172	0.005316341	0.7184234	1.0	0.9000302425688873	degenerated	True	pain_ligand:FGF2
Fibroblast_like	NP_fibrocartilaginous	FGF2	SDC2	0.8213928	0.44	0.64612526	-0.0006416480636193302	-0.21564342012760784	0.010107099	0.7424426	1.0	0.900196947017128	degenerated	True	pain_ligand:FGF2
NP_fibrocartilaginous	AF_outer	FGF2	FGFRL1	0.49288845	1.0	0.23803012	-0.1422453100402017	-0.3706039352853079	0.006911993	0.6363148	1.0	0.9016657571901763	degenerated	True	pain_ligand:FGF2
NP_mature_chondrocyte	Fibrochondrocyte_stressed	TNFSF10	RIPK1	0.27054098	0.0	0.07057484	0.1623851860938215	0.3010627133301348	0.014062948	0.4878882	0.09450008755368376	0.9019146373243785	degenerated	True	pain_ligand:TNF
Macrophage_M2	NP_mature_chondrocyte	VEGFA	CD44	0.75254834	0.89	0.50707453	-0.23575997953364042	-0.4012914288746027	0.0029696433	0.7186015	1.0	0.9024297070355823	degenerated	True	pain_ligand:VEGFA
NP_stressed	Fibrochondrocyte_stressed	PIGF	FLT1	0.28324208	0.0	0.070608504	0.14769153627062437	0.2559826329723126	0.009006634	0.4879477	0.2647143977139461	0.9024893488112993	degenerated	True	pain_receptor:FLT1
NP_fibrocartilaginous	NP_fibrocartilaginous	VEGFB	ADRB2	0.5772872	0.0	0.1783177	0.1962121599542508	0.30194704492139524	0.013384121	0.6022837	0.061965434530985804	0.9029757872807069	degenerated	True	pain_ligand:VEGFB
AF_outer	NP_notochordal	GRN	TNFRSF1A	0.8137647	0.0	0.50781214	0.07039115576629666	0.1899843836998617	0.0054111783	0.71874845	1.0	0.9040683674474115	degenerated	True	pain_receptor:TNFRSF1A
NP_fibrocartilaginous	NP_fibrocartilaginous	SEMA3A	NRP2	0.4923621	0.66	0.19548841	-0.012656985359361314	-0.10200459152599906	0.0074059814	0.61324114	1.0	0.9041776015685203	degenerated	True	pain_ligand:SEMA3A; pain_receptor:NRP2
NP_fibrocartilaginous	NP_fibrocartilaginous	FGF2	FGFR1	0.7325621	1.0	0.50787973	-0.02171893092403618	-0.13837923767756244	0.009788273	0.7187619	1.0	0.9041776015685203	degenerated	True	pain_ligand:FGF2
EP_hyaline	Fibroblast_like	GRN	TNFRSF1A	0.7381669	0.41	0.5079337	0.036437991184482266	-0.12384002003681072	0.005412473	0.71877265	1.0	0.9045055979269463	degenerated	True	pain_receptor:TNFRSF1A
NP_mature_chondrocyte	Fibrochondrocyte_fibroid	NGF	MAGED1	0.2702611	1.0	0.07078307	-0.0666972730726112	0.10987274782807743	0.008967102	0.48825622	1.0	0.9049784821286565	degenerated	True	pain_ligand:NGF
Fibrochondrocyte_chondroid	NP_mature_chondrocyte	GRN	TNFRSF1A	0.49200913	1.0	0.23987822	-0.26301531832255504	-0.3313108400805058	0.0025561103	0.6372093	1.0	0.9053804817521511	degenerated	True	pain_receptor:TNFRSF1A
Fibrochondrocyte_chondroid	EP_hyaline	FGF2	FGFR1	0.7131159	0.88	0.5082192	-0.04384780924299358	0.4030757859180668	0.009794815	0.71882945	1.0	0.9053804817521511	degenerated	True	pain_ligand:FGF2
Fibroblast_like	Macrophage_M2	VEGFA	SIRPA	0.49185562	0.75	0.20222466	0.059412652452908166	-0.2689324442088384	0.004209813	0.6172509	1.0	0.9060371354559311	degenerated	True	pain_ligand:VEGFA
Fibrochondrocyte_chondroid	Fibrochondrocyte_chondroid	SEMA3E	NRP2	0.49184948	0.14	0.20582953	0.07331920404564657	0.575085043544441	0.0155098075	0.6193359	0.5072847703614686	0.9061465281006957	degenerated	True	pain_receptor:NRP2
Fibrochondrocyte_chondroid	AF_inner	SEMA3A	NRP2	0.4918126	0.54	0.22884591	0.003976230735052339	0.1813564499665407	0.008669714	0.6317498	0.9229756728059427	0.9063653398051013	degenerated	True	pain_ligand:SEMA3A; pain_receptor:NRP2
Fibrochondrocyte_chondroid	AF_inner	ADAM17	IL6R	0.27180383	0.08	0.07087024	0.07227615907937364	0.2200938304971911	0.005280458	0.48841	1.0	0.9076568719230782	degenerated	True	pain_receptor:IL6R
Fibrochondrocyte_fibroid	AF_outer	FGF2	FGFR1	0.5561346	1.0	0.17778602	-0.2183140987342168	-0.41023560439478607	0.0034264373	0.601926	1.0	0.9076799168643523	degenerated	True	pain_ligand:FGF2
AF_outer	Fibrochondrocyte_fibroid	VEGFA	NRP2	0.49157506	1.0	0.22174585	-0.24516225465571337	-0.5924729700479431	0.0027225078	0.62807614	1.0	0.9077894416967259	degenerated	True	pain_ligand:VEGFA; pain_receptor:NRP2
AF_inner	Fibrochondrocyte_chondroid	TNFSF12	TNFRSF12A	0.6192858	1.0	0.17776318	-0.10737206345442663	0.13857022865563626	0.00541198	0.60191065	1.0	0.9078989753392587	degenerated	True	pain_ligand:TNF
Macrophage_M2	AF_inner	VEGFA	ITGB1	0.7547612	0.98	0.5093278	-0.3534293780865808	-0.5830630486151828	0.0028875538	0.71904963	1.0	0.9080087596176207	degenerated	True	pain_ligand:VEGFA
AF_outer	NP_mature_chondrocyte	SEMA3A	NRP2	0.53687596	0.0	0.17761415	0.02681449983005567	0.01615170288975948	0.0067288247	0.60181016	0.6952832379681709	0.9091051530386387	degenerated	True	pain_ligand:SEMA3A; pain_receptor:NRP2
NP_mature_chondrocyte	Fibroblast_like	VEGFA	ITGAV	0.8180558	0.0	0.5274023	0.1536029475050726	0.15587833410095964	0.010025855	0.7225585	0.17140014741271833	0.9094331930021715	degenerated	True	pain_ligand:VEGFA
unassigned	Macrophage_M2	VEGFA	ITGB1	0.7840339	0.98	0.5102938	-0.32615551229637596	-0.1126853449306422	0.00289303	0.71924096	1.0	0.9096539226767268	degenerated	True	pain_ligand:VEGFA
NP_fibrocartilaginous	NP_fibrocartilaginous	VEGFA	SIRPA	0.4907861	1.0	0.21244098	-0.05978745804708071	-0.29280149809932304	0.0044224914	0.6230557	1.0	0.9098732986267819	degenerated	True	pain_ligand:VEGFA
Fibrochondrocyte_fibroid	unassigned	GRN	TNFRSF1A	0.81783235	0.07	0.6285552	0.09192191059284027	0.6004072684850918	0.0066978	0.7397979	0.7035824185778845	0.909997183163815	degenerated	True	pain_receptor:TNFRSF1A
Fibrochondrocyte_stressed	Fibroblast_like	TNFSF10	TNFRSF10D	0.27295586	0.14	0.07108602	0.04616132917984443	-0.05998674779310226	0.009487495	0.4887898	0.6616965366265587	0.9103329779443798	degenerated	True	pain_ligand:TNF
Fibrochondrocyte_fibroid	NP_fibrocartilaginous	TNFSF10	TNFRSF11B	0.8176607	0.0	0.66853493	0.5252922634384657	0.43123856180158493	0.029855274	0.745689	0.015267623538825359	0.9104483890714703	degenerated	True	pain_ligand:TNF
Macrophage_M2	EP_hyaline	VEGFB	ADRB2	0.49058113	0.36	0.21880803	0.14537000961144067	0.312970008863476	0.016423233	0.62651706	0.7400242981549082	0.910641876787929	degenerated	True	pain_ligand:VEGFB
Macrophage_M2	NP_mature_chondrocyte	VEGFB	ADRB2	0.4905758	0.35	0.21880123	0.1453599989024913	0.28916692400567595	0.016422722	0.6265134	0.7298750237009349	0.9107518820673596	degenerated	True	pain_ligand:VEGFB
NP_mature_chondrocyte	Macrophage_M2	FGF2	GPC4	0.6216599	0.0	0.17735502	0.4936475351027798	0.6116765398089994	0.075400904	0.60163516	0.015267623538825359	0.9111912646054129	degenerated	True	pain_ligand:FGF2
EP_hyaline	Fibrochondrocyte_stressed	VEGFB	ADRB2	0.26821342	1.0	0.0712757	-0.1489644407901929	-0.19860533604235348	0.0053497916	0.48912275	1.0	0.9122431296926331	degenerated	True	pain_ligand:VEGFB
Macrophage_M2	AF_inner	FGF2	FGFR1	0.49005568	0.98	0.18662709	-0.29248616235541147	-0.43573768212241815	0.00359683	0.6077258	1.0	0.9125102600757962	degenerated	True	pain_ligand:FGF2
Macrophage_M2	Fibrochondrocyte_stressed	VEGFA	ITGB1	0.75721306	0.98	0.51182437	-0.3510957031025128	-0.5103255161591177	0.0029017075	0.7195432	1.0	0.9127303376611644	degenerated	True	pain_ligand:VEGFA
NP_fibrocartilaginous	EP_hyaline	VEGFA	NRP2	0.71781516	0.91	0.5118461	-0.011197241316915865	-0.032574740089581056	0.0062842434	0.71954757	1.0	0.9128402683808718	degenerated	True	pain_ligand:VEGFA; pain_receptor:NRP2
Fibrochondrocyte_chondroid	unassigned	FGF2	CD44	0.7157327	1.0	0.51185846	-0.1986040557709108	0.45534332470938665	0.005375958	0.71954995	1.0	0.9129502079270473	degenerated	True	pain_ligand:FGF2
Fibrochondrocyte_fibroid	Fibrochondrocyte_fibroid	PGF	NRP2	0.48993772	0.03	0.21967416	0.516928691806773	0.5070030642763488	0.023194917	0.6269792	0.07610256536173629	0.9131703562411113	degenerated	True	pain_receptor:NRP2
EP_hyaline	NP_notochordal	FGF2	CD44	0.73051524	1.0	0.5119885	-0.17190447917717577	0.032697407724147975	0.005377324	0.7195756	1.0	0.9136105162175074	degenerated	True	pain_ligand:FGF2
NP_mature_chondrocyte	EP_hyaline	TNFSF10	TNFRSF10D	0.27173248	0.02	0.071341455	0.059566924027529375	0.20093330611288168	0.009521586	0.48923796	0.3284307413298347	0.9139612338585413	degenerated	True	pain_ligand:TNF
Fibrochondrocyte_stressed	Fibroblast_like	ADAM10	IL6R	0.48955452	0.0	0.1933182	0.37460401840281826	0.1969450929162469	0.011299822	0.6119165	0.1060385426184089	0.9143811972185891	degenerated	True	pain_receptor:IL6R
Fibroblast_like	Fibroblast_like	SLIT3	ROBO1	0.26771885	0.0	0.07141111	0.5730679891593536	0.34807247261721475	0.1451226	0.48935986	0.022916369573190258	0.9145337432501977	degenerated	True	pain_receptor:ROBO1
EP_hyaline	AF_inner	VEGFB	ADRB2	0.26844722	1.0	0.07141317	-0.14853806267431569	-0.235365845167416	0.0053601097	0.48936352	1.0	0.9147245388947791	degenerated	True	pain_ligand:VEGFB
AF_outer	NP_stressed	GRN	TNFRSF1A	0.81582636	0.0	0.5127877	0.0729044382365289	0.004266345328717502	0.0054641976	0.71973294	1.0	0.9149318447525411	degenerated	True	pain_receptor:TNFRSF1A
AF_inner	Fibroblast_like	FGF2	SDC4	0.7168671	0.0	0.5128086	0.059259990363551764	-0.13423228484577443	0.012709319	0.71973705	0.9509309627628516	0.9150421952389294	degenerated	True	pain_ligand:FGF2
Fibroblast_like	Fibrochondrocyte_chondroid	FGF2	SDC2	0.81591237	0.57	0.6389745	-0.006318539655656397	0.027276021083057156	0.009995242	0.7413772	0.9580922460946023	0.915189823349492	degenerated	True	pain_ligand:FGF2
NP_mature_chondrocyte	Fibrochondrocyte_stressed	NGF	KIDINS220	0.48929346	0.0	0.20999108	0.34679304348974715	0.534489529835766	0.029463515	0.62169266	0.015267623538825359	0.9155931080864219	degenerated	True	pain_ligand:NGF
AF_inner	Fibroblast_like	FGF2	FGFRL1	0.71707237	0.0	0.5130894	0.13702493816961459	0.003237580652694416	0.014899252	0.71979225	0.46136370162357127	0.9159238592011503	degenerated	True	pain_ligand:FGF2
NP_stressed	EP_hyaline	GRN	TNFRSF1A	0.27241862	1.0	0.07149068	-0.502641136423464	-0.8609565306480496	0.0007617951	0.48949903	1.0	0.9166319605126365	degenerated	True	pain_receptor:TNFRSF1A
EP_hyaline	Macrophage_M2	FGF2	SDC3	0.8152181	0.0	0.6606762	1.169621573639936	1.443607667386575	0.06735042	0.7445662	0.00015135604251344823	0.916884619525027	degenerated	True	pain_ligand:FGF2
EP_hyaline	Fibrochondrocyte_chondroid	FGF2	FGFR2	0.5394844	0.0	0.17665203	0.21280435106847825	0.5744176996366712	0.023697637	0.60115916	0.04937204332064504	0.9169163470472198	degenerated	True	pain_ligand:FGF2
Fibrochondrocyte_chondroid	Macrophage_M2	SEMA3E	NRP2	0.2694516	0.85	0.07155221	-0.1843722095843376	-0.052128067654306554	0.005391651	0.48960653	1.0	0.9175852349820839	degenerated	True	pain_receptor:NRP2
EP_hyaline	EP_hyaline	FGF2	FGFR3	0.53939056	0.0	0.17648731	0.22199077852999932	0.4598734246431795	0.018207205	0.60104734	0.043447929687957576	0.9176888857684181	degenerated	True	pain_ligand:FGF2
NP_stressed	AF_inner	FGF2	FGFRL1	0.7190125	0.0	0.51414615	0.14115790797110855	0.10888999475345951	0.014929936	0.7199997	0.22076620761757143	0.9177994578247581	degenerated	True	pain_ligand:FGF2
Fibroblast_like	NP_mature_chondrocyte	FGF2	FGFR1	0.81498593	0.0	0.6377657	0.07034711314881324	-0.06736783412174774	0.012291541	0.74119556	0.6849839949498465	0.9181279854326743	degenerated	True	pain_ligand:FGF2
AF_outer	NP_fibrocartilaginous	VEGFA	ITGAV	0.48867452	1.0	0.21971253	-0.1325698347691554	-0.44227724556747094	0.0041767093	0.6269996	1.0	0.9184618582976559	degenerated	True	pain_ligand:VEGFA
Fibrochondrocyte_stressed	NP_fibrocartilaginous	TNFSF10	TNFRSF10D	0.27422577	0.08	0.07163076	0.04810685385350599	0.03347411790914906	0.0095601985	0.4897436	0.4291411521018365	0.9185382186177067	degenerated	True	pain_ligand:TNF
NP_fibrocartilaginous	NP_stressed	VEGFA	ITGB1	0.8147335	1.0	0.63966155	-0.29451139963376005	-0.6279124221966428	0.0036264604	0.7414802	1.0	0.9189194602053476	degenerated	True	pain_ligand:VEGFA
Macrophage_M2	AF_inner	PTGS2	CAV1	0.7671466	0.97	0.51474816	-0.24682940565529796	-0.5712291707899114	0.0037405237	0.7201176	1.0	0.9192352647566986	degenerated	True	pain_ligand:PTGS2
AF_inner	Macrophage_M2	FGF2	SDC3	0.71829474	0.0	0.51476127	1.061595137587396	1.1371386183639811	0.05247561	0.7201202	0.0003184497072590112	0.919566892372568	degenerated	True	pain_ligand:FGF2
Macrophage_M2	Fibrochondrocyte_fibroid	VEGFA	ITGAV	0.48847142	0.74	0.23817772	-0.16312398580931084	-0.1998090731261356	0.00452773	0.6363866	1.0	0.9196773713353968	degenerated	True	pain_ligand:VEGFA
Macrophage_M2	AF_inner	TNFSF13B	TFRC	0.48835963	0.02	0.22536513	0.7065955558456185	0.35171364418672385	0.02154078	0.6299651	0.25849807650406675	0.9201196196456017	degenerated	True	pain_ligand:TNF
Macrophage_M2	AF_inner	FGF2	FGFR3	0.26791358	0.83	0.071692705	-0.02828452649978211	-0.12194094124463148	0.007396135	0.48985165	1.0	0.9202529194311714	degenerated	True	pain_ligand:FGF2
Fibroblast_like	NP_mature_chondrocyte	ANGPT1	ITGA5	0.2719189	0.09	0.071734905	0.06714059965568941	-0.08950461088159278	0.014122473	0.48992518	0.764524985607531	0.9206338011138454	degenerated	True	pain_ligand:ANGPT1
EP_hyaline	Fibroblast_like	FGF2	FGFRL1	0.8139957	0.0	0.6585305	0.2450513742221547	0.30970662967528817	0.019122615	0.7442567	0.0353942221383759	0.9208423571636979	degenerated	True	pain_ligand:FGF2
Fibroblast_like	NP_mature_chondrocyte	VEGFA	GPC1	0.26893	1.0	0.07176241	-0.31006361793120163	-0.8035555551380187	0.0021883633	0.48997304	1.0	0.9210146362909567	degenerated	True	pain_ligand:VEGFA
EP_hyaline	Fibroblast_like	FGF2	SDC4	0.81379044	0.0	0.6581701	0.16728642641609187	0.17223676417681932	0.01631192	0.74420464	0.13091602918519413	0.9212949050047231	degenerated	True	pain_ligand:FGF2
NP_stressed	NP_stressed	FGF2	SDC4	0.72001773	0.06	0.51548463	0.06348600207325394	0.021801868116531953	0.01277564	0.7202617	0.4097788617999155	0.9218902749395199	degenerated	True	pain_ligand:FGF2
AF_inner	NP_mature_chondrocyte	PIGF	FLT1	0.2874981	0.0	0.071835935	0.15544567070304782	0.28563414665787495	0.009163202	0.49010095	0.24884026896259553	0.9221569678014275	degenerated	True	pain_receptor:FLT1
NP_fibrocartilaginous	EP_hyaline	PIGF	FLT1	0.2708484	0.0	0.071886525	0.13301674690875406	0.23495513983996125	0.009169655	0.490189	0.24819473436700615	0.9236793904791499	degenerated	True	pain_receptor:FLT1
NP_stressed	AF_outer	TNFSF11	TNFRSF11B	0.49423516	0.94	0.175477	0.08746476340115504	0.06025390444919415	0.020746566	0.6003588	1.0	0.9243284188655676	degenerated	True	pain_ligand:TNF
NP_mature_chondrocyte	Fibrochondrocyte_stressed	VEGFB	ADRB2	0.26968452	1.0	0.0719891	-0.14723118770940913	-0.41355700024427217	0.005403338	0.49036714	1.0	0.9246305138033819	degenerated	True	pain_ligand:VEGFB
EP_hyaline	Fibroblast_like	IL11	IL6R	0.2684329	0.0	0.07202209	0.12293300657303116	0.0015298768870155022	0.010214984	0.49042436	0.4665185533211446	0.9253912137842154	degenerated	True	pain_receptor:IL6R
NP_fibrocartilaginous	AF_outer	FGF2	FGFR1	0.7408577	0.88	0.5172198	-0.012429658886478859	-0.13049449044968842	0.009968283	0.7206001	1.0	0.9254381525138355	degenerated	True	pain_ligand:FGF2
NP_notochordal	AF_outer	VEGFA	ITGAV	0.48723856	1.0	0.23739654	-0.16104181002355228	-0.22844763581925764	0.00451288	0.6360064	1.0	0.9258822455573475	degenerated	True	pain_ligand:VEGFA
Fibroblast_like	Fibrochondrocyte_chondroid	VEGFA	NRP2	0.4872137	1.0	0.19950807	-0.2449342084546114	-0.41909216220812107	0.002449481	0.6156521	1.0	0.9261042228324512	degenerated	True	pain_ligand:VEGFA; pain_receptor:NRP2
Fibrochondrocyte_stressed	Fibrochondrocyte_fibroid	TNFSF10	RIPK1	0.27524436	0.02	0.072067715	0.18308104170198855	0.2987842401126788	0.014360422	0.49050352	0.30449961405007375	0.9265318889798116	degenerated	True	pain_ligand:TNF
NP_mature_chondrocyte	NP_fibrocartilaginous	TNFSF11	TNFRSF11B	0.51369977	0.47	0.17500879	0.09282673430139325	0.05481745892949752	0.02069121	0.60003823	0.8502469265914133	0.9267708578156972	degenerated	True	pain_ligand:TNF
Macrophage_M2	Fibrochondrocyte_chondroid	VEGFA	ITGAV	0.48678127	0.71	0.23645672	-0.16541926738288149	0.07232215127806685	0.004495014	0.6355471	1.0	0.9276600384539113	degenerated	True	pain_ligand:VEGFA
NP_mature_chondrocyte	AF_inner	VEGFB	ADRB2	0.26991832	1.0	0.07212794	-0.14680480959353193	-0.4503175093693347	0.005413759	0.49060786	1.0	0.9278621918279433	degenerated	True	pain_ligand:VEGFB
Fibroblast_like	Macrophage_M2	TNFSF13B	HLA-DPB1	0.7546171	0.0	0.17488013	1.0905431534756178	1.0690884802483327	0.015984122	0.59995	0.015267623538825359	0.9279936891059554	degenerated	True	pain_ligand:TNF
NP_fibrocartilaginous	Macrophage_M2	FGF2	FGFR3	0.48651043	0.06	0.23084906	0.3067743286798289	0.2370155057841007	0.023815403	0.6327629	0.39504693376198824	0.9285500331125103	degenerated	True	pain_ligand:FGF2
Macrophage_M2	NP_notochordal	TNFSF13B	TFRC	0.486448	0.0	0.2230599	0.7043332287205913	0.5437586169480737	0.021320442	0.628766	0.015267623538825359	0.9287724365617018	degenerated	True	pain_ligand:TNF
Fibroblast_like	Fibrochondrocyte_fibroid	SEMA3C	NRP2_PLXNA2	0.48637387	0.0	0.18415686	0.5941919793498539	0.3929240603310676	0.07440192	0.6061364	0.015267623538825359	0.9292175955696289	degenerated	True	pain_receptor:NRP2
NP_mature_chondrocyte	AF_outer	SEMA3A	NRP2	0.48635283	0.86	0.23652235	0.01676269864705647	0.019782068489973825	0.008960532	0.6355792	1.0	0.929551619564968	degenerated	True	pain_ligand:SEMA3A; pain_receptor:NRP2
Fibrochondrocyte_chondroid	AF_inner	FGF2	FGFR3	0.4862486	0.01	0.19270775	0.21506230939442983	0.5542321266992604	0.019880578	0.61154085	0.2656303402238959	0.9298857235980102	degenerated	True	pain_ligand:FGF2
unassigned	AF_inner	ADAM10	IL6R	0.27512464	0.13	0.07231125	0.02807174842484907	0.24092328859993883	0.004226732	0.490925	1.0	0.9299514580796215	degenerated	True	pain_receptor:IL6R
AF_inner	Fibrochondrocyte_stressed	GRN	TNFRSF1A	0.4862467	1.0	0.23512124	-0.2622121415404832	-0.490020303773148	0.0025054207	0.6348909	1.0	0.9299970274922473	degenerated	True	pain_receptor:TNFRSF1A
Fibrochondrocyte_fibroid	NP_fibrocartilaginous	FGF2	FGFR1	0.5478389	1.0	0.17457551	-0.22760337077177412	-0.4181203516226601	0.0033645618	0.59974074	1.0	0.930219907678343	degenerated	True	pain_ligand:FGF2
NP_notochordal	Fibrochondrocyte_fibroid	ADAM10	IL6R	0.30469003	0.12	0.072316214	0.08005223392503463	0.12483697323468457	0.0042270226	0.49093366	1.0	0.9303312070412462	degenerated	True	pain_receptor:IL6R
Fibrochondrocyte_stressed	Fibrochondrocyte_chondroid	ADAM17	IL6R	0.27938855	0.07	0.07235234	0.08838985063288662	0.1327325151371498	0.0053908876	0.49099603	1.0	0.9310905132879568	degenerated	True	pain_receptor:IL6R
EP_hyaline	Fibrochondrocyte_chondroid	FGF2	SDC4	0.73486817	0.05	0.5196296	0.07469471793640177	0.40422164264410965	0.012878366	0.7210678	0.37767684343937397	0.9311112927011218	degenerated	True	pain_ligand:FGF2
Fibrochondrocyte_stressed	NP_notochordal	ADAM10	IL6R	0.7211863	0.0	0.51984227	0.7223522998733454	0.993128481907354	0.030385785	0.721109	0.007184982334927225	0.9315571986758286	degenerated	True	pain_receptor:IL6R
NP_notochordal	AF_outer	VEGFA	NRP2	0.4858547	1.0	0.23604187	-0.26446532275501783	-0.42409928961965115	0.0028980286	0.63534373	1.0	0.9321149658763171	degenerated	True	pain_ligand:VEGFA; pain_receptor:NRP2
Fibrochondrocyte_stressed	NP_fibrocartilaginous	TNFSF10	TNFRSF11B	0.51315486	0.99	0.174124	-0.0280273132222733	-0.18600596896380772	0.007775988	0.5994299	1.0	0.9328957707257932	degenerated	True	pain_ligand:TNF
EP_hyaline	NP_stressed	GRN	TNFRSF1A	0.48543745	1.0	0.23199068	-0.27164895752518914	-0.4178731077806839	0.0024720617	0.63333595	1.0	0.9334540720558817	degenerated	True	pain_receptor:TNFRSF1A
Fibroblast_like	NP_mature_chondrocyte	VEGFA	SIRPA	0.27014086	1.0	0.072471045	-0.2990536047468441	-0.8227762141812829	0.0015086666	0.49120086	1.0	0.9339362184715713	degenerated	True	pain_ligand:VEGFA
NP_stressed	NP_mature_chondrocyte	PIGF	FLT1	0.2883432	0.0	0.07249768	0.15711982923334206	0.28560884959602273	0.009247613	0.4912468	0.23965470580230766	0.9343154799274671	degenerated	True	pain_receptor:FLT1
Fibrochondrocyte_fibroid	Fibrochondrocyte_chondroid	FGF2	CD44	0.5463312	1.0	0.17399202	-0.39832350120746185	-0.3410763507795794	0.0018274069	0.5993388	1.0	0.9343475216496221	degenerated	True	pain_ligand:FGF2
Macrophage_M2	Fibroblast_like	TNFSF13B	TFRC	0.485224	0.02	0.22158387	0.7028846721001692	0.24664000983426393	0.021179361	0.6279908	0.30449961405007375	0.9345710963510554	degenerated	True	pain_ligand:TNF
NP_fibrocartilaginous	Fibrochondrocyte_stressed	VEGFA	SIRPA	0.7248939	0.0	0.5211815	0.31871589010616475	0.17847680259766296	0.0108497	0.7213676	0.12365443862133978	0.9345710963510554	degenerated	True	pain_ligand:VEGFA
Fibrochondrocyte_chondroid	Fibroblast_like	FGF2	SDC4	0.7226221	0.07	0.5214398	0.0656742438814476	0.2721850808133326	0.012923231	0.72141737	0.412555289778364	0.9354652584574987	degenerated	True	pain_ligand:FGF2
Macrophage_M2	NP_mature_chondrocyte	FGF2	FGFRL1	0.485052	0.82	0.18403824	-0.1250660720376075	-0.10791294662801243	0.0053441604	0.6060595	1.0	0.9355770071319605	degenerated	True	pain_ligand:FGF2
Fibroblast_like	NP_notochordal	ANGPT1	ITGA5	0.2739801	0.14	0.072662294	0.07001193025525068	0.07138405291108396	0.014305048	0.4915302	0.5072847703614686	0.9358319570950833	degenerated	True	pain_ligand:ANGPT1
NP_stressed	NP_mature_chondrocyte	PGF	NRP2	0.5346729	0.0	0.17378311	0.39141767072207156	0.4948849934621223	0.018349383	0.5991946	0.015267623538825359	0.9362481797004198	degenerated	True	pain_receptor:NRP2
unassigned	NP_stressed	VEGFA	SIRPA	0.30934122	1.0	0.07272186	-0.28957255816584326	-0.10791198398435092	0.0015138879	0.49163267	1.0	0.9364004054409376	degenerated	True	pain_ligand:VEGFA
Fibrochondrocyte_chondroid	Fibroblast_like	FGF2	FGFRL1	0.72282743	0.0	0.5217253	0.14343919168751043	0.40965494631180144	0.015150024	0.7214724	0.12241619742059787	0.9369196731866491	degenerated	True	pain_ligand:FGF2
EP_hyaline	NP_stressed	PDGFA	PDGFRA	0.27340266	0.99	0.07277024	-0.00709654750066499	-0.005940658121454112	0.008781993	0.49171573	1.0	0.9371582264524753	degenerated	True	pain_ligand:PDGFA
NP_mature_chondrocyte	NP_fibrocartilaginous	NGF	SORT1	0.27339354	0.0	0.0727739	0.17311293099177824	0.26406183922547677	0.017702844	0.49172202	0.08295708798781985	0.9377264834976086	degenerated	True	pain_ligand:NGF
NP_fibrocartilaginous	Fibroblast_like	ADAM17	IL6R	0.26982278	0.0	0.07278451	0.059062868694287826	-0.15347674442861853	0.0054230876	0.49174026	1.0	0.9382946361735399	degenerated	True	pain_receptor:IL6R
AF_outer	NP_mature_chondrocyte	FGF2	FGFR1	0.7562505	0.26	0.52292866	0.004883094158884466	-0.0355453877115085	0.010078308	0.7217038	0.6381707194824097	0.9397204414114118	degenerated	True	pain_ligand:FGF2
Macrophage_M2	Macrophage_M2	VEGFA	ITGB1	0.8081468	0.89	0.56368774	-0.30261543847860467	-0.4172075600596724	0.0031957387	0.7291781	1.0	0.9404662360070177	degenerated	True	pain_ligand:VEGFA
Fibrochondrocyte_chondroid	Macrophage_M2	FGF2	SDC3	0.72404975	0.0	0.5234253	1.0680093911052917	1.5435559840230884	0.05335883	0.72179914	0.0002490254350227371	0.9409548823923306	degenerated	True	pain_ligand:FGF2
Fibrochondrocyte_stressed	NP_mature_chondrocyte	TNFSF13B	TFRC	0.744267	0.0	0.5236173	0.9790626377499226	1.0309971948266126	0.05004822	0.7218359	0.0007127061355494678	0.9415161464250669	degenerated	True	pain_ligand:TNF
Macrophage_M2	Fibrochondrocyte_chondroid	VEGFA	ITGB1	0.7690092	0.98	0.52383584	-0.33986774885964977	-0.22150551158854215	0.0029698042	0.7218778	1.0	0.9421901561056607	degenerated	True	pain_ligand:VEGFA
AF_outer	Fibrochondrocyte_chondroid	FGF2	SDC2	0.7571769	0.98	0.52391976	-0.07178255864558516	0.05909846749329639	0.008195484	0.72189397	1.0	0.9424147321968903	degenerated	True	pain_ligand:FGF2
EP_hyaline	Fibrochondrocyte_fibroid	SEMA3A	NRP2	0.48358476	0.67	0.21163581	-0.012864009566047475	0.08216759257336609	0.008017719	0.62260973	1.0	0.9425270336234945	degenerated	True	pain_ligand:SEMA3A; pain_receptor:NRP2
NP_notochordal	Fibroblast_like	CXCL8	SDC2	0.74468315	0.07	0.5239215	0.014015551899691475	-0.38237194400844254	0.0053879465	0.7218943	1.0	0.9425270336234945	degenerated	True	pain_ligand:CXCL8
NP_stressed	Macrophage_M2	GRN	TNFRSF1A	0.50278217	0.96	0.17296734	-0.2218189936663888	-0.525490473664966	0.0018431167	0.5986295	1.0	0.9430891706093565	degenerated	True	pain_receptor:TNFRSF1A
Macrophage_M2	EP_hyaline	TNFSF13B	TFRC	0.48338032	0.03	0.21936059	0.7007028001622329	0.4699831309145004	0.020966858	0.62681216	0.10298163052096451	0.9430891706093565	degenerated	True	pain_ligand:TNF
NP_fibrocartilaginous	Fibroblast_like	VEGFA	GPC1	0.7270781	0.0	0.524062	0.32699722003793685	0.06126672378015624	0.01598104	0.7219212	0.19989623255458613	0.9432015256074637	degenerated	True	pain_ligand:VEGFA
EP_hyaline	NP_notochordal	GRN	TNFRSF1A	0.4833758	1.0	0.22973967	-0.2741622399954214	-0.23215506940953967	0.002448075	0.6322031	1.0	0.9432015256074637	degenerated	True	pain_receptor:TNFRSF1A
AF_inner	Fibrochondrocyte_chondroid	PIGF	FLT1	0.29122904	0.0	0.07320507	0.16234116876804608	0.502598741088	0.009337844	0.49246025	0.23143896211491227	0.9435921895454945	degenerated	True	pain_receptor:FLT1
Fibrochondrocyte_chondroid	AF_outer	FGF2	FGFR1	0.80706453	0.11	0.63887656	0.061361636136566255	0.41130189905629577	0.012312951	0.7413625	0.47214014505463864	0.9439934189458886	degenerated	True	pain_ligand:FGF2
AF_outer	Fibrochondrocyte_fibroid	SEMA3C	NRP2_PLXNA2	0.48320284	0.0	0.18252406	0.5900707197419517	0.6188157960948264	0.07374224	0.60507286	0.015267623538825359	0.9441011832429964	degenerated	True	pain_receptor:NRP2
AF_outer	Fibrochondrocyte_fibroid	ANGPT1	TIE1	0.5118692	0.0	0.17276111	3.5371290019167922	1.022914802080972	0.22592765	0.5984861	3.4319400106303088e-06	0.9443263111199227	degenerated	True	pain_ligand:ANGPT1
EP_hyaline	unassigned	FGF2	CD44	0.806901	1.0	0.6460764	-0.09699187323626654	0.3553950080728734	0.006785625	0.7424354	1.0	0.9445625051215762	degenerated	True	pain_ligand:FGF2
Macrophage_M2	Fibrochondrocyte_stressed	VEGFA	ITGAV	0.48298383	0.75	0.23258996	-0.1705762867427981	-0.16483962599871782	0.0044215075	0.6336354	1.0	0.9446639458898898	degenerated	True	pain_ligand:VEGFA
NP_stressed	AF_outer	NGF	KIDINS220	0.30478802	0.04	0.07333997	0.03736813760025842	-0.024470633571458178	0.010290214	0.49269032	0.547782056850469	0.9449151844986259	degenerated	True	pain_ligand:NGF
NP_fibrocartilaginous	NP_mature_chondrocyte	SEMA3E	NRP2	0.5339636	0.0	0.17254971	0.09002576483025487	0.16920147622684195	0.013002083	0.598339	0.23544247079508784	0.9454519904956611	degenerated	True	pain_receptor:NRP2
Fibroblast_like	Macrophage_M2	VEGFA	GPC1	0.2717961	1.0	0.07343974	-0.3052856628593572	-0.62539829669998	0.0022395127	0.49286026	1.0	0.946615314306802	degenerated	True	pain_ligand:VEGFA
NP_fibrocartilaginous	Fibrochondrocyte_stressed	GRN	TNFRSF1A	0.80622697	0.0	0.5695034	0.07148638100351958	0.04636578697260674	0.006068553	0.7301904	0.9105294157920788	0.9467262143201509	degenerated	True	pain_receptor:TNFRSF1A
Macrophage_M2	NP_fibrocartilaginous	FGF2	SDC4	0.48249096	0.89	0.18271317	-0.20324414998230508	-0.2897411811836671	0.0045283167	0.60519654	1.0	0.9473674242152176	degenerated	True	pain_ligand:FGF2
NP_mature_chondrocyte	NP_fibrocartilaginous	FGF2	FGFRL1	0.8056953	0.0	0.5744817	0.21623923488884128	0.4011858247488129	0.016681978	0.7310469	0.04721523603778323	0.9484351616399089	degenerated	True	pain_ligand:FGF2
Macrophage_M2	AF_inner	PDGFC	FLT1	0.30851722	0.2	0.073603	0.10443005219435605	0.17144712172235063	0.0066945297	0.49313772	0.7044046521645391	0.9494467625181064	degenerated	True	pain_receptor:FLT1
Fibrochondrocyte_chondroid	NP_stressed	GRN	TNFRSF1A	0.4819033	1.0	0.22898705	-0.27533462946129966	-0.2849829696654407	0.0024400554	0.6318215	1.0	0.9495116436123476	degenerated	True	pain_receptor:TNFRSF1A
Fibroblast_like	AF_outer	SEMA3A	NRP2	0.805292	0.0	0.54414684	0.4944017005811486	0.3497119127458852	0.020614734	0.7256804	0.02258511334150061	0.9499169822198037	degenerated	True	pain_ligand:SEMA3A; pain_receptor:NRP2
NP_stressed	Fibroblast_like	CXCL8	SDC3	0.31432664	0.07	0.07363987	0.13294099244769456	-0.39020305307935127	0.004935281	0.4932003	1.0	0.950201385927497	degenerated	True	pain_ligand:CXCL8
EP_hyaline	Fibrochondrocyte_chondroid	PDGFA	PDGFRA	0.274808	1.0	0.07366373	-0.005345908505833469	0.1572018337883273	0.0088898195	0.49324083	1.0	0.9505786542012217	degenerated	True	pain_ligand:PDGFA
EP_hyaline	EP_hyaline	FGF2	FGFR1	0.8042842	0.0	0.64148283	0.05776437329165069	0.30312746928155354	0.012363181	0.74175256	0.33470801195282873	0.9517414159291776	degenerated	True	pain_ligand:FGF2
NP_mature_chondrocyte	Macrophage_M2	FGF2	FGFRL1	0.61901563	0.47	0.17164904	-0.025351432044481897	0.015463343386181383	0.0049843984	0.59770995	1.0	0.9518851741474814	degenerated	True	pain_ligand:FGF2
AF_inner	AF_inner	FGF2	FGFRL1	0.72804654	0.0	0.5280989	0.15122691683014702	0.1275236838531092	0.015335101	0.72269076	0.18963250374925567	0.9524507758686838	degenerated	True	pain_ligand:FGF2
Macrophage_M2	Fibrochondrocyte_fibroid	TNFSF13B	HLA-DPB1	0.4811543	0.0	0.21667625	0.9212723621924532	0.7749140668840178	0.019804304	0.6253709	0.015267623538825359	0.9525638731576683	degenerated	True	pain_ligand:TNF
Fibroblast_like	NP_mature_chondrocyte	FGF2	SDC4	0.7310856	0.0	0.52829367	0.07686399110757254	-0.016783978907478625	0.013093095	0.7227277	0.5231972352345244	0.9529034684742463	degenerated	True	pain_ligand:FGF2
NP_mature_chondrocyte	EP_hyaline	TNFSF10	TNFRSF10B	0.27549154	0.0	0.07376005	0.09176134462630393	0.24148135675975313	0.009501513	0.49340415	0.2307767077019019	0.9530295877931415	degenerated	True	pain_ligand:TNF
AF_inner	Fibroblast_like	ADAM17	IL6R	0.27175897	0.02	0.073846616	0.0626168609391758	-0.15035230364957858	0.0055022244	0.4935507	1.0	0.9547252387800996	degenerated	True	pain_receptor:IL6R
AF_inner	NP_stressed	FGF2	SDC4	0.7290517	0.01	0.5294737	0.07355501093229243	0.04043555721618164	0.013122342	0.72295123	0.3621460068969154	0.9548291998828062	degenerated	True	pain_ligand:FGF2
AF_inner	AF_inner	FGF2	FGFR3	0.48049358	0.0	0.18951795	0.20864805587653398	0.14781476104015337	0.019551504	0.60955644	0.16113522345973497	0.9549424853713018	degenerated	True	pain_ligand:FGF2
Fibrochondrocyte_chondroid	Fibrochondrocyte_chondroid	FGF2	FGFR3	0.48043343	0.03	0.1846204	0.2005827590483526	0.6865566763851901	0.019046253	0.60643643	0.33442439156980847	0.9551693333568578	degenerated	True	pain_ligand:FGF2
NP_stressed	Fibrochondrocyte_chondroid	PIGF	FLT1	0.29207417	0.0	0.07387943	0.1640153272983403	0.5025734440261478	0.009423865	0.49360627	0.2220487965916063	0.9556668565828862	degenerated	True	pain_receptor:FLT1
AF_outer	NP_fibrocartilaginous	FGF2	SDC2	0.7626573	1.0	0.52978295	-0.0661056670535481	-0.1838209737173686	0.0082872	0.72300965	1.0	0.9558495923668742	degenerated	True	pain_ligand:FGF2
Fibrochondrocyte_fibroid	EP_hyaline	FGF2	FGFRL1	0.5387743	0.91	0.17106739	-0.049688231051837256	-0.04145991890031048	0.0049675084	0.5973018	1.0	0.9561899681092116	degenerated	True	pain_ligand:FGF2
NP_stressed	Macrophage_M2	VEGFB	ADRB2	0.29139143	0.88	0.07395101	-0.07210420340444773	-0.2153580744059675	0.0055505945	0.49372727	1.0	0.9567964060226521	degenerated	True	pain_ligand:VEGFB
Macrophage_M2	AF_inner	TNFSF13B	HLA-DPB1	0.4798752	0.0	0.21513382	0.9190409396677813	0.7059921293284945	0.019663325	0.6245337	0.015267623538825359	0.9569844089127336	degenerated	True	pain_ligand:TNF
Fibrochondrocyte_chondroid	unassigned	ADAM10	IL6R	0.5192635	0.0	0.17097135	0.3861107919549716	1.1167901429244989	0.009993605	0.59723425	0.1737325758383536	0.9570978648033093	degenerated	True	pain_receptor:IL6R
Fibrochondrocyte_chondroid	NP_notochordal	GRN	TNFRSF1A	0.47984168	1.0	0.22676519	-0.2778479119315319	-0.09926493129429648	0.0024163793	0.6306867	1.0	0.9572115801449718	degenerated	True	pain_receptor:TNFRSF1A
NP_mature_chondrocyte	Macrophage_M2	NGF	KIDINS220	0.47977063	0.09	0.20393877	0.33367232356428245	0.5359909478653744	0.028614322	0.61824745	0.1319286778578338	0.9575522791251011	degenerated	True	pain_ligand:NGF
EP_hyaline	AF_outer	FGF2	SDC4	0.74140465	0.0	0.53110385	0.08236348259411991	0.16677736545812472	0.013162742	0.72325903	0.257568289138083	0.9588020331921974	degenerated	True	pain_ligand:FGF2
AF_inner	AF_outer	FGF2	FGFR1	0.80130947	0.0	0.6283015	0.05494738261867042	0.004884533397188751	0.01210914	0.739759	0.45608202227408207	0.9592758773069742	degenerated	True	pain_ligand:FGF2
NP_mature_chondrocyte	AF_inner	TNFSF10	TNFRSF10B	0.2760895	0.0	0.07414479	0.0927364721585531	0.11309942757207964	0.009551073	0.49405435	0.22829328478626543	0.9598065727115126	degenerated	True	pain_ligand:TNF
unassigned	EP_hyaline	GRN	TNFRSF1A	0.47931504	1.0	0.2058012	-0.28687427126776566	-0.04093553716485543	0.0021929902	0.6193197	1.0	0.9599389339389275	degenerated	True	pain_receptor:TNFRSF1A
Fibroblast_like	Fibrochondrocyte_chondroid	SEMA3C	NRP2_PLXNA3	0.47917408	0.0	0.17385696	0.333808286744405	0.43776542453866985	0.032732446	0.5992456	0.015267623538825359	0.9606217064429552	degenerated	True	pain_receptor:NRP2
Fibrochondrocyte_fibroid	Fibrochondrocyte_stressed	GRN	TNFRSF1A	0.77053595	0.32	0.53220594	0.034265622745820484	-0.017694985837581	0.0056711156	0.72346634	1.0	0.96084945290862	degenerated	True	pain_receptor:TNFRSF1A
Fibroblast_like	Fibrochondrocyte_fibroid	ADAM17	IL6R	0.3106653	0.04	0.07424555	0.15288675576157312	-0.09144851929787218	0.005531948	0.49422407	1.0	0.9614984785414358	degenerated	True	pain_receptor:IL6R
AF_outer	NP_mature_chondrocyte	FGF2	CD44	0.76544654	1.0	0.532767	-0.16058491977975373	-0.36696190460814915	0.0055955565	0.7235718	1.0	0.9623298025891361	degenerated	True	pain_ligand:FGF2
AF_outer	AF_outer	FGF2	FGFRL1	0.47887355	1.0	0.22617842	-0.1578655201168348	-0.3668097779480157	0.00656784	0.6303849	1.0	0.9623298025891361	degenerated	True	pain_ligand:FGF2
Macrophage_M2	AF_outer	VEGFA	GPC1	0.47886726	0.59	0.22839826	-0.034873866362270634	-0.02124044888205351	0.0069649047	0.631522	0.9844045252281257	0.9624439319595695	degenerated	True	pain_ligand:VEGFA
EP_hyaline	Fibroblast_like	FGF2	FGFR2	0.53573996	0.0	0.17007907	0.20366058793655928	0.30290451120419726	0.022815881	0.59660476	0.05575940425698853	0.9626717148986634	degenerated	True	pain_ligand:FGF2
NP_mature_chondrocyte	Fibroblast_like	GRN	TNFRSF1A	0.7516395	0.09	0.53300375	0.050488035193963166	-0.3312127375381918	0.0056796162	0.7236162	1.0	0.9627856198443965	degenerated	True	pain_receptor:TNFRSF1A
NP_fibrocartilaginous	Fibrochondrocyte_chondroid	SEMA3A	NRP2	0.47876883	0.72	0.18799241	-0.028407831619420083	0.15452548440993086	0.0071219993	0.6085943	1.0	0.9630137081854082	degenerated	True	pain_ligand:SEMA3A; pain_receptor:NRP2
Fibroblast_like	Macrophage_M2	PIGF	FLT1	0.28401595	0.12	0.07433269	0.16096141921588114	0.10817810215291335	0.0094816815	0.4943707	0.4835940471873938	0.9631894487290542	degenerated	True	pain_receptor:FLT1
NP_fibrocartilaginous	Fibrochondrocyte_chondroid	FGF2	FGFR1	0.79984516	0.1	0.58363396	0.05362860363869473	0.2756328199285324	0.011248271	0.7325979	0.45980670488922615	0.9636204410933408	degenerated	True	pain_ligand:FGF2
NP_notochordal	Fibrochondrocyte_fibroid	VEGFA	ITGAV	0.47863215	1.0	0.22897176	-0.17272955215614577	-0.1784485781377564	0.004352726	0.63181376	1.0	0.9636979377289017	degenerated	True	pain_ligand:VEGFA
EP_hyaline	AF_inner	FGF2	FGFR1	0.799559	0.01	0.63318825	0.05247285607344471	0.14048706918496046	0.012203322	0.7405041	0.3548528684824111	0.964421253258202	degenerated	True	pain_ligand:FGF2
AF_outer	AF_inner	VEGFA	NRP2	0.47824246	1.0	0.21239948	-0.26061065694119767	-0.672838876885842	0.002607757	0.62303275	1.0	0.9655237982604822	degenerated	True	pain_ligand:VEGFA; pain_receptor:NRP2
Fibrochondrocyte_chondroid	NP_fibrocartilaginous	FGF2	FGFR1	0.7987689	0.13	0.62733954	0.052072364099008936	0.40341715182842175	0.0120906	0.73961157	0.49509893589204534	0.9667100944589598	degenerated	True	pain_ligand:FGF2
NP_notochordal	Macrophage_M2	VEGFA	ITGB1	0.79830754	0.97	0.54190034	-0.3122210048254396	-0.3958470650712932	0.0030722185	0.7252685	1.0	0.9684275277862997	degenerated	True	pain_ligand:VEGFA
AF_outer	NP_stressed	VEGFA	ITGAV	0.28189644	1.0	0.074758194	-0.41337909413360485	-0.8905575223161586	0.0014211445	0.49508408	1.0	0.969006749230221	degenerated	True	pain_ligand:VEGFA
Fibrochondrocyte_stressed	NP_mature_chondrocyte	ADAM10	IL6R	0.4769636	0.0	0.17556918	0.35570128558221703	0.20805199887969228	0.010262357	0.6004218	0.15425174035531541	0.970442538824186	degenerated	True	pain_receptor:IL6R
NP_notochordal	Fibrochondrocyte_chondroid	VEGFA	ITGAV	0.476942	1.0	0.22731729	-0.17502483372971642	0.09368264626644607	0.004321275	0.6309698	1.0	0.9706718348263956	degenerated	True	pain_ligand:VEGFA
NP_stressed	Fibroblast_like	NGF	MAGED1	0.5944623	0.0	0.16890123	0.2621578257513171	0.15737428969885714	0.021397127	0.5957682	0.14879582228763988	0.9713594336466301	degenerated	True	pain_ligand:NGF
Fibrochondrocyte_chondroid	AF_inner	FGF2	FGFRL1	0.73380154	0.0	0.53698736	0.15764117034804287	0.5339410495122162	0.015593208	0.7243602	0.10038982176627574	0.9715888740495899	degenerated	True	pain_ligand:FGF2
Fibrochondrocyte_fibroid	AF_inner	FGF2	SDC4	0.5330095	0.99	0.16883636	-0.14206372858043645	-0.3068366513826209	0.0041843974	0.595722	1.0	0.9719329758704702	degenerated	True	pain_ligand:FGF2
NP_fibrocartilaginous	Fibrochondrocyte_stressed	FGF2	SDC2	0.47663665	1.0	0.21973212	-0.3612649574623349	-0.6044287076282063	0.0034371887	0.62701	1.0	0.9720476101741449	degenerated	True	pain_ligand:FGF2
Fibrochondrocyte_fibroid	AF_inner	PGF	NRP2	0.47660512	0.0	0.21041511	0.5014802895212888	0.4266371574384498	0.022217276	0.6219298	0.015267623538825359	0.9721622534911343	degenerated	True	pain_receptor:NRP2
Fibrochondrocyte_fibroid	Fibroblast_like	CXCL2	DPP4	0.27397007	0.02	0.07496796	0.19418828285863887	0.13438265342263156	0.015070386	0.4954343	0.30449961405007375	0.9721921823362861	degenerated	True	pain_ligand:CXCL2
Fibrochondrocyte_chondroid	Fibrochondrocyte_chondroid	FGF2	CD44	0.79726124	0.98	0.62524277	-0.11864776633667878	0.48046115267150247	0.0065668127	0.7392889	1.0	0.972437806246452	degenerated	True	pain_ligand:FGF2
Fibrochondrocyte_chondroid	NP_stressed	FGF2	SDC4	0.7348068	0.09	0.53838533	0.07996926445018826	0.44685292287528866	0.013343206	0.7246196	0.44516393225691697	0.9737692199832213	degenerated	True	pain_ligand:FGF2
Fibroblast_like	Macrophage_M2	SEMA3C	NRP2_PLXNA3	0.47615403	0.67	0.16953653	-0.07048848583979303	-0.26501836011294044	0.0068537947	0.5962202	1.0	0.9741138363814199	degenerated	True	pain_receptor:NRP2
Fibroblast_like	EP_hyaline	FGF2	SDC2	0.7392765	1.0	0.53898114	-0.08569864344590727	-0.22217622616674482	0.008431083	0.72472996	1.0	0.9748033130777477	degenerated	True	pain_ligand:FGF2
AF_outer	Fibrochondrocyte_chondroid	SEMA3C	NRP2_PLXNA3	0.47600305	0.0	0.17231546	0.3296870271365028	0.6636571603024287	0.032442227	0.59817576	0.015267623538825359	0.9748033130777477	degenerated	True	pain_receptor:NRP2
Macrophage_M2	Fibrochondrocyte_stressed	TNFSF10	TNFRSF10D	0.27566457	0.33	0.07528698	0.05524878368074667	0.11101942274978888	0.010048175	0.4959651	0.708390852304972	0.974813014311311	degenerated	True	pain_ligand:TNF
NP_stressed	NP_mature_chondrocyte	FGF2	SDC4	0.73778284	0.0	0.53914016	0.08432821484038769	0.12798964491269593	0.013361913	0.7247594	0.2519781225181135	0.9751481733950531	degenerated	True	pain_ligand:FGF2
EP_hyaline	Macrophage_M2	PDGFA	PDGFRA	0.27745193	0.65	0.07534466	-0.0020524041955144456	0.09042164678222009	0.009092676	0.4960608	1.0	0.9757484560711607	degenerated	True	pain_ligand:PDGFA
NP_mature_chondrocyte	NP_stressed	FGF2	FGFR1	0.7961757	0.04	0.55393964	0.04815001580028133	0.18921724493147973	0.010675977	0.7274522	0.3701308496723248	0.9761075513640249	degenerated	True	pain_ligand:FGF2
NP_mature_chondrocyte	Fibrochondrocyte_fibroid	FGF2	FGFR1	0.7896106	0.23	0.5397728	0.04079794188845928	0.3198407279283103	0.010402943	0.72487634	0.605933680071204	0.9768734411537974	degenerated	True	pain_ligand:FGF2
Fibroblast_like	Fibrochondrocyte_chondroid	NGF	KIDINS220	0.28443396	0.48	0.07544569	0.025801913695679232	0.1994398691700061	0.010585665	0.49622828	0.8612308730409234	0.9770575699107422	degenerated	True	pain_ligand:NGF
NP_mature_chondrocyte	Fibroblast_like	FGF2	SDC3	0.61732215	0.0	0.16799465	0.3387611805271842	0.506091629933254	0.017125651	0.59512	0.015267623538825359	0.9773338390503703	degenerated	True	pain_ligand:FGF2
Fibrochondrocyte_fibroid	AF_outer	TNFSF10	TNFRSF10B	0.51373196	0.0	0.1679666	0.5270268156815603	0.4558215742363235	0.021636875	0.5950999	0.015267623538825359	0.9776792958978657	degenerated	True	pain_ligand:TNF
Fibrochondrocyte_fibroid	Fibrochondrocyte_stressed	FGF2	SDC2	0.29191345	1.0	0.0755294	-0.5671493973100729	-0.884169821573304	0.0011814785	0.4963669	1.0	0.9779923718577417	degenerated	True	pain_ligand:FGF2
Macrophage_M2	Fibroblast_like	VEGFA	ITGAV	0.47530055	0.73	0.22476643	-0.1810103891728553	-0.35681035067583433	0.004272783	0.62965506	1.0	0.9781399469379101	degenerated	True	pain_ligand:VEGFA
Fibrochondrocyte_chondroid	NP_mature_chondrocyte	VEGFB	ADRB2	0.2816769	1.0	0.07561645	-0.10076366663083086	-0.03187158995326028	0.005675598	0.4965109	1.0	0.9793005179648553	degenerated	True	pain_ligand:VEGFB
Fibrochondrocyte_chondroid	EP_hyaline	VEGFB	ADRB2	0.2816822	1.0	0.075618796	-0.10075365592188149	-0.008068505095460254	0.0056757745	0.49651474	1.0	0.9794873425493814	degenerated	True	pain_ligand:VEGFB
NP_stressed	NP_notochordal	ADAM17	IL6R	0.48244888	0.0	0.16768642	0.37192569296612027	0.5907634043050269	0.012494117	0.5948987	0.06128491759765426	0.979983998057725	degenerated	True	pain_receptor:IL6R
AF_inner	Fibrochondrocyte_chondroid	FGF2	FGFR3	0.4746784	0.0	0.18156445	0.19416850553045675	0.2801393107260831	0.018730989	0.60444283	0.06351730939153907	0.9802147945181752	degenerated	True	pain_ligand:FGF2
EP_hyaline	NP_mature_chondrocyte	FGF2	FGFRL1	0.79455537	0.0	0.6244048	0.2198929463912487	0.4683118046793662	0.018131662	0.7391597	0.04480155293723719	0.9813885950798159	degenerated	True	pain_ligand:FGF2
Fibrochondrocyte_chondroid	Fibrochondrocyte_stressed	ADAM10	IL6R	0.5103304	0.0	0.16730599	0.37269956074943666	0.5032751553770909	0.009779358	0.594625	0.1909093746115206	0.983332436642663	degenerated	True	pain_receptor:IL6R
NP_fibrocartilaginous	AF_outer	PDGFA	PDGFRA	0.5330236	0.0	0.1672996	0.2594196282026138	0.35974817140425264	0.020189902	0.59462047	0.025019514417853442	0.9834482205633136	degenerated	True	pain_ligand:PDGFA
NP_fibrocartilaginous	Macrophage_M2	PDGFC	FLT1	0.28819743	0.18	0.07604241	0.07649942052047913	0.10503506578715688	0.006916406	0.49721298	0.6410859054451993	0.9849006076436526	degenerated	True	pain_receptor:FLT1
AF_inner	NP_fibrocartilaginous	FGF2	FGFR1	0.7930139	0.01	0.61695546	0.045658110581113104	-0.003000213830685272	0.01189047	0.73800105	0.480123363224208	0.9862161539345675	degenerated	True	pain_ligand:FGF2
Macrophage_M2	NP_mature_chondrocyte	ADAM17	IL6R	0.27756137	0.33	0.07622985	0.07747554518035116	-0.14899224120309784	0.005679796	0.49752074	1.0	0.9865786095211194	degenerated	True	pain_receptor:IL6R
NP_notochordal	Fibrochondrocyte_stressed	VEGFA	ITGAV	0.47314456	1.0	0.22359999	-0.18018185308963303	-0.1434791310103386	0.00425061	0.6290482	1.0	0.9870361515175291	degenerated	True	pain_ligand:VEGFA
Fibroblast_like	AF_outer	FGF2	SDC2	0.74416816	1.0	0.5453636	-0.08063177719536177	-0.3814895069155049	0.008530921	0.7259027	1.0	0.9872680538479366	degenerated	True	pain_ligand:FGF2
Fibrochondrocyte_stressed	Fibrochondrocyte_stressed	PDGFC	FLT1	0.29068786	0.09	0.07628684	0.10092431773557543	0.16743769562277144	0.0069386372	0.49761415	0.6353021599377738	0.9873240947349315	degenerated	True	pain_receptor:FLT1
Macrophage_M2	NP_fibrocartilaginous	SEMA3A	NRP2	0.473009	0.5	0.16804568	-0.041640001903934215	-0.011891379882411901	0.0063663283	0.5951566	0.8803076715103642	0.9876158475650318	degenerated	True	pain_ligand:SEMA3A; pain_receptor:NRP2
NP_stressed	AF_outer	FGF2	FGFR1	0.79227555	0.06	0.6117013	0.04487837375963194	-0.013749155702460936	0.011789208	0.7371733	0.5130240970743337	0.9878264136453965	degenerated	True	pain_ligand:FGF2
AF_outer	Macrophage_M2	SEMA3C	NRP2_PLXNA3	0.472983	0.7	0.16803336	-0.07460974544769527	-0.03912662434918157	0.0067930263	0.5951478	1.0	0.9878475848812849	degenerated	True	pain_receptor:NRP2
unassigned	AF_outer	VEGFA	ITGAV	0.47296494	1.0	0.22355027	-0.17497631749448866	0.05471408432139335	0.004249664	0.62902224	1.0	0.9879634671320661	degenerated	True	pain_ligand:VEGFA
EP_hyaline	NP_fibrocartilaginous	FGF2	SDC4	0.79199433	0.0	0.6199091	0.14171486844655112	0.2864835701237115	0.015363669	0.7384625	0.12522346506946982	0.9890922269060431	degenerated	True	pain_ligand:FGF2
AF_outer	Macrophage_M2	FGF2	FGFR3	0.47249553	0.1	0.21935491	0.29115411860319573	0.24080966312139285	0.022629617	0.6268091	0.45980670488922615	0.9895877947434225	degenerated	True	pain_ligand:FGF2
EP_hyaline	NP_notochordal	ADAM17	IL6R	0.48159516	0.0	0.16642714	0.3703586088447429	0.7172960486971194	0.01240029	0.59399015	0.06384667744649607	0.9904006257687816	degenerated	True	pain_receptor:IL6R
AF_outer	NP_fibrocartilaginous	SEMA3E	NRP2	0.47225463	0.0	0.16697599	0.03002118764047411	-0.02795140386455014	0.012582089	0.59438705	0.5584665863869842	0.990516963852166	degenerated	True	pain_receptor:NRP2
NP_fibrocartilaginous	Fibrochondrocyte_chondroid	VEGFA	GPC1	0.47216877	1.0	0.18788852	-0.09794310432898852	-0.15514053582697396	0.005729578	0.60852844	1.0	0.9910977654819065	degenerated	True	pain_ligand:VEGFA
NP_mature_chondrocyte	AF_inner	TNFSF10	TNFRSF10D	0.27966106	0.01	0.076442756	0.07171422611774614	0.0926441040316594	0.010202431	0.4978694	0.2875266714764945	0.991421000013682	degenerated	True	pain_ligand:TNF
AF_inner	Fibrochondrocyte_chondroid	FGF2	CD44	0.7915062	1.0	0.6148934	-0.12506201985457463	0.07404378701239545	0.0064581153	0.7376772	1.0	0.9918549873266531	degenerated	True	pain_ligand:FGF2
Fibrochondrocyte_stressed	AF_inner	TNFSF13B	TFRC	0.47196275	0.0	0.21310768	0.656805440174453	0.2842952315352408	0.02036919	0.6234236	0.045882778707009526	0.9922603063346913	degenerated	True	pain_ligand:TNF
unassigned	AF_inner	VEGFA	GPC1	0.31342947	1.0	0.076490425	-0.29400635186343177	-0.10786642193861207	0.002332542	0.49794734	1.0	0.9923512688654903	degenerated	True	pain_ligand:VEGFA
Fibroblast_like	NP_mature_chondrocyte	NGF	KIDINS220	0.2870466	0.16	0.07654595	0.029401610997751248	-0.11349524621826335	0.01074004	0.498038	0.8607267800287995	0.9932813530128362	degenerated	True	pain_ligand:NGF
Macrophage_M2	Fibroblast_like	PGF	NRP2	0.47169304	0.01	0.21705158	0.5567880275935851	0.2554948179074503	0.022918006	0.62557364	0.2656303402238959	0.9937727369201641	degenerated	True	pain_receptor:NRP2
unassigned	AF_outer	VEGFA	NRP2	0.47158107	1.0	0.22227463	-0.2783998302259542	-0.14093756947900016	0.0027289996	0.6283543	1.0	0.9941220565167677	degenerated	True	pain_ligand:VEGFA; pain_receptor:NRP2
Fibrochondrocyte_fibroid	AF_inner	GRN	TNFRSF1A	0.790909	0.17	0.57370865	0.059101206978297585	-0.01576093943129575	0.006113363	0.7309145	0.8936947396913605	0.9943890568936542	degenerated	True	pain_receptor:TNFRSF1A
NP_stressed	AF_inner	FGF2	FGFR3	0.4714596	0.01	0.18451074	0.1985790470174955	0.12918107194050368	0.01903494	0.6063655	0.2656303402238959	0.9948209412684308	degenerated	True	pain_ligand:FGF2
NP_fibrocartilaginous	Fibrochondrocyte_stressed	SEMA3E	NRP2	0.2923443	1.0	0.0766496	-0.18993773931494484	-0.2964708377131002	0.0057757525	0.49820715	1.0	0.9955122393773536	degenerated	True	pain_receptor:NRP2
NP_stressed	NP_fibrocartilaginous	NGF	KIDINS220	0.31482542	0.0	0.07665123	0.05119782502802031	0.022243912730731452	0.010754812	0.4982098	0.407747453267475	0.9958838758673769	degenerated	True	pain_ligand:NGF
Fibrochondrocyte_fibroid	EP_hyaline	FGF2	CD44	0.52502716	1.0	0.16574708	-0.41921660612482736	-0.6068184309066453	0.001740812	0.59349626	1.0	0.995986391213801	degenerated	True	pain_ligand:FGF2
Fibrochondrocyte_fibroid	AF_outer	TNFSF10	TNFRSF11B	0.7900063	0.0	0.6229884	0.4993783084419151	0.5127704284320299	0.027821267	0.7389408	0.015267623538825359	0.9983082619718349	degenerated	True	pain_ligand:TNF
AF_outer	AF_outer	FGF2	SDC3	0.33923602	1.0	0.07678792	0.016395026924937772	-0.09896095445009567	0.007827886	0.49843252	1.0	0.9984842499963247	degenerated	True	pain_ligand:FGF2
NP_stressed	EP_hyaline	FGF2	SDC2	0.74597377	1.0	0.55004704	-0.07823441971309213	-0.07740260234657026	0.008604183	0.7267525	1.0	0.998903868702256	degenerated	True	pain_ligand:FGF2
Macrophage_M2	NP_mature_chondrocyte	TNFSF10	TNFRSF10B	0.27878723	0.22	0.07684289	0.09037685797257389	0.16802009218207803	0.009898635	0.49852198	0.5957634215688243	0.9990411363424166	degenerated	True	pain_ligand:TNF
Fibrochondrocyte_chondroid	EP_hyaline	FGF2	FGFRL1	0.78970426	0.0	0.61473304	0.2299875038189458	0.7800775845507714	0.01785081	0.737652	0.038749932567604346	0.9995769604711275	degenerated	True	pain_ligand:FGF2
Fibroblast_like	AF_inner	PDGFC	FLT1	0.31863654	0.0	0.07687388	0.1207988671076646	-0.0033335829092140112	0.006992032	0.4985724	0.6209605529710002	0.9997835931276727	degenerated	True	pain_receptor:FLT1
NP_fibrocartilaginous	NP_mature_chondrocyte	FGF2	FGFR1	0.77026534	0.0	0.55033	0.02050330423551759	-0.03933954504880066	0.010606409	0.7268036	0.5939372074556653	0.9998386014449845	degenerated	True	pain_ligand:FGF2
AF_outer	Fibrochondrocyte_fibroid	VEGFA	ITGA9	0.28492218	1.0	0.076879285	0.35132447780165676	-0.31210339636665696	0.013079462	0.49858117	1.0	0.9999691530361623	degenerated	True	pain_ligand:VEGFA
unassigned	NP_stressed	VEGFA	ITGAV	0.33709306	1.0	0.09830351	-0.35949368941182325	-0.18996911584001025	0.0018687379	0.52927554	1.0	1.0	degenerated	True	pain_ligand:VEGFA
NP_fibrocartilaginous	AF_inner	VEGFA	SIRPA	0.4394677	1.0	0.14476246	-0.14275865450207056	-0.41108027197398406	0.0030135936	0.57706916	1.0	1.0	degenerated	True	pain_ligand:VEGFA
Fibrochondrocyte_fibroid	Fibroblast_like	ADAM17	IL6R	0.34625673	0.0	0.114712305	0.19935980102708267	0.024113761609194984	0.008547079	0.5484525	0.40362990412504934	1.0	degenerated	True	pain_receptor:IL6R
Fibrochondrocyte_fibroid	Fibroblast_like	ADAM10	IL6R	0.37893766	0.0	0.1326394	0.19388203865521939	0.06498284157263673	0.007753028	0.566362	0.45168730490335757	1.0	degenerated	True	pain_receptor:IL6R
Fibrochondrocyte_fibroid	EP_hyaline	PDGFA	PDGFRA	0.37546024	0.08	0.1306268	0.10021169246895736	0.20976375818911858	0.015764186	0.5644835	0.4291411521018365	1.0	degenerated	True	pain_ligand:PDGFA
Fibrochondrocyte_fibroid	EP_hyaline	FGF2	FGFR1	0.4621859	1.0	0.1414268	-0.32352354411377665	-0.41846171753301503	0.002725693	0.5742219	1.0	1.0	degenerated	True	pain_ligand:FGF2
Fibrochondrocyte_fibroid	EP_hyaline	FGF2	SDC2	0.5098328	1.0	0.1598667	-0.3414268922069409	-0.4738890510388954	0.002500736	0.5891316	1.0	1.0	degenerated	True	pain_ligand:FGF2
Fibrochondrocyte_fibroid	EP_hyaline	FGF2	SDC4	0.42909473	1.0	0.12862013	-0.2639767377228739	-0.35170544160429024	0.0031876888	0.56257963	1.0	1.0	degenerated	True	pain_ligand:FGF2
Fibrochondrocyte_fibroid	Fibroblast_like	FGF2	FGFRL1	0.47189742	0.99	0.14518528	-0.13623654318327263	-0.4118825571392804	0.0042159357	0.577425	1.0	1.0	degenerated	True	pain_ligand:FGF2
Fibrochondrocyte_fibroid	Fibroblast_like	FGF2	SDC2	0.38158524	1.0	0.11023341	-0.47426652046376794	-0.9531787027103769	0.0017243407	0.5435162	1.0	1.0	degenerated	True	pain_ligand:FGF2
Fibrochondrocyte_fibroid	Fibroblast_like	FGF2	SDC4	0.47169212	1.0	0.14510582	-0.21400149098933546	-0.5493524226377493	0.0035962656	0.57735825	1.0	1.0	degenerated	True	pain_ligand:FGF2
NP_mature_chondrocyte	AF_outer	FGF2	SDC1	0.5889801	0.0	0.10683584	0.2902258819586594	0.49969020006139486	0.038305204	0.53962994	0.015806464756453142	1.0	degenerated	True	pain_ligand:FGF2
NP_mature_chondrocyte	AF_outer	FGF2	SDC3	0.61124533	0.0	0.1548816	0.31956462984212675	0.52760447156643	0.015788885	0.58529216	0.01583373490712642	1.0	degenerated	True	pain_ligand:FGF2
Fibrochondrocyte_fibroid	AF_outer	TNFSF10	RIPK1	0.47939232	0.0	0.11140945	0.5331297287403507	0.5180211280834058	0.022199769	0.54483235	0.015267623538825359	1.0	degenerated	True	pain_ligand:TNF
Fibrochondrocyte_fibroid	AF_outer	TNFSF10	TNFRSF10D	0.48274776	0.0	0.11693585	0.45437072521257854	0.3329366966601316	0.015606841	0.5508286	0.027366893716498163	1.0	degenerated	True	pain_ligand:TNF
Fibrochondrocyte_fibroid	AF_outer	PDGFA	PDGFRB	0.30377024	0.0	0.09137556	0.3041652636003076	0.40843754210721744	0.043224376	0.52016294	0.015267623538825359	1.0	degenerated	True	pain_ligand:PDGFA
Fibrochondrocyte_fibroid	AF_outer	PGF	NRP2	0.41474712	0.0	0.16745694	0.4298057115147505	0.25795005836914325	0.017681414	0.5947337	0.059534432227490025	1.0	degenerated	True	pain_receptor:NRP2
NP_mature_chondrocyte	AF_outer	NGF	KIDINS220	0.38120478	0.0	0.14129433	0.19786615274278976	0.2842817998996463	0.019824782	0.5741073	0.06049808284735461	1.0	degenerated	True	pain_ligand:NGF
NP_mature_chondrocyte	AF_outer	SEMA3E	NRP2	0.4387863	0.8	0.19064328	0.04082151876001057	0.04560007794568477	0.014365482	0.6102608	1.0	1.0	degenerated	True	pain_receptor:NRP2
Fibrochondrocyte_fibroid	AF_outer	CXCL2	DPP4	0.33278316	0.0	0.10832	0.3142948887682652	0.3722195895107017	0.021774959	0.54134315	0.017817132096997444	1.0	degenerated	True	pain_ligand:CXCL2
Fibrochondrocyte_fibroid	AF_outer	FGF2	FGFRL1	0.30816528	1.0	0.081819035	-0.34812974988793965	-0.6503450492304055	0.0023758868	0.50636494	1.0	1.0	degenerated	True	pain_ligand:FGF2
Fibrochondrocyte_fibroid	AF_outer	FGF2	SDC2	0.51472443	1.0	0.16175981	-0.33636002595639536	-0.6332023317876554	0.002530349	0.5905556	1.0	1.0	degenerated	True	pain_ligand:FGF2
Fibrochondrocyte_fibroid	AF_outer	FGF2	SDC4	0.3993064	1.0	0.1170917	-0.2989244348113074	-0.5548118213564439	0.0029019709	0.5509933	1.0	1.0	degenerated	True	pain_ligand:FGF2
NP_mature_chondrocyte	AF_outer	PDGFA	PDGFRA	0.5273941	0.0	0.15745027	0.24734946881381514	0.35251311558410137	0.019001273	0.587287	0.029853740226614512	1.0	degenerated	True	pain_ligand:PDGFA
NP_mature_chondrocyte	AF_outer	TNFSF11	TNFRSF11B	0.48604542	1.0	0.16308564	0.0669127793048427	0.1363493255599425	0.019281542	0.59154207	1.0	1.0	degenerated	True	pain_ligand:TNF
Fibrochondrocyte_fibroid	Fibroblast_like	PGF	NRP2	0.44635016	0.0	0.18940413	0.4664240723358191	0.24774356719093332	0.019998772	0.609485	0.0659094887166707	1.0	degenerated	True	pain_receptor:NRP2
Fibrochondrocyte_fibroid	AF_inner	PDGFA	PDGFRA	0.29478312	0.97	0.08645497	-0.00028675905801028856	-0.09490947487209972	0.010433481	0.5132515	1.0	1.0	degenerated	True	pain_ligand:PDGFA
Fibrochondrocyte_fibroid	Fibrochondrocyte_chondroid	ADAM10	IL6R	0.3437268	0.03	0.09858344	0.14102014383482947	0.22635252731230687	0.005762392	0.5296297	1.0	1.0	degenerated	True	pain_receptor:IL6R
Fibrochondrocyte_fibroid	AF_inner	FGF2	FGFR1	0.45746073	1.0	0.1395981	-0.3288150613319826	-0.5811021176296081	0.002690449	0.57263017	1.0	1.0	degenerated	True	pain_ligand:FGF2
Fibrochondrocyte_fibroid	AF_inner	FGF2	FGFRL1	0.48287156	0.99	0.14943239	-0.1220345645227402	-0.2875964539388656	0.0043392647	0.58093876	1.0	1.0	degenerated	True	pain_ligand:FGF2
Fibrochondrocyte_fibroid	Fibrochondrocyte_chondroid	ADAM17	IL6R	0.31104594	0.02	0.085259244	0.14649790620669273	0.18548344734886513	0.0063525657	0.5115116	0.8133882836030712	1.0	degenerated	True	pain_receptor:IL6R
Fibrochondrocyte_fibroid	AF_inner	ADAM10	IL6R	0.35028383	0.01	0.10492537	0.15086411580410608	0.0757962730340368	0.0061330907	0.53738785	0.8864121721082222	1.0	degenerated	True	pain_receptor:IL6R
Fibrochondrocyte_fibroid	AF_inner	ADAM17	IL6R	0.31760293	0.01	0.090744026	0.15634187817596937	0.03492719307059505	0.00676123	0.51929736	0.6840638587418759	1.0	degenerated	True	pain_receptor:IL6R
NP_mature_chondrocyte	EP_hyaline	GRN	TNFRSF1A	0.44872737	1.0	0.18594466	-0.3187735499135908	-0.627953321509908	0.0019814016	0.60728896	1.0	1.0	degenerated	True	pain_receptor:TNFRSF1A
Fibrochondrocyte_fibroid	Fibrochondrocyte_chondroid	FGF2	FGFRL1	0.43182182	1.0	0.12967555	-0.18810034369194176	-0.17546785719502117	0.0037655593	0.5635849	1.0	1.0	degenerated	True	pain_ligand:FGF2
Fibrochondrocyte_fibroid	Fibrochondrocyte_chondroid	FGF2	SDC4	0.39276984	1.0	0.11456198	-0.3065931994690256	-0.3173675441704589	0.002839275	0.5482901	1.0	1.0	degenerated	True	pain_ligand:FGF2
NP_mature_chondrocyte	AF_inner	NGF	KIDINS220	0.29137614	0.17	0.084202915	0.07409792389523236	0.09776139427778568	0.011814376	0.509954	0.5432390324553537	1.0	degenerated	True	pain_ligand:NGF
NP_mature_chondrocyte	AF_inner	NGF	MAGED1	0.3176344	1.0	0.100891605	-0.008830932721497486	0.011916898467643267	0.012781379	0.53251153	1.0	1.0	degenerated	True	pain_ligand:NGF
NP_mature_chondrocyte	EP_hyaline	NGF	MAGED1	0.39995086	0.1	0.15320858	0.09171830626436625	0.32161980019544567	0.019409118	0.58397347	0.45980670488922615	1.0	degenerated	True	pain_ligand:NGF
NP_mature_chondrocyte	EP_hyaline	PDGFA	PDGFRA	0.32857347	0.81	0.08588149	-0.00031869636364276893	0.11189061929537161	0.010364273	0.51242006	1.0	1.0	degenerated	True	pain_ligand:PDGFA
NP_mature_chondrocyte	EP_hyaline	PDGFC	FLT1	0.31719	0.0	0.0934333	0.1266306036873892	0.2690131940640709	0.008498186	0.52294147	0.33009153416375914	1.0	degenerated	True	pain_receptor:FLT1
Fibrochondrocyte_fibroid	Fibrochondrocyte_chondroid	PIGF	FLT1	0.34375933	0.0	0.115121655	0.26640077465869116	0.6633138027620572	0.014684614	0.5488935	0.025009901233422647	1.0	degenerated	True	pain_receptor:FLT1
NP_mature_chondrocyte	EP_hyaline	VEGFB	ADRB2	0.31981146	1.0	0.1017544	-0.05582992453278468	-0.20731544613087577	0.0076374537	0.53357124	1.0	1.0	degenerated	True	pain_ligand:VEGFB
Fibrochondrocyte_fibroid	Fibrochondrocyte_chondroid	PTGS2	CAV1	0.4541953	1.0	0.20062023	-0.5379410064132253	-1.0584777237737097	0.0014578482	0.6163095	1.0	1.0	degenerated	True	pain_ligand:PTGS2
Fibrochondrocyte_chondroid	NP_notochordal	ADAM10	IL6R	0.47134727	0.0	0.15131071	0.3141742912854474	0.6531276330974127	0.008844404	0.5824585	0.19989623255458613	1.0	degenerated	True	pain_receptor:IL6R
Fibrochondrocyte_chondroid	NP_mature_chondrocyte	IL11	IL6R	0.31505996	0.0	0.094911106	0.2151956909494951	0.4352359891165907	0.013461363	0.5248985	0.04783750423564496	1.0	degenerated	True	pain_receptor:IL6R
Fibrochondrocyte_chondroid	NP_mature_chondrocyte	PDGFC	FLT1	0.34699476	0.0	0.11842344	0.19318261942969536	0.5327772386065959	0.010771154	0.55239195	0.12305002534990432	1.0	degenerated	True	pain_receptor:FLT1
Fibrochondrocyte_fibroid	Fibrochondrocyte_fibroid	ADAM10	IL6R	0.3225217	0.12	0.0780738	0.10918489542312068	0.018055062307810676	0.0045635644	0.50050837	1.0	1.0	degenerated	True	pain_receptor:IL6R
Fibrochondrocyte_chondroid	NP_mature_chondrocyte	FGF2	FGFR2	0.4210579	0.3	0.10204498	0.04462871050709923	0.4138184859618342	0.013689199	0.5339261	0.6794968525083266	1.0	degenerated	True	pain_ligand:FGF2
Fibrochondrocyte_chondroid	NP_mature_chondrocyte	FGF2	FGFR3	0.4646607	0.04	0.16268477	0.16130950771236927	0.5816457796612082	0.016783277	0.59124476	0.3584695918733907	1.0	degenerated	True	pain_ligand:FGF2
Fibrochondrocyte_chondroid	NP_mature_chondrocyte	FGF2	SDC4	0.7525718	0.0	0.5630918	0.100811477217322	0.5530406996714526	0.013955524	0.7290736	0.20852653421664374	1.0	degenerated	True	pain_ligand:FGF2
Fibrochondrocyte_chondroid	NP_mature_chondrocyte	ADAM17	IL6R	0.28786674	0.0	0.081363834	0.0963913491098857	0.22038730499923642	0.0060623237	0.5056677	0.912953642648667	1.0	degenerated	True	pain_receptor:IL6R
Fibrochondrocyte_fibroid	Fibrochondrocyte_fibroid	FGF2	FGFR1	0.34689298	1.0	0.09680711	-0.4526358907998345	-0.5902599693706052	0.0018657458	0.5273643	1.0	1.0	degenerated	True	pain_ligand:FGF2
Fibrochondrocyte_chondroid	NP_fibrocartilaginous	FGF2	SDC1	0.4066359	0.18	0.08198784	0.11070687495752327	0.4649127800546532	0.029396137	0.50662255	0.554541636202436	1.0	degenerated	True	pain_ligand:FGF2
Fibrochondrocyte_chondroid	NP_fibrocartilaginous	FGF2	SDC3	0.40736985	0.27	0.083008595	0.06762113762983006	0.4237663973910474	0.008462032	0.5081689	0.6490693550847351	1.0	degenerated	True	pain_ligand:FGF2
NP_mature_chondrocyte	Fibroblast_like	CXCL8	SDC2	0.43292087	1.0	0.1687216	-0.2660543443293083	-1.199940956471191	0.001735113	0.59564006	1.0	1.0	degenerated	True	pain_ligand:CXCL8
Fibrochondrocyte_fibroid	Fibrochondrocyte_fibroid	TNFSF10	TNFRSF10A	0.50307435	0.0	0.15041356	0.7735830571252591	0.7781764396347743	0.04916758	0.5817352	0.006137156538446005	1.0	degenerated	True	pain_ligand:TNF
NP_mature_chondrocyte	Fibroblast_like	IL11	IL6R	0.29396036	0.0	0.08602516	0.17085395339760948	0.17675256766230796	0.012201059	0.51262885	0.12567448815601484	1.0	degenerated	True	pain_receptor:IL6R
Fibrochondrocyte_chondroid	Macrophage_M2	VEGFB	ADRB2	0.30835623	0.84	0.087389536	-0.05211640390221489	-0.013419902381692328	0.0065592597	0.5145944	1.0	1.0	degenerated	True	pain_ligand:VEGFB
NP_mature_chondrocyte	Fibroblast_like	NGF	KIDINS220	0.4369602	0.0	0.1767302	0.27468718200673253	0.29887054055282913	0.024796734	0.6012122	0.039788015364927674	1.0	degenerated	True	pain_ligand:NGF
NP_mature_chondrocyte	Fibroblast_like	NGF	SORCS2	0.32569885	0.0	0.106017016	0.5737198493511377	0.5828274567715032	0.108158395	0.5386741	0.015267623538825359	1.0	degenerated	True	pain_ligand:NGF
Fibrochondrocyte_chondroid	Macrophage_M2	SEMA3A	NRP2	0.30733258	0.88	0.089509144	-0.2097799346275585	-0.10228989717637432	0.0033910095	0.51758695	1.0	1.0	degenerated	True	pain_ligand:SEMA3A; pain_receptor:NRP2
NP_mature_chondrocyte	Fibroblast_like	SEMA3E	NRP2	0.47038934	0.04	0.21562932	0.07743987958107917	0.03539358676747484	0.016248249	0.6248033	0.3739165789561937	1.0	degenerated	True	pain_receptor:NRP2
Fibrochondrocyte_chondroid	Macrophage_M2	FGF2	FGFRL1	0.427228	0.92	0.11062594	-0.23910952986199263	-0.07309985046165224	0.0032123905	0.5439572	1.0	1.0	degenerated	True	pain_ligand:FGF2
Fibrochondrocyte_chondroid	Macrophage_M2	FGF2	GPC4	0.42987227	0.07	0.11430338	0.2798894372852691	0.5231133459611657	0.048595063	0.54801023	0.2279142862975772	1.0	degenerated	True	pain_ligand:FGF2
Fibrochondrocyte_chondroid	Macrophage_M2	FGF2	SDC4	0.43987185	0.95	0.12821013	-0.26604924790513124	-0.13805877104409842	0.003177527	0.5621867	1.0	1.0	degenerated	True	pain_ligand:FGF2
Fibrochondrocyte_fibroid	Fibrochondrocyte_stressed	PGF	NRP2	0.36673403	0.32	0.13411352	0.3741731032627367	0.270482574736655	0.014160756	0.56771874	0.4606823824981504	1.0	degenerated	True	pain_receptor:NRP2
Fibrochondrocyte_fibroid	Fibrochondrocyte_stressed	PIGF	FLT1	0.33492723	0.0	0.11002477	0.25007698363097525	0.4167229917082221	0.014034471	0.54328114	0.03243619703681298	1.0	degenerated	True	pain_receptor:FLT1
NP_mature_chondrocyte	Fibroblast_like	TNFSF10	RIPK1	0.29616567	0.0	0.087061934	0.21428702571773395	0.2412471592373573	0.017348213	0.5141253	0.0698518078789972	1.0	degenerated	True	pain_ligand:TNF
NP_mature_chondrocyte	Fibroblast_like	TNFSF10	TNFRSF10B	0.34424958	0.0	0.117999434	0.20389422826930573	0.19999735772812044	0.015200278	0.5519484	0.10314346325476124	1.0	degenerated	True	pain_ligand:TNF
NP_mature_chondrocyte	Fibroblast_like	TNFSF10	TNFRSF10D	0.3265652	0.0	0.1066212	0.14357556602237015	0.13673996668734134	0.014230196	0.53938013	0.17625496763965195	1.0	degenerated	True	pain_ligand:TNF
Fibrochondrocyte_chondroid	Fibrochondrocyte_stressed	PDGFC	FLT1	0.3418936	0.0	0.115337506	0.18375432646697767	0.5031510219828857	0.010490474	0.5491254	0.13936230973867966	1.0	degenerated	True	pain_receptor:FLT1
Fibrochondrocyte_chondroid	Fibrochondrocyte_stressed	SEMA3A	NRP2	0.3819415	0.99	0.14586087	-0.12333095552349972	0.02520186726474588	0.005525867	0.57799137	1.0	1.0	degenerated	True	pain_ligand:SEMA3A; pain_receptor:NRP2
Fibrochondrocyte_chondroid	Fibrochondrocyte_stressed	SEMA3E	NRP2	0.34406054	0.99	0.1165989	-0.09792323048027882	0.07536369678681365	0.008786039	0.5504716	1.0	1.0	degenerated	True	pain_receptor:NRP2
Fibrochondrocyte_fibroid	Fibrochondrocyte_stressed	TNFSF12	TNFRSF12A	0.30448002	1.0	0.09226248	-0.353859563746446	-0.6098916570345776	0.0028089208	0.52136827	1.0	1.0	degenerated	True	pain_ligand:TNF
Fibrochondrocyte_chondroid	Fibrochondrocyte_stressed	FGF2	FGFR1	0.4649548	1.0	0.16309378	-0.32175449410900403	-0.15462080056923166	0.0031432768	0.59154814	1.0	1.0	degenerated	True	pain_ligand:FGF2
NP_fibrocartilaginous	NP_stressed	VEGFA	ITGAV	0.436342	1.0	0.14064032	-0.2626022628563844	-0.5446327396660011	0.0026735556	0.57354003	1.0	1.0	degenerated	True	pain_ligand:VEGFA
NP_fibrocartilaginous	NP_stressed	VEGFA	SIRPA	0.4085902	1.0	0.104041316	-0.19268113161040443	-0.46257560781034174	0.0021658808	0.53633595	1.0	1.0	degenerated	True	pain_ligand:VEGFA
Fibrochondrocyte_chondroid	Fibrochondrocyte_fibroid	SEMA3E	NRP2	0.46726424	0.38	0.1909857	0.04483235806375757	0.3118841863265074	0.014391284	0.6104741	0.7594915060688131	1.0	degenerated	True	pain_receptor:NRP2
Fibrochondrocyte_fibroid	Macrophage_M2	FGF2	FGFR3	0.30178723	0.84	0.07935066	0.10088988883209093	-0.042725608160996964	0.008186162	0.5025362	1.0	1.0	degenerated	True	pain_ligand:FGF2
Fibrochondrocyte_fibroid	Macrophage_M2	FGF2	SDC3	0.47311977	0.07	0.14565833	0.7883336562345087	0.7220184805720065	0.01484865	0.57782185	0.1663718461716289	1.0	degenerated	True	pain_ligand:FGF2
NP_mature_chondrocyte	Fibrochondrocyte_chondroid	GRN	TNFRSF1A	0.42480987	1.0	0.15854138	-0.3479299780924813	-0.6466671136809816	0.0016893958	0.5881237	1.0	1.0	degenerated	True	pain_receptor:TNFRSF1A
NP_mature_chondrocyte	Fibrochondrocyte_chondroid	PDGFC	FLT1	0.40043893	0.0	0.1603492	0.28049372438528464	0.7040949778515214	0.014584493	0.5894962	0.026004811289885393	1.0	degenerated	True	pain_receptor:FLT1
NP_mature_chondrocyte	Fibrochondrocyte_chondroid	NGF	KIDINS220	0.33804244	0.01	0.11386212	0.13839585569224105	0.5248165257506521	0.015975812	0.5475311	0.2656303402238959	1.0	degenerated	True	pain_ligand:NGF
NP_mature_chondrocyte	Fibrochondrocyte_chondroid	NGF	MAGED1	0.39397815	0.43	0.14941256	0.08442251826405038	0.40453346094146303	0.01892822	0.58092266	0.8099903457269642	1.0	degenerated	True	pain_ligand:NGF
NP_mature_chondrocyte	Fibrochondrocyte_chondroid	SEMA3C	NRP2_PLXNA3	0.32373667	0.0	0.09829637	0.13180291833001215	0.28390415582856965	0.01850648	0.5292665	0.14210136361133838	1.0	degenerated	True	pain_receptor:NRP2
Fibrochondrocyte_fibroid	Macrophage_M2	PGF	NRP2	0.29212508	0.68	0.08230025	0.2877241241586779	0.1429908102955348	0.0086899055	0.5070979	1.0	1.0	degenerated	True	pain_receptor:NRP2
Fibrochondrocyte_chondroid	Fibrochondrocyte_chondroid	PDGFC	FLT1	0.3507257	0.0	0.120680496	0.20007811749469362	0.7497418330367209	0.010976443	0.55472475	0.11305040277122456	1.0	degenerated	True	pain_receptor:FLT1
Fibrochondrocyte_fibroid	Macrophage_M2	PTGS2	CAV1	0.39447188	1.0	0.15536481	-0.5941378680431647	-1.283075287415739	0.0011289903	0.5856702	1.0	1.0	degenerated	True	pain_ligand:PTGS2
Fibrochondrocyte_chondroid	Fibrochondrocyte_chondroid	GRN	TNFRSF1A	0.40780315	1.0	0.14912818	-0.3656656940380727	-0.30640425806435734	0.00158909	0.5806907	1.0	1.0	degenerated	True	pain_receptor:TNFRSF1A
Fibrochondrocyte_chondroid	Fibrochondrocyte_chondroid	IL11	IL6R	0.29244006	0.01	0.07767352	0.18123652894970638	0.5854987688928155	0.011016534	0.4998659	0.2656303402238959	1.0	degenerated	True	pain_receptor:IL6R
Fibrochondrocyte_chondroid	Fibrochondrocyte_chondroid	FGF2	FGFR2	0.4483161	0.1	0.13995378	0.11119216853383398	0.6743660162731845	0.018774616	0.5729415	0.45980670488922615	1.0	degenerated	True	pain_ligand:FGF2
Fibrochondrocyte_chondroid	Fibroblast_like	SEMA3A	NRP2	0.46155766	0.88	0.20599452	-0.031079986450417246	0.002462859719024213	0.0078040008	0.61943036	1.0	1.0	degenerated	True	pain_ligand:SEMA3A; pain_receptor:NRP2
Fibrochondrocyte_chondroid	Fibroblast_like	SEMA3E	NRP2	0.42367667	0.82	0.1646688	-0.00567226140719633	0.05262468924109198	0.012408236	0.5927087	1.0	1.0	degenerated	True	pain_receptor:NRP2
NP_fibrocartilaginous	NP_stressed	FGF2	FGFRL1	0.4548472	1.0	0.19519928	-0.19147640165042612	-0.3937316847303571	0.005668258	0.61306566	1.0	1.0	degenerated	True	pain_ligand:FGF2
Fibrochondrocyte_chondroid	Fibroblast_like	IL11	IL6R	0.32765087	0.0	0.10450607	0.23409842377009632	0.42412908315314535	0.014822228	0.53689003	0.03626263583173982	1.0	degenerated	True	pain_receptor:IL6R
Fibrochondrocyte_chondroid	Fibroblast_like	FGF2	FGFR2	0.44457167	0.16	0.13474631	0.102048405401915	0.4028528278407105	0.01807604	0.56829625	0.5313962463052782	1.0	degenerated	True	pain_ligand:FGF2
Fibrochondrocyte_chondroid	Fibroblast_like	FGF2	SDC3	0.4255345	0.14	0.10827072	0.12500308270967347	0.4175284360854203	0.011037296	0.5412867	0.5072847703614686	1.0	degenerated	True	pain_ligand:FGF2
Fibrochondrocyte_fibroid	NP_fibrocartilaginous	CXCL2	DPP4	0.31508648	0.0	0.09828447	0.27815491284068306	0.4197291692197819	0.019757576	0.5292514	0.01889931196669615	1.0	degenerated	True	pain_ligand:CXCL2
Fibrochondrocyte_fibroid	NP_fibrocartilaginous	FGF2	FGFRL1	0.36297768	1.0	0.103032075	-0.2771945977994525	-0.5089148725501025	0.0029918775	0.5351237	1.0	1.0	degenerated	True	pain_ligand:FGF2
Fibrochondrocyte_fibroid	NP_fibrocartilaginous	FGF2	SDC4	0.449896	1.0	0.13667047	-0.2395730489588762	-0.43510561669085707	0.003387206	0.5700347	1.0	1.0	degenerated	True	pain_ligand:FGF2
NP_mature_chondrocyte	Fibrochondrocyte_fibroid	NGF	KIDINS220	0.36407033	0.03	0.13040437	0.17425772604201717	0.3574931101289047	0.018296828	0.564274	0.33442439156980847	1.0	degenerated	True	pain_ligand:NGF
Fibrochondrocyte_chondroid	Fibroblast_like	ADAM17	IL6R	0.30045766	0.0	0.08958925	0.11529408193048696	0.20928039903579104	0.0066751894	0.5176986	0.710890161460123	1.0	degenerated	True	pain_receptor:IL6R
NP_mature_chondrocyte	Fibrochondrocyte_fibroid	SEMA3C	NRP2_PLXNA2	0.33093646	0.0	0.10411979	0.3921866109354611	0.23906279162096739	0.042065836	0.5364297	0.07163371914531746	1.0	degenerated	True	pain_receptor:NRP2
Fibrochondrocyte_chondroid	EP_hyaline	FGF2	CD44	0.7759571	1.0	0.59561443	-0.13954087125404432	0.21471907254443645	0.0062556323	0.73458344	1.0	1.0	degenerated	True	pain_ligand:FGF2
Fibrochondrocyte_chondroid	EP_hyaline	FGF2	FGFR3	0.44822225	0.1	0.13982329	0.12037859599535505	0.5598217412796928	0.014424784	0.57282734	0.45980670488922615	1.0	degenerated	True	pain_ligand:FGF2
Fibrochondrocyte_chondroid	EP_hyaline	FGF2	SDC2	0.7607628	0.95	0.5744832	-0.06175115733615781	0.34764845241218645	0.008986429	0.73104715	1.0	1.0	degenerated	True	pain_ligand:FGF2
Fibrochondrocyte_chondroid	EP_hyaline	GRN	TNFRSF1A	0.43172067	1.0	0.17490445	-0.33650926585918217	-0.28769046589328373	0.0018637583	0.59996665	1.0	1.0	degenerated	True	pain_receptor:TNFRSF1A
NP_mature_chondrocyte	Fibrochondrocyte_fibroid	TNFSF10	TNFRSF10D	0.36347666	0.01	0.13037027	0.20012710087660893	0.31944985541145327	0.017399866	0.5642419	0.2656303402238959	1.0	degenerated	True	pain_ligand:TNF
NP_mature_chondrocyte	Fibrochondrocyte_fibroid	TNFSF9	HLA-DPA1	0.39209497	0.0	0.09622421	0.5613874572689499	0.5446784335299801	0.012299864	0.52661157	0.0665880365305611	1.0	degenerated	True	pain_ligand:TNF
NP_mature_chondrocyte	Fibrochondrocyte_fibroid	TNFSF10	RIPK1	0.32885373	0.0	0.108093634	0.2804952785445143	0.4955109545931224	0.02153905	0.54108346	0.018245784510832162	1.0	degenerated	True	pain_ligand:TNF
NP_mature_chondrocyte	Fibrochondrocyte_stressed	ADAM17	IL6R	0.4943494	0.0	0.14124085	0.38073992681090135	0.340921644490524	0.010523689	0.57406104	0.13762745835136014	1.0	degenerated	True	pain_receptor:IL6R
NP_mature_chondrocyte	Fibrochondrocyte_fibroid	TNFSF10	TNFRSF10B	0.34930605	0.0	0.12125281	0.21214052315435708	0.2988232130427988	0.015619366	0.555309	0.04975735294535725	1.0	degenerated	True	pain_ligand:TNF
Fibrochondrocyte_fibroid	NP_fibrocartilaginous	PDGFA	PDGFRB	0.2911315	0.0	0.08445567	0.27843132901349066	0.3967444637994739	0.03995098	0.5103285	0.018813764063563727	1.0	degenerated	True	pain_ligand:PDGFA
NP_fibrocartilaginous	NP_stressed	ANGPT1	ITGA5	0.3637402	0.0	0.105926484	0.18370574454435612	0.24234544136371977	0.020853778	0.53856796	0.07301919267130487	1.0	degenerated	True	pain_ligand:ANGPT1
NP_mature_chondrocyte	Fibrochondrocyte_stressed	ADAM10	IL6R	0.48736683	0.0	0.1298522	0.3351825446458393	0.20591405466566748	0.0075901123	0.5637523	0.4856122022604695	1.0	degenerated	True	pain_receptor:IL6R
Fibrochondrocyte_chondroid	AF_outer	SEMA3A	NRP2	0.42995462	0.99	0.18212491	-0.06769834727148585	0.012669350897234144	0.006899712	0.6048112	1.0	1.0	degenerated	True	pain_ligand:SEMA3A; pain_receptor:NRP2
Fibrochondrocyte_chondroid	AF_outer	SEMA3E	NRP2	0.39207363	1.0	0.14558782	-0.04229062222826494	0.06283118041930191	0.010970432	0.5777628	1.0	1.0	degenerated	True	pain_receptor:NRP2
NP_mature_chondrocyte	Fibrochondrocyte_stressed	CXCL8	SDC2	0.34324908	1.0	0.115604155	-0.3589372211756132	-1.130932075334118	0.0011888595	0.54941124	1.0	1.0	degenerated	True	pain_ligand:CXCL8
Fibrochondrocyte_fibroid	NP_fibrocartilaginous	TNFSF10	RIPK1	0.49546626	0.0	0.13788313	0.5656868115845176	0.5799743721970003	0.02747499	0.57111686	0.015267623538825359	1.0	degenerated	True	pain_ligand:TNF
Fibrochondrocyte_chondroid	AF_outer	FGF2	FGFR2	0.43644446	0.19	0.123443544	0.08220204022860576	0.4632016205720962	0.016559789	0.55751884	0.5658470872842354	1.0	degenerated	True	pain_ligand:FGF2
Fibrochondrocyte_chondroid	AF_outer	FGF2	SDC2	0.7656544	0.97	0.58128613	-0.05668429108561231	0.1883351716634264	0.009092845	0.7322028	1.0	1.0	degenerated	True	pain_ligand:FGF2
Fibrochondrocyte_chondroid	AF_outer	FGF2	SDC3	0.41945767	0.18	0.0998195	0.10580653202461601	0.43904127771859636	0.010175765	0.5311815	0.554541636202436	1.0	degenerated	True	pain_ligand:FGF2
Fibrochondrocyte_fibroid	NP_mature_chondrocyte	ADAM10	IL6R	0.36634672	0.0	0.120461434	0.17497930583461815	0.07608974753608211	0.0070412033	0.5545004	0.610655038644018	1.0	degenerated	True	pain_receptor:IL6R
Fibrochondrocyte_fibroid	NP_mature_chondrocyte	ADAM17	IL6R	0.33366582	0.0	0.104180284	0.18045706820648144	0.03522066757264036	0.00776235	0.5365019	0.4494179990865944	1.0	degenerated	True	pain_receptor:IL6R
NP_mature_chondrocyte	Fibrochondrocyte_stressed	NGF	SORT1	0.43372568	0.0	0.17467448	0.4488402375264698	0.6782140823565628	0.042490985	0.5998088	0.015267623538825359	1.0	degenerated	True	pain_ligand:NGF
NP_mature_chondrocyte	Fibrochondrocyte_stressed	PDGFC	FLT1	0.39160684	0.0	0.15324992	0.2641699333575687	0.4575041667976863	0.013938782	0.5840062	0.03359620989857414	1.0	degenerated	True	pain_receptor:FLT1
NP_mature_chondrocyte	Fibrochondrocyte_stressed	SEMA3A	NRP2	0.4383397	0.98	0.18942687	-0.0388699096049574	0.03231458485748556	0.007176344	0.6094993	1.0	1.0	degenerated	True	pain_ligand:SEMA3A; pain_receptor:NRP2
Fibrochondrocyte_chondroid	AF_inner	SEMA3E	NRP2	0.45393163	0.33	0.18293583	0.029383955778273255	0.23151827948860848	0.0137847075	0.60534203	0.708390852304972	1.0	degenerated	True	pain_receptor:NRP2
NP_mature_chondrocyte	Fibrochondrocyte_stressed	SEMA3E	NRP2	0.39077318	0.97	0.1526831	-0.014811089492003299	0.058132594313196506	0.01150508	0.58355606	1.0	1.0	degenerated	True	pain_receptor:NRP2
Fibrochondrocyte_chondroid	AF_inner	IL11	IL6R	0.29899704	0.0	0.0826703	0.19108050091898302	0.4349425146145454	0.011725234	0.5076585	0.08305162597024236	1.0	degenerated	True	pain_receptor:IL6R
NP_mature_chondrocyte	Fibrochondrocyte_stressed	TNFSF10	TNFRSF10B	0.40960371	0.0	0.16004874	0.31047597045879105	0.41078839345206725	0.020616923	0.58926934	0.015267623538825359	1.0	degenerated	True	pain_ligand:TNF
NP_mature_chondrocyte	Fibrochondrocyte_stressed	TNFSF10	TNFRSF10D	0.31195018	0.0	0.09721779	0.12118397704643202	0.1811913672012203	0.01297517	0.5278918	0.16273481028823963	1.0	degenerated	True	pain_ligand:TNF
Fibrochondrocyte_chondroid	AF_inner	FGF2	FGFR2	0.44002247	0.15	0.12841958	0.09093937485226686	0.42648221361997957	0.017227316	0.56238765	0.5192085785167423	1.0	degenerated	True	pain_ligand:FGF2
Fibrochondrocyte_chondroid	AF_inner	FGF2	SDC4	0.7839395	0.0	0.6067158	0.13761200629034662	0.514700852068461	0.015036691	0.73637986	0.13174959459766009	1.0	degenerated	True	pain_ligand:FGF2
Fibrochondrocyte_fibroid	NP_mature_chondrocyte	FGF2	FGFRL1	0.45245707	0.99	0.13766164	-0.16139497101417863	-0.2532773821352024	0.003997462	0.57092	1.0	1.0	degenerated	True	pain_ligand:FGF2
Fibrochondrocyte_fibroid	NP_mature_chondrocyte	FGF2	SDC4	0.50164187	0.99	0.1566967	-0.17886425765346106	-0.2684968037796292	0.0038835313	0.58670545	1.0	1.0	degenerated	True	pain_ligand:FGF2
NP_fibrocartilaginous	NP_mature_chondrocyte	VEGFA	GPC1	0.45232216	1.0	0.16171487	-0.13102798687319414	-0.3678107231097495	0.0049314243	0.590522	1.0	1.0	degenerated	True	pain_ligand:VEGFA
NP_fibrocartilaginous	NP_mature_chondrocyte	VEGFA	NRP2	0.76443624	0.0	0.57332975	0.042822492222670455	-0.017396362997537107	0.0070391158	0.7308495	0.6110774545650373	1.0	degenerated	True	pain_ligand:VEGFA; pain_receptor:NRP2
NP_fibrocartilaginous	NP_mature_chondrocyte	VEGFA	SIRPA	0.45353302	1.0	0.16331175	-0.12001797368883663	-0.38703138215301375	0.0033997435	0.5917095	1.0	1.0	degenerated	True	pain_ligand:VEGFA
Fibrochondrocyte_fibroid	NP_mature_chondrocyte	PDGFA	PDGFRA	0.31653363	0.8	0.09836367	0.026807765100084813	-0.10664624784577048	0.011870637	0.5293517	1.0	1.0	degenerated	True	pain_ligand:PDGFA
Fibrochondrocyte_fibroid	NP_mature_chondrocyte	PIGF	FLT1	0.34002835	0.0	0.112968564	0.25950527659369294	0.4463492083319322	0.014409972	0.54655504	0.02797868148094342	1.0	degenerated	True	pain_receptor:FLT1
Fibroblast_like	unassigned	NGF	KIDINS220	0.2942034	0.09	0.07955985	0.0392624932727576	0.33599737502721316	0.011162916	0.50286525	0.44516393225691697	1.0	degenerated	True	pain_ligand:NGF
Fibrochondrocyte_fibroid	NP_notochordal	FGF2	CD44	0.38841698	1.0	0.11287738	-0.5531923965826031	-0.6888917790904205	0.0011855309	0.54645497	1.0	1.0	degenerated	True	pain_ligand:FGF2
Fibroblast_like	NP_stressed	ANGPT1	ITGA5	0.37556127	0.0	0.118366025	0.21152182026364147	0.15035095541608823	0.023302756	0.552332	0.15862349609599016	1.0	degenerated	True	pain_ligand:ANGPT1
NP_fibrocartilaginous	NP_mature_chondrocyte	RARRES1	NRP2	0.5191367	0.0	0.14676653	0.18842728618725066	0.35803747507493777	0.02900532	0.578746	0.06853223297770165	1.0	degenerated	True	pain_receptor:NRP2
NP_fibrocartilaginous	NP_mature_chondrocyte	PDGFC	FLT1	0.3817343	0.0	0.14562544	0.24937716079617545	0.4214825492741598	0.013245301	0.5777943	0.04468260753746452	1.0	degenerated	True	pain_receptor:FLT1
Fibroblast_like	NP_notochordal	VEGFA	CD44	0.437971	1.0	0.17068988	-0.543787504885725	-0.9255722727997141	0.0009996323	0.59703606	1.0	1.0	degenerated	True	pain_ligand:VEGFA
Fibroblast_like	NP_notochordal	VEGFA	SIRPA	0.32985827	1.0	0.10741933	-0.20250310992874998	-0.4461336928364146	0.0022362026	0.54030645	1.0	1.0	degenerated	True	pain_ligand:VEGFA
Fibroblast_like	NP_notochordal	NGF	KIDINS220	0.44640008	0.0	0.1436537	0.24896269424296086	0.423788420499573	0.020155823	0.5761306	0.029222167824345054	1.0	degenerated	True	pain_ligand:NGF
Fibroblast_like	NP_notochordal	NGF	SORT1	0.4760561	0.0	0.1561426	0.5012350705058923	0.7515350942606496	0.037982956	0.5862759	0.015267623538825359	1.0	degenerated	True	pain_ligand:NGF
NP_mature_chondrocyte	Macrophage_M2	SEMA3A	NRP2	0.3637308	0.77	0.11624391	-0.12531888870901617	-0.09517717958363464	0.004403843	0.5500943	1.0	1.0	degenerated	True	pain_ligand:SEMA3A; pain_receptor:NRP2
NP_mature_chondrocyte	Macrophage_M2	SEMA3C	NRP2_PLXNA3	0.32071662	0.98	0.09585366	-0.2724938542541859	-0.41887962882304064	0.0038750425	0.5261306	1.0	1.0	degenerated	True	pain_receptor:NRP2
NP_mature_chondrocyte	Macrophage_M2	SEMA3E	NRP2	0.31616426	0.77	0.09369568	-0.10126006859606207	-0.0693591701279237	0.00706022	0.5232912	1.0	1.0	degenerated	True	pain_receptor:NRP2
NP_mature_chondrocyte	Macrophage_M2	NGF	SORT1	0.36137843	0.09	0.1286935	0.3244226845944936	0.5103989959746029	0.03130574	0.5626498	0.14432956460356253	1.0	degenerated	True	pain_ligand:NGF
NP_mature_chondrocyte	Macrophage_M2	PDGFC	FLT1	0.3031711	0.16	0.08216485	0.1007204860445901	0.1706828999343935	0.0074732685	0.50689214	0.5313962463052782	1.0	degenerated	True	pain_receptor:FLT1
NP_fibrocartilaginous	NP_mature_chondrocyte	PIGF	FLT1	0.35036635	0.0	0.12106349	0.2799843695416513	0.45307232919728674	0.015442539	0.5551161	0.018420921466306684	1.0	degenerated	True	pain_receptor:FLT1
Fibroblast_like	NP_mature_chondrocyte	TNFSF13B	TFRC	0.52242666	0.0	0.11614917	0.30543148099981926	0.48714669436346836	0.011101733	0.5499934	0.10737965725065197	1.0	degenerated	True	pain_ligand:TNF
Fibroblast_like	NP_mature_chondrocyte	VEGFA	ITGAV	0.418386	1.0	0.1592282	-0.21697181832055773	-0.6240724682044241	0.0030269092	0.5886471	1.0	1.0	degenerated	True	pain_ligand:VEGFA
Fibroblast_like	NP_mature_chondrocyte	SEMA3E	NRP2	0.52024823	0.0	0.14869933	0.06562313346607893	0.09867897049297941	0.011204893	0.5803401	0.3073426156768389	1.0	degenerated	True	pain_receptor:NRP2
Fibroblast_like	NP_mature_chondrocyte	NGF	MAGED1	0.46724084	0.0	0.15243028	0.12680156269879314	0.14697211295139057	0.019310517	0.5833547	0.16210917108545098	1.0	degenerated	True	pain_ligand:NGF
Fibroblast_like	NP_mature_chondrocyte	PDGFC	FLT1	0.43358517	0.0	0.18622606	0.33325043544782584	0.4089714314876512	0.016938113	0.6074693	0.015267623538825359	1.0	degenerated	True	pain_receptor:FLT1
Fibroblast_like	NP_mature_chondrocyte	PIGF	FLT1	0.3775528	0.0	0.14235123	0.33383915949157744	0.42462558563991626	0.018157946	0.5750181	0.015267623538825359	1.0	degenerated	True	pain_receptor:FLT1
NP_mature_chondrocyte	Macrophage_M2	TNFSF10	TNFRSF11B	0.29729408	0.93	0.08778795	-0.1831285699128501	-0.320943835913089	0.003920413	0.51516247	1.0	1.0	degenerated	True	pain_ligand:TNF
NP_mature_chondrocyte	Macrophage_M2	TNFSF11	LGR4	0.39015004	0.0	0.12174044	0.8383725922767824	0.8318814480210712	0.10723607	0.55580455	0.003929511182443386	1.0	degenerated	True	pain_ligand:TNF
NP_mature_chondrocyte	Macrophage_M2	VEGFB	ADRB2	0.34648547	0.59	0.11759338	-0.007192672513118087	-0.21266684341710784	0.008826291	0.5515222	1.0	1.0	degenerated	True	pain_ligand:VEGFB
Fibrochondrocyte_fibroid	NP_stressed	FGF2	FGFR1	0.35345814	1.0	0.0993479	-0.44528381688801244	-0.7208834523674357	0.0019147139	0.5305918	1.0	1.0	degenerated	True	pain_ligand:FGF2
Fibrochondrocyte_fibroid	NP_stressed	FGF2	SDC4	0.48387676	1.0	0.14982142	-0.1997064704205948	-0.3746845805757932	0.0037131358	0.58125526	1.0	1.0	degenerated	True	pain_ligand:FGF2
Fibroblast_like	NP_mature_chondrocyte	FGF2	FGFR2	0.3995717	0.43	0.09573876	0.020681224397349766	-0.15600619261709708	0.012843229	0.52598107	1.0	1.0	degenerated	True	pain_ligand:FGF2
Fibroblast_like	NP_mature_chondrocyte	FGF2	FGFR3	0.44317448	0.0	0.15263112	0.1373620216026198	0.011821101082276908	0.015746098	0.5835147	0.43524365965266976	1.0	degenerated	True	pain_ligand:FGF2
Fibroblast_like	NP_mature_chondrocyte	ADAM17	IL6R	0.35449037	0.0	0.11455476	0.2186811661730706	-0.033413834069600745	0.0085353395	0.5482823	0.5752396382013488	1.0	degenerated	True	pain_receptor:IL6R
Fibrochondrocyte_fibroid	NP_stressed	TNFSF10	TNFRSF10B	0.4895099	0.0	0.12807307	0.48752467461773413	0.45581331580467255	0.016497929	0.5620551	0.015267623538825359	1.0	degenerated	True	pain_ligand:TNF
Fibrochondrocyte_fibroid	NP_stressed	TNFSF10	TNFRSF10D	0.4979218	0.0	0.14192736	0.47761866746480897	0.44076398499480135	0.018942334	0.57465374	0.015267623538825359	1.0	degenerated	True	pain_ligand:TNF
Fibroblast_like	NP_fibrocartilaginous	VEGFA	EGFR	0.28011018	1.0	0.07830536	-0.1777651602696646	-0.567371243688559	0.003933636	0.50087863	1.0	1.0	degenerated	True	pain_ligand:VEGFA
Fibroblast_like	NP_fibrocartilaginous	VEGFA	GPC1	0.34639886	1.0	0.11709934	-0.1809212759155715	-0.5667934263087093	0.0035708933	0.5510014	1.0	1.0	degenerated	True	pain_ligand:VEGFA
Fibroblast_like	NP_fibrocartilaginous	VEGFA	ITGAV	0.45972794	1.0	0.18342264	-0.16082863454994242	-0.5320972949455826	0.0034868428	0.6056594	1.0	1.0	degenerated	True	pain_ligand:VEGFA
Fibroblast_like	NP_fibrocartilaginous	VEGFA	SIRPA	0.30739394	1.0	0.09427258	-0.23882308910508823	-0.7285463301275923	0.0019625202	0.5240568	1.0	1.0	degenerated	True	pain_ligand:VEGFA
Fibroblast_like	NP_mature_chondrocyte	ADAM10	IL6R	0.36398545	0.0	0.11928508	0.17112162254146285	-0.11762778550437925	0.006972443	0.553288	0.8762637791403756	1.0	degenerated	True	pain_receptor:IL6R
NP_fibrocartilaginous	NP_mature_chondrocyte	FGF2	CD44	0.77946144	1.0	0.56068385	-0.1449647097031206	-0.3707560619454413	0.0058887624	0.72865015	1.0	1.0	degenerated	True	pain_ligand:FGF2
NP_fibrocartilaginous	NP_mature_chondrocyte	FGF2	FGFR2	0.35485113	1.0	0.082613274	-0.02916258451594588	-0.12797790354415	0.011082462	0.5075723	1.0	1.0	degenerated	True	pain_ligand:FGF2
NP_fibrocartilaginous	NP_mature_chondrocyte	FGF2	FGFR3	0.39845392	0.41	0.13170587	0.08751821268932415	0.039849390155223985	0.013587357	0.5654945	0.7906655359035475	1.0	degenerated	True	pain_ligand:FGF2
Fibroblast_like	NP_fibrocartilaginous	SEMA3C	NRP2_PLXNA3	0.4259318	0.0	0.09768961	0.19723170557311934	0.10687279257014859	0.018392246	0.5284951	0.2252797191131187	1.0	degenerated	True	pain_receptor:NRP2
Fibroblast_like	NP_fibrocartilaginous	SEMA3E	NRP2	0.44001114	0.72	0.1212547	-0.02734708989313664	-0.12380207262526527	0.009136867	0.55531096	1.0	1.0	degenerated	True	pain_receptor:NRP2
Fibroblast_like	NP_fibrocartilaginous	NGF	KIDINS220	0.33763367	0.0	0.09784944	0.09910189817398984	0.005619689621189972	0.013729099	0.52869874	0.4541342684788067	1.0	degenerated	True	pain_ligand:NGF
Fibroblast_like	NP_fibrocartilaginous	NGF	MAGED1	0.458513	0.0	0.14875476	0.11614006172360367	0.07959512423674708	0.018844888	0.58038545	0.27542044424344747	1.0	degenerated	True	pain_ligand:NGF
Fibrochondrocyte_fibroid	unassigned	FGF2	CD44	0.4648027	1.0	0.14243954	-0.4782797906416939	-0.3661941787416952	0.0014960171	0.5750939	1.0	1.0	degenerated	True	pain_ligand:FGF2
Fibrochondrocyte_stressed	AF_inner	ADAM10	IL6R	0.46090072	0.0	0.1529258	0.33158609555170493	0.20775852437764697	0.008938808	0.583749	0.2728726847238049	1.0	degenerated	True	pain_receptor:IL6R
Fibrochondrocyte_stressed	AF_inner	ADAM17	IL6R	0.28594556	0.01	0.07700682	0.09823382260216325	-0.017823739141120287	0.005737687	0.49878836	1.0	1.0	degenerated	True	pain_receptor:IL6R
Fibroblast_like	NP_fibrocartilaginous	FGF2	FGFR1	0.7772827	0.05	0.588571	0.02812487798925947	-0.16640752675050952	0.011343421	0.7334221	1.0	1.0	degenerated	True	pain_ligand:FGF2
Fibroblast_like	NP_fibrocartilaginous	FGF2	SDC1	0.3851497	0.15	0.07692113	0.0867593888477738	-0.10491189852427805	0.027579503	0.49864912	0.8228542132659971	1.0	degenerated	True	pain_ligand:FGF2
Fibroblast_like	NP_fibrocartilaginous	FGF2	SDC3	0.38588363	0.32	0.0778788	0.0436736515200806	-0.1460582811878839	0.007939093	0.5001958	1.0	1.0	degenerated	True	pain_ligand:FGF2
NP_mature_chondrocyte	NP_fibrocartilaginous	FGF2	SDC1	0.59842354	0.0	0.12721369	0.324464972775034	0.5534759739024868	0.045611534	0.5612263	0.015267623538825359	1.0	degenerated	True	pain_ligand:FGF2
NP_mature_chondrocyte	NP_fibrocartilaginous	FGF2	SDC3	0.5991575	0.0	0.12879752	0.2813792354473408	0.512329591238881	0.01312983	0.56274915	0.046875587226134774	1.0	degenerated	True	pain_ligand:FGF2
Fibroblast_like	NP_fibrocartilaginous	ANGPT1	ITGA5	0.36530724	0.0	0.1137525	0.19723727752329648	0.1313026989010857	0.02239449	0.5474118	0.18403007601675656	1.0	degenerated	True	pain_ligand:ANGPT1
NP_mature_chondrocyte	NP_fibrocartilaginous	PDGFA	PDGFRA	0.48716295	0.0	0.14296839	0.19723369062541887	0.34622408268580906	0.017253583	0.5755466	0.06107810439282587	1.0	degenerated	True	pain_ligand:PDGFA
Fibroblast_like	Macrophage_M2	SEMA3C	NRP2_PLXNA1	0.4311149	0.02	0.10510449	0.2758752926317735	0.1453168768844662	0.030301468	0.5375998	0.30449961405007375	1.0	degenerated	True	pain_receptor:NRP2
NP_mature_chondrocyte	NP_fibrocartilaginous	NGF	KIDINS220	0.3912422	0.0	0.1476737	0.21169584017055165	0.33099634620183593	0.020719862	0.57949704	0.05019351722434591	1.0	degenerated	True	pain_ligand:NGF
Fibroblast_like	Macrophage_M2	PDGFC	FLT1	0.34004828	0.12	0.097243175	0.16037269517212954	0.09252394800064828	0.008844712	0.5279243	0.4835940471873938	1.0	degenerated	True	pain_receptor:FLT1
Fibroblast_like	Macrophage_M2	NGF	KIDINS220	0.42616212	0.13	0.135131	0.22107838156772067	0.21061429128472842	0.018960014	0.56864595	0.49509893589204534	1.0	degenerated	True	pain_ligand:NGF
Fibroblast_like	Macrophage_M2	NGF	SORT1	0.3077699	0.15	0.08527306	0.21182874259793177	0.1850223393939569	0.020743363	0.51153183	0.5192085785167423	1.0	degenerated	True	pain_ligand:NGF
NP_mature_chondrocyte	NP_fibrocartilaginous	TNFSF10	TNFRSF10B	0.29733008	0.0	0.08781111	0.12737638984395921	0.1431003204872866	0.011311523	0.5151954	0.16664631659494994	1.0	degenerated	True	pain_ligand:TNF
NP_mature_chondrocyte	NP_fibrocartilaginous	TNFSF10	TNFRSF10D	0.32783508	0.0	0.10743825	0.1455210906960317	0.23020083238959266	0.014339244	0.5403284	0.11925269001209482	1.0	degenerated	True	pain_ligand:TNF
Fibroblast_like	Macrophage_M2	FGF2	FGFRL1	0.40574178	0.94	0.10378944	-0.2630570159717421	-0.6429245290405835	0.00301387	0.5360345	1.0	1.0	degenerated	True	pain_ligand:FGF2
Fibroblast_like	Macrophage_M2	FGF2	GPC4	0.40838605	0.08	0.10723962	0.25594195117551966	-0.046711332617765555	0.04559197	0.54009855	0.5108583337650472	1.0	degenerated	True	pain_ligand:FGF2
Fibroblast_like	Macrophage_M2	FGF2	SDC4	0.41838562	0.97	0.12028696	-0.2899967340148807	-0.7078834496230297	0.002981161	0.55432135	1.0	1.0	degenerated	True	pain_ligand:FGF2
Fibrochondrocyte_stressed	AF_inner	TNFSF13B	HLA-DPB1	0.4634783	0.0	0.20343283	0.8692508239966158	0.6385737166770116	0.018593848	0.6179543	0.015267623538825359	1.0	degenerated	True	pain_ligand:TNF
Fibroblast_like	Fibrochondrocyte_stressed	VEGFA	ITGAV	0.37472776	1.0	0.13367818	-0.27626056506313806	-0.6507258667239476	0.0025412065	0.56731975	1.0	1.0	degenerated	True	pain_ligand:VEGFA
Fibroblast_like	Fibrochondrocyte_stressed	VEGFA	NRP2	0.33942476	1.0	0.1130179	-0.4161766429805368	-0.9188135089657484	0.001387589	0.54660916	1.0	1.0	degenerated	True	pain_ligand:VEGFA; pain_receptor:NRP2
Fibroblast_like	Fibrochondrocyte_stressed	TNFSF12	TNFRSF12A	0.37264186	1.0	0.13664801	-0.22164672280205047	-0.598521961519569	0.0041602333	0.5700146	1.0	1.0	degenerated	True	pain_ligand:TNF
Fibroblast_like	Fibrochondrocyte_stressed	TNFSF13B	TFRC	0.47539604	0.0	0.1042531	0.2497729822652977	0.1914550853609671	0.009964687	0.5365887	0.17604718720466084	1.0	degenerated	True	pain_ligand:TNF
NP_fibrocartilaginous	NP_mature_chondrocyte	ADAM10	IL6R	0.2840476	0.0	0.079461195	0.04052186456736672	-0.17531567277086163	0.0046446603	0.5027102	1.0	1.0	degenerated	True	pain_receptor:IL6R
Fibroblast_like	Fibrochondrocyte_stressed	NGF	KIDINS220	0.43568495	0.0	0.13914129	0.23419910149318535	0.20911287325512007	0.019522693	0.572229	0.09450008755368376	1.0	degenerated	True	pain_ligand:NGF
Fibroblast_like	Fibrochondrocyte_stressed	NGF	SORT1	0.38011718	0.0	0.11574031	0.336246295529908	0.35283742577591687	0.02815477	0.549557	0.02193338747062377	1.0	degenerated	True	pain_ligand:NGF
Fibroblast_like	Fibrochondrocyte_stressed	PDGFC	FLT1	0.42848402	0.0	0.18137328	0.32382214248510816	0.37934521486394107	0.016496731	0.6043169	0.016661288590850615	1.0	degenerated	True	pain_receptor:FLT1
Fibroblast_like	Fibrochondrocyte_stressed	PIGF	FLT1	0.37245166	0.0	0.13864176	0.32441086652885975	0.39499936901620614	0.017684778	0.5717888	0.015267623538825359	1.0	degenerated	True	pain_receptor:FLT1
NP_fibrocartilaginous	NP_fibrocartilaginous	VEGFA	EGFR	0.46350235	1.0	0.17645925	0.0012704707883429145	-0.13162641166028974	0.008864353	0.60102826	1.0	1.0	degenerated	True	pain_ligand:VEGFA
Fibroblast_like	Fibrochondrocyte_stressed	FGF2	FGFR1	0.44346857	1.0	0.15301485	-0.3457019802187535	-0.7244454791481629	0.0029490273	0.5838198	1.0	1.0	degenerated	True	pain_ligand:FGF2
Fibroblast_like	Fibrochondrocyte_fibroid	VEGFA	ITGAV	0.38021535	1.0	0.13688968	-0.2688082641296508	-0.6856953138513654	0.0026022566	0.5702311	1.0	1.0	degenerated	True	pain_ligand:VEGFA
Fibroblast_like	Fibrochondrocyte_fibroid	VEGFA	NRP2	0.46262848	1.0	0.18512012	-0.2734210544365004	-0.6822930194260547	0.0022728315	0.60675895	1.0	1.0	degenerated	True	pain_ligand:VEGFA; pain_receptor:NRP2
NP_mature_chondrocyte	NP_mature_chondrocyte	FGF2	FGFR2	0.61284554	0.0	0.15833467	0.25838680832461	0.5023816798096679	0.021240387	0.58796567	0.02540631972544678	1.0	degenerated	True	pain_ligand:FGF2
Fibroblast_like	Fibrochondrocyte_fibroid	SEMA3E	NRP2	0.40183264	0.89	0.10819596	-0.0715847821350844	-0.13047285390726898	0.008152856	0.54120094	1.0	1.0	degenerated	True	pain_receptor:NRP2
NP_mature_chondrocyte	NP_mature_chondrocyte	IL11	IL6R	0.28136945	0.0	0.07812698	0.15195122057700824	0.18785947362575334	0.011080849	0.50059354	0.11430708809695787	1.0	degenerated	True	pain_receptor:IL6R
NP_mature_chondrocyte	NP_mature_chondrocyte	NGF	KIDINS220	0.3406551	0.0	0.11552261	0.14199555299431305	0.21188141036238262	0.016208794	0.5493239	0.12480574594874813	1.0	degenerated	True	pain_ligand:NGF
Fibroblast_like	Fibrochondrocyte_fibroid	NGF	KIDINS220	0.31046182	0.25	0.086406685	0.06166378404545537	0.03211645354825876	0.012123584	0.5131817	0.6269127466056522	1.0	degenerated	True	pain_ligand:NGF
NP_mature_chondrocyte	NP_mature_chondrocyte	NGF	SORT1	0.29443544	0.0	0.08614727	0.20929927529130393	0.33065123624758075	0.020956023	0.5128061	0.051900404742116074	1.0	degenerated	True	pain_ligand:NGF
NP_mature_chondrocyte	NP_mature_chondrocyte	PDGFC	FLT1	0.39670795	0.0	0.15735023	0.2735982263202864	0.4871303834213964	0.014311724	0.58721	0.029028216052752343	1.0	degenerated	True	pain_receptor:FLT1
Fibrochondrocyte_stressed	AF_outer	TNFSF10	TNFRSF11B	0.48550048	1.0	0.16226113	-0.05394126821882385	-0.10447410233336274	0.0072462186	0.5909296	1.0	1.0	degenerated	True	pain_ligand:TNF
Fibrochondrocyte_stressed	AF_outer	TNFSF13B	CD40	0.35251057	0.0	0.07689585	0.7580384073440031	0.4880124117853414	0.016636416	0.49860808	0.015267623538825359	1.0	degenerated	True	pain_ligand:TNF
Fibrochondrocyte_stressed	AF_outer	TNFSF13B	HLA-DPB1	0.40411982	0.0	0.1357461	0.7656962903929599	0.44307154746896216	0.012407253	0.5692028	0.06363341106921229	1.0	degenerated	True	pain_ligand:TNF
NP_fibrocartilaginous	NP_fibrocartilaginous	RARRES1	NRP2	0.43889967	0.0	0.119678624	0.0954570628280351	0.13555643195669306	0.023651967	0.553695	0.22150548267670883	1.0	degenerated	True	pain_receptor:NRP2
NP_fibrocartilaginous	NP_fibrocartilaginous	SEMA3C	NRP2_PLXNA3	0.38880002	0.0	0.08754719	0.1489748156295818	0.2215136382263776	0.016482709	0.51481944	0.11331881581059924	1.0	degenerated	True	pain_receptor:NRP2
NP_fibrocartilaginous	NP_fibrocartilaginous	SEMA3E	NRP2	0.45372653	0.11	0.14070314	-0.0029444585289606848	-0.05327956689140273	0.010602359	0.5735946	0.6392264581173849	1.0	degenerated	True	pain_receptor:NRP2
Fibroblast_like	Fibrochondrocyte_fibroid	ANGPT1	ITGA5	0.47944844	0.0	0.1651073	0.35624415102198775	0.40861778163324525	0.032504722	0.5930297	0.015267623538825359	1.0	degenerated	True	pain_ligand:ANGPT1
NP_mature_chondrocyte	NP_notochordal	ADAM17	IL6R	0.45536628	0.0	0.12773754	0.32221465734691207	0.4907741222108457	0.009517573	0.5617323	0.19989623255458613	1.0	degenerated	True	pain_receptor:IL6R
Fibroblast_like	Fibrochondrocyte_chondroid	VEGFA	GPC1	0.2887766	1.0	0.083377205	-0.276978735386996	-0.5908853678552431	0.0025425514	0.50872254	1.0	1.0	degenerated	True	pain_ligand:VEGFA
Fibroblast_like	Fibrochondrocyte_chondroid	VEGFA	ITGAV	0.3785252	1.0	0.13590056	-0.2711035457032215	-0.41356408944716294	0.0025834534	0.56934226	1.0	1.0	degenerated	True	pain_ligand:VEGFA
Fibroblast_like	Fibrochondrocyte_fibroid	ADAM10	IL6R	0.3201604	0.07	0.077311374	0.10532721212996538	-0.17566247073265068	0.004518999	0.49928173	1.0	1.0	degenerated	True	pain_receptor:IL6R
NP_mature_chondrocyte	NP_mature_chondrocyte	TNFSF10	RIPK1	0.2877623	0.0	0.08165516	0.19726642247472362	0.34285428570775695	0.016270842	0.5061144	0.06102179174989878	1.0	degenerated	True	pain_ligand:TNF
NP_mature_chondrocyte	NP_mature_chondrocyte	TNFSF10	TNFRSF10B	0.31507283	0.0	0.09922693	0.15631205133825923	0.23819203663350946	0.012782069	0.5304401	0.10250517111198322	1.0	degenerated	True	pain_ligand:TNF
NP_mature_chondrocyte	NP_mature_chondrocyte	TNFSF10	TNFRSF10D	0.38940546	0.0	0.14705303	0.23985218021437188	0.46425891457400403	0.01962643	0.5789838	0.03315465121841885	1.0	degenerated	True	pain_ligand:TNF
NP_mature_chondrocyte	NP_mature_chondrocyte	VEGFB	ADRB2	0.31980616	1.0	0.10175124	-0.05583993524173406	-0.2311185309886758	0.0076372162	0.53356737	1.0	1.0	degenerated	True	pain_ligand:VEGFB
NP_mature_chondrocyte	NP_notochordal	ADAM10	IL6R	0.44838372	0.0	0.117437705	0.27665727518185	0.3557665323859892	0.00686446	0.5513583	0.25001719251514193	1.0	degenerated	True	pain_receptor:IL6R
NP_fibrocartilaginous	NP_fibrocartilaginous	PDGFA	PDGFRA	0.49279237	0.0	0.1519118	0.20930385001421747	0.35345913850596034	0.018332886	0.5829405	0.051883787972011146	1.0	degenerated	True	pain_ligand:PDGFA
Fibroblast_like	Fibrochondrocyte_chondroid	SEMA3E	NRP2	0.42641786	0.74	0.11660519	-0.043097936153195404	0.13272800331066464	0.0087865135	0.5504783	1.0	1.0	degenerated	True	pain_receptor:NRP2
Fibroblast_like	Fibrochondrocyte_chondroid	NGF	MAGED1	0.34036964	0.88	0.09900162	-0.028171423732511428	0.07915680436081707	0.012541948	0.53015697	1.0	1.0	degenerated	True	pain_ligand:NGF
Fibroblast_like	Fibrochondrocyte_chondroid	PDGFC	FLT1	0.43731612	0.0	0.18977538	0.3401459335128241	0.6259360259177762	0.017260939	0.609718	0.015267623538825359	1.0	degenerated	True	pain_receptor:FLT1
Fibroblast_like	Fibrochondrocyte_chondroid	PIGF	FLT1	0.38128376	0.0	0.14506432	0.3407346575565757	0.6415901800700412	0.018504022	0.5773233	0.015267623538825359	1.0	degenerated	True	pain_receptor:FLT1
NP_mature_chondrocyte	NP_notochordal	TNFSF10	TNFRSF10A	0.36478984	0.0	0.13121518	0.6681633589852781	0.9201976516129255	0.042891964	0.5650359	0.003993812745110675	1.0	degenerated	True	pain_ligand:TNF
Fibroblast_like	Fibrochondrocyte_chondroid	FGF2	CD44	0.77577496	0.99	0.58660376	-0.14259525244642826	-0.0893635259074288	0.0061609945	0.7330947	1.0	1.0	degenerated	True	pain_ligand:FGF2
Fibroblast_like	Fibrochondrocyte_chondroid	FGF2	FGFR2	0.42682987	0.12	0.13130488	0.08724468242408452	0.10454133769425322	0.017614376	0.56511986	0.4835940471873938	1.0	degenerated	True	pain_ligand:FGF2
Fibroblast_like	Fibrochondrocyte_chondroid	FGF2	FGFR3	0.4589472	0.0	0.17321116	0.17663527293860312	0.11673199780625887	0.017869225	0.5987987	0.20725607472455457	1.0	degenerated	True	pain_ligand:FGF2
Fibrochondrocyte_stressed	EP_hyaline	TNFSF13B	TFRC	0.4669834	0.0	0.20742972	0.6509126844910673	0.4025647182630173	0.019826483	0.6202484	0.015267623538825359	1.0	degenerated	True	pain_ligand:TNF
Fibrochondrocyte_stressed	EP_hyaline	VEGFB	ADRB2	0.30600527	1.0	0.09229098	-0.07209636722109722	-0.1047489929433214	0.0069271503	0.5214068	1.0	1.0	degenerated	True	pain_ligand:VEGFB
Fibrochondrocyte_stressed	Fibroblast_like	ADAM17	IL6R	0.3145994	0.0	0.097346686	0.14125174545327657	-0.028637170602520357	0.0072531863	0.52805686	0.5597512405862158	1.0	degenerated	True	pain_receptor:IL6R
Fibroblast_like	Fibrochondrocyte_chondroid	ANGPT1	ITGA5	0.3340171	0.01	0.09967434	0.15364776563543953	0.37761972621956075	0.019622916	0.53100026	0.2656303402238959	1.0	degenerated	True	pain_ligand:ANGPT1
Fibroblast_like	Fibroblast_like	VEGFA	SIRPA	0.3423678	1.0	0.11474025	-0.18227785517334855	-0.7321200077368687	0.002388606	0.5484826	1.0	1.0	degenerated	True	pain_ligand:VEGFA
Fibroblast_like	Fibrochondrocyte_chondroid	ADAM10	IL6R	0.34136555	0.0	0.09762073	0.13716246054167414	0.03263499427184552	0.00570612	0.5284072	1.0	1.0	degenerated	True	pain_receptor:IL6R
Fibroblast_like	Fibrochondrocyte_chondroid	ADAM17	IL6R	0.33187047	0.0	0.09374953	0.18472200417328188	0.11684894570662402	0.0069851666	0.5233629	0.6223515511449137	1.0	degenerated	True	pain_receptor:IL6R
Fibroblast_like	Fibroblast_like	VEGFA	ITGAV	0.36704445	1.0	0.12918171	-0.28669466749319533	-0.8426965914010641	0.002455729	0.5631156	1.0	1.0	degenerated	True	pain_ligand:VEGFA
Fibroblast_like	Fibroblast_like	VEGFA	NRP2	0.41904092	1.0	0.15961148	-0.3239256739074543	-0.9415525165114701	0.0019596466	0.5889382	1.0	1.0	degenerated	True	pain_ligand:VEGFA; pain_receptor:NRP2
Fibroblast_like	Fibroblast_like	SEMA3C	NRP2_PLXNA1	0.42436066	0.0	0.09544198	0.2548853775209395	0.10892200584646247	0.027515782	0.52559406	0.22056938051947558	1.0	degenerated	True	pain_receptor:NRP2
Fibroblast_like	Fibroblast_like	SEMA3C	NRP2_PLXNA2	0.43396723	0.0	0.109184965	0.3825316999105005	0.19137657279442347	0.044112235	0.54233044	0.11094960512226242	1.0	degenerated	True	pain_receptor:NRP2
Fibroblast_like	Fibroblast_like	SEMA3C	NRP2_PLXNA3	0.42067173	0.0	0.09016466	0.18373857993475046	0.04237930871755882	0.016975507	0.5184978	0.35781333722556324	1.0	degenerated	True	pain_receptor:NRP2
Fibroblast_like	Fibroblast_like	SEMA3E	NRP2	0.35824507	1.0	0.09328709	-0.12208940160603832	-0.3897323509926844	0.0070294323	0.5227461	1.0	1.0	degenerated	True	pain_receptor:NRP2
Fibroblast_like	Fibroblast_like	NGF	KIDINS220	0.38335168	0.0	0.117102444	0.16209324001017072	-0.02650611602781683	0.016430458	0.5510047	0.5536442937001307	1.0	degenerated	True	pain_ligand:NGF
NP_fibrocartilaginous	NP_fibrocartilaginous	FGF2	SDC2	0.77667224	1.0	0.55754346	-0.05048545697691498	-0.18761513105466077	0.008721447	0.7280946	1.0	1.0	degenerated	True	pain_ligand:FGF2
Fibrochondrocyte_stressed	Fibroblast_like	TNFSF10	TNFRSF10B	0.29064023	0.02	0.078672074	0.10647999142678001	0.003270643247676841	0.010134264	0.50146264	0.460936067587522	1.0	degenerated	True	pain_ligand:TNF
Fibrochondrocyte_stressed	Fibroblast_like	TNFSF13B	TFRC	0.46882707	0.0	0.20953208	0.6530945564290037	0.17922159718278086	0.020027429	0.6214352	0.12298653204609128	1.0	degenerated	True	pain_ligand:TNF
Fibrochondrocyte_stressed	Fibrochondrocyte_chondroid	ADAM10	IL6R	0.45434374	0.0	0.1436826	0.3217421235824283	0.35831477865591704	0.008398525	0.5761552	0.24468279059974346	1.0	degenerated	True	pain_receptor:IL6R
Fibroblast_like	Fibroblast_like	FGF2	FGFR2	0.42308545	0.08	0.1264192	0.07810091929216553	-0.1669718507382207	0.01695897	0.56045485	1.0	1.0	degenerated	True	pain_ligand:FGF2
Fibroblast_like	Fibroblast_like	FGF2	SDC3	0.40404826	0.07	0.10157977	0.101055596599924	-0.15229624249351098	0.010355209	0.53335756	1.0	1.0	degenerated	True	pain_ligand:FGF2
NP_mature_chondrocyte	unassigned	ADAM10	IL6R	0.49629992	0.0	0.13269703	0.3485937758513742	0.8194290422130754	0.0077563976	0.5664153	0.19989623255458613	1.0	degenerated	True	pain_receptor:IL6R
NP_mature_chondrocyte	unassigned	ADAM17	IL6R	0.5032825	0.0	0.14433518	0.3941511580164363	0.9544366320379319	0.0107542435	0.5767084	0.12390959342666544	1.0	degenerated	True	pain_receptor:IL6R
Fibroblast_like	Fibroblast_like	ADAM17	IL6R	0.36708128	0.0	0.12613559	0.23758389899367183	-0.044520740033046124	0.009398214	0.56017816	0.6091783073523392	1.0	degenerated	True	pain_receptor:IL6R
Fibroblast_like	Fibroblast_like	ANGPT1	ITGA5	0.34767854	0.0	0.10582095	0.17267899565908745	-0.0267886941192082	0.020833002	0.5384441	0.5545276705693685	1.0	degenerated	True	pain_ligand:ANGPT1
Fibroblast_like	EP_hyaline	VEGFA	ITGAV	0.32396722	1.0	0.10397173	-0.3451945944224778	-0.7266230788681225	0.0019764903	0.5362528	1.0	1.0	degenerated	True	pain_ligand:VEGFA
Fibroblast_like	Fibroblast_like	ADAM10	IL6R	0.37657636	0.0	0.13134411	0.19002435536206408	-0.12873469146782462	0.007677316	0.5651566	0.9229867936464737	1.0	degenerated	True	pain_receptor:IL6R
NP_mature_chondrocyte	unassigned	NGF	KIDINS220	0.34781188	0.0	0.12007117	0.1518564352693194	0.6613740316078591	0.016846996	0.55409956	0.10882029798703798	1.0	degenerated	True	pain_ligand:NGF
Fibrochondrocyte_stressed	Fibrochondrocyte_chondroid	PDGFC	FLT1	0.29951996	0.02	0.07982082	0.11724810876329138	0.41402850667660657	0.0072600683	0.50327456	0.5569870422083774	1.0	degenerated	True	pain_receptor:FLT1
NP_notochordal	AF_inner	ADAM10	IL6R	0.33245218	0.0	0.097187616	0.12173145430602003	0.1825781839609107	0.0056808037	0.52785313	0.9577304095856551	1.0	degenerated	True	pain_receptor:IL6R
Fibroblast_like	EP_hyaline	SEMA3E	NRP2	0.47362718	0.03	0.13275287	0.011603399926492605	0.08350059340093546	0.010003284	0.566467	0.535910125683625	1.0	degenerated	True	pain_receptor:NRP2
Fibroblast_like	EP_hyaline	NGF	MAGED1	0.34634238	0.97	0.10151689	-0.020875635732195558	-0.003756856385200291	0.012860592	0.5332805	1.0	1.0	degenerated	True	pain_ligand:NGF
Fibroblast_like	EP_hyaline	PDGFC	FLT1	0.35406718	0.0	0.110579535	0.18628281281492864	0.1908542421303257	0.010057715	0.5439051	0.16880935569441807	1.0	degenerated	True	pain_receptor:FLT1
Fibroblast_like	EP_hyaline	PIGF	FLT1	0.29803485	0.0	0.08452701	0.18687153685868024	0.20650839628259077	0.0107820425	0.510434	0.12238457043612326	1.0	degenerated	True	pain_receptor:FLT1
Fibrochondrocyte_stressed	Fibrochondrocyte_chondroid	TNFSF13B	HLA-DPB1	0.37618256	0.0	0.10388912	0.7169580121696965	0.6103630237696263	0.009495511	0.5361539	0.19989623255458613	1.0	degenerated	True	pain_ligand:TNF
Fibrochondrocyte_stressed	Fibrochondrocyte_fibroid	ADAM10	IL6R	0.43313858	0.0	0.11379038	0.28990687517071956	0.15001731365142085	0.0066512674	0.54745305	0.717658658498837	1.0	degenerated	True	pain_receptor:IL6R
Fibroblast_like	EP_hyaline	FGF2	CD44	0.7544709	1.0	0.5588065	-0.1634883573637938	-0.3551056060344948	0.0058690445	0.72831845	1.0	1.0	degenerated	True	pain_ligand:FGF2
Fibroblast_like	EP_hyaline	FGF2	FGFR3	0.42673603	0.01	0.13118245	0.09643110988560559	-0.010002937299238485	0.013533356	0.5650052	0.4985419979051901	1.0	degenerated	True	pain_ligand:FGF2
Fibroblast_like	EP_hyaline	FGF2	FGFRL1	0.76821804	0.0	0.5767436	0.20604001770919633	0.2102529059718401	0.01674766	0.73143303	0.09359165782997089	1.0	degenerated	True	pain_ligand:FGF2
NP_notochordal	AF_inner	VEGFA	GPC1	0.3277031	1.0	0.081228085	-0.2800718443924954	-0.39102814207926306	0.0024770151	0.505459	1.0	1.0	degenerated	True	pain_ligand:VEGFA
NP_notochordal	AF_inner	VEGFA	ITGAV	0.41991967	1.0	0.17149843	-0.2524625110922496	-0.35380620253544515	0.003260165	0.59760445	1.0	1.0	degenerated	True	pain_ligand:VEGFA
NP_notochordal	AF_inner	VEGFA	SIRPA	0.35449234	1.0	0.107451946	-0.22571557358657302	-0.33957836828864424	0.0022368818	0.5403442	1.0	1.0	degenerated	True	pain_ligand:VEGFA
Fibroblast_like	AF_outer	VEGFA	EGFR	0.31106937	1.0	0.09642355	-0.1134151920348554	-0.5134061654042991	0.0048437957	0.5268695	1.0	1.0	degenerated	True	pain_ligand:VEGFA
Fibroblast_like	AF_outer	VEGFA	GPC1	0.3706112	1.0	0.13126907	-0.14055814468261063	-0.5071266896072832	0.0040029925	0.5650863	1.0	1.0	degenerated	True	pain_ligand:VEGFA
Fibroblast_like	AF_outer	VEGFA	ITGAV	0.38882175	1.0	0.14192638	-0.25712052199705737	-0.7356943715328667	0.0026980038	0.5746529	1.0	1.0	degenerated	True	pain_ligand:VEGFA
Fibroblast_like	AF_outer	VEGFA	NRP2	0.38743788	1.0	0.1411165	-0.3605440347285229	-0.9313460253332602	0.0017325726	0.57395333	1.0	1.0	degenerated	True	pain_ligand:VEGFA; pain_receptor:NRP2
Fibroblast_like	AF_outer	VEGFA	SIRPA	0.32870227	1.0	0.1067428	-0.2043720190998931	-0.6686237831863572	0.0022221191	0.53952175	1.0	1.0	degenerated	True	pain_ligand:VEGFA
Fibroblast_like	AF_outer	SEMA3C	NRP2_PLXNA1	0.42315865	0.0	0.093722425	0.25115000180530533	0.17810922866300416	0.027020035	0.5233268	0.1239734437794419	1.0	degenerated	True	pain_receptor:NRP2
Fibroblast_like	AF_outer	SEMA3C	NRP2_PLXNA3	0.4195839	0.0	0.08860844	0.18094812729815626	0.0766814204793991	0.016682513	0.5163242	0.28174966962236486	1.0	degenerated	True	pain_receptor:NRP2
Fibroblast_like	AF_outer	SEMA3E	NRP2	0.32664204	1.0	0.08247745	-0.15870776242710694	-0.37952585981447445	0.0062148967	0.50736666	1.0	1.0	degenerated	True	pain_receptor:NRP2
NP_notochordal	AF_outer	CXCL8	SDC1	0.5093603	0.0	0.09106808	0.28507412163382506	0.1603962614644138	0.021466153	0.51974225	0.14541970261357787	1.0	degenerated	True	pain_ligand:CXCL8
NP_notochordal	AF_outer	CXCL8	SDC3	0.53162557	0.0	0.13202283	0.3144128695172924	0.18831053296944888	0.008848057	0.5657898	0.28382401882801284	1.0	degenerated	True	pain_ligand:CXCL8
NP_fibrocartilaginous	NP_fibrocartilaginous	ANGPT1	ITGA5	0.35348618	0.0	0.10179781	0.16942120180401116	0.22329718484871725	0.020040965	0.5336243	0.08650915023169822	1.0	degenerated	True	pain_ligand:ANGPT1
Fibroblast_like	AF_outer	NGF	KIDINS220	0.32759628	0.0	0.09362244	0.08527221074622796	-0.04109485668099966	0.013136014	0.52319366	0.5997488859517038	1.0	degenerated	True	pain_ligand:NGF
Fibroblast_like	AF_outer	NGF	MAGED1	0.4657524	0.0	0.15180345	0.12498272538806819	0.0518703101532928	0.019231109	0.5828538	0.33490982057131385	1.0	degenerated	True	pain_ligand:NGF
Fibroblast_like	AF_outer	FGF2	FGFR2	0.41495824	0.12	0.11581494	0.0582545541188563	-0.10662305800683508	0.015536421	0.5496367	0.829741924779038	1.0	degenerated	True	pain_ligand:FGF2
Fibroblast_like	AF_outer	FGF2	SDC3	0.39797145	0.11	0.093650825	0.08185904591486655	-0.1307834008603349	0.009546919	0.5232315	0.9320871287275222	1.0	degenerated	True	pain_ligand:FGF2
NP_notochordal	AF_outer	VEGFA	SIRPA	0.42711908	1.0	0.17854586	-0.10829330712638803	-0.16137704747274817	0.0037168802	0.60243684	1.0	1.0	degenerated	True	pain_ligand:VEGFA
Fibroblast_like	AF_outer	FGF2	FGFR1	0.7855783	0.03	0.59939504	0.03741415002681679	-0.1585227795226355	0.01155203	0.73519987	1.0	1.0	degenerated	True	pain_ligand:FGF2
NP_fibrocartilaginous	Macrophage_M2	VEGFA	GPC1	0.45518827	0.95	0.16549468	-0.12625003180134967	-0.18965346467171085	0.005046688	0.5933124	1.0	1.0	degenerated	True	pain_ligand:VEGFA
NP_fibrocartilaginous	Macrophage_M2	VEGFA	ITGAV	0.42188805	0.99	0.1215785	-0.2822310994754952	-0.5794653604571713	0.0023111927	0.5556402	1.0	1.0	degenerated	True	pain_ligand:VEGFA
NP_fibrocartilaginous	Macrophage_M2	VEGFA	NRP2	0.44820797	0.99	0.15628912	-0.32358999102658803	-0.6105604413785994	0.0019188559	0.58638966	1.0	1.0	degenerated	True	pain_ligand:VEGFA; pain_receptor:NRP2
NP_notochordal	AF_outer	VEGFA	EGFR	0.40948617	1.0	0.16128515	-0.01733648006135033	-0.0061594296906900825	0.00810209	0.59020025	1.0	1.0	degenerated	True	pain_ligand:VEGFA
NP_notochordal	AF_outer	VEGFA	GPC1	0.469028	1.0	0.21957031	-0.044479432709105565	0.00012004610632571078	0.0066957003	0.62692386	1.0	1.0	degenerated	True	pain_ligand:VEGFA
Fibrochondrocyte_stressed	Fibrochondrocyte_fibroid	TNFSF10	TNFRSF10B	0.29569674	0.07	0.08084115	0.11472628631183136	0.1020964985623552	0.0104136765	0.5048622	0.412555289778364	1.0	degenerated	True	pain_ligand:TNF
Fibrochondrocyte_stressed	Fibrochondrocyte_fibroid	TNFSF10	TNFRSF10D	0.30986732	0.08	0.0869199	0.10271286403408321	0.12272314093100967	0.011600764	0.5139214	0.4291411521018365	1.0	degenerated	True	pain_ligand:TNF
Fibrochondrocyte_stressed	Fibrochondrocyte_fibroid	TNFSF13B	HLA-DPB1	0.46475738	0.0	0.20489138	0.8714822465212877	0.7074956542325346	0.018727161	0.6187973	0.015267623538825359	1.0	degenerated	True	pain_ligand:TNF
Fibrochondrocyte_stressed	Fibrochondrocyte_stressed	ADAM10	IL6R	0.7601694	0.0	0.57479554	0.7808775693373347	0.8432760041870324	0.03359791	0.7311006	0.003983875681538537	1.0	degenerated	True	pain_receptor:IL6R
NP_notochordal	EP_hyaline	PTGS2	CAV1	0.46811083	1.0	0.17920378	-0.521661938925307	-0.9172625403230599	0.0013022212	0.60287726	1.0	1.0	degenerated	True	pain_ligand:PTGS2
NP_notochordal	EP_hyaline	VEGFA	ITGAV	0.42238402	1.0	0.17391078	-0.2491158824489727	-0.2193763431545135	0.0033060233	0.59928274	1.0	1.0	degenerated	True	pain_ligand:VEGFA
Fibroblast_like	AF_outer	ANGPT1	ITGA5	0.30757424	0.0	0.08777708	0.11681094716062064	-0.022709613970373743	0.017280702	0.51514703	0.5419664977152931	1.0	degenerated	True	pain_ligand:ANGPT1
Fibroblast_like	AF_inner	VEGFA	ITGAV	0.32150286	1.0	0.102529526	-0.34854122306575464	-0.8610529382490542	0.0019490741	0.53451544	1.0	1.0	degenerated	True	pain_ligand:VEGFA
Fibroblast_like	AF_inner	VEGFA	NRP2	0.44929585	1.0	0.1773175	-0.2888694567219847	-0.7626589262639536	0.0021770343	0.6016099	1.0	1.0	degenerated	True	pain_ligand:VEGFA; pain_receptor:NRP2
Fibroblast_like	AF_inner	SEMA3E	NRP2	0.3885	0.99	0.10363562	-0.08703318442056873	-0.21083876074516789	0.0078092213	0.5358501	1.0	1.0	degenerated	True	pain_receptor:NRP2
NP_notochordal	Fibroblast_like	ADAM10	IL6R	0.36110598	0.0	0.122857854	0.16474937715713334	0.17176475249951062	0.0071812784	0.5569321	0.5758455787789774	1.0	degenerated	True	pain_receptor:IL6R
Fibroblast_like	AF_inner	FGF2	FGFR2	0.41853625	0.16	0.120483465	0.0669918887425174	-0.1433424649589517	0.016162697	0.554523	0.9894743395528595	1.0	degenerated	True	pain_ligand:FGF2
Fibroblast_like	AF_inner	FGF2	FGFR3	0.4647624	0.0	0.18079872	0.19111482328468035	-0.015592551879670874	0.018651992	0.60393745	0.5187922761800127	1.0	degenerated	True	pain_ligand:FGF2
Fibroblast_like	AF_inner	FGF2	SDC4	0.76245326	0.0	0.5692218	0.11366452018059715	-0.05512382651047032	0.014107447	0.7301417	0.6452569839661316	1.0	degenerated	True	pain_ligand:FGF2
NP_notochordal	Fibroblast_like	CXCL8	SDC3	0.5377024	0.0	0.14320055	0.33360942020234985	0.1667976913362728	0.009597178	0.5757448	0.20561783356682048	1.0	degenerated	True	pain_ligand:CXCL8
NP_fibrocartilaginous	Macrophage_M2	SEMA3C	NRP2_PLXNA1	0.39398313	0.02	0.09419223	0.227618402688236	0.2599577225406952	0.02715548	0.5239504	0.30449961405007375	1.0	degenerated	True	pain_receptor:NRP2
NP_fibrocartilaginous	Macrophage_M2	SEMA3C	NRP2_PLXNA3	0.43902224	0.76	0.15193474	-0.11874537578333055	-0.15037751445671144	0.006142213	0.58295894	1.0	1.0	degenerated	True	pain_receptor:NRP2
Fibroblast_like	AF_inner	ADAM10	IL6R	0.34792253	0.0	0.10390073	0.14700643251095077	-0.11792126000642456	0.0060731983	0.5361678	0.9082522038304229	1.0	degenerated	True	pain_receptor:IL6R
Fibroblast_like	AF_inner	ADAM17	IL6R	0.33842745	0.0	0.09978049	0.19456597614255852	-0.033707308571646055	0.0074345265	0.5311328	0.5765531143475887	1.0	degenerated	True	pain_receptor:IL6R
NP_fibrocartilaginous	Macrophage_M2	PTGS2	CAV1	0.408967	1.0	0.16725278	-0.5813338311382208	-1.3095357968005956	0.0012153768	0.59458673	1.0	1.0	degenerated	True	pain_ligand:PTGS2
Fibrochondrocyte_stressed	Fibrochondrocyte_stressed	TNFSF10	TNFRSF10B	0.3559944	0.0	0.10670699	0.21306173361626532	0.21406167897162365	0.013745625	0.53948003	0.09022438878543272	1.0	degenerated	True	pain_ligand:TNF
Fibrochondrocyte_stressed	Fibrochondrocyte_stressed	TNFSF12	TNFRSF12A	0.30535442	1.0	0.09283187	-0.352163483604514	-0.6028784367927333	0.0028262557	0.52213585	1.0	1.0	degenerated	True	pain_ligand:TNF
Fibrochondrocyte_stressed	Fibrochondrocyte_stressed	TNFSF13B	CD40	0.3730986	0.0	0.10037248	0.8037608453209588	0.6145869150808255	0.021715583	0.53186935	0.015267623538825359	1.0	degenerated	True	pain_ligand:TNF
NP_notochordal	Fibroblast_like	VEGFA	ITGAV	0.46546125	1.0	0.21607886	-0.19061595551969024	-0.3354498556874551	0.0041076336	0.62504745	1.0	1.0	degenerated	True	pain_ligand:VEGFA
NP_notochordal	Fibroblast_like	VEGFA	SIRPA	0.4407846	1.0	0.19192299	-0.08619914319984348	-0.22487327202325968	0.0039953585	0.611056	1.0	1.0	degenerated	True	pain_ligand:VEGFA
NP_notochordal	Fibrochondrocyte_chondroid	ADAM10	IL6R	0.3258952	0.01	0.09131337	0.11188748233674341	0.33313443823918076	0.0053374427	0.52007794	1.0	1.0	degenerated	True	pain_receptor:IL6R
NP_notochordal	Fibrochondrocyte_chondroid	PTGS2	CAV1	0.39890826	1.0	0.14206955	-0.5867783708162556	-0.9770324698013915	0.0010323776	0.5747761	1.0	1.0	degenerated	True	pain_ligand:PTGS2
NP_notochordal	Fibrochondrocyte_chondroid	VEGFA	SIRPA	0.33638152	1.0	0.08972336	-0.2549969738150306	-0.19630672766002977	0.0018678168	0.5178853	1.0	1.0	degenerated	True	pain_ligand:VEGFA
EP_hyaline	NP_notochordal	TNFSF9	HLA-DPA1	0.35423982	0.0	0.117512554	0.4575209568591093	0.8671783156728401	0.015021047	0.5514371	0.021621481729111002	1.0	degenerated	True	pain_ligand:TNF
NP_notochordal	Fibrochondrocyte_chondroid	VEGFA	GPC1	0.3871934	1.0	0.13946286	-0.18090002341349098	-0.08363863214163414	0.004252859	0.5725115	1.0	1.0	degenerated	True	pain_ligand:VEGFA
EP_hyaline	NP_mature_chondrocyte	VEGFB	ADRB2	0.31833506	1.0	0.10074291	-0.057573188322517815	-0.016166866786757106	0.007561533	0.53232795	1.0	1.0	degenerated	True	pain_ligand:VEGFB
NP_fibrocartilaginous	Macrophage_M2	FGF2	SDC4	0.37366506	0.98	0.10379598	-0.33984054292817634	-0.6798551605500827	0.002572453	0.5360424	1.0	1.0	degenerated	True	pain_ligand:FGF2
EP_hyaline	NP_mature_chondrocyte	PDGFA	PDGFRA	0.33859822	0.72	0.11421976	0.07411680992541292	0.0682925834001274	0.013784167	0.5479196	1.0	1.0	degenerated	True	pain_ligand:PDGFA
EP_hyaline	NP_mature_chondrocyte	PDGFC	FLT1	0.32894754	0.0	0.104291975	0.16398955715216673	0.35456121869012447	0.009485832	0.5366351	0.21651483700184718	1.0	degenerated	True	pain_receptor:FLT1
EP_hyaline	NP_mature_chondrocyte	SEMA3E	NRP2	0.52542096	0.0	0.15769447	0.07482659088422064	0.22200188513999136	0.011882701	0.5874748	0.2788647086434665	1.0	degenerated	True	pain_receptor:NRP2
NP_fibrocartilaginous	Macrophage_M2	FGF2	FGFR1	0.45321023	0.99	0.19335622	-0.334555520697823	-0.6419814579392638	0.003726519	0.6119398	1.0	1.0	degenerated	True	pain_ligand:FGF2
NP_fibrocartilaginous	Macrophage_M2	FGF2	FGFRL1	0.36102122	0.97	0.089560226	-0.31290082488503773	-0.6148962399676364	0.0026006778	0.5176582	1.0	1.0	degenerated	True	pain_ligand:FGF2
EP_hyaline	NP_mature_chondrocyte	FGF2	FGFR2	0.5122262	0.0	0.1288029	0.1462408930417435	0.3138701693253209	0.017278738	0.56275433	0.11792462741203438	1.0	degenerated	True	pain_ligand:FGF2
NP_notochordal	Fibrochondrocyte_fibroid	VEGFA	ITGA9	0.3543924	1.0	0.10735412	0.41914438999437487	0.10532328996884044	0.01826414	0.54023105	0.7179601467605832	1.0	degenerated	True	pain_ligand:VEGFA
NP_fibrocartilaginous	Macrophage_M2	FGF2	GPC4	0.36366546	0.22	0.092537396	0.206098142262224	-0.01868304354481848	0.03934145	0.5217395	0.5957634215688243	1.0	degenerated	True	pain_ligand:FGF2
Fibrochondrocyte_stressed	Macrophage_M2	TNFSF13B	CD40	0.39846763	0.0	0.12930089	0.8601010012985126	0.7224538976658721	0.027974242	0.563229	0.011697316605870884	1.0	degenerated	True	pain_ligand:TNF
Fibrochondrocyte_stressed	Macrophage_M2	VEGFB	ADRB2	0.33267927	0.65	0.106656894	-0.023459115201430625	-0.11010039022955348	0.0080054235	0.53942174	1.0	1.0	degenerated	True	pain_ligand:VEGFB
EP_hyaline	NP_fibrocartilaginous	PDGFA	PDGFRB	0.31319612	0.0	0.09806981	0.3257403738388188	0.5716832950453719	0.046391025	0.528979	0.015267623538825359	1.0	degenerated	True	pain_ligand:PDGFA
EP_hyaline	NP_fibrocartilaginous	SEMA3E	NRP2	0.44518387	0.52	0.12858966	-0.018143632474994932	-0.0004791579782533195	0.009689576	0.5625505	0.9015747250606618	1.0	degenerated	True	pain_receptor:NRP2
NP_notochordal	Fibrochondrocyte_stressed	VEGFA	NRP2	0.43784156	1.0	0.18904208	-0.3200979310070317	-0.4115667732521394	0.0023209837	0.6092573	1.0	1.0	degenerated	True	pain_ligand:VEGFA; pain_receptor:NRP2
EP_hyaline	NP_fibrocartilaginous	FGF2	SDC1	0.49780422	0.0	0.10348643	0.21231905749216753	0.36496446341813993	0.037104297	0.53567094	0.04972515795906326	1.0	degenerated	True	pain_ligand:FGF2
EP_hyaline	NP_fibrocartilaginous	FGF2	SDC3	0.4985382	0.0	0.10477485	0.16923332016447434	0.3238180807545341	0.01068092	0.53720933	0.12778450419061083	1.0	degenerated	True	pain_ligand:FGF2
NP_notochordal	Macrophage_M2	VEGFA	ITGAV	0.3369127	1.0	0.090243325	-0.3651880185599976	-0.5079634567718316	0.0017155149	0.51860666	1.0	1.0	degenerated	True	pain_ligand:VEGFA
NP_notochordal	Macrophage_M2	PTGS2	CAV1	0.33918485	1.0	0.110021845	-0.642975232446195	-1.2016300334434207	0.00079949637	0.5432779	1.0	1.0	degenerated	True	pain_ligand:PTGS2
EP_hyaline	Macrophage_M2	VEGFB	ADRB2	0.34501436	0.6	0.116428055	-0.008925925593901846	0.002284820784810848	0.008738824	0.55029017	0.9968380330174399	1.0	degenerated	True	pain_ligand:VEGFB
EP_hyaline	Macrophage_M2	SEMA3A	NRP2	0.2857721	0.94	0.07928871	-0.24206857721414263	-0.28184466140744785	0.0030038138	0.50243855	1.0	1.0	degenerated	True	pain_ligand:SEMA3A; pain_receptor:NRP2
NP_notochordal	Macrophage_M2	VEGFA	GPC1	0.3702129	1.0	0.12284072	-0.20920695088585212	-0.11815156098637103	0.0037459743	0.55691487	1.0	1.0	degenerated	True	pain_ligand:VEGFA
NP_notochordal	Macrophage_M2	VEGFA	NRP2	0.3632326	1.0	0.11600777	-0.40654691011109045	-0.5390585376932596	0.0014242975	0.54984266	1.0	1.0	degenerated	True	pain_ligand:VEGFA; pain_receptor:NRP2
EP_hyaline	Macrophage_M2	FGF2	FGFRL1	0.5183963	0.77	0.13963392	-0.13749734732734836	-0.1730481670981655	0.0040547336	0.5726615	1.0	1.0	degenerated	True	pain_ligand:FGF2
EP_hyaline	Macrophage_M2	FGF2	GPC4	0.52104056	0.01	0.14427565	0.3815016198199134	0.42316502932465244	0.06133751	0.57665807	0.151804605960243	1.0	degenerated	True	pain_ligand:FGF2
EP_hyaline	Macrophage_M2	FGF2	SDC4	0.5310402	0.78	0.161829	-0.16443706537048697	-0.23800708768061168	0.004010728	0.5906073	1.0	1.0	degenerated	True	pain_ligand:FGF2
Fibrochondrocyte_stressed	NP_fibrocartilaginous	TNFSF13B	HLA-DPB1	0.40339488	0.0	0.13491945	0.7644316033105931	0.48562419882411323	0.012331696	0.5684537	0.06565141941956869	1.0	degenerated	True	pain_ligand:TNF
Fibrochondrocyte_stressed	NP_mature_chondrocyte	ADAM17	IL6R	0.30200845	0.0	0.08840904	0.12234901263267531	-0.017530264639074977	0.0065872534	0.5160428	0.7404478403891958	1.0	degenerated	True	pain_receptor:IL6R
NP_fibrocartilaginous	Fibrochondrocyte_stressed	TNFSF12	TNFRSF12A	0.34471673	1.0	0.11846378	-0.27581308147930866	-0.5211071744407223	0.0036066163	0.55243397	1.0	1.0	degenerated	True	pain_ligand:TNF
NP_notochordal	NP_fibrocartilaginous	CXCL8	SDC1	0.5188038	0.0	0.108438395	0.3193132124501996	0.21418203530550572	0.025560604	0.5414788	0.09017407895809981	1.0	degenerated	True	pain_ligand:CXCL8
NP_notochordal	NP_fibrocartilaginous	CXCL8	SDC3	0.51953775	0.0	0.109788455	0.27622747512250645	0.1730356526418999	0.007357928	0.5430144	0.5347623109139158	1.0	degenerated	True	pain_ligand:CXCL8
EP_hyaline	Fibrochondrocyte_stressed	TNFSF9	TNFRSF9	0.32964057	0.0	0.09569139	0.7627760042365685	0.8170287509841974	0.12521906	0.52591944	0.004399424539862176	1.0	degenerated	True	pain_ligand:TNF
NP_fibrocartilaginous	Fibrochondrocyte_stressed	SEMA3A	NRP2	0.33097988	1.0	0.10649448	-0.19965026614534548	-0.3451958623476965	0.0040344903	0.5392324	1.0	1.0	degenerated	True	pain_ligand:SEMA3A; pain_receptor:NRP2
EP_hyaline	Fibrochondrocyte_stressed	SEMA3A	NRP2	0.36038104	1.0	0.12920603	-0.15561959811008386	-0.15435289696632765	0.0048949067	0.5631388	1.0	1.0	degenerated	True	pain_ligand:SEMA3A; pain_receptor:NRP2
NP_notochordal	NP_mature_chondrocyte	ADAM10	IL6R	0.34851506	0.0	0.11157796	0.1458466443365321	0.182871658462956	0.006521947	0.5450198	0.7619042408572244	1.0	degenerated	True	pain_receptor:IL6R
EP_hyaline	Fibrochondrocyte_stressed	PDGFC	FLT1	0.3238464	0.0	0.10157428	0.15456126418944904	0.32493500206641435	0.009238645	0.53335077	0.24044090937692458	1.0	degenerated	True	pain_receptor:FLT1
NP_notochordal	NP_fibrocartilaginous	VEGFA	EGFR	0.378527	1.0	0.13097933	-0.08168644829615954	-0.06012450797494992	0.0065796897	0.56481475	1.0	1.0	degenerated	True	pain_ligand:VEGFA
NP_notochordal	NP_fibrocartilaginous	VEGFA	GPC1	0.44481567	1.0	0.19586898	-0.08484256394206642	-0.05954669059510037	0.0059729395	0.61347175	1.0	1.0	degenerated	True	pain_ligand:VEGFA
NP_notochordal	NP_fibrocartilaginous	VEGFA	SIRPA	0.40581074	1.0	0.15768726	-0.14274437713158317	-0.22129959441398322	0.0032826557	0.5874693	1.0	1.0	degenerated	True	pain_ligand:VEGFA
NP_fibrocartilaginous	Fibrochondrocyte_stressed	PDGFC	FLT1	0.37663317	0.0	0.14183065	0.23994886783345776	0.39185633265044967	0.0129001485	0.5745704	0.051189479097641134	1.0	degenerated	True	pain_receptor:FLT1
NP_fibrocartilaginous	Fibrochondrocyte_stressed	PIGF	FLT1	0.3452652	0.0	0.11790876	0.27055607657893355	0.4234461125735766	0.015040129	0.5518534	0.0215182562198116	1.0	degenerated	True	pain_receptor:FLT1
EP_hyaline	Fibrochondrocyte_fibroid	SEMA3E	NRP2	0.40700537	0.82	0.11474097	-0.0623813247169427	-0.007149939260257032	0.008646039	0.5484834	1.0	1.0	degenerated	True	pain_receptor:NRP2
Fibrochondrocyte_stressed	NP_mature_chondrocyte	PDGFC	FLT1	0.295789	0.0	0.078327954	0.11035261069829312	0.19706391224648157	0.0071242857	0.50091463	0.5884758705771531	1.0	degenerated	True	pain_receptor:FLT1
NP_notochordal	NP_mature_chondrocyte	VEGFA	SIRPA	0.36855766	1.0	0.12122041	-0.20297489277333908	-0.31552947846767393	0.002523507	0.55527604	1.0	1.0	degenerated	True	pain_ligand:VEGFA
NP_notochordal	NP_mature_chondrocyte	VEGFA	GPC1	0.3673468	1.0	0.1200351	-0.2139849059576966	-0.2963088194244097	0.003660418	0.5540624	1.0	1.0	degenerated	True	pain_ligand:VEGFA
Fibrochondrocyte_stressed	NP_mature_chondrocyte	TNFSF10	TNFRSF10D	0.33579612	0.0	0.098042555	0.14243794337184615	0.26753220009356043	0.013085248	0.5289444	0.1242610757906137	1.0	degenerated	True	pain_ligand:TNF
Fibrochondrocyte_stressed	NP_mature_chondrocyte	TNFSF13B	CD40	0.38110733	0.0	0.10950486	0.8215469484655532	0.6252118603291222	0.023691375	0.54269344	0.015267623538825359	1.0	degenerated	True	pain_ligand:TNF
Fibrochondrocyte_stressed	NP_mature_chondrocyte	TNFSF13B	HLA-DPB1	0.4098539	0.0	0.14228472	0.7756996578135323	0.5328033988152323	0.013004885	0.57496107	0.049180229862173	1.0	degenerated	True	pain_ligand:TNF
Fibrochondrocyte_stressed	NP_mature_chondrocyte	VEGFB	ADRB2	0.30599993	1.0	0.092288114	-0.0721063779300466	-0.12855207780112143	0.006926935	0.5214029	1.0	1.0	degenerated	True	pain_ligand:VEGFB
EP_hyaline	Fibrochondrocyte_chondroid	PDGFC	FLT1	0.3326785	0.0	0.10627969	0.170885055217165	0.5715258131202494	0.0096666245	0.53898156	0.19943532276088052	1.0	degenerated	True	pain_receptor:FLT1
EP_hyaline	Fibrochondrocyte_chondroid	SEMA3E	NRP2	0.4315906	0.69	0.12365889	-0.033894478735053704	0.2560509179576766	0.009318029	0.5577338	1.0	1.0	degenerated	True	pain_receptor:NRP2
NP_notochordal	NP_notochordal	VEGFA	SIRPA	0.42827508	1.0	0.17967749	-0.10642439795524491	0.061113042877194435	0.0037404373	0.6031932	1.0	1.0	degenerated	True	pain_ligand:VEGFA
EP_hyaline	Fibrochondrocyte_chondroid	FGF2	FGFRL1	0.7739201	0.0	0.5881816	0.19318757371348558	0.5461213296195474	0.0170798	0.7333574	0.06431384631014074	1.0	degenerated	True	pain_ligand:FGF2
EP_hyaline	Fibrochondrocyte_chondroid	GRN	TNFRSF1A	0.41133726	1.0	0.15108432	-0.36198002210196223	-0.43929439617960053	0.0016099341	0.5822764	1.0	1.0	degenerated	True	pain_receptor:TNFRSF1A
Fibrochondrocyte_stressed	NP_notochordal	TNFSF10	TNFRSF10A	0.31118053	0.0	0.08748322	0.5707491221427524	0.7234709371324819	0.028596746	0.5147282	0.010637803851493996	1.0	degenerated	True	pain_ligand:TNF
Fibrochondrocyte_stressed	NP_notochordal	TNFSF13B	HLA-DPB1	0.41786852	0.0	0.15142381	0.7896817695391746	0.8451757330280674	0.013840203	0.58254933	0.034885652626424804	1.0	degenerated	True	pain_ligand:TNF
Fibrochondrocyte_stressed	NP_notochordal	TNFSF13B	TFRC	0.4700511	0.0	0.21092781	0.6545431130494258	0.47634020429659063	0.020160835	0.62221587	0.015267623538825359	1.0	degenerated	True	pain_ligand:TNF
NP_fibrocartilaginous	Fibrochondrocyte_stressed	FGF2	FGFR1	0.39874804	1.0	0.13203698	-0.39554578913204913	-0.6964171900752159	0.0025447248	0.56580293	1.0	1.0	degenerated	True	pain_ligand:FGF2
NP_fibrocartilaginous	Fibrochondrocyte_stressed	FGF2	SDC4	0.46279034	1.0	0.20414251	-0.23527845230072147	-0.4422285444417249	0.005059416	0.6183653	1.0	1.0	degenerated	True	pain_ligand:FGF2
NP_notochordal	NP_stressed	VEGFA	SIRPA	0.32361484	1.0	0.07722611	-0.2756380506949069	-0.3910737041250019	0.0016076551	0.4991438	1.0	1.0	degenerated	True	pain_ligand:VEGFA
EP_hyaline	Fibroblast_like	TNFSF9	PVR	0.326537	0.0	0.09293834	0.4346502633782738	0.5330781788564427	0.059197623	0.52227885	0.015267623538825359	1.0	degenerated	True	pain_ligand:TNF
EP_hyaline	Fibroblast_like	SEMA3A	NRP2	0.4399972	1.0	0.18247344	-0.06336862903700138	-0.17709190451204931	0.0069129164	0.60503966	1.0	1.0	degenerated	True	pain_ligand:SEMA3A; pain_receptor:NRP2
EP_hyaline	Fibroblast_like	SEMA3E	NRP2	0.3634178	1.0	0.098930225	-0.1128859441878966	-0.26640943634567243	0.007454658	0.5300671	1.0	1.0	degenerated	True	pain_receptor:NRP2
NP_notochordal	NP_stressed	VEGFA	ITGAV	0.35136664	1.0	0.10439223	-0.34555918194088686	-0.47313083598066125	0.0019844838	0.5367546	1.0	1.0	degenerated	True	pain_ligand:VEGFA
EP_hyaline	Fibroblast_like	FGF2	SDC3	0.51670283	0.0	0.13666113	0.22661526524431774	0.317580119448907	0.013931461	0.57002634	0.04081905120493775	1.0	degenerated	True	pain_ligand:FGF2
Fibrochondrocyte_stressed	NP_stressed	TNFSF13B	CD40	0.41068357	0.0	0.14323077	0.8872304651618874	0.6688246333974415	0.030987974	0.5757706	0.015267623538825359	1.0	degenerated	True	pain_ligand:TNF
Fibrochondrocyte_stressed	NP_stressed	TNFSF13B	HLA-DPB1	0.4231361	0.0	0.15743044	0.7988713623790524	0.5618802824048045	0.01438921	0.58727175	0.02818837650927895	1.0	degenerated	True	pain_ligand:TNF
Fibrochondrocyte_stressed	unassigned	ADAM10	IL6R	0.76910245	0.0	0.5873883	0.7942888005428697	1.4567909917344404	0.034333978	0.7332254	0.00351199832623518	1.0	degenerated	True	pain_receptor:IL6R
NP_stressed	AF_inner	FGF2	FGFR2	0.42523345	0.19	0.12295713	0.07445611247533254	0.0014311588612228587	0.016494537	0.55703175	0.5658470872842354	1.0	degenerated	True	pain_ligand:FGF2
NP_stressed	AF_inner	FGF2	SDC4	0.7691505	0.0	0.5809086	0.1211287439134123	0.08964979730970424	0.014397091	0.7321392	0.25701616009934003	1.0	degenerated	True	pain_ligand:FGF2
NP_fibrocartilaginous	Fibrochondrocyte_fibroid	TNFSF9	HLA-DPA1	0.4177104	0.0	0.12859784	0.6155128711162197	0.6221072104004822	0.016438022	0.56255835	0.015267623538825359	1.0	degenerated	True	pain_ligand:TNF
NP_fibrocartilaginous	Fibrochondrocyte_fibroid	VEGFA	ITGA9	0.43936777	0.11	0.14463067	0.5021013090788773	0.03382138628350062	0.024605993	0.57695806	0.2841000487106237	1.0	degenerated	True	pain_ligand:VEGFA
NP_stressed	AF_inner	IL11	IL6R	0.31032145	0.0	0.08758435	0.21233897060400264	0.1406207241699549	0.012422199	0.5148725	0.1699391860931144	1.0	degenerated	True	pain_receptor:IL6R
EP_hyaline	EP_hyaline	VEGFB	ADRB2	0.31834036	1.0	0.100746036	-0.05756317761356844	0.007636218071042922	0.007561768	0.53233176	1.0	1.0	degenerated	True	pain_ligand:VEGFB
NP_stressed	AF_inner	GRN	TNFRSF1A	0.39175192	1.0	0.12405779	-0.3571691733333291	-0.7223802420285679	0.0013219432	0.558131	1.0	1.0	degenerated	True	pain_receptor:TNFRSF1A
EP_hyaline	EP_hyaline	PDGFA	PDGFRA	0.39752483	0.0	0.15168366	0.14752073729428547	0.38470258943501645	0.018305352	0.58275783	0.11581676967372675	1.0	degenerated	True	pain_ligand:PDGFA
EP_hyaline	EP_hyaline	SEMA3E	NRP2	0.4787999	0.02	0.14078337	0.020806857344634312	0.2068235080479474	0.010608405	0.57366437	0.4919554646358124	1.0	degenerated	True	pain_receptor:NRP2
EP_hyaline	EP_hyaline	GRN	TNFRSF1A	0.43525475	1.0	0.17719868	-0.3328235939230717	-0.4205806040085269	0.0018882053	0.60152954	1.0	1.0	degenerated	True	pain_receptor:TNFRSF1A
EP_hyaline	EP_hyaline	FGF2	SDC4	0.771193	0.0	0.58339447	0.11731117968255345	0.36988374521027834	0.014458699	0.73255765	0.17034406812496988	1.0	degenerated	True	pain_ligand:FGF2
Macrophage_M2	AF_inner	ADAM10	IL6R	0.40104425	0.1	0.12695204	0.23379469105909736	0.11575063831460164	0.007420592	0.5609728	0.5208506946959677	1.0	degenerated	True	pain_receptor:IL6R
NP_stressed	AF_inner	PGF	NRP2	0.4029247	0.0	0.12111769	0.23876135283542393	0.18536726222397498	0.012788556	0.5551714	0.1167602512809266	1.0	degenerated	True	pain_receptor:NRP2
EP_hyaline	AF_outer	TNFSF9	PVR	0.32143456	0.0	0.08841212	0.421410135560369	0.66211334347382	0.056314617	0.51604724	0.015267623538825359	1.0	degenerated	True	pain_ligand:TNF
NP_fibrocartilaginous	Fibrochondrocyte_fibroid	RARRES1	NRP2	0.40072116	0.42	0.106789626	0.05121937058608732	0.12888565067468935	0.021104727	0.53957623	0.8004707411357733	1.0	degenerated	True	pain_receptor:NRP2
NP_fibrocartilaginous	Fibrochondrocyte_fibroid	SEMA3A	NRP2	0.4541836	0.89	0.17443493	-0.05689467760130908	-0.10867537280800277	0.006608381	0.59964406	1.0	1.0	degenerated	True	pain_ligand:SEMA3A; pain_receptor:NRP2
NP_fibrocartilaginous	Fibrochondrocyte_fibroid	SEMA3C	NRP2_PLXNA2	0.4492421	0.0	0.16503714	0.5459350894063164	0.5075649059872966	0.06667729	0.5929784	0.015267623538825359	1.0	degenerated	True	pain_receptor:NRP2
NP_fibrocartilaginous	Fibrochondrocyte_fibroid	SEMA3E	NRP2	0.41554803	0.82	0.12554987	-0.047182150770908454	-0.05995034817340644	0.009460519	0.5596047	1.0	1.0	degenerated	True	pain_receptor:NRP2
EP_hyaline	AF_outer	SEMA3A	NRP2	0.40839416	1.0	0.16132934	-0.09998698985806999	-0.16688541333383938	0.006111882	0.5902334	1.0	1.0	degenerated	True	pain_ligand:SEMA3A; pain_receptor:NRP2
EP_hyaline	AF_outer	SEMA3E	NRP2	0.33181477	1.0	0.08746669	-0.14950430500896522	-0.2562029451674625	0.0065908493	0.5147046	1.0	1.0	degenerated	True	pain_receptor:NRP2
EP_hyaline	AF_outer	PDGFA	PDGFRB	0.32583487	0.0	0.10610518	0.35147430842563565	0.5833763733531153	0.050192088	0.5387774	0.015267623538825359	1.0	degenerated	True	pain_ligand:PDGFA
EP_hyaline	AF_outer	FGF2	FGFR2	0.5276128	0.0	0.15581253	0.18381422276325005	0.3632533039355829	0.020902045	0.5860193	0.07282616924734564	1.0	degenerated	True	pain_ligand:FGF2
EP_hyaline	AF_outer	FGF2	SDC1	0.48836076	0.0	0.08690936	0.17807996667579293	0.311178689577048	0.031160709	0.5139062	0.07815128936031829	1.0	degenerated	True	pain_ligand:FGF2
EP_hyaline	AF_outer	FGF2	SDC3	0.510626	0.0	0.12599386	0.20741871455926028	0.3390929610820831	0.012844021	0.56003964	0.053242731983360804	1.0	degenerated	True	pain_ligand:FGF2
Macrophage_M2	AF_inner	PDGFA	PDGFRA	0.2833939	0.62	0.07926133	-0.024706459197937305	-0.012768378696702748	0.009565345	0.5023954	1.0	1.0	degenerated	True	pain_ligand:PDGFA
NP_stressed	AF_outer	FGF2	FGFR2	0.42165545	0.2	0.11819276	0.06571877785167145	0.038150565813339476	0.015855404	0.55215085	0.5762739708222615	1.0	degenerated	True	pain_ligand:FGF2
Macrophage_M2	AF_inner	SEMA3A	NRP2	0.42149788	0.71	0.14362757	-0.10132609643136631	-0.09892806800231452	0.00544126	0.57610846	1.0	1.0	degenerated	True	pain_ligand:SEMA3A; pain_receptor:NRP2
NP_stressed	AF_outer	GRN	TNFRSF1A	0.47371122	1.0	0.1601614	-0.25725778166343405	-0.636490324018231	0.0017066585	0.5893545	1.0	1.0	degenerated	True	pain_receptor:TNFRSF1A
EP_hyaline	AF_inner	PDGFA	PDGFRA	0.3168477	0.96	0.100391395	0.04702228576731782	0.08002935637379816	0.012115344	0.5318928	1.0	1.0	degenerated	True	pain_ligand:PDGFA
EP_hyaline	AF_inner	SEMA3A	NRP2	0.47025213	0.91	0.20271558	-0.028312411851531796	0.0018016857354671845	0.00767978	0.6175373	1.0	1.0	degenerated	True	pain_ligand:SEMA3A; pain_receptor:NRP2
EP_hyaline	AF_inner	SEMA3E	NRP2	0.39367273	0.99	0.10990475	-0.07782972700242702	-0.08751584609815594	0.008281618	0.5431458	1.0	1.0	degenerated	True	pain_receptor:NRP2
NP_stressed	AF_outer	FGF2	SDC2	0.75086534	1.0	0.5565606	-0.07316755346254662	-0.23671588309533032	0.008706072	0.7279199	1.0	1.0	degenerated	True	pain_ligand:FGF2
NP_stressed	AF_outer	FGF2	SDC3	0.4046687	0.19	0.09557359	0.0893232696476817	0.013990222959839649	0.00974293	0.52576584	0.5658470872842354	1.0	degenerated	True	pain_ligand:FGF2
Macrophage_M2	AF_inner	TNFSF12	TNFRSF12A	0.7848906	0.19	0.58503646	0.26836482705847076	0.29572234037883394	0.01781137	0.73283297	0.3929578346655779	1.0	degenerated	True	pain_ligand:TNF
EP_hyaline	AF_inner	FGF2	FGFR2	0.53119075	0.0	0.16209337	0.19255155738691113	0.3265338969834663	0.021744609	0.59080464	0.0648424706025757	1.0	degenerated	True	pain_ligand:FGF2
Macrophage_M2	AF_inner	VEGFA	GPC1	0.33754236	0.85	0.08449391	-0.2704662780456604	-0.4123886370676423	0.002576605	0.510385	1.0	1.0	degenerated	True	pain_ligand:VEGFA
Macrophage_M2	AF_inner	VEGFA	ITGAV	0.42975897	0.86	0.17839363	-0.24285694474541464	-0.37516669752382437	0.0033912417	0.6023347	1.0	1.0	degenerated	True	pain_ligand:VEGFA
Macrophage_M2	AF_inner	VEGFA	SIRPA	0.3643316	0.8	0.11177211	-0.21611000723973808	-0.36093886327702346	0.0023268168	0.54523534	1.0	1.0	degenerated	True	pain_ligand:VEGFA
Macrophage_M2	AF_inner	VEGFB	ADRB2	0.44068798	0.48	0.15510063	0.05439512455069342	0.06996794562501707	0.0116415005	0.5854637	0.8612308730409234	1.0	degenerated	True	pain_ligand:VEGFB
NP_stressed	AF_outer	NGF	MAGED1	0.44294414	0.0	0.118916586	0.07707865224209866	0.06849453326283428	0.01506486	0.5529056	0.2984200346868281	1.0	degenerated	True	pain_ligand:NGF
NP_stressed	AF_outer	PGF	NRP2	0.34106672	0.85	0.096390404	0.16708677482888573	0.016680163154668415	0.010177654	0.5268266	1.0	1.0	degenerated	True	pain_receptor:NRP2
NP_stressed	AF_outer	SEMA3A	NRP2	0.43175012	1.0	0.18385671	-0.06500945226765507	-0.18572819458136042	0.00696532	0.60594165	1.0	1.0	degenerated	True	pain_ligand:SEMA3A; pain_receptor:NRP2
AF_outer	NP_stressed	FGF2	FGFRL1	0.4408323	1.0	0.18548016	-0.20709661172705926	-0.3899375273930649	0.005386031	0.60699075	1.0	1.0	degenerated	True	pain_ligand:FGF2
Macrophage_M2	AF_outer	CXCL2	DPP4	0.41416228	0.04	0.1704975	0.44425593160079424	0.489682432482644	0.034274153	0.5969004	0.08857983264138829	1.0	degenerated	True	pain_ligand:CXCL2
Macrophage_M2	AF_outer	FGF2	FGFRL1	0.3407602	0.99	0.10938292	-0.3118008509113685	-0.5049806137232156	0.0031762957	0.5425553	1.0	1.0	degenerated	True	pain_ligand:FGF2
Macrophage_M2	AF_outer	FGF2	SDC4	0.43190134	0.96	0.15653855	-0.26259553583473627	-0.4094473858492539	0.0038796114	0.586583	1.0	1.0	degenerated	True	pain_ligand:FGF2
NP_stressed	EP_hyaline	FGF2	CD44	0.7611681	1.0	0.5702794	-0.15602413363097864	-0.21033198221432026	0.005989543	0.7303245	1.0	1.0	degenerated	True	pain_ligand:FGF2
NP_stressed	EP_hyaline	FGF2	FGFR3	0.43343323	0.06	0.13387577	0.10389533361842074	0.13477068652093607	0.013811213	0.567501	0.39504693376198824	1.0	degenerated	True	pain_ligand:FGF2
NP_stressed	EP_hyaline	FGF2	FGFRL1	0.7749152	0.0	0.58858484	0.2135042414420115	0.35502652979201466	0.017091509	0.7334245	0.04887766893745934	1.0	degenerated	True	pain_ligand:FGF2
AF_outer	NP_stressed	ANGPT1	ITGA5	0.3696422	0.0	0.112137266	0.1975937560763155	0.20114470817130684	0.022076497	0.54563963	0.10181474032649729	1.0	degenerated	True	pain_ligand:ANGPT1
AF_outer	NP_notochordal	VEGFA	CD44	0.46691757	1.0	0.2044606	-0.515528705104938	-0.8357522234216025	0.001197408	0.618549	1.0	1.0	degenerated	True	pain_ligand:VEGFA
AF_outer	NP_notochordal	VEGFA	SIRPA	0.35880488	1.0	0.12867208	-0.17424431014796296	-0.35631364345830296	0.0026786318	0.56262934	1.0	1.0	degenerated	True	pain_ligand:VEGFA
NP_stressed	EP_hyaline	NGF	MAGED1	0.32353413	1.0	0.07952416	-0.06877970887816509	0.01286736672434119	0.01007446	0.5028091	1.0	1.0	degenerated	True	pain_ligand:NGF
Macrophage_M2	AF_outer	PDGFA	PDGFRB	0.29238105	0.06	0.083772495	0.27974556346038054	0.4905786382826144	0.039627817	0.5093136	0.22837050967873523	1.0	degenerated	True	pain_ligand:PDGFA
Macrophage_M2	AF_outer	PGF	NRP2	0.44009	0.01	0.19190073	0.5201696667725165	0.26570130908566025	0.020262383	0.61104226	0.2656303402238959	1.0	degenerated	True	pain_receptor:NRP2
NP_fibrocartilaginous	Fibrochondrocyte_fibroid	ANGPT1	ITGA5	0.46762738	0.0	0.14775553	0.3284280753027024	0.5006122675808768	0.029088674	0.5795645	0.015267623538825359	1.0	degenerated	True	pain_ligand:ANGPT1
NP_fibrocartilaginous	Fibrochondrocyte_fibroid	ANGPT1	TIE1	0.5059672	0.0	0.16319264	3.523240990384833	1.0641155352733849	0.21341452	0.59162134	4.482210874676771e-06	1.0	degenerated	True	pain_ligand:ANGPT1
AF_outer	NP_mature_chondrocyte	VEGFA	GPC1	0.29787657	1.0	0.08596049	-0.28180481815041464	-0.7137355057599071	0.0026213278	0.5125349	1.0	1.0	degenerated	True	pain_ligand:VEGFA
AF_outer	NP_mature_chondrocyte	VEGFA	ITGAV	0.44733262	1.0	0.19073126	-0.1887130185397707	-0.5342524188263125	0.0036257785	0.6103156	1.0	1.0	degenerated	True	pain_ligand:VEGFA
AF_outer	NP_mature_chondrocyte	VEGFA	SIRPA	0.29908744	1.0	0.08680933	-0.2707948049660571	-0.7329561648031713	0.0018071539	0.51376235	1.0	1.0	degenerated	True	pain_ligand:VEGFA
NP_stressed	EP_hyaline	PGF	NRP2	0.48805186	0.0	0.15514667	0.3373979371824853	0.47970661637007833	0.0163816	0.58549964	0.015267623538825359	1.0	degenerated	True	pain_receptor:NRP2
Macrophage_M2	AF_outer	SEMA3A	NRP2	0.35963988	0.88	0.114304684	-0.1730006744379045	-0.2676151670716211	0.0043303766	0.54801166	1.0	1.0	degenerated	True	pain_ligand:SEMA3A; pain_receptor:NRP2
AF_outer	NP_mature_chondrocyte	PIGF	FLT1	0.4004296	0.0	0.16026436	0.3791569028281998	0.5492045717208652	0.0204429	0.58943224	0.015267623538825359	1.0	degenerated	True	pain_receptor:FLT1
AF_outer	NP_mature_chondrocyte	PDGFC	FLT1	0.30862176	0.0	0.088376336	0.13111076093643997	0.18885128308263072	0.008038232	0.51599663	0.4010819506590635	1.0	degenerated	True	pain_receptor:FLT1
NP_fibrocartilaginous	Fibrochondrocyte_chondroid	VEGFA	CD44	0.77927744	1.0	0.59290224	-0.2098829784525762	-0.1420120124606037	0.0034722867	0.73413825	1.0	1.0	degenerated	True	pain_ligand:VEGFA
NP_fibrocartilaginous	Fibrochondrocyte_chondroid	VEGFA	SIRPA	0.4213569	1.0	0.12087799	-0.17204005473052814	-0.2678086313453696	0.0025163784	0.55492675	1.0	1.0	degenerated	True	pain_ligand:VEGFA
Macrophage_M2	AF_outer	TNFSF13B	CD40	0.36890745	0.0	0.08131872	0.8078285230151686	0.5554308244368245	0.017593306	0.5055984	0.015267623538825359	1.0	degenerated	True	pain_ligand:TNF
Macrophage_M2	AF_outer	TNFSF13B	HLA-DPB1	0.42051673	0.0	0.1435539	0.8154864060641255	0.5104899601204452	0.01312089	0.5760458	0.047045181744290274	1.0	degenerated	True	pain_ligand:TNF
Macrophage_M2	AF_outer	VEGFA	EGFR	0.41932547	0.6	0.16776972	-0.007730913714515397	-0.027519924679069302	0.008427839	0.59495854	0.9968380330174399	1.0	degenerated	True	pain_ligand:VEGFA
Macrophage_M2	AF_outer	VEGFA	SIRPA	0.4369583	0.64	0.18572442	-0.0986877407795531	-0.1827375424611274	0.0038663193	0.60714763	1.0	1.0	degenerated	True	pain_ligand:VEGFA
AF_outer	NP_mature_chondrocyte	FGF2	FGFR2	0.34083623	1.0	0.0784999	-0.04478279459257901	-0.12418374620685785	0.010530658	0.50118876	1.0	1.0	degenerated	True	pain_ligand:FGF2
AF_outer	NP_mature_chondrocyte	FGF2	FGFR3	0.38443902	0.92	0.12514813	0.07189800261269103	0.043643547492516144	0.012910832	0.5592097	1.0	1.0	degenerated	True	pain_ligand:FGF2
NP_fibrocartilaginous	Fibrochondrocyte_chondroid	SEMA3C	NRP2_PLXNA3	0.4420423	0.0	0.1558066	0.2855513968008675	0.5524062701948989	0.029334065	0.5860146	0.017134021544665853	1.0	degenerated	True	pain_receptor:NRP2
NP_fibrocartilaginous	Fibrochondrocyte_chondroid	SEMA3E	NRP2	0.44013324	0.59	0.1353079	-0.018695304789019453	0.20325050904452718	0.010195812	0.56880635	0.9844045252281257	1.0	degenerated	True	pain_receptor:NRP2
AF_outer	NP_fibrocartilaginous	VEGFA	SIRPA	0.33634055	1.0	0.11292426	-0.2105642893243012	-0.6387262807494807	0.0023508016	0.54650646	1.0	1.0	degenerated	True	pain_ligand:VEGFA
AF_outer	NP_mature_chondrocyte	ADAM10	IL6R	0.31795448	0.0	0.09635311	0.0959180176001236	-0.10631935900409517	0.0056320257	0.5267784	1.0	1.0	degenerated	True	pain_receptor:IL6R
AF_outer	NP_fibrocartilaginous	VEGFA	EGFR	0.30905676	1.0	0.09379796	-0.14950636048887758	-0.47755119431044735	0.0047119	0.5234273	1.0	1.0	degenerated	True	pain_ligand:VEGFA
AF_outer	NP_fibrocartilaginous	VEGFA	GPC1	0.37534547	1.0	0.14026725	-0.15266247613478445	-0.47697337693059777	0.004277389	0.5732152	1.0	1.0	degenerated	True	pain_ligand:VEGFA
AF_outer	NP_fibrocartilaginous	SEMA3C	NRP2_PLXNA3	0.42276078	0.0	0.09682346	0.1931104459652171	0.33276452833390746	0.018229173	0.5273853	0.0644505855228215	1.0	degenerated	True	pain_receptor:NRP2
NP_stressed	Fibroblast_like	FGF2	FGFR2	0.42978266	0.12	0.12901475	0.08556514302498068	-0.022198226918046154	0.017307159	0.5629565	0.5407125880767139	1.0	degenerated	True	pain_ligand:FGF2
NP_stressed	Fibroblast_like	FGF2	SDC3	0.4107455	0.09	0.10366532	0.10851982033273914	-0.007522618673336409	0.010567814	0.53588575	0.49231467091092046	1.0	degenerated	True	pain_ligand:FGF2
NP_fibrocartilaginous	Fibrochondrocyte_chondroid	PTGS2	CAV1	0.4686904	1.0	0.215971	-0.5251369695082814	-1.0849382331585664	0.0015693977	0.6249889	1.0	1.0	degenerated	True	pain_ligand:PTGS2
NP_fibrocartilaginous	Fibrochondrocyte_chondroid	RARRES1	NRP2	0.42530638	0.11	0.11508955	0.07970621656797632	0.392086507892623	0.022745034	0.548859	0.47214014505463864	1.0	degenerated	True	pain_receptor:NRP2
Macrophage_M2	EP_hyaline	FGF2	SDC4	0.46168965	0.93	0.17195077	-0.22764783874630276	-0.20634100609710027	0.0042615845	0.59792113	1.0	1.0	degenerated	True	pain_ligand:FGF2
NP_fibrocartilaginous	Fibrochondrocyte_chondroid	PDGFC	FLT1	0.38546526	0.0	0.14840095	0.2562726588611737	0.6384471437042848	0.013497745	0.5800954	0.04008840399046033	1.0	degenerated	True	pain_receptor:FLT1
AF_outer	NP_fibrocartilaginous	SEMA3A	NRP2	0.4566389	1.0	0.14483286	-0.0661557235291599	-0.2063293402284852	0.005486922	0.5771285	1.0	1.0	degenerated	True	pain_ligand:SEMA3A; pain_receptor:NRP2
NP_stressed	Fibroblast_like	IL11	IL6R	0.33897528	0.0	0.110718064	0.255356893455116	0.12980729270855484	0.015703283	0.54406035	0.1862732671898403	1.0	degenerated	True	pain_receptor:IL6R
NP_fibrocartilaginous	Fibrochondrocyte_chondroid	PIGF	FLT1	0.3540973	0.0	0.12337086	0.2868798676066495	0.6700369236274117	0.015736861	0.5574462	0.01673938963409934	1.0	degenerated	True	pain_receptor:FLT1
Macrophage_M2	EP_hyaline	PDGFA	PDGFRA	0.364071	0.33	0.119757764	0.07579199232903035	0.2919048543645155	0.014452499	0.5537767	0.708390852304972	1.0	degenerated	True	pain_ligand:PDGFA
Macrophage_M2	EP_hyaline	PDGFC	FLT1	0.3439479	0.13	0.10587451	0.1699139979016201	0.36563494676189034	0.009629772	0.538507	0.49509893589204534	1.0	degenerated	True	pain_receptor:FLT1
NP_stressed	Fibroblast_like	NGF	KIDINS220	0.36054343	0.0	0.09173324	0.1141891668642012	-0.009881892918275348	0.012870945	0.52065045	0.4981793889572543	1.0	degenerated	True	pain_ligand:NGF
NP_stressed	Fibroblast_like	PGF	NRP2	0.37266976	0.11	0.1090235	0.20370513564995435	0.006473671976458484	0.011511555	0.54214674	0.47214014505463864	1.0	degenerated	True	pain_receptor:NRP2
NP_stressed	Fibroblast_like	SEMA3A	NRP2	0.46335316	0.86	0.20795327	-0.028391091446586462	-0.19593468575957035	0.007878208	0.6205452	1.0	1.0	degenerated	True	pain_ligand:SEMA3A; pain_receptor:NRP2
AF_outer	NP_fibrocartilaginous	ANGPT1	ITGA5	0.35938817	0.0	0.10776652	0.1833092133359705	0.1820964516563043	0.021216026	0.5407072	0.12002995770320281	1.0	degenerated	True	pain_ligand:ANGPT1
Macrophage_M2	EP_hyaline	VEGFA	ITGAV	0.43222332	0.87	0.18090297	-0.23951031610213777	-0.2407368381428927	0.0034389438	0.6040064	1.0	1.0	degenerated	True	pain_ligand:VEGFA
Macrophage_M2	Fibroblast_like	ADAM10	IL6R	0.42969805	0.09	0.16048399	0.27681261391021067	0.10493720685320157	0.009380599	0.5895979	0.44516393225691697	1.0	degenerated	True	pain_receptor:IL6R
AF_outer	Macrophage_M2	VEGFA	GPC1	0.3007427	1.0	0.087969676	-0.27702686307857016	-0.5355782473218684	0.002682597	0.51542073	1.0	1.0	degenerated	True	pain_ligand:VEGFA
AF_outer	Macrophage_M2	VEGFA	NRP2	0.29376242	1.0	0.08307641	-0.47436682230380856	-0.956485224028757	0.0010199792	0.5082709	1.0	1.0	degenerated	True	pain_ligand:VEGFA; pain_receptor:NRP2
AF_outer	Macrophage_M2	SEMA3C	NRP2_PLXNA1	0.4279439	0.02	0.10417259	0.27175403302387124	0.3712086126482251	0.030032804	0.5364927	0.24686299315065238	1.0	degenerated	True	pain_receptor:NRP2
NP_fibrocartilaginous	Fibrochondrocyte_chondroid	FGF2	FGFR2	0.38210928	0.88	0.11330338	0.03740087351078887	0.1325696267672003	0.015199499	0.54692173	1.0	1.0	degenerated	True	pain_ligand:FGF2
NP_fibrocartilaginous	Fibrochondrocyte_chondroid	FGF2	FGFR3	0.41422665	0.18	0.14946444	0.1267914640253075	0.14476028687920595	0.01541941	0.58096486	0.554541636202436	1.0	degenerated	True	pain_ligand:FGF2
NP_fibrocartilaginous	Fibrochondrocyte_chondroid	FGF2	SDC2	0.77119184	0.96	0.55137306	-0.056162348568952046	0.05530431015600423	0.008624925	0.72699153	1.0	1.0	degenerated	True	pain_ligand:FGF2
Macrophage_M2	Fibroblast_like	ADAM17	IL6R	0.29015228	0.26	0.083936244	0.09637827800095242	-0.16009914716654322	0.006253991	0.5095576	1.0	1.0	degenerated	True	pain_receptor:IL6R
AF_outer	Macrophage_M2	PIGF	FLT1	0.30689272	0.11	0.08368654	0.20627916255250353	0.23275708823386232	0.010674834	0.5091853	0.47214014505463864	1.0	degenerated	True	pain_receptor:FLT1
NP_stressed	Fibrochondrocyte_chondroid	FGF2	CD44	0.7824722	0.99	0.5986475	-0.1351310287136131	0.05541009791274576	0.006287487	0.73507833	1.0	1.0	degenerated	True	pain_ligand:FGF2
AF_outer	Macrophage_M2	FGF2	FGFR1	0.43919533	0.99	0.18372886	-0.3501757307744562	-0.6381873006019716	0.003540973	0.60585856	1.0	1.0	degenerated	True	pain_ligand:FGF2
AF_outer	Macrophage_M2	FGF2	FGFRL1	0.34700632	0.99	0.085100956	-0.32852103496167084	-0.6111020826303443	0.002471188	0.51127946	1.0	1.0	degenerated	True	pain_ligand:FGF2
AF_outer	Macrophage_M2	FGF2	GPC4	0.34965056	0.32	0.08792989	0.19047793218559086	-0.01488888620752632	0.03738261	0.51536417	0.697357227608996	1.0	degenerated	True	pain_ligand:FGF2
AF_outer	Macrophage_M2	FGF2	SDC4	0.35965016	0.99	0.0986279	-0.3554607530048095	-0.6760610032127905	0.0024443688	0.5296859	1.0	1.0	degenerated	True	pain_ligand:FGF2
NP_stressed	Fibrochondrocyte_chondroid	IL11	IL6R	0.30376446	0.0	0.082290545	0.20249499863472603	0.291176978448225	0.011671373	0.5070831	0.08488728101053634	1.0	degenerated	True	pain_receptor:IL6R
NP_stressed	Fibrochondrocyte_chondroid	FGF2	FGFR2	0.43352705	0.15	0.13400072	0.09470890615689967	0.24931496151442778	0.01797602	0.5676155	0.5192085785167423	1.0	degenerated	True	pain_ligand:FGF2
NP_stressed	Fibrochondrocyte_chondroid	FGF2	FGFR3	0.46564442	0.02	0.1767674	0.18409949667141828	0.2615056216264334	0.018236103	0.6012374	0.30449961405007375	1.0	degenerated	True	pain_ligand:FGF2
NP_stressed	Fibrochondrocyte_chondroid	NGF	MAGED1	0.3175614	0.96	0.0775538	-0.07607549687848096	0.09578102747035855	0.009824846	0.49967307	1.0	1.0	degenerated	True	pain_ligand:NGF
NP_stressed	Fibrochondrocyte_chondroid	PGF	NRP2	0.44084254	0.01	0.13627508	0.28269660110279726	0.5289340262798075	0.0143889915	0.56967956	0.2656303402238959	1.0	degenerated	True	pain_receptor:NRP2
Macrophage_M2	Fibroblast_like	CXCL2	DPP4	0.35534918	0.04	0.11800082	0.32414932569116794	0.2518454963945738	0.023721041	0.55194986	0.3584695918733907	1.0	degenerated	True	pain_ligand:CXCL2
AF_outer	Fibrochondrocyte_stressed	TNFSF12	TNFRSF12A	0.3364507	1.0	0.1130811	-0.2918461001078524	-0.6008414014775303	0.0034427415	0.5466784	1.0	1.0	degenerated	True	pain_ligand:TNF
AF_outer	Fibrochondrocyte_stressed	VEGFA	ITGAV	0.40367436	1.0	0.16012621	-0.24800176528235107	-0.560905817345836	0.0030439803	0.5893279	1.0	1.0	degenerated	True	pain_ligand:VEGFA
AF_outer	Fibrochondrocyte_stressed	VEGFA	NRP2	0.36837137	1.0	0.13537832	-0.38791784319974976	-0.8289934595876368	0.0016621214	0.5688702	1.0	1.0	degenerated	True	pain_ligand:VEGFA; pain_receptor:NRP2
Macrophage_M2	Fibroblast_like	FGF2	SDC2	0.41418016	1.0	0.14736977	-0.43793762148719684	-0.8078142672031869	0.002305251	0.579246	1.0	1.0	degenerated	True	pain_ligand:FGF2
AF_outer	Fibrochondrocyte_stressed	PDGFC	FLT1	0.30352062	0.0	0.08607338	0.1216824679737223	0.1592250664589206	0.007828768	0.5126989	0.43630930269315876	1.0	degenerated	True	pain_receptor:FLT1
AF_outer	Fibrochondrocyte_stressed	PIGF	FLT1	0.39532846	0.0	0.15608811	0.36972860986548217	0.5195783550971551	0.019910188	0.5862336	0.015267623538825359	1.0	degenerated	True	pain_receptor:FLT1
AF_outer	Fibrochondrocyte_stressed	SEMA3A	NRP2	0.29525667	1.0	0.07889931	-0.25314900431514403	-0.44952061105018265	0.0029890614	0.5018231	1.0	1.0	degenerated	True	pain_ligand:SEMA3A; pain_receptor:NRP2
AF_outer	Fibrochondrocyte_stressed	SEMA3E	NRP2	0.3108724	1.0	0.09096202	-0.15697209314551003	-0.2711426746862476	0.006854232	0.51959676	1.0	1.0	degenerated	True	pain_receptor:NRP2
NP_fibrocartilaginous	Fibrochondrocyte_chondroid	ANGPT1	ITGA5	0.32219604	0.02	0.08919917	0.12583168991615418	0.4696142121671923	0.017560668	0.5171538	0.30449961405007375	1.0	degenerated	True	pain_ligand:ANGPT1
AF_outer	Fibrochondrocyte_stressed	FGF2	FGFR1	0.38473314	1.0	0.12546277	-0.41116599920868224	-0.6926230327379237	0.002418021	0.5595192	1.0	1.0	degenerated	True	pain_ligand:FGF2
AF_outer	Fibrochondrocyte_stressed	FGF2	SDC2	0.46262175	1.0	0.20879151	-0.37688516753896806	-0.6006345502909142	0.0032660484	0.62101877	1.0	1.0	degenerated	True	pain_ligand:FGF2
AF_outer	Fibrochondrocyte_stressed	FGF2	SDC4	0.44877544	1.0	0.1939781	-0.2508986623773546	-0.4384343871044327	0.004807504	0.612321	1.0	1.0	degenerated	True	pain_ligand:FGF2
NP_fibrocartilaginous	Fibroblast_like	VEGFA	EGFR	0.75996137	0.0	0.5674283	0.6174703478625563	0.2654079996290468	0.028504517	0.7298307	0.055374586654223096	1.0	degenerated	True	pain_ligand:VEGFA
Macrophage_M2	Fibroblast_like	SEMA3A	NRP2	0.39124292	0.83	0.12928565	-0.1363823136168359	-0.277821658249831	0.0048979237	0.5632146	1.0	1.0	degenerated	True	pain_ligand:SEMA3A; pain_receptor:NRP2
AF_outer	Fibrochondrocyte_fibroid	TNFSF9	HLA-DPA1	0.386606	0.0	0.0892871	0.5497892923236124	0.5008640710704741	0.011413126	0.5172768	0.09473474880666527	1.0	degenerated	True	pain_ligand:TNF
AF_outer	Fibrochondrocyte_fibroid	VEGFA	ITGAV	0.40916193	1.0	0.1639731	-0.24054946434886382	-0.5958752644732538	0.003117109	0.59219754	1.0	1.0	degenerated	True	pain_ligand:VEGFA
NP_stressed	Fibrochondrocyte_fibroid	GRN	TNFRSF1A	0.45823893	1.0	0.15334576	-0.27611893167301765	-0.5673137103863835	0.0016340319	0.5840822	1.0	1.0	degenerated	True	pain_receptor:TNFRSF1A
AF_outer	Fibrochondrocyte_fibroid	SEMA3A	NRP2	0.4184604	0.98	0.12923484	-0.11039341577110766	-0.21300012151048892	0.004895998	0.5631662	1.0	1.0	degenerated	True	pain_ligand:SEMA3A; pain_receptor:NRP2
AF_outer	Fibrochondrocyte_fibroid	SEMA3E	NRP2	0.43407613	0.69	0.14899322	-0.014216504601473655	-0.03462218514655385	0.011227038	0.5805805	1.0	1.0	degenerated	True	pain_receptor:NRP2
Macrophage_M2	Fibroblast_like	TNFSF10	TNFRSF10B	0.30796397	0.16	0.09138061	0.13795903490362038	0.129825413276689	0.011771333	0.52016985	0.5313962463052782	1.0	degenerated	True	pain_ligand:TNF
Macrophage_M2	Fibroblast_like	TNFSF10	TNFRSF10D	0.2902796	0.26	0.08256912	0.0776403726566848	0.06656802223590991	0.011020087	0.50750554	0.6381707194824097	1.0	degenerated	True	pain_ligand:TNF
NP_stressed	Fibrochondrocyte_fibroid	PGF	NRP2	0.41625732	0.13	0.12644732	0.25420975512090827	0.2657331690618739	0.013351298	0.5604822	0.47771392568048593	1.0	degenerated	True	pain_receptor:NRP2
Macrophage_M2	Fibroblast_like	VEGFA	SIRPA	0.45062387	0.62	0.19963938	-0.07659357685300855	-0.2462337670116389	0.004155994	0.61572987	1.0	1.0	degenerated	True	pain_ligand:VEGFA
Macrophage_M2	Fibrochondrocyte_chondroid	ADAM10	IL6R	0.39448726	0.1	0.119278766	0.22395071908982073	0.2663068925928717	0.006972074	0.5532814	0.6249256859670683	1.0	degenerated	True	pain_receptor:IL6R
AF_outer	Fibrochondrocyte_fibroid	ANGPT1	ITGA5	0.47352937	0.0	0.15641886	0.34231608683466175	0.4594115343884638	0.03079423	0.5864903	0.015267623538825359	1.0	degenerated	True	pain_ligand:ANGPT1
NP_fibrocartilaginous	Fibroblast_like	SEMA3A	NRP2	0.41059604	1.0	0.15039866	-0.10739929707226298	-0.36793486989341817	0.005697779	0.58172315	1.0	1.0	degenerated	True	pain_ligand:SEMA3A; pain_receptor:NRP2
NP_fibrocartilaginous	Fibroblast_like	SEMA3C	NRP2_PLXNA1	0.38722888	0.0	0.08553291	0.20662848757740196	0.22356285150269148	0.02465901	0.511912	0.08309892525058198	1.0	degenerated	True	pain_receptor:NRP2
NP_fibrocartilaginous	Fibroblast_like	SEMA3C	NRP2_PLXNA2	0.39683545	0.0	0.097849056	0.334274809966963	0.30601741845065245	0.03953237	0.52869827	0.03687610589145366	1.0	degenerated	True	pain_receptor:NRP2
AF_outer	Fibrochondrocyte_chondroid	VEGFA	GPC1	0.3177232	1.0	0.09987325	-0.24871993560620903	-0.5010653184771315	0.0030455913	0.5312485	1.0	1.0	degenerated	True	pain_ligand:VEGFA
AF_outer	Fibrochondrocyte_chondroid	VEGFA	ITGAV	0.40747178	1.0	0.16278827	-0.24284474592243446	-0.32374404006905133	0.0030945856	0.5913216	1.0	1.0	degenerated	True	pain_ligand:VEGFA
NP_fibrocartilaginous	Fibroblast_like	SEMA3C	NRP2_PLXNA3	0.38353994	0.0	0.08080349	0.13548168999121293	0.15702015437378783	0.015213058	0.50480396	0.149566236992373	1.0	degenerated	True	pain_receptor:NRP2
NP_fibrocartilaginous	Fibroblast_like	SEMA3E	NRP2	0.37196046	1.0	0.10824972	-0.09768677024186236	-0.31920984525882184	0.008156907	0.5412626	1.0	1.0	degenerated	True	pain_receptor:NRP2
AF_outer	Fibrochondrocyte_chondroid	SEMA3A	NRP2	0.44304562	0.95	0.13927926	-0.08190656978921866	0.05020073570744471	0.005276526	0.5723503	1.0	1.0	degenerated	True	pain_ligand:SEMA3A; pain_receptor:NRP2
AF_outer	Fibrochondrocyte_chondroid	SEMA3E	NRP2	0.45866135	0.34	0.1605733	0.014270341380415342	0.22857867207137977	0.012099628	0.58966523	0.7190039057413671	1.0	degenerated	True	pain_receptor:NRP2
NP_stressed	Fibrochondrocyte_stressed	FGF2	FGFR1	0.4501658	1.0	0.15615644	-0.33823775648593835	-0.5796718553279884	0.0030095745	0.58628666	1.0	1.0	degenerated	True	pain_ligand:FGF2
NP_stressed	Fibrochondrocyte_stressed	CXCL8	SDC2	0.43163556	1.0	0.18460238	-0.2795357527012687	-0.8703638072869937	0.001898429	0.6064248	1.0	1.0	degenerated	True	pain_ligand:CXCL8
AF_outer	Fibrochondrocyte_chondroid	PDGFC	FLT1	0.31235272	0.0	0.09006072	0.13800625900143826	0.4058158775127557	0.008191435	0.5183538	0.3762606467207412	1.0	degenerated	True	pain_receptor:FLT1
AF_outer	Fibrochondrocyte_chondroid	PIGF	FLT1	0.40416056	0.0	0.16331887	0.3860524008931981	0.7661691661509902	0.020832524	0.59171474	0.015267623538825359	1.0	degenerated	True	pain_receptor:FLT1
NP_fibrocartilaginous	Fibroblast_like	RARRES1	NRP2	0.3571336	0.95	0.092074536	0.0007147511151334163	-0.13037384641072605	0.0181966	0.5211139	1.0	1.0	degenerated	True	pain_receptor:NRP2
Macrophage_M2	Fibrochondrocyte_chondroid	FGF2	FGFRL1	0.46441674	0.84	0.17336175	-0.15177144471537063	-0.0301034216878312	0.0050341324	0.59890306	1.0	1.0	degenerated	True	pain_ligand:FGF2
Macrophage_M2	Fibrochondrocyte_chondroid	FGF2	SDC4	0.4253648	0.98	0.1531566	-0.2702643004924544	-0.17200310866326896	0.0037957937	0.5839323	1.0	1.0	degenerated	True	pain_ligand:FGF2
AF_outer	Fibrochondrocyte_chondroid	FGF2	FGFR1	0.78583026	0.19	0.55457443	0.03800839356206161	0.27942697726582455	0.010688211	0.72756577	0.5658470872842354	1.0	degenerated	True	pain_ligand:FGF2
AF_outer	Fibrochondrocyte_chondroid	FGF2	FGFR2	0.36809438	0.96	0.10766192	0.021780663434155745	0.13636378410449246	0.014442705	0.5405866	1.0	1.0	degenerated	True	pain_ligand:FGF2
AF_outer	Fibrochondrocyte_chondroid	FGF2	FGFR3	0.40021175	0.33	0.14202249	0.11117125394867436	0.1485544442164981	0.014651665	0.5747356	0.708390852304972	1.0	degenerated	True	pain_ligand:FGF2
NP_stressed	Fibrochondrocyte_stressed	GRN	TNFRSF1A	0.37137884	1.0	0.115083314	-0.3820047575658062	-0.7243142884348531	0.0012263125	0.54885226	1.0	1.0	degenerated	True	pain_receptor:TNFRSF1A
AF_outer	Fibrochondrocyte_chondroid	ANGPT1	ITGA5	0.32809803	0.02	0.09442918	0.13971970144811352	0.4284134789747793	0.018590301	0.52426374	0.30449961405007375	1.0	degenerated	True	pain_ligand:ANGPT1
NP_stressed	Fibrochondrocyte_stressed	NGF	KIDINS220	0.4128767	0.0	0.108997576	0.1862950283472158	0.22573709636466155	0.015293275	0.54211724	0.08122264915351693	1.0	degenerated	True	pain_ligand:NGF
NP_stressed	Fibrochondrocyte_stressed	NGF	SORT1	0.35730892	0.0	0.090666205	0.2883422223839385	0.36946164888545835	0.022055289	0.51919025	0.018276153021083243	1.0	degenerated	True	pain_ligand:NGF
AF_outer	Fibroblast_like	VEGFA	ITGAV	0.39599106	1.0	0.15474011	-0.2584358677124083	-0.7528765420229525	0.0029415912	0.58518124	1.0	1.0	degenerated	True	pain_ligand:VEGFA
AF_outer	Fibroblast_like	VEGFA	NRP2	0.4479875	1.0	0.19119036	-0.29566687412666726	-0.8517324671333585	0.0023473597	0.6106014	1.0	1.0	degenerated	True	pain_ligand:VEGFA; pain_receptor:NRP2
AF_outer	Fibroblast_like	VEGFA	SIRPA	0.3713144	1.0	0.13744143	-0.15401905539256153	-0.6422999583587571	0.002861188	0.5707239	1.0	1.0	degenerated	True	pain_ligand:VEGFA
AF_outer	Fibrochondrocyte_chondroid	ADAM10	IL6R	0.29533458	0.09	0.07885363	0.061958855600334914	0.04394342077212959	0.0046091466	0.5017507	1.0	1.0	degenerated	True	pain_receptor:IL6R
NP_stressed	Fibrochondrocyte_stressed	PGF	NRP2	0.2930536	0.99	0.0771975	0.11145416657687188	0.02921267952218015	0.008151117	0.49909747	1.0	1.0	degenerated	True	pain_receptor:NRP2
NP_stressed	Fibrochondrocyte_stressed	SEMA3A	NRP2	0.38373697	1.0	0.14724782	-0.12064206051966894	-0.17319567821384868	0.0055784113	0.5791451	1.0	1.0	degenerated	True	pain_ligand:SEMA3A; pain_receptor:NRP2
Macrophage_M2	Fibrochondrocyte_chondroid	PDGFC	FLT1	0.4271968	0.04	0.18170068	0.3237771185995155	0.8007167305493408	0.016526507	0.6045325	0.1677231740701228	1.0	degenerated	True	pain_receptor:FLT1
AF_outer	Fibroblast_like	SEMA3A	NRP2	0.37487283	1.0	0.11142691	-0.16089803524206156	-0.4722596185959043	0.0042213537	0.5448518	1.0	1.0	degenerated	True	pain_ligand:SEMA3A; pain_receptor:NRP2
AF_outer	Fibroblast_like	SEMA3C	NRP2_PLXNA1	0.42118964	0.0	0.09459575	0.2507641179130372	0.33481374161022137	0.027271817	0.52448356	0.028304209984277285	1.0	degenerated	True	pain_receptor:NRP2
AF_outer	Fibroblast_like	SEMA3C	NRP2_PLXNA2	0.4307962	0.0	0.10821689	0.3784104403025983	0.4172683085581823	0.04372112	0.54122496	0.015267623538825359	1.0	degenerated	True	pain_receptor:NRP2
AF_outer	Fibroblast_like	SEMA3C	NRP2_PLXNA3	0.4175007	0.0	0.08936522	0.1796173203268482	0.26827104448131767	0.016824994	0.517386	0.07662643195558266	1.0	degenerated	True	pain_receptor:NRP2
AF_outer	Fibroblast_like	SEMA3E	NRP2	0.39048856	1.0	0.12846269	-0.06472112407242755	-0.29388168223196925	0.009680008	0.5624289	1.0	1.0	degenerated	True	pain_receptor:NRP2
Macrophage_M2	Fibrochondrocyte_chondroid	SEMA3A	NRP2	0.45941573	0.57	0.16160199	-0.05739084816399298	0.244638696053518	0.0061222115	0.5904376	0.9580922460946023	1.0	degenerated	True	pain_ligand:SEMA3A; pain_receptor:NRP2
AF_outer	Fibroblast_like	FGF2	SDC3	0.34531283	1.0	0.08328916	0.03559157760999522	-0.12047379608327173	0.008490635	0.5085905	1.0	1.0	degenerated	True	pain_ligand:FGF2
AF_outer	Fibroblast_like	FGF2	FGFR2	0.36435	1.0	0.10365597	0.012636900302236756	-0.13514940432798148	0.013905313	0.5358745	1.0	1.0	degenerated	True	pain_ligand:FGF2
Macrophage_M2	Fibrochondrocyte_chondroid	TNFSF13B	HLA-DPB1	0.39257947	0.02	0.109864585	0.766748127840862	0.6777814364211094	0.010041671	0.5431004	0.21508510940172546	1.0	degenerated	True	pain_ligand:TNF
Macrophage_M2	Fibrochondrocyte_chondroid	VEGFA	GPC1	0.39703268	0.72	0.14507005	-0.17129445706665605	-0.10499912713001336	0.0044238474	0.57732815	1.0	1.0	degenerated	True	pain_ligand:VEGFA
Macrophage_M2	Fibrochondrocyte_chondroid	VEGFA	SIRPA	0.3462208	0.84	0.09333075	-0.24539140746819565	-0.217667222648409	0.0019429134	0.52280444	1.0	1.0	degenerated	True	pain_ligand:VEGFA
Macrophage_M2	Fibrochondrocyte_fibroid	ADAM10	IL6R	0.3732821	0.17	0.094463594	0.19211547067811197	0.05800942758837552	0.0055215796	0.52430916	1.0	1.0	degenerated	True	pain_receptor:IL6R
NP_stressed	Macrophage_M2	FGF2	FGFRL1	0.412439	0.93	0.10592036	-0.25559279223892695	-0.49815090522040895	0.0030757487	0.53856075	1.0	1.0	degenerated	True	pain_ligand:FGF2
NP_stressed	Macrophage_M2	FGF2	GPC4	0.41508323	0.09	0.10944138	0.2634061749083348	0.098062291202409	0.046528026	0.54262155	0.44516393225691697	1.0	degenerated	True	pain_ligand:FGF2
NP_stressed	Macrophage_M2	FGF2	SDC4	0.42508283	0.98	0.12275659	-0.28253251028206555	-0.5631098258028551	0.003042368	0.55683035	1.0	1.0	degenerated	True	pain_ligand:FGF2
AF_outer	Fibroblast_like	ANGPT1	ITGA5	0.34175947	0.0	0.10025234	0.15875093147176148	0.024005058636010407	0.01973671	0.5317202	0.4038621367011899	1.0	degenerated	True	pain_ligand:ANGPT1
AF_outer	Fibroblast_like	ADAM17	IL6R	0.27743065	0.0	0.076957814	0.07302735716177466	-0.11398694328419579	0.005734036	0.49870875	1.0	1.0	degenerated	True	pain_receptor:IL6R
NP_stressed	Macrophage_M2	NGF	KIDINS220	0.40335387	0.16	0.10585607	0.17317430842175113	0.2272385143942699	0.014852496	0.5384853	0.5313962463052782	1.0	degenerated	True	pain_ligand:NGF
AF_outer	EP_hyaline	VEGFA	ITGAV	0.35291383	1.0	0.12454238	-0.31693579464169075	-0.6368030294900109	0.0023675358	0.55861163	1.0	1.0	degenerated	True	pain_ligand:VEGFA
AF_outer	Fibroblast_like	ADAM10	IL6R	0.3305454	0.0	0.10609386	0.11482075042072486	-0.11742626496754055	0.0062013906	0.5387641	0.8755718872858638	1.0	degenerated	True	pain_receptor:IL6R
AF_outer	EP_hyaline	SEMA3A	NRP2	0.49025494	0.63	0.15856688	-0.027205233709530652	0.0009733257977155296	0.0060072276	0.58814317	1.0	1.0	degenerated	True	pain_ligand:SEMA3A; pain_receptor:NRP2
AF_outer	EP_hyaline	PIGF	FLT1	0.32091162	0.0	0.09516369	0.23218928019530263	0.33108738236353974	0.01213883	0.52523	0.07104301573300364	1.0	degenerated	True	pain_receptor:FLT1
AF_outer	EP_hyaline	FGF2	FGFR3	0.36800057	1.0	0.10756153	0.030967090895676813	0.02181950911100075	0.01109652	0.5404707	1.0	1.0	degenerated	True	pain_ligand:FGF2
NP_stressed	Macrophage_M2	SEMA3A	NRP2	0.30912805	0.88	0.09036027	-0.2070910396237277	-0.3006874426549689	0.003423254	0.51876837	1.0	1.0	degenerated	True	pain_ligand:SEMA3A; pain_receptor:NRP2
NP_fibrocartilaginous	Fibroblast_like	FGF2	FGFR2	0.3783649	0.97	0.10908752	0.028257110378869882	-0.13894356166527363	0.014633948	0.54221964	1.0	1.0	degenerated	True	pain_ligand:FGF2
NP_fibrocartilaginous	Fibroblast_like	FGF2	SDC3	0.35932773	1.0	0.087653495	0.051211787686628346	-0.12426795342056389	0.008935542	0.5149711	1.0	1.0	degenerated	True	pain_ligand:FGF2
NP_stressed	Macrophage_M2	TNFSF11	LGR4	0.3983398	0.0	0.13099036	0.8589245763730947	0.7557860269103229	0.115383945	0.5648251	0.007488306148114334	1.0	degenerated	True	pain_ligand:TNF
Macrophage_M2	Fibrochondrocyte_fibroid	FGF2	FGFR1	0.37948793	1.0	0.12942031	-0.41630699182326336	-0.4448955338634152	0.002494294	0.5633426	1.0	1.0	degenerated	True	pain_ligand:FGF2
AF_outer	AF_outer	VEGFA	EGFR	0.34001598	1.0	0.1155008	-0.08515639225406837	-0.42358611602618745	0.0058021336	0.5493006	1.0	1.0	degenerated	True	pain_ligand:VEGFA
AF_outer	AF_outer	VEGFA	GPC1	0.39955777	1.0	0.15724044	-0.11229934490182361	-0.4173066402291717	0.0047949785	0.5871254	1.0	1.0	degenerated	True	pain_ligand:VEGFA
AF_outer	AF_outer	VEGFA	ITGAV	0.41776836	1.0	0.1700063	-0.22886172221627032	-0.645874322154755	0.0032317997	0.59655327	1.0	1.0	degenerated	True	pain_ligand:VEGFA
AF_outer	AF_outer	VEGFA	NRP2	0.41638446	1.0	0.16903618	-0.3322852349477359	-0.8415259759551486	0.0020753592	0.5958645	1.0	1.0	degenerated	True	pain_ligand:VEGFA; pain_receptor:NRP2
AF_outer	AF_outer	VEGFA	SIRPA	0.35764885	1.0	0.1278617	-0.17611321931910606	-0.5788037338082456	0.0026617618	0.5618518	1.0	1.0	degenerated	True	pain_ligand:VEGFA
Macrophage_M2	Fibrochondrocyte_fibroid	SEMA3A	NRP2	0.4348305	0.68	0.14994772	-0.08587769414588198	-0.018562161164415614	0.005680695	0.5813578	1.0	1.0	degenerated	True	pain_ligand:SEMA3A; pain_receptor:NRP2
Macrophage_M2	Fibrochondrocyte_fibroid	TNFSF10	RIPK1	0.2925681	0.13	0.083709404	0.2145600851788289	0.42533901014169095	0.01668018	0.50921947	0.43778044302707064	1.0	degenerated	True	pain_ligand:TNF
Macrophage_M2	Fibrochondrocyte_fibroid	TNFSF10	TNFRSF10B	0.31302044	0.17	0.09390008	0.14620532978867173	0.22865126859136736	0.012095882	0.523563	0.5432390324553537	1.0	degenerated	True	pain_ligand:TNF
Macrophage_M2	Fibrochondrocyte_fibroid	TNFSF10	TNFRSF10D	0.32719105	0.2	0.100960776	0.13419190751092358	0.24927791096002183	0.01347473	0.53259677	0.5762739708222615	1.0	degenerated	True	pain_ligand:TNF
Macrophage_M2	Fibrochondrocyte_fibroid	VEGFA	ITGA9	0.36423168	0.54	0.11167035	0.42874995634120977	0.08396279498046122	0.018998459	0.5451224	0.64508730485184	1.0	degenerated	True	pain_ligand:VEGFA
AF_outer	AF_outer	SEMA3A	NRP2	0.3432698	1.0	0.098515324	-0.19751639606313018	-0.4620531274176944	0.0037322044	0.5295437	1.0	1.0	degenerated	True	pain_ligand:SEMA3A; pain_receptor:NRP2
AF_outer	AF_outer	SEMA3C	NRP2_PLXNA1	0.41998762	0.0	0.09289144	0.24702874219740312	0.40400096442676303	0.026780464	0.5222159	0.029996692638564557	1.0	degenerated	True	pain_receptor:NRP2
AF_outer	AF_outer	SEMA3C	NRP2_PLXNA3	0.41641286	0.0	0.0878228	0.17682686769025402	0.30257315624315795	0.016534599	0.515212	0.07930978162803179	1.0	degenerated	True	pain_receptor:NRP2
AF_outer	AF_outer	SEMA3E	NRP2	0.35888553	1.0	0.113577075	-0.10133948489349617	-0.2836751910537593	0.008558337	0.54722065	1.0	1.0	degenerated	True	pain_receptor:NRP2
Macrophage_M2	Fibrochondrocyte_stressed	FGF2	SDC2	0.32450837	1.0	0.10097437	-0.5308204983335018	-0.738805386066114	0.0015795049	0.5326136	1.0	1.0	degenerated	True	pain_ligand:FGF2
Macrophage_M2	Fibrochondrocyte_stressed	FGF2	SDC4	0.3106621	1.0	0.09381042	-0.4048339931718883	-0.5766052228796326	0.0023249735	0.5234439	1.0	1.0	degenerated	True	pain_ligand:FGF2
AF_outer	AF_outer	FGF2	FGFR2	0.35622278	1.0	0.09496113	-0.007209464871072477	-0.07480061159659585	0.0127389105	0.5249643	1.0	1.0	degenerated	True	pain_ligand:FGF2
NP_stressed	NP_fibrocartilaginous	FGF2	FGFR1	0.7839799	0.09	0.6006551	0.03558910172207462	-0.02163390293033496	0.011576315	0.7354042	0.5394608555093526	1.0	degenerated	True	pain_ligand:FGF2
NP_stressed	NP_fibrocartilaginous	FGF2	SDC1	0.3918469	0.2	0.07850041	0.09422361258058895	0.0398617252958965	0.028145745	0.50118953	0.5762739708222615	1.0	degenerated	True	pain_ligand:FGF2
NP_stressed	NP_fibrocartilaginous	FGF2	SDC3	0.39258087	0.32	0.07947774	0.051137875252895745	-0.001284657367709316	0.008102092	0.5027362	0.697357227608996	1.0	degenerated	True	pain_ligand:FGF2
NP_stressed	NP_fibrocartilaginous	GRN	TNFRSF1A	0.45893002	1.0	0.1536502	-0.2752765443635732	-0.6469388247427807	0.0016372758	0.58432305	1.0	1.0	degenerated	True	pain_receptor:TNFRSF1A
Macrophage_M2	Fibrochondrocyte_stressed	PDGFC	FLT1	0.4183647	0.05	0.17365608	0.3074533275717996	0.5541259194955057	0.015794815	0.5991068	0.20438873899901713	1.0	degenerated	True	pain_receptor:FLT1
AF_outer	AF_outer	ANGPT1	ITGA5	0.30165517	0.0	0.083157994	0.10288288297329466	0.028084138784844864	0.01637134	0.5083936	0.39176684682548285	1.0	degenerated	True	pain_ligand:ANGPT1
Macrophage_M2	Fibrochondrocyte_stressed	PGF	NRP2	0.39207688	0.14	0.15369016	0.46453705852050264	0.278233825453172	0.016227812	0.58435464	0.4387335140212716	1.0	degenerated	True	pain_receptor:NRP2
AF_outer	AF_inner	VEGFA	ITGAV	0.35044947	1.0	0.12281483	-0.3202824232849676	-0.7712328888709425	0.0023346953	0.55688894	1.0	1.0	degenerated	True	pain_ligand:VEGFA
AF_outer	AF_inner	VEGFA	SIRPA	0.28502214	1.0	0.07694934	-0.29353548577929106	-0.7570050546241416	0.0016018936	0.49869502	1.0	1.0	degenerated	True	pain_ligand:VEGFA
AF_outer	AF_inner	SEMA3A	NRP2	0.40512776	1.0	0.12378772	-0.12584181805659198	-0.2933660283483878	0.004689637	0.5578622	1.0	1.0	degenerated	True	pain_ligand:SEMA3A; pain_receptor:NRP2
AF_outer	AF_inner	SEMA3E	NRP2	0.4207435	0.87	0.14271331	-0.029664906886957977	-0.11498809198445276	0.010753831	0.5753285	1.0	1.0	degenerated	True	pain_receptor:NRP2
NP_stressed	NP_fibrocartilaginous	NGF	MAGED1	0.43570474	0.0	0.11652837	0.06823598857763413	0.09621934734628856	0.01476231	0.55039674	0.2976186386040451	1.0	degenerated	True	pain_ligand:NGF
NP_stressed	NP_fibrocartilaginous	PGF	NRP2	0.45443583	0.0	0.14170891	0.298447447362856	0.2724039503438776	0.014962737	0.5744654	0.051140153710834906	1.0	degenerated	True	pain_receptor:NRP2
Macrophage_M2	Fibrochondrocyte_stressed	SEMA3A	NRP2	0.3116268	0.96	0.091544755	-0.22863328268991837	-0.25508265070410935	0.003468128	0.5203937	1.0	1.0	degenerated	True	pain_ligand:SEMA3A; pain_receptor:NRP2
AF_outer	AF_inner	FGF2	FGFR2	0.3598008	1.0	0.09878903	0.0015278697525886176	-0.11152001854871246	0.013252418	0.5298892	1.0	1.0	degenerated	True	pain_ligand:FGF2
AF_outer	AF_inner	FGF2	FGFR3	0.40602693	0.18	0.14824383	0.1256508042947516	0.01622989453056836	0.015293486	0.5799664	0.554541636202436	1.0	degenerated	True	pain_ligand:FGF2
Macrophage_M2	Fibrochondrocyte_stressed	TNFSF10	TNFRSF10B	0.3733181	0.07	0.123944245	0.24454077709310568	0.3406164490006358	0.015966067	0.558018	0.32508710183939066	1.0	degenerated	True	pain_ligand:TNF
Macrophage_M2	Fibrochondrocyte_stressed	TNFSF12	TNFRSF12A	0.46718204	1.0	0.19821055	-0.038268489250669835	-0.28588762010687907	0.006034498	0.6148798	1.0	1.0	degenerated	True	pain_ligand:TNF
Macrophage_M2	Fibrochondrocyte_stressed	TNFSF13B	CD40	0.3894955	0.0	0.10614567	0.8535509609921244	0.6820053277323086	0.022964614	0.5388248	0.015267623538825359	1.0	degenerated	True	pain_ligand:TNF
Macrophage_M2	Fibrochondrocyte_stressed	VEGFA	NRP2	0.44768083	0.94	0.19664262	-0.3104923646601968	-0.43292726824051864	0.0024143	0.61393905	1.0	1.0	degenerated	True	pain_ligand:VEGFA; pain_receptor:NRP2
Macrophage_M2	Fibrochondrocyte_stressed	VEGFB	ADRB2	0.44045419	0.49	0.15480208	0.05396874643481623	0.10672845475007958	0.011619092	0.5852299	0.8710480775174502	1.0	degenerated	True	pain_ligand:VEGFB
AF_outer	AF_inner	ADAM10	IL6R	0.30189157	0.0	0.083926335	0.07180282756961154	-0.10661283350614048	0.004905656	0.5095429	1.0	1.0	degenerated	True	pain_receptor:IL6R
NP_fibrocartilaginous	Fibroblast_like	ANGPT1	ITGA5	0.3358575	0.0	0.094699815	0.1448629199398021	0.06520579182842334	0.01864358	0.52462065	0.3063974072761391	1.0	degenerated	True	pain_ligand:ANGPT1
AF_inner	unassigned	ADAM10	IL6R	0.48031968	0.0	0.10606212	0.3224858249581719	0.8202087837153075	0.0061995354	0.538727	0.19989623255458613	1.0	degenerated	True	pain_receptor:IL6R
Macrophage_M2	Macrophage_M2	CXCL2	DPP4	0.32537037	0.12	0.091241665	0.2629274510077552	0.272932141044905	0.0183418	0.5199799	0.45355829019981125	1.0	degenerated	True	pain_ligand:CXCL2
AF_inner	NP_stressed	GRN	TNFRSF1A	0.43746912	1.0	0.1912225	-0.32167388400025854	-0.6239550497585014	0.0020376414	0.61062145	1.0	1.0	degenerated	True	pain_receptor:TNFRSF1A
Macrophage_M2	Macrophage_M2	FGF2	FGFR1	0.30108196	0.98	0.08885375	-0.5041110615689899	-0.7763581363771714	0.001712462	0.5166694	1.0	1.0	degenerated	True	pain_ligand:FGF2
Macrophage_M2	Macrophage_M2	FGF2	FGFR3	0.33438218	0.57	0.106082976	0.13721878780866206	0.102638827346193	0.0109439865	0.5387514	0.9580922460946023	1.0	degenerated	True	pain_ligand:FGF2
NP_fibrocartilaginous	EP_hyaline	VEGFA	CD44	0.7579733	1.0	0.56480646	-0.23077608336994174	-0.4077540925876697	0.003307746	0.7293739	1.0	1.0	degenerated	True	pain_ligand:VEGFA
NP_fibrocartilaginous	Fibroblast_like	ADAM10	IL6R	0.29663852	0.0	0.08749427	0.05942459738796797	-0.186422578734307	0.0051142084	0.514744	1.0	1.0	degenerated	True	pain_receptor:IL6R
NP_stressed	NP_mature_chondrocyte	FGF2	FGFR2	0.4062689	0.37	0.097704396	0.028145448130164917	-0.011232568796922526	0.013106916	0.52851397	0.7492843193647934	1.0	degenerated	True	pain_ligand:FGF2
NP_stressed	NP_mature_chondrocyte	FGF2	FGFR3	0.4498717	0.02	0.15576482	0.14482624533543495	0.15659472490245147	0.016069384	0.58598214	0.30449961405007375	1.0	degenerated	True	pain_ligand:FGF2
AF_inner	NP_notochordal	GRN	TNFRSF1A	0.4354075	1.0	0.18936706	-0.32418716647049073	-0.43823701138735716	0.00201787	0.60946167	1.0	1.0	degenerated	True	pain_receptor:TNFRSF1A
NP_stressed	NP_mature_chondrocyte	GRN	TNFRSF1A	0.33270708	1.0	0.09804815	-0.42914718888683684	-0.9045769048352716	0.0010447879	0.5289515	1.0	1.0	degenerated	True	pain_receptor:TNFRSF1A
NP_stressed	NP_mature_chondrocyte	IL11	IL6R	0.32638437	0.0	0.10055276	0.23645416063451472	0.14091419867200022	0.014261526	0.53209275	0.1694542808656481	1.0	degenerated	True	pain_receptor:IL6R
Macrophage_M2	Macrophage_M2	PDGFC	FLT1	0.329929	0.22	0.09310559	0.144003880258821	0.2673046526322129	0.00846838	0.52250314	0.5957634215688243	1.0	degenerated	True	pain_receptor:FLT1
Macrophage_M2	Macrophage_M2	PGF	NRP2	0.31746793	0.57	0.09431367	0.37808807941644385	0.1507420610120518	0.009958377	0.52411115	0.9580922460946023	1.0	degenerated	True	pain_receptor:NRP2
Macrophage_M2	Macrophage_M2	PTGS2	CAV1	0.45280838	1.0	0.20320874	-0.5426067668053152	-1.0115907895047207	0.0014766582	0.6178242	1.0	1.0	degenerated	True	pain_ligand:PTGS2
AF_inner	NP_mature_chondrocyte	VEGFB	ADRB2	0.35669124	1.0	0.12703326	-0.012382164434222964	-0.04059807142271976	0.0095348265	0.56105155	1.0	1.0	degenerated	True	pain_ligand:VEGFB
AF_inner	NP_notochordal	ADAM10	IL6R	0.43240348	0.0	0.09386564	0.2505493242886477	0.35654627388822124	0.0054866276	0.52351725	0.3061430481759499	1.0	degenerated	True	pain_receptor:IL6R
NP_fibrocartilaginous	EP_hyaline	RARRES1	NRP2	0.4725157	0.0	0.13102734	0.13440755264766432	0.3428590979828938	0.0258948	0.56485987	0.13745486852607017	1.0	degenerated	True	pain_receptor:NRP2
NP_fibrocartilaginous	EP_hyaline	SEMA3E	NRP2	0.48734257	0.0	0.15404554	0.03600603129066856	0.154023099134798	0.011607744	0.58463514	0.4224474214941779	1.0	degenerated	True	pain_receptor:NRP2
AF_inner	NP_mature_chondrocyte	SEMA3A	NRP2	0.5209941	0.03	0.14999643	0.003030111547093345	0.019577561537316185	0.0056825406	0.5813973	1.0	1.0	degenerated	True	pain_ligand:SEMA3A; pain_receptor:NRP2
AF_inner	NP_mature_chondrocyte	SEMA3E	NRP2	0.5254588	0.0	0.15776026	0.07489393350725432	0.1817055188873542	0.011887658	0.58752537	0.27863018380290694	1.0	degenerated	True	pain_receptor:NRP2
NP_stressed	NP_mature_chondrocyte	NGF	MAGED1	0.4444326	0.0	0.11940762	0.07889748955282361	0.16359633606093205	0.015127066	0.5534148	0.26658061745360984	1.0	degenerated	True	pain_ligand:NGF
Macrophage_M2	Macrophage_M2	TNFSF13B	CD40	0.41486454	0.0	0.13673797	0.9098911169696782	0.7898723103173552	0.029583259	0.5700952	0.008407533073817275	1.0	degenerated	True	pain_ligand:TNF
NP_fibrocartilaginous	EP_hyaline	PDGFA	PDGFRA	0.33420292	0.68	0.09125382	0.01175146302515584	0.11912567511552288	0.011012612	0.5199965	1.0	1.0	degenerated	True	pain_ligand:PDGFA
NP_fibrocartilaginous	EP_hyaline	PDGFC	FLT1	0.30221632	0.0	0.086471215	0.10240953816327823	0.2033653599168343	0.007864953	0.5132749	0.42978242141173273	1.0	degenerated	True	pain_receptor:FLT1
AF_inner	NP_mature_chondrocyte	GRN	TNFRSF1A	0.44757494	1.0	0.2003175	-0.30935457286151385	-0.6702829201735665	0.0021345566	0.61613095	1.0	1.0	degenerated	True	pain_receptor:TNFRSF1A
AF_inner	NP_mature_chondrocyte	FGF2	SDC4	0.74681675	0.0	0.5537712	0.09439722369942617	0.14662333401234562	0.0137245245	0.72742206	0.22438149563373058	1.0	degenerated	True	pain_ligand:FGF2
Macrophage_M2	Macrophage_M2	VEGFA	GPC1	0.38005215	0.81	0.1277796	-0.19960138453901718	-0.13951205597475025	0.003896583	0.56177276	1.0	1.0	degenerated	True	pain_ligand:VEGFA
Macrophage_M2	Macrophage_M2	VEGFA	ITGAV	0.34675196	0.9	0.093871616	-0.3555824522131627	-0.5293239517602109	0.0017844881	0.5235252	1.0	1.0	degenerated	True	pain_ligand:VEGFA
Macrophage_M2	Macrophage_M2	VEGFA	NRP2	0.3730719	0.93	0.120671935	-0.39694134376425555	-0.5604190326816388	0.0014815622	0.55471605	1.0	1.0	degenerated	True	pain_ligand:VEGFA; pain_receptor:NRP2
AF_inner	NP_mature_chondrocyte	FGF2	FGFR2	0.41530287	0.14	0.10035587	0.0382144569892034	0.00740112030272716	0.013462608	0.5318487	0.5072847703614686	1.0	degenerated	True	pain_ligand:FGF2
AF_inner	NP_mature_chondrocyte	FGF2	FGFR3	0.45890567	0.0	0.15999192	0.15489525419447342	0.17522841400210115	0.01650547	0.58922637	0.1271324605953049	1.0	degenerated	True	pain_ligand:FGF2
NP_stressed	NP_notochordal	GRN	TNFRSF1A	0.32053962	1.0	0.09268831	-0.4439797824958137	-0.6725309960490623	0.0009876741	0.5219428	1.0	1.0	degenerated	True	pain_receptor:TNFRSF1A
NP_stressed	NP_notochordal	NGF	KIDINS220	0.42359182	0.0	0.112532414	0.20105862109699132	0.4404126436091145	0.015789242	0.54607564	0.05782171679857206	1.0	degenerated	True	pain_ligand:NGF
NP_stressed	NP_notochordal	NGF	SORT1	0.45324785	0.0	0.1223157	0.45333099735992277	0.768159317370191	0.029754285	0.5563864	0.015267623538825359	1.0	degenerated	True	pain_ligand:NGF
AF_inner	NP_fibrocartilaginous	SEMA3A	NRP2	0.44075704	1.0	0.1223124	-0.08994011181212222	-0.2029034815809285	0.004633745	0.556383	1.0	1.0	degenerated	True	pain_ligand:SEMA3A; pain_receptor:NRP2
AF_inner	NP_fibrocartilaginous	SEMA3E	NRP2	0.44522172	0.61	0.1286433	-0.018076289851961254	-0.04077552423089048	0.009693618	0.5626018	1.0	1.0	degenerated	True	pain_receptor:NRP2
NP_fibrocartilaginous	EP_hyaline	FGF2	FGFR3	0.38201547	0.94	0.11319773	0.04658730097230994	0.018025351773708592	0.011677975	0.54680616	1.0	1.0	degenerated	True	pain_ligand:FGF2
Macrophage_M2	NP_fibrocartilaginous	CXCL2	DPP4	0.3964656	0.04	0.15470141	0.4081159556732121	0.5371920121917242	0.031098757	0.58515084	0.05918777495557567	1.0	degenerated	True	pain_ligand:CXCL2
Macrophage_M2	NP_fibrocartilaginous	FGF2	FGFRL1	0.3955726	0.93	0.13774239	-0.2408656988228814	-0.36355043704291257	0.0039998065	0.5709918	1.0	1.0	degenerated	True	pain_ligand:FGF2
AF_inner	NP_fibrocartilaginous	FGF2	SDC1	0.40088087	0.05	0.080630735	0.10429262143962743	0.05849541439554619	0.028909557	0.50453645	0.37767684343937397	1.0	degenerated	True	pain_ligand:FGF2
AF_inner	NP_fibrocartilaginous	FGF2	SDC3	0.40161484	0.12	0.08163459	0.06120688411193423	0.01734903173194037	0.008321964	0.5060829	0.4835940471873938	1.0	degenerated	True	pain_ligand:FGF2
NP_stressed	NP_stressed	GRN	TNFRSF1A	0.3226013	1.0	0.09359648	-0.44146650002558147	-0.8582490344202065	0.0009973515	0.52315915	1.0	1.0	degenerated	True	pain_receptor:TNFRSF1A
Macrophage_M2	NP_fibrocartilaginous	PDGFA	PDGFRB	0.2797423	0.08	0.077428386	0.25401162887356366	0.4788855599748709	0.03662679	0.49947077	0.29600598341348877	1.0	degenerated	True	pain_ligand:PDGFA
AF_inner	Macrophage_M2	TNFSF11	LGR4	0.40208936	0.0	0.13522531	0.8683339592292899	0.7464018225346164	0.119114324	0.5687315	0.008199019362825053	1.0	degenerated	True	pain_ligand:TNF
AF_inner	Macrophage_M2	VEGFB	ADRB2	0.38337058	0.45	0.14681168	0.036265098294393006	-0.022146383851151807	0.01101935	0.5787836	0.8292073995345174	1.0	degenerated	True	pain_ligand:VEGFB
AF_inner	Macrophage_M2	FGF2	FGFRL1	0.42147297	0.92	0.1087948	-0.24552378337988848	-0.47951721612075926	0.0031592173	0.54188615	1.0	1.0	degenerated	True	pain_ligand:FGF2
AF_inner	Macrophage_M2	FGF2	GPC4	0.4241172	0.07	0.112411365	0.2734751837673733	0.11669598030205869	0.04779069	0.5459423	0.412555289778364	1.0	degenerated	True	pain_ligand:FGF2
AF_inner	Macrophage_M2	FGF2	SDC4	0.4341168	0.96	0.12608792	-0.27246350142302705	-0.5444761367032054	0.003124931	0.5601316	1.0	1.0	degenerated	True	pain_ligand:FGF2
NP_stressed	unassigned	GRN	TNFRSF1A	0.41867527	1.0	0.13591771	-0.32434846971878645	-0.10621203411218028	0.0014483209	0.5693577	1.0	1.0	degenerated	True	pain_receptor:TNFRSF1A
Macrophage_M2	NP_fibrocartilaginous	TNFSF10	TNFRSF10D	0.29154947	0.23	0.08320186	0.07958589733034635	0.16002888793816122	0.011104535	0.5084595	0.605933680071204	1.0	degenerated	True	pain_ligand:TNF
Macrophage_M2	NP_fibrocartilaginous	TNFSF13B	HLA-DPB1	0.4197918	0.0	0.14267969	0.8142217189817587	0.5530426114755963	0.013040987	0.57529974	0.048497484692404697	1.0	degenerated	True	pain_ligand:TNF
Macrophage_M2	NP_fibrocartilaginous	VEGFA	EGFR	0.38836622	0.64	0.13624543	-0.0720808819493246	-0.08148500296332914	0.00684423	0.5696529	1.0	1.0	degenerated	True	pain_ligand:VEGFA
Macrophage_M2	NP_fibrocartilaginous	VEGFA	GPC1	0.45465493	0.64	0.20374401	-0.07523699759523149	-0.08090718558347959	0.006213085	0.6181347	1.0	1.0	degenerated	True	pain_ligand:VEGFA
Macrophage_M2	NP_fibrocartilaginous	VEGFA	SIRPA	0.41565	0.69	0.16402718	-0.13313881078474823	-0.24266008940236244	0.0034146367	0.5922374	1.0	1.0	degenerated	True	pain_ligand:VEGFA
Macrophage_M2	NP_fibrocartilaginous	VEGFB	ADRB2	0.41104898	0.57	0.117255256	0.0003514157186201433	0.002684893599448901	0.008800913	0.551166	0.9580922460946023	1.0	degenerated	True	pain_ligand:VEGFB
Macrophage_M2	NP_mature_chondrocyte	ADAM10	IL6R	0.41710714	0.09	0.14574954	0.25790988108960944	0.11604411281664695	0.008519342	0.5778982	0.44516393225691697	1.0	degenerated	True	pain_receptor:IL6R
AF_inner	Fibrochondrocyte_stressed	VEGFB	ADRB2	0.30656964	1.0	0.08987615	-0.10377341690189804	-0.22303654067831613	0.006745899	0.51809776	1.0	1.0	degenerated	True	pain_ligand:VEGFB
unassigned	AF_inner	VEGFA	ITGAV	0.4056461	1.0	0.16149572	-0.266397018563186	-0.07064448239479415	0.0030700143	0.590358	1.0	1.0	degenerated	True	pain_ligand:VEGFA
unassigned	AF_inner	VEGFA	SIRPA	0.34021872	1.0	0.10118476	-0.2396500810575094	-0.05641664814799324	0.0021064144	0.5328726	1.0	1.0	degenerated	True	pain_ligand:VEGFA
unassigned	AF_outer	CXCL2	DPP4	0.38307723	0.0	0.14674705	0.3946136496741234	1.0836677612226238	0.029499736	0.57872987	0.015267623538825359	1.0	degenerated	True	pain_ligand:CXCL2
AF_inner	Fibrochondrocyte_stressed	FGF2	FGFR1	0.4591998	1.0	0.16039416	-0.32816874762689985	-0.5610381662283387	0.0030912475	0.58953017	1.0	1.0	degenerated	True	pain_ligand:FGF2
AF_inner	Fibrochondrocyte_fibroid	TNFSF9	HLA-DPA1	0.38742033	0.0	0.090316266	0.5515099634006644	0.5311361518487	0.011544679	0.5187076	0.08999816023597113	1.0	degenerated	True	pain_ligand:TNF
AF_inner	Fibrochondrocyte_stressed	ADAM10	IL6R	0.47138658	0.0	0.10378831	0.30907459375263696	0.2066937961678995	0.006066627	0.53603315	0.6919786864075244	1.0	degenerated	True	pain_receptor:IL6R
unassigned	AF_outer	VEGFA	EGFR	0.3952126	1.0	0.15187812	-0.031270987532286715	0.27700229044996094	0.007629532	0.58291364	1.0	1.0	degenerated	True	pain_ligand:VEGFA
unassigned	AF_outer	VEGFA	GPC1	0.45475438	1.0	0.20676377	-0.05841394018004195	0.2832817662469767	0.0063051707	0.6198696	1.0	1.0	degenerated	True	pain_ligand:VEGFA
unassigned	AF_outer	VEGFA	SIRPA	0.41284543	1.0	0.16813211	-0.12222781459732442	0.12178467266790283	0.0035000914	0.59521854	1.0	1.0	degenerated	True	pain_ligand:VEGFA
AF_inner	Fibrochondrocyte_fibroid	SEMA3A	NRP2	0.40257853	0.99	0.10913975	-0.13417780405406998	-0.2095742628629322	0.0041347053	0.54227906	1.0	1.0	degenerated	True	pain_ligand:SEMA3A; pain_receptor:NRP2
AF_inner	Fibrochondrocyte_fibroid	SEMA3E	NRP2	0.40704322	0.85	0.11478884	-0.06231398209390902	-0.047446305512894194	0.008649646	0.54853505	1.0	1.0	degenerated	True	pain_receptor:NRP2
Macrophage_M2	NP_mature_chondrocyte	PDGFA	PDGFRA	0.3051444	0.51	0.090179145	0.002388064960157796	-0.02450515167037351	0.01088292	0.51851785	0.8901256578470755	1.0	degenerated	True	pain_ligand:PDGFA
Macrophage_M2	NP_mature_chondrocyte	PDGFC	FLT1	0.42346585	0.04	0.17830238	0.3168816205345173	0.5837521361192158	0.016217418	0.60227346	0.18255859598711216	1.0	degenerated	True	pain_receptor:FLT1
NP_fibrocartilaginous	AF_outer	SEMA3C	NRP2_PLXNA1	0.38602686	0.0	0.08399188	0.20289311186176784	0.29275007431923317	0.024214733	0.5096404	0.056322715000629374	1.0	degenerated	True	pain_receptor:NRP2
unassigned	EP_hyaline	VEGFA	ITGAV	0.40811044	1.0	0.16376735	-0.2630503899199091	0.06378537698613751	0.0031131979	0.59204596	1.0	1.0	degenerated	True	pain_ligand:VEGFA
NP_fibrocartilaginous	AF_outer	SEMA3C	NRP2_PLXNA3	0.3824521	0.0	0.07940885	0.13269123735461874	0.1913222661356281	0.014950484	0.5026278	0.1405513415325184	1.0	degenerated	True	pain_receptor:NRP2
NP_fibrocartilaginous	AF_outer	SEMA3E	NRP2	0.34035742	1.0	0.095706284	-0.13430513106293096	-0.3090033540806119	0.0072117248	0.52593875	1.0	1.0	degenerated	True	pain_receptor:NRP2
NP_fibrocartilaginous	AF_outer	RARRES1	NRP2	0.32553056	1.0	0.08140541	-0.035903609705935195	-0.12016735523251612	0.016088068	0.5057316	1.0	1.0	degenerated	True	pain_receptor:NRP2
NP_fibrocartilaginous	AF_outer	SEMA3A	NRP2	0.378993	1.0	0.13297123	-0.1440176578933316	-0.35772837871520824	0.0050375485	0.5666688	1.0	1.0	degenerated	True	pain_ligand:SEMA3A; pain_receptor:NRP2
unassigned	Fibroblast_like	ADAM10	IL6R	0.30377847	0.0	0.091410875	0.07108967127596238	0.23010985713853876	0.005343142	0.52021116	1.0	1.0	degenerated	True	pain_receptor:IL6R
Macrophage_M2	NP_mature_chondrocyte	TNFSF10	TNFRSF10D	0.35311985	0.13	0.11388017	0.1739169868486865	0.3940869701225726	0.015199015	0.5475508	0.49509893589204534	1.0	degenerated	True	pain_ligand:TNF
Macrophage_M2	NP_mature_chondrocyte	TNFSF13B	CD40	0.39750424	0.0	0.11580332	0.8713370641367187	0.6926302729806053	0.025054049	0.5496243	0.015267623538825359	1.0	degenerated	True	pain_ligand:TNF
unassigned	Fibroblast_like	GRN	TNFRSF1A	0.78222716	0.0	0.5899218	0.08238731383978834	0.2558050468068608	0.006286127	0.7336462	0.8344021692573739	1.0	degenerated	True	pain_receptor:TNFRSF1A
unassigned	Fibroblast_like	CXCL2	DPP4	0.32426414	0.0	0.10156321	0.2745070437644971	0.8458308251345537	0.02041668	0.53333724	0.01988398531290272	1.0	degenerated	True	pain_ligand:CXCL2
Macrophage_M2	NP_mature_chondrocyte	TNFSF13B	HLA-DPB1	0.42625082	0.0	0.1504686	0.8254897734846979	0.6002218114667155	0.013752897	0.58177966	0.03613579917167806	1.0	degenerated	True	pain_ligand:TNF
Macrophage_M2	NP_mature_chondrocyte	TNFSF13B	TFRC	0.76066387	0.0	0.55373454	1.0288527534210883	1.0984156074780955	0.052926883	0.7274155	0.00043095386645194034	1.0	degenerated	True	pain_ligand:TNF
Macrophage_M2	NP_mature_chondrocyte	VEGFA	GPC1	0.37718606	0.77	0.12486118	-0.20437933961086166	-0.3176693144127889	0.003807587	0.5589268	1.0	1.0	degenerated	True	pain_ligand:VEGFA
Macrophage_M2	NP_mature_chondrocyte	VEGFA	SIRPA	0.37839693	0.77	0.12609415	-0.19336932642650415	-0.33688997345605315	0.0026249657	0.5601376	1.0	1.0	degenerated	True	pain_ligand:VEGFA
unassigned	Fibroblast_like	VEGFA	ITGAV	0.45118767	1.0	0.20347597	-0.20455046299062662	-0.052288135546804115	0.0038680537	0.61797935	1.0	1.0	degenerated	True	pain_ligand:VEGFA
unassigned	Fibroblast_like	VEGFA	SIRPA	0.426511	1.0	0.180729	-0.10013365067077987	0.05828844811739131	0.0037623274	0.6038913	1.0	1.0	degenerated	True	pain_ligand:VEGFA
AF_inner	Fibrochondrocyte_chondroid	SEMA3A	NRP2	0.42716375	0.97	0.11762233	-0.10569095807218098	0.05362659435500142	0.004456064	0.5515526	1.0	1.0	degenerated	True	pain_ligand:SEMA3A; pain_receptor:NRP2
AF_inner	Fibrochondrocyte_chondroid	SEMA3E	NRP2	0.43162844	0.67	0.12371048	-0.033827136112020026	0.21575455170503943	0.009321916	0.5577853	1.0	1.0	degenerated	True	pain_receptor:NRP2
Macrophage_M2	NP_notochordal	FGF2	CD44	0.42101192	1.0	0.15090445	-0.516863497606032	-0.5435273435832306	0.0015849225	0.58213156	1.0	1.0	degenerated	True	pain_ligand:FGF2
unassigned	Fibrochondrocyte_chondroid	GRN	TNFRSF1A	0.45539755	1.0	0.17547159	-0.3160306994466561	-0.059649329335929036	0.0018698018	0.6003551	1.0	1.0	degenerated	True	pain_receptor:TNFRSF1A
AF_inner	Fibrochondrocyte_chondroid	FGF2	FGFR2	0.44256103	0.02	0.1376372	0.10477791501593815	0.26794865061407747	0.018463848	0.57089823	0.30449961405007375	1.0	degenerated	True	pain_ligand:FGF2
AF_inner	Fibrochondrocyte_chondroid	GRN	TNFRSF1A	0.36336896	1.0	0.124533966	-0.4120049485770315	-0.645376338157418	0.0013270173	0.5586033	1.0	1.0	degenerated	True	pain_receptor:TNFRSF1A
unassigned	Fibrochondrocyte_chondroid	VEGFA	GPC1	0.3729198	1.0	0.13132863	-0.19483453088442737	0.19952308799901686	0.0040048086	0.56514204	1.0	1.0	degenerated	True	pain_ligand:VEGFA
unassigned	Fibrochondrocyte_chondroid	VEGFA	ITGAV	0.4626684	1.0	0.2140589	-0.1889593412006528	0.37684436640709706	0.0040692342	0.6239462	1.0	1.0	degenerated	True	pain_ligand:VEGFA
Macrophage_M2	NP_notochordal	TNFSF10	TNFRSF10A	0.32850423	0.02	0.10161509	0.6022281656195928	0.8500257071614941	0.03321621	0.5334008	0.007398681529024117	1.0	degenerated	True	pain_ligand:TNF
unassigned	Fibrochondrocyte_chondroid	VEGFA	SIRPA	0.3221079	1.0	0.08449021	-0.268931481285967	0.08685499248062123	0.0017588754	0.51037955	1.0	1.0	degenerated	True	pain_ligand:VEGFA
Macrophage_M2	NP_notochordal	TNFSF13B	HLA-DPB1	0.43426543	0.0	0.16013336	0.8394718852103401	0.9125941456795503	0.0146362595	0.5893333	0.025435509806856344	1.0	degenerated	True	pain_ligand:TNF
Macrophage_M2	NP_notochordal	VEGFA	SIRPA	0.43811435	0.64	0.18690152	-0.09681883160840998	0.039752547888815215	0.0038908238	0.6079009	1.0	1.0	degenerated	True	pain_ligand:VEGFA
AF_inner	Fibroblast_like	SEMA3A	NRP2	0.35899097	1.0	0.094100825	-0.1846824235250239	-0.46883375994834764	0.0035649636	0.5238294	1.0	1.0	degenerated	True	pain_ligand:SEMA3A; pain_receptor:NRP2
AF_inner	Fibroblast_like	SEMA3E	NRP2	0.36345565	1.0	0.0989715	-0.11281860156486292	-0.3067058025983096	0.0074577676	0.53011906	1.0	1.0	degenerated	True	pain_receptor:NRP2
unassigned	Fibrochondrocyte_fibroid	VEGFA	ITGA9	0.3401188	1.0	0.101092644	0.4052098825234385	0.38848501010949144	0.017198876	0.53275925	0.1977430931880514	1.0	degenerated	True	pain_ligand:VEGFA
unassigned	Fibrochondrocyte_fibroid	VEGFA	ITGAV	0.46435854	1.0	0.2156169	-0.18666405962708216	0.10471314200289461	0.0040988512	0.62479657	1.0	1.0	degenerated	True	pain_ligand:VEGFA
AF_inner	Fibroblast_like	FGF2	FGFR2	0.43881664	0.03	0.1325159	0.09563415188401916	-0.003564537818396468	0.017776836	0.56624764	0.4822425251953546	1.0	degenerated	True	pain_ligand:FGF2
AF_inner	Fibroblast_like	FGF2	SDC3	0.41977948	0.01	0.106478564	0.11858882919177763	0.011111070426313277	0.010854601	0.5392139	0.43811715499769693	1.0	degenerated	True	pain_ligand:FGF2
Macrophage_M2	NP_stressed	FGF2	FGFR1	0.3860531	1.0	0.13281706	-0.40895491791144134	-0.5755190168602458	0.002559759	0.56652635	1.0	1.0	degenerated	True	pain_ligand:FGF2
Macrophage_M2	NP_stressed	FGF2	FGFRL1	0.30271894	1.0	0.0897007	-0.361031942521593	-0.5281083631682648	0.002604757	0.5178538	1.0	1.0	degenerated	True	pain_ligand:FGF2
NP_fibrocartilaginous	AF_outer	FGF2	FGFR2	0.37023768	1.0	0.09993707	0.008410745205560649	-0.078594768933888	0.013406426	0.531328	1.0	1.0	degenerated	True	pain_ligand:FGF2
NP_fibrocartilaginous	AF_outer	FGF2	SDC3	0.35325092	1.0	0.08081158	0.0320152370015709	-0.10275511178738783	0.008238066	0.5048165	1.0	1.0	degenerated	True	pain_ligand:FGF2
unassigned	Fibrochondrocyte_stressed	VEGFA	ITGAV	0.45887095	1.0	0.21055843	-0.1941163605605694	0.1396825891303124	0.004002691	0.6220099	1.0	1.0	degenerated	True	pain_ligand:VEGFA
unassigned	Fibrochondrocyte_stressed	VEGFA	NRP2	0.42356795	1.0	0.17801611	-0.3340324384779681	-0.12840505311148842	0.0021856113	0.602081	1.0	1.0	degenerated	True	pain_ligand:VEGFA; pain_receptor:NRP2
AF_inner	EP_hyaline	VEGFB	ADRB2	0.35669658	0.99	0.12703721	-0.012372153725273588	-0.016794986564919734	0.009535123	0.56105536	1.0	1.0	degenerated	True	pain_ligand:VEGFB
Macrophage_M2	NP_stressed	TNFSF13B	CD40	0.42708045	0.0	0.15146907	0.937020580833053	0.7362430460489245	0.032770332	0.5825857	0.009079183002807726	1.0	degenerated	True	pain_ligand:TNF
Macrophage_M2	NP_stressed	TNFSF13B	HLA-DPB1	0.439533	0.0	0.16648547	0.848661478050218	0.6292986950562875	0.015216845	0.59403235	0.019973155570481255	1.0	degenerated	True	pain_ligand:TNF
Macrophage_M2	NP_stressed	VEGFA	ITGAV	0.36120594	0.93	0.10858938	-0.3359536155940519	-0.49449133096904047	0.0020642711	0.5416515	1.0	1.0	degenerated	True	pain_ligand:VEGFA
Macrophage_M2	NP_stressed	VEGFA	SIRPA	0.3334541	0.86	0.080331035	-0.2660324843480719	-0.41243419911338114	0.0016722918	0.504071	1.0	1.0	degenerated	True	pain_ligand:VEGFA
unassigned	Macrophage_M2	CXCL2	DPP4	0.2942853	0.1	0.07853163	0.21328516908108436	0.8669174697848849	0.015786773	0.50123924	0.4423658350034951	1.0	degenerated	True	pain_ligand:CXCL2
AF_inner	EP_hyaline	SEMA3A	NRP2	0.47437307	0.79	0.13391086	-0.050989621992492976	0.004399184445272236	0.005073147	0.5675332	1.0	1.0	degenerated	True	pain_ligand:SEMA3A; pain_receptor:NRP2
AF_inner	EP_hyaline	SEMA3E	NRP2	0.47883776	0.04	0.14084211	0.02087419996766799	0.16652714179531025	0.01061283	0.5737154	0.4915964549616247	1.0	degenerated	True	pain_receptor:NRP2
unassigned	Macrophage_M2	VEGFA	GPC1	0.35593927	1.0	0.115675986	-0.2231414583567885	0.16501015915427997	0.0035274883	0.5494881	1.0	1.0	degenerated	True	pain_ligand:VEGFA
AF_inner	EP_hyaline	GRN	TNFRSF1A	0.38728648	1.0	0.1460592	-0.38284852039814105	-0.6266625459863444	0.0015563873	0.57815707	1.0	1.0	degenerated	True	pain_receptor:TNFRSF1A
AF_inner	EP_hyaline	FGF2	CD44	0.77020204	1.0	0.5857555	-0.14595512477194017	-0.19169829311467057	0.0061520855	0.73295313	1.0	1.0	degenerated	True	pain_ligand:FGF2
AF_inner	EP_hyaline	FGF2	FGFR3	0.4424672	0.01	0.13750885	0.11396434247745922	0.15340437562058576	0.014186017	0.57078403	0.2656303402238959	1.0	degenerated	True	pain_ligand:FGF2
AF_inner	EP_hyaline	FGF2	FGFRL1	0.78394926	0.0	0.6045577	0.22357325030104996	0.37366021889166434	0.017555334	0.7360338	0.04255316753700156	1.0	degenerated	True	pain_ligand:FGF2
AF_inner	EP_hyaline	FGF2	SDC2	0.75500774	0.99	0.56497407	-0.06816541085405364	-0.05876891324692057	0.008837681	0.7294031	1.0	1.0	degenerated	True	pain_ligand:FGF2
unassigned	Macrophage_M2	VEGFA	ITGAV	0.32263908	1.0	0.08497985	-0.379122526030934	-0.22480173663118058	0.0016154567	0.51110154	1.0	1.0	degenerated	True	pain_ligand:VEGFA
unassigned	Macrophage_M2	VEGFA	NRP2	0.34895903	1.0	0.10924157	-0.42048141758202684	-0.2558968175526086	0.0013412246	0.54239476	1.0	1.0	degenerated	True	pain_ligand:VEGFA; pain_receptor:NRP2
unassigned	NP_fibrocartilaginous	CXCL2	DPP4	0.36538056	0.0	0.13315138	0.35847367374654127	1.131177340931704	0.026766675	0.566835	0.015267623538825359	1.0	degenerated	True	pain_ligand:CXCL2
AF_inner	AF_outer	SEMA3A	NRP2	0.32738793	1.0	0.0831969	-0.22130078434609252	-0.4586272687701377	0.0031518734	0.50845206	1.0	1.0	degenerated	True	pain_ligand:SEMA3A; pain_receptor:NRP2
AF_inner	AF_outer	SEMA3E	NRP2	0.3318526	1.0	0.08750318	-0.14943696238593154	-0.29649931142009966	0.006593599	0.51475674	1.0	1.0	degenerated	True	pain_receptor:NRP2
NP_fibrocartilaginous	AF_inner	FGF2	FGFR2	0.3738157	1.0	0.10396555	0.017148079829221743	-0.11531417588600462	0.0139468415	0.53624535	1.0	1.0	degenerated	True	pain_ligand:FGF2
NP_fibrocartilaginous	AF_inner	FGF2	FGFR3	0.42004183	0.02	0.15601178	0.14127101437138473	0.012435737193276203	0.016094862	0.58617425	0.43336307455655465	1.0	degenerated	True	pain_ligand:FGF2
AF_inner	AF_outer	FGF2	FGFR2	0.43068942	0.04	0.121400245	0.07578778671070993	0.05678425491298916	0.016285682	0.5554591	0.3584695918733907	1.0	degenerated	True	pain_ligand:FGF2
AF_inner	AF_outer	FGF2	SDC2	0.7598994	1.0	0.5716644	-0.06309854460350814	-0.21808219399568063	0.008942335	0.7305633	1.0	1.0	degenerated	True	pain_ligand:FGF2
AF_inner	AF_outer	FGF2	SDC3	0.41370267	0.06	0.09816724	0.09939227850672018	0.032623912059489335	0.01000733	0.52910274	0.39504693376198824	1.0	degenerated	True	pain_ligand:FGF2
unassigned	NP_fibrocartilaginous	VEGFA	EGFR	0.36425334	1.0	0.1233399	-0.09562095576709592	0.22303721216570108	0.006195926	0.5574152	1.0	1.0	degenerated	True	pain_ligand:VEGFA
unassigned	NP_fibrocartilaginous	VEGFA	GPC1	0.43054205	1.0	0.18444484	-0.0987770714130028	0.22361502954555063	0.005624565	0.6063229	1.0	1.0	degenerated	True	pain_ligand:VEGFA
unassigned	NP_fibrocartilaginous	VEGFA	SIRPA	0.39153713	1.0	0.14849009	-0.15667888460251955	0.06186212572666777	0.0030911933	0.5801686	1.0	1.0	degenerated	True	pain_ligand:VEGFA
unassigned	NP_mature_chondrocyte	ADAM10	IL6R	0.29118752	0.0	0.08301821	0.05218693845536114	0.24121676310198414	0.004852575	0.50818336	1.0	1.0	degenerated	True	pain_receptor:IL6R
unassigned	NP_mature_chondrocyte	VEGFA	GPC1	0.35307318	1.0	0.113034	-0.22791941342863298	-0.013147099283758679	0.0034469224	0.5466268	1.0	1.0	degenerated	True	pain_ligand:VEGFA
unassigned	NP_mature_chondrocyte	VEGFA	SIRPA	0.35428405	1.0	0.11415018	-0.21690940024427546	-0.03236775832702293	0.0023763222	0.5478441	1.0	1.0	degenerated	True	pain_ligand:VEGFA
unassigned	NP_notochordal	VEGFA	SIRPA	0.41400146	1.0	0.16919772	-0.1203589054261813	0.34427476301784543	0.0035222746	0.5959794	1.0	1.0	degenerated	True	pain_ligand:VEGFA
AF_inner	AF_inner	TNFSF12	TNFRSF12A	0.5633468	1.0	0.15922642	-0.16136092784679973	-0.20572870122894552	0.004847631	0.5886458	1.0	1.0	degenerated	True	pain_ligand:TNF
AF_inner	AF_inner	VEGFB	ADRB2	0.30680344	1.0	0.09004949	-0.10334703878602083	-0.25979704980337864	0.0067589097	0.5183383	1.0	1.0	degenerated	True	pain_ligand:VEGFB
NP_fibrocartilaginous	AF_outer	ANGPT1	ITGA5	0.29575318	0.0	0.078552246	0.0889948714413353	0.0692848719772578	0.015464605	0.5012721	0.29712627473094927	1.0	degenerated	True	pain_ligand:ANGPT1
AF_inner	AF_inner	SEMA3A	NRP2	0.3892459	1.0	0.10453962	-0.1496262063395543	-0.28994016970083114	0.003960432	0.53692997	1.0	1.0	degenerated	True	pain_ligand:SEMA3A; pain_receptor:NRP2
AF_inner	AF_inner	SEMA3E	NRP2	0.39371058	1.0	0.1099506	-0.07776238437939334	-0.1278122123507931	0.008285073	0.5431976	1.0	1.0	degenerated	True	pain_receptor:NRP2
NP_fibrocartilaginous	AF_inner	RARRES1	NRP2	0.38738853	0.36	0.10228855	0.035770968300603	0.04851974383679045	0.020215185	0.5342227	0.7400242981549082	1.0	degenerated	True	pain_receptor:NRP2
NP_fibrocartilaginous	AF_inner	SEMA3A	NRP2	0.44085097	0.99	0.16708268	-0.0723430798867934	-0.18904127964590167	0.006329845	0.59446406	1.0	1.0	degenerated	True	pain_ligand:SEMA3A; pain_receptor:NRP2
NP_fibrocartilaginous	AF_inner	SEMA3E	NRP2	0.4022154	0.99	0.12025807	-0.06263055305639277	-0.14031625501130535	0.009061769	0.5542917	1.0	1.0	degenerated	True	pain_receptor:NRP2
AF_inner	AF_inner	FGF2	SDC4	0.7781844	0.0	0.59667313	0.13119775277245077	0.10828348640935392	0.014787795	0.73475647	0.22214768822135703	1.0	degenerated	True	pain_ligand:FGF2
AF_inner	AF_inner	FGF2	FGFR2	0.43426743	0.05	0.12629391	0.08452512133437103	0.020064847960872545	0.01694216	0.56033266	0.41417997621539365	1.0	degenerated	True	pain_ligand:FGF2
NP_fibrocartilaginous	AF_inner	VEGFA	GPC1	0.41267845	1.0	0.1094329	-0.1971149253079929	-0.4625300457646029	0.0033371085	0.5426119	1.0	1.0	degenerated	True	pain_ligand:VEGFA
