cell_type	comparison	tf	activity	pvalue	n_targets	n_de_targets	concordant_up	concordant_down	padj
AF_inner	mild_vs_severe	MYC	0.004431314623338257	0.04172743595902406	677	3	3	0	0.43885751612077034
AF_inner	mild_vs_severe	SPI1	0.005917159763313609	0.18234463912057747	169	1	1	0	1.0
AF_inner	mild_vs_severe	SMAD3	0.0	1.0	103	0	0	0	1.0
AF_inner	mild_vs_severe	SMAD4	0.0	1.0	77	0	0	0	1.0
AF_inner	mild_vs_severe	STAT5A	0.008333333333333333	0.1329195357115057	120	1	1	0	0.8718378148819191
AF_inner	mild_vs_severe	STAT5B	0.015625	0.07306431709212086	64	1	1	0	0.5571154178274216
AF_inner	mild_vs_severe	RELA	0.015822784810126583	2.014572774341898e-05	316	5	5	0	0.0020481489872475967
AF_inner	mild_vs_severe	WT1	0.0	1.0	91	0	0	0	1.0
AF_inner	mild_vs_severe	NR0B2	0.0	1.0	64	0	0	0	1.0
AF_inner	mild_vs_severe	SP1	0.006369426751592357	0.001447884562951861	785	5	5	0	0.046484714915822914
AF_inner	mild_vs_severe	TP53	0.002861230329041488	0.007271374057390835	699	4	3	1	0.15841207767887175
AF_inner	mild_vs_severe	ZBTB16	0.0	1.0	35	0	0	0	1.0
AF_inner	mild_vs_severe	ETV6	0.0	1.0	15	0	0	0	1.0
AF_inner	mild_vs_severe	RUNX1	0.0	1.0	113	0	0	0	1.0
AF_inner	mild_vs_severe	STAT1	0.0049504950495049506	0.2141510546456209	202	1	1	0	1.0
AF_inner	mild_vs_severe	STAT3	0.01937984496124031	7.520695409163481e-06	258	5	5	0	0.0011469060498974309
AF_inner	mild_vs_severe	ETV4	0.0	1.0	39	0	0	0	1.0
AF_inner	mild_vs_severe	MTF1	-0.04	0.029151131904484904	25	1	0	1	0.3556438092347158
AF_inner	mild_vs_severe	CREB1	0.01532567049808429	0.00018678525537353124	261	4	4	0	0.011393900577785405
AF_inner	mild_vs_severe	FOXA2	0.0	1.0	43	0	0	0	1.0
AF_inner	mild_vs_severe	NFATC2	0.0	1.0	46	0	0	0	1.0
AF_inner	mild_vs_severe	CEBPB	0.008064516129032258	0.03350425313025753	248	2	2	0	0.3930306617203287
AF_inner	mild_vs_severe	FOS	0.020942408376963352	5.563309915410999e-05	191	4	4	0	0.004305609273382761
AF_inner	mild_vs_severe	PLAG1	0.0	1.0	7	0	0	0	1.0
AF_inner	mild_vs_severe	E2F1	0.0	1.0	251	0	0	0	1.0
AF_inner	mild_vs_severe	E2F3	0.0	1.0	58	0	0	0	1.0
AF_inner	mild_vs_severe	HBP1	0.0	1.0	28	0	0	0	1.0
AF_inner	mild_vs_severe	YY1	0.0	1.0	156	0	0	0	1.0
AF_inner	mild_vs_severe	ESR1	0.0025906735751295338	0.37152817395903165	386	1	1	0	1.0
AF_inner	mild_vs_severe	JUN	0.010610079575596816	0.0007581550023587474	377	4	4	0	0.028904659464927242
AF_inner	mild_vs_severe	NR1I3	0.0	1.0	27	0	0	0	1.0
AF_inner	mild_vs_severe	CEBPG	0.021505376344086023	0.005187660621378643	93	2	2	0	0.13185304079337384
AF_inner	mild_vs_severe	MAFK	0.0	1.0	14	0	0	0	1.0
AF_inner	mild_vs_severe	STAT4	0.0	1.0	12	0	0	0	1.0
AF_inner	mild_vs_severe	IRF1	0.010869565217391304	0.10345290326234584	92	1	1	0	0.7171167157958064
AF_inner	mild_vs_severe	ATF2	0.0	1.0	80	0	0	0	1.0
AF_inner	mild_vs_severe	NR2C2	0.0	1.0	33	0	0	0	1.0
AF_inner	mild_vs_severe	IRF3	0.0	1.0	50	0	0	0	1.0
AF_inner	mild_vs_severe	TFAP2A	0.0	0.018052468995259325	178	2	1	1	0.2753001521777047
AF_inner	mild_vs_severe	HNF1A	0.0	1.0	40	0	0	0	1.0
AF_inner	mild_vs_severe	ETS1	0.0	1.0	122	0	0	0	1.0
AF_inner	mild_vs_severe	ARNT	0.0	1.0	40	0	0	0	1.0
AF_inner	mild_vs_severe	AHR	0.0	1.0	94	0	0	0	1.0
AF_inner	mild_vs_severe	PAX6	0.0	1.0	78	0	0	0	1.0
AF_inner	mild_vs_severe	NFYA	0.02857142857142857	0.0029737160554110203	70	2	2	0	0.07886812146959662
AF_inner	mild_vs_severe	ZNF148	0.0	1.0	21	0	0	0	1.0
AF_inner	mild_vs_severe	NFIC	0.0	1.0	42	0	0	0	1.0
AF_inner	mild_vs_severe	RBPJ	0.0	1.0	82	0	0	0	1.0
AF_inner	mild_vs_severe	HES1	-0.019230769230769232	0.05975189485012745	52	1	0	1	0.5133613501208133
AF_inner	mild_vs_severe	GATA4	0.0	1.0	58	0	0	0	1.0
AF_inner	mild_vs_severe	GATA6	0.0	1.0	34	0	0	0	1.0
AF_inner	mild_vs_severe	HNF4A	0.0	1.0	124	0	0	0	1.0
AF_inner	mild_vs_severe	RARA	0.01	0.11196488148223045	100	1	1	0	0.7673997494849504
AF_inner	mild_vs_severe	DBP	0.0	1.0	19	0	0	0	1.0
AF_inner	mild_vs_severe	HLF	0.0	1.0	10	0	0	0	1.0
AF_inner	mild_vs_severe	PPARG	0.004901960784313725	0.0015653815291395616	204	3	2	1	0.04774413663875663
AF_inner	mild_vs_severe	MAX	0.0	1.0	33	0	0	0	1.0
AF_inner	mild_vs_severe	USF2	0.0	1.0	63	0	0	0	1.0
AF_inner	mild_vs_severe	IRF2	0.0	1.0	30	0	0	0	1.0
AF_inner	mild_vs_severe	SP3	0.003952569169960474	0.26106686294913417	253	1	1	0	1.0
AF_inner	mild_vs_severe	AR	0.002932551319648094	0.006694540729003414	341	3	2	1	0.15841207767887175
AF_inner	mild_vs_severe	CUX1	0.013513513513513514	0.08402486364300396	74	1	1	0	0.5959903118864235
AF_inner	mild_vs_severe	ATF1	0.017241379310344827	0.06643000932588326	58	1	1	0	0.5262637102440103
AF_inner	mild_vs_severe	KAT7	0.0	1.0	54	0	0	0	1.0
AF_inner	mild_vs_severe	CREBZF	0.0	1.0	11	0	0	0	1.0
AF_inner	mild_vs_severe	GLI3	0.0	1.0	25	0	0	0	1.0
AF_inner	mild_vs_severe	NKX2-5	0.0	1.0	32	0	0	0	1.0
AF_inner	mild_vs_severe	TGFB1I1	0.0	1.0	11	0	0	0	1.0
AF_inner	mild_vs_severe	RARB	0.03225806451612903	0.036029677137095276	31	1	1	0	0.39960187370232947
AF_inner	mild_vs_severe	RARG	0.05	0.023384431741219493	20	1	1	0	0.31009789917704106
AF_inner	mild_vs_severe	TEAD1	0.0	1.0	14	0	0	0	1.0
AF_inner	mild_vs_severe	PPARA	0.0	0.013046857942595393	150	2	1	1	0.24870572953072467
AF_inner	mild_vs_severe	ESR2	0.0	1.0	119	0	0	0	1.0
AF_inner	mild_vs_severe	NR3C1	-0.006289308176100629	0.17247427658033487	159	1	0	1	1.0
AF_inner	mild_vs_severe	PGR	0.0	1.0	84	0	0	0	1.0
AF_inner	mild_vs_severe	NRG1	0.0	1.0	26	0	0	0	1.0
AF_inner	mild_vs_severe	TBP	0.0	1.0	102	0	0	0	1.0
AF_inner	mild_vs_severe	REL	0.045454545454545456	5.646700686403621e-05	66	3	3	0	0.004305609273382761
AF_inner	mild_vs_severe	ISL1	0.0	1.0	10	0	0	0	1.0
AF_inner	mild_vs_severe	ZBTB14	0.0	1.0	5	0	0	0	1.0
AF_inner	mild_vs_severe	MYB	-0.009433962264150943	0.11829984163691222	106	1	0	1	0.8018100377612939
AF_inner	mild_vs_severe	PITX1	0.058823529411764705	0.019909251840454785	17	1	1	0	0.2891581814923195
AF_inner	mild_vs_severe	EGR1	0.013452914798206279	0.0020208527083127275	223	3	3	0	0.05603273418503472
AF_inner	mild_vs_severe	MYOD1	0.0	1.0	84	0	0	0	1.0
AF_inner	mild_vs_severe	ETS2	0.014925373134328358	0.07636512587751812	67	1	1	0	0.5612376721118801
AF_inner	mild_vs_severe	GTF2I	0.0	1.0	17	0	0	0	1.0
AF_inner	mild_vs_severe	NR2F1	0.0	1.0	20	0	0	0	1.0
AF_inner	mild_vs_severe	ENO1	0.08333333333333333	0.014091909070832293	12	1	1	0	0.25282542744728526
AF_inner	mild_vs_severe	JDP2	0.0	1.0	27	0	0	0	1.0
AF_inner	mild_vs_severe	MAZ	0.0	1.0	21	0	0	0	1.0
AF_inner	mild_vs_severe	NR4A1	0.0	1.0	56	0	0	0	1.0
AF_inner	mild_vs_severe	HMGA1	0.0	1.0	38	0	0	0	1.0
AF_inner	mild_vs_severe	NFKB1	0.021739130434782608	4.287496225272076e-06	230	5	5	0	0.0008717908991386555
AF_inner	mild_vs_severe	USF1	0.0	1.0	122	0	0	0	1.0
AF_inner	mild_vs_severe	DDIT3	0.014285714285714285	0.07965508170699787	70	1	1	0	0.5784476171579607
AF_inner	mild_vs_severe	ATF4	0.0	1.0	83	0	0	0	1.0
AF_inner	mild_vs_severe	ATF3	0.0	1.0	72	0	0	0	1.0
AF_inner	mild_vs_severe	TAF1	0.0	1.0	35	0	0	0	1.0
AF_inner	mild_vs_severe	RUNX2	0.0	1.0	78	0	0	0	1.0
AF_inner	mild_vs_severe	TFAP2B	0.09090909090909091	0.012924622624376991	11	1	1	0	0.24870572953072467
AF_inner	mild_vs_severe	CREM	0.0	1.0	42	0	0	0	1.0
AF_inner	mild_vs_severe	IRF8	0.0	1.0	41	0	0	0	1.0
AF_inner	mild_vs_severe	ETV5	0.3333333333333333	1.9275066943621427e-05	6	2	2	0	0.0020481489872475967
AF_inner	mild_vs_severe	DMTF1	0.0	1.0	13	0	0	0	1.0
AF_inner	mild_vs_severe	NR5A1	0.0	1.0	43	0	0	0	1.0
AF_inner	mild_vs_severe	NEUROD2	0.0	1.0	8	0	0	0	1.0
AF_inner	mild_vs_severe	NEUROD1	0.0	1.0	25	0	0	0	1.0
AF_inner	mild_vs_severe	HHEX	0.0	1.0	15	0	0	0	1.0
AF_inner	mild_vs_severe	FOXO3	0.013071895424836602	0.013548678972244913	153	2	2	0	0.2504452779717999
AF_inner	mild_vs_severe	MBD1	0.0	1.0	10	0	0	0	1.0
AF_inner	mild_vs_severe	CEBPD	0.0	1.0	47	0	0	0	1.0
AF_inner	mild_vs_severe	ELK1	0.0	1.0	41	0	0	0	1.0
AF_inner	mild_vs_severe	FLI1	0.017241379310344827	0.06643000932588326	58	1	1	0	0.5262637102440103
AF_inner	mild_vs_severe	ELK4	0.0	1.0	6	0	0	0	1.0
AF_inner	mild_vs_severe	PREB	0.0	1.0	8	0	0	0	1.0
AF_inner	mild_vs_severe	POU1F1	0.0	1.0	27	0	0	0	1.0
AF_inner	mild_vs_severe	PAX5	0.0	1.0	36	0	0	0	1.0
AF_inner	mild_vs_severe	CEBPA	0.009174311926605505	0.12145165408075442	109	1	1	0	0.8141264724094528
AF_inner	mild_vs_severe	LITAF	0.0	1.0	19	0	0	0	1.0
AF_inner	mild_vs_severe	STAT6	0.0	1.0	57	0	0	0	1.0
AF_inner	mild_vs_severe	HIF1A	0.013201320132013201	0.00033101240988244466	303	4	4	0	0.01835614272984466
AF_inner	mild_vs_severe	TP73	0.0	1.0	98	0	0	0	1.0
AF_inner	mild_vs_severe	KLF11	0.0	1.0	15	0	0	0	1.0
AF_inner	mild_vs_severe	TCF4	0.0	1.0	31	0	0	0	1.0
AF_inner	mild_vs_severe	HIVEP2	0.0	1.0	8	0	0	0	1.0
AF_inner	mild_vs_severe	E2F4	0.0	1.0	149	0	0	0	1.0
AF_inner	mild_vs_severe	GATA5	0.0	1.0	8	0	0	0	1.0
AF_inner	mild_vs_severe	SRF	0.0	1.0	60	0	0	0	1.0
AF_inner	mild_vs_severe	ELF1	0.022727272727272728	0.050779140197931526	44	1	1	0	0.48398868001153483
AF_inner	mild_vs_severe	GATA3	0.0	1.0	100	0	0	0	1.0
AF_inner	mild_vs_severe	MSX1	0.0	1.0	14	0	0	0	1.0
AF_inner	mild_vs_severe	OTX2	0.0	1.0	15	0	0	0	1.0
AF_inner	mild_vs_severe	LHX2	0.0	1.0	17	0	0	0	1.0
AF_inner	mild_vs_severe	GABPA	0.0	1.0	25	0	0	0	1.0
AF_inner	mild_vs_severe	HSF2	0.15789473684210525	1.2347181048606783e-06	19	3	3	0	0.0003765890219825069
AF_inner	mild_vs_severe	VDR	0.0	1.0	80	0	0	0	1.0
AF_inner	mild_vs_severe	HOXC8	0.0	1.0	12	0	0	0	1.0
AF_inner	mild_vs_severe	HR	0.02	0.05751607610531282	50	1	1	0	0.5109586414455499
AF_inner	mild_vs_severe	RELB	0.03333333333333333	0.03488638599602989	30	1	1	0	0.3940869529181154
AF_inner	mild_vs_severe	CEBPE	0.0	1.0	16	0	0	0	1.0
AF_inner	mild_vs_severe	NR0B1	0.0	1.0	22	0	0	0	1.0
AF_inner	mild_vs_severe	LEF1	0.0	1.0	51	0	0	0	1.0
AF_inner	mild_vs_severe	ID1	0.0	1.0	51	0	0	0	1.0
AF_inner	mild_vs_severe	ZNF143	0.0	1.0	22	0	0	0	1.0
AF_inner	mild_vs_severe	SOX9	0.0	1.0	55	0	0	0	1.0
AF_inner	mild_vs_severe	YBX1	0.0	1.0	64	0	0	0	1.0
AF_inner	mild_vs_severe	HSF1	0.07575757575757576	8.25084757921112e-09	66	5	5	0	5.033017023318783e-06
AF_inner	mild_vs_severe	POU4F1	0.0	1.0	16	0	0	0	1.0
AF_inner	mild_vs_severe	NOTO	0.0	1.0	5	0	0	0	1.0
AF_inner	mild_vs_severe	HNF1B	0.0	1.0	19	0	0	0	1.0
AF_inner	mild_vs_severe	PAX3	0.0	1.0	56	0	0	0	1.0
AF_inner	mild_vs_severe	ID2	0.0	1.0	41	0	0	0	1.0
AF_inner	mild_vs_severe	MEF2A	0.0	1.0	55	0	0	0	1.0
AF_inner	mild_vs_severe	PDX1	0.0	1.0	45	0	0	0	1.0
AF_inner	mild_vs_severe	NR2F2	0.0	1.0	31	0	0	0	1.0
AF_inner	mild_vs_severe	NR1H4	0.014925373134328358	0.07636512587751812	67	1	1	0	0.5612376721118801
AF_inner	mild_vs_severe	ASCL1	0.0	1.0	30	0	0	0	1.0
AF_inner	mild_vs_severe	RFX1	0.0	1.0	17	0	0	0	1.0
AF_inner	mild_vs_severe	CRX	0.0	1.0	10	0	0	0	1.0
AF_inner	mild_vs_severe	NRL	0.0	1.0	10	0	0	0	1.0
AF_inner	mild_vs_severe	UBTF	0.0	1.0	9	0	0	0	1.0
AF_inner	mild_vs_severe	MYBL2	0.022727272727272728	0.050779140197931526	44	1	1	0	0.48398868001153483
AF_inner	mild_vs_severe	ELF2	0.0	1.0	7	0	0	0	1.0
AF_inner	mild_vs_severe	JUND	0.0	1.0	56	0	0	0	1.0
AF_inner	mild_vs_severe	TP63	0.0	1.0	140	0	0	0	1.0
AF_inner	mild_vs_severe	NFKBIB	0.07142857142857142	0.0164226602485714	14	1	1	0	0.27075196626023124
AF_inner	mild_vs_severe	HOXC6	0.0	1.0	8	0	0	0	1.0
AF_inner	mild_vs_severe	FOXO1	0.011363636363636364	0.017671418391313535	176	2	2	0	0.2753001521777047
AF_inner	mild_vs_severe	PITX2	0.0	1.0	60	0	0	0	1.0
AF_inner	mild_vs_severe	NR5A2	0.0	1.0	25	0	0	0	1.0
AF_inner	mild_vs_severe	POU2F1	0.0	1.0	46	0	0	0	1.0
AF_inner	mild_vs_severe	XBP1	0.05128205128205128	0.000931472186257996	39	2	2	0	0.03156655742318764
AF_inner	mild_vs_severe	SREBF1	0.0	1.0	82	0	0	0	1.0
AF_inner	mild_vs_severe	TCF3	0.0	1.0	61	0	0	0	1.0
AF_inner	mild_vs_severe	LRRFIP1	0.0	1.0	7	0	0	0	1.0
AF_inner	mild_vs_severe	TCF12	0.0	1.0	25	0	0	0	1.0
AF_inner	mild_vs_severe	E4F1	0.0	1.0	8	0	0	0	1.0
AF_inner	mild_vs_severe	BRCA1	0.0	1.0	48	0	0	0	1.0
AF_inner	mild_vs_severe	ZNF362	0.0	1.0	10	0	0	0	1.0
AF_inner	mild_vs_severe	NRF1	0.0	1.0	61	0	0	0	1.0
AF_inner	mild_vs_severe	GATA1	0.015384615384615385	0.07416579459466224	65	1	1	0	0.55853252719437
AF_inner	mild_vs_severe	MYCN	0.0	1.0	100	0	0	0	1.0
AF_inner	mild_vs_severe	PKNOX1	0.0	1.0	9	0	0	0	1.0
AF_inner	mild_vs_severe	NR4A3	0.0625	0.0187483243027715	16	1	1	0	0.2789384835290394
AF_inner	mild_vs_severe	SSRP1	0.012987012987012988	0.08728962299603626	77	1	1	0	0.6120306899722082
AF_inner	mild_vs_severe	ZNF91	0.0	1.0	25	0	0	0	1.0
AF_inner	mild_vs_severe	NR2C1	0.0	1.0	9	0	0	0	1.0
AF_inner	mild_vs_severe	ID3	0.0	1.0	24	0	0	0	1.0
AF_inner	mild_vs_severe	ERF	0.0	1.0	12	0	0	0	1.0
AF_inner	mild_vs_severe	ZNF354C	0.0	1.0	15	0	0	0	1.0
AF_inner	mild_vs_severe	HMGA2	0.0	1.0	27	0	0	0	1.0
AF_inner	mild_vs_severe	POU2F2	0.0	1.0	16	0	0	0	1.0
AF_inner	mild_vs_severe	SREBF2	0.0	1.0	46	0	0	0	1.0
AF_inner	mild_vs_severe	ELF4	0.03333333333333333	0.03488638599602989	30	1	1	0	0.3940869529181154
AF_inner	mild_vs_severe	TTF1	0.0	1.0	30	0	0	0	1.0
AF_inner	mild_vs_severe	DLX4	0.047619047619047616	0.024540295032130295	21	1	1	0	0.31850170148084
AF_inner	mild_vs_severe	NR1I2	0.006993006993006993	0.1564526739162512	143	1	1	0	1.0
AF_inner	mild_vs_severe	NR1H3	0.0	1.0	71	0	0	0	1.0
AF_inner	mild_vs_severe	MITF	0.0	1.0	60	0	0	0	1.0
AF_inner	mild_vs_severe	NCOA1	0.0	1.0	48	0	0	0	1.0
AF_inner	mild_vs_severe	NCOR1	0.0	1.0	57	0	0	0	1.0
AF_inner	mild_vs_severe	FOSL1	0.0	1.0	34	0	0	0	1.0
AF_inner	mild_vs_severe	JUNB	0.0	1.0	54	0	0	0	1.0
AF_inner	mild_vs_severe	DNMT1	0.0	1.0	113	0	0	0	1.0
AF_inner	mild_vs_severe	KLF5	0.0196078431372549	0.058634598198669674	51	1	1	0	0.5109586414455499
AF_inner	mild_vs_severe	NR3C2	0.0	1.0	34	0	0	0	1.0
AF_inner	mild_vs_severe	MYRF	0.0	1.0	5	0	0	0	1.0
AF_inner	mild_vs_severe	EBF1	0.0	1.0	9	0	0	0	1.0
AF_inner	mild_vs_severe	CREBBP	0.0	1.0	25	0	0	0	1.0
AF_inner	mild_vs_severe	ZFPM1	0.0	1.0	8	0	0	0	1.0
AF_inner	mild_vs_severe	APEX1	0.0	1.0	26	0	0	0	1.0
AF_inner	mild_vs_severe	TFAM	0.0	1.0	11	0	0	0	1.0
AF_inner	mild_vs_severe	IRF4	0.0	1.0	28	0	0	0	1.0
AF_inner	mild_vs_severe	ZBED1	0.0	1.0	16	0	0	0	1.0
AF_inner	mild_vs_severe	NCOA2	0.0	1.0	37	0	0	0	1.0
AF_inner	mild_vs_severe	FOXA1	0.07142857142857142	0.0004786601206129974	28	2	2	0	0.0208559052552806
AF_inner	mild_vs_severe	NR4A2	0.0	1.0	28	0	0	0	1.0
AF_inner	mild_vs_severe	KLF1	0.0	1.0	15	0	0	0	1.0
AF_inner	mild_vs_severe	LHX3	0.0	1.0	5	0	0	0	1.0
AF_inner	mild_vs_severe	CTCF	0.0	1.0	89	0	0	0	1.0
AF_inner	mild_vs_severe	BCL6	0.02040816326530612	0.05639632733811935	49	1	1	0	0.5109586414455499
AF_inner	mild_vs_severe	RB1	0.0	1.0	30	0	0	0	1.0
AF_inner	mild_vs_severe	TFCP2	0.0	1.0	37	0	0	0	1.0
AF_inner	mild_vs_severe	REST	0.0	1.0	19	0	0	0	1.0
AF_inner	mild_vs_severe	ESRRA	0.0	1.0	26	0	0	0	1.0
AF_inner	mild_vs_severe	HOXD3	0.0	1.0	5	0	0	0	1.0
AF_inner	mild_vs_severe	IRF9	0.0	1.0	13	0	0	0	1.0
AF_inner	mild_vs_severe	TFE3	0.0	1.0	27	0	0	0	1.0
AF_inner	mild_vs_severe	ZNF236	0.0	1.0	6	0	0	0	1.0
AF_inner	mild_vs_severe	TFAP2C	-0.06666666666666667	0.017586127529442063	15	1	0	1	0.2753001521777047
AF_inner	mild_vs_severe	PAX8	0.0	1.0	15	0	0	0	1.0
AF_inner	mild_vs_severe	NKX2-1	0.03571428571428571	0.032596047807415325	28	1	1	0	0.3898742973043794
AF_inner	mild_vs_severe	PBX1	0.0	1.0	24	0	0	0	1.0
AF_inner	mild_vs_severe	SP4	0.0	1.0	32	0	0	0	1.0
AF_inner	mild_vs_severe	CIITA	0.0	1.0	20	0	0	0	1.0
AF_inner	mild_vs_severe	CDX2	0.0	1.0	30	0	0	0	1.0
AF_inner	mild_vs_severe	ELF3	0.0	1.0	15	0	0	0	1.0
AF_inner	mild_vs_severe	ZEB1	0.0	1.0	31	0	0	0	1.0
AF_inner	mild_vs_severe	EGR3	0.0	1.0	17	0	0	0	1.0
AF_inner	mild_vs_severe	EWSR1	0.0	1.0	44	0	0	0	1.0
AF_inner	mild_vs_severe	NAB2	0.0	1.0	6	0	0	0	1.0
AF_inner	mild_vs_severe	DEAF1	0.0	1.0	7	0	0	0	1.0
AF_inner	mild_vs_severe	TBPL1	0.0	1.0	25	0	0	0	1.0
AF_inner	mild_vs_severe	MEF2C	0.0	1.0	31	0	0	0	1.0
AF_inner	mild_vs_severe	POU4F2	0.0	1.0	15	0	0	0	1.0
AF_inner	mild_vs_severe	TAL1	0.0	1.0	60	0	0	0	1.0
AF_inner	mild_vs_severe	EPAS1	0.017241379310344827	0.06643000932588326	58	1	1	0	0.5262637102440103
AF_inner	mild_vs_severe	SMARCA1	0.0	1.0	32	0	0	0	1.0
AF_inner	mild_vs_severe	NFATC4	0.0	1.0	26	0	0	0	1.0
AF_inner	mild_vs_severe	FOXM1	0.017241379310344827	0.06643000932588326	58	1	1	0	0.5262637102440103
AF_inner	mild_vs_severe	MYF5	0.0	1.0	12	0	0	0	1.0
AF_inner	mild_vs_severe	MYOG	0.0	1.0	29	0	0	0	1.0
AF_inner	mild_vs_severe	SMAD7	0.0	1.0	43	0	0	0	1.0
AF_inner	mild_vs_severe	SOX10	0.0	1.0	14	0	0	0	1.0
AF_inner	mild_vs_severe	POU3F1	0.0	1.0	5	0	0	0	1.0
AF_inner	mild_vs_severe	NKRF	0.0	1.0	7	0	0	0	1.0
AF_inner	mild_vs_severe	ATF6	0.0	1.0	39	0	0	0	1.0
AF_inner	mild_vs_severe	NKX6-1	0.0	1.0	6	0	0	0	1.0
AF_inner	mild_vs_severe	ERG	-0.029411764705882353	0.03945205379945366	34	1	0	1	0.4222061897836269
AF_inner	mild_vs_severe	PITX3	0.0	1.0	8	0	0	0	1.0
AF_inner	mild_vs_severe	HOXB2	0.0	1.0	5	0	0	0	1.0
AF_inner	mild_vs_severe	SATB1	-0.043478260869565216	0.026848234198366062	23	1	0	1	0.33423311961231217
AF_inner	mild_vs_severe	NFKB2	0.0	1.0	41	0	0	0	1.0
AF_inner	mild_vs_severe	RORA	-0.029411764705882353	0.03945205379945366	34	1	0	1	0.4222061897836269
AF_inner	mild_vs_severe	PROX1	0.0	1.0	14	0	0	0	1.0
AF_inner	mild_vs_severe	PEG3	0.0	1.0	6	0	0	0	1.0
AF_inner	mild_vs_severe	NR2E3	0.0	1.0	6	0	0	0	1.0
AF_inner	mild_vs_severe	NCOR2	0.0	1.0	40	0	0	0	1.0
AF_inner	mild_vs_severe	NCOA3	0.0	1.0	49	0	0	0	1.0
AF_inner	mild_vs_severe	ZFHX3	0.0	1.0	5	0	0	0	1.0
AF_inner	mild_vs_severe	SMAD1	0.022727272727272728	0.050779140197931526	44	1	1	0	0.48398868001153483
AF_inner	mild_vs_severe	SPDEF	0.0	1.0	8	0	0	0	1.0
AF_inner	mild_vs_severe	PAX2	0.0	1.0	9	0	0	0	1.0
AF_inner	mild_vs_severe	KLF13	0.0	1.0	9	0	0	0	1.0
AF_inner	mild_vs_severe	MAFB	0.0	1.0	27	0	0	0	1.0
AF_inner	mild_vs_severe	ELK3	0.0	1.0	18	0	0	0	1.0
AF_inner	mild_vs_severe	KLF6	0.02702702702702703	0.0428632116077971	37	1	1	0	0.4431620183179023
AF_inner	mild_vs_severe	SNAI1	0.0	1.0	66	0	0	0	1.0
AF_inner	mild_vs_severe	HESX1	0.0	1.0	13	0	0	0	1.0
AF_inner	mild_vs_severe	BACH2	0.0	1.0	5	0	0	0	1.0
AF_inner	mild_vs_severe	PATZ1	0.0	1.0	8	0	0	0	1.0
AF_inner	mild_vs_severe	ZHX2	0.0	1.0	7	0	0	0	1.0
AF_inner	mild_vs_severe	ONECUT1	0.09090909090909091	0.012924622624376991	11	1	1	0	0.24870572953072467
AF_inner	mild_vs_severe	RXRA	0.020833333333333332	0.05527535066402595	48	1	1	0	0.5108782409856945
AF_inner	mild_vs_severe	NR1H2	0.0	1.0	29	0	0	0	1.0
AF_inner	mild_vs_severe	KAT5	-0.02631578947368421	0.04399777696287128	38	1	0	1	0.44731073245585795
AF_inner	mild_vs_severe	YBX3	0.0	1.0	21	0	0	0	1.0
AF_inner	mild_vs_severe	SMAD6	0.0	1.0	17	0	0	0	1.0
AF_inner	mild_vs_severe	MYBL1	0.0	1.0	9	0	0	0	1.0
AF_inner	mild_vs_severe	CDX1	0.0	1.0	18	0	0	0	1.0
AF_inner	mild_vs_severe	TFDP1	0.0	1.0	29	0	0	0	1.0
AF_inner	mild_vs_severe	KMT2A	0.0	1.0	54	0	0	0	1.0
AF_inner	mild_vs_severe	GATA2	0.0	1.0	38	0	0	0	1.0
AF_inner	mild_vs_severe	PRDM1	0.0	1.0	32	0	0	0	1.0
AF_inner	mild_vs_severe	MXD1	0.0	1.0	16	0	0	0	1.0
AF_inner	mild_vs_severe	CLOCK	0.022222222222222223	0.051905040852806256	45	1	1	0	0.48710884492633566
AF_inner	mild_vs_severe	BHLHE40	0.0	1.0	25	0	0	0	1.0
AF_inner	mild_vs_severe	SRY	0.05263157894736842	0.02222730429067592	19	1	1	0	0.30815126402982523
AF_inner	mild_vs_severe	MAF	0.0	1.0	27	0	0	0	1.0
AF_inner	mild_vs_severe	AIRE	0.0	1.0	10	0	0	0	1.0
AF_inner	mild_vs_severe	ZGPAT	0.0	1.0	5	0	0	0	1.0
AF_inner	mild_vs_severe	ETV1	0.0	1.0	13	0	0	0	1.0
AF_inner	mild_vs_severe	KLF4	0.013888888888888888	0.08184237233481795	72	1	1	0	0.5873393779322229
AF_inner	mild_vs_severe	EGR2	0.0	1.0	44	0	0	0	1.0
AF_inner	mild_vs_severe	NEUROG3	0.0	1.0	11	0	0	0	1.0
AF_inner	mild_vs_severe	CXXC1	0.0	1.0	11	0	0	0	1.0
AF_inner	mild_vs_severe	TBX21	0.0	1.0	17	0	0	0	1.0
AF_inner	mild_vs_severe	HOXA10	0.0	1.0	29	0	0	0	1.0
AF_inner	mild_vs_severe	LMX1B	0.0	1.0	12	0	0	0	1.0
AF_inner	mild_vs_severe	TBX2	0.0	1.0	20	0	0	0	1.0
AF_inner	mild_vs_severe	ZNF699	0.0	1.0	29	0	0	0	1.0
AF_inner	mild_vs_severe	RFX5	0.0	1.0	13	0	0	0	1.0
AF_inner	mild_vs_severe	RFXANK	0.0	1.0	8	0	0	0	1.0
AF_inner	mild_vs_severe	RFXAP	0.0	1.0	7	0	0	0	1.0
AF_inner	mild_vs_severe	BARX2	0.0	1.0	10	0	0	0	1.0
AF_inner	mild_vs_severe	FOXO4	0.05	0.023384431741219493	20	1	1	0	0.31009789917704106
AF_inner	mild_vs_severe	DLX5	0.0	1.0	20	0	0	0	1.0
AF_inner	mild_vs_severe	ID4	0.0	1.0	9	0	0	0	1.0
AF_inner	mild_vs_severe	SPIB	0.0	1.0	9	0	0	0	1.0
AF_inner	mild_vs_severe	FOXN1	0.0	1.0	30	0	0	0	1.0
AF_inner	mild_vs_severe	TBX5	0.0	1.0	11	0	0	0	1.0
AF_inner	mild_vs_severe	TLX1	0.0	1.0	6	0	0	0	1.0
AF_inner	mild_vs_severe	HIVEP1	0.0	1.0	7	0	0	0	1.0
AF_inner	mild_vs_severe	SMAD2	0.0	1.0	55	0	0	0	1.0
AF_inner	mild_vs_severe	NKX3-1	0.0	1.0	49	0	0	0	1.0
AF_inner	mild_vs_severe	HAND2	0.0	1.0	16	0	0	0	1.0
AF_inner	mild_vs_severe	PAX7	0.0	1.0	9	0	0	0	1.0
AF_inner	mild_vs_severe	SFPQ	0.0	1.0	19	0	0	0	1.0
AF_inner	mild_vs_severe	BMAL1	0.0	1.0	44	0	0	0	1.0
AF_inner	mild_vs_severe	SKIL	0.0	1.0	14	0	0	0	1.0
AF_inner	mild_vs_severe	TBXT	0.0	1.0	6	0	0	0	1.0
AF_inner	mild_vs_severe	MSX2	0.0	1.0	21	0	0	0	1.0
AF_inner	mild_vs_severe	MZF1	0.0	1.0	14	0	0	0	1.0
AF_inner	mild_vs_severe	HOXA5	0.0	1.0	9	0	0	0	1.0
AF_inner	mild_vs_severe	HOXB4	0.0	1.0	5	0	0	0	1.0
AF_inner	mild_vs_severe	CREB3	0.0	1.0	8	0	0	0	1.0
AF_inner	mild_vs_severe	NFE2	0.0	1.0	9	0	0	0	1.0
AF_inner	mild_vs_severe	ZNF76	0.0	1.0	6	0	0	0	1.0
AF_inner	mild_vs_severe	FOXQ1	0.0	1.0	9	0	0	0	1.0
AF_inner	mild_vs_severe	ZGLP1	0.0	1.0	8	0	0	0	1.0
AF_inner	mild_vs_severe	NFYB	0.07142857142857142	0.0004786601206129974	28	2	2	0	0.0208559052552806
AF_inner	mild_vs_severe	ETV3	0.0	1.0	10	0	0	0	1.0
AF_inner	mild_vs_severe	GSC	0.0	1.0	5	0	0	0	1.0
AF_inner	mild_vs_severe	IRF7	0.0	1.0	8	0	0	0	1.0
AF_inner	mild_vs_severe	NFATC3	0.0	1.0	17	0	0	0	1.0
AF_inner	mild_vs_severe	KDM5A	0.0	1.0	13	0	0	0	1.0
AF_inner	mild_vs_severe	GRHL3	0.0	1.0	14	0	0	0	1.0
AF_inner	mild_vs_severe	THRA	0.0	1.0	40	0	0	0	1.0
AF_inner	mild_vs_severe	SOX17	0.0	1.0	24	0	0	0	1.0
AF_inner	mild_vs_severe	TBX15	0.0	1.0	18	0	0	0	1.0
AF_inner	mild_vs_severe	NFAT5	0.06060606060606061	0.0006663802757313387	33	2	2	0	0.027099464546407773
AF_inner	mild_vs_severe	BMAL2	0.0	1.0	6	0	0	0	1.0
AF_inner	mild_vs_severe	NFE2L2	0.0070921985815602835	0.1544299659338969	141	1	1	0	1.0
AF_inner	mild_vs_severe	ZIC1	0.0	1.0	9	0	0	0	1.0
AF_inner	mild_vs_severe	MEIS1	0.0	1.0	9	0	0	0	1.0
AF_inner	mild_vs_severe	HOXA9	0.0	1.0	27	0	0	0	1.0
AF_inner	mild_vs_severe	MAFA	0.0	1.0	10	0	0	0	1.0
AF_inner	mild_vs_severe	NR1D1	0.0	1.0	13	0	0	0	1.0
AF_inner	mild_vs_severe	MYF6	0.0	1.0	6	0	0	0	1.0
AF_inner	mild_vs_severe	ZNF263	0.0	1.0	5	0	0	0	1.0
AF_inner	mild_vs_severe	NFIA	0.0	1.0	30	0	0	0	1.0
AF_inner	mild_vs_severe	HEY2	0.0	1.0	10	0	0	0	1.0
AF_inner	mild_vs_severe	HOXB7	0.0	1.0	11	0	0	0	1.0
AF_inner	mild_vs_severe	ZNF350	0.0	1.0	9	0	0	0	1.0
AF_inner	mild_vs_severe	BCL11A	0.0	1.0	7	0	0	0	1.0
AF_inner	mild_vs_severe	TWIST1	0.0196078431372549	0.058634598198669674	51	1	1	0	0.5109586414455499
AF_inner	mild_vs_severe	ZNF395	0.0	1.0	5	0	0	0	1.0
AF_inner	mild_vs_severe	TFDP2	0.0	1.0	5	0	0	0	1.0
AF_inner	mild_vs_severe	GTF3A	0.0	1.0	15	0	0	0	1.0
AF_inner	mild_vs_severe	KLF10	0.0	1.0	17	0	0	0	1.0
AF_inner	mild_vs_severe	KLF2	0.0	1.0	32	0	0	0	1.0
AF_inner	mild_vs_severe	PHF20	0.0	1.0	7	0	0	0	1.0
AF_inner	mild_vs_severe	TGIF1	0.0	1.0	8	0	0	0	1.0
AF_inner	mild_vs_severe	FOXG1	0.0	1.0	12	0	0	0	1.0
AF_inner	mild_vs_severe	SF1	0.0	1.0	5	0	0	0	1.0
AF_inner	mild_vs_severe	MBD2	0.017857142857142856	0.06420885163636916	56	1	1	0	0.5262637102440103
AF_inner	mild_vs_severe	FOXF2	0.0	1.0	8	0	0	0	1.0
AF_inner	mild_vs_severe	HEY1	0.0	1.0	20	0	0	0	1.0
AF_inner	mild_vs_severe	ZBTB17	0.0	1.0	36	0	0	0	1.0
AF_inner	mild_vs_severe	IRF5	0.0	1.0	11	0	0	0	1.0
AF_inner	mild_vs_severe	THRB	0.0	1.0	29	0	0	0	1.0
AF_inner	mild_vs_severe	POU3F2	0.0	1.0	13	0	0	0	1.0
AF_inner	mild_vs_severe	FOXI1	0.0	1.0	5	0	0	0	1.0
AF_inner	mild_vs_severe	KCNIP3	0.0	1.0	8	0	0	0	1.0
AF_inner	mild_vs_severe	FOSB	0.0	1.0	19	0	0	0	1.0
AF_inner	mild_vs_severe	NFE2L1	0.0	1.0	7	0	0	0	1.0
AF_inner	mild_vs_severe	TRERF1	0.0	1.0	5	0	0	0	1.0
AF_inner	mild_vs_severe	FOXP1	0.0	1.0	11	0	0	0	1.0
AF_inner	mild_vs_severe	FOXP2	0.0	1.0	5	0	0	0	1.0
AF_inner	mild_vs_severe	BARX1	0.0	1.0	7	0	0	0	1.0
AF_inner	mild_vs_severe	ZFPM2	0.0	1.0	7	0	0	0	1.0
AF_inner	mild_vs_severe	IKZF1	0.0	1.0	13	0	0	0	1.0
AF_inner	mild_vs_severe	BCL3	0.0	1.0	18	0	0	0	1.0
AF_inner	mild_vs_severe	SP2	0.0	1.0	15	0	0	0	1.0
AF_inner	mild_vs_severe	SIM2	0.0	1.0	8	0	0	0	1.0
AF_inner	mild_vs_severe	NFATC1	0.015873015873015872	0.07196163006084325	63	1	1	0	0.5556530928748656
AF_inner	mild_vs_severe	POU2F3	0.0	1.0	5	0	0	0	1.0
AF_inner	mild_vs_severe	HOXA7	0.0	1.0	10	0	0	0	1.0
AF_inner	mild_vs_severe	NPAS2	0.0	1.0	6	0	0	0	1.0
AF_inner	mild_vs_severe	DLX2	0.0	1.0	10	0	0	0	1.0
AF_inner	mild_vs_severe	PRRX1	0.0	1.0	5	0	0	0	1.0
AF_inner	mild_vs_severe	VEZF1	0.0	1.0	6	0	0	0	1.0
AF_inner	mild_vs_severe	CTBP2	0.0	1.0	9	0	0	0	1.0
AF_inner	mild_vs_severe	SOX6	0.0	1.0	14	0	0	0	1.0
AF_inner	mild_vs_severe	HIPK2	0.0	1.0	7	0	0	0	1.0
AF_inner	mild_vs_severe	RORC	0.0	1.0	5	0	0	0	1.0
AF_inner	mild_vs_severe	PPARD	0.01694915254237288	0.0675387622839285	59	1	1	0	0.5281877563230305
AF_inner	mild_vs_severe	MECOM	0.0	1.0	12	0	0	0	1.0
AF_inner	mild_vs_severe	SIRT1	0.0	0.0008842934700521027	38	2	1	1	0.03156655742318764
AF_inner	mild_vs_severe	ZBTB7B	0.0	1.0	11	0	0	0	1.0
AF_inner	mild_vs_severe	ZBTB7A	0.0	1.0	29	0	0	0	1.0
AF_inner	mild_vs_severe	NR6A1	0.0	1.0	5	0	0	0	1.0
AF_inner	mild_vs_severe	STAT2	0.0	1.0	29	0	0	0	1.0
AF_inner	mild_vs_severe	ESRRG	0.0	1.0	14	0	0	0	1.0
AF_inner	mild_vs_severe	PRDM2	0.0	1.0	7	0	0	0	1.0
AF_inner	mild_vs_severe	PURA	0.0	1.0	13	0	0	0	1.0
AF_inner	mild_vs_severe	NEUROD6	0.0	1.0	8	0	0	0	1.0
AF_inner	mild_vs_severe	NEUROG2	0.0	1.0	8	0	0	0	1.0
AF_inner	mild_vs_severe	HMGB2	0.0	1.0	5	0	0	0	1.0
AF_inner	mild_vs_severe	DLX3	0.0	1.0	10	0	0	0	1.0
AF_inner	mild_vs_severe	TWIST2	0.043478260869565216	0.026848234198366062	23	1	1	0	0.33423311961231217
AF_inner	mild_vs_severe	TFAP4	0.0	1.0	23	0	0	0	1.0
AF_inner	mild_vs_severe	KAT6B	0.0	1.0	6	0	0	0	1.0
AF_inner	mild_vs_severe	SALL3	0.0	1.0	5	0	0	0	1.0
AF_inner	mild_vs_severe	MXI1	0.0	1.0	8	0	0	0	1.0
AF_inner	mild_vs_severe	E2F5	0.0	1.0	9	0	0	0	1.0
AF_inner	mild_vs_severe	E2F2	0.0	1.0	43	0	0	0	1.0
AF_inner	mild_vs_severe	FOXD3	0.0	1.0	8	0	0	0	1.0
AF_inner	mild_vs_severe	POU5F1	0.0	1.0	40	0	0	0	1.0
AF_inner	mild_vs_severe	PLAGL1	0.0	1.0	14	0	0	0	1.0
AF_inner	mild_vs_severe	SNAI2	0.0	1.0	26	0	0	0	1.0
AF_inner	mild_vs_severe	NOTCH1	0.0	1.0	39	0	0	0	1.0
AF_inner	mild_vs_severe	FOXC2	0.0	1.0	11	0	0	0	1.0
AF_inner	mild_vs_severe	FOXD1	0.0	1.0	5	0	0	0	1.0
AF_inner	mild_vs_severe	KLF9	0.0	1.0	16	0	0	0	1.0
AF_inner	mild_vs_severe	TBPL2	0.0	1.0	8	0	0	0	1.0
AF_inner	mild_vs_severe	NFIL3	0.0	1.0	15	0	0	0	1.0
AF_inner	mild_vs_severe	ZNF384	0.0	1.0	9	0	0	0	1.0
AF_inner	mild_vs_severe	HOXA11	0.0	1.0	5	0	0	0	1.0
AF_inner	mild_vs_severe	MEF2D	0.0	1.0	17	0	0	0	1.0
AF_inner	mild_vs_severe	SMAD5	0.0	1.0	26	0	0	0	1.0
AF_inner	mild_vs_severe	MLXIPL	0.0	1.0	10	0	0	0	1.0
AF_inner	mild_vs_severe	ZBTB33	0.0	1.0	7	0	0	0	1.0
AF_inner	mild_vs_severe	KLF15	0.0	1.0	12	0	0	0	1.0
AF_inner	mild_vs_severe	DNMT3A	0.0	1.0	39	0	0	0	1.0
AF_inner	mild_vs_severe	DNMT3B	0.0	1.0	51	0	0	0	1.0
AF_inner	mild_vs_severe	OLIG2	0.0	1.0	10	0	0	0	1.0
AF_inner	mild_vs_severe	MAFG	0.0	1.0	9	0	0	0	1.0
AF_inner	mild_vs_severe	TEF	0.0	1.0	8	0	0	0	1.0
AF_inner	mild_vs_severe	HOXD13	0.0	1.0	8	0	0	0	1.0
AF_inner	mild_vs_severe	ZKSCAN7	0.0	1.0	7	0	0	0	1.0
AF_inner	mild_vs_severe	BACH1	0.0	1.0	12	0	0	0	1.0
AF_inner	mild_vs_severe	TEAD4	0.0	1.0	7	0	0	0	1.0
AF_inner	mild_vs_severe	GCM1	0.0	1.0	5	0	0	0	1.0
AF_inner	mild_vs_severe	BHLHE41	0.0	1.0	17	0	0	0	1.0
AF_inner	mild_vs_severe	MTA1	0.02564102564102564	0.04513110077278216	39	1	1	0	0.45131100772782157
AF_inner	mild_vs_severe	EHF	0.0	1.0	7	0	0	0	1.0
AF_inner	mild_vs_severe	TCF7L2	0.0	1.0	73	0	0	0	1.0
AF_inner	mild_vs_severe	VSX2	0.0	1.0	13	0	0	0	1.0
AF_inner	mild_vs_severe	TSC22D1	0.0	1.0	7	0	0	0	1.0
AF_inner	mild_vs_severe	SOX5	0.0	1.0	9	0	0	0	1.0
AF_inner	mild_vs_severe	SOX2	0.0	1.0	34	0	0	0	1.0
AF_inner	mild_vs_severe	NKX3-2	0.0	1.0	6	0	0	0	1.0
AF_inner	mild_vs_severe	PAX9	0.0	1.0	6	0	0	0	1.0
AF_inner	mild_vs_severe	TCF21	0.0	1.0	6	0	0	0	1.0
AF_inner	mild_vs_severe	HIC1	0.0	1.0	17	0	0	0	1.0
AF_inner	mild_vs_severe	ZEB2	0.0	1.0	17	0	0	0	1.0
AF_inner	mild_vs_severe	NONO	0.0	1.0	10	0	0	0	1.0
AF_inner	mild_vs_severe	CEBPZ	0.07692307692307693	0.015257921187105866	13	1	1	0	0.25853699789262713
AF_inner	mild_vs_severe	SIX1	0.0	1.0	7	0	0	0	1.0
AF_inner	mild_vs_severe	NFIX	0.0	1.0	15	0	0	0	1.0
AF_inner	mild_vs_severe	MNT	0.0	1.0	8	0	0	0	1.0
AF_inner	mild_vs_severe	HOXA1	0.0	1.0	14	0	0	0	1.0
AF_inner	mild_vs_severe	BCL11B	0.0	1.0	18	0	0	0	1.0
AF_inner	mild_vs_severe	RXRB	0.14285714285714285	0.00824270798859494	7	1	1	0	0.1733810990704453
AF_inner	mild_vs_severe	E2F6	0.0	1.0	33	0	0	0	1.0
AF_inner	mild_vs_severe	HOXA13	0.0	1.0	6	0	0	0	1.0
AF_inner	mild_vs_severe	KAT6A	0.0	1.0	11	0	0	0	1.0
AF_inner	mild_vs_severe	GFI1	0.0	1.0	31	0	0	0	1.0
AF_inner	mild_vs_severe	RUNX3	0.0	1.0	44	0	0	0	1.0
AF_inner	mild_vs_severe	GLI1	0.008849557522123894	0.1256378937251413	113	1	1	0	0.8330338605688716
AF_inner	mild_vs_severe	KLF8	0.0	1.0	14	0	0	0	1.0
AF_inner	mild_vs_severe	HIF3A	0.0	1.0	5	0	0	0	1.0
AF_inner	mild_vs_severe	MEOX2	0.0	1.0	6	0	0	0	1.0
AF_inner	mild_vs_severe	JARID2	0.0	1.0	10	0	0	0	1.0
AF_inner	mild_vs_severe	NFYC	0.11764705882352941	0.00017348369983889936	17	2	2	0	0.011393900577785405
AF_inner	mild_vs_severe	GFI1B	0.0	1.0	9	0	0	0	1.0
AF_inner	mild_vs_severe	ASCL2	0.0	1.0	5	0	0	0	1.0
AF_inner	mild_vs_severe	MSC	0.0	1.0	13	0	0	0	1.0
AF_inner	mild_vs_severe	HOXB9	0.0	1.0	5	0	0	0	1.0
AF_inner	mild_vs_severe	HLX	0.0	1.0	12	0	0	0	1.0
AF_inner	mild_vs_severe	RCOR2	0.0	1.0	11	0	0	0	1.0
AF_inner	mild_vs_severe	NKX2-2	0.0	1.0	9	0	0	0	1.0
AF_inner	mild_vs_severe	ARID4A	0.0	1.0	6	0	0	0	1.0
AF_inner	mild_vs_severe	HINFP	0.0	1.0	9	0	0	0	1.0
AF_inner	mild_vs_severe	SMARCC1	0.0	1.0	6	0	0	0	1.0
AF_inner	mild_vs_severe	KAT2B	0.0	1.0	12	0	0	0	1.0
AF_inner	mild_vs_severe	HDGF	0.0	1.0	5	0	0	0	1.0
AF_inner	mild_vs_severe	EP300	0.0	1.0	41	0	0	0	1.0
AF_inner	mild_vs_severe	TRPS1	0.0	1.0	12	0	0	0	1.0
AF_inner	mild_vs_severe	CTNNB1	0.0	1.0	197	0	0	0	1.0
AF_inner	mild_vs_severe	PML	0.0	1.0	15	0	0	0	1.0
AF_inner	mild_vs_severe	KLF7	0.0	1.0	8	0	0	0	1.0
AF_inner	mild_vs_severe	PROP1	0.0	1.0	6	0	0	0	1.0
AF_inner	mild_vs_severe	LMO2	0.0	1.0	17	0	0	0	1.0
AF_inner	mild_vs_severe	MEOX1	0.0	1.0	6	0	0	0	1.0
AF_inner	mild_vs_severe	FOXL2	0.07692307692307693	0.015257921187105866	13	1	1	0	0.25853699789262713
AF_inner	mild_vs_severe	HTATIP2	0.0	1.0	11	0	0	0	1.0
AF_inner	mild_vs_severe	EZH2	0.0	1.0	96	0	0	0	1.0
AF_inner	mild_vs_severe	GLI2	0.0	1.0	101	0	0	0	1.0
AF_inner	mild_vs_severe	TCF7	0.0	1.0	12	0	0	0	1.0
AF_inner	mild_vs_severe	FOXC1	0.0	1.0	9	0	0	0	1.0
AF_inner	mild_vs_severe	HOXB13	0.0	1.0	8	0	0	0	1.0
AF_inner	mild_vs_severe	ABL1	0.0	1.0	10	0	0	0	1.0
AF_inner	mild_vs_severe	TBX3	0.0	1.0	11	0	0	0	1.0
AF_inner	mild_vs_severe	TET1	0.0	1.0	9	0	0	0	1.0
AF_inner	mild_vs_severe	FOXH1	0.0	1.0	7	0	0	0	1.0
AF_inner	mild_vs_severe	FOXP3	0.0	1.0	27	0	0	0	1.0
AF_inner	mild_vs_severe	CREB3L1	0.0	1.0	7	0	0	0	1.0
AF_inner	mild_vs_severe	TFDP3	0.0	1.0	5	0	0	0	1.0
AF_inner	mild_vs_severe	SP7	0.0	1.0	23	0	0	0	1.0
AF_inner	mild_vs_severe	OVOL1	0.0	1.0	8	0	0	0	1.0
AF_inner	mild_vs_severe	ZNF436	0.0	1.0	5	0	0	0	1.0
AF_inner	mild_vs_severe	SCX	0.0	1.0	7	0	0	0	1.0
AF_inner	mild_vs_severe	NANOG	0.0	1.0	30	0	0	0	1.0
AF_inner	mild_vs_severe	ARX	0.0	1.0	13	0	0	0	1.0
AF_inner	mild_vs_severe	VHL	0.0	1.0	19	0	0	0	1.0
AF_inner	mild_vs_severe	SOX4	0.0	1.0	18	0	0	0	1.0
AF_inner	mild_vs_severe	ATF5	0.0	1.0	21	0	0	0	1.0
AF_inner	mild_vs_severe	CTCFL	0.0	1.0	6	0	0	0	1.0
AF_inner	mild_vs_severe	SP6	0.0	1.0	5	0	0	0	1.0
AF_inner	mild_vs_severe	SMARCA5	0.0	1.0	8	0	0	0	1.0
AF_inner	mild_vs_severe	EOMES	0.0	1.0	8	0	0	0	1.0
AF_inner	mild_vs_severe	ESRRB	0.0	1.0	5	0	0	0	1.0
AF_inner	mild_vs_severe	ZXDC	0.0	1.0	5	0	0	0	1.0
AF_inner	mild_vs_severe	NR2E1	0.0	1.0	10	0	0	0	1.0
AF_inner	mild_vs_severe	ZFP42	0.0	1.0	12	0	0	0	1.0
AF_inner	mild_vs_severe	KMT2B	0.0	1.0	11	0	0	0	1.0
AF_inner	mild_vs_severe	NFIB	0.0	1.0	13	0	0	0	1.0
AF_inner	mild_vs_severe	EN1	0.0	1.0	5	0	0	0	1.0
AF_inner	mild_vs_severe	MTA3	0.0	1.0	9	0	0	0	1.0
AF_inner	mild_vs_severe	TBX18	0.0	1.0	7	0	0	0	1.0
AF_inner	mild_vs_severe	EGR4	0.0	1.0	8	0	0	0	1.0
AF_inner	mild_vs_severe	HSF4	0.0	1.0	8	0	0	0	1.0
AF_inner	mild_vs_severe	BCLAF1	0.0	1.0	5	0	0	0	1.0
AF_inner	mild_vs_severe	KDM5C	0.0	1.0	10	0	0	0	1.0
AF_inner	mild_vs_severe	FOSL2	0.0	1.0	22	0	0	0	1.0
AF_inner	mild_vs_severe	MED1	0.0	1.0	9	0	0	0	1.0
AF_inner	mild_vs_severe	LYL1	0.0	1.0	12	0	0	0	1.0
AF_inner	mild_vs_severe	HOXD1	0.0	1.0	5	0	0	0	1.0
AF_inner	mild_vs_severe	SALL4	0.0	1.0	5	0	0	0	1.0
AF_inner	mild_vs_severe	KDM5B	0.0	1.0	20	0	0	0	1.0
AF_inner	mild_vs_severe	TADA2A	0.0	1.0	6	0	0	0	1.0
AF_inner	mild_vs_severe	SATB2	0.0	1.0	17	0	0	0	1.0
AF_inner	mild_vs_severe	NSD2	0.0	1.0	6	0	0	0	1.0
AF_inner	mild_vs_severe	PBRM1	0.0	1.0	7	0	0	0	1.0
AF_inner	mild_vs_severe	ZBTB4	0.0	1.0	12	0	0	0	1.0
AF_inner	mild_vs_severe	THAP11	0.0	1.0	6	0	0	0	1.0
AF_inner	mild_vs_severe	FOXJ1	0.0	1.0	8	0	0	0	1.0
AF_inner	mild_vs_severe	PPARGC1A	0.05555555555555555	0.021068911413229346	18	1	1	0	0.29888455725743956
AF_inner	mild_vs_severe	BATF	0.0	1.0	7	0	0	0	1.0
AF_inner	mild_vs_severe	ARID3B	0.0	1.0	5	0	0	0	1.0
AF_inner	mild_vs_severe	ZNF300	0.0	1.0	5	0	0	0	1.0
AF_inner	mild_vs_severe	NUPR1	0.0	1.0	6	0	0	0	1.0
AF_inner	mild_vs_severe	ZNF331	0.0	1.0	17	0	0	0	1.0
AF_inner	mild_vs_severe	ZNF382	0.0	1.0	11	0	0	0	1.0
AF_inner	mild_vs_severe	HOXD8	0.0	1.0	5	0	0	0	1.0
AF_inner	mild_vs_severe	LHX8	0.0	1.0	7	0	0	0	1.0
AF_inner	mild_vs_severe	IRX1	0.0	1.0	11	0	0	0	1.0
AF_inner	mild_vs_severe	SOX11	0.0	1.0	7	0	0	0	1.0
AF_inner	mild_vs_severe	IRF6	0.0	1.0	10	0	0	0	1.0
AF_inner	mild_vs_severe	E2F7	0.0	1.0	5	0	0	0	1.0
AF_inner	mild_vs_severe	HEYL	0.0	1.0	5	0	0	0	1.0
AF_inner	mild_vs_severe	MECP2	0.0	1.0	16	0	0	0	1.0
AF_inner	mild_vs_severe	MAML1	0.0	1.0	5	0	0	0	1.0
AF_inner	mild_vs_severe	DOT1L	0.0	1.0	8	0	0	0	1.0
AF_inner	mild_vs_severe	ARID3A	0.0	1.0	6	0	0	0	1.0
AF_inner	mild_vs_severe	ARID1A	0.0	1.0	5	0	0	0	1.0
AF_inner	mild_vs_severe	ZBTB18	0.0	1.0	6	0	0	0	1.0
AF_inner	mild_vs_severe	TCF15	0.0	1.0	5	0	0	0	1.0
AF_inner	mild_vs_severe	NPM1	0.0	1.0	11	0	0	0	1.0
AF_inner	mild_vs_severe	SETBP1	0.0	1.0	5	0	0	0	1.0
AF_inner	mild_vs_severe	KDM2A	0.0	1.0	8	0	0	0	1.0
AF_inner	mild_vs_severe	MKX	0.0	1.0	6	0	0	0	1.0
AF_inner	mild_vs_severe	HDAC3	0.0	1.0	13	0	0	0	1.0
AF_inner	mild_vs_severe	BTG2	0.16666666666666666	0.00706903071994239	6	1	1	0	0.15841207767887175
AF_inner	mild_vs_severe	CREB5	0.0	1.0	9	0	0	0	1.0
AF_inner	mild_vs_severe	CTBP1	0.0	1.0	8	0	0	0	1.0
AF_inner	mild_vs_severe	HDAC1	0.017543859649122806	0.0653200395180578	57	1	1	0	0.5262637102440103
AF_inner	mild_vs_severe	HCFC1	0.0	1.0	7	0	0	0	1.0
AF_inner	mild_vs_severe	ETV7	0.0	1.0	8	0	0	0	1.0
AF_inner	mild_vs_severe	FHL2	0.0	1.0	6	0	0	0	1.0
AF_inner	mild_vs_severe	HDAC4	0.0	1.0	16	0	0	0	1.0
AF_inner	mild_vs_severe	HDAC7	0.0	1.0	10	0	0	0	1.0
AF_inner	mild_vs_severe	HDAC9	0.0	1.0	14	0	0	0	1.0
AF_inner	mild_vs_severe	ING4	0.0	1.0	14	0	0	0	1.0
AF_inner	mild_vs_severe	SIN3A	0.0	1.0	8	0	0	0	1.0
AF_inner	mild_vs_severe	SMARCA4	0.0	1.0	7	0	0	0	1.0
AF_inner	mild_vs_severe	WWTR1	0.0	1.0	8	0	0	0	1.0
AF_inner	mild_vs_severe	PIN1	0.0	1.0	5	0	0	0	1.0
AF_inner	mild_vs_severe	FGF2	0.0	1.0	6	0	0	0	1.0
AF_inner	mild_vs_severe	PARK7	0.16666666666666666	0.00706903071994239	6	1	1	0	0.15841207767887175
AF_inner	mild_vs_severe	YAP1	0.0	1.0	8	0	0	0	1.0
AF_inner	mild_vs_severe	BCOR	0.0	1.0	5	0	0	0	1.0
AF_inner	mild_vs_severe	BRD4	0.0	1.0	7	0	0	0	1.0
AF_inner	mild_vs_severe	SRSF2	0.0	1.0	12	0	0	0	1.0
AF_inner	mild_vs_severe	ZMYND8	0.0	1.0	6	0	0	0	1.0
AF_inner	mild_vs_severe	ARID4B	0.0	1.0	8	0	0	0	1.0
AF_inner	mild_vs_severe	AP1	0.01238390092879257	0.00042232712653093586	323	4	4	0	0.0208559052552806
AF_inner	mild_vs_severe	NFKB	0.008438818565400843	0.0017815200497957363	474	4	4	0	0.051748915732161865
AF_outer	healthy_vs_degenerated_all	MYC	-0.0029542097488921715	0.4685509886049456	677	4	1	3	1.0
AF_outer	healthy_vs_degenerated_all	SPI1	-0.011834319526627219	0.21803693864211407	169	2	0	2	0.8357753814947986
AF_outer	healthy_vs_degenerated_all	SMAD3	0.019417475728155338	0.09945838277725783	103	2	2	0	0.5617556805011784
AF_outer	healthy_vs_degenerated_all	SMAD4	-0.012987012987012988	0.3305391320984378	77	1	0	1	1.0
AF_outer	healthy_vs_degenerated_all	STAT5A	0.0	1.0	120	0	0	0	1.0
AF_outer	healthy_vs_degenerated_all	STAT5B	-0.046875	0.004390054831037212	64	3	0	3	0.22460212619762793
AF_outer	healthy_vs_degenerated_all	RELA	-0.015822784810126583	0.023445566396855844	316	5	0	5	0.39994871359813017
AF_outer	healthy_vs_degenerated_all	WT1	0.0	1.0	91	0	0	0	1.0
AF_outer	healthy_vs_degenerated_all	NR0B2	0.015625	0.2834699098709208	64	1	1	0	0.9660147766550933
AF_outer	healthy_vs_degenerated_all	SP1	-0.0025477707006369425	0.21921977219535702	785	6	2	4	0.8357753814947986
AF_outer	healthy_vs_degenerated_all	TP53	-0.002861230329041488	0.15182032804181328	699	6	2	4	0.7015939401932281
AF_outer	healthy_vs_degenerated_all	ZBTB16	0.02857142857142857	0.16644119566763685	35	1	1	0	0.7252080668375604
AF_outer	healthy_vs_degenerated_all	ETV6	0.0	1.0	15	0	0	0	1.0
AF_outer	healthy_vs_degenerated_all	RUNX1	0.017699115044247787	0.11603000239727321	113	2	2	0	0.6319491201994344
AF_outer	healthy_vs_degenerated_all	STAT1	0.0049504950495049506	0.08682577895259617	202	3	2	1	0.5447959660031492
AF_outer	healthy_vs_degenerated_all	STAT3	-0.003875968992248062	0.010580612957487804	258	5	2	3	0.3137978021847705
AF_outer	healthy_vs_degenerated_all	ETV4	-0.02564102564102564	0.1836351724968573	39	1	0	1	0.7672428439937189
AF_outer	healthy_vs_degenerated_all	MTF1	0.0	1.0	25	0	0	0	1.0
AF_outer	healthy_vs_degenerated_all	CREB1	0.0	0.045895754019457564	261	4	2	2	0.39994871359813017
AF_outer	healthy_vs_degenerated_all	FOXA2	0.023255813953488372	0.20048058169761557	43	1	1	0	0.7941113950360097
AF_outer	healthy_vs_degenerated_all	NFATC2	-0.043478260869565216	0.02358515348329762	46	2	0	2	0.39994871359813017
AF_outer	healthy_vs_degenerated_all	CEBPB	0.0	0.36911157076017764	248	2	1	1	1.0
AF_outer	healthy_vs_degenerated_all	FOS	-0.005235602094240838	0.07625239479894975	191	3	1	2	0.5111424266742786
AF_outer	healthy_vs_degenerated_all	PLAG1	0.14285714285714285	0.0357105010561148	7	1	1	0	0.39994871359813017
AF_outer	healthy_vs_degenerated_all	E2F1	-0.00398406374501992	0.732495417999379	251	1	0	1	1.0
AF_outer	healthy_vs_degenerated_all	E2F3	0.0	1.0	58	0	0	0	1.0
AF_outer	healthy_vs_degenerated_all	HBP1	0.0	1.0	28	0	0	0	1.0
AF_outer	healthy_vs_degenerated_all	YY1	-0.00641025641025641	0.5577789111318311	156	1	0	1	1.0
AF_outer	healthy_vs_degenerated_all	ESR1	0.0	0.5993679971192749	386	2	1	1	1.0
AF_outer	healthy_vs_degenerated_all	JUN	0.0	0.012937281202351025	377	6	3	3	0.3431191971058315
AF_outer	healthy_vs_degenerated_all	NR1I3	0.0	1.0	27	0	0	0	1.0
AF_outer	healthy_vs_degenerated_all	CEBPG	-0.021505376344086023	0.083649132039653	93	2	0	2	0.5373182828679289
AF_outer	healthy_vs_degenerated_all	MAFK	-0.07142857142857142	0.07016734711040341	14	1	0	1	0.4920332855338318
AF_outer	healthy_vs_degenerated_all	STAT4	0.0	1.0	12	0	0	0	1.0
AF_outer	healthy_vs_degenerated_all	IRF1	-0.021739130434782608	0.08211483719273174	92	2	0	2	0.5373182828679289
AF_outer	healthy_vs_degenerated_all	ATF2	0.0	1.0	80	0	0	0	1.0
AF_outer	healthy_vs_degenerated_all	NR2C2	-0.030303030303030304	0.15771128699956058	33	1	0	1	0.7164733385718173
AF_outer	healthy_vs_degenerated_all	IRF3	-0.02	0.002173564137163964	50	3	1	2	0.22460212619762793
AF_outer	healthy_vs_degenerated_all	TFAP2A	0.0056179775280898875	0.6062188820065442	178	1	1	0	1.0
AF_outer	healthy_vs_degenerated_all	HNF1A	0.0	0.01812865069663044	40	2	1	1	0.39994871359813017
AF_outer	healthy_vs_degenerated_all	ETS1	-0.00819672131147541	0.47118307368504375	122	1	0	1	1.0
AF_outer	healthy_vs_degenerated_all	ARNT	0.0	1.0	40	0	0	0	1.0
AF_outer	healthy_vs_degenerated_all	AHR	-0.010638297872340425	0.3875325111669808	94	1	0	1	1.0
AF_outer	healthy_vs_degenerated_all	PAX6	0.0	1.0	78	0	0	0	1.0
AF_outer	healthy_vs_degenerated_all	NFYA	0.0	1.0	70	0	0	0	1.0
AF_outer	healthy_vs_degenerated_all	ZNF148	0.0	1.0	21	0	0	0	1.0
AF_outer	healthy_vs_degenerated_all	NFIC	0.0	1.0	42	0	0	0	1.0
AF_outer	healthy_vs_degenerated_all	RBPJ	0.0	1.0	82	0	0	0	1.0
AF_outer	healthy_vs_degenerated_all	HES1	0.019230769230769232	0.23714404351872795	52	1	1	0	0.8714329310025545
AF_outer	healthy_vs_degenerated_all	GATA4	0.0	1.0	58	0	0	0	1.0
AF_outer	healthy_vs_degenerated_all	GATA6	0.0	1.0	34	0	0	0	1.0
AF_outer	healthy_vs_degenerated_all	HNF4A	0.008064516129032258	0.026288475501965093	124	3	2	1	0.39994871359813017
AF_outer	healthy_vs_degenerated_all	RARA	0.0	0.0946300965091116	100	2	1	1	0.5550419122169045
AF_outer	healthy_vs_degenerated_all	DBP	-0.05263157894736842	0.09403585356696037	19	1	0	1	0.5550419122169045
AF_outer	healthy_vs_degenerated_all	HLF	0.0	1.0	10	0	0	0	1.0
AF_outer	healthy_vs_degenerated_all	PPARG	-0.004901960784313725	0.003995524782146307	204	5	2	3	0.22460212619762793
AF_outer	healthy_vs_degenerated_all	MAX	0.030303030303030304	0.15771128699956058	33	1	1	0	0.7164733385718173
AF_outer	healthy_vs_degenerated_all	USF2	-0.015873015873015872	0.2797174093989107	63	1	0	1	0.9639978516007657
AF_outer	healthy_vs_degenerated_all	IRF2	-0.03333333333333333	0.1444477502298887	30	1	0	1	0.6933118908735106
AF_outer	healthy_vs_degenerated_all	SP3	0.003952569169960474	0.7353240339135696	253	1	1	0	1.0
AF_outer	healthy_vs_degenerated_all	AR	0.0	0.5313086509797633	341	2	1	1	1.0
AF_outer	healthy_vs_degenerated_all	CUX1	0.0	1.0	74	0	0	0	1.0
AF_outer	healthy_vs_degenerated_all	ATF1	0.0	1.0	58	0	0	0	1.0
AF_outer	healthy_vs_degenerated_all	KAT7	-0.018518518518518517	0.0027107351556072048	54	3	1	2	0.22460212619762793
AF_outer	healthy_vs_degenerated_all	CREBZF	0.0	1.0	11	0	0	0	1.0
AF_outer	healthy_vs_degenerated_all	GLI3	0.04	0.12188445169380811	25	1	1	0	0.6409440994243358
AF_outer	healthy_vs_degenerated_all	NKX2-5	-0.0625	0.01183619811286978	32	2	0	2	0.3281854931295712
AF_outer	healthy_vs_degenerated_all	TGFB1I1	0.0	1.0	11	0	0	0	1.0
AF_outer	healthy_vs_degenerated_all	RARB	0.0	1.0	31	0	0	0	1.0
AF_outer	healthy_vs_degenerated_all	RARG	0.0	1.0	20	0	0	0	1.0
AF_outer	healthy_vs_degenerated_all	TEAD1	0.0	1.0	14	0	0	0	1.0
AF_outer	healthy_vs_degenerated_all	PPARA	-0.02	0.04256424960977433	150	3	0	3	0.39994871359813017
AF_outer	healthy_vs_degenerated_all	ESR2	-0.008403361344537815	0.462786971582586	119	1	0	1	1.0
AF_outer	healthy_vs_degenerated_all	NR3C1	0.0	0.19906377491406918	159	2	1	1	0.7941113950360097
AF_outer	healthy_vs_degenerated_all	PGR	0.0	1.0	84	0	0	0	1.0
AF_outer	healthy_vs_degenerated_all	NRG1	0.0	1.0	26	0	0	0	1.0
AF_outer	healthy_vs_degenerated_all	TBP	0.0	0.09784117850569	102	2	1	1	0.5617556805011784
AF_outer	healthy_vs_degenerated_all	REL	-0.045454545454545456	0.004786602689457645	66	3	0	3	0.22460212619762793
AF_outer	healthy_vs_degenerated_all	ISL1	0.0	1.0	10	0	0	0	1.0
AF_outer	healthy_vs_degenerated_all	ZBTB14	0.0	1.0	5	0	0	0	1.0
AF_outer	healthy_vs_degenerated_all	MYB	0.0	1.0	106	0	0	0	1.0
AF_outer	healthy_vs_degenerated_all	PITX1	-0.058823529411764705	0.08456156582839537	17	1	0	1	0.5373182828679289
AF_outer	healthy_vs_degenerated_all	EGR1	0.0	0.028105650675683342	223	4	2	2	0.39994871359813017
AF_outer	healthy_vs_degenerated_all	MYOD1	-0.023809523809523808	0.07017523908433339	84	2	0	2	0.4920332855338318
AF_outer	healthy_vs_degenerated_all	ETS2	-0.014925373134328358	0.2946125466491257	67	1	0	1	0.9928931130163904
AF_outer	healthy_vs_degenerated_all	GTF2I	0.0	1.0	17	0	0	0	1.0
AF_outer	healthy_vs_degenerated_all	NR2F1	0.0	1.0	20	0	0	0	1.0
AF_outer	healthy_vs_degenerated_all	ENO1	-0.08333333333333333	0.060447908036807635	12	1	0	1	0.46091529878065823
AF_outer	healthy_vs_degenerated_all	JDP2	0.0	1.0	27	0	0	0	1.0
AF_outer	healthy_vs_degenerated_all	MAZ	0.0	1.0	21	0	0	0	1.0
AF_outer	healthy_vs_degenerated_all	NR4A1	0.0	1.0	56	0	0	0	1.0
AF_outer	healthy_vs_degenerated_all	HMGA1	0.0	1.0	38	0	0	0	1.0
AF_outer	healthy_vs_degenerated_all	NFKB1	-0.021739130434782608	0.006612916050488069	230	5	0	5	0.25211742442485763
AF_outer	healthy_vs_degenerated_all	USF1	0.00819672131147541	0.47118307368504375	122	1	1	0	1.0
AF_outer	healthy_vs_degenerated_all	DDIT3	-0.014285714285714285	0.30558489963012686	70	1	0	1	1.0
AF_outer	healthy_vs_degenerated_all	ATF4	-0.012048192771084338	0.009034254199652814	83	3	1	2	0.2934546795534915
AF_outer	healthy_vs_degenerated_all	ATF3	-0.013888888888888888	0.312806463552353	72	1	0	1	1.0
AF_outer	healthy_vs_degenerated_all	TAF1	0.0	1.0	35	0	0	0	1.0
AF_outer	healthy_vs_degenerated_all	RUNX2	0.0	0.061639731602423156	78	2	1	1	0.4642004478701003
AF_outer	healthy_vs_degenerated_all	TFAP2B	0.0	1.0	11	0	0	0	1.0
AF_outer	healthy_vs_degenerated_all	CREM	-0.023809523809523808	0.19630152559094557	42	1	0	1	0.7930061629832901
AF_outer	healthy_vs_degenerated_all	IRF8	0.0	1.0	41	0	0	0	1.0
AF_outer	healthy_vs_degenerated_all	ETV5	-0.16666666666666666	0.030686782800032033	6	1	0	1	0.39994871359813017
AF_outer	healthy_vs_degenerated_all	DMTF1	0.0	1.0	13	0	0	0	1.0
AF_outer	healthy_vs_degenerated_all	NR5A1	0.0	1.0	43	0	0	0	1.0
AF_outer	healthy_vs_degenerated_all	NEUROD2	0.0	1.0	8	0	0	0	1.0
AF_outer	healthy_vs_degenerated_all	NEUROD1	0.0	1.0	25	0	0	0	1.0
AF_outer	healthy_vs_degenerated_all	HHEX	0.0	1.0	15	0	0	0	1.0
AF_outer	healthy_vs_degenerated_all	FOXO3	0.0	0.18778632785233823	153	2	1	1	0.774365857934576
AF_outer	healthy_vs_degenerated_all	MBD1	0.0	1.0	10	0	0	0	1.0
AF_outer	healthy_vs_degenerated_all	CEBPD	0.0	0.02455258143333112	47	2	1	1	0.39994871359813017
AF_outer	healthy_vs_degenerated_all	ELK1	0.0	1.0	41	0	0	0	1.0
AF_outer	healthy_vs_degenerated_all	FLI1	-0.017241379310344827	0.2606633669739451	58	1	0	1	0.9191020453994596
AF_outer	healthy_vs_degenerated_all	ELK4	0.0	1.0	6	0	0	0	1.0
AF_outer	healthy_vs_degenerated_all	PREB	0.0	1.0	8	0	0	0	1.0
AF_outer	healthy_vs_degenerated_all	POU1F1	0.0	1.0	27	0	0	0	1.0
AF_outer	healthy_vs_degenerated_all	PAX5	0.027777777777777776	0.1707727529515229	36	1	1	0	0.7388041085136805
AF_outer	healthy_vs_degenerated_all	CEBPA	-0.01834862385321101	0.10931741106099506	109	2	0	2	0.6062147340655181
AF_outer	healthy_vs_degenerated_all	LITAF	0.05263157894736842	0.09403585356696037	19	1	1	0	0.5550419122169045
AF_outer	healthy_vs_degenerated_all	STAT6	-0.017543859649122806	0.2567935609057645	57	1	0	1	0.9160472055702711
AF_outer	healthy_vs_degenerated_all	HIF1A	-0.0033003300330033004	0.20691449200066048	303	3	1	2	0.8039352873911012
AF_outer	healthy_vs_degenerated_all	TP73	0.01020408163265306	0.40023378894110173	98	1	1	0	1.0
AF_outer	healthy_vs_degenerated_all	KLF11	0.0	1.0	15	0	0	0	1.0
AF_outer	healthy_vs_degenerated_all	TCF4	-0.03225806451612903	0.1488915700072621	31	1	0	1	0.6933118908735106
AF_outer	healthy_vs_degenerated_all	HIVEP2	0.0	1.0	8	0	0	0	1.0
AF_outer	healthy_vs_degenerated_all	E2F4	0.0	1.0	149	0	0	0	1.0
AF_outer	healthy_vs_degenerated_all	GATA5	0.0	1.0	8	0	0	0	1.0
AF_outer	healthy_vs_degenerated_all	SRF	0.0	0.03852511373227154	60	2	1	1	0.39994871359813017
AF_outer	healthy_vs_degenerated_all	ELF1	0.0	1.0	44	0	0	0	1.0
AF_outer	healthy_vs_degenerated_all	GATA3	-0.01	0.4064870248326589	100	1	0	1	1.0
AF_outer	healthy_vs_degenerated_all	MSX1	0.0	1.0	14	0	0	0	1.0
AF_outer	healthy_vs_degenerated_all	OTX2	0.0	1.0	15	0	0	0	1.0
AF_outer	healthy_vs_degenerated_all	LHX2	-0.058823529411764705	0.08456156582839537	17	1	0	1	0.5373182828679289
AF_outer	healthy_vs_degenerated_all	GABPA	0.0	1.0	25	0	0	0	1.0
AF_outer	healthy_vs_degenerated_all	HSF2	0.0	1.0	19	0	0	0	1.0
AF_outer	healthy_vs_degenerated_all	VDR	0.0	0.06444273770616983	80	2	1	1	0.4793910975702878
AF_outer	healthy_vs_degenerated_all	HOXC8	0.0	1.0	12	0	0	0	1.0
AF_outer	healthy_vs_degenerated_all	HR	0.0	1.0	50	0	0	0	1.0
AF_outer	healthy_vs_degenerated_all	RELB	-0.03333333333333333	0.1444477502298887	30	1	0	1	0.6933118908735106
AF_outer	healthy_vs_degenerated_all	CEBPE	0.0	1.0	16	0	0	0	1.0
AF_outer	healthy_vs_degenerated_all	NR0B1	0.0	1.0	22	0	0	0	1.0
AF_outer	healthy_vs_degenerated_all	LEF1	0.0392156862745098	0.02858113232702869	51	2	2	0	0.39994871359813017
AF_outer	healthy_vs_degenerated_all	ID1	0.0196078431372549	0.23315333229264193	51	1	1	0	0.8619608042334035
AF_outer	healthy_vs_degenerated_all	ZNF143	0.0	1.0	22	0	0	0	1.0
AF_outer	healthy_vs_degenerated_all	SOX9	-0.01818181818181818	0.24899415428688695	55	1	0	1	0.9040859173511967
AF_outer	healthy_vs_degenerated_all	YBX1	-0.015625	0.2834699098709208	64	1	0	1	0.9660147766550933
AF_outer	healthy_vs_degenerated_all	HSF1	-0.045454545454545456	0.004786602689457645	66	3	0	3	0.22460212619762793
AF_outer	healthy_vs_degenerated_all	POU4F1	0.0	1.0	16	0	0	0	1.0
AF_outer	healthy_vs_degenerated_all	NOTO	0.0	1.0	5	0	0	0	1.0
AF_outer	healthy_vs_degenerated_all	HNF1B	0.0	1.0	19	0	0	0	1.0
AF_outer	healthy_vs_degenerated_all	PAX3	0.0	1.0	56	0	0	0	1.0
AF_outer	healthy_vs_degenerated_all	ID2	0.024390243902439025	0.19210101091633383	41	1	1	0	0.7812107777264242
AF_outer	healthy_vs_degenerated_all	MEF2A	0.0	1.0	55	0	0	0	1.0
AF_outer	healthy_vs_degenerated_all	PDX1	0.0	0.02263398249238364	45	2	1	1	0.39994871359813017
AF_outer	healthy_vs_degenerated_all	NR2F2	0.03225806451612903	0.1488915700072621	31	1	1	0	0.6933118908735106
AF_outer	healthy_vs_degenerated_all	NR1H4	0.0	1.0	67	0	0	0	1.0
AF_outer	healthy_vs_degenerated_all	ASCL1	0.0	1.0	30	0	0	0	1.0
AF_outer	healthy_vs_degenerated_all	RFX1	0.0	1.0	17	0	0	0	1.0
AF_outer	healthy_vs_degenerated_all	CRX	0.0	1.0	10	0	0	0	1.0
AF_outer	healthy_vs_degenerated_all	NRL	0.0	1.0	10	0	0	0	1.0
AF_outer	healthy_vs_degenerated_all	UBTF	0.1111111111111111	0.04568131871639176	9	1	1	0	0.39994871359813017
AF_outer	healthy_vs_degenerated_all	MYBL2	0.0	1.0	44	0	0	0	1.0
AF_outer	healthy_vs_degenerated_all	ELF2	0.0	1.0	7	0	0	0	1.0
AF_outer	healthy_vs_degenerated_all	JUND	-0.05357142857142857	0.0030073563193871323	56	3	0	3	0.22460212619762793
AF_outer	healthy_vs_degenerated_all	TP63	0.0	0.16371621110410126	140	2	1	1	0.7184668257086458
AF_outer	healthy_vs_degenerated_all	NFKBIB	-0.07142857142857142	0.07016734711040341	14	1	0	1	0.4920332855338318
AF_outer	healthy_vs_degenerated_all	HOXC6	0.0	1.0	8	0	0	0	1.0
AF_outer	healthy_vs_degenerated_all	FOXO1	0.0	0.23141829460173147	176	2	1	1	0.8619608042334035
AF_outer	healthy_vs_degenerated_all	PITX2	0.016666666666666666	0.26834368453431445	60	1	1	0	0.9353694146624675
AF_outer	healthy_vs_degenerated_all	NR5A2	0.0	1.0	25	0	0	0	1.0
AF_outer	healthy_vs_degenerated_all	POU2F1	0.021739130434782608	0.21289007270592344	46	1	1	0	0.8219173693076791
AF_outer	healthy_vs_degenerated_all	XBP1	-0.05128205128205128	0.017279043471329077	39	2	0	2	0.39994871359813017
AF_outer	healthy_vs_degenerated_all	SREBF1	0.0	1.0	82	0	0	0	1.0
AF_outer	healthy_vs_degenerated_all	TCF3	0.0	1.0	61	0	0	0	1.0
AF_outer	healthy_vs_degenerated_all	LRRFIP1	0.0	1.0	7	0	0	0	1.0
AF_outer	healthy_vs_degenerated_all	TCF12	0.0	1.0	25	0	0	0	1.0
AF_outer	healthy_vs_degenerated_all	E4F1	0.0	1.0	8	0	0	0	1.0
AF_outer	healthy_vs_degenerated_all	BRCA1	0.0	1.0	48	0	0	0	1.0
AF_outer	healthy_vs_degenerated_all	ZNF362	0.0	1.0	10	0	0	0	1.0
AF_outer	healthy_vs_degenerated_all	NRF1	0.0	1.0	61	0	0	0	1.0
AF_outer	healthy_vs_degenerated_all	GATA1	0.0	1.0	65	0	0	0	1.0
AF_outer	healthy_vs_degenerated_all	MYCN	0.0	1.0	100	0	0	0	1.0
AF_outer	healthy_vs_degenerated_all	PKNOX1	0.0	1.0	9	0	0	0	1.0
AF_outer	healthy_vs_degenerated_all	NR4A3	0.0	1.0	16	0	0	0	1.0
AF_outer	healthy_vs_degenerated_all	SSRP1	0.0	1.0	77	0	0	0	1.0
AF_outer	healthy_vs_degenerated_all	ZNF91	0.04	0.12188445169380811	25	1	1	0	0.6409440994243358
AF_outer	healthy_vs_degenerated_all	NR2C1	-0.1111111111111111	0.04568131871639176	9	1	0	1	0.39994871359813017
AF_outer	healthy_vs_degenerated_all	ID3	0.0	1.0	24	0	0	0	1.0
AF_outer	healthy_vs_degenerated_all	ERF	0.0	1.0	12	0	0	0	1.0
AF_outer	healthy_vs_degenerated_all	ZNF354C	0.0	1.0	15	0	0	0	1.0
AF_outer	healthy_vs_degenerated_all	HMGA2	0.0	1.0	27	0	0	0	1.0
AF_outer	healthy_vs_degenerated_all	POU2F2	0.0	1.0	16	0	0	0	1.0
AF_outer	healthy_vs_degenerated_all	SREBF2	0.0	1.0	46	0	0	0	1.0
AF_outer	healthy_vs_degenerated_all	ELF4	-0.03333333333333333	0.1444477502298887	30	1	0	1	0.6933118908735106
AF_outer	healthy_vs_degenerated_all	TTF1	-0.03333333333333333	0.1444477502298887	30	1	0	1	0.6933118908735106
AF_outer	healthy_vs_degenerated_all	DLX4	0.0	1.0	21	0	0	0	1.0
AF_outer	healthy_vs_degenerated_all	NR1I2	0.0	1.0	143	0	0	0	1.0
AF_outer	healthy_vs_degenerated_all	NR1H3	0.0	1.0	71	0	0	0	1.0
AF_outer	healthy_vs_degenerated_all	MITF	0.03333333333333333	0.03852511373227154	60	2	2	0	0.39994871359813017
AF_outer	healthy_vs_degenerated_all	NCOA1	-0.041666666666666664	0.02553607873509465	48	2	0	2	0.39994871359813017
AF_outer	healthy_vs_degenerated_all	NCOR1	0.0	1.0	57	0	0	0	1.0
AF_outer	healthy_vs_degenerated_all	FOSL1	0.029411764705882353	0.16208741102116522	34	1	1	0	0.7164733385718173
AF_outer	healthy_vs_degenerated_all	JUNB	0.0	1.0	54	0	0	0	1.0
AF_outer	healthy_vs_degenerated_all	DNMT1	0.008849557522123894	0.445599969667426	113	1	1	0	1.0
AF_outer	healthy_vs_degenerated_all	KLF5	0.0	1.0	51	0	0	0	1.0
AF_outer	healthy_vs_degenerated_all	NR3C2	-0.029411764705882353	0.16208741102116522	34	1	0	1	0.7164733385718173
AF_outer	healthy_vs_degenerated_all	MYRF	0.0	1.0	5	0	0	0	1.0
AF_outer	healthy_vs_degenerated_all	EBF1	0.0	1.0	9	0	0	0	1.0
AF_outer	healthy_vs_degenerated_all	CREBBP	0.0	1.0	25	0	0	0	1.0
AF_outer	healthy_vs_degenerated_all	ZFPM1	0.0	1.0	8	0	0	0	1.0
AF_outer	healthy_vs_degenerated_all	APEX1	-0.07692307692307693	0.007910988141906971	26	2	0	2	0.2838648686213678
AF_outer	healthy_vs_degenerated_all	TFAM	0.0	1.0	11	0	0	0	1.0
AF_outer	healthy_vs_degenerated_all	IRF4	0.03571428571428571	0.13549161688301375	28	1	1	0	0.683056911558995
AF_outer	healthy_vs_degenerated_all	ZBED1	0.0	1.0	16	0	0	0	1.0
AF_outer	healthy_vs_degenerated_all	NCOA2	0.0	1.0	37	0	0	0	1.0
AF_outer	healthy_vs_degenerated_all	FOXA1	0.0	1.0	28	0	0	0	1.0
AF_outer	healthy_vs_degenerated_all	NR4A2	-0.07142857142857142	0.009140391658223506	28	2	0	2	0.2934546795534915
AF_outer	healthy_vs_degenerated_all	KLF1	0.0	1.0	15	0	0	0	1.0
AF_outer	healthy_vs_degenerated_all	LHX3	0.0	1.0	5	0	0	0	1.0
AF_outer	healthy_vs_degenerated_all	CTCF	0.0	1.0	89	0	0	0	1.0
AF_outer	healthy_vs_degenerated_all	BCL6	-0.02040816326530612	0.22511028119557322	49	1	0	1	0.8529023076354016
AF_outer	healthy_vs_degenerated_all	RB1	0.0	1.0	30	0	0	0	1.0
AF_outer	healthy_vs_degenerated_all	TFCP2	0.0	1.0	37	0	0	0	1.0
AF_outer	healthy_vs_degenerated_all	REST	0.0	1.0	19	0	0	0	1.0
AF_outer	healthy_vs_degenerated_all	ESRRA	0.0	1.0	26	0	0	0	1.0
AF_outer	healthy_vs_degenerated_all	HOXD3	0.0	1.0	5	0	0	0	1.0
AF_outer	healthy_vs_degenerated_all	IRF9	0.0	0.0019823302618055126	13	2	1	1	0.22460212619762793
AF_outer	healthy_vs_degenerated_all	TFE3	0.037037037037037035	0.1309790731249856	27	1	1	0	0.6658102883853435
AF_outer	healthy_vs_degenerated_all	ZNF236	0.0	1.0	6	0	0	0	1.0
AF_outer	healthy_vs_degenerated_all	TFAP2C	0.0	1.0	15	0	0	0	1.0
AF_outer	healthy_vs_degenerated_all	PAX8	0.0	1.0	15	0	0	0	1.0
AF_outer	healthy_vs_degenerated_all	NKX2-1	0.0	1.0	28	0	0	0	1.0
AF_outer	healthy_vs_degenerated_all	PBX1	0.0	1.0	24	0	0	0	1.0
AF_outer	healthy_vs_degenerated_all	SP4	0.0	1.0	32	0	0	0	1.0
AF_outer	healthy_vs_degenerated_all	CIITA	0.0	1.0	20	0	0	0	1.0
AF_outer	healthy_vs_degenerated_all	CDX2	0.0	1.0	30	0	0	0	1.0
AF_outer	healthy_vs_degenerated_all	ELF3	0.0	1.0	15	0	0	0	1.0
AF_outer	healthy_vs_degenerated_all	ZEB1	-0.03225806451612903	0.1488915700072621	31	1	0	1	0.6933118908735106
AF_outer	healthy_vs_degenerated_all	EGR3	0.0	1.0	17	0	0	0	1.0
AF_outer	healthy_vs_degenerated_all	EWSR1	0.0	1.0	44	0	0	0	1.0
AF_outer	healthy_vs_degenerated_all	NAB2	0.16666666666666666	0.030686782800032033	6	1	1	0	0.39994871359813017
AF_outer	healthy_vs_degenerated_all	DEAF1	0.0	1.0	7	0	0	0	1.0
AF_outer	healthy_vs_degenerated_all	TBPL1	0.0	1.0	25	0	0	0	1.0
AF_outer	healthy_vs_degenerated_all	MEF2C	0.03225806451612903	0.1488915700072621	31	1	1	0	0.6933118908735106
AF_outer	healthy_vs_degenerated_all	POU4F2	0.0	1.0	15	0	0	0	1.0
AF_outer	healthy_vs_degenerated_all	TAL1	0.0	1.0	60	0	0	0	1.0
AF_outer	healthy_vs_degenerated_all	EPAS1	0.0	0.03621461501947881	58	2	1	1	0.39994871359813017
AF_outer	healthy_vs_degenerated_all	SMARCA1	0.0	1.0	32	0	0	0	1.0
AF_outer	healthy_vs_degenerated_all	NFATC4	0.038461538461538464	0.12644339023588422	26	1	1	0	0.653648034270249
AF_outer	healthy_vs_degenerated_all	FOXM1	0.017241379310344827	0.2606633669739451	58	1	1	0	0.9191020453994596
AF_outer	healthy_vs_degenerated_all	MYF5	0.0	1.0	12	0	0	0	1.0
AF_outer	healthy_vs_degenerated_all	MYOG	0.0	1.0	29	0	0	0	1.0
AF_outer	healthy_vs_degenerated_all	SMAD7	0.023255813953488372	0.20048058169761557	43	1	1	0	0.7941113950360097
AF_outer	healthy_vs_degenerated_all	SOX10	0.0	1.0	14	0	0	0	1.0
AF_outer	healthy_vs_degenerated_all	POU3F1	0.0	1.0	5	0	0	0	1.0
AF_outer	healthy_vs_degenerated_all	NKRF	-0.14285714285714285	0.0357105010561148	7	1	0	1	0.39994871359813017
AF_outer	healthy_vs_degenerated_all	ATF6	0.0	1.0	39	0	0	0	1.0
AF_outer	healthy_vs_degenerated_all	NKX6-1	0.0	1.0	6	0	0	0	1.0
AF_outer	healthy_vs_degenerated_all	ERG	0.029411764705882353	0.16208741102116522	34	1	1	0	0.7164733385718173
AF_outer	healthy_vs_degenerated_all	PITX3	0.125	0.04070863704227477	8	1	1	0	0.39994871359813017
AF_outer	healthy_vs_degenerated_all	HOXB2	0.0	1.0	5	0	0	0	1.0
AF_outer	healthy_vs_degenerated_all	SATB1	0.0	0.006219899321696432	23	2	1	1	0.25211742442485763
AF_outer	healthy_vs_degenerated_all	NFKB2	-0.024390243902439025	0.19210101091633383	41	1	0	1	0.7812107777264242
AF_outer	healthy_vs_degenerated_all	RORA	0.0	1.0	34	0	0	0	1.0
AF_outer	healthy_vs_degenerated_all	PROX1	0.0	1.0	14	0	0	0	1.0
AF_outer	healthy_vs_degenerated_all	PEG3	0.0	1.0	6	0	0	0	1.0
AF_outer	healthy_vs_degenerated_all	NR2E3	0.0	1.0	6	0	0	0	1.0
AF_outer	healthy_vs_degenerated_all	NCOR2	0.0	1.0	40	0	0	0	1.0
AF_outer	healthy_vs_degenerated_all	NCOA3	0.0	1.0	49	0	0	0	1.0
AF_outer	healthy_vs_degenerated_all	ZFHX3	0.0	1.0	5	0	0	0	1.0
AF_outer	healthy_vs_degenerated_all	SMAD1	-0.022727272727272728	0.20463828691093888	44	1	0	1	0.8001881731773892
AF_outer	healthy_vs_degenerated_all	SPDEF	0.0	1.0	8	0	0	0	1.0
AF_outer	healthy_vs_degenerated_all	PAX2	-0.1111111111111111	0.04568131871639176	9	1	0	1	0.39994871359813017
AF_outer	healthy_vs_degenerated_all	KLF13	0.0	1.0	9	0	0	0	1.0
AF_outer	healthy_vs_degenerated_all	MAFB	0.0	1.0	27	0	0	0	1.0
AF_outer	healthy_vs_degenerated_all	ELK3	0.0	1.0	18	0	0	0	1.0
AF_outer	healthy_vs_degenerated_all	KLF6	-0.05405405405405406	0.015632863186435766	37	2	0	2	0.39733527265524243
AF_outer	healthy_vs_degenerated_all	SNAI1	-0.015151515151515152	0.29091738215679996	66	1	0	1	0.9858866839758221
AF_outer	healthy_vs_degenerated_all	HESX1	0.0	1.0	13	0	0	0	1.0
AF_outer	healthy_vs_degenerated_all	BACH2	0.0	1.0	5	0	0	0	1.0
AF_outer	healthy_vs_degenerated_all	PATZ1	0.0	1.0	8	0	0	0	1.0
AF_outer	healthy_vs_degenerated_all	ZHX2	0.0	1.0	7	0	0	0	1.0
AF_outer	healthy_vs_degenerated_all	ONECUT1	0.0	1.0	11	0	0	0	1.0
AF_outer	healthy_vs_degenerated_all	RXRA	-0.041666666666666664	0.02553607873509465	48	2	0	2	0.39994871359813017
AF_outer	healthy_vs_degenerated_all	NR1H2	0.0	1.0	29	0	0	0	1.0
AF_outer	healthy_vs_degenerated_all	KAT5	-0.02631578947368421	0.17936963072697187	38	1	0	1	0.7651431800241457
AF_outer	healthy_vs_degenerated_all	YBX3	0.0	1.0	21	0	0	0	1.0
AF_outer	healthy_vs_degenerated_all	SMAD6	0.0	1.0	17	0	0	0	1.0
AF_outer	healthy_vs_degenerated_all	MYBL1	0.0	1.0	9	0	0	0	1.0
AF_outer	healthy_vs_degenerated_all	CDX1	0.0	1.0	18	0	0	0	1.0
AF_outer	healthy_vs_degenerated_all	TFDP1	0.0	1.0	29	0	0	0	1.0
AF_outer	healthy_vs_degenerated_all	KMT2A	0.018518518518518517	0.2450643522850834	54	1	1	0	0.8951452388856339
AF_outer	healthy_vs_degenerated_all	GATA2	0.0	1.0	38	0	0	0	1.0
AF_outer	healthy_vs_degenerated_all	PRDM1	0.0	1.0	32	0	0	0	1.0
AF_outer	healthy_vs_degenerated_all	MXD1	0.0	1.0	16	0	0	0	1.0
AF_outer	healthy_vs_degenerated_all	CLOCK	0.0	1.0	45	0	0	0	1.0
AF_outer	healthy_vs_degenerated_all	BHLHE40	-0.04	0.12188445169380811	25	1	0	1	0.6409440994243358
AF_outer	healthy_vs_degenerated_all	SRY	-0.10526315789473684	0.004260103673376164	19	2	0	2	0.22460212619762793
AF_outer	healthy_vs_degenerated_all	MAF	0.0	1.0	27	0	0	0	1.0
AF_outer	healthy_vs_degenerated_all	AIRE	-0.1	0.05062867340790299	10	1	0	1	0.42893737192806697
AF_outer	healthy_vs_degenerated_all	ZGPAT	0.0	1.0	5	0	0	0	1.0
AF_outer	healthy_vs_degenerated_all	ETV1	0.0	1.0	13	0	0	0	1.0
AF_outer	healthy_vs_degenerated_all	KLF4	0.013888888888888888	0.312806463552353	72	1	1	0	1.0
AF_outer	healthy_vs_degenerated_all	EGR2	0.0	1.0	44	0	0	0	1.0
AF_outer	healthy_vs_degenerated_all	NEUROG3	0.0	1.0	11	0	0	0	1.0
AF_outer	healthy_vs_degenerated_all	CXXC1	0.0	1.0	11	0	0	0	1.0
AF_outer	healthy_vs_degenerated_all	TBX21	0.0	1.0	17	0	0	0	1.0
AF_outer	healthy_vs_degenerated_all	HOXA10	0.0	1.0	29	0	0	0	1.0
AF_outer	healthy_vs_degenerated_all	LMX1B	-0.08333333333333333	0.060447908036807635	12	1	0	1	0.46091529878065823
AF_outer	healthy_vs_degenerated_all	TBX2	0.0	1.0	20	0	0	0	1.0
AF_outer	healthy_vs_degenerated_all	ZNF699	0.0	1.0	29	0	0	0	1.0
AF_outer	healthy_vs_degenerated_all	RFX5	0.0	1.0	13	0	0	0	1.0
AF_outer	healthy_vs_degenerated_all	RFXANK	0.0	1.0	8	0	0	0	1.0
AF_outer	healthy_vs_degenerated_all	RFXAP	0.0	1.0	7	0	0	0	1.0
AF_outer	healthy_vs_degenerated_all	BARX2	0.0	1.0	10	0	0	0	1.0
AF_outer	healthy_vs_degenerated_all	FOXO4	-0.05	0.09873680544194292	20	1	0	1	0.5617556805011784
AF_outer	healthy_vs_degenerated_all	DLX5	0.0	1.0	20	0	0	0	1.0
AF_outer	healthy_vs_degenerated_all	ID4	0.0	1.0	9	0	0	0	1.0
AF_outer	healthy_vs_degenerated_all	SPIB	-0.1111111111111111	0.04568131871639176	9	1	0	1	0.39994871359813017
AF_outer	healthy_vs_degenerated_all	FOXN1	0.0	1.0	30	0	0	0	1.0
AF_outer	healthy_vs_degenerated_all	TBX5	0.0	1.0	11	0	0	0	1.0
AF_outer	healthy_vs_degenerated_all	TLX1	0.0	1.0	6	0	0	0	1.0
AF_outer	healthy_vs_degenerated_all	HIVEP1	0.0	1.0	7	0	0	0	1.0
AF_outer	healthy_vs_degenerated_all	SMAD2	-0.03636363636363636	0.032855044187685	55	2	0	2	0.39994871359813017
AF_outer	healthy_vs_degenerated_all	NKX3-1	0.0	1.0	49	0	0	0	1.0
AF_outer	healthy_vs_degenerated_all	HAND2	0.0	1.0	16	0	0	0	1.0
AF_outer	healthy_vs_degenerated_all	PAX7	0.0	1.0	9	0	0	0	1.0
AF_outer	healthy_vs_degenerated_all	SFPQ	0.05263157894736842	0.09403585356696037	19	1	1	0	0.5550419122169045
AF_outer	healthy_vs_degenerated_all	BMAL1	0.0	1.0	44	0	0	0	1.0
AF_outer	healthy_vs_degenerated_all	SKIL	0.0	1.0	14	0	0	0	1.0
AF_outer	healthy_vs_degenerated_all	TBXT	0.0	1.0	6	0	0	0	1.0
AF_outer	healthy_vs_degenerated_all	MSX2	0.0	1.0	21	0	0	0	1.0
AF_outer	healthy_vs_degenerated_all	MZF1	0.0	1.0	14	0	0	0	1.0
AF_outer	healthy_vs_degenerated_all	HOXA5	0.0	1.0	9	0	0	0	1.0
AF_outer	healthy_vs_degenerated_all	HOXB4	0.0	1.0	5	0	0	0	1.0
AF_outer	healthy_vs_degenerated_all	CREB3	0.125	0.04070863704227477	8	1	1	0	0.39994871359813017
AF_outer	healthy_vs_degenerated_all	NFE2	0.0	1.0	9	0	0	0	1.0
AF_outer	healthy_vs_degenerated_all	ZNF76	0.0	1.0	6	0	0	0	1.0
AF_outer	healthy_vs_degenerated_all	FOXQ1	0.0	1.0	9	0	0	0	1.0
AF_outer	healthy_vs_degenerated_all	ZGLP1	0.0	1.0	8	0	0	0	1.0
AF_outer	healthy_vs_degenerated_all	NFYB	0.0	1.0	28	0	0	0	1.0
AF_outer	healthy_vs_degenerated_all	ETV3	0.0	1.0	10	0	0	0	1.0
AF_outer	healthy_vs_degenerated_all	GSC	0.0	1.0	5	0	0	0	1.0
AF_outer	healthy_vs_degenerated_all	IRF7	0.125	0.04070863704227477	8	1	1	0	0.39994871359813017
AF_outer	healthy_vs_degenerated_all	NFATC3	-0.058823529411764705	0.08456156582839537	17	1	0	1	0.5373182828679289
AF_outer	healthy_vs_degenerated_all	KDM5A	0.0	1.0	13	0	0	0	1.0
AF_outer	healthy_vs_degenerated_all	GRHL3	0.0	1.0	14	0	0	0	1.0
AF_outer	healthy_vs_degenerated_all	THRA	0.025	0.18787892946609383	40	1	1	0	0.774365857934576
AF_outer	healthy_vs_degenerated_all	SOX17	-0.041666666666666664	0.11730214040080682	24	1	0	1	0.6332239437565678
AF_outer	healthy_vs_degenerated_all	TBX15	0.0	1.0	18	0	0	0	1.0
AF_outer	healthy_vs_degenerated_all	NFAT5	0.0	1.0	33	0	0	0	1.0
AF_outer	healthy_vs_degenerated_all	BMAL2	0.0	1.0	6	0	0	0	1.0
AF_outer	healthy_vs_degenerated_all	NFE2L2	0.0070921985815602835	0.03646582970262708	141	3	2	1	0.39994871359813017
AF_outer	healthy_vs_degenerated_all	ZIC1	0.1111111111111111	0.04568131871639176	9	1	1	0	0.39994871359813017
AF_outer	healthy_vs_degenerated_all	MEIS1	0.0	1.0	9	0	0	0	1.0
AF_outer	healthy_vs_degenerated_all	HOXA9	0.0	1.0	27	0	0	0	1.0
AF_outer	healthy_vs_degenerated_all	MAFA	0.0	1.0	10	0	0	0	1.0
AF_outer	healthy_vs_degenerated_all	NR1D1	0.0	1.0	13	0	0	0	1.0
AF_outer	healthy_vs_degenerated_all	MYF6	0.0	1.0	6	0	0	0	1.0
AF_outer	healthy_vs_degenerated_all	ZNF263	0.0	1.0	5	0	0	0	1.0
AF_outer	healthy_vs_degenerated_all	NFIA	0.0	1.0	30	0	0	0	1.0
AF_outer	healthy_vs_degenerated_all	HEY2	0.0	1.0	10	0	0	0	1.0
AF_outer	healthy_vs_degenerated_all	HOXB7	0.0	1.0	11	0	0	0	1.0
AF_outer	healthy_vs_degenerated_all	ZNF350	0.0	1.0	9	0	0	0	1.0
AF_outer	healthy_vs_degenerated_all	BCL11A	0.0	1.0	7	0	0	0	1.0
AF_outer	healthy_vs_degenerated_all	TWIST1	-0.0196078431372549	0.23315333229264193	51	1	0	1	0.8619608042334035
AF_outer	healthy_vs_degenerated_all	ZNF395	0.0	1.0	5	0	0	0	1.0
AF_outer	healthy_vs_degenerated_all	TFDP2	0.0	1.0	5	0	0	0	1.0
AF_outer	healthy_vs_degenerated_all	GTF3A	-0.06666666666666667	0.07498995504622755	15	1	0	1	0.5082652508688756
AF_outer	healthy_vs_degenerated_all	KLF10	0.0	1.0	17	0	0	0	1.0
AF_outer	healthy_vs_degenerated_all	KLF2	0.0	1.0	32	0	0	0	1.0
AF_outer	healthy_vs_degenerated_all	PHF20	0.0	1.0	7	0	0	0	1.0
AF_outer	healthy_vs_degenerated_all	TGIF1	0.0	1.0	8	0	0	0	1.0
AF_outer	healthy_vs_degenerated_all	FOXG1	0.0	1.0	12	0	0	0	1.0
AF_outer	healthy_vs_degenerated_all	SF1	0.0	1.0	5	0	0	0	1.0
AF_outer	healthy_vs_degenerated_all	MBD2	0.017857142857142856	0.25290385683558086	56	1	1	0	0.9128482406491379
AF_outer	healthy_vs_degenerated_all	FOXF2	0.0	1.0	8	0	0	0	1.0
AF_outer	healthy_vs_degenerated_all	HEY1	0.0	1.0	20	0	0	0	1.0
AF_outer	healthy_vs_degenerated_all	ZBTB17	0.0	1.0	36	0	0	0	1.0
AF_outer	healthy_vs_degenerated_all	IRF5	0.0	0.0014071292786056058	11	2	1	1	0.22460212619762793
AF_outer	healthy_vs_degenerated_all	THRB	-0.034482758620689655	0.13998113745860308	29	1	0	1	0.6933118908735106
AF_outer	healthy_vs_degenerated_all	POU3F2	0.0	1.0	13	0	0	0	1.0
AF_outer	healthy_vs_degenerated_all	FOXI1	-0.2	0.025637353684660243	5	1	0	1	0.39994871359813017
AF_outer	healthy_vs_degenerated_all	KCNIP3	0.0	1.0	8	0	0	0	1.0
AF_outer	healthy_vs_degenerated_all	FOSB	-0.10526315789473684	0.004260103673376164	19	2	0	2	0.22460212619762793
AF_outer	healthy_vs_degenerated_all	NFE2L1	0.0	1.0	7	0	0	0	1.0
AF_outer	healthy_vs_degenerated_all	TRERF1	0.0	1.0	5	0	0	0	1.0
AF_outer	healthy_vs_degenerated_all	FOXP1	0.09090909090909091	0.05555082782083269	11	1	1	0	0.4458684864566835
AF_outer	healthy_vs_degenerated_all	FOXP2	0.0	1.0	5	0	0	0	1.0
AF_outer	healthy_vs_degenerated_all	BARX1	0.0	1.0	7	0	0	0	1.0
AF_outer	healthy_vs_degenerated_all	ZFPM2	0.0	1.0	7	0	0	0	1.0
AF_outer	healthy_vs_degenerated_all	IKZF1	0.0	1.0	13	0	0	0	1.0
AF_outer	healthy_vs_degenerated_all	BCL3	-0.05555555555555555	0.08931081409887692	18	1	0	1	0.5447959660031492
AF_outer	healthy_vs_degenerated_all	SP2	0.0	1.0	15	0	0	0	1.0
AF_outer	healthy_vs_degenerated_all	SIM2	0.0	1.0	8	0	0	0	1.0
AF_outer	healthy_vs_degenerated_all	NFATC1	-0.015873015873015872	0.2797174093989107	63	1	0	1	0.9639978516007657
AF_outer	healthy_vs_degenerated_all	POU2F3	0.0	1.0	5	0	0	0	1.0
AF_outer	healthy_vs_degenerated_all	HOXA7	0.0	1.0	10	0	0	0	1.0
AF_outer	healthy_vs_degenerated_all	NPAS2	0.0	1.0	6	0	0	0	1.0
AF_outer	healthy_vs_degenerated_all	DLX2	0.0	1.0	10	0	0	0	1.0
AF_outer	healthy_vs_degenerated_all	PRRX1	0.0	1.0	5	0	0	0	1.0
AF_outer	healthy_vs_degenerated_all	VEZF1	0.0	1.0	6	0	0	0	1.0
AF_outer	healthy_vs_degenerated_all	CTBP2	0.1111111111111111	0.04568131871639176	9	1	1	0	0.39994871359813017
AF_outer	healthy_vs_degenerated_all	SOX6	-0.07142857142857142	0.07016734711040341	14	1	0	1	0.4920332855338318
AF_outer	healthy_vs_degenerated_all	HIPK2	0.0	1.0	7	0	0	0	1.0
AF_outer	healthy_vs_degenerated_all	RORC	0.0	1.0	5	0	0	0	1.0
AF_outer	healthy_vs_degenerated_all	PPARD	-0.01694915254237288	0.264513375020947	59	1	0	1	0.9273170043837797
AF_outer	healthy_vs_degenerated_all	MECOM	0.0	1.0	12	0	0	0	1.0
AF_outer	healthy_vs_degenerated_all	SIRT1	-0.02631578947368421	0.17936963072697187	38	1	0	1	0.7651431800241457
AF_outer	healthy_vs_degenerated_all	ZBTB7B	0.0	1.0	11	0	0	0	1.0
AF_outer	healthy_vs_degenerated_all	ZBTB7A	0.0	1.0	29	0	0	0	1.0
AF_outer	healthy_vs_degenerated_all	NR6A1	0.0	1.0	5	0	0	0	1.0
AF_outer	healthy_vs_degenerated_all	STAT2	0.034482758620689655	0.13998113745860308	29	1	1	0	0.6933118908735106
AF_outer	healthy_vs_degenerated_all	ESRRG	0.0	1.0	14	0	0	0	1.0
AF_outer	healthy_vs_degenerated_all	PRDM2	0.0	1.0	7	0	0	0	1.0
AF_outer	healthy_vs_degenerated_all	PURA	0.0	1.0	13	0	0	0	1.0
AF_outer	healthy_vs_degenerated_all	NEUROD6	0.0	1.0	8	0	0	0	1.0
AF_outer	healthy_vs_degenerated_all	NEUROG2	0.0	1.0	8	0	0	0	1.0
AF_outer	healthy_vs_degenerated_all	HMGB2	0.0	1.0	5	0	0	0	1.0
AF_outer	healthy_vs_degenerated_all	DLX3	0.0	1.0	10	0	0	0	1.0
AF_outer	healthy_vs_degenerated_all	TWIST2	0.0	1.0	23	0	0	0	1.0
AF_outer	healthy_vs_degenerated_all	TFAP4	0.043478260869565216	0.11269633868008612	23	1	1	0	0.6193222215752481
AF_outer	healthy_vs_degenerated_all	KAT6B	0.0	1.0	6	0	0	0	1.0
AF_outer	healthy_vs_degenerated_all	SALL3	0.0	1.0	5	0	0	0	1.0
AF_outer	healthy_vs_degenerated_all	MXI1	-0.125	0.04070863704227477	8	1	0	1	0.39994871359813017
AF_outer	healthy_vs_degenerated_all	E2F5	0.0	1.0	9	0	0	0	1.0
AF_outer	healthy_vs_degenerated_all	E2F2	0.0	1.0	43	0	0	0	1.0
AF_outer	healthy_vs_degenerated_all	FOXD3	0.0	1.0	8	0	0	0	1.0
AF_outer	healthy_vs_degenerated_all	POU5F1	0.0	1.0	40	0	0	0	1.0
AF_outer	healthy_vs_degenerated_all	PLAGL1	0.0	1.0	14	0	0	0	1.0
AF_outer	healthy_vs_degenerated_all	SNAI2	-0.038461538461538464	0.12644339023588422	26	1	0	1	0.653648034270249
AF_outer	healthy_vs_degenerated_all	NOTCH1	0.0	1.0	39	0	0	0	1.0
AF_outer	healthy_vs_degenerated_all	FOXC2	0.09090909090909091	0.05555082782083269	11	1	1	0	0.4458684864566835
AF_outer	healthy_vs_degenerated_all	FOXD1	0.0	1.0	5	0	0	0	1.0
AF_outer	healthy_vs_degenerated_all	KLF9	0.0	1.0	16	0	0	0	1.0
AF_outer	healthy_vs_degenerated_all	TBPL2	0.0	1.0	8	0	0	0	1.0
AF_outer	healthy_vs_degenerated_all	NFIL3	-0.06666666666666667	0.07498995504622755	15	1	0	1	0.5082652508688756
AF_outer	healthy_vs_degenerated_all	ZNF384	0.0	1.0	9	0	0	0	1.0
AF_outer	healthy_vs_degenerated_all	HOXA11	0.0	1.0	5	0	0	0	1.0
AF_outer	healthy_vs_degenerated_all	MEF2D	0.0	1.0	17	0	0	0	1.0
AF_outer	healthy_vs_degenerated_all	SMAD5	0.0	1.0	26	0	0	0	1.0
AF_outer	healthy_vs_degenerated_all	MLXIPL	0.0	1.0	10	0	0	0	1.0
AF_outer	healthy_vs_degenerated_all	ZBTB33	0.0	1.0	7	0	0	0	1.0
AF_outer	healthy_vs_degenerated_all	KLF15	0.0	1.0	12	0	0	0	1.0
AF_outer	healthy_vs_degenerated_all	DNMT3A	-0.02564102564102564	0.1836351724968573	39	1	0	1	0.7672428439937189
AF_outer	healthy_vs_degenerated_all	DNMT3B	-0.0196078431372549	0.23315333229264193	51	1	0	1	0.8619608042334035
AF_outer	healthy_vs_degenerated_all	OLIG2	0.0	1.0	10	0	0	0	1.0
AF_outer	healthy_vs_degenerated_all	MAFG	0.1111111111111111	0.04568131871639176	9	1	1	0	0.39994871359813017
AF_outer	healthy_vs_degenerated_all	TEF	-0.125	0.04070863704227477	8	1	0	1	0.39994871359813017
AF_outer	healthy_vs_degenerated_all	HOXD13	0.0	1.0	8	0	0	0	1.0
AF_outer	healthy_vs_degenerated_all	ZKSCAN7	0.0	1.0	7	0	0	0	1.0
AF_outer	healthy_vs_degenerated_all	BACH1	-0.08333333333333333	0.060447908036807635	12	1	0	1	0.46091529878065823
AF_outer	healthy_vs_degenerated_all	TEAD4	0.0	1.0	7	0	0	0	1.0
AF_outer	healthy_vs_degenerated_all	GCM1	0.0	1.0	5	0	0	0	1.0
AF_outer	healthy_vs_degenerated_all	BHLHE41	0.0	1.0	17	0	0	0	1.0
AF_outer	healthy_vs_degenerated_all	MTA1	-0.02564102564102564	0.1836351724968573	39	1	0	1	0.7672428439937189
AF_outer	healthy_vs_degenerated_all	EHF	0.0	1.0	7	0	0	0	1.0
AF_outer	healthy_vs_degenerated_all	TCF7L2	0.0	0.0005398565106863826	73	4	2	2	0.22460212619762793
AF_outer	healthy_vs_degenerated_all	VSX2	0.0	1.0	13	0	0	0	1.0
AF_outer	healthy_vs_degenerated_all	TSC22D1	0.0	1.0	7	0	0	0	1.0
AF_outer	healthy_vs_degenerated_all	SOX5	0.0	1.0	9	0	0	0	1.0
AF_outer	healthy_vs_degenerated_all	SOX2	0.029411764705882353	0.16208741102116522	34	1	1	0	0.7164733385718173
AF_outer	healthy_vs_degenerated_all	NKX3-2	0.0	1.0	6	0	0	0	1.0
AF_outer	healthy_vs_degenerated_all	PAX9	0.0	1.0	6	0	0	0	1.0
AF_outer	healthy_vs_degenerated_all	TCF21	0.0	1.0	6	0	0	0	1.0
AF_outer	healthy_vs_degenerated_all	HIC1	0.0	1.0	17	0	0	0	1.0
AF_outer	healthy_vs_degenerated_all	ZEB2	0.0	1.0	17	0	0	0	1.0
AF_outer	healthy_vs_degenerated_all	NONO	0.0	1.0	10	0	0	0	1.0
AF_outer	healthy_vs_degenerated_all	CEBPZ	0.0	1.0	13	0	0	0	1.0
AF_outer	healthy_vs_degenerated_all	SIX1	-0.14285714285714285	0.0357105010561148	7	1	0	1	0.39994871359813017
AF_outer	healthy_vs_degenerated_all	NFIX	0.0	1.0	15	0	0	0	1.0
AF_outer	healthy_vs_degenerated_all	MNT	0.0	1.0	8	0	0	0	1.0
AF_outer	healthy_vs_degenerated_all	HOXA1	0.0	1.0	14	0	0	0	1.0
AF_outer	healthy_vs_degenerated_all	BCL11B	-0.05555555555555555	0.08931081409887692	18	1	0	1	0.5447959660031492
AF_outer	healthy_vs_degenerated_all	RXRB	-0.14285714285714285	0.0357105010561148	7	1	0	1	0.39994871359813017
AF_outer	healthy_vs_degenerated_all	E2F6	0.0	1.0	33	0	0	0	1.0
AF_outer	healthy_vs_degenerated_all	HOXA13	0.0	1.0	6	0	0	0	1.0
AF_outer	healthy_vs_degenerated_all	KAT6A	-0.09090909090909091	0.05555082782083269	11	1	0	1	0.4458684864566835
AF_outer	healthy_vs_degenerated_all	GFI1	0.0	1.0	31	0	0	0	1.0
AF_outer	healthy_vs_degenerated_all	RUNX3	0.022727272727272728	0.20463828691093888	44	1	1	0	0.8001881731773892
AF_outer	healthy_vs_degenerated_all	GLI1	-0.017699115044247787	0.0027399848040490123	113	4	1	3	0.22460212619762793
AF_outer	healthy_vs_degenerated_all	KLF8	0.0	1.0	14	0	0	0	1.0
AF_outer	healthy_vs_degenerated_all	HIF3A	0.0	1.0	5	0	0	0	1.0
AF_outer	healthy_vs_degenerated_all	MEOX2	0.0	1.0	6	0	0	0	1.0
AF_outer	healthy_vs_degenerated_all	JARID2	0.0	1.0	10	0	0	0	1.0
AF_outer	healthy_vs_degenerated_all	NFYC	0.0	1.0	17	0	0	0	1.0
AF_outer	healthy_vs_degenerated_all	GFI1B	0.0	1.0	9	0	0	0	1.0
AF_outer	healthy_vs_degenerated_all	ASCL2	0.0	1.0	5	0	0	0	1.0
AF_outer	healthy_vs_degenerated_all	MSC	0.0	1.0	13	0	0	0	1.0
AF_outer	healthy_vs_degenerated_all	HOXB9	-0.2	0.025637353684660243	5	1	0	1	0.39994871359813017
AF_outer	healthy_vs_degenerated_all	HLX	0.0	1.0	12	0	0	0	1.0
AF_outer	healthy_vs_degenerated_all	RCOR2	0.0	1.0	11	0	0	0	1.0
AF_outer	healthy_vs_degenerated_all	NKX2-2	0.0	1.0	9	0	0	0	1.0
AF_outer	healthy_vs_degenerated_all	ARID4A	0.0	1.0	6	0	0	0	1.0
AF_outer	healthy_vs_degenerated_all	HINFP	0.0	1.0	9	0	0	0	1.0
AF_outer	healthy_vs_degenerated_all	SMARCC1	0.0	1.0	6	0	0	0	1.0
AF_outer	healthy_vs_degenerated_all	KAT2B	0.0	1.0	12	0	0	0	1.0
AF_outer	healthy_vs_degenerated_all	HDGF	0.0	1.0	5	0	0	0	1.0
AF_outer	healthy_vs_degenerated_all	EP300	0.0	0.018995671456489057	41	2	1	1	0.39994871359813017
AF_outer	healthy_vs_degenerated_all	TRPS1	0.0	1.0	12	0	0	0	1.0
AF_outer	healthy_vs_degenerated_all	CTNNB1	-0.01015228426395939	0.01881651492625797	197	4	1	3	0.39994871359813017
AF_outer	healthy_vs_degenerated_all	PML	-0.06666666666666667	0.07498995504622755	15	1	0	1	0.5082652508688756
AF_outer	healthy_vs_degenerated_all	KLF7	0.0	1.0	8	0	0	0	1.0
AF_outer	healthy_vs_degenerated_all	PROP1	0.0	1.0	6	0	0	0	1.0
AF_outer	healthy_vs_degenerated_all	LMO2	0.0	1.0	17	0	0	0	1.0
AF_outer	healthy_vs_degenerated_all	MEOX1	0.0	1.0	6	0	0	0	1.0
AF_outer	healthy_vs_degenerated_all	FOXL2	0.0	1.0	13	0	0	0	1.0
AF_outer	healthy_vs_degenerated_all	HTATIP2	0.0	1.0	11	0	0	0	1.0
AF_outer	healthy_vs_degenerated_all	EZH2	0.0	0.08830465557522546	96	2	1	1	0.5447959660031492
AF_outer	healthy_vs_degenerated_all	GLI2	-0.009900990099009901	0.409589577986046	101	1	0	1	1.0
AF_outer	healthy_vs_degenerated_all	TCF7	0.0	1.0	12	0	0	0	1.0
AF_outer	healthy_vs_degenerated_all	FOXC1	0.0	1.0	9	0	0	0	1.0
AF_outer	healthy_vs_degenerated_all	HOXB13	0.0	1.0	8	0	0	0	1.0
AF_outer	healthy_vs_degenerated_all	ABL1	0.0	1.0	10	0	0	0	1.0
AF_outer	healthy_vs_degenerated_all	TBX3	0.0	1.0	11	0	0	0	1.0
AF_outer	healthy_vs_degenerated_all	TET1	0.0	1.0	9	0	0	0	1.0
AF_outer	healthy_vs_degenerated_all	FOXH1	0.0	1.0	7	0	0	0	1.0
AF_outer	healthy_vs_degenerated_all	FOXP3	-0.037037037037037035	0.1309790731249856	27	1	0	1	0.6658102883853435
AF_outer	healthy_vs_degenerated_all	CREB3L1	0.0	1.0	7	0	0	0	1.0
AF_outer	healthy_vs_degenerated_all	TFDP3	0.0	1.0	5	0	0	0	1.0
AF_outer	healthy_vs_degenerated_all	SP7	0.0	1.0	23	0	0	0	1.0
AF_outer	healthy_vs_degenerated_all	OVOL1	0.0	1.0	8	0	0	0	1.0
AF_outer	healthy_vs_degenerated_all	ZNF436	0.0	1.0	5	0	0	0	1.0
AF_outer	healthy_vs_degenerated_all	SCX	0.0	1.0	7	0	0	0	1.0
AF_outer	healthy_vs_degenerated_all	NANOG	0.0	1.0	30	0	0	0	1.0
AF_outer	healthy_vs_degenerated_all	ARX	0.0	1.0	13	0	0	0	1.0
AF_outer	healthy_vs_degenerated_all	VHL	0.0	1.0	19	0	0	0	1.0
AF_outer	healthy_vs_degenerated_all	SOX4	0.0	1.0	18	0	0	0	1.0
AF_outer	healthy_vs_degenerated_all	ATF5	0.047619047619047616	0.10341379033722777	21	1	1	0	0.5787377257404489
AF_outer	healthy_vs_degenerated_all	CTCFL	0.0	1.0	6	0	0	0	1.0
AF_outer	healthy_vs_degenerated_all	SP6	0.0	1.0	5	0	0	0	1.0
AF_outer	healthy_vs_degenerated_all	SMARCA5	0.0	1.0	8	0	0	0	1.0
AF_outer	healthy_vs_degenerated_all	EOMES	0.0	1.0	8	0	0	0	1.0
AF_outer	healthy_vs_degenerated_all	ESRRB	0.0	1.0	5	0	0	0	1.0
AF_outer	healthy_vs_degenerated_all	ZXDC	0.0	1.0	5	0	0	0	1.0
AF_outer	healthy_vs_degenerated_all	NR2E1	0.0	1.0	10	0	0	0	1.0
AF_outer	healthy_vs_degenerated_all	ZFP42	0.0	1.0	12	0	0	0	1.0
AF_outer	healthy_vs_degenerated_all	KMT2B	0.0	1.0	11	0	0	0	1.0
AF_outer	healthy_vs_degenerated_all	NFIB	0.0	1.0	13	0	0	0	1.0
AF_outer	healthy_vs_degenerated_all	EN1	-0.2	0.025637353684660243	5	1	0	1	0.39994871359813017
AF_outer	healthy_vs_degenerated_all	MTA3	0.0	1.0	9	0	0	0	1.0
AF_outer	healthy_vs_degenerated_all	TBX18	0.0	1.0	7	0	0	0	1.0
AF_outer	healthy_vs_degenerated_all	EGR4	0.0	1.0	8	0	0	0	1.0
AF_outer	healthy_vs_degenerated_all	HSF4	0.0	1.0	8	0	0	0	1.0
AF_outer	healthy_vs_degenerated_all	BCLAF1	0.0	1.0	5	0	0	0	1.0
AF_outer	healthy_vs_degenerated_all	KDM5C	0.0	1.0	10	0	0	0	1.0
AF_outer	healthy_vs_degenerated_all	FOSL2	0.0	1.0	22	0	0	0	1.0
AF_outer	healthy_vs_degenerated_all	MED1	0.0	1.0	9	0	0	0	1.0
AF_outer	healthy_vs_degenerated_all	LYL1	0.0	1.0	12	0	0	0	1.0
AF_outer	healthy_vs_degenerated_all	HOXD1	0.0	1.0	5	0	0	0	1.0
AF_outer	healthy_vs_degenerated_all	SALL4	0.0	1.0	5	0	0	0	1.0
AF_outer	healthy_vs_degenerated_all	KDM5B	0.05	0.09873680544194292	20	1	1	0	0.5617556805011784
AF_outer	healthy_vs_degenerated_all	TADA2A	0.0	1.0	6	0	0	0	1.0
AF_outer	healthy_vs_degenerated_all	SATB2	0.0	1.0	17	0	0	0	1.0
AF_outer	healthy_vs_degenerated_all	NSD2	0.0	1.0	6	0	0	0	1.0
AF_outer	healthy_vs_degenerated_all	PBRM1	0.0	1.0	7	0	0	0	1.0
AF_outer	healthy_vs_degenerated_all	ZBTB4	0.0	1.0	12	0	0	0	1.0
AF_outer	healthy_vs_degenerated_all	THAP11	0.0	1.0	6	0	0	0	1.0
AF_outer	healthy_vs_degenerated_all	FOXJ1	0.0	1.0	8	0	0	0	1.0
AF_outer	healthy_vs_degenerated_all	PPARGC1A	0.0	1.0	18	0	0	0	1.0
AF_outer	healthy_vs_degenerated_all	BATF	0.0	1.0	7	0	0	0	1.0
AF_outer	healthy_vs_degenerated_all	ARID3B	0.0	1.0	5	0	0	0	1.0
AF_outer	healthy_vs_degenerated_all	ZNF300	-0.2	0.025637353684660243	5	1	0	1	0.39994871359813017
AF_outer	healthy_vs_degenerated_all	NUPR1	0.0	1.0	6	0	0	0	1.0
AF_outer	healthy_vs_degenerated_all	ZNF331	0.0	1.0	17	0	0	0	1.0
AF_outer	healthy_vs_degenerated_all	ZNF382	0.0	1.0	11	0	0	0	1.0
AF_outer	healthy_vs_degenerated_all	HOXD8	0.0	1.0	5	0	0	0	1.0
AF_outer	healthy_vs_degenerated_all	LHX8	0.0	1.0	7	0	0	0	1.0
AF_outer	healthy_vs_degenerated_all	IRX1	0.0	1.0	11	0	0	0	1.0
AF_outer	healthy_vs_degenerated_all	SOX11	0.0	1.0	7	0	0	0	1.0
AF_outer	healthy_vs_degenerated_all	IRF6	-0.1	0.05062867340790299	10	1	0	1	0.42893737192806697
AF_outer	healthy_vs_degenerated_all	E2F7	0.0	1.0	5	0	0	0	1.0
AF_outer	healthy_vs_degenerated_all	HEYL	0.0	1.0	5	0	0	0	1.0
AF_outer	healthy_vs_degenerated_all	MECP2	0.0	1.0	16	0	0	0	1.0
AF_outer	healthy_vs_degenerated_all	MAML1	0.0	1.0	5	0	0	0	1.0
AF_outer	healthy_vs_degenerated_all	DOT1L	0.0	1.0	8	0	0	0	1.0
AF_outer	healthy_vs_degenerated_all	ARID3A	0.0	1.0	6	0	0	0	1.0
AF_outer	healthy_vs_degenerated_all	ARID1A	0.0	1.0	5	0	0	0	1.0
AF_outer	healthy_vs_degenerated_all	ZBTB18	0.0	1.0	6	0	0	0	1.0
AF_outer	healthy_vs_degenerated_all	TCF15	0.0	1.0	5	0	0	0	1.0
AF_outer	healthy_vs_degenerated_all	NPM1	0.09090909090909091	0.05555082782083269	11	1	1	0	0.4458684864566835
AF_outer	healthy_vs_degenerated_all	SETBP1	0.0	1.0	5	0	0	0	1.0
AF_outer	healthy_vs_degenerated_all	KDM2A	0.0	1.0	8	0	0	0	1.0
AF_outer	healthy_vs_degenerated_all	MKX	0.0	1.0	6	0	0	0	1.0
AF_outer	healthy_vs_degenerated_all	HDAC3	0.0	1.0	13	0	0	0	1.0
AF_outer	healthy_vs_degenerated_all	BTG2	0.0	1.0	6	0	0	0	1.0
AF_outer	healthy_vs_degenerated_all	CREB5	0.0	1.0	9	0	0	0	1.0
AF_outer	healthy_vs_degenerated_all	CTBP1	0.125	0.04070863704227477	8	1	1	0	0.39994871359813017
AF_outer	healthy_vs_degenerated_all	HDAC1	0.017543859649122806	0.2567935609057645	57	1	1	0	0.9160472055702711
AF_outer	healthy_vs_degenerated_all	HCFC1	0.0	1.0	7	0	0	0	1.0
AF_outer	healthy_vs_degenerated_all	ETV7	0.0	1.0	8	0	0	0	1.0
AF_outer	healthy_vs_degenerated_all	FHL2	0.0	1.0	6	0	0	0	1.0
AF_outer	healthy_vs_degenerated_all	HDAC4	0.0	1.0	16	0	0	0	1.0
AF_outer	healthy_vs_degenerated_all	HDAC7	0.0	1.0	10	0	0	0	1.0
AF_outer	healthy_vs_degenerated_all	HDAC9	0.0	1.0	14	0	0	0	1.0
AF_outer	healthy_vs_degenerated_all	ING4	0.07142857142857142	0.07016734711040341	14	1	1	0	0.4920332855338318
AF_outer	healthy_vs_degenerated_all	SIN3A	0.125	0.04070863704227477	8	1	1	0	0.39994871359813017
AF_outer	healthy_vs_degenerated_all	SMARCA4	0.0	1.0	7	0	0	0	1.0
AF_outer	healthy_vs_degenerated_all	WWTR1	0.0	1.0	8	0	0	0	1.0
AF_outer	healthy_vs_degenerated_all	PIN1	0.0	1.0	5	0	0	0	1.0
AF_outer	healthy_vs_degenerated_all	FGF2	0.0	1.0	6	0	0	0	1.0
AF_outer	healthy_vs_degenerated_all	PARK7	-0.16666666666666666	0.030686782800032033	6	1	0	1	0.39994871359813017
AF_outer	healthy_vs_degenerated_all	YAP1	0.0	1.0	8	0	0	0	1.0
AF_outer	healthy_vs_degenerated_all	BCOR	0.0	1.0	5	0	0	0	1.0
AF_outer	healthy_vs_degenerated_all	BRD4	0.14285714285714285	0.0357105010561148	7	1	1	0	0.39994871359813017
AF_outer	healthy_vs_degenerated_all	SRSF2	0.08333333333333333	0.060447908036807635	12	1	1	0	0.46091529878065823
AF_outer	healthy_vs_degenerated_all	ZMYND8	0.0	1.0	6	0	0	0	1.0
AF_outer	healthy_vs_degenerated_all	ARID4B	0.0	1.0	8	0	0	0	1.0
AF_outer	healthy_vs_degenerated_all	AP1	0.0	0.006292786246071719	323	6	3	3	0.25211742442485763
AF_outer	healthy_vs_degenerated_all	NFKB	-0.006329113924050633	0.010802875157180624	474	7	2	5	0.3137978021847705
AF_outer	healthy_vs_degenerated_mild	MYC	-0.0014771048744460858	0.5621707511662004	677	1	0	1	1.0
AF_outer	healthy_vs_degenerated_mild	SPI1	-0.005917159763313609	0.18234463912057747	169	1	0	1	1.0
AF_outer	healthy_vs_degenerated_mild	SMAD3	0.0	1.0	103	0	0	0	1.0
AF_outer	healthy_vs_degenerated_mild	SMAD4	-0.012987012987012988	0.08728962299603626	77	1	0	1	0.7947264183221212
AF_outer	healthy_vs_degenerated_mild	STAT5A	0.0	1.0	120	0	0	0	1.0
AF_outer	healthy_vs_degenerated_mild	STAT5B	-0.03125	0.0024923470903497383	64	2	0	2	0.3230922632257995
AF_outer	healthy_vs_degenerated_mild	RELA	-0.00949367088607595	0.0054160172895979415	316	3	0	3	0.4035996997817025
AF_outer	healthy_vs_degenerated_mild	WT1	0.0	1.0	91	0	0	0	1.0
AF_outer	healthy_vs_degenerated_mild	NR0B2	0.015625	0.07306431709212086	64	1	1	0	0.6856805142491342
AF_outer	healthy_vs_degenerated_mild	SP1	-0.003821656050955414	0.06039911429516693	785	3	0	3	0.6244654189839294
AF_outer	healthy_vs_degenerated_mild	TP53	-0.004291845493562232	0.045241001204421455	699	3	0	3	0.5871704411637678
AF_outer	healthy_vs_degenerated_mild	ZBTB16	0.0	1.0	35	0	0	0	1.0
AF_outer	healthy_vs_degenerated_mild	ETV6	0.0	1.0	15	0	0	0	1.0
AF_outer	healthy_vs_degenerated_mild	RUNX1	0.008849557522123894	0.1256378937251413	113	1	1	0	1.0
AF_outer	healthy_vs_degenerated_mild	STAT1	0.0	0.02289625107744673	202	2	1	1	0.4322576776407239
AF_outer	healthy_vs_degenerated_mild	STAT3	-0.007751937984496124	0.036026501762707705	258	2	0	2	0.5110736296570163
AF_outer	healthy_vs_degenerated_mild	ETV4	0.0	1.0	39	0	0	0	1.0
AF_outer	healthy_vs_degenerated_mild	MTF1	0.0	1.0	25	0	0	0	1.0
AF_outer	healthy_vs_degenerated_mild	CREB1	-0.0038314176245210726	0.26818707619623594	261	1	0	1	1.0
AF_outer	healthy_vs_degenerated_mild	FOXA2	0.0	1.0	43	0	0	0	1.0
AF_outer	healthy_vs_degenerated_mild	NFATC2	-0.021739130434782608	0.053029708657251325	46	1	0	1	0.6244654189839294
AF_outer	healthy_vs_degenerated_mild	CEBPB	0.0	1.0	248	0	0	0	1.0
AF_outer	healthy_vs_degenerated_mild	FOS	0.0	0.020614750608763242	191	2	1	1	0.4322576776407239
AF_outer	healthy_vs_degenerated_mild	PLAG1	0.0	1.0	7	0	0	0	1.0
AF_outer	healthy_vs_degenerated_mild	E2F1	0.0	1.0	251	0	0	0	1.0
AF_outer	healthy_vs_degenerated_mild	E2F3	0.0	1.0	58	0	0	0	1.0
AF_outer	healthy_vs_degenerated_mild	HBP1	0.0	1.0	28	0	0	0	1.0
AF_outer	healthy_vs_degenerated_mild	YY1	0.00641025641025641	0.16949179137569145	156	1	1	0	1.0
AF_outer	healthy_vs_degenerated_mild	ESR1	0.0	1.0	386	0	0	0	1.0
AF_outer	healthy_vs_degenerated_mild	JUN	-0.002652519893899204	0.008832657293110006	377	3	1	2	0.4035996997817025
AF_outer	healthy_vs_degenerated_mild	NR1I3	0.037037037037037035	0.03144899824717238	27	1	1	0	0.4970897290630837
AF_outer	healthy_vs_degenerated_mild	CEBPG	-0.010752688172043012	0.1045210037258346	93	1	0	1	0.8945644025760559
AF_outer	healthy_vs_degenerated_mild	MAFK	0.0	1.0	14	0	0	0	1.0
AF_outer	healthy_vs_degenerated_mild	STAT4	0.0	1.0	12	0	0	0	1.0
AF_outer	healthy_vs_degenerated_mild	IRF1	-0.010869565217391304	0.10345290326234584	92	1	0	1	0.8945644025760559
AF_outer	healthy_vs_degenerated_mild	ATF2	0.0	1.0	80	0	0	0	1.0
AF_outer	healthy_vs_degenerated_mild	NR2C2	0.0	1.0	33	0	0	0	1.0
AF_outer	healthy_vs_degenerated_mild	IRF3	-0.02	0.05751607610531282	50	1	0	1	0.6244654189839294
AF_outer	healthy_vs_degenerated_mild	TFAP2A	0.0	1.0	178	0	0	0	1.0
AF_outer	healthy_vs_degenerated_mild	HNF1A	-0.025	0.046263184283037884	40	1	0	1	0.5879279669302732
AF_outer	healthy_vs_degenerated_mild	ETS1	0.0	1.0	122	0	0	0	1.0
AF_outer	healthy_vs_degenerated_mild	ARNT	0.0	1.0	40	0	0	0	1.0
AF_outer	healthy_vs_degenerated_mild	AHR	0.010638297872340425	0.10558792948438693	94	1	1	0	0.8945644025760559
AF_outer	healthy_vs_degenerated_mild	PAX6	0.0	1.0	78	0	0	0	1.0
AF_outer	healthy_vs_degenerated_mild	NFYA	0.0	1.0	70	0	0	0	1.0
AF_outer	healthy_vs_degenerated_mild	ZNF148	0.0	1.0	21	0	0	0	1.0
AF_outer	healthy_vs_degenerated_mild	NFIC	0.0	1.0	42	0	0	0	1.0
AF_outer	healthy_vs_degenerated_mild	RBPJ	0.0	1.0	82	0	0	0	1.0
AF_outer	healthy_vs_degenerated_mild	HES1	0.019230769230769232	0.05975189485012745	52	1	1	0	0.6244654189839294
AF_outer	healthy_vs_degenerated_mild	GATA4	0.0	1.0	58	0	0	0	1.0
AF_outer	healthy_vs_degenerated_mild	GATA6	0.0	1.0	34	0	0	0	1.0
AF_outer	healthy_vs_degenerated_mild	HNF4A	-0.008064516129032258	0.13705530018475176	124	1	0	1	1.0
AF_outer	healthy_vs_degenerated_mild	RARA	0.0	1.0	100	0	0	0	1.0
AF_outer	healthy_vs_degenerated_mild	DBP	-0.05263157894736842	0.02222730429067592	19	1	0	1	0.4322576776407239
AF_outer	healthy_vs_degenerated_mild	HLF	0.0	1.0	10	0	0	0	1.0
AF_outer	healthy_vs_degenerated_mild	PPARG	0.0	0.023322017421072358	204	2	1	1	0.4322576776407239
AF_outer	healthy_vs_degenerated_mild	MAX	0.0	1.0	33	0	0	0	1.0
AF_outer	healthy_vs_degenerated_mild	USF2	-0.015873015873015872	0.07196163006084325	63	1	0	1	0.6856805142491342
AF_outer	healthy_vs_degenerated_mild	IRF2	-0.03333333333333333	0.03488638599602989	30	1	0	1	0.5066832251804341
AF_outer	healthy_vs_degenerated_mild	SP3	0.0	1.0	253	0	0	0	1.0
AF_outer	healthy_vs_degenerated_mild	AR	0.002932551319648094	0.3359875315694151	341	1	1	0	1.0
AF_outer	healthy_vs_degenerated_mild	CUX1	0.0	1.0	74	0	0	0	1.0
AF_outer	healthy_vs_degenerated_mild	ATF1	0.0	1.0	58	0	0	0	1.0
AF_outer	healthy_vs_degenerated_mild	KAT7	-0.018518518518518517	0.061982816749472876	54	1	0	1	0.6301586369529742
AF_outer	healthy_vs_degenerated_mild	CREBZF	0.0	1.0	11	0	0	0	1.0
AF_outer	healthy_vs_degenerated_mild	GLI3	0.0	1.0	25	0	0	0	1.0
AF_outer	healthy_vs_degenerated_mild	NKX2-5	0.0	1.0	32	0	0	0	1.0
AF_outer	healthy_vs_degenerated_mild	TGFB1I1	0.0	1.0	11	0	0	0	1.0
AF_outer	healthy_vs_degenerated_mild	RARB	0.0	1.0	31	0	0	0	1.0
AF_outer	healthy_vs_degenerated_mild	RARG	0.0	1.0	20	0	0	0	1.0
AF_outer	healthy_vs_degenerated_mild	TEAD1	0.0	1.0	14	0	0	0	1.0
AF_outer	healthy_vs_degenerated_mild	PPARA	-0.013333333333333334	0.013046857942595393	150	2	0	2	0.4322576776407239
AF_outer	healthy_vs_degenerated_mild	ESR2	0.0	1.0	119	0	0	0	1.0
AF_outer	healthy_vs_degenerated_mild	NR3C1	0.0	0.014577510189820102	159	2	1	1	0.4322576776407239
AF_outer	healthy_vs_degenerated_mild	PGR	0.0	1.0	84	0	0	0	1.0
AF_outer	healthy_vs_degenerated_mild	NRG1	0.0	1.0	26	0	0	0	1.0
AF_outer	healthy_vs_degenerated_mild	TBP	0.0	1.0	102	0	0	0	1.0
AF_outer	healthy_vs_degenerated_mild	REL	-0.030303030303030304	0.0026482972395557333	66	2	0	2	0.3230922632257995
AF_outer	healthy_vs_degenerated_mild	ISL1	0.0	1.0	10	0	0	0	1.0
AF_outer	healthy_vs_degenerated_mild	ZBTB14	0.0	1.0	5	0	0	0	1.0
AF_outer	healthy_vs_degenerated_mild	MYB	0.0	1.0	106	0	0	0	1.0
AF_outer	healthy_vs_degenerated_mild	PITX1	-0.058823529411764705	0.019909251840454785	17	1	0	1	0.4322576776407239
AF_outer	healthy_vs_degenerated_mild	EGR1	0.0	0.02753068900255484	223	2	1	1	0.46649223032106807
AF_outer	healthy_vs_degenerated_mild	MYOD1	-0.011904761904761904	0.09486566769027606	84	1	0	1	0.8386674969720057
AF_outer	healthy_vs_degenerated_mild	ETS2	0.0	1.0	67	0	0	0	1.0
AF_outer	healthy_vs_degenerated_mild	GTF2I	0.0	1.0	17	0	0	0	1.0
AF_outer	healthy_vs_degenerated_mild	NR2F1	0.0	1.0	20	0	0	0	1.0
AF_outer	healthy_vs_degenerated_mild	ENO1	-0.08333333333333333	0.014091909070832293	12	1	0	1	0.4322576776407239
AF_outer	healthy_vs_degenerated_mild	JDP2	0.0	1.0	27	0	0	0	1.0
AF_outer	healthy_vs_degenerated_mild	MAZ	0.0	1.0	21	0	0	0	1.0
AF_outer	healthy_vs_degenerated_mild	NR4A1	0.0	1.0	56	0	0	0	1.0
AF_outer	healthy_vs_degenerated_mild	HMGA1	0.0	1.0	38	0	0	0	1.0
AF_outer	healthy_vs_degenerated_mild	NFKB1	-0.013043478260869565	0.002207483680799208	230	3	0	3	0.3230922632257995
AF_outer	healthy_vs_degenerated_mild	USF1	0.00819672131147541	0.1349896995386732	122	1	1	0	1.0
AF_outer	healthy_vs_degenerated_mild	DDIT3	0.0	1.0	70	0	0	0	1.0
AF_outer	healthy_vs_degenerated_mild	ATF4	0.0	1.0	83	0	0	0	1.0
AF_outer	healthy_vs_degenerated_mild	ATF3	0.0	1.0	72	0	0	0	1.0
AF_outer	healthy_vs_degenerated_mild	TAF1	0.0	1.0	35	0	0	0	1.0
AF_outer	healthy_vs_degenerated_mild	RUNX2	0.0	1.0	78	0	0	0	1.0
AF_outer	healthy_vs_degenerated_mild	TFAP2B	0.0	1.0	11	0	0	0	1.0
AF_outer	healthy_vs_degenerated_mild	CREM	0.0	1.0	42	0	0	0	1.0
AF_outer	healthy_vs_degenerated_mild	IRF8	0.0	1.0	41	0	0	0	1.0
AF_outer	healthy_vs_degenerated_mild	ETV5	-0.16666666666666666	0.00706903071994239	6	1	0	1	0.4035996997817025
AF_outer	healthy_vs_degenerated_mild	DMTF1	0.0	1.0	13	0	0	0	1.0
AF_outer	healthy_vs_degenerated_mild	NR5A1	0.0	1.0	43	0	0	0	1.0
AF_outer	healthy_vs_degenerated_mild	NEUROD2	0.0	1.0	8	0	0	0	1.0
AF_outer	healthy_vs_degenerated_mild	NEUROD1	0.0	1.0	25	0	0	0	1.0
AF_outer	healthy_vs_degenerated_mild	HHEX	0.0	1.0	15	0	0	0	1.0
AF_outer	healthy_vs_degenerated_mild	FOXO3	-0.006535947712418301	0.16649938660587474	153	1	0	1	1.0
AF_outer	healthy_vs_degenerated_mild	MBD1	0.0	1.0	10	0	0	0	1.0
AF_outer	healthy_vs_degenerated_mild	CEBPD	0.0	1.0	47	0	0	0	1.0
AF_outer	healthy_vs_degenerated_mild	ELK1	0.0	1.0	41	0	0	0	1.0
AF_outer	healthy_vs_degenerated_mild	FLI1	-0.017241379310344827	0.06643000932588326	58	1	0	1	0.6643000932588327
AF_outer	healthy_vs_degenerated_mild	ELK4	0.0	1.0	6	0	0	0	1.0
AF_outer	healthy_vs_degenerated_mild	PREB	0.0	1.0	8	0	0	0	1.0
AF_outer	healthy_vs_degenerated_mild	POU1F1	0.0	1.0	27	0	0	0	1.0
AF_outer	healthy_vs_degenerated_mild	PAX5	0.0	1.0	36	0	0	0	1.0
AF_outer	healthy_vs_degenerated_mild	CEBPA	-0.009174311926605505	0.12145165408075442	109	1	0	1	1.0
AF_outer	healthy_vs_degenerated_mild	LITAF	0.0	1.0	19	0	0	0	1.0
AF_outer	healthy_vs_degenerated_mild	STAT6	0.0	1.0	57	0	0	0	1.0
AF_outer	healthy_vs_degenerated_mild	HIF1A	-0.0033003300330033004	0.30454035019587994	303	1	0	1	1.0
AF_outer	healthy_vs_degenerated_mild	TP73	0.0	1.0	98	0	0	0	1.0
AF_outer	healthy_vs_degenerated_mild	KLF11	0.0	1.0	15	0	0	0	1.0
AF_outer	healthy_vs_degenerated_mild	TCF4	0.0	1.0	31	0	0	0	1.0
AF_outer	healthy_vs_degenerated_mild	HIVEP2	0.0	1.0	8	0	0	0	1.0
AF_outer	healthy_vs_degenerated_mild	E2F4	0.0	1.0	149	0	0	0	1.0
AF_outer	healthy_vs_degenerated_mild	GATA5	0.0	1.0	8	0	0	0	1.0
AF_outer	healthy_vs_degenerated_mild	SRF	0.0	1.0	60	0	0	0	1.0
AF_outer	healthy_vs_degenerated_mild	ELF1	0.0	1.0	44	0	0	0	1.0
AF_outer	healthy_vs_degenerated_mild	GATA3	0.0	1.0	100	0	0	0	1.0
AF_outer	healthy_vs_degenerated_mild	MSX1	0.0	1.0	14	0	0	0	1.0
AF_outer	healthy_vs_degenerated_mild	OTX2	0.0	1.0	15	0	0	0	1.0
AF_outer	healthy_vs_degenerated_mild	LHX2	0.0	1.0	17	0	0	0	1.0
AF_outer	healthy_vs_degenerated_mild	GABPA	0.0	1.0	25	0	0	0	1.0
AF_outer	healthy_vs_degenerated_mild	HSF2	0.0	1.0	19	0	0	0	1.0
AF_outer	healthy_vs_degenerated_mild	VDR	0.0125	0.09054363810958559	80	1	1	0	0.8122296948065766
AF_outer	healthy_vs_degenerated_mild	HOXC8	0.0	1.0	12	0	0	0	1.0
AF_outer	healthy_vs_degenerated_mild	HR	0.0	1.0	50	0	0	0	1.0
AF_outer	healthy_vs_degenerated_mild	RELB	0.0	1.0	30	0	0	0	1.0
AF_outer	healthy_vs_degenerated_mild	CEBPE	0.0	1.0	16	0	0	0	1.0
AF_outer	healthy_vs_degenerated_mild	NR0B1	0.0	1.0	22	0	0	0	1.0
AF_outer	healthy_vs_degenerated_mild	LEF1	0.0	1.0	51	0	0	0	1.0
AF_outer	healthy_vs_degenerated_mild	ID1	0.0	1.0	51	0	0	0	1.0
AF_outer	healthy_vs_degenerated_mild	ZNF143	0.0	1.0	22	0	0	0	1.0
AF_outer	healthy_vs_degenerated_mild	SOX9	0.0	1.0	55	0	0	0	1.0
AF_outer	healthy_vs_degenerated_mild	YBX1	-0.015625	0.07306431709212086	64	1	0	1	0.6856805142491342
AF_outer	healthy_vs_degenerated_mild	HSF1	0.0	0.0026482972395557333	66	2	1	1	0.3230922632257995
AF_outer	healthy_vs_degenerated_mild	POU4F1	0.0	1.0	16	0	0	0	1.0
AF_outer	healthy_vs_degenerated_mild	NOTO	0.0	1.0	5	0	0	0	1.0
AF_outer	healthy_vs_degenerated_mild	HNF1B	0.0	1.0	19	0	0	0	1.0
AF_outer	healthy_vs_degenerated_mild	PAX3	0.0	1.0	56	0	0	0	1.0
AF_outer	healthy_vs_degenerated_mild	ID2	0.0	1.0	41	0	0	0	1.0
AF_outer	healthy_vs_degenerated_mild	MEF2A	0.0	1.0	55	0	0	0	1.0
AF_outer	healthy_vs_degenerated_mild	PDX1	0.0	1.0	45	0	0	0	1.0
AF_outer	healthy_vs_degenerated_mild	NR2F2	0.0	1.0	31	0	0	0	1.0
AF_outer	healthy_vs_degenerated_mild	NR1H4	0.014925373134328358	0.07636512587751812	67	1	1	0	0.7057988906861523
AF_outer	healthy_vs_degenerated_mild	ASCL1	0.0	1.0	30	0	0	0	1.0
AF_outer	healthy_vs_degenerated_mild	RFX1	0.0	1.0	17	0	0	0	1.0
AF_outer	healthy_vs_degenerated_mild	CRX	0.0	1.0	10	0	0	0	1.0
AF_outer	healthy_vs_degenerated_mild	NRL	0.0	1.0	10	0	0	0	1.0
AF_outer	healthy_vs_degenerated_mild	UBTF	0.0	1.0	9	0	0	0	1.0
AF_outer	healthy_vs_degenerated_mild	MYBL2	0.0	1.0	44	0	0	0	1.0
AF_outer	healthy_vs_degenerated_mild	ELF2	0.0	1.0	7	0	0	0	1.0
AF_outer	healthy_vs_degenerated_mild	JUND	-0.03571428571428571	0.0019140495141377408	56	2	0	2	0.3230922632257995
AF_outer	healthy_vs_degenerated_mild	TP63	-0.007142857142857143	0.15341693391446468	140	1	0	1	1.0
AF_outer	healthy_vs_degenerated_mild	NFKBIB	0.0	1.0	14	0	0	0	1.0
AF_outer	healthy_vs_degenerated_mild	HOXC6	0.0	1.0	8	0	0	0	1.0
AF_outer	healthy_vs_degenerated_mild	FOXO1	-0.005681818181818182	0.1891891072436239	176	1	0	1	1.0
AF_outer	healthy_vs_degenerated_mild	PITX2	0.0	1.0	60	0	0	0	1.0
AF_outer	healthy_vs_degenerated_mild	NR5A2	0.0	1.0	25	0	0	0	1.0
AF_outer	healthy_vs_degenerated_mild	POU2F1	0.0	1.0	46	0	0	0	1.0
AF_outer	healthy_vs_degenerated_mild	XBP1	0.0	1.0	39	0	0	0	1.0
AF_outer	healthy_vs_degenerated_mild	SREBF1	0.0	1.0	82	0	0	0	1.0
AF_outer	healthy_vs_degenerated_mild	TCF3	0.0	1.0	61	0	0	0	1.0
AF_outer	healthy_vs_degenerated_mild	LRRFIP1	0.0	1.0	7	0	0	0	1.0
AF_outer	healthy_vs_degenerated_mild	TCF12	0.0	1.0	25	0	0	0	1.0
AF_outer	healthy_vs_degenerated_mild	E4F1	0.0	1.0	8	0	0	0	1.0
AF_outer	healthy_vs_degenerated_mild	BRCA1	0.0	1.0	48	0	0	0	1.0
AF_outer	healthy_vs_degenerated_mild	ZNF362	0.0	1.0	10	0	0	0	1.0
AF_outer	healthy_vs_degenerated_mild	NRF1	0.0	1.0	61	0	0	0	1.0
AF_outer	healthy_vs_degenerated_mild	GATA1	0.0	1.0	65	0	0	0	1.0
AF_outer	healthy_vs_degenerated_mild	MYCN	0.0	1.0	100	0	0	0	1.0
AF_outer	healthy_vs_degenerated_mild	PKNOX1	0.0	1.0	9	0	0	0	1.0
AF_outer	healthy_vs_degenerated_mild	NR4A3	0.0	1.0	16	0	0	0	1.0
AF_outer	healthy_vs_degenerated_mild	SSRP1	0.0	1.0	77	0	0	0	1.0
AF_outer	healthy_vs_degenerated_mild	ZNF91	0.0	1.0	25	0	0	0	1.0
AF_outer	healthy_vs_degenerated_mild	NR2C1	-0.1111111111111111	0.010586221633618427	9	1	0	1	0.4035996997817025
AF_outer	healthy_vs_degenerated_mild	ID3	0.0	1.0	24	0	0	0	1.0
AF_outer	healthy_vs_degenerated_mild	ERF	0.0	1.0	12	0	0	0	1.0
AF_outer	healthy_vs_degenerated_mild	ZNF354C	0.0	1.0	15	0	0	0	1.0
AF_outer	healthy_vs_degenerated_mild	HMGA2	0.0	1.0	27	0	0	0	1.0
AF_outer	healthy_vs_degenerated_mild	POU2F2	0.0	1.0	16	0	0	0	1.0
AF_outer	healthy_vs_degenerated_mild	SREBF2	0.0	1.0	46	0	0	0	1.0
AF_outer	healthy_vs_degenerated_mild	ELF4	0.0	1.0	30	0	0	0	1.0
AF_outer	healthy_vs_degenerated_mild	TTF1	-0.03333333333333333	0.03488638599602989	30	1	0	1	0.5066832251804341
AF_outer	healthy_vs_degenerated_mild	DLX4	0.0	1.0	21	0	0	0	1.0
AF_outer	healthy_vs_degenerated_mild	NR1I2	0.006993006993006993	0.1564526739162512	143	1	1	0	1.0
AF_outer	healthy_vs_degenerated_mild	NR1H3	0.0	1.0	71	0	0	0	1.0
AF_outer	healthy_vs_degenerated_mild	MITF	0.0	1.0	60	0	0	0	1.0
AF_outer	healthy_vs_degenerated_mild	NCOA1	-0.020833333333333332	0.05527535066402595	48	1	0	1	0.6244654189839294
AF_outer	healthy_vs_degenerated_mild	NCOR1	0.0	1.0	57	0	0	0	1.0
AF_outer	healthy_vs_degenerated_mild	FOSL1	0.0	1.0	34	0	0	0	1.0
AF_outer	healthy_vs_degenerated_mild	JUNB	0.0	1.0	54	0	0	0	1.0
AF_outer	healthy_vs_degenerated_mild	DNMT1	0.0	1.0	113	0	0	0	1.0
AF_outer	healthy_vs_degenerated_mild	KLF5	0.0	1.0	51	0	0	0	1.0
AF_outer	healthy_vs_degenerated_mild	NR3C2	-0.029411764705882353	0.03945205379945366	34	1	0	1	0.5469489276742439
AF_outer	healthy_vs_degenerated_mild	MYRF	0.0	1.0	5	0	0	0	1.0
AF_outer	healthy_vs_degenerated_mild	EBF1	0.0	1.0	9	0	0	0	1.0
AF_outer	healthy_vs_degenerated_mild	CREBBP	0.0	1.0	25	0	0	0	1.0
AF_outer	healthy_vs_degenerated_mild	ZFPM1	0.0	1.0	8	0	0	0	1.0
AF_outer	healthy_vs_degenerated_mild	APEX1	0.0	1.0	26	0	0	0	1.0
AF_outer	healthy_vs_degenerated_mild	TFAM	0.0	1.0	11	0	0	0	1.0
AF_outer	healthy_vs_degenerated_mild	IRF4	0.03571428571428571	0.032596047807415325	28	1	1	0	0.4970897290630837
AF_outer	healthy_vs_degenerated_mild	ZBED1	0.0	1.0	16	0	0	0	1.0
AF_outer	healthy_vs_degenerated_mild	NCOA2	0.0	1.0	37	0	0	0	1.0
AF_outer	healthy_vs_degenerated_mild	FOXA1	0.0	1.0	28	0	0	0	1.0
AF_outer	healthy_vs_degenerated_mild	NR4A2	-0.03571428571428571	0.032596047807415325	28	1	0	1	0.4970897290630837
AF_outer	healthy_vs_degenerated_mild	KLF1	0.0	1.0	15	0	0	0	1.0
AF_outer	healthy_vs_degenerated_mild	LHX3	0.0	1.0	5	0	0	0	1.0
AF_outer	healthy_vs_degenerated_mild	CTCF	0.0	1.0	89	0	0	0	1.0
AF_outer	healthy_vs_degenerated_mild	BCL6	-0.02040816326530612	0.05639632733811935	49	1	0	1	0.6244654189839294
AF_outer	healthy_vs_degenerated_mild	RB1	0.0	1.0	30	0	0	0	1.0
AF_outer	healthy_vs_degenerated_mild	TFCP2	0.0	1.0	37	0	0	0	1.0
AF_outer	healthy_vs_degenerated_mild	REST	0.0	1.0	19	0	0	0	1.0
AF_outer	healthy_vs_degenerated_mild	ESRRA	0.0	1.0	26	0	0	0	1.0
AF_outer	healthy_vs_degenerated_mild	HOXD3	0.0	1.0	5	0	0	0	1.0
AF_outer	healthy_vs_degenerated_mild	IRF9	-0.07692307692307693	0.015257921187105866	13	1	0	1	0.4322576776407239
AF_outer	healthy_vs_degenerated_mild	TFE3	0.0	1.0	27	0	0	0	1.0
AF_outer	healthy_vs_degenerated_mild	ZNF236	0.0	1.0	6	0	0	0	1.0
AF_outer	healthy_vs_degenerated_mild	TFAP2C	0.0	1.0	15	0	0	0	1.0
AF_outer	healthy_vs_degenerated_mild	PAX8	0.0	1.0	15	0	0	0	1.0
AF_outer	healthy_vs_degenerated_mild	NKX2-1	0.0	1.0	28	0	0	0	1.0
AF_outer	healthy_vs_degenerated_mild	PBX1	0.0	1.0	24	0	0	0	1.0
AF_outer	healthy_vs_degenerated_mild	SP4	0.0	1.0	32	0	0	0	1.0
AF_outer	healthy_vs_degenerated_mild	CIITA	0.0	1.0	20	0	0	0	1.0
AF_outer	healthy_vs_degenerated_mild	CDX2	0.0	1.0	30	0	0	0	1.0
AF_outer	healthy_vs_degenerated_mild	ELF3	0.0	1.0	15	0	0	0	1.0
AF_outer	healthy_vs_degenerated_mild	ZEB1	0.0	1.0	31	0	0	0	1.0
AF_outer	healthy_vs_degenerated_mild	EGR3	0.0	1.0	17	0	0	0	1.0
AF_outer	healthy_vs_degenerated_mild	EWSR1	0.0	1.0	44	0	0	0	1.0
AF_outer	healthy_vs_degenerated_mild	NAB2	0.16666666666666666	0.00706903071994239	6	1	1	0	0.4035996997817025
AF_outer	healthy_vs_degenerated_mild	DEAF1	0.0	1.0	7	0	0	0	1.0
AF_outer	healthy_vs_degenerated_mild	TBPL1	0.0	1.0	25	0	0	0	1.0
AF_outer	healthy_vs_degenerated_mild	MEF2C	0.0	1.0	31	0	0	0	1.0
AF_outer	healthy_vs_degenerated_mild	POU4F2	0.0	1.0	15	0	0	0	1.0
AF_outer	healthy_vs_degenerated_mild	TAL1	0.0	1.0	60	0	0	0	1.0
AF_outer	healthy_vs_degenerated_mild	EPAS1	0.0	1.0	58	0	0	0	1.0
AF_outer	healthy_vs_degenerated_mild	SMARCA1	0.0	1.0	32	0	0	0	1.0
AF_outer	healthy_vs_degenerated_mild	NFATC4	0.038461538461538464	0.030300693365933284	26	1	1	0	0.4970897290630837
AF_outer	healthy_vs_degenerated_mild	FOXM1	0.0	1.0	58	0	0	0	1.0
AF_outer	healthy_vs_degenerated_mild	MYF5	0.0	1.0	12	0	0	0	1.0
AF_outer	healthy_vs_degenerated_mild	MYOG	0.0	1.0	29	0	0	0	1.0
AF_outer	healthy_vs_degenerated_mild	SMAD7	0.0	1.0	43	0	0	0	1.0
AF_outer	healthy_vs_degenerated_mild	SOX10	0.0	1.0	14	0	0	0	1.0
AF_outer	healthy_vs_degenerated_mild	POU3F1	0.0	1.0	5	0	0	0	1.0
AF_outer	healthy_vs_degenerated_mild	NKRF	0.0	1.0	7	0	0	0	1.0
AF_outer	healthy_vs_degenerated_mild	ATF6	0.0	1.0	39	0	0	0	1.0
AF_outer	healthy_vs_degenerated_mild	NKX6-1	0.0	1.0	6	0	0	0	1.0
AF_outer	healthy_vs_degenerated_mild	ERG	0.0	1.0	34	0	0	0	1.0
AF_outer	healthy_vs_degenerated_mild	PITX3	0.0	1.0	8	0	0	0	1.0
AF_outer	healthy_vs_degenerated_mild	HOXB2	0.0	1.0	5	0	0	0	1.0
AF_outer	healthy_vs_degenerated_mild	SATB1	0.0	1.0	23	0	0	0	1.0
AF_outer	healthy_vs_degenerated_mild	NFKB2	0.0	1.0	41	0	0	0	1.0
AF_outer	healthy_vs_degenerated_mild	RORA	0.0	1.0	34	0	0	0	1.0
AF_outer	healthy_vs_degenerated_mild	PROX1	0.0	1.0	14	0	0	0	1.0
AF_outer	healthy_vs_degenerated_mild	PEG3	0.0	1.0	6	0	0	0	1.0
AF_outer	healthy_vs_degenerated_mild	NR2E3	0.0	1.0	6	0	0	0	1.0
AF_outer	healthy_vs_degenerated_mild	NCOR2	0.0	1.0	40	0	0	0	1.0
AF_outer	healthy_vs_degenerated_mild	NCOA3	0.0	1.0	49	0	0	0	1.0
AF_outer	healthy_vs_degenerated_mild	ZFHX3	0.0	1.0	5	0	0	0	1.0
AF_outer	healthy_vs_degenerated_mild	SMAD1	-0.022727272727272728	0.050779140197931526	44	1	0	1	0.6244654189839294
AF_outer	healthy_vs_degenerated_mild	SPDEF	0.0	1.0	8	0	0	0	1.0
AF_outer	healthy_vs_degenerated_mild	PAX2	0.0	1.0	9	0	0	0	1.0
AF_outer	healthy_vs_degenerated_mild	KLF13	0.0	1.0	9	0	0	0	1.0
AF_outer	healthy_vs_degenerated_mild	MAFB	0.0	1.0	27	0	0	0	1.0
AF_outer	healthy_vs_degenerated_mild	ELK3	0.0	1.0	18	0	0	0	1.0
AF_outer	healthy_vs_degenerated_mild	KLF6	-0.02702702702702703	0.0428632116077971	37	1	0	1	0.5810346462390273
AF_outer	healthy_vs_degenerated_mild	SNAI1	0.0	1.0	66	0	0	0	1.0
AF_outer	healthy_vs_degenerated_mild	HESX1	0.0	1.0	13	0	0	0	1.0
AF_outer	healthy_vs_degenerated_mild	BACH2	0.0	1.0	5	0	0	0	1.0
AF_outer	healthy_vs_degenerated_mild	PATZ1	0.0	1.0	8	0	0	0	1.0
AF_outer	healthy_vs_degenerated_mild	ZHX2	0.0	1.0	7	0	0	0	1.0
AF_outer	healthy_vs_degenerated_mild	ONECUT1	0.0	1.0	11	0	0	0	1.0
AF_outer	healthy_vs_degenerated_mild	RXRA	-0.020833333333333332	0.05527535066402595	48	1	0	1	0.6244654189839294
AF_outer	healthy_vs_degenerated_mild	NR1H2	0.0	1.0	29	0	0	0	1.0
AF_outer	healthy_vs_degenerated_mild	KAT5	0.0	1.0	38	0	0	0	1.0
AF_outer	healthy_vs_degenerated_mild	YBX3	0.0	1.0	21	0	0	0	1.0
AF_outer	healthy_vs_degenerated_mild	SMAD6	0.0	1.0	17	0	0	0	1.0
AF_outer	healthy_vs_degenerated_mild	MYBL1	0.0	1.0	9	0	0	0	1.0
AF_outer	healthy_vs_degenerated_mild	CDX1	0.0	1.0	18	0	0	0	1.0
AF_outer	healthy_vs_degenerated_mild	TFDP1	0.0	1.0	29	0	0	0	1.0
AF_outer	healthy_vs_degenerated_mild	KMT2A	0.0	1.0	54	0	0	0	1.0
AF_outer	healthy_vs_degenerated_mild	GATA2	0.0	1.0	38	0	0	0	1.0
AF_outer	healthy_vs_degenerated_mild	PRDM1	0.0	1.0	32	0	0	0	1.0
AF_outer	healthy_vs_degenerated_mild	MXD1	0.0	1.0	16	0	0	0	1.0
AF_outer	healthy_vs_degenerated_mild	CLOCK	0.0	1.0	45	0	0	0	1.0
AF_outer	healthy_vs_degenerated_mild	BHLHE40	0.0	1.0	25	0	0	0	1.0
AF_outer	healthy_vs_degenerated_mild	SRY	-0.05263157894736842	0.02222730429067592	19	1	0	1	0.4322576776407239
AF_outer	healthy_vs_degenerated_mild	MAF	0.0	1.0	27	0	0	0	1.0
AF_outer	healthy_vs_degenerated_mild	AIRE	0.0	1.0	10	0	0	0	1.0
AF_outer	healthy_vs_degenerated_mild	ZGPAT	0.0	1.0	5	0	0	0	1.0
AF_outer	healthy_vs_degenerated_mild	ETV1	0.0	1.0	13	0	0	0	1.0
AF_outer	healthy_vs_degenerated_mild	KLF4	0.0	1.0	72	0	0	0	1.0
AF_outer	healthy_vs_degenerated_mild	EGR2	0.0	1.0	44	0	0	0	1.0
AF_outer	healthy_vs_degenerated_mild	NEUROG3	0.0	1.0	11	0	0	0	1.0
AF_outer	healthy_vs_degenerated_mild	CXXC1	0.0	1.0	11	0	0	0	1.0
AF_outer	healthy_vs_degenerated_mild	TBX21	0.0	1.0	17	0	0	0	1.0
AF_outer	healthy_vs_degenerated_mild	HOXA10	0.0	1.0	29	0	0	0	1.0
AF_outer	healthy_vs_degenerated_mild	LMX1B	0.0	1.0	12	0	0	0	1.0
AF_outer	healthy_vs_degenerated_mild	TBX2	0.0	1.0	20	0	0	0	1.0
AF_outer	healthy_vs_degenerated_mild	ZNF699	0.0	1.0	29	0	0	0	1.0
AF_outer	healthy_vs_degenerated_mild	RFX5	0.0	1.0	13	0	0	0	1.0
AF_outer	healthy_vs_degenerated_mild	RFXANK	0.0	1.0	8	0	0	0	1.0
AF_outer	healthy_vs_degenerated_mild	RFXAP	0.0	1.0	7	0	0	0	1.0
AF_outer	healthy_vs_degenerated_mild	BARX2	0.0	1.0	10	0	0	0	1.0
AF_outer	healthy_vs_degenerated_mild	FOXO4	-0.05	0.023384431741219493	20	1	0	1	0.4322576776407239
AF_outer	healthy_vs_degenerated_mild	DLX5	0.0	1.0	20	0	0	0	1.0
AF_outer	healthy_vs_degenerated_mild	ID4	0.0	1.0	9	0	0	0	1.0
AF_outer	healthy_vs_degenerated_mild	SPIB	-0.1111111111111111	0.010586221633618427	9	1	0	1	0.4035996997817025
AF_outer	healthy_vs_degenerated_mild	FOXN1	0.0	1.0	30	0	0	0	1.0
AF_outer	healthy_vs_degenerated_mild	TBX5	0.0	1.0	11	0	0	0	1.0
AF_outer	healthy_vs_degenerated_mild	TLX1	0.0	1.0	6	0	0	0	1.0
AF_outer	healthy_vs_degenerated_mild	HIVEP1	0.0	1.0	7	0	0	0	1.0
AF_outer	healthy_vs_degenerated_mild	SMAD2	0.0	1.0	55	0	0	0	1.0
AF_outer	healthy_vs_degenerated_mild	NKX3-1	0.0	1.0	49	0	0	0	1.0
AF_outer	healthy_vs_degenerated_mild	HAND2	0.0	1.0	16	0	0	0	1.0
AF_outer	healthy_vs_degenerated_mild	PAX7	0.0	1.0	9	0	0	0	1.0
AF_outer	healthy_vs_degenerated_mild	SFPQ	0.0	1.0	19	0	0	0	1.0
AF_outer	healthy_vs_degenerated_mild	BMAL1	0.0	1.0	44	0	0	0	1.0
AF_outer	healthy_vs_degenerated_mild	SKIL	0.0	1.0	14	0	0	0	1.0
AF_outer	healthy_vs_degenerated_mild	TBXT	0.0	1.0	6	0	0	0	1.0
AF_outer	healthy_vs_degenerated_mild	MSX2	0.0	1.0	21	0	0	0	1.0
AF_outer	healthy_vs_degenerated_mild	MZF1	0.0	1.0	14	0	0	0	1.0
AF_outer	healthy_vs_degenerated_mild	HOXA5	0.0	1.0	9	0	0	0	1.0
AF_outer	healthy_vs_degenerated_mild	HOXB4	0.0	1.0	5	0	0	0	1.0
AF_outer	healthy_vs_degenerated_mild	CREB3	0.0	1.0	8	0	0	0	1.0
AF_outer	healthy_vs_degenerated_mild	NFE2	0.1111111111111111	0.010586221633618427	9	1	1	0	0.4035996997817025
AF_outer	healthy_vs_degenerated_mild	ZNF76	0.0	1.0	6	0	0	0	1.0
AF_outer	healthy_vs_degenerated_mild	FOXQ1	0.0	1.0	9	0	0	0	1.0
AF_outer	healthy_vs_degenerated_mild	ZGLP1	0.0	1.0	8	0	0	0	1.0
AF_outer	healthy_vs_degenerated_mild	NFYB	0.0	1.0	28	0	0	0	1.0
AF_outer	healthy_vs_degenerated_mild	ETV3	0.0	1.0	10	0	0	0	1.0
AF_outer	healthy_vs_degenerated_mild	GSC	0.0	1.0	5	0	0	0	1.0
AF_outer	healthy_vs_degenerated_mild	IRF7	0.125	0.009415104532756825	8	1	1	0	0.4035996997817025
AF_outer	healthy_vs_degenerated_mild	NFATC3	-0.058823529411764705	0.019909251840454785	17	1	0	1	0.4322576776407239
AF_outer	healthy_vs_degenerated_mild	KDM5A	0.0	1.0	13	0	0	0	1.0
AF_outer	healthy_vs_degenerated_mild	GRHL3	0.0	1.0	14	0	0	0	1.0
AF_outer	healthy_vs_degenerated_mild	THRA	0.0	1.0	40	0	0	0	1.0
AF_outer	healthy_vs_degenerated_mild	SOX17	0.0	1.0	24	0	0	0	1.0
AF_outer	healthy_vs_degenerated_mild	TBX15	0.0	1.0	18	0	0	0	1.0
AF_outer	healthy_vs_degenerated_mild	NFAT5	0.0	1.0	33	0	0	0	1.0
AF_outer	healthy_vs_degenerated_mild	BMAL2	0.0	1.0	6	0	0	0	1.0
AF_outer	healthy_vs_degenerated_mild	NFE2L2	0.0070921985815602835	0.1544299659338969	141	1	1	0	1.0
AF_outer	healthy_vs_degenerated_mild	ZIC1	0.0	1.0	9	0	0	0	1.0
AF_outer	healthy_vs_degenerated_mild	MEIS1	0.0	1.0	9	0	0	0	1.0
AF_outer	healthy_vs_degenerated_mild	HOXA9	0.0	1.0	27	0	0	0	1.0
AF_outer	healthy_vs_degenerated_mild	MAFA	0.0	1.0	10	0	0	0	1.0
AF_outer	healthy_vs_degenerated_mild	NR1D1	0.0	1.0	13	0	0	0	1.0
AF_outer	healthy_vs_degenerated_mild	MYF6	0.0	1.0	6	0	0	0	1.0
AF_outer	healthy_vs_degenerated_mild	ZNF263	0.0	1.0	5	0	0	0	1.0
AF_outer	healthy_vs_degenerated_mild	NFIA	0.0	1.0	30	0	0	0	1.0
AF_outer	healthy_vs_degenerated_mild	HEY2	0.0	1.0	10	0	0	0	1.0
AF_outer	healthy_vs_degenerated_mild	HOXB7	0.0	1.0	11	0	0	0	1.0
AF_outer	healthy_vs_degenerated_mild	ZNF350	0.0	1.0	9	0	0	0	1.0
AF_outer	healthy_vs_degenerated_mild	BCL11A	0.0	1.0	7	0	0	0	1.0
AF_outer	healthy_vs_degenerated_mild	TWIST1	0.0196078431372549	0.058634598198669674	51	1	1	0	0.6244654189839294
AF_outer	healthy_vs_degenerated_mild	ZNF395	0.0	1.0	5	0	0	0	1.0
AF_outer	healthy_vs_degenerated_mild	TFDP2	0.0	1.0	5	0	0	0	1.0
AF_outer	healthy_vs_degenerated_mild	GTF3A	0.0	1.0	15	0	0	0	1.0
AF_outer	healthy_vs_degenerated_mild	KLF10	0.0	1.0	17	0	0	0	1.0
AF_outer	healthy_vs_degenerated_mild	KLF2	0.0	1.0	32	0	0	0	1.0
AF_outer	healthy_vs_degenerated_mild	PHF20	0.0	1.0	7	0	0	0	1.0
AF_outer	healthy_vs_degenerated_mild	TGIF1	0.0	1.0	8	0	0	0	1.0
AF_outer	healthy_vs_degenerated_mild	FOXG1	0.0	1.0	12	0	0	0	1.0
AF_outer	healthy_vs_degenerated_mild	SF1	0.0	1.0	5	0	0	0	1.0
AF_outer	healthy_vs_degenerated_mild	MBD2	0.0	1.0	56	0	0	0	1.0
AF_outer	healthy_vs_degenerated_mild	FOXF2	0.0	1.0	8	0	0	0	1.0
AF_outer	healthy_vs_degenerated_mild	HEY1	0.0	1.0	20	0	0	0	1.0
AF_outer	healthy_vs_degenerated_mild	ZBTB17	0.0	1.0	36	0	0	0	1.0
AF_outer	healthy_vs_degenerated_mild	IRF5	0.09090909090909091	0.012924622624376991	11	1	1	0	0.4322576776407239
AF_outer	healthy_vs_degenerated_mild	THRB	0.0	1.0	29	0	0	0	1.0
AF_outer	healthy_vs_degenerated_mild	POU3F2	0.0	1.0	13	0	0	0	1.0
AF_outer	healthy_vs_degenerated_mild	FOXI1	0.0	1.0	5	0	0	0	1.0
AF_outer	healthy_vs_degenerated_mild	KCNIP3	0.0	1.0	8	0	0	0	1.0
AF_outer	healthy_vs_degenerated_mild	FOSB	-0.05263157894736842	0.02222730429067592	19	1	0	1	0.4322576776407239
AF_outer	healthy_vs_degenerated_mild	NFE2L1	0.0	1.0	7	0	0	0	1.0
AF_outer	healthy_vs_degenerated_mild	TRERF1	0.0	1.0	5	0	0	0	1.0
AF_outer	healthy_vs_degenerated_mild	FOXP1	0.0	1.0	11	0	0	0	1.0
AF_outer	healthy_vs_degenerated_mild	FOXP2	0.0	1.0	5	0	0	0	1.0
AF_outer	healthy_vs_degenerated_mild	BARX1	0.0	1.0	7	0	0	0	1.0
AF_outer	healthy_vs_degenerated_mild	ZFPM2	0.0	1.0	7	0	0	0	1.0
AF_outer	healthy_vs_degenerated_mild	IKZF1	0.0	1.0	13	0	0	0	1.0
AF_outer	healthy_vs_degenerated_mild	BCL3	0.0	1.0	18	0	0	0	1.0
AF_outer	healthy_vs_degenerated_mild	SP2	0.0	1.0	15	0	0	0	1.0
AF_outer	healthy_vs_degenerated_mild	SIM2	0.0	1.0	8	0	0	0	1.0
AF_outer	healthy_vs_degenerated_mild	NFATC1	-0.015873015873015872	0.07196163006084325	63	1	0	1	0.6856805142491342
AF_outer	healthy_vs_degenerated_mild	POU2F3	0.0	1.0	5	0	0	0	1.0
AF_outer	healthy_vs_degenerated_mild	HOXA7	0.0	1.0	10	0	0	0	1.0
AF_outer	healthy_vs_degenerated_mild	NPAS2	0.0	1.0	6	0	0	0	1.0
AF_outer	healthy_vs_degenerated_mild	DLX2	0.0	1.0	10	0	0	0	1.0
AF_outer	healthy_vs_degenerated_mild	PRRX1	0.0	1.0	5	0	0	0	1.0
AF_outer	healthy_vs_degenerated_mild	VEZF1	0.0	1.0	6	0	0	0	1.0
AF_outer	healthy_vs_degenerated_mild	CTBP2	0.1111111111111111	0.010586221633618427	9	1	1	0	0.4035996997817025
AF_outer	healthy_vs_degenerated_mild	SOX6	0.0	1.0	14	0	0	0	1.0
AF_outer	healthy_vs_degenerated_mild	HIPK2	0.0	1.0	7	0	0	0	1.0
AF_outer	healthy_vs_degenerated_mild	RORC	0.0	1.0	5	0	0	0	1.0
AF_outer	healthy_vs_degenerated_mild	PPARD	0.0	1.0	59	0	0	0	1.0
AF_outer	healthy_vs_degenerated_mild	MECOM	0.0	1.0	12	0	0	0	1.0
AF_outer	healthy_vs_degenerated_mild	SIRT1	0.0	1.0	38	0	0	0	1.0
AF_outer	healthy_vs_degenerated_mild	ZBTB7B	0.0	1.0	11	0	0	0	1.0
AF_outer	healthy_vs_degenerated_mild	ZBTB7A	0.0	1.0	29	0	0	0	1.0
AF_outer	healthy_vs_degenerated_mild	NR6A1	0.0	1.0	5	0	0	0	1.0
AF_outer	healthy_vs_degenerated_mild	STAT2	0.0	1.0	29	0	0	0	1.0
AF_outer	healthy_vs_degenerated_mild	ESRRG	0.0	1.0	14	0	0	0	1.0
AF_outer	healthy_vs_degenerated_mild	PRDM2	0.0	1.0	7	0	0	0	1.0
AF_outer	healthy_vs_degenerated_mild	PURA	0.0	1.0	13	0	0	0	1.0
AF_outer	healthy_vs_degenerated_mild	NEUROD6	0.0	1.0	8	0	0	0	1.0
AF_outer	healthy_vs_degenerated_mild	NEUROG2	0.0	1.0	8	0	0	0	1.0
AF_outer	healthy_vs_degenerated_mild	HMGB2	0.0	1.0	5	0	0	0	1.0
AF_outer	healthy_vs_degenerated_mild	DLX3	0.0	1.0	10	0	0	0	1.0
AF_outer	healthy_vs_degenerated_mild	TWIST2	0.043478260869565216	0.026848234198366062	23	1	1	0	0.46649223032106807
AF_outer	healthy_vs_degenerated_mild	TFAP4	0.043478260869565216	0.026848234198366062	23	1	1	0	0.46649223032106807
AF_outer	healthy_vs_degenerated_mild	KAT6B	0.0	1.0	6	0	0	0	1.0
AF_outer	healthy_vs_degenerated_mild	SALL3	0.0	1.0	5	0	0	0	1.0
AF_outer	healthy_vs_degenerated_mild	MXI1	0.0	1.0	8	0	0	0	1.0
AF_outer	healthy_vs_degenerated_mild	E2F5	0.0	1.0	9	0	0	0	1.0
AF_outer	healthy_vs_degenerated_mild	E2F2	0.0	1.0	43	0	0	0	1.0
AF_outer	healthy_vs_degenerated_mild	FOXD3	0.0	1.0	8	0	0	0	1.0
AF_outer	healthy_vs_degenerated_mild	POU5F1	0.0	1.0	40	0	0	0	1.0
AF_outer	healthy_vs_degenerated_mild	PLAGL1	0.0	1.0	14	0	0	0	1.0
AF_outer	healthy_vs_degenerated_mild	SNAI2	0.0	1.0	26	0	0	0	1.0
AF_outer	healthy_vs_degenerated_mild	NOTCH1	0.0	1.0	39	0	0	0	1.0
AF_outer	healthy_vs_degenerated_mild	FOXC2	0.0	1.0	11	0	0	0	1.0
AF_outer	healthy_vs_degenerated_mild	FOXD1	0.0	1.0	5	0	0	0	1.0
AF_outer	healthy_vs_degenerated_mild	KLF9	0.0	1.0	16	0	0	0	1.0
AF_outer	healthy_vs_degenerated_mild	TBPL2	0.0	1.0	8	0	0	0	1.0
AF_outer	healthy_vs_degenerated_mild	NFIL3	-0.06666666666666667	0.017586127529442063	15	1	0	1	0.4322576776407239
AF_outer	healthy_vs_degenerated_mild	ZNF384	0.0	1.0	9	0	0	0	1.0
AF_outer	healthy_vs_degenerated_mild	HOXA11	0.0	1.0	5	0	0	0	1.0
AF_outer	healthy_vs_degenerated_mild	MEF2D	0.0	1.0	17	0	0	0	1.0
AF_outer	healthy_vs_degenerated_mild	SMAD5	0.0	1.0	26	0	0	0	1.0
AF_outer	healthy_vs_degenerated_mild	MLXIPL	0.0	1.0	10	0	0	0	1.0
AF_outer	healthy_vs_degenerated_mild	ZBTB33	0.0	1.0	7	0	0	0	1.0
AF_outer	healthy_vs_degenerated_mild	KLF15	0.0	1.0	12	0	0	0	1.0
AF_outer	healthy_vs_degenerated_mild	DNMT3A	0.0	1.0	39	0	0	0	1.0
AF_outer	healthy_vs_degenerated_mild	DNMT3B	-0.0196078431372549	0.058634598198669674	51	1	0	1	0.6244654189839294
AF_outer	healthy_vs_degenerated_mild	OLIG2	0.0	1.0	10	0	0	0	1.0
AF_outer	healthy_vs_degenerated_mild	MAFG	0.0	1.0	9	0	0	0	1.0
AF_outer	healthy_vs_degenerated_mild	TEF	0.0	1.0	8	0	0	0	1.0
AF_outer	healthy_vs_degenerated_mild	HOXD13	0.0	1.0	8	0	0	0	1.0
AF_outer	healthy_vs_degenerated_mild	ZKSCAN7	0.0	1.0	7	0	0	0	1.0
AF_outer	healthy_vs_degenerated_mild	BACH1	0.0	1.0	12	0	0	0	1.0
AF_outer	healthy_vs_degenerated_mild	TEAD4	0.0	1.0	7	0	0	0	1.0
AF_outer	healthy_vs_degenerated_mild	GCM1	0.0	1.0	5	0	0	0	1.0
AF_outer	healthy_vs_degenerated_mild	BHLHE41	0.0	1.0	17	0	0	0	1.0
AF_outer	healthy_vs_degenerated_mild	MTA1	-0.02564102564102564	0.04513110077278216	39	1	0	1	0.5871704411637678
AF_outer	healthy_vs_degenerated_mild	EHF	0.0	1.0	7	0	0	0	1.0
AF_outer	healthy_vs_degenerated_mild	TCF7L2	0.0	1.0	73	0	0	0	1.0
AF_outer	healthy_vs_degenerated_mild	VSX2	0.0	1.0	13	0	0	0	1.0
AF_outer	healthy_vs_degenerated_mild	TSC22D1	0.0	1.0	7	0	0	0	1.0
AF_outer	healthy_vs_degenerated_mild	SOX5	0.0	1.0	9	0	0	0	1.0
AF_outer	healthy_vs_degenerated_mild	SOX2	0.0	1.0	34	0	0	0	1.0
AF_outer	healthy_vs_degenerated_mild	NKX3-2	0.0	1.0	6	0	0	0	1.0
AF_outer	healthy_vs_degenerated_mild	PAX9	0.0	1.0	6	0	0	0	1.0
AF_outer	healthy_vs_degenerated_mild	TCF21	0.0	1.0	6	0	0	0	1.0
AF_outer	healthy_vs_degenerated_mild	HIC1	0.0	1.0	17	0	0	0	1.0
AF_outer	healthy_vs_degenerated_mild	ZEB2	0.0	1.0	17	0	0	0	1.0
AF_outer	healthy_vs_degenerated_mild	NONO	0.0	1.0	10	0	0	0	1.0
AF_outer	healthy_vs_degenerated_mild	CEBPZ	0.0	1.0	13	0	0	0	1.0
AF_outer	healthy_vs_degenerated_mild	SIX1	0.0	1.0	7	0	0	0	1.0
AF_outer	healthy_vs_degenerated_mild	NFIX	0.0	1.0	15	0	0	0	1.0
AF_outer	healthy_vs_degenerated_mild	MNT	0.0	1.0	8	0	0	0	1.0
AF_outer	healthy_vs_degenerated_mild	HOXA1	0.0	1.0	14	0	0	0	1.0
AF_outer	healthy_vs_degenerated_mild	BCL11B	0.0	1.0	18	0	0	0	1.0
AF_outer	healthy_vs_degenerated_mild	RXRB	0.0	1.0	7	0	0	0	1.0
AF_outer	healthy_vs_degenerated_mild	E2F6	0.0	1.0	33	0	0	0	1.0
AF_outer	healthy_vs_degenerated_mild	HOXA13	0.0	1.0	6	0	0	0	1.0
AF_outer	healthy_vs_degenerated_mild	KAT6A	0.0	1.0	11	0	0	0	1.0
AF_outer	healthy_vs_degenerated_mild	GFI1	0.0	1.0	31	0	0	0	1.0
AF_outer	healthy_vs_degenerated_mild	RUNX3	0.0	1.0	44	0	0	0	1.0
AF_outer	healthy_vs_degenerated_mild	GLI1	0.0	1.0	113	0	0	0	1.0
AF_outer	healthy_vs_degenerated_mild	KLF8	0.0	1.0	14	0	0	0	1.0
AF_outer	healthy_vs_degenerated_mild	HIF3A	0.0	1.0	5	0	0	0	1.0
AF_outer	healthy_vs_degenerated_mild	MEOX2	0.0	1.0	6	0	0	0	1.0
AF_outer	healthy_vs_degenerated_mild	JARID2	0.0	1.0	10	0	0	0	1.0
AF_outer	healthy_vs_degenerated_mild	NFYC	0.0	1.0	17	0	0	0	1.0
AF_outer	healthy_vs_degenerated_mild	GFI1B	0.0	1.0	9	0	0	0	1.0
AF_outer	healthy_vs_degenerated_mild	ASCL2	0.0	1.0	5	0	0	0	1.0
AF_outer	healthy_vs_degenerated_mild	MSC	0.0	1.0	13	0	0	0	1.0
AF_outer	healthy_vs_degenerated_mild	HOXB9	0.0	1.0	5	0	0	0	1.0
AF_outer	healthy_vs_degenerated_mild	HLX	0.0	1.0	12	0	0	0	1.0
AF_outer	healthy_vs_degenerated_mild	RCOR2	0.0	1.0	11	0	0	0	1.0
AF_outer	healthy_vs_degenerated_mild	NKX2-2	0.0	1.0	9	0	0	0	1.0
AF_outer	healthy_vs_degenerated_mild	ARID4A	0.0	1.0	6	0	0	0	1.0
AF_outer	healthy_vs_degenerated_mild	HINFP	0.0	1.0	9	0	0	0	1.0
AF_outer	healthy_vs_degenerated_mild	SMARCC1	0.0	1.0	6	0	0	0	1.0
AF_outer	healthy_vs_degenerated_mild	KAT2B	0.0	1.0	12	0	0	0	1.0
AF_outer	healthy_vs_degenerated_mild	HDGF	0.0	1.0	5	0	0	0	1.0
AF_outer	healthy_vs_degenerated_mild	EP300	0.0	1.0	41	0	0	0	1.0
AF_outer	healthy_vs_degenerated_mild	TRPS1	0.0	1.0	12	0	0	0	1.0
AF_outer	healthy_vs_degenerated_mild	CTNNB1	0.0	1.0	197	0	0	0	1.0
AF_outer	healthy_vs_degenerated_mild	PML	-0.06666666666666667	0.017586127529442063	15	1	0	1	0.4322576776407239
AF_outer	healthy_vs_degenerated_mild	KLF7	0.0	1.0	8	0	0	0	1.0
AF_outer	healthy_vs_degenerated_mild	PROP1	0.0	1.0	6	0	0	0	1.0
AF_outer	healthy_vs_degenerated_mild	LMO2	0.0	1.0	17	0	0	0	1.0
AF_outer	healthy_vs_degenerated_mild	MEOX1	0.0	1.0	6	0	0	0	1.0
AF_outer	healthy_vs_degenerated_mild	FOXL2	0.0	1.0	13	0	0	0	1.0
AF_outer	healthy_vs_degenerated_mild	HTATIP2	0.0	1.0	11	0	0	0	1.0
AF_outer	healthy_vs_degenerated_mild	EZH2	-0.010416666666666666	0.10771826162317816	96	1	0	1	0.9001115012347765
AF_outer	healthy_vs_degenerated_mild	GLI2	0.0	1.0	101	0	0	0	1.0
AF_outer	healthy_vs_degenerated_mild	TCF7	0.0	1.0	12	0	0	0	1.0
AF_outer	healthy_vs_degenerated_mild	FOXC1	0.0	1.0	9	0	0	0	1.0
AF_outer	healthy_vs_degenerated_mild	HOXB13	0.0	1.0	8	0	0	0	1.0
AF_outer	healthy_vs_degenerated_mild	ABL1	0.0	1.0	10	0	0	0	1.0
AF_outer	healthy_vs_degenerated_mild	TBX3	0.0	1.0	11	0	0	0	1.0
AF_outer	healthy_vs_degenerated_mild	TET1	0.0	1.0	9	0	0	0	1.0
AF_outer	healthy_vs_degenerated_mild	FOXH1	0.0	1.0	7	0	0	0	1.0
AF_outer	healthy_vs_degenerated_mild	FOXP3	0.0	1.0	27	0	0	0	1.0
AF_outer	healthy_vs_degenerated_mild	CREB3L1	0.0	1.0	7	0	0	0	1.0
AF_outer	healthy_vs_degenerated_mild	TFDP3	0.0	1.0	5	0	0	0	1.0
AF_outer	healthy_vs_degenerated_mild	SP7	0.0	1.0	23	0	0	0	1.0
AF_outer	healthy_vs_degenerated_mild	OVOL1	0.0	1.0	8	0	0	0	1.0
AF_outer	healthy_vs_degenerated_mild	ZNF436	0.0	1.0	5	0	0	0	1.0
AF_outer	healthy_vs_degenerated_mild	SCX	0.0	1.0	7	0	0	0	1.0
AF_outer	healthy_vs_degenerated_mild	NANOG	0.0	1.0	30	0	0	0	1.0
AF_outer	healthy_vs_degenerated_mild	ARX	0.0	1.0	13	0	0	0	1.0
AF_outer	healthy_vs_degenerated_mild	VHL	0.0	1.0	19	0	0	0	1.0
AF_outer	healthy_vs_degenerated_mild	SOX4	0.0	1.0	18	0	0	0	1.0
AF_outer	healthy_vs_degenerated_mild	ATF5	0.0	1.0	21	0	0	0	1.0
AF_outer	healthy_vs_degenerated_mild	CTCFL	0.0	1.0	6	0	0	0	1.0
AF_outer	healthy_vs_degenerated_mild	SP6	0.0	1.0	5	0	0	0	1.0
AF_outer	healthy_vs_degenerated_mild	SMARCA5	0.0	1.0	8	0	0	0	1.0
AF_outer	healthy_vs_degenerated_mild	EOMES	0.0	1.0	8	0	0	0	1.0
AF_outer	healthy_vs_degenerated_mild	ESRRB	0.0	1.0	5	0	0	0	1.0
AF_outer	healthy_vs_degenerated_mild	ZXDC	0.0	1.0	5	0	0	0	1.0
AF_outer	healthy_vs_degenerated_mild	NR2E1	0.0	1.0	10	0	0	0	1.0
AF_outer	healthy_vs_degenerated_mild	ZFP42	0.0	1.0	12	0	0	0	1.0
AF_outer	healthy_vs_degenerated_mild	KMT2B	0.0	1.0	11	0	0	0	1.0
AF_outer	healthy_vs_degenerated_mild	NFIB	0.0	1.0	13	0	0	0	1.0
AF_outer	healthy_vs_degenerated_mild	EN1	0.0	1.0	5	0	0	0	1.0
AF_outer	healthy_vs_degenerated_mild	MTA3	0.0	1.0	9	0	0	0	1.0
AF_outer	healthy_vs_degenerated_mild	TBX18	0.0	1.0	7	0	0	0	1.0
AF_outer	healthy_vs_degenerated_mild	EGR4	0.0	1.0	8	0	0	0	1.0
AF_outer	healthy_vs_degenerated_mild	HSF4	0.0	1.0	8	0	0	0	1.0
AF_outer	healthy_vs_degenerated_mild	BCLAF1	0.0	1.0	5	0	0	0	1.0
AF_outer	healthy_vs_degenerated_mild	KDM5C	0.0	1.0	10	0	0	0	1.0
AF_outer	healthy_vs_degenerated_mild	FOSL2	0.0	1.0	22	0	0	0	1.0
AF_outer	healthy_vs_degenerated_mild	MED1	0.0	1.0	9	0	0	0	1.0
AF_outer	healthy_vs_degenerated_mild	LYL1	0.0	1.0	12	0	0	0	1.0
AF_outer	healthy_vs_degenerated_mild	HOXD1	0.0	1.0	5	0	0	0	1.0
AF_outer	healthy_vs_degenerated_mild	SALL4	0.0	1.0	5	0	0	0	1.0
AF_outer	healthy_vs_degenerated_mild	KDM5B	0.0	1.0	20	0	0	0	1.0
AF_outer	healthy_vs_degenerated_mild	TADA2A	0.0	1.0	6	0	0	0	1.0
AF_outer	healthy_vs_degenerated_mild	SATB2	0.0	1.0	17	0	0	0	1.0
AF_outer	healthy_vs_degenerated_mild	NSD2	0.0	1.0	6	0	0	0	1.0
AF_outer	healthy_vs_degenerated_mild	PBRM1	0.0	1.0	7	0	0	0	1.0
AF_outer	healthy_vs_degenerated_mild	ZBTB4	0.0	1.0	12	0	0	0	1.0
AF_outer	healthy_vs_degenerated_mild	THAP11	0.0	1.0	6	0	0	0	1.0
AF_outer	healthy_vs_degenerated_mild	FOXJ1	0.0	1.0	8	0	0	0	1.0
AF_outer	healthy_vs_degenerated_mild	PPARGC1A	0.0	1.0	18	0	0	0	1.0
AF_outer	healthy_vs_degenerated_mild	BATF	0.0	1.0	7	0	0	0	1.0
AF_outer	healthy_vs_degenerated_mild	ARID3B	0.0	1.0	5	0	0	0	1.0
AF_outer	healthy_vs_degenerated_mild	ZNF300	0.0	1.0	5	0	0	0	1.0
AF_outer	healthy_vs_degenerated_mild	NUPR1	0.0	1.0	6	0	0	0	1.0
AF_outer	healthy_vs_degenerated_mild	ZNF331	0.0	1.0	17	0	0	0	1.0
AF_outer	healthy_vs_degenerated_mild	ZNF382	0.0	1.0	11	0	0	0	1.0
AF_outer	healthy_vs_degenerated_mild	HOXD8	0.0	1.0	5	0	0	0	1.0
AF_outer	healthy_vs_degenerated_mild	LHX8	0.0	1.0	7	0	0	0	1.0
AF_outer	healthy_vs_degenerated_mild	IRX1	0.0	1.0	11	0	0	0	1.0
AF_outer	healthy_vs_degenerated_mild	SOX11	0.0	1.0	7	0	0	0	1.0
AF_outer	healthy_vs_degenerated_mild	IRF6	0.0	1.0	10	0	0	0	1.0
AF_outer	healthy_vs_degenerated_mild	E2F7	0.0	1.0	5	0	0	0	1.0
AF_outer	healthy_vs_degenerated_mild	HEYL	0.0	1.0	5	0	0	0	1.0
AF_outer	healthy_vs_degenerated_mild	MECP2	0.0	1.0	16	0	0	0	1.0
AF_outer	healthy_vs_degenerated_mild	MAML1	0.0	1.0	5	0	0	0	1.0
AF_outer	healthy_vs_degenerated_mild	DOT1L	0.0	1.0	8	0	0	0	1.0
AF_outer	healthy_vs_degenerated_mild	ARID3A	0.0	1.0	6	0	0	0	1.0
AF_outer	healthy_vs_degenerated_mild	ARID1A	0.0	1.0	5	0	0	0	1.0
AF_outer	healthy_vs_degenerated_mild	ZBTB18	0.0	1.0	6	0	0	0	1.0
AF_outer	healthy_vs_degenerated_mild	TCF15	0.0	1.0	5	0	0	0	1.0
AF_outer	healthy_vs_degenerated_mild	NPM1	0.0	1.0	11	0	0	0	1.0
AF_outer	healthy_vs_degenerated_mild	SETBP1	0.0	1.0	5	0	0	0	1.0
AF_outer	healthy_vs_degenerated_mild	KDM2A	0.0	1.0	8	0	0	0	1.0
AF_outer	healthy_vs_degenerated_mild	MKX	0.0	1.0	6	0	0	0	1.0
AF_outer	healthy_vs_degenerated_mild	HDAC3	0.0	1.0	13	0	0	0	1.0
AF_outer	healthy_vs_degenerated_mild	BTG2	0.0	1.0	6	0	0	0	1.0
AF_outer	healthy_vs_degenerated_mild	CREB5	0.0	1.0	9	0	0	0	1.0
AF_outer	healthy_vs_degenerated_mild	CTBP1	0.125	0.009415104532756825	8	1	1	0	0.4035996997817025
AF_outer	healthy_vs_degenerated_mild	HDAC1	0.0	1.0	57	0	0	0	1.0
AF_outer	healthy_vs_degenerated_mild	HCFC1	0.0	1.0	7	0	0	0	1.0
AF_outer	healthy_vs_degenerated_mild	ETV7	0.0	1.0	8	0	0	0	1.0
AF_outer	healthy_vs_degenerated_mild	FHL2	0.0	1.0	6	0	0	0	1.0
AF_outer	healthy_vs_degenerated_mild	HDAC4	0.0	1.0	16	0	0	0	1.0
AF_outer	healthy_vs_degenerated_mild	HDAC7	0.0	1.0	10	0	0	0	1.0
AF_outer	healthy_vs_degenerated_mild	HDAC9	0.0	1.0	14	0	0	0	1.0
AF_outer	healthy_vs_degenerated_mild	ING4	0.0	1.0	14	0	0	0	1.0
AF_outer	healthy_vs_degenerated_mild	SIN3A	0.125	0.009415104532756825	8	1	1	0	0.4035996997817025
AF_outer	healthy_vs_degenerated_mild	SMARCA4	0.0	1.0	7	0	0	0	1.0
AF_outer	healthy_vs_degenerated_mild	WWTR1	0.0	1.0	8	0	0	0	1.0
AF_outer	healthy_vs_degenerated_mild	PIN1	0.0	1.0	5	0	0	0	1.0
AF_outer	healthy_vs_degenerated_mild	FGF2	0.0	1.0	6	0	0	0	1.0
AF_outer	healthy_vs_degenerated_mild	PARK7	0.0	1.0	6	0	0	0	1.0
AF_outer	healthy_vs_degenerated_mild	YAP1	0.0	1.0	8	0	0	0	1.0
AF_outer	healthy_vs_degenerated_mild	BCOR	0.0	1.0	5	0	0	0	1.0
AF_outer	healthy_vs_degenerated_mild	BRD4	0.0	1.0	7	0	0	0	1.0
AF_outer	healthy_vs_degenerated_mild	SRSF2	0.0	1.0	12	0	0	0	1.0
AF_outer	healthy_vs_degenerated_mild	ZMYND8	0.0	1.0	6	0	0	0	1.0
AF_outer	healthy_vs_degenerated_mild	ARID4B	0.0	1.0	8	0	0	0	1.0
AF_outer	healthy_vs_degenerated_mild	AP1	-0.006191950464396285	0.05412661427223273	323	2	0	2	0.6244654189839294
AF_outer	healthy_vs_degenerated_mild	NFKB	-0.006329113924050633	0.016447015366622304	474	3	0	3	0.4322576776407239
AF_outer	healthy_vs_degenerated_severe	MYC	-0.005908419497784343	0.8086809988605954	677	10	3	7	1.0
AF_outer	healthy_vs_degenerated_severe	SPI1	0.011834319526627219	0.37952410918496804	169	4	3	1	1.0
AF_outer	healthy_vs_degenerated_severe	SMAD3	0.019417475728155338	0.5698585112433666	103	2	2	0	1.0
AF_outer	healthy_vs_degenerated_severe	SMAD4	0.03896103896103896	0.013750878903734635	77	5	4	1	0.5053713189006507
AF_outer	healthy_vs_degenerated_severe	STAT5A	-0.016666666666666666	0.6530976718036628	120	2	0	2	1.0
AF_outer	healthy_vs_degenerated_severe	STAT5B	-0.03125	0.030254769376043295	64	4	1	3	0.6151803106462136
AF_outer	healthy_vs_degenerated_severe	RELA	-0.015822784810126583	0.3656161704762335	316	7	1	6	1.0
AF_outer	healthy_vs_degenerated_severe	WT1	0.01098901098901099	0.23600377581294835	91	3	2	1	0.8569184717017767
AF_outer	healthy_vs_degenerated_severe	NR0B2	0.0625	0.030254769376043295	64	4	4	0	0.6151803106462136
AF_outer	healthy_vs_degenerated_severe	SP1	-0.0025477707006369425	0.08789990345776912	785	20	9	11	0.7116903626137829
AF_outer	healthy_vs_degenerated_severe	TP53	0.010014306151645207	0.004918977931879426	699	23	15	8	0.3750720673058062
AF_outer	healthy_vs_degenerated_severe	ZBTB16	0.02857142857142857	0.47937362039067405	35	1	1	0	1.0
AF_outer	healthy_vs_degenerated_severe	ETV6	0.0	1.0	15	0	0	0	1.0
AF_outer	healthy_vs_degenerated_severe	RUNX1	0.02654867256637168	0.34650792797368785	113	3	3	0	1.0
AF_outer	healthy_vs_degenerated_severe	STAT1	-0.01485148514851485	0.0803769079527499	202	7	2	5	0.7116903626137829
AF_outer	healthy_vs_degenerated_severe	STAT3	-0.003875968992248062	0.5192759384937544	258	5	2	3	1.0
AF_outer	healthy_vs_degenerated_severe	ETV4	0.0	1.0	39	0	0	0	1.0
AF_outer	healthy_vs_degenerated_severe	MTF1	0.0	1.0	25	0	0	0	1.0
AF_outer	healthy_vs_degenerated_severe	CREB1	0.0	0.1102471150375263	261	8	4	4	0.7116903626137829
AF_outer	healthy_vs_degenerated_severe	FOXA2	0.023255813953488372	0.5516636327324655	43	1	1	0	1.0
AF_outer	healthy_vs_degenerated_severe	NFATC2	0.0	0.2081162770407448	46	2	1	1	0.8034868923724958
AF_outer	healthy_vs_degenerated_severe	CEBPB	-0.004032258064516129	0.040408251057556126	248	9	4	5	0.6964184102786366
AF_outer	healthy_vs_degenerated_severe	FOS	0.005235602094240838	0.06362328813777766	191	7	4	3	0.7116903626137829
AF_outer	healthy_vs_degenerated_severe	PLAG1	0.14285714285714285	0.12223530826018056	7	1	1	0	0.7116903626137829
AF_outer	healthy_vs_degenerated_severe	E2F1	-0.00796812749003984	0.01799725983767058	251	10	4	6	0.5053713189006507
AF_outer	healthy_vs_degenerated_severe	E2F3	-0.034482758620689655	0.2902430671727023	58	2	0	2	0.9221264113299397
AF_outer	healthy_vs_degenerated_severe	HBP1	0.03571428571428571	0.40667328554997556	28	1	1	0	1.0
AF_outer	healthy_vs_degenerated_severe	YY1	0.019230769230769232	0.0254849129256828	156	7	5	2	0.5979152647948657
AF_outer	healthy_vs_degenerated_severe	ESR1	0.0	0.17653536744406506	386	10	5	5	0.7484970707280636
AF_outer	healthy_vs_degenerated_severe	JUN	0.002652519893899204	0.0042299347868393665	377	15	8	7	0.3686086028531448
AF_outer	healthy_vs_degenerated_severe	NR1I3	0.037037037037037035	0.3954940277967408	27	1	1	0	1.0
AF_outer	healthy_vs_degenerated_severe	CEBPG	0.0	0.09289122607422665	93	4	2	2	0.7116903626137829
AF_outer	healthy_vs_degenerated_severe	MAFK	-0.07142857142857142	0.22959370150564226	14	1	0	1	0.838635676158334
AF_outer	healthy_vs_degenerated_severe	STAT4	-0.08333333333333333	0.2003284940441273	12	1	0	1	0.7783463781332335
AF_outer	healthy_vs_degenerated_severe	IRF1	-0.021739130434782608	0.5087983062099691	92	2	0	2	1.0
AF_outer	healthy_vs_degenerated_severe	ATF2	-0.0125	0.7757588479851223	80	1	0	1	1.0
AF_outer	healthy_vs_degenerated_severe	NR2C2	0.0	1.0	33	0	0	0	1.0
AF_outer	healthy_vs_degenerated_severe	IRF3	0.02	0.06446884723482206	50	3	2	1	0.7116903626137829
AF_outer	healthy_vs_degenerated_severe	TFAP2A	0.0	0.11157340662090039	178	6	3	3	0.7116903626137829
AF_outer	healthy_vs_degenerated_severe	HNF1A	0.0	0.16802475820483478	40	2	1	1	0.740528149207166
AF_outer	healthy_vs_degenerated_severe	ETS1	0.00819672131147541	0.07514779757104101	122	5	3	2	0.7116903626137829
AF_outer	healthy_vs_degenerated_severe	ARNT	0.0	1.0	40	0	0	0	1.0
AF_outer	healthy_vs_degenerated_severe	AHR	0.02127659574468085	0.0956950764049818	94	4	3	1	0.7116903626137829
AF_outer	healthy_vs_degenerated_severe	PAX6	0.01282051282051282	0.1741790457257688	78	3	2	1	0.7484970707280636
AF_outer	healthy_vs_degenerated_severe	NFYA	-0.04285714285714286	0.13883795598531173	70	3	0	3	0.7116903626137829
AF_outer	healthy_vs_degenerated_severe	ZNF148	0.0	1.0	21	0	0	0	1.0
AF_outer	healthy_vs_degenerated_severe	NFIC	0.0	1.0	42	0	0	0	1.0
AF_outer	healthy_vs_degenerated_severe	RBPJ	0.024390243902439025	0.4486361232188306	82	2	2	0	1.0
AF_outer	healthy_vs_degenerated_severe	HES1	0.019230769230769232	0.6211133538621766	52	1	1	0	1.0
AF_outer	healthy_vs_degenerated_severe	GATA4	0.017241379310344827	0.6613540951107346	58	1	1	0	1.0
AF_outer	healthy_vs_degenerated_severe	GATA6	0.029411764705882353	0.46955777985378416	34	1	1	0	1.0
AF_outer	healthy_vs_degenerated_severe	HNF4A	0.008064516129032258	0.00802628869597877	124	7	4	3	0.40252167993369814
AF_outer	healthy_vs_degenerated_severe	RARA	0.01	0.8459562054279093	100	1	1	0	1.0
AF_outer	healthy_vs_degenerated_severe	DBP	-0.05263157894736842	0.2981774512361233	19	1	0	1	0.928001251296098
AF_outer	healthy_vs_degenerated_severe	HLF	0.0	1.0	10	0	0	0	1.0
AF_outer	healthy_vs_degenerated_severe	PPARG	-0.0196078431372549	0.03534623407524737	204	8	2	6	0.6533697813909362
AF_outer	healthy_vs_degenerated_severe	MAX	0.0	0.1233685272983848	33	2	1	1	0.7116903626137829
AF_outer	healthy_vs_degenerated_severe	USF2	0.0	0.3243680827819801	63	2	1	1	0.9747021206749156
AF_outer	healthy_vs_degenerated_severe	IRF2	-0.03333333333333333	0.42841834692496505	30	1	0	1	1.0
AF_outer	healthy_vs_degenerated_severe	SP3	-0.007905138339920948	0.6906881515951079	253	4	1	3	1.0
AF_outer	healthy_vs_degenerated_severe	AR	-0.002932551319648094	0.17928280327001456	341	9	4	5	0.7484970707280636
AF_outer	healthy_vs_degenerated_severe	CUX1	0.02702702702702703	0.3976674191511102	74	2	2	0	1.0
AF_outer	healthy_vs_degenerated_severe	ATF1	-0.017241379310344827	0.6613540951107346	58	1	0	1	1.0
AF_outer	healthy_vs_degenerated_severe	KAT7	-0.018518518518518517	0.07741798598741165	54	3	1	2	0.7116903626137829
AF_outer	healthy_vs_degenerated_severe	CREBZF	0.0	1.0	11	0	0	0	1.0
AF_outer	healthy_vs_degenerated_severe	GLI3	0.04	0.3725028671301751	25	1	1	0	1.0
AF_outer	healthy_vs_degenerated_severe	NKX2-5	-0.03125	0.020711939299206998	32	3	1	2	0.5053713189006507
AF_outer	healthy_vs_degenerated_severe	TGFB1I1	0.0	1.0	11	0	0	0	1.0
AF_outer	healthy_vs_degenerated_severe	RARB	0.0	1.0	31	0	0	0	1.0
AF_outer	healthy_vs_degenerated_severe	RARG	0.0	1.0	20	0	0	0	1.0
AF_outer	healthy_vs_degenerated_severe	TEAD1	0.0	1.0	14	0	0	0	1.0
AF_outer	healthy_vs_degenerated_severe	PPARA	-0.04	0.05922622108102311	150	6	0	6	0.7116903626137829
AF_outer	healthy_vs_degenerated_severe	ESR2	0.0	0.6485757872574747	119	2	1	1	1.0
AF_outer	healthy_vs_degenerated_severe	NR3C1	0.0	0.33751616965453624	159	4	2	2	0.9994410848993549
AF_outer	healthy_vs_degenerated_severe	PGR	0.0	0.46100176442441654	84	2	1	1	1.0
AF_outer	healthy_vs_degenerated_severe	NRG1	0.0	1.0	26	0	0	0	1.0
AF_outer	healthy_vs_degenerated_severe	TBP	0.0	0.5645389217611957	102	2	1	1	1.0
AF_outer	healthy_vs_degenerated_severe	REL	-0.045454545454545456	0.12219953715864944	66	3	0	3	0.7116903626137829
AF_outer	healthy_vs_degenerated_severe	ISL1	0.0	1.0	10	0	0	0	1.0
AF_outer	healthy_vs_degenerated_severe	ZBTB14	0.0	1.0	5	0	0	0	1.0
AF_outer	healthy_vs_degenerated_severe	MYB	-0.018867924528301886	0.13229496466183835	106	4	1	3	0.7116903626137829
AF_outer	healthy_vs_degenerated_severe	PITX1	0.0	1.0	17	0	0	0	1.0
AF_outer	healthy_vs_degenerated_severe	EGR1	0.004484304932735426	0.11878688101094607	223	7	4	3	0.7116903626137829
AF_outer	healthy_vs_degenerated_severe	MYOD1	0.0	0.46100176442441654	84	2	1	1	1.0
AF_outer	healthy_vs_degenerated_severe	ETS2	0.0	0.35136980891919484	67	2	1	1	1.0
AF_outer	healthy_vs_degenerated_severe	GTF2I	0.0	1.0	17	0	0	0	1.0
AF_outer	healthy_vs_degenerated_severe	NR2F1	0.05	0.31114695304759965	20	1	1	0	0.9396021849457217
AF_outer	healthy_vs_degenerated_severe	ENO1	0.0	1.0	12	0	0	0	1.0
AF_outer	healthy_vs_degenerated_severe	JDP2	0.0	1.0	27	0	0	0	1.0
AF_outer	healthy_vs_degenerated_severe	MAZ	0.0	1.0	21	0	0	0	1.0
AF_outer	healthy_vs_degenerated_severe	NR4A1	-0.05357142857142857	0.08428740592012335	56	3	0	3	0.7116903626137829
AF_outer	healthy_vs_degenerated_severe	HMGA1	0.02631578947368421	0.5077497486272061	38	1	1	0	1.0
AF_outer	healthy_vs_degenerated_severe	NFKB1	-0.017391304347826087	0.06308863961856592	230	8	2	6	0.7116903626137829
AF_outer	healthy_vs_degenerated_severe	USF1	0.01639344262295082	0.6620029663215979	122	2	2	0	1.0
AF_outer	healthy_vs_degenerated_severe	DDIT3	0.014285714285714285	0.729518295377733	70	1	1	0	1.0
AF_outer	healthy_vs_degenerated_severe	ATF4	0.024096385542168676	0.45483889888324064	83	2	2	0	1.0
AF_outer	healthy_vs_degenerated_severe	ATF3	-0.027777777777777776	0.3845835474405261	72	2	0	2	1.0
AF_outer	healthy_vs_degenerated_severe	TAF1	0.02857142857142857	0.47937362039067405	35	1	1	0	1.0
AF_outer	healthy_vs_degenerated_severe	RUNX2	0.01282051282051282	0.0005721749570591268	78	7	4	3	0.17451336190303365
AF_outer	healthy_vs_degenerated_severe	TFAP2B	0.09090909090909091	0.1852837011146518	11	1	1	0	0.7484970707280636
AF_outer	healthy_vs_degenerated_severe	CREM	-0.023809523809523808	0.5432044559915683	42	1	0	1	1.0
AF_outer	healthy_vs_degenerated_severe	IRF8	0.04878048780487805	0.17461650901319276	41	2	2	0	0.7484970707280636
AF_outer	healthy_vs_degenerated_severe	ETV5	0.0	1.0	6	0	0	0	1.0
AF_outer	healthy_vs_degenerated_severe	DMTF1	0.07692307692307693	0.21509680879203877	13	1	1	0	0.8049635175652985
AF_outer	healthy_vs_degenerated_severe	NR5A1	0.0	1.0	43	0	0	0	1.0
AF_outer	healthy_vs_degenerated_severe	NEUROD2	0.0	1.0	8	0	0	0	1.0
AF_outer	healthy_vs_degenerated_severe	NEUROD1	0.04	0.3725028671301751	25	1	1	0	1.0
AF_outer	healthy_vs_degenerated_severe	HHEX	0.0	1.0	15	0	0	0	1.0
AF_outer	healthy_vs_degenerated_severe	FOXO3	0.0	0.7776936743054937	153	2	1	1	1.0
AF_outer	healthy_vs_degenerated_severe	MBD1	0.0	1.0	10	0	0	0	1.0
AF_outer	healthy_vs_degenerated_severe	CEBPD	0.0	0.010800171216307268	47	4	2	2	0.47057888871053094
AF_outer	healthy_vs_degenerated_severe	ELK1	0.0	1.0	41	0	0	0	1.0
AF_outer	healthy_vs_degenerated_severe	FLI1	0.0	0.2902430671727023	58	2	1	1	0.9221264113299397
AF_outer	healthy_vs_degenerated_severe	ELK4	0.0	1.0	6	0	0	0	1.0
AF_outer	healthy_vs_degenerated_severe	PREB	0.0	1.0	8	0	0	0	1.0
AF_outer	healthy_vs_degenerated_severe	POU1F1	0.0	1.0	27	0	0	0	1.0
AF_outer	healthy_vs_degenerated_severe	PAX5	0.027777777777777776	0.0282646502157391	36	3	2	1	0.6151803106462136
AF_outer	healthy_vs_degenerated_severe	CEBPA	0.0	0.600788820686981	109	2	1	1	1.0
AF_outer	healthy_vs_degenerated_severe	LITAF	0.05263157894736842	0.2981774512361233	19	1	1	0	0.928001251296098
AF_outer	healthy_vs_degenerated_severe	STAT6	-0.03508771929824561	0.2833866746634705	57	2	0	2	0.9194993167272182
AF_outer	healthy_vs_degenerated_severe	HIF1A	0.006600660066006601	0.05425481371369786	303	10	6	4	0.7116903626137829
AF_outer	healthy_vs_degenerated_severe	TP73	0.030612244897959183	0.03479301298268039	98	5	4	1	0.6533697813909362
AF_outer	healthy_vs_degenerated_severe	KLF11	0.0	1.0	15	0	0	0	1.0
AF_outer	healthy_vs_degenerated_severe	TCF4	0.0	1.0	31	0	0	0	1.0
AF_outer	healthy_vs_degenerated_severe	HIVEP2	0.0	1.0	8	0	0	0	1.0
AF_outer	healthy_vs_degenerated_severe	E2F4	-0.03355704697986577	0.020418436140708353	149	7	1	6	0.5053713189006507
AF_outer	healthy_vs_degenerated_severe	GATA5	0.0	1.0	8	0	0	0	1.0
AF_outer	healthy_vs_degenerated_severe	SRF	0.016666666666666666	0.09876911391231782	60	3	2	1	0.7116903626137829
AF_outer	healthy_vs_degenerated_severe	ELF1	0.022727272727272728	0.559966915512806	44	1	1	0	1.0
AF_outer	healthy_vs_degenerated_severe	GATA3	0.0	0.5537595104350624	100	2	1	1	1.0
AF_outer	healthy_vs_degenerated_severe	MSX1	0.0	0.02663720351519333	14	2	1	1	0.6018034868247382
AF_outer	healthy_vs_degenerated_severe	OTX2	0.0	1.0	15	0	0	0	1.0
AF_outer	healthy_vs_degenerated_severe	LHX2	0.058823529411764705	0.27150503867681614	17	1	1	0	0.9000982260481404
AF_outer	healthy_vs_degenerated_severe	GABPA	0.0	1.0	25	0	0	0	1.0
AF_outer	healthy_vs_degenerated_severe	HSF2	0.0	1.0	19	0	0	0	1.0
AF_outer	healthy_vs_degenerated_severe	VDR	0.0375	0.18338308022030084	80	3	3	0	0.7484970707280636
AF_outer	healthy_vs_degenerated_severe	HOXC8	0.08333333333333333	0.2003284940441273	12	1	1	0	0.7783463781332335
AF_outer	healthy_vs_degenerated_severe	HR	0.02	0.002196532389559437	50	5	3	2	0.2985833662807375
AF_outer	healthy_vs_degenerated_severe	RELB	0.0	1.0	30	0	0	0	1.0
AF_outer	healthy_vs_degenerated_severe	CEBPE	0.0	1.0	16	0	0	0	1.0
AF_outer	healthy_vs_degenerated_severe	NR0B1	0.0	1.0	22	0	0	0	1.0
AF_outer	healthy_vs_degenerated_severe	LEF1	0.058823529411764705	0.06760462814822325	51	3	3	0	0.7116903626137829
AF_outer	healthy_vs_degenerated_severe	ID1	0.0	0.2422083097658467	51	2	1	1	0.8597267234355096
AF_outer	healthy_vs_degenerated_severe	ZNF143	0.0	1.0	22	0	0	0	1.0
AF_outer	healthy_vs_degenerated_severe	SOX9	-0.01818181818181818	0.08082074399061852	55	3	1	2	0.7116903626137829
AF_outer	healthy_vs_degenerated_severe	YBX1	-0.03125	0.331148494799933	64	2	0	2	0.9901989305292115
AF_outer	healthy_vs_degenerated_severe	HSF1	0.0	1.0	66	0	0	0	1.0
AF_outer	healthy_vs_degenerated_severe	POU4F1	0.0	1.0	16	0	0	0	1.0
AF_outer	healthy_vs_degenerated_severe	NOTO	0.0	1.0	5	0	0	0	1.0
AF_outer	healthy_vs_degenerated_severe	HNF1B	0.0	1.0	19	0	0	0	1.0
AF_outer	healthy_vs_degenerated_severe	PAX3	-0.03571428571428571	0.27652457336307695	56	2	0	2	0.9068816653305213
AF_outer	healthy_vs_degenerated_severe	ID2	0.024390243902439025	0.5345864731445694	41	1	1	0	1.0
AF_outer	healthy_vs_degenerated_severe	MEF2A	0.03636363636363636	0.26965896024011465	55	2	2	0	0.9000982260481404
AF_outer	healthy_vs_degenerated_severe	PDX1	-0.022222222222222223	0.0498514044679102	45	3	1	2	0.7116903626137829
AF_outer	healthy_vs_degenerated_severe	NR2F2	0.0967741935483871	0.01902310119936921	31	3	3	0	0.5053713189006507
AF_outer	healthy_vs_degenerated_severe	NR1H4	0.0	1.0	67	0	0	0	1.0
AF_outer	healthy_vs_degenerated_severe	ASCL1	0.0	1.0	30	0	0	0	1.0
AF_outer	healthy_vs_degenerated_severe	RFX1	-0.058823529411764705	0.27150503867681614	17	1	0	1	0.9000982260481404
AF_outer	healthy_vs_degenerated_severe	CRX	0.0	1.0	10	0	0	0	1.0
AF_outer	healthy_vs_degenerated_severe	NRL	0.0	1.0	10	0	0	0	1.0
AF_outer	healthy_vs_degenerated_severe	UBTF	0.1111111111111111	0.15434398584175751	9	1	1	0	0.7272117254319569
AF_outer	healthy_vs_degenerated_severe	MYBL2	-0.022727272727272728	0.559966915512806	44	1	0	1	1.0
AF_outer	healthy_vs_degenerated_severe	ELF2	0.0	1.0	7	0	0	0	1.0
AF_outer	healthy_vs_degenerated_severe	JUND	-0.03571428571428571	0.01957638323603273	56	4	1	3	0.5053713189006507
AF_outer	healthy_vs_degenerated_severe	TP63	0.007142857142857143	0.014997744976154137	140	7	4	3	0.5053713189006507
AF_outer	healthy_vs_degenerated_severe	NFKBIB	0.0	1.0	14	0	0	0	1.0
AF_outer	healthy_vs_degenerated_severe	HOXC6	0.0	1.0	8	0	0	0	1.0
AF_outer	healthy_vs_degenerated_severe	FOXO1	0.017045454545454544	0.044525111476830866	176	7	5	2	0.6964184102786366
AF_outer	healthy_vs_degenerated_severe	PITX2	0.016666666666666666	0.09876911391231782	60	3	2	1	0.7116903626137829
AF_outer	healthy_vs_degenerated_severe	NR5A2	0.0	1.0	25	0	0	0	1.0
AF_outer	healthy_vs_degenerated_severe	POU2F1	-0.06521739130434782	0.05263016402304121	46	3	0	3	0.7116903626137829
AF_outer	healthy_vs_degenerated_severe	XBP1	0.0	1.0	39	0	0	0	1.0
AF_outer	healthy_vs_degenerated_severe	SREBF1	-0.04878048780487805	0.06477668035743726	82	4	0	4	0.7116903626137829
AF_outer	healthy_vs_degenerated_severe	TCF3	0.0	1.0	61	0	0	0	1.0
AF_outer	healthy_vs_degenerated_severe	LRRFIP1	0.0	1.0	7	0	0	0	1.0
AF_outer	healthy_vs_degenerated_severe	TCF12	-0.04	0.3725028671301751	25	1	0	1	1.0
AF_outer	healthy_vs_degenerated_severe	E4F1	0.0	1.0	8	0	0	0	1.0
AF_outer	healthy_vs_degenerated_severe	BRCA1	0.041666666666666664	0.22170407315897353	48	2	2	0	0.8246310038230114
AF_outer	healthy_vs_degenerated_severe	ZNF362	0.1	0.16995728014590697	10	1	1	0	0.740528149207166
AF_outer	healthy_vs_degenerated_severe	NRF1	-0.01639344262295082	0.6798496547589169	61	1	0	1	1.0
AF_outer	healthy_vs_degenerated_severe	GATA1	-0.015384615384615385	0.7029558517150403	65	1	0	1	1.0
AF_outer	healthy_vs_degenerated_severe	MYCN	-0.01	0.28078233083742976	100	3	1	2	0.9159209722504393
AF_outer	healthy_vs_degenerated_severe	PKNOX1	0.0	1.0	9	0	0	0	1.0
AF_outer	healthy_vs_degenerated_severe	NR4A3	0.0	1.0	16	0	0	0	1.0
AF_outer	healthy_vs_degenerated_severe	SSRP1	0.025974025974025976	0.41704882147943756	77	2	2	0	1.0
AF_outer	healthy_vs_degenerated_severe	ZNF91	0.08	0.07700802168948104	25	2	2	0	0.7116903626137829
AF_outer	healthy_vs_degenerated_severe	NR2C1	-0.1111111111111111	0.15434398584175751	9	1	0	1	0.7272117254319569
AF_outer	healthy_vs_degenerated_severe	ID3	0.08333333333333333	0.0716914174560556	24	2	2	0	0.7116903626137829
AF_outer	healthy_vs_degenerated_severe	ERF	0.0	1.0	12	0	0	0	1.0
AF_outer	healthy_vs_degenerated_severe	ZNF354C	0.06666666666666667	0.24382413631859534	15	1	1	0	0.8597267234355096
AF_outer	healthy_vs_degenerated_severe	HMGA2	0.0	1.0	27	0	0	0	1.0
AF_outer	healthy_vs_degenerated_severe	POU2F2	0.0	1.0	16	0	0	0	1.0
AF_outer	healthy_vs_degenerated_severe	SREBF2	-0.06521739130434782	0.05263016402304121	46	3	0	3	0.7116903626137829
AF_outer	healthy_vs_degenerated_severe	ELF4	0.03333333333333333	0.42841834692496505	30	1	1	0	1.0
AF_outer	healthy_vs_degenerated_severe	TTF1	0.0	0.1052720168816155	30	2	1	1	0.7116903626137829
AF_outer	healthy_vs_degenerated_severe	DLX4	0.0	1.0	21	0	0	0	1.0
AF_outer	healthy_vs_degenerated_severe	NR1I2	0.013986013986013986	0.7447537881543171	143	2	2	0	1.0
AF_outer	healthy_vs_degenerated_severe	NR1H3	-0.028169014084507043	0.041942080803609574	71	4	1	3	0.6964184102786366
AF_outer	healthy_vs_degenerated_severe	MITF	0.0	0.30393034302120214	60	2	1	1	0.9396021849457217
AF_outer	healthy_vs_degenerated_severe	NCOA1	-0.020833333333333332	0.5916775101352129	48	1	0	1	1.0
AF_outer	healthy_vs_degenerated_severe	NCOR1	0.0	1.0	57	0	0	0	1.0
AF_outer	healthy_vs_degenerated_severe	FOSL1	0.0	0.12955850390196585	34	2	1	1	0.7116903626137829
AF_outer	healthy_vs_degenerated_severe	JUNB	-0.018518518518518517	0.6350294639754135	54	1	0	1	1.0
AF_outer	healthy_vs_degenerated_severe	DNMT1	-0.05309734513274336	4.3569369766355145e-05	113	10	2	8	0.02657731555747664
AF_outer	healthy_vs_degenerated_severe	KLF5	0.0	1.0	51	0	0	0	1.0
AF_outer	healthy_vs_degenerated_severe	NR3C2	0.0	0.12955850390196585	34	2	1	1	0.7116903626137829
AF_outer	healthy_vs_degenerated_severe	MYRF	0.0	1.0	5	0	0	0	1.0
AF_outer	healthy_vs_degenerated_severe	EBF1	0.0	1.0	9	0	0	0	1.0
AF_outer	healthy_vs_degenerated_severe	CREBBP	-0.08	0.07700802168948104	25	2	0	2	0.7116903626137829
AF_outer	healthy_vs_degenerated_severe	ZFPM1	-0.125	0.13843847570795564	8	1	0	1	0.7116903626137829
AF_outer	healthy_vs_degenerated_severe	APEX1	-0.07692307692307693	0.08244476080770856	26	2	0	2	0.7116903626137829
AF_outer	healthy_vs_degenerated_severe	TFAM	0.0	1.0	11	0	0	0	1.0
AF_outer	healthy_vs_degenerated_severe	IRF4	0.07142857142857142	0.09365406845939327	28	2	2	0	0.7116903626137829
AF_outer	healthy_vs_degenerated_severe	ZBED1	0.0	1.0	16	0	0	0	1.0
AF_outer	healthy_vs_degenerated_severe	NCOA2	0.0	1.0	37	0	0	0	1.0
AF_outer	healthy_vs_degenerated_severe	FOXA1	0.03571428571428571	0.40667328554997556	28	1	1	0	1.0
AF_outer	healthy_vs_degenerated_severe	NR4A2	-0.03571428571428571	0.014433334816143359	28	3	1	2	0.5053713189006507
AF_outer	healthy_vs_degenerated_severe	KLF1	0.0	1.0	15	0	0	0	1.0
AF_outer	healthy_vs_degenerated_severe	LHX3	0.0	1.0	5	0	0	0	1.0
AF_outer	healthy_vs_degenerated_severe	CTCF	-0.011235955056179775	0.810604069666731	89	1	0	1	1.0
AF_outer	healthy_vs_degenerated_severe	BCL6	0.0	1.0	49	0	0	0	1.0
AF_outer	healthy_vs_degenerated_severe	RB1	0.0	1.0	30	0	0	0	1.0
AF_outer	healthy_vs_degenerated_severe	TFCP2	0.0	1.0	37	0	0	0	1.0
AF_outer	healthy_vs_degenerated_severe	REST	0.0	1.0	19	0	0	0	1.0
AF_outer	healthy_vs_degenerated_severe	ESRRA	0.0	1.0	26	0	0	0	1.0
AF_outer	healthy_vs_degenerated_severe	HOXD3	0.0	1.0	5	0	0	0	1.0
AF_outer	healthy_vs_degenerated_severe	IRF9	-0.07692307692307693	0.21509680879203877	13	1	0	1	0.8049635175652985
AF_outer	healthy_vs_degenerated_severe	TFE3	0.037037037037037035	0.3954940277967408	27	1	1	0	1.0
AF_outer	healthy_vs_degenerated_severe	ZNF236	0.0	1.0	6	0	0	0	1.0
AF_outer	healthy_vs_degenerated_severe	TFAP2C	0.0	1.0	15	0	0	0	1.0
AF_outer	healthy_vs_degenerated_severe	PAX8	0.0	1.0	15	0	0	0	1.0
AF_outer	healthy_vs_degenerated_severe	NKX2-1	-0.07142857142857142	0.09365406845939327	28	2	0	2	0.7116903626137829
AF_outer	healthy_vs_degenerated_severe	PBX1	0.0	1.0	24	0	0	0	1.0
AF_outer	healthy_vs_degenerated_severe	SP4	0.0	1.0	32	0	0	0	1.0
AF_outer	healthy_vs_degenerated_severe	CIITA	0.05	0.31114695304759965	20	1	1	0	0.9396021849457217
AF_outer	healthy_vs_degenerated_severe	CDX2	0.03333333333333333	0.42841834692496505	30	1	1	0	1.0
AF_outer	healthy_vs_degenerated_severe	ELF3	0.0	1.0	15	0	0	0	1.0
AF_outer	healthy_vs_degenerated_severe	ZEB1	-0.03225806451612903	0.4389916178903589	31	1	0	1	1.0
AF_outer	healthy_vs_degenerated_severe	EGR3	0.0	1.0	17	0	0	0	1.0
AF_outer	healthy_vs_degenerated_severe	EWSR1	0.022727272727272728	0.559966915512806	44	1	1	0	1.0
AF_outer	healthy_vs_degenerated_severe	NAB2	0.16666666666666666	0.10572894119920943	6	1	1	0	0.7116903626137829
AF_outer	healthy_vs_degenerated_severe	DEAF1	0.0	1.0	7	0	0	0	1.0
AF_outer	healthy_vs_degenerated_severe	TBPL1	0.0	1.0	25	0	0	0	1.0
AF_outer	healthy_vs_degenerated_severe	MEF2C	0.06451612903225806	0.11122021796314974	31	2	2	0	0.7116903626137829
AF_outer	healthy_vs_degenerated_severe	POU4F2	0.0	1.0	15	0	0	0	1.0
AF_outer	healthy_vs_degenerated_severe	TAL1	0.0	1.0	60	0	0	0	1.0
AF_outer	healthy_vs_degenerated_severe	EPAS1	0.017241379310344827	0.6613540951107346	58	1	1	0	1.0
AF_outer	healthy_vs_degenerated_severe	SMARCA1	0.0	1.0	32	0	0	0	1.0
AF_outer	healthy_vs_degenerated_severe	NFATC4	0.038461538461538464	0.38410519138307375	26	1	1	0	1.0
AF_outer	healthy_vs_degenerated_severe	FOXM1	0.0	0.2902430671727023	58	2	1	1	0.9221264113299397
AF_outer	healthy_vs_degenerated_severe	MYF5	0.0	1.0	12	0	0	0	1.0
AF_outer	healthy_vs_degenerated_severe	MYOG	0.034482758620689655	0.41764680259018655	29	1	1	0	1.0
AF_outer	healthy_vs_degenerated_severe	SMAD7	0.0	0.18791903287390035	43	2	1	1	0.7541487503492055
AF_outer	healthy_vs_degenerated_severe	SOX10	0.0	1.0	14	0	0	0	1.0
AF_outer	healthy_vs_degenerated_severe	POU3F1	0.0	1.0	5	0	0	0	1.0
AF_outer	healthy_vs_degenerated_severe	NKRF	0.0	1.0	7	0	0	0	1.0
AF_outer	healthy_vs_degenerated_severe	ATF6	0.02564102564102564	0.03476230934292704	39	3	2	1	0.6533697813909362
AF_outer	healthy_vs_degenerated_severe	NKX6-1	0.0	1.0	6	0	0	0	1.0
AF_outer	healthy_vs_degenerated_severe	ERG	0.0	1.0	34	0	0	0	1.0
AF_outer	healthy_vs_degenerated_severe	PITX3	0.125	0.13843847570795564	8	1	1	0	0.7116903626137829
AF_outer	healthy_vs_degenerated_severe	HOXB2	0.0	1.0	5	0	0	0	1.0
AF_outer	healthy_vs_degenerated_severe	SATB1	-0.043478260869565216	0.00834585306489936	23	3	1	2	0.40252167993369814
AF_outer	healthy_vs_degenerated_severe	NFKB2	0.0	1.0	41	0	0	0	1.0
AF_outer	healthy_vs_degenerated_severe	RORA	-0.029411764705882353	0.46955777985378416	34	1	0	1	1.0
AF_outer	healthy_vs_degenerated_severe	PROX1	0.0	1.0	14	0	0	0	1.0
AF_outer	healthy_vs_degenerated_severe	PEG3	0.0	1.0	6	0	0	0	1.0
AF_outer	healthy_vs_degenerated_severe	NR2E3	0.0	1.0	6	0	0	0	1.0
AF_outer	healthy_vs_degenerated_severe	NCOR2	0.0	0.16802475820483478	40	2	1	1	0.740528149207166
AF_outer	healthy_vs_degenerated_severe	NCOA3	-0.02040816326530612	0.5992431787590317	49	1	0	1	1.0
AF_outer	healthy_vs_degenerated_severe	ZFHX3	0.0	1.0	5	0	0	0	1.0
AF_outer	healthy_vs_degenerated_severe	SMAD1	0.045454545454545456	0.008578330883832912	44	4	3	1	0.40252167993369814
AF_outer	healthy_vs_degenerated_severe	SPDEF	0.0	1.0	8	0	0	0	1.0
AF_outer	healthy_vs_degenerated_severe	PAX2	0.0	1.0	9	0	0	0	1.0
AF_outer	healthy_vs_degenerated_severe	KLF13	0.0	1.0	9	0	0	0	1.0
AF_outer	healthy_vs_degenerated_severe	MAFB	0.07407407407407407	0.0879954446277326	27	2	2	0	0.7116903626137829
AF_outer	healthy_vs_degenerated_severe	ELK3	0.0	1.0	18	0	0	0	1.0
AF_outer	healthy_vs_degenerated_severe	KLF6	0.05405405405405406	0.1485341854419343	37	2	2	0	0.7272117254319569
AF_outer	healthy_vs_degenerated_severe	SNAI1	-0.015151515151515152	0.7084682351231988	66	1	0	1	1.0
AF_outer	healthy_vs_degenerated_severe	HESX1	0.0	1.0	13	0	0	0	1.0
AF_outer	healthy_vs_degenerated_severe	BACH2	0.0	1.0	5	0	0	0	1.0
AF_outer	healthy_vs_degenerated_severe	PATZ1	0.0	1.0	8	0	0	0	1.0
AF_outer	healthy_vs_degenerated_severe	ZHX2	0.0	1.0	7	0	0	0	1.0
AF_outer	healthy_vs_degenerated_severe	ONECUT1	0.0	1.0	11	0	0	0	1.0
AF_outer	healthy_vs_degenerated_severe	RXRA	-0.0625	0.05840663891199946	48	3	0	3	0.7116903626137829
AF_outer	healthy_vs_degenerated_severe	NR1H2	-0.034482758620689655	0.41764680259018655	29	1	0	1	1.0
AF_outer	healthy_vs_degenerated_severe	KAT5	-0.02631578947368421	0.5077497486272061	38	1	0	1	1.0
AF_outer	healthy_vs_degenerated_severe	YBX3	0.0	1.0	21	0	0	0	1.0
AF_outer	healthy_vs_degenerated_severe	SMAD6	0.058823529411764705	0.27150503867681614	17	1	1	0	0.9000982260481404
AF_outer	healthy_vs_degenerated_severe	MYBL1	0.0	1.0	9	0	0	0	1.0
AF_outer	healthy_vs_degenerated_severe	CDX1	0.0	1.0	18	0	0	0	1.0
AF_outer	healthy_vs_degenerated_severe	TFDP1	-0.034482758620689655	0.41764680259018655	29	1	0	1	1.0
AF_outer	healthy_vs_degenerated_severe	KMT2A	0.018518518518518517	0.6350294639754135	54	1	1	0	1.0
AF_outer	healthy_vs_degenerated_severe	GATA2	-0.02631578947368421	0.5077497486272061	38	1	0	1	1.0
AF_outer	healthy_vs_degenerated_severe	PRDM1	0.03125	0.44937024739626036	32	1	1	0	1.0
AF_outer	healthy_vs_degenerated_severe	MXD1	0.0	1.0	16	0	0	0	1.0
AF_outer	healthy_vs_degenerated_severe	CLOCK	0.0	1.0	45	0	0	0	1.0
AF_outer	healthy_vs_degenerated_severe	BHLHE40	0.0	1.0	25	0	0	0	1.0
AF_outer	healthy_vs_degenerated_severe	SRY	-0.10526315789473684	0.0471406738474309	19	2	0	2	0.7116903626137829
AF_outer	healthy_vs_degenerated_severe	MAF	0.0	0.0879954446277326	27	2	1	1	0.7116903626137829
AF_outer	healthy_vs_degenerated_severe	AIRE	0.1	0.16995728014590697	10	1	1	0	0.740528149207166
AF_outer	healthy_vs_degenerated_severe	ZGPAT	0.0	1.0	5	0	0	0	1.0
AF_outer	healthy_vs_degenerated_severe	ETV1	0.0	1.0	13	0	0	0	1.0
AF_outer	healthy_vs_degenerated_severe	KLF4	0.013888888888888888	0.14743103285008421	72	3	2	1	0.7272117254319569
AF_outer	healthy_vs_degenerated_severe	EGR2	-0.045454545454545456	0.1946224731778352	44	2	0	2	0.7709071989511654
AF_outer	healthy_vs_degenerated_severe	NEUROG3	0.0	1.0	11	0	0	0	1.0
AF_outer	healthy_vs_degenerated_severe	CXXC1	0.0	1.0	11	0	0	0	1.0
AF_outer	healthy_vs_degenerated_severe	TBX21	-0.058823529411764705	0.27150503867681614	17	1	0	1	0.9000982260481404
AF_outer	healthy_vs_degenerated_severe	HOXA10	0.0	1.0	29	0	0	0	1.0
AF_outer	healthy_vs_degenerated_severe	LMX1B	0.0	1.0	12	0	0	0	1.0
AF_outer	healthy_vs_degenerated_severe	TBX2	0.0	1.0	20	0	0	0	1.0
AF_outer	healthy_vs_degenerated_severe	ZNF699	0.034482758620689655	0.41764680259018655	29	1	1	0	1.0
AF_outer	healthy_vs_degenerated_severe	RFX5	0.0	1.0	13	0	0	0	1.0
AF_outer	healthy_vs_degenerated_severe	RFXANK	0.0	1.0	8	0	0	0	1.0
AF_outer	healthy_vs_degenerated_severe	RFXAP	0.0	1.0	7	0	0	0	1.0
AF_outer	healthy_vs_degenerated_severe	BARX2	0.1	0.16995728014590697	10	1	1	0	0.740528149207166
AF_outer	healthy_vs_degenerated_severe	FOXO4	-0.05	0.31114695304759965	20	1	0	1	0.9396021849457217
AF_outer	healthy_vs_degenerated_severe	DLX5	0.05	0.31114695304759965	20	1	1	0	0.9396021849457217
AF_outer	healthy_vs_degenerated_severe	ID4	0.0	1.0	9	0	0	0	1.0
AF_outer	healthy_vs_degenerated_severe	SPIB	-0.1111111111111111	0.15434398584175751	9	1	0	1	0.7272117254319569
AF_outer	healthy_vs_degenerated_severe	FOXN1	-0.03333333333333333	0.42841834692496505	30	1	0	1	1.0
AF_outer	healthy_vs_degenerated_severe	TBX5	0.09090909090909091	0.1852837011146518	11	1	1	0	0.7484970707280636
AF_outer	healthy_vs_degenerated_severe	TLX1	0.0	1.0	6	0	0	0	1.0
AF_outer	healthy_vs_degenerated_severe	HIVEP1	0.0	1.0	7	0	0	0	1.0
AF_outer	healthy_vs_degenerated_severe	SMAD2	0.01818181818181818	0.08082074399061852	55	3	2	1	0.7116903626137829
AF_outer	healthy_vs_degenerated_severe	NKX3-1	0.02040816326530612	0.5992431787590317	49	1	1	0	1.0
AF_outer	healthy_vs_degenerated_severe	HAND2	0.0625	0.25779298701723263	16	1	1	0	0.9000982260481404
AF_outer	healthy_vs_degenerated_severe	PAX7	0.0	1.0	9	0	0	0	1.0
AF_outer	healthy_vs_degenerated_severe	SFPQ	0.0	1.0	19	0	0	0	1.0
AF_outer	healthy_vs_degenerated_severe	BMAL1	0.0	1.0	44	0	0	0	1.0
AF_outer	healthy_vs_degenerated_severe	SKIL	0.0	1.0	14	0	0	0	1.0
AF_outer	healthy_vs_degenerated_severe	TBXT	0.0	1.0	6	0	0	0	1.0
AF_outer	healthy_vs_degenerated_severe	MSX2	0.0	1.0	21	0	0	0	1.0
AF_outer	healthy_vs_degenerated_severe	MZF1	0.0	1.0	14	0	0	0	1.0
AF_outer	healthy_vs_degenerated_severe	HOXA5	0.0	1.0	9	0	0	0	1.0
AF_outer	healthy_vs_degenerated_severe	HOXB4	0.0	1.0	5	0	0	0	1.0
AF_outer	healthy_vs_degenerated_severe	CREB3	0.125	0.13843847570795564	8	1	1	0	0.7116903626137829
AF_outer	healthy_vs_degenerated_severe	NFE2	0.0	1.0	9	0	0	0	1.0
AF_outer	healthy_vs_degenerated_severe	ZNF76	0.0	1.0	6	0	0	0	1.0
AF_outer	healthy_vs_degenerated_severe	FOXQ1	0.0	1.0	9	0	0	0	1.0
AF_outer	healthy_vs_degenerated_severe	ZGLP1	0.0	1.0	8	0	0	0	1.0
AF_outer	healthy_vs_degenerated_severe	NFYB	0.0	1.0	28	0	0	0	1.0
AF_outer	healthy_vs_degenerated_severe	ETV3	0.0	1.0	10	0	0	0	1.0
AF_outer	healthy_vs_degenerated_severe	GSC	0.0	1.0	5	0	0	0	1.0
AF_outer	healthy_vs_degenerated_severe	IRF7	0.125	0.13843847570795564	8	1	1	0	0.7116903626137829
AF_outer	healthy_vs_degenerated_severe	NFATC3	-0.058823529411764705	0.27150503867681614	17	1	0	1	0.9000982260481404
AF_outer	healthy_vs_degenerated_severe	KDM5A	0.0	1.0	13	0	0	0	1.0
AF_outer	healthy_vs_degenerated_severe	GRHL3	0.0	1.0	14	0	0	0	1.0
AF_outer	healthy_vs_degenerated_severe	THRA	0.025	0.037085137343984276	40	3	2	1	0.6653509935244237
AF_outer	healthy_vs_degenerated_severe	SOX17	-0.041666666666666664	0.36068307331254723	24	1	0	1	1.0
AF_outer	healthy_vs_degenerated_severe	TBX15	0.0	1.0	18	0	0	0	1.0
AF_outer	healthy_vs_degenerated_severe	NFAT5	-0.030303030303030304	0.4595578011493189	33	1	0	1	1.0
AF_outer	healthy_vs_degenerated_severe	BMAL2	0.0	1.0	6	0	0	0	1.0
AF_outer	healthy_vs_degenerated_severe	NFE2L2	0.0	0.2628333841486235	141	4	2	2	0.9000982260481404
AF_outer	healthy_vs_degenerated_severe	ZIC1	0.1111111111111111	0.15434398584175751	9	1	1	0	0.7272117254319569
AF_outer	healthy_vs_degenerated_severe	MEIS1	0.0	1.0	9	0	0	0	1.0
AF_outer	healthy_vs_degenerated_severe	HOXA9	0.0	1.0	27	0	0	0	1.0
AF_outer	healthy_vs_degenerated_severe	MAFA	-0.1	0.16995728014590697	10	1	0	1	0.740528149207166
AF_outer	healthy_vs_degenerated_severe	NR1D1	-0.07692307692307693	0.21509680879203877	13	1	0	1	0.8049635175652985
AF_outer	healthy_vs_degenerated_severe	MYF6	-0.16666666666666666	0.10572894119920943	6	1	0	1	0.7116903626137829
AF_outer	healthy_vs_degenerated_severe	ZNF263	0.0	1.0	5	0	0	0	1.0
AF_outer	healthy_vs_degenerated_severe	NFIA	0.0	1.0	30	0	0	0	1.0
AF_outer	healthy_vs_degenerated_severe	HEY2	0.0	1.0	10	0	0	0	1.0
AF_outer	healthy_vs_degenerated_severe	HOXB7	0.0	1.0	11	0	0	0	1.0
AF_outer	healthy_vs_degenerated_severe	ZNF350	0.0	1.0	9	0	0	0	1.0
AF_outer	healthy_vs_degenerated_severe	BCL11A	0.0	1.0	7	0	0	0	1.0
AF_outer	healthy_vs_degenerated_severe	TWIST1	0.0	1.0	51	0	0	0	1.0
AF_outer	healthy_vs_degenerated_severe	ZNF395	0.0	1.0	5	0	0	0	1.0
AF_outer	healthy_vs_degenerated_severe	TFDP2	0.0	1.0	5	0	0	0	1.0
AF_outer	healthy_vs_degenerated_severe	GTF3A	0.0	1.0	15	0	0	0	1.0
AF_outer	healthy_vs_degenerated_severe	KLF10	0.058823529411764705	0.27150503867681614	17	1	1	0	0.9000982260481404
AF_outer	healthy_vs_degenerated_severe	KLF2	-0.0625	0.11725410320741259	32	2	0	2	0.7116903626137829
AF_outer	healthy_vs_degenerated_severe	PHF20	0.0	1.0	7	0	0	0	1.0
AF_outer	healthy_vs_degenerated_severe	TGIF1	0.0	1.0	8	0	0	0	1.0
AF_outer	healthy_vs_degenerated_severe	FOXG1	0.0	1.0	12	0	0	0	1.0
AF_outer	healthy_vs_degenerated_severe	SF1	0.0	1.0	5	0	0	0	1.0
AF_outer	healthy_vs_degenerated_severe	MBD2	0.0	0.27652457336307695	56	2	1	1	0.9068816653305213
AF_outer	healthy_vs_degenerated_severe	FOXF2	0.0	1.0	8	0	0	0	1.0
AF_outer	healthy_vs_degenerated_severe	HEY1	0.0	0.051756916818074115	20	2	1	1	0.7116903626137829
AF_outer	healthy_vs_degenerated_severe	ZBTB17	-0.027777777777777776	0.4890086969756587	36	1	0	1	1.0
AF_outer	healthy_vs_degenerated_severe	IRF5	0.09090909090909091	0.1852837011146518	11	1	1	0	0.7484970707280636
AF_outer	healthy_vs_degenerated_severe	THRB	-0.06896551724137931	0.09941480842407056	29	2	0	2	0.7116903626137829
AF_outer	healthy_vs_degenerated_severe	POU3F2	0.0	1.0	13	0	0	0	1.0
AF_outer	healthy_vs_degenerated_severe	FOXI1	0.2	0.08891372955262176	5	1	1	0	0.7116903626137829
AF_outer	healthy_vs_degenerated_severe	KCNIP3	0.0	1.0	8	0	0	0	1.0
AF_outer	healthy_vs_degenerated_severe	FOSB	-0.05263157894736842	0.2981774512361233	19	1	0	1	0.928001251296098
AF_outer	healthy_vs_degenerated_severe	NFE2L1	-0.14285714285714285	0.12223530826018056	7	1	0	1	0.7116903626137829
AF_outer	healthy_vs_degenerated_severe	TRERF1	0.0	1.0	5	0	0	0	1.0
AF_outer	healthy_vs_degenerated_severe	FOXP1	0.09090909090909091	0.1852837011146518	11	1	1	0	0.7484970707280636
AF_outer	healthy_vs_degenerated_severe	FOXP2	0.0	1.0	5	0	0	0	1.0
AF_outer	healthy_vs_degenerated_severe	BARX1	0.14285714285714285	0.12223530826018056	7	1	1	0	0.7116903626137829
AF_outer	healthy_vs_degenerated_severe	ZFPM2	0.0	1.0	7	0	0	0	1.0
AF_outer	healthy_vs_degenerated_severe	IKZF1	0.0	1.0	13	0	0	0	1.0
AF_outer	healthy_vs_degenerated_severe	BCL3	0.05555555555555555	0.2849649892682976	18	1	1	0	0.9197282722415955
AF_outer	healthy_vs_degenerated_severe	SP2	-0.06666666666666667	0.24382413631859534	15	1	0	1	0.8597267234355096
AF_outer	healthy_vs_degenerated_severe	SIM2	0.0	1.0	8	0	0	0	1.0
AF_outer	healthy_vs_degenerated_severe	NFATC1	-0.015873015873015872	0.6916180228236863	63	1	0	1	1.0
AF_outer	healthy_vs_degenerated_severe	POU2F3	0.0	1.0	5	0	0	0	1.0
AF_outer	healthy_vs_degenerated_severe	HOXA7	0.0	1.0	10	0	0	0	1.0
AF_outer	healthy_vs_degenerated_severe	NPAS2	0.0	1.0	6	0	0	0	1.0
AF_outer	healthy_vs_degenerated_severe	DLX2	0.1	0.16995728014590697	10	1	1	0	0.740528149207166
AF_outer	healthy_vs_degenerated_severe	PRRX1	0.0	1.0	5	0	0	0	1.0
AF_outer	healthy_vs_degenerated_severe	VEZF1	0.0	1.0	6	0	0	0	1.0
AF_outer	healthy_vs_degenerated_severe	CTBP2	0.1111111111111111	0.15434398584175751	9	1	1	0	0.7272117254319569
AF_outer	healthy_vs_degenerated_severe	SOX6	-0.07142857142857142	0.22959370150564226	14	1	0	1	0.838635676158334
AF_outer	healthy_vs_degenerated_severe	HIPK2	0.0	1.0	7	0	0	0	1.0
AF_outer	healthy_vs_degenerated_severe	RORC	0.0	1.0	5	0	0	0	1.0
AF_outer	healthy_vs_degenerated_severe	PPARD	-0.01694915254237288	0.6676344823473983	59	1	0	1	1.0
AF_outer	healthy_vs_degenerated_severe	MECOM	0.0	1.0	12	0	0	0	1.0
AF_outer	healthy_vs_degenerated_severe	SIRT1	0.0	0.15497954804287606	38	2	1	1	0.7272117254319569
AF_outer	healthy_vs_degenerated_severe	ZBTB7B	0.0	1.0	11	0	0	0	1.0
AF_outer	healthy_vs_degenerated_severe	ZBTB7A	0.034482758620689655	0.41764680259018655	29	1	1	0	1.0
AF_outer	healthy_vs_degenerated_severe	NR6A1	0.0	1.0	5	0	0	0	1.0
AF_outer	healthy_vs_degenerated_severe	STAT2	0.0	1.0	29	0	0	0	1.0
AF_outer	healthy_vs_degenerated_severe	ESRRG	0.0	1.0	14	0	0	0	1.0
AF_outer	healthy_vs_degenerated_severe	PRDM2	-0.14285714285714285	0.12223530826018056	7	1	0	1	0.7116903626137829
AF_outer	healthy_vs_degenerated_severe	PURA	0.0	1.0	13	0	0	0	1.0
AF_outer	healthy_vs_degenerated_severe	NEUROD6	0.125	0.13843847570795564	8	1	1	0	0.7116903626137829
AF_outer	healthy_vs_degenerated_severe	NEUROG2	0.0	1.0	8	0	0	0	1.0
AF_outer	healthy_vs_degenerated_severe	HMGB2	0.2	0.08891372955262176	5	1	1	0	0.7116903626137829
AF_outer	healthy_vs_degenerated_severe	DLX3	0.2	0.013824337104412483	10	2	2	0	0.5053713189006507
AF_outer	healthy_vs_degenerated_severe	TWIST2	0.0	1.0	23	0	0	0	1.0
AF_outer	healthy_vs_degenerated_severe	TFAP4	0.0	0.06650132857524857	23	2	1	1	0.7116903626137829
AF_outer	healthy_vs_degenerated_severe	KAT6B	0.0	1.0	6	0	0	0	1.0
AF_outer	healthy_vs_degenerated_severe	SALL3	0.0	1.0	5	0	0	0	1.0
AF_outer	healthy_vs_degenerated_severe	MXI1	0.0	1.0	8	0	0	0	1.0
AF_outer	healthy_vs_degenerated_severe	E2F5	-0.1111111111111111	0.15434398584175751	9	1	0	1	0.7272117254319569
AF_outer	healthy_vs_degenerated_severe	E2F2	-0.06976744186046512	0.044517119063488236	43	3	0	3	0.6964184102786366
AF_outer	healthy_vs_degenerated_severe	FOXD3	0.0	1.0	8	0	0	0	1.0
AF_outer	healthy_vs_degenerated_severe	POU5F1	0.0	1.0	40	0	0	0	1.0
AF_outer	healthy_vs_degenerated_severe	PLAGL1	0.0	1.0	14	0	0	0	1.0
AF_outer	healthy_vs_degenerated_severe	SNAI2	-0.038461538461538464	0.38410519138307375	26	1	0	1	1.0
AF_outer	healthy_vs_degenerated_severe	NOTCH1	-0.02564102564102564	0.5168621689289274	39	1	0	1	1.0
AF_outer	healthy_vs_degenerated_severe	FOXC2	0.09090909090909091	0.1852837011146518	11	1	1	0	0.7484970707280636
AF_outer	healthy_vs_degenerated_severe	FOXD1	0.0	1.0	5	0	0	0	1.0
AF_outer	healthy_vs_degenerated_severe	KLF9	0.0	1.0	16	0	0	0	1.0
AF_outer	healthy_vs_degenerated_severe	TBPL2	-0.125	0.13843847570795564	8	1	0	1	0.7116903626137829
AF_outer	healthy_vs_degenerated_severe	NFIL3	-0.06666666666666667	0.24382413631859534	15	1	0	1	0.8597267234355096
AF_outer	healthy_vs_degenerated_severe	ZNF384	0.0	1.0	9	0	0	0	1.0
AF_outer	healthy_vs_degenerated_severe	HOXA11	0.0	1.0	5	0	0	0	1.0
AF_outer	healthy_vs_degenerated_severe	MEF2D	0.0	1.0	17	0	0	0	1.0
AF_outer	healthy_vs_degenerated_severe	SMAD5	0.07692307692307693	0.08244476080770856	26	2	2	0	0.7116903626137829
AF_outer	healthy_vs_degenerated_severe	MLXIPL	0.0	1.0	10	0	0	0	1.0
AF_outer	healthy_vs_degenerated_severe	ZBTB33	0.0	1.0	7	0	0	0	1.0
AF_outer	healthy_vs_degenerated_severe	KLF15	0.0	1.0	12	0	0	0	1.0
AF_outer	healthy_vs_degenerated_severe	DNMT3A	0.0	1.0	39	0	0	0	1.0
AF_outer	healthy_vs_degenerated_severe	DNMT3B	-0.058823529411764705	0.06760462814822325	51	3	0	3	0.7116903626137829
AF_outer	healthy_vs_degenerated_severe	OLIG2	-0.1	0.16995728014590697	10	1	0	1	0.740528149207166
AF_outer	healthy_vs_degenerated_severe	MAFG	-0.1111111111111111	0.15434398584175751	9	1	0	1	0.7272117254319569
AF_outer	healthy_vs_degenerated_severe	TEF	0.0	1.0	8	0	0	0	1.0
AF_outer	healthy_vs_degenerated_severe	HOXD13	0.125	0.13843847570795564	8	1	1	0	0.7116903626137829
AF_outer	healthy_vs_degenerated_severe	ZKSCAN7	0.0	1.0	7	0	0	0	1.0
AF_outer	healthy_vs_degenerated_severe	BACH1	0.08333333333333333	0.2003284940441273	12	1	1	0	0.7783463781332335
AF_outer	healthy_vs_degenerated_severe	TEAD4	0.0	1.0	7	0	0	0	1.0
AF_outer	healthy_vs_degenerated_severe	GCM1	0.0	1.0	5	0	0	0	1.0
AF_outer	healthy_vs_degenerated_severe	BHLHE41	0.0	1.0	17	0	0	0	1.0
AF_outer	healthy_vs_degenerated_severe	MTA1	-0.05128205128205128	0.16147777716179232	39	2	0	2	0.740528149207166
AF_outer	healthy_vs_degenerated_severe	EHF	0.0	1.0	7	0	0	0	1.0
AF_outer	healthy_vs_degenerated_severe	TCF7L2	0.0	0.002232233050367806	73	6	3	3	0.2985833662807375
AF_outer	healthy_vs_degenerated_severe	VSX2	0.0	1.0	13	0	0	0	1.0
AF_outer	healthy_vs_degenerated_severe	TSC22D1	0.0	1.0	7	0	0	0	1.0
AF_outer	healthy_vs_degenerated_severe	SOX5	0.0	1.0	9	0	0	0	1.0
AF_outer	healthy_vs_degenerated_severe	SOX2	0.029411764705882353	0.46955777985378416	34	1	1	0	1.0
AF_outer	healthy_vs_degenerated_severe	NKX3-2	0.0	1.0	6	0	0	0	1.0
AF_outer	healthy_vs_degenerated_severe	PAX9	0.0	1.0	6	0	0	0	1.0
AF_outer	healthy_vs_degenerated_severe	TCF21	0.0	1.0	6	0	0	0	1.0
AF_outer	healthy_vs_degenerated_severe	HIC1	0.0	1.0	17	0	0	0	1.0
AF_outer	healthy_vs_degenerated_severe	ZEB2	0.0	1.0	17	0	0	0	1.0
AF_outer	healthy_vs_degenerated_severe	NONO	0.0	1.0	10	0	0	0	1.0
AF_outer	healthy_vs_degenerated_severe	CEBPZ	0.07692307692307693	0.21509680879203877	13	1	1	0	0.8049635175652985
AF_outer	healthy_vs_degenerated_severe	SIX1	0.14285714285714285	0.12223530826018056	7	1	1	0	0.7116903626137829
AF_outer	healthy_vs_degenerated_severe	NFIX	0.0	1.0	15	0	0	0	1.0
AF_outer	healthy_vs_degenerated_severe	MNT	0.0	1.0	8	0	0	0	1.0
AF_outer	healthy_vs_degenerated_severe	HOXA1	0.0	1.0	14	0	0	0	1.0
AF_outer	healthy_vs_degenerated_severe	BCL11B	0.0	0.04268587862163205	18	2	1	1	0.6964184102786366
AF_outer	healthy_vs_degenerated_severe	RXRB	-0.14285714285714285	0.12223530826018056	7	1	0	1	0.7116903626137829
AF_outer	healthy_vs_degenerated_severe	E2F6	-0.06060606060606061	0.1233685272983848	33	2	0	2	0.7116903626137829
AF_outer	healthy_vs_degenerated_severe	HOXA13	0.0	1.0	6	0	0	0	1.0
AF_outer	healthy_vs_degenerated_severe	KAT6A	0.0	1.0	11	0	0	0	1.0
AF_outer	healthy_vs_degenerated_severe	GFI1	0.0	0.11122021796314974	31	2	1	1	0.7116903626137829
AF_outer	healthy_vs_degenerated_severe	RUNX3	0.045454545454545456	0.1946224731778352	44	2	2	0	0.7709071989511654
AF_outer	healthy_vs_degenerated_severe	GLI1	-0.035398230088495575	0.018129355960876333	113	6	1	5	0.5053713189006507
AF_outer	healthy_vs_degenerated_severe	KLF8	0.0	1.0	14	0	0	0	1.0
AF_outer	healthy_vs_degenerated_severe	HIF3A	0.0	1.0	5	0	0	0	1.0
AF_outer	healthy_vs_degenerated_severe	MEOX2	0.0	1.0	6	0	0	0	1.0
AF_outer	healthy_vs_degenerated_severe	JARID2	0.0	1.0	10	0	0	0	1.0
AF_outer	healthy_vs_degenerated_severe	NFYC	-0.058823529411764705	0.27150503867681614	17	1	0	1	0.9000982260481404
AF_outer	healthy_vs_degenerated_severe	GFI1B	0.0	1.0	9	0	0	0	1.0
AF_outer	healthy_vs_degenerated_severe	ASCL2	0.0	1.0	5	0	0	0	1.0
AF_outer	healthy_vs_degenerated_severe	MSC	0.0	1.0	13	0	0	0	1.0
AF_outer	healthy_vs_degenerated_severe	HOXB9	0.0	1.0	5	0	0	0	1.0
AF_outer	healthy_vs_degenerated_severe	HLX	0.0	1.0	12	0	0	0	1.0
AF_outer	healthy_vs_degenerated_severe	RCOR2	0.0	1.0	11	0	0	0	1.0
AF_outer	healthy_vs_degenerated_severe	NKX2-2	0.0	1.0	9	0	0	0	1.0
AF_outer	healthy_vs_degenerated_severe	ARID4A	0.0	1.0	6	0	0	0	1.0
AF_outer	healthy_vs_degenerated_severe	HINFP	0.0	1.0	9	0	0	0	1.0
AF_outer	healthy_vs_degenerated_severe	SMARCC1	0.0	1.0	6	0	0	0	1.0
AF_outer	healthy_vs_degenerated_severe	KAT2B	0.0	1.0	12	0	0	0	1.0
AF_outer	healthy_vs_degenerated_severe	HDGF	0.0	1.0	5	0	0	0	1.0
AF_outer	healthy_vs_degenerated_severe	EP300	0.0	0.006679056104315737	41	4	2	2	0.40252167993369814
AF_outer	healthy_vs_degenerated_severe	TRPS1	0.0	1.0	12	0	0	0	1.0
AF_outer	healthy_vs_degenerated_severe	CTNNB1	0.0	0.15708500124210245	197	6	3	3	0.7314645096006298
AF_outer	healthy_vs_degenerated_severe	PML	-0.06666666666666667	0.24382413631859534	15	1	0	1	0.8597267234355096
AF_outer	healthy_vs_degenerated_severe	KLF7	0.0	1.0	8	0	0	0	1.0
AF_outer	healthy_vs_degenerated_severe	PROP1	0.0	1.0	6	0	0	0	1.0
AF_outer	healthy_vs_degenerated_severe	LMO2	0.0	1.0	17	0	0	0	1.0
AF_outer	healthy_vs_degenerated_severe	MEOX1	0.0	1.0	6	0	0	0	1.0
AF_outer	healthy_vs_degenerated_severe	FOXL2	0.07692307692307693	0.21509680879203877	13	1	1	0	0.8049635175652985
AF_outer	healthy_vs_degenerated_severe	HTATIP2	0.0	1.0	11	0	0	0	1.0
AF_outer	healthy_vs_degenerated_severe	EZH2	0.010416666666666666	0.26074987085076257	96	3	2	1	0.9000982260481404
AF_outer	healthy_vs_degenerated_severe	GLI2	-0.04950495049504951	0.002610914265056467	101	7	1	6	0.2985833662807375
AF_outer	healthy_vs_degenerated_severe	TCF7	0.0	1.0	12	0	0	0	1.0
AF_outer	healthy_vs_degenerated_severe	FOXC1	0.1111111111111111	0.15434398584175751	9	1	1	0	0.7272117254319569
AF_outer	healthy_vs_degenerated_severe	HOXB13	0.0	1.0	8	0	0	0	1.0
AF_outer	healthy_vs_degenerated_severe	ABL1	0.0	1.0	10	0	0	0	1.0
AF_outer	healthy_vs_degenerated_severe	TBX3	0.0	1.0	11	0	0	0	1.0
AF_outer	healthy_vs_degenerated_severe	TET1	0.0	1.0	9	0	0	0	1.0
AF_outer	healthy_vs_degenerated_severe	FOXH1	-0.14285714285714285	0.12223530826018056	7	1	0	1	0.7116903626137829
AF_outer	healthy_vs_degenerated_severe	FOXP3	-0.037037037037037035	0.3954940277967408	27	1	0	1	1.0
AF_outer	healthy_vs_degenerated_severe	CREB3L1	0.0	1.0	7	0	0	0	1.0
AF_outer	healthy_vs_degenerated_severe	TFDP3	0.0	1.0	5	0	0	0	1.0
AF_outer	healthy_vs_degenerated_severe	SP7	0.043478260869565216	0.3486417543185266	23	1	1	0	1.0
AF_outer	healthy_vs_degenerated_severe	OVOL1	0.0	1.0	8	0	0	0	1.0
AF_outer	healthy_vs_degenerated_severe	ZNF436	0.0	1.0	5	0	0	0	1.0
AF_outer	healthy_vs_degenerated_severe	SCX	0.0	1.0	7	0	0	0	1.0
AF_outer	healthy_vs_degenerated_severe	NANOG	0.0	1.0	30	0	0	0	1.0
AF_outer	healthy_vs_degenerated_severe	ARX	0.0	1.0	13	0	0	0	1.0
AF_outer	healthy_vs_degenerated_severe	VHL	0.05263157894736842	0.2981774512361233	19	1	1	0	0.928001251296098
AF_outer	healthy_vs_degenerated_severe	SOX4	0.0	1.0	18	0	0	0	1.0
AF_outer	healthy_vs_degenerated_severe	ATF5	0.0	0.05652719971304538	21	2	1	1	0.7116903626137829
AF_outer	healthy_vs_degenerated_severe	CTCFL	-0.16666666666666666	0.10572894119920943	6	1	0	1	0.7116903626137829
AF_outer	healthy_vs_degenerated_severe	SP6	0.0	1.0	5	0	0	0	1.0
AF_outer	healthy_vs_degenerated_severe	SMARCA5	0.0	1.0	8	0	0	0	1.0
AF_outer	healthy_vs_degenerated_severe	EOMES	0.0	1.0	8	0	0	0	1.0
AF_outer	healthy_vs_degenerated_severe	ESRRB	0.0	1.0	5	0	0	0	1.0
AF_outer	healthy_vs_degenerated_severe	ZXDC	0.0	1.0	5	0	0	0	1.0
AF_outer	healthy_vs_degenerated_severe	NR2E1	0.0	1.0	10	0	0	0	1.0
AF_outer	healthy_vs_degenerated_severe	ZFP42	0.0	1.0	12	0	0	0	1.0
AF_outer	healthy_vs_degenerated_severe	KMT2B	0.0	1.0	11	0	0	0	1.0
AF_outer	healthy_vs_degenerated_severe	NFIB	0.0	1.0	13	0	0	0	1.0
AF_outer	healthy_vs_degenerated_severe	EN1	-0.2	0.08891372955262176	5	1	0	1	0.7116903626137829
AF_outer	healthy_vs_degenerated_severe	MTA3	0.0	1.0	9	0	0	0	1.0
AF_outer	healthy_vs_degenerated_severe	TBX18	0.0	1.0	7	0	0	0	1.0
AF_outer	healthy_vs_degenerated_severe	EGR4	0.0	1.0	8	0	0	0	1.0
AF_outer	healthy_vs_degenerated_severe	HSF4	0.0	1.0	8	0	0	0	1.0
AF_outer	healthy_vs_degenerated_severe	BCLAF1	0.0	1.0	5	0	0	0	1.0
AF_outer	healthy_vs_degenerated_severe	KDM5C	0.0	1.0	10	0	0	0	1.0
AF_outer	healthy_vs_degenerated_severe	FOSL2	0.045454545454545456	0.3363747792862104	22	1	1	0	0.9994410848993549
AF_outer	healthy_vs_degenerated_severe	MED1	0.0	1.0	9	0	0	0	1.0
AF_outer	healthy_vs_degenerated_severe	LYL1	0.0	1.0	12	0	0	0	1.0
AF_outer	healthy_vs_degenerated_severe	HOXD1	-0.2	0.08891372955262176	5	1	0	1	0.7116903626137829
AF_outer	healthy_vs_degenerated_severe	SALL4	0.0	1.0	5	0	0	0	1.0
AF_outer	healthy_vs_degenerated_severe	KDM5B	0.05	0.31114695304759965	20	1	1	0	0.9396021849457217
AF_outer	healthy_vs_degenerated_severe	TADA2A	0.0	1.0	6	0	0	0	1.0
AF_outer	healthy_vs_degenerated_severe	SATB2	0.0	1.0	17	0	0	0	1.0
AF_outer	healthy_vs_degenerated_severe	NSD2	0.0	1.0	6	0	0	0	1.0
AF_outer	healthy_vs_degenerated_severe	PBRM1	0.0	1.0	7	0	0	0	1.0
AF_outer	healthy_vs_degenerated_severe	ZBTB4	0.0	1.0	12	0	0	0	1.0
AF_outer	healthy_vs_degenerated_severe	THAP11	0.0	1.0	6	0	0	0	1.0
AF_outer	healthy_vs_degenerated_severe	FOXJ1	0.0	1.0	8	0	0	0	1.0
AF_outer	healthy_vs_degenerated_severe	PPARGC1A	0.0	1.0	18	0	0	0	1.0
AF_outer	healthy_vs_degenerated_severe	BATF	0.0	1.0	7	0	0	0	1.0
AF_outer	healthy_vs_degenerated_severe	ARID3B	0.0	1.0	5	0	0	0	1.0
AF_outer	healthy_vs_degenerated_severe	ZNF300	0.0	1.0	5	0	0	0	1.0
AF_outer	healthy_vs_degenerated_severe	NUPR1	0.0	1.0	6	0	0	0	1.0
AF_outer	healthy_vs_degenerated_severe	ZNF331	0.0	1.0	17	0	0	0	1.0
AF_outer	healthy_vs_degenerated_severe	ZNF382	0.0	1.0	11	0	0	0	1.0
AF_outer	healthy_vs_degenerated_severe	HOXD8	0.0	1.0	5	0	0	0	1.0
AF_outer	healthy_vs_degenerated_severe	LHX8	0.14285714285714285	0.12223530826018056	7	1	1	0	0.7116903626137829
AF_outer	healthy_vs_degenerated_severe	IRX1	0.0	1.0	11	0	0	0	1.0
AF_outer	healthy_vs_degenerated_severe	SOX11	0.0	1.0	7	0	0	0	1.0
AF_outer	healthy_vs_degenerated_severe	IRF6	0.0	1.0	10	0	0	0	1.0
AF_outer	healthy_vs_degenerated_severe	E2F7	0.0	1.0	5	0	0	0	1.0
AF_outer	healthy_vs_degenerated_severe	HEYL	0.0	1.0	5	0	0	0	1.0
AF_outer	healthy_vs_degenerated_severe	MECP2	0.0	1.0	16	0	0	0	1.0
AF_outer	healthy_vs_degenerated_severe	MAML1	0.0	1.0	5	0	0	0	1.0
AF_outer	healthy_vs_degenerated_severe	DOT1L	0.0	1.0	8	0	0	0	1.0
AF_outer	healthy_vs_degenerated_severe	ARID3A	0.0	1.0	6	0	0	0	1.0
AF_outer	healthy_vs_degenerated_severe	ARID1A	0.0	1.0	5	0	0	0	1.0
AF_outer	healthy_vs_degenerated_severe	ZBTB18	0.0	1.0	6	0	0	0	1.0
AF_outer	healthy_vs_degenerated_severe	TCF15	-0.2	0.08891372955262176	5	1	0	1	0.7116903626137829
AF_outer	healthy_vs_degenerated_severe	NPM1	0.09090909090909091	0.1852837011146518	11	1	1	0	0.7484970707280636
AF_outer	healthy_vs_degenerated_severe	SETBP1	0.0	1.0	5	0	0	0	1.0
AF_outer	healthy_vs_degenerated_severe	KDM2A	0.0	1.0	8	0	0	0	1.0
AF_outer	healthy_vs_degenerated_severe	MKX	0.0	1.0	6	0	0	0	1.0
AF_outer	healthy_vs_degenerated_severe	HDAC3	0.0	1.0	13	0	0	0	1.0
AF_outer	healthy_vs_degenerated_severe	BTG2	0.0	1.0	6	0	0	0	1.0
AF_outer	healthy_vs_degenerated_severe	CREB5	0.0	1.0	9	0	0	0	1.0
AF_outer	healthy_vs_degenerated_severe	CTBP1	0.125	0.13843847570795564	8	1	1	0	0.7116903626137829
AF_outer	healthy_vs_degenerated_severe	HDAC1	0.0	1.0	57	0	0	0	1.0
AF_outer	healthy_vs_degenerated_severe	HCFC1	0.0	1.0	7	0	0	0	1.0
AF_outer	healthy_vs_degenerated_severe	ETV7	0.0	1.0	8	0	0	0	1.0
AF_outer	healthy_vs_degenerated_severe	FHL2	0.0	1.0	6	0	0	0	1.0
AF_outer	healthy_vs_degenerated_severe	HDAC4	0.0	1.0	16	0	0	0	1.0
AF_outer	healthy_vs_degenerated_severe	HDAC7	0.0	1.0	10	0	0	0	1.0
AF_outer	healthy_vs_degenerated_severe	HDAC9	0.07142857142857142	0.22959370150564226	14	1	1	0	0.838635676158334
AF_outer	healthy_vs_degenerated_severe	ING4	0.0	1.0	14	0	0	0	1.0
AF_outer	healthy_vs_degenerated_severe	SIN3A	0.125	0.13843847570795564	8	1	1	0	0.7116903626137829
AF_outer	healthy_vs_degenerated_severe	SMARCA4	0.0	1.0	7	0	0	0	1.0
AF_outer	healthy_vs_degenerated_severe	WWTR1	0.0	1.0	8	0	0	0	1.0
AF_outer	healthy_vs_degenerated_severe	PIN1	0.0	1.0	5	0	0	0	1.0
AF_outer	healthy_vs_degenerated_severe	FGF2	0.16666666666666666	0.10572894119920943	6	1	1	0	0.7116903626137829
AF_outer	healthy_vs_degenerated_severe	PARK7	-0.16666666666666666	0.10572894119920943	6	1	0	1	0.7116903626137829
AF_outer	healthy_vs_degenerated_severe	YAP1	0.0	1.0	8	0	0	0	1.0
AF_outer	healthy_vs_degenerated_severe	BCOR	0.0	1.0	5	0	0	0	1.0
AF_outer	healthy_vs_degenerated_severe	BRD4	0.14285714285714285	0.12223530826018056	7	1	1	0	0.7116903626137829
AF_outer	healthy_vs_degenerated_severe	SRSF2	0.16666666666666666	0.01979097889041984	12	2	2	0	0.5053713189006507
AF_outer	healthy_vs_degenerated_severe	ZMYND8	0.0	1.0	6	0	0	0	1.0
AF_outer	healthy_vs_degenerated_severe	ARID4B	0.125	0.13843847570795564	8	1	1	0	0.7116903626137829
AF_outer	healthy_vs_degenerated_severe	AP1	-0.0030959752321981426	0.006888626726751104	323	13	6	7	0.40252167993369814
AF_outer	healthy_vs_degenerated_severe	NFKB	0.0	0.002936885569974467	474	18	9	9	0.2985833662807375
AF_outer	mild_vs_severe	MYC	-0.0029542097488921715	0.3021894021528646	677	10	4	6	1.0
AF_outer	mild_vs_severe	SPI1	0.0	0.609211743568153	169	2	1	1	1.0
AF_outer	mild_vs_severe	SMAD3	0.0	0.3544664067267985	103	2	1	1	1.0
AF_outer	mild_vs_severe	SMAD4	0.012987012987012988	0.6092158630242247	77	1	1	0	1.0
AF_outer	mild_vs_severe	STAT5A	0.0	1.0	120	0	0	0	1.0
AF_outer	mild_vs_severe	STAT5B	0.0	1.0	64	0	0	0	1.0
AF_outer	mild_vs_severe	RELA	0.006329113924050633	0.5338923745445233	316	4	3	1	1.0
AF_outer	mild_vs_severe	WT1	0.01098901098901099	0.67082039987436	91	1	1	0	1.0
AF_outer	mild_vs_severe	NR0B2	0.0	1.0	64	0	0	0	1.0
AF_outer	mild_vs_severe	SP1	0.0012738853503184713	0.6146243316792881	785	9	5	4	1.0
AF_outer	mild_vs_severe	TP53	0.008583690987124463	0.042765637766311336	699	14	10	4	1.0
AF_outer	mild_vs_severe	ZBTB16	0.0	1.0	35	0	0	0	1.0
AF_outer	mild_vs_severe	ETV6	0.0	1.0	15	0	0	0	1.0
AF_outer	mild_vs_severe	RUNX1	0.0	1.0	113	0	0	0	1.0
AF_outer	mild_vs_severe	STAT1	0.01485148514851485	0.44282148393460197	202	3	3	0	1.0
AF_outer	mild_vs_severe	STAT3	0.0	0.8230486095639291	258	2	1	1	1.0
AF_outer	mild_vs_severe	ETV4	0.02564102564102564	0.37815949089899326	39	1	1	0	1.0
AF_outer	mild_vs_severe	MTF1	0.0	1.0	25	0	0	0	1.0
AF_outer	mild_vs_severe	CREB1	-0.0038314176245210726	0.6149556203429989	261	3	1	2	1.0
AF_outer	mild_vs_severe	FOXA2	0.023255813953488372	0.40778943209016844	43	1	1	0	1.0
AF_outer	mild_vs_severe	NFATC2	0.0	1.0	46	0	0	0	1.0
AF_outer	mild_vs_severe	CEBPB	-0.004032258064516129	0.5801352999594962	248	3	1	2	1.0
AF_outer	mild_vs_severe	FOS	0.005235602094240838	0.40740487731326086	191	3	2	1	1.0
AF_outer	mild_vs_severe	PLAG1	0.0	1.0	7	0	0	0	1.0
AF_outer	mild_vs_severe	E2F1	0.0	1.0	251	0	0	0	1.0
AF_outer	mild_vs_severe	E2F3	0.0	1.0	58	0	0	0	1.0
AF_outer	mild_vs_severe	HBP1	0.0	1.0	28	0	0	0	1.0
AF_outer	mild_vs_severe	YY1	0.0	0.12030604061973235	156	4	2	2	1.0
AF_outer	mild_vs_severe	ESR1	0.007772020725388601	0.04429306258242534	386	9	6	3	1.0
AF_outer	mild_vs_severe	JUN	0.0	0.08643602622892113	377	8	4	4	1.0
AF_outer	mild_vs_severe	NR1I3	0.0	1.0	27	0	0	0	1.0
AF_outer	mild_vs_severe	CEBPG	-0.021505376344086023	0.31021041085634155	93	2	0	2	1.0
AF_outer	mild_vs_severe	MAFK	-0.07142857142857142	0.15662481108792356	14	1	0	1	1.0
AF_outer	mild_vs_severe	STAT4	0.0	1.0	12	0	0	0	1.0
AF_outer	mild_vs_severe	IRF1	0.010869565217391304	0.6748322102671678	92	1	1	0	1.0
AF_outer	mild_vs_severe	ATF2	0.0	0.2519327660269397	80	2	1	1	1.0
AF_outer	mild_vs_severe	NR2C2	0.0	1.0	33	0	0	0	1.0
AF_outer	mild_vs_severe	IRF3	0.0	1.0	50	0	0	0	1.0
AF_outer	mild_vs_severe	TFAP2A	0.011235955056179775	0.1688081825971044	178	4	3	1	1.0
AF_outer	mild_vs_severe	HNF1A	0.0	1.0	40	0	0	0	1.0
AF_outer	mild_vs_severe	ETS1	0.03278688524590164	0.060313531942853174	122	4	4	0	1.0
AF_outer	mild_vs_severe	ARNT	0.0	1.0	40	0	0	0	1.0
AF_outer	mild_vs_severe	AHR	0.0	1.0	94	0	0	0	1.0
AF_outer	mild_vs_severe	PAX6	0.0	1.0	78	0	0	0	1.0
AF_outer	mild_vs_severe	NFYA	-0.02857142857142857	0.20730884368045754	70	2	0	2	1.0
AF_outer	mild_vs_severe	ZNF148	0.0	1.0	21	0	0	0	1.0
AF_outer	mild_vs_severe	NFIC	0.0	1.0	42	0	0	0	1.0
AF_outer	mild_vs_severe	RBPJ	0.0	1.0	82	0	0	0	1.0
AF_outer	mild_vs_severe	HES1	0.0	1.0	52	0	0	0	1.0
AF_outer	mild_vs_severe	GATA4	0.0	1.0	58	0	0	0	1.0
AF_outer	mild_vs_severe	GATA6	0.0	1.0	34	0	0	0	1.0
AF_outer	mild_vs_severe	HNF4A	0.008064516129032258	0.18932532635145624	124	3	2	1	1.0
AF_outer	mild_vs_severe	RARA	0.01	0.7052276937700441	100	1	1	0	1.0
AF_outer	mild_vs_severe	DBP	0.05263157894736842	0.20644559780530522	19	1	1	0	1.0
AF_outer	mild_vs_severe	HLF	0.0	1.0	10	0	0	0	1.0
AF_outer	mild_vs_severe	PPARG	-0.004901960784313725	0.4491775374034797	204	3	1	2	1.0
AF_outer	mild_vs_severe	MAX	0.0	1.0	33	0	0	0	1.0
AF_outer	mild_vs_severe	USF2	0.015873015873015872	0.5361848165450886	63	1	1	0	1.0
AF_outer	mild_vs_severe	IRF2	0.0	1.0	30	0	0	0	1.0
AF_outer	mild_vs_severe	SP3	-0.003952569169960474	0.9555110923659339	253	1	0	1	1.0
AF_outer	mild_vs_severe	AR	0.0	0.23097996205833354	341	6	3	3	1.0
AF_outer	mild_vs_severe	CUX1	0.0	1.0	74	0	0	0	1.0
AF_outer	mild_vs_severe	ATF1	0.0	1.0	58	0	0	0	1.0
AF_outer	mild_vs_severe	KAT7	0.018518518518518517	0.4822404339076468	54	1	1	0	1.0
AF_outer	mild_vs_severe	CREBZF	0.0	1.0	11	0	0	0	1.0
AF_outer	mild_vs_severe	GLI3	0.0	1.0	25	0	0	0	1.0
AF_outer	mild_vs_severe	NKX2-5	0.0	1.0	32	0	0	0	1.0
AF_outer	mild_vs_severe	TGFB1I1	0.0	1.0	11	0	0	0	1.0
AF_outer	mild_vs_severe	RARB	-0.03225806451612903	0.3144148700540335	31	1	0	1	1.0
AF_outer	mild_vs_severe	RARG	0.0	1.0	20	0	0	0	1.0
AF_outer	mild_vs_severe	TEAD1	0.0	1.0	14	0	0	0	1.0
AF_outer	mild_vs_severe	PPARA	0.013333333333333334	0.5441123560816717	150	2	2	0	1.0
AF_outer	mild_vs_severe	ESR2	0.0	0.4230192902721725	119	2	1	1	1.0
AF_outer	mild_vs_severe	NR3C1	0.0	0.575851802793507	159	2	1	1	1.0
AF_outer	mild_vs_severe	PGR	0.011904761904761904	0.6413284476807325	84	1	1	0	1.0
AF_outer	mild_vs_severe	NRG1	0.0	1.0	26	0	0	0	1.0
AF_outer	mild_vs_severe	TBP	0.029411764705882353	0.12586102268978053	102	3	3	0	1.0
AF_outer	mild_vs_severe	REL	0.0	0.18970177570925884	66	2	1	1	1.0
AF_outer	mild_vs_severe	ISL1	0.0	1.0	10	0	0	0	1.0
AF_outer	mild_vs_severe	ZBTB14	0.0	1.0	5	0	0	0	1.0
AF_outer	mild_vs_severe	MYB	0.009433962264150943	0.00916258210636821	106	5	3	2	1.0
AF_outer	mild_vs_severe	PITX1	0.0	1.0	17	0	0	0	1.0
AF_outer	mild_vs_severe	EGR1	0.008968609865470852	0.28372739986361195	223	4	3	1	1.0
AF_outer	mild_vs_severe	MYOD1	0.011904761904761904	0.6413284476807325	84	1	1	0	1.0
AF_outer	mild_vs_severe	ETS2	0.014925373134328358	0.04725309335856863	67	3	2	1	1.0
AF_outer	mild_vs_severe	GTF2I	-0.058823529411764705	0.18687782668157904	17	1	0	1	1.0
AF_outer	mild_vs_severe	NR2F1	0.0	1.0	20	0	0	0	1.0
AF_outer	mild_vs_severe	ENO1	0.0	1.0	12	0	0	0	1.0
AF_outer	mild_vs_severe	JDP2	0.0	1.0	27	0	0	0	1.0
AF_outer	mild_vs_severe	MAZ	0.0	1.0	21	0	0	0	1.0
AF_outer	mild_vs_severe	NR4A1	0.0	0.14681682024001796	56	2	1	1	1.0
AF_outer	mild_vs_severe	HMGA1	0.0	1.0	38	0	0	0	1.0
AF_outer	mild_vs_severe	NFKB1	0.008695652173913044	0.3027330029369556	230	4	3	1	1.0
AF_outer	mild_vs_severe	USF1	0.0	0.4354712847067408	122	2	1	1	1.0
AF_outer	mild_vs_severe	DDIT3	0.014285714285714285	0.5742516969687902	70	1	1	0	1.0
AF_outer	mild_vs_severe	ATF4	0.012048192771084338	0.636906560726852	83	1	1	0	1.0
AF_outer	mild_vs_severe	ATF3	-0.013888888888888888	0.5845466841842228	72	1	0	1	1.0
AF_outer	mild_vs_severe	TAF1	0.0	1.0	35	0	0	0	1.0
AF_outer	mild_vs_severe	RUNX2	0.01282051282051282	0.06830494361784101	78	3	2	1	1.0
AF_outer	mild_vs_severe	TFAP2B	0.0	1.0	11	0	0	0	1.0
AF_outer	mild_vs_severe	CREM	0.047619047619047616	0.09130846183826964	42	2	2	0	1.0
AF_outer	mild_vs_severe	IRF8	-0.024390243902439025	0.3931539149081957	41	1	0	1	1.0
AF_outer	mild_vs_severe	ETV5	0.0	1.0	6	0	0	0	1.0
AF_outer	mild_vs_severe	DMTF1	0.0	1.0	13	0	0	0	1.0
AF_outer	mild_vs_severe	NR5A1	0.0	1.0	43	0	0	0	1.0
AF_outer	mild_vs_severe	NEUROD2	0.0	1.0	8	0	0	0	1.0
AF_outer	mild_vs_severe	NEUROD1	0.0	1.0	25	0	0	0	1.0
AF_outer	mild_vs_severe	HHEX	-0.06666666666666667	0.16683126241870658	15	1	0	1	1.0
AF_outer	mild_vs_severe	FOXO3	0.006535947712418301	0.8464228952993823	153	1	1	0	1.0
AF_outer	mild_vs_severe	MBD1	0.0	1.0	10	0	0	0	1.0
AF_outer	mild_vs_severe	CEBPD	0.0	0.11034064285579248	47	2	1	1	1.0
AF_outer	mild_vs_severe	ELK1	0.024390243902439025	0.3931539149081957	41	1	1	0	1.0
AF_outer	mild_vs_severe	FLI1	0.0	1.0	58	0	0	0	1.0
AF_outer	mild_vs_severe	ELK4	0.0	1.0	6	0	0	0	1.0
AF_outer	mild_vs_severe	PREB	0.0	1.0	8	0	0	0	1.0
AF_outer	mild_vs_severe	POU1F1	0.0	1.0	27	0	0	0	1.0
AF_outer	mild_vs_severe	PAX5	0.0	1.0	36	0	0	0	1.0
AF_outer	mild_vs_severe	CEBPA	0.0	0.3805580427532529	109	2	1	1	1.0
AF_outer	mild_vs_severe	LITAF	0.0	1.0	19	0	0	0	1.0
AF_outer	mild_vs_severe	STAT6	0.0	1.0	57	0	0	0	1.0
AF_outer	mild_vs_severe	HIF1A	0.0	0.8852550180565766	303	2	1	1	1.0
AF_outer	mild_vs_severe	TP73	-0.01020408163265306	0.6979040952608169	98	1	0	1	1.0
AF_outer	mild_vs_severe	KLF11	0.0	1.0	15	0	0	0	1.0
AF_outer	mild_vs_severe	TCF4	0.0	1.0	31	0	0	0	1.0
AF_outer	mild_vs_severe	HIVEP2	0.0	1.0	8	0	0	0	1.0
AF_outer	mild_vs_severe	E2F4	-0.006711409395973154	0.26889510104527625	149	3	1	2	1.0
AF_outer	mild_vs_severe	GATA5	0.0	1.0	8	0	0	0	1.0
AF_outer	mild_vs_severe	SRF	0.016666666666666666	0.5188537808043612	60	1	1	0	1.0
AF_outer	mild_vs_severe	ELF1	0.0	1.0	44	0	0	0	1.0
AF_outer	mild_vs_severe	GATA3	-0.02	0.3412774827731613	100	2	0	2	1.0
AF_outer	mild_vs_severe	MSX1	0.0	1.0	14	0	0	0	1.0
AF_outer	mild_vs_severe	OTX2	0.0	1.0	15	0	0	0	1.0
AF_outer	mild_vs_severe	LHX2	0.0	0.017511706564310524	17	2	1	1	1.0
AF_outer	mild_vs_severe	GABPA	0.0	1.0	25	0	0	0	1.0
AF_outer	mild_vs_severe	HSF2	0.0	1.0	19	0	0	0	1.0
AF_outer	mild_vs_severe	VDR	0.0	1.0	80	0	0	0	1.0
AF_outer	mild_vs_severe	HOXC8	0.0	1.0	12	0	0	0	1.0
AF_outer	mild_vs_severe	HR	0.0	1.0	50	0	0	0	1.0
AF_outer	mild_vs_severe	RELB	0.03333333333333333	0.30600394649690693	30	1	1	0	1.0
AF_outer	mild_vs_severe	CEBPE	0.0	1.0	16	0	0	0	1.0
AF_outer	mild_vs_severe	NR0B1	0.0	1.0	22	0	0	0	1.0
AF_outer	mild_vs_severe	LEF1	0.0196078431372549	0.46290998968842645	51	1	1	0	1.0
AF_outer	mild_vs_severe	ID1	0.0	1.0	51	0	0	0	1.0
AF_outer	mild_vs_severe	ZNF143	-0.045454545454545456	0.23492427433817975	22	1	0	1	1.0
AF_outer	mild_vs_severe	SOX9	0.0	1.0	55	0	0	0	1.0
AF_outer	mild_vs_severe	YBX1	0.015625	0.5418230049556089	64	1	1	0	1.0
AF_outer	mild_vs_severe	HSF1	0.0	1.0	66	0	0	0	1.0
AF_outer	mild_vs_severe	POU4F1	0.0	1.0	16	0	0	0	1.0
AF_outer	mild_vs_severe	NOTO	0.0	1.0	5	0	0	0	1.0
AF_outer	mild_vs_severe	HNF1B	0.0	1.0	19	0	0	0	1.0
AF_outer	mild_vs_severe	PAX3	0.0	1.0	56	0	0	0	1.0
AF_outer	mild_vs_severe	ID2	-0.024390243902439025	0.3931539149081957	41	1	0	1	1.0
AF_outer	mild_vs_severe	MEF2A	0.0	1.0	55	0	0	0	1.0
AF_outer	mild_vs_severe	PDX1	0.0	1.0	45	0	0	0	1.0
AF_outer	mild_vs_severe	NR2F2	0.0	1.0	31	0	0	0	1.0
AF_outer	mild_vs_severe	NR1H4	0.0	1.0	67	0	0	0	1.0
AF_outer	mild_vs_severe	ASCL1	-0.03333333333333333	0.30600394649690693	30	1	0	1	1.0
AF_outer	mild_vs_severe	RFX1	0.0	1.0	17	0	0	0	1.0
AF_outer	mild_vs_severe	CRX	0.0	1.0	10	0	0	0	1.0
AF_outer	mild_vs_severe	NRL	0.0	1.0	10	0	0	0	1.0
AF_outer	mild_vs_severe	UBTF	0.0	1.0	9	0	0	0	1.0
AF_outer	mild_vs_severe	MYBL2	-0.022727272727272728	0.41497527330283196	44	1	0	1	1.0
AF_outer	mild_vs_severe	ELF2	0.0	1.0	7	0	0	0	1.0
AF_outer	mild_vs_severe	JUND	0.017857142857142856	0.49474215548160516	56	1	1	0	1.0
AF_outer	mild_vs_severe	TP63	-0.014285714285714285	0.5069777799531392	140	2	0	2	1.0
AF_outer	mild_vs_severe	NFKBIB	0.0	1.0	14	0	0	0	1.0
AF_outer	mild_vs_severe	HOXC6	0.0	1.0	8	0	0	0	1.0
AF_outer	mild_vs_severe	FOXO1	0.011363636363636364	0.1641372053323948	176	4	3	1	1.0
AF_outer	mild_vs_severe	PITX2	0.0	0.16373476219714866	60	2	1	1	1.0
AF_outer	mild_vs_severe	NR5A2	0.0	1.0	25	0	0	0	1.0
AF_outer	mild_vs_severe	POU2F1	0.021739130434782608	0.4290883558452666	46	1	1	0	1.0
AF_outer	mild_vs_severe	XBP1	-0.02564102564102564	0.37815949089899326	39	1	0	1	1.0
AF_outer	mild_vs_severe	SREBF1	-0.024390243902439025	0.26090951994224854	82	2	0	2	1.0
AF_outer	mild_vs_severe	TCF3	0.01639344262295082	0.5247010438848642	61	1	1	0	1.0
AF_outer	mild_vs_severe	LRRFIP1	0.0	1.0	7	0	0	0	1.0
AF_outer	mild_vs_severe	TCF12	0.0	1.0	25	0	0	0	1.0
AF_outer	mild_vs_severe	E4F1	0.125	0.09272741901458141	8	1	1	0	1.0
AF_outer	mild_vs_severe	BRCA1	0.020833333333333332	0.4428634741621983	48	1	1	0	1.0
AF_outer	mild_vs_severe	ZNF362	-0.1	0.11454315573871193	10	1	0	1	1.0
AF_outer	mild_vs_severe	NRF1	0.01639344262295082	0.5247010438848642	61	1	1	0	1.0
AF_outer	mild_vs_severe	GATA1	-0.015384615384615385	0.04383181740439188	65	3	1	2	1.0
AF_outer	mild_vs_severe	MYCN	0.0	1.0	100	0	0	0	1.0
AF_outer	mild_vs_severe	PKNOX1	-0.1111111111111111	0.10370115976313185	9	1	0	1	1.0
AF_outer	mild_vs_severe	NR4A3	0.0625	0.17691511373350438	16	1	1	0	1.0
AF_outer	mild_vs_severe	SSRP1	0.025974025974025976	0.23848678967833287	77	2	2	0	1.0
AF_outer	mild_vs_severe	ZNF91	0.04	0.26238833253528154	25	1	1	0	1.0
AF_outer	mild_vs_severe	NR2C1	0.0	1.0	9	0	0	0	1.0
AF_outer	mild_vs_severe	ID3	0.0	1.0	24	0	0	0	1.0
AF_outer	mild_vs_severe	ERF	0.0	1.0	12	0	0	0	1.0
AF_outer	mild_vs_severe	ZNF354C	0.0	1.0	15	0	0	0	1.0
AF_outer	mild_vs_severe	HMGA2	0.037037037037037035	0.2801518006243197	27	1	1	0	1.0
AF_outer	mild_vs_severe	POU2F2	0.0625	0.17691511373350438	16	1	1	0	1.0
AF_outer	mild_vs_severe	SREBF2	-0.06521739130434782	0.017951057004419846	46	3	0	3	1.0
AF_outer	mild_vs_severe	ELF4	0.0	1.0	30	0	0	0	1.0
AF_outer	mild_vs_severe	TTF1	0.03333333333333333	0.30600394649690693	30	1	1	0	1.0
AF_outer	mild_vs_severe	DLX4	0.0	1.0	21	0	0	0	1.0
AF_outer	mild_vs_severe	NR1I2	0.006993006993006993	0.2493407107756906	143	3	2	1	1.0
AF_outer	mild_vs_severe	NR1H3	0.014084507042253521	0.5794304535357506	71	1	1	0	1.0
AF_outer	mild_vs_severe	MITF	0.0	1.0	60	0	0	0	1.0
AF_outer	mild_vs_severe	NCOA1	-0.020833333333333332	0.4428634741621983	48	1	0	1	1.0
AF_outer	mild_vs_severe	NCOR1	0.0	1.0	57	0	0	0	1.0
AF_outer	mild_vs_severe	FOSL1	-0.029411764705882353	0.3390453819379191	34	1	0	1	1.0
AF_outer	mild_vs_severe	JUNB	0.018518518518518517	0.4822404339076468	54	1	1	0	1.0
AF_outer	mild_vs_severe	DNMT1	-0.035398230088495575	0.04795455542189132	113	4	0	4	1.0
AF_outer	mild_vs_severe	KLF5	0.058823529411764705	0.02358068577719563	51	3	3	0	1.0
AF_outer	mild_vs_severe	NR3C2	0.0	1.0	34	0	0	0	1.0
AF_outer	mild_vs_severe	MYRF	0.0	1.0	5	0	0	0	1.0
AF_outer	mild_vs_severe	EBF1	0.0	1.0	9	0	0	0	1.0
AF_outer	mild_vs_severe	CREBBP	0.04	0.26238833253528154	25	1	1	0	1.0
AF_outer	mild_vs_severe	ZFPM1	0.0	1.0	8	0	0	0	1.0
AF_outer	mild_vs_severe	APEX1	0.0	1.0	26	0	0	0	1.0
AF_outer	mild_vs_severe	TFAM	0.0	1.0	11	0	0	0	1.0
AF_outer	mild_vs_severe	IRF4	0.0	1.0	28	0	0	0	1.0
AF_outer	mild_vs_severe	ZBED1	0.0625	0.17691511373350438	16	1	1	0	1.0
AF_outer	mild_vs_severe	NCOA2	0.0	1.0	37	0	0	0	1.0
AF_outer	mild_vs_severe	FOXA1	-0.03571428571428571	0.2888736563696932	28	1	0	1	1.0
AF_outer	mild_vs_severe	NR4A2	0.0	1.0	28	0	0	0	1.0
AF_outer	mild_vs_severe	KLF1	-0.06666666666666667	0.16683126241870658	15	1	0	1	1.0
AF_outer	mild_vs_severe	LHX3	0.0	1.0	5	0	0	0	1.0
AF_outer	mild_vs_severe	CTCF	-0.011235955056179775	0.662648823333879	89	1	0	1	1.0
AF_outer	mild_vs_severe	BCL6	0.0	1.0	49	0	0	0	1.0
AF_outer	mild_vs_severe	RB1	0.03333333333333333	0.30600394649690693	30	1	1	0	1.0
AF_outer	mild_vs_severe	TFCP2	0.0	1.0	37	0	0	0	1.0
AF_outer	mild_vs_severe	REST	0.0	1.0	19	0	0	0	1.0
AF_outer	mild_vs_severe	ESRRA	0.0	1.0	26	0	0	0	1.0
AF_outer	mild_vs_severe	HOXD3	0.0	1.0	5	0	0	0	1.0
AF_outer	mild_vs_severe	IRF9	0.0	1.0	13	0	0	0	1.0
AF_outer	mild_vs_severe	TFE3	0.0	1.0	27	0	0	0	1.0
AF_outer	mild_vs_severe	ZNF236	0.0	1.0	6	0	0	0	1.0
AF_outer	mild_vs_severe	TFAP2C	0.0	1.0	15	0	0	0	1.0
AF_outer	mild_vs_severe	PAX8	0.0	1.0	15	0	0	0	1.0
AF_outer	mild_vs_severe	NKX2-1	-0.03571428571428571	0.2888736563696932	28	1	0	1	1.0
AF_outer	mild_vs_severe	PBX1	-0.041666666666666664	0.2533441404293714	24	1	0	1	1.0
AF_outer	mild_vs_severe	SP4	0.0	1.0	32	0	0	0	1.0
AF_outer	mild_vs_severe	CIITA	0.0	1.0	20	0	0	0	1.0
AF_outer	mild_vs_severe	CDX2	-0.03333333333333333	0.30600394649690693	30	1	0	1	1.0
AF_outer	mild_vs_severe	ELF3	0.0	1.0	15	0	0	0	1.0
AF_outer	mild_vs_severe	ZEB1	0.0	1.0	31	0	0	0	1.0
AF_outer	mild_vs_severe	EGR3	0.0	1.0	17	0	0	0	1.0
AF_outer	mild_vs_severe	EWSR1	0.0	1.0	44	0	0	0	1.0
AF_outer	mild_vs_severe	NAB2	0.0	1.0	6	0	0	0	1.0
AF_outer	mild_vs_severe	DEAF1	0.0	1.0	7	0	0	0	1.0
AF_outer	mild_vs_severe	TBPL1	0.0	0.03628352988752753	25	2	1	1	1.0
AF_outer	mild_vs_severe	MEF2C	0.0	1.0	31	0	0	0	1.0
AF_outer	mild_vs_severe	POU4F2	0.0	1.0	15	0	0	0	1.0
AF_outer	mild_vs_severe	TAL1	-0.016666666666666666	0.5188537808043612	60	1	0	1	1.0
AF_outer	mild_vs_severe	EPAS1	0.017241379310344827	0.5069442280948829	58	1	1	0	1.0
AF_outer	mild_vs_severe	SMARCA1	0.0	1.0	32	0	0	0	1.0
AF_outer	mild_vs_severe	NFATC4	0.0	1.0	26	0	0	0	1.0
AF_outer	mild_vs_severe	FOXM1	0.0	1.0	58	0	0	0	1.0
AF_outer	mild_vs_severe	MYF5	0.0	1.0	12	0	0	0	1.0
AF_outer	mild_vs_severe	MYOG	0.0	1.0	29	0	0	0	1.0
AF_outer	mild_vs_severe	SMAD7	0.0	0.09503181477773599	43	2	1	1	1.0
AF_outer	mild_vs_severe	SOX10	0.0	1.0	14	0	0	0	1.0
AF_outer	mild_vs_severe	POU3F1	0.0	1.0	5	0	0	0	1.0
AF_outer	mild_vs_severe	NKRF	0.0	1.0	7	0	0	0	1.0
AF_outer	mild_vs_severe	ATF6	0.0	1.0	39	0	0	0	1.0
AF_outer	mild_vs_severe	NKX6-1	0.0	1.0	6	0	0	0	1.0
AF_outer	mild_vs_severe	ERG	0.0	1.0	34	0	0	0	1.0
AF_outer	mild_vs_severe	PITX3	0.0	1.0	8	0	0	0	1.0
AF_outer	mild_vs_severe	HOXB2	0.0	1.0	5	0	0	0	1.0
AF_outer	mild_vs_severe	SATB1	0.0	1.0	23	0	0	0	1.0
AF_outer	mild_vs_severe	NFKB2	0.0	1.0	41	0	0	0	1.0
AF_outer	mild_vs_severe	RORA	-0.029411764705882353	0.3390453819379191	34	1	0	1	1.0
AF_outer	mild_vs_severe	PROX1	0.0	1.0	14	0	0	0	1.0
AF_outer	mild_vs_severe	PEG3	0.0	1.0	6	0	0	0	1.0
AF_outer	mild_vs_severe	NR2E3	0.0	1.0	6	0	0	0	1.0
AF_outer	mild_vs_severe	NCOR2	-0.025	0.3857021071972543	40	1	0	1	1.0
AF_outer	mild_vs_severe	NCOA3	-0.02040816326530612	0.44962681460911597	49	1	0	1	1.0
AF_outer	mild_vs_severe	ZFHX3	0.0	1.0	5	0	0	0	1.0
AF_outer	mild_vs_severe	SMAD1	0.0	1.0	44	0	0	0	1.0
AF_outer	mild_vs_severe	SPDEF	0.0	1.0	8	0	0	0	1.0
AF_outer	mild_vs_severe	PAX2	0.0	1.0	9	0	0	0	1.0
AF_outer	mild_vs_severe	KLF13	0.0	1.0	9	0	0	0	1.0
AF_outer	mild_vs_severe	MAFB	0.0	1.0	27	0	0	0	1.0
AF_outer	mild_vs_severe	ELK3	0.0	1.0	18	0	0	0	1.0
AF_outer	mild_vs_severe	KLF6	-0.02702702702702703	0.3627974268872243	37	1	0	1	1.0
AF_outer	mild_vs_severe	SNAI1	0.0	1.0	66	0	0	0	1.0
AF_outer	mild_vs_severe	HESX1	0.0	1.0	13	0	0	0	1.0
AF_outer	mild_vs_severe	BACH2	0.0	1.0	5	0	0	0	1.0
AF_outer	mild_vs_severe	PATZ1	0.0	1.0	8	0	0	0	1.0
AF_outer	mild_vs_severe	ZHX2	0.0	1.0	7	0	0	0	1.0
AF_outer	mild_vs_severe	ONECUT1	-0.09090909090909091	0.12525497675806352	11	1	0	1	1.0
AF_outer	mild_vs_severe	RXRA	0.020833333333333332	0.4428634741621983	48	1	1	0	1.0
AF_outer	mild_vs_severe	NR1H2	0.0	1.0	29	0	0	0	1.0
AF_outer	mild_vs_severe	KAT5	0.0	1.0	38	0	0	0	1.0
AF_outer	mild_vs_severe	YBX3	0.0	1.0	21	0	0	0	1.0
AF_outer	mild_vs_severe	SMAD6	0.0	1.0	17	0	0	0	1.0
AF_outer	mild_vs_severe	MYBL1	0.0	1.0	9	0	0	0	1.0
AF_outer	mild_vs_severe	CDX1	0.0	1.0	18	0	0	0	1.0
AF_outer	mild_vs_severe	TFDP1	0.0	1.0	29	0	0	0	1.0
AF_outer	mild_vs_severe	KMT2A	0.0	1.0	54	0	0	0	1.0
AF_outer	mild_vs_severe	GATA2	0.0	1.0	38	0	0	0	1.0
AF_outer	mild_vs_severe	PRDM1	0.0	1.0	32	0	0	0	1.0
AF_outer	mild_vs_severe	MXD1	0.0	1.0	16	0	0	0	1.0
AF_outer	mild_vs_severe	CLOCK	0.0	1.0	45	0	0	0	1.0
AF_outer	mild_vs_severe	BHLHE40	-0.04	0.26238833253528154	25	1	0	1	1.0
AF_outer	mild_vs_severe	SRY	0.0	1.0	19	0	0	0	1.0
AF_outer	mild_vs_severe	MAF	0.0	1.0	27	0	0	0	1.0
AF_outer	mild_vs_severe	AIRE	0.0	1.0	10	0	0	0	1.0
AF_outer	mild_vs_severe	ZGPAT	0.0	1.0	5	0	0	0	1.0
AF_outer	mild_vs_severe	ETV1	0.0	1.0	13	0	0	0	1.0
AF_outer	mild_vs_severe	KLF4	0.041666666666666664	0.05636182983667558	72	3	3	0	1.0
AF_outer	mild_vs_severe	EGR2	-0.045454545454545456	0.09879825994562598	44	2	0	2	1.0
AF_outer	mild_vs_severe	NEUROG3	0.0	1.0	11	0	0	0	1.0
AF_outer	mild_vs_severe	CXXC1	0.0	1.0	11	0	0	0	1.0
AF_outer	mild_vs_severe	TBX21	0.0	1.0	17	0	0	0	1.0
AF_outer	mild_vs_severe	HOXA10	0.034482758620689655	0.2974906209927646	29	1	1	0	1.0
AF_outer	mild_vs_severe	LMX1B	0.0	1.0	12	0	0	0	1.0
AF_outer	mild_vs_severe	TBX2	0.0	1.0	20	0	0	0	1.0
AF_outer	mild_vs_severe	ZNF699	0.0	1.0	29	0	0	0	1.0
AF_outer	mild_vs_severe	RFX5	0.0	1.0	13	0	0	0	1.0
AF_outer	mild_vs_severe	RFXANK	0.0	1.0	8	0	0	0	1.0
AF_outer	mild_vs_severe	RFXAP	0.0	1.0	7	0	0	0	1.0
AF_outer	mild_vs_severe	BARX2	0.0	1.0	10	0	0	0	1.0
AF_outer	mild_vs_severe	FOXO4	-0.05	0.216053493617039	20	1	0	1	1.0
AF_outer	mild_vs_severe	DLX5	0.0	1.0	20	0	0	0	1.0
AF_outer	mild_vs_severe	ID4	0.0	1.0	9	0	0	0	1.0
AF_outer	mild_vs_severe	SPIB	0.0	1.0	9	0	0	0	1.0
AF_outer	mild_vs_severe	FOXN1	0.0	1.0	30	0	0	0	1.0
AF_outer	mild_vs_severe	TBX5	0.0	1.0	11	0	0	0	1.0
AF_outer	mild_vs_severe	TLX1	0.0	1.0	6	0	0	0	1.0
AF_outer	mild_vs_severe	HIVEP1	0.0	1.0	7	0	0	0	1.0
AF_outer	mild_vs_severe	SMAD2	0.03636363636363636	0.1426468993254293	55	2	2	0	1.0
AF_outer	mild_vs_severe	NKX3-1	0.02040816326530612	0.44962681460911597	49	1	1	0	1.0
AF_outer	mild_vs_severe	HAND2	0.0	1.0	16	0	0	0	1.0
AF_outer	mild_vs_severe	PAX7	0.0	1.0	9	0	0	0	1.0
AF_outer	mild_vs_severe	SFPQ	0.0	1.0	19	0	0	0	1.0
AF_outer	mild_vs_severe	BMAL1	0.0	1.0	44	0	0	0	1.0
AF_outer	mild_vs_severe	SKIL	0.0	1.0	14	0	0	0	1.0
AF_outer	mild_vs_severe	TBXT	0.0	1.0	6	0	0	0	1.0
AF_outer	mild_vs_severe	MSX2	0.0	1.0	21	0	0	0	1.0
AF_outer	mild_vs_severe	MZF1	0.0	1.0	14	0	0	0	1.0
AF_outer	mild_vs_severe	HOXA5	0.1111111111111111	0.10370115976313185	9	1	1	0	1.0
AF_outer	mild_vs_severe	HOXB4	0.2	0.05899974685349601	5	1	1	0	1.0
AF_outer	mild_vs_severe	CREB3	0.0	1.0	8	0	0	0	1.0
AF_outer	mild_vs_severe	NFE2	0.0	1.0	9	0	0	0	1.0
AF_outer	mild_vs_severe	ZNF76	-0.16666666666666666	0.07037832978544303	6	1	0	1	1.0
AF_outer	mild_vs_severe	FOXQ1	0.0	1.0	9	0	0	0	1.0
AF_outer	mild_vs_severe	ZGLP1	0.0	1.0	8	0	0	0	1.0
AF_outer	mild_vs_severe	NFYB	-0.03571428571428571	0.2888736563696932	28	1	0	1	1.0
AF_outer	mild_vs_severe	ETV3	0.0	1.0	10	0	0	0	1.0
AF_outer	mild_vs_severe	GSC	0.0	1.0	5	0	0	0	1.0
AF_outer	mild_vs_severe	IRF7	0.0	1.0	8	0	0	0	1.0
AF_outer	mild_vs_severe	NFATC3	0.0	1.0	17	0	0	0	1.0
AF_outer	mild_vs_severe	KDM5A	0.0	1.0	13	0	0	0	1.0
AF_outer	mild_vs_severe	GRHL3	0.0	1.0	14	0	0	0	1.0
AF_outer	mild_vs_severe	THRA	0.025	0.3857021071972543	40	1	1	0	1.0
AF_outer	mild_vs_severe	SOX17	0.0	1.0	24	0	0	0	1.0
AF_outer	mild_vs_severe	TBX15	0.0	1.0	18	0	0	0	1.0
AF_outer	mild_vs_severe	NFAT5	0.0	1.0	33	0	0	0	1.0
AF_outer	mild_vs_severe	BMAL2	0.0	1.0	6	0	0	0	1.0
AF_outer	mild_vs_severe	NFE2L2	-0.014184397163120567	0.5107778591268403	141	2	0	2	1.0
AF_outer	mild_vs_severe	ZIC1	0.0	1.0	9	0	0	0	1.0
AF_outer	mild_vs_severe	MEIS1	0.0	1.0	9	0	0	0	1.0
AF_outer	mild_vs_severe	HOXA9	0.037037037037037035	0.2801518006243197	27	1	1	0	1.0
AF_outer	mild_vs_severe	MAFA	0.0	1.0	10	0	0	0	1.0
AF_outer	mild_vs_severe	NR1D1	0.0	1.0	13	0	0	0	1.0
AF_outer	mild_vs_severe	MYF6	0.0	1.0	6	0	0	0	1.0
AF_outer	mild_vs_severe	ZNF263	0.0	1.0	5	0	0	0	1.0
AF_outer	mild_vs_severe	NFIA	-0.03333333333333333	0.30600394649690693	30	1	0	1	1.0
AF_outer	mild_vs_severe	HEY2	0.0	1.0	10	0	0	0	1.0
AF_outer	mild_vs_severe	HOXB7	-0.09090909090909091	0.12525497675806352	11	1	0	1	1.0
AF_outer	mild_vs_severe	ZNF350	0.0	1.0	9	0	0	0	1.0
AF_outer	mild_vs_severe	BCL11A	0.0	1.0	7	0	0	0	1.0
AF_outer	mild_vs_severe	TWIST1	0.0	1.0	51	0	0	0	1.0
AF_outer	mild_vs_severe	ZNF395	0.0	1.0	5	0	0	0	1.0
AF_outer	mild_vs_severe	TFDP2	0.0	1.0	5	0	0	0	1.0
AF_outer	mild_vs_severe	GTF3A	0.0	1.0	15	0	0	0	1.0
AF_outer	mild_vs_severe	KLF10	0.058823529411764705	0.18687782668157904	17	1	1	0	1.0
AF_outer	mild_vs_severe	KLF2	0.0	1.0	32	0	0	0	1.0
AF_outer	mild_vs_severe	PHF20	0.0	1.0	7	0	0	0	1.0
AF_outer	mild_vs_severe	TGIF1	0.0	1.0	8	0	0	0	1.0
AF_outer	mild_vs_severe	FOXG1	0.0	1.0	12	0	0	0	1.0
AF_outer	mild_vs_severe	SF1	0.0	1.0	5	0	0	0	1.0
AF_outer	mild_vs_severe	MBD2	0.0	0.14681682024001796	56	2	1	1	1.0
AF_outer	mild_vs_severe	FOXF2	0.0	1.0	8	0	0	0	1.0
AF_outer	mild_vs_severe	HEY1	0.0	1.0	20	0	0	0	1.0
AF_outer	mild_vs_severe	ZBTB17	-0.027777777777777776	0.35497574324864595	36	1	0	1	1.0
AF_outer	mild_vs_severe	IRF5	0.0	1.0	11	0	0	0	1.0
AF_outer	mild_vs_severe	THRB	0.0	1.0	29	0	0	0	1.0
AF_outer	mild_vs_severe	POU3F2	0.0	1.0	13	0	0	0	1.0
AF_outer	mild_vs_severe	FOXI1	0.0	1.0	5	0	0	0	1.0
AF_outer	mild_vs_severe	KCNIP3	0.0	1.0	8	0	0	0	1.0
AF_outer	mild_vs_severe	FOSB	0.05263157894736842	0.20644559780530522	19	1	1	0	1.0
AF_outer	mild_vs_severe	NFE2L1	0.0	1.0	7	0	0	0	1.0
AF_outer	mild_vs_severe	TRERF1	0.0	1.0	5	0	0	0	1.0
AF_outer	mild_vs_severe	FOXP1	0.18181818181818182	0.007424945545196123	11	2	2	0	1.0
AF_outer	mild_vs_severe	FOXP2	0.0	1.0	5	0	0	0	1.0
AF_outer	mild_vs_severe	BARX1	0.0	1.0	7	0	0	0	1.0
AF_outer	mild_vs_severe	ZFPM2	0.0	1.0	7	0	0	0	1.0
AF_outer	mild_vs_severe	IKZF1	0.0	1.0	13	0	0	0	1.0
AF_outer	mild_vs_severe	BCL3	0.0	1.0	18	0	0	0	1.0
AF_outer	mild_vs_severe	SP2	0.0	1.0	15	0	0	0	1.0
AF_outer	mild_vs_severe	SIM2	0.0	1.0	8	0	0	0	1.0
AF_outer	mild_vs_severe	NFATC1	0.0	1.0	63	0	0	0	1.0
AF_outer	mild_vs_severe	POU2F3	0.0	1.0	5	0	0	0	1.0
AF_outer	mild_vs_severe	HOXA7	0.0	1.0	10	0	0	0	1.0
AF_outer	mild_vs_severe	NPAS2	0.0	1.0	6	0	0	0	1.0
AF_outer	mild_vs_severe	DLX2	0.0	1.0	10	0	0	0	1.0
AF_outer	mild_vs_severe	PRRX1	0.0	1.0	5	0	0	0	1.0
AF_outer	mild_vs_severe	VEZF1	0.0	1.0	6	0	0	0	1.0
AF_outer	mild_vs_severe	CTBP2	0.0	1.0	9	0	0	0	1.0
AF_outer	mild_vs_severe	SOX6	0.0	1.0	14	0	0	0	1.0
AF_outer	mild_vs_severe	HIPK2	0.0	1.0	7	0	0	0	1.0
AF_outer	mild_vs_severe	RORC	0.0	1.0	5	0	0	0	1.0
AF_outer	mild_vs_severe	PPARD	0.01694915254237288	0.5129351304942417	59	1	1	0	1.0
AF_outer	mild_vs_severe	MECOM	0.0	1.0	12	0	0	0	1.0
AF_outer	mild_vs_severe	SIRT1	-0.02631578947368421	0.3705249678942452	38	1	0	1	1.0
AF_outer	mild_vs_severe	ZBTB7B	0.0	1.0	11	0	0	0	1.0
AF_outer	mild_vs_severe	ZBTB7A	0.0	1.0	29	0	0	0	1.0
AF_outer	mild_vs_severe	NR6A1	0.0	1.0	5	0	0	0	1.0
AF_outer	mild_vs_severe	STAT2	0.0	1.0	29	0	0	0	1.0
AF_outer	mild_vs_severe	ESRRG	0.0	1.0	14	0	0	0	1.0
AF_outer	mild_vs_severe	PRDM2	0.0	1.0	7	0	0	0	1.0
AF_outer	mild_vs_severe	PURA	0.0	1.0	13	0	0	0	1.0
AF_outer	mild_vs_severe	NEUROD6	0.0	1.0	8	0	0	0	1.0
AF_outer	mild_vs_severe	NEUROG2	0.0	1.0	8	0	0	0	1.0
AF_outer	mild_vs_severe	HMGB2	0.0	1.0	5	0	0	0	1.0
AF_outer	mild_vs_severe	DLX3	0.0	1.0	10	0	0	0	1.0
AF_outer	mild_vs_severe	TWIST2	0.0	1.0	23	0	0	0	1.0
AF_outer	mild_vs_severe	TFAP4	0.0	1.0	23	0	0	0	1.0
AF_outer	mild_vs_severe	KAT6B	0.0	1.0	6	0	0	0	1.0
AF_outer	mild_vs_severe	SALL3	0.0	1.0	5	0	0	0	1.0
AF_outer	mild_vs_severe	MXI1	0.0	1.0	8	0	0	0	1.0
AF_outer	mild_vs_severe	E2F5	0.0	1.0	9	0	0	0	1.0
AF_outer	mild_vs_severe	E2F2	0.0	1.0	43	0	0	0	1.0
AF_outer	mild_vs_severe	FOXD3	0.0	1.0	8	0	0	0	1.0
AF_outer	mild_vs_severe	POU5F1	0.0	1.0	40	0	0	0	1.0
AF_outer	mild_vs_severe	PLAGL1	0.0	1.0	14	0	0	0	1.0
AF_outer	mild_vs_severe	SNAI2	0.0	1.0	26	0	0	0	1.0
AF_outer	mild_vs_severe	NOTCH1	0.0	1.0	39	0	0	0	1.0
AF_outer	mild_vs_severe	FOXC2	0.0	1.0	11	0	0	0	1.0
AF_outer	mild_vs_severe	FOXD1	0.0	1.0	5	0	0	0	1.0
AF_outer	mild_vs_severe	KLF9	0.0	1.0	16	0	0	0	1.0
AF_outer	mild_vs_severe	TBPL2	0.0	1.0	8	0	0	0	1.0
AF_outer	mild_vs_severe	NFIL3	0.06666666666666667	0.16683126241870658	15	1	1	0	1.0
AF_outer	mild_vs_severe	ZNF384	0.0	1.0	9	0	0	0	1.0
AF_outer	mild_vs_severe	HOXA11	0.0	1.0	5	0	0	0	1.0
AF_outer	mild_vs_severe	MEF2D	0.0	1.0	17	0	0	0	1.0
AF_outer	mild_vs_severe	SMAD5	-0.038461538461538464	0.2713237867453926	26	1	0	1	1.0
AF_outer	mild_vs_severe	MLXIPL	0.0	1.0	10	0	0	0	1.0
AF_outer	mild_vs_severe	ZBTB33	0.0	1.0	7	0	0	0	1.0
AF_outer	mild_vs_severe	KLF15	0.0	1.0	12	0	0	0	1.0
AF_outer	mild_vs_severe	DNMT3A	-0.02564102564102564	0.37815949089899326	39	1	0	1	1.0
AF_outer	mild_vs_severe	DNMT3B	0.0196078431372549	0.46290998968842645	51	1	1	0	1.0
AF_outer	mild_vs_severe	OLIG2	-0.1	0.11454315573871193	10	1	0	1	1.0
AF_outer	mild_vs_severe	MAFG	0.0	1.0	9	0	0	0	1.0
AF_outer	mild_vs_severe	TEF	0.0	1.0	8	0	0	0	1.0
AF_outer	mild_vs_severe	HOXD13	0.0	1.0	8	0	0	0	1.0
AF_outer	mild_vs_severe	ZKSCAN7	0.0	1.0	7	0	0	0	1.0
AF_outer	mild_vs_severe	BACH1	0.0	1.0	12	0	0	0	1.0
AF_outer	mild_vs_severe	TEAD4	0.0	1.0	7	0	0	0	1.0
AF_outer	mild_vs_severe	GCM1	0.0	1.0	5	0	0	0	1.0
AF_outer	mild_vs_severe	BHLHE41	-0.058823529411764705	0.18687782668157904	17	1	0	1	1.0
AF_outer	mild_vs_severe	MTA1	0.0	1.0	39	0	0	0	1.0
AF_outer	mild_vs_severe	EHF	0.14285714285714285	0.0816203448916929	7	1	1	0	1.0
AF_outer	mild_vs_severe	TCF7L2	0.0136986301369863	0.5896011381728341	73	1	1	0	1.0
AF_outer	mild_vs_severe	VSX2	0.0	1.0	13	0	0	0	1.0
AF_outer	mild_vs_severe	TSC22D1	0.0	1.0	7	0	0	0	1.0
AF_outer	mild_vs_severe	SOX5	0.0	1.0	9	0	0	0	1.0
AF_outer	mild_vs_severe	SOX2	0.0	1.0	34	0	0	0	1.0
AF_outer	mild_vs_severe	NKX3-2	0.0	1.0	6	0	0	0	1.0
AF_outer	mild_vs_severe	PAX9	0.0	1.0	6	0	0	0	1.0
AF_outer	mild_vs_severe	TCF21	0.0	1.0	6	0	0	0	1.0
AF_outer	mild_vs_severe	HIC1	0.0	1.0	17	0	0	0	1.0
AF_outer	mild_vs_severe	ZEB2	0.0	1.0	17	0	0	0	1.0
AF_outer	mild_vs_severe	NONO	0.0	1.0	10	0	0	0	1.0
AF_outer	mild_vs_severe	CEBPZ	0.0	1.0	13	0	0	0	1.0
AF_outer	mild_vs_severe	SIX1	0.14285714285714285	0.0816203448916929	7	1	1	0	1.0
AF_outer	mild_vs_severe	NFIX	0.0	1.0	15	0	0	0	1.0
AF_outer	mild_vs_severe	MNT	0.0	1.0	8	0	0	0	1.0
AF_outer	mild_vs_severe	HOXA1	0.0	1.0	14	0	0	0	1.0
AF_outer	mild_vs_severe	BCL11B	0.0	1.0	18	0	0	0	1.0
AF_outer	mild_vs_severe	RXRB	0.0	1.0	7	0	0	0	1.0
AF_outer	mild_vs_severe	E2F6	0.0	1.0	33	0	0	0	1.0
AF_outer	mild_vs_severe	HOXA13	0.0	1.0	6	0	0	0	1.0
AF_outer	mild_vs_severe	KAT6A	-0.09090909090909091	0.12525497675806352	11	1	0	1	1.0
AF_outer	mild_vs_severe	GFI1	0.0	1.0	31	0	0	0	1.0
AF_outer	mild_vs_severe	RUNX3	0.0	1.0	44	0	0	0	1.0
AF_outer	mild_vs_severe	GLI1	-0.008849557522123894	0.1565693339104964	113	3	1	2	1.0
AF_outer	mild_vs_severe	KLF8	0.0	1.0	14	0	0	0	1.0
AF_outer	mild_vs_severe	HIF3A	0.0	1.0	5	0	0	0	1.0
AF_outer	mild_vs_severe	MEOX2	0.0	1.0	6	0	0	0	1.0
AF_outer	mild_vs_severe	JARID2	0.0	1.0	10	0	0	0	1.0
AF_outer	mild_vs_severe	NFYC	-0.058823529411764705	0.18687782668157904	17	1	0	1	1.0
AF_outer	mild_vs_severe	GFI1B	0.0	1.0	9	0	0	0	1.0
AF_outer	mild_vs_severe	ASCL2	0.0	1.0	5	0	0	0	1.0
AF_outer	mild_vs_severe	MSC	0.0	1.0	13	0	0	0	1.0
AF_outer	mild_vs_severe	HOXB9	0.0	1.0	5	0	0	0	1.0
AF_outer	mild_vs_severe	HLX	0.0	1.0	12	0	0	0	1.0
AF_outer	mild_vs_severe	RCOR2	0.0	1.0	11	0	0	0	1.0
AF_outer	mild_vs_severe	NKX2-2	0.0	1.0	9	0	0	0	1.0
AF_outer	mild_vs_severe	ARID4A	0.0	1.0	6	0	0	0	1.0
AF_outer	mild_vs_severe	HINFP	0.0	1.0	9	0	0	0	1.0
AF_outer	mild_vs_severe	SMARCC1	0.0	1.0	6	0	0	0	1.0
AF_outer	mild_vs_severe	KAT2B	0.0	1.0	12	0	0	0	1.0
AF_outer	mild_vs_severe	HDGF	0.0	1.0	5	0	0	0	1.0
AF_outer	mild_vs_severe	EP300	0.0	1.0	41	0	0	0	1.0
AF_outer	mild_vs_severe	TRPS1	0.0	1.0	12	0	0	0	1.0
AF_outer	mild_vs_severe	CTNNB1	0.01015228426395939	0.21533449186946332	197	4	3	1	1.0
AF_outer	mild_vs_severe	PML	0.0	1.0	15	0	0	0	1.0
AF_outer	mild_vs_severe	KLF7	0.0	1.0	8	0	0	0	1.0
AF_outer	mild_vs_severe	PROP1	0.0	1.0	6	0	0	0	1.0
AF_outer	mild_vs_severe	LMO2	-0.058823529411764705	0.18687782668157904	17	1	0	1	1.0
AF_outer	mild_vs_severe	MEOX1	0.0	1.0	6	0	0	0	1.0
AF_outer	mild_vs_severe	FOXL2	0.0	1.0	13	0	0	0	1.0
AF_outer	mild_vs_severe	HTATIP2	0.0	1.0	11	0	0	0	1.0
AF_outer	mild_vs_severe	EZH2	-0.020833333333333332	0.323568697645713	96	2	0	2	1.0
AF_outer	mild_vs_severe	GLI2	-0.0297029702970297	0.1231877286780007	101	3	0	3	1.0
AF_outer	mild_vs_severe	TCF7	0.0	1.0	12	0	0	0	1.0
AF_outer	mild_vs_severe	FOXC1	0.0	1.0	9	0	0	0	1.0
AF_outer	mild_vs_severe	HOXB13	0.0	1.0	8	0	0	0	1.0
AF_outer	mild_vs_severe	ABL1	0.0	1.0	10	0	0	0	1.0
AF_outer	mild_vs_severe	TBX3	0.0	1.0	11	0	0	0	1.0
AF_outer	mild_vs_severe	TET1	0.1111111111111111	0.10370115976313185	9	1	1	0	1.0
AF_outer	mild_vs_severe	FOXH1	-0.14285714285714285	0.0816203448916929	7	1	0	1	1.0
AF_outer	mild_vs_severe	FOXP3	-0.037037037037037035	0.2801518006243197	27	1	0	1	1.0
AF_outer	mild_vs_severe	CREB3L1	0.0	1.0	7	0	0	0	1.0
AF_outer	mild_vs_severe	TFDP3	0.0	1.0	5	0	0	0	1.0
AF_outer	mild_vs_severe	SP7	0.0	1.0	23	0	0	0	1.0
AF_outer	mild_vs_severe	OVOL1	0.0	1.0	8	0	0	0	1.0
AF_outer	mild_vs_severe	ZNF436	0.0	1.0	5	0	0	0	1.0
AF_outer	mild_vs_severe	SCX	0.0	1.0	7	0	0	0	1.0
AF_outer	mild_vs_severe	NANOG	0.0	1.0	30	0	0	0	1.0
AF_outer	mild_vs_severe	ARX	0.07692307692307693	0.14629428059194768	13	1	1	0	1.0
AF_outer	mild_vs_severe	VHL	0.0	1.0	19	0	0	0	1.0
AF_outer	mild_vs_severe	SOX4	0.0	1.0	18	0	0	0	1.0
AF_outer	mild_vs_severe	ATF5	-0.047619047619047616	0.22554592673329285	21	1	0	1	1.0
AF_outer	mild_vs_severe	CTCFL	0.0	1.0	6	0	0	0	1.0
AF_outer	mild_vs_severe	SP6	-0.2	0.05899974685349601	5	1	0	1	1.0
AF_outer	mild_vs_severe	SMARCA5	0.0	1.0	8	0	0	0	1.0
AF_outer	mild_vs_severe	EOMES	0.0	1.0	8	0	0	0	1.0
AF_outer	mild_vs_severe	ESRRB	0.0	1.0	5	0	0	0	1.0
AF_outer	mild_vs_severe	ZXDC	0.0	1.0	5	0	0	0	1.0
AF_outer	mild_vs_severe	NR2E1	0.0	1.0	10	0	0	0	1.0
AF_outer	mild_vs_severe	ZFP42	0.0	1.0	12	0	0	0	1.0
AF_outer	mild_vs_severe	KMT2B	0.0	1.0	11	0	0	0	1.0
AF_outer	mild_vs_severe	NFIB	0.0	1.0	13	0	0	0	1.0
AF_outer	mild_vs_severe	EN1	0.0	1.0	5	0	0	0	1.0
AF_outer	mild_vs_severe	MTA3	0.0	1.0	9	0	0	0	1.0
AF_outer	mild_vs_severe	TBX18	0.0	1.0	7	0	0	0	1.0
AF_outer	mild_vs_severe	EGR4	0.0	1.0	8	0	0	0	1.0
AF_outer	mild_vs_severe	HSF4	0.0	1.0	8	0	0	0	1.0
AF_outer	mild_vs_severe	BCLAF1	0.0	1.0	5	0	0	0	1.0
AF_outer	mild_vs_severe	KDM5C	0.0	1.0	10	0	0	0	1.0
AF_outer	mild_vs_severe	FOSL2	0.0	1.0	22	0	0	0	1.0
AF_outer	mild_vs_severe	MED1	-0.1111111111111111	0.10370115976313185	9	1	0	1	1.0
AF_outer	mild_vs_severe	LYL1	0.0	1.0	12	0	0	0	1.0
AF_outer	mild_vs_severe	HOXD1	0.0	1.0	5	0	0	0	1.0
AF_outer	mild_vs_severe	SALL4	0.0	1.0	5	0	0	0	1.0
AF_outer	mild_vs_severe	KDM5B	0.0	1.0	20	0	0	0	1.0
AF_outer	mild_vs_severe	TADA2A	0.0	1.0	6	0	0	0	1.0
AF_outer	mild_vs_severe	SATB2	0.0	1.0	17	0	0	0	1.0
AF_outer	mild_vs_severe	NSD2	0.0	1.0	6	0	0	0	1.0
AF_outer	mild_vs_severe	PBRM1	0.0	1.0	7	0	0	0	1.0
AF_outer	mild_vs_severe	ZBTB4	0.0	1.0	12	0	0	0	1.0
AF_outer	mild_vs_severe	THAP11	0.0	1.0	6	0	0	0	1.0
AF_outer	mild_vs_severe	FOXJ1	0.0	1.0	8	0	0	0	1.0
AF_outer	mild_vs_severe	PPARGC1A	0.0	1.0	18	0	0	0	1.0
AF_outer	mild_vs_severe	BATF	0.0	1.0	7	0	0	0	1.0
AF_outer	mild_vs_severe	ARID3B	0.0	1.0	5	0	0	0	1.0
AF_outer	mild_vs_severe	ZNF300	0.0	1.0	5	0	0	0	1.0
AF_outer	mild_vs_severe	NUPR1	0.0	1.0	6	0	0	0	1.0
AF_outer	mild_vs_severe	ZNF331	0.0	1.0	17	0	0	0	1.0
AF_outer	mild_vs_severe	ZNF382	0.0	1.0	11	0	0	0	1.0
AF_outer	mild_vs_severe	HOXD8	0.0	1.0	5	0	0	0	1.0
AF_outer	mild_vs_severe	LHX8	0.0	1.0	7	0	0	0	1.0
AF_outer	mild_vs_severe	IRX1	0.0	1.0	11	0	0	0	1.0
AF_outer	mild_vs_severe	SOX11	0.0	1.0	7	0	0	0	1.0
AF_outer	mild_vs_severe	IRF6	0.0	1.0	10	0	0	0	1.0
AF_outer	mild_vs_severe	E2F7	0.2	0.05899974685349601	5	1	1	0	1.0
AF_outer	mild_vs_severe	HEYL	0.0	1.0	5	0	0	0	1.0
AF_outer	mild_vs_severe	MECP2	0.0	1.0	16	0	0	0	1.0
AF_outer	mild_vs_severe	MAML1	0.0	1.0	5	0	0	0	1.0
AF_outer	mild_vs_severe	DOT1L	0.0	1.0	8	0	0	0	1.0
AF_outer	mild_vs_severe	ARID3A	0.0	1.0	6	0	0	0	1.0
AF_outer	mild_vs_severe	ARID1A	0.0	1.0	5	0	0	0	1.0
AF_outer	mild_vs_severe	ZBTB18	0.0	1.0	6	0	0	0	1.0
AF_outer	mild_vs_severe	TCF15	0.0	1.0	5	0	0	0	1.0
AF_outer	mild_vs_severe	NPM1	0.0	1.0	11	0	0	0	1.0
AF_outer	mild_vs_severe	SETBP1	0.0	1.0	5	0	0	0	1.0
AF_outer	mild_vs_severe	KDM2A	0.0	1.0	8	0	0	0	1.0
AF_outer	mild_vs_severe	MKX	0.0	1.0	6	0	0	0	1.0
AF_outer	mild_vs_severe	HDAC3	0.0	1.0	13	0	0	0	1.0
AF_outer	mild_vs_severe	BTG2	0.0	1.0	6	0	0	0	1.0
AF_outer	mild_vs_severe	CREB5	0.0	1.0	9	0	0	0	1.0
AF_outer	mild_vs_severe	CTBP1	0.0	1.0	8	0	0	0	1.0
AF_outer	mild_vs_severe	HDAC1	0.017543859649122806	0.5008801983497948	57	1	1	0	1.0
AF_outer	mild_vs_severe	HCFC1	0.0	1.0	7	0	0	0	1.0
AF_outer	mild_vs_severe	ETV7	0.125	0.09272741901458141	8	1	1	0	1.0
AF_outer	mild_vs_severe	FHL2	0.0	1.0	6	0	0	0	1.0
AF_outer	mild_vs_severe	HDAC4	0.0	1.0	16	0	0	0	1.0
AF_outer	mild_vs_severe	HDAC7	0.0	1.0	10	0	0	0	1.0
AF_outer	mild_vs_severe	HDAC9	-0.07142857142857142	0.15662481108792356	14	1	0	1	1.0
AF_outer	mild_vs_severe	ING4	0.0	1.0	14	0	0	0	1.0
AF_outer	mild_vs_severe	SIN3A	0.0	1.0	8	0	0	0	1.0
AF_outer	mild_vs_severe	SMARCA4	0.0	1.0	7	0	0	0	1.0
AF_outer	mild_vs_severe	WWTR1	0.0	1.0	8	0	0	0	1.0
AF_outer	mild_vs_severe	PIN1	0.0	1.0	5	0	0	0	1.0
AF_outer	mild_vs_severe	FGF2	0.0	1.0	6	0	0	0	1.0
AF_outer	mild_vs_severe	PARK7	0.0	1.0	6	0	0	0	1.0
AF_outer	mild_vs_severe	YAP1	-0.125	0.09272741901458141	8	1	0	1	1.0
AF_outer	mild_vs_severe	BCOR	0.0	1.0	5	0	0	0	1.0
AF_outer	mild_vs_severe	BRD4	0.0	1.0	7	0	0	0	1.0
AF_outer	mild_vs_severe	SRSF2	0.0	1.0	12	0	0	0	1.0
AF_outer	mild_vs_severe	ZMYND8	0.0	1.0	6	0	0	0	1.0
AF_outer	mild_vs_severe	ARID4B	0.0	1.0	8	0	0	0	1.0
AF_outer	mild_vs_severe	AP1	0.009287925696594427	0.3519543304421239	323	5	4	1	1.0
AF_outer	mild_vs_severe	NFKB	0.008438818565400843	0.2148564961070149	474	8	6	2	1.0
Endothelial cells	healthy_vs_degenerated_all	MYC	0.01002865329512894	0.008322365120059511	698	7	7	0	0.18814489717848823
Endothelial cells	healthy_vs_degenerated_all	SPI1	0.0	0.13124202734406631	186	2	1	1	0.6209297941260653
Endothelial cells	healthy_vs_degenerated_all	SMAD3	0.009009009009009009	0.3158128675999463	111	1	1	0	1.0
Endothelial cells	healthy_vs_degenerated_all	SMAD4	0.0125	0.23902779584897782	80	1	1	0	0.8596851975704713
Endothelial cells	healthy_vs_degenerated_all	STAT5A	0.015503875968992248	0.0009227610565507671	129	4	3	1	0.048554570050630845
Endothelial cells	healthy_vs_degenerated_all	STAT5B	0.0	0.02044148479940587	65	2	1	1	0.340512102053261
Endothelial cells	healthy_vs_degenerated_all	RELA	0.008982035928143712	0.005167827515511611	334	5	4	1	0.13084939269275397
Endothelial cells	healthy_vs_degenerated_all	WT1	0.0	1.0	100	0	0	0	1.0
Endothelial cells	healthy_vs_degenerated_all	NR0B2	-0.028985507246376812	0.022860768118246413	69	2	0	2	0.3710478517653841
Endothelial cells	healthy_vs_degenerated_all	SP1	0.002398081534772182	0.06038506197423994	834	6	4	2	0.4517463637504048
Endothelial cells	healthy_vs_degenerated_all	TP53	0.002785515320334262	0.03270014112460727	718	6	4	2	0.38775045503200956
Endothelial cells	healthy_vs_degenerated_all	ZBTB16	0.02702702702702703	0.11847156186485809	37	1	1	0	0.5813371989182571
Endothelial cells	healthy_vs_degenerated_all	ETV6	0.0	1.0	19	0	0	0	1.0
Endothelial cells	healthy_vs_degenerated_all	RUNX1	0.0	1.0	122	0	0	0	1.0
Endothelial cells	healthy_vs_degenerated_all	STAT1	-0.004761904761904762	0.03403194095053257	210	3	1	2	0.38775045503200956
Endothelial cells	healthy_vs_degenerated_all	STAT3	0.01090909090909091	0.002247382954943738	275	5	4	1	0.07606667774682799
Endothelial cells	healthy_vs_degenerated_all	ETV4	0.023255813953488372	0.13634752305679923	43	1	1	0	0.6209297941260653
Endothelial cells	healthy_vs_degenerated_all	MTF1	-0.04	0.08163161055820677	25	1	0	1	0.5219475705388372
Endothelial cells	healthy_vs_degenerated_all	CREB1	0.010869565217391304	0.0022832020176773013	276	5	4	1	0.07606667774682799
Endothelial cells	healthy_vs_degenerated_all	FOXA2	-0.02040816326530612	0.15387009956440514	49	1	0	1	0.6581065744883005
Endothelial cells	healthy_vs_degenerated_all	NFATC2	0.0	1.0	48	0	0	0	1.0
Endothelial cells	healthy_vs_degenerated_all	CEBPB	0.0	0.22831737019068354	266	2	1	1	0.8266186725413798
Endothelial cells	healthy_vs_degenerated_all	FOS	0.005050505050505051	0.029300230724016916	198	3	2	1	0.38775045503200956
Endothelial cells	healthy_vs_degenerated_all	PLAG1	0.0	1.0	7	0	0	0	1.0
Endothelial cells	healthy_vs_degenerated_all	E2F1	0.0	0.22077836384822602	260	2	1	1	0.8220747312701593
Endothelial cells	healthy_vs_degenerated_all	E2F3	-0.016666666666666666	0.1850995021117781	60	1	0	1	0.7322999052297221
Endothelial cells	healthy_vs_degenerated_all	HBP1	0.0	1.0	32	0	0	0	1.0
Endothelial cells	healthy_vs_degenerated_all	YY1	0.006172839506172839	0.017382849105215134	162	3	2	1	0.31795849930296416
Endothelial cells	healthy_vs_degenerated_all	ESR1	0.00963855421686747	0.0025504415767534216	415	6	5	1	0.08072147590424579
Endothelial cells	healthy_vs_degenerated_all	JUN	0.01015228426395939	0.04368631080261842	394	4	4	0	0.4127378319113054
Endothelial cells	healthy_vs_degenerated_all	NR1I3	0.0	1.0	29	0	0	0	1.0
Endothelial cells	healthy_vs_degenerated_all	CEBPG	0.0	1.0	100	0	0	0	1.0
Endothelial cells	healthy_vs_degenerated_all	MAFK	0.0	1.0	16	0	0	0	1.0
Endothelial cells	healthy_vs_degenerated_all	NFE2L3	0.0	1.0	5	0	0	0	1.0
Endothelial cells	healthy_vs_degenerated_all	STAT4	0.0	1.0	14	0	0	0	1.0
Endothelial cells	healthy_vs_degenerated_all	IRF1	0.010309278350515464	0.2821193263800005	97	1	1	0	0.9866383071742558
Endothelial cells	healthy_vs_degenerated_all	ATF2	0.0	1.0	81	0	0	0	1.0
Endothelial cells	healthy_vs_degenerated_all	NR2C2	0.0	1.0	35	0	0	0	1.0
Endothelial cells	healthy_vs_degenerated_all	IRF3	0.0	1.0	53	0	0	0	1.0
Endothelial cells	healthy_vs_degenerated_all	TFAP2A	0.015706806282722512	0.026714993801304193	191	3	3	0	0.37786609572028684
Endothelial cells	healthy_vs_degenerated_all	HNF1A	0.0	1.0	45	0	0	0	1.0
Endothelial cells	healthy_vs_degenerated_all	ETS1	0.007462686567164179	0.36784959804675166	134	1	1	0	1.0
Endothelial cells	healthy_vs_degenerated_all	ARNT	0.021739130434782608	0.14515255602413457	46	1	1	0	0.6336659859536357
Endothelial cells	healthy_vs_degenerated_all	AHR	0.009523809523809525	0.30156580645856734	105	1	1	0	1.0
Endothelial cells	healthy_vs_degenerated_all	PAX6	-0.012345679012345678	0.24163089346865047	81	1	0	1	0.8641376020658517
Endothelial cells	healthy_vs_degenerated_all	NFYA	0.0273972602739726	0.025392479937462423	73	2	2	0	0.37786609572028684
Endothelial cells	healthy_vs_degenerated_all	ZNF148	-0.047619047619047616	0.06902150808135725	21	1	0	1	0.4801166441263642
Endothelial cells	healthy_vs_degenerated_all	NFIC	0.0	1.0	48	0	0	0	1.0
Endothelial cells	healthy_vs_degenerated_all	RBPJ	0.0	1.0	88	0	0	0	1.0
Endothelial cells	healthy_vs_degenerated_all	HES1	-0.01694915254237288	0.18230752113860405	59	1	0	1	0.7257903200046312
Endothelial cells	healthy_vs_degenerated_all	GATA4	0.0	1.0	61	0	0	0	1.0
Endothelial cells	healthy_vs_degenerated_all	GATA6	0.02631578947368421	0.12147572204375279	38	1	1	0	0.5914933234899654
Endothelial cells	healthy_vs_degenerated_all	HNF4A	0.007352941176470588	0.37218776326009806	136	1	1	0	1.0
Endothelial cells	healthy_vs_degenerated_all	RARA	0.009433962264150943	0.30396022748072954	106	1	1	0	1.0
Endothelial cells	healthy_vs_degenerated_all	DBP	0.0	1.0	19	0	0	0	1.0
Endothelial cells	healthy_vs_degenerated_all	HLF	0.0	1.0	13	0	0	0	1.0
Endothelial cells	healthy_vs_degenerated_all	PPARG	-0.009216589861751152	0.00608280591062083	217	4	1	3	0.14260800523788833
Endothelial cells	healthy_vs_degenerated_all	MAX	-0.02702702702702703	0.11847156186485809	37	1	0	1	0.5813371989182571
Endothelial cells	healthy_vs_degenerated_all	USF2	0.0	0.02348328659390419	70	2	1	1	0.3716230103485338
Endothelial cells	healthy_vs_degenerated_all	IRF2	0.0	1.0	35	0	0	0	1.0
Endothelial cells	healthy_vs_degenerated_all	SP3	0.003745318352059925	0.6011738153963897	267	1	1	0	1.0
Endothelial cells	healthy_vs_degenerated_all	AR	0.0028169014084507044	0.00016676088854124108	355	7	4	3	0.01817465991876561
Endothelial cells	healthy_vs_degenerated_all	CUX1	0.013157894736842105	0.22852806902802758	76	1	1	0	0.8266186725413798
Endothelial cells	healthy_vs_degenerated_all	ATF1	0.0	1.0	61	0	0	0	1.0
Endothelial cells	healthy_vs_degenerated_all	KAT7	0.0	1.0	57	0	0	0	1.0
Endothelial cells	healthy_vs_degenerated_all	CREBZF	0.0	1.0	11	0	0	0	1.0
Endothelial cells	healthy_vs_degenerated_all	GLI3	0.0	1.0	26	0	0	0	1.0
Endothelial cells	healthy_vs_degenerated_all	NKX2-5	0.0	1.0	36	0	0	0	1.0
Endothelial cells	healthy_vs_degenerated_all	TGFB1I1	0.09090909090909091	0.03675359763336583	11	1	1	0	0.38775045503200956
Endothelial cells	healthy_vs_degenerated_all	RARB	0.0	1.0	33	0	0	0	1.0
Endothelial cells	healthy_vs_degenerated_all	RARG	-0.045454545454545456	0.0721897594936459	22	1	0	1	0.49135610494062204
Endothelial cells	healthy_vs_degenerated_all	TEAD1	0.0	1.0	14	0	0	0	1.0
Endothelial cells	healthy_vs_degenerated_all	PPARA	-0.00625	0.016820866579180065	160	3	1	2	0.31795849930296416
Endothelial cells	healthy_vs_degenerated_all	ESR2	0.0	0.0737825147320165	132	2	1	1	0.4968545938868771
Endothelial cells	healthy_vs_degenerated_all	NR3C1	-0.011976047904191617	0.10997206289596834	167	2	0	2	0.5813371989182571
Endothelial cells	healthy_vs_degenerated_all	PGR	0.0	0.0350915415305829	87	2	1	1	0.38775045503200956
Endothelial cells	healthy_vs_degenerated_all	NRG1	0.0	1.0	26	0	0	0	1.0
Endothelial cells	healthy_vs_degenerated_all	TBP	0.018867924528301886	0.050151599131548937	106	2	2	0	0.4517463637504048
Endothelial cells	healthy_vs_degenerated_all	REL	0.0	1.0	68	0	0	0	1.0
Endothelial cells	healthy_vs_degenerated_all	ISL1	0.0	1.0	11	0	0	0	1.0
Endothelial cells	healthy_vs_degenerated_all	ZBTB14	0.0	1.0	5	0	0	0	1.0
Endothelial cells	healthy_vs_degenerated_all	MYB	0.017241379310344827	0.05886001130940911	116	2	2	0	0.4517463637504048
Endothelial cells	healthy_vs_degenerated_all	PITX1	0.0	1.0	18	0	0	0	1.0
Endothelial cells	healthy_vs_degenerated_all	EGR1	0.008333333333333333	0.19585135193249067	240	2	2	0	0.7571870024294696
Endothelial cells	healthy_vs_degenerated_all	MYOD1	0.0	1.0	90	0	0	0	1.0
Endothelial cells	healthy_vs_degenerated_all	ETS2	-0.013888888888888888	0.21788723384726089	72	1	0	1	0.8161101717474327
Endothelial cells	healthy_vs_degenerated_all	GTF2I	0.0	1.0	18	0	0	0	1.0
Endothelial cells	healthy_vs_degenerated_all	NR2F1	0.0	1.0	25	0	0	0	1.0
Endothelial cells	healthy_vs_degenerated_all	ENO1	0.0	1.0	12	0	0	0	1.0
Endothelial cells	healthy_vs_degenerated_all	JDP2	0.034482758620689655	0.09407523091509479	29	1	1	0	0.5413601924477728
Endothelial cells	healthy_vs_degenerated_all	MAZ	0.0	1.0	22	0	0	0	1.0
Endothelial cells	healthy_vs_degenerated_all	NR4A1	0.01694915254237288	0.18230752113860405	59	1	1	0	0.7257903200046312
Endothelial cells	healthy_vs_degenerated_all	HMGA1	-0.024390243902439025	0.13042847409401254	41	1	0	1	0.6209297941260653
Endothelial cells	healthy_vs_degenerated_all	NFKB1	0.020161290322580645	0.0014272352622738199	248	5	5	0	0.0602293280679552
Endothelial cells	healthy_vs_degenerated_all	USF1	0.007518796992481203	0.3656695763227992	133	1	1	0	1.0
Endothelial cells	healthy_vs_degenerated_all	DDIT3	0.013888888888888888	0.21788723384726089	72	1	1	0	0.8161101717474327
Endothelial cells	healthy_vs_degenerated_all	ATF4	0.0	0.0350915415305829	87	2	1	1	0.38775045503200956
Endothelial cells	healthy_vs_degenerated_all	ATF3	0.013157894736842105	0.22852806902802758	76	1	1	0	0.8266186725413798
Endothelial cells	healthy_vs_degenerated_all	TAF1	0.0	1.0	35	0	0	0	1.0
Endothelial cells	healthy_vs_degenerated_all	RUNX2	-0.024096385542168676	0.0001722716579977783	83	4	1	3	0.01817465991876561
Endothelial cells	healthy_vs_degenerated_all	TFAP2B	0.0	1.0	13	0	0	0	1.0
Endothelial cells	healthy_vs_degenerated_all	CREM	0.0	1.0	46	0	0	0	1.0
Endothelial cells	healthy_vs_degenerated_all	IRF8	0.0	1.0	44	0	0	0	1.0
Endothelial cells	healthy_vs_degenerated_all	ETV5	0.0	1.0	8	0	0	0	1.0
Endothelial cells	healthy_vs_degenerated_all	DMTF1	0.0	1.0	14	0	0	0	1.0
Endothelial cells	healthy_vs_degenerated_all	NR5A1	0.0	1.0	48	0	0	0	1.0
Endothelial cells	healthy_vs_degenerated_all	NEUROD2	0.0	1.0	8	0	0	0	1.0
Endothelial cells	healthy_vs_degenerated_all	NEUROD1	0.0	1.0	29	0	0	0	1.0
Endothelial cells	healthy_vs_degenerated_all	HHEX	0.0	1.0	17	0	0	0	1.0
Endothelial cells	healthy_vs_degenerated_all	FOXO3	0.012738853503184714	0.0991968611421145	157	2	2	0	0.5565695830737967
Endothelial cells	healthy_vs_degenerated_all	MBD1	0.0	1.0	11	0	0	0	1.0
Endothelial cells	healthy_vs_degenerated_all	CEBPD	0.0	1.0	54	0	0	0	1.0
Endothelial cells	healthy_vs_degenerated_all	ELK1	0.022727272727272728	0.13929230768704784	44	1	1	0	0.6209297941260653
Endothelial cells	healthy_vs_degenerated_all	FLI1	0.0	1.0	64	0	0	0	1.0
Endothelial cells	healthy_vs_degenerated_all	ELK4	0.0	1.0	6	0	0	0	1.0
Endothelial cells	healthy_vs_degenerated_all	PREB	0.0	1.0	9	0	0	0	1.0
Endothelial cells	healthy_vs_degenerated_all	POU1F1	-0.034482758620689655	0.09407523091509479	29	1	0	1	0.5413601924477728
Endothelial cells	healthy_vs_degenerated_all	PAX5	0.0	1.0	38	0	0	0	1.0
Endothelial cells	healthy_vs_degenerated_all	CEBPA	0.008130081300813009	0.34346252939763905	123	1	1	0	1.0
Endothelial cells	healthy_vs_degenerated_all	LITAF	0.0	1.0	20	0	0	0	1.0
Endothelial cells	healthy_vs_degenerated_all	STAT6	0.0	1.0	64	0	0	0	1.0
Endothelial cells	healthy_vs_degenerated_all	HIF1A	0.012658227848101266	0.0006284685040655396	316	6	5	1	0.04420228478594295
Endothelial cells	healthy_vs_degenerated_all	TP73	-0.00980392156862745	0.2943342882731879	102	1	0	1	1.0
Endothelial cells	healthy_vs_degenerated_all	KLF11	0.0	1.0	17	0	0	0	1.0
Endothelial cells	healthy_vs_degenerated_all	TCF4	0.02857142857142857	0.11243318324421467	35	1	1	0	0.5813371989182571
Endothelial cells	healthy_vs_degenerated_all	HIVEP2	0.0	1.0	8	0	0	0	1.0
Endothelial cells	healthy_vs_degenerated_all	E2F4	0.0	1.0	150	0	0	0	1.0
Endothelial cells	healthy_vs_degenerated_all	GATA5	0.0	1.0	8	0	0	0	1.0
Endothelial cells	healthy_vs_degenerated_all	SRF	-0.015873015873015872	0.19341982837947358	63	1	0	1	0.7557700701494245
Endothelial cells	healthy_vs_degenerated_all	ELF1	0.0	1.0	47	0	0	0	1.0
Endothelial cells	healthy_vs_degenerated_all	GATA3	0.0	1.0	107	0	0	0	1.0
Endothelial cells	healthy_vs_degenerated_all	MSX1	0.0	1.0	14	0	0	0	1.0
Endothelial cells	healthy_vs_degenerated_all	OTX2	0.0	1.0	17	0	0	0	1.0
Endothelial cells	healthy_vs_degenerated_all	LHX2	0.0	1.0	17	0	0	0	1.0
Endothelial cells	healthy_vs_degenerated_all	GABPA	0.0	1.0	25	0	0	0	1.0
Endothelial cells	healthy_vs_degenerated_all	HSF2	0.1	5.296450217310382e-07	20	4	3	1	0.00016763264937787357
Endothelial cells	healthy_vs_degenerated_all	VDR	-0.011904761904761904	0.2493882369448703	84	1	0	1	0.8868694044163085
Endothelial cells	healthy_vs_degenerated_all	HOXC8	0.0	1.0	12	0	0	0	1.0
Endothelial cells	healthy_vs_degenerated_all	HR	0.0	1.0	53	0	0	0	1.0
Endothelial cells	healthy_vs_degenerated_all	RELB	0.0	1.0	33	0	0	0	1.0
Endothelial cells	healthy_vs_degenerated_all	CEBPE	0.0	1.0	18	0	0	0	1.0
Endothelial cells	healthy_vs_degenerated_all	NR0B1	0.0	1.0	22	0	0	0	1.0
Endothelial cells	healthy_vs_degenerated_all	LEF1	0.017543859649122806	0.1766955698538034	57	1	1	0	0.7169762545990869
Endothelial cells	healthy_vs_degenerated_all	ID1	0.018518518518518517	0.16820721382302567	54	1	1	0	0.6913971840907484
Endothelial cells	healthy_vs_degenerated_all	ZNF143	0.0	1.0	22	0	0	0	1.0
Endothelial cells	healthy_vs_degenerated_all	SOX9	-0.01694915254237288	0.18230752113860405	59	1	0	1	0.7257903200046312
Endothelial cells	healthy_vs_degenerated_all	YBX1	-0.014285714285714285	0.21251332471335685	70	1	0	1	0.8055145781051191
Endothelial cells	healthy_vs_degenerated_all	HSF1	0.08450704225352113	7.530083667041371e-11	71	8	7	1	4.766542961237188e-08
Endothelial cells	healthy_vs_degenerated_all	POU4F1	0.058823529411764705	0.05624275551159325	17	1	1	0	0.4517463637504048
Endothelial cells	healthy_vs_degenerated_all	NOTO	0.0	1.0	5	0	0	0	1.0
Endothelial cells	healthy_vs_degenerated_all	HNF1B	0.0	1.0	20	0	0	0	1.0
Endothelial cells	healthy_vs_degenerated_all	PAX3	0.0	1.0	63	0	0	0	1.0
Endothelial cells	healthy_vs_degenerated_all	ID2	0.023255813953488372	0.13634752305679923	43	1	1	0	0.6209297941260653
Endothelial cells	healthy_vs_degenerated_all	MEF2A	0.0	1.0	61	0	0	0	1.0
Endothelial cells	healthy_vs_degenerated_all	PDX1	0.0	1.0	46	0	0	0	1.0
Endothelial cells	healthy_vs_degenerated_all	NR2F2	0.0	1.0	36	0	0	0	1.0
Endothelial cells	healthy_vs_degenerated_all	NR1H4	0.0	1.0	72	0	0	0	1.0
Endothelial cells	healthy_vs_degenerated_all	ASCL1	0.0	1.0	34	0	0	0	1.0
Endothelial cells	healthy_vs_degenerated_all	RFX1	0.0	1.0	18	0	0	0	1.0
Endothelial cells	healthy_vs_degenerated_all	CRX	0.09090909090909091	0.03675359763336583	11	1	1	0	0.38775045503200956
Endothelial cells	healthy_vs_degenerated_all	NRL	0.0	1.0	10	0	0	0	1.0
Endothelial cells	healthy_vs_degenerated_all	UBTF	0.0	1.0	9	0	0	0	1.0
Endothelial cells	healthy_vs_degenerated_all	MYBL2	0.022727272727272728	0.13929230768704784	44	1	1	0	0.6209297941260653
Endothelial cells	healthy_vs_degenerated_all	ELF2	0.0	1.0	7	0	0	0	1.0
Endothelial cells	healthy_vs_degenerated_all	JUND	0.0	0.017030782394746802	59	2	1	1	0.31795849930296416
Endothelial cells	healthy_vs_degenerated_all	TP63	0.0	0.08978124632630338	148	2	1	1	0.5413601924477728
Endothelial cells	healthy_vs_degenerated_all	NFKBIB	0.0	1.0	15	0	0	0	1.0
Endothelial cells	healthy_vs_degenerated_all	HOXC6	0.0	1.0	10	0	0	0	1.0
Endothelial cells	healthy_vs_degenerated_all	FOXO1	-0.005405405405405406	0.46985629846461946	185	1	0	1	1.0
Endothelial cells	healthy_vs_degenerated_all	PITX2	0.015384615384615385	0.19892066513675247	65	1	1	0	0.7585348254913512
Endothelial cells	healthy_vs_degenerated_all	NR5A2	0.0	1.0	27	0	0	0	1.0
Endothelial cells	healthy_vs_degenerated_all	POU2F1	0.0	1.0	50	0	0	0	1.0
Endothelial cells	healthy_vs_degenerated_all	XBP1	0.023809523809523808	0.13339292247778298	42	1	1	0	0.6209297941260653
Endothelial cells	healthy_vs_degenerated_all	SREBF1	-0.011494252873563218	0.2570682450078852	87	1	0	1	0.9040233282777297
Endothelial cells	healthy_vs_degenerated_all	TCF3	0.0	1.0	68	0	0	0	1.0
Endothelial cells	healthy_vs_degenerated_all	LRRFIP1	-0.125	0.02686251865310096	8	1	0	1	0.37786609572028684
Endothelial cells	healthy_vs_degenerated_all	TCF12	0.0	1.0	30	0	0	0	1.0
Endothelial cells	healthy_vs_degenerated_all	E4F1	0.0	1.0	8	0	0	0	1.0
Endothelial cells	healthy_vs_degenerated_all	HOXB1	0.0	1.0	5	0	0	0	1.0
Endothelial cells	healthy_vs_degenerated_all	BRCA1	0.0	1.0	50	0	0	0	1.0
Endothelial cells	healthy_vs_degenerated_all	ZNF362	0.0	1.0	12	0	0	0	1.0
Endothelial cells	healthy_vs_degenerated_all	NRF1	0.0	1.0	64	0	0	0	1.0
Endothelial cells	healthy_vs_degenerated_all	GATA1	0.013333333333333334	0.22588116084575374	75	1	1	0	0.8266186725413798
Endothelial cells	healthy_vs_degenerated_all	MYCN	-0.00980392156862745	0.2943342882731879	102	1	0	1	1.0
Endothelial cells	healthy_vs_degenerated_all	PKNOX1	0.0	1.0	10	0	0	0	1.0
Endothelial cells	healthy_vs_degenerated_all	NR4A3	0.0	1.0	16	0	0	0	1.0
Endothelial cells	healthy_vs_degenerated_all	SSRP1	0.011627906976744186	0.2545167886460772	86	1	1	0	0.9000509900165746
Endothelial cells	healthy_vs_degenerated_all	ZNF91	0.0	1.0	27	0	0	0	1.0
Endothelial cells	healthy_vs_degenerated_all	NR2C1	0.0	1.0	10	0	0	0	1.0
Endothelial cells	healthy_vs_degenerated_all	ID3	0.0	1.0	24	0	0	0	1.0
Endothelial cells	healthy_vs_degenerated_all	ERF	0.0	1.0	13	0	0	0	1.0
Endothelial cells	healthy_vs_degenerated_all	ZNF354C	0.0	1.0	18	0	0	0	1.0
Endothelial cells	healthy_vs_degenerated_all	HMGA2	0.03571428571428571	0.09097981598655867	28	1	1	0	0.5413601924477728
Endothelial cells	healthy_vs_degenerated_all	POU2F2	0.0	1.0	17	0	0	0	1.0
Endothelial cells	healthy_vs_degenerated_all	SREBF2	0.0	1.0	47	0	0	0	1.0
Endothelial cells	healthy_vs_degenerated_all	ELF4	0.0	1.0	33	0	0	0	1.0
Endothelial cells	healthy_vs_degenerated_all	TTF1	0.03225806451612903	0.1002352803640013	31	1	1	0	0.5565695830737967
Endothelial cells	healthy_vs_degenerated_all	DLX4	0.0	1.0	24	0	0	0	1.0
Endothelial cells	healthy_vs_degenerated_all	NR1I2	0.0	1.0	151	0	0	0	1.0
Endothelial cells	healthy_vs_degenerated_all	NR1H3	0.0	1.0	76	0	0	0	1.0
Endothelial cells	healthy_vs_degenerated_all	MITF	0.015384615384615385	0.19892066513675247	65	1	1	0	0.7585348254913512
Endothelial cells	healthy_vs_degenerated_all	NCOA1	0.0196078431372549	0.15963360845612018	51	1	1	0	0.6781749943135844
Endothelial cells	healthy_vs_degenerated_all	NCOR1	0.0	1.0	60	0	0	0	1.0
Endothelial cells	healthy_vs_degenerated_all	FOSL1	0.0	1.0	35	0	0	0	1.0
Endothelial cells	healthy_vs_degenerated_all	JUNB	0.017543859649122806	0.1766955698538034	57	1	1	0	0.7169762545990869
Endothelial cells	healthy_vs_degenerated_all	MTF2	0.0	1.0	5	0	0	0	1.0
Endothelial cells	healthy_vs_degenerated_all	DNMT1	0.008333333333333333	0.3366539603779957	120	1	1	0	1.0
Endothelial cells	healthy_vs_degenerated_all	KLF5	0.0	0.015953803806465047	57	2	1	1	0.31795849930296416
Endothelial cells	healthy_vs_degenerated_all	NR3C2	0.02702702702702703	0.11847156186485809	37	1	1	0	0.5813371989182571
Endothelial cells	healthy_vs_degenerated_all	MYRF	0.0	1.0	6	0	0	0	1.0
Endothelial cells	healthy_vs_degenerated_all	EBF1	0.0	1.0	14	0	0	0	1.0
Endothelial cells	healthy_vs_degenerated_all	CREBBP	0.0	1.0	25	0	0	0	1.0
Endothelial cells	healthy_vs_degenerated_all	ZFPM1	0.0	1.0	10	0	0	0	1.0
Endothelial cells	healthy_vs_degenerated_all	APEX1	-0.034482758620689655	0.09407523091509479	29	1	0	1	0.5413601924477728
Endothelial cells	healthy_vs_degenerated_all	TFAM	0.09090909090909091	0.03675359763336583	11	1	1	0	0.38775045503200956
Endothelial cells	healthy_vs_degenerated_all	IRF4	0.0	1.0	32	0	0	0	1.0
Endothelial cells	healthy_vs_degenerated_all	ZBED1	0.0625	0.05302145912308916	16	1	1	0	0.4517463637504048
Endothelial cells	healthy_vs_degenerated_all	NCOA2	0.023809523809523808	0.13339292247778298	42	1	1	0	0.6209297941260653
Endothelial cells	healthy_vs_degenerated_all	FOXA1	0.06666666666666667	0.0046060627492698365	30	2	2	0	0.12148490501199194
Endothelial cells	healthy_vs_degenerated_all	NR4A2	0.0	1.0	30	0	0	0	1.0
Endothelial cells	healthy_vs_degenerated_all	KLF1	0.0	1.0	19	0	0	0	1.0
Endothelial cells	healthy_vs_degenerated_all	LHX3	0.0	1.0	5	0	0	0	1.0
Endothelial cells	healthy_vs_degenerated_all	CTCF	0.01020408163265306	0.28457868567999905	98	1	1	0	0.9897709232716451
Endothelial cells	healthy_vs_degenerated_all	BCL6	0.0	1.0	52	0	0	0	1.0
Endothelial cells	healthy_vs_degenerated_all	RB1	0.0	1.0	31	0	0	0	1.0
Endothelial cells	healthy_vs_degenerated_all	TFCP2	0.0	1.0	43	0	0	0	1.0
Endothelial cells	healthy_vs_degenerated_all	REST	0.0	1.0	23	0	0	0	1.0
Endothelial cells	healthy_vs_degenerated_all	ESRRA	-0.034482758620689655	0.09407523091509479	29	1	0	1	0.5413601924477728
Endothelial cells	healthy_vs_degenerated_all	HOXD3	0.0	1.0	5	0	0	0	1.0
Endothelial cells	healthy_vs_degenerated_all	IRF9	0.0	1.0	13	0	0	0	1.0
Endothelial cells	healthy_vs_degenerated_all	TFE3	0.03571428571428571	0.09097981598655867	28	1	1	0	0.5413601924477728
Endothelial cells	healthy_vs_degenerated_all	ZNF236	0.0	1.0	7	0	0	0	1.0
Endothelial cells	healthy_vs_degenerated_all	TFAP2C	0.0	1.0	16	0	0	0	1.0
Endothelial cells	healthy_vs_degenerated_all	PAX8	0.058823529411764705	0.05624275551159325	17	1	1	0	0.4517463637504048
Endothelial cells	healthy_vs_degenerated_all	NKX2-1	0.0	1.0	30	0	0	0	1.0
Endothelial cells	healthy_vs_degenerated_all	PBX1	0.07142857142857142	0.00401967223336747	28	2	2	0	0.11565693289643675
Endothelial cells	healthy_vs_degenerated_all	SP4	0.0	1.0	33	0	0	0	1.0
Endothelial cells	healthy_vs_degenerated_all	CIITA	0.0	1.0	23	0	0	0	1.0
Endothelial cells	healthy_vs_degenerated_all	CDX2	0.0	1.0	31	0	0	0	1.0
Endothelial cells	healthy_vs_degenerated_all	ELF3	0.0	1.0	16	0	0	0	1.0
Endothelial cells	healthy_vs_degenerated_all	ZEB1	0.0	0.005555058147861822	33	2	1	1	0.13524430029217435
Endothelial cells	healthy_vs_degenerated_all	EGR3	0.0	1.0	20	0	0	0	1.0
Endothelial cells	healthy_vs_degenerated_all	EWSR1	0.0	1.0	44	0	0	0	1.0
Endothelial cells	healthy_vs_degenerated_all	NAB2	0.0	1.0	6	0	0	0	1.0
Endothelial cells	healthy_vs_degenerated_all	DEAF1	0.0	1.0	7	0	0	0	1.0
Endothelial cells	healthy_vs_degenerated_all	TBPL1	0.038461538461538464	0.08475803925829675	26	1	1	0	0.5312063252524936
Endothelial cells	healthy_vs_degenerated_all	MEF2C	-0.027777777777777776	0.1154573930863845	36	1	0	1	0.5813371989182571
Endothelial cells	healthy_vs_degenerated_all	POU4F2	0.0625	0.05302145912308916	16	1	1	0	0.4517463637504048
Endothelial cells	healthy_vs_degenerated_all	TAL1	0.0	1.0	66	0	0	0	1.0
Endothelial cells	healthy_vs_degenerated_all	EPAS1	0.016129032258064516	0.19065562568235564	62	1	1	0	0.7495963419685163
Endothelial cells	healthy_vs_degenerated_all	SMARCA1	-0.02857142857142857	0.11243318324421467	35	1	0	1	0.5813371989182571
Endothelial cells	healthy_vs_degenerated_all	NFATC4	0.0	1.0	28	0	0	0	1.0
Endothelial cells	healthy_vs_degenerated_all	FOXM1	0.0	1.0	62	0	0	0	1.0
Endothelial cells	healthy_vs_degenerated_all	MYF5	0.0	1.0	12	0	0	0	1.0
Endothelial cells	healthy_vs_degenerated_all	MYOG	0.0	1.0	33	0	0	0	1.0
Endothelial cells	healthy_vs_degenerated_all	SMAD7	-0.022727272727272728	0.13929230768704784	44	1	0	1	0.6209297941260653
Endothelial cells	healthy_vs_degenerated_all	SOX10	0.0	1.0	18	0	0	0	1.0
Endothelial cells	healthy_vs_degenerated_all	POU3F1	0.0	1.0	7	0	0	0	1.0
Endothelial cells	healthy_vs_degenerated_all	NKRF	0.0	1.0	7	0	0	0	1.0
Endothelial cells	healthy_vs_degenerated_all	ATF6	0.0	1.0	41	0	0	0	1.0
Endothelial cells	healthy_vs_degenerated_all	NKX6-1	0.0	1.0	6	0	0	0	1.0
Endothelial cells	healthy_vs_degenerated_all	ERG	0.02702702702702703	0.11847156186485809	37	1	1	0	0.5813371989182571
Endothelial cells	healthy_vs_degenerated_all	PITX3	0.0	1.0	10	0	0	0	1.0
Endothelial cells	healthy_vs_degenerated_all	HOXB2	0.0	1.0	5	0	0	0	1.0
Endothelial cells	healthy_vs_degenerated_all	SATB1	0.0	1.0	27	0	0	0	1.0
Endothelial cells	healthy_vs_degenerated_all	NFKB2	0.0	1.0	43	0	0	0	1.0
Endothelial cells	healthy_vs_degenerated_all	RORA	-0.027777777777777776	0.1154573930863845	36	1	0	1	0.5813371989182571
Endothelial cells	healthy_vs_degenerated_all	PROX1	0.0	1.0	15	0	0	0	1.0
Endothelial cells	healthy_vs_degenerated_all	KLF3	0.0	1.0	6	0	0	0	1.0
Endothelial cells	healthy_vs_degenerated_all	PEG3	0.0	1.0	6	0	0	0	1.0
Endothelial cells	healthy_vs_degenerated_all	NR2E3	-0.16666666666666666	0.020213560788939083	6	1	0	1	0.340512102053261
Endothelial cells	healthy_vs_degenerated_all	NCOR2	0.0	1.0	42	0	0	0	1.0
Endothelial cells	healthy_vs_degenerated_all	NCOA3	0.0	1.0	54	0	0	0	1.0
Endothelial cells	healthy_vs_degenerated_all	ZFHX3	0.0	1.0	5	0	0	0	1.0
Endothelial cells	healthy_vs_degenerated_all	SMAD1	-0.021739130434782608	0.14515255602413457	46	1	0	1	0.6336659859536357
Endothelial cells	healthy_vs_degenerated_all	SPDEF	0.0	1.0	8	0	0	0	1.0
Endothelial cells	healthy_vs_degenerated_all	PAX2	0.0	1.0	10	0	0	0	1.0
Endothelial cells	healthy_vs_degenerated_all	KLF13	0.0	1.0	9	0	0	0	1.0
Endothelial cells	healthy_vs_degenerated_all	GTF2IRD1	0.0	1.0	5	0	0	0	1.0
Endothelial cells	healthy_vs_degenerated_all	MAFB	-0.037037037037037035	0.0878740965668019	27	1	0	1	0.5413601924477728
Endothelial cells	healthy_vs_degenerated_all	ELK3	-0.05555555555555555	0.0594533741905053	18	1	0	1	0.4517463637504048
Endothelial cells	healthy_vs_degenerated_all	KLF6	0.0	1.0	39	0	0	0	1.0
Endothelial cells	healthy_vs_degenerated_all	SNAI1	0.014285714285714285	0.0016951399458821606	70	3	2	1	0.06706397410896298
Endothelial cells	healthy_vs_degenerated_all	HESX1	0.0	1.0	14	0	0	0	1.0
Endothelial cells	healthy_vs_degenerated_all	BACH2	0.0	1.0	6	0	0	0	1.0
Endothelial cells	healthy_vs_degenerated_all	PATZ1	0.0	1.0	8	0	0	0	1.0
Endothelial cells	healthy_vs_degenerated_all	ZHX2	0.0	1.0	7	0	0	0	1.0
Endothelial cells	healthy_vs_degenerated_all	ONECUT1	0.15384615384615385	0.0008565546879799995	13	2	2	0	0.048554570050630845
Endothelial cells	healthy_vs_degenerated_all	RXRA	0.018518518518518517	0.16820721382302567	54	1	1	0	0.6913971840907484
Endothelial cells	healthy_vs_degenerated_all	NR1H2	0.0	1.0	31	0	0	0	1.0
Endothelial cells	healthy_vs_degenerated_all	KAT5	0.0	1.0	41	0	0	0	1.0
Endothelial cells	healthy_vs_degenerated_all	YBX3	0.0	1.0	21	0	0	0	1.0
Endothelial cells	healthy_vs_degenerated_all	SMAD6	0.05555555555555555	0.0594533741905053	18	1	1	0	0.4517463637504048
Endothelial cells	healthy_vs_degenerated_all	MYBL1	0.0	1.0	9	0	0	0	1.0
Endothelial cells	healthy_vs_degenerated_all	CDX1	0.0	1.0	20	0	0	0	1.0
Endothelial cells	healthy_vs_degenerated_all	TFDP1	0.0	1.0	29	0	0	0	1.0
Endothelial cells	healthy_vs_degenerated_all	KLF12	0.0	1.0	5	0	0	0	1.0
Endothelial cells	healthy_vs_degenerated_all	KMT2A	0.0	1.0	57	0	0	0	1.0
Endothelial cells	healthy_vs_degenerated_all	GATA2	0.0	1.0	44	0	0	0	1.0
Endothelial cells	healthy_vs_degenerated_all	PRDM1	0.0	1.0	35	0	0	0	1.0
Endothelial cells	healthy_vs_degenerated_all	MXD1	0.0	1.0	17	0	0	0	1.0
Endothelial cells	healthy_vs_degenerated_all	CLOCK	0.02127659574468085	0.14806808294281038	47	1	1	0	0.6375992959374079
Endothelial cells	healthy_vs_degenerated_all	BHLHE40	0.0	1.0	27	0	0	0	1.0
Endothelial cells	healthy_vs_degenerated_all	SRY	0.05	0.0658427161723372	20	1	1	0	0.4736186288305619
Endothelial cells	healthy_vs_degenerated_all	MAF	0.0	1.0	28	0	0	0	1.0
Endothelial cells	healthy_vs_degenerated_all	AIRE	0.0	1.0	11	0	0	0	1.0
Endothelial cells	healthy_vs_degenerated_all	ZGPAT	0.0	1.0	5	0	0	0	1.0
Endothelial cells	healthy_vs_degenerated_all	ETV1	0.0	1.0	14	0	0	0	1.0
Endothelial cells	healthy_vs_degenerated_all	KLF4	0.039473684210526314	5.373416330466389e-06	76	5	4	1	0.001133790845728408
Endothelial cells	healthy_vs_degenerated_all	EGR2	0.0	1.0	48	0	0	0	1.0
Endothelial cells	healthy_vs_degenerated_all	NEUROG3	0.0	1.0	11	0	0	0	1.0
Endothelial cells	healthy_vs_degenerated_all	CXXC1	0.07692307692307693	0.043293157416738795	13	1	1	0	0.4127378319113054
Endothelial cells	healthy_vs_degenerated_all	TBX21	0.0	1.0	20	0	0	0	1.0
Endothelial cells	healthy_vs_degenerated_all	HOXA10	-0.030303030303030304	0.10635450999977183	33	1	0	1	0.5754051694859451
Endothelial cells	healthy_vs_degenerated_all	LMX1B	0.0	1.0	13	0	0	0	1.0
Endothelial cells	healthy_vs_degenerated_all	TBX2	0.0	1.0	20	0	0	0	1.0
Endothelial cells	healthy_vs_degenerated_all	ZNF699	0.03225806451612903	0.1002352803640013	31	1	1	0	0.5565695830737967
Endothelial cells	healthy_vs_degenerated_all	RFX5	0.0	1.0	16	0	0	0	1.0
Endothelial cells	healthy_vs_degenerated_all	RFXANK	0.0	1.0	11	0	0	0	1.0
Endothelial cells	healthy_vs_degenerated_all	RFXAP	0.0	1.0	10	0	0	0	1.0
Endothelial cells	healthy_vs_degenerated_all	BARX2	0.0	1.0	11	0	0	0	1.0
Endothelial cells	healthy_vs_degenerated_all	FOXO4	0.047619047619047616	0.06902150808135725	21	1	1	0	0.4801166441263642
Endothelial cells	healthy_vs_degenerated_all	DLX5	-0.043478260869565216	0.0753475044434449	23	1	0	1	0.5020523190810592
Endothelial cells	healthy_vs_degenerated_all	ID4	0.0	1.0	9	0	0	0	1.0
Endothelial cells	healthy_vs_degenerated_all	SPIB	0.0	1.0	9	0	0	0	1.0
Endothelial cells	healthy_vs_degenerated_all	FOXN1	-0.030303030303030304	0.10635450999977183	33	1	0	1	0.5754051694859451
Endothelial cells	healthy_vs_degenerated_all	TBX5	0.0	1.0	12	0	0	0	1.0
Endothelial cells	healthy_vs_degenerated_all	TLX1	0.0	1.0	6	0	0	0	1.0
Endothelial cells	healthy_vs_degenerated_all	HIVEP1	0.0	1.0	8	0	0	0	1.0
Endothelial cells	healthy_vs_degenerated_all	SMAD2	0.0	0.01758064372133293	60	2	1	1	0.31795849930296416
Endothelial cells	healthy_vs_degenerated_all	NKX3-1	0.018867924528301886	0.16535885850992518	53	1	1	0	0.6913971840907484
Endothelial cells	healthy_vs_degenerated_all	HAND1	0.0	1.0	5	0	0	0	1.0
Endothelial cells	healthy_vs_degenerated_all	HAND2	0.05	0.0658427161723372	20	1	1	0	0.4736186288305619
Endothelial cells	healthy_vs_degenerated_all	PAX7	0.0	1.0	9	0	0	0	1.0
Endothelial cells	healthy_vs_degenerated_all	SFPQ	-0.047619047619047616	0.06902150808135725	21	1	0	1	0.4801166441263642
Endothelial cells	healthy_vs_degenerated_all	BMAL1	0.022727272727272728	0.13929230768704784	44	1	1	0	0.6209297941260653
Endothelial cells	healthy_vs_degenerated_all	SKIL	0.0	0.0011481158793941939	15	2	1	1	0.05191123940403748
Endothelial cells	healthy_vs_degenerated_all	TBXT	0.0	1.0	7	0	0	0	1.0
Endothelial cells	healthy_vs_degenerated_all	MSX2	-0.04	0.08163161055820677	25	1	0	1	0.5219475705388372
Endothelial cells	healthy_vs_degenerated_all	MZF1	0.0	1.0	14	0	0	0	1.0
Endothelial cells	healthy_vs_degenerated_all	HOXA5	0.0	1.0	9	0	0	0	1.0
Endothelial cells	healthy_vs_degenerated_all	HOXB4	0.0	1.0	6	0	0	0	1.0
Endothelial cells	healthy_vs_degenerated_all	CREB3	0.0	1.0	9	0	0	0	1.0
Endothelial cells	healthy_vs_degenerated_all	NFE2	0.0	1.0	12	0	0	0	1.0
Endothelial cells	healthy_vs_degenerated_all	ZNF76	0.0	1.0	6	0	0	0	1.0
Endothelial cells	healthy_vs_degenerated_all	FOXQ1	-0.09090909090909091	0.03675359763336583	11	1	0	1	0.38775045503200956
Endothelial cells	healthy_vs_degenerated_all	ZGLP1	0.0	1.0	10	0	0	0	1.0
Endothelial cells	healthy_vs_degenerated_all	NFYB	0.0967741935483871	0.00015252804884889197	31	3	3	0	0.01817465991876561
Endothelial cells	healthy_vs_degenerated_all	ETV3	0.0	1.0	10	0	0	0	1.0
Endothelial cells	healthy_vs_degenerated_all	GSC	0.0	1.0	5	0	0	0	1.0
Endothelial cells	healthy_vs_degenerated_all	IRF7	0.0	1.0	8	0	0	0	1.0
Endothelial cells	healthy_vs_degenerated_all	NFATC3	0.0	1.0	18	0	0	0	1.0
Endothelial cells	healthy_vs_degenerated_all	KDM5A	0.0	1.0	13	0	0	0	1.0
Endothelial cells	healthy_vs_degenerated_all	GRHL3	0.0	1.0	16	0	0	0	1.0
Endothelial cells	healthy_vs_degenerated_all	THRA	0.0	1.0	44	0	0	0	1.0
Endothelial cells	healthy_vs_degenerated_all	SOX17	-0.07142857142857142	0.00401967223336747	28	2	0	2	0.11565693289643675
Endothelial cells	healthy_vs_degenerated_all	TBX15	0.0	1.0	20	0	0	0	1.0
Endothelial cells	healthy_vs_degenerated_all	NFAT5	0.02702702702702703	0.0002599686396960477	37	3	2	1	0.0235085927039426
Endothelial cells	healthy_vs_degenerated_all	BMAL2	0.16666666666666666	0.020213560788939083	6	1	1	0	0.340512102053261
Endothelial cells	healthy_vs_degenerated_all	NFE2L2	-0.00684931506849315	0.3934471609893327	146	1	0	1	1.0
Endothelial cells	healthy_vs_degenerated_all	ZIC1	0.0	1.0	10	0	0	0	1.0
Endothelial cells	healthy_vs_degenerated_all	MEIS1	0.0	1.0	9	0	0	0	1.0
Endothelial cells	healthy_vs_degenerated_all	HOXA9	0.0	1.0	29	0	0	0	1.0
Endothelial cells	healthy_vs_degenerated_all	MAFA	0.0	1.0	11	0	0	0	1.0
Endothelial cells	healthy_vs_degenerated_all	NR1D1	0.0	0.0008565546879799995	13	2	1	1	0.048554570050630845
Endothelial cells	healthy_vs_degenerated_all	MYF6	0.0	1.0	7	0	0	0	1.0
Endothelial cells	healthy_vs_degenerated_all	ZNF263	0.0	1.0	5	0	0	0	1.0
Endothelial cells	healthy_vs_degenerated_all	NFIA	0.0	1.0	33	0	0	0	1.0
Endothelial cells	healthy_vs_degenerated_all	HEY2	0.0	1.0	11	0	0	0	1.0
Endothelial cells	healthy_vs_degenerated_all	HOXB7	0.0	1.0	13	0	0	0	1.0
Endothelial cells	healthy_vs_degenerated_all	ZNF350	0.0	1.0	9	0	0	0	1.0
Endothelial cells	healthy_vs_degenerated_all	BCL11A	0.0	1.0	8	0	0	0	1.0
Endothelial cells	healthy_vs_degenerated_all	TWIST1	0.018518518518518517	0.16820721382302567	54	1	1	0	0.6913971840907484
Endothelial cells	healthy_vs_degenerated_all	ZNF395	0.0	1.0	5	0	0	0	1.0
Endothelial cells	healthy_vs_degenerated_all	TFDP2	0.0	1.0	5	0	0	0	1.0
Endothelial cells	healthy_vs_degenerated_all	GTF3A	0.0625	0.05302145912308916	16	1	1	0	0.4517463637504048
Endothelial cells	healthy_vs_degenerated_all	KLF10	0.05555555555555555	0.0594533741905053	18	1	1	0	0.4517463637504048
Endothelial cells	healthy_vs_degenerated_all	KLF2	-0.027777777777777776	0.1154573930863845	36	1	0	1	0.5813371989182571
Endothelial cells	healthy_vs_degenerated_all	PHF20	0.0	1.0	7	0	0	0	1.0
Endothelial cells	healthy_vs_degenerated_all	TGIF1	-0.125	0.02686251865310096	8	1	0	1	0.37786609572028684
Endothelial cells	healthy_vs_degenerated_all	FOXG1	-0.08333333333333333	0.04002880336068044	12	1	0	1	0.39590988323923
Endothelial cells	healthy_vs_degenerated_all	SF1	0.0	1.0	5	0	0	0	1.0
Endothelial cells	healthy_vs_degenerated_all	MBD2	0.0	1.0	62	0	0	0	1.0
Endothelial cells	healthy_vs_degenerated_all	FOXF2	0.0	1.0	8	0	0	0	1.0
Endothelial cells	healthy_vs_degenerated_all	HEY1	0.045454545454545456	0.0721897594936459	22	1	1	0	0.49135610494062204
Endothelial cells	healthy_vs_degenerated_all	ZBTB17	0.0	1.0	36	0	0	0	1.0
Endothelial cells	healthy_vs_degenerated_all	IRF5	0.0	1.0	12	0	0	0	1.0
Endothelial cells	healthy_vs_degenerated_all	THRB	0.0	1.0	31	0	0	0	1.0
Endothelial cells	healthy_vs_degenerated_all	POU3F2	0.0	1.0	14	0	0	0	1.0
Endothelial cells	healthy_vs_degenerated_all	FOXI1	0.0	1.0	6	0	0	0	1.0
Endothelial cells	healthy_vs_degenerated_all	KCNIP3	0.0	1.0	8	0	0	0	1.0
Endothelial cells	healthy_vs_degenerated_all	FOSB	0.0	1.0	22	0	0	0	1.0
Endothelial cells	healthy_vs_degenerated_all	NFE2L1	0.0	1.0	8	0	0	0	1.0
Endothelial cells	healthy_vs_degenerated_all	TRERF1	0.0	1.0	5	0	0	0	1.0
Endothelial cells	healthy_vs_degenerated_all	FOXP1	0.0	1.0	11	0	0	0	1.0
Endothelial cells	healthy_vs_degenerated_all	FOXP2	0.0	1.0	5	0	0	0	1.0
Endothelial cells	healthy_vs_degenerated_all	BARX1	0.0	1.0	7	0	0	0	1.0
Endothelial cells	healthy_vs_degenerated_all	ZFPM2	0.0	1.0	8	0	0	0	1.0
Endothelial cells	healthy_vs_degenerated_all	IKZF1	0.0	1.0	15	0	0	0	1.0
Endothelial cells	healthy_vs_degenerated_all	BCL3	0.0	1.0	20	0	0	0	1.0
Endothelial cells	healthy_vs_degenerated_all	SP2	0.0	1.0	16	0	0	0	1.0
Endothelial cells	healthy_vs_degenerated_all	SIM2	0.0	1.0	8	0	0	0	1.0
Endothelial cells	healthy_vs_degenerated_all	NFATC1	0.0	1.0	65	0	0	0	1.0
Endothelial cells	healthy_vs_degenerated_all	POU2F3	0.0	1.0	5	0	0	0	1.0
Endothelial cells	healthy_vs_degenerated_all	HOXA7	0.1	0.03346750511304579	10	1	1	0	0.38775045503200956
Endothelial cells	healthy_vs_degenerated_all	NPAS2	0.0	1.0	6	0	0	0	1.0
Endothelial cells	healthy_vs_degenerated_all	DLX2	0.0	1.0	13	0	0	0	1.0
Endothelial cells	healthy_vs_degenerated_all	PRRX1	0.0	1.0	5	0	0	0	1.0
Endothelial cells	healthy_vs_degenerated_all	VEZF1	0.0	1.0	6	0	0	0	1.0
Endothelial cells	healthy_vs_degenerated_all	CTBP2	0.0	1.0	9	0	0	0	1.0
Endothelial cells	healthy_vs_degenerated_all	SOX6	-0.05555555555555555	0.0594533741905053	18	1	0	1	0.4517463637504048
Endothelial cells	healthy_vs_degenerated_all	HIPK2	-0.125	0.02686251865310096	8	1	0	1	0.37786609572028684
Endothelial cells	healthy_vs_degenerated_all	RORC	0.0	1.0	6	0	0	0	1.0
Endothelial cells	healthy_vs_degenerated_all	PPARD	-0.015625	0.19617483159310112	64	1	0	1	0.7571870024294696
Endothelial cells	healthy_vs_degenerated_all	MECOM	0.0	0.0009971712648628767	14	2	1	1	0.048554570050630845
Endothelial cells	healthy_vs_degenerated_all	SIRT1	-0.023255813953488372	0.13634752305679923	43	1	0	1	0.6209297941260653
Endothelial cells	healthy_vs_degenerated_all	ZBTB7B	0.0	1.0	12	0	0	0	1.0
Endothelial cells	healthy_vs_degenerated_all	ZBTB7A	0.0	1.0	30	0	0	0	1.0
Endothelial cells	healthy_vs_degenerated_all	NR6A1	0.0	1.0	6	0	0	0	1.0
Endothelial cells	healthy_vs_degenerated_all	STAT2	0.03225806451612903	0.1002352803640013	31	1	1	0	0.5565695830737967
Endothelial cells	healthy_vs_degenerated_all	ESRRG	0.06666666666666667	0.04978945045115431	15	1	1	0	0.4517463637504048
Endothelial cells	healthy_vs_degenerated_all	PRDM2	0.0	1.0	8	0	0	0	1.0
Endothelial cells	healthy_vs_degenerated_all	PURA	0.0	1.0	14	0	0	0	1.0
Endothelial cells	healthy_vs_degenerated_all	SALL2	0.0	1.0	5	0	0	0	1.0
Endothelial cells	healthy_vs_degenerated_all	NEUROD6	0.0	1.0	8	0	0	0	1.0
Endothelial cells	healthy_vs_degenerated_all	NEUROG1	0.0	1.0	5	0	0	0	1.0
Endothelial cells	healthy_vs_degenerated_all	NEUROG2	0.0	1.0	10	0	0	0	1.0
Endothelial cells	healthy_vs_degenerated_all	HMGB2	0.0	1.0	6	0	0	0	1.0
Endothelial cells	healthy_vs_degenerated_all	DLX3	0.0	1.0	10	0	0	0	1.0
Endothelial cells	healthy_vs_degenerated_all	TWIST2	0.0	1.0	26	0	0	0	1.0
Endothelial cells	healthy_vs_degenerated_all	TFAP4	0.038461538461538464	0.08475803925829675	26	1	1	0	0.5312063252524936
Endothelial cells	healthy_vs_degenerated_all	KAT6B	0.0	1.0	6	0	0	0	1.0
Endothelial cells	healthy_vs_degenerated_all	SALL3	0.0	1.0	5	0	0	0	1.0
Endothelial cells	healthy_vs_degenerated_all	MXI1	0.0	1.0	8	0	0	0	1.0
Endothelial cells	healthy_vs_degenerated_all	E2F5	0.0	1.0	9	0	0	0	1.0
Endothelial cells	healthy_vs_degenerated_all	E2F2	-0.022222222222222223	0.14222730812424342	45	1	0	1	0.6295796226758468
Endothelial cells	healthy_vs_degenerated_all	FOXD3	0.0	1.0	9	0	0	0	1.0
Endothelial cells	healthy_vs_degenerated_all	POU5F1	0.0	1.0	45	0	0	0	1.0
Endothelial cells	healthy_vs_degenerated_all	PLAGL1	0.0	1.0	14	0	0	0	1.0
Endothelial cells	healthy_vs_degenerated_all	SNAI2	0.06896551724137931	0.00430819798754727	29	2	2	0	0.11856910113554009
Endothelial cells	healthy_vs_degenerated_all	NOTCH1	0.0	1.0	44	0	0	0	1.0
Endothelial cells	healthy_vs_degenerated_all	FOXC2	0.07692307692307693	0.043293157416738795	13	1	1	0	0.4127378319113054
Endothelial cells	healthy_vs_degenerated_all	FOXD1	0.2	0.016872503594812	5	1	1	0	0.31795849930296416
Endothelial cells	healthy_vs_degenerated_all	KLF9	-0.05555555555555555	0.0594533741905053	18	1	0	1	0.4517463637504048
Endothelial cells	healthy_vs_degenerated_all	TBPL2	0.0	1.0	8	0	0	0	1.0
Endothelial cells	healthy_vs_degenerated_all	NFIL3	0.0	1.0	17	0	0	0	1.0
Endothelial cells	healthy_vs_degenerated_all	ZNF384	0.0	1.0	11	0	0	0	1.0
Endothelial cells	healthy_vs_degenerated_all	HOXA11	0.0	1.0	5	0	0	0	1.0
Endothelial cells	healthy_vs_degenerated_all	MEF2D	0.0	1.0	17	0	0	0	1.0
Endothelial cells	healthy_vs_degenerated_all	SMAD5	0.0	1.0	26	0	0	0	1.0
Endothelial cells	healthy_vs_degenerated_all	PBX2	0.0	1.0	5	0	0	0	1.0
Endothelial cells	healthy_vs_degenerated_all	MLXIPL	0.0	1.0	11	0	0	0	1.0
Endothelial cells	healthy_vs_degenerated_all	ZBTB33	0.0	1.0	8	0	0	0	1.0
Endothelial cells	healthy_vs_degenerated_all	ETV2	0.0	1.0	5	0	0	0	1.0
Endothelial cells	healthy_vs_degenerated_all	KLF15	0.0	1.0	15	0	0	0	1.0
Endothelial cells	healthy_vs_degenerated_all	DNMT3A	0.0	1.0	40	0	0	0	1.0
Endothelial cells	healthy_vs_degenerated_all	DNMT3B	0.018867924528301886	0.16535885850992518	53	1	1	0	0.6913971840907484
Endothelial cells	healthy_vs_degenerated_all	OLIG2	0.0	1.0	10	0	0	0	1.0
Endothelial cells	healthy_vs_degenerated_all	MAFG	0.0	1.0	9	0	0	0	1.0
Endothelial cells	healthy_vs_degenerated_all	TEF	0.0	1.0	11	0	0	0	1.0
Endothelial cells	healthy_vs_degenerated_all	HOXD13	0.0	1.0	10	0	0	0	1.0
Endothelial cells	healthy_vs_degenerated_all	ZKSCAN7	0.0	1.0	7	0	0	0	1.0
Endothelial cells	healthy_vs_degenerated_all	BACH1	0.0	1.0	14	0	0	0	1.0
Endothelial cells	healthy_vs_degenerated_all	TEAD4	0.0	1.0	7	0	0	0	1.0
Endothelial cells	healthy_vs_degenerated_all	GCM1	0.0	1.0	5	0	0	0	1.0
Endothelial cells	healthy_vs_degenerated_all	BHLHE41	0.0	1.0	18	0	0	0	1.0
Endothelial cells	healthy_vs_degenerated_all	MTA1	0.025	0.12745414594892113	40	1	1	0	0.6158662166844815
Endothelial cells	healthy_vs_degenerated_all	EHF	0.0	1.0	8	0	0	0	1.0
Endothelial cells	healthy_vs_degenerated_all	TCF7L2	0.013333333333333334	0.22588116084575374	75	1	1	0	0.8266186725413798
Endothelial cells	healthy_vs_degenerated_all	VSX2	0.0	1.0	15	0	0	0	1.0
Endothelial cells	healthy_vs_degenerated_all	TSC22D1	0.0	1.0	7	0	0	0	1.0
Endothelial cells	healthy_vs_degenerated_all	SOX5	-0.09090909090909091	0.03675359763336583	11	1	0	1	0.38775045503200956
Endothelial cells	healthy_vs_degenerated_all	SOX2	0.027777777777777776	0.1154573930863845	36	1	1	0	0.5813371989182571
Endothelial cells	healthy_vs_degenerated_all	NKX3-2	0.0	1.0	6	0	0	0	1.0
Endothelial cells	healthy_vs_degenerated_all	PAX9	0.0	1.0	6	0	0	0	1.0
Endothelial cells	healthy_vs_degenerated_all	TCF21	0.0	1.0	7	0	0	0	1.0
Endothelial cells	healthy_vs_degenerated_all	HIC1	0.0	1.0	18	0	0	0	1.0
Endothelial cells	healthy_vs_degenerated_all	ZEB2	0.058823529411764705	0.05624275551159325	17	1	1	0	0.4517463637504048
Endothelial cells	healthy_vs_degenerated_all	ZNF335	0.0	1.0	5	0	0	0	1.0
Endothelial cells	healthy_vs_degenerated_all	NONO	-0.09090909090909091	0.03675359763336583	11	1	0	1	0.38775045503200956
Endothelial cells	healthy_vs_degenerated_all	CEBPZ	0.0	1.0	13	0	0	0	1.0
Endothelial cells	healthy_vs_degenerated_all	SIX1	0.0	1.0	7	0	0	0	1.0
Endothelial cells	healthy_vs_degenerated_all	NFIX	0.0	1.0	15	0	0	0	1.0
Endothelial cells	healthy_vs_degenerated_all	MNT	0.0	1.0	8	0	0	0	1.0
Endothelial cells	healthy_vs_degenerated_all	HOXA1	-0.05263157894736842	0.06265334962508351	19	1	0	1	0.4611577943334635
Endothelial cells	healthy_vs_degenerated_all	BCL11B	0.0	1.0	18	0	0	0	1.0
Endothelial cells	healthy_vs_degenerated_all	RXRB	0.0	1.0	9	0	0	0	1.0
Endothelial cells	healthy_vs_degenerated_all	E2F6	0.0	1.0	35	0	0	0	1.0
Endothelial cells	healthy_vs_degenerated_all	HOXA13	0.0	1.0	7	0	0	0	1.0
Endothelial cells	healthy_vs_degenerated_all	KAT6A	0.0	1.0	11	0	0	0	1.0
Endothelial cells	healthy_vs_degenerated_all	GFI1	0.030303030303030304	0.10635450999977183	33	1	1	0	0.5754051694859451
Endothelial cells	healthy_vs_degenerated_all	RUNX3	-0.02127659574468085	0.14806808294281038	47	1	0	1	0.6375992959374079
Endothelial cells	healthy_vs_degenerated_all	GLI1	0.01694915254237288	0.06066104410550459	118	2	2	0	0.4517463637504048
Endothelial cells	healthy_vs_degenerated_all	KLF8	-0.0625	0.05302145912308916	16	1	0	1	0.4517463637504048
Endothelial cells	healthy_vs_degenerated_all	HIF3A	0.0	1.0	5	0	0	0	1.0
Endothelial cells	healthy_vs_degenerated_all	BHLHA15	0.0	1.0	5	0	0	0	1.0
Endothelial cells	healthy_vs_degenerated_all	MEOX2	0.0	1.0	6	0	0	0	1.0
Endothelial cells	healthy_vs_degenerated_all	JARID2	0.0	1.0	11	0	0	0	1.0
Endothelial cells	healthy_vs_degenerated_all	NFYC	0.10526315789473684	0.001853816368097126	19	2	2	0	0.06902739770620475
Endothelial cells	healthy_vs_degenerated_all	GFI1B	0.0	1.0	9	0	0	0	1.0
Endothelial cells	healthy_vs_degenerated_all	ASCL2	0.0	1.0	6	0	0	0	1.0
Endothelial cells	healthy_vs_degenerated_all	MSC	-0.06666666666666667	0.04978945045115431	15	1	0	1	0.4517463637504048
Endothelial cells	healthy_vs_degenerated_all	HOXB9	0.0	1.0	5	0	0	0	1.0
Endothelial cells	healthy_vs_degenerated_all	HLX	0.0	1.0	12	0	0	0	1.0
Endothelial cells	healthy_vs_degenerated_all	RCOR2	0.0	1.0	12	0	0	0	1.0
Endothelial cells	healthy_vs_degenerated_all	NKX2-2	0.0	1.0	11	0	0	0	1.0
Endothelial cells	healthy_vs_degenerated_all	ARID4A	0.0	1.0	6	0	0	0	1.0
Endothelial cells	healthy_vs_degenerated_all	HINFP	0.0	1.0	9	0	0	0	1.0
Endothelial cells	healthy_vs_degenerated_all	SMARCC1	0.0	1.0	6	0	0	0	1.0
Endothelial cells	healthy_vs_degenerated_all	KAT2B	0.0	1.0	12	0	0	0	1.0
Endothelial cells	healthy_vs_degenerated_all	HDGF	0.2	0.016872503594812	5	1	1	0	0.31795849930296416
Endothelial cells	healthy_vs_degenerated_all	EP300	0.0	1.0	44	0	0	0	1.0
Endothelial cells	healthy_vs_degenerated_all	TRPS1	0.0	1.0	13	0	0	0	1.0
Endothelial cells	healthy_vs_degenerated_all	CTNNB1	-0.004784688995215311	0.0336232176037978	209	3	1	2	0.38775045503200956
Endothelial cells	healthy_vs_degenerated_all	PML	0.0	1.0	16	0	0	0	1.0
Endothelial cells	healthy_vs_degenerated_all	KLF7	0.0	1.0	8	0	0	0	1.0
Endothelial cells	healthy_vs_degenerated_all	PROP1	0.0	1.0	6	0	0	0	1.0
Endothelial cells	healthy_vs_degenerated_all	LMO2	0.0	1.0	21	0	0	0	1.0
Endothelial cells	healthy_vs_degenerated_all	MEOX1	0.0	1.0	6	0	0	0	1.0
Endothelial cells	healthy_vs_degenerated_all	FOXL2	0.0	1.0	14	0	0	0	1.0
Endothelial cells	healthy_vs_degenerated_all	HTATIP2	0.0	1.0	12	0	0	0	1.0
Endothelial cells	healthy_vs_degenerated_all	EZH2	0.009708737864077669	0.2967528630826919	103	1	1	0	1.0
Endothelial cells	healthy_vs_degenerated_all	GLI2	0.0	1.0	105	0	0	0	1.0
Endothelial cells	healthy_vs_degenerated_all	TCF7	0.0	1.0	14	0	0	0	1.0
Endothelial cells	healthy_vs_degenerated_all	FOXC1	0.0	1.0	11	0	0	0	1.0
Endothelial cells	healthy_vs_degenerated_all	HOXB13	0.0	1.0	8	0	0	0	1.0
Endothelial cells	healthy_vs_degenerated_all	ABL1	0.0	1.0	10	0	0	0	1.0
Endothelial cells	healthy_vs_degenerated_all	TBX3	0.08333333333333333	0.04002880336068044	12	1	1	0	0.39590988323923
Endothelial cells	healthy_vs_degenerated_all	NFKBIZ	0.0	1.0	5	0	0	0	1.0
Endothelial cells	healthy_vs_degenerated_all	PLAGL2	0.0	1.0	5	0	0	0	1.0
Endothelial cells	healthy_vs_degenerated_all	TET1	0.0	1.0	10	0	0	0	1.0
Endothelial cells	healthy_vs_degenerated_all	FOXH1	0.0	1.0	9	0	0	0	1.0
Endothelial cells	healthy_vs_degenerated_all	FOXP3	0.0	1.0	27	0	0	0	1.0
Endothelial cells	healthy_vs_degenerated_all	HOXA2	0.0	1.0	5	0	0	0	1.0
Endothelial cells	healthy_vs_degenerated_all	MLX	0.0	1.0	5	0	0	0	1.0
Endothelial cells	healthy_vs_degenerated_all	CREB3L1	0.0	1.0	7	0	0	0	1.0
Endothelial cells	healthy_vs_degenerated_all	TFDP3	0.0	1.0	5	0	0	0	1.0
Endothelial cells	healthy_vs_degenerated_all	SP7	-0.04	0.08163161055820677	25	1	0	1	0.5219475705388372
Endothelial cells	healthy_vs_degenerated_all	OVOL1	0.0	1.0	8	0	0	0	1.0
Endothelial cells	healthy_vs_degenerated_all	ZNF436	0.0	1.0	5	0	0	0	1.0
Endothelial cells	healthy_vs_degenerated_all	ATF7	0.0	1.0	5	0	0	0	1.0
Endothelial cells	healthy_vs_degenerated_all	SCX	-0.1111111111111111	0.03017049056738049	9	1	0	1	0.38775045503200956
Endothelial cells	healthy_vs_degenerated_all	NANOG	0.0	1.0	33	0	0	0	1.0
Endothelial cells	healthy_vs_degenerated_all	ARX	0.0	1.0	15	0	0	0	1.0
Endothelial cells	healthy_vs_degenerated_all	VHL	0.0	1.0	20	0	0	0	1.0
Endothelial cells	healthy_vs_degenerated_all	SOX4	0.0	1.0	20	0	0	0	1.0
Endothelial cells	healthy_vs_degenerated_all	ATF5	0.0	1.0	22	0	0	0	1.0
Endothelial cells	healthy_vs_degenerated_all	CTCFL	0.0	1.0	6	0	0	0	1.0
Endothelial cells	healthy_vs_degenerated_all	SP6	0.0	1.0	5	0	0	0	1.0
Endothelial cells	healthy_vs_degenerated_all	SMARCA5	0.0	1.0	8	0	0	0	1.0
Endothelial cells	healthy_vs_degenerated_all	EOMES	0.0	1.0	9	0	0	0	1.0
Endothelial cells	healthy_vs_degenerated_all	ESRRB	0.0	1.0	5	0	0	0	1.0
Endothelial cells	healthy_vs_degenerated_all	ZXDC	0.0	1.0	5	0	0	0	1.0
Endothelial cells	healthy_vs_degenerated_all	NR2E1	0.0	1.0	10	0	0	0	1.0
Endothelial cells	healthy_vs_degenerated_all	ZFP42	0.0	1.0	12	0	0	0	1.0
Endothelial cells	healthy_vs_degenerated_all	KMT2B	0.0	1.0	11	0	0	0	1.0
Endothelial cells	healthy_vs_degenerated_all	NFIB	0.0	1.0	14	0	0	0	1.0
Endothelial cells	healthy_vs_degenerated_all	EBF3	0.0	1.0	5	0	0	0	1.0
Endothelial cells	healthy_vs_degenerated_all	EN1	0.0	1.0	5	0	0	0	1.0
Endothelial cells	healthy_vs_degenerated_all	MTA3	0.0	1.0	10	0	0	0	1.0
Endothelial cells	healthy_vs_degenerated_all	TBX18	0.0	1.0	8	0	0	0	1.0
Endothelial cells	healthy_vs_degenerated_all	EGR4	0.0	1.0	11	0	0	0	1.0
Endothelial cells	healthy_vs_degenerated_all	HSF4	0.0	0.00031080075364907155	8	2	1	1	0.024592109632482786
Endothelial cells	healthy_vs_degenerated_all	DLX1	0.0	1.0	5	0	0	0	1.0
Endothelial cells	healthy_vs_degenerated_all	BCLAF1	0.0	1.0	5	0	0	0	1.0
Endothelial cells	healthy_vs_degenerated_all	KDM5C	0.0	1.0	11	0	0	0	1.0
Endothelial cells	healthy_vs_degenerated_all	FOSL2	-0.041666666666666664	0.07849477685806405	24	1	0	1	0.5175749349078599
Endothelial cells	healthy_vs_degenerated_all	MED1	0.0	1.0	9	0	0	0	1.0
Endothelial cells	healthy_vs_degenerated_all	LYL1	0.0	1.0	12	0	0	0	1.0
Endothelial cells	healthy_vs_degenerated_all	HOXD1	0.0	1.0	5	0	0	0	1.0
Endothelial cells	healthy_vs_degenerated_all	SALL4	0.0	1.0	6	0	0	0	1.0
Endothelial cells	healthy_vs_degenerated_all	KDM5B	0.0	1.0	22	0	0	0	1.0
Endothelial cells	healthy_vs_degenerated_all	TADA2A	0.0	1.0	6	0	0	0	1.0
Endothelial cells	healthy_vs_degenerated_all	ARID5B	0.0	1.0	5	0	0	0	1.0
Endothelial cells	healthy_vs_degenerated_all	SATB2	0.0	1.0	18	0	0	0	1.0
Endothelial cells	healthy_vs_degenerated_all	NSD2	0.0	1.0	6	0	0	0	1.0
Endothelial cells	healthy_vs_degenerated_all	PBRM1	0.0	1.0	7	0	0	0	1.0
Endothelial cells	healthy_vs_degenerated_all	ZBTB4	0.0	1.0	13	0	0	0	1.0
Endothelial cells	healthy_vs_degenerated_all	THAP11	0.0	1.0	6	0	0	0	1.0
Endothelial cells	healthy_vs_degenerated_all	FOXJ1	0.0	1.0	9	0	0	0	1.0
Endothelial cells	healthy_vs_degenerated_all	TOX3	0.0	1.0	5	0	0	0	1.0
Endothelial cells	healthy_vs_degenerated_all	PPARGC1A	0.0	1.0	19	0	0	0	1.0
Endothelial cells	healthy_vs_degenerated_all	BATF	0.0	1.0	7	0	0	0	1.0
Endothelial cells	healthy_vs_degenerated_all	ARID3B	0.0	1.0	5	0	0	0	1.0
Endothelial cells	healthy_vs_degenerated_all	ZNF300	0.0	1.0	6	0	0	0	1.0
Endothelial cells	healthy_vs_degenerated_all	NUPR1	0.0	1.0	6	0	0	0	1.0
Endothelial cells	healthy_vs_degenerated_all	ZNF331	0.0	1.0	17	0	0	0	1.0
Endothelial cells	healthy_vs_degenerated_all	ZNF382	0.0	1.0	11	0	0	0	1.0
Endothelial cells	healthy_vs_degenerated_all	HOXD8	0.0	1.0	5	0	0	0	1.0
Endothelial cells	healthy_vs_degenerated_all	LHX8	0.0	1.0	9	0	0	0	1.0
Endothelial cells	healthy_vs_degenerated_all	IRX1	-0.08333333333333333	0.04002880336068044	12	1	0	1	0.39590988323923
Endothelial cells	healthy_vs_degenerated_all	SOX11	0.0	1.0	9	0	0	0	1.0
Endothelial cells	healthy_vs_degenerated_all	IRF6	0.1	0.03346750511304579	10	1	1	0	0.38775045503200956
Endothelial cells	healthy_vs_degenerated_all	E2F7	0.0	1.0	5	0	0	0	1.0
Endothelial cells	healthy_vs_degenerated_all	HEYL	0.0	1.0	5	0	0	0	1.0
Endothelial cells	healthy_vs_degenerated_all	MECP2	0.0	1.0	20	0	0	0	1.0
Endothelial cells	healthy_vs_degenerated_all	MAML1	0.0	1.0	5	0	0	0	1.0
Endothelial cells	healthy_vs_degenerated_all	DOT1L	0.0	1.0	8	0	0	0	1.0
Endothelial cells	healthy_vs_degenerated_all	ARID3A	0.0	1.0	6	0	0	0	1.0
Endothelial cells	healthy_vs_degenerated_all	ARID1A	0.0	1.0	5	0	0	0	1.0
Endothelial cells	healthy_vs_degenerated_all	ZBTB18	0.0	1.0	7	0	0	0	1.0
Endothelial cells	healthy_vs_degenerated_all	TCF15	0.0	1.0	5	0	0	0	1.0
Endothelial cells	healthy_vs_degenerated_all	NPM1	0.0	1.0	11	0	0	0	1.0
Endothelial cells	healthy_vs_degenerated_all	SETBP1	0.0	1.0	5	0	0	0	1.0
Endothelial cells	healthy_vs_degenerated_all	KDM2A	0.0	1.0	8	0	0	0	1.0
Endothelial cells	healthy_vs_degenerated_all	MKX	0.0	1.0	6	0	0	0	1.0
Endothelial cells	healthy_vs_degenerated_all	HDAC3	0.0	1.0	17	0	0	0	1.0
Endothelial cells	healthy_vs_degenerated_all	BTG2	0.0	1.0	6	0	0	0	1.0
Endothelial cells	healthy_vs_degenerated_all	CREB5	0.0	1.0	10	0	0	0	1.0
Endothelial cells	healthy_vs_degenerated_all	CTBP1	0.0	1.0	8	0	0	0	1.0
Endothelial cells	healthy_vs_degenerated_all	HDAC1	0.0	1.0	61	0	0	0	1.0
Endothelial cells	healthy_vs_degenerated_all	HCFC1	0.0	1.0	7	0	0	0	1.0
Endothelial cells	healthy_vs_degenerated_all	ETV7	0.0	1.0	8	0	0	0	1.0
Endothelial cells	healthy_vs_degenerated_all	FHL2	0.0	1.0	6	0	0	0	1.0
Endothelial cells	healthy_vs_degenerated_all	HDAC4	0.0	1.0	16	0	0	0	1.0
Endothelial cells	healthy_vs_degenerated_all	HDAC7	0.0	1.0	10	0	0	0	1.0
Endothelial cells	healthy_vs_degenerated_all	HDAC9	0.0	1.0	15	0	0	0	1.0
Endothelial cells	healthy_vs_degenerated_all	ING4	0.0	1.0	14	0	0	0	1.0
Endothelial cells	healthy_vs_degenerated_all	SIN3A	0.0	1.0	8	0	0	0	1.0
Endothelial cells	healthy_vs_degenerated_all	SMARCA4	0.0	1.0	8	0	0	0	1.0
Endothelial cells	healthy_vs_degenerated_all	TRIM28	0.0	1.0	5	0	0	0	1.0
Endothelial cells	healthy_vs_degenerated_all	WWTR1	0.0	1.0	8	0	0	0	1.0
Endothelial cells	healthy_vs_degenerated_all	PIN1	0.0	1.0	5	0	0	0	1.0
Endothelial cells	healthy_vs_degenerated_all	FGF2	0.0	1.0	8	0	0	0	1.0
Endothelial cells	healthy_vs_degenerated_all	PARK7	0.0	1.0	6	0	0	0	1.0
Endothelial cells	healthy_vs_degenerated_all	YAP1	0.0	1.0	8	0	0	0	1.0
Endothelial cells	healthy_vs_degenerated_all	BCOR	0.0	1.0	5	0	0	0	1.0
Endothelial cells	healthy_vs_degenerated_all	BRD4	0.0	1.0	8	0	0	0	1.0
Endothelial cells	healthy_vs_degenerated_all	SRSF2	0.08333333333333333	0.04002880336068044	12	1	1	0	0.39590988323923
Endothelial cells	healthy_vs_degenerated_all	ZMYND8	0.0	1.0	6	0	0	0	1.0
Endothelial cells	healthy_vs_degenerated_all	ARID4B	0.0	1.0	9	0	0	0	1.0
Endothelial cells	healthy_vs_degenerated_all	AP1	0.0029069767441860465	0.11072807276506903	344	3	2	1	0.5813371989182571
Endothelial cells	healthy_vs_degenerated_all	NFKB	0.00796812749003984	0.0892372289266194	502	4	4	0	0.5413601924477728
Endothelial cells	healthy_vs_degenerated_severe	MYC	0.01002865329512894	0.004490371277279483	698	7	7	0	0.10932326994299665
Endothelial cells	healthy_vs_degenerated_severe	SPI1	-0.005376344086021506	0.4358991501196251	186	1	0	1	1.0
Endothelial cells	healthy_vs_degenerated_severe	SMAD3	0.009009009009009009	0.28861287582536593	111	1	1	0	1.0
Endothelial cells	healthy_vs_degenerated_severe	SMAD4	0.0125	0.21737312755880123	80	1	1	0	0.7907884468087424
Endothelial cells	healthy_vs_degenerated_severe	STAT5A	0.0	0.05858625537970724	129	2	1	1	0.41574126727637656
Endothelial cells	healthy_vs_degenerated_severe	STAT5B	-0.015384615384615385	0.18046010087913592	65	1	0	1	0.6799478800981729
Endothelial cells	healthy_vs_degenerated_severe	RELA	0.008982035928143712	0.0032029552874041356	334	5	4	1	0.08936737935473651
Endothelial cells	healthy_vs_degenerated_severe	WT1	0.0	1.0	100	0	0	0	1.0
Endothelial cells	healthy_vs_degenerated_severe	NR0B2	-0.028985507246376812	0.018640661387465368	69	2	0	2	0.25794862019006093
Endothelial cells	healthy_vs_degenerated_severe	SP1	0.002398081534772182	0.03829376074617725	834	6	4	2	0.33760428293112704
Endothelial cells	healthy_vs_degenerated_severe	TP53	0.001392757660167131	0.00022496401184104306	718	9	5	4	0.02034317421362575
Endothelial cells	healthy_vs_degenerated_severe	ZBTB16	0.02702702702702703	0.1069789183770303	37	1	1	0	0.5016122617234088
Endothelial cells	healthy_vs_degenerated_severe	ETV6	0.0	1.0	19	0	0	0	1.0
Endothelial cells	healthy_vs_degenerated_severe	RUNX1	0.0	1.0	122	0	0	0	1.0
Endothelial cells	healthy_vs_degenerated_severe	STAT1	-0.004761904761904762	0.025694544868862995	210	3	1	2	0.29572085276345955
Endothelial cells	healthy_vs_degenerated_severe	STAT3	0.007272727272727273	0.009404740774593023	275	4	3	1	0.1804000275853753
Endothelial cells	healthy_vs_degenerated_severe	ETV4	0.0	1.0	43	0	0	0	1.0
Endothelial cells	healthy_vs_degenerated_severe	MTF1	-0.04	0.07356305596050819	25	1	0	1	0.44348013736192077
Endothelial cells	healthy_vs_degenerated_severe	CREB1	0.014492753623188406	0.00016499859841062714	276	6	5	1	0.01981698688787797
Endothelial cells	healthy_vs_degenerated_severe	FOXA2	-0.02040816326530612	0.13922272165617755	49	1	0	1	0.5797893605813184
Endothelial cells	healthy_vs_degenerated_severe	NFATC2	0.0	1.0	48	0	0	0	1.0
Endothelial cells	healthy_vs_degenerated_severe	CEBPB	-0.0037593984962406013	0.5603068311717572	266	1	0	1	1.0
Endothelial cells	healthy_vs_degenerated_severe	FOS	0.010101010101010102	0.0029570690703781747	198	4	3	1	0.0891345105499707
Endothelial cells	healthy_vs_degenerated_severe	PLAG1	0.0	1.0	7	0	0	0	1.0
Endothelial cells	healthy_vs_degenerated_severe	E2F1	0.0	0.18755080845111333	260	2	1	1	0.7024832056186671
Endothelial cells	healthy_vs_degenerated_severe	E2F3	-0.016666666666666666	0.16778405697781246	60	1	0	1	0.6556006670799709
Endothelial cells	healthy_vs_degenerated_severe	HBP1	0.0	1.0	32	0	0	0	1.0
Endothelial cells	healthy_vs_degenerated_severe	YY1	0.0	0.08701118837875806	162	2	1	1	0.4589840186979488
Endothelial cells	healthy_vs_degenerated_severe	ESR1	0.004819277108433735	0.036411523078213465	415	4	3	1	0.3292642015501303
Endothelial cells	healthy_vs_degenerated_severe	JUN	0.007614213197969543	0.11739725782315724	394	3	3	0	0.5367069538139112
Endothelial cells	healthy_vs_degenerated_severe	NR1I3	0.0	1.0	29	0	0	0	1.0
Endothelial cells	healthy_vs_degenerated_severe	CEBPG	0.0	1.0	100	0	0	0	1.0
Endothelial cells	healthy_vs_degenerated_severe	MAFK	-0.0625	0.04770719909407423	16	1	0	1	0.3822614813487214
Endothelial cells	healthy_vs_degenerated_severe	NFE2L3	0.0	1.0	5	0	0	0	1.0
Endothelial cells	healthy_vs_degenerated_severe	STAT4	0.0	1.0	14	0	0	0	1.0
Endothelial cells	healthy_vs_degenerated_severe	IRF1	0.010309278350515464	0.25725661928407617	97	1	1	0	0.9200194350667809
Endothelial cells	healthy_vs_degenerated_severe	ATF2	0.0	1.0	81	0	0	0	1.0
Endothelial cells	healthy_vs_degenerated_severe	NR2C2	0.0	1.0	35	0	0	0	1.0
Endothelial cells	healthy_vs_degenerated_severe	IRF3	0.0	1.0	53	0	0	0	1.0
Endothelial cells	healthy_vs_degenerated_severe	TFAP2A	0.010471204188481676	0.0025965225353382203	191	4	3	1	0.08217993824345467
Endothelial cells	healthy_vs_degenerated_severe	HNF1A	0.0	1.0	45	0	0	0	1.0
Endothelial cells	healthy_vs_degenerated_severe	ETS1	0.014925373134328358	0.06264496971713901	134	2	2	0	0.41574126727637656
Endothelial cells	healthy_vs_degenerated_severe	ARNT	0.0	0.008591065487887196	46	2	1	1	0.1699420141822686
Endothelial cells	healthy_vs_degenerated_severe	AHR	0.009523809523809525	0.27533520077618395	105	1	1	0	0.9736714083314214
Endothelial cells	healthy_vs_degenerated_severe	PAX6	0.0	1.0	81	0	0	0	1.0
Endothelial cells	healthy_vs_degenerated_severe	NFYA	0.0273972602739726	0.02072369764505631	73	2	2	0	0.26771633896572744
Endothelial cells	healthy_vs_degenerated_severe	ZNF148	0.0	1.0	21	0	0	0	1.0
Endothelial cells	healthy_vs_degenerated_severe	NFIC	0.0	1.0	48	0	0	0	1.0
Endothelial cells	healthy_vs_degenerated_severe	RBPJ	0.0	1.0	88	0	0	0	1.0
Endothelial cells	healthy_vs_degenerated_severe	HES1	-0.01694915254237288	0.16522609105124908	59	1	0	1	0.6514705703392559
Endothelial cells	healthy_vs_degenerated_severe	GATA4	0.0	1.0	61	0	0	0	1.0
Endothelial cells	healthy_vs_degenerated_severe	GATA6	0.02631578947368421	0.10971010833306004	38	1	1	0	0.506908748721365
Endothelial cells	healthy_vs_degenerated_severe	HNF4A	0.0	1.0	136	0	0	0	1.0
Endothelial cells	healthy_vs_degenerated_severe	RARA	0.009433962264150943	0.27756474261627123	106	1	1	0	0.9761026782005539
Endothelial cells	healthy_vs_degenerated_severe	DBP	0.0	1.0	19	0	0	0	1.0
Endothelial cells	healthy_vs_degenerated_severe	HLF	0.0	1.0	13	0	0	0	1.0
Endothelial cells	healthy_vs_degenerated_severe	PPARG	-0.004608294930875576	0.00047100776461697484	217	5	2	3	0.03726848937531813
Endothelial cells	healthy_vs_degenerated_severe	MAX	-0.02702702702702703	0.1069789183770303	37	1	0	1	0.5016122617234088
Endothelial cells	healthy_vs_degenerated_severe	USF2	0.0	0.01915258317366961	70	2	1	1	0.25794862019006093
Endothelial cells	healthy_vs_degenerated_severe	IRF2	0.0	1.0	35	0	0	0	1.0
Endothelial cells	healthy_vs_degenerated_severe	SP3	0.0	1.0	267	0	0	0	1.0
Endothelial cells	healthy_vs_degenerated_severe	AR	0.008450704225352112	8.108766696333596e-05	355	7	5	2	0.01774015057950366
Endothelial cells	healthy_vs_degenerated_severe	CUX1	0.0	1.0	76	0	0	0	1.0
Endothelial cells	healthy_vs_degenerated_severe	ATF1	0.0	1.0	61	0	0	0	1.0
Endothelial cells	healthy_vs_degenerated_severe	KAT7	0.017543859649122806	0.16008722588890523	57	1	1	0	0.645447222851446
Endothelial cells	healthy_vs_degenerated_severe	CREBZF	0.0	1.0	11	0	0	0	1.0
Endothelial cells	healthy_vs_degenerated_severe	GLI3	0.0	1.0	26	0	0	0	1.0
Endothelial cells	healthy_vs_degenerated_severe	NKX2-5	0.0	1.0	36	0	0	0	1.0
Endothelial cells	healthy_vs_degenerated_severe	TGFB1I1	0.0	1.0	11	0	0	0	1.0
Endothelial cells	healthy_vs_degenerated_severe	RARB	0.0	1.0	33	0	0	0	1.0
Endothelial cells	healthy_vs_degenerated_severe	RARG	-0.045454545454545456	0.06502114606692146	22	1	0	1	0.41574126727637656
Endothelial cells	healthy_vs_degenerated_severe	TEAD1	0.0	1.0	14	0	0	0	1.0
Endothelial cells	healthy_vs_degenerated_severe	PPARA	0.0	0.001358519281952495	160	4	2	2	0.0573295136983953
Endothelial cells	healthy_vs_degenerated_severe	ESR2	0.0	0.06100999956544677	132	2	1	1	0.41574126727637656
Endothelial cells	healthy_vs_degenerated_severe	NR3C1	-0.011976047904191617	0.0916261933691836	167	2	0	2	0.47153967807067654
Endothelial cells	healthy_vs_degenerated_severe	PGR	0.0	0.028729574266876376	87	2	1	1	0.3030970085155458
Endothelial cells	healthy_vs_degenerated_severe	NRG1	0.0	1.0	26	0	0	0	1.0
Endothelial cells	healthy_vs_degenerated_severe	TBP	0.018867924528301886	0.04123330756701354	106	2	2	0	0.3527119417556699
Endothelial cells	healthy_vs_degenerated_severe	REL	0.0	1.0	68	0	0	0	1.0
Endothelial cells	healthy_vs_degenerated_severe	ISL1	0.0	1.0	11	0	0	0	1.0
Endothelial cells	healthy_vs_degenerated_severe	ZBTB14	0.0	1.0	5	0	0	0	1.0
Endothelial cells	healthy_vs_degenerated_severe	MYB	0.0	1.0	116	0	0	0	1.0
Endothelial cells	healthy_vs_degenerated_severe	PITX1	0.0	1.0	18	0	0	0	1.0
Endothelial cells	healthy_vs_degenerated_severe	EGR1	0.008333333333333333	0.16569788597886287	240	2	2	0	0.6514705703392559
Endothelial cells	healthy_vs_degenerated_severe	MYOD1	0.0	1.0	90	0	0	0	1.0
Endothelial cells	healthy_vs_degenerated_severe	ETS2	0.0	0.02019413985733841	72	2	1	1	0.26631021936865024
Endothelial cells	healthy_vs_degenerated_severe	GTF2I	0.0	1.0	18	0	0	0	1.0
Endothelial cells	healthy_vs_degenerated_severe	NR2F1	0.0	1.0	25	0	0	0	1.0
Endothelial cells	healthy_vs_degenerated_severe	ENO1	0.0	1.0	12	0	0	0	1.0
Endothelial cells	healthy_vs_degenerated_severe	JDP2	0.0	1.0	29	0	0	0	1.0
Endothelial cells	healthy_vs_degenerated_severe	MAZ	0.0	1.0	22	0	0	0	1.0
Endothelial cells	healthy_vs_degenerated_severe	NR4A1	0.01694915254237288	0.16522609105124908	59	1	1	0	0.6514705703392559
Endothelial cells	healthy_vs_degenerated_severe	HMGA1	-0.024390243902439025	0.11785508148520324	41	1	0	1	0.5367069538139112
Endothelial cells	healthy_vs_degenerated_severe	NFKB1	0.016129032258064516	0.006576190224004348	248	4	4	0	0.14354235902740525
Endothelial cells	healthy_vs_degenerated_severe	USF1	0.015037593984962405	0.061825590136193265	133	2	2	0	0.41574126727637656
Endothelial cells	healthy_vs_degenerated_severe	DDIT3	0.013888888888888888	0.19789192809479847	72	1	1	0	0.7325473127719733
Endothelial cells	healthy_vs_degenerated_severe	ATF4	0.0	0.028729574266876376	87	2	1	1	0.3030970085155458
Endothelial cells	healthy_vs_degenerated_severe	ATF3	0.013157894736842105	0.20769069020802525	76	1	1	0	0.7599318318016184
Endothelial cells	healthy_vs_degenerated_severe	TAF1	0.02857142857142857	0.10149209938320217	35	1	1	0	0.49801937139199204
Endothelial cells	healthy_vs_degenerated_severe	RUNX2	-0.024096385542168676	0.0001121020573744307	83	4	1	3	0.01774015057950366
Endothelial cells	healthy_vs_degenerated_severe	TFAP2B	0.0	1.0	13	0	0	0	1.0
Endothelial cells	healthy_vs_degenerated_severe	CREM	0.0	1.0	46	0	0	0	1.0
Endothelial cells	healthy_vs_degenerated_severe	IRF8	0.0	1.0	44	0	0	0	1.0
Endothelial cells	healthy_vs_degenerated_severe	ETV5	0.0	1.0	8	0	0	0	1.0
Endothelial cells	healthy_vs_degenerated_severe	DMTF1	0.0	1.0	14	0	0	0	1.0
Endothelial cells	healthy_vs_degenerated_severe	NR5A1	0.0	1.0	48	0	0	0	1.0
Endothelial cells	healthy_vs_degenerated_severe	NEUROD2	0.0	1.0	8	0	0	0	1.0
Endothelial cells	healthy_vs_degenerated_severe	NEUROD1	0.0	1.0	29	0	0	0	1.0
Endothelial cells	healthy_vs_degenerated_severe	HHEX	0.0	1.0	17	0	0	0	1.0
Endothelial cells	healthy_vs_degenerated_severe	FOXO3	0.012738853503184714	0.08247109235062092	157	2	2	0	0.4550863743098079
Endothelial cells	healthy_vs_degenerated_severe	MBD1	0.0	1.0	11	0	0	0	1.0
Endothelial cells	healthy_vs_degenerated_severe	CEBPD	0.0	1.0	54	0	0	0	1.0
Endothelial cells	healthy_vs_degenerated_severe	ELK1	0.045454545454545456	0.007882273178450196	44	2	2	0	0.16095093296641852
Endothelial cells	healthy_vs_degenerated_severe	FLI1	0.015625	0.1779399904882353	64	1	1	0	0.6799478800981729
Endothelial cells	healthy_vs_degenerated_severe	ELK4	0.0	1.0	6	0	0	0	1.0
Endothelial cells	healthy_vs_degenerated_severe	PREB	0.0	1.0	9	0	0	0	1.0
Endothelial cells	healthy_vs_degenerated_severe	POU1F1	-0.034482758620689655	0.08483442680656766	29	1	0	1	0.4550863743098079
Endothelial cells	healthy_vs_degenerated_severe	PAX5	0.0	1.0	38	0	0	0	1.0
Endothelial cells	healthy_vs_degenerated_severe	CEBPA	0.016260162601626018	0.05384506554117357	123	2	2	0	0.4009873704419161
Endothelial cells	healthy_vs_degenerated_severe	LITAF	0.0	1.0	20	0	0	0	1.0
Endothelial cells	healthy_vs_degenerated_severe	STAT6	0.0	1.0	64	0	0	0	1.0
Endothelial cells	healthy_vs_degenerated_severe	HIF1A	0.00949367088607595	0.0025210598378665318	316	5	4	1	0.08217993824345467
Endothelial cells	healthy_vs_degenerated_severe	TP73	-0.00980392156862745	0.0036252213956882253	102	3	1	2	0.09425531178974592
Endothelial cells	healthy_vs_degenerated_severe	KLF11	0.0	1.0	17	0	0	0	1.0
Endothelial cells	healthy_vs_degenerated_severe	TCF4	0.0	1.0	35	0	0	0	1.0
Endothelial cells	healthy_vs_degenerated_severe	HIVEP2	0.0	1.0	8	0	0	0	1.0
Endothelial cells	healthy_vs_degenerated_severe	E2F4	0.006666666666666667	0.3693335355633992	150	1	1	0	1.0
Endothelial cells	healthy_vs_degenerated_severe	GATA5	0.0	1.0	8	0	0	0	1.0
Endothelial cells	healthy_vs_degenerated_severe	SRF	-0.015873015873015872	0.17541235275363884	63	1	0	1	0.6770488981283743
Endothelial cells	healthy_vs_degenerated_severe	ELF1	0.0	1.0	47	0	0	0	1.0
Endothelial cells	healthy_vs_degenerated_severe	GATA3	0.0	1.0	107	0	0	0	1.0
Endothelial cells	healthy_vs_degenerated_severe	MSX1	0.0	1.0	14	0	0	0	1.0
Endothelial cells	healthy_vs_degenerated_severe	OTX2	0.0	1.0	17	0	0	0	1.0
Endothelial cells	healthy_vs_degenerated_severe	LHX2	0.0	1.0	17	0	0	0	1.0
Endothelial cells	healthy_vs_degenerated_severe	GABPA	0.0	1.0	25	0	0	0	1.0
Endothelial cells	healthy_vs_degenerated_severe	HSF2	0.1	0.00165731397079513	20	2	2	0	0.05828220797296207
Endothelial cells	healthy_vs_degenerated_severe	VDR	-0.011904761904761904	0.2269405809346818	84	1	0	1	0.8208765013237347
Endothelial cells	healthy_vs_degenerated_severe	HOXC8	0.0	1.0	12	0	0	0	1.0
Endothelial cells	healthy_vs_degenerated_severe	HR	0.0	1.0	53	0	0	0	1.0
Endothelial cells	healthy_vs_degenerated_severe	RELB	0.0	1.0	33	0	0	0	1.0
Endothelial cells	healthy_vs_degenerated_severe	CEBPE	0.0	1.0	18	0	0	0	1.0
Endothelial cells	healthy_vs_degenerated_severe	NR0B1	0.0	1.0	22	0	0	0	1.0
Endothelial cells	healthy_vs_degenerated_severe	LEF1	0.0	1.0	57	0	0	0	1.0
Endothelial cells	healthy_vs_degenerated_severe	ID1	0.018518518518518517	0.1523212620093047	54	1	1	0	0.6180728131531402
Endothelial cells	healthy_vs_degenerated_severe	ZNF143	0.045454545454545456	0.06502114606692146	22	1	1	0	0.41574126727637656
Endothelial cells	healthy_vs_degenerated_severe	SOX9	-0.01694915254237288	0.16522609105124908	59	1	0	1	0.6514705703392559
Endothelial cells	healthy_vs_degenerated_severe	YBX1	-0.02857142857142857	0.01915258317366961	70	2	0	2	0.25794862019006093
Endothelial cells	healthy_vs_degenerated_severe	HSF1	0.07042253521126761	2.203569751683977e-06	71	5	5	0	0.0013948596528159574
Endothelial cells	healthy_vs_degenerated_severe	POU4F1	0.0	1.0	17	0	0	0	1.0
Endothelial cells	healthy_vs_degenerated_severe	NOTO	0.0	1.0	5	0	0	0	1.0
Endothelial cells	healthy_vs_degenerated_severe	HNF1B	0.0	1.0	20	0	0	0	1.0
Endothelial cells	healthy_vs_degenerated_severe	PAX3	0.0	1.0	63	0	0	0	1.0
Endothelial cells	healthy_vs_degenerated_severe	ID2	0.023255813953488372	0.12324479955304891	43	1	1	0	0.5455521546648948
Endothelial cells	healthy_vs_degenerated_severe	MEF2A	0.0	1.0	61	0	0	0	1.0
Endothelial cells	healthy_vs_degenerated_severe	PDX1	0.0	1.0	46	0	0	0	1.0
Endothelial cells	healthy_vs_degenerated_severe	NR2F2	0.0	1.0	36	0	0	0	1.0
Endothelial cells	healthy_vs_degenerated_severe	NR1H4	0.0	1.0	72	0	0	0	1.0
Endothelial cells	healthy_vs_degenerated_severe	ASCL1	-0.029411764705882353	0.09873642320710795	34	1	0	1	0.488282467891401
Endothelial cells	healthy_vs_degenerated_severe	RFX1	0.0	1.0	18	0	0	0	1.0
Endothelial cells	healthy_vs_degenerated_severe	CRX	0.09090909090909091	0.03304134458744841	11	1	1	0	0.3168965321796189
Endothelial cells	healthy_vs_degenerated_severe	NRL	0.0	1.0	10	0	0	0	1.0
Endothelial cells	healthy_vs_degenerated_severe	UBTF	0.0	1.0	9	0	0	0	1.0
Endothelial cells	healthy_vs_degenerated_severe	MYBL2	0.022727272727272728	0.12592764900362097	44	1	1	0	0.5497393228916694
Endothelial cells	healthy_vs_degenerated_severe	ELF2	0.0	1.0	7	0	0	0	1.0
Endothelial cells	healthy_vs_degenerated_severe	JUND	0.01694915254237288	0.0007506427496352563	59	3	2	1	0.04235465478804351
Endothelial cells	healthy_vs_degenerated_severe	TP63	-0.013513513513513514	0.07449804891249243	148	2	0	2	0.4448798581283746
Endothelial cells	healthy_vs_degenerated_severe	NFKBIB	0.0	1.0	15	0	0	0	1.0
Endothelial cells	healthy_vs_degenerated_severe	HOXC6	-0.1	0.030081957306979806	10	1	0	1	0.31216195041505274
Endothelial cells	healthy_vs_degenerated_severe	FOXO1	0.0	0.10881242626096398	185	2	1	1	0.5064578369352221
Endothelial cells	healthy_vs_degenerated_severe	PITX2	0.015384615384615385	0.18046010087913592	65	1	1	0	0.6799478800981729
Endothelial cells	healthy_vs_degenerated_severe	NR5A2	0.0	1.0	27	0	0	0	1.0
Endothelial cells	healthy_vs_degenerated_severe	POU2F1	0.0	1.0	50	0	0	0	1.0
Endothelial cells	healthy_vs_degenerated_severe	XBP1	0.023809523809523808	0.12055395142821176	42	1	1	0	0.541210292581972
Endothelial cells	healthy_vs_degenerated_severe	SREBF1	0.0	0.028729574266876376	87	2	1	1	0.3030970085155458
Endothelial cells	healthy_vs_degenerated_severe	TCF3	0.0	1.0	68	0	0	0	1.0
Endothelial cells	healthy_vs_degenerated_severe	LRRFIP1	-0.125	0.024136764297064843	8	1	0	1	0.2829365148155934
Endothelial cells	healthy_vs_degenerated_severe	TCF12	0.0	1.0	30	0	0	0	1.0
Endothelial cells	healthy_vs_degenerated_severe	E4F1	0.0	1.0	8	0	0	0	1.0
Endothelial cells	healthy_vs_degenerated_severe	HOXB1	0.0	1.0	5	0	0	0	1.0
Endothelial cells	healthy_vs_degenerated_severe	BRCA1	0.0	1.0	50	0	0	0	1.0
Endothelial cells	healthy_vs_degenerated_severe	ZNF362	0.0	1.0	12	0	0	0	1.0
Endothelial cells	healthy_vs_degenerated_severe	NRF1	0.0	1.0	64	0	0	0	1.0
Endothelial cells	healthy_vs_degenerated_severe	GATA1	0.013333333333333334	0.20525195783244526	75	1	1	0	0.755374937836848
Endothelial cells	healthy_vs_degenerated_severe	MYCN	0.0	1.0	102	0	0	0	1.0
Endothelial cells	healthy_vs_degenerated_severe	PKNOX1	0.0	1.0	10	0	0	0	1.0
Endothelial cells	healthy_vs_degenerated_severe	NR4A3	0.0	1.0	16	0	0	0	1.0
Endothelial cells	healthy_vs_degenerated_severe	SSRP1	0.011627906976744186	0.23168160352454398	86	1	1	0	0.8332639490399792
Endothelial cells	healthy_vs_degenerated_severe	ZNF91	0.0	1.0	27	0	0	0	1.0
Endothelial cells	healthy_vs_degenerated_severe	NR2C1	0.0	1.0	10	0	0	0	1.0
Endothelial cells	healthy_vs_degenerated_severe	ID3	0.0	1.0	24	0	0	0	1.0
Endothelial cells	healthy_vs_degenerated_severe	ERF	0.0	1.0	13	0	0	0	1.0
Endothelial cells	healthy_vs_degenerated_severe	ZNF354C	0.0	1.0	18	0	0	0	1.0
Endothelial cells	healthy_vs_degenerated_severe	HMGA2	0.0	1.0	28	0	0	0	1.0
Endothelial cells	healthy_vs_degenerated_severe	POU2F2	0.0	1.0	17	0	0	0	1.0
Endothelial cells	healthy_vs_degenerated_severe	SREBF2	0.02127659574468085	0.13392843577853403	47	1	1	0	0.561435098329881
Endothelial cells	healthy_vs_degenerated_severe	ELF4	0.0	1.0	33	0	0	0	1.0
Endothelial cells	healthy_vs_degenerated_severe	TTF1	0.0	1.0	31	0	0	0	1.0
Endothelial cells	healthy_vs_degenerated_severe	DLX4	0.0	1.0	24	0	0	0	1.0
Endothelial cells	healthy_vs_degenerated_severe	NR1I2	0.006622516556291391	0.3712815830662921	151	1	1	0	1.0
Endothelial cells	healthy_vs_degenerated_severe	NR1H3	0.0	1.0	76	0	0	0	1.0
Endothelial cells	healthy_vs_degenerated_severe	MITF	0.015384615384615385	0.18046010087913592	65	1	1	0	0.6799478800981729
Endothelial cells	healthy_vs_degenerated_severe	NCOA1	0.0	0.010482994333393413	51	2	1	1	0.1951686886187656
Endothelial cells	healthy_vs_degenerated_severe	NCOR1	0.0	1.0	60	0	0	0	1.0
Endothelial cells	healthy_vs_degenerated_severe	FOSL1	0.0	1.0	35	0	0	0	1.0
Endothelial cells	healthy_vs_degenerated_severe	JUNB	0.03508771929824561	0.012973443241702857	57	2	2	0	0.2281163769999419
Endothelial cells	healthy_vs_degenerated_severe	MTF2	0.0	1.0	5	0	0	0	1.0
Endothelial cells	healthy_vs_degenerated_severe	DNMT1	0.0	1.0	120	0	0	0	1.0
Endothelial cells	healthy_vs_degenerated_severe	KLF5	0.0	0.012973443241702857	57	2	1	1	0.2281163769999419
Endothelial cells	healthy_vs_degenerated_severe	NR3C2	0.02702702702702703	0.1069789183770303	37	1	1	0	0.5016122617234088
Endothelial cells	healthy_vs_degenerated_severe	MYRF	0.0	1.0	6	0	0	0	1.0
Endothelial cells	healthy_vs_degenerated_severe	EBF1	0.0	1.0	14	0	0	0	1.0
Endothelial cells	healthy_vs_degenerated_severe	CREBBP	0.0	1.0	25	0	0	0	1.0
Endothelial cells	healthy_vs_degenerated_severe	ZFPM1	0.0	1.0	10	0	0	0	1.0
Endothelial cells	healthy_vs_degenerated_severe	APEX1	-0.034482758620689655	0.08483442680656766	29	1	0	1	0.4550863743098079
Endothelial cells	healthy_vs_degenerated_severe	TFAM	0.0	1.0	11	0	0	0	1.0
Endothelial cells	healthy_vs_degenerated_severe	IRF4	0.0	1.0	32	0	0	0	1.0
Endothelial cells	healthy_vs_degenerated_severe	ZBED1	0.0625	0.04770719909407423	16	1	1	0	0.3822614813487214
Endothelial cells	healthy_vs_degenerated_severe	NCOA2	0.023809523809523808	0.12055395142821176	42	1	1	0	0.541210292581972
Endothelial cells	healthy_vs_degenerated_severe	FOXA1	0.06666666666666667	0.0037225636567830137	30	2	2	0	0.09425531178974592
Endothelial cells	healthy_vs_degenerated_severe	NR4A2	0.0	1.0	30	0	0	0	1.0
Endothelial cells	healthy_vs_degenerated_severe	KLF1	0.0	1.0	19	0	0	0	1.0
Endothelial cells	healthy_vs_degenerated_severe	LHX3	0.0	1.0	5	0	0	0	1.0
Endothelial cells	healthy_vs_degenerated_severe	CTCF	0.02040816326530612	0.0357515439563742	98	2	2	0	0.3292642015501303
Endothelial cells	healthy_vs_degenerated_severe	BCL6	0.0	1.0	52	0	0	0	1.0
Endothelial cells	healthy_vs_degenerated_severe	RB1	0.0	1.0	31	0	0	0	1.0
Endothelial cells	healthy_vs_degenerated_severe	TFCP2	0.0	1.0	43	0	0	0	1.0
Endothelial cells	healthy_vs_degenerated_severe	REST	0.0	1.0	23	0	0	0	1.0
Endothelial cells	healthy_vs_degenerated_severe	ESRRA	-0.034482758620689655	0.08483442680656766	29	1	0	1	0.4550863743098079
Endothelial cells	healthy_vs_degenerated_severe	HOXD3	0.0	1.0	5	0	0	0	1.0
Endothelial cells	healthy_vs_degenerated_severe	IRF9	0.0	1.0	13	0	0	0	1.0
Endothelial cells	healthy_vs_degenerated_severe	TFE3	0.03571428571428571	0.08202913734591165	28	1	1	0	0.4550863743098079
Endothelial cells	healthy_vs_degenerated_severe	ZNF236	0.0	1.0	7	0	0	0	1.0
Endothelial cells	healthy_vs_degenerated_severe	TFAP2C	0.0	1.0	16	0	0	0	1.0
Endothelial cells	healthy_vs_degenerated_severe	PAX8	0.058823529411764705	0.050614329319255885	17	1	1	0	0.4004858807386122
Endothelial cells	healthy_vs_degenerated_severe	NKX2-1	0.0	1.0	30	0	0	0	1.0
Endothelial cells	healthy_vs_degenerated_severe	PBX1	0.03571428571428571	0.08202913734591165	28	1	1	0	0.4550863743098079
Endothelial cells	healthy_vs_degenerated_severe	SP4	0.0	1.0	33	0	0	0	1.0
Endothelial cells	healthy_vs_degenerated_severe	CIITA	0.0	1.0	23	0	0	0	1.0
Endothelial cells	healthy_vs_degenerated_severe	CDX2	0.0	1.0	31	0	0	0	1.0
Endothelial cells	healthy_vs_degenerated_severe	ELF3	0.0	1.0	16	0	0	0	1.0
Endothelial cells	healthy_vs_degenerated_severe	ZEB1	-0.030303030303030304	0.09597253770918882	33	1	0	1	0.47835130999934267
Endothelial cells	healthy_vs_degenerated_severe	EGR3	0.0	1.0	20	0	0	0	1.0
Endothelial cells	healthy_vs_degenerated_severe	EWSR1	0.0	1.0	44	0	0	0	1.0
Endothelial cells	healthy_vs_degenerated_severe	NAB2	0.0	1.0	6	0	0	0	1.0
Endothelial cells	healthy_vs_degenerated_severe	DEAF1	0.0	1.0	7	0	0	0	1.0
Endothelial cells	healthy_vs_degenerated_severe	TBPL1	0.0	1.0	26	0	0	0	1.0
Endothelial cells	healthy_vs_degenerated_severe	MEF2C	-0.027777777777777776	0.10423958990579421	36	1	0	1	0.5016122617234088
Endothelial cells	healthy_vs_degenerated_severe	POU4F2	0.0	1.0	16	0	0	0	1.0
Endothelial cells	healthy_vs_degenerated_severe	TAL1	0.0	1.0	66	0	0	0	1.0
Endothelial cells	healthy_vs_degenerated_severe	EPAS1	0.016129032258064516	0.17287716585504237	62	1	1	0	0.6713573373389068
Endothelial cells	healthy_vs_degenerated_severe	SMARCA1	0.0	0.005043433219902452	35	2	1	1	0.11824048993326859
Endothelial cells	healthy_vs_degenerated_severe	NFATC4	0.0	1.0	28	0	0	0	1.0
Endothelial cells	healthy_vs_degenerated_severe	FOXM1	0.0	1.0	62	0	0	0	1.0
Endothelial cells	healthy_vs_degenerated_severe	MYF5	0.0	1.0	12	0	0	0	1.0
Endothelial cells	healthy_vs_degenerated_severe	MYOG	0.0	1.0	33	0	0	0	1.0
Endothelial cells	healthy_vs_degenerated_severe	SMAD7	-0.045454545454545456	0.007882273178450196	44	2	0	2	0.16095093296641852
Endothelial cells	healthy_vs_degenerated_severe	SOX10	0.0	1.0	18	0	0	0	1.0
Endothelial cells	healthy_vs_degenerated_severe	POU3F1	0.0	1.0	7	0	0	0	1.0
Endothelial cells	healthy_vs_degenerated_severe	NKRF	0.0	1.0	7	0	0	0	1.0
Endothelial cells	healthy_vs_degenerated_severe	ATF6	0.0	1.0	41	0	0	0	1.0
Endothelial cells	healthy_vs_degenerated_severe	NKX6-1	0.0	1.0	6	0	0	0	1.0
Endothelial cells	healthy_vs_degenerated_severe	ERG	0.02702702702702703	0.1069789183770303	37	1	1	0	0.5016122617234088
Endothelial cells	healthy_vs_degenerated_severe	PITX3	0.0	1.0	10	0	0	0	1.0
Endothelial cells	healthy_vs_degenerated_severe	HOXB2	0.0	1.0	5	0	0	0	1.0
Endothelial cells	healthy_vs_degenerated_severe	SATB1	0.0	1.0	27	0	0	0	1.0
Endothelial cells	healthy_vs_degenerated_severe	NFKB2	0.0	1.0	43	0	0	0	1.0
Endothelial cells	healthy_vs_degenerated_severe	RORA	-0.027777777777777776	0.10423958990579421	36	1	0	1	0.5016122617234088
Endothelial cells	healthy_vs_degenerated_severe	PROX1	0.0	1.0	15	0	0	0	1.0
Endothelial cells	healthy_vs_degenerated_severe	KLF3	0.0	1.0	6	0	0	0	1.0
Endothelial cells	healthy_vs_degenerated_severe	PEG3	0.0	1.0	6	0	0	0	1.0
Endothelial cells	healthy_vs_degenerated_severe	NR2E3	-0.16666666666666666	0.018156177117383578	6	1	0	1	0.25794862019006093
Endothelial cells	healthy_vs_degenerated_severe	NCOR2	0.0	1.0	42	0	0	0	1.0
Endothelial cells	healthy_vs_degenerated_severe	NCOA3	0.018518518518518517	0.1523212620093047	54	1	1	0	0.6180728131531402
Endothelial cells	healthy_vs_degenerated_severe	ZFHX3	0.0	1.0	5	0	0	0	1.0
Endothelial cells	healthy_vs_degenerated_severe	SMAD1	-0.021739130434782608	0.13126944413399433	46	1	0	1	0.561435098329881
Endothelial cells	healthy_vs_degenerated_severe	SPDEF	0.0	1.0	8	0	0	0	1.0
Endothelial cells	healthy_vs_degenerated_severe	PAX2	0.0	1.0	10	0	0	0	1.0
Endothelial cells	healthy_vs_degenerated_severe	KLF13	0.0	1.0	9	0	0	0	1.0
Endothelial cells	healthy_vs_degenerated_severe	GTF2IRD1	0.0	1.0	5	0	0	0	1.0
Endothelial cells	healthy_vs_degenerated_severe	MAFB	-0.037037037037037035	0.07921549515369757	27	1	0	1	0.4550863743098079
Endothelial cells	healthy_vs_degenerated_severe	ELK3	0.0	0.0013396892237357463	18	2	1	1	0.0573295136983953
Endothelial cells	healthy_vs_degenerated_severe	KLF6	0.0	1.0	39	0	0	0	1.0
Endothelial cells	healthy_vs_degenerated_severe	SNAI1	0.0	0.01915258317366961	70	2	1	1	0.25794862019006093
Endothelial cells	healthy_vs_degenerated_severe	HESX1	0.0	1.0	14	0	0	0	1.0
Endothelial cells	healthy_vs_degenerated_severe	BACH2	-0.16666666666666666	0.018156177117383578	6	1	0	1	0.25794862019006093
Endothelial cells	healthy_vs_degenerated_severe	PATZ1	0.0	1.0	8	0	0	0	1.0
Endothelial cells	healthy_vs_degenerated_severe	ZHX2	0.0	1.0	7	0	0	0	1.0
Endothelial cells	healthy_vs_degenerated_severe	ONECUT1	0.15384615384615385	0.0006895462886079816	13	2	2	0	0.04235465478804351
Endothelial cells	healthy_vs_degenerated_severe	RXRA	0.018518518518518517	0.1523212620093047	54	1	1	0	0.6180728131531402
Endothelial cells	healthy_vs_degenerated_severe	NR1H2	0.0	1.0	31	0	0	0	1.0
Endothelial cells	healthy_vs_degenerated_severe	KAT5	0.0	1.0	41	0	0	0	1.0
Endothelial cells	healthy_vs_degenerated_severe	YBX3	0.0	1.0	21	0	0	0	1.0
Endothelial cells	healthy_vs_degenerated_severe	SMAD6	0.05555555555555555	0.053512837560168815	18	1	1	0	0.4009873704419161
Endothelial cells	healthy_vs_degenerated_severe	MYBL1	0.0	1.0	9	0	0	0	1.0
Endothelial cells	healthy_vs_degenerated_severe	CDX1	0.0	1.0	20	0	0	0	1.0
Endothelial cells	healthy_vs_degenerated_severe	TFDP1	0.034482758620689655	0.08483442680656766	29	1	1	0	0.4550863743098079
Endothelial cells	healthy_vs_degenerated_severe	KLF12	0.0	1.0	5	0	0	0	1.0
Endothelial cells	healthy_vs_degenerated_severe	KMT2A	0.0	1.0	57	0	0	0	1.0
Endothelial cells	healthy_vs_degenerated_severe	GATA2	0.0	1.0	44	0	0	0	1.0
Endothelial cells	healthy_vs_degenerated_severe	PRDM1	0.0	1.0	35	0	0	0	1.0
Endothelial cells	healthy_vs_degenerated_severe	MXD1	0.0	1.0	17	0	0	0	1.0
Endothelial cells	healthy_vs_degenerated_severe	CLOCK	0.02127659574468085	0.13392843577853403	47	1	1	0	0.561435098329881
Endothelial cells	healthy_vs_degenerated_severe	BHLHE40	0.0	1.0	27	0	0	0	1.0
Endothelial cells	healthy_vs_degenerated_severe	SRY	0.05	0.05928408730471475	20	1	1	0	0.41574126727637656
Endothelial cells	healthy_vs_degenerated_severe	MAF	0.03571428571428571	0.08202913734591165	28	1	1	0	0.4550863743098079
Endothelial cells	healthy_vs_degenerated_severe	AIRE	0.0	1.0	11	0	0	0	1.0
Endothelial cells	healthy_vs_degenerated_severe	ZGPAT	0.0	1.0	5	0	0	0	1.0
Endothelial cells	healthy_vs_degenerated_severe	ETV1	0.0	1.0	14	0	0	0	1.0
Endothelial cells	healthy_vs_degenerated_severe	KLF4	0.013157894736842105	0.0015667652255340054	76	3	2	1	0.05828220797296207
Endothelial cells	healthy_vs_degenerated_severe	EGR2	0.0	1.0	48	0	0	0	1.0
Endothelial cells	healthy_vs_degenerated_severe	NEUROG3	0.0	1.0	11	0	0	0	1.0
Endothelial cells	healthy_vs_degenerated_severe	CXXC1	0.0	1.0	13	0	0	0	1.0
Endothelial cells	healthy_vs_degenerated_severe	TBX21	0.0	1.0	20	0	0	0	1.0
Endothelial cells	healthy_vs_degenerated_severe	HOXA10	-0.030303030303030304	0.09597253770918882	33	1	0	1	0.47835130999934267
Endothelial cells	healthy_vs_degenerated_severe	LMX1B	0.0	1.0	13	0	0	0	1.0
Endothelial cells	healthy_vs_degenerated_severe	TBX2	0.0	1.0	20	0	0	0	1.0
Endothelial cells	healthy_vs_degenerated_severe	ZNF699	0.03225806451612903	0.09042004374262586	31	1	1	0	0.46914662040231286
Endothelial cells	healthy_vs_degenerated_severe	RFX5	0.0	1.0	16	0	0	0	1.0
Endothelial cells	healthy_vs_degenerated_severe	RFXANK	0.0	1.0	11	0	0	0	1.0
Endothelial cells	healthy_vs_degenerated_severe	RFXAP	0.0	1.0	10	0	0	0	1.0
Endothelial cells	healthy_vs_degenerated_severe	BARX2	0.0	1.0	11	0	0	0	1.0
Endothelial cells	healthy_vs_degenerated_severe	FOXO4	0.047619047619047616	0.06215687824305652	21	1	1	0	0.41574126727637656
Endothelial cells	healthy_vs_degenerated_severe	DLX5	-0.043478260869565216	0.06787691532145135	23	1	0	1	0.42966087398478703
Endothelial cells	healthy_vs_degenerated_severe	ID4	0.0	1.0	9	0	0	0	1.0
Endothelial cells	healthy_vs_degenerated_severe	SPIB	0.0	1.0	9	0	0	0	1.0
Endothelial cells	healthy_vs_degenerated_severe	FOXN1	-0.030303030303030304	0.09597253770918882	33	1	0	1	0.47835130999934267
Endothelial cells	healthy_vs_degenerated_severe	TBX5	0.0	1.0	12	0	0	0	1.0
Endothelial cells	healthy_vs_degenerated_severe	TLX1	0.0	1.0	6	0	0	0	1.0
Endothelial cells	healthy_vs_degenerated_severe	HIVEP1	0.0	1.0	8	0	0	0	1.0
Endothelial cells	healthy_vs_degenerated_severe	SMAD2	0.0	0.014306101384013082	60	2	1	1	0.24475032908325084
Endothelial cells	healthy_vs_degenerated_severe	NKX3-1	0.0	1.0	53	0	0	0	1.0
Endothelial cells	healthy_vs_degenerated_severe	HAND1	0.0	1.0	5	0	0	0	1.0
Endothelial cells	healthy_vs_degenerated_severe	HAND2	0.05	0.05928408730471475	20	1	1	0	0.41574126727637656
Endothelial cells	healthy_vs_degenerated_severe	PAX7	0.0	1.0	9	0	0	0	1.0
Endothelial cells	healthy_vs_degenerated_severe	SFPQ	-0.047619047619047616	0.06215687824305652	21	1	0	1	0.41574126727637656
Endothelial cells	healthy_vs_degenerated_severe	BMAL1	0.022727272727272728	0.12592764900362097	44	1	1	0	0.5497393228916694
Endothelial cells	healthy_vs_degenerated_severe	SKIL	0.0	0.0009246879619895347	15	2	1	1	0.04502519076456735
Endothelial cells	healthy_vs_degenerated_severe	TBXT	0.0	1.0	7	0	0	0	1.0
Endothelial cells	healthy_vs_degenerated_severe	MSX2	-0.04	0.07356305596050819	25	1	0	1	0.44348013736192077
Endothelial cells	healthy_vs_degenerated_severe	MZF1	0.0	1.0	14	0	0	0	1.0
Endothelial cells	healthy_vs_degenerated_severe	HOXA5	0.0	1.0	9	0	0	0	1.0
Endothelial cells	healthy_vs_degenerated_severe	HOXB4	0.0	1.0	6	0	0	0	1.0
Endothelial cells	healthy_vs_degenerated_severe	CREB3	0.0	1.0	9	0	0	0	1.0
Endothelial cells	healthy_vs_degenerated_severe	NFE2	0.0	1.0	12	0	0	0	1.0
Endothelial cells	healthy_vs_degenerated_severe	ZNF76	0.0	1.0	6	0	0	0	1.0
Endothelial cells	healthy_vs_degenerated_severe	FOXQ1	-0.09090909090909091	0.03304134458744841	11	1	0	1	0.3168965321796189
Endothelial cells	healthy_vs_degenerated_severe	ZGLP1	0.0	1.0	10	0	0	0	1.0
Endothelial cells	healthy_vs_degenerated_severe	NFYB	0.0967741935483871	0.00011003634856625113	31	3	3	0	0.01774015057950366
Endothelial cells	healthy_vs_degenerated_severe	ETV3	0.0	1.0	10	0	0	0	1.0
Endothelial cells	healthy_vs_degenerated_severe	GSC	0.0	1.0	5	0	0	0	1.0
Endothelial cells	healthy_vs_degenerated_severe	IRF7	0.0	1.0	8	0	0	0	1.0
Endothelial cells	healthy_vs_degenerated_severe	NFATC3	0.0	1.0	18	0	0	0	1.0
Endothelial cells	healthy_vs_degenerated_severe	KDM5A	0.07692307692307693	0.03893382725746015	13	1	1	0	0.33760428293112704
Endothelial cells	healthy_vs_degenerated_severe	GRHL3	0.0	1.0	16	0	0	0	1.0
Endothelial cells	healthy_vs_degenerated_severe	THRA	0.0	1.0	44	0	0	0	1.0
Endothelial cells	healthy_vs_degenerated_severe	SOX17	-0.07142857142857142	0.0032471559639161767	28	2	0	2	0.08936737935473651
Endothelial cells	healthy_vs_degenerated_severe	TBX15	0.0	1.0	20	0	0	0	1.0
Endothelial cells	healthy_vs_degenerated_severe	NFAT5	0.02702702702702703	0.00018783873827372483	37	3	2	1	0.01981698688787797
Endothelial cells	healthy_vs_degenerated_severe	BMAL2	0.16666666666666666	0.018156177117383578	6	1	1	0	0.25794862019006093
Endothelial cells	healthy_vs_degenerated_severe	NFE2L2	0.0	0.07276259098162768	146	2	1	1	0.44348013736192077
Endothelial cells	healthy_vs_degenerated_severe	ZIC1	0.0	1.0	10	0	0	0	1.0
Endothelial cells	healthy_vs_degenerated_severe	MEIS1	0.0	1.0	9	0	0	0	1.0
Endothelial cells	healthy_vs_degenerated_severe	HOXA9	0.0	1.0	29	0	0	0	1.0
Endothelial cells	healthy_vs_degenerated_severe	MAFA	0.0	1.0	11	0	0	0	1.0
Endothelial cells	healthy_vs_degenerated_severe	NR1D1	0.0	0.0006895462886079816	13	2	1	1	0.04235465478804351
Endothelial cells	healthy_vs_degenerated_severe	MYF6	0.0	1.0	7	0	0	0	1.0
Endothelial cells	healthy_vs_degenerated_severe	ZNF263	0.0	1.0	5	0	0	0	1.0
Endothelial cells	healthy_vs_degenerated_severe	NFIA	0.0	1.0	33	0	0	0	1.0
Endothelial cells	healthy_vs_degenerated_severe	HEY2	0.0	1.0	11	0	0	0	1.0
Endothelial cells	healthy_vs_degenerated_severe	HOXB7	0.0	1.0	13	0	0	0	1.0
Endothelial cells	healthy_vs_degenerated_severe	ZNF350	0.0	1.0	9	0	0	0	1.0
Endothelial cells	healthy_vs_degenerated_severe	BCL11A	0.0	1.0	8	0	0	0	1.0
Endothelial cells	healthy_vs_degenerated_severe	TWIST1	0.018518518518518517	0.1523212620093047	54	1	1	0	0.6180728131531402
Endothelial cells	healthy_vs_degenerated_severe	ZNF395	0.0	1.0	5	0	0	0	1.0
Endothelial cells	healthy_vs_degenerated_severe	TFDP2	0.2	0.015152546857712966	5	1	1	0	0.2459374913059566
Endothelial cells	healthy_vs_degenerated_severe	GTF3A	0.0	1.0	16	0	0	0	1.0
Endothelial cells	healthy_vs_degenerated_severe	KLF10	0.05555555555555555	0.053512837560168815	18	1	1	0	0.4009873704419161
Endothelial cells	healthy_vs_degenerated_severe	KLF2	0.0	0.005329931092482586	36	2	1	1	0.12049451362648132
Endothelial cells	healthy_vs_degenerated_severe	PHF20	0.0	1.0	7	0	0	0	1.0
Endothelial cells	healthy_vs_degenerated_severe	TGIF1	-0.125	0.024136764297064843	8	1	0	1	0.2829365148155934
Endothelial cells	healthy_vs_degenerated_severe	FOXG1	-0.08333333333333333	0.035991959490625364	12	1	0	1	0.3292642015501303
Endothelial cells	healthy_vs_degenerated_severe	SF1	0.0	1.0	5	0	0	0	1.0
Endothelial cells	healthy_vs_degenerated_severe	MBD2	0.0	1.0	62	0	0	0	1.0
Endothelial cells	healthy_vs_degenerated_severe	FOXF2	0.0	1.0	8	0	0	0	1.0
Endothelial cells	healthy_vs_degenerated_severe	HEY1	0.045454545454545456	0.06502114606692146	22	1	1	0	0.41574126727637656
Endothelial cells	healthy_vs_degenerated_severe	ZBTB17	0.0	1.0	36	0	0	0	1.0
Endothelial cells	healthy_vs_degenerated_severe	IRF5	0.0	1.0	12	0	0	0	1.0
Endothelial cells	healthy_vs_degenerated_severe	THRB	0.0	1.0	31	0	0	0	1.0
Endothelial cells	healthy_vs_degenerated_severe	POU3F2	0.0	1.0	14	0	0	0	1.0
Endothelial cells	healthy_vs_degenerated_severe	FOXI1	0.0	1.0	6	0	0	0	1.0
Endothelial cells	healthy_vs_degenerated_severe	KCNIP3	0.0	1.0	8	0	0	0	1.0
Endothelial cells	healthy_vs_degenerated_severe	FOSB	0.0	1.0	22	0	0	0	1.0
Endothelial cells	healthy_vs_degenerated_severe	NFE2L1	0.0	1.0	8	0	0	0	1.0
Endothelial cells	healthy_vs_degenerated_severe	TRERF1	0.0	1.0	5	0	0	0	1.0
Endothelial cells	healthy_vs_degenerated_severe	FOXP1	0.0	1.0	11	0	0	0	1.0
Endothelial cells	healthy_vs_degenerated_severe	FOXP2	0.0	1.0	5	0	0	0	1.0
Endothelial cells	healthy_vs_degenerated_severe	BARX1	0.0	1.0	7	0	0	0	1.0
Endothelial cells	healthy_vs_degenerated_severe	ZFPM2	0.0	1.0	8	0	0	0	1.0
Endothelial cells	healthy_vs_degenerated_severe	IKZF1	0.0	1.0	15	0	0	0	1.0
Endothelial cells	healthy_vs_degenerated_severe	BCL3	0.0	1.0	20	0	0	0	1.0
Endothelial cells	healthy_vs_degenerated_severe	SP2	0.0	1.0	16	0	0	0	1.0
Endothelial cells	healthy_vs_degenerated_severe	SIM2	0.0	1.0	8	0	0	0	1.0
Endothelial cells	healthy_vs_degenerated_severe	NFATC1	0.0	1.0	65	0	0	0	1.0
Endothelial cells	healthy_vs_degenerated_severe	POU2F3	0.0	1.0	5	0	0	0	1.0
Endothelial cells	healthy_vs_degenerated_severe	HOXA7	0.0	1.0	10	0	0	0	1.0
Endothelial cells	healthy_vs_degenerated_severe	NPAS2	0.0	1.0	6	0	0	0	1.0
Endothelial cells	healthy_vs_degenerated_severe	DLX2	0.0	1.0	13	0	0	0	1.0
Endothelial cells	healthy_vs_degenerated_severe	PRRX1	0.0	1.0	5	0	0	0	1.0
Endothelial cells	healthy_vs_degenerated_severe	VEZF1	0.0	1.0	6	0	0	0	1.0
Endothelial cells	healthy_vs_degenerated_severe	CTBP2	0.0	1.0	9	0	0	0	1.0
Endothelial cells	healthy_vs_degenerated_severe	SOX6	-0.05555555555555555	0.053512837560168815	18	1	0	1	0.4009873704419161
Endothelial cells	healthy_vs_degenerated_severe	HIPK2	0.0	1.0	8	0	0	0	1.0
Endothelial cells	healthy_vs_degenerated_severe	RORC	0.0	1.0	6	0	0	0	1.0
Endothelial cells	healthy_vs_degenerated_severe	PPARD	0.0	0.016171175474060443	64	2	1	1	0.2559088518770065
Endothelial cells	healthy_vs_degenerated_severe	MECOM	0.0	0.0008029318443230997	14	2	1	1	0.04235465478804351
Endothelial cells	healthy_vs_degenerated_severe	SIRT1	-0.023255813953488372	0.12324479955304891	43	1	0	1	0.5455521546648948
Endothelial cells	healthy_vs_degenerated_severe	ZBTB7B	0.0	1.0	12	0	0	0	1.0
Endothelial cells	healthy_vs_degenerated_severe	ZBTB7A	0.0	1.0	30	0	0	0	1.0
Endothelial cells	healthy_vs_degenerated_severe	NR6A1	0.0	1.0	6	0	0	0	1.0
Endothelial cells	healthy_vs_degenerated_severe	STAT2	0.03225806451612903	0.09042004374262586	31	1	1	0	0.46914662040231286
Endothelial cells	healthy_vs_degenerated_severe	ESRRG	0.06666666666666667	0.04479142199393362	15	1	1	0	0.3682203911968829
Endothelial cells	healthy_vs_degenerated_severe	PRDM2	0.125	0.024136764297064843	8	1	1	0	0.2829365148155934
Endothelial cells	healthy_vs_degenerated_severe	PURA	0.0	1.0	14	0	0	0	1.0
Endothelial cells	healthy_vs_degenerated_severe	SALL2	0.0	1.0	5	0	0	0	1.0
Endothelial cells	healthy_vs_degenerated_severe	NEUROD6	0.0	1.0	8	0	0	0	1.0
Endothelial cells	healthy_vs_degenerated_severe	NEUROG1	0.0	1.0	5	0	0	0	1.0
Endothelial cells	healthy_vs_degenerated_severe	NEUROG2	0.0	1.0	10	0	0	0	1.0
Endothelial cells	healthy_vs_degenerated_severe	HMGB2	0.0	1.0	6	0	0	0	1.0
Endothelial cells	healthy_vs_degenerated_severe	DLX3	0.0	1.0	10	0	0	0	1.0
Endothelial cells	healthy_vs_degenerated_severe	TWIST2	0.0	1.0	26	0	0	0	1.0
Endothelial cells	healthy_vs_degenerated_severe	TFAP4	0.0	1.0	26	0	0	0	1.0
Endothelial cells	healthy_vs_degenerated_severe	KAT6B	0.0	1.0	6	0	0	0	1.0
Endothelial cells	healthy_vs_degenerated_severe	SALL3	0.0	1.0	5	0	0	0	1.0
Endothelial cells	healthy_vs_degenerated_severe	MXI1	0.0	1.0	8	0	0	0	1.0
Endothelial cells	healthy_vs_degenerated_severe	E2F5	0.0	1.0	9	0	0	0	1.0
Endothelial cells	healthy_vs_degenerated_severe	E2F2	-0.022222222222222223	0.128602522859079	45	1	0	1	0.5575712121218973
Endothelial cells	healthy_vs_degenerated_severe	FOXD3	0.0	1.0	9	0	0	0	1.0
Endothelial cells	healthy_vs_degenerated_severe	POU5F1	0.0	1.0	45	0	0	0	1.0
Endothelial cells	healthy_vs_degenerated_severe	PLAGL1	0.0	1.0	14	0	0	0	1.0
Endothelial cells	healthy_vs_degenerated_severe	SNAI2	0.034482758620689655	0.08483442680656766	29	1	1	0	0.4550863743098079
Endothelial cells	healthy_vs_degenerated_severe	NOTCH1	0.0	1.0	44	0	0	0	1.0
Endothelial cells	healthy_vs_degenerated_severe	FOXC2	0.07692307692307693	0.03893382725746015	13	1	1	0	0.33760428293112704
Endothelial cells	healthy_vs_degenerated_severe	FOXD1	0.2	0.015152546857712966	5	1	1	0	0.2459374913059566
Endothelial cells	healthy_vs_degenerated_severe	KLF9	-0.05555555555555555	0.053512837560168815	18	1	0	1	0.4009873704419161
Endothelial cells	healthy_vs_degenerated_severe	TBPL2	0.0	1.0	8	0	0	0	1.0
Endothelial cells	healthy_vs_degenerated_severe	NFIL3	0.0	1.0	17	0	0	0	1.0
Endothelial cells	healthy_vs_degenerated_severe	ZNF384	0.0	1.0	11	0	0	0	1.0
Endothelial cells	healthy_vs_degenerated_severe	HOXA11	0.0	1.0	5	0	0	0	1.0
Endothelial cells	healthy_vs_degenerated_severe	MEF2D	0.0	1.0	17	0	0	0	1.0
Endothelial cells	healthy_vs_degenerated_severe	SMAD5	0.038461538461538464	0.07639347609331043	26	1	1	0	0.4519352370753785
Endothelial cells	healthy_vs_degenerated_severe	PBX2	0.0	1.0	5	0	0	0	1.0
Endothelial cells	healthy_vs_degenerated_severe	MLXIPL	0.0	1.0	11	0	0	0	1.0
Endothelial cells	healthy_vs_degenerated_severe	ZBTB33	0.0	1.0	8	0	0	0	1.0
Endothelial cells	healthy_vs_degenerated_severe	ETV2	0.0	1.0	5	0	0	0	1.0
Endothelial cells	healthy_vs_degenerated_severe	KLF15	0.0	1.0	15	0	0	0	1.0
Endothelial cells	healthy_vs_degenerated_severe	DNMT3A	0.0	1.0	40	0	0	0	1.0
Endothelial cells	healthy_vs_degenerated_severe	DNMT3B	0.0	1.0	53	0	0	0	1.0
Endothelial cells	healthy_vs_degenerated_severe	OLIG2	0.0	1.0	10	0	0	0	1.0
Endothelial cells	healthy_vs_degenerated_severe	MAFG	0.1111111111111111	0.027113772337647307	9	1	1	0	0.3011055770128201
Endothelial cells	healthy_vs_degenerated_severe	TEF	0.09090909090909091	0.03304134458744841	11	1	1	0	0.3168965321796189
Endothelial cells	healthy_vs_degenerated_severe	HOXD13	0.0	1.0	10	0	0	0	1.0
Endothelial cells	healthy_vs_degenerated_severe	ZKSCAN7	0.0	1.0	7	0	0	0	1.0
Endothelial cells	healthy_vs_degenerated_severe	BACH1	-0.07142857142857142	0.04186697305847066	14	1	0	1	0.3533572526134924
Endothelial cells	healthy_vs_degenerated_severe	TEAD4	-0.14285714285714285	0.021150907731840363	7	1	0	1	0.267770491885099
Endothelial cells	healthy_vs_degenerated_severe	GCM1	0.0	1.0	5	0	0	0	1.0
Endothelial cells	healthy_vs_degenerated_severe	BHLHE41	0.0	1.0	18	0	0	0	1.0
Endothelial cells	healthy_vs_degenerated_severe	MTA1	0.0	1.0	40	0	0	0	1.0
Endothelial cells	healthy_vs_degenerated_severe	EHF	0.0	1.0	8	0	0	0	1.0
Endothelial cells	healthy_vs_degenerated_severe	TCF7L2	0.0	1.0	75	0	0	0	1.0
Endothelial cells	healthy_vs_degenerated_severe	VSX2	0.0	1.0	15	0	0	0	1.0
Endothelial cells	healthy_vs_degenerated_severe	TSC22D1	0.0	1.0	7	0	0	0	1.0
Endothelial cells	healthy_vs_degenerated_severe	SOX5	-0.09090909090909091	0.03304134458744841	11	1	0	1	0.3168965321796189
Endothelial cells	healthy_vs_degenerated_severe	SOX2	0.0	1.0	36	0	0	0	1.0
Endothelial cells	healthy_vs_degenerated_severe	NKX3-2	0.0	1.0	6	0	0	0	1.0
Endothelial cells	healthy_vs_degenerated_severe	PAX9	0.0	1.0	6	0	0	0	1.0
Endothelial cells	healthy_vs_degenerated_severe	TCF21	0.0	1.0	7	0	0	0	1.0
Endothelial cells	healthy_vs_degenerated_severe	HIC1	0.0	1.0	18	0	0	0	1.0
Endothelial cells	healthy_vs_degenerated_severe	ZEB2	0.0	1.0	17	0	0	0	1.0
Endothelial cells	healthy_vs_degenerated_severe	ZNF335	0.0	1.0	5	0	0	0	1.0
Endothelial cells	healthy_vs_degenerated_severe	NONO	-0.09090909090909091	0.03304134458744841	11	1	0	1	0.3168965321796189
Endothelial cells	healthy_vs_degenerated_severe	CEBPZ	0.0	1.0	13	0	0	0	1.0
Endothelial cells	healthy_vs_degenerated_severe	SIX1	0.0	1.0	7	0	0	0	1.0
Endothelial cells	healthy_vs_degenerated_severe	NFIX	0.0	1.0	15	0	0	0	1.0
Endothelial cells	healthy_vs_degenerated_severe	MNT	0.0	1.0	8	0	0	0	1.0
Endothelial cells	healthy_vs_degenerated_severe	HOXA1	-0.05263157894736842	0.05640274863801874	19	1	0	1	0.410378619400757
Endothelial cells	healthy_vs_degenerated_severe	BCL11B	0.0	1.0	18	0	0	0	1.0
Endothelial cells	healthy_vs_degenerated_severe	RXRB	0.0	1.0	9	0	0	0	1.0
Endothelial cells	healthy_vs_degenerated_severe	E2F6	0.0	1.0	35	0	0	0	1.0
Endothelial cells	healthy_vs_degenerated_severe	HOXA13	0.0	1.0	7	0	0	0	1.0
Endothelial cells	healthy_vs_degenerated_severe	KAT6A	0.0	1.0	11	0	0	0	1.0
Endothelial cells	healthy_vs_degenerated_severe	GFI1	0.030303030303030304	0.09597253770918882	33	1	1	0	0.47835130999934267
Endothelial cells	healthy_vs_degenerated_severe	RUNX3	-0.02127659574468085	0.13392843577853403	47	1	0	1	0.561435098329881
Endothelial cells	healthy_vs_degenerated_severe	GLI1	0.0	1.0	118	0	0	0	1.0
Endothelial cells	healthy_vs_degenerated_severe	KLF8	0.0	1.0	16	0	0	0	1.0
Endothelial cells	healthy_vs_degenerated_severe	HIF3A	0.0	1.0	5	0	0	0	1.0
Endothelial cells	healthy_vs_degenerated_severe	BHLHA15	0.0	1.0	5	0	0	0	1.0
Endothelial cells	healthy_vs_degenerated_severe	MEOX2	0.0	1.0	6	0	0	0	1.0
Endothelial cells	healthy_vs_degenerated_severe	JARID2	0.0	1.0	11	0	0	0	1.0
Endothelial cells	healthy_vs_degenerated_severe	NFYC	0.10526315789473684	0.0014944381588695445	19	2	2	0	0.05828220797296207
Endothelial cells	healthy_vs_degenerated_severe	GFI1B	0.0	1.0	9	0	0	0	1.0
Endothelial cells	healthy_vs_degenerated_severe	ASCL2	0.0	1.0	6	0	0	0	1.0
Endothelial cells	healthy_vs_degenerated_severe	MSC	-0.06666666666666667	0.04479142199393362	15	1	0	1	0.3682203911968829
Endothelial cells	healthy_vs_degenerated_severe	HOXB9	0.0	1.0	5	0	0	0	1.0
Endothelial cells	healthy_vs_degenerated_severe	HLX	0.0	1.0	12	0	0	0	1.0
Endothelial cells	healthy_vs_degenerated_severe	RCOR2	0.0	1.0	12	0	0	0	1.0
Endothelial cells	healthy_vs_degenerated_severe	NKX2-2	0.0	1.0	11	0	0	0	1.0
Endothelial cells	healthy_vs_degenerated_severe	ARID4A	0.0	1.0	6	0	0	0	1.0
Endothelial cells	healthy_vs_degenerated_severe	HINFP	0.0	1.0	9	0	0	0	1.0
Endothelial cells	healthy_vs_degenerated_severe	SMARCC1	0.0	1.0	6	0	0	0	1.0
Endothelial cells	healthy_vs_degenerated_severe	KAT2B	0.0	1.0	12	0	0	0	1.0
Endothelial cells	healthy_vs_degenerated_severe	HDGF	0.0	1.0	5	0	0	0	1.0
Endothelial cells	healthy_vs_degenerated_severe	EP300	0.0	1.0	44	0	0	0	1.0
Endothelial cells	healthy_vs_degenerated_severe	TRPS1	0.0	1.0	13	0	0	0	1.0
Endothelial cells	healthy_vs_degenerated_severe	CTNNB1	-0.009569377990430622	0.13293598217493854	209	2	0	2	0.561435098329881
Endothelial cells	healthy_vs_degenerated_severe	PML	0.0	1.0	16	0	0	0	1.0
Endothelial cells	healthy_vs_degenerated_severe	KLF7	0.0	1.0	8	0	0	0	1.0
Endothelial cells	healthy_vs_degenerated_severe	PROP1	0.0	1.0	6	0	0	0	1.0
Endothelial cells	healthy_vs_degenerated_severe	LMO2	0.0	1.0	21	0	0	0	1.0
Endothelial cells	healthy_vs_degenerated_severe	MEOX1	0.0	1.0	6	0	0	0	1.0
Endothelial cells	healthy_vs_degenerated_severe	FOXL2	0.0	1.0	14	0	0	0	1.0
Endothelial cells	healthy_vs_degenerated_severe	HTATIP2	0.0	1.0	12	0	0	0	1.0
Endothelial cells	healthy_vs_degenerated_severe	EZH2	0.0	1.0	103	0	0	0	1.0
Endothelial cells	healthy_vs_degenerated_severe	GLI2	0.009523809523809525	0.27533520077618395	105	1	1	0	0.9736714083314214
Endothelial cells	healthy_vs_degenerated_severe	TCF7	0.0	1.0	14	0	0	0	1.0
Endothelial cells	healthy_vs_degenerated_severe	FOXC1	0.0	1.0	11	0	0	0	1.0
Endothelial cells	healthy_vs_degenerated_severe	HOXB13	0.0	1.0	8	0	0	0	1.0
Endothelial cells	healthy_vs_degenerated_severe	ABL1	0.0	1.0	10	0	0	0	1.0
Endothelial cells	healthy_vs_degenerated_severe	TBX3	0.08333333333333333	0.035991959490625364	12	1	1	0	0.3292642015501303
Endothelial cells	healthy_vs_degenerated_severe	NFKBIZ	0.0	1.0	5	0	0	0	1.0
Endothelial cells	healthy_vs_degenerated_severe	PLAGL2	0.0	1.0	5	0	0	0	1.0
Endothelial cells	healthy_vs_degenerated_severe	TET1	0.0	1.0	10	0	0	0	1.0
Endothelial cells	healthy_vs_degenerated_severe	FOXH1	0.0	1.0	9	0	0	0	1.0
Endothelial cells	healthy_vs_degenerated_severe	FOXP3	0.037037037037037035	0.07921549515369757	27	1	1	0	0.4550863743098079
Endothelial cells	healthy_vs_degenerated_severe	HOXA2	0.0	1.0	5	0	0	0	1.0
Endothelial cells	healthy_vs_degenerated_severe	MLX	0.0	1.0	5	0	0	0	1.0
Endothelial cells	healthy_vs_degenerated_severe	CREB3L1	0.0	1.0	7	0	0	0	1.0
Endothelial cells	healthy_vs_degenerated_severe	TFDP3	0.0	1.0	5	0	0	0	1.0
Endothelial cells	healthy_vs_degenerated_severe	SP7	-0.04	0.07356305596050819	25	1	0	1	0.44348013736192077
Endothelial cells	healthy_vs_degenerated_severe	OVOL1	0.0	1.0	8	0	0	0	1.0
Endothelial cells	healthy_vs_degenerated_severe	ZNF436	0.0	1.0	5	0	0	0	1.0
Endothelial cells	healthy_vs_degenerated_severe	ATF7	0.0	1.0	5	0	0	0	1.0
Endothelial cells	healthy_vs_degenerated_severe	SCX	-0.1111111111111111	0.027113772337647307	9	1	0	1	0.3011055770128201
Endothelial cells	healthy_vs_degenerated_severe	NANOG	0.0	1.0	33	0	0	0	1.0
Endothelial cells	healthy_vs_degenerated_severe	ARX	0.0	1.0	15	0	0	0	1.0
Endothelial cells	healthy_vs_degenerated_severe	VHL	0.0	1.0	20	0	0	0	1.0
Endothelial cells	healthy_vs_degenerated_severe	SOX4	0.0	1.0	20	0	0	0	1.0
Endothelial cells	healthy_vs_degenerated_severe	ATF5	0.0	1.0	22	0	0	0	1.0
Endothelial cells	healthy_vs_degenerated_severe	CTCFL	0.0	1.0	6	0	0	0	1.0
Endothelial cells	healthy_vs_degenerated_severe	SP6	0.0	1.0	5	0	0	0	1.0
Endothelial cells	healthy_vs_degenerated_severe	SMARCA5	0.0	1.0	8	0	0	0	1.0
Endothelial cells	healthy_vs_degenerated_severe	EOMES	0.0	1.0	9	0	0	0	1.0
Endothelial cells	healthy_vs_degenerated_severe	ESRRB	0.0	1.0	5	0	0	0	1.0
Endothelial cells	healthy_vs_degenerated_severe	ZXDC	0.0	1.0	5	0	0	0	1.0
Endothelial cells	healthy_vs_degenerated_severe	NR2E1	0.0	1.0	10	0	0	0	1.0
Endothelial cells	healthy_vs_degenerated_severe	ZFP42	0.0	1.0	12	0	0	0	1.0
Endothelial cells	healthy_vs_degenerated_severe	KMT2B	0.0	1.0	11	0	0	0	1.0
Endothelial cells	healthy_vs_degenerated_severe	NFIB	0.0	1.0	14	0	0	0	1.0
Endothelial cells	healthy_vs_degenerated_severe	EBF3	0.0	1.0	5	0	0	0	1.0
Endothelial cells	healthy_vs_degenerated_severe	EN1	0.0	1.0	5	0	0	0	1.0
Endothelial cells	healthy_vs_degenerated_severe	MTA3	0.0	1.0	10	0	0	0	1.0
Endothelial cells	healthy_vs_degenerated_severe	TBX18	0.0	1.0	8	0	0	0	1.0
Endothelial cells	healthy_vs_degenerated_severe	EGR4	0.0	1.0	11	0	0	0	1.0
Endothelial cells	healthy_vs_degenerated_severe	HSF4	0.0	1.0	8	0	0	0	1.0
Endothelial cells	healthy_vs_degenerated_severe	DLX1	0.0	1.0	5	0	0	0	1.0
Endothelial cells	healthy_vs_degenerated_severe	BCLAF1	0.0	1.0	5	0	0	0	1.0
Endothelial cells	healthy_vs_degenerated_severe	KDM5C	0.0	1.0	11	0	0	0	1.0
Endothelial cells	healthy_vs_degenerated_severe	FOSL2	-0.041666666666666664	0.07072421048323788	24	1	0	1	0.4432517350088077
Endothelial cells	healthy_vs_degenerated_severe	MED1	0.0	1.0	9	0	0	0	1.0
Endothelial cells	healthy_vs_degenerated_severe	LYL1	0.0	1.0	12	0	0	0	1.0
Endothelial cells	healthy_vs_degenerated_severe	HOXD1	0.0	1.0	5	0	0	0	1.0
Endothelial cells	healthy_vs_degenerated_severe	SALL4	0.0	1.0	6	0	0	0	1.0
Endothelial cells	healthy_vs_degenerated_severe	KDM5B	0.045454545454545456	0.06502114606692146	22	1	1	0	0.41574126727637656
Endothelial cells	healthy_vs_degenerated_severe	TADA2A	0.0	1.0	6	0	0	0	1.0
Endothelial cells	healthy_vs_degenerated_severe	ARID5B	0.0	1.0	5	0	0	0	1.0
Endothelial cells	healthy_vs_degenerated_severe	SATB2	0.0	1.0	18	0	0	0	1.0
Endothelial cells	healthy_vs_degenerated_severe	NSD2	0.0	1.0	6	0	0	0	1.0
Endothelial cells	healthy_vs_degenerated_severe	PBRM1	0.0	1.0	7	0	0	0	1.0
Endothelial cells	healthy_vs_degenerated_severe	ZBTB4	0.0	1.0	13	0	0	0	1.0
Endothelial cells	healthy_vs_degenerated_severe	THAP11	0.0	1.0	6	0	0	0	1.0
Endothelial cells	healthy_vs_degenerated_severe	FOXJ1	0.0	1.0	9	0	0	0	1.0
Endothelial cells	healthy_vs_degenerated_severe	TOX3	0.0	1.0	5	0	0	0	1.0
Endothelial cells	healthy_vs_degenerated_severe	PPARGC1A	0.05263157894736842	0.05640274863801874	19	1	1	0	0.410378619400757
Endothelial cells	healthy_vs_degenerated_severe	BATF	0.0	1.0	7	0	0	0	1.0
Endothelial cells	healthy_vs_degenerated_severe	ARID3B	0.0	1.0	5	0	0	0	1.0
Endothelial cells	healthy_vs_degenerated_severe	ZNF300	0.0	1.0	6	0	0	0	1.0
Endothelial cells	healthy_vs_degenerated_severe	NUPR1	0.0	1.0	6	0	0	0	1.0
Endothelial cells	healthy_vs_degenerated_severe	ZNF331	0.0	1.0	17	0	0	0	1.0
Endothelial cells	healthy_vs_degenerated_severe	ZNF382	0.0	1.0	11	0	0	0	1.0
Endothelial cells	healthy_vs_degenerated_severe	HOXD8	0.0	1.0	5	0	0	0	1.0
Endothelial cells	healthy_vs_degenerated_severe	LHX8	0.0	1.0	9	0	0	0	1.0
Endothelial cells	healthy_vs_degenerated_severe	IRX1	0.0	1.0	12	0	0	0	1.0
Endothelial cells	healthy_vs_degenerated_severe	SOX11	0.0	1.0	9	0	0	0	1.0
Endothelial cells	healthy_vs_degenerated_severe	IRF6	0.0	1.0	10	0	0	0	1.0
Endothelial cells	healthy_vs_degenerated_severe	E2F7	0.0	1.0	5	0	0	0	1.0
Endothelial cells	healthy_vs_degenerated_severe	HEYL	0.0	1.0	5	0	0	0	1.0
Endothelial cells	healthy_vs_degenerated_severe	MECP2	0.0	1.0	20	0	0	0	1.0
Endothelial cells	healthy_vs_degenerated_severe	MAML1	0.0	1.0	5	0	0	0	1.0
Endothelial cells	healthy_vs_degenerated_severe	DOT1L	0.0	1.0	8	0	0	0	1.0
Endothelial cells	healthy_vs_degenerated_severe	ARID3A	0.0	1.0	6	0	0	0	1.0
Endothelial cells	healthy_vs_degenerated_severe	ARID1A	0.0	1.0	5	0	0	0	1.0
Endothelial cells	healthy_vs_degenerated_severe	ZBTB18	0.0	1.0	7	0	0	0	1.0
Endothelial cells	healthy_vs_degenerated_severe	TCF15	0.0	1.0	5	0	0	0	1.0
Endothelial cells	healthy_vs_degenerated_severe	NPM1	0.0	1.0	11	0	0	0	1.0
Endothelial cells	healthy_vs_degenerated_severe	SETBP1	0.0	1.0	5	0	0	0	1.0
Endothelial cells	healthy_vs_degenerated_severe	KDM2A	0.0	1.0	8	0	0	0	1.0
Endothelial cells	healthy_vs_degenerated_severe	MKX	0.0	1.0	6	0	0	0	1.0
Endothelial cells	healthy_vs_degenerated_severe	HDAC3	0.0	1.0	17	0	0	0	1.0
Endothelial cells	healthy_vs_degenerated_severe	BTG2	0.0	1.0	6	0	0	0	1.0
Endothelial cells	healthy_vs_degenerated_severe	CREB5	0.0	1.0	10	0	0	0	1.0
Endothelial cells	healthy_vs_degenerated_severe	CTBP1	0.0	1.0	8	0	0	0	1.0
Endothelial cells	healthy_vs_degenerated_severe	HDAC1	0.0	1.0	61	0	0	0	1.0
Endothelial cells	healthy_vs_degenerated_severe	HCFC1	0.0	1.0	7	0	0	0	1.0
Endothelial cells	healthy_vs_degenerated_severe	ETV7	0.0	1.0	8	0	0	0	1.0
Endothelial cells	healthy_vs_degenerated_severe	FHL2	0.0	1.0	6	0	0	0	1.0
Endothelial cells	healthy_vs_degenerated_severe	HDAC4	0.0	1.0	16	0	0	0	1.0
Endothelial cells	healthy_vs_degenerated_severe	HDAC7	0.0	1.0	10	0	0	0	1.0
Endothelial cells	healthy_vs_degenerated_severe	HDAC9	0.0	1.0	15	0	0	0	1.0
Endothelial cells	healthy_vs_degenerated_severe	ING4	0.0	1.0	14	0	0	0	1.0
Endothelial cells	healthy_vs_degenerated_severe	SIN3A	-0.125	0.024136764297064843	8	1	0	1	0.2829365148155934
Endothelial cells	healthy_vs_degenerated_severe	SMARCA4	0.0	1.0	8	0	0	0	1.0
Endothelial cells	healthy_vs_degenerated_severe	TRIM28	0.0	1.0	5	0	0	0	1.0
Endothelial cells	healthy_vs_degenerated_severe	WWTR1	0.0	1.0	8	0	0	0	1.0
Endothelial cells	healthy_vs_degenerated_severe	PIN1	0.0	1.0	5	0	0	0	1.0
Endothelial cells	healthy_vs_degenerated_severe	FGF2	0.0	1.0	8	0	0	0	1.0
Endothelial cells	healthy_vs_degenerated_severe	PARK7	0.0	1.0	6	0	0	0	1.0
Endothelial cells	healthy_vs_degenerated_severe	YAP1	0.0	1.0	8	0	0	0	1.0
Endothelial cells	healthy_vs_degenerated_severe	BCOR	0.0	1.0	5	0	0	0	1.0
Endothelial cells	healthy_vs_degenerated_severe	BRD4	0.0	1.0	8	0	0	0	1.0
Endothelial cells	healthy_vs_degenerated_severe	SRSF2	0.0	1.0	12	0	0	0	1.0
Endothelial cells	healthy_vs_degenerated_severe	ZMYND8	0.0	1.0	6	0	0	0	1.0
Endothelial cells	healthy_vs_degenerated_severe	ARID4B	0.0	1.0	9	0	0	0	1.0
Endothelial cells	healthy_vs_degenerated_severe	AP1	0.0029069767441860465	0.08636082055126316	344	3	2	1	0.4589840186979488
Endothelial cells	healthy_vs_degenerated_severe	NFKB	0.00597609561752988	0.19586380433002887	502	3	3	0	0.7293046361229899
NP_mature_chondrocyte	healthy_vs_degenerated_severe	MYC	0.010189228529839884	0.0016046387303329213	687	9	8	1	0.09900620966154125
NP_mature_chondrocyte	healthy_vs_degenerated_severe	SPI1	0.017341040462427744	0.033484443360662836	173	3	3	0	0.46954321712565844
NP_mature_chondrocyte	healthy_vs_degenerated_severe	SMAD3	0.0	1.0	106	0	0	0	1.0
NP_mature_chondrocyte	healthy_vs_degenerated_severe	SMAD4	0.0	1.0	78	0	0	0	1.0
NP_mature_chondrocyte	healthy_vs_degenerated_severe	STAT5A	-0.008064516129032258	0.40002381514535534	124	1	0	1	1.0
NP_mature_chondrocyte	healthy_vs_degenerated_severe	STAT5B	0.0	1.0	64	0	0	0	1.0
NP_mature_chondrocyte	healthy_vs_degenerated_severe	RELA	0.00625	0.37793641370066344	320	2	2	0	1.0
NP_mature_chondrocyte	healthy_vs_degenerated_severe	WT1	0.0	1.0	92	0	0	0	1.0
NP_mature_chondrocyte	healthy_vs_degenerated_severe	NR0B2	0.0	1.0	66	0	0	0	1.0
NP_mature_chondrocyte	healthy_vs_degenerated_severe	SP1	0.005025125628140704	0.014333847559696905	796	8	6	2	0.35444226218029207
NP_mature_chondrocyte	healthy_vs_degenerated_severe	TP53	-0.014124293785310734	0.00047017683288498303	708	10	0	10	0.041442729412862075
NP_mature_chondrocyte	healthy_vs_degenerated_severe	ZBTB16	-0.02857142857142857	0.13378495760295933	35	1	0	1	0.8875840735594184
NP_mature_chondrocyte	healthy_vs_degenerated_severe	ETV6	-0.11764705882352941	0.0021392573347793708	17	2	0	2	0.11392728945183664
NP_mature_chondrocyte	healthy_vs_degenerated_severe	RUNX1	-0.008771929824561403	0.37465733984407146	114	1	0	1	1.0
NP_mature_chondrocyte	healthy_vs_degenerated_severe	STAT1	0.0	1.0	204	0	0	0	1.0
NP_mature_chondrocyte	healthy_vs_degenerated_severe	STAT3	0.007692307692307693	0.28773023422288935	260	2	2	0	1.0
NP_mature_chondrocyte	healthy_vs_degenerated_severe	ETV4	0.0	1.0	40	0	0	0	1.0
NP_mature_chondrocyte	healthy_vs_degenerated_severe	MTF1	0.0	1.0	26	0	0	0	1.0
NP_mature_chondrocyte	healthy_vs_degenerated_severe	CREB1	0.0037735849056603774	0.0937205218182584	265	3	2	1	0.7413533584854544
NP_mature_chondrocyte	healthy_vs_degenerated_severe	FOXA2	0.0	1.0	43	0	0	0	1.0
NP_mature_chondrocyte	healthy_vs_degenerated_severe	NFATC2	-0.02040816326530612	0.18224844538420115	49	1	0	1	1.0
NP_mature_chondrocyte	healthy_vs_degenerated_severe	CEBPB	0.0	0.2755406538336437	252	2	1	1	1.0
NP_mature_chondrocyte	healthy_vs_degenerated_severe	FOS	0.010256410256410256	0.18943509433403152	195	2	2	0	1.0
NP_mature_chondrocyte	healthy_vs_degenerated_severe	PLAG1	0.0	1.0	7	0	0	0	1.0
NP_mature_chondrocyte	healthy_vs_degenerated_severe	E2F1	0.03571428571428571	6.576015118438235e-07	252	9	9	0	0.00020287006640381955
NP_mature_chondrocyte	healthy_vs_degenerated_severe	E2F3	0.03389830508474576	0.02414308295981933	59	2	2	0	0.4162908295411973
NP_mature_chondrocyte	healthy_vs_degenerated_severe	HBP1	0.0	1.0	30	0	0	0	1.0
NP_mature_chondrocyte	healthy_vs_degenerated_severe	YY1	-0.006289308176100629	0.48112582424529937	159	1	0	1	1.0
NP_mature_chondrocyte	healthy_vs_degenerated_severe	ESR1	0.00510204081632653	0.07535657646937745	392	4	3	1	0.6283109146162958
NP_mature_chondrocyte	healthy_vs_degenerated_severe	JUN	0.0078125	0.019635378913102783	384	5	4	1	0.40383429297948054
NP_mature_chondrocyte	healthy_vs_degenerated_severe	NR1I3	0.037037037037037035	0.10484162661394036	27	1	1	0	0.8188263749468507
NP_mature_chondrocyte	healthy_vs_degenerated_severe	CEBPG	-0.010416666666666666	0.3263278466103838	96	1	0	1	1.0
NP_mature_chondrocyte	healthy_vs_degenerated_severe	MAFK	-0.0625	0.06349477167075286	16	1	0	1	0.6112512981526482
NP_mature_chondrocyte	healthy_vs_degenerated_severe	STAT4	0.0	1.0	13	0	0	0	1.0
NP_mature_chondrocyte	healthy_vs_degenerated_severe	IRF1	-0.010752688172043012	0.3179253074759383	93	1	0	1	1.0
NP_mature_chondrocyte	healthy_vs_degenerated_severe	ATF2	0.012345679012345678	0.2832778917015765	81	1	1	0	1.0
NP_mature_chondrocyte	healthy_vs_degenerated_severe	NR2C2	0.0	1.0	34	0	0	0	1.0
NP_mature_chondrocyte	healthy_vs_degenerated_severe	IRF3	0.0	1.0	51	0	0	0	1.0
NP_mature_chondrocyte	healthy_vs_degenerated_severe	TFAP2A	0.0	0.17034781683289263	182	2	1	1	1.0
NP_mature_chondrocyte	healthy_vs_degenerated_severe	HNF1A	0.0	1.0	43	0	0	0	1.0
NP_mature_chondrocyte	healthy_vs_degenerated_severe	ETS1	0.007874015748031496	0.4074354857387141	127	1	1	0	1.0
NP_mature_chondrocyte	healthy_vs_degenerated_severe	ARNT	0.0	1.0	41	0	0	0	1.0
NP_mature_chondrocyte	healthy_vs_degenerated_severe	AHR	0.0	1.0	95	0	0	0	1.0
NP_mature_chondrocyte	healthy_vs_degenerated_severe	PAX6	-0.012658227848101266	0.2773383202709811	79	1	0	1	1.0
NP_mature_chondrocyte	healthy_vs_degenerated_severe	NFYA	-0.014084507042253521	0.0030108381102014574	71	3	1	2	0.13269193671387852
NP_mature_chondrocyte	healthy_vs_degenerated_severe	ZNF148	0.0	1.0	21	0	0	0	1.0
NP_mature_chondrocyte	healthy_vs_degenerated_severe	NFIC	0.022222222222222223	0.16867915490714513	45	1	1	0	1.0
NP_mature_chondrocyte	healthy_vs_degenerated_severe	RBPJ	-0.011904761904761904	0.2920978074410787	84	1	0	1	1.0
NP_mature_chondrocyte	healthy_vs_degenerated_severe	HES1	0.0	1.0	54	0	0	0	1.0
NP_mature_chondrocyte	healthy_vs_degenerated_severe	GATA4	0.017241379310344827	0.21199201908270524	58	1	1	0	1.0
NP_mature_chondrocyte	healthy_vs_degenerated_severe	GATA6	0.0	1.0	35	0	0	0	1.0
NP_mature_chondrocyte	healthy_vs_degenerated_severe	HNF4A	0.0	1.0	126	0	0	0	1.0
NP_mature_chondrocyte	healthy_vs_degenerated_severe	RARA	0.0	1.0	101	0	0	0	1.0
NP_mature_chondrocyte	healthy_vs_degenerated_severe	DBP	0.0	1.0	19	0	0	0	1.0
NP_mature_chondrocyte	healthy_vs_degenerated_severe	HLF	0.0	1.0	11	0	0	0	1.0
NP_mature_chondrocyte	healthy_vs_degenerated_severe	PPARG	0.0	0.2043186655043436	205	2	1	1	1.0
NP_mature_chondrocyte	healthy_vs_degenerated_severe	MAX	0.0	1.0	33	0	0	0	1.0
NP_mature_chondrocyte	healthy_vs_degenerated_severe	USF2	-0.015625	0.23123033788805797	64	1	0	1	1.0
NP_mature_chondrocyte	healthy_vs_degenerated_severe	IRF2	0.0	1.0	31	0	0	0	1.0
NP_mature_chondrocyte	healthy_vs_degenerated_severe	SP3	0.003875968992248062	0.656779912580502	258	1	1	0	1.0
NP_mature_chondrocyte	healthy_vs_degenerated_severe	AR	0.002890173410404624	0.16750367665407906	346	3	2	1	1.0
NP_mature_chondrocyte	healthy_vs_degenerated_severe	CUX1	0.02702702702702703	0.03667322829697956	74	2	2	0	0.48143365657949766
NP_mature_chondrocyte	healthy_vs_degenerated_severe	ATF1	0.03389830508474576	0.02414308295981933	59	2	2	0	0.4162908295411973
NP_mature_chondrocyte	healthy_vs_degenerated_severe	KAT7	0.0	0.021898558732353413	56	2	1	1	0.4162908295411973
NP_mature_chondrocyte	healthy_vs_degenerated_severe	CREBZF	0.0	1.0	11	0	0	0	1.0
NP_mature_chondrocyte	healthy_vs_degenerated_severe	GLI3	0.0	1.0	25	0	0	0	1.0
NP_mature_chondrocyte	healthy_vs_degenerated_severe	NKX2-5	0.0	1.0	32	0	0	0	1.0
NP_mature_chondrocyte	healthy_vs_degenerated_severe	TGFB1I1	0.0	1.0	11	0	0	0	1.0
NP_mature_chondrocyte	healthy_vs_degenerated_severe	RARB	0.0	1.0	31	0	0	0	1.0
NP_mature_chondrocyte	healthy_vs_degenerated_severe	RARG	0.0	1.0	20	0	0	0	1.0
NP_mature_chondrocyte	healthy_vs_degenerated_severe	TEAD1	0.07142857142857142	0.05577900422774252	14	1	1	0	0.5933732001468471
NP_mature_chondrocyte	healthy_vs_degenerated_severe	PPARA	-0.006535947712418301	0.4680282822900415	153	1	0	1	1.0
NP_mature_chondrocyte	healthy_vs_degenerated_severe	ESR2	-0.024	0.014361517916543439	125	3	0	3	0.35444226218029207
NP_mature_chondrocyte	healthy_vs_degenerated_severe	NR3C1	0.0	1.0	161	0	0	0	1.0
NP_mature_chondrocyte	healthy_vs_degenerated_severe	PGR	0.0	1.0	84	0	0	0	1.0
NP_mature_chondrocyte	healthy_vs_degenerated_severe	NRG1	0.0	1.0	26	0	0	0	1.0
NP_mature_chondrocyte	healthy_vs_degenerated_severe	TBP	0.0	0.06736643156301471	104	2	1	1	0.6112512981526482
NP_mature_chondrocyte	healthy_vs_degenerated_severe	REL	0.0	1.0	69	0	0	0	1.0
NP_mature_chondrocyte	healthy_vs_degenerated_severe	ISL1	0.0	1.0	10	0	0	0	1.0
NP_mature_chondrocyte	healthy_vs_degenerated_severe	ZBTB14	0.0	1.0	5	0	0	0	1.0
NP_mature_chondrocyte	healthy_vs_degenerated_severe	MYB	0.009174311926605505	0.009927824029102191	109	3	2	1	0.30627337129780263
NP_mature_chondrocyte	healthy_vs_degenerated_severe	PITX1	0.0	1.0	17	0	0	0	1.0
NP_mature_chondrocyte	healthy_vs_degenerated_severe	EGR1	0.004424778761061947	0.60756653871491	226	1	1	0	1.0
NP_mature_chondrocyte	healthy_vs_degenerated_severe	MYOD1	0.0	1.0	85	0	0	0	1.0
NP_mature_chondrocyte	healthy_vs_degenerated_severe	ETS2	0.014705882352941176	0.2437998176579005	68	1	1	0	1.0
NP_mature_chondrocyte	healthy_vs_degenerated_severe	GTF2I	-0.05263157894736842	0.07495290451064723	19	1	0	1	0.6283109146162958
NP_mature_chondrocyte	healthy_vs_degenerated_severe	NR2F1	0.0	1.0	22	0	0	0	1.0
NP_mature_chondrocyte	healthy_vs_degenerated_severe	ENO1	0.0	1.0	12	0	0	0	1.0
NP_mature_chondrocyte	healthy_vs_degenerated_severe	JDP2	-0.03571428571428571	0.10851063536166897	28	1	0	1	0.8265563212117254
NP_mature_chondrocyte	healthy_vs_degenerated_severe	MAZ	0.0	1.0	21	0	0	0	1.0
NP_mature_chondrocyte	healthy_vs_degenerated_severe	NR4A1	-0.017241379310344827	0.21199201908270524	58	1	0	1	1.0
NP_mature_chondrocyte	healthy_vs_degenerated_severe	HMGA1	0.0	0.011009330694828097	39	2	1	1	0.3087616835776789
NP_mature_chondrocyte	healthy_vs_degenerated_severe	NFKB1	0.004291845493562232	0.618889673811598	233	1	1	0	1.0
NP_mature_chondrocyte	healthy_vs_degenerated_severe	USF1	0.0	0.08993910545267253	123	2	1	1	0.7213074836948496
NP_mature_chondrocyte	healthy_vs_degenerated_severe	DDIT3	0.0	1.0	70	0	0	0	1.0
NP_mature_chondrocyte	healthy_vs_degenerated_severe	ATF4	0.0	0.046136646390123943	84	2	1	1	0.5384846237857204
NP_mature_chondrocyte	healthy_vs_degenerated_severe	ATF3	0.0	0.03577356790327489	73	2	1	1	0.48143365657949766
NP_mature_chondrocyte	healthy_vs_degenerated_severe	TAF1	0.02857142857142857	0.13378495760295933	35	1	1	0	0.8875840735594184
NP_mature_chondrocyte	healthy_vs_degenerated_severe	RUNX2	0.0	1.0	80	0	0	0	1.0
NP_mature_chondrocyte	healthy_vs_degenerated_severe	TFAP2B	0.0	1.0	12	0	0	0	1.0
NP_mature_chondrocyte	healthy_vs_degenerated_severe	CREM	-0.023255813953488372	0.16181215665076124	43	1	0	1	1.0
NP_mature_chondrocyte	healthy_vs_degenerated_severe	IRF8	0.0	1.0	42	0	0	0	1.0
NP_mature_chondrocyte	healthy_vs_degenerated_severe	ETV5	0.0	1.0	6	0	0	0	1.0
NP_mature_chondrocyte	healthy_vs_degenerated_severe	DMTF1	0.0	1.0	13	0	0	0	1.0
NP_mature_chondrocyte	healthy_vs_degenerated_severe	NR5A1	0.0	1.0	44	0	0	0	1.0
NP_mature_chondrocyte	healthy_vs_degenerated_severe	NEUROD2	0.0	1.0	8	0	0	0	1.0
NP_mature_chondrocyte	healthy_vs_degenerated_severe	NEUROD1	0.0	1.0	26	0	0	0	1.0
NP_mature_chondrocyte	healthy_vs_degenerated_severe	HHEX	0.0	1.0	15	0	0	0	1.0
NP_mature_chondrocyte	healthy_vs_degenerated_severe	FOXO3	-0.0064516129032258064	0.47242966615326043	155	1	0	1	1.0
NP_mature_chondrocyte	healthy_vs_degenerated_severe	MBD1	0.0	1.0	10	0	0	0	1.0
NP_mature_chondrocyte	healthy_vs_degenerated_severe	CEBPD	-0.02040816326530612	0.18224844538420115	49	1	0	1	1.0
NP_mature_chondrocyte	healthy_vs_degenerated_severe	ELK1	0.0	1.0	43	0	0	0	1.0
NP_mature_chondrocyte	healthy_vs_degenerated_severe	FLI1	0.03278688524590164	0.02568979496021554	61	2	2	0	0.4283946889311619
NP_mature_chondrocyte	healthy_vs_degenerated_severe	ELK4	0.0	1.0	6	0	0	0	1.0
NP_mature_chondrocyte	healthy_vs_degenerated_severe	PREB	0.0	1.0	8	0	0	0	1.0
NP_mature_chondrocyte	healthy_vs_degenerated_severe	POU1F1	0.0	1.0	27	0	0	0	1.0
NP_mature_chondrocyte	healthy_vs_degenerated_severe	PAX5	0.0	1.0	36	0	0	0	1.0
NP_mature_chondrocyte	healthy_vs_degenerated_severe	CEBPA	-0.008849557522123894	0.37206372679140076	113	1	0	1	1.0
NP_mature_chondrocyte	healthy_vs_degenerated_severe	LITAF	0.0	1.0	20	0	0	0	1.0
NP_mature_chondrocyte	healthy_vs_degenerated_severe	STAT6	0.0	1.0	58	0	0	0	1.0
NP_mature_chondrocyte	healthy_vs_degenerated_severe	HIF1A	0.0032679738562091504	0.1290971706080705	306	3	2	1	0.8829048531889252
NP_mature_chondrocyte	healthy_vs_degenerated_severe	TP73	-0.010101010101010102	0.33462909721564754	99	1	0	1	1.0
NP_mature_chondrocyte	healthy_vs_degenerated_severe	KLF11	-0.058823529411764705	0.06732949131675116	17	1	0	1	0.6112512981526482
NP_mature_chondrocyte	healthy_vs_degenerated_severe	TCF4	0.0	1.0	31	0	0	0	1.0
NP_mature_chondrocyte	healthy_vs_degenerated_severe	HIVEP2	0.0	1.0	8	0	0	0	1.0
NP_mature_chondrocyte	healthy_vs_degenerated_severe	E2F4	0.04697986577181208	1.3595760016329361e-11	149	11	9	2	8.388583930075216e-09
NP_mature_chondrocyte	healthy_vs_degenerated_severe	GATA5	0.0	1.0	8	0	0	0	1.0
NP_mature_chondrocyte	healthy_vs_degenerated_severe	SRF	0.0	1.0	61	0	0	0	1.0
NP_mature_chondrocyte	healthy_vs_degenerated_severe	ELF1	0.0	1.0	44	0	0	0	1.0
NP_mature_chondrocyte	healthy_vs_degenerated_severe	GATA3	0.0	1.0	104	0	0	0	1.0
NP_mature_chondrocyte	healthy_vs_degenerated_severe	MSX1	0.0	1.0	14	0	0	0	1.0
NP_mature_chondrocyte	healthy_vs_degenerated_severe	OTX2	0.0	1.0	15	0	0	0	1.0
NP_mature_chondrocyte	healthy_vs_degenerated_severe	LHX2	0.0	1.0	17	0	0	0	1.0
NP_mature_chondrocyte	healthy_vs_degenerated_severe	GABPA	0.0	1.0	26	0	0	0	1.0
NP_mature_chondrocyte	healthy_vs_degenerated_severe	HSF2	0.0	1.0	19	0	0	0	1.0
NP_mature_chondrocyte	healthy_vs_degenerated_severe	VDR	0.0	1.0	81	0	0	0	1.0
NP_mature_chondrocyte	healthy_vs_degenerated_severe	HOXC8	0.0	1.0	12	0	0	0	1.0
NP_mature_chondrocyte	healthy_vs_degenerated_severe	HR	0.0	1.0	51	0	0	0	1.0
NP_mature_chondrocyte	healthy_vs_degenerated_severe	RELB	0.0	1.0	31	0	0	0	1.0
NP_mature_chondrocyte	healthy_vs_degenerated_severe	CEBPE	0.0	1.0	17	0	0	0	1.0
NP_mature_chondrocyte	healthy_vs_degenerated_severe	NR0B1	0.0	1.0	22	0	0	0	1.0
NP_mature_chondrocyte	healthy_vs_degenerated_severe	LEF1	0.0	1.0	54	0	0	0	1.0
NP_mature_chondrocyte	healthy_vs_degenerated_severe	ID1	0.0	1.0	52	0	0	0	1.0
NP_mature_chondrocyte	healthy_vs_degenerated_severe	ZNF143	0.0	1.0	22	0	0	0	1.0
NP_mature_chondrocyte	healthy_vs_degenerated_severe	SOX9	0.0	1.0	56	0	0	0	1.0
NP_mature_chondrocyte	healthy_vs_degenerated_severe	YBX1	0.015384615384615385	0.0023406543803979937	65	3	2	1	0.11392728945183664
NP_mature_chondrocyte	healthy_vs_degenerated_severe	HSF1	0.014925373134328358	0.24067642640462436	67	1	1	0	1.0
NP_mature_chondrocyte	healthy_vs_degenerated_severe	POU4F1	0.0	1.0	16	0	0	0	1.0
NP_mature_chondrocyte	healthy_vs_degenerated_severe	NOTO	0.0	1.0	5	0	0	0	1.0
NP_mature_chondrocyte	healthy_vs_degenerated_severe	HNF1B	0.0	1.0	19	0	0	0	1.0
NP_mature_chondrocyte	healthy_vs_degenerated_severe	PAX3	0.0	1.0	56	0	0	0	1.0
NP_mature_chondrocyte	healthy_vs_degenerated_severe	ID2	-0.024390243902439025	0.1548896776925059	41	1	0	1	0.9954888660028763
NP_mature_chondrocyte	healthy_vs_degenerated_severe	MEF2A	0.0	1.0	55	0	0	0	1.0
NP_mature_chondrocyte	healthy_vs_degenerated_severe	PDX1	0.021739130434782608	0.17209198479329157	46	1	1	0	1.0
NP_mature_chondrocyte	healthy_vs_degenerated_severe	NR2F2	0.030303030303030304	0.12663613982227886	33	1	1	0	0.8829048531889252
NP_mature_chondrocyte	healthy_vs_degenerated_severe	NR1H4	0.014705882352941176	0.2437998176579005	68	1	1	0	1.0
NP_mature_chondrocyte	healthy_vs_degenerated_severe	ASCL1	0.0	1.0	31	0	0	0	1.0
NP_mature_chondrocyte	healthy_vs_degenerated_severe	RFX1	0.0	1.0	17	0	0	0	1.0
NP_mature_chondrocyte	healthy_vs_degenerated_severe	CRX	0.0	1.0	10	0	0	0	1.0
NP_mature_chondrocyte	healthy_vs_degenerated_severe	NRL	0.0	1.0	10	0	0	0	1.0
NP_mature_chondrocyte	healthy_vs_degenerated_severe	UBTF	0.0	1.0	9	0	0	0	1.0
NP_mature_chondrocyte	healthy_vs_degenerated_severe	MYBL2	0.0	0.013874657396295904	44	2	1	1	0.35444226218029207
NP_mature_chondrocyte	healthy_vs_degenerated_severe	ELF2	0.0	1.0	7	0	0	0	1.0
NP_mature_chondrocyte	healthy_vs_degenerated_severe	JUND	0.0	1.0	58	0	0	0	1.0
NP_mature_chondrocyte	healthy_vs_degenerated_severe	TP63	0.0	0.11439871817637116	142	2	1	1	0.8308304800877321
NP_mature_chondrocyte	healthy_vs_degenerated_severe	NFKBIB	0.0	1.0	15	0	0	0	1.0
NP_mature_chondrocyte	healthy_vs_degenerated_severe	HOXC6	0.0	1.0	8	0	0	0	1.0
NP_mature_chondrocyte	healthy_vs_degenerated_severe	FOXO1	-0.011049723756906077	0.1688939789131274	181	2	0	2	1.0
NP_mature_chondrocyte	healthy_vs_degenerated_severe	PITX2	0.0	1.0	60	0	0	0	1.0
NP_mature_chondrocyte	healthy_vs_degenerated_severe	NR5A2	0.0	1.0	25	0	0	0	1.0
NP_mature_chondrocyte	healthy_vs_degenerated_severe	POU2F1	0.04081632653061224	4.5309064590010894e-05	49	4	3	1	0.00931856428401224
NP_mature_chondrocyte	healthy_vs_degenerated_severe	XBP1	0.0	1.0	40	0	0	0	1.0
NP_mature_chondrocyte	healthy_vs_degenerated_severe	SREBF1	0.0	1.0	82	0	0	0	1.0
NP_mature_chondrocyte	healthy_vs_degenerated_severe	TCF3	0.0	1.0	63	0	0	0	1.0
NP_mature_chondrocyte	healthy_vs_degenerated_severe	LRRFIP1	0.0	1.0	8	0	0	0	1.0
NP_mature_chondrocyte	healthy_vs_degenerated_severe	TCF12	0.0	1.0	25	0	0	0	1.0
NP_mature_chondrocyte	healthy_vs_degenerated_severe	E4F1	-0.125	0.032256680957197796	8	1	0	1	0.46284586396723354
NP_mature_chondrocyte	healthy_vs_degenerated_severe	BRCA1	0.020833333333333332	0.17887657629919526	48	1	1	0	1.0
NP_mature_chondrocyte	healthy_vs_degenerated_severe	ZNF362	-0.09090909090909091	0.044088619547037494	11	1	0	1	0.533385848245532
NP_mature_chondrocyte	healthy_vs_degenerated_severe	NRF1	0.0	1.0	63	0	0	0	1.0
NP_mature_chondrocyte	healthy_vs_degenerated_severe	GATA1	-0.014705882352941176	0.2437998176579005	68	1	0	1	1.0
NP_mature_chondrocyte	healthy_vs_degenerated_severe	MYCN	-0.009900990099009901	0.34010758316299494	101	1	0	1	1.0
NP_mature_chondrocyte	healthy_vs_degenerated_severe	PKNOX1	0.0	1.0	9	0	0	0	1.0
NP_mature_chondrocyte	healthy_vs_degenerated_severe	NR4A3	0.0	1.0	16	0	0	0	1.0
NP_mature_chondrocyte	healthy_vs_degenerated_severe	SSRP1	0.0	1.0	78	0	0	0	1.0
NP_mature_chondrocyte	healthy_vs_degenerated_severe	ZNF91	0.0	1.0	25	0	0	0	1.0
NP_mature_chondrocyte	healthy_vs_degenerated_severe	NR2C1	0.0	1.0	9	0	0	0	1.0
NP_mature_chondrocyte	healthy_vs_degenerated_severe	ID3	0.0	1.0	24	0	0	0	1.0
NP_mature_chondrocyte	healthy_vs_degenerated_severe	ERF	-0.07692307692307693	0.051897834912621114	13	1	0	1	0.5718029310908433
NP_mature_chondrocyte	healthy_vs_degenerated_severe	ZNF354C	-0.058823529411764705	0.06732949131675116	17	1	0	1	0.6112512981526482
NP_mature_chondrocyte	healthy_vs_degenerated_severe	HMGA2	0.07407407407407407	0.005379585126600433	27	2	2	0	0.22128026820749783
NP_mature_chondrocyte	healthy_vs_degenerated_severe	POU2F2	0.0	0.002400412905792344	18	2	1	1	0.11392728945183664
NP_mature_chondrocyte	healthy_vs_degenerated_severe	SREBF2	0.0	1.0	46	0	0	0	1.0
NP_mature_chondrocyte	healthy_vs_degenerated_severe	ELF4	0.0	1.0	30	0	0	0	1.0
NP_mature_chondrocyte	healthy_vs_degenerated_severe	TTF1	0.0	1.0	31	0	0	0	1.0
NP_mature_chondrocyte	healthy_vs_degenerated_severe	DLX4	-0.043478260869565216	0.09001730347569437	23	1	0	1	0.7213074836948496
NP_mature_chondrocyte	healthy_vs_degenerated_severe	NR1I2	-0.006756756756756757	0.456867067827371	148	1	0	1	1.0
NP_mature_chondrocyte	healthy_vs_degenerated_severe	NR1H3	-0.013888888888888888	0.25616818095395494	72	1	0	1	1.0
NP_mature_chondrocyte	healthy_vs_degenerated_severe	MITF	0.0	1.0	60	0	0	0	1.0
NP_mature_chondrocyte	healthy_vs_degenerated_severe	NCOA1	0.04081632653061224	0.017026860218908167	49	2	2	0	0.3907376046067005
NP_mature_chondrocyte	healthy_vs_degenerated_severe	NCOR1	0.0	1.0	57	0	0	0	1.0
NP_mature_chondrocyte	healthy_vs_degenerated_severe	FOSL1	0.029411764705882353	0.13021773361457406	34	1	1	0	0.8829048531889252
NP_mature_chondrocyte	healthy_vs_degenerated_severe	JUNB	0.017857142857142856	0.20547519353785096	56	1	1	0	1.0
NP_mature_chondrocyte	healthy_vs_degenerated_severe	DNMT1	0.034782608695652174	0.0012144927942440065	115	4	4	0	0.08326022822761689
NP_mature_chondrocyte	healthy_vs_degenerated_severe	KLF5	0.0392156862745098	0.018365300702746053	51	2	2	0	0.3907376046067005
NP_mature_chondrocyte	healthy_vs_degenerated_severe	NR3C2	0.0	1.0	35	0	0	0	1.0
NP_mature_chondrocyte	healthy_vs_degenerated_severe	MYRF	0.0	1.0	5	0	0	0	1.0
NP_mature_chondrocyte	healthy_vs_degenerated_severe	EBF1	0.0	1.0	10	0	0	0	1.0
NP_mature_chondrocyte	healthy_vs_degenerated_severe	CREBBP	0.0	1.0	25	0	0	0	1.0
NP_mature_chondrocyte	healthy_vs_degenerated_severe	ZFPM1	-0.1	0.04016045057251221	10	1	0	1	0.505693836800817
NP_mature_chondrocyte	healthy_vs_degenerated_severe	APEX1	0.0	1.0	27	0	0	0	1.0
NP_mature_chondrocyte	healthy_vs_degenerated_severe	TFAM	0.0	1.0	11	0	0	0	1.0
NP_mature_chondrocyte	healthy_vs_degenerated_severe	IRF4	0.0	1.0	29	0	0	0	1.0
NP_mature_chondrocyte	healthy_vs_degenerated_severe	ZBED1	0.0	1.0	16	0	0	0	1.0
NP_mature_chondrocyte	healthy_vs_degenerated_severe	NCOA2	0.0	1.0	39	0	0	0	1.0
NP_mature_chondrocyte	healthy_vs_degenerated_severe	FOXA1	0.03571428571428571	0.10851063536166897	28	1	1	0	0.8265563212117254
NP_mature_chondrocyte	healthy_vs_degenerated_severe	NR4A2	0.0	1.0	28	0	0	0	1.0
NP_mature_chondrocyte	healthy_vs_degenerated_severe	KLF1	-0.058823529411764705	0.06732949131675116	17	1	0	1	0.6112512981526482
NP_mature_chondrocyte	healthy_vs_degenerated_severe	LHX3	0.0	1.0	5	0	0	0	1.0
NP_mature_chondrocyte	healthy_vs_degenerated_severe	CTCF	-0.010752688172043012	0.3179253074759383	93	1	0	1	1.0
NP_mature_chondrocyte	healthy_vs_degenerated_severe	BCL6	-0.02	0.18560676799042627	50	1	0	1	1.0
NP_mature_chondrocyte	healthy_vs_degenerated_severe	RB1	0.03333333333333333	0.11580457258921387	30	1	1	0	0.8308304800877321
NP_mature_chondrocyte	healthy_vs_degenerated_severe	TFCP2	0.0	0.011009330694828097	39	2	1	1	0.3087616835776789
NP_mature_chondrocyte	healthy_vs_degenerated_severe	REST	0.05263157894736842	0.07495290451064723	19	1	1	0	0.6283109146162958
NP_mature_chondrocyte	healthy_vs_degenerated_severe	ESRRA	0.0	1.0	26	0	0	0	1.0
NP_mature_chondrocyte	healthy_vs_degenerated_severe	HOXD3	0.0	1.0	5	0	0	0	1.0
NP_mature_chondrocyte	healthy_vs_degenerated_severe	IRF9	0.0	1.0	13	0	0	0	1.0
NP_mature_chondrocyte	healthy_vs_degenerated_severe	TFE3	0.0	1.0	27	0	0	0	1.0
NP_mature_chondrocyte	healthy_vs_degenerated_severe	ZNF236	0.0	1.0	6	0	0	0	1.0
NP_mature_chondrocyte	healthy_vs_degenerated_severe	TFAP2C	0.0	1.0	15	0	0	0	1.0
NP_mature_chondrocyte	healthy_vs_degenerated_severe	PAX8	0.0	1.0	16	0	0	0	1.0
NP_mature_chondrocyte	healthy_vs_degenerated_severe	NKX2-1	0.03333333333333333	0.11580457258921387	30	1	1	0	0.8308304800877321
NP_mature_chondrocyte	healthy_vs_degenerated_severe	PBX1	0.0	1.0	24	0	0	0	1.0
NP_mature_chondrocyte	healthy_vs_degenerated_severe	SP4	0.0	1.0	32	0	0	0	1.0
NP_mature_chondrocyte	healthy_vs_degenerated_severe	CIITA	0.0	1.0	20	0	0	0	1.0
NP_mature_chondrocyte	healthy_vs_degenerated_severe	CDX2	0.0	1.0	30	0	0	0	1.0
NP_mature_chondrocyte	healthy_vs_degenerated_severe	ELF3	0.0	1.0	16	0	0	0	1.0
NP_mature_chondrocyte	healthy_vs_degenerated_severe	ELF5	0.0	1.0	5	0	0	0	1.0
NP_mature_chondrocyte	healthy_vs_degenerated_severe	ZEB1	0.0	1.0	32	0	0	0	1.0
NP_mature_chondrocyte	healthy_vs_degenerated_severe	EGR3	0.05555555555555555	0.07114884887033693	18	1	1	0	0.6182935176478574
NP_mature_chondrocyte	healthy_vs_degenerated_severe	EWSR1	0.0	1.0	44	0	0	0	1.0
NP_mature_chondrocyte	healthy_vs_degenerated_severe	NAB2	0.0	1.0	6	0	0	0	1.0
NP_mature_chondrocyte	healthy_vs_degenerated_severe	DEAF1	0.0	1.0	7	0	0	0	1.0
NP_mature_chondrocyte	healthy_vs_degenerated_severe	TBPL1	0.0	1.0	26	0	0	0	1.0
NP_mature_chondrocyte	healthy_vs_degenerated_severe	MEF2C	0.0	1.0	33	0	0	0	1.0
NP_mature_chondrocyte	healthy_vs_degenerated_severe	POU4F2	0.0	1.0	15	0	0	0	1.0
NP_mature_chondrocyte	healthy_vs_degenerated_severe	TAL1	0.0	1.0	60	0	0	0	1.0
NP_mature_chondrocyte	healthy_vs_degenerated_severe	EPAS1	-0.016666666666666666	0.2184565452046458	60	1	0	1	1.0
NP_mature_chondrocyte	healthy_vs_degenerated_severe	SMARCA1	0.0	0.007967473536047254	33	2	1	1	0.25873321956532397
NP_mature_chondrocyte	healthy_vs_degenerated_severe	NFATC4	0.0	1.0	27	0	0	0	1.0
NP_mature_chondrocyte	healthy_vs_degenerated_severe	FOXM1	0.034482758620689655	0.023384744202707107	58	2	2	0	0.4162908295411973
NP_mature_chondrocyte	healthy_vs_degenerated_severe	MYF5	0.0	1.0	12	0	0	0	1.0
NP_mature_chondrocyte	healthy_vs_degenerated_severe	MYOG	0.0	1.0	29	0	0	0	1.0
NP_mature_chondrocyte	healthy_vs_degenerated_severe	SMAD7	-0.022727272727272728	0.16525256361016732	44	1	0	1	1.0
NP_mature_chondrocyte	healthy_vs_degenerated_severe	SOX10	0.0	1.0	15	0	0	0	1.0
NP_mature_chondrocyte	healthy_vs_degenerated_severe	POU3F1	0.0	1.0	5	0	0	0	1.0
NP_mature_chondrocyte	healthy_vs_degenerated_severe	NKRF	0.0	1.0	7	0	0	0	1.0
NP_mature_chondrocyte	healthy_vs_degenerated_severe	ATF6	0.0	1.0	40	0	0	0	1.0
NP_mature_chondrocyte	healthy_vs_degenerated_severe	NKX6-1	0.0	1.0	7	0	0	0	1.0
NP_mature_chondrocyte	healthy_vs_degenerated_severe	ERG	0.0	1.0	35	0	0	0	1.0
NP_mature_chondrocyte	healthy_vs_degenerated_severe	PITX3	0.0	1.0	9	0	0	0	1.0
NP_mature_chondrocyte	healthy_vs_degenerated_severe	HOXB2	0.0	1.0	5	0	0	0	1.0
NP_mature_chondrocyte	healthy_vs_degenerated_severe	SATB1	0.0	1.0	23	0	0	0	1.0
NP_mature_chondrocyte	healthy_vs_degenerated_severe	NFKB2	0.0	1.0	42	0	0	0	1.0
NP_mature_chondrocyte	healthy_vs_degenerated_severe	RORA	0.0	1.0	34	0	0	0	1.0
NP_mature_chondrocyte	healthy_vs_degenerated_severe	PROX1	0.0	1.0	14	0	0	0	1.0
NP_mature_chondrocyte	healthy_vs_degenerated_severe	KLF3	0.0	1.0	5	0	0	0	1.0
NP_mature_chondrocyte	healthy_vs_degenerated_severe	PEG3	0.0	1.0	6	0	0	0	1.0
NP_mature_chondrocyte	healthy_vs_degenerated_severe	NR2E3	0.0	1.0	6	0	0	0	1.0
NP_mature_chondrocyte	healthy_vs_degenerated_severe	NCOR2	0.0	1.0	41	0	0	0	1.0
NP_mature_chondrocyte	healthy_vs_degenerated_severe	NCOA3	0.04	0.017690637679174063	50	2	2	0	0.3907376046067005
NP_mature_chondrocyte	healthy_vs_degenerated_severe	ZFHX3	0.0	1.0	5	0	0	0	1.0
NP_mature_chondrocyte	healthy_vs_degenerated_severe	SMAD1	0.0	1.0	45	0	0	0	1.0
NP_mature_chondrocyte	healthy_vs_degenerated_severe	SPDEF	0.0	1.0	8	0	0	0	1.0
NP_mature_chondrocyte	healthy_vs_degenerated_severe	PAX2	0.0	1.0	9	0	0	0	1.0
NP_mature_chondrocyte	healthy_vs_degenerated_severe	KLF13	0.0	1.0	9	0	0	0	1.0
NP_mature_chondrocyte	healthy_vs_degenerated_severe	GTF2IRD1	0.0	1.0	5	0	0	0	1.0
NP_mature_chondrocyte	healthy_vs_degenerated_severe	MAFB	0.0	1.0	28	0	0	0	1.0
NP_mature_chondrocyte	healthy_vs_degenerated_severe	ELK3	0.0	1.0	18	0	0	0	1.0
NP_mature_chondrocyte	healthy_vs_degenerated_severe	KLF6	0.0	1.0	37	0	0	0	1.0
NP_mature_chondrocyte	healthy_vs_degenerated_severe	SNAI1	0.0	1.0	68	0	0	0	1.0
NP_mature_chondrocyte	healthy_vs_degenerated_severe	HESX1	0.0	1.0	14	0	0	0	1.0
NP_mature_chondrocyte	healthy_vs_degenerated_severe	BACH2	0.16666666666666666	0.024289254235791088	6	1	1	0	0.4162908295411973
NP_mature_chondrocyte	healthy_vs_degenerated_severe	PATZ1	0.0	1.0	8	0	0	0	1.0
NP_mature_chondrocyte	healthy_vs_degenerated_severe	ZHX2	-0.14285714285714285	0.02828095597050769	7	1	0	1	0.44741922650777555
NP_mature_chondrocyte	healthy_vs_degenerated_severe	ONECUT1	0.0	1.0	12	0	0	0	1.0
NP_mature_chondrocyte	healthy_vs_degenerated_severe	RXRA	0.0	1.0	49	0	0	0	1.0
NP_mature_chondrocyte	healthy_vs_degenerated_severe	NR1H2	-0.034482758620689655	0.11216493145624777	29	1	0	1	0.8308304800877321
NP_mature_chondrocyte	healthy_vs_degenerated_severe	KAT5	0.025	0.15140749614233168	40	1	1	0	0.983351843366512
NP_mature_chondrocyte	healthy_vs_degenerated_severe	YBX3	0.0	1.0	21	0	0	0	1.0
NP_mature_chondrocyte	healthy_vs_degenerated_severe	SMAD6	0.0	1.0	17	0	0	0	1.0
NP_mature_chondrocyte	healthy_vs_degenerated_severe	MYBL1	0.0	1.0	9	0	0	0	1.0
NP_mature_chondrocyte	healthy_vs_degenerated_severe	CDX1	0.0	1.0	18	0	0	0	1.0
NP_mature_chondrocyte	healthy_vs_degenerated_severe	TFDP1	0.10344827586206896	0.00021700753461746438	29	3	3	0	0.03347341221474388
NP_mature_chondrocyte	healthy_vs_degenerated_severe	KMT2A	0.018518518518518517	0.1989056549332244	54	1	1	0	1.0
NP_mature_chondrocyte	healthy_vs_degenerated_severe	GATA2	0.0	1.0	40	0	0	0	1.0
NP_mature_chondrocyte	healthy_vs_degenerated_severe	PRDM1	0.0	1.0	34	0	0	0	1.0
NP_mature_chondrocyte	healthy_vs_degenerated_severe	MXD1	0.0	1.0	16	0	0	0	1.0
NP_mature_chondrocyte	healthy_vs_degenerated_severe	CLOCK	0.0	1.0	45	0	0	0	1.0
NP_mature_chondrocyte	healthy_vs_degenerated_severe	BHLHE40	0.0	1.0	27	0	0	0	1.0
NP_mature_chondrocyte	healthy_vs_degenerated_severe	SRY	0.0	1.0	19	0	0	0	1.0
NP_mature_chondrocyte	healthy_vs_degenerated_severe	MAF	0.0	1.0	29	0	0	0	1.0
NP_mature_chondrocyte	healthy_vs_degenerated_severe	AIRE	0.0	1.0	12	0	0	0	1.0
NP_mature_chondrocyte	healthy_vs_degenerated_severe	ZGPAT	0.0	1.0	5	0	0	0	1.0
NP_mature_chondrocyte	healthy_vs_degenerated_severe	ETV1	0.0	1.0	13	0	0	0	1.0
NP_mature_chondrocyte	healthy_vs_degenerated_severe	KLF4	-0.0136986301369863	0.2592292172463254	73	1	0	1	1.0
NP_mature_chondrocyte	healthy_vs_degenerated_severe	EGR2	0.0	1.0	45	0	0	0	1.0
NP_mature_chondrocyte	healthy_vs_degenerated_severe	NEUROG3	0.0	1.0	11	0	0	0	1.0
NP_mature_chondrocyte	healthy_vs_degenerated_severe	CXXC1	0.0	1.0	11	0	0	0	1.0
NP_mature_chondrocyte	healthy_vs_degenerated_severe	TBX21	0.0	1.0	18	0	0	0	1.0
NP_mature_chondrocyte	healthy_vs_degenerated_severe	HOXA10	0.06896551724137931	0.006190344713462817	29	2	2	0	0.22467309930626814
NP_mature_chondrocyte	healthy_vs_degenerated_severe	LMX1B	0.0	1.0	12	0	0	0	1.0
NP_mature_chondrocyte	healthy_vs_degenerated_severe	TBX2	0.0	1.0	20	0	0	0	1.0
NP_mature_chondrocyte	healthy_vs_degenerated_severe	ZNF699	0.0	1.0	30	0	0	0	1.0
NP_mature_chondrocyte	healthy_vs_degenerated_severe	RFX5	0.0	1.0	13	0	0	0	1.0
NP_mature_chondrocyte	healthy_vs_degenerated_severe	RFXANK	0.0	1.0	8	0	0	0	1.0
NP_mature_chondrocyte	healthy_vs_degenerated_severe	RFXAP	0.0	1.0	7	0	0	0	1.0
NP_mature_chondrocyte	healthy_vs_degenerated_severe	BARX2	0.0	1.0	10	0	0	0	1.0
NP_mature_chondrocyte	healthy_vs_degenerated_severe	FOXO4	0.0	1.0	21	0	0	0	1.0
NP_mature_chondrocyte	healthy_vs_degenerated_severe	DLX5	0.0	1.0	20	0	0	0	1.0
NP_mature_chondrocyte	healthy_vs_degenerated_severe	ID4	0.0	1.0	9	0	0	0	1.0
NP_mature_chondrocyte	healthy_vs_degenerated_severe	SPIB	0.0	1.0	9	0	0	0	1.0
NP_mature_chondrocyte	healthy_vs_degenerated_severe	FOXN1	0.0	1.0	30	0	0	0	1.0
NP_mature_chondrocyte	healthy_vs_degenerated_severe	TBX5	0.0	1.0	11	0	0	0	1.0
NP_mature_chondrocyte	healthy_vs_degenerated_severe	TLX1	0.0	1.0	6	0	0	0	1.0
NP_mature_chondrocyte	healthy_vs_degenerated_severe	HIVEP1	0.0	1.0	8	0	0	0	1.0
NP_mature_chondrocyte	healthy_vs_degenerated_severe	SMAD2	0.0	1.0	56	0	0	0	1.0
NP_mature_chondrocyte	healthy_vs_degenerated_severe	NKX3-1	0.0196078431372549	0.18895159733617964	51	1	1	0	1.0
NP_mature_chondrocyte	healthy_vs_degenerated_severe	HAND2	0.0	1.0	18	0	0	0	1.0
NP_mature_chondrocyte	healthy_vs_degenerated_severe	PAX7	0.0	1.0	9	0	0	0	1.0
NP_mature_chondrocyte	healthy_vs_degenerated_severe	SFPQ	0.0	1.0	20	0	0	0	1.0
NP_mature_chondrocyte	healthy_vs_degenerated_severe	BMAL1	0.0	1.0	45	0	0	0	1.0
NP_mature_chondrocyte	healthy_vs_degenerated_severe	SKIL	0.0	1.0	14	0	0	0	1.0
NP_mature_chondrocyte	healthy_vs_degenerated_severe	TBXT	0.0	1.0	6	0	0	0	1.0
NP_mature_chondrocyte	healthy_vs_degenerated_severe	MSX2	0.0	1.0	22	0	0	0	1.0
NP_mature_chondrocyte	healthy_vs_degenerated_severe	MZF1	0.0	1.0	14	0	0	0	1.0
NP_mature_chondrocyte	healthy_vs_degenerated_severe	HOXA5	0.0	1.0	9	0	0	0	1.0
NP_mature_chondrocyte	healthy_vs_degenerated_severe	HOXB4	0.0	1.0	5	0	0	0	1.0
NP_mature_chondrocyte	healthy_vs_degenerated_severe	CREB3	0.0	1.0	8	0	0	0	1.0
NP_mature_chondrocyte	healthy_vs_degenerated_severe	NFE2	0.0	0.0008787608272591427	11	2	1	1	0.06777442880236138
NP_mature_chondrocyte	healthy_vs_degenerated_severe	ZNF76	0.0	1.0	6	0	0	0	1.0
NP_mature_chondrocyte	healthy_vs_degenerated_severe	FOXQ1	0.0	1.0	9	0	0	0	1.0
NP_mature_chondrocyte	healthy_vs_degenerated_severe	ZGLP1	0.0	1.0	9	0	0	0	1.0
NP_mature_chondrocyte	healthy_vs_degenerated_severe	NFYB	-0.06896551724137931	0.006190344713462817	29	2	0	2	0.22467309930626814
NP_mature_chondrocyte	healthy_vs_degenerated_severe	ETV3	-0.1	0.04016045057251221	10	1	0	1	0.505693836800817
NP_mature_chondrocyte	healthy_vs_degenerated_severe	GSC	0.0	1.0	5	0	0	0	1.0
NP_mature_chondrocyte	healthy_vs_degenerated_severe	IRF7	0.0	1.0	8	0	0	0	1.0
NP_mature_chondrocyte	healthy_vs_degenerated_severe	NFATC3	0.0	1.0	18	0	0	0	1.0
NP_mature_chondrocyte	healthy_vs_degenerated_severe	KDM5A	0.0	1.0	13	0	0	0	1.0
NP_mature_chondrocyte	healthy_vs_degenerated_severe	GRHL3	0.0	1.0	14	0	0	0	1.0
NP_mature_chondrocyte	healthy_vs_degenerated_severe	THRA	0.0	1.0	42	0	0	0	1.0
NP_mature_chondrocyte	healthy_vs_degenerated_severe	SOX17	0.0	1.0	25	0	0	0	1.0
NP_mature_chondrocyte	healthy_vs_degenerated_severe	TBX15	0.0	1.0	19	0	0	0	1.0
NP_mature_chondrocyte	healthy_vs_degenerated_severe	NFAT5	0.0	1.0	35	0	0	0	1.0
NP_mature_chondrocyte	healthy_vs_degenerated_severe	BMAL2	0.0	1.0	7	0	0	0	1.0
NP_mature_chondrocyte	healthy_vs_degenerated_severe	NFE2L2	-0.006993006993006993	0.44547687663659136	143	1	0	1	1.0
NP_mature_chondrocyte	healthy_vs_degenerated_severe	ZIC1	0.0	1.0	9	0	0	0	1.0
NP_mature_chondrocyte	healthy_vs_degenerated_severe	MEIS1	0.0	1.0	9	0	0	0	1.0
NP_mature_chondrocyte	healthy_vs_degenerated_severe	HOXA9	0.0	1.0	27	0	0	0	1.0
NP_mature_chondrocyte	healthy_vs_degenerated_severe	MAFA	0.0	1.0	12	0	0	0	1.0
NP_mature_chondrocyte	healthy_vs_degenerated_severe	NR1D1	0.0	1.0	13	0	0	0	1.0
NP_mature_chondrocyte	healthy_vs_degenerated_severe	MYF6	0.0	1.0	6	0	0	0	1.0
NP_mature_chondrocyte	healthy_vs_degenerated_severe	ZNF263	0.0	1.0	5	0	0	0	1.0
NP_mature_chondrocyte	healthy_vs_degenerated_severe	NFIA	0.0	1.0	32	0	0	0	1.0
NP_mature_chondrocyte	healthy_vs_degenerated_severe	HEY2	0.0	1.0	10	0	0	0	1.0
NP_mature_chondrocyte	healthy_vs_degenerated_severe	HOXB7	0.0	1.0	11	0	0	0	1.0
NP_mature_chondrocyte	healthy_vs_degenerated_severe	ZNF350	0.0	1.0	9	0	0	0	1.0
NP_mature_chondrocyte	healthy_vs_degenerated_severe	BCL11A	0.125	0.032256680957197796	8	1	1	0	0.46284586396723354
NP_mature_chondrocyte	healthy_vs_degenerated_severe	TWIST1	0.018867924528301886	0.19560098809858448	53	1	1	0	1.0
NP_mature_chondrocyte	healthy_vs_degenerated_severe	ZNF395	0.0	1.0	5	0	0	0	1.0
NP_mature_chondrocyte	healthy_vs_degenerated_severe	TFDP2	0.0	1.0	5	0	0	0	1.0
NP_mature_chondrocyte	healthy_vs_degenerated_severe	GTF3A	0.0	1.0	16	0	0	0	1.0
NP_mature_chondrocyte	healthy_vs_degenerated_severe	KLF10	0.0	1.0	17	0	0	0	1.0
NP_mature_chondrocyte	healthy_vs_degenerated_severe	KLF2	-0.029411764705882353	0.13021773361457406	34	1	0	1	0.8829048531889252
NP_mature_chondrocyte	healthy_vs_degenerated_severe	PHF20	0.0	1.0	7	0	0	0	1.0
NP_mature_chondrocyte	healthy_vs_degenerated_severe	TGIF1	0.0	1.0	8	0	0	0	1.0
NP_mature_chondrocyte	healthy_vs_degenerated_severe	FOXG1	0.08333333333333333	0.04800106046712256	12	1	1	0	0.5384846237857204
NP_mature_chondrocyte	healthy_vs_degenerated_severe	SF1	0.0	1.0	5	0	0	0	1.0
NP_mature_chondrocyte	healthy_vs_degenerated_severe	MBD2	0.0	1.0	57	0	0	0	1.0
NP_mature_chondrocyte	healthy_vs_degenerated_severe	FOXF2	0.0	1.0	8	0	0	0	1.0
NP_mature_chondrocyte	healthy_vs_degenerated_severe	HEY1	0.0	1.0	21	0	0	0	1.0
NP_mature_chondrocyte	healthy_vs_degenerated_severe	ZBTB17	0.0	1.0	36	0	0	0	1.0
NP_mature_chondrocyte	healthy_vs_degenerated_severe	IRF5	0.0	1.0	12	0	0	0	1.0
NP_mature_chondrocyte	healthy_vs_degenerated_severe	THRB	0.0	1.0	30	0	0	0	1.0
NP_mature_chondrocyte	healthy_vs_degenerated_severe	POU3F2	0.0	1.0	13	0	0	0	1.0
NP_mature_chondrocyte	healthy_vs_degenerated_severe	FOXI1	0.0	1.0	5	0	0	0	1.0
NP_mature_chondrocyte	healthy_vs_degenerated_severe	KCNIP3	0.25	0.00045088106367709147	8	2	2	0	0.041442729412862075
NP_mature_chondrocyte	healthy_vs_degenerated_severe	FOSB	0.0	1.0	20	0	0	0	1.0
NP_mature_chondrocyte	healthy_vs_degenerated_severe	NFE2L1	-0.125	0.032256680957197796	8	1	0	1	0.46284586396723354
NP_mature_chondrocyte	healthy_vs_degenerated_severe	TRERF1	0.0	1.0	5	0	0	0	1.0
NP_mature_chondrocyte	healthy_vs_degenerated_severe	FOXP1	0.0	1.0	11	0	0	0	1.0
NP_mature_chondrocyte	healthy_vs_degenerated_severe	FOXP2	0.0	1.0	5	0	0	0	1.0
NP_mature_chondrocyte	healthy_vs_degenerated_severe	BARX1	0.0	1.0	7	0	0	0	1.0
NP_mature_chondrocyte	healthy_vs_degenerated_severe	ZFPM2	0.0	1.0	7	0	0	0	1.0
NP_mature_chondrocyte	healthy_vs_degenerated_severe	IKZF1	0.0	1.0	15	0	0	0	1.0
NP_mature_chondrocyte	healthy_vs_degenerated_severe	BCL3	0.0	1.0	19	0	0	0	1.0
NP_mature_chondrocyte	healthy_vs_degenerated_severe	SP2	-0.0625	0.06349477167075286	16	1	0	1	0.6112512981526482
NP_mature_chondrocyte	healthy_vs_degenerated_severe	SIM2	0.0	1.0	8	0	0	0	1.0
NP_mature_chondrocyte	healthy_vs_degenerated_severe	NFATC1	0.015625	0.23123033788805797	64	1	1	0	1.0
NP_mature_chondrocyte	healthy_vs_degenerated_severe	POU2F3	0.0	1.0	5	0	0	0	1.0
NP_mature_chondrocyte	healthy_vs_degenerated_severe	HOXA7	0.0	1.0	10	0	0	0	1.0
NP_mature_chondrocyte	healthy_vs_degenerated_severe	NPAS2	0.0	1.0	6	0	0	0	1.0
NP_mature_chondrocyte	healthy_vs_degenerated_severe	DLX2	0.0	1.0	11	0	0	0	1.0
NP_mature_chondrocyte	healthy_vs_degenerated_severe	PRRX1	0.0	1.0	5	0	0	0	1.0
NP_mature_chondrocyte	healthy_vs_degenerated_severe	VEZF1	0.0	1.0	6	0	0	0	1.0
NP_mature_chondrocyte	healthy_vs_degenerated_severe	CTBP2	0.0	1.0	9	0	0	0	1.0
NP_mature_chondrocyte	healthy_vs_degenerated_severe	SOX6	-0.06666666666666667	0.05964462952193299	15	1	0	1	0.6112512981526482
NP_mature_chondrocyte	healthy_vs_degenerated_severe	HIPK2	0.0	1.0	7	0	0	0	1.0
NP_mature_chondrocyte	healthy_vs_degenerated_severe	RORC	0.0	1.0	6	0	0	0	1.0
NP_mature_chondrocyte	healthy_vs_degenerated_severe	PPARD	0.0	1.0	61	0	0	0	1.0
NP_mature_chondrocyte	healthy_vs_degenerated_severe	MECOM	0.0	1.0	13	0	0	0	1.0
NP_mature_chondrocyte	healthy_vs_degenerated_severe	SIRT1	0.0	1.0	39	0	0	0	1.0
NP_mature_chondrocyte	healthy_vs_degenerated_severe	ZBTB7B	0.0	1.0	12	0	0	0	1.0
NP_mature_chondrocyte	healthy_vs_degenerated_severe	ZBTB7A	-0.034482758620689655	0.11216493145624777	29	1	0	1	0.8308304800877321
NP_mature_chondrocyte	healthy_vs_degenerated_severe	NR6A1	0.0	1.0	5	0	0	0	1.0
NP_mature_chondrocyte	healthy_vs_degenerated_severe	STAT2	0.0	1.0	29	0	0	0	1.0
NP_mature_chondrocyte	healthy_vs_degenerated_severe	ESRRG	0.0	1.0	14	0	0	0	1.0
NP_mature_chondrocyte	healthy_vs_degenerated_severe	PRDM2	0.0	1.0	7	0	0	0	1.0
NP_mature_chondrocyte	healthy_vs_degenerated_severe	PURA	0.0	1.0	14	0	0	0	1.0
NP_mature_chondrocyte	healthy_vs_degenerated_severe	SALL2	0.0	1.0	5	0	0	0	1.0
NP_mature_chondrocyte	healthy_vs_degenerated_severe	NEUROD6	0.0	1.0	8	0	0	0	1.0
NP_mature_chondrocyte	healthy_vs_degenerated_severe	NEUROG2	0.0	1.0	8	0	0	0	1.0
NP_mature_chondrocyte	healthy_vs_degenerated_severe	HMGB2	0.0	1.0	6	0	0	0	1.0
NP_mature_chondrocyte	healthy_vs_degenerated_severe	DLX3	0.0	1.0	10	0	0	0	1.0
NP_mature_chondrocyte	healthy_vs_degenerated_severe	TWIST2	0.0	1.0	24	0	0	0	1.0
NP_mature_chondrocyte	healthy_vs_degenerated_severe	TFAP4	0.0	1.0	23	0	0	0	1.0
NP_mature_chondrocyte	healthy_vs_degenerated_severe	KAT6B	0.0	1.0	6	0	0	0	1.0
NP_mature_chondrocyte	healthy_vs_degenerated_severe	SALL3	0.0	1.0	5	0	0	0	1.0
NP_mature_chondrocyte	healthy_vs_degenerated_severe	MXI1	0.0	1.0	8	0	0	0	1.0
NP_mature_chondrocyte	healthy_vs_degenerated_severe	E2F5	0.0	1.0	9	0	0	0	1.0
NP_mature_chondrocyte	healthy_vs_degenerated_severe	E2F2	0.023255813953488372	0.16181215665076124	43	1	1	0	1.0
NP_mature_chondrocyte	healthy_vs_degenerated_severe	FOXD3	0.0	1.0	8	0	0	0	1.0
NP_mature_chondrocyte	healthy_vs_degenerated_severe	POU5F1	0.0	1.0	40	0	0	0	1.0
NP_mature_chondrocyte	healthy_vs_degenerated_severe	PLAGL1	0.0	1.0	14	0	0	0	1.0
NP_mature_chondrocyte	healthy_vs_degenerated_severe	SNAI2	0.0	1.0	27	0	0	0	1.0
NP_mature_chondrocyte	healthy_vs_degenerated_severe	NOTCH1	0.0	1.0	41	0	0	0	1.0
NP_mature_chondrocyte	healthy_vs_degenerated_severe	FOXC2	0.0	1.0	11	0	0	0	1.0
NP_mature_chondrocyte	healthy_vs_degenerated_severe	FOXD1	0.0	1.0	5	0	0	0	1.0
NP_mature_chondrocyte	healthy_vs_degenerated_severe	KLF9	0.0	1.0	16	0	0	0	1.0
NP_mature_chondrocyte	healthy_vs_degenerated_severe	TBPL2	0.0	1.0	8	0	0	0	1.0
NP_mature_chondrocyte	healthy_vs_degenerated_severe	NFIL3	0.0	1.0	15	0	0	0	1.0
NP_mature_chondrocyte	healthy_vs_degenerated_severe	ZNF384	0.0	1.0	10	0	0	0	1.0
NP_mature_chondrocyte	healthy_vs_degenerated_severe	HOXA11	0.0	1.0	5	0	0	0	1.0
NP_mature_chondrocyte	healthy_vs_degenerated_severe	MEF2D	0.0	1.0	17	0	0	0	1.0
NP_mature_chondrocyte	healthy_vs_degenerated_severe	SMAD5	0.0	1.0	27	0	0	0	1.0
NP_mature_chondrocyte	healthy_vs_degenerated_severe	MLXIPL	0.0	1.0	10	0	0	0	1.0
NP_mature_chondrocyte	healthy_vs_degenerated_severe	ZBTB33	0.0	1.0	7	0	0	0	1.0
NP_mature_chondrocyte	healthy_vs_degenerated_severe	KLF15	0.0	1.0	12	0	0	0	1.0
NP_mature_chondrocyte	healthy_vs_degenerated_severe	DNMT3A	0.0	1.0	39	0	0	0	1.0
NP_mature_chondrocyte	healthy_vs_degenerated_severe	DNMT3B	0.0392156862745098	0.018365300702746053	51	2	2	0	0.3907376046067005
NP_mature_chondrocyte	healthy_vs_degenerated_severe	OLIG2	0.0	1.0	10	0	0	0	1.0
NP_mature_chondrocyte	healthy_vs_degenerated_severe	MAFG	0.0	1.0	9	0	0	0	1.0
NP_mature_chondrocyte	healthy_vs_degenerated_severe	TEF	0.0	1.0	9	0	0	0	1.0
NP_mature_chondrocyte	healthy_vs_degenerated_severe	HOXD13	0.0	1.0	8	0	0	0	1.0
NP_mature_chondrocyte	healthy_vs_degenerated_severe	ZKSCAN7	0.0	1.0	7	0	0	0	1.0
NP_mature_chondrocyte	healthy_vs_degenerated_severe	BACH1	0.07142857142857142	0.05577900422774252	14	1	1	0	0.5933732001468471
NP_mature_chondrocyte	healthy_vs_degenerated_severe	TEAD4	0.0	1.0	7	0	0	0	1.0
NP_mature_chondrocyte	healthy_vs_degenerated_severe	GCM1	0.0	1.0	5	0	0	0	1.0
NP_mature_chondrocyte	healthy_vs_degenerated_severe	BHLHE41	0.0	1.0	18	0	0	0	1.0
NP_mature_chondrocyte	healthy_vs_degenerated_severe	MTA1	0.025	0.15140749614233168	40	1	1	0	0.983351843366512
NP_mature_chondrocyte	healthy_vs_degenerated_severe	EHF	0.0	1.0	8	0	0	0	1.0
NP_mature_chondrocyte	healthy_vs_degenerated_severe	TCF7L2	0.0	1.0	73	0	0	0	1.0
NP_mature_chondrocyte	healthy_vs_degenerated_severe	VSX2	0.0	1.0	13	0	0	0	1.0
NP_mature_chondrocyte	healthy_vs_degenerated_severe	TSC22D1	0.0	1.0	7	0	0	0	1.0
NP_mature_chondrocyte	healthy_vs_degenerated_severe	SOX5	0.0	1.0	10	0	0	0	1.0
NP_mature_chondrocyte	healthy_vs_degenerated_severe	SOX2	0.0	1.0	34	0	0	0	1.0
NP_mature_chondrocyte	healthy_vs_degenerated_severe	NKX3-2	0.0	1.0	6	0	0	0	1.0
NP_mature_chondrocyte	healthy_vs_degenerated_severe	PAX9	0.14285714285714285	0.02828095597050769	7	1	1	0	0.44741922650777555
NP_mature_chondrocyte	healthy_vs_degenerated_severe	TCF21	0.0	1.0	6	0	0	0	1.0
NP_mature_chondrocyte	healthy_vs_degenerated_severe	HIC1	0.0	1.0	17	0	0	0	1.0
NP_mature_chondrocyte	healthy_vs_degenerated_severe	ZEB2	0.0	1.0	17	0	0	0	1.0
NP_mature_chondrocyte	healthy_vs_degenerated_severe	NONO	0.0	1.0	11	0	0	0	1.0
NP_mature_chondrocyte	healthy_vs_degenerated_severe	CEBPZ	0.0	1.0	13	0	0	0	1.0
NP_mature_chondrocyte	healthy_vs_degenerated_severe	SIX1	0.0	1.0	7	0	0	0	1.0
NP_mature_chondrocyte	healthy_vs_degenerated_severe	NFIX	0.0	1.0	15	0	0	0	1.0
NP_mature_chondrocyte	healthy_vs_degenerated_severe	MNT	0.0	1.0	8	0	0	0	1.0
NP_mature_chondrocyte	healthy_vs_degenerated_severe	HOXA1	0.0	1.0	14	0	0	0	1.0
NP_mature_chondrocyte	healthy_vs_degenerated_severe	BCL11B	0.0	1.0	18	0	0	0	1.0
NP_mature_chondrocyte	healthy_vs_degenerated_severe	RXRB	0.0	1.0	7	0	0	0	1.0
NP_mature_chondrocyte	healthy_vs_degenerated_severe	E2F6	0.0	0.007967473536047254	33	2	1	1	0.25873321956532397
NP_mature_chondrocyte	healthy_vs_degenerated_severe	HOXA13	0.0	1.0	6	0	0	0	1.0
NP_mature_chondrocyte	healthy_vs_degenerated_severe	KAT6A	0.0	1.0	11	0	0	0	1.0
NP_mature_chondrocyte	healthy_vs_degenerated_severe	GFI1	0.0	1.0	33	0	0	0	1.0
NP_mature_chondrocyte	healthy_vs_degenerated_severe	RUNX3	0.0	1.0	44	0	0	0	1.0
NP_mature_chondrocyte	healthy_vs_degenerated_severe	GLI1	0.017543859649122806	0.0789854518395921	114	2	2	0	0.6497869838003777
NP_mature_chondrocyte	healthy_vs_degenerated_severe	KLF8	0.06666666666666667	0.05964462952193299	15	1	1	0	0.6112512981526482
NP_mature_chondrocyte	healthy_vs_degenerated_severe	HIF3A	0.0	1.0	5	0	0	0	1.0
NP_mature_chondrocyte	healthy_vs_degenerated_severe	MEOX2	0.0	1.0	6	0	0	0	1.0
NP_mature_chondrocyte	healthy_vs_degenerated_severe	JARID2	0.0	1.0	10	0	0	0	1.0
NP_mature_chondrocyte	healthy_vs_degenerated_severe	NFYC	-0.05555555555555555	0.07114884887033693	18	1	0	1	0.6182935176478574
NP_mature_chondrocyte	healthy_vs_degenerated_severe	GFI1B	0.0	1.0	9	0	0	0	1.0
NP_mature_chondrocyte	healthy_vs_degenerated_severe	ASCL2	0.0	1.0	5	0	0	0	1.0
NP_mature_chondrocyte	healthy_vs_degenerated_severe	MSC	0.0	1.0	13	0	0	0	1.0
NP_mature_chondrocyte	healthy_vs_degenerated_severe	HOXB9	0.0	1.0	5	0	0	0	1.0
NP_mature_chondrocyte	healthy_vs_degenerated_severe	HLX	0.0	1.0	12	0	0	0	1.0
NP_mature_chondrocyte	healthy_vs_degenerated_severe	RCOR2	0.0	1.0	12	0	0	0	1.0
NP_mature_chondrocyte	healthy_vs_degenerated_severe	NKX2-2	0.0	1.0	9	0	0	0	1.0
NP_mature_chondrocyte	healthy_vs_degenerated_severe	ARID4A	0.0	1.0	6	0	0	0	1.0
NP_mature_chondrocyte	healthy_vs_degenerated_severe	HINFP	0.0	1.0	9	0	0	0	1.0
NP_mature_chondrocyte	healthy_vs_degenerated_severe	SMARCC1	0.0	1.0	6	0	0	0	1.0
NP_mature_chondrocyte	healthy_vs_degenerated_severe	KAT2B	0.0	1.0	12	0	0	0	1.0
NP_mature_chondrocyte	healthy_vs_degenerated_severe	HDGF	0.0	1.0	5	0	0	0	1.0
NP_mature_chondrocyte	healthy_vs_degenerated_severe	EP300	0.023809523809523808	0.1583578795683328	42	1	1	0	1.0
NP_mature_chondrocyte	healthy_vs_degenerated_severe	TRPS1	0.0	1.0	12	0	0	0	1.0
NP_mature_chondrocyte	healthy_vs_degenerated_severe	CTNNB1	0.0	1.0	199	0	0	0	1.0
NP_mature_chondrocyte	healthy_vs_degenerated_severe	PML	0.0	1.0	15	0	0	0	1.0
NP_mature_chondrocyte	healthy_vs_degenerated_severe	KLF7	0.0	1.0	8	0	0	0	1.0
NP_mature_chondrocyte	healthy_vs_degenerated_severe	PROP1	0.0	1.0	6	0	0	0	1.0
NP_mature_chondrocyte	healthy_vs_degenerated_severe	LMO2	-0.05555555555555555	0.07114884887033693	18	1	0	1	0.6182935176478574
NP_mature_chondrocyte	healthy_vs_degenerated_severe	MEOX1	0.0	1.0	6	0	0	0	1.0
NP_mature_chondrocyte	healthy_vs_degenerated_severe	FOXL2	0.0	1.0	13	0	0	0	1.0
NP_mature_chondrocyte	healthy_vs_degenerated_severe	HTATIP2	0.0	1.0	11	0	0	0	1.0
NP_mature_chondrocyte	healthy_vs_degenerated_severe	EZH2	0.010309278350515464	0.3291061251701761	97	1	1	0	1.0
NP_mature_chondrocyte	healthy_vs_degenerated_severe	GLI2	0.0196078431372549	0.06511788286478713	102	2	2	0	0.6112512981526482
NP_mature_chondrocyte	healthy_vs_degenerated_severe	TCF7	0.0	1.0	12	0	0	0	1.0
NP_mature_chondrocyte	healthy_vs_degenerated_severe	FOXC1	0.0	1.0	10	0	0	0	1.0
NP_mature_chondrocyte	healthy_vs_degenerated_severe	HOXB13	0.0	1.0	8	0	0	0	1.0
NP_mature_chondrocyte	healthy_vs_degenerated_severe	ABL1	0.0	1.0	10	0	0	0	1.0
NP_mature_chondrocyte	healthy_vs_degenerated_severe	TBX3	0.0	1.0	11	0	0	0	1.0
NP_mature_chondrocyte	healthy_vs_degenerated_severe	NFKBIZ	0.0	1.0	5	0	0	0	1.0
NP_mature_chondrocyte	healthy_vs_degenerated_severe	PLAGL2	0.0	1.0	5	0	0	0	1.0
NP_mature_chondrocyte	healthy_vs_degenerated_severe	TET1	0.0	1.0	9	0	0	0	1.0
NP_mature_chondrocyte	healthy_vs_degenerated_severe	FOXH1	0.0	1.0	7	0	0	0	1.0
NP_mature_chondrocyte	healthy_vs_degenerated_severe	FOXP3	0.0	1.0	27	0	0	0	1.0
NP_mature_chondrocyte	healthy_vs_degenerated_severe	CREB3L1	0.0	1.0	7	0	0	0	1.0
NP_mature_chondrocyte	healthy_vs_degenerated_severe	TFDP3	0.0	1.0	5	0	0	0	1.0
NP_mature_chondrocyte	healthy_vs_degenerated_severe	SP7	0.0	1.0	24	0	0	0	1.0
NP_mature_chondrocyte	healthy_vs_degenerated_severe	OVOL1	0.0	1.0	8	0	0	0	1.0
NP_mature_chondrocyte	healthy_vs_degenerated_severe	ZNF436	0.0	1.0	5	0	0	0	1.0
NP_mature_chondrocyte	healthy_vs_degenerated_severe	ATF7	0.0	1.0	5	0	0	0	1.0
NP_mature_chondrocyte	healthy_vs_degenerated_severe	SCX	0.0	1.0	8	0	0	0	1.0
NP_mature_chondrocyte	healthy_vs_degenerated_severe	NANOG	0.03225806451612903	0.11942961623100502	31	1	1	0	0.8469893472934494
NP_mature_chondrocyte	healthy_vs_degenerated_severe	ARX	0.0	1.0	13	0	0	0	1.0
NP_mature_chondrocyte	healthy_vs_degenerated_severe	VHL	0.0	1.0	20	0	0	0	1.0
NP_mature_chondrocyte	healthy_vs_degenerated_severe	SOX4	0.0	1.0	18	0	0	0	1.0
NP_mature_chondrocyte	healthy_vs_degenerated_severe	ATF5	0.0	1.0	21	0	0	0	1.0
NP_mature_chondrocyte	healthy_vs_degenerated_severe	CTCFL	0.0	1.0	6	0	0	0	1.0
NP_mature_chondrocyte	healthy_vs_degenerated_severe	SP6	0.0	1.0	5	0	0	0	1.0
NP_mature_chondrocyte	healthy_vs_degenerated_severe	SMARCA5	0.0	1.0	8	0	0	0	1.0
NP_mature_chondrocyte	healthy_vs_degenerated_severe	EOMES	0.0	1.0	8	0	0	0	1.0
NP_mature_chondrocyte	healthy_vs_degenerated_severe	ESRRB	0.0	1.0	5	0	0	0	1.0
NP_mature_chondrocyte	healthy_vs_degenerated_severe	ZXDC	0.0	1.0	5	0	0	0	1.0
NP_mature_chondrocyte	healthy_vs_degenerated_severe	NR2E1	0.0	1.0	10	0	0	0	1.0
NP_mature_chondrocyte	healthy_vs_degenerated_severe	ZFP42	0.08333333333333333	0.04800106046712256	12	1	1	0	0.5384846237857204
NP_mature_chondrocyte	healthy_vs_degenerated_severe	KMT2B	0.0	1.0	11	0	0	0	1.0
NP_mature_chondrocyte	healthy_vs_degenerated_severe	NFIB	0.0	1.0	14	0	0	0	1.0
NP_mature_chondrocyte	healthy_vs_degenerated_severe	EN1	0.0	1.0	5	0	0	0	1.0
NP_mature_chondrocyte	healthy_vs_degenerated_severe	MTA3	0.0	1.0	9	0	0	0	1.0
NP_mature_chondrocyte	healthy_vs_degenerated_severe	TBX18	0.0	1.0	7	0	0	0	1.0
NP_mature_chondrocyte	healthy_vs_degenerated_severe	EGR4	0.0	1.0	9	0	0	0	1.0
NP_mature_chondrocyte	healthy_vs_degenerated_severe	HSF4	0.0	1.0	8	0	0	0	1.0
NP_mature_chondrocyte	healthy_vs_degenerated_severe	BCLAF1	0.0	1.0	5	0	0	0	1.0
NP_mature_chondrocyte	healthy_vs_degenerated_severe	KDM5C	0.0	1.0	10	0	0	0	1.0
NP_mature_chondrocyte	healthy_vs_degenerated_severe	FOSL2	0.0	1.0	22	0	0	0	1.0
NP_mature_chondrocyte	healthy_vs_degenerated_severe	MED1	0.1111111111111111	0.03621649172716478	9	1	1	0	0.48143365657949766
NP_mature_chondrocyte	healthy_vs_degenerated_severe	LYL1	0.0	1.0	12	0	0	0	1.0
NP_mature_chondrocyte	healthy_vs_degenerated_severe	HOXD1	0.0	1.0	5	0	0	0	1.0
NP_mature_chondrocyte	healthy_vs_degenerated_severe	SALL4	0.0	1.0	6	0	0	0	1.0
NP_mature_chondrocyte	healthy_vs_degenerated_severe	KDM5B	0.0	1.0	20	0	0	0	1.0
NP_mature_chondrocyte	healthy_vs_degenerated_severe	TADA2A	0.0	1.0	6	0	0	0	1.0
NP_mature_chondrocyte	healthy_vs_degenerated_severe	SATB2	0.0	1.0	17	0	0	0	1.0
NP_mature_chondrocyte	healthy_vs_degenerated_severe	NSD2	0.0	1.0	7	0	0	0	1.0
NP_mature_chondrocyte	healthy_vs_degenerated_severe	PBRM1	0.0	1.0	7	0	0	0	1.0
NP_mature_chondrocyte	healthy_vs_degenerated_severe	ZBTB4	0.0	1.0	13	0	0	0	1.0
NP_mature_chondrocyte	healthy_vs_degenerated_severe	THAP11	0.0	1.0	6	0	0	0	1.0
NP_mature_chondrocyte	healthy_vs_degenerated_severe	FOXJ1	0.0	1.0	8	0	0	0	1.0
NP_mature_chondrocyte	healthy_vs_degenerated_severe	PPARGC1A	0.0	1.0	18	0	0	0	1.0
NP_mature_chondrocyte	healthy_vs_degenerated_severe	BATF	0.0	1.0	7	0	0	0	1.0
NP_mature_chondrocyte	healthy_vs_degenerated_severe	ARID3B	0.0	1.0	5	0	0	0	1.0
NP_mature_chondrocyte	healthy_vs_degenerated_severe	ZNF300	0.0	1.0	5	0	0	0	1.0
NP_mature_chondrocyte	healthy_vs_degenerated_severe	NUPR1	0.0	1.0	6	0	0	0	1.0
NP_mature_chondrocyte	healthy_vs_degenerated_severe	ZNF331	-0.058823529411764705	0.06732949131675116	17	1	0	1	0.6112512981526482
NP_mature_chondrocyte	healthy_vs_degenerated_severe	ZNF382	0.0	1.0	11	0	0	0	1.0
NP_mature_chondrocyte	healthy_vs_degenerated_severe	HOXD8	0.0	1.0	5	0	0	0	1.0
NP_mature_chondrocyte	healthy_vs_degenerated_severe	LHX8	0.0	1.0	7	0	0	0	1.0
NP_mature_chondrocyte	healthy_vs_degenerated_severe	IRX1	-0.09090909090909091	0.044088619547037494	11	1	0	1	0.533385848245532
NP_mature_chondrocyte	healthy_vs_degenerated_severe	SOX11	0.0	1.0	7	0	0	0	1.0
NP_mature_chondrocyte	healthy_vs_degenerated_severe	IRF6	0.0	1.0	10	0	0	0	1.0
NP_mature_chondrocyte	healthy_vs_degenerated_severe	E2F7	0.0	1.0	5	0	0	0	1.0
NP_mature_chondrocyte	healthy_vs_degenerated_severe	HEYL	0.0	1.0	5	0	0	0	1.0
NP_mature_chondrocyte	healthy_vs_degenerated_severe	MECP2	0.0	1.0	16	0	0	0	1.0
NP_mature_chondrocyte	healthy_vs_degenerated_severe	MAML1	0.0	1.0	5	0	0	0	1.0
NP_mature_chondrocyte	healthy_vs_degenerated_severe	DOT1L	0.0	1.0	8	0	0	0	1.0
NP_mature_chondrocyte	healthy_vs_degenerated_severe	ARID3A	0.16666666666666666	0.024289254235791088	6	1	1	0	0.4162908295411973
NP_mature_chondrocyte	healthy_vs_degenerated_severe	ARID1A	0.0	1.0	5	0	0	0	1.0
NP_mature_chondrocyte	healthy_vs_degenerated_severe	ZBTB18	0.0	1.0	6	0	0	0	1.0
NP_mature_chondrocyte	healthy_vs_degenerated_severe	TCF15	0.0	1.0	5	0	0	0	1.0
NP_mature_chondrocyte	healthy_vs_degenerated_severe	NPM1	0.0	1.0	11	0	0	0	1.0
NP_mature_chondrocyte	healthy_vs_degenerated_severe	SETBP1	0.0	1.0	6	0	0	0	1.0
NP_mature_chondrocyte	healthy_vs_degenerated_severe	KDM2A	0.0	1.0	8	0	0	0	1.0
NP_mature_chondrocyte	healthy_vs_degenerated_severe	MKX	0.0	1.0	6	0	0	0	1.0
NP_mature_chondrocyte	healthy_vs_degenerated_severe	HDAC3	0.0	1.0	15	0	0	0	1.0
NP_mature_chondrocyte	healthy_vs_degenerated_severe	BTG2	0.0	1.0	6	0	0	0	1.0
NP_mature_chondrocyte	healthy_vs_degenerated_severe	CREB5	0.0	1.0	9	0	0	0	1.0
NP_mature_chondrocyte	healthy_vs_degenerated_severe	CTBP1	0.0	1.0	8	0	0	0	1.0
NP_mature_chondrocyte	healthy_vs_degenerated_severe	HDAC1	0.0	1.0	57	0	0	0	1.0
NP_mature_chondrocyte	healthy_vs_degenerated_severe	HCFC1	0.2857142857142857	0.0003390438274913996	7	2	2	0	0.041442729412862075
NP_mature_chondrocyte	healthy_vs_degenerated_severe	ETV7	0.0	1.0	8	0	0	0	1.0
NP_mature_chondrocyte	healthy_vs_degenerated_severe	FHL2	0.0	1.0	6	0	0	0	1.0
NP_mature_chondrocyte	healthy_vs_degenerated_severe	HDAC4	0.0	1.0	17	0	0	0	1.0
NP_mature_chondrocyte	healthy_vs_degenerated_severe	HDAC7	0.0	1.0	10	0	0	0	1.0
NP_mature_chondrocyte	healthy_vs_degenerated_severe	HDAC9	0.0	1.0	14	0	0	0	1.0
NP_mature_chondrocyte	healthy_vs_degenerated_severe	ING4	0.0	1.0	14	0	0	0	1.0
NP_mature_chondrocyte	healthy_vs_degenerated_severe	SIN3A	0.0	1.0	8	0	0	0	1.0
NP_mature_chondrocyte	healthy_vs_degenerated_severe	SMARCA4	0.0	1.0	7	0	0	0	1.0
NP_mature_chondrocyte	healthy_vs_degenerated_severe	WWTR1	0.0	1.0	8	0	0	0	1.0
NP_mature_chondrocyte	healthy_vs_degenerated_severe	PIN1	0.0	1.0	5	0	0	0	1.0
NP_mature_chondrocyte	healthy_vs_degenerated_severe	FGF2	0.125	0.032256680957197796	8	1	1	0	0.46284586396723354
NP_mature_chondrocyte	healthy_vs_degenerated_severe	PARK7	0.0	1.0	6	0	0	0	1.0
NP_mature_chondrocyte	healthy_vs_degenerated_severe	YAP1	0.0	1.0	8	0	0	0	1.0
NP_mature_chondrocyte	healthy_vs_degenerated_severe	BCOR	0.0	1.0	5	0	0	0	1.0
NP_mature_chondrocyte	healthy_vs_degenerated_severe	BRD4	0.0	1.0	8	0	0	0	1.0
NP_mature_chondrocyte	healthy_vs_degenerated_severe	SRSF2	0.08333333333333333	0.04800106046712256	12	1	1	0	0.5384846237857204
NP_mature_chondrocyte	healthy_vs_degenerated_severe	ZMYND8	0.0	1.0	6	0	0	0	1.0
NP_mature_chondrocyte	healthy_vs_degenerated_severe	ARID4B	0.0	1.0	8	0	0	0	1.0
NP_mature_chondrocyte	healthy_vs_degenerated_severe	AP1	0.0	0.3940560519688815	331	2	1	1	1.0
NP_mature_chondrocyte	healthy_vs_degenerated_severe	NFKB	0.006263048016701462	0.31177535819323926	479	3	3	0	1.0
NP_mature_chondrocyte	mild_vs_severe	MYC	0.004366812227074236	0.16271309990341484	687	3	3	0	0.5975832300024223
NP_mature_chondrocyte	mild_vs_severe	SPI1	0.005780346820809248	0.30007932487833683	173	1	1	0	1.0
NP_mature_chondrocyte	mild_vs_severe	SMAD3	0.0	0.01955974074296437	106	2	1	1	0.2778612930785239
NP_mature_chondrocyte	mild_vs_severe	SMAD4	0.0	1.0	78	0	0	0	1.0
NP_mature_chondrocyte	mild_vs_severe	STAT5A	0.008064516129032258	0.22521489165857228	124	1	1	0	0.7850711195103904
NP_mature_chondrocyte	mild_vs_severe	STAT5B	0.0	1.0	64	0	0	0	1.0
NP_mature_chondrocyte	mild_vs_severe	RELA	0.0125	0.0037084447456590106	320	4	4	0	0.16343645771940069
NP_mature_chondrocyte	mild_vs_severe	WT1	0.010869565217391304	0.17225310720237083	92	1	1	0	0.6288767286619101
NP_mature_chondrocyte	mild_vs_severe	NR0B2	0.0	0.007921247407540128	66	2	1	1	0.27152275835845885
NP_mature_chondrocyte	mild_vs_severe	SP1	0.0037688442211055275	0.02023180576415938	796	5	4	1	0.2778612930785239
NP_mature_chondrocyte	mild_vs_severe	TP53	0.00847457627118644	4.969026465948649e-05	708	8	7	1	0.007664723323725792
NP_mature_chondrocyte	mild_vs_severe	ZBTB16	0.0	1.0	35	0	0	0	1.0
NP_mature_chondrocyte	mild_vs_severe	ETV6	0.0	1.0	17	0	0	0	1.0
NP_mature_chondrocyte	mild_vs_severe	RUNX1	0.0	1.0	114	0	0	0	1.0
NP_mature_chondrocyte	mild_vs_severe	STAT1	0.00980392156862745	0.06452954619387448	204	2	2	0	0.3842776655334492
NP_mature_chondrocyte	mild_vs_severe	STAT3	0.0	0.09801659130219213	260	2	1	1	0.43772150410222715
NP_mature_chondrocyte	mild_vs_severe	ETV4	0.025	0.07873159665582136	40	1	1	0	0.411672840141032
NP_mature_chondrocyte	mild_vs_severe	MTF1	0.0	1.0	26	0	0	0	1.0
NP_mature_chondrocyte	mild_vs_severe	CREB1	0.0037735849056603774	0.42235973068330146	265	1	1	0	1.0
NP_mature_chondrocyte	mild_vs_severe	FOXA2	0.0	1.0	43	0	0	0	1.0
NP_mature_chondrocyte	mild_vs_severe	NFATC2	0.02040816326530612	0.09561044708358821	49	1	1	0	0.4369751544486957
NP_mature_chondrocyte	mild_vs_severe	CEBPB	0.003968253968253968	0.4064144157194368	252	1	1	0	1.0
NP_mature_chondrocyte	mild_vs_severe	FOS	0.010256410256410256	0.059599648730584855	195	2	2	0	0.3836099164475111
NP_mature_chondrocyte	mild_vs_severe	PLAG1	0.0	1.0	7	0	0	0	1.0
NP_mature_chondrocyte	mild_vs_severe	E2F1	0.007936507936507936	0.09296488524475173	252	2	2	0	0.4369751544486957
NP_mature_chondrocyte	mild_vs_severe	E2F3	0.01694915254237288	0.11401774164068221	59	1	1	0	0.4658870635251717
NP_mature_chondrocyte	mild_vs_severe	HBP1	0.03333333333333333	0.0596239851510884	30	1	1	0	0.3836099164475111
NP_mature_chondrocyte	mild_vs_severe	YY1	0.0	0.041362509365727704	159	2	1	1	0.3190083534831749
NP_mature_chondrocyte	mild_vs_severe	ESR1	0.007653061224489796	0.044361512135714445	392	3	3	0	0.32977172274380495
NP_mature_chondrocyte	mild_vs_severe	JUN	0.010416666666666666	0.007071714704484374	384	4	4	0	0.25666164545099174
NP_mature_chondrocyte	mild_vs_severe	NR1I3	0.0	1.0	27	0	0	0	1.0
NP_mature_chondrocyte	mild_vs_severe	CEBPG	0.010416666666666666	0.17905788882713763	96	1	1	0	0.6460743707973329
NP_mature_chondrocyte	mild_vs_severe	MAFK	0.0625	0.03223546181984843	16	1	1	0	0.2932191430766373
NP_mature_chondrocyte	mild_vs_severe	STAT4	0.07692307692307693	0.026268029648624795	13	1	1	0	0.2932191430766373
NP_mature_chondrocyte	mild_vs_severe	IRF1	0.03225806451612903	0.0008591517296130241	93	3	3	0	0.06626207714640449
NP_mature_chondrocyte	mild_vs_severe	ATF2	0.012345679012345678	0.15326063738336693	81	1	1	0	0.5696494775032374
NP_mature_chondrocyte	mild_vs_severe	NR2C2	0.029411764705882353	0.06731208082343905	34	1	1	0	0.3845514247042768
NP_mature_chondrocyte	mild_vs_severe	IRF3	0.058823529411764705	0.0001458157599551858	51	3	3	0	0.017993664778469927
NP_mature_chondrocyte	mild_vs_severe	TFAP2A	0.01098901098901099	0.052730580939993936	182	2	2	0	0.36489903739303675
NP_mature_chondrocyte	mild_vs_severe	HNF1A	0.023255813953488372	0.08439108222576013	43	1	1	0	0.4132483947086825
NP_mature_chondrocyte	mild_vs_severe	ETS1	0.007874015748031496	0.23001037251499806	127	1	1	0	0.7884244435652988
NP_mature_chondrocyte	mild_vs_severe	ARNT	-0.024390243902439025	0.08062179944591201	41	1	0	1	0.4132483947086825
NP_mature_chondrocyte	mild_vs_severe	AHR	0.010526315789473684	0.177361727440417	95	1	1	0	0.6437187401808075
NP_mature_chondrocyte	mild_vs_severe	PAX6	0.012658227848101266	0.149762974909727	79	1	1	0	0.5634375336542778
NP_mature_chondrocyte	mild_vs_severe	NFYA	0.0	1.0	71	0	0	0	1.0
NP_mature_chondrocyte	mild_vs_severe	ZNF148	0.0	1.0	21	0	0	0	1.0
NP_mature_chondrocyte	mild_vs_severe	NFIC	0.022222222222222223	0.08814558088402392	45	1	1	0	0.4183524877341751
NP_mature_chondrocyte	mild_vs_severe	RBPJ	0.0	1.0	84	0	0	0	1.0
NP_mature_chondrocyte	mild_vs_severe	HES1	-0.018518518518518517	0.1048593510918409	54	1	0	1	0.4524351022633975
NP_mature_chondrocyte	mild_vs_severe	GATA4	0.0	1.0	58	0	0	0	1.0
NP_mature_chondrocyte	mild_vs_severe	GATA6	0.02857142857142857	0.06922468978751366	35	1	1	0	0.3847894918819453
NP_mature_chondrocyte	mild_vs_severe	HNF4A	0.007936507936507936	0.22841504223554987	126	1	1	0	0.7873300617839903
NP_mature_chondrocyte	mild_vs_severe	RARA	0.009900990099009901	0.18748863928626244	101	1	1	0	0.6648304048254249
NP_mature_chondrocyte	mild_vs_severe	DBP	0.0	1.0	19	0	0	0	1.0
NP_mature_chondrocyte	mild_vs_severe	HLF	0.09090909090909091	0.022270205332999914	11	1	1	0	0.2825519600720033
NP_mature_chondrocyte	mild_vs_severe	PPARG	0.0	0.06508578809459493	205	2	1	1	0.3842776655334492
NP_mature_chondrocyte	mild_vs_severe	MAX	0.0	1.0	33	0	0	0	1.0
NP_mature_chondrocyte	mild_vs_severe	USF2	0.0	1.0	64	0	0	0	1.0
NP_mature_chondrocyte	mild_vs_severe	IRF2	0.03225806451612903	0.06155167216904959	31	1	1	0	0.3836099164475111
NP_mature_chondrocyte	mild_vs_severe	SP3	-0.003875968992248062	0.015041323241186618	258	3	1	2	0.2778612930785239
NP_mature_chondrocyte	mild_vs_severe	AR	0.008670520231213872	0.03238391805953468	346	3	3	0	0.2932191430766373
NP_mature_chondrocyte	mild_vs_severe	CUX1	-0.013513513513513514	0.14095825406881485	74	1	0	1	0.5368595232127084
NP_mature_chondrocyte	mild_vs_severe	ATF1	0.01694915254237288	0.11401774164068221	59	1	1	0	0.4658870635251717
NP_mature_chondrocyte	mild_vs_severe	KAT7	0.017857142857142856	0.10853352138586296	56	1	1	0	0.4586656348977907
NP_mature_chondrocyte	mild_vs_severe	CREBZF	0.0	1.0	11	0	0	0	1.0
NP_mature_chondrocyte	mild_vs_severe	GLI3	0.0	1.0	25	0	0	0	1.0
NP_mature_chondrocyte	mild_vs_severe	NKX2-5	0.0	1.0	32	0	0	0	1.0
NP_mature_chondrocyte	mild_vs_severe	TGFB1I1	0.0	1.0	11	0	0	0	1.0
NP_mature_chondrocyte	mild_vs_severe	RARB	0.0	1.0	31	0	0	0	1.0
NP_mature_chondrocyte	mild_vs_severe	RARG	0.0	1.0	20	0	0	0	1.0
NP_mature_chondrocyte	mild_vs_severe	TEAD1	0.0	1.0	14	0	0	0	1.0
NP_mature_chondrocyte	mild_vs_severe	PPARA	-0.006535947712418301	0.27039866227577225	153	1	0	1	0.911671992481702
NP_mature_chondrocyte	mild_vs_severe	ESR2	0.008	0.22681655060984415	125	1	1	0	0.7862124254285048
NP_mature_chondrocyte	mild_vs_severe	NR3C1	-0.006211180124223602	0.004128478702897765	161	3	1	2	0.1698180906458614
NP_mature_chondrocyte	mild_vs_severe	PGR	0.011904761904761904	0.15848133716906207	84	1	1	0	0.5855268564868941
NP_mature_chondrocyte	mild_vs_severe	NRG1	0.0	1.0	26	0	0	0	1.0
NP_mature_chondrocyte	mild_vs_severe	TBP	0.0	1.0	104	0	0	0	1.0
NP_mature_chondrocyte	mild_vs_severe	REL	0.028985507246376812	0.008631401130663097	69	2	2	0	0.2778612930785239
NP_mature_chondrocyte	mild_vs_severe	ISL1	0.0	1.0	10	0	0	0	1.0
NP_mature_chondrocyte	mild_vs_severe	ZBTB14	0.0	1.0	5	0	0	0	1.0
NP_mature_chondrocyte	mild_vs_severe	MYB	0.0	1.0	109	0	0	0	1.0
NP_mature_chondrocyte	mild_vs_severe	PITX1	0.058823529411764705	0.0342168205859285	17	1	1	0	0.2932191430766373
NP_mature_chondrocyte	mild_vs_severe	EGR1	0.01327433628318584	0.01053110677693139	226	3	3	0	0.2778612930785239
NP_mature_chondrocyte	mild_vs_severe	MYOD1	0.0	1.0	85	0	0	0	1.0
NP_mature_chondrocyte	mild_vs_severe	ETS2	0.014705882352941176	0.13027744605704333	68	1	1	0	0.5055420391018599
NP_mature_chondrocyte	mild_vs_severe	GTF2I	0.0	1.0	19	0	0	0	1.0
NP_mature_chondrocyte	mild_vs_severe	NR2F1	0.045454545454545456	0.04406555151199757	22	1	1	0	0.32977172274380495
NP_mature_chondrocyte	mild_vs_severe	ENO1	0.08333333333333333	0.0242710759867361	12	1	1	0	0.2825519600720033
NP_mature_chondrocyte	mild_vs_severe	JDP2	0.03571428571428571	0.05575724240045126	28	1	1	0	0.3739371582725916
NP_mature_chondrocyte	mild_vs_severe	MAZ	0.0	1.0	21	0	0	0	1.0
NP_mature_chondrocyte	mild_vs_severe	NR4A1	-0.017241379310344827	0.11219326389493373	58	1	0	1	0.4645855290145914
NP_mature_chondrocyte	mild_vs_severe	HMGA1	0.02564102564102564	0.07683767698502088	39	1	1	0	0.411672840141032
NP_mature_chondrocyte	mild_vs_severe	NFKB1	0.017167381974248927	0.0011647780452263077	233	4	4	0	0.07985200598940355
NP_mature_chondrocyte	mild_vs_severe	USF1	0.0	1.0	123	0	0	0	1.0
NP_mature_chondrocyte	mild_vs_severe	DDIT3	0.0	1.0	70	0	0	0	1.0
NP_mature_chondrocyte	mild_vs_severe	ATF4	0.03571428571428571	0.000638464097408172	84	3	3	0	0.05627604972869173
NP_mature_chondrocyte	mild_vs_severe	ATF3	0.0136986301369863	0.0004229072467487122	73	3	2	1	0.04348896187399257
NP_mature_chondrocyte	mild_vs_severe	TAF1	0.0	1.0	35	0	0	0	1.0
NP_mature_chondrocyte	mild_vs_severe	RUNX2	0.0	1.0	80	0	0	0	1.0
NP_mature_chondrocyte	mild_vs_severe	TFAP2B	0.08333333333333333	0.0242710759867361	12	1	1	0	0.2825519600720033
NP_mature_chondrocyte	mild_vs_severe	CREM	-0.023255813953488372	0.08439108222576013	43	1	0	1	0.4132483947086825
NP_mature_chondrocyte	mild_vs_severe	IRF8	0.023809523809523808	0.08250829231884843	42	1	1	0	0.4132483947086825
NP_mature_chondrocyte	mild_vs_severe	ETV5	0.16666666666666666	0.012206840065537683	6	1	1	0	0.2778612930785239
NP_mature_chondrocyte	mild_vs_severe	DMTF1	0.0	1.0	13	0	0	0	1.0
NP_mature_chondrocyte	mild_vs_severe	NR5A1	0.022727272727272728	0.08627017610537174	44	1	1	0	0.4183524877341751
NP_mature_chondrocyte	mild_vs_severe	NEUROD2	0.0	1.0	8	0	0	0	1.0
NP_mature_chondrocyte	mild_vs_severe	NEUROD1	0.0	1.0	26	0	0	0	1.0
NP_mature_chondrocyte	mild_vs_severe	HHEX	0.0	1.0	15	0	0	0	1.0
NP_mature_chondrocyte	mild_vs_severe	FOXO3	0.012903225806451613	0.03949451447059146	155	2	2	0	0.3134800707166814
NP_mature_chondrocyte	mild_vs_severe	MBD1	0.0	1.0	10	0	0	0	1.0
NP_mature_chondrocyte	mild_vs_severe	CEBPD	0.04081632653061224	0.0044352949110507845	49	2	2	0	0.17103606000739588
NP_mature_chondrocyte	mild_vs_severe	ELK1	0.023255813953488372	0.08439108222576013	43	1	1	0	0.4132483947086825
NP_mature_chondrocyte	mild_vs_severe	FLI1	0.01639344262295082	0.11765594383003844	61	1	1	0	0.47759024567851127
NP_mature_chondrocyte	mild_vs_severe	ELK4	0.0	1.0	6	0	0	0	1.0
NP_mature_chondrocyte	mild_vs_severe	PREB	0.0	1.0	8	0	0	0	1.0
NP_mature_chondrocyte	mild_vs_severe	POU1F1	0.0	1.0	27	0	0	0	1.0
NP_mature_chondrocyte	mild_vs_severe	PAX5	0.0	1.0	36	0	0	0	1.0
NP_mature_chondrocyte	mild_vs_severe	CEBPA	-0.008849557522123894	0.2073858788073223	113	1	0	1	0.7311833555663877
NP_mature_chondrocyte	mild_vs_severe	LITAF	0.05	0.04013764276599324	20	1	1	0	0.3134800707166814
NP_mature_chondrocyte	mild_vs_severe	STAT6	-0.017241379310344827	0.11219326389493373	58	1	0	1	0.4645855290145914
NP_mature_chondrocyte	mild_vs_severe	HIF1A	0.00980392156862745	0.023591743346914256	306	3	3	0	0.2825519600720033
NP_mature_chondrocyte	mild_vs_severe	TP73	0.020202020202020204	0.017198087554697077	99	2	2	0	0.2778612930785239
NP_mature_chondrocyte	mild_vs_severe	KLF11	0.058823529411764705	0.0342168205859285	17	1	1	0	0.2932191430766373
NP_mature_chondrocyte	mild_vs_severe	TCF4	0.0	1.0	31	0	0	0	1.0
NP_mature_chondrocyte	mild_vs_severe	HIVEP2	0.0	1.0	8	0	0	0	1.0
NP_mature_chondrocyte	mild_vs_severe	E2F4	0.0	1.0	149	0	0	0	1.0
NP_mature_chondrocyte	mild_vs_severe	GATA5	0.0	1.0	8	0	0	0	1.0
NP_mature_chondrocyte	mild_vs_severe	SRF	0.0	1.0	61	0	0	0	1.0
NP_mature_chondrocyte	mild_vs_severe	ELF1	0.0	1.0	44	0	0	0	1.0
NP_mature_chondrocyte	mild_vs_severe	GATA3	0.019230769230769232	0.0188716525715133	104	2	2	0	0.2778612930785239
NP_mature_chondrocyte	mild_vs_severe	MSX1	0.0	1.0	14	0	0	0	1.0
NP_mature_chondrocyte	mild_vs_severe	OTX2	0.0	1.0	15	0	0	0	1.0
NP_mature_chondrocyte	mild_vs_severe	LHX2	0.0	1.0	17	0	0	0	1.0
NP_mature_chondrocyte	mild_vs_severe	GABPA	0.0	1.0	26	0	0	0	1.0
NP_mature_chondrocyte	mild_vs_severe	HSF2	0.0	1.0	19	0	0	0	1.0
NP_mature_chondrocyte	mild_vs_severe	VDR	0.012345679012345678	0.15326063738336693	81	1	1	0	0.5696494775032374
NP_mature_chondrocyte	mild_vs_severe	HOXC8	0.0	1.0	12	0	0	0	1.0
NP_mature_chondrocyte	mild_vs_severe	HR	0.0196078431372549	0.09932092475577277	51	1	1	0	0.43772150410222715
NP_mature_chondrocyte	mild_vs_severe	RELB	0.03225806451612903	0.06155167216904959	31	1	1	0	0.3836099164475111
NP_mature_chondrocyte	mild_vs_severe	CEBPE	0.058823529411764705	0.0342168205859285	17	1	1	0	0.2932191430766373
NP_mature_chondrocyte	mild_vs_severe	NR0B1	0.0	1.0	22	0	0	0	1.0
NP_mature_chondrocyte	mild_vs_severe	LEF1	0.0	1.0	54	0	0	0	1.0
NP_mature_chondrocyte	mild_vs_severe	ID1	0.019230769230769232	0.10117069872939694	52	1	1	0	0.4427114972768646
NP_mature_chondrocyte	mild_vs_severe	ZNF143	0.0	1.0	22	0	0	0	1.0
NP_mature_chondrocyte	mild_vs_severe	SOX9	0.0	1.0	56	0	0	0	1.0
NP_mature_chondrocyte	mild_vs_severe	YBX1	0.015384615384615385	0.12488952304837038	65	1	1	0	0.4939540751336188
NP_mature_chondrocyte	mild_vs_severe	HSF1	0.05970149253731343	9.34323353725466e-06	67	4	4	0	0.002882387546243062
NP_mature_chondrocyte	mild_vs_severe	POU4F1	-0.0625	0.03223546181984843	16	1	0	1	0.2932191430766373
NP_mature_chondrocyte	mild_vs_severe	NOTO	0.0	1.0	5	0	0	0	1.0
NP_mature_chondrocyte	mild_vs_severe	HNF1B	0.0	1.0	19	0	0	0	1.0
NP_mature_chondrocyte	mild_vs_severe	PAX3	0.0	1.0	56	0	0	0	1.0
NP_mature_chondrocyte	mild_vs_severe	ID2	0.0	1.0	41	0	0	0	1.0
NP_mature_chondrocyte	mild_vs_severe	MEF2A	0.0	1.0	55	0	0	0	1.0
NP_mature_chondrocyte	mild_vs_severe	PDX1	0.0	1.0	46	0	0	0	1.0
NP_mature_chondrocyte	mild_vs_severe	NR2F2	0.030303030303030304	0.06539571293518989	33	1	1	0	0.3842776655334492
NP_mature_chondrocyte	mild_vs_severe	NR1H4	-0.014705882352941176	0.13027744605704333	68	1	0	1	0.5055420391018599
NP_mature_chondrocyte	mild_vs_severe	ASCL1	0.03225806451612903	0.06155167216904959	31	1	1	0	0.3836099164475111
NP_mature_chondrocyte	mild_vs_severe	RFX1	0.0	1.0	17	0	0	0	1.0
NP_mature_chondrocyte	mild_vs_severe	CRX	0.0	1.0	10	0	0	0	1.0
NP_mature_chondrocyte	mild_vs_severe	NRL	0.0	1.0	10	0	0	0	1.0
NP_mature_chondrocyte	mild_vs_severe	UBTF	0.0	1.0	9	0	0	0	1.0
NP_mature_chondrocyte	mild_vs_severe	MYBL2	0.0	1.0	44	0	0	0	1.0
NP_mature_chondrocyte	mild_vs_severe	ELF2	0.0	1.0	7	0	0	0	1.0
NP_mature_chondrocyte	mild_vs_severe	JUND	0.017241379310344827	0.11219326389493373	58	1	1	0	0.4645855290145914
NP_mature_chondrocyte	mild_vs_severe	TP63	0.014084507042253521	0.03366091071942752	142	2	2	0	0.2932191430766373
NP_mature_chondrocyte	mild_vs_severe	NFKBIB	0.06666666666666667	0.030250215264537767	15	1	1	0	0.2932191430766373
NP_mature_chondrocyte	mild_vs_severe	HOXC6	0.0	1.0	8	0	0	0	1.0
NP_mature_chondrocyte	mild_vs_severe	FOXO1	0.011049723756906077	0.05221499469358754	181	2	2	0	0.36489903739303675
NP_mature_chondrocyte	mild_vs_severe	PITX2	0.0	1.0	60	0	0	0	1.0
NP_mature_chondrocyte	mild_vs_severe	NR5A2	0.0	1.0	25	0	0	0	1.0
NP_mature_chondrocyte	mild_vs_severe	POU2F1	0.02040816326530612	0.09561044708358821	49	1	1	0	0.4369751544486957
NP_mature_chondrocyte	mild_vs_severe	XBP1	0.025	0.07873159665582136	40	1	1	0	0.411672840141032
NP_mature_chondrocyte	mild_vs_severe	SREBF1	0.0	1.0	82	0	0	0	1.0
NP_mature_chondrocyte	mild_vs_severe	TCF3	0.015873015873015872	0.12127985309660724	63	1	1	0	0.4859069439000433
NP_mature_chondrocyte	mild_vs_severe	LRRFIP1	-0.125	0.016244018023024824	8	1	0	1	0.2778612930785239
NP_mature_chondrocyte	mild_vs_severe	TCF12	0.0	1.0	25	0	0	0	1.0
NP_mature_chondrocyte	mild_vs_severe	E4F1	0.0	1.0	8	0	0	0	1.0
NP_mature_chondrocyte	mild_vs_severe	BRCA1	-0.020833333333333332	0.09374972969231195	48	1	0	1	0.4369751544486957
NP_mature_chondrocyte	mild_vs_severe	ZNF362	0.0	1.0	11	0	0	0	1.0
NP_mature_chondrocyte	mild_vs_severe	NRF1	0.015873015873015872	0.12127985309660724	63	1	1	0	0.4859069439000433
NP_mature_chondrocyte	mild_vs_severe	GATA1	0.0	1.0	68	0	0	0	1.0
NP_mature_chondrocyte	mild_vs_severe	MYCN	0.009900990099009901	0.18748863928626244	101	1	1	0	0.6648304048254249
NP_mature_chondrocyte	mild_vs_severe	PKNOX1	0.0	1.0	9	0	0	0	1.0
NP_mature_chondrocyte	mild_vs_severe	NR4A3	0.0	1.0	16	0	0	0	1.0
NP_mature_chondrocyte	mild_vs_severe	SSRP1	0.01282051282051282	0.14800896544008152	78	1	1	0	0.5602547955615356
NP_mature_chondrocyte	mild_vs_severe	ZNF91	0.0	1.0	25	0	0	0	1.0
NP_mature_chondrocyte	mild_vs_severe	NR2C1	0.0	1.0	9	0	0	0	1.0
NP_mature_chondrocyte	mild_vs_severe	ID3	0.0	1.0	24	0	0	0	1.0
NP_mature_chondrocyte	mild_vs_severe	ERF	0.0	1.0	13	0	0	0	1.0
NP_mature_chondrocyte	mild_vs_severe	ZNF354C	0.058823529411764705	0.0342168205859285	17	1	1	0	0.2932191430766373
NP_mature_chondrocyte	mild_vs_severe	HMGA2	0.0	1.0	27	0	0	0	1.0
NP_mature_chondrocyte	mild_vs_severe	POU2F2	0.0	1.0	18	0	0	0	1.0
NP_mature_chondrocyte	mild_vs_severe	SREBF2	0.0	1.0	46	0	0	0	1.0
NP_mature_chondrocyte	mild_vs_severe	ELF4	0.0	1.0	30	0	0	0	1.0
NP_mature_chondrocyte	mild_vs_severe	TTF1	0.03225806451612903	0.06155167216904959	31	1	1	0	0.3836099164475111
NP_mature_chondrocyte	mild_vs_severe	DLX4	0.043478260869565216	0.04602373572247353	23	1	1	0	0.3380552969138829
NP_mature_chondrocyte	mild_vs_severe	NR1I2	0.006756756756756757	0.2627925132886548	148	1	1	0	0.8908954983467035
NP_mature_chondrocyte	mild_vs_severe	NR1H3	0.013888888888888888	0.13741200275494392	72	1	1	0	0.5298950356237525
NP_mature_chondrocyte	mild_vs_severe	MITF	0.0	1.0	60	0	0	0	1.0
NP_mature_chondrocyte	mild_vs_severe	NCOA1	0.02040816326530612	0.09561044708358821	49	1	1	0	0.4369751544486957
NP_mature_chondrocyte	mild_vs_severe	NCOR1	0.0	1.0	57	0	0	0	1.0
NP_mature_chondrocyte	mild_vs_severe	FOSL1	0.0	1.0	34	0	0	0	1.0
NP_mature_chondrocyte	mild_vs_severe	JUNB	0.017857142857142856	0.10853352138586296	56	1	1	0	0.4586656348977907
NP_mature_chondrocyte	mild_vs_severe	DNMT1	0.008695652173913044	0.2106564395149927	115	1	1	0	0.7384944498906278
NP_mature_chondrocyte	mild_vs_severe	KLF5	0.0	1.0	51	0	0	0	1.0
NP_mature_chondrocyte	mild_vs_severe	NR3C2	0.02857142857142857	0.06922468978751366	35	1	1	0	0.3847894918819453
NP_mature_chondrocyte	mild_vs_severe	MYRF	0.0	1.0	5	0	0	0	1.0
NP_mature_chondrocyte	mild_vs_severe	EBF1	0.1	0.020265410354187323	10	1	1	0	0.2778612930785239
NP_mature_chondrocyte	mild_vs_severe	CREBBP	0.0	1.0	25	0	0	0	1.0
NP_mature_chondrocyte	mild_vs_severe	ZFPM1	0.0	1.0	10	0	0	0	1.0
NP_mature_chondrocyte	mild_vs_severe	APEX1	0.037037037037037035	0.05381817245180931	27	1	1	0	0.36489903739303675
NP_mature_chondrocyte	mild_vs_severe	TFAM	0.0	1.0	11	0	0	0	1.0
NP_mature_chondrocyte	mild_vs_severe	IRF4	0.0	0.0015697236075347125	29	2	1	1	0.09421918028201297
NP_mature_chondrocyte	mild_vs_severe	ZBED1	0.0	1.0	16	0	0	0	1.0
NP_mature_chondrocyte	mild_vs_severe	NCOA2	0.02564102564102564	0.07683767698502088	39	1	1	0	0.411672840141032
NP_mature_chondrocyte	mild_vs_severe	FOXA1	0.0	1.0	28	0	0	0	1.0
NP_mature_chondrocyte	mild_vs_severe	NR4A2	0.0	1.0	28	0	0	0	1.0
NP_mature_chondrocyte	mild_vs_severe	KLF1	0.0	1.0	17	0	0	0	1.0
NP_mature_chondrocyte	mild_vs_severe	LHX3	0.0	1.0	5	0	0	0	1.0
NP_mature_chondrocyte	mild_vs_severe	CTCF	0.021505376344086023	0.01527941790681767	93	2	2	0	0.2778612930785239
NP_mature_chondrocyte	mild_vs_severe	BCL6	0.02	0.09746750982058287	50	1	1	0	0.43772150410222715
NP_mature_chondrocyte	mild_vs_severe	RB1	0.0	1.0	30	0	0	0	1.0
NP_mature_chondrocyte	mild_vs_severe	TFCP2	0.0	1.0	39	0	0	0	1.0
NP_mature_chondrocyte	mild_vs_severe	REST	0.0	1.0	19	0	0	0	1.0
NP_mature_chondrocyte	mild_vs_severe	ESRRA	0.0	1.0	26	0	0	0	1.0
NP_mature_chondrocyte	mild_vs_severe	HOXD3	0.0	1.0	5	0	0	0	1.0
NP_mature_chondrocyte	mild_vs_severe	IRF9	0.0	1.0	13	0	0	0	1.0
NP_mature_chondrocyte	mild_vs_severe	TFE3	0.0	1.0	27	0	0	0	1.0
NP_mature_chondrocyte	mild_vs_severe	ZNF236	0.0	1.0	6	0	0	0	1.0
NP_mature_chondrocyte	mild_vs_severe	TFAP2C	0.06666666666666667	0.030250215264537767	15	1	1	0	0.2932191430766373
NP_mature_chondrocyte	mild_vs_severe	PAX8	0.0625	0.03223546181984843	16	1	1	0	0.2932191430766373
NP_mature_chondrocyte	mild_vs_severe	NKX2-1	0.06666666666666667	0.0016797584815269734	30	2	2	0	0.09421918028201297
NP_mature_chondrocyte	mild_vs_severe	PBX1	0.0	1.0	24	0	0	0	1.0
NP_mature_chondrocyte	mild_vs_severe	SP4	0.0	1.0	32	0	0	0	1.0
NP_mature_chondrocyte	mild_vs_severe	CIITA	0.0	1.0	20	0	0	0	1.0
NP_mature_chondrocyte	mild_vs_severe	CDX2	0.0	1.0	30	0	0	0	1.0
NP_mature_chondrocyte	mild_vs_severe	ELF3	0.0	1.0	16	0	0	0	1.0
NP_mature_chondrocyte	mild_vs_severe	ELF5	0.0	1.0	5	0	0	0	1.0
NP_mature_chondrocyte	mild_vs_severe	ZEB1	0.0	1.0	32	0	0	0	1.0
NP_mature_chondrocyte	mild_vs_severe	EGR3	0.05555555555555555	0.03619429883096753	18	1	1	0	0.2977584317160929
NP_mature_chondrocyte	mild_vs_severe	EWSR1	0.0	1.0	44	0	0	0	1.0
NP_mature_chondrocyte	mild_vs_severe	NAB2	0.0	1.0	6	0	0	0	1.0
NP_mature_chondrocyte	mild_vs_severe	DEAF1	0.14285714285714285	0.014227405938758297	7	1	1	0	0.2778612930785239
NP_mature_chondrocyte	mild_vs_severe	TBPL1	0.038461538461538464	0.05187529395581714	26	1	1	0	0.36489903739303675
NP_mature_chondrocyte	mild_vs_severe	MEF2C	0.030303030303030304	0.06539571293518989	33	1	1	0	0.3842776655334492
NP_mature_chondrocyte	mild_vs_severe	POU4F2	0.06666666666666667	0.030250215264537767	15	1	1	0	0.2932191430766373
NP_mature_chondrocyte	mild_vs_severe	TAL1	0.0	1.0	60	0	0	0	1.0
NP_mature_chondrocyte	mild_vs_severe	EPAS1	0.0	1.0	60	0	0	0	1.0
NP_mature_chondrocyte	mild_vs_severe	SMARCA1	0.0	1.0	33	0	0	0	1.0
NP_mature_chondrocyte	mild_vs_severe	NFATC4	0.037037037037037035	0.05381817245180931	27	1	1	0	0.36489903739303675
NP_mature_chondrocyte	mild_vs_severe	FOXM1	0.0	1.0	58	0	0	0	1.0
NP_mature_chondrocyte	mild_vs_severe	MYF5	0.0	1.0	12	0	0	0	1.0
NP_mature_chondrocyte	mild_vs_severe	MYOG	0.0	1.0	29	0	0	0	1.0
NP_mature_chondrocyte	mild_vs_severe	SMAD7	0.0	1.0	44	0	0	0	1.0
NP_mature_chondrocyte	mild_vs_severe	SOX10	0.0	1.0	15	0	0	0	1.0
NP_mature_chondrocyte	mild_vs_severe	POU3F1	0.0	1.0	5	0	0	0	1.0
NP_mature_chondrocyte	mild_vs_severe	NKRF	0.0	1.0	7	0	0	0	1.0
NP_mature_chondrocyte	mild_vs_severe	ATF6	0.0	1.0	40	0	0	0	1.0
NP_mature_chondrocyte	mild_vs_severe	NKX6-1	0.0	1.0	7	0	0	0	1.0
NP_mature_chondrocyte	mild_vs_severe	ERG	0.0	1.0	35	0	0	0	1.0
NP_mature_chondrocyte	mild_vs_severe	PITX3	0.1111111111111111	0.018256683703995333	9	1	1	0	0.2778612930785239
NP_mature_chondrocyte	mild_vs_severe	HOXB2	0.0	1.0	5	0	0	0	1.0
NP_mature_chondrocyte	mild_vs_severe	SATB1	0.0	1.0	23	0	0	0	1.0
NP_mature_chondrocyte	mild_vs_severe	NFKB2	0.023809523809523808	0.08250829231884843	42	1	1	0	0.4132483947086825
NP_mature_chondrocyte	mild_vs_severe	RORA	0.0	1.0	34	0	0	0	1.0
NP_mature_chondrocyte	mild_vs_severe	PROX1	0.0	1.0	14	0	0	0	1.0
NP_mature_chondrocyte	mild_vs_severe	KLF3	0.0	1.0	5	0	0	0	1.0
NP_mature_chondrocyte	mild_vs_severe	PEG3	0.0	1.0	6	0	0	0	1.0
NP_mature_chondrocyte	mild_vs_severe	NR2E3	0.0	1.0	6	0	0	0	1.0
NP_mature_chondrocyte	mild_vs_severe	NCOR2	0.024390243902439025	0.08062179944591201	41	1	1	0	0.4132483947086825
NP_mature_chondrocyte	mild_vs_severe	NCOA3	0.02	0.09746750982058287	50	1	1	0	0.43772150410222715
NP_mature_chondrocyte	mild_vs_severe	ZFHX3	0.0	1.0	5	0	0	0	1.0
NP_mature_chondrocyte	mild_vs_severe	SMAD1	0.022222222222222223	0.08814558088402392	45	1	1	0	0.4183524877341751
NP_mature_chondrocyte	mild_vs_severe	SPDEF	0.0	1.0	8	0	0	0	1.0
NP_mature_chondrocyte	mild_vs_severe	PAX2	0.0	1.0	9	0	0	0	1.0
NP_mature_chondrocyte	mild_vs_severe	KLF13	0.0	1.0	9	0	0	0	1.0
NP_mature_chondrocyte	mild_vs_severe	GTF2IRD1	0.0	1.0	5	0	0	0	1.0
NP_mature_chondrocyte	mild_vs_severe	MAFB	0.0	1.0	28	0	0	0	1.0
NP_mature_chondrocyte	mild_vs_severe	ELK3	0.0	1.0	18	0	0	0	1.0
NP_mature_chondrocyte	mild_vs_severe	KLF6	0.05405405405405406	0.002549506987694867	37	2	2	0	0.12100352395444099
NP_mature_chondrocyte	mild_vs_severe	SNAI1	0.014705882352941176	0.13027744605704333	68	1	1	0	0.5055420391018599
NP_mature_chondrocyte	mild_vs_severe	HESX1	0.0	1.0	14	0	0	0	1.0
NP_mature_chondrocyte	mild_vs_severe	BACH2	0.0	1.0	6	0	0	0	1.0
NP_mature_chondrocyte	mild_vs_severe	PATZ1	0.0	1.0	8	0	0	0	1.0
NP_mature_chondrocyte	mild_vs_severe	ZHX2	0.0	1.0	7	0	0	0	1.0
NP_mature_chondrocyte	mild_vs_severe	ONECUT1	0.0	1.0	12	0	0	0	1.0
NP_mature_chondrocyte	mild_vs_severe	RXRA	0.0	1.0	49	0	0	0	1.0
NP_mature_chondrocyte	mild_vs_severe	NR1H2	0.0	1.0	29	0	0	0	1.0
NP_mature_chondrocyte	mild_vs_severe	KAT5	0.025	0.07873159665582136	40	1	1	0	0.411672840141032
NP_mature_chondrocyte	mild_vs_severe	YBX3	0.0	1.0	21	0	0	0	1.0
NP_mature_chondrocyte	mild_vs_severe	SMAD6	0.0	1.0	17	0	0	0	1.0
NP_mature_chondrocyte	mild_vs_severe	MYBL1	0.0	1.0	9	0	0	0	1.0
NP_mature_chondrocyte	mild_vs_severe	CDX1	0.0	1.0	18	0	0	0	1.0
NP_mature_chondrocyte	mild_vs_severe	TFDP1	0.0	1.0	29	0	0	0	1.0
NP_mature_chondrocyte	mild_vs_severe	KMT2A	0.0	1.0	54	0	0	0	1.0
NP_mature_chondrocyte	mild_vs_severe	GATA2	0.0	1.0	40	0	0	0	1.0
NP_mature_chondrocyte	mild_vs_severe	PRDM1	0.058823529411764705	0.0021555726229682145	34	2	2	0	0.11083235903094903
NP_mature_chondrocyte	mild_vs_severe	MXD1	0.0	1.0	16	0	0	0	1.0
NP_mature_chondrocyte	mild_vs_severe	CLOCK	0.0	1.0	45	0	0	0	1.0
NP_mature_chondrocyte	mild_vs_severe	BHLHE40	0.0	1.0	27	0	0	0	1.0
NP_mature_chondrocyte	mild_vs_severe	SRY	0.0	1.0	19	0	0	0	1.0
NP_mature_chondrocyte	mild_vs_severe	MAF	0.0	1.0	29	0	0	0	1.0
NP_mature_chondrocyte	mild_vs_severe	AIRE	0.0	1.0	12	0	0	0	1.0
NP_mature_chondrocyte	mild_vs_severe	ZGPAT	0.0	1.0	5	0	0	0	1.0
NP_mature_chondrocyte	mild_vs_severe	ETV1	0.0	1.0	13	0	0	0	1.0
NP_mature_chondrocyte	mild_vs_severe	KLF4	-0.0136986301369863	0.13918687517725875	73	1	0	1	0.5334056023873829
NP_mature_chondrocyte	mild_vs_severe	EGR2	0.022222222222222223	0.08814558088402392	45	1	1	0	0.4183524877341751
NP_mature_chondrocyte	mild_vs_severe	NEUROG3	0.0	1.0	11	0	0	0	1.0
NP_mature_chondrocyte	mild_vs_severe	CXXC1	0.0	1.0	11	0	0	0	1.0
NP_mature_chondrocyte	mild_vs_severe	TBX21	0.05555555555555555	0.03619429883096753	18	1	1	0	0.2977584317160929
NP_mature_chondrocyte	mild_vs_severe	HOXA10	0.0	1.0	29	0	0	0	1.0
NP_mature_chondrocyte	mild_vs_severe	LMX1B	0.0	1.0	12	0	0	0	1.0
NP_mature_chondrocyte	mild_vs_severe	TBX2	0.0	1.0	20	0	0	0	1.0
NP_mature_chondrocyte	mild_vs_severe	ZNF699	0.0	1.0	30	0	0	0	1.0
NP_mature_chondrocyte	mild_vs_severe	RFX5	0.0	1.0	13	0	0	0	1.0
NP_mature_chondrocyte	mild_vs_severe	RFXANK	0.0	1.0	8	0	0	0	1.0
NP_mature_chondrocyte	mild_vs_severe	RFXAP	0.0	1.0	7	0	0	0	1.0
NP_mature_chondrocyte	mild_vs_severe	BARX2	0.0	1.0	10	0	0	0	1.0
NP_mature_chondrocyte	mild_vs_severe	FOXO4	0.047619047619047616	0.042103522927737	21	1	1	0	0.3207144894618979
NP_mature_chondrocyte	mild_vs_severe	DLX5	0.0	1.0	20	0	0	0	1.0
NP_mature_chondrocyte	mild_vs_severe	ID4	0.0	1.0	9	0	0	0	1.0
NP_mature_chondrocyte	mild_vs_severe	SPIB	0.0	1.0	9	0	0	0	1.0
NP_mature_chondrocyte	mild_vs_severe	FOXN1	0.0	1.0	30	0	0	0	1.0
NP_mature_chondrocyte	mild_vs_severe	TBX5	0.0	1.0	11	0	0	0	1.0
NP_mature_chondrocyte	mild_vs_severe	TLX1	0.0	1.0	6	0	0	0	1.0
NP_mature_chondrocyte	mild_vs_severe	HIVEP1	0.0	1.0	8	0	0	0	1.0
NP_mature_chondrocyte	mild_vs_severe	SMAD2	0.017857142857142856	0.10853352138586296	56	1	1	0	0.4586656348977907
NP_mature_chondrocyte	mild_vs_severe	NKX3-1	0.0196078431372549	0.09932092475577277	51	1	1	0	0.43772150410222715
NP_mature_chondrocyte	mild_vs_severe	HAND2	0.0	1.0	18	0	0	0	1.0
NP_mature_chondrocyte	mild_vs_severe	PAX7	0.0	1.0	9	0	0	0	1.0
NP_mature_chondrocyte	mild_vs_severe	SFPQ	0.0	1.0	20	0	0	0	1.0
NP_mature_chondrocyte	mild_vs_severe	BMAL1	0.0	1.0	45	0	0	0	1.0
NP_mature_chondrocyte	mild_vs_severe	SKIL	0.0	1.0	14	0	0	0	1.0
NP_mature_chondrocyte	mild_vs_severe	TBXT	0.0	1.0	6	0	0	0	1.0
NP_mature_chondrocyte	mild_vs_severe	MSX2	0.0	1.0	22	0	0	0	1.0
NP_mature_chondrocyte	mild_vs_severe	MZF1	0.0	1.0	14	0	0	0	1.0
NP_mature_chondrocyte	mild_vs_severe	HOXA5	0.0	1.0	9	0	0	0	1.0
NP_mature_chondrocyte	mild_vs_severe	HOXB4	0.0	1.0	5	0	0	0	1.0
NP_mature_chondrocyte	mild_vs_severe	CREB3	0.0	1.0	8	0	0	0	1.0
NP_mature_chondrocyte	mild_vs_severe	NFE2	0.0	1.0	11	0	0	0	1.0
NP_mature_chondrocyte	mild_vs_severe	ZNF76	0.0	1.0	6	0	0	0	1.0
NP_mature_chondrocyte	mild_vs_severe	FOXQ1	0.0	1.0	9	0	0	0	1.0
NP_mature_chondrocyte	mild_vs_severe	ZGLP1	0.1111111111111111	0.018256683703995333	9	1	1	0	0.2778612930785239
NP_mature_chondrocyte	mild_vs_severe	NFYB	0.034482758620689655	0.05769251092876966	29	1	1	0	0.3827556907854934
NP_mature_chondrocyte	mild_vs_severe	ETV3	0.0	1.0	10	0	0	0	1.0
NP_mature_chondrocyte	mild_vs_severe	GSC	0.0	1.0	5	0	0	0	1.0
NP_mature_chondrocyte	mild_vs_severe	IRF7	0.125	0.016244018023024824	8	1	1	0	0.2778612930785239
NP_mature_chondrocyte	mild_vs_severe	NFATC3	0.05555555555555555	0.03619429883096753	18	1	1	0	0.2977584317160929
NP_mature_chondrocyte	mild_vs_severe	KDM5A	0.0	1.0	13	0	0	0	1.0
NP_mature_chondrocyte	mild_vs_severe	GRHL3	0.0	1.0	14	0	0	0	1.0
NP_mature_chondrocyte	mild_vs_severe	THRA	0.0	1.0	42	0	0	0	1.0
NP_mature_chondrocyte	mild_vs_severe	SOX17	0.0	1.0	25	0	0	0	1.0
NP_mature_chondrocyte	mild_vs_severe	TBX15	0.0	1.0	19	0	0	0	1.0
NP_mature_chondrocyte	mild_vs_severe	NFAT5	0.02857142857142857	0.06922468978751366	35	1	1	0	0.3847894918819453
NP_mature_chondrocyte	mild_vs_severe	BMAL2	0.0	1.0	7	0	0	0	1.0
NP_mature_chondrocyte	mild_vs_severe	NFE2L2	0.006993006993006993	0.2551105515524991	143	1	1	0	0.8696309961761987
NP_mature_chondrocyte	mild_vs_severe	ZIC1	0.0	1.0	9	0	0	0	1.0
NP_mature_chondrocyte	mild_vs_severe	MEIS1	0.0	1.0	9	0	0	0	1.0
NP_mature_chondrocyte	mild_vs_severe	HOXA9	0.0	1.0	27	0	0	0	1.0
NP_mature_chondrocyte	mild_vs_severe	MAFA	0.08333333333333333	0.0242710759867361	12	1	1	0	0.2825519600720033
NP_mature_chondrocyte	mild_vs_severe	NR1D1	0.0	1.0	13	0	0	0	1.0
NP_mature_chondrocyte	mild_vs_severe	MYF6	0.0	1.0	6	0	0	0	1.0
NP_mature_chondrocyte	mild_vs_severe	ZNF263	0.0	1.0	5	0	0	0	1.0
NP_mature_chondrocyte	mild_vs_severe	NFIA	0.03125	0.06347557907163554	32	1	1	0	0.3842776655334492
NP_mature_chondrocyte	mild_vs_severe	HEY2	0.0	1.0	10	0	0	0	1.0
NP_mature_chondrocyte	mild_vs_severe	HOXB7	0.0	1.0	11	0	0	0	1.0
NP_mature_chondrocyte	mild_vs_severe	ZNF350	0.0	1.0	9	0	0	0	1.0
NP_mature_chondrocyte	mild_vs_severe	BCL11A	0.0	1.0	8	0	0	0	1.0
NP_mature_chondrocyte	mild_vs_severe	TWIST1	0.018867924528301886	0.1030168385694776	53	1	1	0	0.4476154182913217
NP_mature_chondrocyte	mild_vs_severe	ZNF395	0.0	1.0	5	0	0	0	1.0
NP_mature_chondrocyte	mild_vs_severe	TFDP2	0.0	1.0	5	0	0	0	1.0
NP_mature_chondrocyte	mild_vs_severe	GTF3A	0.0625	0.03223546181984843	16	1	1	0	0.2932191430766373
NP_mature_chondrocyte	mild_vs_severe	KLF10	0.0	1.0	17	0	0	0	1.0
NP_mature_chondrocyte	mild_vs_severe	KLF2	0.029411764705882353	0.06731208082343905	34	1	1	0	0.3845514247042768
NP_mature_chondrocyte	mild_vs_severe	PHF20	0.0	1.0	7	0	0	0	1.0
NP_mature_chondrocyte	mild_vs_severe	TGIF1	0.0	1.0	8	0	0	0	1.0
NP_mature_chondrocyte	mild_vs_severe	FOXG1	0.0	1.0	12	0	0	0	1.0
NP_mature_chondrocyte	mild_vs_severe	SF1	0.0	1.0	5	0	0	0	1.0
NP_mature_chondrocyte	mild_vs_severe	MBD2	0.0	1.0	57	0	0	0	1.0
NP_mature_chondrocyte	mild_vs_severe	FOXF2	0.0	1.0	8	0	0	0	1.0
NP_mature_chondrocyte	mild_vs_severe	HEY1	0.0	1.0	21	0	0	0	1.0
NP_mature_chondrocyte	mild_vs_severe	ZBTB17	0.0	1.0	36	0	0	0	1.0
NP_mature_chondrocyte	mild_vs_severe	IRF5	0.08333333333333333	0.0242710759867361	12	1	1	0	0.2825519600720033
NP_mature_chondrocyte	mild_vs_severe	THRB	0.0	1.0	30	0	0	0	1.0
NP_mature_chondrocyte	mild_vs_severe	POU3F2	0.0	1.0	13	0	0	0	1.0
NP_mature_chondrocyte	mild_vs_severe	FOXI1	0.0	1.0	5	0	0	0	1.0
NP_mature_chondrocyte	mild_vs_severe	KCNIP3	0.0	1.0	8	0	0	0	1.0
NP_mature_chondrocyte	mild_vs_severe	FOSB	0.05	0.04013764276599324	20	1	1	0	0.3134800707166814
NP_mature_chondrocyte	mild_vs_severe	NFE2L1	0.0	1.0	8	0	0	0	1.0
NP_mature_chondrocyte	mild_vs_severe	TRERF1	0.0	1.0	5	0	0	0	1.0
NP_mature_chondrocyte	mild_vs_severe	FOXP1	0.0	1.0	11	0	0	0	1.0
NP_mature_chondrocyte	mild_vs_severe	FOXP2	0.0	1.0	5	0	0	0	1.0
NP_mature_chondrocyte	mild_vs_severe	BARX1	0.0	1.0	7	0	0	0	1.0
NP_mature_chondrocyte	mild_vs_severe	ZFPM2	0.0	1.0	7	0	0	0	1.0
NP_mature_chondrocyte	mild_vs_severe	IKZF1	0.06666666666666667	0.030250215264537767	15	1	1	0	0.2932191430766373
NP_mature_chondrocyte	mild_vs_severe	BCL3	0.05263157894736842	0.03816790381021325	19	1	1	0	0.30986311382765225
NP_mature_chondrocyte	mild_vs_severe	SP2	0.0	1.0	16	0	0	0	1.0
NP_mature_chondrocyte	mild_vs_severe	SIM2	0.0	1.0	8	0	0	0	1.0
NP_mature_chondrocyte	mild_vs_severe	NFATC1	0.015625	0.1230864646438297	64	1	1	0	0.4899635399047931
NP_mature_chondrocyte	mild_vs_severe	POU2F3	0.0	1.0	5	0	0	0	1.0
NP_mature_chondrocyte	mild_vs_severe	HOXA7	0.0	1.0	10	0	0	0	1.0
NP_mature_chondrocyte	mild_vs_severe	NPAS2	0.0	1.0	6	0	0	0	1.0
NP_mature_chondrocyte	mild_vs_severe	DLX2	0.0	1.0	11	0	0	0	1.0
NP_mature_chondrocyte	mild_vs_severe	PRRX1	0.0	1.0	5	0	0	0	1.0
NP_mature_chondrocyte	mild_vs_severe	VEZF1	0.0	1.0	6	0	0	0	1.0
NP_mature_chondrocyte	mild_vs_severe	CTBP2	0.0	1.0	9	0	0	0	1.0
NP_mature_chondrocyte	mild_vs_severe	SOX6	0.0	1.0	15	0	0	0	1.0
NP_mature_chondrocyte	mild_vs_severe	HIPK2	0.0	1.0	7	0	0	0	1.0
NP_mature_chondrocyte	mild_vs_severe	RORC	0.16666666666666666	0.012206840065537683	6	1	1	0	0.2778612930785239
NP_mature_chondrocyte	mild_vs_severe	PPARD	0.0	1.0	61	0	0	0	1.0
NP_mature_chondrocyte	mild_vs_severe	MECOM	0.0	1.0	13	0	0	0	1.0
NP_mature_chondrocyte	mild_vs_severe	SIRT1	0.02564102564102564	0.07683767698502088	39	1	1	0	0.411672840141032
NP_mature_chondrocyte	mild_vs_severe	ZBTB7B	0.0	1.0	12	0	0	0	1.0
NP_mature_chondrocyte	mild_vs_severe	ZBTB7A	0.0	1.0	29	0	0	0	1.0
NP_mature_chondrocyte	mild_vs_severe	NR6A1	0.0	1.0	5	0	0	0	1.0
NP_mature_chondrocyte	mild_vs_severe	STAT2	0.0	1.0	29	0	0	0	1.0
NP_mature_chondrocyte	mild_vs_severe	ESRRG	0.0	1.0	14	0	0	0	1.0
NP_mature_chondrocyte	mild_vs_severe	PRDM2	0.0	1.0	7	0	0	0	1.0
NP_mature_chondrocyte	mild_vs_severe	PURA	0.0	1.0	14	0	0	0	1.0
NP_mature_chondrocyte	mild_vs_severe	SALL2	0.0	1.0	5	0	0	0	1.0
NP_mature_chondrocyte	mild_vs_severe	NEUROD6	0.0	1.0	8	0	0	0	1.0
NP_mature_chondrocyte	mild_vs_severe	NEUROG2	0.0	1.0	8	0	0	0	1.0
NP_mature_chondrocyte	mild_vs_severe	HMGB2	0.16666666666666666	0.012206840065537683	6	1	1	0	0.2778612930785239
NP_mature_chondrocyte	mild_vs_severe	DLX3	0.0	1.0	10	0	0	0	1.0
NP_mature_chondrocyte	mild_vs_severe	TWIST2	0.041666666666666664	0.04797808275003056	24	1	1	0	0.3442148494973123
NP_mature_chondrocyte	mild_vs_severe	TFAP4	0.0	1.0	23	0	0	0	1.0
NP_mature_chondrocyte	mild_vs_severe	KAT6B	0.0	1.0	6	0	0	0	1.0
NP_mature_chondrocyte	mild_vs_severe	SALL3	0.0	1.0	5	0	0	0	1.0
NP_mature_chondrocyte	mild_vs_severe	MXI1	0.0	1.0	8	0	0	0	1.0
NP_mature_chondrocyte	mild_vs_severe	E2F5	0.0	1.0	9	0	0	0	1.0
NP_mature_chondrocyte	mild_vs_severe	E2F2	0.0	1.0	43	0	0	0	1.0
NP_mature_chondrocyte	mild_vs_severe	FOXD3	0.0	1.0	8	0	0	0	1.0
NP_mature_chondrocyte	mild_vs_severe	POU5F1	0.025	0.07873159665582136	40	1	1	0	0.411672840141032
NP_mature_chondrocyte	mild_vs_severe	PLAGL1	0.0	1.0	14	0	0	0	1.0
NP_mature_chondrocyte	mild_vs_severe	SNAI2	0.0	1.0	27	0	0	0	1.0
NP_mature_chondrocyte	mild_vs_severe	NOTCH1	0.0	1.0	41	0	0	0	1.0
NP_mature_chondrocyte	mild_vs_severe	FOXC2	0.0	1.0	11	0	0	0	1.0
NP_mature_chondrocyte	mild_vs_severe	FOXD1	0.0	1.0	5	0	0	0	1.0
NP_mature_chondrocyte	mild_vs_severe	KLF9	-0.0625	0.03223546181984843	16	1	0	1	0.2932191430766373
NP_mature_chondrocyte	mild_vs_severe	TBPL2	0.0	1.0	8	0	0	0	1.0
NP_mature_chondrocyte	mild_vs_severe	NFIL3	0.0	1.0	15	0	0	0	1.0
NP_mature_chondrocyte	mild_vs_severe	ZNF384	0.1	0.020265410354187323	10	1	1	0	0.2778612930785239
NP_mature_chondrocyte	mild_vs_severe	HOXA11	0.0	1.0	5	0	0	0	1.0
NP_mature_chondrocyte	mild_vs_severe	MEF2D	0.0	1.0	17	0	0	0	1.0
NP_mature_chondrocyte	mild_vs_severe	SMAD5	0.0	1.0	27	0	0	0	1.0
NP_mature_chondrocyte	mild_vs_severe	MLXIPL	0.0	1.0	10	0	0	0	1.0
NP_mature_chondrocyte	mild_vs_severe	ZBTB33	0.0	1.0	7	0	0	0	1.0
NP_mature_chondrocyte	mild_vs_severe	KLF15	0.0	1.0	12	0	0	0	1.0
NP_mature_chondrocyte	mild_vs_severe	DNMT3A	0.0	1.0	39	0	0	0	1.0
NP_mature_chondrocyte	mild_vs_severe	DNMT3B	0.0	1.0	51	0	0	0	1.0
NP_mature_chondrocyte	mild_vs_severe	OLIG2	0.0	1.0	10	0	0	0	1.0
NP_mature_chondrocyte	mild_vs_severe	MAFG	0.0	1.0	9	0	0	0	1.0
NP_mature_chondrocyte	mild_vs_severe	TEF	0.1111111111111111	0.018256683703995333	9	1	1	0	0.2778612930785239
NP_mature_chondrocyte	mild_vs_severe	HOXD13	0.0	1.0	8	0	0	0	1.0
NP_mature_chondrocyte	mild_vs_severe	ZKSCAN7	0.0	1.0	7	0	0	0	1.0
NP_mature_chondrocyte	mild_vs_severe	BACH1	0.0	1.0	14	0	0	0	1.0
NP_mature_chondrocyte	mild_vs_severe	TEAD4	0.0	1.0	7	0	0	0	1.0
NP_mature_chondrocyte	mild_vs_severe	GCM1	0.0	1.0	5	0	0	0	1.0
NP_mature_chondrocyte	mild_vs_severe	BHLHE41	0.0	1.0	18	0	0	0	1.0
NP_mature_chondrocyte	mild_vs_severe	MTA1	0.1	1.1554940504100885e-06	40	4	4	0	0.0007129398291030246
NP_mature_chondrocyte	mild_vs_severe	EHF	0.0	1.0	8	0	0	0	1.0
NP_mature_chondrocyte	mild_vs_severe	TCF7L2	0.0	1.0	73	0	0	0	1.0
NP_mature_chondrocyte	mild_vs_severe	VSX2	0.0	1.0	13	0	0	0	1.0
NP_mature_chondrocyte	mild_vs_severe	TSC22D1	0.0	1.0	7	0	0	0	1.0
NP_mature_chondrocyte	mild_vs_severe	SOX5	0.0	1.0	10	0	0	0	1.0
NP_mature_chondrocyte	mild_vs_severe	SOX2	0.029411764705882353	0.06731208082343905	34	1	1	0	0.3845514247042768
NP_mature_chondrocyte	mild_vs_severe	NKX3-2	0.16666666666666666	0.012206840065537683	6	1	1	0	0.2778612930785239
NP_mature_chondrocyte	mild_vs_severe	PAX9	0.0	1.0	7	0	0	0	1.0
NP_mature_chondrocyte	mild_vs_severe	TCF21	0.0	1.0	6	0	0	0	1.0
NP_mature_chondrocyte	mild_vs_severe	HIC1	0.0	1.0	17	0	0	0	1.0
NP_mature_chondrocyte	mild_vs_severe	ZEB2	0.0	1.0	17	0	0	0	1.0
NP_mature_chondrocyte	mild_vs_severe	NONO	0.0	1.0	11	0	0	0	1.0
NP_mature_chondrocyte	mild_vs_severe	CEBPZ	0.0	1.0	13	0	0	0	1.0
NP_mature_chondrocyte	mild_vs_severe	SIX1	0.0	1.0	7	0	0	0	1.0
NP_mature_chondrocyte	mild_vs_severe	NFIX	0.0	1.0	15	0	0	0	1.0
NP_mature_chondrocyte	mild_vs_severe	MNT	0.0	1.0	8	0	0	0	1.0
NP_mature_chondrocyte	mild_vs_severe	HOXA1	0.0	1.0	14	0	0	0	1.0
NP_mature_chondrocyte	mild_vs_severe	BCL11B	0.0	1.0	18	0	0	0	1.0
NP_mature_chondrocyte	mild_vs_severe	RXRB	0.0	1.0	7	0	0	0	1.0
NP_mature_chondrocyte	mild_vs_severe	E2F6	0.0	1.0	33	0	0	0	1.0
NP_mature_chondrocyte	mild_vs_severe	HOXA13	0.0	1.0	6	0	0	0	1.0
NP_mature_chondrocyte	mild_vs_severe	KAT6A	0.0	1.0	11	0	0	0	1.0
NP_mature_chondrocyte	mild_vs_severe	GFI1	0.030303030303030304	0.06539571293518989	33	1	1	0	0.3842776655334492
NP_mature_chondrocyte	mild_vs_severe	RUNX3	0.0	1.0	44	0	0	0	1.0
NP_mature_chondrocyte	mild_vs_severe	GLI1	0.0	1.0	114	0	0	0	1.0
NP_mature_chondrocyte	mild_vs_severe	KLF8	0.0	1.0	15	0	0	0	1.0
NP_mature_chondrocyte	mild_vs_severe	HIF3A	0.0	1.0	5	0	0	0	1.0
NP_mature_chondrocyte	mild_vs_severe	MEOX2	0.0	1.0	6	0	0	0	1.0
NP_mature_chondrocyte	mild_vs_severe	JARID2	0.0	1.0	10	0	0	0	1.0
NP_mature_chondrocyte	mild_vs_severe	NFYC	0.0	1.0	18	0	0	0	1.0
NP_mature_chondrocyte	mild_vs_severe	GFI1B	0.0	1.0	9	0	0	0	1.0
NP_mature_chondrocyte	mild_vs_severe	ASCL2	0.0	1.0	5	0	0	0	1.0
NP_mature_chondrocyte	mild_vs_severe	MSC	0.0	1.0	13	0	0	0	1.0
NP_mature_chondrocyte	mild_vs_severe	HOXB9	0.0	1.0	5	0	0	0	1.0
NP_mature_chondrocyte	mild_vs_severe	HLX	0.0	1.0	12	0	0	0	1.0
NP_mature_chondrocyte	mild_vs_severe	RCOR2	0.08333333333333333	0.0242710759867361	12	1	1	0	0.2825519600720033
NP_mature_chondrocyte	mild_vs_severe	NKX2-2	0.0	1.0	9	0	0	0	1.0
NP_mature_chondrocyte	mild_vs_severe	ARID4A	0.0	1.0	6	0	0	0	1.0
NP_mature_chondrocyte	mild_vs_severe	HINFP	0.0	1.0	9	0	0	0	1.0
NP_mature_chondrocyte	mild_vs_severe	SMARCC1	0.0	1.0	6	0	0	0	1.0
NP_mature_chondrocyte	mild_vs_severe	KAT2B	0.0	1.0	12	0	0	0	1.0
NP_mature_chondrocyte	mild_vs_severe	HDGF	0.0	1.0	5	0	0	0	1.0
NP_mature_chondrocyte	mild_vs_severe	EP300	0.023809523809523808	0.08250829231884843	42	1	1	0	0.4132483947086825
NP_mature_chondrocyte	mild_vs_severe	TRPS1	-0.08333333333333333	0.0242710759867361	12	1	0	1	0.2825519600720033
NP_mature_chondrocyte	mild_vs_severe	CTNNB1	0.0	1.0	199	0	0	0	1.0
NP_mature_chondrocyte	mild_vs_severe	PML	0.0	1.0	15	0	0	0	1.0
NP_mature_chondrocyte	mild_vs_severe	KLF7	0.0	1.0	8	0	0	0	1.0
NP_mature_chondrocyte	mild_vs_severe	PROP1	0.0	1.0	6	0	0	0	1.0
NP_mature_chondrocyte	mild_vs_severe	LMO2	0.0	1.0	18	0	0	0	1.0
NP_mature_chondrocyte	mild_vs_severe	MEOX1	0.0	1.0	6	0	0	0	1.0
NP_mature_chondrocyte	mild_vs_severe	FOXL2	0.0	1.0	13	0	0	0	1.0
NP_mature_chondrocyte	mild_vs_severe	HTATIP2	0.0	1.0	11	0	0	0	1.0
NP_mature_chondrocyte	mild_vs_severe	EZH2	-0.010309278350515464	0.18075070472788876	97	1	0	1	0.648390609401787
NP_mature_chondrocyte	mild_vs_severe	GLI2	0.0	1.0	102	0	0	0	1.0
NP_mature_chondrocyte	mild_vs_severe	TCF7	0.0	1.0	12	0	0	0	1.0
NP_mature_chondrocyte	mild_vs_severe	FOXC1	0.0	1.0	10	0	0	0	1.0
NP_mature_chondrocyte	mild_vs_severe	HOXB13	0.0	1.0	8	0	0	0	1.0
NP_mature_chondrocyte	mild_vs_severe	ABL1	0.0	1.0	10	0	0	0	1.0
NP_mature_chondrocyte	mild_vs_severe	TBX3	0.0	1.0	11	0	0	0	1.0
NP_mature_chondrocyte	mild_vs_severe	NFKBIZ	0.2	0.010182313004542077	5	1	1	0	0.2778612930785239
NP_mature_chondrocyte	mild_vs_severe	PLAGL2	0.2	0.010182313004542077	5	1	1	0	0.2778612930785239
NP_mature_chondrocyte	mild_vs_severe	TET1	0.0	1.0	9	0	0	0	1.0
NP_mature_chondrocyte	mild_vs_severe	FOXH1	0.0	1.0	7	0	0	0	1.0
NP_mature_chondrocyte	mild_vs_severe	FOXP3	0.0	1.0	27	0	0	0	1.0
NP_mature_chondrocyte	mild_vs_severe	CREB3L1	0.0	1.0	7	0	0	0	1.0
NP_mature_chondrocyte	mild_vs_severe	TFDP3	0.0	1.0	5	0	0	0	1.0
NP_mature_chondrocyte	mild_vs_severe	SP7	0.041666666666666664	0.04797808275003056	24	1	1	0	0.3442148494973123
NP_mature_chondrocyte	mild_vs_severe	OVOL1	0.0	1.0	8	0	0	0	1.0
NP_mature_chondrocyte	mild_vs_severe	ZNF436	0.0	1.0	5	0	0	0	1.0
NP_mature_chondrocyte	mild_vs_severe	ATF7	0.4	3.983470065919101e-05	5	2	2	0	0.007664723323725792
NP_mature_chondrocyte	mild_vs_severe	SCX	0.0	1.0	8	0	0	0	1.0
NP_mature_chondrocyte	mild_vs_severe	NANOG	0.0	1.0	31	0	0	0	1.0
NP_mature_chondrocyte	mild_vs_severe	ARX	0.0	1.0	13	0	0	0	1.0
NP_mature_chondrocyte	mild_vs_severe	VHL	0.0	1.0	20	0	0	0	1.0
NP_mature_chondrocyte	mild_vs_severe	SOX4	0.0	1.0	18	0	0	0	1.0
NP_mature_chondrocyte	mild_vs_severe	ATF5	0.0	1.0	21	0	0	0	1.0
NP_mature_chondrocyte	mild_vs_severe	CTCFL	0.0	1.0	6	0	0	0	1.0
NP_mature_chondrocyte	mild_vs_severe	SP6	0.0	1.0	5	0	0	0	1.0
NP_mature_chondrocyte	mild_vs_severe	SMARCA5	0.0	1.0	8	0	0	0	1.0
NP_mature_chondrocyte	mild_vs_severe	EOMES	0.0	1.0	8	0	0	0	1.0
NP_mature_chondrocyte	mild_vs_severe	ESRRB	0.0	1.0	5	0	0	0	1.0
NP_mature_chondrocyte	mild_vs_severe	ZXDC	0.0	1.0	5	0	0	0	1.0
NP_mature_chondrocyte	mild_vs_severe	NR2E1	0.0	1.0	10	0	0	0	1.0
NP_mature_chondrocyte	mild_vs_severe	ZFP42	0.0	1.0	12	0	0	0	1.0
NP_mature_chondrocyte	mild_vs_severe	KMT2B	0.0	1.0	11	0	0	0	1.0
NP_mature_chondrocyte	mild_vs_severe	NFIB	0.0	1.0	14	0	0	0	1.0
NP_mature_chondrocyte	mild_vs_severe	EN1	0.0	1.0	5	0	0	0	1.0
NP_mature_chondrocyte	mild_vs_severe	MTA3	0.0	1.0	9	0	0	0	1.0
NP_mature_chondrocyte	mild_vs_severe	TBX18	0.0	1.0	7	0	0	0	1.0
NP_mature_chondrocyte	mild_vs_severe	EGR4	0.1111111111111111	0.018256683703995333	9	1	1	0	0.2778612930785239
NP_mature_chondrocyte	mild_vs_severe	HSF4	0.0	1.0	8	0	0	0	1.0
NP_mature_chondrocyte	mild_vs_severe	BCLAF1	0.0	1.0	5	0	0	0	1.0
NP_mature_chondrocyte	mild_vs_severe	KDM5C	0.0	1.0	10	0	0	0	1.0
NP_mature_chondrocyte	mild_vs_severe	FOSL2	0.0	1.0	22	0	0	0	1.0
NP_mature_chondrocyte	mild_vs_severe	MED1	0.0	1.0	9	0	0	0	1.0
NP_mature_chondrocyte	mild_vs_severe	LYL1	0.0	1.0	12	0	0	0	1.0
NP_mature_chondrocyte	mild_vs_severe	HOXD1	0.0	1.0	5	0	0	0	1.0
NP_mature_chondrocyte	mild_vs_severe	SALL4	0.16666666666666666	0.012206840065537683	6	1	1	0	0.2778612930785239
NP_mature_chondrocyte	mild_vs_severe	KDM5B	0.0	1.0	20	0	0	0	1.0
NP_mature_chondrocyte	mild_vs_severe	TADA2A	0.0	1.0	6	0	0	0	1.0
NP_mature_chondrocyte	mild_vs_severe	SATB2	0.0	1.0	17	0	0	0	1.0
NP_mature_chondrocyte	mild_vs_severe	NSD2	0.0	1.0	7	0	0	0	1.0
NP_mature_chondrocyte	mild_vs_severe	PBRM1	0.0	1.0	7	0	0	0	1.0
NP_mature_chondrocyte	mild_vs_severe	ZBTB4	0.0	1.0	13	0	0	0	1.0
NP_mature_chondrocyte	mild_vs_severe	THAP11	0.0	1.0	6	0	0	0	1.0
NP_mature_chondrocyte	mild_vs_severe	FOXJ1	0.0	1.0	8	0	0	0	1.0
NP_mature_chondrocyte	mild_vs_severe	PPARGC1A	0.0	1.0	18	0	0	0	1.0
NP_mature_chondrocyte	mild_vs_severe	BATF	0.0	1.0	7	0	0	0	1.0
NP_mature_chondrocyte	mild_vs_severe	ARID3B	0.0	1.0	5	0	0	0	1.0
NP_mature_chondrocyte	mild_vs_severe	ZNF300	0.0	1.0	5	0	0	0	1.0
NP_mature_chondrocyte	mild_vs_severe	NUPR1	0.0	1.0	6	0	0	0	1.0
NP_mature_chondrocyte	mild_vs_severe	ZNF331	0.058823529411764705	0.0342168205859285	17	1	1	0	0.2932191430766373
NP_mature_chondrocyte	mild_vs_severe	ZNF382	0.0	1.0	11	0	0	0	1.0
NP_mature_chondrocyte	mild_vs_severe	HOXD8	0.0	1.0	5	0	0	0	1.0
NP_mature_chondrocyte	mild_vs_severe	LHX8	0.0	1.0	7	0	0	0	1.0
NP_mature_chondrocyte	mild_vs_severe	IRX1	0.0	1.0	11	0	0	0	1.0
NP_mature_chondrocyte	mild_vs_severe	SOX11	0.14285714285714285	0.014227405938758297	7	1	1	0	0.2778612930785239
NP_mature_chondrocyte	mild_vs_severe	IRF6	0.0	1.0	10	0	0	0	1.0
NP_mature_chondrocyte	mild_vs_severe	E2F7	0.0	1.0	5	0	0	0	1.0
NP_mature_chondrocyte	mild_vs_severe	HEYL	0.0	1.0	5	0	0	0	1.0
NP_mature_chondrocyte	mild_vs_severe	MECP2	0.0	1.0	16	0	0	0	1.0
NP_mature_chondrocyte	mild_vs_severe	MAML1	0.0	1.0	5	0	0	0	1.0
NP_mature_chondrocyte	mild_vs_severe	DOT1L	0.0	1.0	8	0	0	0	1.0
NP_mature_chondrocyte	mild_vs_severe	ARID3A	0.0	1.0	6	0	0	0	1.0
NP_mature_chondrocyte	mild_vs_severe	ARID1A	0.0	1.0	5	0	0	0	1.0
NP_mature_chondrocyte	mild_vs_severe	ZBTB18	0.0	1.0	6	0	0	0	1.0
NP_mature_chondrocyte	mild_vs_severe	TCF15	0.0	1.0	5	0	0	0	1.0
NP_mature_chondrocyte	mild_vs_severe	NPM1	0.0	1.0	11	0	0	0	1.0
NP_mature_chondrocyte	mild_vs_severe	SETBP1	0.0	1.0	6	0	0	0	1.0
NP_mature_chondrocyte	mild_vs_severe	KDM2A	0.0	1.0	8	0	0	0	1.0
NP_mature_chondrocyte	mild_vs_severe	MKX	0.0	1.0	6	0	0	0	1.0
NP_mature_chondrocyte	mild_vs_severe	HDAC3	0.06666666666666667	0.030250215264537767	15	1	1	0	0.2932191430766373
NP_mature_chondrocyte	mild_vs_severe	BTG2	0.0	1.0	6	0	0	0	1.0
NP_mature_chondrocyte	mild_vs_severe	CREB5	0.0	1.0	9	0	0	0	1.0
NP_mature_chondrocyte	mild_vs_severe	CTBP1	0.0	1.0	8	0	0	0	1.0
NP_mature_chondrocyte	mild_vs_severe	HDAC1	0.0	1.0	57	0	0	0	1.0
NP_mature_chondrocyte	mild_vs_severe	HCFC1	0.0	1.0	7	0	0	0	1.0
NP_mature_chondrocyte	mild_vs_severe	ETV7	0.0	1.0	8	0	0	0	1.0
NP_mature_chondrocyte	mild_vs_severe	FHL2	0.0	1.0	6	0	0	0	1.0
NP_mature_chondrocyte	mild_vs_severe	HDAC4	0.0	1.0	17	0	0	0	1.0
NP_mature_chondrocyte	mild_vs_severe	HDAC7	0.0	1.0	10	0	0	0	1.0
NP_mature_chondrocyte	mild_vs_severe	HDAC9	0.0	1.0	14	0	0	0	1.0
NP_mature_chondrocyte	mild_vs_severe	ING4	0.0	1.0	14	0	0	0	1.0
NP_mature_chondrocyte	mild_vs_severe	SIN3A	0.0	1.0	8	0	0	0	1.0
NP_mature_chondrocyte	mild_vs_severe	SMARCA4	0.0	1.0	7	0	0	0	1.0
NP_mature_chondrocyte	mild_vs_severe	WWTR1	0.0	1.0	8	0	0	0	1.0
NP_mature_chondrocyte	mild_vs_severe	PIN1	0.0	1.0	5	0	0	0	1.0
NP_mature_chondrocyte	mild_vs_severe	FGF2	0.0	1.0	8	0	0	0	1.0
NP_mature_chondrocyte	mild_vs_severe	PARK7	0.0	1.0	6	0	0	0	1.0
NP_mature_chondrocyte	mild_vs_severe	YAP1	0.0	1.0	8	0	0	0	1.0
NP_mature_chondrocyte	mild_vs_severe	BCOR	0.0	1.0	5	0	0	0	1.0
NP_mature_chondrocyte	mild_vs_severe	BRD4	0.125	0.016244018023024824	8	1	1	0	0.2778612930785239
NP_mature_chondrocyte	mild_vs_severe	SRSF2	0.0	1.0	12	0	0	0	1.0
NP_mature_chondrocyte	mild_vs_severe	ZMYND8	0.0	1.0	6	0	0	0	1.0
NP_mature_chondrocyte	mild_vs_severe	ARID4B	0.0	1.0	8	0	0	0	1.0
NP_mature_chondrocyte	mild_vs_severe	AP1	0.00906344410876133	0.028908852965776922	331	3	3	0	0.2932191430766373
NP_mature_chondrocyte	mild_vs_severe	NFKB	0.008350730688935281	0.015094605058757624	479	4	4	0	0.2778612930785239
NP_notochordal	mild_vs_severe	MYC	0.0	0.03304534864823387	684	2	1	1	0.2488600330299094
NP_notochordal	mild_vs_severe	SPI1	0.0	1.0	171	0	0	0	1.0
NP_notochordal	mild_vs_severe	SMAD3	0.018867924528301886	0.0008746969779887496	106	2	2	0	0.03461175643677137
NP_notochordal	mild_vs_severe	SMAD4	0.025974025974025976	0.00046230674674069006	77	2	2	0	0.024003544491447516
NP_notochordal	mild_vs_severe	STAT5A	0.0	1.0	123	0	0	0	1.0
NP_notochordal	mild_vs_severe	STAT5B	0.0	1.0	64	0	0	0	1.0
NP_notochordal	mild_vs_severe	RELA	-0.0031545741324921135	0.13402400595724182	317	1	0	1	0.8094519171675001
NP_notochordal	mild_vs_severe	WT1	0.0	1.0	91	0	0	0	1.0
NP_notochordal	mild_vs_severe	NR0B2	0.015151515151515152	0.029186023592367702	66	1	1	0	0.23121395313434154
NP_notochordal	mild_vs_severe	SP1	0.0	0.00011523409057631311	787	4	2	2	0.011363373445197477
NP_notochordal	mild_vs_severe	TP53	0.00141643059490085	0.27843537715692357	706	1	1	0	1.0
NP_notochordal	mild_vs_severe	ZBTB16	0.02857142857142857	0.015563552561379148	35	1	1	0	0.19375034821308734
NP_notochordal	mild_vs_severe	ETV6	0.0	1.0	17	0	0	0	1.0
NP_notochordal	mild_vs_severe	RUNX1	0.008849557522123894	0.049551420044060726	113	1	1	0	0.35451626702123196
NP_notochordal	mild_vs_severe	STAT1	0.0	1.0	204	0	0	0	1.0
NP_notochordal	mild_vs_severe	STAT3	0.0	1.0	259	0	0	0	1.0
NP_notochordal	mild_vs_severe	ETV4	0.025	0.0177710062945845	40	1	1	0	0.19859685219097617
NP_notochordal	mild_vs_severe	MTF1	0.0	1.0	26	0	0	0	1.0
NP_notochordal	mild_vs_severe	CREB1	0.003816793893129771	0.11186609338895423	262	1	1	0	0.6892759289622432
NP_notochordal	mild_vs_severe	FOXA2	0.0	1.0	43	0	0	0	1.0
NP_notochordal	mild_vs_severe	NFATC2	0.0	1.0	49	0	0	0	1.0
NP_notochordal	mild_vs_severe	CEBPB	0.008	0.004766713665079656	250	2	2	0	0.099043433890002
NP_notochordal	mild_vs_severe	FOS	0.0051813471502590676	0.08342897933561234	193	1	1	0	0.5414008233481227
NP_notochordal	mild_vs_severe	PLAG1	0.0	1.0	7	0	0	0	1.0
NP_notochordal	mild_vs_severe	E2F1	0.00398406374501992	0.10738057766275556	251	1	1	0	0.6683893099416417
NP_notochordal	mild_vs_severe	E2F3	0.0	1.0	59	0	0	0	1.0
NP_notochordal	mild_vs_severe	HBP1	0.0	1.0	30	0	0	0	1.0
NP_notochordal	mild_vs_severe	YY1	0.006369426751592357	0.06830575790578997	157	1	1	0	0.462961248028132
NP_notochordal	mild_vs_severe	ESR1	0.002577319587628866	0.16197158716390428	388	1	1	0	0.9500256554805924
NP_notochordal	mild_vs_severe	JUN	0.002631578947368421	0.15885913589483588	380	1	1	0	0.9408162417072805
NP_notochordal	mild_vs_severe	NR1I3	0.0	1.0	27	0	0	0	1.0
NP_notochordal	mild_vs_severe	CEBPG	0.0	1.0	96	0	0	0	1.0
NP_notochordal	mild_vs_severe	MAFK	0.0	1.0	16	0	0	0	1.0
NP_notochordal	mild_vs_severe	STAT4	0.0	1.0	13	0	0	0	1.0
NP_notochordal	mild_vs_severe	IRF1	0.0	1.0	93	0	0	0	1.0
NP_notochordal	mild_vs_severe	ATF2	0.0	1.0	81	0	0	0	1.0
NP_notochordal	mild_vs_severe	NR2C2	0.0	1.0	34	0	0	0	1.0
NP_notochordal	mild_vs_severe	IRF3	-0.0196078431372549	0.022613466873656094	51	1	0	1	0.21553460613953465
NP_notochordal	mild_vs_severe	TFAP2A	0.00558659217877095	0.07757124505856444	179	1	1	0	0.5115515440350609
NP_notochordal	mild_vs_severe	HNF1A	0.024390243902439025	0.018212021467764017	41	1	1	0	0.19859685219097617
NP_notochordal	mild_vs_severe	ETS1	0.015748031496062992	0.001252840671157153	127	2	2	0	0.04495487114152137
NP_notochordal	mild_vs_severe	ARNT	0.0	1.0	41	0	0	0	1.0
NP_notochordal	mild_vs_severe	AHR	0.0	0.0006885099498460382	94	2	1	1	0.02999936210043452
NP_notochordal	mild_vs_severe	PAX6	0.0	1.0	77	0	0	0	1.0
NP_notochordal	mild_vs_severe	NFYA	0.0	1.0	70	0	0	0	1.0
NP_notochordal	mild_vs_severe	ZNF148	0.0	1.0	21	0	0	0	1.0
NP_notochordal	mild_vs_severe	NFIC	0.022222222222222223	0.01997449833882228	45	1	1	0	0.1997449833882228
NP_notochordal	mild_vs_severe	RBPJ	0.011904761904761904	0.037026368310786095	84	1	1	0	0.27212150204312674
NP_notochordal	mild_vs_severe	HES1	0.037037037037037035	0.00022703280211670073	54	2	2	0	0.015387778810131937
NP_notochordal	mild_vs_severe	GATA4	0.0	1.0	58	0	0	0	1.0
NP_notochordal	mild_vs_severe	GATA6	0.0	1.0	34	0	0	0	1.0
NP_notochordal	mild_vs_severe	HNF4A	0.0	1.0	124	0	0	0	1.0
NP_notochordal	mild_vs_severe	RARA	0.0	1.0	101	0	0	0	1.0
NP_notochordal	mild_vs_severe	DBP	0.0	1.0	19	0	0	0	1.0
NP_notochordal	mild_vs_severe	HLF	0.0	1.0	11	0	0	0	1.0
NP_notochordal	mild_vs_severe	PPARG	-0.0049261083743842365	0.08759482570267382	203	1	0	1	0.5565921216524066
NP_notochordal	mild_vs_severe	MAX	0.0	1.0	33	0	0	0	1.0
NP_notochordal	mild_vs_severe	USF2	0.016129032258064516	0.027436809645989064	62	1	1	0	0.22723889763936067
NP_notochordal	mild_vs_severe	IRF2	0.0	1.0	31	0	0	0	1.0
NP_notochordal	mild_vs_severe	SP3	0.0	0.004879383366112708	253	2	1	1	0.099043433890002
NP_notochordal	mild_vs_severe	AR	0.0	1.0	343	0	0	0	1.0
NP_notochordal	mild_vs_severe	CUX1	0.0	1.0	73	0	0	0	1.0
NP_notochordal	mild_vs_severe	ATF1	0.0	1.0	58	0	0	0	1.0
NP_notochordal	mild_vs_severe	KAT7	0.0	1.0	56	0	0	0	1.0
NP_notochordal	mild_vs_severe	CREBZF	0.0	1.0	11	0	0	0	1.0
NP_notochordal	mild_vs_severe	GLI3	0.0	1.0	25	0	0	0	1.0
NP_notochordal	mild_vs_severe	NKX2-5	0.0	1.0	32	0	0	0	1.0
NP_notochordal	mild_vs_severe	TGFB1I1	0.0	1.0	11	0	0	0	1.0
NP_notochordal	mild_vs_severe	RARB	0.0	1.0	31	0	0	0	1.0
NP_notochordal	mild_vs_severe	RARG	0.0	1.0	20	0	0	0	1.0
NP_notochordal	mild_vs_severe	TEAD1	0.0	1.0	14	0	0	0	1.0
NP_notochordal	mild_vs_severe	PPARA	-0.006578947368421052	0.06618961846410439	152	1	0	1	0.45365918273150196
NP_notochordal	mild_vs_severe	ESR2	0.008	0.054695919972420605	125	1	1	0	0.3791421725360974
NP_notochordal	mild_vs_severe	NR3C1	0.006211180124223602	0.0699959057732428	161	1	1	0	0.46920332441404516
NP_notochordal	mild_vs_severe	PGR	0.011904761904761904	0.037026368310786095	84	1	1	0	0.27212150204312674
NP_notochordal	mild_vs_severe	NRG1	0.0	1.0	25	0	0	0	1.0
NP_notochordal	mild_vs_severe	TBP	0.0	1.0	103	0	0	0	1.0
NP_notochordal	mild_vs_severe	REL	0.0	1.0	69	0	0	0	1.0
NP_notochordal	mild_vs_severe	ISL1	0.0	1.0	10	0	0	0	1.0
NP_notochordal	mild_vs_severe	ZBTB14	0.0	1.0	5	0	0	0	1.0
NP_notochordal	mild_vs_severe	MYB	0.018518518518518517	0.0009078493491612163	108	2	2	0	0.03461175643677137
NP_notochordal	mild_vs_severe	PITX1	0.0	1.0	17	0	0	0	1.0
NP_notochordal	mild_vs_severe	EGR1	0.008928571428571428	0.003843041949329368	224	2	2	0	0.09767731621212143
NP_notochordal	mild_vs_severe	MYOD1	0.0	1.0	83	0	0	0	1.0
NP_notochordal	mild_vs_severe	ETS2	0.014925373134328358	0.029622933572749182	67	1	1	0	0.23166653178688462
NP_notochordal	mild_vs_severe	GTF2I	0.0	1.0	19	0	0	0	1.0
NP_notochordal	mild_vs_severe	NR2F1	0.0	1.0	22	0	0	0	1.0
NP_notochordal	mild_vs_severe	ENO1	0.0	1.0	12	0	0	0	1.0
NP_notochordal	mild_vs_severe	JDP2	0.0	1.0	28	0	0	0	1.0
NP_notochordal	mild_vs_severe	MAZ	0.0	1.0	21	0	0	0	1.0
NP_notochordal	mild_vs_severe	NR4A1	0.0	1.0	56	0	0	0	1.0
NP_notochordal	mild_vs_severe	HMGA1	0.0	1.0	39	0	0	0	1.0
NP_notochordal	mild_vs_severe	NFKB1	-0.004329004329004329	0.09917867160954891	231	1	0	1	0.6237009245548952
NP_notochordal	mild_vs_severe	USF1	0.008264462809917356	0.05298356810646164	121	1	1	0	0.3714939832751908
NP_notochordal	mild_vs_severe	DDIT3	0.0	1.0	70	0	0	0	1.0
NP_notochordal	mild_vs_severe	ATF4	0.0	1.0	84	0	0	0	1.0
NP_notochordal	mild_vs_severe	ATF3	0.0	1.0	73	0	0	0	1.0
NP_notochordal	mild_vs_severe	TAF1	0.0	1.0	35	0	0	0	1.0
NP_notochordal	mild_vs_severe	RUNX2	0.02564102564102564	0.00047438750398951483	78	2	2	0	0.024003544491447516
NP_notochordal	mild_vs_severe	TFAP2B	0.0	1.0	12	0	0	0	1.0
NP_notochordal	mild_vs_severe	CREM	0.0	1.0	43	0	0	0	1.0
NP_notochordal	mild_vs_severe	IRF8	0.0	1.0	42	0	0	0	1.0
NP_notochordal	mild_vs_severe	ETV5	0.0	1.0	6	0	0	0	1.0
NP_notochordal	mild_vs_severe	DMTF1	0.0	1.0	13	0	0	0	1.0
NP_notochordal	mild_vs_severe	NR5A1	0.0	1.0	43	0	0	0	1.0
NP_notochordal	mild_vs_severe	NEUROD2	0.0	1.0	8	0	0	0	1.0
NP_notochordal	mild_vs_severe	NEUROD1	0.0	1.0	26	0	0	0	1.0
NP_notochordal	mild_vs_severe	HHEX	0.0	1.0	15	0	0	0	1.0
NP_notochordal	mild_vs_severe	FOXO3	0.0	1.0	154	0	0	0	1.0
NP_notochordal	mild_vs_severe	MBD1	0.0	1.0	10	0	0	0	1.0
NP_notochordal	mild_vs_severe	CEBPD	0.020833333333333332	0.021294694174173484	48	1	1	0	0.2095123136491262
NP_notochordal	mild_vs_severe	ELK1	0.0	1.0	43	0	0	0	1.0
NP_notochordal	mild_vs_severe	FLI1	0.0	1.0	61	0	0	0	1.0
NP_notochordal	mild_vs_severe	ELK4	0.0	1.0	6	0	0	0	1.0
NP_notochordal	mild_vs_severe	PREB	0.0	1.0	8	0	0	0	1.0
NP_notochordal	mild_vs_severe	POU1F1	0.0	1.0	26	0	0	0	1.0
NP_notochordal	mild_vs_severe	PAX5	0.0	1.0	36	0	0	0	1.0
NP_notochordal	mild_vs_severe	CEBPA	0.008849557522123894	0.049551420044060726	113	1	1	0	0.35451626702123196
NP_notochordal	mild_vs_severe	LITAF	0.0	1.0	19	0	0	0	1.0
NP_notochordal	mild_vs_severe	STAT6	0.017241379310344827	0.025685075218879295	58	1	1	0	0.22382708405023383
NP_notochordal	mild_vs_severe	HIF1A	0.0033003300330033004	0.1284262482111275	303	1	1	0	0.7834001140878777
NP_notochordal	mild_vs_severe	TP73	0.0	1.0	99	0	0	0	1.0
NP_notochordal	mild_vs_severe	KLF11	0.0	1.0	17	0	0	0	1.0
NP_notochordal	mild_vs_severe	TCF4	0.0	1.0	31	0	0	0	1.0
NP_notochordal	mild_vs_severe	HIVEP2	0.0	1.0	8	0	0	0	1.0
NP_notochordal	mild_vs_severe	E2F4	0.0	1.0	149	0	0	0	1.0
NP_notochordal	mild_vs_severe	GATA5	0.0	1.0	8	0	0	0	1.0
NP_notochordal	mild_vs_severe	SRF	0.0	1.0	60	0	0	0	1.0
NP_notochordal	mild_vs_severe	ELF1	0.022727272727272728	0.019534116608948476	44	1	1	0	0.19859685219097617
NP_notochordal	mild_vs_severe	GATA3	0.0	1.0	103	0	0	0	1.0
NP_notochordal	mild_vs_severe	MSX1	0.0	1.0	14	0	0	0	1.0
NP_notochordal	mild_vs_severe	OTX2	0.0	1.0	15	0	0	0	1.0
NP_notochordal	mild_vs_severe	LHX2	0.0	1.0	17	0	0	0	1.0
NP_notochordal	mild_vs_severe	GABPA	0.0	1.0	25	0	0	0	1.0
NP_notochordal	mild_vs_severe	HSF2	0.0	1.0	19	0	0	0	1.0
NP_notochordal	mild_vs_severe	VDR	0.024691358024691357	0.0005115509481783897	81	2	2	0	0.024003544491447516
NP_notochordal	mild_vs_severe	HOXC8	0.08333333333333333	0.005358087407164043	12	1	1	0	0.099043433890002
NP_notochordal	mild_vs_severe	HR	0.0	1.0	48	0	0	0	1.0
NP_notochordal	mild_vs_severe	RELB	0.0	1.0	31	0	0	0	1.0
NP_notochordal	mild_vs_severe	CEBPE	0.0	1.0	16	0	0	0	1.0
NP_notochordal	mild_vs_severe	NR0B1	0.0	1.0	20	0	0	0	1.0
NP_notochordal	mild_vs_severe	LEF1	0.0	0.00022703280211670073	54	2	1	1	0.015387778810131937
NP_notochordal	mild_vs_severe	ID1	0.0	1.0	51	0	0	0	1.0
NP_notochordal	mild_vs_severe	ZNF143	-0.045454545454545456	0.00980559381935094	22	1	0	1	0.15336954435395062
NP_notochordal	mild_vs_severe	SOX9	-0.017857142857142856	0.02480826197422642	56	1	0	1	0.22254470300408993
NP_notochordal	mild_vs_severe	YBX1	-0.015625	0.028311731509166244	64	1	0	1	0.22723889763936067
NP_notochordal	mild_vs_severe	HSF1	0.0	1.0	67	0	0	0	1.0
NP_notochordal	mild_vs_severe	POU4F1	0.0	1.0	16	0	0	0	1.0
NP_notochordal	mild_vs_severe	NOTO	0.0	1.0	5	0	0	0	1.0
NP_notochordal	mild_vs_severe	HNF1B	0.0	1.0	17	0	0	0	1.0
NP_notochordal	mild_vs_severe	PAX3	0.0	1.0	54	0	0	0	1.0
NP_notochordal	mild_vs_severe	ID2	0.0	1.0	41	0	0	0	1.0
NP_notochordal	mild_vs_severe	MEF2A	0.018867924528301886	0.023491858610637868	53	1	1	0	0.22046205773060154
NP_notochordal	mild_vs_severe	PDX1	0.0	1.0	46	0	0	0	1.0
NP_notochordal	mild_vs_severe	NR2F2	0.0	1.0	33	0	0	0	1.0
NP_notochordal	mild_vs_severe	NR1H4	-0.029850746268656716	0.0003499648871904991	67	2	0	2	0.021347858118620444
NP_notochordal	mild_vs_severe	ASCL1	0.0	1.0	30	0	0	0	1.0
NP_notochordal	mild_vs_severe	RFX1	0.0	1.0	17	0	0	0	1.0
NP_notochordal	mild_vs_severe	CRX	0.0	1.0	10	0	0	0	1.0
NP_notochordal	mild_vs_severe	NRL	0.0	1.0	10	0	0	0	1.0
NP_notochordal	mild_vs_severe	UBTF	0.0	1.0	9	0	0	0	1.0
NP_notochordal	mild_vs_severe	MYBL2	-0.022727272727272728	0.019534116608948476	44	1	0	1	0.19859685219097617
NP_notochordal	mild_vs_severe	ELF2	0.0	1.0	7	0	0	0	1.0
NP_notochordal	mild_vs_severe	JUND	0.017543859649122806	0.02524674746794305	57	1	1	0	0.22319588341225013
NP_notochordal	mild_vs_severe	TP63	0.0	1.0	142	0	0	0	1.0
NP_notochordal	mild_vs_severe	NFKBIB	0.0	1.0	15	0	0	0	1.0
NP_notochordal	mild_vs_severe	HOXC6	0.0	1.0	8	0	0	0	1.0
NP_notochordal	mild_vs_severe	FOXO1	-0.005555555555555556	0.07799064523813223	180	1	0	1	0.5115515440350609
NP_notochordal	mild_vs_severe	PITX2	0.0	1.0	59	0	0	0	1.0
NP_notochordal	mild_vs_severe	NR5A2	0.0	1.0	24	0	0	0	1.0
NP_notochordal	mild_vs_severe	POU2F1	0.02040816326530612	0.021734443143361946	49	1	1	0	0.21044460821350455
NP_notochordal	mild_vs_severe	XBP1	0.0	1.0	40	0	0	0	1.0
NP_notochordal	mild_vs_severe	SREBF1	0.0	1.0	82	0	0	0	1.0
NP_notochordal	mild_vs_severe	TCF3	0.0	1.0	63	0	0	0	1.0
NP_notochordal	mild_vs_severe	LRRFIP1	0.0	1.0	8	0	0	0	1.0
NP_notochordal	mild_vs_severe	TCF12	0.0	1.0	25	0	0	0	1.0
NP_notochordal	mild_vs_severe	E4F1	0.0	1.0	8	0	0	0	1.0
NP_notochordal	mild_vs_severe	BRCA1	0.0	1.0	48	0	0	0	1.0
NP_notochordal	mild_vs_severe	ZNF362	0.0	1.0	11	0	0	0	1.0
NP_notochordal	mild_vs_severe	NRF1	-0.015873015873015872	0.027874349321332783	63	1	0	1	0.22723889763936067
NP_notochordal	mild_vs_severe	GATA1	0.0	1.0	68	0	0	0	1.0
NP_notochordal	mild_vs_severe	MYCN	0.0	1.0	101	0	0	0	1.0
NP_notochordal	mild_vs_severe	PKNOX1	0.0	1.0	9	0	0	0	1.0
NP_notochordal	mild_vs_severe	NR4A3	0.0	1.0	16	0	0	0	1.0
NP_notochordal	mild_vs_severe	SSRP1	0.0	1.0	78	0	0	0	1.0
NP_notochordal	mild_vs_severe	ZNF91	0.0	1.0	24	0	0	0	1.0
NP_notochordal	mild_vs_severe	NR2C1	0.0	1.0	9	0	0	0	1.0
NP_notochordal	mild_vs_severe	ID3	0.0	1.0	24	0	0	0	1.0
NP_notochordal	mild_vs_severe	ERF	0.0	1.0	13	0	0	0	1.0
NP_notochordal	mild_vs_severe	ZNF354C	0.0	1.0	17	0	0	0	1.0
NP_notochordal	mild_vs_severe	HMGA2	0.0	1.0	27	0	0	0	1.0
NP_notochordal	mild_vs_severe	POU2F2	0.05555555555555555	0.008028504502775065	18	1	1	0	0.13236183099169704
NP_notochordal	mild_vs_severe	SREBF2	0.0	1.0	46	0	0	0	1.0
NP_notochordal	mild_vs_severe	ELF4	0.03333333333333333	0.013352131799524035	30	1	1	0	0.18510909994794686
NP_notochordal	mild_vs_severe	TTF1	0.0	1.0	31	0	0	0	1.0
NP_notochordal	mild_vs_severe	DLX4	0.0	1.0	23	0	0	0	1.0
NP_notochordal	mild_vs_severe	NR1I2	0.0	1.0	147	0	0	0	1.0
NP_notochordal	mild_vs_severe	NR1H3	0.013888888888888888	0.031805124562045234	72	1	1	0	0.24251407478559492
NP_notochordal	mild_vs_severe	MITF	0.016666666666666666	0.02656125766265972	60	1	1	0	0.22503287741975594
NP_notochordal	mild_vs_severe	NCOA1	0.0	1.0	48	0	0	0	1.0
NP_notochordal	mild_vs_severe	NCOR1	0.0	1.0	57	0	0	0	1.0
NP_notochordal	mild_vs_severe	FOSL1	0.0	1.0	33	0	0	0	1.0
NP_notochordal	mild_vs_severe	JUNB	0.0	1.0	55	0	0	0	1.0
NP_notochordal	mild_vs_severe	DNMT1	0.0	1.0	114	0	0	0	1.0
NP_notochordal	mild_vs_severe	KLF5	0.0	1.0	50	0	0	0	1.0
NP_notochordal	mild_vs_severe	NR3C2	0.02857142857142857	0.015563552561379148	35	1	1	0	0.19375034821308734
NP_notochordal	mild_vs_severe	EBF1	0.0	1.0	10	0	0	0	1.0
NP_notochordal	mild_vs_severe	CREBBP	0.0	1.0	25	0	0	0	1.0
NP_notochordal	mild_vs_severe	ZFPM1	0.0	1.0	10	0	0	0	1.0
NP_notochordal	mild_vs_severe	APEX1	0.0	1.0	27	0	0	0	1.0
NP_notochordal	mild_vs_severe	TFAM	0.0	1.0	11	0	0	0	1.0
NP_notochordal	mild_vs_severe	IRF4	0.034482758620689655	0.01290937113348541	29	1	1	0	0.18313293933549069
NP_notochordal	mild_vs_severe	ZBED1	0.0	1.0	16	0	0	0	1.0
NP_notochordal	mild_vs_severe	NCOA2	0.0	1.0	38	0	0	0	1.0
NP_notochordal	mild_vs_severe	FOXA1	0.0	1.0	28	0	0	0	1.0
NP_notochordal	mild_vs_severe	NR4A2	0.07142857142857142	6.0251172091820784e-05	28	2	2	0	0.007350642995202135
NP_notochordal	mild_vs_severe	KLF1	0.0	1.0	17	0	0	0	1.0
NP_notochordal	mild_vs_severe	LHX3	0.0	1.0	5	0	0	0	1.0
NP_notochordal	mild_vs_severe	CTCF	0.0	1.0	92	0	0	0	1.0
NP_notochordal	mild_vs_severe	BCL6	0.0	1.0	50	0	0	0	1.0
NP_notochordal	mild_vs_severe	RB1	0.0	1.0	30	0	0	0	1.0
NP_notochordal	mild_vs_severe	TFCP2	0.02564102564102564	0.01732983265386162	39	1	1	0	0.19859685219097617
NP_notochordal	mild_vs_severe	REST	0.0	1.0	19	0	0	0	1.0
NP_notochordal	mild_vs_severe	ESRRA	0.038461538461538464	0.01158013533808409	26	1	1	0	0.17228981844466573
NP_notochordal	mild_vs_severe	HOXD3	0.0	1.0	5	0	0	0	1.0
NP_notochordal	mild_vs_severe	IRF9	0.0	1.0	13	0	0	0	1.0
NP_notochordal	mild_vs_severe	TFE3	0.0	1.0	27	0	0	0	1.0
NP_notochordal	mild_vs_severe	ZNF236	0.0	1.0	6	0	0	0	1.0
NP_notochordal	mild_vs_severe	TFAP2C	0.0	1.0	14	0	0	0	1.0
NP_notochordal	mild_vs_severe	PAX8	0.0	1.0	16	0	0	0	1.0
NP_notochordal	mild_vs_severe	NKX2-1	0.0	1.0	30	0	0	0	1.0
NP_notochordal	mild_vs_severe	PBX1	0.0	1.0	24	0	0	0	1.0
NP_notochordal	mild_vs_severe	SP4	0.0	1.0	32	0	0	0	1.0
NP_notochordal	mild_vs_severe	CIITA	-0.05	0.008917367807154502	20	1	0	1	0.14314722006221703
NP_notochordal	mild_vs_severe	CDX2	0.0	1.0	28	0	0	0	1.0
NP_notochordal	mild_vs_severe	ELF3	0.0	1.0	16	0	0	0	1.0
NP_notochordal	mild_vs_severe	ELF5	0.0	1.0	5	0	0	0	1.0
NP_notochordal	mild_vs_severe	ZEB1	-0.03125	0.014237176489643193	32	1	0	1	0.19299283685960772
NP_notochordal	mild_vs_severe	EGR3	0.0	1.0	18	0	0	0	1.0
NP_notochordal	mild_vs_severe	EWSR1	0.0	1.0	44	0	0	0	1.0
NP_notochordal	mild_vs_severe	NAB2	0.0	1.0	6	0	0	0	1.0
NP_notochordal	mild_vs_severe	DEAF1	0.0	1.0	7	0	0	0	1.0
NP_notochordal	mild_vs_severe	TBPL1	0.0	1.0	26	0	0	0	1.0
NP_notochordal	mild_vs_severe	MEF2C	0.0	1.0	33	0	0	0	1.0
NP_notochordal	mild_vs_severe	POU4F2	0.0	1.0	15	0	0	0	1.0
NP_notochordal	mild_vs_severe	TAL1	0.016666666666666666	0.02656125766265972	60	1	1	0	0.22503287741975594
NP_notochordal	mild_vs_severe	EPAS1	0.0	1.0	59	0	0	0	1.0
NP_notochordal	mild_vs_severe	SMARCA1	0.0	1.0	33	0	0	0	1.0
NP_notochordal	mild_vs_severe	NFATC4	0.038461538461538464	0.01158013533808409	26	1	1	0	0.17228981844466573
NP_notochordal	mild_vs_severe	FOXM1	0.0	1.0	58	0	0	0	1.0
NP_notochordal	mild_vs_severe	MYF5	0.0	1.0	12	0	0	0	1.0
NP_notochordal	mild_vs_severe	MYOG	0.0	1.0	29	0	0	0	1.0
NP_notochordal	mild_vs_severe	SMAD7	-0.022727272727272728	0.019534116608948476	44	1	0	1	0.19859685219097617
NP_notochordal	mild_vs_severe	SOX10	0.0	1.0	15	0	0	0	1.0
NP_notochordal	mild_vs_severe	POU3F1	0.0	1.0	5	0	0	0	1.0
NP_notochordal	mild_vs_severe	NKRF	0.0	1.0	7	0	0	0	1.0
NP_notochordal	mild_vs_severe	ATF6	0.0	1.0	40	0	0	0	1.0
NP_notochordal	mild_vs_severe	NKX6-1	0.0	1.0	7	0	0	0	1.0
NP_notochordal	mild_vs_severe	ERG	0.02857142857142857	0.015563552561379148	35	1	1	0	0.19375034821308734
NP_notochordal	mild_vs_severe	PITX3	0.0	1.0	9	0	0	0	1.0
NP_notochordal	mild_vs_severe	HOXB2	0.0	1.0	5	0	0	0	1.0
NP_notochordal	mild_vs_severe	SATB1	0.0	1.0	23	0	0	0	1.0
NP_notochordal	mild_vs_severe	NFKB2	0.0	1.0	42	0	0	0	1.0
NP_notochordal	mild_vs_severe	RORA	0.0	1.0	34	0	0	0	1.0
NP_notochordal	mild_vs_severe	PROX1	0.0	1.0	13	0	0	0	1.0
NP_notochordal	mild_vs_severe	KLF3	0.0	1.0	5	0	0	0	1.0
NP_notochordal	mild_vs_severe	PEG3	0.0	1.0	6	0	0	0	1.0
NP_notochordal	mild_vs_severe	NR2E3	0.0	1.0	6	0	0	0	1.0
NP_notochordal	mild_vs_severe	NCOR2	0.0	1.0	40	0	0	0	1.0
NP_notochordal	mild_vs_severe	NCOA3	0.0	1.0	50	0	0	0	1.0
NP_notochordal	mild_vs_severe	ZFHX3	0.0	1.0	5	0	0	0	1.0
NP_notochordal	mild_vs_severe	SMAD1	0.023255813953488372	0.019093576582263055	43	1	1	0	0.19859685219097617
NP_notochordal	mild_vs_severe	SPDEF	0.0	1.0	8	0	0	0	1.0
NP_notochordal	mild_vs_severe	PAX2	0.0	1.0	9	0	0	0	1.0
NP_notochordal	mild_vs_severe	KLF13	0.0	1.0	8	0	0	0	1.0
NP_notochordal	mild_vs_severe	GTF2IRD1	0.0	1.0	5	0	0	0	1.0
NP_notochordal	mild_vs_severe	MAFB	0.0	1.0	27	0	0	0	1.0
NP_notochordal	mild_vs_severe	ELK3	0.0	1.0	17	0	0	0	1.0
NP_notochordal	mild_vs_severe	KLF6	0.0	1.0	37	0	0	0	1.0
NP_notochordal	mild_vs_severe	SNAI1	0.0	1.0	67	0	0	0	1.0
NP_notochordal	mild_vs_severe	HESX1	0.0	1.0	13	0	0	0	1.0
NP_notochordal	mild_vs_severe	BACH2	0.0	1.0	6	0	0	0	1.0
NP_notochordal	mild_vs_severe	PATZ1	0.0	1.0	8	0	0	0	1.0
NP_notochordal	mild_vs_severe	ZHX2	0.0	1.0	7	0	0	0	1.0
NP_notochordal	mild_vs_severe	ONECUT1	0.0	1.0	12	0	0	0	1.0
NP_notochordal	mild_vs_severe	RXRA	0.0	1.0	49	0	0	0	1.0
NP_notochordal	mild_vs_severe	NR1H2	0.0	1.0	29	0	0	0	1.0
NP_notochordal	mild_vs_severe	KAT5	0.0	1.0	40	0	0	0	1.0
NP_notochordal	mild_vs_severe	YBX3	0.0	1.0	20	0	0	0	1.0
NP_notochordal	mild_vs_severe	SMAD6	0.0	1.0	16	0	0	0	1.0
NP_notochordal	mild_vs_severe	MYBL1	0.0	1.0	9	0	0	0	1.0
NP_notochordal	mild_vs_severe	CDX1	0.0	1.0	18	0	0	0	1.0
NP_notochordal	mild_vs_severe	TFDP1	0.0	1.0	29	0	0	0	1.0
NP_notochordal	mild_vs_severe	KMT2A	0.0	1.0	54	0	0	0	1.0
NP_notochordal	mild_vs_severe	GATA2	0.0	1.0	40	0	0	0	1.0
NP_notochordal	mild_vs_severe	PRDM1	0.0	1.0	34	0	0	0	1.0
NP_notochordal	mild_vs_severe	MXD1	0.0	1.0	16	0	0	0	1.0
NP_notochordal	mild_vs_severe	CLOCK	0.0	1.0	45	0	0	0	1.0
NP_notochordal	mild_vs_severe	BHLHE40	0.0	1.0	27	0	0	0	1.0
NP_notochordal	mild_vs_severe	SRY	0.0	1.0	19	0	0	0	1.0
NP_notochordal	mild_vs_severe	MAF	0.0	1.0	29	0	0	0	1.0
NP_notochordal	mild_vs_severe	AIRE	0.0	1.0	12	0	0	0	1.0
NP_notochordal	mild_vs_severe	ETV1	0.0	1.0	13	0	0	0	1.0
NP_notochordal	mild_vs_severe	KLF4	0.0	1.0	72	0	0	0	1.0
NP_notochordal	mild_vs_severe	EGR2	0.0	1.0	45	0	0	0	1.0
NP_notochordal	mild_vs_severe	NEUROG3	0.0	1.0	11	0	0	0	1.0
NP_notochordal	mild_vs_severe	CXXC1	0.0	1.0	11	0	0	0	1.0
NP_notochordal	mild_vs_severe	TBX21	0.0	1.0	18	0	0	0	1.0
NP_notochordal	mild_vs_severe	HOXA10	0.0	1.0	29	0	0	0	1.0
NP_notochordal	mild_vs_severe	LMX1B	0.0	1.0	12	0	0	0	1.0
NP_notochordal	mild_vs_severe	TBX2	0.0	1.0	20	0	0	0	1.0
NP_notochordal	mild_vs_severe	ZNF699	0.0	1.0	30	0	0	0	1.0
NP_notochordal	mild_vs_severe	RFX5	0.0	1.0	13	0	0	0	1.0
NP_notochordal	mild_vs_severe	RFXANK	0.0	1.0	8	0	0	0	1.0
NP_notochordal	mild_vs_severe	RFXAP	0.0	1.0	7	0	0	0	1.0
NP_notochordal	mild_vs_severe	BARX2	0.0	1.0	10	0	0	0	1.0
NP_notochordal	mild_vs_severe	FOXO4	0.0	1.0	21	0	0	0	1.0
NP_notochordal	mild_vs_severe	DLX5	0.10526315789473684	2.730047026473535e-05	19	2	2	0	0.006155355847971641
NP_notochordal	mild_vs_severe	ID4	0.0	1.0	9	0	0	0	1.0
NP_notochordal	mild_vs_severe	SPIB	0.0	1.0	9	0	0	0	1.0
NP_notochordal	mild_vs_severe	FOXN1	0.0	1.0	30	0	0	0	1.0
NP_notochordal	mild_vs_severe	TBX5	0.0	1.0	11	0	0	0	1.0
NP_notochordal	mild_vs_severe	TLX1	0.0	1.0	6	0	0	0	1.0
NP_notochordal	mild_vs_severe	HIVEP1	0.0	1.0	8	0	0	0	1.0
NP_notochordal	mild_vs_severe	SMAD2	0.017857142857142856	0.02480826197422642	56	1	1	0	0.22254470300408993
NP_notochordal	mild_vs_severe	NKX3-1	0.0	1.0	51	0	0	0	1.0
NP_notochordal	mild_vs_severe	HAND2	0.05555555555555555	0.008028504502775065	18	1	1	0	0.13236183099169704
NP_notochordal	mild_vs_severe	PAX7	0.0	1.0	9	0	0	0	1.0
NP_notochordal	mild_vs_severe	SFPQ	0.0	1.0	19	0	0	0	1.0
NP_notochordal	mild_vs_severe	BMAL1	0.0	1.0	45	0	0	0	1.0
NP_notochordal	mild_vs_severe	SKIL	0.0	1.0	14	0	0	0	1.0
NP_notochordal	mild_vs_severe	TBXT	0.0	1.0	6	0	0	0	1.0
NP_notochordal	mild_vs_severe	MSX2	0.0	3.3514883231543083e-05	21	2	1	1	0.006155355847971641
NP_notochordal	mild_vs_severe	MZF1	0.0	1.0	14	0	0	0	1.0
NP_notochordal	mild_vs_severe	HOXA5	0.0	1.0	9	0	0	0	1.0
NP_notochordal	mild_vs_severe	HOXB4	0.0	1.0	5	0	0	0	1.0
NP_notochordal	mild_vs_severe	CREB3	0.0	1.0	8	0	0	0	1.0
NP_notochordal	mild_vs_severe	NFE2	0.0	1.0	11	0	0	0	1.0
NP_notochordal	mild_vs_severe	ZNF76	0.0	1.0	6	0	0	0	1.0
NP_notochordal	mild_vs_severe	FOXQ1	0.0	1.0	9	0	0	0	1.0
NP_notochordal	mild_vs_severe	ZGLP1	0.0	1.0	9	0	0	0	1.0
NP_notochordal	mild_vs_severe	NFYB	0.0	1.0	28	0	0	0	1.0
NP_notochordal	mild_vs_severe	ETV3	0.0	1.0	10	0	0	0	1.0
NP_notochordal	mild_vs_severe	GSC	0.0	1.0	5	0	0	0	1.0
NP_notochordal	mild_vs_severe	IRF7	-0.125	0.003574616593169219	8	1	0	1	0.09480504877535754
NP_notochordal	mild_vs_severe	NFATC3	0.0	1.0	18	0	0	0	1.0
NP_notochordal	mild_vs_severe	KDM5A	0.0	1.0	13	0	0	0	1.0
NP_notochordal	mild_vs_severe	GRHL3	0.0	1.0	14	0	0	0	1.0
NP_notochordal	mild_vs_severe	THRA	0.0	1.0	42	0	0	0	1.0
NP_notochordal	mild_vs_severe	SOX17	0.0	1.0	24	0	0	0	1.0
NP_notochordal	mild_vs_severe	TBX15	0.0	1.0	19	0	0	0	1.0
NP_notochordal	mild_vs_severe	NFAT5	0.0	1.0	35	0	0	0	1.0
NP_notochordal	mild_vs_severe	BMAL2	0.0	1.0	7	0	0	0	1.0
NP_notochordal	mild_vs_severe	NFE2L2	0.0	1.0	143	0	0	0	1.0
NP_notochordal	mild_vs_severe	ZIC1	0.0	1.0	9	0	0	0	1.0
NP_notochordal	mild_vs_severe	MEIS1	0.0	1.0	9	0	0	0	1.0
NP_notochordal	mild_vs_severe	HOXA9	-0.037037037037037035	0.012023372945555806	27	1	0	1	0.1746251784949772
NP_notochordal	mild_vs_severe	MAFA	0.0	1.0	12	0	0	0	1.0
NP_notochordal	mild_vs_severe	NR1D1	0.0	1.0	12	0	0	0	1.0
NP_notochordal	mild_vs_severe	MYF6	0.0	1.0	6	0	0	0	1.0
NP_notochordal	mild_vs_severe	ZNF263	0.0	1.0	5	0	0	0	1.0
NP_notochordal	mild_vs_severe	NFIA	0.0	1.0	31	0	0	0	1.0
NP_notochordal	mild_vs_severe	HEY2	0.0	1.0	10	0	0	0	1.0
NP_notochordal	mild_vs_severe	HOXB7	0.0	1.0	11	0	0	0	1.0
NP_notochordal	mild_vs_severe	ZNF350	0.0	1.0	9	0	0	0	1.0
NP_notochordal	mild_vs_severe	BCL11A	0.0	1.0	8	0	0	0	1.0
NP_notochordal	mild_vs_severe	TWIST1	0.0	1.0	53	0	0	0	1.0
NP_notochordal	mild_vs_severe	ZNF395	0.0	1.0	5	0	0	0	1.0
NP_notochordal	mild_vs_severe	TFDP2	0.0	1.0	5	0	0	0	1.0
NP_notochordal	mild_vs_severe	GTF3A	0.0	1.0	16	0	0	0	1.0
NP_notochordal	mild_vs_severe	KLF10	0.0	1.0	17	0	0	0	1.0
NP_notochordal	mild_vs_severe	KLF2	0.0	1.0	34	0	0	0	1.0
NP_notochordal	mild_vs_severe	PHF20	0.0	1.0	6	0	0	0	1.0
NP_notochordal	mild_vs_severe	TGIF1	0.0	1.0	8	0	0	0	1.0
NP_notochordal	mild_vs_severe	FOXG1	0.0	1.0	12	0	0	0	1.0
NP_notochordal	mild_vs_severe	MBD2	0.0	1.0	57	0	0	0	1.0
NP_notochordal	mild_vs_severe	FOXF2	0.0	1.0	8	0	0	0	1.0
NP_notochordal	mild_vs_severe	HEY1	0.0	1.0	21	0	0	0	1.0
NP_notochordal	mild_vs_severe	ZBTB17	0.0	1.0	36	0	0	0	1.0
NP_notochordal	mild_vs_severe	IRF5	0.08333333333333333	0.005358087407164043	12	1	1	0	0.099043433890002
NP_notochordal	mild_vs_severe	THRB	0.0	1.0	30	0	0	0	1.0
NP_notochordal	mild_vs_severe	POU3F2	0.0	1.0	12	0	0	0	1.0
NP_notochordal	mild_vs_severe	FOXI1	0.0	1.0	5	0	0	0	1.0
NP_notochordal	mild_vs_severe	KCNIP3	0.0	1.0	6	0	0	0	1.0
NP_notochordal	mild_vs_severe	FOSB	0.0	1.0	20	0	0	0	1.0
NP_notochordal	mild_vs_severe	NFE2L1	0.0	1.0	8	0	0	0	1.0
NP_notochordal	mild_vs_severe	FOXP1	0.0	1.0	11	0	0	0	1.0
NP_notochordal	mild_vs_severe	FOXP2	0.0	1.0	5	0	0	0	1.0
NP_notochordal	mild_vs_severe	BARX1	0.14285714285714285	0.0031283494024639032	7	1	1	0	0.09480504877535754
NP_notochordal	mild_vs_severe	ZFPM2	0.0	1.0	7	0	0	0	1.0
NP_notochordal	mild_vs_severe	IKZF1	0.0	1.0	15	0	0	0	1.0
NP_notochordal	mild_vs_severe	BCL3	0.0	1.0	19	0	0	0	1.0
NP_notochordal	mild_vs_severe	SP2	0.0	1.0	16	0	0	0	1.0
NP_notochordal	mild_vs_severe	SIM2	0.0	1.0	8	0	0	0	1.0
NP_notochordal	mild_vs_severe	NFATC1	0.015625	0.028311731509166244	64	1	1	0	0.22723889763936067
NP_notochordal	mild_vs_severe	POU2F3	0.0	1.0	5	0	0	0	1.0
NP_notochordal	mild_vs_severe	HOXA7	0.0	1.0	10	0	0	0	1.0
NP_notochordal	mild_vs_severe	NPAS2	0.0	1.0	6	0	0	0	1.0
NP_notochordal	mild_vs_severe	DLX2	0.0	1.0	11	0	0	0	1.0
NP_notochordal	mild_vs_severe	PRRX1	0.0	1.0	5	0	0	0	1.0
NP_notochordal	mild_vs_severe	VEZF1	0.0	1.0	6	0	0	0	1.0
NP_notochordal	mild_vs_severe	CTBP2	0.0	1.0	9	0	0	0	1.0
NP_notochordal	mild_vs_severe	SOX6	0.0	1.0	15	0	0	0	1.0
NP_notochordal	mild_vs_severe	HIPK2	0.0	1.0	7	0	0	0	1.0
NP_notochordal	mild_vs_severe	RORC	0.0	1.0	6	0	0	0	1.0
NP_notochordal	mild_vs_severe	PPARD	0.0	1.0	61	0	0	0	1.0
NP_notochordal	mild_vs_severe	MECOM	0.0	1.0	13	0	0	0	1.0
NP_notochordal	mild_vs_severe	SIRT1	0.0	1.0	39	0	0	0	1.0
NP_notochordal	mild_vs_severe	ZBTB7B	0.08333333333333333	0.005358087407164043	12	1	1	0	0.099043433890002
NP_notochordal	mild_vs_severe	ZBTB7A	0.0	1.0	29	0	0	0	1.0
NP_notochordal	mild_vs_severe	NR6A1	0.0	1.0	5	0	0	0	1.0
NP_notochordal	mild_vs_severe	STAT2	0.0	1.0	29	0	0	0	1.0
NP_notochordal	mild_vs_severe	ESRRG	0.07142857142857142	0.006248864645840272	14	1	1	0	0.10890878382750187
NP_notochordal	mild_vs_severe	PRDM2	0.0	1.0	7	0	0	0	1.0
NP_notochordal	mild_vs_severe	PURA	0.0	1.0	14	0	0	0	1.0
NP_notochordal	mild_vs_severe	SALL2	0.0	1.0	5	0	0	0	1.0
NP_notochordal	mild_vs_severe	NEUROD6	0.0	1.0	8	0	0	0	1.0
NP_notochordal	mild_vs_severe	NEUROG2	0.0	1.0	8	0	0	0	1.0
NP_notochordal	mild_vs_severe	HMGB2	0.0	1.0	6	0	0	0	1.0
NP_notochordal	mild_vs_severe	DLX3	0.0	1.0	9	0	0	0	1.0
NP_notochordal	mild_vs_severe	TWIST2	0.0	1.0	24	0	0	0	1.0
NP_notochordal	mild_vs_severe	TFAP4	0.0	1.0	23	0	0	0	1.0
NP_notochordal	mild_vs_severe	KAT6B	0.16666666666666666	0.0026819223309916523	6	1	1	0	0.09088736788360599
NP_notochordal	mild_vs_severe	MXI1	0.0	1.0	8	0	0	0	1.0
NP_notochordal	mild_vs_severe	E2F5	0.0	1.0	9	0	0	0	1.0
NP_notochordal	mild_vs_severe	E2F2	0.0	1.0	43	0	0	0	1.0
NP_notochordal	mild_vs_severe	FOXD3	0.125	0.003574616593169219	8	1	1	0	0.09480504877535754
NP_notochordal	mild_vs_severe	POU5F1	0.025	0.0177710062945845	40	1	1	0	0.19859685219097617
NP_notochordal	mild_vs_severe	PLAGL1	0.0	1.0	14	0	0	0	1.0
NP_notochordal	mild_vs_severe	SNAI2	0.0	1.0	27	0	0	0	1.0
NP_notochordal	mild_vs_severe	NOTCH1	0.0	0.00013039936740390549	41	2	1	1	0.011363373445197477
NP_notochordal	mild_vs_severe	FOXC2	0.0	1.0	11	0	0	0	1.0
NP_notochordal	mild_vs_severe	KLF9	0.0	1.0	15	0	0	0	1.0
NP_notochordal	mild_vs_severe	TBPL2	0.0	1.0	8	0	0	0	1.0
NP_notochordal	mild_vs_severe	NFIL3	0.0	1.0	15	0	0	0	1.0
NP_notochordal	mild_vs_severe	ZNF384	0.1	0.004466671504063013	10	1	1	0	0.099043433890002
NP_notochordal	mild_vs_severe	MEF2D	0.0	1.0	17	0	0	0	1.0
NP_notochordal	mild_vs_severe	SMAD5	0.0	1.0	26	0	0	0	1.0
NP_notochordal	mild_vs_severe	MLXIPL	0.0	1.0	10	0	0	0	1.0
NP_notochordal	mild_vs_severe	ZBTB33	0.0	1.0	6	0	0	0	1.0
NP_notochordal	mild_vs_severe	KLF15	0.0	1.0	12	0	0	0	1.0
NP_notochordal	mild_vs_severe	DNMT3A	0.0	1.0	39	0	0	0	1.0
NP_notochordal	mild_vs_severe	DNMT3B	0.0	1.0	50	0	0	0	1.0
NP_notochordal	mild_vs_severe	OLIG2	0.0	1.0	10	0	0	0	1.0
NP_notochordal	mild_vs_severe	MAFG	0.0	1.0	9	0	0	0	1.0
NP_notochordal	mild_vs_severe	TEF	0.0	1.0	9	0	0	0	1.0
NP_notochordal	mild_vs_severe	HOXD13	0.125	0.003574616593169219	8	1	1	0	0.09480504877535754
NP_notochordal	mild_vs_severe	ZKSCAN7	0.0	1.0	7	0	0	0	1.0
NP_notochordal	mild_vs_severe	BACH1	0.0	1.0	14	0	0	0	1.0
NP_notochordal	mild_vs_severe	TEAD4	0.0	1.0	7	0	0	0	1.0
NP_notochordal	mild_vs_severe	GCM1	0.0	1.0	5	0	0	0	1.0
NP_notochordal	mild_vs_severe	BHLHE41	0.0	1.0	18	0	0	0	1.0
NP_notochordal	mild_vs_severe	MTA1	0.0	1.0	40	0	0	0	1.0
NP_notochordal	mild_vs_severe	EHF	0.0	1.0	8	0	0	0	1.0
NP_notochordal	mild_vs_severe	TCF7L2	0.013888888888888888	0.031805124562045234	72	1	1	0	0.24251407478559492
NP_notochordal	mild_vs_severe	VSX2	0.0	1.0	13	0	0	0	1.0
NP_notochordal	mild_vs_severe	TSC22D1	0.0	1.0	7	0	0	0	1.0
NP_notochordal	mild_vs_severe	SOX5	0.0	1.0	10	0	0	0	1.0
NP_notochordal	mild_vs_severe	SOX2	-0.029411764705882353	0.015121585942254325	34	1	0	1	0.19375034821308734
NP_notochordal	mild_vs_severe	NKX3-2	0.0	1.0	6	0	0	0	1.0
NP_notochordal	mild_vs_severe	PAX9	0.0	1.0	7	0	0	0	1.0
NP_notochordal	mild_vs_severe	TCF21	0.0	1.0	5	0	0	0	1.0
NP_notochordal	mild_vs_severe	HIC1	0.0	1.0	17	0	0	0	1.0
NP_notochordal	mild_vs_severe	ZEB2	0.0	1.0	17	0	0	0	1.0
NP_notochordal	mild_vs_severe	NONO	0.0	1.0	11	0	0	0	1.0
NP_notochordal	mild_vs_severe	CEBPZ	0.0	1.0	13	0	0	0	1.0
NP_notochordal	mild_vs_severe	SIX1	0.0	1.0	7	0	0	0	1.0
NP_notochordal	mild_vs_severe	NFIX	0.0	1.0	14	0	0	0	1.0
NP_notochordal	mild_vs_severe	MNT	0.0	1.0	8	0	0	0	1.0
NP_notochordal	mild_vs_severe	HOXA1	0.0	1.0	14	0	0	0	1.0
NP_notochordal	mild_vs_severe	BCL11B	0.0	1.0	18	0	0	0	1.0
NP_notochordal	mild_vs_severe	RXRB	0.0	1.0	7	0	0	0	1.0
NP_notochordal	mild_vs_severe	E2F6	0.0	1.0	32	0	0	0	1.0
NP_notochordal	mild_vs_severe	HOXA13	0.0	1.0	5	0	0	0	1.0
NP_notochordal	mild_vs_severe	KAT6A	0.0	1.0	11	0	0	0	1.0
NP_notochordal	mild_vs_severe	GFI1	0.0	1.0	33	0	0	0	1.0
NP_notochordal	mild_vs_severe	RUNX3	-0.022727272727272728	0.019534116608948476	44	1	0	1	0.19859685219097617
NP_notochordal	mild_vs_severe	GLI1	0.008771929824561403	0.04998098190791139	114	1	1	0	0.35451626702123196
NP_notochordal	mild_vs_severe	KLF8	0.0	1.0	15	0	0	0	1.0
NP_notochordal	mild_vs_severe	HIF3A	0.0	1.0	5	0	0	0	1.0
NP_notochordal	mild_vs_severe	MEOX2	0.0	1.0	6	0	0	0	1.0
NP_notochordal	mild_vs_severe	JARID2	0.0	1.0	10	0	0	0	1.0
NP_notochordal	mild_vs_severe	NFYC	0.0	1.0	18	0	0	0	1.0
NP_notochordal	mild_vs_severe	GFI1B	0.0	1.0	9	0	0	0	1.0
NP_notochordal	mild_vs_severe	ASCL2	0.0	1.0	5	0	0	0	1.0
NP_notochordal	mild_vs_severe	MSC	0.0	1.0	13	0	0	0	1.0
NP_notochordal	mild_vs_severe	HOXB9	0.0	1.0	5	0	0	0	1.0
NP_notochordal	mild_vs_severe	HLX	0.0	1.0	12	0	0	0	1.0
NP_notochordal	mild_vs_severe	RCOR2	0.0	1.0	12	0	0	0	1.0
NP_notochordal	mild_vs_severe	NKX2-2	0.0	1.0	9	0	0	0	1.0
NP_notochordal	mild_vs_severe	ARID4A	0.0	1.0	6	0	0	0	1.0
NP_notochordal	mild_vs_severe	HINFP	0.0	1.0	9	0	0	0	1.0
NP_notochordal	mild_vs_severe	SMARCC1	0.0	1.0	6	0	0	0	1.0
NP_notochordal	mild_vs_severe	KAT2B	0.0	1.0	12	0	0	0	1.0
NP_notochordal	mild_vs_severe	HDGF	0.0	1.0	5	0	0	0	1.0
NP_notochordal	mild_vs_severe	EP300	0.023809523809523808	0.018652878216094612	42	1	1	0	0.19859685219097617
NP_notochordal	mild_vs_severe	TRPS1	0.0	1.0	12	0	0	0	1.0
NP_notochordal	mild_vs_severe	CTNNB1	0.005050505050505051	0.0855138002255581	198	1	1	0	0.5490886119746362
NP_notochordal	mild_vs_severe	PML	0.0	1.0	15	0	0	0	1.0
NP_notochordal	mild_vs_severe	KLF7	0.0	1.0	8	0	0	0	1.0
NP_notochordal	mild_vs_severe	PROP1	0.0	1.0	6	0	0	0	1.0
NP_notochordal	mild_vs_severe	LMO2	0.0	1.0	18	0	0	0	1.0
NP_notochordal	mild_vs_severe	MEOX1	0.0	1.0	6	0	0	0	1.0
NP_notochordal	mild_vs_severe	FOXL2	0.0	1.0	12	0	0	0	1.0
NP_notochordal	mild_vs_severe	HTATIP2	-0.1	0.004466671504063013	10	1	0	1	0.099043433890002
NP_notochordal	mild_vs_severe	EZH2	0.0	1.0	96	0	0	0	1.0
NP_notochordal	mild_vs_severe	GLI2	0.0	1.0	98	0	0	0	1.0
NP_notochordal	mild_vs_severe	TCF7	0.0	1.0	12	0	0	0	1.0
NP_notochordal	mild_vs_severe	FOXC1	0.0	1.0	10	0	0	0	1.0
NP_notochordal	mild_vs_severe	HOXB13	0.0	1.0	8	0	0	0	1.0
NP_notochordal	mild_vs_severe	ABL1	0.0	1.0	10	0	0	0	1.0
NP_notochordal	mild_vs_severe	TBX3	-0.09090909090909091	0.004912459310124241	11	1	0	1	0.099043433890002
NP_notochordal	mild_vs_severe	NFKBIZ	0.0	1.0	5	0	0	0	1.0
NP_notochordal	mild_vs_severe	PLAGL2	0.0	1.0	5	0	0	0	1.0
NP_notochordal	mild_vs_severe	TET1	0.0	1.0	9	0	0	0	1.0
NP_notochordal	mild_vs_severe	FOXH1	0.0	1.0	7	0	0	0	1.0
NP_notochordal	mild_vs_severe	FOXP3	0.0	1.0	27	0	0	0	1.0
NP_notochordal	mild_vs_severe	CREB3L1	0.14285714285714285	0.0031283494024639032	7	1	1	0	0.09480504877535754
NP_notochordal	mild_vs_severe	TFDP3	0.0	1.0	5	0	0	0	1.0
NP_notochordal	mild_vs_severe	SP7	0.08695652173913043	4.0362989167027155e-05	23	2	2	0	0.006155355847971641
NP_notochordal	mild_vs_severe	OVOL1	0.0	1.0	8	0	0	0	1.0
NP_notochordal	mild_vs_severe	ZNF436	0.0	1.0	5	0	0	0	1.0
NP_notochordal	mild_vs_severe	ATF7	0.0	1.0	5	0	0	0	1.0
NP_notochordal	mild_vs_severe	SCX	0.25	4.479067526687415e-06	8	2	2	0	0.002732231191279323
NP_notochordal	mild_vs_severe	NANOG	0.0	1.0	31	0	0	0	1.0
NP_notochordal	mild_vs_severe	ARX	0.0	1.0	13	0	0	0	1.0
NP_notochordal	mild_vs_severe	VHL	0.0	1.0	20	0	0	0	1.0
NP_notochordal	mild_vs_severe	SOX4	0.0	1.0	18	0	0	0	1.0
NP_notochordal	mild_vs_severe	ATF5	0.0	1.0	21	0	0	0	1.0
NP_notochordal	mild_vs_severe	CTCFL	0.0	1.0	6	0	0	0	1.0
NP_notochordal	mild_vs_severe	SP6	0.0	1.0	5	0	0	0	1.0
NP_notochordal	mild_vs_severe	SMARCA5	0.0	1.0	8	0	0	0	1.0
NP_notochordal	mild_vs_severe	EOMES	0.0	1.0	8	0	0	0	1.0
NP_notochordal	mild_vs_severe	ESRRB	0.0	1.0	5	0	0	0	1.0
NP_notochordal	mild_vs_severe	ZXDC	0.0	1.0	5	0	0	0	1.0
NP_notochordal	mild_vs_severe	NR2E1	0.0	1.0	9	0	0	0	1.0
NP_notochordal	mild_vs_severe	ZFP42	0.0	1.0	12	0	0	0	1.0
NP_notochordal	mild_vs_severe	KMT2B	0.0	1.0	11	0	0	0	1.0
NP_notochordal	mild_vs_severe	NFIB	0.0	1.0	13	0	0	0	1.0
NP_notochordal	mild_vs_severe	EN1	0.0	1.0	5	0	0	0	1.0
NP_notochordal	mild_vs_severe	MTA3	0.0	1.0	9	0	0	0	1.0
NP_notochordal	mild_vs_severe	TBX18	0.0	1.0	7	0	0	0	1.0
NP_notochordal	mild_vs_severe	EGR4	0.0	1.0	9	0	0	0	1.0
NP_notochordal	mild_vs_severe	HSF4	0.0	1.0	8	0	0	0	1.0
NP_notochordal	mild_vs_severe	BCLAF1	0.0	1.0	5	0	0	0	1.0
NP_notochordal	mild_vs_severe	KDM5C	0.0	1.0	10	0	0	0	1.0
NP_notochordal	mild_vs_severe	FOSL2	0.0	1.0	22	0	0	0	1.0
NP_notochordal	mild_vs_severe	MED1	0.0	1.0	9	0	0	0	1.0
NP_notochordal	mild_vs_severe	LYL1	0.0	1.0	12	0	0	0	1.0
NP_notochordal	mild_vs_severe	HOXD1	0.0	1.0	5	0	0	0	1.0
NP_notochordal	mild_vs_severe	SALL4	0.0	1.0	6	0	0	0	1.0
NP_notochordal	mild_vs_severe	KDM5B	0.0	1.0	20	0	0	0	1.0
NP_notochordal	mild_vs_severe	TADA2A	0.0	1.0	6	0	0	0	1.0
NP_notochordal	mild_vs_severe	SATB2	0.0	1.0	17	0	0	0	1.0
NP_notochordal	mild_vs_severe	NSD2	0.0	1.0	7	0	0	0	1.0
NP_notochordal	mild_vs_severe	PBRM1	0.0	1.0	7	0	0	0	1.0
NP_notochordal	mild_vs_severe	ZBTB4	0.0	1.0	13	0	0	0	1.0
NP_notochordal	mild_vs_severe	THAP11	0.0	1.0	6	0	0	0	1.0
NP_notochordal	mild_vs_severe	FOXJ1	0.0	1.0	8	0	0	0	1.0
NP_notochordal	mild_vs_severe	PPARGC1A	0.0	1.0	18	0	0	0	1.0
NP_notochordal	mild_vs_severe	BATF	0.0	1.0	7	0	0	0	1.0
NP_notochordal	mild_vs_severe	ARID3B	0.0	1.0	5	0	0	0	1.0
NP_notochordal	mild_vs_severe	ZNF300	0.0	1.0	5	0	0	0	1.0
NP_notochordal	mild_vs_severe	NUPR1	0.0	1.0	6	0	0	0	1.0
NP_notochordal	mild_vs_severe	ZNF331	0.0	1.0	17	0	0	0	1.0
NP_notochordal	mild_vs_severe	ZNF382	0.0	1.0	11	0	0	0	1.0
NP_notochordal	mild_vs_severe	HOXD8	0.0	1.0	5	0	0	0	1.0
NP_notochordal	mild_vs_severe	LHX8	0.0	1.0	7	0	0	0	1.0
NP_notochordal	mild_vs_severe	IRX1	0.0	1.0	11	0	0	0	1.0
NP_notochordal	mild_vs_severe	SOX11	0.0	1.0	7	0	0	0	1.0
NP_notochordal	mild_vs_severe	IRF6	0.0	1.0	10	0	0	0	1.0
NP_notochordal	mild_vs_severe	E2F7	0.0	1.0	5	0	0	0	1.0
NP_notochordal	mild_vs_severe	HEYL	0.0	1.0	5	0	0	0	1.0
NP_notochordal	mild_vs_severe	MECP2	0.0	1.0	16	0	0	0	1.0
NP_notochordal	mild_vs_severe	MAML1	0.0	1.0	5	0	0	0	1.0
NP_notochordal	mild_vs_severe	DOT1L	0.0	1.0	8	0	0	0	1.0
NP_notochordal	mild_vs_severe	ARID3A	0.0	1.0	6	0	0	0	1.0
NP_notochordal	mild_vs_severe	ARID1A	0.0	1.0	5	0	0	0	1.0
NP_notochordal	mild_vs_severe	ZBTB18	0.0	1.0	6	0	0	0	1.0
NP_notochordal	mild_vs_severe	TCF15	0.0	1.0	5	0	0	0	1.0
NP_notochordal	mild_vs_severe	NPM1	0.0	1.0	11	0	0	0	1.0
NP_notochordal	mild_vs_severe	SETBP1	0.0	1.0	6	0	0	0	1.0
NP_notochordal	mild_vs_severe	KDM2A	0.0	1.0	8	0	0	0	1.0
NP_notochordal	mild_vs_severe	MKX	0.0	1.0	6	0	0	0	1.0
NP_notochordal	mild_vs_severe	HDAC3	0.0	1.0	15	0	0	0	1.0
NP_notochordal	mild_vs_severe	BTG2	0.0	1.0	6	0	0	0	1.0
NP_notochordal	mild_vs_severe	CREB5	0.0	1.0	9	0	0	0	1.0
NP_notochordal	mild_vs_severe	CTBP1	0.0	1.0	8	0	0	0	1.0
NP_notochordal	mild_vs_severe	HDAC1	-0.017857142857142856	0.02480826197422642	56	1	0	1	0.22254470300408993
NP_notochordal	mild_vs_severe	HCFC1	0.0	1.0	7	0	0	0	1.0
NP_notochordal	mild_vs_severe	ETV7	0.0	1.0	8	0	0	0	1.0
NP_notochordal	mild_vs_severe	FHL2	0.0	1.0	6	0	0	0	1.0
NP_notochordal	mild_vs_severe	HDAC4	0.0	1.0	17	0	0	0	1.0
NP_notochordal	mild_vs_severe	HDAC7	0.0	1.0	10	0	0	0	1.0
NP_notochordal	mild_vs_severe	HDAC9	0.0	1.0	14	0	0	0	1.0
NP_notochordal	mild_vs_severe	ING4	-0.07142857142857142	0.006248864645840272	14	1	0	1	0.10890878382750187
NP_notochordal	mild_vs_severe	SIN3A	0.0	1.0	8	0	0	0	1.0
NP_notochordal	mild_vs_severe	SMARCA4	0.0	1.0	7	0	0	0	1.0
NP_notochordal	mild_vs_severe	WWTR1	0.0	1.0	8	0	0	0	1.0
NP_notochordal	mild_vs_severe	PIN1	0.0	1.0	5	0	0	0	1.0
NP_notochordal	mild_vs_severe	FGF2	0.0	1.0	8	0	0	0	1.0
NP_notochordal	mild_vs_severe	PARK7	0.0	1.0	6	0	0	0	1.0
NP_notochordal	mild_vs_severe	YAP1	0.0	1.0	8	0	0	0	1.0
NP_notochordal	mild_vs_severe	BCOR	0.0	1.0	5	0	0	0	1.0
NP_notochordal	mild_vs_severe	BRD4	0.0	1.0	8	0	0	0	1.0
NP_notochordal	mild_vs_severe	SRSF2	0.08333333333333333	0.005358087407164043	12	1	1	0	0.099043433890002
NP_notochordal	mild_vs_severe	ZMYND8	0.0	1.0	6	0	0	0	1.0
NP_notochordal	mild_vs_severe	ARID4B	0.0	1.0	8	0	0	0	1.0
NP_notochordal	mild_vs_severe	AP1	0.0030581039755351682	0.13800476600792333	327	1	1	0	0.825322620243463
NP_notochordal	mild_vs_severe	NFKB	0.0	0.016682887014256513	477	2	1	1	0.19859685219097617
NP_stressed_degenerative	mild_vs_severe	MYC	-0.00145985401459854	0.006267454857290477	685	5	2	3	0.08311190136841719
NP_stressed_degenerative	mild_vs_severe	SPI1	0.011695906432748537	0.03732701802076112	171	2	2	0	0.19134017640894357
NP_stressed_degenerative	mild_vs_severe	SMAD3	-0.009615384615384616	0.17161671962194533	104	1	0	1	0.4914845022036932
NP_stressed_degenerative	mild_vs_severe	SMAD4	0.012987012987012988	0.12997081160206572	77	1	1	0	0.3924861142438618
NP_stressed_degenerative	mild_vs_severe	STAT5A	0.01652892561983471	0.019668646414499346	121	2	2	0	0.14190426959842162
NP_stressed_degenerative	mild_vs_severe	STAT5B	0.015625	0.10921688210697525	64	1	1	0	0.34165281069361486
NP_stressed_degenerative	mild_vs_severe	RELA	0.012618296529968454	0.002194996005220467	317	4	4	0	0.03938081068189662
NP_stressed_degenerative	mild_vs_severe	WT1	0.011111111111111112	0.15026484518944044	90	1	1	0	0.4449590075997994
NP_stressed_degenerative	mild_vs_severe	NR0B2	0.015151515151515152	0.11244012111174166	66	1	1	0	0.348164842021129
NP_stressed_degenerative	mild_vs_severe	SP1	0.01272264631043257	2.859756986348748e-07	786	10	10	0	8.722258808363681e-05
NP_stressed_degenerative	mild_vs_severe	TP53	0.007122507122507123	0.00014638877316911405	702	7	6	1	0.00796532013020935
NP_stressed_degenerative	mild_vs_severe	ZBTB16	0.0	1.0	34	0	0	0	1.0
NP_stressed_degenerative	mild_vs_severe	ETV6	0.0	1.0	16	0	0	0	1.0
NP_stressed_degenerative	mild_vs_severe	RUNX1	-0.008849557522123894	0.1850727013849849	113	1	0	1	0.5250899899760038
NP_stressed_degenerative	mild_vs_severe	STAT1	0.014778325123152709	0.00544925649480293	203	3	3	0	0.07554651049613152
NP_stressed_degenerative	mild_vs_severe	STAT3	0.003875968992248062	7.571401387213467e-05	258	5	3	2	0.0051317276068891275
NP_stressed_degenerative	mild_vs_severe	ETV4	0.025	0.06966032949742769	40	1	1	0	0.27238974995789034
NP_stressed_degenerative	mild_vs_severe	MTF1	0.07692307692307693	0.0009752092002455788	26	2	2	0	0.024488460413020906
NP_stressed_degenerative	mild_vs_severe	CREB1	0.0	0.0010874242459569382	262	4	2	2	0.025512645770528163
NP_stressed_degenerative	mild_vs_severe	FOXA2	0.0	1.0	42	0	0	0	1.0
NP_stressed_degenerative	mild_vs_severe	NFATC2	0.02040816326530612	0.08468567946416765	49	1	1	0	0.2951900827036701
NP_stressed_degenerative	mild_vs_severe	CEBPB	0.012096774193548387	0.009461768965207477	248	3	3	0	0.10688294571808446
NP_stressed_degenerative	mild_vs_severe	FOS	0.015625	0.00466509785337686	192	3	3	0	0.06940755342828987
NP_stressed_degenerative	mild_vs_severe	PLAG1	0.0	1.0	7	0	0	0	1.0
NP_stressed_degenerative	mild_vs_severe	E2F1	0.008	0.07348594289410044	250	2	2	0	0.2767063281814893
NP_stressed_degenerative	mild_vs_severe	E2F3	0.01694915254237288	0.10111006324077779	59	1	1	0	0.33159751923050784
NP_stressed_degenerative	mild_vs_severe	HBP1	0.03333333333333333	0.05269075627615256	30	1	1	0	0.23808415798854116
NP_stressed_degenerative	mild_vs_severe	YY1	-0.012738853503184714	0.03192255714358093	157	2	0	2	0.16941583446583353
NP_stressed_degenerative	mild_vs_severe	ESR1	0.010362694300518135	0.004468735485597623	386	4	4	0	0.06940755342828987
NP_stressed_degenerative	mild_vs_severe	JUN	0.013157894736842105	0.00046233817978755525	380	5	5	0	0.01486732419161694
NP_stressed_degenerative	mild_vs_severe	NR1I3	0.0	1.0	27	0	0	0	1.0
NP_stressed_degenerative	mild_vs_severe	CEBPG	0.031578947368421054	0.0006215093586955419	95	3	3	0	0.018053367085918124
NP_stressed_degenerative	mild_vs_severe	MAFK	0.0625	0.028438720232109672	16	1	1	0	0.16365678624138585
NP_stressed_degenerative	mild_vs_severe	STAT4	0.0	0.00020105898043000102	12	2	1	1	0.009121281607389719
NP_stressed_degenerative	mild_vs_severe	IRF1	0.010869565217391304	0.15334680359414107	92	1	1	0	0.44971899130974063
NP_stressed_degenerative	mild_vs_severe	ATF2	0.0125	0.0003753220763953677	80	3	2	1	0.013467439211833783
NP_stressed_degenerative	mild_vs_severe	NR2C2	0.029411764705882353	0.05951357257434169	34	1	1	0	0.2538690858066324
NP_stressed_degenerative	mild_vs_severe	IRF3	0.0196078431372549	0.08799319497639907	51	1	1	0	0.30325338381696854
NP_stressed_degenerative	mild_vs_severe	TFAP2A	0.00558659217877095	0.2775927190446065	179	1	1	0	0.773203464005525
NP_stressed_degenerative	mild_vs_severe	HNF1A	0.023809523809523808	0.07301940848108993	42	1	1	0	0.27665738617058916
NP_stressed_degenerative	mild_vs_severe	ETS1	0.0	0.020593888056426837	124	2	1	1	0.14190426959842162
NP_stressed_degenerative	mild_vs_severe	ARNT	-0.04878048780487805	0.0024210363000243067	41	2	0	2	0.04102311508374519
NP_stressed_degenerative	mild_vs_severe	AHR	0.021052631578947368	0.012438667815815105	95	2	2	0	0.11950186382027718
NP_stressed_degenerative	mild_vs_severe	PAX6	0.0	1.0	77	0	0	0	1.0
NP_stressed_degenerative	mild_vs_severe	NFYA	0.0	1.0	71	0	0	0	1.0
NP_stressed_degenerative	mild_vs_severe	ZNF148	0.0	1.0	20	0	0	0	1.0
NP_stressed_degenerative	mild_vs_severe	NFIC	0.023809523809523808	0.07301940848108993	42	1	1	0	0.27665738617058916
NP_stressed_degenerative	mild_vs_severe	RBPJ	0.0	1.0	83	0	0	0	1.0
NP_stressed_degenerative	mild_vs_severe	HES1	-0.037037037037037035	0.0041662279071339675	54	2	0	2	0.06868646009058704
NP_stressed_degenerative	mild_vs_severe	GATA4	0.017241379310344827	0.09948031083980018	58	1	1	0	0.32979885658846797
NP_stressed_degenerative	mild_vs_severe	GATA6	0.029411764705882353	0.05951357257434169	34	1	1	0	0.2538690858066324
NP_stressed_degenerative	mild_vs_severe	HNF4A	0.016260162601626018	0.020283453136721447	123	2	2	0	0.14190426959842162
NP_stressed_degenerative	mild_vs_severe	RARA	0.01	0.165568771810069	100	1	1	0	0.4786585346167871
NP_stressed_degenerative	mild_vs_severe	DBP	0.0	1.0	19	0	0	0	1.0
NP_stressed_degenerative	mild_vs_severe	HLF	0.09090909090909091	0.019635214045309428	11	1	1	0	0.14190426959842162
NP_stressed_degenerative	mild_vs_severe	PPARG	0.019704433497536946	1.0826418177967486e-06	203	6	5	1	0.00022013716961867224
NP_stressed_degenerative	mild_vs_severe	MAX	0.030303030303030304	0.0578122584871028	33	1	1	0	0.25189626912237645
NP_stressed_degenerative	mild_vs_severe	USF2	0.016129032258064516	0.10598252496242101	62	1	1	0	0.33847822108417186
NP_stressed_degenerative	mild_vs_severe	IRF2	0.03333333333333333	0.05269075627615256	30	1	1	0	0.23808415798854116
NP_stressed_degenerative	mild_vs_severe	SP3	0.011764705882352941	7.16245546932244e-05	255	5	4	1	0.0051317276068891275
NP_stressed_degenerative	mild_vs_severe	AR	0.008823529411764706	0.022015272257726922	340	3	3	0	0.14440124814207983
NP_stressed_degenerative	mild_vs_severe	CUX1	0.0136986301369863	0.12363442410942428	73	1	1	0	0.3752089487897951
NP_stressed_degenerative	mild_vs_severe	ATF1	0.0	0.004954671583096563	59	2	1	1	0.07196070632592627
NP_stressed_degenerative	mild_vs_severe	KAT7	0.01818181818181818	0.09457419414382395	55	1	1	0	0.31873070954548405
NP_stressed_degenerative	mild_vs_severe	CREBZF	0.0	1.0	11	0	0	0	1.0
NP_stressed_degenerative	mild_vs_severe	GLI3	0.0	1.0	23	0	0	0	1.0
NP_stressed_degenerative	mild_vs_severe	NKX2-5	0.0	1.0	32	0	0	0	1.0
NP_stressed_degenerative	mild_vs_severe	TGFB1I1	0.0	1.0	11	0	0	0	1.0
NP_stressed_degenerative	mild_vs_severe	RARB	0.0	1.0	31	0	0	0	1.0
NP_stressed_degenerative	mild_vs_severe	RARG	0.0	1.0	20	0	0	0	1.0
NP_stressed_degenerative	mild_vs_severe	TEAD1	0.0	1.0	14	0	0	0	1.0
NP_stressed_degenerative	mild_vs_severe	PPARA	0.006666666666666667	0.0023240051528837556	150	3	2	1	0.040504089807402596
NP_stressed_degenerative	mild_vs_severe	ESR2	0.016129032258064516	0.020593888056426837	124	2	2	0	0.14190426959842162
NP_stressed_degenerative	mild_vs_severe	NR3C1	-0.006289308176100629	0.2506666455223133	159	1	0	1	0.7014066686633538
NP_stressed_degenerative	mild_vs_severe	PGR	0.023809523809523808	0.009826802819826628	84	2	2	0	0.10704195928739718
NP_stressed_degenerative	mild_vs_severe	NRG1	0.0	1.0	25	0	0	0	1.0
NP_stressed_degenerative	mild_vs_severe	TBP	0.0	1.0	102	0	0	0	1.0
NP_stressed_degenerative	mild_vs_severe	REL	0.029411764705882353	0.006532980271702099	68	2	2	0	0.08478974395187831
NP_stressed_degenerative	mild_vs_severe	ISL1	0.0	1.0	8	0	0	0	1.0
NP_stressed_degenerative	mild_vs_severe	ZBTB14	0.0	1.0	5	0	0	0	1.0
NP_stressed_degenerative	mild_vs_severe	MYB	0.009345794392523364	0.17612532700011002	107	1	1	0	0.5020394835049865
NP_stressed_degenerative	mild_vs_severe	PITX1	0.058823529411764705	0.03019038575048683	17	1	1	0	0.16591112889907175
NP_stressed_degenerative	mild_vs_severe	EGR1	0.004464285714285714	7.653405287565343e-08	224	7	4	3	4.668577225414859e-05
NP_stressed_degenerative	mild_vs_severe	MYOD1	0.012048192771084338	0.13939384580572353	83	1	1	0	0.41478168751947003
NP_stressed_degenerative	mild_vs_severe	ETS2	0.0	0.005984433858621167	65	2	1	1	0.08112232563908693
NP_stressed_degenerative	mild_vs_severe	GTF2I	0.0	1.0	19	0	0	0	1.0
NP_stressed_degenerative	mild_vs_severe	NR2F1	0.1	0.0005738268613846571	20	2	2	0	0.01750171927223204
NP_stressed_degenerative	mild_vs_severe	ENO1	0.08333333333333333	0.021401955414843916	12	1	1	0	0.14190426959842162
NP_stressed_degenerative	mild_vs_severe	JDP2	0.03571428571428571	0.04926174049840166	28	1	1	0	0.22938673056507644
NP_stressed_degenerative	mild_vs_severe	MAZ	0.0	1.0	21	0	0	0	1.0
NP_stressed_degenerative	mild_vs_severe	NR4A1	-0.017857142857142856	0.09621238087415897	56	1	0	1	0.32070793624719657
NP_stressed_degenerative	mild_vs_severe	HMGA1	0.0	1.0	38	0	0	0	1.0
NP_stressed_degenerative	mild_vs_severe	NFKB1	0.017316017316017316	0.0006790683152381743	231	4	4	0	0.01882871237705847
NP_stressed_degenerative	mild_vs_severe	USF1	0.0	0.019668646414499346	121	2	1	1	0.14190426959842162
NP_stressed_degenerative	mild_vs_severe	DDIT3	0.0	1.0	70	0	0	0	1.0
NP_stressed_degenerative	mild_vs_severe	ATF4	0.023809523809523808	0.009826802819826628	84	2	2	0	0.10704195928739718
NP_stressed_degenerative	mild_vs_severe	ATF3	0.0136986301369863	0.12363442410942428	73	1	1	0	0.3752089487897951
NP_stressed_degenerative	mild_vs_severe	TAF1	0.0	1.0	35	0	0	0	1.0
NP_stressed_degenerative	mild_vs_severe	RUNX2	0.012658227848101266	0.13312266044598486	79	1	1	0	0.40002375799039785
NP_stressed_degenerative	mild_vs_severe	TFAP2B	0.08333333333333333	0.021401955414843916	12	1	1	0	0.14190426959842162
NP_stressed_degenerative	mild_vs_severe	CREM	-0.023809523809523808	0.07301940848108993	42	1	0	1	0.27665738617058916
NP_stressed_degenerative	mild_vs_severe	IRF8	0.025	0.06966032949742769	40	1	1	0	0.27238974995789034
NP_stressed_degenerative	mild_vs_severe	ETV5	0.16666666666666666	0.010755960378807654	6	1	1	0	0.10935226385121113
NP_stressed_degenerative	mild_vs_severe	DMTF1	0.07692307692307693	0.0231656718149253	13	1	1	0	0.14874799796952035
NP_stressed_degenerative	mild_vs_severe	NR5A1	0.023255813953488372	0.07469462415203765	43	1	1	0	0.2778275654435547
NP_stressed_degenerative	mild_vs_severe	NEUROD2	0.0	1.0	6	0	0	0	1.0
NP_stressed_degenerative	mild_vs_severe	NEUROD1	0.0	1.0	24	0	0	0	1.0
NP_stressed_degenerative	mild_vs_severe	HHEX	0.0	1.0	14	0	0	0	1.0
NP_stressed_degenerative	mild_vs_severe	FOXO3	0.0196078431372549	6.089968131444877e-06	153	5	4	1	0.000742976112036275
NP_stressed_degenerative	mild_vs_severe	MBD1	0.0	1.0	10	0	0	0	1.0
NP_stressed_degenerative	mild_vs_severe	CEBPD	0.02127659574468085	0.08136677062446192	47	1	1	0	0.2936907105379986
NP_stressed_degenerative	mild_vs_severe	ELK1	0.023255813953488372	0.07469462415203765	43	1	1	0	0.2778275654435547
NP_stressed_degenerative	mild_vs_severe	FLI1	0.01639344262295082	0.10436116574037246	61	1	1	0	0.3368270428657524
NP_stressed_degenerative	mild_vs_severe	ELK4	0.0	1.0	6	0	0	0	1.0
NP_stressed_degenerative	mild_vs_severe	PREB	0.0	1.0	8	0	0	0	1.0
NP_stressed_degenerative	mild_vs_severe	POU1F1	0.0	1.0	25	0	0	0	1.0
NP_stressed_degenerative	mild_vs_severe	PAX5	0.027777777777777776	0.06290744929409853	36	1	1	0	0.25928070317162233
NP_stressed_degenerative	mild_vs_severe	CEBPA	0.008928571428571428	0.001003625426763152	112	3	2	1	0.024488460413020906
NP_stressed_degenerative	mild_vs_severe	LITAF	0.05263157894736842	0.033684720130144355	19	1	1	0	0.17713516620162117
NP_stressed_degenerative	mild_vs_severe	STAT6	0.0	0.00463162149471977	57	2	1	1	0.06940755342828987
NP_stressed_degenerative	mild_vs_severe	HIF1A	0.009966777408637873	0.00015669482223362656	301	5	4	1	0.00796532013020935
NP_stressed_degenerative	mild_vs_severe	TP73	0.010101010101010102	0.16405024364229834	99	1	1	0	0.4765268981990571
NP_stressed_degenerative	mild_vs_severe	KLF11	0.058823529411764705	0.03019038575048683	17	1	1	0	0.16591112889907175
NP_stressed_degenerative	mild_vs_severe	TCF4	0.0	1.0	31	0	0	0	1.0
NP_stressed_degenerative	mild_vs_severe	HIVEP2	0.0	1.0	8	0	0	0	1.0
NP_stressed_degenerative	mild_vs_severe	E2F4	0.006711409395973154	0.23684870118516724	149	1	1	0	0.6657958881242029
NP_stressed_degenerative	mild_vs_severe	GATA5	0.0	1.0	8	0	0	0	1.0
NP_stressed_degenerative	mild_vs_severe	SRF	0.0	1.0	59	0	0	0	1.0
NP_stressed_degenerative	mild_vs_severe	ELF1	0.0	1.0	43	0	0	0	1.0
NP_stressed_degenerative	mild_vs_severe	GATA3	0.00980392156862745	0.16859797012694785	102	1	1	0	0.48511680083697256
NP_stressed_degenerative	mild_vs_severe	MSX1	0.0	1.0	14	0	0	0	1.0
NP_stressed_degenerative	mild_vs_severe	OTX2	0.0	1.0	15	0	0	0	1.0
NP_stressed_degenerative	mild_vs_severe	LHX2	0.0	1.0	17	0	0	0	1.0
NP_stressed_degenerative	mild_vs_severe	GABPA	0.0	1.0	26	0	0	0	1.0
NP_stressed_degenerative	mild_vs_severe	HSF2	0.0	1.0	19	0	0	0	1.0
NP_stressed_degenerative	mild_vs_severe	VDR	0.0	1.0	80	0	0	0	1.0
NP_stressed_degenerative	mild_vs_severe	HOXC8	0.0	1.0	11	0	0	0	1.0
NP_stressed_degenerative	mild_vs_severe	HR	0.02040816326530612	0.08468567946416765	49	1	1	0	0.2951900827036701
NP_stressed_degenerative	mild_vs_severe	RELB	0.03225806451612903	0.05440085510045776	31	1	1	0	0.24046754790782052
NP_stressed_degenerative	mild_vs_severe	CEBPE	0.0625	0.028438720232109672	16	1	1	0	0.16365678624138585
NP_stressed_degenerative	mild_vs_severe	NR0B1	0.0	1.0	20	0	0	0	1.0
NP_stressed_degenerative	mild_vs_severe	LEF1	0.0	1.0	53	0	0	0	1.0
NP_stressed_degenerative	mild_vs_severe	ID1	0.019230769230769232	0.00010425556441238612	52	3	2	1	0.006359589429155553
NP_stressed_degenerative	mild_vs_severe	ZNF143	0.0	1.0	21	0	0	0	1.0
NP_stressed_degenerative	mild_vs_severe	SOX9	0.0	1.0	55	0	0	0	1.0
NP_stressed_degenerative	mild_vs_severe	YBX1	0.015625	0.10921688210697525	64	1	1	0	0.34165281069361486
NP_stressed_degenerative	mild_vs_severe	HSF1	0.05970149253731343	5.444521138258213e-06	67	4	4	0	0.000742976112036275
NP_stressed_degenerative	mild_vs_severe	POU4F1	0.0	1.0	14	0	0	0	1.0
NP_stressed_degenerative	mild_vs_severe	NOTO	0.0	1.0	5	0	0	0	1.0
NP_stressed_degenerative	mild_vs_severe	HNF1B	0.058823529411764705	0.03019038575048683	17	1	1	0	0.16591112889907175
NP_stressed_degenerative	mild_vs_severe	PAX3	0.0	1.0	56	0	0	0	1.0
NP_stressed_degenerative	mild_vs_severe	ID2	0.025	0.06966032949742769	40	1	1	0	0.27238974995789034
NP_stressed_degenerative	mild_vs_severe	MEF2A	0.018518518518518517	0.09293318679292918	54	1	1	0	0.3149402441315933
NP_stressed_degenerative	mild_vs_severe	PDX1	0.0	1.0	45	0	0	0	1.0
NP_stressed_degenerative	mild_vs_severe	NR2F2	0.06451612903225806	0.001387791546997558	31	2	2	0	0.029191477367879668
NP_stressed_degenerative	mild_vs_severe	NR1H4	-0.015151515151515152	0.11244012111174166	66	1	0	1	0.348164842021129
NP_stressed_degenerative	mild_vs_severe	ASCL1	0.0	1.0	31	0	0	0	1.0
NP_stressed_degenerative	mild_vs_severe	RFX1	0.0	1.0	15	0	0	0	1.0
NP_stressed_degenerative	mild_vs_severe	CRX	0.0	1.0	10	0	0	0	1.0
NP_stressed_degenerative	mild_vs_severe	NRL	0.0	1.0	10	0	0	0	1.0
NP_stressed_degenerative	mild_vs_severe	UBTF	0.0	1.0	9	0	0	0	1.0
NP_stressed_degenerative	mild_vs_severe	MYBL2	0.0	1.0	43	0	0	0	1.0
NP_stressed_degenerative	mild_vs_severe	ELF2	0.0	1.0	6	0	0	0	1.0
NP_stressed_degenerative	mild_vs_severe	JUND	0.0	0.004473923975396826	56	2	1	1	0.06940755342828987
NP_stressed_degenerative	mild_vs_severe	TP63	0.0070921985815602835	0.22562040924418578	141	1	1	0	0.6371687483284876
NP_stressed_degenerative	mild_vs_severe	NFKBIB	0.14285714285714285	0.0002766194241430984	14	2	2	0	0.010546115545455625
NP_stressed_degenerative	mild_vs_severe	HOXC6	0.0	1.0	8	0	0	0	1.0
NP_stressed_degenerative	mild_vs_severe	FOXO1	0.011111111111111112	0.040976244587121846	180	2	2	0	0.20488122293560923
NP_stressed_degenerative	mild_vs_severe	PITX2	0.016666666666666666	0.1027370133525592	60	1	1	0	0.33334881992053783
NP_stressed_degenerative	mild_vs_severe	NR5A2	0.0	1.0	24	0	0	0	1.0
NP_stressed_degenerative	mild_vs_severe	POU2F1	0.020833333333333332	0.0830276515309445	48	1	1	0	0.2951900827036701
NP_stressed_degenerative	mild_vs_severe	XBP1	0.05128205128205128	0.0021925129210036004	39	2	2	0	0.03938081068189662
NP_stressed_degenerative	mild_vs_severe	SREBF1	0.012195121951219513	0.13783010245295838	82	1	1	0	0.41213903184463047
NP_stressed_degenerative	mild_vs_severe	TCF3	0.015873015873015872	0.10760109556989375	63	1	1	0	0.3400863642364518
NP_stressed_degenerative	mild_vs_severe	LRRFIP1	-0.125	0.014316790935735096	8	1	0	1	0.12476060672569154
NP_stressed_degenerative	mild_vs_severe	TCF12	-0.041666666666666664	0.042368302307424534	24	1	0	1	0.20675731526023172
NP_stressed_degenerative	mild_vs_severe	E4F1	0.0	1.0	8	0	0	0	1.0
NP_stressed_degenerative	mild_vs_severe	BRCA1	0.0	1.0	48	0	0	0	1.0
NP_stressed_degenerative	mild_vs_severe	ZNF362	0.0	1.0	11	0	0	0	1.0
NP_stressed_degenerative	mild_vs_severe	NRF1	0.016129032258064516	0.10598252496242101	62	1	1	0	0.33847822108417186
NP_stressed_degenerative	mild_vs_severe	GATA1	0.0	1.0	67	0	0	0	1.0
NP_stressed_degenerative	mild_vs_severe	MYCN	-0.02	0.013715955033011464	100	2	0	2	0.12476060672569154
NP_stressed_degenerative	mild_vs_severe	PKNOX1	0.0	1.0	9	0	0	0	1.0
NP_stressed_degenerative	mild_vs_severe	NR4A3	0.0	1.0	16	0	0	0	1.0
NP_stressed_degenerative	mild_vs_severe	SSRP1	0.02631578947368421	0.008103357799851338	76	2	2	0	0.10298017203977743
NP_stressed_degenerative	mild_vs_severe	ZNF91	0.0	1.0	24	0	0	0	1.0
NP_stressed_degenerative	mild_vs_severe	NR2C1	0.0	1.0	9	0	0	0	1.0
NP_stressed_degenerative	mild_vs_severe	ID3	0.08333333333333333	0.0008299673270850881	24	2	2	0	0.022012176935734946
NP_stressed_degenerative	mild_vs_severe	ERF	0.0	1.0	13	0	0	0	1.0
NP_stressed_degenerative	mild_vs_severe	ZNF354C	0.058823529411764705	0.03019038575048683	17	1	1	0	0.16591112889907175
NP_stressed_degenerative	mild_vs_severe	HMGA2	0.0	1.0	27	0	0	0	1.0
NP_stressed_degenerative	mild_vs_severe	POU2F2	0.0	1.0	17	0	0	0	1.0
NP_stressed_degenerative	mild_vs_severe	SREBF2	0.021739130434782608	0.07970303209439662	46	1	1	0	0.28939791415227345
NP_stressed_degenerative	mild_vs_severe	ELF4	0.0	1.0	29	0	0	0	1.0
NP_stressed_degenerative	mild_vs_severe	TTF1	0.03225806451612903	0.05440085510045776	31	1	1	0	0.24046754790782052
NP_stressed_degenerative	mild_vs_severe	DLX4	0.043478260869565216	0.04063753834991037	23	1	1	0	0.20486692887144897
NP_stressed_degenerative	mild_vs_severe	NR1I2	0.013605442176870748	0.02827400884936529	147	2	2	0	0.16365678624138585
NP_stressed_degenerative	mild_vs_severe	NR1H3	0.014084507042253521	0.1204498141408558	71	1	1	0	0.3692180232458394
NP_stressed_degenerative	mild_vs_severe	MITF	0.0	0.005120006645675381	60	2	1	1	0.07263265241539495
NP_stressed_degenerative	mild_vs_severe	NCOA1	0.020833333333333332	0.0830276515309445	48	1	1	0	0.2951900827036701
NP_stressed_degenerative	mild_vs_severe	NCOR1	0.0	1.0	55	0	0	0	1.0
NP_stressed_degenerative	mild_vs_severe	FOSL1	-0.06060606060606061	0.0015724186210892682	33	2	0	2	0.03197251196214845
NP_stressed_degenerative	mild_vs_severe	JUNB	0.018518518518518517	0.09293318679292918	54	1	1	0	0.3149402441315933
NP_stressed_degenerative	mild_vs_severe	DNMT1	0.017699115044247787	0.01729136815460021	113	2	2	0	0.14153142990801895
NP_stressed_degenerative	mild_vs_severe	KLF5	0.0	1.0	48	0	0	0	1.0
NP_stressed_degenerative	mild_vs_severe	NR3C2	0.02857142857142857	0.06121196792860931	35	1	1	0	0.25574863312638135
NP_stressed_degenerative	mild_vs_severe	MYRF	0.0	1.0	5	0	0	0	1.0
NP_stressed_degenerative	mild_vs_severe	EBF1	0.1	0.017865442791667966	10	1	1	0	0.14153142990801895
NP_stressed_degenerative	mild_vs_severe	CREBBP	0.0	1.0	25	0	0	0	1.0
NP_stressed_degenerative	mild_vs_severe	ZFPM1	0.0	1.0	10	0	0	0	1.0
NP_stressed_degenerative	mild_vs_severe	APEX1	0.038461538461538464	1.263713063361689e-05	26	3	2	1	0.0012847749477510504
NP_stressed_degenerative	mild_vs_severe	TFAM	0.1	0.017865442791667966	10	1	1	0	0.14153142990801895
NP_stressed_degenerative	mild_vs_severe	IRF4	0.034482758620689655	0.05097771966905701	29	1	1	0	0.2355788560463998
NP_stressed_degenerative	mild_vs_severe	ZBED1	0.0	1.0	16	0	0	0	1.0
NP_stressed_degenerative	mild_vs_severe	NCOA2	0.02631578947368421	0.06628968899910663	38	1	1	0	0.2713873173788929
NP_stressed_degenerative	mild_vs_severe	FOXA1	0.0	1.0	28	0	0	0	1.0
NP_stressed_degenerative	mild_vs_severe	NR4A2	-0.037037037037037035	0.04754281397607009	27	1	0	1	0.22481485678606788
NP_stressed_degenerative	mild_vs_severe	KLF1	0.0	1.0	17	0	0	0	1.0
NP_stressed_degenerative	mild_vs_severe	LHX3	0.2	0.008970965720523296	5	1	1	0	0.10325073753809831
NP_stressed_degenerative	mild_vs_severe	CTCF	0.010869565217391304	0.15334680359414107	92	1	1	0	0.44971899130974063
NP_stressed_degenerative	mild_vs_severe	BCL6	0.02040816326530612	0.08468567946416765	49	1	1	0	0.2951900827036701
NP_stressed_degenerative	mild_vs_severe	RB1	0.0	1.0	30	0	0	0	1.0
NP_stressed_degenerative	mild_vs_severe	TFCP2	0.0	1.0	38	0	0	0	1.0
NP_stressed_degenerative	mild_vs_severe	REST	0.0	1.0	19	0	0	0	1.0
NP_stressed_degenerative	mild_vs_severe	ESRRA	0.0	1.0	26	0	0	0	1.0
NP_stressed_degenerative	mild_vs_severe	HOXD3	0.2	0.008970965720523296	5	1	1	0	0.10325073753809831
NP_stressed_degenerative	mild_vs_severe	IRF9	0.0	1.0	13	0	0	0	1.0
NP_stressed_degenerative	mild_vs_severe	TFE3	0.038461538461538464	0.04582093530658816	26	1	1	0	0.22008480737810063
NP_stressed_degenerative	mild_vs_severe	ZNF236	0.0	1.0	6	0	0	0	1.0
NP_stressed_degenerative	mild_vs_severe	TFAP2C	0.0	1.0	15	0	0	0	1.0
NP_stressed_degenerative	mild_vs_severe	PAX8	0.0625	0.028438720232109672	16	1	1	0	0.16365678624138585
NP_stressed_degenerative	mild_vs_severe	NKX2-1	0.03333333333333333	0.05269075627615256	30	1	1	0	0.23808415798854116
NP_stressed_degenerative	mild_vs_severe	PBX1	0.0	1.0	24	0	0	0	1.0
NP_stressed_degenerative	mild_vs_severe	SP4	0.0	1.0	32	0	0	0	1.0
NP_stressed_degenerative	mild_vs_severe	CIITA	0.0	1.0	20	0	0	0	1.0
NP_stressed_degenerative	mild_vs_severe	CDX2	0.0	1.0	29	0	0	0	1.0
NP_stressed_degenerative	mild_vs_severe	ELF3	0.0	1.0	15	0	0	0	1.0
NP_stressed_degenerative	mild_vs_severe	ELF5	0.0	1.0	5	0	0	0	1.0
NP_stressed_degenerative	mild_vs_severe	ZEB1	0.0	1.0	32	0	0	0	1.0
NP_stressed_degenerative	mild_vs_severe	EGR3	0.05555555555555555	0.03193905075995222	18	1	1	0	0.16941583446583353
NP_stressed_degenerative	mild_vs_severe	EWSR1	0.0	1.0	44	0	0	0	1.0
NP_stressed_degenerative	mild_vs_severe	NAB2	0.0	1.0	6	0	0	0	1.0
NP_stressed_degenerative	mild_vs_severe	DEAF1	0.0	1.0	7	0	0	0	1.0
NP_stressed_degenerative	mild_vs_severe	TBPL1	0.038461538461538464	0.04582093530658816	26	1	1	0	0.22008480737810063
NP_stressed_degenerative	mild_vs_severe	MEF2C	0.030303030303030304	0.0578122584871028	33	1	1	0	0.25189626912237645
NP_stressed_degenerative	mild_vs_severe	POU4F2	0.0	1.0	14	0	0	0	1.0
NP_stressed_degenerative	mild_vs_severe	TAL1	0.0	1.0	57	0	0	0	1.0
NP_stressed_degenerative	mild_vs_severe	EPAS1	-0.01694915254237288	0.10111006324077779	59	1	0	1	0.33159751923050784
NP_stressed_degenerative	mild_vs_severe	SMARCA1	0.0	1.0	33	0	0	0	1.0
NP_stressed_degenerative	mild_vs_severe	NFATC4	0.041666666666666664	0.042368302307424534	24	1	1	0	0.20675731526023172
NP_stressed_degenerative	mild_vs_severe	FOXM1	0.0	1.0	57	0	0	0	1.0
NP_stressed_degenerative	mild_vs_severe	MYF5	0.0	1.0	12	0	0	0	1.0
NP_stressed_degenerative	mild_vs_severe	MYOG	0.0	1.0	28	0	0	0	1.0
NP_stressed_degenerative	mild_vs_severe	SMAD7	0.0	1.0	44	0	0	0	1.0
NP_stressed_degenerative	mild_vs_severe	SOX10	0.0	1.0	15	0	0	0	1.0
NP_stressed_degenerative	mild_vs_severe	NKRF	0.0	1.0	6	0	0	0	1.0
NP_stressed_degenerative	mild_vs_severe	ATF6	0.025	0.06966032949742769	40	1	1	0	0.27238974995789034
NP_stressed_degenerative	mild_vs_severe	NKX6-1	0.0	1.0	6	0	0	0	1.0
NP_stressed_degenerative	mild_vs_severe	ERG	0.02857142857142857	0.06121196792860931	35	1	1	0	0.25574863312638135
NP_stressed_degenerative	mild_vs_severe	PITX3	0.125	0.014316790935735096	8	1	1	0	0.12476060672569154
NP_stressed_degenerative	mild_vs_severe	HOXB2	0.0	1.0	5	0	0	0	1.0
NP_stressed_degenerative	mild_vs_severe	SATB1	0.0	1.0	22	0	0	0	1.0
NP_stressed_degenerative	mild_vs_severe	NFKB2	0.023809523809523808	0.07301940848108993	42	1	1	0	0.27665738617058916
NP_stressed_degenerative	mild_vs_severe	RORA	0.0	1.0	34	0	0	0	1.0
NP_stressed_degenerative	mild_vs_severe	PROX1	0.0	1.0	14	0	0	0	1.0
NP_stressed_degenerative	mild_vs_severe	KLF3	0.0	1.0	5	0	0	0	1.0
NP_stressed_degenerative	mild_vs_severe	PEG3	0.0	1.0	6	0	0	0	1.0
NP_stressed_degenerative	mild_vs_severe	NR2E3	0.0	1.0	6	0	0	0	1.0
NP_stressed_degenerative	mild_vs_severe	NCOR2	0.025	0.06966032949742769	40	1	1	0	0.27238974995789034
NP_stressed_degenerative	mild_vs_severe	NCOA3	0.02040816326530612	0.08468567946416765	49	1	1	0	0.2951900827036701
NP_stressed_degenerative	mild_vs_severe	ZFHX3	0.0	1.0	5	0	0	0	1.0
NP_stressed_degenerative	mild_vs_severe	SMAD1	0.022727272727272728	0.07636696352642397	44	1	1	0	0.2806255888621604
NP_stressed_degenerative	mild_vs_severe	SPDEF	0.0	1.0	8	0	0	0	1.0
NP_stressed_degenerative	mild_vs_severe	PAX2	0.0	1.0	9	0	0	0	1.0
NP_stressed_degenerative	mild_vs_severe	KLF13	0.0	1.0	7	0	0	0	1.0
NP_stressed_degenerative	mild_vs_severe	GTF2IRD1	0.0	1.0	5	0	0	0	1.0
NP_stressed_degenerative	mild_vs_severe	MAFB	0.03571428571428571	0.04926174049840166	28	1	1	0	0.22938673056507644
NP_stressed_degenerative	mild_vs_severe	ELK3	0.0	1.0	16	0	0	0	1.0
NP_stressed_degenerative	mild_vs_severe	KLF6	0.027777777777777776	0.06290744929409853	36	1	1	0	0.25928070317162233
NP_stressed_degenerative	mild_vs_severe	SNAI1	0.014925373134328358	0.0002221299628045104	67	3	2	1	0.009121281607389719
NP_stressed_degenerative	mild_vs_severe	HESX1	0.0	1.0	14	0	0	0	1.0
NP_stressed_degenerative	mild_vs_severe	BACH2	0.0	1.0	6	0	0	0	1.0
NP_stressed_degenerative	mild_vs_severe	PATZ1	0.0	1.0	8	0	0	0	1.0
NP_stressed_degenerative	mild_vs_severe	ZHX2	0.0	1.0	7	0	0	0	1.0
NP_stressed_degenerative	mild_vs_severe	ONECUT1	0.0	1.0	11	0	0	0	1.0
NP_stressed_degenerative	mild_vs_severe	RXRA	0.0	1.0	49	0	0	0	1.0
NP_stressed_degenerative	mild_vs_severe	NR1H2	0.0	1.0	29	0	0	0	1.0
NP_stressed_degenerative	mild_vs_severe	KAT5	0.025	0.06966032949742769	40	1	1	0	0.27238974995789034
NP_stressed_degenerative	mild_vs_severe	YBX3	0.0	1.0	21	0	0	0	1.0
NP_stressed_degenerative	mild_vs_severe	SMAD6	0.0	1.0	17	0	0	0	1.0
NP_stressed_degenerative	mild_vs_severe	MYBL1	0.0	1.0	9	0	0	0	1.0
NP_stressed_degenerative	mild_vs_severe	CDX1	-0.058823529411764705	0.03019038575048683	17	1	0	1	0.16591112889907175
NP_stressed_degenerative	mild_vs_severe	TFDP1	0.0	1.0	29	0	0	0	1.0
NP_stressed_degenerative	mild_vs_severe	KMT2A	0.0	1.0	54	0	0	0	1.0
NP_stressed_degenerative	mild_vs_severe	GATA2	0.0	1.0	40	0	0	0	1.0
NP_stressed_degenerative	mild_vs_severe	PRDM1	0.029411764705882353	0.05951357257434169	34	1	1	0	0.2538690858066324
NP_stressed_degenerative	mild_vs_severe	MXD1	0.0	1.0	16	0	0	0	1.0
NP_stressed_degenerative	mild_vs_severe	CLOCK	0.0	1.0	45	0	0	0	1.0
NP_stressed_degenerative	mild_vs_severe	BHLHE40	0.0	1.0	27	0	0	0	1.0
NP_stressed_degenerative	mild_vs_severe	SRY	0.0	1.0	18	0	0	0	1.0
NP_stressed_degenerative	mild_vs_severe	MAF	0.0	1.0	29	0	0	0	1.0
NP_stressed_degenerative	mild_vs_severe	AIRE	0.0	1.0	12	0	0	0	1.0
NP_stressed_degenerative	mild_vs_severe	ETV1	0.0	1.0	13	0	0	0	1.0
NP_stressed_degenerative	mild_vs_severe	KLF4	-0.014084507042253521	0.1204498141408558	71	1	0	1	0.3692180232458394
NP_stressed_degenerative	mild_vs_severe	EGR2	0.022222222222222223	0.07803643128326732	45	1	1	0	0.28504325199277286
NP_stressed_degenerative	mild_vs_severe	NEUROG3	0.0	1.0	9	0	0	0	1.0
NP_stressed_degenerative	mild_vs_severe	CXXC1	0.0	1.0	10	0	0	0	1.0
NP_stressed_degenerative	mild_vs_severe	TBX21	0.1111111111111111	0.00046308058957495384	18	2	2	0	0.01486732419161694
NP_stressed_degenerative	mild_vs_severe	HOXA10	0.0	1.0	29	0	0	0	1.0
NP_stressed_degenerative	mild_vs_severe	LMX1B	0.0	1.0	12	0	0	0	1.0
NP_stressed_degenerative	mild_vs_severe	TBX2	0.0	1.0	20	0	0	0	1.0
NP_stressed_degenerative	mild_vs_severe	ZNF699	0.0	1.0	29	0	0	0	1.0
NP_stressed_degenerative	mild_vs_severe	RFX5	0.0	1.0	13	0	0	0	1.0
NP_stressed_degenerative	mild_vs_severe	RFXANK	0.0	1.0	8	0	0	0	1.0
NP_stressed_degenerative	mild_vs_severe	RFXAP	0.0	1.0	7	0	0	0	1.0
NP_stressed_degenerative	mild_vs_severe	BARX2	0.0	1.0	9	0	0	0	1.0
NP_stressed_degenerative	mild_vs_severe	FOXO4	0.047619047619047616	0.037167091393949865	21	1	1	0	0.19134017640894357
NP_stressed_degenerative	mild_vs_severe	DLX5	0.0	1.0	19	0	0	0	1.0
NP_stressed_degenerative	mild_vs_severe	ID4	0.0	1.0	9	0	0	0	1.0
NP_stressed_degenerative	mild_vs_severe	SPIB	0.0	1.0	9	0	0	0	1.0
NP_stressed_degenerative	mild_vs_severe	FOXN1	0.0	1.0	30	0	0	0	1.0
NP_stressed_degenerative	mild_vs_severe	TBX5	0.09090909090909091	0.019635214045309428	11	1	1	0	0.14190426959842162
NP_stressed_degenerative	mild_vs_severe	TLX1	0.0	1.0	6	0	0	0	1.0
NP_stressed_degenerative	mild_vs_severe	HIVEP1	0.0	1.0	8	0	0	0	1.0
NP_stressed_degenerative	mild_vs_severe	SMAD2	0.017857142857142856	0.09621238087415897	56	1	1	0	0.32070793624719657
NP_stressed_degenerative	mild_vs_severe	NKX3-1	0.0196078431372549	0.08799319497639907	51	1	1	0	0.30325338381696854
NP_stressed_degenerative	mild_vs_severe	HAND2	0.0	1.0	18	0	0	0	1.0
NP_stressed_degenerative	mild_vs_severe	PAX7	0.0	1.0	9	0	0	0	1.0
NP_stressed_degenerative	mild_vs_severe	SFPQ	0.0	1.0	19	0	0	0	1.0
NP_stressed_degenerative	mild_vs_severe	BMAL1	0.0	1.0	45	0	0	0	1.0
NP_stressed_degenerative	mild_vs_severe	SKIL	0.0	1.0	14	0	0	0	1.0
NP_stressed_degenerative	mild_vs_severe	TBXT	0.0	1.0	6	0	0	0	1.0
NP_stressed_degenerative	mild_vs_severe	MSX2	0.0	1.0	22	0	0	0	1.0
NP_stressed_degenerative	mild_vs_severe	MZF1	0.0	1.0	14	0	0	0	1.0
NP_stressed_degenerative	mild_vs_severe	HOXA5	0.0	1.0	9	0	0	0	1.0
NP_stressed_degenerative	mild_vs_severe	HOXB4	0.0	1.0	5	0	0	0	1.0
NP_stressed_degenerative	mild_vs_severe	CREB3	0.0	1.0	8	0	0	0	1.0
NP_stressed_degenerative	mild_vs_severe	NFE2	0.0	1.0	11	0	0	0	1.0
NP_stressed_degenerative	mild_vs_severe	ZNF76	0.0	1.0	6	0	0	0	1.0
NP_stressed_degenerative	mild_vs_severe	FOXQ1	0.0	1.0	8	0	0	0	1.0
NP_stressed_degenerative	mild_vs_severe	ZGLP1	0.1111111111111111	0.01609263673172513	9	1	1	0	0.13447271789523738
NP_stressed_degenerative	mild_vs_severe	NFYB	0.0	1.0	29	0	0	0	1.0
NP_stressed_degenerative	mild_vs_severe	ETV3	0.0	1.0	10	0	0	0	1.0
NP_stressed_degenerative	mild_vs_severe	GSC	0.2	0.008970965720523296	5	1	1	0	0.10325073753809831
NP_stressed_degenerative	mild_vs_severe	IRF7	0.0	1.0	8	0	0	0	1.0
NP_stressed_degenerative	mild_vs_severe	NFATC3	0.05555555555555555	0.03193905075995222	18	1	1	0	0.16941583446583353
NP_stressed_degenerative	mild_vs_severe	KDM5A	0.0	1.0	12	0	0	0	1.0
NP_stressed_degenerative	mild_vs_severe	GRHL3	0.0	1.0	14	0	0	0	1.0
NP_stressed_degenerative	mild_vs_severe	THRA	0.0	1.0	42	0	0	0	1.0
NP_stressed_degenerative	mild_vs_severe	SOX17	0.0	1.0	25	0	0	0	1.0
NP_stressed_degenerative	mild_vs_severe	TBX15	0.0	1.0	19	0	0	0	1.0
NP_stressed_degenerative	mild_vs_severe	NFAT5	0.02857142857142857	0.06121196792860931	35	1	1	0	0.25574863312638135
NP_stressed_degenerative	mild_vs_severe	BMAL2	0.0	1.0	7	0	0	0	1.0
NP_stressed_degenerative	mild_vs_severe	NFE2L2	0.014084507042253521	0.026518435690995226	142	2	2	0	0.1627727008990112
NP_stressed_degenerative	mild_vs_severe	ZIC1	0.0	1.0	9	0	0	0	1.0
NP_stressed_degenerative	mild_vs_severe	MEIS1	0.0	1.0	9	0	0	0	1.0
NP_stressed_degenerative	mild_vs_severe	HOXA9	0.0	1.0	27	0	0	0	1.0
NP_stressed_degenerative	mild_vs_severe	MAFA	0.09090909090909091	0.019635214045309428	11	1	1	0	0.14190426959842162
NP_stressed_degenerative	mild_vs_severe	NR1D1	0.0	1.0	13	0	0	0	1.0
NP_stressed_degenerative	mild_vs_severe	MYF6	0.0	1.0	6	0	0	0	1.0
NP_stressed_degenerative	mild_vs_severe	ZNF263	0.0	1.0	5	0	0	0	1.0
NP_stressed_degenerative	mild_vs_severe	NFIA	0.03225806451612903	0.05440085510045776	31	1	1	0	0.24046754790782052
NP_stressed_degenerative	mild_vs_severe	HEY2	0.0	1.0	9	0	0	0	1.0
NP_stressed_degenerative	mild_vs_severe	HOXB7	0.0	1.0	11	0	0	0	1.0
NP_stressed_degenerative	mild_vs_severe	ZNF350	0.0	1.0	9	0	0	0	1.0
NP_stressed_degenerative	mild_vs_severe	BCL11A	0.0	1.0	8	0	0	0	1.0
NP_stressed_degenerative	mild_vs_severe	TWIST1	0.018867924528301886	0.09128935422097002	53	1	1	0	0.31284553974602086
NP_stressed_degenerative	mild_vs_severe	ZNF395	0.0	1.0	5	0	0	0	1.0
NP_stressed_degenerative	mild_vs_severe	TFDP2	0.0	1.0	5	0	0	0	1.0
NP_stressed_degenerative	mild_vs_severe	GTF3A	0.0625	0.028438720232109672	16	1	1	0	0.16365678624138585
NP_stressed_degenerative	mild_vs_severe	KLF10	0.0	1.0	17	0	0	0	1.0
NP_stressed_degenerative	mild_vs_severe	KLF2	0.0	0.0016688936082194833	34	2	1	1	0.03283951938754467
NP_stressed_degenerative	mild_vs_severe	PHF20	0.0	1.0	6	0	0	0	1.0
NP_stressed_degenerative	mild_vs_severe	TGIF1	0.0	1.0	8	0	0	0	1.0
NP_stressed_degenerative	mild_vs_severe	FOXG1	0.0	1.0	12	0	0	0	1.0
NP_stressed_degenerative	mild_vs_severe	MBD2	0.0	1.0	57	0	0	0	1.0
NP_stressed_degenerative	mild_vs_severe	FOXF2	0.0	1.0	8	0	0	0	1.0
NP_stressed_degenerative	mild_vs_severe	HEY1	0.0	1.0	21	0	0	0	1.0
NP_stressed_degenerative	mild_vs_severe	ZBTB17	0.0	1.0	35	0	0	0	1.0
NP_stressed_degenerative	mild_vs_severe	IRF5	0.09090909090909091	0.019635214045309428	11	1	1	0	0.14190426959842162
NP_stressed_degenerative	mild_vs_severe	THRB	0.0	1.0	29	0	0	0	1.0
NP_stressed_degenerative	mild_vs_severe	POU3F2	0.0	1.0	13	0	0	0	1.0
NP_stressed_degenerative	mild_vs_severe	FOXI1	0.0	1.0	5	0	0	0	1.0
NP_stressed_degenerative	mild_vs_severe	KCNIP3	0.0	1.0	8	0	0	0	1.0
NP_stressed_degenerative	mild_vs_severe	FOSB	0.05	0.035427398723236976	20	1	1	0	0.18470695060832953
NP_stressed_degenerative	mild_vs_severe	NFE2L1	0.0	1.0	7	0	0	0	1.0
NP_stressed_degenerative	mild_vs_severe	FOXP1	0.0	1.0	11	0	0	0	1.0
NP_stressed_degenerative	mild_vs_severe	FOXP2	0.0	1.0	5	0	0	0	1.0
NP_stressed_degenerative	mild_vs_severe	BARX1	0.0	1.0	7	0	0	0	1.0
NP_stressed_degenerative	mild_vs_severe	ZFPM2	-0.14285714285714285	0.012537900466389737	7	1	0	1	0.11950186382027718
NP_stressed_degenerative	mild_vs_severe	IKZF1	0.07142857142857142	0.024926368152677788	14	1	1	0	0.15515392421564744
NP_stressed_degenerative	mild_vs_severe	BCL3	0.05555555555555555	0.03193905075995222	18	1	1	0	0.16941583446583353
NP_stressed_degenerative	mild_vs_severe	SP2	0.0625	0.028438720232109672	16	1	1	0	0.16365678624138585
NP_stressed_degenerative	mild_vs_severe	SIM2	0.0	1.0	8	0	0	0	1.0
NP_stressed_degenerative	mild_vs_severe	NFATC1	0.015873015873015872	0.10760109556989375	63	1	1	0	0.3400863642364518
NP_stressed_degenerative	mild_vs_severe	POU2F3	0.0	1.0	5	0	0	0	1.0
NP_stressed_degenerative	mild_vs_severe	HOXA7	0.0	1.0	10	0	0	0	1.0
NP_stressed_degenerative	mild_vs_severe	NPAS2	0.0	1.0	6	0	0	0	1.0
NP_stressed_degenerative	mild_vs_severe	DLX2	0.0	1.0	11	0	0	0	1.0
NP_stressed_degenerative	mild_vs_severe	PRRX1	0.0	1.0	5	0	0	0	1.0
NP_stressed_degenerative	mild_vs_severe	VEZF1	0.0	1.0	6	0	0	0	1.0
NP_stressed_degenerative	mild_vs_severe	CTBP2	0.0	1.0	9	0	0	0	1.0
NP_stressed_degenerative	mild_vs_severe	SOX6	0.06666666666666667	0.026684049327706752	15	1	1	0	0.1627727008990112
NP_stressed_degenerative	mild_vs_severe	HIPK2	0.0	1.0	7	0	0	0	1.0
NP_stressed_degenerative	mild_vs_severe	RORC	0.16666666666666666	0.010755960378807654	6	1	1	0	0.10935226385121113
NP_stressed_degenerative	mild_vs_severe	PPARD	0.016666666666666666	0.1027370133525592	60	1	1	0	0.33334881992053783
NP_stressed_degenerative	mild_vs_severe	MECOM	0.0	1.0	13	0	0	0	1.0
NP_stressed_degenerative	mild_vs_severe	SIRT1	0.02564102564102564	0.06797645679063567	39	1	1	0	0.27238974995789034
NP_stressed_degenerative	mild_vs_severe	ZBTB7B	0.0	1.0	12	0	0	0	1.0
NP_stressed_degenerative	mild_vs_severe	ZBTB7A	0.0	1.0	29	0	0	0	1.0
NP_stressed_degenerative	mild_vs_severe	NR6A1	0.0	1.0	5	0	0	0	1.0
NP_stressed_degenerative	mild_vs_severe	STAT2	0.0	1.0	28	0	0	0	1.0
NP_stressed_degenerative	mild_vs_severe	ESRRG	0.0	1.0	14	0	0	0	1.0
NP_stressed_degenerative	mild_vs_severe	PRDM2	0.0	1.0	7	0	0	0	1.0
NP_stressed_degenerative	mild_vs_severe	PURA	0.0	1.0	14	0	0	0	1.0
NP_stressed_degenerative	mild_vs_severe	SALL2	0.0	1.0	5	0	0	0	1.0
NP_stressed_degenerative	mild_vs_severe	NEUROD6	0.0	1.0	6	0	0	0	1.0
NP_stressed_degenerative	mild_vs_severe	NEUROG2	0.0	1.0	8	0	0	0	1.0
NP_stressed_degenerative	mild_vs_severe	HMGB2	0.16666666666666666	0.010755960378807654	6	1	1	0	0.10935226385121113
NP_stressed_degenerative	mild_vs_severe	DLX3	0.0	1.0	10	0	0	0	1.0
NP_stressed_degenerative	mild_vs_severe	TWIST2	0.041666666666666664	0.042368302307424534	24	1	1	0	0.20675731526023172
NP_stressed_degenerative	mild_vs_severe	TFAP4	0.0	1.0	23	0	0	0	1.0
NP_stressed_degenerative	mild_vs_severe	KAT6B	0.0	1.0	6	0	0	0	1.0
NP_stressed_degenerative	mild_vs_severe	MXI1	0.0	1.0	8	0	0	0	1.0
NP_stressed_degenerative	mild_vs_severe	E2F5	0.0	1.0	9	0	0	0	1.0
NP_stressed_degenerative	mild_vs_severe	E2F2	0.0	1.0	43	0	0	0	1.0
NP_stressed_degenerative	mild_vs_severe	FOXD3	0.0	1.0	8	0	0	0	1.0
NP_stressed_degenerative	mild_vs_severe	POU5F1	0.0	1.0	40	0	0	0	1.0
NP_stressed_degenerative	mild_vs_severe	PLAGL1	0.07142857142857142	0.024926368152677788	14	1	1	0	0.15515392421564744
NP_stressed_degenerative	mild_vs_severe	SNAI2	0.0	1.0	27	0	0	0	1.0
NP_stressed_degenerative	mild_vs_severe	NOTCH1	0.0	1.0	40	0	0	0	1.0
NP_stressed_degenerative	mild_vs_severe	FOXC2	0.0	1.0	10	0	0	0	1.0
NP_stressed_degenerative	mild_vs_severe	FOXD1	0.0	1.0	5	0	0	0	1.0
NP_stressed_degenerative	mild_vs_severe	KLF9	0.0	1.0	15	0	0	0	1.0
NP_stressed_degenerative	mild_vs_severe	TBPL2	0.0	1.0	8	0	0	0	1.0
NP_stressed_degenerative	mild_vs_severe	NFIL3	0.0	1.0	15	0	0	0	1.0
NP_stressed_degenerative	mild_vs_severe	ZNF384	0.1	0.017865442791667966	10	1	1	0	0.14153142990801895
NP_stressed_degenerative	mild_vs_severe	MEF2D	0.0	1.0	17	0	0	0	1.0
NP_stressed_degenerative	mild_vs_severe	SMAD5	0.0	1.0	27	0	0	0	1.0
NP_stressed_degenerative	mild_vs_severe	MLXIPL	0.0	1.0	10	0	0	0	1.0
NP_stressed_degenerative	mild_vs_severe	ZBTB33	0.0	1.0	6	0	0	0	1.0
NP_stressed_degenerative	mild_vs_severe	KLF15	0.0	1.0	12	0	0	0	1.0
NP_stressed_degenerative	mild_vs_severe	DNMT3A	0.0	1.0	39	0	0	0	1.0
NP_stressed_degenerative	mild_vs_severe	DNMT3B	0.0	1.0	50	0	0	0	1.0
NP_stressed_degenerative	mild_vs_severe	OLIG2	0.0	1.0	10	0	0	0	1.0
NP_stressed_degenerative	mild_vs_severe	MAFG	0.0	1.0	8	0	0	0	1.0
NP_stressed_degenerative	mild_vs_severe	TEF	0.1111111111111111	0.01609263673172513	9	1	1	0	0.13447271789523738
NP_stressed_degenerative	mild_vs_severe	HOXD13	0.0	1.0	8	0	0	0	1.0
NP_stressed_degenerative	mild_vs_severe	ZKSCAN7	0.0	1.0	7	0	0	0	1.0
NP_stressed_degenerative	mild_vs_severe	BACH1	0.0	1.0	14	0	0	0	1.0
NP_stressed_degenerative	mild_vs_severe	TEAD4	0.0	1.0	7	0	0	0	1.0
NP_stressed_degenerative	mild_vs_severe	GCM1	0.0	1.0	5	0	0	0	1.0
NP_stressed_degenerative	mild_vs_severe	BHLHE41	0.0	1.0	18	0	0	0	1.0
NP_stressed_degenerative	mild_vs_severe	MTA1	0.05128205128205128	0.0021925129210036004	39	2	2	0	0.03938081068189662
NP_stressed_degenerative	mild_vs_severe	EHF	0.0	1.0	8	0	0	0	1.0
NP_stressed_degenerative	mild_vs_severe	TCF7L2	0.0	1.0	71	0	0	0	1.0
NP_stressed_degenerative	mild_vs_severe	VSX2	0.0	1.0	13	0	0	0	1.0
NP_stressed_degenerative	mild_vs_severe	TSC22D1	0.0	1.0	7	0	0	0	1.0
NP_stressed_degenerative	mild_vs_severe	SOX5	0.0	1.0	10	0	0	0	1.0
NP_stressed_degenerative	mild_vs_severe	SOX2	0.0	1.0	33	0	0	0	1.0
NP_stressed_degenerative	mild_vs_severe	NKX3-2	0.0	1.0	6	0	0	0	1.0
NP_stressed_degenerative	mild_vs_severe	PAX9	0.0	1.0	7	0	0	0	1.0
NP_stressed_degenerative	mild_vs_severe	TCF21	0.0	1.0	5	0	0	0	1.0
NP_stressed_degenerative	mild_vs_severe	HIC1	0.0	1.0	17	0	0	0	1.0
NP_stressed_degenerative	mild_vs_severe	ZEB2	0.0	1.0	17	0	0	0	1.0
NP_stressed_degenerative	mild_vs_severe	NONO	0.0	1.0	11	0	0	0	1.0
NP_stressed_degenerative	mild_vs_severe	CEBPZ	0.07692307692307693	0.0231656718149253	13	1	1	0	0.14874799796952035
NP_stressed_degenerative	mild_vs_severe	SIX1	0.0	1.0	7	0	0	0	1.0
NP_stressed_degenerative	mild_vs_severe	NFIX	0.0	1.0	15	0	0	0	1.0
NP_stressed_degenerative	mild_vs_severe	MNT	0.0	1.0	8	0	0	0	1.0
NP_stressed_degenerative	mild_vs_severe	HOXA1	0.0	1.0	14	0	0	0	1.0
NP_stressed_degenerative	mild_vs_severe	BCL11B	0.0	1.0	18	0	0	0	1.0
NP_stressed_degenerative	mild_vs_severe	RXRB	0.0	1.0	7	0	0	0	1.0
NP_stressed_degenerative	mild_vs_severe	E2F6	0.0	1.0	33	0	0	0	1.0
NP_stressed_degenerative	mild_vs_severe	HOXA13	0.0	1.0	5	0	0	0	1.0
NP_stressed_degenerative	mild_vs_severe	KAT6A	0.0	1.0	11	0	0	0	1.0
NP_stressed_degenerative	mild_vs_severe	GFI1	0.06451612903225806	0.001387791546997558	31	2	2	0	0.029191477367879668
NP_stressed_degenerative	mild_vs_severe	RUNX3	0.022727272727272728	0.07636696352642397	44	1	1	0	0.2806255888621604
NP_stressed_degenerative	mild_vs_severe	GLI1	0.0	1.0	112	0	0	0	1.0
NP_stressed_degenerative	mild_vs_severe	KLF8	0.0	1.0	15	0	0	0	1.0
NP_stressed_degenerative	mild_vs_severe	HIF3A	0.0	1.0	5	0	0	0	1.0
NP_stressed_degenerative	mild_vs_severe	MEOX2	0.0	1.0	6	0	0	0	1.0
NP_stressed_degenerative	mild_vs_severe	JARID2	0.0	1.0	10	0	0	0	1.0
NP_stressed_degenerative	mild_vs_severe	NFYC	0.0	1.0	18	0	0	0	1.0
NP_stressed_degenerative	mild_vs_severe	GFI1B	0.0	1.0	8	0	0	0	1.0
NP_stressed_degenerative	mild_vs_severe	ASCL2	0.0	1.0	5	0	0	0	1.0
NP_stressed_degenerative	mild_vs_severe	MSC	0.0	1.0	13	0	0	0	1.0
NP_stressed_degenerative	mild_vs_severe	HOXB9	0.0	1.0	5	0	0	0	1.0
NP_stressed_degenerative	mild_vs_severe	HLX	0.0	1.0	12	0	0	0	1.0
NP_stressed_degenerative	mild_vs_severe	RCOR2	0.08333333333333333	0.021401955414843916	12	1	1	0	0.14190426959842162
NP_stressed_degenerative	mild_vs_severe	NKX2-2	0.0	1.0	8	0	0	0	1.0
NP_stressed_degenerative	mild_vs_severe	ARID4A	0.0	1.0	6	0	0	0	1.0
NP_stressed_degenerative	mild_vs_severe	HINFP	0.0	1.0	9	0	0	0	1.0
NP_stressed_degenerative	mild_vs_severe	SMARCC1	0.0	1.0	6	0	0	0	1.0
NP_stressed_degenerative	mild_vs_severe	KAT2B	0.0	1.0	12	0	0	0	1.0
NP_stressed_degenerative	mild_vs_severe	HDGF	0.0	1.0	5	0	0	0	1.0
NP_stressed_degenerative	mild_vs_severe	EP300	0.023809523809523808	0.07301940848108993	42	1	1	0	0.27665738617058916
NP_stressed_degenerative	mild_vs_severe	TRPS1	0.0	1.0	12	0	0	0	1.0
NP_stressed_degenerative	mild_vs_severe	CTNNB1	0.0	1.0	197	0	0	0	1.0
NP_stressed_degenerative	mild_vs_severe	PML	0.0	1.0	15	0	0	0	1.0
NP_stressed_degenerative	mild_vs_severe	KLF7	0.0	1.0	8	0	0	0	1.0
NP_stressed_degenerative	mild_vs_severe	PROP1	0.0	1.0	6	0	0	0	1.0
NP_stressed_degenerative	mild_vs_severe	LMO2	0.0	1.0	17	0	0	0	1.0
NP_stressed_degenerative	mild_vs_severe	MEOX1	0.0	1.0	5	0	0	0	1.0
NP_stressed_degenerative	mild_vs_severe	FOXL2	0.08333333333333333	0.021401955414843916	12	1	1	0	0.14190426959842162
NP_stressed_degenerative	mild_vs_severe	HTATIP2	0.0	1.0	10	0	0	0	1.0
NP_stressed_degenerative	mild_vs_severe	EZH2	-0.02127659574468085	0.01218988553250732	94	2	0	2	0.11950186382027718
NP_stressed_degenerative	mild_vs_severe	GLI2	0.010101010101010102	0.16405024364229834	99	1	1	0	0.4765268981990571
NP_stressed_degenerative	mild_vs_severe	TCF7	0.0	1.0	12	0	0	0	1.0
NP_stressed_degenerative	mild_vs_severe	FOXC1	0.0	1.0	9	0	0	0	1.0
NP_stressed_degenerative	mild_vs_severe	HOXB13	0.0	1.0	8	0	0	0	1.0
NP_stressed_degenerative	mild_vs_severe	ABL1	0.0	1.0	10	0	0	0	1.0
NP_stressed_degenerative	mild_vs_severe	TBX3	0.0	1.0	11	0	0	0	1.0
NP_stressed_degenerative	mild_vs_severe	NFKBIZ	0.2	0.008970965720523296	5	1	1	0	0.10325073753809831
NP_stressed_degenerative	mild_vs_severe	PLAGL2	0.2	0.008970965720523296	5	1	1	0	0.10325073753809831
NP_stressed_degenerative	mild_vs_severe	TET1	0.0	1.0	9	0	0	0	1.0
NP_stressed_degenerative	mild_vs_severe	FOXH1	0.14285714285714285	0.012537900466389737	7	1	1	0	0.11950186382027718
NP_stressed_degenerative	mild_vs_severe	FOXP3	-0.037037037037037035	0.04754281397607009	27	1	0	1	0.22481485678606788
NP_stressed_degenerative	mild_vs_severe	CREB3L1	0.0	1.0	6	0	0	0	1.0
NP_stressed_degenerative	mild_vs_severe	TFDP3	0.0	1.0	5	0	0	0	1.0
NP_stressed_degenerative	mild_vs_severe	SP7	0.043478260869565216	0.04063753834991037	23	1	1	0	0.20486692887144897
NP_stressed_degenerative	mild_vs_severe	OVOL1	0.0	1.0	8	0	0	0	1.0
NP_stressed_degenerative	mild_vs_severe	ZNF436	0.0	1.0	5	0	0	0	1.0
NP_stressed_degenerative	mild_vs_severe	ATF7	0.4	3.069477528670057e-05	5	2	2	0	0.0026748304178410495
NP_stressed_degenerative	mild_vs_severe	SCX	0.0	1.0	8	0	0	0	1.0
NP_stressed_degenerative	mild_vs_severe	NANOG	0.0	1.0	31	0	0	0	1.0
NP_stressed_degenerative	mild_vs_severe	ARX	0.0	1.0	12	0	0	0	1.0
NP_stressed_degenerative	mild_vs_severe	VHL	0.0	1.0	19	0	0	0	1.0
NP_stressed_degenerative	mild_vs_severe	SOX4	0.0	1.0	18	0	0	0	1.0
NP_stressed_degenerative	mild_vs_severe	ATF5	0.0	1.0	21	0	0	0	1.0
NP_stressed_degenerative	mild_vs_severe	CTCFL	0.0	1.0	6	0	0	0	1.0
NP_stressed_degenerative	mild_vs_severe	SP6	0.0	1.0	5	0	0	0	1.0
NP_stressed_degenerative	mild_vs_severe	SMARCA5	0.0	1.0	8	0	0	0	1.0
NP_stressed_degenerative	mild_vs_severe	EOMES	0.125	0.014316790935735096	8	1	1	0	0.12476060672569154
NP_stressed_degenerative	mild_vs_severe	ESRRB	0.0	1.0	5	0	0	0	1.0
NP_stressed_degenerative	mild_vs_severe	ZXDC	0.0	1.0	5	0	0	0	1.0
NP_stressed_degenerative	mild_vs_severe	NR2E1	0.0	1.0	9	0	0	0	1.0
NP_stressed_degenerative	mild_vs_severe	ZFP42	0.08333333333333333	0.021401955414843916	12	1	1	0	0.14190426959842162
NP_stressed_degenerative	mild_vs_severe	KMT2B	0.0	1.0	11	0	0	0	1.0
NP_stressed_degenerative	mild_vs_severe	NFIB	0.0	1.0	14	0	0	0	1.0
NP_stressed_degenerative	mild_vs_severe	EN1	0.0	1.0	5	0	0	0	1.0
NP_stressed_degenerative	mild_vs_severe	MTA3	0.0	1.0	9	0	0	0	1.0
NP_stressed_degenerative	mild_vs_severe	TBX18	0.0	1.0	7	0	0	0	1.0
NP_stressed_degenerative	mild_vs_severe	EGR4	0.1111111111111111	0.01609263673172513	9	1	1	0	0.13447271789523738
NP_stressed_degenerative	mild_vs_severe	HSF4	0.0	1.0	8	0	0	0	1.0
NP_stressed_degenerative	mild_vs_severe	BCLAF1	0.0	1.0	5	0	0	0	1.0
NP_stressed_degenerative	mild_vs_severe	KDM5C	0.0	1.0	10	0	0	0	1.0
NP_stressed_degenerative	mild_vs_severe	FOSL2	0.0	1.0	21	0	0	0	1.0
NP_stressed_degenerative	mild_vs_severe	MED1	0.0	1.0	9	0	0	0	1.0
NP_stressed_degenerative	mild_vs_severe	LYL1	0.0	1.0	12	0	0	0	1.0
NP_stressed_degenerative	mild_vs_severe	HOXD1	0.0	1.0	5	0	0	0	1.0
NP_stressed_degenerative	mild_vs_severe	SALL4	0.16666666666666666	0.010755960378807654	6	1	1	0	0.10935226385121113
NP_stressed_degenerative	mild_vs_severe	KDM5B	0.0	1.0	20	0	0	0	1.0
NP_stressed_degenerative	mild_vs_severe	TADA2A	0.0	1.0	6	0	0	0	1.0
NP_stressed_degenerative	mild_vs_severe	SATB2	0.0	1.0	17	0	0	0	1.0
NP_stressed_degenerative	mild_vs_severe	NSD2	0.0	1.0	7	0	0	0	1.0
NP_stressed_degenerative	mild_vs_severe	PBRM1	0.0	1.0	7	0	0	0	1.0
NP_stressed_degenerative	mild_vs_severe	ZBTB4	0.0	1.0	13	0	0	0	1.0
NP_stressed_degenerative	mild_vs_severe	THAP11	0.0	1.0	6	0	0	0	1.0
NP_stressed_degenerative	mild_vs_severe	FOXJ1	0.0	1.0	8	0	0	0	1.0
NP_stressed_degenerative	mild_vs_severe	PPARGC1A	0.0	1.0	18	0	0	0	1.0
NP_stressed_degenerative	mild_vs_severe	BATF	0.0	1.0	7	0	0	0	1.0
NP_stressed_degenerative	mild_vs_severe	ARID3B	0.0	1.0	5	0	0	0	1.0
NP_stressed_degenerative	mild_vs_severe	ZNF300	0.0	1.0	5	0	0	0	1.0
NP_stressed_degenerative	mild_vs_severe	NUPR1	0.0	1.0	6	0	0	0	1.0
NP_stressed_degenerative	mild_vs_severe	ZNF331	0.0	1.0	17	0	0	0	1.0
NP_stressed_degenerative	mild_vs_severe	ZNF382	0.0	1.0	11	0	0	0	1.0
NP_stressed_degenerative	mild_vs_severe	HOXD8	0.0	1.0	5	0	0	0	1.0
NP_stressed_degenerative	mild_vs_severe	LHX8	0.0	1.0	7	0	0	0	1.0
NP_stressed_degenerative	mild_vs_severe	IRX1	0.09090909090909091	0.019635214045309428	11	1	1	0	0.14190426959842162
NP_stressed_degenerative	mild_vs_severe	SOX11	0.0	1.0	7	0	0	0	1.0
NP_stressed_degenerative	mild_vs_severe	IRF6	0.0	1.0	8	0	0	0	1.0
NP_stressed_degenerative	mild_vs_severe	E2F7	0.0	1.0	5	0	0	0	1.0
NP_stressed_degenerative	mild_vs_severe	MECP2	0.0	1.0	16	0	0	0	1.0
NP_stressed_degenerative	mild_vs_severe	MAML1	0.0	1.0	5	0	0	0	1.0
NP_stressed_degenerative	mild_vs_severe	DOT1L	0.0	1.0	8	0	0	0	1.0
NP_stressed_degenerative	mild_vs_severe	ARID3A	0.0	1.0	6	0	0	0	1.0
NP_stressed_degenerative	mild_vs_severe	ARID1A	0.0	1.0	5	0	0	0	1.0
NP_stressed_degenerative	mild_vs_severe	ZBTB18	0.0	1.0	6	0	0	0	1.0
NP_stressed_degenerative	mild_vs_severe	TCF15	0.0	1.0	5	0	0	0	1.0
NP_stressed_degenerative	mild_vs_severe	NPM1	0.0	1.0	11	0	0	0	1.0
NP_stressed_degenerative	mild_vs_severe	SETBP1	0.0	1.0	6	0	0	0	1.0
NP_stressed_degenerative	mild_vs_severe	KDM2A	0.0	1.0	8	0	0	0	1.0
NP_stressed_degenerative	mild_vs_severe	MKX	0.0	1.0	6	0	0	0	1.0
NP_stressed_degenerative	mild_vs_severe	HDAC3	0.07142857142857142	0.024926368152677788	14	1	1	0	0.15515392421564744
NP_stressed_degenerative	mild_vs_severe	BTG2	0.0	1.0	6	0	0	0	1.0
NP_stressed_degenerative	mild_vs_severe	CREB5	0.0	1.0	9	0	0	0	1.0
NP_stressed_degenerative	mild_vs_severe	CTBP1	0.0	1.0	8	0	0	0	1.0
NP_stressed_degenerative	mild_vs_severe	HDAC1	0.0	1.0	57	0	0	0	1.0
NP_stressed_degenerative	mild_vs_severe	HCFC1	0.0	1.0	7	0	0	0	1.0
NP_stressed_degenerative	mild_vs_severe	ETV7	0.0	1.0	8	0	0	0	1.0
NP_stressed_degenerative	mild_vs_severe	FHL2	0.0	1.0	6	0	0	0	1.0
NP_stressed_degenerative	mild_vs_severe	HDAC4	0.0	1.0	17	0	0	0	1.0
NP_stressed_degenerative	mild_vs_severe	HDAC7	0.0	1.0	10	0	0	0	1.0
NP_stressed_degenerative	mild_vs_severe	HDAC9	0.0	1.0	14	0	0	0	1.0
NP_stressed_degenerative	mild_vs_severe	ING4	0.0	1.0	14	0	0	0	1.0
NP_stressed_degenerative	mild_vs_severe	SIN3A	-0.125	0.014316790935735096	8	1	0	1	0.12476060672569154
NP_stressed_degenerative	mild_vs_severe	SMARCA4	0.0	1.0	7	0	0	0	1.0
NP_stressed_degenerative	mild_vs_severe	WWTR1	0.0	1.0	8	0	0	0	1.0
NP_stressed_degenerative	mild_vs_severe	PIN1	0.0	1.0	5	0	0	0	1.0
NP_stressed_degenerative	mild_vs_severe	FGF2	0.0	1.0	8	0	0	0	1.0
NP_stressed_degenerative	mild_vs_severe	PARK7	0.0	1.0	6	0	0	0	1.0
NP_stressed_degenerative	mild_vs_severe	YAP1	0.0	1.0	8	0	0	0	1.0
NP_stressed_degenerative	mild_vs_severe	BCOR	0.0	1.0	5	0	0	0	1.0
NP_stressed_degenerative	mild_vs_severe	BRD4	0.125	0.014316790935735096	8	1	1	0	0.12476060672569154
NP_stressed_degenerative	mild_vs_severe	SRSF2	0.0	1.0	12	0	0	0	1.0
NP_stressed_degenerative	mild_vs_severe	ZMYND8	0.0	1.0	6	0	0	0	1.0
NP_stressed_degenerative	mild_vs_severe	ARID4B	0.0	1.0	8	0	0	0	1.0
NP_stressed_degenerative	mild_vs_severe	AP1	0.003076923076923077	0.00022429381001777996	325	5	3	2	0.009121281607389719
NP_stressed_degenerative	mild_vs_severe	NFKB	0.0063025210084033615	0.0012840581616787967	476	5	4	1	0.02901020291200244
