cell_type	comparison	tf	activity	pvalue	n_targets	n_de_targets	concordant_up	concordant_down	padj
AF_inner	healthy_vs_degenerated_all	MYC	0.006385696040868455	0.03681079672549726	783	5	5	0	0.1736188192564281
AF_inner	healthy_vs_degenerated_all	SPI1	0.011857707509881422	0.022068707753527105	253	3	3	0	0.1276702101443717
AF_inner	healthy_vs_degenerated_all	SMAD3	0.0	0.04773830253622362	147	2	1	1	0.20225544275482815
AF_inner	healthy_vs_degenerated_all	SMAD4	-0.009174311926605505	0.22958487039350278	109	1	0	1	0.5952200343535258
AF_inner	healthy_vs_degenerated_all	STAT5A	0.017857142857142856	4.5905466434733267e-05	168	5	4	1	0.0020083641565195806
AF_inner	healthy_vs_degenerated_all	STAT5B	0.024096385542168676	0.016641394996826327	83	2	2	0	0.10734577244766286
AF_inner	healthy_vs_degenerated_all	RELA	0.020454545454545454	6.64601028048679e-07	440	9	9	0	7.753678660567922e-05
AF_inner	healthy_vs_degenerated_all	WT1	0.015625	0.037185207686153805	128	2	2	0	0.1736188192564281
AF_inner	healthy_vs_degenerated_all	NR0B2	0.01098901098901099	0.19557431298774416	91	1	1	0	0.51466924470459
AF_inner	healthy_vs_degenerated_all	SP1	0.005698005698005698	3.3494223373171004e-06	1053	12	9	3	0.00018035351047092078
AF_inner	healthy_vs_degenerated_all	TP53	0.0011806375442739079	2.742999644892132e-06	847	11	6	5	0.00017455452285677203
AF_inner	healthy_vs_degenerated_all	ZBTB16	0.046511627906976744	0.00468710815467587	43	2	2	0	0.052914899831791644
AF_inner	healthy_vs_degenerated_all	ETV6	0.045454545454545456	0.05114173338229226	22	1	1	0	0.20225544275482815
AF_inner	healthy_vs_degenerated_all	RUNX1	0.0	0.05067845682322815	152	2	1	1	0.20225544275482815
AF_inner	healthy_vs_degenerated_all	STAT1	0.016194331983805668	0.002728079977827076	247	4	4	0	0.03540645693514779
AF_inner	healthy_vs_degenerated_all	STAT3	0.005747126436781609	0.00015646412315845914	348	6	4	2	0.0052154707719486385
AF_inner	healthy_vs_degenerated_all	ETV4	0.03571428571428571	0.00783984033183819	56	2	2	0	0.07147913972779509
AF_inner	healthy_vs_degenerated_all	MTF1	-0.034482758620689655	0.06687367974589215	29	1	0	1	0.23523404935740957
AF_inner	healthy_vs_degenerated_all	CREB1	0.022535211267605635	6.885365048872476e-09	355	10	9	1	4.819755534210733e-06
AF_inner	healthy_vs_degenerated_all	FOXA2	0.0	1.0	78	0	0	0	1.0
AF_inner	healthy_vs_degenerated_all	NFATC2	0.04918032786885246	0.00040699169541696056	61	3	3	0	0.009496472893062413
AF_inner	healthy_vs_degenerated_all	CEBPB	0.008426966292134831	0.052271973747320746	356	3	3	0	0.20540327611689327
AF_inner	healthy_vs_degenerated_all	FOS	0.0196078431372549	0.0003250819072633256	255	5	5	0	0.00863489775413796
AF_inner	healthy_vs_degenerated_all	PLAG1	0.0	1.0	8	0	0	0	1.0
AF_inner	healthy_vs_degenerated_all	E2F1	0.006896551724137931	0.004837933698906664	290	4	3	1	0.052914899831791644
AF_inner	healthy_vs_degenerated_all	E2F3	0.014925373134328358	0.1479467423818033	67	1	1	0	0.4061283124206365
AF_inner	healthy_vs_degenerated_all	HBP1	0.05128205128205128	0.0038693026342842014	39	2	2	0	0.045906980406761715
AF_inner	healthy_vs_degenerated_all	YY1	0.005050505050505051	0.011525187101187861	198	3	2	1	0.09537316127331569
AF_inner	healthy_vs_degenerated_all	ESR1	0.009784735812133072	2.2972913089358145e-06	511	9	7	2	0.000160810391625507
AF_inner	healthy_vs_degenerated_all	JUN	0.010040160642570281	1.8579898906266288e-06	498	9	7	2	0.00014451032482651558
AF_inner	healthy_vs_degenerated_all	NR1I3	0.024390243902439025	0.09325423939712549	41	1	1	0	0.2967180344453993
AF_inner	healthy_vs_degenerated_all	CEBPG	0.013605442176870748	0.04773830253622362	147	2	2	0	0.20225544275482815
AF_inner	healthy_vs_degenerated_all	MAFK	0.0	1.0	21	0	0	0	1.0
AF_inner	healthy_vs_degenerated_all	NFE2L3	0.0	1.0	6	0	0	0	1.0
AF_inner	healthy_vs_degenerated_all	PHOX2A	0.0	1.0	8	0	0	0	1.0
AF_inner	healthy_vs_degenerated_all	STAT4	0.0	1.0	21	0	0	0	1.0
AF_inner	healthy_vs_degenerated_all	IRF1	0.03125	0.00023525883823086353	128	4	4	0	0.0072857201238524264
AF_inner	healthy_vs_degenerated_all	ATF2	0.020202020202020204	0.023165740998818667	99	2	2	0	0.13291818605879563
AF_inner	healthy_vs_degenerated_all	NR2C2	0.0	1.0	50	0	0	0	1.0
AF_inner	healthy_vs_degenerated_all	IRF3	0.016666666666666666	0.1335460183849872	60	1	1	0	0.3769444067318187
AF_inner	healthy_vs_degenerated_all	TFAP2A	0.02	0.0002967437962980104	250	5	5	0	0.008308826296344291
AF_inner	healthy_vs_degenerated_all	HNF1A	0.013513513513513514	0.16211448600985284	74	1	1	0	0.4364620777188346
AF_inner	healthy_vs_degenerated_all	ETS1	0.011627906976744186	0.06306332580987592	172	2	2	0	0.22638116957391358
AF_inner	healthy_vs_degenerated_all	ARNT	0.03389830508474576	0.008671479867999692	59	2	2	0	0.07675918288009992
AF_inner	healthy_vs_degenerated_all	AHR	-0.006944444444444444	0.004812506002815662	144	3	1	2	0.052914899831791644
AF_inner	healthy_vs_degenerated_all	PAX6	0.0	0.030570297410916797	115	2	1	1	0.15851265324179079
AF_inner	healthy_vs_degenerated_all	NFYA	0.012195121951219513	0.0009676476073524126	82	3	2	1	0.018306846625586185
AF_inner	healthy_vs_degenerated_all	ZNF148	0.0	1.0	23	0	0	0	1.0
AF_inner	healthy_vs_degenerated_all	NFIC	0.015384615384615385	0.14385618506239567	65	1	1	0	0.3996005140622102
AF_inner	healthy_vs_degenerated_all	RBPJ	0.02702702702702703	0.0023114997738988567	111	3	3	0	0.03302142534141224
AF_inner	healthy_vs_degenerated_all	HES1	0.0	1.0	71	0	0	0	1.0
AF_inner	healthy_vs_degenerated_all	GATA4	0.01098901098901099	0.0013080137301448573	91	3	2	1	0.021293246769800003
AF_inner	healthy_vs_degenerated_all	GATA6	0.01694915254237288	0.0003688329174448171	59	3	2	1	0.009220822936120428
AF_inner	healthy_vs_degenerated_all	HNF4A	0.005291005291005291	0.364557914467618	189	1	1	0	0.9279656004630276
AF_inner	healthy_vs_degenerated_all	RXRG	0.0	1.0	6	0	0	0	1.0
AF_inner	healthy_vs_degenerated_all	RARA	-0.020833333333333332	0.004812506002815662	144	3	0	3	0.052914899831791644
AF_inner	healthy_vs_degenerated_all	DBP	0.0	1.0	24	0	0	0	1.0
AF_inner	healthy_vs_degenerated_all	HLF	0.07142857142857142	0.032846275813973154	14	1	1	0	0.16526669624060364
AF_inner	healthy_vs_degenerated_all	PPARG	-0.0034129692832764505	0.032188182680887266	293	3	1	2	0.16526669624060364
AF_inner	healthy_vs_degenerated_all	MAX	0.0	1.0	44	0	0	0	1.0
AF_inner	healthy_vs_degenerated_all	USF2	0.023255813953488372	0.017794247011615374	86	2	2	0	0.11022984874452002
AF_inner	healthy_vs_degenerated_all	IRF2	-0.020833333333333332	0.1083062730287705	48	1	0	1	0.3253836528761345
AF_inner	healthy_vs_degenerated_all	SP3	0.0	0.008772478043439991	344	4	2	2	0.07675918288009992
AF_inner	healthy_vs_degenerated_all	AR	0.0	0.017614299485512804	423	4	2	2	0.11008937178445502
AF_inner	healthy_vs_degenerated_all	CUX1	0.010869565217391304	0.1975015177546086	92	1	1	0	0.5177942413042174
AF_inner	healthy_vs_degenerated_all	ATF1	0.02857142857142857	0.01204043772561774	70	2	2	0	0.0957762091810502
AF_inner	healthy_vs_degenerated_all	KAT7	0.03076923076923077	0.010447744287163283	65	2	2	0	0.09028914816067034
AF_inner	healthy_vs_degenerated_all	CREBZF	0.0	1.0	12	0	0	0	1.0
AF_inner	healthy_vs_degenerated_all	GLI3	0.0	1.0	35	0	0	0	1.0
AF_inner	healthy_vs_degenerated_all	NKX2-5	0.019230769230769232	0.11679798738216987	52	1	1	0	0.34643470833694456
AF_inner	healthy_vs_degenerated_all	TGFB1I1	0.0	1.0	12	0	0	0	1.0
AF_inner	healthy_vs_degenerated_all	RARB	-0.044444444444444446	0.005123353812199299	45	2	0	2	0.05517457951599245
AF_inner	healthy_vs_degenerated_all	RARG	0.0	1.0	33	0	0	0	1.0
AF_inner	healthy_vs_degenerated_all	TEAD1	0.0625	0.037452059582458064	16	1	1	0	0.1736188192564281
AF_inner	healthy_vs_degenerated_all	PPARA	0.0	0.001511024949439336	210	4	2	2	0.023504832546834116
AF_inner	healthy_vs_degenerated_all	ESR2	0.005847953216374269	0.007738133881597025	171	3	2	1	0.07147913972779509
AF_inner	healthy_vs_degenerated_all	NR3C1	0.004608294930875576	0.014731030607476768	217	3	2	1	0.10311721425233737
AF_inner	healthy_vs_degenerated_all	PGR	-0.017857142857142856	0.0001407364898495883	112	4	1	3	0.004925777144735591
AF_inner	healthy_vs_degenerated_all	NRG1	0.03225806451612903	0.07132171179128925	31	1	1	0	0.24353755245806086
AF_inner	healthy_vs_degenerated_all	TBP	0.008	0.25863882770694535	125	1	1	0	0.6656146301281682
AF_inner	healthy_vs_degenerated_all	REL	0.0	1.0	83	0	0	0	1.0
AF_inner	healthy_vs_degenerated_all	ISL1	0.0	1.0	23	0	0	0	1.0
AF_inner	healthy_vs_degenerated_all	ZBTB14	0.0	1.0	6	0	0	0	1.0
AF_inner	healthy_vs_degenerated_all	MYB	0.013986013986013986	0.04543370106280935	143	2	2	0	0.1975378307078667
AF_inner	healthy_vs_degenerated_all	PITX1	0.0	1.0	26	0	0	0	1.0
AF_inner	healthy_vs_degenerated_all	EGR1	0.013029315960912053	4.97968238764173e-07	307	8	6	2	6.971555342698422e-05
AF_inner	healthy_vs_degenerated_all	MYOD1	0.017857142857142856	0.029118235653363748	112	2	2	0	0.15441488604056533
AF_inner	healthy_vs_degenerated_all	ETS2	0.0	1.0	87	0	0	0	1.0
AF_inner	healthy_vs_degenerated_all	GTF2I	0.0	1.0	20	0	0	0	1.0
AF_inner	healthy_vs_degenerated_all	NR2F1	0.0	1.0	44	0	0	0	1.0
AF_inner	healthy_vs_degenerated_all	ENO1	-0.06666666666666667	0.035151841679244906	15	1	0	1	0.16969854603773402
AF_inner	healthy_vs_degenerated_all	JDP2	0.0	1.0	32	0	0	0	1.0
AF_inner	healthy_vs_degenerated_all	MAZ	0.03225806451612903	0.07132171179128925	31	1	1	0	0.24353755245806086
AF_inner	healthy_vs_degenerated_all	NR4A1	0.0125	0.17407561346946382	80	1	1	0	0.46331912330275543
AF_inner	healthy_vs_degenerated_all	HMGA1	0.03636363636363636	0.007571133465871854	55	2	2	0	0.07147913972779509
AF_inner	healthy_vs_degenerated_all	NFKB1	0.023880597014925373	9.624589286878695e-07	335	8	8	0	9.624589286878695e-05
AF_inner	healthy_vs_degenerated_all	USF1	0.0	0.06050969067009596	168	2	1	1	0.2194651993215916
AF_inner	healthy_vs_degenerated_all	DDIT3	0.023809523809523808	0.017021972488129394	84	2	2	0	0.10734577244766286
AF_inner	healthy_vs_degenerated_all	ATF4	0.02727272727272727	0.002252700882212121	110	3	3	0	0.032851887865593433
AF_inner	healthy_vs_degenerated_all	ATF3	0.02127659574468085	0.021028865006087062	94	2	2	0	0.1236992059181592
AF_inner	healthy_vs_degenerated_all	TAF1	0.0	1.0	39	0	0	0	1.0
AF_inner	healthy_vs_degenerated_all	RUNX2	0.0594059405940594	1.2836209762890931e-07	101	6	6	0	2.9951156113412174e-05
AF_inner	healthy_vs_degenerated_all	TFAP2B	0.05	0.046599692403839287	20	1	1	0	0.2001213784213957
AF_inner	healthy_vs_degenerated_all	CREM	-0.01639344262295082	0.13561766926186974	61	1	0	1	0.3812544919008386
AF_inner	healthy_vs_degenerated_all	IRF8	0.0	0.006292333197982754	50	2	1	1	0.0620370878674356
AF_inner	healthy_vs_degenerated_all	ETV5	0.0625	0.037452059582458064	16	1	1	0	0.1736188192564281
AF_inner	healthy_vs_degenerated_all	DMTF1	0.0	1.0	16	0	0	0	1.0
AF_inner	healthy_vs_degenerated_all	NR5A1	0.013888888888888888	0.15809011793575894	72	1	1	0	0.4272705890155647
AF_inner	healthy_vs_degenerated_all	NEUROD2	0.0	1.0	9	0	0	0	1.0
AF_inner	healthy_vs_degenerated_all	NEUROD1	0.0	1.0	45	0	0	0	1.0
AF_inner	healthy_vs_degenerated_all	HHEX	-0.045454545454545456	0.05114173338229226	22	1	0	1	0.20225544275482815
AF_inner	healthy_vs_degenerated_all	FOXO3	0.0	0.06500257012655214	175	2	1	1	0.23097359943444923
AF_inner	healthy_vs_degenerated_all	MBD1	0.0	1.0	15	0	0	0	1.0
AF_inner	healthy_vs_degenerated_all	CEBPD	0.014084507042253521	0.15607088764883492	71	1	1	0	0.4234481447836606
AF_inner	healthy_vs_degenerated_all	ELK1	0.038461538461538464	0.006790822736820979	52	2	2	0	0.06511747829828336
AF_inner	healthy_vs_degenerated_all	FLI1	0.0	0.01408290605447851	76	2	1	1	0.10045895251409832
AF_inner	healthy_vs_degenerated_all	ELK4	0.0	1.0	6	0	0	0	1.0
AF_inner	healthy_vs_degenerated_all	PREB	0.0	1.0	13	0	0	0	1.0
AF_inner	healthy_vs_degenerated_all	POU1F1	0.0	1.0	39	0	0	0	1.0
AF_inner	healthy_vs_degenerated_all	PAX5	0.020833333333333332	0.1083062730287705	48	1	1	0	0.3253836528761345
AF_inner	healthy_vs_degenerated_all	CEBPA	0.0	0.05987709330517732	167	2	1	1	0.21934332707895998
AF_inner	healthy_vs_degenerated_all	LITAF	0.041666666666666664	0.055662717989706026	24	1	1	0	0.21061568969077957
AF_inner	healthy_vs_degenerated_all	STAT6	0.0449438202247191	5.753063098314635e-05	89	4	4	0	0.002368908334600144
AF_inner	healthy_vs_degenerated_all	HIF1A	0.007772020725388601	0.002090433781966486	386	5	4	1	0.031134120156947664
AF_inner	healthy_vs_degenerated_all	TP73	0.0	0.028640610830131516	111	2	1	1	0.15304143191673328
AF_inner	healthy_vs_degenerated_all	KLF11	0.0	1.0	18	0	0	0	1.0
AF_inner	healthy_vs_degenerated_all	TCF4	0.043478260869565216	0.005348236573486615	46	2	2	0	0.05549703057001934
AF_inner	healthy_vs_degenerated_all	HIVEP2	0.0	1.0	11	0	0	0	1.0
AF_inner	healthy_vs_degenerated_all	E2F4	0.0	1.0	160	0	0	0	1.0
AF_inner	healthy_vs_degenerated_all	GATA5	0.0	1.0	17	0	0	0	1.0
AF_inner	healthy_vs_degenerated_all	SRF	0.024691358024691357	0.015891454030422327	81	2	2	0	0.10734577244766286
AF_inner	healthy_vs_degenerated_all	ELF1	0.0	1.0	61	0	0	0	1.0
AF_inner	healthy_vs_degenerated_all	GATA3	0.006944444444444444	0.29175745918933627	144	1	1	0	0.745365771651589
AF_inner	healthy_vs_degenerated_all	MSX1	0.05263157894736842	0.04432074600025652	19	1	1	0	0.19390326375112227
AF_inner	healthy_vs_degenerated_all	OTX2	0.037037037037037035	0.06240492171924214	27	1	1	0	0.22517239795602834
AF_inner	healthy_vs_degenerated_all	LHX2	0.0	1.0	24	0	0	0	1.0
AF_inner	healthy_vs_degenerated_all	GABPA	0.03333333333333333	0.06910028066485262	30	1	1	0	0.24185098232698415
AF_inner	healthy_vs_degenerated_all	HSF2	0.043478260869565216	0.05340485179039225	23	1	1	0	0.20540327611689327
AF_inner	healthy_vs_degenerated_all	VDR	0.01818181818181818	0.0001312646822483542	110	4	3	1	0.004836067240728839
AF_inner	healthy_vs_degenerated_all	HOXC8	0.07142857142857142	0.032846275813973154	14	1	1	0	0.16526669624060364
AF_inner	healthy_vs_degenerated_all	HR	0.028169014084507043	0.01237100573630511	71	2	2	0	0.09730004511700648
AF_inner	healthy_vs_degenerated_all	RELB	0.0	1.0	41	0	0	0	1.0
AF_inner	healthy_vs_degenerated_all	CEBPE	0.0	1.0	23	0	0	0	1.0
AF_inner	healthy_vs_degenerated_all	NR0B1	0.02631578947368421	0.08672795260743672	38	1	1	0	0.28106280937595235
AF_inner	healthy_vs_degenerated_all	LEF1	0.023809523809523808	0.017021972488129394	84	2	2	0	0.10734577244766286
AF_inner	healthy_vs_degenerated_all	ID1	0.046875	0.0004688473340918571	64	3	3	0	0.01058687528594516
AF_inner	healthy_vs_degenerated_all	ZNF143	-0.038461538461538464	0.060162741141657594	26	1	0	1	0.21934332707895998
AF_inner	healthy_vs_degenerated_all	SOX9	0.0	0.01408290605447851	76	2	1	1	0.10045895251409832
AF_inner	healthy_vs_degenerated_all	YBX1	0.0	1.0	82	0	0	0	1.0
AF_inner	healthy_vs_degenerated_all	HSF1	0.03571428571428571	0.0010377178534010834	84	3	3	0	0.018625705061045085
AF_inner	healthy_vs_degenerated_all	FOXE1	0.0	1.0	5	0	0	0	1.0
AF_inner	healthy_vs_degenerated_all	POU4F1	0.0	1.0	21	0	0	0	1.0
AF_inner	healthy_vs_degenerated_all	NOTO	0.0	1.0	5	0	0	0	1.0
AF_inner	healthy_vs_degenerated_all	HNF1B	0.0	1.0	37	0	0	0	1.0
AF_inner	healthy_vs_degenerated_all	PAX3	0.011904761904761904	0.18195722647003806	84	1	1	0	0.4806417302982137
AF_inner	healthy_vs_degenerated_all	ID2	0.01818181818181818	0.12311508583139334	55	1	1	0	0.3561180168676667
AF_inner	healthy_vs_degenerated_all	MEF2A	0.03614457831325301	0.001002294054995436	83	3	3	0	0.018463311539389612
AF_inner	healthy_vs_degenerated_all	PDX1	-0.017241379310344827	0.12938821392027633	58	1	0	1	0.36668724592790863
AF_inner	healthy_vs_degenerated_all	NR2F2	-0.018518518518518517	0.0002837294796136537	54	3	1	2	0.008275443155398233
AF_inner	healthy_vs_degenerated_all	NR1H4	0.0	0.021449258076930336	95	2	1	1	0.12512067211542696
AF_inner	healthy_vs_degenerated_all	ASCL1	0.0	1.0	50	0	0	0	1.0
AF_inner	healthy_vs_degenerated_all	RFX1	0.0	1.0	19	0	0	0	1.0
AF_inner	healthy_vs_degenerated_all	CRX	0.047619047619047616	0.048873350887955185	21	1	1	0	0.20225544275482815
AF_inner	healthy_vs_degenerated_all	NRL	0.06666666666666667	0.035151841679244906	15	1	1	0	0.16969854603773402
AF_inner	healthy_vs_degenerated_all	UBTF	0.0	1.0	9	0	0	0	1.0
AF_inner	healthy_vs_degenerated_all	MYBL2	0.0	1.0	47	0	0	0	1.0
AF_inner	healthy_vs_degenerated_all	ELF2	0.0	1.0	8	0	0	0	1.0
AF_inner	healthy_vs_degenerated_all	JUND	0.0375	0.0009006593069937411	80	3	3	0	0.017512819858211633
AF_inner	healthy_vs_degenerated_all	TP63	0.022988505747126436	0.0007524635702520017	174	4	4	0	0.015491897034600037
AF_inner	healthy_vs_degenerated_all	NFKBIB	0.058823529411764705	0.03974694158487115	17	1	1	0	0.1806679162948689
AF_inner	healthy_vs_degenerated_all	HOXC6	0.0	1.0	11	0	0	0	1.0
AF_inner	healthy_vs_degenerated_all	FOXO1	0.004366812227074236	0.016991699990640853	229	3	2	1	0.10734577244766286
AF_inner	healthy_vs_degenerated_all	PITX2	0.01	0.2127582744684763	100	1	1	0	0.553646067390087
AF_inner	healthy_vs_degenerated_all	NR5A2	0.0	1.0	43	0	0	0	1.0
AF_inner	healthy_vs_degenerated_all	POU2F1	0.0	1.0	82	0	0	0	1.0
AF_inner	healthy_vs_degenerated_all	XBP1	0.0425531914893617	0.005577597276602047	47	2	2	0	0.05658432019741207
AF_inner	healthy_vs_degenerated_all	SREBF1	0.0	0.02722716383971766	108	2	1	1	0.14889855224845594
AF_inner	healthy_vs_degenerated_all	TCF3	0.0	1.0	92	0	0	0	1.0
AF_inner	healthy_vs_degenerated_all	LRRFIP1	0.0	1.0	13	0	0	0	1.0
AF_inner	healthy_vs_degenerated_all	TCF12	0.0	1.0	38	0	0	0	1.0
AF_inner	healthy_vs_degenerated_all	E4F1	0.0	1.0	10	0	0	0	1.0
AF_inner	healthy_vs_degenerated_all	HOXB1	0.0	1.0	6	0	0	0	1.0
AF_inner	healthy_vs_degenerated_all	BRCA1	0.017857142857142856	0.12521099938593075	56	1	1	0	0.35921188348422756
AF_inner	healthy_vs_degenerated_all	ZNF362	0.0	1.0	14	0	0	0	1.0
AF_inner	healthy_vs_degenerated_all	NRF1	0.0	1.0	80	0	0	0	1.0
AF_inner	healthy_vs_degenerated_all	GATA1	-0.010101010101010102	0.21086672671572196	99	1	0	1	0.5507713011231544
AF_inner	healthy_vs_degenerated_all	MYCN	0.0	1.0	120	0	0	0	1.0
AF_inner	healthy_vs_degenerated_all	PKNOX1	0.0	1.0	12	0	0	0	1.0
AF_inner	healthy_vs_degenerated_all	NR4A3	0.0	1.0	31	0	0	0	1.0
AF_inner	healthy_vs_degenerated_all	SSRP1	0.03669724770642202	0.00012670636098614698	109	4	4	0	0.004836067240728839
AF_inner	healthy_vs_degenerated_all	ZNF91	0.0	1.0	35	0	0	0	1.0
AF_inner	healthy_vs_degenerated_all	NR2C1	0.0	1.0	14	0	0	0	1.0
AF_inner	healthy_vs_degenerated_all	ID3	0.06451612903225806	0.002457346871752775	31	2	2	0	0.034402856204538854
AF_inner	healthy_vs_degenerated_all	ERF	0.0	1.0	15	0	0	0	1.0
AF_inner	healthy_vs_degenerated_all	ZNF354C	0.045454545454545456	0.05114173338229226	22	1	1	0	0.20225544275482815
AF_inner	healthy_vs_degenerated_all	HMGA2	0.05405405405405406	0.0034880918716352015	37	2	2	0	0.04209766051973519
AF_inner	healthy_vs_degenerated_all	POU2F2	0.0	1.0	30	0	0	0	1.0
AF_inner	healthy_vs_degenerated_all	PHOX2B	0.0	1.0	11	0	0	0	1.0
AF_inner	healthy_vs_degenerated_all	SREBF2	0.017543859649122806	0.12730203840800713	57	1	1	0	0.36372010973716323
AF_inner	healthy_vs_degenerated_all	ELF4	0.0	0.003125577129708837	35	2	1	1	0.03906971412136046
AF_inner	healthy_vs_degenerated_all	TTF1	-0.021739130434782608	0.10403067908890054	46	1	0	1	0.31799770900537283
AF_inner	healthy_vs_degenerated_all	DLX4	0.029411764705882353	0.07795510299466653	34	1	1	0	0.25861882510078943
AF_inner	healthy_vs_degenerated_all	NR1I2	0.0	0.0656534860614607	176	2	1	1	0.23210828405566913
AF_inner	healthy_vs_degenerated_all	NR1H3	0.0	0.024044676511454262	101	2	1	1	0.13465018846414387
AF_inner	healthy_vs_degenerated_all	MITF	0.034482758620689655	0.001148720997645084	87	3	3	0	0.0191453499607514
AF_inner	healthy_vs_degenerated_all	NCOA1	0.014925373134328358	0.1479467423818033	67	1	1	0	0.4061283124206365
AF_inner	healthy_vs_degenerated_all	NCOR1	-0.029411764705882353	0.011391271368387896	68	2	0	2	0.09537316127331569
AF_inner	healthy_vs_degenerated_all	FOSL1	0.0	1.0	44	0	0	0	1.0
AF_inner	healthy_vs_degenerated_all	JUNB	0.024390243902439025	0.01626454919099908	82	2	2	0	0.10734577244766286
AF_inner	healthy_vs_degenerated_all	MTF2	0.0	1.0	6	0	0	0	1.0
AF_inner	healthy_vs_degenerated_all	DNMT1	0.006666666666666667	0.005391140112516164	150	3	2	1	0.05549703057001934
AF_inner	healthy_vs_degenerated_all	KLF5	0.014925373134328358	0.1479467423818033	67	1	1	0	0.4061283124206365
AF_inner	healthy_vs_degenerated_all	NR3C2	0.023255813953488372	0.09757986411912181	43	1	1	0	0.30768425623146517
AF_inner	healthy_vs_degenerated_all	MYRF	0.0	1.0	7	0	0	0	1.0
AF_inner	healthy_vs_degenerated_all	EBF1	0.0	1.0	25	0	0	0	1.0
AF_inner	healthy_vs_degenerated_all	CREBBP	0.03225806451612903	0.07132171179128925	31	1	1	0	0.24353755245806086
AF_inner	healthy_vs_degenerated_all	ZFPM1	0.0	1.0	12	0	0	0	1.0
AF_inner	healthy_vs_degenerated_all	APEX1	-0.02857142857142857	0.08015597140245943	35	1	0	1	0.2634233801958761
AF_inner	healthy_vs_degenerated_all	TEAD2	0.0	1.0	5	0	0	0	1.0
AF_inner	healthy_vs_degenerated_all	TFAM	0.0	1.0	12	0	0	0	1.0
AF_inner	healthy_vs_degenerated_all	IRF4	0.023809523809523808	0.09541956746878587	42	1	1	0	0.30223392410927646
AF_inner	healthy_vs_degenerated_all	ZBED1	0.0	1.0	19	0	0	0	1.0
AF_inner	healthy_vs_degenerated_all	NCOA2	0.018867924528301886	0.11890859091293653	53	1	1	0	0.34826783949395634
AF_inner	healthy_vs_degenerated_all	FOXA1	0.022222222222222223	0.10188540859943498	45	1	1	0	0.31280607903335306
AF_inner	healthy_vs_degenerated_all	NR4A2	0.0	1.0	45	0	0	0	1.0
AF_inner	healthy_vs_degenerated_all	KLF1	0.0	1.0	22	0	0	0	1.0
AF_inner	healthy_vs_degenerated_all	LHX3	0.0	1.0	7	0	0	0	1.0
AF_inner	healthy_vs_degenerated_all	CTCF	0.016666666666666666	0.033053339248120726	120	2	2	0	0.16526669624060364
AF_inner	healthy_vs_degenerated_all	BCL6	0.012987012987012988	0.16811596614122912	77	1	1	0	0.44916479503381823
AF_inner	healthy_vs_degenerated_all	RB1	0.03125	0.07353798479591539	32	1	1	0	0.24867917563836123
AF_inner	healthy_vs_degenerated_all	TFCP2	0.017241379310344827	0.12938821392027633	58	1	1	0	0.36668724592790863
AF_inner	healthy_vs_degenerated_all	REST	0.0	1.0	41	0	0	0	1.0
AF_inner	healthy_vs_degenerated_all	ESRRA	0.025	0.09108386851199764	40	1	1	0	0.2924711374238456
AF_inner	healthy_vs_degenerated_all	HOXD3	0.0	1.0	9	0	0	0	1.0
AF_inner	healthy_vs_degenerated_all	IRF9	0.0	1.0	17	0	0	0	1.0
AF_inner	healthy_vs_degenerated_all	TFE3	0.06060606060606061	0.0027819359020473263	33	2	2	0	0.03540645693514779
AF_inner	healthy_vs_degenerated_all	ZNF236	0.0	1.0	7	0	0	0	1.0
AF_inner	healthy_vs_degenerated_all	TFAP2C	0.0	1.0	24	0	0	0	1.0
AF_inner	healthy_vs_degenerated_all	PAX8	0.0	0.0014739292061751446	24	2	1	1	0.02344887373460457
AF_inner	healthy_vs_degenerated_all	NKX2-1	0.0	1.0	44	0	0	0	1.0
AF_inner	healthy_vs_degenerated_all	PBX1	0.0	1.0	43	0	0	0	1.0
AF_inner	healthy_vs_degenerated_all	SP4	0.024390243902439025	0.09325423939712549	41	1	1	0	0.2967180344453993
AF_inner	healthy_vs_degenerated_all	CIITA	0.0	1.0	26	0	0	0	1.0
AF_inner	healthy_vs_degenerated_all	CDX2	-0.022727272727272728	0.09973514071527423	44	1	0	1	0.31028710444751983
AF_inner	healthy_vs_degenerated_all	ELF3	0.045454545454545456	0.05114173338229226	22	1	1	0	0.20225544275482815
AF_inner	healthy_vs_degenerated_all	ELF5	0.0	1.0	7	0	0	0	1.0
AF_inner	healthy_vs_degenerated_all	ZEB1	0.0	1.0	47	0	0	0	1.0
AF_inner	healthy_vs_degenerated_all	EGR3	0.04	0.05791534383164923	25	1	1	0	0.2179609714094326
AF_inner	healthy_vs_degenerated_all	EWSR1	0.0	0.006539392187821783	51	2	1	1	0.06357742404826733
AF_inner	healthy_vs_degenerated_all	NAB2	-0.16666666666666666	0.01420776614127962	6	1	0	1	0.10045895251409832
AF_inner	healthy_vs_degenerated_all	DEAF1	0.0	1.0	11	0	0	0	1.0
AF_inner	healthy_vs_degenerated_all	TBPL1	0.0	1.0	30	0	0	0	1.0
AF_inner	healthy_vs_degenerated_all	MEF2C	0.03508771929824561	9.827455822635787e-06	57	4	3	1	0.0004913727911317893
AF_inner	healthy_vs_degenerated_all	POU4F2	0.0	1.0	23	0	0	0	1.0
AF_inner	healthy_vs_degenerated_all	TAL1	0.0	1.0	79	0	0	0	1.0
AF_inner	healthy_vs_degenerated_all	EPAS1	0.024691358024691357	0.015891454030422327	81	2	2	0	0.10734577244766286
AF_inner	healthy_vs_degenerated_all	SMARCA1	0.0	1.0	41	0	0	0	1.0
AF_inner	healthy_vs_degenerated_all	NFATC4	0.06060606060606061	0.0027819359020473263	33	2	2	0	0.03540645693514779
AF_inner	healthy_vs_degenerated_all	FOXM1	0.024691358024691357	0.015891454030422327	81	2	2	0	0.10734577244766286
AF_inner	healthy_vs_degenerated_all	MYF5	0.0	1.0	17	0	0	0	1.0
AF_inner	healthy_vs_degenerated_all	MYOG	0.0	1.0	42	0	0	0	1.0
AF_inner	healthy_vs_degenerated_all	SMAD7	-0.01818181818181818	0.12311508583139334	55	1	0	1	0.3561180168676667
AF_inner	healthy_vs_degenerated_all	SOX10	0.0	1.0	25	0	0	0	1.0
AF_inner	healthy_vs_degenerated_all	POU3F1	0.0	1.0	14	0	0	0	1.0
AF_inner	healthy_vs_degenerated_all	NKRF	0.125	0.01889989464470476	8	1	1	0	0.11211801907875704
AF_inner	healthy_vs_degenerated_all	ATF6	0.02127659574468085	0.10617096347612447	47	1	1	0	0.32312901927516147
AF_inner	healthy_vs_degenerated_all	HOPX	0.0	1.0	5	0	0	0	1.0
AF_inner	healthy_vs_degenerated_all	NKX6-1	0.0	1.0	8	0	0	0	1.0
AF_inner	healthy_vs_degenerated_all	ERG	0.022222222222222223	0.10188540859943498	45	1	1	0	0.31280607903335306
AF_inner	healthy_vs_degenerated_all	PITX3	0.0	1.0	20	0	0	0	1.0
AF_inner	healthy_vs_degenerated_all	HOXB2	0.16666666666666666	0.01420776614127962	6	1	1	0	0.10045895251409832
AF_inner	healthy_vs_degenerated_all	SATB1	0.0	1.0	39	0	0	0	1.0
AF_inner	healthy_vs_degenerated_all	NFKB2	0.019230769230769232	0.11679798738216987	52	1	1	0	0.34643470833694456
AF_inner	healthy_vs_degenerated_all	RORA	0.01818181818181818	0.12311508583139334	55	1	1	0	0.3561180168676667
AF_inner	healthy_vs_degenerated_all	PROX1	0.0	1.0	25	0	0	0	1.0
AF_inner	healthy_vs_degenerated_all	KLF3	0.0	1.0	10	0	0	0	1.0
AF_inner	healthy_vs_degenerated_all	PEG3	0.14285714285714285	0.0165565530981199	7	1	1	0	0.10734577244766286
AF_inner	healthy_vs_degenerated_all	NR2E3	0.0	1.0	10	0	0	0	1.0
AF_inner	healthy_vs_degenerated_all	NCOR2	0.018867924528301886	0.11890859091293653	53	1	1	0	0.34826783949395634
AF_inner	healthy_vs_degenerated_all	NCOA3	0.0	1.0	68	0	0	0	1.0
AF_inner	healthy_vs_degenerated_all	ZFHX3	0.0	1.0	8	0	0	0	1.0
AF_inner	healthy_vs_degenerated_all	SMAD1	0.05	0.00038760990395744435	60	3	3	0	0.009356101130007278
AF_inner	healthy_vs_degenerated_all	SPDEF	0.0	1.0	13	0	0	0	1.0
AF_inner	healthy_vs_degenerated_all	PAX2	0.0	1.0	17	0	0	0	1.0
AF_inner	healthy_vs_degenerated_all	KLF13	0.0	1.0	14	0	0	0	1.0
AF_inner	healthy_vs_degenerated_all	GTF2IRD1	0.0	1.0	6	0	0	0	1.0
AF_inner	healthy_vs_degenerated_all	MAFB	0.03225806451612903	0.07132171179128925	31	1	1	0	0.24353755245806086
AF_inner	healthy_vs_degenerated_all	NR2F6	0.0	1.0	7	0	0	0	1.0
AF_inner	healthy_vs_degenerated_all	ELK3	0.047619047619047616	0.048873350887955185	21	1	1	0	0.20225544275482815
AF_inner	healthy_vs_degenerated_all	KLF6	0.041666666666666664	0.005811414501755894	48	2	2	0	0.05811414501755894
AF_inner	healthy_vs_degenerated_all	SNAI1	0.0	1.0	88	0	0	0	1.0
AF_inner	healthy_vs_degenerated_all	HESX1	0.0	1.0	18	0	0	0	1.0
AF_inner	healthy_vs_degenerated_all	BACH2	0.0	1.0	6	0	0	0	1.0
AF_inner	healthy_vs_degenerated_all	PATZ1	0.0	1.0	9	0	0	0	1.0
AF_inner	healthy_vs_degenerated_all	ZHX2	0.0	1.0	11	0	0	0	1.0
AF_inner	healthy_vs_degenerated_all	ONECUT1	0.0	1.0	22	0	0	0	1.0
AF_inner	healthy_vs_degenerated_all	RXRA	0.012987012987012988	0.16811596614122912	77	1	1	0	0.44916479503381823
AF_inner	healthy_vs_degenerated_all	NR1H2	0.02702702702702703	0.08454238467822604	37	1	1	0	0.27654051062971136
AF_inner	healthy_vs_degenerated_all	KAT5	0.0	1.0	48	0	0	0	1.0
AF_inner	healthy_vs_degenerated_all	GBX2	0.0	1.0	6	0	0	0	1.0
AF_inner	healthy_vs_degenerated_all	YBX3	-0.043478260869565216	0.05340485179039225	23	1	0	1	0.20540327611689327
AF_inner	healthy_vs_degenerated_all	SMAD6	0.0	1.0	23	0	0	0	1.0
AF_inner	healthy_vs_degenerated_all	MYBL1	0.0	1.0	11	0	0	0	1.0
AF_inner	healthy_vs_degenerated_all	CDX1	0.038461538461538464	0.060162741141657594	26	1	1	0	0.21934332707895998
AF_inner	healthy_vs_degenerated_all	TFDP1	0.0	1.0	31	0	0	0	1.0
AF_inner	healthy_vs_degenerated_all	KLF12	0.0	1.0	9	0	0	0	1.0
AF_inner	healthy_vs_degenerated_all	KMT2A	0.0	1.0	66	0	0	0	1.0
AF_inner	healthy_vs_degenerated_all	GATA2	0.0	1.0	67	0	0	0	1.0
AF_inner	healthy_vs_degenerated_all	PRDM1	0.022222222222222223	0.10188540859943498	45	1	1	0	0.31280607903335306
AF_inner	healthy_vs_degenerated_all	MXD1	0.0	1.0	22	0	0	0	1.0
AF_inner	healthy_vs_degenerated_all	CLOCK	0.0	1.0	56	0	0	0	1.0
AF_inner	healthy_vs_degenerated_all	BHLHE40	-0.03225806451612903	0.07132171179128925	31	1	0	1	0.24353755245806086
AF_inner	healthy_vs_degenerated_all	SRY	0.029411764705882353	0.07795510299466653	34	1	1	0	0.25861882510078943
AF_inner	healthy_vs_degenerated_all	MAF	0.0	1.0	41	0	0	0	1.0
AF_inner	healthy_vs_degenerated_all	AIRE	0.08333333333333333	0.028219051819750058	12	1	1	0	0.15194874056788493
AF_inner	healthy_vs_degenerated_all	ZGPAT	0.0	1.0	9	0	0	0	1.0
AF_inner	healthy_vs_degenerated_all	ETV1	0.0	1.0	19	0	0	0	1.0
AF_inner	healthy_vs_degenerated_all	KLF4	0.0	0.026762548256107726	107	2	1	1	0.14751010849823157
AF_inner	healthy_vs_degenerated_all	EGR2	0.017543859649122806	0.0003330603419453213	57	3	2	1	0.00863489775413796
AF_inner	healthy_vs_degenerated_all	SIX4	0.0	1.0	5	0	0	0	1.0
AF_inner	healthy_vs_degenerated_all	NEUROG3	0.0	1.0	18	0	0	0	1.0
AF_inner	healthy_vs_degenerated_all	CXXC1	0.0	1.0	19	0	0	0	1.0
AF_inner	healthy_vs_degenerated_all	TBX21	0.0	1.0	34	0	0	0	1.0
AF_inner	healthy_vs_degenerated_all	HOXA10	0.022727272727272728	0.09973514071527423	44	1	1	0	0.31028710444751983
AF_inner	healthy_vs_degenerated_all	LMX1B	0.0	1.0	16	0	0	0	1.0
AF_inner	healthy_vs_degenerated_all	TBX2	0.0	1.0	26	0	0	0	1.0
AF_inner	healthy_vs_degenerated_all	ZNF699	0.0	1.0	39	0	0	0	1.0
AF_inner	healthy_vs_degenerated_all	RFX5	0.0	1.0	18	0	0	0	1.0
AF_inner	healthy_vs_degenerated_all	RFXANK	0.0	1.0	13	0	0	0	1.0
AF_inner	healthy_vs_degenerated_all	RFXAP	0.0	1.0	12	0	0	0	1.0
AF_inner	healthy_vs_degenerated_all	BARX2	0.0	1.0	12	0	0	0	1.0
AF_inner	healthy_vs_degenerated_all	FOXO4	-0.038461538461538464	0.060162741141657594	26	1	0	1	0.21934332707895998
AF_inner	healthy_vs_degenerated_all	DLX5	0.03125	0.07353798479591539	32	1	1	0	0.24867917563836123
AF_inner	healthy_vs_degenerated_all	ID4	0.0	1.0	12	0	0	0	1.0
AF_inner	healthy_vs_degenerated_all	SPIB	0.0	1.0	12	0	0	0	1.0
AF_inner	healthy_vs_degenerated_all	FOXN1	0.0	1.0	39	0	0	0	1.0
AF_inner	healthy_vs_degenerated_all	TBX5	0.05263157894736842	0.04432074600025652	19	1	1	0	0.19390326375112227
AF_inner	healthy_vs_degenerated_all	TLX1	0.0	1.0	8	0	0	0	1.0
AF_inner	healthy_vs_degenerated_all	HIVEP1	-0.125	0.01889989464470476	8	1	0	1	0.11211801907875704
AF_inner	healthy_vs_degenerated_all	SMAD2	0.011904761904761904	0.18195722647003806	84	1	1	0	0.4806417302982137
AF_inner	healthy_vs_degenerated_all	NKX3-1	0.015873015873015872	0.13974652293526277	63	1	1	0	0.39129026421873575
AF_inner	healthy_vs_degenerated_all	HAND1	0.0	1.0	10	0	0	0	1.0
AF_inner	healthy_vs_degenerated_all	HAND2	0.03571428571428571	0.06464189733804451	28	1	1	0	0.2308639190644447
AF_inner	healthy_vs_degenerated_all	PAX7	0.0	1.0	11	0	0	0	1.0
AF_inner	healthy_vs_degenerated_all	SFPQ	0.038461538461538464	0.060162741141657594	26	1	1	0	0.21934332707895998
AF_inner	healthy_vs_degenerated_all	BMAL1	0.020833333333333332	0.1083062730287705	48	1	1	0	0.3253836528761345
AF_inner	healthy_vs_degenerated_all	SKIL	0.0	1.0	19	0	0	0	1.0
AF_inner	healthy_vs_degenerated_all	TBXT	0.0	1.0	11	0	0	0	1.0
AF_inner	healthy_vs_degenerated_all	MSX2	0.0	1.0	35	0	0	0	1.0
AF_inner	healthy_vs_degenerated_all	MZF1	0.0	1.0	18	0	0	0	1.0
AF_inner	healthy_vs_degenerated_all	HOXA5	0.0	1.0	14	0	0	0	1.0
AF_inner	healthy_vs_degenerated_all	HOXB4	0.0	1.0	10	0	0	0	1.0
AF_inner	healthy_vs_degenerated_all	CREB3	0.1	0.023570290579051814	10	1	1	0	0.1330580919785183
AF_inner	healthy_vs_degenerated_all	NFE2	0.0	1.0	16	0	0	0	1.0
AF_inner	healthy_vs_degenerated_all	ZNF76	0.0	1.0	7	0	0	0	1.0
AF_inner	healthy_vs_degenerated_all	FOXQ1	0.06666666666666667	0.035151841679244906	15	1	1	0	0.16969854603773402
AF_inner	healthy_vs_degenerated_all	ZGLP1	0.0	1.0	16	0	0	0	1.0
AF_inner	healthy_vs_degenerated_all	NFYB	0.02857142857142857	0.08015597140245943	35	1	1	0	0.2634233801958761
AF_inner	healthy_vs_degenerated_all	ETV3	0.0	1.0	11	0	0	0	1.0
AF_inner	healthy_vs_degenerated_all	GSC	0.0	1.0	9	0	0	0	1.0
AF_inner	healthy_vs_degenerated_all	IRF7	0.0	1.0	14	0	0	0	1.0
AF_inner	healthy_vs_degenerated_all	NFATC3	0.0	0.0015996977830694211	25	2	1	1	0.024343227133665105
AF_inner	healthy_vs_degenerated_all	KDM5A	0.0	1.0	15	0	0	0	1.0
AF_inner	healthy_vs_degenerated_all	GRHL3	0.0	1.0	23	0	0	0	1.0
AF_inner	healthy_vs_degenerated_all	THRA	0.0	1.0	60	0	0	0	1.0
AF_inner	healthy_vs_degenerated_all	SOX17	-0.02631578947368421	0.08672795260743672	38	1	0	1	0.28106280937595235
AF_inner	healthy_vs_degenerated_all	ZIC2	0.0	1.0	6	0	0	0	1.0
AF_inner	healthy_vs_degenerated_all	TBX15	0.0	1.0	27	0	0	0	1.0
AF_inner	healthy_vs_degenerated_all	NFAT5	0.046511627906976744	0.00468710815467587	43	2	2	0	0.052914899831791644
AF_inner	healthy_vs_degenerated_all	MEF2B	0.0	1.0	5	0	0	0	1.0
AF_inner	healthy_vs_degenerated_all	BMAL2	0.0	1.0	7	0	0	0	1.0
AF_inner	healthy_vs_degenerated_all	NFE2L2	-0.005813953488372093	0.007862705370057458	172	3	1	2	0.07147913972779509
AF_inner	healthy_vs_degenerated_all	ZIC1	0.0	1.0	11	0	0	0	1.0
AF_inner	healthy_vs_degenerated_all	MEIS1	0.0	1.0	16	0	0	0	1.0
AF_inner	healthy_vs_degenerated_all	HOXA9	0.0	1.0	35	0	0	0	1.0
AF_inner	healthy_vs_degenerated_all	MAFA	0.0	1.0	13	0	0	0	1.0
AF_inner	healthy_vs_degenerated_all	NR1D1	0.047619047619047616	0.048873350887955185	21	1	1	0	0.20225544275482815
AF_inner	healthy_vs_degenerated_all	MYF6	0.0	1.0	8	0	0	0	1.0
AF_inner	healthy_vs_degenerated_all	ZNF263	0.0	1.0	9	0	0	0	1.0
AF_inner	healthy_vs_degenerated_all	NFIA	0.0	1.0	44	0	0	0	1.0
AF_inner	healthy_vs_degenerated_all	HEY2	0.0	1.0	15	0	0	0	1.0
AF_inner	healthy_vs_degenerated_all	HOXB7	0.0	0.0008244532652993096	18	2	1	1	0.016489065305986192
AF_inner	healthy_vs_degenerated_all	ZNF350	0.0	1.0	9	0	0	0	1.0
AF_inner	healthy_vs_degenerated_all	BCL11A	0.0	1.0	9	0	0	0	1.0
AF_inner	healthy_vs_degenerated_all	TWIST1	0.028985507246376812	0.01171385299671826	69	2	2	0	0.09537316127331569
AF_inner	healthy_vs_degenerated_all	ZNF395	0.0	1.0	5	0	0	0	1.0
AF_inner	healthy_vs_degenerated_all	TFDP2	0.0	1.0	6	0	0	0	1.0
AF_inner	healthy_vs_degenerated_all	GTF3A	0.047619047619047616	0.048873350887955185	21	1	1	0	0.20225544275482815
AF_inner	healthy_vs_degenerated_all	KLF10	-0.041666666666666664	0.055662717989706026	24	1	0	1	0.21061568969077957
AF_inner	healthy_vs_degenerated_all	KLF2	-0.02	0.11256201257735331	50	1	0	1	0.3367239692484928
AF_inner	healthy_vs_degenerated_all	PHF20	0.0	1.0	9	0	0	0	1.0
AF_inner	healthy_vs_degenerated_all	TGIF1	0.0	1.0	9	0	0	0	1.0
AF_inner	healthy_vs_degenerated_all	FOXG1	0.0	1.0	16	0	0	0	1.0
AF_inner	healthy_vs_degenerated_all	SF1	0.0	1.0	8	0	0	0	1.0
AF_inner	healthy_vs_degenerated_all	MBD2	0.0	1.0	76	0	0	0	1.0
AF_inner	healthy_vs_degenerated_all	FOXF2	0.0	1.0	11	0	0	0	1.0
AF_inner	healthy_vs_degenerated_all	ZBTB32	0.0	1.0	5	0	0	0	1.0
AF_inner	healthy_vs_degenerated_all	HEY1	-0.038461538461538464	0.060162741141657594	26	1	0	1	0.21934332707895998
AF_inner	healthy_vs_degenerated_all	ZBTB17	0.0	1.0	39	0	0	0	1.0
AF_inner	healthy_vs_degenerated_all	IRF5	0.0	1.0	20	0	0	0	1.0
AF_inner	healthy_vs_degenerated_all	THRB	0.0	1.0	43	0	0	0	1.0
AF_inner	healthy_vs_degenerated_all	POU3F2	0.0	1.0	21	0	0	0	1.0
AF_inner	healthy_vs_degenerated_all	FOXI1	0.0	1.0	7	0	0	0	1.0
AF_inner	healthy_vs_degenerated_all	KCNIP3	0.0	1.0	12	0	0	0	1.0
AF_inner	healthy_vs_degenerated_all	FOSB	0.0	1.0	32	0	0	0	1.0
AF_inner	healthy_vs_degenerated_all	NFE2L1	0.0	1.0	9	0	0	0	1.0
AF_inner	healthy_vs_degenerated_all	TRERF1	0.0	1.0	11	0	0	0	1.0
AF_inner	healthy_vs_degenerated_all	FOXP1	0.0	1.0	17	0	0	0	1.0
AF_inner	healthy_vs_degenerated_all	FOXP2	0.0	1.0	6	0	0	0	1.0
AF_inner	healthy_vs_degenerated_all	BARX1	0.125	0.01889989464470476	8	1	1	0	0.11211801907875704
AF_inner	healthy_vs_degenerated_all	ZFPM2	0.0	1.0	8	0	0	0	1.0
AF_inner	healthy_vs_degenerated_all	IKZF1	0.0	1.0	32	0	0	0	1.0
AF_inner	healthy_vs_degenerated_all	BCL3	0.0	1.0	24	0	0	0	1.0
AF_inner	healthy_vs_degenerated_all	SP2	0.0	1.0	19	0	0	0	1.0
AF_inner	healthy_vs_degenerated_all	SIM2	0.0	1.0	9	0	0	0	1.0
AF_inner	healthy_vs_degenerated_all	NFATC1	0.034482758620689655	1.8564594800519533e-06	87	5	4	1	0.00014451032482651558
AF_inner	healthy_vs_degenerated_all	POU2F3	0.0	1.0	6	0	0	0	1.0
AF_inner	healthy_vs_degenerated_all	HOXA7	0.0	1.0	12	0	0	0	1.0
AF_inner	healthy_vs_degenerated_all	NPAS2	0.0	1.0	8	0	0	0	1.0
AF_inner	healthy_vs_degenerated_all	DLX2	0.0	1.0	18	0	0	0	1.0
AF_inner	healthy_vs_degenerated_all	PRRX1	0.16666666666666666	0.01420776614127962	6	1	1	0	0.10045895251409832
AF_inner	healthy_vs_degenerated_all	VEZF1	0.0	1.0	6	0	0	0	1.0
AF_inner	healthy_vs_degenerated_all	CTBP2	0.0	1.0	12	0	0	0	1.0
AF_inner	healthy_vs_degenerated_all	SOX6	0.0	1.0	19	0	0	0	1.0
AF_inner	healthy_vs_degenerated_all	HIPK2	-0.125	0.01889989464470476	8	1	0	1	0.11211801907875704
AF_inner	healthy_vs_degenerated_all	FOXA3	0.0	1.0	9	0	0	0	1.0
AF_inner	healthy_vs_degenerated_all	RORC	0.0	1.0	8	0	0	0	1.0
AF_inner	healthy_vs_degenerated_all	SIX3	0.0	1.0	5	0	0	0	1.0
AF_inner	healthy_vs_degenerated_all	PPARD	0.023809523809523808	0.017021972488129394	84	2	2	0	0.10734577244766286
AF_inner	healthy_vs_degenerated_all	MECOM	0.0	1.0	18	0	0	0	1.0
AF_inner	healthy_vs_degenerated_all	SIRT1	0.0	1.0	53	0	0	0	1.0
AF_inner	healthy_vs_degenerated_all	ZBTB7B	0.0	1.0	14	0	0	0	1.0
AF_inner	healthy_vs_degenerated_all	ZBTB7A	0.0	1.0	34	0	0	0	1.0
AF_inner	healthy_vs_degenerated_all	NR6A1	0.0	1.0	9	0	0	0	1.0
AF_inner	healthy_vs_degenerated_all	STAT2	0.02564102564102564	0.08890844339620388	39	1	1	0	0.28680143031033506
AF_inner	healthy_vs_degenerated_all	ESRRG	0.0	1.0	20	0	0	0	1.0
AF_inner	healthy_vs_degenerated_all	PRDM2	0.0	1.0	10	0	0	0	1.0
AF_inner	healthy_vs_degenerated_all	PURA	0.0	1.0	16	0	0	0	1.0
AF_inner	healthy_vs_degenerated_all	TBX1	0.0	1.0	9	0	0	0	1.0
AF_inner	healthy_vs_degenerated_all	SALL2	0.0	1.0	5	0	0	0	1.0
AF_inner	healthy_vs_degenerated_all	ATOH1	0.0	1.0	5	0	0	0	1.0
AF_inner	healthy_vs_degenerated_all	NEUROD6	0.0	1.0	9	0	0	0	1.0
AF_inner	healthy_vs_degenerated_all	NEUROG1	0.0	1.0	10	0	0	0	1.0
AF_inner	healthy_vs_degenerated_all	NEUROG2	0.0	1.0	15	0	0	0	1.0
AF_inner	healthy_vs_degenerated_all	AHRR	0.0	1.0	5	0	0	0	1.0
AF_inner	healthy_vs_degenerated_all	HMGB2	0.0	1.0	9	0	0	0	1.0
AF_inner	healthy_vs_degenerated_all	DLX3	0.07692307692307693	0.03053534989890159	13	1	1	0	0.15851265324179079
AF_inner	healthy_vs_degenerated_all	TWIST2	0.030303030303030304	0.07574911132384882	33	1	1	0	0.2549248938783374
AF_inner	healthy_vs_degenerated_all	TFAP4	0.0	1.0	35	0	0	0	1.0
AF_inner	healthy_vs_degenerated_all	KAT6B	0.0	1.0	7	0	0	0	1.0
AF_inner	healthy_vs_degenerated_all	SALL3	0.0	1.0	9	0	0	0	1.0
AF_inner	healthy_vs_degenerated_all	MXI1	0.0	1.0	9	0	0	0	1.0
AF_inner	healthy_vs_degenerated_all	E2F5	0.0	1.0	10	0	0	0	1.0
AF_inner	healthy_vs_degenerated_all	E2F2	0.0	1.0	49	0	0	0	1.0
AF_inner	healthy_vs_degenerated_all	FOXD3	0.0	1.0	14	0	0	0	1.0
AF_inner	healthy_vs_degenerated_all	POU5F1	-0.014084507042253521	0.15607088764883492	71	1	0	1	0.4234481447836606
AF_inner	healthy_vs_degenerated_all	PLAGL1	0.0	1.0	16	0	0	0	1.0
AF_inner	healthy_vs_degenerated_all	SNAI2	0.0	1.0	44	0	0	0	1.0
AF_inner	healthy_vs_degenerated_all	NOTCH1	0.0196078431372549	0.0002393879469265797	51	3	2	1	0.0072857201238524264
AF_inner	healthy_vs_degenerated_all	FOXC2	0.0	1.0	17	0	0	0	1.0
AF_inner	healthy_vs_degenerated_all	FOXD1	0.0	1.0	6	0	0	0	1.0
AF_inner	healthy_vs_degenerated_all	KLF9	0.0	1.0	22	0	0	0	1.0
AF_inner	healthy_vs_degenerated_all	TBPL2	0.0	1.0	8	0	0	0	1.0
AF_inner	healthy_vs_degenerated_all	NFIL3	-0.045454545454545456	0.05114173338229226	22	1	0	1	0.20225544275482815
AF_inner	healthy_vs_degenerated_all	ZNF384	0.05263157894736842	0.04432074600025652	19	1	1	0	0.19390326375112227
AF_inner	healthy_vs_degenerated_all	HOXA11	0.0	1.0	6	0	0	0	1.0
AF_inner	healthy_vs_degenerated_all	MEF2D	0.0	1.0	20	0	0	0	1.0
AF_inner	healthy_vs_degenerated_all	SMAD5	0.0	0.0026172486478817326	32	2	1	1	0.03523219333686948
AF_inner	healthy_vs_degenerated_all	PBX2	0.0	1.0	8	0	0	0	1.0
AF_inner	healthy_vs_degenerated_all	EMX2	0.0	1.0	7	0	0	0	1.0
AF_inner	healthy_vs_degenerated_all	MLXIPL	0.0	1.0	14	0	0	0	1.0
AF_inner	healthy_vs_degenerated_all	ZBTB33	0.0	1.0	10	0	0	0	1.0
AF_inner	healthy_vs_degenerated_all	ETV2	0.0	1.0	7	0	0	0	1.0
AF_inner	healthy_vs_degenerated_all	KLF15	0.05263157894736842	0.04432074600025652	19	1	1	0	0.19390326375112227
AF_inner	healthy_vs_degenerated_all	DNMT3A	0.018867924528301886	0.11890859091293653	53	1	1	0	0.34826783949395634
AF_inner	healthy_vs_degenerated_all	DNMT3B	0.015384615384615385	0.14385618506239567	65	1	1	0	0.3996005140622102
AF_inner	healthy_vs_degenerated_all	OLIG1	0.0	1.0	5	0	0	0	1.0
AF_inner	healthy_vs_degenerated_all	OLIG2	0.0	1.0	15	0	0	0	1.0
AF_inner	healthy_vs_degenerated_all	RREB1	0.0	1.0	7	0	0	0	1.0
AF_inner	healthy_vs_degenerated_all	ZNF202	0.0	1.0	6	0	0	0	1.0
AF_inner	healthy_vs_degenerated_all	MAFG	0.0	1.0	9	0	0	0	1.0
AF_inner	healthy_vs_degenerated_all	TEF	0.0	1.0	12	0	0	0	1.0
AF_inner	healthy_vs_degenerated_all	HOXD13	0.058823529411764705	0.03974694158487115	17	1	1	0	0.1806679162948689
AF_inner	healthy_vs_degenerated_all	ZKSCAN7	0.0	1.0	11	0	0	0	1.0
AF_inner	healthy_vs_degenerated_all	BACH1	-0.06666666666666667	0.035151841679244906	15	1	0	1	0.16969854603773402
AF_inner	healthy_vs_degenerated_all	MYT1	0.0	1.0	6	0	0	0	1.0
AF_inner	healthy_vs_degenerated_all	ZNF160	0.0	1.0	5	0	0	0	1.0
AF_inner	healthy_vs_degenerated_all	TEAD4	0.125	0.01889989464470476	8	1	1	0	0.11211801907875704
AF_inner	healthy_vs_degenerated_all	GCM1	0.0	1.0	9	0	0	0	1.0
AF_inner	healthy_vs_degenerated_all	BHLHE41	-0.045454545454545456	0.05114173338229226	22	1	0	1	0.20225544275482815
AF_inner	healthy_vs_degenerated_all	MTA1	0.022727272727272728	0.09973514071527423	44	1	1	0	0.31028710444751983
AF_inner	healthy_vs_degenerated_all	EHF	0.0	1.0	11	0	0	0	1.0
AF_inner	healthy_vs_degenerated_all	TCF7L2	0.030927835051546393	3.182745673912978e-06	97	5	4	1	0.00018035351047092078
AF_inner	healthy_vs_degenerated_all	VSX2	0.0	1.0	28	0	0	0	1.0
AF_inner	healthy_vs_degenerated_all	TSC22D1	0.0	1.0	7	0	0	0	1.0
AF_inner	healthy_vs_degenerated_all	SOX5	0.058823529411764705	0.03974694158487115	17	1	1	0	0.1806679162948689
AF_inner	healthy_vs_degenerated_all	SOX2	-0.017857142857142856	0.12521099938593075	56	1	0	1	0.35921188348422756
AF_inner	healthy_vs_degenerated_all	NKX3-2	0.0	1.0	7	0	0	0	1.0
AF_inner	healthy_vs_degenerated_all	PAX9	0.0	1.0	8	0	0	0	1.0
AF_inner	healthy_vs_degenerated_all	TCF21	0.0	1.0	9	0	0	0	1.0
AF_inner	healthy_vs_degenerated_all	HIC1	0.0	0.001126522721521622	21	2	1	1	0.0191453499607514
AF_inner	healthy_vs_degenerated_all	ZEB2	0.0	1.0	26	0	0	0	1.0
AF_inner	healthy_vs_degenerated_all	ZNF335	0.0	1.0	7	0	0	0	1.0
AF_inner	healthy_vs_degenerated_all	NONO	0.0	1.0	17	0	0	0	1.0
AF_inner	healthy_vs_degenerated_all	CEBPZ	0.0	1.0	16	0	0	0	1.0
AF_inner	healthy_vs_degenerated_all	SIX1	0.0	1.0	10	0	0	0	1.0
AF_inner	healthy_vs_degenerated_all	NFIX	0.0	1.0	21	0	0	0	1.0
AF_inner	healthy_vs_degenerated_all	MNT	0.0	1.0	10	0	0	0	1.0
AF_inner	healthy_vs_degenerated_all	KDM5D	0.0	1.0	5	0	0	0	1.0
AF_inner	healthy_vs_degenerated_all	TBX6	0.0	1.0	8	0	0	0	1.0
AF_inner	healthy_vs_degenerated_all	HOXA1	0.0	1.0	23	0	0	0	1.0
AF_inner	healthy_vs_degenerated_all	BCL11B	0.0	1.0	20	0	0	0	1.0
AF_inner	healthy_vs_degenerated_all	RXRB	0.0	1.0	11	0	0	0	1.0
AF_inner	healthy_vs_degenerated_all	E2F6	0.0	1.0	37	0	0	0	1.0
AF_inner	healthy_vs_degenerated_all	HOXA13	0.0	1.0	13	0	0	0	1.0
AF_inner	healthy_vs_degenerated_all	KAT6A	0.0	1.0	12	0	0	0	1.0
AF_inner	healthy_vs_degenerated_all	GFI1	0.0	1.0	43	0	0	0	1.0
AF_inner	healthy_vs_degenerated_all	RUNX3	0.0	1.0	56	0	0	0	1.0
AF_inner	healthy_vs_degenerated_all	GLI1	0.006711409395973154	0.005291925806870975	149	3	2	1	0.05549703057001934
AF_inner	healthy_vs_degenerated_all	KLF8	0.0	1.0	19	0	0	0	1.0
AF_inner	healthy_vs_degenerated_all	HIF3A	-0.16666666666666666	0.01420776614127962	6	1	0	1	0.10045895251409832
AF_inner	healthy_vs_degenerated_all	BHLHA15	0.0	1.0	12	0	0	0	1.0
AF_inner	healthy_vs_degenerated_all	MEOX2	0.0	1.0	6	0	0	0	1.0
AF_inner	healthy_vs_degenerated_all	JARID2	0.0	1.0	12	0	0	0	1.0
AF_inner	healthy_vs_degenerated_all	NFYC	-0.05	0.046599692403839287	20	1	0	1	0.2001213784213957
AF_inner	healthy_vs_degenerated_all	GFI1B	0.0	1.0	10	0	0	0	1.0
AF_inner	healthy_vs_degenerated_all	ASCL2	0.0	1.0	8	0	0	0	1.0
AF_inner	healthy_vs_degenerated_all	MSC	0.0	1.0	23	0	0	0	1.0
AF_inner	healthy_vs_degenerated_all	HOXB9	0.16666666666666666	0.01420776614127962	6	1	1	0	0.10045895251409832
AF_inner	healthy_vs_degenerated_all	HLX	0.0	1.0	13	0	0	0	1.0
AF_inner	healthy_vs_degenerated_all	RCOR2	0.0	1.0	13	0	0	0	1.0
AF_inner	healthy_vs_degenerated_all	NKX2-2	0.0	1.0	12	0	0	0	1.0
AF_inner	healthy_vs_degenerated_all	ARID4A	0.0	1.0	6	0	0	0	1.0
AF_inner	healthy_vs_degenerated_all	HINFP	0.0	1.0	10	0	0	0	1.0
AF_inner	healthy_vs_degenerated_all	SMARCC1	0.0	1.0	7	0	0	0	1.0
AF_inner	healthy_vs_degenerated_all	KAT2B	0.0	1.0	14	0	0	0	1.0
AF_inner	healthy_vs_degenerated_all	ZNF219	0.0	1.0	5	0	0	0	1.0
AF_inner	healthy_vs_degenerated_all	HDGF	0.16666666666666666	0.01420776614127962	6	1	1	0	0.10045895251409832
AF_inner	healthy_vs_degenerated_all	EP300	0.03389830508474576	0.008671479867999692	59	2	2	0	0.07675918288009992
AF_inner	healthy_vs_degenerated_all	TRPS1	0.06666666666666667	0.035151841679244906	15	1	1	0	0.16969854603773402
AF_inner	healthy_vs_degenerated_all	CTNNB1	0.01509433962264151	3.471727391183431e-05	265	6	5	1	0.0016201394492189342
AF_inner	healthy_vs_degenerated_all	PML	0.0	1.0	16	0	0	0	1.0
AF_inner	healthy_vs_degenerated_all	KLF7	0.0	1.0	9	0	0	0	1.0
AF_inner	healthy_vs_degenerated_all	PROP1	0.0	1.0	7	0	0	0	1.0
AF_inner	healthy_vs_degenerated_all	LMO2	-0.041666666666666664	0.055662717989706026	24	1	0	1	0.21061568969077957
AF_inner	healthy_vs_degenerated_all	TBX20	0.0	1.0	6	0	0	0	1.0
AF_inner	healthy_vs_degenerated_all	MEOX1	0.0	1.0	7	0	0	0	1.0
AF_inner	healthy_vs_degenerated_all	FOXL2	-0.05263157894736842	0.04432074600025652	19	1	0	1	0.19390326375112227
AF_inner	healthy_vs_degenerated_all	HTATIP2	-0.0625	0.037452059582458064	16	1	0	1	0.1736188192564281
AF_inner	healthy_vs_degenerated_all	EZH2	0.0078125	0.2639664707486879	128	1	1	0	0.6768371044838152
AF_inner	healthy_vs_degenerated_all	GLI2	0.008	0.25863882770694535	125	1	1	0	0.6656146301281682
AF_inner	healthy_vs_degenerated_all	TCF7	0.125	0.0006485731310478084	16	2	2	0	0.013757611870711086
AF_inner	healthy_vs_degenerated_all	FOXC1	0.0	1.0	15	0	0	0	1.0
AF_inner	healthy_vs_degenerated_all	HOXB13	0.0	1.0	10	0	0	0	1.0
AF_inner	healthy_vs_degenerated_all	ABL1	0.0	1.0	10	0	0	0	1.0
AF_inner	healthy_vs_degenerated_all	TBX3	0.0	1.0	20	0	0	0	1.0
AF_inner	healthy_vs_degenerated_all	HNF4G	0.0	1.0	8	0	0	0	1.0
AF_inner	healthy_vs_degenerated_all	NFKBIZ	0.0	1.0	6	0	0	0	1.0
AF_inner	healthy_vs_degenerated_all	PLAGL2	0.0	1.0	8	0	0	0	1.0
AF_inner	healthy_vs_degenerated_all	TET1	0.0	1.0	13	0	0	0	1.0
AF_inner	healthy_vs_degenerated_all	FOXH1	0.0	1.0	12	0	0	0	1.0
AF_inner	healthy_vs_degenerated_all	FOXP3	0.0	0.0034880918716352015	37	2	1	1	0.04209766051973519
AF_inner	healthy_vs_degenerated_all	IKZF4	0.0	1.0	5	0	0	0	1.0
AF_inner	healthy_vs_degenerated_all	HOXA2	0.0	1.0	7	0	0	0	1.0
AF_inner	healthy_vs_degenerated_all	MLX	0.0	1.0	5	0	0	0	1.0
AF_inner	healthy_vs_degenerated_all	CREB3L1	0.0	1.0	10	0	0	0	1.0
AF_inner	healthy_vs_degenerated_all	TFDP3	0.0	1.0	5	0	0	0	1.0
AF_inner	healthy_vs_degenerated_all	SP7	0.0625	0.0026172486478817326	32	2	2	0	0.03523219333686948
AF_inner	healthy_vs_degenerated_all	OVOL1	0.0	1.0	8	0	0	0	1.0
AF_inner	healthy_vs_degenerated_all	ZNF436	0.0	1.0	7	0	0	0	1.0
AF_inner	healthy_vs_degenerated_all	ATF7	0.0	1.0	7	0	0	0	1.0
AF_inner	healthy_vs_degenerated_all	HOXB3	0.0	1.0	6	0	0	0	1.0
AF_inner	healthy_vs_degenerated_all	SCX	0.0	1.0	11	0	0	0	1.0
AF_inner	healthy_vs_degenerated_all	NANOG	0.0	1.0	44	0	0	0	1.0
AF_inner	healthy_vs_degenerated_all	ARX	0.05263157894736842	0.04432074600025652	19	1	1	0	0.19390326375112227
AF_inner	healthy_vs_degenerated_all	VHL	-0.043478260869565216	0.05340485179039225	23	1	0	1	0.20540327611689327
AF_inner	healthy_vs_degenerated_all	SOX4	0.0	1.0	22	0	0	0	1.0
AF_inner	healthy_vs_degenerated_all	SMAD9	0.2	0.011853521472540663	5	1	1	0	0.09537316127331569
AF_inner	healthy_vs_degenerated_all	ATF5	0.0	1.0	29	0	0	0	1.0
AF_inner	healthy_vs_degenerated_all	CTCFL	0.0	1.0	10	0	0	0	1.0
AF_inner	healthy_vs_degenerated_all	SP6	0.0	1.0	6	0	0	0	1.0
AF_inner	healthy_vs_degenerated_all	SMARCA5	0.0	1.0	8	0	0	0	1.0
AF_inner	healthy_vs_degenerated_all	EOMES	0.0	1.0	18	0	0	0	1.0
AF_inner	healthy_vs_degenerated_all	LMO4	0.0	1.0	5	0	0	0	1.0
AF_inner	healthy_vs_degenerated_all	TLX3	0.0	1.0	5	0	0	0	1.0
AF_inner	healthy_vs_degenerated_all	ESRRB	0.0	1.0	9	0	0	0	1.0
AF_inner	healthy_vs_degenerated_all	AEBP1	0.0	1.0	5	0	0	0	1.0
AF_inner	healthy_vs_degenerated_all	LHX1	0.0	1.0	6	0	0	0	1.0
AF_inner	healthy_vs_degenerated_all	ZXDC	0.0	1.0	6	0	0	0	1.0
AF_inner	healthy_vs_degenerated_all	SPIC	0.0	1.0	7	0	0	0	1.0
AF_inner	healthy_vs_degenerated_all	SALL1	0.2	0.011853521472540663	5	1	1	0	0.09537316127331569
AF_inner	healthy_vs_degenerated_all	NR2E1	0.07692307692307693	0.03053534989890159	13	1	1	0	0.15851265324179079
AF_inner	healthy_vs_degenerated_all	ZFP42	0.0	1.0	13	0	0	0	1.0
AF_inner	healthy_vs_degenerated_all	HOXD4	0.0	1.0	6	0	0	0	1.0
AF_inner	healthy_vs_degenerated_all	FOXF1	0.0	1.0	5	0	0	0	1.0
AF_inner	healthy_vs_degenerated_all	MLXIP	0.0	1.0	5	0	0	0	1.0
AF_inner	healthy_vs_degenerated_all	KMT2B	0.0	1.0	13	0	0	0	1.0
AF_inner	healthy_vs_degenerated_all	NFIB	0.0	1.0	20	0	0	0	1.0
AF_inner	healthy_vs_degenerated_all	EBF3	0.0	1.0	8	0	0	0	1.0
AF_inner	healthy_vs_degenerated_all	EN1	0.0	1.0	9	0	0	0	1.0
AF_inner	healthy_vs_degenerated_all	MTA3	0.0	1.0	11	0	0	0	1.0
AF_inner	healthy_vs_degenerated_all	TBX18	0.0	1.0	10	0	0	0	1.0
AF_inner	healthy_vs_degenerated_all	PRDM4	0.0	1.0	6	0	0	0	1.0
AF_inner	healthy_vs_degenerated_all	MEIS2	0.0	1.0	7	0	0	0	1.0
AF_inner	healthy_vs_degenerated_all	EGR4	0.0	1.0	13	0	0	0	1.0
AF_inner	healthy_vs_degenerated_all	HSF4	0.0	1.0	10	0	0	0	1.0
AF_inner	healthy_vs_degenerated_all	DLX1	0.0	1.0	7	0	0	0	1.0
AF_inner	healthy_vs_degenerated_all	BCLAF1	0.0	1.0	8	0	0	0	1.0
AF_inner	healthy_vs_degenerated_all	KDM5C	0.0	1.0	12	0	0	0	1.0
AF_inner	healthy_vs_degenerated_all	AIP	0.0	1.0	5	0	0	0	1.0
AF_inner	healthy_vs_degenerated_all	PTF1A	0.0	1.0	9	0	0	0	1.0
AF_inner	healthy_vs_degenerated_all	FOSL2	0.029411764705882353	0.07795510299466653	34	1	1	0	0.25861882510078943
AF_inner	healthy_vs_degenerated_all	MED1	0.0	1.0	13	0	0	0	1.0
AF_inner	healthy_vs_degenerated_all	SON	0.0	1.0	5	0	0	0	1.0
AF_inner	healthy_vs_degenerated_all	LYL1	0.0	1.0	12	0	0	0	1.0
AF_inner	healthy_vs_degenerated_all	GLIS3	0.0	1.0	5	0	0	0	1.0
AF_inner	healthy_vs_degenerated_all	HOXD1	0.0	1.0	5	0	0	0	1.0
AF_inner	healthy_vs_degenerated_all	SALL4	0.0	1.0	19	0	0	0	1.0
AF_inner	healthy_vs_degenerated_all	KDM5B	0.0	1.0	31	0	0	0	1.0
AF_inner	healthy_vs_degenerated_all	TADA2A	0.0	1.0	7	0	0	0	1.0
AF_inner	healthy_vs_degenerated_all	ARID5B	0.0	1.0	8	0	0	0	1.0
AF_inner	healthy_vs_degenerated_all	FEZF1	0.0	1.0	6	0	0	0	1.0
AF_inner	healthy_vs_degenerated_all	SATB2	0.043478260869565216	0.05340485179039225	23	1	1	0	0.20540327611689327
AF_inner	healthy_vs_degenerated_all	NSD2	0.0	1.0	7	0	0	0	1.0
AF_inner	healthy_vs_degenerated_all	PBRM1	0.0	1.0	8	0	0	0	1.0
AF_inner	healthy_vs_degenerated_all	ZBTB4	0.0	1.0	13	0	0	0	1.0
AF_inner	healthy_vs_degenerated_all	THAP11	0.0	1.0	6	0	0	0	1.0
AF_inner	healthy_vs_degenerated_all	FOXJ1	0.0	1.0	14	0	0	0	1.0
AF_inner	healthy_vs_degenerated_all	SHOX2	0.0	1.0	5	0	0	0	1.0
AF_inner	healthy_vs_degenerated_all	TOX3	0.0	1.0	6	0	0	0	1.0
AF_inner	healthy_vs_degenerated_all	PPARGC1A	0.0	1.0	24	0	0	0	1.0
AF_inner	healthy_vs_degenerated_all	SOX3	0.0	1.0	5	0	0	0	1.0
AF_inner	healthy_vs_degenerated_all	BATF	0.0	1.0	12	0	0	0	1.0
AF_inner	healthy_vs_degenerated_all	ARID3B	0.0	1.0	5	0	0	0	1.0
AF_inner	healthy_vs_degenerated_all	ZNF300	0.0	1.0	7	0	0	0	1.0
AF_inner	healthy_vs_degenerated_all	NUPR1	0.0	1.0	6	0	0	0	1.0
AF_inner	healthy_vs_degenerated_all	CREB3L3	0.0	1.0	5	0	0	0	1.0
AF_inner	healthy_vs_degenerated_all	ZNF331	0.0	1.0	17	0	0	0	1.0
AF_inner	healthy_vs_degenerated_all	RFX3	0.0	1.0	5	0	0	0	1.0
AF_inner	healthy_vs_degenerated_all	ZNF382	-0.09090909090909091	0.02589736943564279	11	1	0	1	0.14387427464245994
AF_inner	healthy_vs_degenerated_all	HOXD8	0.0	1.0	5	0	0	0	1.0
AF_inner	healthy_vs_degenerated_all	LHX8	0.0	1.0	10	0	0	0	1.0
AF_inner	healthy_vs_degenerated_all	GRHL2	0.0	1.0	6	0	0	0	1.0
AF_inner	healthy_vs_degenerated_all	IRX1	0.0625	0.037452059582458064	16	1	1	0	0.1736188192564281
AF_inner	healthy_vs_degenerated_all	SOX11	0.0	1.0	11	0	0	0	1.0
AF_inner	healthy_vs_degenerated_all	IRF6	0.14285714285714285	0.0004933130029714154	14	2	2	0	0.010791221939999712
AF_inner	healthy_vs_degenerated_all	E2F7	0.16666666666666666	0.01420776614127962	6	1	1	0	0.10045895251409832
AF_inner	healthy_vs_degenerated_all	HEYL	0.0	1.0	5	0	0	0	1.0
AF_inner	healthy_vs_degenerated_all	MECP2	0.0	1.0	26	0	0	0	1.0
AF_inner	healthy_vs_degenerated_all	VENTX	0.0	1.0	5	0	0	0	1.0
AF_inner	healthy_vs_degenerated_all	MAML1	0.0	1.0	5	0	0	0	1.0
AF_inner	healthy_vs_degenerated_all	DMAP1	0.0	1.0	5	0	0	0	1.0
AF_inner	healthy_vs_degenerated_all	LMX1A	0.0	1.0	5	0	0	0	1.0
AF_inner	healthy_vs_degenerated_all	DOT1L	0.0	1.0	8	0	0	0	1.0
AF_inner	healthy_vs_degenerated_all	ARID3A	0.0	1.0	6	0	0	0	1.0
AF_inner	healthy_vs_degenerated_all	ARID1A	0.0	1.0	7	0	0	0	1.0
AF_inner	healthy_vs_degenerated_all	ZBTB18	0.0	1.0	8	0	0	0	1.0
AF_inner	healthy_vs_degenerated_all	ZNF804A	0.0	1.0	8	0	0	0	1.0
AF_inner	healthy_vs_degenerated_all	TCF15	0.0	1.0	5	0	0	0	1.0
AF_inner	healthy_vs_degenerated_all	NPM1	0.0	1.0	12	0	0	0	1.0
AF_inner	healthy_vs_degenerated_all	SETBP1	-0.2	0.011853521472540663	5	1	0	1	0.09537316127331569
AF_inner	healthy_vs_degenerated_all	KDM2A	0.0	1.0	10	0	0	0	1.0
AF_inner	healthy_vs_degenerated_all	MKX	0.0	1.0	6	0	0	0	1.0
AF_inner	healthy_vs_degenerated_all	ZFX	0.0	1.0	5	0	0	0	1.0
AF_inner	healthy_vs_degenerated_all	KLF17	0.0	1.0	5	0	0	0	1.0
AF_inner	healthy_vs_degenerated_all	HOXA4	0.0	1.0	5	0	0	0	1.0
AF_inner	healthy_vs_degenerated_all	HDAC3	0.045454545454545456	0.05114173338229226	22	1	1	0	0.20225544275482815
AF_inner	healthy_vs_degenerated_all	ASXL1	0.0	1.0	5	0	0	0	1.0
AF_inner	healthy_vs_degenerated_all	BTG2	0.0	1.0	6	0	0	0	1.0
AF_inner	healthy_vs_degenerated_all	CHD4	0.0	1.0	5	0	0	0	1.0
AF_inner	healthy_vs_degenerated_all	CREB5	0.0	1.0	12	0	0	0	1.0
AF_inner	healthy_vs_degenerated_all	CTBP1	0.0	1.0	9	0	0	0	1.0
AF_inner	healthy_vs_degenerated_all	DACH1	0.16666666666666666	0.01420776614127962	6	1	1	0	0.10045895251409832
AF_inner	healthy_vs_degenerated_all	HDAC1	0.014285714285714285	0.15404694565006694	70	1	1	0	0.42122211701190176
AF_inner	healthy_vs_degenerated_all	HCFC1	0.0	1.0	7	0	0	0	1.0
AF_inner	healthy_vs_degenerated_all	ETV7	0.0	1.0	9	0	0	0	1.0
AF_inner	healthy_vs_degenerated_all	FHL2	0.0	1.0	7	0	0	0	1.0
AF_inner	healthy_vs_degenerated_all	HDAC4	0.0	0.001126522721521622	21	2	1	1	0.0191453499607514
AF_inner	healthy_vs_degenerated_all	HDAC5	0.0	1.0	8	0	0	0	1.0
AF_inner	healthy_vs_degenerated_all	HDAC7	0.0	1.0	12	0	0	0	1.0
AF_inner	healthy_vs_degenerated_all	HDAC9	0.0	1.0	18	0	0	0	1.0
AF_inner	healthy_vs_degenerated_all	ING4	-0.07142857142857142	0.032846275813973154	14	1	0	1	0.16526669624060364
AF_inner	healthy_vs_degenerated_all	MYOCD	0.0	1.0	6	0	0	0	1.0
AF_inner	healthy_vs_degenerated_all	PAWR	0.0	1.0	5	0	0	0	1.0
AF_inner	healthy_vs_degenerated_all	SIN3A	0.0	1.0	9	0	0	0	1.0
AF_inner	healthy_vs_degenerated_all	SMARCA4	0.0	1.0	10	0	0	0	1.0
AF_inner	healthy_vs_degenerated_all	SMARCB1	0.0	1.0	5	0	0	0	1.0
AF_inner	healthy_vs_degenerated_all	TRIM28	0.0	1.0	5	0	0	0	1.0
AF_inner	healthy_vs_degenerated_all	WWTR1	0.0	1.0	9	0	0	0	1.0
AF_inner	healthy_vs_degenerated_all	PIN1	0.0	1.0	5	0	0	0	1.0
AF_inner	healthy_vs_degenerated_all	FGF2	0.1	0.023570290579051814	10	1	1	0	0.1330580919785183
AF_inner	healthy_vs_degenerated_all	PARK7	0.0	1.0	8	0	0	0	1.0
AF_inner	healthy_vs_degenerated_all	YAP1	0.0	1.0	9	0	0	0	1.0
AF_inner	healthy_vs_degenerated_all	BCOR	0.0	1.0	7	0	0	0	1.0
AF_inner	healthy_vs_degenerated_all	BRD4	0.0	1.0	10	0	0	0	1.0
AF_inner	healthy_vs_degenerated_all	SRSF2	0.0	1.0	12	0	0	0	1.0
AF_inner	healthy_vs_degenerated_all	ZMYND8	-0.14285714285714285	0.0165565530981199	7	1	0	1	0.10734577244766286
AF_inner	healthy_vs_degenerated_all	ARID4B	-0.08333333333333333	0.028219051819750058	12	1	0	1	0.15194874056788493
AF_inner	healthy_vs_degenerated_all	AP1	0.013574660633484163	5.495834590559606e-08	442	10	8	2	1.923542106695862e-05
AF_inner	healthy_vs_degenerated_all	NFKB	0.014018691588785047	1.7660830843713903e-07	642	11	10	1	3.090645397649933e-05
AF_inner	healthy_vs_degenerated_severe	MYC	0.006385696040868455	0.008700002494898123	783	7	6	1	0.07765073605331402
AF_inner	healthy_vs_degenerated_severe	SPI1	0.011857707509881422	0.040942900815245716	253	3	3	0	0.19790428071913477
AF_inner	healthy_vs_degenerated_severe	SMAD3	0.0	0.07293213834605883	147	2	1	1	0.26342633913692565
AF_inner	healthy_vs_degenerated_severe	SMAD4	-0.009174311926605505	0.2821010824776062	109	1	0	1	0.7077804936714134
AF_inner	healthy_vs_degenerated_severe	STAT5A	0.017857142857142856	0.0001480554759172999	168	5	4	1	0.004957773305632828
AF_inner	healthy_vs_degenerated_severe	STAT5B	0.024096385542168676	0.026100778979967074	83	2	2	0	0.14163213399982133
AF_inner	healthy_vs_degenerated_severe	RELA	0.02727272727272727	4.883562657645558e-09	440	12	12	0	8.546234650879727e-07
AF_inner	healthy_vs_degenerated_severe	WT1	0.015625	0.057250153891461306	128	2	2	0	0.23573592778837005
AF_inner	healthy_vs_degenerated_severe	NR0B2	0.01098901098901099	0.24159229060966372	91	1	1	0	0.614962194279144
AF_inner	healthy_vs_degenerated_severe	SP1	0.008547008547008548	2.543791252680551e-07	1053	15	12	3	2.282848640931051e-05
AF_inner	healthy_vs_degenerated_severe	TP53	0.0011806375442739079	8.567476415919509e-07	847	13	7	6	5.9972334911436564e-05
AF_inner	healthy_vs_degenerated_severe	ZBTB16	0.046511627906976744	0.007475843801837225	43	2	2	0	0.07071744136873051
AF_inner	healthy_vs_degenerated_severe	ETV6	0.045454545454545456	0.06452928336444959	22	1	1	0	0.2468333243448891
AF_inner	healthy_vs_degenerated_severe	RUNX1	0.0	0.07726758963579815	152	2	1	1	0.2704365637252935
AF_inner	healthy_vs_degenerated_severe	STAT1	0.016194331983805668	0.006511244547148362	247	4	4	0	0.06330376643060906
AF_inner	healthy_vs_degenerated_severe	STAT3	0.005747126436781609	0.0005987936032575455	348	6	4	2	0.013521145880009093
AF_inner	healthy_vs_degenerated_severe	ETV4	0.03571428571428571	0.012435968093450968	56	2	2	0	0.09781098500467053
AF_inner	healthy_vs_degenerated_severe	MTF1	-0.034482758620689655	0.08419311644247263	29	1	0	1	0.29032109118094007
AF_inner	healthy_vs_degenerated_severe	CREB1	0.030985915492957747	2.598851276983173e-11	355	13	12	1	1.819195893888221e-08
AF_inner	healthy_vs_degenerated_severe	FOXA2	0.01282051282051282	0.21095310793319594	78	1	1	0	0.5469154650119895
AF_inner	healthy_vs_degenerated_severe	NFATC2	0.04918032786885246	0.0008259741230798399	61	3	3	0	0.016060607948774664
AF_inner	healthy_vs_degenerated_severe	CEBPB	0.014044943820224719	0.004280252798999287	356	5	5	0	0.04885222938864558
AF_inner	healthy_vs_degenerated_severe	FOS	0.0196078431372549	0.0010012145941273537	255	5	5	0	0.01797051835613199
AF_inner	healthy_vs_degenerated_severe	PLAG1	0.0	1.0	8	0	0	0	1.0
AF_inner	healthy_vs_degenerated_severe	E2F1	0.006896551724137931	0.011302107526149876	290	4	3	1	0.09093649733683809
AF_inner	healthy_vs_degenerated_severe	E2F3	0.014925373134328358	0.18408407305175095	67	1	1	0	0.48995760888298734
AF_inner	healthy_vs_degenerated_severe	HBP1	0.05128205128205128	0.006181923762417114	39	2	2	0	0.06094854413650675
AF_inner	healthy_vs_degenerated_severe	YY1	0.005050505050505051	0.021929420309004105	198	3	2	1	0.1303090061451781
AF_inner	healthy_vs_degenerated_severe	ESR1	0.009784735812133072	2.6089698753497726e-07	511	11	8	3	2.282848640931051e-05
AF_inner	healthy_vs_degenerated_severe	JUN	0.010040160642570281	1.5303032554785374e-05	498	9	7	2	0.0007651516277392687
AF_inner	healthy_vs_degenerated_severe	NR1I3	0.024390243902439025	0.11696546038619833	41	1	1	0	0.35598183595799493
AF_inner	healthy_vs_degenerated_severe	CEBPG	0.013605442176870748	0.07293213834605883	147	2	2	0	0.26342633913692565
AF_inner	healthy_vs_degenerated_severe	MAFK	0.0	1.0	21	0	0	0	1.0
AF_inner	healthy_vs_degenerated_severe	NFE2L3	0.0	1.0	6	0	0	0	1.0
AF_inner	healthy_vs_degenerated_severe	PHOX2A	0.0	1.0	8	0	0	0	1.0
AF_inner	healthy_vs_degenerated_severe	STAT4	0.0	1.0	21	0	0	0	1.0
AF_inner	healthy_vs_degenerated_severe	IRF1	0.03125	0.0005962386487033131	128	4	4	0	0.013521145880009093
AF_inner	healthy_vs_degenerated_severe	ATF2	0.030303030303030304	0.0033221487418026584	99	3	3	0	0.04152685927253323
AF_inner	healthy_vs_degenerated_severe	NR2C2	0.0	1.0	50	0	0	0	1.0
AF_inner	healthy_vs_degenerated_severe	IRF3	0.016666666666666666	0.166521504391071	60	1	1	0	0.4518025312936035
AF_inner	healthy_vs_degenerated_severe	TFAP2A	0.02	0.0009163534804169735	250	5	5	0	0.017336417197077878
AF_inner	healthy_vs_degenerated_severe	HNF1A	0.013513513513513514	0.2012842846442441	74	1	1	0	0.5277116076815389
AF_inner	healthy_vs_degenerated_severe	ETS1	0.011627906976744186	0.09538035508469406	172	2	2	0	0.3105406909734225
AF_inner	healthy_vs_degenerated_severe	ARNT	0.03389830508474576	0.013737809623422168	59	2	2	0	0.10567545864170899
AF_inner	healthy_vs_degenerated_severe	AHR	-0.006944444444444444	7.157629631772857e-05	144	5	2	3	0.0029472592601417647
AF_inner	healthy_vs_degenerated_severe	PAX6	0.0	0.047317048728380814	115	2	1	1	0.20844213076134138
AF_inner	healthy_vs_degenerated_severe	NFYA	0.012195121951219513	0.0019442329742977394	82	3	2	1	0.028353397541842035
AF_inner	healthy_vs_degenerated_severe	ZNF148	0.0	1.0	23	0	0	0	1.0
AF_inner	healthy_vs_degenerated_severe	NFIC	0.015384615384615385	0.17910349514797833	65	1	1	0	0.48220171770609555
AF_inner	healthy_vs_degenerated_severe	RBPJ	0.02702702702702703	0.004580905305264139	111	3	3	0	0.04933282636438304
AF_inner	healthy_vs_degenerated_severe	HES1	0.0	1.0	71	0	0	0	1.0
AF_inner	healthy_vs_degenerated_severe	GATA4	0.01098901098901099	0.002616889145567328	91	3	2	1	0.03330586185267508
AF_inner	healthy_vs_degenerated_severe	GATA6	0.01694915254237288	0.0007492484836131085	59	3	2	1	0.015893149652399272
AF_inner	healthy_vs_degenerated_severe	HNF4A	0.005291005291005291	0.43795373601442955	189	1	1	0	1.0
AF_inner	healthy_vs_degenerated_severe	RXRG	0.0	1.0	6	0	0	0	1.0
AF_inner	healthy_vs_degenerated_severe	RARA	-0.020833333333333332	0.009390300047624778	144	3	0	3	0.0801610979675286
AF_inner	healthy_vs_degenerated_severe	DBP	0.0	1.0	24	0	0	0	1.0
AF_inner	healthy_vs_degenerated_severe	HLF	0.07142857142857142	0.0415500727625038	14	1	1	0	0.19790428071913477
AF_inner	healthy_vs_degenerated_severe	PPARG	-0.0034129692832764505	0.001850613956504967	293	5	2	3	0.0279562315308993
AF_inner	healthy_vs_degenerated_severe	MAX	0.0	1.0	44	0	0	0	1.0
AF_inner	healthy_vs_degenerated_severe	USF2	0.023255813953488372	0.027874132022699165	86	2	2	0	0.14781736678704102
AF_inner	healthy_vs_degenerated_severe	IRF2	-0.020833333333333332	0.1355496308043084	48	1	0	1	0.38887189165170444
AF_inner	healthy_vs_degenerated_severe	SP3	0.0	0.000563473391171342	344	6	3	3	0.013521145880009093
AF_inner	healthy_vs_degenerated_severe	AR	0.002364066193853428	0.008763440211731154	423	5	3	2	0.07765073605331402
AF_inner	healthy_vs_degenerated_severe	CUX1	0.010869565217391304	0.24390031717929236	92	1	1	0	0.6185877609619734
AF_inner	healthy_vs_degenerated_severe	ATF1	0.02857142857142857	0.018987272505715174	70	2	2	0	0.11762027215929753
AF_inner	healthy_vs_degenerated_severe	KAT7	0.03076923076923077	0.016510210505672637	65	2	2	0	0.11442720152446381
AF_inner	healthy_vs_degenerated_severe	CREBZF	0.0	1.0	12	0	0	0	1.0
AF_inner	healthy_vs_degenerated_severe	GLI3	0.0	1.0	35	0	0	0	1.0
AF_inner	healthy_vs_degenerated_severe	NKX2-5	0.019230769230769232	0.14599671261106012	52	1	1	0	0.4137558656993607
AF_inner	healthy_vs_degenerated_severe	TGFB1I1	0.0	1.0	12	0	0	0	1.0
AF_inner	healthy_vs_degenerated_severe	RARB	-0.044444444444444446	0.008164736697077509	45	2	0	2	0.07520152220992443
AF_inner	healthy_vs_degenerated_severe	RARG	0.0	1.0	33	0	0	0	1.0
AF_inner	healthy_vs_degenerated_severe	TEAD1	0.0625	0.04734614113007612	16	1	1	0	0.20844213076134138
AF_inner	healthy_vs_degenerated_severe	PPARA	0.0	0.00367397538279766	210	4	2	2	0.04511899592909407
AF_inner	healthy_vs_degenerated_severe	ESR2	0.005847953216374269	0.014909451968354085	171	3	2	1	0.1092751417817328
AF_inner	healthy_vs_degenerated_severe	NR3C1	0.004608294930875576	0.0004832981118841651	217	5	3	2	0.013142747797098397
AF_inner	healthy_vs_degenerated_severe	PGR	-0.017857142857142856	0.00035959870221883563	112	4	1	3	0.010488295481382706
AF_inner	healthy_vs_degenerated_severe	NRG1	0.03225806451612903	0.08973665752066731	31	1	1	0	0.3005533983945795
AF_inner	healthy_vs_degenerated_severe	TBP	0.008	0.3163256517736991	125	1	1	0	0.7879998442761187
AF_inner	healthy_vs_degenerated_severe	REL	0.012048192771084338	0.22287815823097187	83	1	1	0	0.5735834954473541
AF_inner	healthy_vs_degenerated_severe	ISL1	0.0	1.0	23	0	0	0	1.0
AF_inner	healthy_vs_degenerated_severe	ZBTB14	0.0	1.0	6	0	0	0	1.0
AF_inner	healthy_vs_degenerated_severe	MYB	0.013986013986013986	0.069523866765269	143	2	2	0	0.2572382786679864
AF_inner	healthy_vs_degenerated_severe	PITX1	0.0	1.0	26	0	0	0	1.0
AF_inner	healthy_vs_degenerated_severe	EGR1	0.019543973941368076	2.1278041912987446e-08	307	10	8	2	2.9789258678182426e-06
AF_inner	healthy_vs_degenerated_severe	MYOD1	0.008928571428571428	0.004697088055806676	112	3	2	1	0.04981760059188899
AF_inner	healthy_vs_degenerated_severe	ETS2	0.0	1.0	87	0	0	0	1.0
AF_inner	healthy_vs_degenerated_severe	GTF2I	0.0	1.0	20	0	0	0	1.0
AF_inner	healthy_vs_degenerated_severe	NR2F1	0.0	1.0	44	0	0	0	1.0
AF_inner	healthy_vs_degenerated_severe	ENO1	-0.06666666666666667	0.04445240808755774	15	1	0	1	0.20205640039798972
AF_inner	healthy_vs_degenerated_severe	JDP2	0.0	1.0	32	0	0	0	1.0
AF_inner	healthy_vs_degenerated_severe	MAZ	0.03225806451612903	0.08973665752066731	31	1	1	0	0.3005533983945795
AF_inner	healthy_vs_degenerated_severe	NR4A1	0.0125	0.21574446687888665	80	1	1	0	0.5572735306834711
AF_inner	healthy_vs_degenerated_severe	HMGA1	0.03636363636363636	0.012014788635436436	55	2	2	0	0.09557218232733529
AF_inner	healthy_vs_degenerated_severe	NFKB1	0.03283582089552239	3.4669326889574347e-09	335	11	11	0	8.089509607567348e-07
AF_inner	healthy_vs_degenerated_severe	USF1	0.0	0.09166484368538579	168	2	1	1	0.3039777893779549
AF_inner	healthy_vs_degenerated_severe	DDIT3	0.023809523809523808	0.02668657754620746	84	2	2	0	0.14260003268965818
AF_inner	healthy_vs_degenerated_severe	ATF4	0.02727272727272727	0.004466489544104738	110	3	3	0	0.04885222938864558
AF_inner	healthy_vs_degenerated_severe	ATF3	0.02127659574468085	0.032831867771152004	94	2	2	0	0.16898755470445886
AF_inner	healthy_vs_degenerated_severe	TAF1	0.02564102564102564	0.1115842574859309	39	1	1	0	0.34409242396542566
AF_inner	healthy_vs_degenerated_severe	RUNX2	0.0594059405940594	5.625653203336472e-07	101	6	6	0	4.375508047039478e-05
AF_inner	healthy_vs_degenerated_severe	TFAP2B	0.05	0.05883554829092594	20	1	1	0	0.23944699885841952
AF_inner	healthy_vs_degenerated_severe	CREM	-0.01639344262295082	0.16905290919195112	61	1	0	1	0.4568997545728409
AF_inner	healthy_vs_degenerated_severe	IRF8	0.0	0.010006502743511086	50	2	1	1	0.0843921918127441
AF_inner	healthy_vs_degenerated_severe	ETV5	0.0625	0.04734614113007612	16	1	1	0	0.20844213076134138
AF_inner	healthy_vs_degenerated_severe	DMTF1	0.0	1.0	16	0	0	0	1.0
AF_inner	healthy_vs_degenerated_severe	NR5A1	0.013888888888888888	0.1964064843035177	72	1	1	0	0.5168591692197835
AF_inner	healthy_vs_degenerated_severe	NEUROD2	0.0	1.0	9	0	0	0	1.0
AF_inner	healthy_vs_degenerated_severe	NEUROD1	0.0	1.0	45	0	0	0	1.0
AF_inner	healthy_vs_degenerated_severe	HHEX	-0.045454545454545456	0.06452928336444959	22	1	0	1	0.2468333243448891
AF_inner	healthy_vs_degenerated_severe	FOXO3	0.005714285714285714	0.015853696577666707	175	3	2	1	0.11209684448855248
AF_inner	healthy_vs_degenerated_severe	MBD1	0.0	1.0	15	0	0	0	1.0
AF_inner	healthy_vs_degenerated_severe	CEBPD	0.014084507042253521	0.19395666298693623	71	1	1	0	0.5123383550598315
AF_inner	healthy_vs_degenerated_severe	ELK1	0.057692307692307696	0.0005169507390956821	52	3	3	0	0.013402426569147315
AF_inner	healthy_vs_degenerated_severe	FLI1	0.0	0.022152531044680273	76	2	1	1	0.1303090061451781
AF_inner	healthy_vs_degenerated_severe	ELK4	0.0	1.0	6	0	0	0	1.0
AF_inner	healthy_vs_degenerated_severe	PREB	0.0	1.0	13	0	0	0	1.0
AF_inner	healthy_vs_degenerated_severe	POU1F1	0.0	1.0	39	0	0	0	1.0
AF_inner	healthy_vs_degenerated_severe	PAX5	0.020833333333333332	0.1355496308043084	48	1	1	0	0.38887189165170444
AF_inner	healthy_vs_degenerated_severe	CEBPA	0.0	0.09074291628043409	167	2	1	1	0.30247638760144696
AF_inner	healthy_vs_degenerated_severe	LITAF	0.041666666666666664	0.07018930175083628	24	1	1	0	0.2572382786679864
AF_inner	healthy_vs_degenerated_severe	STAT6	0.0449438202247191	0.0001487331991689848	89	4	4	0	0.004957773305632828
AF_inner	healthy_vs_degenerated_severe	HIF1A	0.012953367875647668	0.00014777589027557795	386	7	6	1	0.004957773305632828
AF_inner	healthy_vs_degenerated_severe	TP73	0.0	0.04440318851344202	111	2	1	1	0.20205640039798972
AF_inner	healthy_vs_degenerated_severe	KLF11	0.0	1.0	18	0	0	0	1.0
AF_inner	healthy_vs_degenerated_severe	TCF4	0.043478260869565216	0.008519514591392182	46	2	2	0	0.07745013264901984
AF_inner	healthy_vs_degenerated_severe	HIVEP2	0.0	1.0	11	0	0	0	1.0
AF_inner	healthy_vs_degenerated_severe	E2F4	0.0	1.0	160	0	0	0	1.0
AF_inner	healthy_vs_degenerated_severe	GATA5	0.0	1.0	17	0	0	0	1.0
AF_inner	healthy_vs_degenerated_severe	SRF	0.037037037037037035	0.00187706125993181	81	3	3	0	0.0279562315308993
AF_inner	healthy_vs_degenerated_severe	ELF1	0.0	1.0	61	0	0	0	1.0
AF_inner	healthy_vs_degenerated_severe	GATA3	0.006944444444444444	0.35489712876990304	144	1	1	0	0.8778374209856258
AF_inner	healthy_vs_degenerated_severe	MSX1	0.05263157894736842	0.055975975646907206	19	1	1	0	0.23185315356707126
AF_inner	healthy_vs_degenerated_severe	OTX2	0.037037037037037035	0.07861653755726007	27	1	1	0	0.2737889367665774
AF_inner	healthy_vs_degenerated_severe	LHX2	0.0	1.0	24	0	0	0	1.0
AF_inner	healthy_vs_degenerated_severe	GABPA	0.03333333333333333	0.08696900471328423	30	1	1	0	0.2984230553887204
AF_inner	healthy_vs_degenerated_severe	HSF2	0.043478260869565216	0.06736349490843666	23	1	1	0	0.2521628151652709
AF_inner	healthy_vs_degenerated_severe	VDR	0.01818181818181818	0.00033573912658849055	110	4	3	1	0.01021814733095406
AF_inner	healthy_vs_degenerated_severe	HOXC8	0.07142857142857142	0.0415500727625038	14	1	1	0	0.19790428071913477
AF_inner	healthy_vs_degenerated_severe	HR	0.028169014084507043	0.019500403056167445	71	2	2	0	0.11973931701155449
AF_inner	healthy_vs_degenerated_severe	RELB	0.0	1.0	41	0	0	0	1.0
AF_inner	healthy_vs_degenerated_severe	CEBPE	0.0	1.0	23	0	0	0	1.0
AF_inner	healthy_vs_degenerated_severe	NR0B1	0.02631578947368421	0.1088816335443024	38	1	1	0	0.340255104825945
AF_inner	healthy_vs_degenerated_severe	LEF1	0.023809523809523808	0.02668657754620746	84	2	2	0	0.14260003268965818
AF_inner	healthy_vs_degenerated_severe	ID1	0.046875	0.0009501446414333104	64	3	3	0	0.01750266444745572
AF_inner	healthy_vs_degenerated_severe	ZNF143	-0.038461538461538464	0.07581579879546928	26	1	0	1	0.26668873948155025
AF_inner	healthy_vs_degenerated_severe	SOX9	0.0	0.022152531044680273	76	2	1	1	0.1303090061451781
AF_inner	healthy_vs_degenerated_severe	YBX1	0.0	1.0	82	0	0	0	1.0
AF_inner	healthy_vs_degenerated_severe	HSF1	0.03571428571428571	0.002083037764111854	84	3	3	0	0.028590714409378385
AF_inner	healthy_vs_degenerated_severe	FOXE1	0.0	1.0	5	0	0	0	1.0
AF_inner	healthy_vs_degenerated_severe	POU4F1	0.0	1.0	21	0	0	0	1.0
AF_inner	healthy_vs_degenerated_severe	NOTO	0.0	1.0	5	0	0	0	1.0
AF_inner	healthy_vs_degenerated_severe	HNF1B	0.0	1.0	37	0	0	0	1.0
AF_inner	healthy_vs_degenerated_severe	PAX3	0.011904761904761904	0.22524191221512546	84	1	1	0	0.57543554215543
AF_inner	healthy_vs_degenerated_severe	ID2	0.01818181818181818	0.15375083233250053	55	1	1	0	0.42708564536805704
AF_inner	healthy_vs_degenerated_severe	MEF2A	0.03614457831325301	0.0020128879390509426	83	3	3	0	0.028590714409378385
AF_inner	healthy_vs_degenerated_severe	PDX1	-0.017241379310344827	0.16143603139821486	58	1	0	1	0.439709034936772
AF_inner	healthy_vs_degenerated_severe	NR2F2	-0.018518518518518517	0.000577749666830977	54	3	1	2	0.013521145880009093
AF_inner	healthy_vs_degenerated_severe	NR1H4	0.0	0.033474348135202094	95	2	1	1	0.17103681528935377
AF_inner	healthy_vs_degenerated_severe	ASCL1	0.0	1.0	50	0	0	0	1.0
AF_inner	healthy_vs_degenerated_severe	RFX1	0.0	1.0	19	0	0	0	1.0
AF_inner	healthy_vs_degenerated_severe	CRX	0.047619047619047616	0.06168664266606785	21	1	1	0	0.24534460151276982
AF_inner	healthy_vs_degenerated_severe	NRL	0.06666666666666667	0.04445240808755774	15	1	1	0	0.20205640039798972
AF_inner	healthy_vs_degenerated_severe	UBTF	0.0	1.0	9	0	0	0	1.0
AF_inner	healthy_vs_degenerated_severe	MYBL2	0.0	1.0	47	0	0	0	1.0
AF_inner	healthy_vs_degenerated_severe	ELF2	0.0	1.0	8	0	0	0	1.0
AF_inner	healthy_vs_degenerated_severe	JUND	0.0375	0.0018113610474426646	80	3	3	0	0.0279562315308993
AF_inner	healthy_vs_degenerated_severe	TP63	0.022988505747126436	0.001863080670045937	174	4	4	0	0.0279562315308993
AF_inner	healthy_vs_degenerated_severe	NFKBIB	0.058823529411764705	0.05023129683385124	17	1	1	0	0.2170488134796041
AF_inner	healthy_vs_degenerated_severe	HOXC6	0.0	1.0	11	0	0	0	1.0
AF_inner	healthy_vs_degenerated_severe	FOXO1	0.008733624454148471	0.004994887619625866	229	4	3	1	0.05149287873527852
AF_inner	healthy_vs_degenerated_severe	PITX2	0.01	0.26211870872123644	100	1	1	0	0.6600111370678615
AF_inner	healthy_vs_degenerated_severe	NR5A2	0.0	1.0	43	0	0	0	1.0
AF_inner	healthy_vs_degenerated_severe	POU2F1	0.0	1.0	82	0	0	0	1.0
AF_inner	healthy_vs_degenerated_severe	XBP1	0.0425531914893617	0.008881122801936724	47	2	2	0	0.07770982451694633
AF_inner	healthy_vs_degenerated_severe	SREBF1	0.0	0.042263992768163075	108	2	1	1	0.1998972630926632
AF_inner	healthy_vs_degenerated_severe	TCF3	0.0	1.0	92	0	0	0	1.0
AF_inner	healthy_vs_degenerated_severe	LRRFIP1	0.0	1.0	13	0	0	0	1.0
AF_inner	healthy_vs_degenerated_severe	TCF12	0.0	1.0	38	0	0	0	1.0
AF_inner	healthy_vs_degenerated_severe	E4F1	0.0	1.0	10	0	0	0	1.0
AF_inner	healthy_vs_degenerated_severe	HOXB1	0.0	1.0	6	0	0	0	1.0
AF_inner	healthy_vs_degenerated_severe	BRCA1	0.017857142857142856	0.15632019350048315	56	1	1	0	0.43080368287534726
AF_inner	healthy_vs_degenerated_severe	ZNF362	0.0	1.0	14	0	0	0	1.0
AF_inner	healthy_vs_degenerated_severe	NRF1	0.0	1.0	80	0	0	0	1.0
AF_inner	healthy_vs_degenerated_severe	GATA1	-0.010101010101010102	0.25986512364812564	99	1	0	1	0.6566988684248662
AF_inner	healthy_vs_degenerated_severe	MYCN	0.0	1.0	120	0	0	0	1.0
AF_inner	healthy_vs_degenerated_severe	PKNOX1	0.0	1.0	12	0	0	0	1.0
AF_inner	healthy_vs_degenerated_severe	NR4A3	0.0	1.0	31	0	0	0	1.0
AF_inner	healthy_vs_degenerated_severe	SSRP1	0.03669724770642202	0.00032424542499769006	109	4	4	0	0.01021814733095406
AF_inner	healthy_vs_degenerated_severe	ZNF91	0.0	1.0	35	0	0	0	1.0
AF_inner	healthy_vs_degenerated_severe	NR2C1	0.0	1.0	14	0	0	0	1.0
AF_inner	healthy_vs_degenerated_severe	ID3	0.06451612903225806	0.003939420491789888	31	2	2	0	0.047544730073326234
AF_inner	healthy_vs_degenerated_severe	ERF	0.0	1.0	15	0	0	0	1.0
AF_inner	healthy_vs_degenerated_severe	ZNF354C	0.045454545454545456	0.06452928336444959	22	1	1	0	0.2468333243448891
AF_inner	healthy_vs_degenerated_severe	HMGA2	0.05405405405405406	0.005577597276602047	37	2	2	0	0.05577597276602047
AF_inner	healthy_vs_degenerated_severe	POU2F2	0.0	1.0	30	0	0	0	1.0
AF_inner	healthy_vs_degenerated_severe	PHOX2B	0.0	1.0	11	0	0	0	1.0
AF_inner	healthy_vs_degenerated_severe	SREBF2	0.017543859649122806	0.15888191912264718	57	1	1	0	0.43614644465040403
AF_inner	healthy_vs_degenerated_severe	ELF4	0.0	0.005002165362855627	35	2	1	1	0.05149287873527852
AF_inner	healthy_vs_degenerated_severe	TTF1	-0.021739130434782608	0.1302792879201857	46	1	0	1	0.3799812564338749
AF_inner	healthy_vs_degenerated_severe	DLX4	0.029411764705882353	0.09799044185564211	34	1	1	0	0.31464820779334624
AF_inner	healthy_vs_degenerated_severe	NR1I2	0.0	0.09913918546682479	176	2	1	1	0.3168832412181614
AF_inner	healthy_vs_degenerated_severe	NR1H3	0.0	0.03743182378374447	101	2	1	1	0.18715911891872233
AF_inner	healthy_vs_degenerated_severe	MITF	0.022988505747126436	0.00013619236423979513	87	4	3	1	0.004957773305632828
AF_inner	healthy_vs_degenerated_severe	NCOA1	0.014925373134328358	0.18408407305175095	67	1	1	0	0.48995760888298734
AF_inner	healthy_vs_degenerated_severe	NCOR1	-0.029411764705882353	0.017978613137086107	68	2	0	2	0.11466439879977983
AF_inner	healthy_vs_degenerated_severe	FOSL1	0.0	1.0	44	0	0	0	1.0
AF_inner	healthy_vs_degenerated_severe	JUNB	0.024390243902439025	0.02552034787054743	82	2	2	0	0.13956440241705625
AF_inner	healthy_vs_degenerated_severe	MTF2	0.0	1.0	6	0	0	0	1.0
AF_inner	healthy_vs_degenerated_severe	DNMT1	0.0	0.0010787476543144274	150	4	2	2	0.018417642878539007
AF_inner	healthy_vs_degenerated_severe	KLF5	0.014925373134328358	0.18408407305175095	67	1	1	0	0.48995760888298734
AF_inner	healthy_vs_degenerated_severe	NR3C2	0.023255813953488372	0.12231475830784787	43	1	1	0	0.3674692309677833
AF_inner	healthy_vs_degenerated_severe	MYRF	0.0	1.0	7	0	0	0	1.0
AF_inner	healthy_vs_degenerated_severe	EBF1	0.0	1.0	25	0	0	0	1.0
AF_inner	healthy_vs_degenerated_severe	CREBBP	0.03225806451612903	0.08973665752066731	31	1	1	0	0.3005533983945795
AF_inner	healthy_vs_degenerated_severe	ZFPM1	0.0	1.0	12	0	0	0	1.0
AF_inner	healthy_vs_degenerated_severe	APEX1	-0.02857142857142857	0.10072539116425348	35	1	0	1	0.3190397005202599
AF_inner	healthy_vs_degenerated_severe	TEAD2	0.0	1.0	5	0	0	0	1.0
AF_inner	healthy_vs_degenerated_severe	TFAM	0.0	1.0	12	0	0	0	1.0
AF_inner	healthy_vs_degenerated_severe	IRF4	0.023809523809523808	0.11964408587747538	42	1	1	0	0.36255783599234964
AF_inner	healthy_vs_degenerated_severe	ZBED1	0.0	1.0	19	0	0	0	1.0
AF_inner	healthy_vs_degenerated_severe	NCOA2	0.018867924528301886	0.14858911424558058	53	1	1	0	0.4177204014936
AF_inner	healthy_vs_degenerated_severe	FOXA1	0.044444444444444446	0.008164736697077509	45	2	2	0	0.07520152220992443
AF_inner	healthy_vs_degenerated_severe	NR4A2	0.022222222222222223	0.12763233632608142	45	1	1	0	0.37381855827722593
AF_inner	healthy_vs_degenerated_severe	KLF1	0.0	1.0	22	0	0	0	1.0
AF_inner	healthy_vs_degenerated_severe	LHX3	0.0	1.0	7	0	0	0	1.0
AF_inner	healthy_vs_degenerated_severe	CTCF	0.016666666666666666	0.05105552057166533	120	2	2	0	0.21925683681083272
AF_inner	healthy_vs_degenerated_severe	BCL6	0.012987012987012988	0.20854669667324255	77	1	1	0	0.5426865712686609
AF_inner	healthy_vs_degenerated_severe	RB1	0.03125	0.09249609876786342	32	1	1	0	0.3039777893779549
AF_inner	healthy_vs_degenerated_severe	TFCP2	0.017241379310344827	0.16143603139821486	58	1	1	0	0.439709034936772
AF_inner	healthy_vs_degenerated_severe	REST	0.0	1.0	41	0	0	0	1.0
AF_inner	healthy_vs_degenerated_severe	ESRRA	0.025	0.11427885866676218	40	1	1	0	0.35085614502953305
AF_inner	healthy_vs_degenerated_severe	HOXD3	0.0	1.0	9	0	0	0	1.0
AF_inner	healthy_vs_degenerated_severe	IRF9	0.0	1.0	17	0	0	0	1.0
AF_inner	healthy_vs_degenerated_severe	TFE3	0.06060606060606061	0.004455986050767845	33	2	2	0	0.04885222938864558
AF_inner	healthy_vs_degenerated_severe	ZNF236	0.0	1.0	7	0	0	0	1.0
AF_inner	healthy_vs_degenerated_severe	TFAP2C	0.0	1.0	24	0	0	0	1.0
AF_inner	healthy_vs_degenerated_severe	PAX8	0.0	0.002369937533244566	24	2	1	1	0.03130106175983389
AF_inner	healthy_vs_degenerated_severe	NKX2-1	0.0	1.0	44	0	0	0	1.0
AF_inner	healthy_vs_degenerated_severe	PBX1	0.0	1.0	43	0	0	0	1.0
AF_inner	healthy_vs_degenerated_severe	SP4	0.024390243902439025	0.11696546038619833	41	1	1	0	0.35598183595799493
AF_inner	healthy_vs_degenerated_severe	CIITA	0.0	1.0	26	0	0	0	1.0
AF_inner	healthy_vs_degenerated_severe	CDX2	-0.022727272727272728	0.12497750077877032	44	1	0	1	0.37069597688618316
AF_inner	healthy_vs_degenerated_severe	ELF3	0.045454545454545456	0.06452928336444959	22	1	1	0	0.2468333243448891
AF_inner	healthy_vs_degenerated_severe	ELF5	0.0	1.0	7	0	0	0	1.0
AF_inner	healthy_vs_degenerated_severe	ZEB1	0.0	1.0	47	0	0	0	1.0
AF_inner	healthy_vs_degenerated_severe	EGR3	0.04	0.07300672827509082	25	1	1	0	0.26342633913692565
AF_inner	healthy_vs_degenerated_severe	EWSR1	0.0	0.010395006561454728	51	2	1	1	0.0856059363884507
AF_inner	healthy_vs_degenerated_severe	NAB2	-0.16666666666666666	0.0180186912399654	6	1	0	1	0.11466439879977983
AF_inner	healthy_vs_degenerated_severe	DEAF1	0.0	1.0	11	0	0	0	1.0
AF_inner	healthy_vs_degenerated_severe	TBPL1	0.0	1.0	30	0	0	0	1.0
AF_inner	healthy_vs_degenerated_severe	MEF2C	0.03508771929824561	2.582652327436524e-05	57	4	3	1	0.0012052377528037111
AF_inner	healthy_vs_degenerated_severe	POU4F2	-0.043478260869565216	0.06736349490843666	23	1	0	1	0.2521628151652709
AF_inner	healthy_vs_degenerated_severe	TAL1	0.0	1.0	79	0	0	0	1.0
AF_inner	healthy_vs_degenerated_severe	EPAS1	0.024691358024691357	0.024945320677955952	81	2	2	0	0.1374938935005446
AF_inner	healthy_vs_degenerated_severe	SMARCA1	0.0	1.0	41	0	0	0	1.0
AF_inner	healthy_vs_degenerated_severe	NFATC4	0.06060606060606061	0.004455986050767845	33	2	2	0	0.04885222938864558
AF_inner	healthy_vs_degenerated_severe	FOXM1	0.024691358024691357	0.024945320677955952	81	2	2	0	0.1374938935005446
AF_inner	healthy_vs_degenerated_severe	MYF5	0.0	1.0	17	0	0	0	1.0
AF_inner	healthy_vs_degenerated_severe	MYOG	0.0	1.0	42	0	0	0	1.0
AF_inner	healthy_vs_degenerated_severe	SMAD7	-0.01818181818181818	0.15375083233250053	55	1	0	1	0.42708564536805704
AF_inner	healthy_vs_degenerated_severe	SOX10	0.0	1.0	25	0	0	0	1.0
AF_inner	healthy_vs_degenerated_severe	POU3F1	0.0	1.0	14	0	0	0	1.0
AF_inner	healthy_vs_degenerated_severe	NKRF	0.125	0.02395400706543983	8	1	1	0	0.13414243956646305
AF_inner	healthy_vs_degenerated_severe	ATF6	0.02127659574468085	0.13291837846623464	47	1	1	0	0.38606997894756945
AF_inner	healthy_vs_degenerated_severe	HOPX	0.0	1.0	5	0	0	0	1.0
AF_inner	healthy_vs_degenerated_severe	NKX6-1	0.0	1.0	8	0	0	0	1.0
AF_inner	healthy_vs_degenerated_severe	ERG	0.022222222222222223	0.12763233632608142	45	1	1	0	0.37381855827722593
AF_inner	healthy_vs_degenerated_severe	PITX3	0.0	1.0	20	0	0	0	1.0
AF_inner	healthy_vs_degenerated_severe	HOXB2	0.16666666666666666	0.0180186912399654	6	1	1	0	0.11466439879977983
AF_inner	healthy_vs_degenerated_severe	SATB1	0.0	1.0	39	0	0	0	1.0
AF_inner	healthy_vs_degenerated_severe	NFKB2	0.019230769230769232	0.14599671261106012	52	1	1	0	0.4137558656993607
AF_inner	healthy_vs_degenerated_severe	RORA	0.01818181818181818	0.15375083233250053	55	1	1	0	0.42708564536805704
AF_inner	healthy_vs_degenerated_severe	PROX1	0.0	1.0	25	0	0	0	1.0
AF_inner	healthy_vs_degenerated_severe	KLF3	0.0	1.0	10	0	0	0	1.0
AF_inner	healthy_vs_degenerated_severe	PEG3	0.14285714285714285	0.020990751354056553	7	1	1	0	0.12666832713654816
AF_inner	healthy_vs_degenerated_severe	NR2E3	0.0	1.0	10	0	0	0	1.0
AF_inner	healthy_vs_degenerated_severe	NCOR2	0.018867924528301886	0.14858911424558058	53	1	1	0	0.4177204014936
AF_inner	healthy_vs_degenerated_severe	NCOA3	0.0	1.0	68	0	0	0	1.0
AF_inner	healthy_vs_degenerated_severe	ZFHX3	0.0	1.0	8	0	0	0	1.0
AF_inner	healthy_vs_degenerated_severe	SMAD1	0.05	0.0007870156877544504	60	3	3	0	0.015931921004812666
AF_inner	healthy_vs_degenerated_severe	SPDEF	0.0	1.0	13	0	0	0	1.0
AF_inner	healthy_vs_degenerated_severe	PAX2	0.0	1.0	17	0	0	0	1.0
AF_inner	healthy_vs_degenerated_severe	KLF13	0.0	1.0	14	0	0	0	1.0
AF_inner	healthy_vs_degenerated_severe	GTF2IRD1	0.0	1.0	6	0	0	0	1.0
AF_inner	healthy_vs_degenerated_severe	MAFB	0.03225806451612903	0.08973665752066731	31	1	1	0	0.3005533983945795
AF_inner	healthy_vs_degenerated_severe	NR2F6	0.0	1.0	7	0	0	0	1.0
AF_inner	healthy_vs_degenerated_severe	ELK3	0.047619047619047616	0.06168664266606785	21	1	1	0	0.24534460151276982
AF_inner	healthy_vs_degenerated_severe	KLF6	0.041666666666666664	0.009249518576766124	48	2	2	0	0.0799341111572381
AF_inner	healthy_vs_degenerated_severe	SNAI1	0.0	1.0	88	0	0	0	1.0
AF_inner	healthy_vs_degenerated_severe	HESX1	0.0	1.0	18	0	0	0	1.0
AF_inner	healthy_vs_degenerated_severe	BACH2	0.0	1.0	6	0	0	0	1.0
AF_inner	healthy_vs_degenerated_severe	PATZ1	0.0	1.0	9	0	0	0	1.0
AF_inner	healthy_vs_degenerated_severe	ZHX2	0.0	1.0	11	0	0	0	1.0
AF_inner	healthy_vs_degenerated_severe	ONECUT1	0.0	1.0	22	0	0	0	1.0
AF_inner	healthy_vs_degenerated_severe	RXRA	0.012987012987012988	0.20854669667324255	77	1	1	0	0.5426865712686609
AF_inner	healthy_vs_degenerated_severe	NR1H2	0.02702702702702703	0.10617096347612447	37	1	1	0	0.33477330825805013
AF_inner	healthy_vs_degenerated_severe	KAT5	0.0	1.0	48	0	0	0	1.0
AF_inner	healthy_vs_degenerated_severe	GBX2	0.0	1.0	6	0	0	0	1.0
AF_inner	healthy_vs_degenerated_severe	YBX3	-0.043478260869565216	0.06736349490843666	23	1	0	1	0.2521628151652709
AF_inner	healthy_vs_degenerated_severe	SMAD6	0.0	1.0	23	0	0	0	1.0
AF_inner	healthy_vs_degenerated_severe	MYBL1	0.0	1.0	11	0	0	0	1.0
AF_inner	healthy_vs_degenerated_severe	CDX1	0.038461538461538464	0.07581579879546928	26	1	1	0	0.26668873948155025
AF_inner	healthy_vs_degenerated_severe	TFDP1	0.0	1.0	31	0	0	0	1.0
AF_inner	healthy_vs_degenerated_severe	KLF12	0.0	1.0	9	0	0	0	1.0
AF_inner	healthy_vs_degenerated_severe	KMT2A	0.0	1.0	66	0	0	0	1.0
AF_inner	healthy_vs_degenerated_severe	GATA2	0.0	1.0	67	0	0	0	1.0
AF_inner	healthy_vs_degenerated_severe	PRDM1	0.022222222222222223	0.12763233632608142	45	1	1	0	0.37381855827722593
AF_inner	healthy_vs_degenerated_severe	MXD1	0.0	1.0	22	0	0	0	1.0
AF_inner	healthy_vs_degenerated_severe	CLOCK	0.0	1.0	56	0	0	0	1.0
AF_inner	healthy_vs_degenerated_severe	BHLHE40	-0.03225806451612903	0.08973665752066731	31	1	0	1	0.3005533983945795
AF_inner	healthy_vs_degenerated_severe	SRY	0.029411764705882353	0.09799044185564211	34	1	1	0	0.31464820779334624
AF_inner	healthy_vs_degenerated_severe	MAF	0.0	1.0	41	0	0	0	1.0
AF_inner	healthy_vs_degenerated_severe	AIRE	0.08333333333333333	0.03571949513480959	12	1	1	0	0.17988234959976052
AF_inner	healthy_vs_degenerated_severe	ZGPAT	0.0	1.0	9	0	0	0	1.0
AF_inner	healthy_vs_degenerated_severe	ETV1	0.0	1.0	19	0	0	0	1.0
AF_inner	healthy_vs_degenerated_severe	KLF4	0.0	0.041559898951018304	107	2	1	1	0.19790428071913477
AF_inner	healthy_vs_degenerated_severe	EGR2	0.017543859649122806	0.0006772275326979636	57	3	2	1	0.014814352277767954
AF_inner	healthy_vs_degenerated_severe	SIX4	0.0	1.0	5	0	0	0	1.0
AF_inner	healthy_vs_degenerated_severe	NEUROG3	0.0	1.0	18	0	0	0	1.0
AF_inner	healthy_vs_degenerated_severe	CXXC1	0.0	1.0	19	0	0	0	1.0
AF_inner	healthy_vs_degenerated_severe	TBX21	0.0	1.0	34	0	0	0	1.0
AF_inner	healthy_vs_degenerated_severe	HOXA10	0.022727272727272728	0.12497750077877032	44	1	1	0	0.37069597688618316
AF_inner	healthy_vs_degenerated_severe	LMX1B	0.0	1.0	16	0	0	0	1.0
AF_inner	healthy_vs_degenerated_severe	TBX2	0.0	1.0	26	0	0	0	1.0
AF_inner	healthy_vs_degenerated_severe	ZNF699	0.0	1.0	39	0	0	0	1.0
AF_inner	healthy_vs_degenerated_severe	RFX5	0.0	1.0	18	0	0	0	1.0
AF_inner	healthy_vs_degenerated_severe	RFXANK	0.0	1.0	13	0	0	0	1.0
AF_inner	healthy_vs_degenerated_severe	RFXAP	0.0	1.0	12	0	0	0	1.0
AF_inner	healthy_vs_degenerated_severe	BARX2	0.0	1.0	12	0	0	0	1.0
AF_inner	healthy_vs_degenerated_severe	FOXO4	-0.038461538461538464	0.07581579879546928	26	1	0	1	0.26668873948155025
AF_inner	healthy_vs_degenerated_severe	DLX5	0.03125	0.09249609876786342	32	1	1	0	0.3039777893779549
AF_inner	healthy_vs_degenerated_severe	ID4	0.0	1.0	12	0	0	0	1.0
AF_inner	healthy_vs_degenerated_severe	SPIB	0.0	1.0	12	0	0	0	1.0
AF_inner	healthy_vs_degenerated_severe	FOXN1	0.0	1.0	39	0	0	0	1.0
AF_inner	healthy_vs_degenerated_severe	TBX5	0.05263157894736842	0.055975975646907206	19	1	1	0	0.23185315356707126
AF_inner	healthy_vs_degenerated_severe	TLX1	0.0	1.0	8	0	0	0	1.0
AF_inner	healthy_vs_degenerated_severe	HIVEP1	-0.125	0.02395400706543983	8	1	0	1	0.13414243956646305
AF_inner	healthy_vs_degenerated_severe	SMAD2	0.011904761904761904	0.22524191221512546	84	1	1	0	0.57543554215543
AF_inner	healthy_vs_degenerated_severe	NKX3-1	0.0	0.015561456467313085	63	2	1	1	0.11115326048080776
AF_inner	healthy_vs_degenerated_severe	HAND1	0.0	1.0	10	0	0	0	1.0
AF_inner	healthy_vs_degenerated_severe	HAND2	0.03571428571428571	0.08140896873696142	28	1	1	0	0.28211028770234153
AF_inner	healthy_vs_degenerated_severe	PAX7	0.0	1.0	11	0	0	0	1.0
AF_inner	healthy_vs_degenerated_severe	SFPQ	0.038461538461538464	0.07581579879546928	26	1	1	0	0.26668873948155025
AF_inner	healthy_vs_degenerated_severe	BMAL1	0.020833333333333332	0.1355496308043084	48	1	1	0	0.38887189165170444
AF_inner	healthy_vs_degenerated_severe	SKIL	0.0	1.0	19	0	0	0	1.0
AF_inner	healthy_vs_degenerated_severe	TBXT	0.0	1.0	11	0	0	0	1.0
AF_inner	healthy_vs_degenerated_severe	MSX2	0.0	1.0	35	0	0	0	1.0
AF_inner	healthy_vs_degenerated_severe	MZF1	0.0	1.0	18	0	0	0	1.0
AF_inner	healthy_vs_degenerated_severe	HOXA5	0.0	1.0	14	0	0	0	1.0
AF_inner	healthy_vs_degenerated_severe	HOXB4	0.0	1.0	10	0	0	0	1.0
AF_inner	healthy_vs_degenerated_severe	CREB3	0.1	0.029854207274652083	10	1	1	0	0.15595481412131687
AF_inner	healthy_vs_degenerated_severe	NFE2	0.0	1.0	16	0	0	0	1.0
AF_inner	healthy_vs_degenerated_severe	ZNF76	0.0	1.0	7	0	0	0	1.0
AF_inner	healthy_vs_degenerated_severe	FOXQ1	0.06666666666666667	0.04445240808755774	15	1	1	0	0.20205640039798972
AF_inner	healthy_vs_degenerated_severe	ZGLP1	0.0	1.0	16	0	0	0	1.0
AF_inner	healthy_vs_degenerated_severe	NFYB	0.02857142857142857	0.10072539116425348	35	1	1	0	0.3190397005202599
AF_inner	healthy_vs_degenerated_severe	ETV3	0.0	1.0	11	0	0	0	1.0
AF_inner	healthy_vs_degenerated_severe	GSC	0.0	1.0	9	0	0	0	1.0
AF_inner	healthy_vs_degenerated_severe	IRF7	0.0	1.0	14	0	0	0	1.0
AF_inner	healthy_vs_degenerated_severe	NFATC3	0.0	0.0025710651687296552	25	2	1	1	0.03330586185267508
AF_inner	healthy_vs_degenerated_severe	KDM5A	0.0	1.0	15	0	0	0	1.0
AF_inner	healthy_vs_degenerated_severe	GRHL3	0.0	1.0	23	0	0	0	1.0
AF_inner	healthy_vs_degenerated_severe	THRA	0.0	1.0	60	0	0	0	1.0
AF_inner	healthy_vs_degenerated_severe	SOX17	-0.02631578947368421	0.1088816335443024	38	1	0	1	0.340255104825945
AF_inner	healthy_vs_degenerated_severe	ZIC2	0.0	1.0	6	0	0	0	1.0
AF_inner	healthy_vs_degenerated_severe	TBX15	0.0	1.0	27	0	0	0	1.0
AF_inner	healthy_vs_degenerated_severe	NFAT5	0.046511627906976744	0.007475843801837225	43	2	2	0	0.07071744136873051
AF_inner	healthy_vs_degenerated_severe	MEF2B	0.0	1.0	5	0	0	0	1.0
AF_inner	healthy_vs_degenerated_severe	BMAL2	0.0	1.0	7	0	0	0	1.0
AF_inner	healthy_vs_degenerated_severe	NFE2L2	-0.005813953488372093	0.015142412504040116	172	3	1	2	0.1092751417817328
AF_inner	healthy_vs_degenerated_severe	ZIC1	0.0	1.0	11	0	0	0	1.0
AF_inner	healthy_vs_degenerated_severe	MEIS1	0.0	1.0	16	0	0	0	1.0
AF_inner	healthy_vs_degenerated_severe	HOXA9	0.0	1.0	35	0	0	0	1.0
AF_inner	healthy_vs_degenerated_severe	MAFA	0.0	1.0	13	0	0	0	1.0
AF_inner	healthy_vs_degenerated_severe	NR1D1	0.047619047619047616	0.06168664266606785	21	1	1	0	0.24534460151276982
AF_inner	healthy_vs_degenerated_severe	MYF6	0.0	1.0	8	0	0	0	1.0
AF_inner	healthy_vs_degenerated_severe	ZNF263	0.0	1.0	9	0	0	0	1.0
AF_inner	healthy_vs_degenerated_severe	NFIA	0.0	1.0	44	0	0	0	1.0
AF_inner	healthy_vs_degenerated_severe	HEY2	0.0	1.0	15	0	0	0	1.0
AF_inner	healthy_vs_degenerated_severe	HOXB7	0.0	0.0013290417861806074	18	2	1	1	0.02215069643634346
AF_inner	healthy_vs_degenerated_severe	ZNF350	0.0	1.0	9	0	0	0	1.0
AF_inner	healthy_vs_degenerated_severe	BCL11A	0.0	1.0	9	0	0	0	1.0
AF_inner	healthy_vs_degenerated_severe	TWIST1	0.028985507246376812	0.01847999632132629	69	2	2	0	0.11654051734169733
AF_inner	healthy_vs_degenerated_severe	ZNF395	0.0	1.0	5	0	0	0	1.0
AF_inner	healthy_vs_degenerated_severe	TFDP2	0.0	1.0	6	0	0	0	1.0
AF_inner	healthy_vs_degenerated_severe	GTF3A	0.047619047619047616	0.06168664266606785	21	1	1	0	0.24534460151276982
AF_inner	healthy_vs_degenerated_severe	KLF10	-0.041666666666666664	0.07018930175083628	24	1	0	1	0.2572382786679864
AF_inner	healthy_vs_degenerated_severe	KLF2	-0.02	0.14078871189257777	50	1	0	1	0.4022534625502222
AF_inner	healthy_vs_degenerated_severe	PHF20	0.0	1.0	9	0	0	0	1.0
AF_inner	healthy_vs_degenerated_severe	TGIF1	0.0	1.0	9	0	0	0	1.0
AF_inner	healthy_vs_degenerated_severe	FOXG1	0.0	1.0	16	0	0	0	1.0
AF_inner	healthy_vs_degenerated_severe	SF1	0.0	1.0	8	0	0	0	1.0
AF_inner	healthy_vs_degenerated_severe	MBD2	0.0	1.0	76	0	0	0	1.0
AF_inner	healthy_vs_degenerated_severe	FOXF2	0.0	1.0	11	0	0	0	1.0
AF_inner	healthy_vs_degenerated_severe	ZBTB32	0.0	1.0	5	0	0	0	1.0
AF_inner	healthy_vs_degenerated_severe	HEY1	-0.038461538461538464	0.07581579879546928	26	1	0	1	0.26668873948155025
AF_inner	healthy_vs_degenerated_severe	ZBTB17	-0.02564102564102564	0.1115842574859309	39	1	0	1	0.34409242396542566
AF_inner	healthy_vs_degenerated_severe	IRF5	0.0	1.0	20	0	0	0	1.0
AF_inner	healthy_vs_degenerated_severe	THRB	0.023255813953488372	0.12231475830784787	43	1	1	0	0.3674692309677833
AF_inner	healthy_vs_degenerated_severe	POU3F2	0.0	1.0	21	0	0	0	1.0
AF_inner	healthy_vs_degenerated_severe	FOXI1	0.0	1.0	7	0	0	0	1.0
AF_inner	healthy_vs_degenerated_severe	KCNIP3	0.0	1.0	12	0	0	0	1.0
AF_inner	healthy_vs_degenerated_severe	FOSB	0.0	1.0	32	0	0	0	1.0
AF_inner	healthy_vs_degenerated_severe	NFE2L1	0.0	1.0	9	0	0	0	1.0
AF_inner	healthy_vs_degenerated_severe	TRERF1	0.0	1.0	11	0	0	0	1.0
AF_inner	healthy_vs_degenerated_severe	FOXP1	0.0	1.0	17	0	0	0	1.0
AF_inner	healthy_vs_degenerated_severe	FOXP2	0.0	1.0	6	0	0	0	1.0
AF_inner	healthy_vs_degenerated_severe	BARX1	0.125	0.02395400706543983	8	1	1	0	0.13414243956646305
AF_inner	healthy_vs_degenerated_severe	ZFPM2	0.0	1.0	8	0	0	0	1.0
AF_inner	healthy_vs_degenerated_severe	IKZF1	0.0	1.0	32	0	0	0	1.0
AF_inner	healthy_vs_degenerated_severe	BCL3	0.0	1.0	24	0	0	0	1.0
AF_inner	healthy_vs_degenerated_severe	SP2	0.0	1.0	19	0	0	0	1.0
AF_inner	healthy_vs_degenerated_severe	SIM2	0.0	1.0	9	0	0	0	1.0
AF_inner	healthy_vs_degenerated_severe	NFATC1	0.034482758620689655	6.251868215710067e-06	87	5	4	1	0.00039784615918154965
AF_inner	healthy_vs_degenerated_severe	POU2F3	0.0	1.0	6	0	0	0	1.0
AF_inner	healthy_vs_degenerated_severe	HOXA7	0.0	1.0	12	0	0	0	1.0
AF_inner	healthy_vs_degenerated_severe	NPAS2	0.0	1.0	8	0	0	0	1.0
AF_inner	healthy_vs_degenerated_severe	DLX2	0.0	1.0	18	0	0	0	1.0
AF_inner	healthy_vs_degenerated_severe	PRRX1	0.16666666666666666	0.0180186912399654	6	1	1	0	0.11466439879977983
AF_inner	healthy_vs_degenerated_severe	VEZF1	0.0	1.0	6	0	0	0	1.0
AF_inner	healthy_vs_degenerated_severe	CTBP2	0.0	1.0	12	0	0	0	1.0
AF_inner	healthy_vs_degenerated_severe	SOX6	0.0	1.0	19	0	0	0	1.0
AF_inner	healthy_vs_degenerated_severe	HIPK2	-0.125	0.02395400706543983	8	1	0	1	0.13414243956646305
AF_inner	healthy_vs_degenerated_severe	FOXA3	0.0	1.0	9	0	0	0	1.0
AF_inner	healthy_vs_degenerated_severe	RORC	0.0	1.0	8	0	0	0	1.0
AF_inner	healthy_vs_degenerated_severe	SIX3	0.0	1.0	5	0	0	0	1.0
AF_inner	healthy_vs_degenerated_severe	PPARD	0.011904761904761904	0.002083037764111854	84	3	2	1	0.028590714409378385
AF_inner	healthy_vs_degenerated_severe	MECOM	0.0	1.0	18	0	0	0	1.0
AF_inner	healthy_vs_degenerated_severe	SIRT1	0.0	1.0	53	0	0	0	1.0
AF_inner	healthy_vs_degenerated_severe	ZBTB7B	0.0	1.0	14	0	0	0	1.0
AF_inner	healthy_vs_degenerated_severe	ZBTB7A	0.0	1.0	34	0	0	0	1.0
AF_inner	healthy_vs_degenerated_severe	NR6A1	0.0	1.0	9	0	0	0	1.0
AF_inner	healthy_vs_degenerated_severe	STAT2	0.02564102564102564	0.1115842574859309	39	1	1	0	0.34409242396542566
AF_inner	healthy_vs_degenerated_severe	ESRRG	0.0	1.0	20	0	0	0	1.0
AF_inner	healthy_vs_degenerated_severe	PRDM2	0.0	1.0	10	0	0	0	1.0
AF_inner	healthy_vs_degenerated_severe	PURA	0.0	1.0	16	0	0	0	1.0
AF_inner	healthy_vs_degenerated_severe	TBX1	0.0	1.0	9	0	0	0	1.0
AF_inner	healthy_vs_degenerated_severe	SALL2	0.0	1.0	5	0	0	0	1.0
AF_inner	healthy_vs_degenerated_severe	ATOH1	0.0	1.0	5	0	0	0	1.0
AF_inner	healthy_vs_degenerated_severe	NEUROD6	0.0	1.0	9	0	0	0	1.0
AF_inner	healthy_vs_degenerated_severe	NEUROG1	0.0	1.0	10	0	0	0	1.0
AF_inner	healthy_vs_degenerated_severe	NEUROG2	0.0	1.0	15	0	0	0	1.0
AF_inner	healthy_vs_degenerated_severe	AHRR	0.0	1.0	5	0	0	0	1.0
AF_inner	healthy_vs_degenerated_severe	HMGB2	0.0	1.0	9	0	0	0	1.0
AF_inner	healthy_vs_degenerated_severe	DLX3	0.07692307692307693	0.03863911014019928	13	1	1	0	0.19047448660661614
AF_inner	healthy_vs_degenerated_severe	TWIST2	0.030303030303030304	0.09524735229027267	33	1	1	0	0.3105406909734225
AF_inner	healthy_vs_degenerated_severe	TFAP4	0.0	1.0	35	0	0	0	1.0
AF_inner	healthy_vs_degenerated_severe	KAT6B	0.0	1.0	7	0	0	0	1.0
AF_inner	healthy_vs_degenerated_severe	SALL3	0.0	1.0	9	0	0	0	1.0
AF_inner	healthy_vs_degenerated_severe	MXI1	0.0	1.0	9	0	0	0	1.0
AF_inner	healthy_vs_degenerated_severe	E2F5	0.0	1.0	10	0	0	0	1.0
AF_inner	healthy_vs_degenerated_severe	E2F2	0.0	1.0	49	0	0	0	1.0
AF_inner	healthy_vs_degenerated_severe	FOXD3	0.0	1.0	14	0	0	0	1.0
AF_inner	healthy_vs_degenerated_severe	POU5F1	-0.014084507042253521	0.19395666298693623	71	1	0	1	0.5123383550598315
AF_inner	healthy_vs_degenerated_severe	PLAGL1	0.0	1.0	16	0	0	0	1.0
AF_inner	healthy_vs_degenerated_severe	SNAI2	0.0	1.0	44	0	0	0	1.0
AF_inner	healthy_vs_degenerated_severe	NOTCH1	0.0196078431372549	0.0004881592038922262	51	3	2	1	0.013142747797098397
AF_inner	healthy_vs_degenerated_severe	FOXC2	0.0	1.0	17	0	0	0	1.0
AF_inner	healthy_vs_degenerated_severe	FOXD1	0.0	1.0	6	0	0	0	1.0
AF_inner	healthy_vs_degenerated_severe	KLF9	0.0	1.0	22	0	0	0	1.0
AF_inner	healthy_vs_degenerated_severe	TBPL2	0.0	1.0	8	0	0	0	1.0
AF_inner	healthy_vs_degenerated_severe	NFIL3	-0.045454545454545456	0.06452928336444959	22	1	0	1	0.2468333243448891
AF_inner	healthy_vs_degenerated_severe	ZNF384	0.05263157894736842	0.055975975646907206	19	1	1	0	0.23185315356707126
AF_inner	healthy_vs_degenerated_severe	HOXA11	0.0	1.0	6	0	0	0	1.0
AF_inner	healthy_vs_degenerated_severe	MEF2D	0.0	1.0	20	0	0	0	1.0
AF_inner	healthy_vs_degenerated_severe	SMAD5	0.0	0.0041939788575876425	32	2	1	1	0.04885222938864558
AF_inner	healthy_vs_degenerated_severe	PBX2	0.0	1.0	8	0	0	0	1.0
AF_inner	healthy_vs_degenerated_severe	EMX2	0.0	1.0	7	0	0	0	1.0
AF_inner	healthy_vs_degenerated_severe	MLXIPL	0.0	1.0	14	0	0	0	1.0
AF_inner	healthy_vs_degenerated_severe	ZBTB33	0.0	1.0	10	0	0	0	1.0
AF_inner	healthy_vs_degenerated_severe	ETV2	0.0	1.0	7	0	0	0	1.0
AF_inner	healthy_vs_degenerated_severe	KLF15	0.05263157894736842	0.055975975646907206	19	1	1	0	0.23185315356707126
AF_inner	healthy_vs_degenerated_severe	DNMT3A	0.0	0.011191827615996613	53	2	1	1	0.09093649733683809
AF_inner	healthy_vs_degenerated_severe	DNMT3B	0.0	0.016510210505672637	65	2	1	1	0.11442720152446381
AF_inner	healthy_vs_degenerated_severe	OLIG1	0.0	1.0	5	0	0	0	1.0
AF_inner	healthy_vs_degenerated_severe	OLIG2	0.0	1.0	15	0	0	0	1.0
AF_inner	healthy_vs_degenerated_severe	RREB1	0.0	1.0	7	0	0	0	1.0
AF_inner	healthy_vs_degenerated_severe	ZNF202	0.0	1.0	6	0	0	0	1.0
AF_inner	healthy_vs_degenerated_severe	MAFG	0.0	1.0	9	0	0	0	1.0
AF_inner	healthy_vs_degenerated_severe	TEF	0.0	1.0	12	0	0	0	1.0
AF_inner	healthy_vs_degenerated_severe	HOXD13	0.058823529411764705	0.05023129683385124	17	1	1	0	0.2170488134796041
AF_inner	healthy_vs_degenerated_severe	ZKSCAN7	0.0	1.0	11	0	0	0	1.0
AF_inner	healthy_vs_degenerated_severe	BACH1	-0.06666666666666667	0.04445240808755774	15	1	0	1	0.20205640039798972
AF_inner	healthy_vs_degenerated_severe	MYT1	0.0	1.0	6	0	0	0	1.0
AF_inner	healthy_vs_degenerated_severe	ZNF160	0.0	1.0	5	0	0	0	1.0
AF_inner	healthy_vs_degenerated_severe	TEAD4	0.125	0.02395400706543983	8	1	1	0	0.13414243956646305
AF_inner	healthy_vs_degenerated_severe	GCM1	0.0	1.0	9	0	0	0	1.0
AF_inner	healthy_vs_degenerated_severe	BHLHE41	-0.045454545454545456	0.06452928336444959	22	1	0	1	0.2468333243448891
AF_inner	healthy_vs_degenerated_severe	MTA1	0.022727272727272728	0.12497750077877032	44	1	1	0	0.37069597688618316
AF_inner	healthy_vs_degenerated_severe	EHF	0.0	1.0	11	0	0	0	1.0
AF_inner	healthy_vs_degenerated_severe	TCF7L2	0.030927835051546393	1.0661146741398997e-05	97	5	4	1	0.0006219002265816082
AF_inner	healthy_vs_degenerated_severe	VSX2	0.0	1.0	28	0	0	0	1.0
AF_inner	healthy_vs_degenerated_severe	TSC22D1	0.0	1.0	7	0	0	0	1.0
AF_inner	healthy_vs_degenerated_severe	SOX5	0.058823529411764705	0.05023129683385124	17	1	1	0	0.2170488134796041
AF_inner	healthy_vs_degenerated_severe	SOX2	-0.017857142857142856	0.15632019350048315	56	1	0	1	0.43080368287534726
AF_inner	healthy_vs_degenerated_severe	NKX3-2	0.0	1.0	7	0	0	0	1.0
AF_inner	healthy_vs_degenerated_severe	PAX9	0.0	1.0	8	0	0	0	1.0
AF_inner	healthy_vs_degenerated_severe	TCF21	0.0	1.0	9	0	0	0	1.0
AF_inner	healthy_vs_degenerated_severe	HIC1	0.0	0.0018136607880881003	21	2	1	1	0.0279562315308993
AF_inner	healthy_vs_degenerated_severe	ZEB2	0.0	1.0	26	0	0	0	1.0
AF_inner	healthy_vs_degenerated_severe	ZNF335	0.0	1.0	7	0	0	0	1.0
AF_inner	healthy_vs_degenerated_severe	NONO	0.0	1.0	17	0	0	0	1.0
AF_inner	healthy_vs_degenerated_severe	CEBPZ	0.0	1.0	16	0	0	0	1.0
AF_inner	healthy_vs_degenerated_severe	SIX1	0.0	1.0	10	0	0	0	1.0
AF_inner	healthy_vs_degenerated_severe	NFIX	0.0	1.0	21	0	0	0	1.0
AF_inner	healthy_vs_degenerated_severe	MNT	0.0	1.0	10	0	0	0	1.0
AF_inner	healthy_vs_degenerated_severe	KDM5D	0.0	1.0	5	0	0	0	1.0
AF_inner	healthy_vs_degenerated_severe	TBX6	0.0	1.0	8	0	0	0	1.0
AF_inner	healthy_vs_degenerated_severe	HOXA1	0.0	1.0	23	0	0	0	1.0
AF_inner	healthy_vs_degenerated_severe	BCL11B	0.0	1.0	20	0	0	0	1.0
AF_inner	healthy_vs_degenerated_severe	RXRB	0.0	1.0	11	0	0	0	1.0
AF_inner	healthy_vs_degenerated_severe	E2F6	0.0	1.0	37	0	0	0	1.0
AF_inner	healthy_vs_degenerated_severe	HOXA13	0.0	1.0	13	0	0	0	1.0
AF_inner	healthy_vs_degenerated_severe	KAT6A	0.0	1.0	12	0	0	0	1.0
AF_inner	healthy_vs_degenerated_severe	GFI1	0.0	1.0	43	0	0	0	1.0
AF_inner	healthy_vs_degenerated_severe	RUNX3	0.0	1.0	56	0	0	0	1.0
AF_inner	healthy_vs_degenerated_severe	GLI1	0.006711409395973154	0.0103015814545519	149	3	2	1	0.0856059363884507
AF_inner	healthy_vs_degenerated_severe	KLF8	0.0	1.0	19	0	0	0	1.0
AF_inner	healthy_vs_degenerated_severe	HIF3A	-0.16666666666666666	0.0180186912399654	6	1	0	1	0.11466439879977983
AF_inner	healthy_vs_degenerated_severe	BHLHA15	0.0	1.0	12	0	0	0	1.0
AF_inner	healthy_vs_degenerated_severe	MEOX2	0.0	1.0	6	0	0	0	1.0
AF_inner	healthy_vs_degenerated_severe	JARID2	0.0	1.0	12	0	0	0	1.0
AF_inner	healthy_vs_degenerated_severe	NFYC	-0.05	0.05883554829092594	20	1	0	1	0.23944699885841952
AF_inner	healthy_vs_degenerated_severe	GFI1B	0.0	1.0	10	0	0	0	1.0
AF_inner	healthy_vs_degenerated_severe	ASCL2	0.0	1.0	8	0	0	0	1.0
AF_inner	healthy_vs_degenerated_severe	MSC	0.0	1.0	23	0	0	0	1.0
AF_inner	healthy_vs_degenerated_severe	HOXB9	0.16666666666666666	0.0180186912399654	6	1	1	0	0.11466439879977983
AF_inner	healthy_vs_degenerated_severe	HLX	0.0	1.0	13	0	0	0	1.0
AF_inner	healthy_vs_degenerated_severe	RCOR2	0.0	1.0	13	0	0	0	1.0
AF_inner	healthy_vs_degenerated_severe	NKX2-2	0.0	1.0	12	0	0	0	1.0
AF_inner	healthy_vs_degenerated_severe	ARID4A	0.0	1.0	6	0	0	0	1.0
AF_inner	healthy_vs_degenerated_severe	HINFP	0.0	1.0	10	0	0	0	1.0
AF_inner	healthy_vs_degenerated_severe	SMARCC1	0.0	1.0	7	0	0	0	1.0
AF_inner	healthy_vs_degenerated_severe	KAT2B	0.0	1.0	14	0	0	0	1.0
AF_inner	healthy_vs_degenerated_severe	ZNF219	0.0	1.0	5	0	0	0	1.0
AF_inner	healthy_vs_degenerated_severe	HDGF	0.16666666666666666	0.0180186912399654	6	1	1	0	0.11466439879977983
AF_inner	healthy_vs_degenerated_severe	EP300	0.03389830508474576	0.013737809623422168	59	2	2	0	0.10567545864170899
AF_inner	healthy_vs_degenerated_severe	TRPS1	0.06666666666666667	0.04445240808755774	15	1	1	0	0.20205640039798972
AF_inner	healthy_vs_degenerated_severe	CTNNB1	0.011320754716981131	1.3631355894709714e-05	265	7	5	2	0.0007339960866382154
AF_inner	healthy_vs_degenerated_severe	PML	0.0	1.0	16	0	0	0	1.0
AF_inner	healthy_vs_degenerated_severe	KLF7	0.0	1.0	9	0	0	0	1.0
AF_inner	healthy_vs_degenerated_severe	PROP1	0.0	1.0	7	0	0	0	1.0
AF_inner	healthy_vs_degenerated_severe	LMO2	-0.041666666666666664	0.07018930175083628	24	1	0	1	0.2572382786679864
AF_inner	healthy_vs_degenerated_severe	TBX20	0.0	1.0	6	0	0	0	1.0
AF_inner	healthy_vs_degenerated_severe	MEOX1	0.0	1.0	7	0	0	0	1.0
AF_inner	healthy_vs_degenerated_severe	FOXL2	-0.05263157894736842	0.055975975646907206	19	1	0	1	0.23185315356707126
AF_inner	healthy_vs_degenerated_severe	HTATIP2	-0.0625	0.04734614113007612	16	1	0	1	0.20844213076134138
AF_inner	healthy_vs_degenerated_severe	EZH2	0.0078125	0.3225625491849528	128	1	1	0	0.800687178827897
AF_inner	healthy_vs_degenerated_severe	GLI2	0.008	0.3163256517736991	125	1	1	0	0.7879998442761187
AF_inner	healthy_vs_degenerated_severe	TCF7	0.125	0.0010464124497825032	16	2	2	0	0.018312217871193807
AF_inner	healthy_vs_degenerated_severe	FOXC1	0.0	1.0	15	0	0	0	1.0
AF_inner	healthy_vs_degenerated_severe	HOXB13	0.0	1.0	10	0	0	0	1.0
AF_inner	healthy_vs_degenerated_severe	ABL1	0.0	1.0	10	0	0	0	1.0
AF_inner	healthy_vs_degenerated_severe	TBX3	0.0	1.0	20	0	0	0	1.0
AF_inner	healthy_vs_degenerated_severe	HNF4G	0.0	1.0	8	0	0	0	1.0
AF_inner	healthy_vs_degenerated_severe	NFKBIZ	0.0	1.0	6	0	0	0	1.0
AF_inner	healthy_vs_degenerated_severe	PLAGL2	0.0	1.0	8	0	0	0	1.0
AF_inner	healthy_vs_degenerated_severe	TET1	0.0	1.0	13	0	0	0	1.0
AF_inner	healthy_vs_degenerated_severe	FOXH1	0.0	1.0	12	0	0	0	1.0
AF_inner	healthy_vs_degenerated_severe	FOXP3	0.0	0.005577597276602047	37	2	1	1	0.05577597276602047
AF_inner	healthy_vs_degenerated_severe	IKZF4	0.0	1.0	5	0	0	0	1.0
AF_inner	healthy_vs_degenerated_severe	HOXA2	0.0	1.0	7	0	0	0	1.0
AF_inner	healthy_vs_degenerated_severe	MLX	0.0	1.0	5	0	0	0	1.0
AF_inner	healthy_vs_degenerated_severe	CREB3L1	0.0	1.0	10	0	0	0	1.0
AF_inner	healthy_vs_degenerated_severe	TFDP3	0.0	1.0	5	0	0	0	1.0
AF_inner	healthy_vs_degenerated_severe	SP7	0.0625	0.0041939788575876425	32	2	2	0	0.04885222938864558
AF_inner	healthy_vs_degenerated_severe	OVOL1	0.0	1.0	8	0	0	0	1.0
AF_inner	healthy_vs_degenerated_severe	ZNF436	0.0	1.0	7	0	0	0	1.0
AF_inner	healthy_vs_degenerated_severe	ATF7	0.0	1.0	7	0	0	0	1.0
AF_inner	healthy_vs_degenerated_severe	HOXB3	0.0	1.0	6	0	0	0	1.0
AF_inner	healthy_vs_degenerated_severe	SCX	0.0	1.0	11	0	0	0	1.0
AF_inner	healthy_vs_degenerated_severe	NANOG	0.0	1.0	44	0	0	0	1.0
AF_inner	healthy_vs_degenerated_severe	ARX	0.05263157894736842	0.055975975646907206	19	1	1	0	0.23185315356707126
AF_inner	healthy_vs_degenerated_severe	VHL	-0.043478260869565216	0.06736349490843666	23	1	0	1	0.2521628151652709
AF_inner	healthy_vs_degenerated_severe	SOX4	0.0	1.0	22	0	0	0	1.0
AF_inner	healthy_vs_degenerated_severe	SMAD9	0.2	0.015037801133931588	5	1	1	0	0.1092751417817328
AF_inner	healthy_vs_degenerated_severe	ATF5	0.0	1.0	29	0	0	0	1.0
AF_inner	healthy_vs_degenerated_severe	CTCFL	0.0	1.0	10	0	0	0	1.0
AF_inner	healthy_vs_degenerated_severe	SP6	0.0	1.0	6	0	0	0	1.0
AF_inner	healthy_vs_degenerated_severe	SMARCA5	0.0	1.0	8	0	0	0	1.0
AF_inner	healthy_vs_degenerated_severe	EOMES	0.0	1.0	18	0	0	0	1.0
AF_inner	healthy_vs_degenerated_severe	LMO4	0.0	1.0	5	0	0	0	1.0
AF_inner	healthy_vs_degenerated_severe	TLX3	0.0	1.0	5	0	0	0	1.0
AF_inner	healthy_vs_degenerated_severe	ESRRB	0.0	1.0	9	0	0	0	1.0
AF_inner	healthy_vs_degenerated_severe	AEBP1	0.0	1.0	5	0	0	0	1.0
AF_inner	healthy_vs_degenerated_severe	LHX1	0.0	1.0	6	0	0	0	1.0
AF_inner	healthy_vs_degenerated_severe	ZXDC	0.0	1.0	6	0	0	0	1.0
AF_inner	healthy_vs_degenerated_severe	SPIC	0.0	1.0	7	0	0	0	1.0
AF_inner	healthy_vs_degenerated_severe	SALL1	0.2	0.015037801133931588	5	1	1	0	0.1092751417817328
AF_inner	healthy_vs_degenerated_severe	NR2E1	0.07692307692307693	0.03863911014019928	13	1	1	0	0.19047448660661614
AF_inner	healthy_vs_degenerated_severe	ZFP42	0.0	1.0	13	0	0	0	1.0
AF_inner	healthy_vs_degenerated_severe	HOXD4	0.0	1.0	6	0	0	0	1.0
AF_inner	healthy_vs_degenerated_severe	FOXF1	0.0	1.0	5	0	0	0	1.0
AF_inner	healthy_vs_degenerated_severe	MLXIP	0.0	1.0	5	0	0	0	1.0
AF_inner	healthy_vs_degenerated_severe	KMT2B	0.0	1.0	13	0	0	0	1.0
AF_inner	healthy_vs_degenerated_severe	NFIB	0.0	1.0	20	0	0	0	1.0
AF_inner	healthy_vs_degenerated_severe	EBF3	0.0	1.0	8	0	0	0	1.0
AF_inner	healthy_vs_degenerated_severe	EN1	0.0	1.0	9	0	0	0	1.0
AF_inner	healthy_vs_degenerated_severe	MTA3	0.0	1.0	11	0	0	0	1.0
AF_inner	healthy_vs_degenerated_severe	TBX18	0.0	1.0	10	0	0	0	1.0
AF_inner	healthy_vs_degenerated_severe	PRDM4	0.0	1.0	6	0	0	0	1.0
AF_inner	healthy_vs_degenerated_severe	MEIS2	0.0	1.0	7	0	0	0	1.0
AF_inner	healthy_vs_degenerated_severe	EGR4	0.0	1.0	13	0	0	0	1.0
AF_inner	healthy_vs_degenerated_severe	HSF4	0.0	1.0	10	0	0	0	1.0
AF_inner	healthy_vs_degenerated_severe	DLX1	0.0	1.0	7	0	0	0	1.0
AF_inner	healthy_vs_degenerated_severe	BCLAF1	0.0	1.0	8	0	0	0	1.0
AF_inner	healthy_vs_degenerated_severe	KDM5C	0.0	1.0	12	0	0	0	1.0
AF_inner	healthy_vs_degenerated_severe	AIP	0.0	1.0	5	0	0	0	1.0
AF_inner	healthy_vs_degenerated_severe	PTF1A	0.0	1.0	9	0	0	0	1.0
AF_inner	healthy_vs_degenerated_severe	FOSL2	0.029411764705882353	0.09799044185564211	34	1	1	0	0.31464820779334624
AF_inner	healthy_vs_degenerated_severe	MED1	0.0	1.0	13	0	0	0	1.0
AF_inner	healthy_vs_degenerated_severe	SON	0.0	1.0	5	0	0	0	1.0
AF_inner	healthy_vs_degenerated_severe	LYL1	0.0	1.0	12	0	0	0	1.0
AF_inner	healthy_vs_degenerated_severe	GLIS3	0.0	1.0	5	0	0	0	1.0
AF_inner	healthy_vs_degenerated_severe	HOXD1	0.0	1.0	5	0	0	0	1.0
AF_inner	healthy_vs_degenerated_severe	SALL4	0.0	1.0	19	0	0	0	1.0
AF_inner	healthy_vs_degenerated_severe	KDM5B	0.0	1.0	31	0	0	0	1.0
AF_inner	healthy_vs_degenerated_severe	TADA2A	0.0	1.0	7	0	0	0	1.0
AF_inner	healthy_vs_degenerated_severe	ARID5B	0.0	1.0	8	0	0	0	1.0
AF_inner	healthy_vs_degenerated_severe	FEZF1	0.0	1.0	6	0	0	0	1.0
AF_inner	healthy_vs_degenerated_severe	SATB2	0.0	0.0021766293967348787	23	2	1	1	0.02930078034066183
AF_inner	healthy_vs_degenerated_severe	NSD2	0.0	1.0	7	0	0	0	1.0
AF_inner	healthy_vs_degenerated_severe	PBRM1	0.0	1.0	8	0	0	0	1.0
AF_inner	healthy_vs_degenerated_severe	ZBTB4	0.0	1.0	13	0	0	0	1.0
AF_inner	healthy_vs_degenerated_severe	THAP11	0.0	1.0	6	0	0	0	1.0
AF_inner	healthy_vs_degenerated_severe	FOXJ1	0.0	1.0	14	0	0	0	1.0
AF_inner	healthy_vs_degenerated_severe	SHOX2	0.0	1.0	5	0	0	0	1.0
AF_inner	healthy_vs_degenerated_severe	TOX3	0.0	1.0	6	0	0	0	1.0
AF_inner	healthy_vs_degenerated_severe	PPARGC1A	0.0	1.0	24	0	0	0	1.0
AF_inner	healthy_vs_degenerated_severe	SOX3	0.0	1.0	5	0	0	0	1.0
AF_inner	healthy_vs_degenerated_severe	BATF	0.0	1.0	12	0	0	0	1.0
AF_inner	healthy_vs_degenerated_severe	ARID3B	0.0	1.0	5	0	0	0	1.0
AF_inner	healthy_vs_degenerated_severe	ZNF300	0.0	1.0	7	0	0	0	1.0
AF_inner	healthy_vs_degenerated_severe	NUPR1	0.0	1.0	6	0	0	0	1.0
AF_inner	healthy_vs_degenerated_severe	CREB3L3	0.0	1.0	5	0	0	0	1.0
AF_inner	healthy_vs_degenerated_severe	ZNF331	0.0	1.0	17	0	0	0	1.0
AF_inner	healthy_vs_degenerated_severe	RFX3	0.0	1.0	5	0	0	0	1.0
AF_inner	healthy_vs_degenerated_severe	ZNF382	-0.09090909090909091	0.032791202589182916	11	1	0	1	0.16898755470445886
AF_inner	healthy_vs_degenerated_severe	HOXD8	0.0	1.0	5	0	0	0	1.0
AF_inner	healthy_vs_degenerated_severe	LHX8	0.0	1.0	10	0	0	0	1.0
AF_inner	healthy_vs_degenerated_severe	GRHL2	0.0	1.0	6	0	0	0	1.0
AF_inner	healthy_vs_degenerated_severe	IRX1	0.0625	0.04734614113007612	16	1	1	0	0.20844213076134138
AF_inner	healthy_vs_degenerated_severe	SOX11	0.0	1.0	11	0	0	0	1.0
AF_inner	healthy_vs_degenerated_severe	IRF6	0.14285714285714285	0.0007965960502406334	14	2	2	0	0.015931921004812666
AF_inner	healthy_vs_degenerated_severe	E2F7	0.16666666666666666	0.0180186912399654	6	1	1	0	0.11466439879977983
AF_inner	healthy_vs_degenerated_severe	HEYL	0.0	1.0	5	0	0	0	1.0
AF_inner	healthy_vs_degenerated_severe	MECP2	0.0	1.0	26	0	0	0	1.0
AF_inner	healthy_vs_degenerated_severe	VENTX	0.0	1.0	5	0	0	0	1.0
AF_inner	healthy_vs_degenerated_severe	MAML1	0.0	1.0	5	0	0	0	1.0
AF_inner	healthy_vs_degenerated_severe	DMAP1	0.0	1.0	5	0	0	0	1.0
AF_inner	healthy_vs_degenerated_severe	LMX1A	0.2	0.015037801133931588	5	1	1	0	0.1092751417817328
AF_inner	healthy_vs_degenerated_severe	DOT1L	0.0	1.0	8	0	0	0	1.0
AF_inner	healthy_vs_degenerated_severe	ARID3A	0.0	1.0	6	0	0	0	1.0
AF_inner	healthy_vs_degenerated_severe	ARID1A	0.0	1.0	7	0	0	0	1.0
AF_inner	healthy_vs_degenerated_severe	ZBTB18	0.0	1.0	8	0	0	0	1.0
AF_inner	healthy_vs_degenerated_severe	ZNF804A	0.0	1.0	8	0	0	0	1.0
AF_inner	healthy_vs_degenerated_severe	TCF15	0.0	1.0	5	0	0	0	1.0
AF_inner	healthy_vs_degenerated_severe	NPM1	0.0	1.0	12	0	0	0	1.0
AF_inner	healthy_vs_degenerated_severe	SETBP1	-0.2	0.015037801133931588	5	1	0	1	0.1092751417817328
AF_inner	healthy_vs_degenerated_severe	KDM2A	0.0	1.0	10	0	0	0	1.0
AF_inner	healthy_vs_degenerated_severe	MKX	0.0	1.0	6	0	0	0	1.0
AF_inner	healthy_vs_degenerated_severe	ZFX	0.0	1.0	5	0	0	0	1.0
AF_inner	healthy_vs_degenerated_severe	KLF17	0.0	1.0	5	0	0	0	1.0
AF_inner	healthy_vs_degenerated_severe	HOXA4	0.0	1.0	5	0	0	0	1.0
AF_inner	healthy_vs_degenerated_severe	HDAC3	0.045454545454545456	0.06452928336444959	22	1	1	0	0.2468333243448891
AF_inner	healthy_vs_degenerated_severe	ASXL1	0.0	1.0	5	0	0	0	1.0
AF_inner	healthy_vs_degenerated_severe	BTG2	0.0	1.0	6	0	0	0	1.0
AF_inner	healthy_vs_degenerated_severe	CHD4	0.0	1.0	5	0	0	0	1.0
AF_inner	healthy_vs_degenerated_severe	CREB5	0.0	1.0	12	0	0	0	1.0
AF_inner	healthy_vs_degenerated_severe	CTBP1	0.0	1.0	9	0	0	0	1.0
AF_inner	healthy_vs_degenerated_severe	DACH1	0.16666666666666666	0.0180186912399654	6	1	1	0	0.11466439879977983
AF_inner	healthy_vs_degenerated_severe	HDAC1	0.02857142857142857	0.018987272505715174	70	2	2	0	0.11762027215929753
AF_inner	healthy_vs_degenerated_severe	HCFC1	0.0	1.0	7	0	0	0	1.0
AF_inner	healthy_vs_degenerated_severe	ETV7	0.0	1.0	9	0	0	0	1.0
AF_inner	healthy_vs_degenerated_severe	FHL2	0.0	1.0	7	0	0	0	1.0
AF_inner	healthy_vs_degenerated_severe	HDAC4	0.047619047619047616	3.3224323942345475e-05	21	3	2	1	0.0014535641724776145
AF_inner	healthy_vs_degenerated_severe	HDAC5	0.125	0.02395400706543983	8	1	1	0	0.13414243956646305
AF_inner	healthy_vs_degenerated_severe	HDAC7	0.0	1.0	12	0	0	0	1.0
AF_inner	healthy_vs_degenerated_severe	HDAC9	0.0	1.0	18	0	0	0	1.0
AF_inner	healthy_vs_degenerated_severe	ING4	-0.07142857142857142	0.0415500727625038	14	1	0	1	0.19790428071913477
AF_inner	healthy_vs_degenerated_severe	MYOCD	0.0	1.0	6	0	0	0	1.0
AF_inner	healthy_vs_degenerated_severe	PAWR	0.0	1.0	5	0	0	0	1.0
AF_inner	healthy_vs_degenerated_severe	SIN3A	0.0	1.0	9	0	0	0	1.0
AF_inner	healthy_vs_degenerated_severe	SMARCA4	0.0	1.0	10	0	0	0	1.0
AF_inner	healthy_vs_degenerated_severe	SMARCB1	0.0	1.0	5	0	0	0	1.0
AF_inner	healthy_vs_degenerated_severe	TRIM28	0.0	1.0	5	0	0	0	1.0
AF_inner	healthy_vs_degenerated_severe	WWTR1	0.0	1.0	9	0	0	0	1.0
AF_inner	healthy_vs_degenerated_severe	PIN1	0.0	1.0	5	0	0	0	1.0
AF_inner	healthy_vs_degenerated_severe	FGF2	0.1	0.029854207274652083	10	1	1	0	0.15595481412131687
AF_inner	healthy_vs_degenerated_severe	PARK7	0.0	1.0	8	0	0	0	1.0
AF_inner	healthy_vs_degenerated_severe	YAP1	0.0	1.0	9	0	0	0	1.0
AF_inner	healthy_vs_degenerated_severe	BCOR	0.0	1.0	7	0	0	0	1.0
AF_inner	healthy_vs_degenerated_severe	BRD4	0.0	1.0	10	0	0	0	1.0
AF_inner	healthy_vs_degenerated_severe	SRSF2	0.0	1.0	12	0	0	0	1.0
AF_inner	healthy_vs_degenerated_severe	ZMYND8	-0.14285714285714285	0.020990751354056553	7	1	0	1	0.12666832713654816
AF_inner	healthy_vs_degenerated_severe	ARID4B	-0.08333333333333333	0.03571949513480959	12	1	0	1	0.17988234959976052
AF_inner	healthy_vs_degenerated_severe	AP1	0.01583710407239819	6.041571784550716e-08	442	11	9	2	7.0485004153091686e-06
AF_inner	healthy_vs_degenerated_severe	NFKB	0.020249221183800622	3.2733272382459355e-10	642	15	14	1	1.1456645333860774e-07
AF_outer	healthy_vs_degenerated_all	MYC	-0.0012804097311139564	0.46308379009868006	781	1	0	1	1.0
AF_outer	healthy_vs_degenerated_all	SPI1	0.0	1.0	250	0	0	0	1.0
AF_outer	healthy_vs_degenerated_all	SMAD3	0.0	0.005488055821784654	146	2	1	1	0.4196664859809549
AF_outer	healthy_vs_degenerated_all	SMAD4	0.0	1.0	109	0	0	0	1.0
AF_outer	healthy_vs_degenerated_all	STAT5A	0.0	1.0	165	0	0	0	1.0
AF_outer	healthy_vs_degenerated_all	STAT5B	-0.012048192771084338	0.06254190638527923	83	1	0	1	0.9828414992970967
AF_outer	healthy_vs_degenerated_all	RELA	-0.0022988505747126436	0.00402068191562223	435	3	1	2	0.4196664859809549
AF_outer	healthy_vs_degenerated_all	WT1	0.0	1.0	126	0	0	0	1.0
AF_outer	healthy_vs_degenerated_all	NR0B2	0.011235955056179775	0.06692098083085174	89	1	1	0	0.9857822837613607
AF_outer	healthy_vs_degenerated_all	SP1	-0.0009551098376313276	0.04291875885790417	1047	3	1	2	0.8823591894610299
AF_outer	healthy_vs_degenerated_all	TP53	-0.001183431952662722	0.4905047431026667	845	1	0	1	1.0
AF_outer	healthy_vs_degenerated_all	ZBTB16	0.0	1.0	43	0	0	0	1.0
AF_outer	healthy_vs_degenerated_all	ETV6	0.0	1.0	21	0	0	0	1.0
AF_outer	healthy_vs_degenerated_all	RUNX1	0.0	1.0	150	0	0	0	1.0
AF_outer	healthy_vs_degenerated_all	STAT1	0.0	0.014965791147421375	246	2	1	1	0.6336430689870958
AF_outer	healthy_vs_degenerated_all	STAT3	0.0	0.028392940084633472	346	2	1	1	0.7633332738137999
AF_outer	healthy_vs_degenerated_all	ETV4	0.0	1.0	55	0	0	0	1.0
AF_outer	healthy_vs_degenerated_all	MTF1	0.0	1.0	29	0	0	0	1.0
AF_outer	healthy_vs_degenerated_all	CREB1	-0.002824858757062147	0.24263099861553095	354	1	0	1	1.0
AF_outer	healthy_vs_degenerated_all	FOXA2	0.0	1.0	78	0	0	0	1.0
AF_outer	healthy_vs_degenerated_all	NFATC2	0.0	1.0	59	0	0	0	1.0
AF_outer	healthy_vs_degenerated_all	CEBPB	0.0	1.0	351	0	0	0	1.0
AF_outer	healthy_vs_degenerated_all	FOS	0.0	1.0	252	0	0	0	1.0
AF_outer	healthy_vs_degenerated_all	PLAG1	0.0	1.0	8	0	0	0	1.0
AF_outer	healthy_vs_degenerated_all	E2F1	0.003472222222222222	0.20196393326425605	288	1	1	0	1.0
AF_outer	healthy_vs_degenerated_all	E2F3	0.0	1.0	66	0	0	0	1.0
AF_outer	healthy_vs_degenerated_all	HBP1	0.0	1.0	38	0	0	0	1.0
AF_outer	healthy_vs_degenerated_all	YY1	0.0	1.0	196	0	0	0	1.0
AF_outer	healthy_vs_degenerated_all	ESR1	-0.00196078431372549	0.33131640682526364	510	1	0	1	1.0
AF_outer	healthy_vs_degenerated_all	JUN	-0.004048582995951417	0.05435907300694959	494	2	0	2	0.9742818469707119
AF_outer	healthy_vs_degenerated_all	NR1I3	0.0	1.0	41	0	0	0	1.0
AF_outer	healthy_vs_degenerated_all	CEBPG	0.0	0.005415208965934615	145	2	1	1	0.4196664859809549
AF_outer	healthy_vs_degenerated_all	MAFK	0.0	1.0	19	0	0	0	1.0
AF_outer	healthy_vs_degenerated_all	NFE2L3	0.0	1.0	6	0	0	0	1.0
AF_outer	healthy_vs_degenerated_all	PHOX2A	0.0	1.0	7	0	0	0	1.0
AF_outer	healthy_vs_degenerated_all	STAT4	0.05	0.015410489517568854	20	1	1	0	0.6336430689870958
AF_outer	healthy_vs_degenerated_all	IRF1	0.0	1.0	126	0	0	0	1.0
AF_outer	healthy_vs_degenerated_all	ATF2	0.0	1.0	97	0	0	0	1.0
AF_outer	healthy_vs_degenerated_all	NR2C2	0.0	1.0	49	0	0	0	1.0
AF_outer	healthy_vs_degenerated_all	IRF3	-0.01694915254237288	0.04483655508255932	59	1	0	1	0.8954500572202562
AF_outer	healthy_vs_degenerated_all	TFAP2A	-0.004048582995951417	0.17570312068491112	247	1	0	1	1.0
AF_outer	healthy_vs_degenerated_all	HNF1A	0.0	0.0014060865510378711	73	2	1	1	0.4196664859809549
AF_outer	healthy_vs_degenerated_all	ETS1	0.0	1.0	170	0	0	0	1.0
AF_outer	healthy_vs_degenerated_all	ARNT	0.0	1.0	58	0	0	0	1.0
AF_outer	healthy_vs_degenerated_all	AHR	0.0	1.0	143	0	0	0	1.0
AF_outer	healthy_vs_degenerated_all	PAX6	0.0	1.0	114	0	0	0	1.0
AF_outer	healthy_vs_degenerated_all	NFYA	0.0	1.0	82	0	0	0	1.0
AF_outer	healthy_vs_degenerated_all	ZNF148	0.0	1.0	23	0	0	0	1.0
AF_outer	healthy_vs_degenerated_all	NFIC	0.0	1.0	63	0	0	0	1.0
AF_outer	healthy_vs_degenerated_all	RBPJ	0.0	1.0	110	0	0	0	1.0
AF_outer	healthy_vs_degenerated_all	HES1	0.0	1.0	71	0	0	0	1.0
AF_outer	healthy_vs_degenerated_all	GATA4	0.0	1.0	90	0	0	0	1.0
AF_outer	healthy_vs_degenerated_all	GATA6	0.0	1.0	57	0	0	0	1.0
AF_outer	healthy_vs_degenerated_all	HNF4A	-0.005319148936170213	0.13652130377172092	188	1	0	1	1.0
AF_outer	healthy_vs_degenerated_all	RXRG	0.0	1.0	6	0	0	0	1.0
AF_outer	healthy_vs_degenerated_all	RARA	0.0	1.0	142	0	0	0	1.0
AF_outer	healthy_vs_degenerated_all	DBP	-0.041666666666666664	0.0184663403551616	24	1	0	1	0.6720515715770321
AF_outer	healthy_vs_degenerated_all	HLF	0.0	1.0	13	0	0	0	1.0
AF_outer	healthy_vs_degenerated_all	PPARG	0.00684931506849315	0.020686065134611107	292	2	2	0	0.6885504537663412
AF_outer	healthy_vs_degenerated_all	MAX	0.0	1.0	44	0	0	0	1.0
AF_outer	healthy_vs_degenerated_all	USF2	0.0	0.001944648706751842	86	2	1	1	0.4196664859809549
AF_outer	healthy_vs_degenerated_all	IRF2	0.0	1.0	47	0	0	0	1.0
AF_outer	healthy_vs_degenerated_all	SP3	0.005847953216374269	0.027787063589381482	342	2	2	0	0.7633332738137999
AF_outer	healthy_vs_degenerated_all	AR	0.0	1.0	420	0	0	0	1.0
AF_outer	healthy_vs_degenerated_all	CUX1	0.01098901098901099	0.06837650018838644	91	1	1	0	0.9857822837613607
AF_outer	healthy_vs_degenerated_all	ATF1	0.0	1.0	69	0	0	0	1.0
AF_outer	healthy_vs_degenerated_all	KAT7	-0.015625	0.04855024985545969	64	1	0	1	0.9312077742774612
AF_outer	healthy_vs_degenerated_all	CREBZF	0.0	1.0	12	0	0	0	1.0
AF_outer	healthy_vs_degenerated_all	GLI3	0.0	1.0	35	0	0	0	1.0
AF_outer	healthy_vs_degenerated_all	NKX2-5	0.0	1.0	52	0	0	0	1.0
AF_outer	healthy_vs_degenerated_all	TGFB1I1	0.0	1.0	12	0	0	0	1.0
AF_outer	healthy_vs_degenerated_all	RARB	0.0	1.0	45	0	0	0	1.0
AF_outer	healthy_vs_degenerated_all	RARG	0.0	1.0	33	0	0	0	1.0
AF_outer	healthy_vs_degenerated_all	TEAD1	0.0	1.0	16	0	0	0	1.0
AF_outer	healthy_vs_degenerated_all	PPARA	-0.004807692307692308	0.1499905242617378	208	1	0	1	1.0
AF_outer	healthy_vs_degenerated_all	ESR2	0.0	1.0	170	0	0	0	1.0
AF_outer	healthy_vs_degenerated_all	NR3C1	-0.004651162790697674	0.15465906230780904	215	1	0	1	1.0
AF_outer	healthy_vs_degenerated_all	PGR	-0.009009009009009009	0.08281765441943284	111	1	0	1	1.0
AF_outer	healthy_vs_degenerated_all	NRG1	0.0	1.0	30	0	0	0	1.0
AF_outer	healthy_vs_degenerated_all	TBP	0.0	1.0	125	0	0	0	1.0
AF_outer	healthy_vs_degenerated_all	REL	0.0	1.0	81	0	0	0	1.0
AF_outer	healthy_vs_degenerated_all	ISL1	0.0	1.0	23	0	0	0	1.0
AF_outer	healthy_vs_degenerated_all	ZBTB14	0.0	1.0	6	0	0	0	1.0
AF_outer	healthy_vs_degenerated_all	MYB	0.0	1.0	142	0	0	0	1.0
AF_outer	healthy_vs_degenerated_all	PITX1	0.0	1.0	26	0	0	0	1.0
AF_outer	healthy_vs_degenerated_all	EGR1	-0.0033112582781456954	0.21075388328104583	302	1	0	1	1.0
AF_outer	healthy_vs_degenerated_all	MYOD1	-0.008928571428571428	0.08353429643968073	112	1	0	1	1.0
AF_outer	healthy_vs_degenerated_all	ETS2	0.0	1.0	85	0	0	0	1.0
AF_outer	healthy_vs_degenerated_all	GTF2I	0.0	1.0	20	0	0	0	1.0
AF_outer	healthy_vs_degenerated_all	NR2F1	0.0	1.0	43	0	0	0	1.0
AF_outer	healthy_vs_degenerated_all	ENO1	0.0	1.0	15	0	0	0	1.0
AF_outer	healthy_vs_degenerated_all	JDP2	0.0	1.0	31	0	0	0	1.0
AF_outer	healthy_vs_degenerated_all	MAZ	0.0	1.0	30	0	0	0	1.0
AF_outer	healthy_vs_degenerated_all	NR4A1	0.0	1.0	79	0	0	0	1.0
AF_outer	healthy_vs_degenerated_all	HMGA1	-0.018867924528301886	0.04036258397219105	53	1	0	1	0.8816701936425483
AF_outer	healthy_vs_degenerated_all	NFKB1	-0.0030303030303030303	0.0018343674409588197	330	3	1	2	0.4196664859809549
AF_outer	healthy_vs_degenerated_all	USF1	0.011904761904761904	0.007204574866625835	168	2	2	0	0.4196664859809549
AF_outer	healthy_vs_degenerated_all	DDIT3	0.0	1.0	84	0	0	0	1.0
AF_outer	healthy_vs_degenerated_all	ATF4	0.0	1.0	109	0	0	0	1.0
AF_outer	healthy_vs_degenerated_all	ATF3	0.010869565217391304	0.06910347911917979	92	1	1	0	0.9857822837613607
AF_outer	healthy_vs_degenerated_all	TAF1	0.0	1.0	38	0	0	0	1.0
AF_outer	healthy_vs_degenerated_all	RUNX2	0.0	1.0	99	0	0	0	1.0
AF_outer	healthy_vs_degenerated_all	TFAP2B	0.0	1.0	18	0	0	0	1.0
AF_outer	healthy_vs_degenerated_all	CREM	0.0	1.0	60	0	0	0	1.0
AF_outer	healthy_vs_degenerated_all	IRF8	0.0	1.0	49	0	0	0	1.0
AF_outer	healthy_vs_degenerated_all	ETV5	0.0	1.0	16	0	0	0	1.0
AF_outer	healthy_vs_degenerated_all	DMTF1	0.0	1.0	16	0	0	0	1.0
AF_outer	healthy_vs_degenerated_all	NR5A1	0.0	1.0	71	0	0	0	1.0
AF_outer	healthy_vs_degenerated_all	NEUROD2	0.0	1.0	9	0	0	0	1.0
AF_outer	healthy_vs_degenerated_all	NEUROD1	0.0	1.0	45	0	0	0	1.0
AF_outer	healthy_vs_degenerated_all	HHEX	0.0	1.0	22	0	0	0	1.0
AF_outer	healthy_vs_degenerated_all	FOXO3	0.0	1.0	174	0	0	0	1.0
AF_outer	healthy_vs_degenerated_all	MBD1	0.0	1.0	14	0	0	0	1.0
AF_outer	healthy_vs_degenerated_all	CEBPD	-0.014492753623188406	0.05225070466018934	69	1	0	1	0.9611379620387461
AF_outer	healthy_vs_degenerated_all	ELK1	0.0	1.0	51	0	0	0	1.0
AF_outer	healthy_vs_degenerated_all	FLI1	0.0	1.0	75	0	0	0	1.0
AF_outer	healthy_vs_degenerated_all	ELK4	0.0	1.0	6	0	0	0	1.0
AF_outer	healthy_vs_degenerated_all	PREB	0.0	1.0	13	0	0	0	1.0
AF_outer	healthy_vs_degenerated_all	POU1F1	0.0	1.0	39	0	0	0	1.0
AF_outer	healthy_vs_degenerated_all	PAX5	0.0	1.0	48	0	0	0	1.0
AF_outer	healthy_vs_degenerated_all	CEBPA	-0.006060606060606061	0.12078999178295029	165	1	0	1	1.0
AF_outer	healthy_vs_degenerated_all	LITAF	0.0	1.0	23	0	0	0	1.0
AF_outer	healthy_vs_degenerated_all	STAT6	0.0	1.0	87	0	0	0	1.0
AF_outer	healthy_vs_degenerated_all	HIF1A	0.0	0.03392257254322385	381	2	1	1	0.7749295774642105
AF_outer	healthy_vs_degenerated_all	TP73	0.0	1.0	110	0	0	0	1.0
AF_outer	healthy_vs_degenerated_all	KLF11	0.0	1.0	17	0	0	0	1.0
AF_outer	healthy_vs_degenerated_all	TCF4	0.0	1.0	46	0	0	0	1.0
AF_outer	healthy_vs_degenerated_all	HIVEP2	0.0	1.0	11	0	0	0	1.0
AF_outer	healthy_vs_degenerated_all	E2F4	0.0	1.0	160	0	0	0	1.0
AF_outer	healthy_vs_degenerated_all	GATA5	0.0	1.0	16	0	0	0	1.0
AF_outer	healthy_vs_degenerated_all	SRF	0.0	1.0	81	0	0	0	1.0
AF_outer	healthy_vs_degenerated_all	ELF1	0.0	1.0	61	0	0	0	1.0
AF_outer	healthy_vs_degenerated_all	GATA3	-0.006993006993006993	0.10549724312575381	143	1	0	1	1.0
AF_outer	healthy_vs_degenerated_all	MSX1	0.0	1.0	19	0	0	0	1.0
AF_outer	healthy_vs_degenerated_all	OTX2	0.0	1.0	27	0	0	0	1.0
AF_outer	healthy_vs_degenerated_all	LHX2	0.0	1.0	24	0	0	0	1.0
AF_outer	healthy_vs_degenerated_all	GABPA	0.0	1.0	30	0	0	0	1.0
AF_outer	healthy_vs_degenerated_all	HSF2	0.0	1.0	23	0	0	0	1.0
AF_outer	healthy_vs_degenerated_all	VDR	0.0	0.00304519102096365	108	2	1	1	0.4196664859809549
AF_outer	healthy_vs_degenerated_all	HOXC8	0.0	1.0	14	0	0	0	1.0
AF_outer	healthy_vs_degenerated_all	HR	0.0	1.0	68	0	0	0	1.0
AF_outer	healthy_vs_degenerated_all	RELB	0.0	1.0	40	0	0	0	1.0
AF_outer	healthy_vs_degenerated_all	CEBPE	0.0	1.0	21	0	0	0	1.0
AF_outer	healthy_vs_degenerated_all	NR0B1	0.0	1.0	37	0	0	0	1.0
AF_outer	healthy_vs_degenerated_all	LEF1	0.0	1.0	84	0	0	0	1.0
AF_outer	healthy_vs_degenerated_all	ID1	0.0	1.0	63	0	0	0	1.0
AF_outer	healthy_vs_degenerated_all	ZNF143	0.0	1.0	25	0	0	0	1.0
AF_outer	healthy_vs_degenerated_all	SOX9	0.0	1.0	76	0	0	0	1.0
AF_outer	healthy_vs_degenerated_all	YBX1	-0.012345679012345678	0.06107803372550561	81	1	0	1	0.9828414992970967
AF_outer	healthy_vs_degenerated_all	HSF1	-0.012195121951219513	0.06181023177562869	82	1	0	1	0.9828414992970967
AF_outer	healthy_vs_degenerated_all	FOXE1	0.0	1.0	5	0	0	0	1.0
AF_outer	healthy_vs_degenerated_all	POU4F1	0.0	1.0	21	0	0	0	1.0
AF_outer	healthy_vs_degenerated_all	NOTO	0.0	1.0	5	0	0	0	1.0
AF_outer	healthy_vs_degenerated_all	HNF1B	0.02702702702702703	0.02833791345465357	37	1	1	0	0.7633332738137999
AF_outer	healthy_vs_degenerated_all	PAX3	0.0	1.0	83	0	0	0	1.0
AF_outer	healthy_vs_degenerated_all	ID2	0.0	1.0	55	0	0	0	1.0
AF_outer	healthy_vs_degenerated_all	MEF2A	0.0	1.0	83	0	0	0	1.0
AF_outer	healthy_vs_degenerated_all	PDX1	0.0	1.0	57	0	0	0	1.0
AF_outer	healthy_vs_degenerated_all	NR2F2	0.0	1.0	53	0	0	0	1.0
AF_outer	healthy_vs_degenerated_all	NR1H4	0.0	1.0	94	0	0	0	1.0
AF_outer	healthy_vs_degenerated_all	ASCL1	0.0	1.0	50	0	0	0	1.0
AF_outer	healthy_vs_degenerated_all	RFX1	0.0	1.0	19	0	0	0	1.0
AF_outer	healthy_vs_degenerated_all	CRX	0.0	1.0	21	0	0	0	1.0
AF_outer	healthy_vs_degenerated_all	NRL	0.0	1.0	15	0	0	0	1.0
AF_outer	healthy_vs_degenerated_all	UBTF	0.0	1.0	9	0	0	0	1.0
AF_outer	healthy_vs_degenerated_all	MYBL2	0.0	1.0	47	0	0	0	1.0
AF_outer	healthy_vs_degenerated_all	ELF2	0.0	1.0	8	0	0	0	1.0
AF_outer	healthy_vs_degenerated_all	JUND	-0.012658227848101266	0.05961206594202334	79	1	0	1	0.9828414992970967
AF_outer	healthy_vs_degenerated_all	TP63	0.0	1.0	173	0	0	0	1.0
AF_outer	healthy_vs_degenerated_all	NFKBIB	0.0	1.0	16	0	0	0	1.0
AF_outer	healthy_vs_degenerated_all	HOXC6	0.0	1.0	11	0	0	0	1.0
AF_outer	healthy_vs_degenerated_all	FOXO1	0.0	1.0	228	0	0	0	1.0
AF_outer	healthy_vs_degenerated_all	PITX2	0.0	1.0	98	0	0	0	1.0
AF_outer	healthy_vs_degenerated_all	NR5A2	0.0	1.0	43	0	0	0	1.0
AF_outer	healthy_vs_degenerated_all	POU2F1	0.0125	0.060345311894505184	80	1	1	0	0.9828414992970967
AF_outer	healthy_vs_degenerated_all	XBP1	0.0	1.0	47	0	0	0	1.0
AF_outer	healthy_vs_degenerated_all	SREBF1	0.0	1.0	107	0	0	0	1.0
AF_outer	healthy_vs_degenerated_all	TCF3	0.0	1.0	91	0	0	0	1.0
AF_outer	healthy_vs_degenerated_all	LRRFIP1	0.0	1.0	12	0	0	0	1.0
AF_outer	healthy_vs_degenerated_all	TCF12	0.0	1.0	37	0	0	0	1.0
AF_outer	healthy_vs_degenerated_all	E4F1	0.0	1.0	10	0	0	0	1.0
AF_outer	healthy_vs_degenerated_all	HOXB1	0.0	1.0	6	0	0	0	1.0
AF_outer	healthy_vs_degenerated_all	BRCA1	0.017857142857142856	0.04260196513004823	56	1	1	0	0.8823591894610299
AF_outer	healthy_vs_degenerated_all	ZNF362	0.0	1.0	14	0	0	0	1.0
AF_outer	healthy_vs_degenerated_all	NRF1	0.0	1.0	79	0	0	0	1.0
AF_outer	healthy_vs_degenerated_all	GATA1	0.0	1.0	97	0	0	0	1.0
AF_outer	healthy_vs_degenerated_all	MYCN	0.0	1.0	120	0	0	0	1.0
AF_outer	healthy_vs_degenerated_all	PKNOX1	0.0	1.0	12	0	0	0	1.0
AF_outer	healthy_vs_degenerated_all	NR4A3	0.0	1.0	31	0	0	0	1.0
AF_outer	healthy_vs_degenerated_all	SSRP1	0.0	1.0	108	0	0	0	1.0
AF_outer	healthy_vs_degenerated_all	ZNF91	0.0	1.0	35	0	0	0	1.0
AF_outer	healthy_vs_degenerated_all	NR2C1	-0.07142857142857142	0.010810358402877912	14	1	0	1	0.5370343227009167
AF_outer	healthy_vs_degenerated_all	ID3	0.0	1.0	31	0	0	0	1.0
AF_outer	healthy_vs_degenerated_all	ERF	0.0	1.0	15	0	0	0	1.0
AF_outer	healthy_vs_degenerated_all	ZNF354C	0.0	1.0	21	0	0	0	1.0
AF_outer	healthy_vs_degenerated_all	HMGA2	0.0	1.0	36	0	0	0	1.0
AF_outer	healthy_vs_degenerated_all	POU2F2	0.0	1.0	29	0	0	0	1.0
AF_outer	healthy_vs_degenerated_all	PHOX2B	0.0	1.0	10	0	0	0	1.0
AF_outer	healthy_vs_degenerated_all	SREBF2	0.0	1.0	56	0	0	0	1.0
AF_outer	healthy_vs_degenerated_all	ELF4	0.0	1.0	35	0	0	0	1.0
AF_outer	healthy_vs_degenerated_all	TTF1	-0.022222222222222223	0.03436740615363452	45	1	0	1	0.7749295774642105
AF_outer	healthy_vs_degenerated_all	DLX4	0.0	1.0	33	0	0	0	1.0
AF_outer	healthy_vs_degenerated_all	NR1I2	0.0	1.0	175	0	0	0	1.0
AF_outer	healthy_vs_degenerated_all	NR1H3	0.0	1.0	100	0	0	0	1.0
AF_outer	healthy_vs_degenerated_all	MITF	0.011494252873563218	0.0654633772202848	87	1	1	0	0.9857822837613607
AF_outer	healthy_vs_degenerated_all	NCOA1	-0.015384615384615385	0.049291398638435	65	1	0	1	0.9312077742774612
AF_outer	healthy_vs_degenerated_all	NCOR1	0.0	1.0	68	0	0	0	1.0
AF_outer	healthy_vs_degenerated_all	FOSL1	0.0	1.0	44	0	0	0	1.0
AF_outer	healthy_vs_degenerated_all	JUNB	0.0	1.0	80	0	0	0	1.0
AF_outer	healthy_vs_degenerated_all	MTF2	0.0	1.0	6	0	0	0	1.0
AF_outer	healthy_vs_degenerated_all	DNMT1	0.0	1.0	149	0	0	0	1.0
AF_outer	healthy_vs_degenerated_all	KLF5	0.0	1.0	66	0	0	0	1.0
AF_outer	healthy_vs_degenerated_all	NR3C2	-0.023809523809523808	0.032110377233721	42	1	0	1	0.7749295774642105
AF_outer	healthy_vs_degenerated_all	MYRF	0.0	1.0	7	0	0	0	1.0
AF_outer	healthy_vs_degenerated_all	EBF1	0.0	1.0	24	0	0	0	1.0
AF_outer	healthy_vs_degenerated_all	CREBBP	0.0	1.0	31	0	0	0	1.0
AF_outer	healthy_vs_degenerated_all	ZFPM1	0.0	1.0	12	0	0	0	1.0
AF_outer	healthy_vs_degenerated_all	APEX1	0.0	1.0	34	0	0	0	1.0
AF_outer	healthy_vs_degenerated_all	TEAD2	0.0	1.0	5	0	0	0	1.0
AF_outer	healthy_vs_degenerated_all	TFAM	0.0	1.0	12	0	0	0	1.0
AF_outer	healthy_vs_degenerated_all	IRF4	0.0	1.0	41	0	0	0	1.0
AF_outer	healthy_vs_degenerated_all	ZBED1	0.0	1.0	19	0	0	0	1.0
AF_outer	healthy_vs_degenerated_all	NCOA2	0.0	1.0	52	0	0	0	1.0
AF_outer	healthy_vs_degenerated_all	FOXA1	0.0	1.0	45	0	0	0	1.0
AF_outer	healthy_vs_degenerated_all	NR4A2	0.0	1.0	45	0	0	0	1.0
AF_outer	healthy_vs_degenerated_all	KLF1	0.0	1.0	21	0	0	0	1.0
AF_outer	healthy_vs_degenerated_all	LHX3	0.0	1.0	7	0	0	0	1.0
AF_outer	healthy_vs_degenerated_all	CTCF	0.0	1.0	118	0	0	0	1.0
AF_outer	healthy_vs_degenerated_all	BCL6	0.0	1.0	77	0	0	0	1.0
AF_outer	healthy_vs_degenerated_all	RB1	0.0	1.0	32	0	0	0	1.0
AF_outer	healthy_vs_degenerated_all	TFCP2	0.0	1.0	57	0	0	0	1.0
AF_outer	healthy_vs_degenerated_all	REST	0.0	1.0	41	0	0	0	1.0
AF_outer	healthy_vs_degenerated_all	ESRRA	0.0	1.0	40	0	0	0	1.0
AF_outer	healthy_vs_degenerated_all	HOXD3	0.0	1.0	9	0	0	0	1.0
AF_outer	healthy_vs_degenerated_all	IRF9	0.0	1.0	17	0	0	0	1.0
AF_outer	healthy_vs_degenerated_all	TFE3	0.0	1.0	33	0	0	0	1.0
AF_outer	healthy_vs_degenerated_all	ZNF236	0.0	1.0	7	0	0	0	1.0
AF_outer	healthy_vs_degenerated_all	TFAP2C	-0.041666666666666664	0.0184663403551616	24	1	0	1	0.6720515715770321
AF_outer	healthy_vs_degenerated_all	PAX8	0.0	1.0	23	0	0	0	1.0
AF_outer	healthy_vs_degenerated_all	NKX2-1	0.0	1.0	43	0	0	0	1.0
AF_outer	healthy_vs_degenerated_all	PBX1	0.0	1.0	43	0	0	0	1.0
AF_outer	healthy_vs_degenerated_all	SP4	0.0	1.0	41	0	0	0	1.0
AF_outer	healthy_vs_degenerated_all	CIITA	0.0	1.0	26	0	0	0	1.0
AF_outer	healthy_vs_degenerated_all	CDX2	0.022727272727272728	0.03361559981313257	44	1	1	0	0.7749295774642105
AF_outer	healthy_vs_degenerated_all	ELF3	0.0	1.0	22	0	0	0	1.0
AF_outer	healthy_vs_degenerated_all	ELF5	0.0	1.0	7	0	0	0	1.0
AF_outer	healthy_vs_degenerated_all	ZEB1	0.0	1.0	47	0	0	0	1.0
AF_outer	healthy_vs_degenerated_all	EGR3	0.0	1.0	24	0	0	0	1.0
AF_outer	healthy_vs_degenerated_all	EWSR1	0.0	1.0	51	0	0	0	1.0
AF_outer	healthy_vs_degenerated_all	NAB2	0.0	1.0	6	0	0	0	1.0
AF_outer	healthy_vs_degenerated_all	DEAF1	0.0	1.0	11	0	0	0	1.0
AF_outer	healthy_vs_degenerated_all	TBPL1	0.0	1.0	29	0	0	0	1.0
AF_outer	healthy_vs_degenerated_all	MEF2C	0.0	1.0	55	0	0	0	1.0
AF_outer	healthy_vs_degenerated_all	POU4F2	0.0	1.0	23	0	0	0	1.0
AF_outer	healthy_vs_degenerated_all	TAL1	0.0	1.0	78	0	0	0	1.0
AF_outer	healthy_vs_degenerated_all	EPAS1	0.0	1.0	79	0	0	0	1.0
AF_outer	healthy_vs_degenerated_all	SMARCA1	0.0	1.0	41	0	0	0	1.0
AF_outer	healthy_vs_degenerated_all	NFATC4	0.0	1.0	32	0	0	0	1.0
AF_outer	healthy_vs_degenerated_all	FOXM1	0.0	1.0	81	0	0	0	1.0
AF_outer	healthy_vs_degenerated_all	MYF5	0.0	1.0	17	0	0	0	1.0
AF_outer	healthy_vs_degenerated_all	MYOG	0.0	1.0	42	0	0	0	1.0
AF_outer	healthy_vs_degenerated_all	SMAD7	0.0	1.0	55	0	0	0	1.0
AF_outer	healthy_vs_degenerated_all	SOX10	0.0	1.0	25	0	0	0	1.0
AF_outer	healthy_vs_degenerated_all	POU3F1	0.0	1.0	14	0	0	0	1.0
AF_outer	healthy_vs_degenerated_all	NKRF	0.0	1.0	8	0	0	0	1.0
AF_outer	healthy_vs_degenerated_all	ATF6	0.0	1.0	47	0	0	0	1.0
AF_outer	healthy_vs_degenerated_all	HOPX	0.0	1.0	5	0	0	0	1.0
AF_outer	healthy_vs_degenerated_all	NKX6-1	0.0	1.0	8	0	0	0	1.0
AF_outer	healthy_vs_degenerated_all	ERG	0.0	1.0	45	0	0	0	1.0
AF_outer	healthy_vs_degenerated_all	PITX3	0.0	1.0	19	0	0	0	1.0
AF_outer	healthy_vs_degenerated_all	HOXB2	0.0	1.0	6	0	0	0	1.0
AF_outer	healthy_vs_degenerated_all	SATB1	0.0	1.0	39	0	0	0	1.0
AF_outer	healthy_vs_degenerated_all	NFKB2	0.0	1.0	51	0	0	0	1.0
AF_outer	healthy_vs_degenerated_all	RORA	0.0	1.0	54	0	0	0	1.0
AF_outer	healthy_vs_degenerated_all	PROX1	0.0	1.0	25	0	0	0	1.0
AF_outer	healthy_vs_degenerated_all	KLF3	0.0	1.0	9	0	0	0	1.0
AF_outer	healthy_vs_degenerated_all	PEG3	0.0	1.0	7	0	0	0	1.0
AF_outer	healthy_vs_degenerated_all	NR2E3	0.0	1.0	10	0	0	0	1.0
AF_outer	healthy_vs_degenerated_all	NCOR2	0.0	1.0	52	0	0	0	1.0
AF_outer	healthy_vs_degenerated_all	NCOA3	0.0	1.0	67	0	0	0	1.0
AF_outer	healthy_vs_degenerated_all	ZFHX3	0.0	1.0	8	0	0	0	1.0
AF_outer	healthy_vs_degenerated_all	SMAD1	0.0	1.0	59	0	0	0	1.0
AF_outer	healthy_vs_degenerated_all	SPDEF	0.0	1.0	13	0	0	0	1.0
AF_outer	healthy_vs_degenerated_all	PAX2	0.0	1.0	17	0	0	0	1.0
AF_outer	healthy_vs_degenerated_all	KLF13	0.0	1.0	14	0	0	0	1.0
AF_outer	healthy_vs_degenerated_all	GTF2IRD1	0.0	1.0	6	0	0	0	1.0
AF_outer	healthy_vs_degenerated_all	MAFB	0.0	1.0	31	0	0	0	1.0
AF_outer	healthy_vs_degenerated_all	NR2F6	0.0	1.0	7	0	0	0	1.0
AF_outer	healthy_vs_degenerated_all	ELK3	0.0	1.0	21	0	0	0	1.0
AF_outer	healthy_vs_degenerated_all	KLF6	0.0	1.0	48	0	0	0	1.0
AF_outer	healthy_vs_degenerated_all	SNAI1	0.0	1.0	87	0	0	0	1.0
AF_outer	healthy_vs_degenerated_all	HESX1	0.0	1.0	17	0	0	0	1.0
AF_outer	healthy_vs_degenerated_all	BACH2	0.0	1.0	6	0	0	0	1.0
AF_outer	healthy_vs_degenerated_all	PATZ1	0.0	1.0	9	0	0	0	1.0
AF_outer	healthy_vs_degenerated_all	ZHX2	0.0	1.0	11	0	0	0	1.0
AF_outer	healthy_vs_degenerated_all	ONECUT1	0.0	1.0	22	0	0	0	1.0
AF_outer	healthy_vs_degenerated_all	RXRA	0.0	1.0	77	0	0	0	1.0
AF_outer	healthy_vs_degenerated_all	NR1H2	0.0	1.0	37	0	0	0	1.0
AF_outer	healthy_vs_degenerated_all	KAT5	0.0	1.0	46	0	0	0	1.0
AF_outer	healthy_vs_degenerated_all	GBX2	0.0	1.0	6	0	0	0	1.0
AF_outer	healthy_vs_degenerated_all	YBX3	0.0	1.0	23	0	0	0	1.0
AF_outer	healthy_vs_degenerated_all	SMAD6	0.0	1.0	23	0	0	0	1.0
AF_outer	healthy_vs_degenerated_all	MYBL1	0.0	1.0	11	0	0	0	1.0
AF_outer	healthy_vs_degenerated_all	CDX1	0.0	1.0	25	0	0	0	1.0
AF_outer	healthy_vs_degenerated_all	TFDP1	0.0	1.0	31	0	0	0	1.0
AF_outer	healthy_vs_degenerated_all	KLF12	0.0	1.0	9	0	0	0	1.0
AF_outer	healthy_vs_degenerated_all	KMT2A	0.0	1.0	66	0	0	0	1.0
AF_outer	healthy_vs_degenerated_all	GATA2	0.0	1.0	66	0	0	0	1.0
AF_outer	healthy_vs_degenerated_all	PRDM1	0.0	1.0	44	0	0	0	1.0
AF_outer	healthy_vs_degenerated_all	MXD1	0.0	1.0	21	0	0	0	1.0
AF_outer	healthy_vs_degenerated_all	CLOCK	0.0	1.0	56	0	0	0	1.0
AF_outer	healthy_vs_degenerated_all	BHLHE40	0.0	1.0	31	0	0	0	1.0
AF_outer	healthy_vs_degenerated_all	SRY	-0.030303030303030304	0.025310243288371177	33	1	0	1	0.7633332738137999
AF_outer	healthy_vs_degenerated_all	MAF	0.0	1.0	41	0	0	0	1.0
AF_outer	healthy_vs_degenerated_all	AIRE	0.0	1.0	12	0	0	0	1.0
AF_outer	healthy_vs_degenerated_all	ZGPAT	0.0	1.0	9	0	0	0	1.0
AF_outer	healthy_vs_degenerated_all	ETV1	0.0	1.0	19	0	0	0	1.0
AF_outer	healthy_vs_degenerated_all	KLF4	0.0	1.0	104	0	0	0	1.0
AF_outer	healthy_vs_degenerated_all	EGR2	0.0	1.0	56	0	0	0	1.0
AF_outer	healthy_vs_degenerated_all	SIX4	0.0	1.0	5	0	0	0	1.0
AF_outer	healthy_vs_degenerated_all	NEUROG3	0.0	1.0	18	0	0	0	1.0
AF_outer	healthy_vs_degenerated_all	CXXC1	0.0	1.0	19	0	0	0	1.0
AF_outer	healthy_vs_degenerated_all	TBX21	0.0	1.0	33	0	0	0	1.0
AF_outer	healthy_vs_degenerated_all	HOXA10	0.0	1.0	44	0	0	0	1.0
AF_outer	healthy_vs_degenerated_all	LMX1B	0.0	1.0	16	0	0	0	1.0
AF_outer	healthy_vs_degenerated_all	TBX2	0.0	1.0	26	0	0	0	1.0
AF_outer	healthy_vs_degenerated_all	ZNF699	0.0	1.0	39	0	0	0	1.0
AF_outer	healthy_vs_degenerated_all	RFX5	0.0	1.0	18	0	0	0	1.0
AF_outer	healthy_vs_degenerated_all	RFXANK	0.0	1.0	13	0	0	0	1.0
AF_outer	healthy_vs_degenerated_all	RFXAP	0.0	1.0	12	0	0	0	1.0
AF_outer	healthy_vs_degenerated_all	BARX2	0.0	1.0	12	0	0	0	1.0
AF_outer	healthy_vs_degenerated_all	FOXO4	0.0	1.0	25	0	0	0	1.0
AF_outer	healthy_vs_degenerated_all	DLX5	0.0	1.0	32	0	0	0	1.0
AF_outer	healthy_vs_degenerated_all	ID4	0.0	1.0	12	0	0	0	1.0
AF_outer	healthy_vs_degenerated_all	SPIB	0.0	1.0	12	0	0	0	1.0
AF_outer	healthy_vs_degenerated_all	FOXN1	0.0	1.0	39	0	0	0	1.0
AF_outer	healthy_vs_degenerated_all	TBX5	0.0	1.0	19	0	0	0	1.0
AF_outer	healthy_vs_degenerated_all	TLX1	0.0	1.0	8	0	0	0	1.0
AF_outer	healthy_vs_degenerated_all	HIVEP1	0.0	1.0	8	0	0	0	1.0
AF_outer	healthy_vs_degenerated_all	SMAD2	-0.011904761904761904	0.06327305789466288	84	1	0	1	0.9828414992970967
AF_outer	healthy_vs_degenerated_all	NKX3-1	0.0	1.0	62	0	0	0	1.0
AF_outer	healthy_vs_degenerated_all	HAND1	0.0	1.0	9	0	0	0	1.0
AF_outer	healthy_vs_degenerated_all	HAND2	0.0	1.0	27	0	0	0	1.0
AF_outer	healthy_vs_degenerated_all	PAX7	0.0	1.0	11	0	0	0	1.0
AF_outer	healthy_vs_degenerated_all	SFPQ	0.0	1.0	26	0	0	0	1.0
AF_outer	healthy_vs_degenerated_all	BMAL1	0.0	1.0	48	0	0	0	1.0
AF_outer	healthy_vs_degenerated_all	SKIL	0.0	1.0	19	0	0	0	1.0
AF_outer	healthy_vs_degenerated_all	TBXT	0.0	1.0	11	0	0	0	1.0
AF_outer	healthy_vs_degenerated_all	MSX2	0.0	1.0	35	0	0	0	1.0
AF_outer	healthy_vs_degenerated_all	MZF1	0.0	1.0	18	0	0	0	1.0
AF_outer	healthy_vs_degenerated_all	HOXA5	0.0	1.0	14	0	0	0	1.0
AF_outer	healthy_vs_degenerated_all	HOXB4	0.0	1.0	10	0	0	0	1.0
AF_outer	healthy_vs_degenerated_all	CREB3	0.0	1.0	10	0	0	0	1.0
AF_outer	healthy_vs_degenerated_all	NFE2	0.0	1.0	14	0	0	0	1.0
AF_outer	healthy_vs_degenerated_all	ZNF76	0.0	1.0	7	0	0	0	1.0
AF_outer	healthy_vs_degenerated_all	FOXQ1	0.0	1.0	15	0	0	0	1.0
AF_outer	healthy_vs_degenerated_all	ZGLP1	0.0	1.0	14	0	0	0	1.0
AF_outer	healthy_vs_degenerated_all	NFYB	0.0	1.0	35	0	0	0	1.0
AF_outer	healthy_vs_degenerated_all	ETV3	0.0	1.0	11	0	0	0	1.0
AF_outer	healthy_vs_degenerated_all	GSC	0.0	1.0	9	0	0	0	1.0
AF_outer	healthy_vs_degenerated_all	IRF7	0.0	1.0	14	0	0	0	1.0
AF_outer	healthy_vs_degenerated_all	NFATC3	0.0	1.0	24	0	0	0	1.0
AF_outer	healthy_vs_degenerated_all	KDM5A	0.0	1.0	15	0	0	0	1.0
AF_outer	healthy_vs_degenerated_all	GRHL3	0.0	1.0	23	0	0	0	1.0
AF_outer	healthy_vs_degenerated_all	THRA	0.0	1.0	60	0	0	0	1.0
AF_outer	healthy_vs_degenerated_all	SOX17	0.0	1.0	37	0	0	0	1.0
AF_outer	healthy_vs_degenerated_all	ZIC2	0.0	1.0	6	0	0	0	1.0
AF_outer	healthy_vs_degenerated_all	TBX15	0.0	1.0	27	0	0	0	1.0
AF_outer	healthy_vs_degenerated_all	NFAT5	0.0	1.0	42	0	0	0	1.0
AF_outer	healthy_vs_degenerated_all	MEF2B	0.0	1.0	5	0	0	0	1.0
AF_outer	healthy_vs_degenerated_all	BMAL2	0.0	1.0	7	0	0	0	1.0
AF_outer	healthy_vs_degenerated_all	NFE2L2	0.005847953216374269	0.12491894250544403	171	1	1	0	1.0
AF_outer	healthy_vs_degenerated_all	ZIC1	0.0	1.0	11	0	0	0	1.0
AF_outer	healthy_vs_degenerated_all	MEIS1	0.0	1.0	16	0	0	0	1.0
AF_outer	healthy_vs_degenerated_all	HOXA9	0.0	1.0	34	0	0	0	1.0
AF_outer	healthy_vs_degenerated_all	MAFA	0.0	1.0	12	0	0	0	1.0
AF_outer	healthy_vs_degenerated_all	NR1D1	0.0	1.0	21	0	0	0	1.0
AF_outer	healthy_vs_degenerated_all	MYF6	0.0	1.0	8	0	0	0	1.0
AF_outer	healthy_vs_degenerated_all	ZNF263	0.0	1.0	8	0	0	0	1.0
AF_outer	healthy_vs_degenerated_all	NFIA	0.0	1.0	43	0	0	0	1.0
AF_outer	healthy_vs_degenerated_all	HEY2	0.0	1.0	15	0	0	0	1.0
AF_outer	healthy_vs_degenerated_all	HOXB7	0.0	1.0	18	0	0	0	1.0
AF_outer	healthy_vs_degenerated_all	ZNF350	0.0	1.0	9	0	0	0	1.0
AF_outer	healthy_vs_degenerated_all	BCL11A	0.0	1.0	9	0	0	0	1.0
AF_outer	healthy_vs_degenerated_all	TWIST1	0.0	1.0	68	0	0	0	1.0
AF_outer	healthy_vs_degenerated_all	ZNF395	0.0	1.0	5	0	0	0	1.0
AF_outer	healthy_vs_degenerated_all	TFDP2	0.0	1.0	6	0	0	0	1.0
AF_outer	healthy_vs_degenerated_all	GTF3A	0.0	1.0	20	0	0	0	1.0
AF_outer	healthy_vs_degenerated_all	KLF10	0.0	1.0	24	0	0	0	1.0
AF_outer	healthy_vs_degenerated_all	KLF2	0.0	1.0	47	0	0	0	1.0
AF_outer	healthy_vs_degenerated_all	PHF20	0.0	1.0	9	0	0	0	1.0
AF_outer	healthy_vs_degenerated_all	TGIF1	0.0	1.0	9	0	0	0	1.0
AF_outer	healthy_vs_degenerated_all	FOXG1	0.0	1.0	16	0	0	0	1.0
AF_outer	healthy_vs_degenerated_all	SF1	0.0	1.0	8	0	0	0	1.0
AF_outer	healthy_vs_degenerated_all	MBD2	0.0	1.0	75	0	0	0	1.0
AF_outer	healthy_vs_degenerated_all	FOXF2	0.0	1.0	11	0	0	0	1.0
AF_outer	healthy_vs_degenerated_all	ZBTB32	0.0	1.0	5	0	0	0	1.0
AF_outer	healthy_vs_degenerated_all	HEY1	0.0	1.0	26	0	0	0	1.0
AF_outer	healthy_vs_degenerated_all	ZBTB17	0.0	1.0	39	0	0	0	1.0
AF_outer	healthy_vs_degenerated_all	IRF5	0.0	1.0	19	0	0	0	1.0
AF_outer	healthy_vs_degenerated_all	THRB	0.0	1.0	43	0	0	0	1.0
AF_outer	healthy_vs_degenerated_all	POU3F2	0.0	1.0	21	0	0	0	1.0
AF_outer	healthy_vs_degenerated_all	FOXI1	0.0	1.0	7	0	0	0	1.0
AF_outer	healthy_vs_degenerated_all	KCNIP3	0.0	1.0	12	0	0	0	1.0
AF_outer	healthy_vs_degenerated_all	FOSB	0.0	1.0	31	0	0	0	1.0
AF_outer	healthy_vs_degenerated_all	NFE2L1	0.0	1.0	9	0	0	0	1.0
AF_outer	healthy_vs_degenerated_all	TRERF1	0.0	1.0	11	0	0	0	1.0
AF_outer	healthy_vs_degenerated_all	FOXP1	0.0	1.0	17	0	0	0	1.0
AF_outer	healthy_vs_degenerated_all	FOXP2	0.0	1.0	6	0	0	0	1.0
AF_outer	healthy_vs_degenerated_all	BARX1	0.0	1.0	8	0	0	0	1.0
AF_outer	healthy_vs_degenerated_all	ZFPM2	0.0	1.0	8	0	0	0	1.0
AF_outer	healthy_vs_degenerated_all	IKZF1	0.0	1.0	31	0	0	0	1.0
AF_outer	healthy_vs_degenerated_all	BCL3	0.0	1.0	22	0	0	0	1.0
AF_outer	healthy_vs_degenerated_all	SP2	0.0	1.0	19	0	0	0	1.0
AF_outer	healthy_vs_degenerated_all	SIM2	0.0	1.0	9	0	0	0	1.0
AF_outer	healthy_vs_degenerated_all	NFATC1	0.0	1.0	86	0	0	0	1.0
AF_outer	healthy_vs_degenerated_all	POU2F3	0.0	1.0	6	0	0	0	1.0
AF_outer	healthy_vs_degenerated_all	HOXA7	0.0	1.0	12	0	0	0	1.0
AF_outer	healthy_vs_degenerated_all	NPAS2	0.0	1.0	8	0	0	0	1.0
AF_outer	healthy_vs_degenerated_all	DLX2	0.0	1.0	18	0	0	0	1.0
AF_outer	healthy_vs_degenerated_all	PRRX1	0.0	1.0	6	0	0	0	1.0
AF_outer	healthy_vs_degenerated_all	VEZF1	0.0	1.0	6	0	0	0	1.0
AF_outer	healthy_vs_degenerated_all	CTBP2	0.08333333333333333	0.009272608761382766	12	1	1	0	0.49858104032358097
AF_outer	healthy_vs_degenerated_all	SOX6	0.0	1.0	19	0	0	0	1.0
AF_outer	healthy_vs_degenerated_all	HIPK2	0.0	1.0	8	0	0	0	1.0
AF_outer	healthy_vs_degenerated_all	FOXA3	0.0	1.0	9	0	0	0	1.0
AF_outer	healthy_vs_degenerated_all	RORC	0.0	1.0	7	0	0	0	1.0
AF_outer	healthy_vs_degenerated_all	SIX3	0.0	1.0	5	0	0	0	1.0
AF_outer	healthy_vs_degenerated_all	PPARD	0.0	1.0	84	0	0	0	1.0
AF_outer	healthy_vs_degenerated_all	MECOM	0.0	1.0	18	0	0	0	1.0
AF_outer	healthy_vs_degenerated_all	SIRT1	0.0	1.0	51	0	0	0	1.0
AF_outer	healthy_vs_degenerated_all	ZBTB7B	0.0	1.0	14	0	0	0	1.0
AF_outer	healthy_vs_degenerated_all	ZBTB7A	0.0	1.0	33	0	0	0	1.0
AF_outer	healthy_vs_degenerated_all	NR6A1	0.0	1.0	9	0	0	0	1.0
AF_outer	healthy_vs_degenerated_all	STAT2	0.0	1.0	39	0	0	0	1.0
AF_outer	healthy_vs_degenerated_all	ESRRG	0.0	1.0	20	0	0	0	1.0
AF_outer	healthy_vs_degenerated_all	PRDM2	0.0	1.0	10	0	0	0	1.0
AF_outer	healthy_vs_degenerated_all	PURA	0.0	1.0	16	0	0	0	1.0
AF_outer	healthy_vs_degenerated_all	TBX1	0.0	1.0	9	0	0	0	1.0
AF_outer	healthy_vs_degenerated_all	SALL2	0.0	1.0	5	0	0	0	1.0
AF_outer	healthy_vs_degenerated_all	ATOH1	0.0	1.0	5	0	0	0	1.0
AF_outer	healthy_vs_degenerated_all	NEUROD6	0.0	1.0	9	0	0	0	1.0
AF_outer	healthy_vs_degenerated_all	NEUROG1	0.0	1.0	10	0	0	0	1.0
AF_outer	healthy_vs_degenerated_all	NEUROG2	0.0	1.0	15	0	0	0	1.0
AF_outer	healthy_vs_degenerated_all	AHRR	0.0	1.0	5	0	0	0	1.0
AF_outer	healthy_vs_degenerated_all	HMGB2	0.0	1.0	8	0	0	0	1.0
AF_outer	healthy_vs_degenerated_all	DLX3	0.0	1.0	12	0	0	0	1.0
AF_outer	healthy_vs_degenerated_all	TWIST2	0.0	1.0	32	0	0	0	1.0
AF_outer	healthy_vs_degenerated_all	TFAP4	0.02857142857142857	0.02682515768470814	35	1	1	0	0.7633332738137999
AF_outer	healthy_vs_degenerated_all	KAT6B	0.0	1.0	7	0	0	0	1.0
AF_outer	healthy_vs_degenerated_all	SALL3	0.0	1.0	8	0	0	0	1.0
AF_outer	healthy_vs_degenerated_all	MXI1	0.0	1.0	9	0	0	0	1.0
AF_outer	healthy_vs_degenerated_all	E2F5	0.0	1.0	10	0	0	0	1.0
AF_outer	healthy_vs_degenerated_all	E2F2	0.0	1.0	49	0	0	0	1.0
AF_outer	healthy_vs_degenerated_all	FOXD3	0.0	1.0	14	0	0	0	1.0
AF_outer	healthy_vs_degenerated_all	POU5F1	0.0	1.0	69	0	0	0	1.0
AF_outer	healthy_vs_degenerated_all	PLAGL1	0.0	1.0	16	0	0	0	1.0
AF_outer	healthy_vs_degenerated_all	SNAI2	0.0	1.0	43	0	0	0	1.0
AF_outer	healthy_vs_degenerated_all	NOTCH1	0.0	1.0	51	0	0	0	1.0
AF_outer	healthy_vs_degenerated_all	FOXC2	0.0	1.0	16	0	0	0	1.0
AF_outer	healthy_vs_degenerated_all	FOXD1	0.0	1.0	6	0	0	0	1.0
AF_outer	healthy_vs_degenerated_all	KLF9	0.0	1.0	22	0	0	0	1.0
AF_outer	healthy_vs_degenerated_all	TBPL2	0.0	1.0	8	0	0	0	1.0
AF_outer	healthy_vs_degenerated_all	NFIL3	0.0	1.0	22	0	0	0	1.0
AF_outer	healthy_vs_degenerated_all	ZNF384	0.0	1.0	18	0	0	0	1.0
AF_outer	healthy_vs_degenerated_all	HOXA11	0.0	1.0	6	0	0	0	1.0
AF_outer	healthy_vs_degenerated_all	MEF2D	0.0	1.0	20	0	0	0	1.0
AF_outer	healthy_vs_degenerated_all	SMAD5	0.0	1.0	31	0	0	0	1.0
AF_outer	healthy_vs_degenerated_all	PBX2	0.0	1.0	8	0	0	0	1.0
AF_outer	healthy_vs_degenerated_all	EMX2	0.0	1.0	7	0	0	0	1.0
AF_outer	healthy_vs_degenerated_all	MLXIPL	0.0	1.0	14	0	0	0	1.0
AF_outer	healthy_vs_degenerated_all	ZBTB33	0.0	1.0	9	0	0	0	1.0
AF_outer	healthy_vs_degenerated_all	ETV2	0.0	1.0	7	0	0	0	1.0
AF_outer	healthy_vs_degenerated_all	KLF15	0.0	1.0	19	0	0	0	1.0
AF_outer	healthy_vs_degenerated_all	DNMT3A	0.0	1.0	53	0	0	0	1.0
AF_outer	healthy_vs_degenerated_all	DNMT3B	0.0	1.0	64	0	0	0	1.0
AF_outer	healthy_vs_degenerated_all	OLIG1	0.0	1.0	5	0	0	0	1.0
AF_outer	healthy_vs_degenerated_all	OLIG2	0.0	1.0	15	0	0	0	1.0
AF_outer	healthy_vs_degenerated_all	RREB1	0.0	1.0	7	0	0	0	1.0
AF_outer	healthy_vs_degenerated_all	ZNF202	0.0	1.0	6	0	0	0	1.0
AF_outer	healthy_vs_degenerated_all	MAFG	0.0	1.0	9	0	0	0	1.0
AF_outer	healthy_vs_degenerated_all	TEF	0.0	1.0	11	0	0	0	1.0
AF_outer	healthy_vs_degenerated_all	HOXD13	0.0	1.0	16	0	0	0	1.0
AF_outer	healthy_vs_degenerated_all	ZKSCAN7	0.0	1.0	11	0	0	0	1.0
AF_outer	healthy_vs_degenerated_all	BACH1	0.0	1.0	14	0	0	0	1.0
AF_outer	healthy_vs_degenerated_all	MYT1	0.0	1.0	6	0	0	0	1.0
AF_outer	healthy_vs_degenerated_all	ZNF160	0.0	1.0	5	0	0	0	1.0
AF_outer	healthy_vs_degenerated_all	TEAD4	0.0	1.0	8	0	0	0	1.0
AF_outer	healthy_vs_degenerated_all	GCM1	0.0	1.0	9	0	0	0	1.0
AF_outer	healthy_vs_degenerated_all	BHLHE41	0.0	1.0	22	0	0	0	1.0
AF_outer	healthy_vs_degenerated_all	MTA1	-0.023255813953488372	0.03286325695584425	43	1	0	1	0.7749295774642105
AF_outer	healthy_vs_degenerated_all	EHF	0.0	1.0	11	0	0	0	1.0
AF_outer	healthy_vs_degenerated_all	TCF7L2	0.0	1.0	97	0	0	0	1.0
AF_outer	healthy_vs_degenerated_all	VSX2	0.0	1.0	28	0	0	0	1.0
AF_outer	healthy_vs_degenerated_all	TSC22D1	0.0	1.0	7	0	0	0	1.0
AF_outer	healthy_vs_degenerated_all	SOX5	0.0	1.0	17	0	0	0	1.0
AF_outer	healthy_vs_degenerated_all	SOX2	0.0	1.0	56	0	0	0	1.0
AF_outer	healthy_vs_degenerated_all	NKX3-2	0.0	1.0	7	0	0	0	1.0
AF_outer	healthy_vs_degenerated_all	PAX9	0.0	1.0	8	0	0	0	1.0
AF_outer	healthy_vs_degenerated_all	TCF21	0.0	1.0	9	0	0	0	1.0
AF_outer	healthy_vs_degenerated_all	HIC1	0.0	1.0	21	0	0	0	1.0
AF_outer	healthy_vs_degenerated_all	ZEB2	0.0	1.0	26	0	0	0	1.0
AF_outer	healthy_vs_degenerated_all	ZNF335	0.0	1.0	7	0	0	0	1.0
AF_outer	healthy_vs_degenerated_all	NONO	0.0	1.0	17	0	0	0	1.0
AF_outer	healthy_vs_degenerated_all	CEBPZ	0.0	1.0	16	0	0	0	1.0
AF_outer	healthy_vs_degenerated_all	SIX1	0.0	1.0	10	0	0	0	1.0
AF_outer	healthy_vs_degenerated_all	NFIX	0.0	1.0	21	0	0	0	1.0
AF_outer	healthy_vs_degenerated_all	MNT	0.0	1.0	10	0	0	0	1.0
AF_outer	healthy_vs_degenerated_all	KDM5D	0.0	1.0	5	0	0	0	1.0
AF_outer	healthy_vs_degenerated_all	TBX6	0.0	1.0	8	0	0	0	1.0
AF_outer	healthy_vs_degenerated_all	HOXA1	0.0	1.0	22	0	0	0	1.0
AF_outer	healthy_vs_degenerated_all	BCL11B	0.0	1.0	20	0	0	0	1.0
AF_outer	healthy_vs_degenerated_all	RXRB	0.0	1.0	11	0	0	0	1.0
AF_outer	healthy_vs_degenerated_all	E2F6	0.0	1.0	37	0	0	0	1.0
AF_outer	healthy_vs_degenerated_all	HOXA13	0.0	1.0	12	0	0	0	1.0
AF_outer	healthy_vs_degenerated_all	KAT6A	0.0	1.0	12	0	0	0	1.0
AF_outer	healthy_vs_degenerated_all	GFI1	0.0	1.0	41	0	0	0	1.0
AF_outer	healthy_vs_degenerated_all	RUNX3	0.0	1.0	56	0	0	0	1.0
AF_outer	healthy_vs_degenerated_all	GLI1	0.0	1.0	149	0	0	0	1.0
AF_outer	healthy_vs_degenerated_all	KLF8	0.0	1.0	19	0	0	0	1.0
AF_outer	healthy_vs_degenerated_all	HIF3A	0.0	1.0	6	0	0	0	1.0
AF_outer	healthy_vs_degenerated_all	BHLHA15	0.0	1.0	12	0	0	0	1.0
AF_outer	healthy_vs_degenerated_all	MEOX2	0.0	1.0	6	0	0	0	1.0
AF_outer	healthy_vs_degenerated_all	JARID2	0.0	1.0	12	0	0	0	1.0
AF_outer	healthy_vs_degenerated_all	NFYC	0.0	1.0	20	0	0	0	1.0
AF_outer	healthy_vs_degenerated_all	GFI1B	0.0	1.0	10	0	0	0	1.0
AF_outer	healthy_vs_degenerated_all	ASCL2	0.0	1.0	8	0	0	0	1.0
AF_outer	healthy_vs_degenerated_all	MSC	0.0	1.0	23	0	0	0	1.0
AF_outer	healthy_vs_degenerated_all	HOXB9	0.0	1.0	6	0	0	0	1.0
AF_outer	healthy_vs_degenerated_all	HLX	0.0	1.0	13	0	0	0	1.0
AF_outer	healthy_vs_degenerated_all	RCOR2	0.0	1.0	12	0	0	0	1.0
AF_outer	healthy_vs_degenerated_all	NKX2-2	0.0	1.0	12	0	0	0	1.0
AF_outer	healthy_vs_degenerated_all	ARID4A	0.0	1.0	6	0	0	0	1.0
AF_outer	healthy_vs_degenerated_all	HINFP	0.0	1.0	10	0	0	0	1.0
AF_outer	healthy_vs_degenerated_all	SMARCC1	0.0	1.0	7	0	0	0	1.0
AF_outer	healthy_vs_degenerated_all	KAT2B	0.0	1.0	14	0	0	0	1.0
AF_outer	healthy_vs_degenerated_all	ZNF219	0.0	1.0	5	0	0	0	1.0
AF_outer	healthy_vs_degenerated_all	HDGF	0.0	1.0	6	0	0	0	1.0
AF_outer	healthy_vs_degenerated_all	EP300	0.0	1.0	58	0	0	0	1.0
AF_outer	healthy_vs_degenerated_all	TRPS1	0.0	1.0	15	0	0	0	1.0
AF_outer	healthy_vs_degenerated_all	CTNNB1	0.0	1.0	265	0	0	0	1.0
AF_outer	healthy_vs_degenerated_all	PML	0.0	1.0	16	0	0	0	1.0
AF_outer	healthy_vs_degenerated_all	KLF7	0.0	1.0	9	0	0	0	1.0
AF_outer	healthy_vs_degenerated_all	PROP1	0.0	1.0	7	0	0	0	1.0
AF_outer	healthy_vs_degenerated_all	LMO2	0.0	1.0	24	0	0	0	1.0
AF_outer	healthy_vs_degenerated_all	TBX20	0.0	1.0	6	0	0	0	1.0
AF_outer	healthy_vs_degenerated_all	MEOX1	0.0	1.0	7	0	0	0	1.0
AF_outer	healthy_vs_degenerated_all	FOXL2	0.0	1.0	19	0	0	0	1.0
AF_outer	healthy_vs_degenerated_all	HTATIP2	0.0	1.0	16	0	0	0	1.0
AF_outer	healthy_vs_degenerated_all	EZH2	0.0	1.0	126	0	0	0	1.0
AF_outer	healthy_vs_degenerated_all	GLI2	0.0	1.0	125	0	0	0	1.0
AF_outer	healthy_vs_degenerated_all	TCF7	0.0	1.0	16	0	0	0	1.0
AF_outer	healthy_vs_degenerated_all	FOXC1	0.0	1.0	15	0	0	0	1.0
AF_outer	healthy_vs_degenerated_all	HOXB13	0.0	1.0	10	0	0	0	1.0
AF_outer	healthy_vs_degenerated_all	ABL1	0.0	1.0	10	0	0	0	1.0
AF_outer	healthy_vs_degenerated_all	TBX3	0.0	1.0	20	0	0	0	1.0
AF_outer	healthy_vs_degenerated_all	HNF4G	-0.125	0.006190533572347435	8	1	0	1	0.4196664859809549
AF_outer	healthy_vs_degenerated_all	NFKBIZ	0.0	1.0	5	0	0	0	1.0
AF_outer	healthy_vs_degenerated_all	PLAGL2	0.0	1.0	7	0	0	0	1.0
AF_outer	healthy_vs_degenerated_all	TET1	0.0	1.0	13	0	0	0	1.0
AF_outer	healthy_vs_degenerated_all	FOXH1	0.0	1.0	12	0	0	0	1.0
AF_outer	healthy_vs_degenerated_all	FOXP3	0.0	1.0	37	0	0	0	1.0
AF_outer	healthy_vs_degenerated_all	IKZF4	0.0	1.0	5	0	0	0	1.0
AF_outer	healthy_vs_degenerated_all	HOXA2	0.0	1.0	7	0	0	0	1.0
AF_outer	healthy_vs_degenerated_all	MLX	0.0	1.0	5	0	0	0	1.0
AF_outer	healthy_vs_degenerated_all	CREB3L1	0.0	1.0	10	0	0	0	1.0
AF_outer	healthy_vs_degenerated_all	TFDP3	0.0	1.0	5	0	0	0	1.0
AF_outer	healthy_vs_degenerated_all	SP7	0.0	1.0	31	0	0	0	1.0
AF_outer	healthy_vs_degenerated_all	OVOL1	0.0	1.0	8	0	0	0	1.0
AF_outer	healthy_vs_degenerated_all	ZNF436	0.0	1.0	7	0	0	0	1.0
AF_outer	healthy_vs_degenerated_all	ATF7	0.0	1.0	5	0	0	0	1.0
AF_outer	healthy_vs_degenerated_all	HOXB3	0.0	1.0	6	0	0	0	1.0
AF_outer	healthy_vs_degenerated_all	SCX	0.0	1.0	11	0	0	0	1.0
AF_outer	healthy_vs_degenerated_all	NANOG	0.0	1.0	42	0	0	0	1.0
AF_outer	healthy_vs_degenerated_all	ARX	0.0	1.0	19	0	0	0	1.0
AF_outer	healthy_vs_degenerated_all	VHL	0.0	1.0	23	0	0	0	1.0
AF_outer	healthy_vs_degenerated_all	SOX4	0.0	1.0	22	0	0	0	1.0
AF_outer	healthy_vs_degenerated_all	SMAD9	0.0	1.0	5	0	0	0	1.0
AF_outer	healthy_vs_degenerated_all	ATF5	0.0	1.0	29	0	0	0	1.0
AF_outer	healthy_vs_degenerated_all	CTCFL	0.0	1.0	10	0	0	0	1.0
AF_outer	healthy_vs_degenerated_all	SP6	0.0	1.0	6	0	0	0	1.0
AF_outer	healthy_vs_degenerated_all	SMARCA5	0.0	1.0	8	0	0	0	1.0
AF_outer	healthy_vs_degenerated_all	EOMES	0.0	1.0	18	0	0	0	1.0
AF_outer	healthy_vs_degenerated_all	LMO4	0.0	1.0	5	0	0	0	1.0
AF_outer	healthy_vs_degenerated_all	TLX3	0.0	1.0	5	0	0	0	1.0
AF_outer	healthy_vs_degenerated_all	ESRRB	0.0	1.0	9	0	0	0	1.0
AF_outer	healthy_vs_degenerated_all	LHX1	0.0	1.0	6	0	0	0	1.0
AF_outer	healthy_vs_degenerated_all	ZXDC	0.0	1.0	6	0	0	0	1.0
AF_outer	healthy_vs_degenerated_all	SPIC	0.0	1.0	7	0	0	0	1.0
AF_outer	healthy_vs_degenerated_all	SALL1	0.0	1.0	5	0	0	0	1.0
AF_outer	healthy_vs_degenerated_all	NR2E1	0.0	1.0	13	0	0	0	1.0
AF_outer	healthy_vs_degenerated_all	ZFP42	0.0	1.0	13	0	0	0	1.0
AF_outer	healthy_vs_degenerated_all	HOXD4	0.0	1.0	6	0	0	0	1.0
AF_outer	healthy_vs_degenerated_all	FOXF1	0.0	1.0	5	0	0	0	1.0
AF_outer	healthy_vs_degenerated_all	MLXIP	0.0	1.0	5	0	0	0	1.0
AF_outer	healthy_vs_degenerated_all	KMT2B	0.0	1.0	13	0	0	0	1.0
AF_outer	healthy_vs_degenerated_all	NFIB	0.0	1.0	20	0	0	0	1.0
AF_outer	healthy_vs_degenerated_all	EBF3	0.0	1.0	8	0	0	0	1.0
AF_outer	healthy_vs_degenerated_all	EN1	0.0	1.0	9	0	0	0	1.0
AF_outer	healthy_vs_degenerated_all	MTA3	0.0	1.0	11	0	0	0	1.0
AF_outer	healthy_vs_degenerated_all	TBX18	0.0	1.0	10	0	0	0	1.0
AF_outer	healthy_vs_degenerated_all	PRDM4	0.0	1.0	6	0	0	0	1.0
AF_outer	healthy_vs_degenerated_all	MEIS2	0.0	1.0	7	0	0	0	1.0
AF_outer	healthy_vs_degenerated_all	EGR4	0.0	1.0	12	0	0	0	1.0
AF_outer	healthy_vs_degenerated_all	HSF4	0.0	1.0	10	0	0	0	1.0
AF_outer	healthy_vs_degenerated_all	DLX1	0.0	1.0	7	0	0	0	1.0
AF_outer	healthy_vs_degenerated_all	BCLAF1	0.0	1.0	7	0	0	0	1.0
AF_outer	healthy_vs_degenerated_all	KDM5C	0.0	1.0	12	0	0	0	1.0
AF_outer	healthy_vs_degenerated_all	AIP	0.0	1.0	5	0	0	0	1.0
AF_outer	healthy_vs_degenerated_all	PTF1A	0.0	1.0	9	0	0	0	1.0
AF_outer	healthy_vs_degenerated_all	FOSL2	0.0	1.0	34	0	0	0	1.0
AF_outer	healthy_vs_degenerated_all	MED1	0.0	1.0	13	0	0	0	1.0
AF_outer	healthy_vs_degenerated_all	SON	0.0	1.0	5	0	0	0	1.0
AF_outer	healthy_vs_degenerated_all	LYL1	0.0	1.0	12	0	0	0	1.0
AF_outer	healthy_vs_degenerated_all	GLIS3	0.0	1.0	5	0	0	0	1.0
AF_outer	healthy_vs_degenerated_all	HOXD1	0.0	1.0	5	0	0	0	1.0
AF_outer	healthy_vs_degenerated_all	SALL4	0.0	1.0	16	0	0	0	1.0
AF_outer	healthy_vs_degenerated_all	KDM5B	0.0	1.0	31	0	0	0	1.0
AF_outer	healthy_vs_degenerated_all	TADA2A	0.0	1.0	7	0	0	0	1.0
AF_outer	healthy_vs_degenerated_all	ARID5B	0.0	1.0	8	0	0	0	1.0
AF_outer	healthy_vs_degenerated_all	FEZF1	0.0	1.0	6	0	0	0	1.0
AF_outer	healthy_vs_degenerated_all	SATB2	0.0	1.0	23	0	0	0	1.0
AF_outer	healthy_vs_degenerated_all	NSD2	0.0	1.0	7	0	0	0	1.0
AF_outer	healthy_vs_degenerated_all	PBRM1	0.0	1.0	8	0	0	0	1.0
AF_outer	healthy_vs_degenerated_all	ZBTB4	0.0	1.0	12	0	0	0	1.0
AF_outer	healthy_vs_degenerated_all	THAP11	0.0	1.0	6	0	0	0	1.0
AF_outer	healthy_vs_degenerated_all	FOXJ1	0.0	1.0	14	0	0	0	1.0
AF_outer	healthy_vs_degenerated_all	SHOX2	0.0	1.0	5	0	0	0	1.0
AF_outer	healthy_vs_degenerated_all	TOX3	0.0	1.0	6	0	0	0	1.0
AF_outer	healthy_vs_degenerated_all	PPARGC1A	0.0	1.0	24	0	0	0	1.0
AF_outer	healthy_vs_degenerated_all	SOX3	0.0	1.0	5	0	0	0	1.0
AF_outer	healthy_vs_degenerated_all	BATF	0.0	1.0	12	0	0	0	1.0
AF_outer	healthy_vs_degenerated_all	ARID3B	0.0	1.0	5	0	0	0	1.0
AF_outer	healthy_vs_degenerated_all	ZNF300	0.0	1.0	7	0	0	0	1.0
AF_outer	healthy_vs_degenerated_all	NUPR1	0.0	1.0	6	0	0	0	1.0
AF_outer	healthy_vs_degenerated_all	CREB3L3	0.0	1.0	5	0	0	0	1.0
AF_outer	healthy_vs_degenerated_all	ZNF331	0.0	1.0	17	0	0	0	1.0
AF_outer	healthy_vs_degenerated_all	RFX3	0.0	1.0	5	0	0	0	1.0
AF_outer	healthy_vs_degenerated_all	ZNF382	0.0	1.0	11	0	0	0	1.0
AF_outer	healthy_vs_degenerated_all	HOXD8	0.0	1.0	5	0	0	0	1.0
AF_outer	healthy_vs_degenerated_all	LHX8	0.0	1.0	10	0	0	0	1.0
AF_outer	healthy_vs_degenerated_all	GRHL2	0.0	1.0	6	0	0	0	1.0
AF_outer	healthy_vs_degenerated_all	IRX1	0.0	1.0	16	0	0	0	1.0
AF_outer	healthy_vs_degenerated_all	SOX11	0.0	1.0	11	0	0	0	1.0
AF_outer	healthy_vs_degenerated_all	IRF6	0.0	1.0	14	0	0	0	1.0
AF_outer	healthy_vs_degenerated_all	E2F7	0.0	1.0	6	0	0	0	1.0
AF_outer	healthy_vs_degenerated_all	HEYL	0.0	1.0	5	0	0	0	1.0
AF_outer	healthy_vs_degenerated_all	MECP2	-0.04	0.019228943392762005	25	1	0	1	0.6720515715770321
AF_outer	healthy_vs_degenerated_all	VENTX	0.0	1.0	5	0	0	0	1.0
AF_outer	healthy_vs_degenerated_all	MAML1	0.0	1.0	5	0	0	0	1.0
AF_outer	healthy_vs_degenerated_all	DMAP1	0.0	1.0	5	0	0	0	1.0
AF_outer	healthy_vs_degenerated_all	LMX1A	0.0	1.0	5	0	0	0	1.0
AF_outer	healthy_vs_degenerated_all	DOT1L	0.0	1.0	8	0	0	0	1.0
AF_outer	healthy_vs_degenerated_all	ARID3A	0.0	1.0	6	0	0	0	1.0
AF_outer	healthy_vs_degenerated_all	ARID1A	0.0	1.0	7	0	0	0	1.0
AF_outer	healthy_vs_degenerated_all	ZBTB18	0.0	1.0	8	0	0	0	1.0
AF_outer	healthy_vs_degenerated_all	ZNF804A	0.0	1.0	8	0	0	0	1.0
AF_outer	healthy_vs_degenerated_all	TCF15	0.0	1.0	5	0	0	0	1.0
AF_outer	healthy_vs_degenerated_all	NPM1	0.0	1.0	12	0	0	0	1.0
AF_outer	healthy_vs_degenerated_all	SETBP1	0.0	1.0	5	0	0	0	1.0
AF_outer	healthy_vs_degenerated_all	KDM2A	0.0	1.0	10	0	0	0	1.0
AF_outer	healthy_vs_degenerated_all	MKX	0.0	1.0	6	0	0	0	1.0
AF_outer	healthy_vs_degenerated_all	ZFX	0.0	1.0	5	0	0	0	1.0
AF_outer	healthy_vs_degenerated_all	KLF17	0.0	1.0	5	0	0	0	1.0
AF_outer	healthy_vs_degenerated_all	HOXA4	0.0	1.0	5	0	0	0	1.0
AF_outer	healthy_vs_degenerated_all	HDAC3	0.0	1.0	20	0	0	0	1.0
AF_outer	healthy_vs_degenerated_all	ASXL1	0.0	1.0	5	0	0	0	1.0
AF_outer	healthy_vs_degenerated_all	BTG2	0.0	1.0	6	0	0	0	1.0
AF_outer	healthy_vs_degenerated_all	CHD4	0.0	1.0	5	0	0	0	1.0
AF_outer	healthy_vs_degenerated_all	CREB5	0.0	1.0	12	0	0	0	1.0
AF_outer	healthy_vs_degenerated_all	CTBP1	0.1111111111111111	0.006961875244757488	9	1	1	0	0.4196664859809549
AF_outer	healthy_vs_degenerated_all	DACH1	0.0	1.0	6	0	0	0	1.0
AF_outer	healthy_vs_degenerated_all	HDAC1	0.0	1.0	70	0	0	0	1.0
AF_outer	healthy_vs_degenerated_all	HCFC1	0.0	1.0	7	0	0	0	1.0
AF_outer	healthy_vs_degenerated_all	ETV7	0.0	1.0	9	0	0	0	1.0
AF_outer	healthy_vs_degenerated_all	FHL2	0.0	1.0	6	0	0	0	1.0
AF_outer	healthy_vs_degenerated_all	HDAC4	0.0	1.0	21	0	0	0	1.0
AF_outer	healthy_vs_degenerated_all	HDAC5	0.0	1.0	8	0	0	0	1.0
AF_outer	healthy_vs_degenerated_all	HDAC7	0.0	1.0	11	0	0	0	1.0
AF_outer	healthy_vs_degenerated_all	HDAC9	0.0	1.0	18	0	0	0	1.0
AF_outer	healthy_vs_degenerated_all	ING4	0.0	1.0	14	0	0	0	1.0
AF_outer	healthy_vs_degenerated_all	MYOCD	0.0	1.0	6	0	0	0	1.0
AF_outer	healthy_vs_degenerated_all	PAWR	0.0	1.0	5	0	0	0	1.0
AF_outer	healthy_vs_degenerated_all	SIN3A	0.1111111111111111	0.006961875244757488	9	1	1	0	0.4196664859809549
AF_outer	healthy_vs_degenerated_all	SMARCA4	0.0	1.0	10	0	0	0	1.0
AF_outer	healthy_vs_degenerated_all	SMARCB1	0.0	1.0	5	0	0	0	1.0
AF_outer	healthy_vs_degenerated_all	TRIM28	0.0	1.0	5	0	0	0	1.0
AF_outer	healthy_vs_degenerated_all	WWTR1	0.0	1.0	9	0	0	0	1.0
AF_outer	healthy_vs_degenerated_all	PIN1	0.0	1.0	5	0	0	0	1.0
AF_outer	healthy_vs_degenerated_all	FGF2	0.0	1.0	9	0	0	0	1.0
AF_outer	healthy_vs_degenerated_all	PARK7	0.0	1.0	8	0	0	0	1.0
AF_outer	healthy_vs_degenerated_all	YAP1	0.0	1.0	9	0	0	0	1.0
AF_outer	healthy_vs_degenerated_all	BCOR	0.0	1.0	7	0	0	0	1.0
AF_outer	healthy_vs_degenerated_all	BRD4	0.0	1.0	9	0	0	0	1.0
AF_outer	healthy_vs_degenerated_all	SRSF2	0.0	1.0	12	0	0	0	1.0
AF_outer	healthy_vs_degenerated_all	ZMYND8	0.0	1.0	7	0	0	0	1.0
AF_outer	healthy_vs_degenerated_all	ARID4B	0.0	1.0	12	0	0	0	1.0
AF_outer	healthy_vs_degenerated_all	AP1	-0.00228310502283105	0.004099216125449734	438	3	1	2	0.4196664859809549
AF_outer	healthy_vs_degenerated_all	NFKB	-0.0015723270440251573	0.011524341688860873	636	3	1	2	0.5370343227009167
AF_outer	healthy_vs_degenerated_mild	MYC	-0.0012787723785166241	0.4341458980184283	782	1	0	1	1.0
AF_outer	healthy_vs_degenerated_mild	SPI1	0.0	1.0	252	0	0	0	1.0
AF_outer	healthy_vs_degenerated_mild	SMAD3	0.0	1.0	147	0	0	0	1.0
AF_outer	healthy_vs_degenerated_mild	SMAD4	0.0	1.0	109	0	0	0	1.0
AF_outer	healthy_vs_degenerated_mild	STAT5A	0.0	1.0	166	0	0	0	1.0
AF_outer	healthy_vs_degenerated_mild	STAT5B	-0.012048192771084338	0.05734760626785432	83	1	0	1	1.0
AF_outer	healthy_vs_degenerated_mild	RELA	0.0	0.03683478356612734	437	2	1	1	1.0
AF_outer	healthy_vs_degenerated_mild	WT1	0.0	1.0	127	0	0	0	1.0
AF_outer	healthy_vs_degenerated_mild	NR0B2	0.01098901098901099	0.06271396616661393	91	1	1	0	1.0
AF_outer	healthy_vs_degenerated_mild	SP1	-0.0009514747859181732	0.5380559005441995	1051	1	0	1	1.0
AF_outer	healthy_vs_degenerated_mild	TP53	0.0	1.0	846	0	0	0	1.0
AF_outer	healthy_vs_degenerated_mild	ZBTB16	0.0	1.0	43	0	0	0	1.0
AF_outer	healthy_vs_degenerated_mild	ETV6	0.0	1.0	21	0	0	0	1.0
AF_outer	healthy_vs_degenerated_mild	RUNX1	0.0	1.0	151	0	0	0	1.0
AF_outer	healthy_vs_degenerated_mild	STAT1	-0.004048582995951417	0.16196090262958407	247	1	0	1	1.0
AF_outer	healthy_vs_degenerated_mild	STAT3	-0.002881844380403458	0.22045134148506965	347	1	0	1	1.0
AF_outer	healthy_vs_degenerated_mild	ETV4	0.0	1.0	56	0	0	0	1.0
AF_outer	healthy_vs_degenerated_mild	MTF1	0.0	1.0	29	0	0	0	1.0
AF_outer	healthy_vs_degenerated_mild	CREB1	-0.0028169014084507044	0.22496628779276798	355	1	0	1	1.0
AF_outer	healthy_vs_degenerated_mild	FOXA2	0.0	1.0	78	0	0	0	1.0
AF_outer	healthy_vs_degenerated_mild	NFATC2	0.0	1.0	61	0	0	0	1.0
AF_outer	healthy_vs_degenerated_mild	CEBPB	0.0	1.0	354	0	0	0	1.0
AF_outer	healthy_vs_degenerated_mild	FOS	0.0	1.0	254	0	0	0	1.0
AF_outer	healthy_vs_degenerated_mild	PLAG1	0.0	1.0	8	0	0	0	1.0
AF_outer	healthy_vs_degenerated_mild	E2F1	0.0	1.0	289	0	0	0	1.0
AF_outer	healthy_vs_degenerated_mild	E2F3	0.0	1.0	67	0	0	0	1.0
AF_outer	healthy_vs_degenerated_mild	HBP1	0.0	1.0	39	0	0	0	1.0
AF_outer	healthy_vs_degenerated_mild	YY1	-0.005050505050505051	0.13186857107208413	198	1	0	1	1.0
AF_outer	healthy_vs_degenerated_mild	ESR1	-0.0019569471624266144	0.3083903003417056	511	1	0	1	1.0
AF_outer	healthy_vs_degenerated_mild	JUN	-0.0020161290322580645	0.3007393142399226	496	1	0	1	1.0
AF_outer	healthy_vs_degenerated_mild	NR1I3	0.0	1.0	41	0	0	0	1.0
AF_outer	healthy_vs_degenerated_mild	CEBPG	-0.00684931506849315	0.09886232378570424	146	1	0	1	1.0
AF_outer	healthy_vs_degenerated_mild	MAFK	0.0	1.0	21	0	0	0	1.0
AF_outer	healthy_vs_degenerated_mild	NFE2L3	0.0	1.0	6	0	0	0	1.0
AF_outer	healthy_vs_degenerated_mild	PHOX2A	0.0	1.0	8	0	0	0	1.0
AF_outer	healthy_vs_degenerated_mild	STAT4	0.0	1.0	21	0	0	0	1.0
AF_outer	healthy_vs_degenerated_mild	IRF1	0.0	1.0	127	0	0	0	1.0
AF_outer	healthy_vs_degenerated_mild	ATF2	0.0	1.0	98	0	0	0	1.0
AF_outer	healthy_vs_degenerated_mild	NR2C2	0.0	1.0	50	0	0	0	1.0
AF_outer	healthy_vs_degenerated_mild	IRF3	0.0	1.0	60	0	0	0	1.0
AF_outer	healthy_vs_degenerated_mild	TFAP2A	0.0	1.0	250	0	0	0	1.0
AF_outer	healthy_vs_degenerated_mild	HNF1A	-0.013513513513513514	0.05127707533131008	74	1	0	1	1.0
AF_outer	healthy_vs_degenerated_mild	ETS1	0.0	1.0	171	0	0	0	1.0
AF_outer	healthy_vs_degenerated_mild	ARNT	0.0	1.0	59	0	0	0	1.0
AF_outer	healthy_vs_degenerated_mild	AHR	0.0	1.0	144	0	0	0	1.0
AF_outer	healthy_vs_degenerated_mild	PAX6	0.0	1.0	115	0	0	0	1.0
AF_outer	healthy_vs_degenerated_mild	NFYA	0.0	1.0	82	0	0	0	1.0
AF_outer	healthy_vs_degenerated_mild	ZNF148	0.0	1.0	23	0	0	0	1.0
AF_outer	healthy_vs_degenerated_mild	NFIC	0.0	1.0	64	0	0	0	1.0
AF_outer	healthy_vs_degenerated_mild	RBPJ	0.0	1.0	111	0	0	0	1.0
AF_outer	healthy_vs_degenerated_mild	HES1	0.0	1.0	71	0	0	0	1.0
AF_outer	healthy_vs_degenerated_mild	GATA4	0.0	1.0	91	0	0	0	1.0
AF_outer	healthy_vs_degenerated_mild	GATA6	0.0	1.0	59	0	0	0	1.0
AF_outer	healthy_vs_degenerated_mild	HNF4A	-0.005291005291005291	0.1262358068117135	189	1	0	1	1.0
AF_outer	healthy_vs_degenerated_mild	RXRG	0.0	1.0	6	0	0	0	1.0
AF_outer	healthy_vs_degenerated_mild	RARA	0.0	1.0	143	0	0	0	1.0
AF_outer	healthy_vs_degenerated_mild	DBP	-0.041666666666666664	0.01689992486075438	24	1	0	1	0.9858289502106723
AF_outer	healthy_vs_degenerated_mild	HLF	0.0	1.0	14	0	0	0	1.0
AF_outer	healthy_vs_degenerated_mild	PPARG	0.0034129692832764505	0.1893446379996381	293	1	1	0	1.0
AF_outer	healthy_vs_degenerated_mild	MAX	0.0	1.0	44	0	0	0	1.0
AF_outer	healthy_vs_degenerated_mild	USF2	-0.023255813953488372	0.0016187807350437047	86	2	0	2	0.5665732572652966
AF_outer	healthy_vs_degenerated_mild	IRF2	0.0	1.0	48	0	0	0	1.0
AF_outer	healthy_vs_degenerated_mild	SP3	0.0	1.0	343	0	0	0	1.0
AF_outer	healthy_vs_degenerated_mild	AR	0.0023752969121140144	0.2613173945834679	421	1	1	0	1.0
AF_outer	healthy_vs_degenerated_mild	CUX1	0.0	1.0	91	0	0	0	1.0
AF_outer	healthy_vs_degenerated_mild	ATF1	0.0	1.0	70	0	0	0	1.0
AF_outer	healthy_vs_degenerated_mild	KAT7	-0.015384615384615385	0.045171025858386345	65	1	0	1	1.0
AF_outer	healthy_vs_degenerated_mild	CREBZF	0.0	1.0	12	0	0	0	1.0
AF_outer	healthy_vs_degenerated_mild	GLI3	0.0	1.0	35	0	0	0	1.0
AF_outer	healthy_vs_degenerated_mild	NKX2-5	0.0	1.0	52	0	0	0	1.0
AF_outer	healthy_vs_degenerated_mild	TGFB1I1	0.0	1.0	12	0	0	0	1.0
AF_outer	healthy_vs_degenerated_mild	RARB	0.0	1.0	45	0	0	0	1.0
AF_outer	healthy_vs_degenerated_mild	RARG	0.0	1.0	33	0	0	0	1.0
AF_outer	healthy_vs_degenerated_mild	TEAD1	0.0	1.0	16	0	0	0	1.0
AF_outer	healthy_vs_degenerated_mild	PPARA	0.0	0.00917922421581916	209	2	1	1	0.7692300408677284
AF_outer	healthy_vs_degenerated_mild	ESR2	0.0	0.0062291406986068835	171	2	1	1	0.7429539203238423
AF_outer	healthy_vs_degenerated_mild	NR3C1	-0.004608294930875576	0.14365170491893095	217	1	0	1	1.0
AF_outer	healthy_vs_degenerated_mild	PGR	0.0	1.0	111	0	0	0	1.0
AF_outer	healthy_vs_degenerated_mild	NRG1	0.0	1.0	30	0	0	0	1.0
AF_outer	healthy_vs_degenerated_mild	TBP	-0.008	0.0852125602099219	125	1	0	1	1.0
AF_outer	healthy_vs_degenerated_mild	REL	0.0	1.0	82	0	0	0	1.0
AF_outer	healthy_vs_degenerated_mild	ISL1	0.0	1.0	23	0	0	0	1.0
AF_outer	healthy_vs_degenerated_mild	ZBTB14	0.0	1.0	6	0	0	0	1.0
AF_outer	healthy_vs_degenerated_mild	MYB	-0.007042253521126761	0.09627673314347475	142	1	0	1	1.0
AF_outer	healthy_vs_degenerated_mild	PITX1	0.0	1.0	26	0	0	0	1.0
AF_outer	healthy_vs_degenerated_mild	EGR1	0.0	1.0	304	0	0	0	1.0
AF_outer	healthy_vs_degenerated_mild	MYOD1	-0.008928571428571428	0.07666878966696558	112	1	0	1	1.0
AF_outer	healthy_vs_degenerated_mild	ETS2	0.0	1.0	87	0	0	0	1.0
AF_outer	healthy_vs_degenerated_mild	GTF2I	0.0	1.0	20	0	0	0	1.0
AF_outer	healthy_vs_degenerated_mild	NR2F1	0.0	1.0	44	0	0	0	1.0
AF_outer	healthy_vs_degenerated_mild	ENO1	0.0	1.0	15	0	0	0	1.0
AF_outer	healthy_vs_degenerated_mild	JDP2	0.0	1.0	32	0	0	0	1.0
AF_outer	healthy_vs_degenerated_mild	MAZ	0.0	1.0	31	0	0	0	1.0
AF_outer	healthy_vs_degenerated_mild	NR4A1	0.0	1.0	80	0	0	0	1.0
AF_outer	healthy_vs_degenerated_mild	HMGA1	0.0	1.0	54	0	0	0	1.0
AF_outer	healthy_vs_degenerated_mild	NFKB1	-0.0030120481927710845	0.21192131506364104	332	1	0	1	1.0
AF_outer	healthy_vs_degenerated_mild	USF1	0.005952380952380952	0.11296325355980204	168	1	1	0	1.0
AF_outer	healthy_vs_degenerated_mild	DDIT3	0.0	1.0	84	0	0	0	1.0
AF_outer	healthy_vs_degenerated_mild	ATF4	0.0	1.0	110	0	0	0	1.0
AF_outer	healthy_vs_degenerated_mild	ATF3	0.0	1.0	93	0	0	0	1.0
AF_outer	healthy_vs_degenerated_mild	TAF1	0.0	1.0	39	0	0	0	1.0
AF_outer	healthy_vs_degenerated_mild	RUNX2	0.0	1.0	99	0	0	0	1.0
AF_outer	healthy_vs_degenerated_mild	TFAP2B	0.0	1.0	20	0	0	0	1.0
AF_outer	healthy_vs_degenerated_mild	CREM	0.0	1.0	61	0	0	0	1.0
AF_outer	healthy_vs_degenerated_mild	IRF8	0.0	1.0	50	0	0	0	1.0
AF_outer	healthy_vs_degenerated_mild	ETV5	0.0	1.0	16	0	0	0	1.0
AF_outer	healthy_vs_degenerated_mild	DMTF1	0.0	1.0	16	0	0	0	1.0
AF_outer	healthy_vs_degenerated_mild	NR5A1	0.0	1.0	72	0	0	0	1.0
AF_outer	healthy_vs_degenerated_mild	NEUROD2	0.0	1.0	9	0	0	0	1.0
AF_outer	healthy_vs_degenerated_mild	NEUROD1	0.0	1.0	45	0	0	0	1.0
AF_outer	healthy_vs_degenerated_mild	HHEX	0.0	1.0	22	0	0	0	1.0
AF_outer	healthy_vs_degenerated_mild	FOXO3	0.0	1.0	175	0	0	0	1.0
AF_outer	healthy_vs_degenerated_mild	MBD1	0.0	1.0	14	0	0	0	1.0
AF_outer	healthy_vs_degenerated_mild	CEBPD	0.0	1.0	70	0	0	0	1.0
AF_outer	healthy_vs_degenerated_mild	ELK1	0.0	1.0	52	0	0	0	1.0
AF_outer	healthy_vs_degenerated_mild	FLI1	0.0	1.0	75	0	0	0	1.0
AF_outer	healthy_vs_degenerated_mild	ELK4	0.0	1.0	6	0	0	0	1.0
AF_outer	healthy_vs_degenerated_mild	PREB	0.0	1.0	13	0	0	0	1.0
AF_outer	healthy_vs_degenerated_mild	POU1F1	0.0	1.0	39	0	0	0	1.0
AF_outer	healthy_vs_degenerated_mild	PAX5	0.0	1.0	48	0	0	0	1.0
AF_outer	healthy_vs_degenerated_mild	CEBPA	-0.005988023952095809	0.11232667969427217	167	1	0	1	1.0
AF_outer	healthy_vs_degenerated_mild	LITAF	0.0	1.0	24	0	0	0	1.0
AF_outer	healthy_vs_degenerated_mild	STAT6	0.0	1.0	88	0	0	0	1.0
AF_outer	healthy_vs_degenerated_mild	HIF1A	-0.0025974025974025974	0.24168642318294775	385	1	0	1	1.0
AF_outer	healthy_vs_degenerated_mild	TP73	0.0	1.0	111	0	0	0	1.0
AF_outer	healthy_vs_degenerated_mild	KLF11	0.0	1.0	18	0	0	0	1.0
AF_outer	healthy_vs_degenerated_mild	TCF4	0.0	1.0	46	0	0	0	1.0
AF_outer	healthy_vs_degenerated_mild	HIVEP2	0.0	1.0	11	0	0	0	1.0
AF_outer	healthy_vs_degenerated_mild	E2F4	0.0	1.0	160	0	0	0	1.0
AF_outer	healthy_vs_degenerated_mild	GATA5	0.0	1.0	17	0	0	0	1.0
AF_outer	healthy_vs_degenerated_mild	SRF	0.0	1.0	81	0	0	0	1.0
AF_outer	healthy_vs_degenerated_mild	ELF1	0.0	1.0	61	0	0	0	1.0
AF_outer	healthy_vs_degenerated_mild	GATA3	0.0	1.0	144	0	0	0	1.0
AF_outer	healthy_vs_degenerated_mild	MSX1	0.0	1.0	19	0	0	0	1.0
AF_outer	healthy_vs_degenerated_mild	OTX2	0.0	1.0	27	0	0	0	1.0
AF_outer	healthy_vs_degenerated_mild	LHX2	0.0	1.0	24	0	0	0	1.0
AF_outer	healthy_vs_degenerated_mild	GABPA	0.0	1.0	30	0	0	0	1.0
AF_outer	healthy_vs_degenerated_mild	HSF2	0.0	1.0	23	0	0	0	1.0
AF_outer	healthy_vs_degenerated_mild	VDR	0.009174311926605505	0.07468687737094713	109	1	1	0	1.0
AF_outer	healthy_vs_degenerated_mild	HOXC8	0.0	1.0	14	0	0	0	1.0
AF_outer	healthy_vs_degenerated_mild	HR	0.0	1.0	71	0	0	0	1.0
AF_outer	healthy_vs_degenerated_mild	RELB	0.0	1.0	41	0	0	0	1.0
AF_outer	healthy_vs_degenerated_mild	CEBPE	0.0	1.0	23	0	0	0	1.0
AF_outer	healthy_vs_degenerated_mild	NR0B1	0.0	1.0	38	0	0	0	1.0
AF_outer	healthy_vs_degenerated_mild	LEF1	0.0	1.0	84	0	0	0	1.0
AF_outer	healthy_vs_degenerated_mild	ID1	0.0	1.0	64	0	0	0	1.0
AF_outer	healthy_vs_degenerated_mild	ZNF143	0.0	1.0	26	0	0	0	1.0
AF_outer	healthy_vs_degenerated_mild	SOX9	0.0	1.0	76	0	0	0	1.0
AF_outer	healthy_vs_degenerated_mild	YBX1	-0.012195121951219513	0.05667485103973173	82	1	0	1	1.0
AF_outer	healthy_vs_degenerated_mild	HSF1	0.0	1.0	83	0	0	0	1.0
AF_outer	healthy_vs_degenerated_mild	FOXE1	0.0	1.0	5	0	0	0	1.0
AF_outer	healthy_vs_degenerated_mild	POU4F1	0.0	1.0	21	0	0	0	1.0
AF_outer	healthy_vs_degenerated_mild	NOTO	0.0	1.0	5	0	0	0	1.0
AF_outer	healthy_vs_degenerated_mild	HNF1B	0.0	1.0	37	0	0	0	1.0
AF_outer	healthy_vs_degenerated_mild	PAX3	0.0	1.0	84	0	0	0	1.0
AF_outer	healthy_vs_degenerated_mild	ID2	0.0	1.0	55	0	0	0	1.0
AF_outer	healthy_vs_degenerated_mild	MEF2A	0.0	1.0	83	0	0	0	1.0
AF_outer	healthy_vs_degenerated_mild	PDX1	0.0	1.0	58	0	0	0	1.0
AF_outer	healthy_vs_degenerated_mild	NR2F2	0.0	1.0	54	0	0	0	1.0
AF_outer	healthy_vs_degenerated_mild	NR1H4	0.0	1.0	95	0	0	0	1.0
AF_outer	healthy_vs_degenerated_mild	ASCL1	0.0	1.0	50	0	0	0	1.0
AF_outer	healthy_vs_degenerated_mild	RFX1	0.0	1.0	19	0	0	0	1.0
AF_outer	healthy_vs_degenerated_mild	CRX	0.0	1.0	21	0	0	0	1.0
AF_outer	healthy_vs_degenerated_mild	NRL	0.0	1.0	15	0	0	0	1.0
AF_outer	healthy_vs_degenerated_mild	UBTF	0.0	1.0	9	0	0	0	1.0
AF_outer	healthy_vs_degenerated_mild	MYBL2	0.0	1.0	47	0	0	0	1.0
AF_outer	healthy_vs_degenerated_mild	ELF2	0.0	1.0	8	0	0	0	1.0
AF_outer	healthy_vs_degenerated_mild	JUND	-0.0125	0.055328030956867606	80	1	0	1	1.0
AF_outer	healthy_vs_degenerated_mild	TP63	0.0	1.0	174	0	0	0	1.0
AF_outer	healthy_vs_degenerated_mild	NFKBIB	0.0	1.0	17	0	0	0	1.0
AF_outer	healthy_vs_degenerated_mild	HOXC6	0.0	1.0	11	0	0	0	1.0
AF_outer	healthy_vs_degenerated_mild	FOXO1	0.0	1.0	229	0	0	0	1.0
AF_outer	healthy_vs_degenerated_mild	PITX2	0.0	1.0	100	0	0	0	1.0
AF_outer	healthy_vs_degenerated_mild	NR5A2	0.0	1.0	43	0	0	0	1.0
AF_outer	healthy_vs_degenerated_mild	POU2F1	0.0	1.0	81	0	0	0	1.0
AF_outer	healthy_vs_degenerated_mild	XBP1	0.0	1.0	47	0	0	0	1.0
AF_outer	healthy_vs_degenerated_mild	SREBF1	0.0	1.0	108	0	0	0	1.0
AF_outer	healthy_vs_degenerated_mild	TCF3	0.0	1.0	92	0	0	0	1.0
AF_outer	healthy_vs_degenerated_mild	LRRFIP1	0.0	1.0	13	0	0	0	1.0
AF_outer	healthy_vs_degenerated_mild	TCF12	0.0	1.0	38	0	0	0	1.0
AF_outer	healthy_vs_degenerated_mild	E4F1	0.0	1.0	10	0	0	0	1.0
AF_outer	healthy_vs_degenerated_mild	HOXB1	0.0	1.0	6	0	0	0	1.0
AF_outer	healthy_vs_degenerated_mild	BRCA1	0.0	1.0	56	0	0	0	1.0
AF_outer	healthy_vs_degenerated_mild	ZNF362	0.0	1.0	14	0	0	0	1.0
AF_outer	healthy_vs_degenerated_mild	NRF1	0.0	1.0	80	0	0	0	1.0
AF_outer	healthy_vs_degenerated_mild	GATA1	-0.01020408163265306	0.06738673269442236	98	1	0	1	1.0
AF_outer	healthy_vs_degenerated_mild	MYCN	0.0	1.0	120	0	0	0	1.0
AF_outer	healthy_vs_degenerated_mild	PKNOX1	0.0	1.0	12	0	0	0	1.0
AF_outer	healthy_vs_degenerated_mild	NR4A3	0.0	1.0	31	0	0	0	1.0
AF_outer	healthy_vs_degenerated_mild	SSRP1	0.0	1.0	109	0	0	0	1.0
AF_outer	healthy_vs_degenerated_mild	ZNF91	0.0	1.0	35	0	0	0	1.0
AF_outer	healthy_vs_degenerated_mild	NR2C1	-0.07142857142857142	0.009890100525442223	14	1	0	1	0.7692300408677284
AF_outer	healthy_vs_degenerated_mild	ID3	0.0	1.0	31	0	0	0	1.0
AF_outer	healthy_vs_degenerated_mild	ERF	0.0	1.0	15	0	0	0	1.0
AF_outer	healthy_vs_degenerated_mild	ZNF354C	0.0	1.0	22	0	0	0	1.0
AF_outer	healthy_vs_degenerated_mild	HMGA2	0.0	1.0	36	0	0	0	1.0
AF_outer	healthy_vs_degenerated_mild	POU2F2	0.0	1.0	29	0	0	0	1.0
AF_outer	healthy_vs_degenerated_mild	PHOX2B	0.0	1.0	11	0	0	0	1.0
AF_outer	healthy_vs_degenerated_mild	SREBF2	0.0	1.0	57	0	0	0	1.0
AF_outer	healthy_vs_degenerated_mild	ELF4	0.0	1.0	35	0	0	0	1.0
AF_outer	healthy_vs_degenerated_mild	TTF1	-0.043478260869565216	0.0004655485436875273	46	2	0	2	0.3258839805812691
AF_outer	healthy_vs_degenerated_mild	DLX4	0.0	1.0	34	0	0	0	1.0
AF_outer	healthy_vs_degenerated_mild	NR1I2	0.0	1.0	176	0	0	0	1.0
AF_outer	healthy_vs_degenerated_mild	NR1H3	0.0	1.0	101	0	0	0	1.0
AF_outer	healthy_vs_degenerated_mild	MITF	0.0	1.0	87	0	0	0	1.0
AF_outer	healthy_vs_degenerated_mild	NCOA1	-0.015151515151515152	0.04585123560617197	66	1	0	1	1.0
AF_outer	healthy_vs_degenerated_mild	NCOR1	0.0	1.0	68	0	0	0	1.0
AF_outer	healthy_vs_degenerated_mild	FOSL1	0.0	1.0	44	0	0	0	1.0
AF_outer	healthy_vs_degenerated_mild	JUNB	0.0	1.0	81	0	0	0	1.0
AF_outer	healthy_vs_degenerated_mild	MTF2	0.0	1.0	6	0	0	0	1.0
AF_outer	healthy_vs_degenerated_mild	DNMT1	0.0	1.0	150	0	0	0	1.0
AF_outer	healthy_vs_degenerated_mild	KLF5	0.0	1.0	67	0	0	0	1.0
AF_outer	healthy_vs_degenerated_mild	NR3C2	-0.023255813953488372	0.03009443068810622	43	1	0	1	1.0
AF_outer	healthy_vs_degenerated_mild	MYRF	0.0	1.0	7	0	0	0	1.0
AF_outer	healthy_vs_degenerated_mild	EBF1	0.0	1.0	25	0	0	0	1.0
AF_outer	healthy_vs_degenerated_mild	CREBBP	0.0	1.0	31	0	0	0	1.0
AF_outer	healthy_vs_degenerated_mild	ZFPM1	0.0	1.0	12	0	0	0	1.0
AF_outer	healthy_vs_degenerated_mild	APEX1	0.0	1.0	35	0	0	0	1.0
AF_outer	healthy_vs_degenerated_mild	TEAD2	0.0	1.0	5	0	0	0	1.0
AF_outer	healthy_vs_degenerated_mild	TFAM	0.0	1.0	12	0	0	0	1.0
AF_outer	healthy_vs_degenerated_mild	IRF4	0.0	1.0	42	0	0	0	1.0
AF_outer	healthy_vs_degenerated_mild	ZBED1	-0.05263157894736842	0.01340067234464395	19	1	0	1	0.8973635579635523
AF_outer	healthy_vs_degenerated_mild	NCOA2	0.0	1.0	53	0	0	0	1.0
AF_outer	healthy_vs_degenerated_mild	FOXA1	0.0	1.0	45	0	0	0	1.0
AF_outer	healthy_vs_degenerated_mild	NR4A2	0.0	1.0	45	0	0	0	1.0
AF_outer	healthy_vs_degenerated_mild	KLF1	0.0	1.0	21	0	0	0	1.0
AF_outer	healthy_vs_degenerated_mild	LHX3	0.0	1.0	7	0	0	0	1.0
AF_outer	healthy_vs_degenerated_mild	CTCF	0.0	1.0	119	0	0	0	1.0
AF_outer	healthy_vs_degenerated_mild	BCL6	0.0	1.0	77	0	0	0	1.0
AF_outer	healthy_vs_degenerated_mild	RB1	0.0	1.0	32	0	0	0	1.0
AF_outer	healthy_vs_degenerated_mild	TFCP2	0.0	1.0	57	0	0	0	1.0
AF_outer	healthy_vs_degenerated_mild	REST	0.0	1.0	41	0	0	0	1.0
AF_outer	healthy_vs_degenerated_mild	ESRRA	0.0	1.0	40	0	0	0	1.0
AF_outer	healthy_vs_degenerated_mild	HOXD3	0.0	1.0	9	0	0	0	1.0
AF_outer	healthy_vs_degenerated_mild	IRF9	0.0	1.0	17	0	0	0	1.0
AF_outer	healthy_vs_degenerated_mild	TFE3	0.0	1.0	33	0	0	0	1.0
AF_outer	healthy_vs_degenerated_mild	ZNF236	0.0	1.0	7	0	0	0	1.0
AF_outer	healthy_vs_degenerated_mild	TFAP2C	0.0	1.0	24	0	0	0	1.0
AF_outer	healthy_vs_degenerated_mild	PAX8	0.0	1.0	24	0	0	0	1.0
AF_outer	healthy_vs_degenerated_mild	NKX2-1	0.0	1.0	44	0	0	0	1.0
AF_outer	healthy_vs_degenerated_mild	PBX1	0.0	1.0	43	0	0	0	1.0
AF_outer	healthy_vs_degenerated_mild	SP4	0.0	1.0	41	0	0	0	1.0
AF_outer	healthy_vs_degenerated_mild	CIITA	0.0	1.0	26	0	0	0	1.0
AF_outer	healthy_vs_degenerated_mild	CDX2	0.0	1.0	44	0	0	0	1.0
AF_outer	healthy_vs_degenerated_mild	ELF3	0.0	1.0	22	0	0	0	1.0
AF_outer	healthy_vs_degenerated_mild	ELF5	0.0	1.0	7	0	0	0	1.0
AF_outer	healthy_vs_degenerated_mild	ZEB1	0.0	1.0	47	0	0	0	1.0
AF_outer	healthy_vs_degenerated_mild	EGR3	0.0	1.0	25	0	0	0	1.0
AF_outer	healthy_vs_degenerated_mild	EWSR1	0.0	1.0	51	0	0	0	1.0
AF_outer	healthy_vs_degenerated_mild	NAB2	0.0	1.0	6	0	0	0	1.0
AF_outer	healthy_vs_degenerated_mild	DEAF1	0.0	1.0	11	0	0	0	1.0
AF_outer	healthy_vs_degenerated_mild	TBPL1	-0.03333333333333333	0.021084132658416785	30	1	0	1	1.0
AF_outer	healthy_vs_degenerated_mild	MEF2C	0.0	1.0	57	0	0	0	1.0
AF_outer	healthy_vs_degenerated_mild	POU4F2	0.0	1.0	23	0	0	0	1.0
AF_outer	healthy_vs_degenerated_mild	TAL1	0.0	1.0	79	0	0	0	1.0
AF_outer	healthy_vs_degenerated_mild	EPAS1	0.0	1.0	80	0	0	0	1.0
AF_outer	healthy_vs_degenerated_mild	SMARCA1	0.0	1.0	41	0	0	0	1.0
AF_outer	healthy_vs_degenerated_mild	NFATC4	0.0	1.0	33	0	0	0	1.0
AF_outer	healthy_vs_degenerated_mild	FOXM1	0.0	1.0	81	0	0	0	1.0
AF_outer	healthy_vs_degenerated_mild	MYF5	0.0	1.0	17	0	0	0	1.0
AF_outer	healthy_vs_degenerated_mild	MYOG	0.0	1.0	42	0	0	0	1.0
AF_outer	healthy_vs_degenerated_mild	SMAD7	0.0	1.0	55	0	0	0	1.0
AF_outer	healthy_vs_degenerated_mild	SOX10	0.0	1.0	25	0	0	0	1.0
AF_outer	healthy_vs_degenerated_mild	POU3F1	0.0	1.0	14	0	0	0	1.0
AF_outer	healthy_vs_degenerated_mild	NKRF	0.0	1.0	8	0	0	0	1.0
AF_outer	healthy_vs_degenerated_mild	ATF6	0.0	1.0	47	0	0	0	1.0
AF_outer	healthy_vs_degenerated_mild	HOPX	0.0	1.0	5	0	0	0	1.0
AF_outer	healthy_vs_degenerated_mild	NKX6-1	0.0	1.0	8	0	0	0	1.0
AF_outer	healthy_vs_degenerated_mild	ERG	0.0	1.0	45	0	0	0	1.0
AF_outer	healthy_vs_degenerated_mild	PITX3	0.0	1.0	20	0	0	0	1.0
AF_outer	healthy_vs_degenerated_mild	HOXB2	0.0	1.0	6	0	0	0	1.0
AF_outer	healthy_vs_degenerated_mild	SATB1	0.0	1.0	39	0	0	0	1.0
AF_outer	healthy_vs_degenerated_mild	NFKB2	0.0	1.0	52	0	0	0	1.0
AF_outer	healthy_vs_degenerated_mild	RORA	0.0	1.0	54	0	0	0	1.0
AF_outer	healthy_vs_degenerated_mild	PROX1	0.0	1.0	25	0	0	0	1.0
AF_outer	healthy_vs_degenerated_mild	KLF3	0.0	1.0	9	0	0	0	1.0
AF_outer	healthy_vs_degenerated_mild	PEG3	0.0	1.0	7	0	0	0	1.0
AF_outer	healthy_vs_degenerated_mild	NR2E3	0.0	1.0	10	0	0	0	1.0
AF_outer	healthy_vs_degenerated_mild	NCOR2	0.0	1.0	53	0	0	0	1.0
AF_outer	healthy_vs_degenerated_mild	NCOA3	0.0	1.0	68	0	0	0	1.0
AF_outer	healthy_vs_degenerated_mild	ZFHX3	0.0	1.0	8	0	0	0	1.0
AF_outer	healthy_vs_degenerated_mild	SMAD1	0.0	1.0	60	0	0	0	1.0
AF_outer	healthy_vs_degenerated_mild	SPDEF	0.0	1.0	13	0	0	0	1.0
AF_outer	healthy_vs_degenerated_mild	PAX2	0.0	1.0	17	0	0	0	1.0
AF_outer	healthy_vs_degenerated_mild	KLF13	0.0	1.0	14	0	0	0	1.0
AF_outer	healthy_vs_degenerated_mild	GTF2IRD1	0.0	1.0	6	0	0	0	1.0
AF_outer	healthy_vs_degenerated_mild	MAFB	0.0	1.0	31	0	0	0	1.0
AF_outer	healthy_vs_degenerated_mild	NR2F6	0.0	1.0	7	0	0	0	1.0
AF_outer	healthy_vs_degenerated_mild	ELK3	0.0	1.0	21	0	0	0	1.0
AF_outer	healthy_vs_degenerated_mild	KLF6	0.0	1.0	48	0	0	0	1.0
AF_outer	healthy_vs_degenerated_mild	SNAI1	0.0	1.0	88	0	0	0	1.0
AF_outer	healthy_vs_degenerated_mild	HESX1	0.0	1.0	17	0	0	0	1.0
AF_outer	healthy_vs_degenerated_mild	BACH2	0.0	1.0	6	0	0	0	1.0
AF_outer	healthy_vs_degenerated_mild	PATZ1	0.0	1.0	9	0	0	0	1.0
AF_outer	healthy_vs_degenerated_mild	ZHX2	0.0	1.0	11	0	0	0	1.0
AF_outer	healthy_vs_degenerated_mild	ONECUT1	0.0	1.0	22	0	0	0	1.0
AF_outer	healthy_vs_degenerated_mild	RXRA	0.0	1.0	77	0	0	0	1.0
AF_outer	healthy_vs_degenerated_mild	NR1H2	0.0	1.0	37	0	0	0	1.0
AF_outer	healthy_vs_degenerated_mild	KAT5	0.0	1.0	48	0	0	0	1.0
AF_outer	healthy_vs_degenerated_mild	GBX2	0.0	1.0	6	0	0	0	1.0
AF_outer	healthy_vs_degenerated_mild	YBX3	0.0	1.0	23	0	0	0	1.0
AF_outer	healthy_vs_degenerated_mild	SMAD6	0.0	1.0	23	0	0	0	1.0
AF_outer	healthy_vs_degenerated_mild	MYBL1	0.0	1.0	11	0	0	0	1.0
AF_outer	healthy_vs_degenerated_mild	CDX1	0.0	1.0	26	0	0	0	1.0
AF_outer	healthy_vs_degenerated_mild	TFDP1	0.0	1.0	31	0	0	0	1.0
AF_outer	healthy_vs_degenerated_mild	KLF12	0.0	1.0	9	0	0	0	1.0
AF_outer	healthy_vs_degenerated_mild	KMT2A	0.0	1.0	66	0	0	0	1.0
AF_outer	healthy_vs_degenerated_mild	GATA2	0.0	1.0	66	0	0	0	1.0
AF_outer	healthy_vs_degenerated_mild	PRDM1	0.0	1.0	45	0	0	0	1.0
AF_outer	healthy_vs_degenerated_mild	MXD1	0.0	1.0	21	0	0	0	1.0
AF_outer	healthy_vs_degenerated_mild	CLOCK	0.0	1.0	56	0	0	0	1.0
AF_outer	healthy_vs_degenerated_mild	BHLHE40	0.0	1.0	31	0	0	0	1.0
AF_outer	healthy_vs_degenerated_mild	SRY	-0.029411764705882353	0.023864603331796685	34	1	0	1	1.0
AF_outer	healthy_vs_degenerated_mild	MAF	0.0	1.0	41	0	0	0	1.0
AF_outer	healthy_vs_degenerated_mild	AIRE	0.0	1.0	12	0	0	0	1.0
AF_outer	healthy_vs_degenerated_mild	ZGPAT	0.0	1.0	9	0	0	0	1.0
AF_outer	healthy_vs_degenerated_mild	ETV1	0.0	1.0	19	0	0	0	1.0
AF_outer	healthy_vs_degenerated_mild	KLF4	0.0	1.0	106	0	0	0	1.0
AF_outer	healthy_vs_degenerated_mild	EGR2	0.0	1.0	57	0	0	0	1.0
AF_outer	healthy_vs_degenerated_mild	SIX4	0.0	1.0	5	0	0	0	1.0
AF_outer	healthy_vs_degenerated_mild	NEUROG3	0.0	1.0	18	0	0	0	1.0
AF_outer	healthy_vs_degenerated_mild	CXXC1	0.0	1.0	19	0	0	0	1.0
AF_outer	healthy_vs_degenerated_mild	TBX21	0.0	1.0	34	0	0	0	1.0
AF_outer	healthy_vs_degenerated_mild	HOXA10	0.0	1.0	44	0	0	0	1.0
AF_outer	healthy_vs_degenerated_mild	LMX1B	0.0	1.0	16	0	0	0	1.0
AF_outer	healthy_vs_degenerated_mild	TBX2	0.0	1.0	26	0	0	0	1.0
AF_outer	healthy_vs_degenerated_mild	ZNF699	0.0	1.0	39	0	0	0	1.0
AF_outer	healthy_vs_degenerated_mild	RFX5	0.0	1.0	18	0	0	0	1.0
AF_outer	healthy_vs_degenerated_mild	RFXANK	0.0	1.0	13	0	0	0	1.0
AF_outer	healthy_vs_degenerated_mild	RFXAP	0.0	1.0	12	0	0	0	1.0
AF_outer	healthy_vs_degenerated_mild	BARX2	0.0	1.0	12	0	0	0	1.0
AF_outer	healthy_vs_degenerated_mild	FOXO4	0.0	1.0	26	0	0	0	1.0
AF_outer	healthy_vs_degenerated_mild	DLX5	0.0	1.0	32	0	0	0	1.0
AF_outer	healthy_vs_degenerated_mild	ID4	0.0	1.0	12	0	0	0	1.0
AF_outer	healthy_vs_degenerated_mild	SPIB	0.0	1.0	12	0	0	0	1.0
AF_outer	healthy_vs_degenerated_mild	FOXN1	0.0	1.0	39	0	0	0	1.0
AF_outer	healthy_vs_degenerated_mild	TBX5	0.0	1.0	19	0	0	0	1.0
AF_outer	healthy_vs_degenerated_mild	TLX1	0.0	1.0	8	0	0	0	1.0
AF_outer	healthy_vs_degenerated_mild	HIVEP1	0.0	1.0	8	0	0	0	1.0
AF_outer	healthy_vs_degenerated_mild	SMAD2	0.0	1.0	84	0	0	0	1.0
AF_outer	healthy_vs_degenerated_mild	NKX3-1	0.0	1.0	63	0	0	0	1.0
AF_outer	healthy_vs_degenerated_mild	HAND1	0.0	1.0	10	0	0	0	1.0
AF_outer	healthy_vs_degenerated_mild	HAND2	0.0	1.0	28	0	0	0	1.0
AF_outer	healthy_vs_degenerated_mild	PAX7	0.0	1.0	11	0	0	0	1.0
AF_outer	healthy_vs_degenerated_mild	SFPQ	0.0	1.0	26	0	0	0	1.0
AF_outer	healthy_vs_degenerated_mild	BMAL1	0.0	1.0	48	0	0	0	1.0
AF_outer	healthy_vs_degenerated_mild	SKIL	0.0	1.0	19	0	0	0	1.0
AF_outer	healthy_vs_degenerated_mild	TBXT	0.0	1.0	11	0	0	0	1.0
AF_outer	healthy_vs_degenerated_mild	MSX2	0.0	1.0	35	0	0	0	1.0
AF_outer	healthy_vs_degenerated_mild	MZF1	0.0	1.0	18	0	0	0	1.0
AF_outer	healthy_vs_degenerated_mild	HOXA5	0.0	1.0	14	0	0	0	1.0
AF_outer	healthy_vs_degenerated_mild	HOXB4	0.0	1.0	10	0	0	0	1.0
AF_outer	healthy_vs_degenerated_mild	CREB3	0.0	1.0	10	0	0	0	1.0
AF_outer	healthy_vs_degenerated_mild	NFE2	0.0	1.0	15	0	0	0	1.0
AF_outer	healthy_vs_degenerated_mild	ZNF76	0.0	1.0	7	0	0	0	1.0
AF_outer	healthy_vs_degenerated_mild	FOXQ1	0.0	1.0	15	0	0	0	1.0
AF_outer	healthy_vs_degenerated_mild	ZGLP1	0.0	1.0	16	0	0	0	1.0
AF_outer	healthy_vs_degenerated_mild	NFYB	0.0	1.0	35	0	0	0	1.0
AF_outer	healthy_vs_degenerated_mild	ETV3	0.0	1.0	11	0	0	0	1.0
AF_outer	healthy_vs_degenerated_mild	GSC	0.0	1.0	9	0	0	0	1.0
AF_outer	healthy_vs_degenerated_mild	IRF7	0.0	1.0	14	0	0	0	1.0
AF_outer	healthy_vs_degenerated_mild	NFATC3	0.0	1.0	25	0	0	0	1.0
AF_outer	healthy_vs_degenerated_mild	KDM5A	0.0	1.0	15	0	0	0	1.0
AF_outer	healthy_vs_degenerated_mild	GRHL3	0.0	1.0	23	0	0	0	1.0
AF_outer	healthy_vs_degenerated_mild	THRA	0.0	1.0	60	0	0	0	1.0
AF_outer	healthy_vs_degenerated_mild	SOX17	0.0	1.0	38	0	0	0	1.0
AF_outer	healthy_vs_degenerated_mild	ZIC2	0.0	1.0	6	0	0	0	1.0
AF_outer	healthy_vs_degenerated_mild	TBX15	0.0	1.0	27	0	0	0	1.0
AF_outer	healthy_vs_degenerated_mild	NFAT5	0.0	1.0	43	0	0	0	1.0
AF_outer	healthy_vs_degenerated_mild	MEF2B	0.0	1.0	5	0	0	0	1.0
AF_outer	healthy_vs_degenerated_mild	BMAL2	0.0	1.0	7	0	0	0	1.0
AF_outer	healthy_vs_degenerated_mild	NFE2L2	0.0	1.0	172	0	0	0	1.0
AF_outer	healthy_vs_degenerated_mild	ZIC1	0.0	1.0	11	0	0	0	1.0
AF_outer	healthy_vs_degenerated_mild	MEIS1	0.0	1.0	16	0	0	0	1.0
AF_outer	healthy_vs_degenerated_mild	HOXA9	0.0	1.0	34	0	0	0	1.0
AF_outer	healthy_vs_degenerated_mild	MAFA	0.0	1.0	13	0	0	0	1.0
AF_outer	healthy_vs_degenerated_mild	NR1D1	0.0	1.0	21	0	0	0	1.0
AF_outer	healthy_vs_degenerated_mild	MYF6	0.0	1.0	8	0	0	0	1.0
AF_outer	healthy_vs_degenerated_mild	ZNF263	0.0	1.0	8	0	0	0	1.0
AF_outer	healthy_vs_degenerated_mild	NFIA	0.0	1.0	44	0	0	0	1.0
AF_outer	healthy_vs_degenerated_mild	HEY2	0.0	1.0	15	0	0	0	1.0
AF_outer	healthy_vs_degenerated_mild	HOXB7	0.0	1.0	18	0	0	0	1.0
AF_outer	healthy_vs_degenerated_mild	ZNF350	0.0	1.0	9	0	0	0	1.0
AF_outer	healthy_vs_degenerated_mild	BCL11A	0.0	1.0	9	0	0	0	1.0
AF_outer	healthy_vs_degenerated_mild	TWIST1	0.0	1.0	69	0	0	0	1.0
AF_outer	healthy_vs_degenerated_mild	ZNF395	0.0	1.0	5	0	0	0	1.0
AF_outer	healthy_vs_degenerated_mild	TFDP2	0.0	1.0	6	0	0	0	1.0
AF_outer	healthy_vs_degenerated_mild	GTF3A	0.0	1.0	21	0	0	0	1.0
AF_outer	healthy_vs_degenerated_mild	KLF10	0.0	1.0	24	0	0	0	1.0
AF_outer	healthy_vs_degenerated_mild	KLF2	0.0	1.0	49	0	0	0	1.0
AF_outer	healthy_vs_degenerated_mild	PHF20	0.0	1.0	9	0	0	0	1.0
AF_outer	healthy_vs_degenerated_mild	TGIF1	0.0	1.0	9	0	0	0	1.0
AF_outer	healthy_vs_degenerated_mild	FOXG1	0.0	1.0	16	0	0	0	1.0
AF_outer	healthy_vs_degenerated_mild	SF1	0.0	1.0	8	0	0	0	1.0
AF_outer	healthy_vs_degenerated_mild	MBD2	0.0	1.0	75	0	0	0	1.0
AF_outer	healthy_vs_degenerated_mild	FOXF2	0.0	1.0	11	0	0	0	1.0
AF_outer	healthy_vs_degenerated_mild	ZBTB32	0.0	1.0	5	0	0	0	1.0
AF_outer	healthy_vs_degenerated_mild	HEY1	0.0	1.0	26	0	0	0	1.0
AF_outer	healthy_vs_degenerated_mild	ZBTB17	0.0	1.0	39	0	0	0	1.0
AF_outer	healthy_vs_degenerated_mild	IRF5	0.0	1.0	20	0	0	0	1.0
AF_outer	healthy_vs_degenerated_mild	THRB	0.0	1.0	43	0	0	0	1.0
AF_outer	healthy_vs_degenerated_mild	POU3F2	0.0	1.0	21	0	0	0	1.0
AF_outer	healthy_vs_degenerated_mild	FOXI1	0.0	1.0	7	0	0	0	1.0
AF_outer	healthy_vs_degenerated_mild	KCNIP3	0.0	1.0	12	0	0	0	1.0
AF_outer	healthy_vs_degenerated_mild	FOSB	0.0	1.0	32	0	0	0	1.0
AF_outer	healthy_vs_degenerated_mild	NFE2L1	0.0	1.0	9	0	0	0	1.0
AF_outer	healthy_vs_degenerated_mild	TRERF1	0.0	1.0	11	0	0	0	1.0
AF_outer	healthy_vs_degenerated_mild	FOXP1	0.0	1.0	17	0	0	0	1.0
AF_outer	healthy_vs_degenerated_mild	FOXP2	0.0	1.0	6	0	0	0	1.0
AF_outer	healthy_vs_degenerated_mild	BARX1	0.0	1.0	8	0	0	0	1.0
AF_outer	healthy_vs_degenerated_mild	ZFPM2	0.0	1.0	8	0	0	0	1.0
AF_outer	healthy_vs_degenerated_mild	IKZF1	0.0	1.0	32	0	0	0	1.0
AF_outer	healthy_vs_degenerated_mild	BCL3	0.0	1.0	24	0	0	0	1.0
AF_outer	healthy_vs_degenerated_mild	SP2	0.0	1.0	19	0	0	0	1.0
AF_outer	healthy_vs_degenerated_mild	SIM2	0.0	1.0	9	0	0	0	1.0
AF_outer	healthy_vs_degenerated_mild	NFATC1	0.0	1.0	87	0	0	0	1.0
AF_outer	healthy_vs_degenerated_mild	POU2F3	0.0	1.0	6	0	0	0	1.0
AF_outer	healthy_vs_degenerated_mild	HOXA7	0.0	1.0	12	0	0	0	1.0
AF_outer	healthy_vs_degenerated_mild	NPAS2	0.0	1.0	8	0	0	0	1.0
AF_outer	healthy_vs_degenerated_mild	DLX2	0.0	1.0	18	0	0	0	1.0
AF_outer	healthy_vs_degenerated_mild	PRRX1	0.0	1.0	6	0	0	0	1.0
AF_outer	healthy_vs_degenerated_mild	VEZF1	0.0	1.0	6	0	0	0	1.0
AF_outer	healthy_vs_degenerated_mild	CTBP2	0.08333333333333333	0.008482695016472848	12	1	1	0	0.7692300408677284
AF_outer	healthy_vs_degenerated_mild	SOX6	0.0	1.0	19	0	0	0	1.0
AF_outer	healthy_vs_degenerated_mild	HIPK2	0.0	1.0	8	0	0	0	1.0
AF_outer	healthy_vs_degenerated_mild	FOXA3	0.0	1.0	9	0	0	0	1.0
AF_outer	healthy_vs_degenerated_mild	RORC	0.0	1.0	8	0	0	0	1.0
AF_outer	healthy_vs_degenerated_mild	SIX3	0.0	1.0	5	0	0	0	1.0
AF_outer	healthy_vs_degenerated_mild	PPARD	0.0	1.0	84	0	0	0	1.0
AF_outer	healthy_vs_degenerated_mild	MECOM	0.0	1.0	18	0	0	0	1.0
AF_outer	healthy_vs_degenerated_mild	SIRT1	0.0	1.0	52	0	0	0	1.0
AF_outer	healthy_vs_degenerated_mild	ZBTB7B	0.0	1.0	14	0	0	0	1.0
AF_outer	healthy_vs_degenerated_mild	ZBTB7A	0.0	1.0	33	0	0	0	1.0
AF_outer	healthy_vs_degenerated_mild	NR6A1	0.0	1.0	9	0	0	0	1.0
AF_outer	healthy_vs_degenerated_mild	STAT2	0.0	1.0	39	0	0	0	1.0
AF_outer	healthy_vs_degenerated_mild	ESRRG	-0.05	0.01410142733942725	20	1	0	1	0.8973635579635523
AF_outer	healthy_vs_degenerated_mild	PRDM2	0.0	1.0	10	0	0	0	1.0
AF_outer	healthy_vs_degenerated_mild	PURA	0.0	1.0	16	0	0	0	1.0
AF_outer	healthy_vs_degenerated_mild	TBX1	0.0	1.0	9	0	0	0	1.0
AF_outer	healthy_vs_degenerated_mild	SALL2	0.0	1.0	5	0	0	0	1.0
AF_outer	healthy_vs_degenerated_mild	ATOH1	0.0	1.0	5	0	0	0	1.0
AF_outer	healthy_vs_degenerated_mild	NEUROD6	0.0	1.0	9	0	0	0	1.0
AF_outer	healthy_vs_degenerated_mild	NEUROG1	0.0	1.0	10	0	0	0	1.0
AF_outer	healthy_vs_degenerated_mild	NEUROG2	0.0	1.0	15	0	0	0	1.0
AF_outer	healthy_vs_degenerated_mild	AHRR	0.0	1.0	5	0	0	0	1.0
AF_outer	healthy_vs_degenerated_mild	HMGB2	0.0	1.0	9	0	0	0	1.0
AF_outer	healthy_vs_degenerated_mild	DLX3	0.0	1.0	12	0	0	0	1.0
AF_outer	healthy_vs_degenerated_mild	TWIST2	0.0	1.0	33	0	0	0	1.0
AF_outer	healthy_vs_degenerated_mild	TFAP4	0.02857142857142857	0.024558598249283154	35	1	1	0	1.0
AF_outer	healthy_vs_degenerated_mild	KAT6B	0.0	1.0	7	0	0	0	1.0
AF_outer	healthy_vs_degenerated_mild	SALL3	0.0	1.0	9	0	0	0	1.0
AF_outer	healthy_vs_degenerated_mild	MXI1	0.0	1.0	9	0	0	0	1.0
AF_outer	healthy_vs_degenerated_mild	E2F5	0.0	1.0	10	0	0	0	1.0
AF_outer	healthy_vs_degenerated_mild	E2F2	0.0	1.0	49	0	0	0	1.0
AF_outer	healthy_vs_degenerated_mild	FOXD3	0.0	1.0	14	0	0	0	1.0
AF_outer	healthy_vs_degenerated_mild	POU5F1	0.0	1.0	70	0	0	0	1.0
AF_outer	healthy_vs_degenerated_mild	PLAGL1	0.0	1.0	16	0	0	0	1.0
AF_outer	healthy_vs_degenerated_mild	SNAI2	0.0	1.0	44	0	0	0	1.0
AF_outer	healthy_vs_degenerated_mild	NOTCH1	0.0	1.0	51	0	0	0	1.0
AF_outer	healthy_vs_degenerated_mild	FOXC2	0.0	1.0	17	0	0	0	1.0
AF_outer	healthy_vs_degenerated_mild	FOXD1	0.0	1.0	6	0	0	0	1.0
AF_outer	healthy_vs_degenerated_mild	KLF9	0.0	1.0	22	0	0	0	1.0
AF_outer	healthy_vs_degenerated_mild	TBPL2	0.0	1.0	8	0	0	0	1.0
AF_outer	healthy_vs_degenerated_mild	NFIL3	0.0	1.0	22	0	0	0	1.0
AF_outer	healthy_vs_degenerated_mild	ZNF384	0.0	1.0	19	0	0	0	1.0
AF_outer	healthy_vs_degenerated_mild	HOXA11	0.0	1.0	6	0	0	0	1.0
AF_outer	healthy_vs_degenerated_mild	MEF2D	0.0	1.0	20	0	0	0	1.0
AF_outer	healthy_vs_degenerated_mild	SMAD5	0.0	1.0	32	0	0	0	1.0
AF_outer	healthy_vs_degenerated_mild	PBX2	0.0	1.0	8	0	0	0	1.0
AF_outer	healthy_vs_degenerated_mild	EMX2	0.0	1.0	7	0	0	0	1.0
AF_outer	healthy_vs_degenerated_mild	MLXIPL	0.0	1.0	14	0	0	0	1.0
AF_outer	healthy_vs_degenerated_mild	ZBTB33	0.0	1.0	10	0	0	0	1.0
AF_outer	healthy_vs_degenerated_mild	ETV2	0.0	1.0	7	0	0	0	1.0
AF_outer	healthy_vs_degenerated_mild	KLF15	0.0	1.0	19	0	0	0	1.0
AF_outer	healthy_vs_degenerated_mild	DNMT3A	0.0	1.0	53	0	0	0	1.0
AF_outer	healthy_vs_degenerated_mild	DNMT3B	0.0	1.0	64	0	0	0	1.0
AF_outer	healthy_vs_degenerated_mild	OLIG1	0.0	1.0	5	0	0	0	1.0
AF_outer	healthy_vs_degenerated_mild	OLIG2	0.0	1.0	15	0	0	0	1.0
AF_outer	healthy_vs_degenerated_mild	RREB1	0.0	1.0	7	0	0	0	1.0
AF_outer	healthy_vs_degenerated_mild	ZNF202	0.0	1.0	6	0	0	0	1.0
AF_outer	healthy_vs_degenerated_mild	MAFG	0.0	1.0	9	0	0	0	1.0
AF_outer	healthy_vs_degenerated_mild	TEF	0.0	1.0	12	0	0	0	1.0
AF_outer	healthy_vs_degenerated_mild	HOXD13	0.0	1.0	17	0	0	0	1.0
AF_outer	healthy_vs_degenerated_mild	ZKSCAN7	0.0	1.0	11	0	0	0	1.0
AF_outer	healthy_vs_degenerated_mild	BACH1	0.0	1.0	14	0	0	0	1.0
AF_outer	healthy_vs_degenerated_mild	MYT1	0.0	1.0	6	0	0	0	1.0
AF_outer	healthy_vs_degenerated_mild	ZNF160	0.0	1.0	5	0	0	0	1.0
AF_outer	healthy_vs_degenerated_mild	TEAD4	0.0	1.0	8	0	0	0	1.0
AF_outer	healthy_vs_degenerated_mild	GCM1	0.0	1.0	9	0	0	0	1.0
AF_outer	healthy_vs_degenerated_mild	BHLHE41	0.0	1.0	22	0	0	0	1.0
AF_outer	healthy_vs_degenerated_mild	MTA1	0.0	1.0	44	0	0	0	1.0
AF_outer	healthy_vs_degenerated_mild	EHF	0.0	1.0	11	0	0	0	1.0
AF_outer	healthy_vs_degenerated_mild	TCF7L2	0.0	1.0	97	0	0	0	1.0
AF_outer	healthy_vs_degenerated_mild	VSX2	0.0	1.0	28	0	0	0	1.0
AF_outer	healthy_vs_degenerated_mild	TSC22D1	0.0	1.0	7	0	0	0	1.0
AF_outer	healthy_vs_degenerated_mild	SOX5	0.0	1.0	17	0	0	0	1.0
AF_outer	healthy_vs_degenerated_mild	SOX2	0.0	1.0	56	0	0	0	1.0
AF_outer	healthy_vs_degenerated_mild	NKX3-2	0.0	1.0	7	0	0	0	1.0
AF_outer	healthy_vs_degenerated_mild	PAX9	0.0	1.0	8	0	0	0	1.0
AF_outer	healthy_vs_degenerated_mild	TCF21	0.0	1.0	9	0	0	0	1.0
AF_outer	healthy_vs_degenerated_mild	HIC1	0.0	1.0	21	0	0	0	1.0
AF_outer	healthy_vs_degenerated_mild	ZEB2	0.0	1.0	26	0	0	0	1.0
AF_outer	healthy_vs_degenerated_mild	ZNF335	0.0	1.0	7	0	0	0	1.0
AF_outer	healthy_vs_degenerated_mild	NONO	0.0	1.0	17	0	0	0	1.0
AF_outer	healthy_vs_degenerated_mild	CEBPZ	0.0	1.0	16	0	0	0	1.0
AF_outer	healthy_vs_degenerated_mild	SIX1	0.0	1.0	10	0	0	0	1.0
AF_outer	healthy_vs_degenerated_mild	NFIX	0.0	1.0	21	0	0	0	1.0
AF_outer	healthy_vs_degenerated_mild	MNT	0.0	1.0	10	0	0	0	1.0
AF_outer	healthy_vs_degenerated_mild	KDM5D	0.0	1.0	5	0	0	0	1.0
AF_outer	healthy_vs_degenerated_mild	TBX6	0.0	1.0	8	0	0	0	1.0
AF_outer	healthy_vs_degenerated_mild	HOXA1	0.0	1.0	23	0	0	0	1.0
AF_outer	healthy_vs_degenerated_mild	BCL11B	0.0	1.0	20	0	0	0	1.0
AF_outer	healthy_vs_degenerated_mild	RXRB	0.0	1.0	11	0	0	0	1.0
AF_outer	healthy_vs_degenerated_mild	E2F6	0.0	1.0	37	0	0	0	1.0
AF_outer	healthy_vs_degenerated_mild	HOXA13	0.0	1.0	13	0	0	0	1.0
AF_outer	healthy_vs_degenerated_mild	KAT6A	0.0	1.0	12	0	0	0	1.0
AF_outer	healthy_vs_degenerated_mild	GFI1	0.0	1.0	42	0	0	0	1.0
AF_outer	healthy_vs_degenerated_mild	RUNX3	0.0	1.0	56	0	0	0	1.0
AF_outer	healthy_vs_degenerated_mild	GLI1	0.0	1.0	149	0	0	0	1.0
AF_outer	healthy_vs_degenerated_mild	KLF8	0.0	1.0	19	0	0	0	1.0
AF_outer	healthy_vs_degenerated_mild	HIF3A	0.0	1.0	6	0	0	0	1.0
AF_outer	healthy_vs_degenerated_mild	BHLHA15	0.0	1.0	12	0	0	0	1.0
AF_outer	healthy_vs_degenerated_mild	MEOX2	0.0	1.0	6	0	0	0	1.0
AF_outer	healthy_vs_degenerated_mild	JARID2	0.0	1.0	12	0	0	0	1.0
AF_outer	healthy_vs_degenerated_mild	NFYC	0.0	1.0	20	0	0	0	1.0
AF_outer	healthy_vs_degenerated_mild	GFI1B	0.0	1.0	10	0	0	0	1.0
AF_outer	healthy_vs_degenerated_mild	ASCL2	0.0	1.0	8	0	0	0	1.0
AF_outer	healthy_vs_degenerated_mild	MSC	0.0	1.0	23	0	0	0	1.0
AF_outer	healthy_vs_degenerated_mild	HOXB9	0.0	1.0	6	0	0	0	1.0
AF_outer	healthy_vs_degenerated_mild	HLX	0.0	1.0	13	0	0	0	1.0
AF_outer	healthy_vs_degenerated_mild	RCOR2	0.0	1.0	13	0	0	0	1.0
AF_outer	healthy_vs_degenerated_mild	NKX2-2	0.0	1.0	12	0	0	0	1.0
AF_outer	healthy_vs_degenerated_mild	ARID4A	0.0	1.0	6	0	0	0	1.0
AF_outer	healthy_vs_degenerated_mild	HINFP	0.0	1.0	10	0	0	0	1.0
AF_outer	healthy_vs_degenerated_mild	SMARCC1	0.0	1.0	7	0	0	0	1.0
AF_outer	healthy_vs_degenerated_mild	KAT2B	0.0	1.0	14	0	0	0	1.0
AF_outer	healthy_vs_degenerated_mild	ZNF219	0.0	1.0	5	0	0	0	1.0
AF_outer	healthy_vs_degenerated_mild	HDGF	0.0	1.0	6	0	0	0	1.0
AF_outer	healthy_vs_degenerated_mild	EP300	0.0	1.0	59	0	0	0	1.0
AF_outer	healthy_vs_degenerated_mild	TRPS1	0.0	1.0	15	0	0	0	1.0
AF_outer	healthy_vs_degenerated_mild	CTNNB1	-0.0037735849056603774	0.17277486574881262	265	1	0	1	1.0
AF_outer	healthy_vs_degenerated_mild	PML	0.0	1.0	16	0	0	0	1.0
AF_outer	healthy_vs_degenerated_mild	KLF7	0.0	1.0	9	0	0	0	1.0
AF_outer	healthy_vs_degenerated_mild	PROP1	0.0	1.0	7	0	0	0	1.0
AF_outer	healthy_vs_degenerated_mild	LMO2	0.0	1.0	24	0	0	0	1.0
AF_outer	healthy_vs_degenerated_mild	TBX20	0.0	1.0	6	0	0	0	1.0
AF_outer	healthy_vs_degenerated_mild	MEOX1	0.0	1.0	7	0	0	0	1.0
AF_outer	healthy_vs_degenerated_mild	FOXL2	0.0	1.0	19	0	0	0	1.0
AF_outer	healthy_vs_degenerated_mild	HTATIP2	0.0	1.0	16	0	0	0	1.0
AF_outer	healthy_vs_degenerated_mild	EZH2	0.0	1.0	128	0	0	0	1.0
AF_outer	healthy_vs_degenerated_mild	GLI2	0.0	1.0	125	0	0	0	1.0
AF_outer	healthy_vs_degenerated_mild	TCF7	0.0	1.0	16	0	0	0	1.0
AF_outer	healthy_vs_degenerated_mild	FOXC1	0.0	1.0	15	0	0	0	1.0
AF_outer	healthy_vs_degenerated_mild	HOXB13	0.0	1.0	10	0	0	0	1.0
AF_outer	healthy_vs_degenerated_mild	ABL1	0.0	1.0	10	0	0	0	1.0
AF_outer	healthy_vs_degenerated_mild	TBX3	0.0	1.0	20	0	0	0	1.0
AF_outer	healthy_vs_degenerated_mild	HNF4G	-0.125	0.0056624264722553936	8	1	0	1	0.7429539203238423
AF_outer	healthy_vs_degenerated_mild	NFKBIZ	0.0	1.0	6	0	0	0	1.0
AF_outer	healthy_vs_degenerated_mild	PLAGL2	0.0	1.0	8	0	0	0	1.0
AF_outer	healthy_vs_degenerated_mild	TET1	0.0	1.0	13	0	0	0	1.0
AF_outer	healthy_vs_degenerated_mild	FOXH1	0.0	1.0	12	0	0	0	1.0
AF_outer	healthy_vs_degenerated_mild	FOXP3	0.0	1.0	37	0	0	0	1.0
AF_outer	healthy_vs_degenerated_mild	IKZF4	0.0	1.0	5	0	0	0	1.0
AF_outer	healthy_vs_degenerated_mild	HOXA2	0.0	1.0	7	0	0	0	1.0
AF_outer	healthy_vs_degenerated_mild	MLX	0.0	1.0	5	0	0	0	1.0
AF_outer	healthy_vs_degenerated_mild	CREB3L1	0.0	1.0	10	0	0	0	1.0
AF_outer	healthy_vs_degenerated_mild	TFDP3	0.0	1.0	5	0	0	0	1.0
AF_outer	healthy_vs_degenerated_mild	SP7	0.0	1.0	32	0	0	0	1.0
AF_outer	healthy_vs_degenerated_mild	OVOL1	0.0	1.0	8	0	0	0	1.0
AF_outer	healthy_vs_degenerated_mild	ZNF436	0.0	1.0	7	0	0	0	1.0
AF_outer	healthy_vs_degenerated_mild	ATF7	0.0	1.0	6	0	0	0	1.0
AF_outer	healthy_vs_degenerated_mild	HOXB3	0.0	1.0	6	0	0	0	1.0
AF_outer	healthy_vs_degenerated_mild	SCX	0.0	1.0	11	0	0	0	1.0
AF_outer	healthy_vs_degenerated_mild	NANOG	0.0	1.0	44	0	0	0	1.0
AF_outer	healthy_vs_degenerated_mild	ARX	0.0	1.0	19	0	0	0	1.0
AF_outer	healthy_vs_degenerated_mild	VHL	0.0	1.0	23	0	0	0	1.0
AF_outer	healthy_vs_degenerated_mild	SOX4	0.0	1.0	22	0	0	0	1.0
AF_outer	healthy_vs_degenerated_mild	SMAD9	0.0	1.0	5	0	0	0	1.0
AF_outer	healthy_vs_degenerated_mild	ATF5	0.0	1.0	29	0	0	0	1.0
AF_outer	healthy_vs_degenerated_mild	CTCFL	0.0	1.0	10	0	0	0	1.0
AF_outer	healthy_vs_degenerated_mild	SP6	0.0	1.0	6	0	0	0	1.0
AF_outer	healthy_vs_degenerated_mild	SMARCA5	0.0	1.0	8	0	0	0	1.0
AF_outer	healthy_vs_degenerated_mild	EOMES	0.0	1.0	18	0	0	0	1.0
AF_outer	healthy_vs_degenerated_mild	LMO4	0.0	1.0	5	0	0	0	1.0
AF_outer	healthy_vs_degenerated_mild	TLX3	0.0	1.0	5	0	0	0	1.0
AF_outer	healthy_vs_degenerated_mild	ESRRB	0.0	1.0	9	0	0	0	1.0
AF_outer	healthy_vs_degenerated_mild	AEBP1	0.0	1.0	5	0	0	0	1.0
AF_outer	healthy_vs_degenerated_mild	LHX1	0.0	1.0	6	0	0	0	1.0
AF_outer	healthy_vs_degenerated_mild	ZXDC	0.0	1.0	6	0	0	0	1.0
AF_outer	healthy_vs_degenerated_mild	SPIC	0.0	1.0	7	0	0	0	1.0
AF_outer	healthy_vs_degenerated_mild	SALL1	0.0	1.0	5	0	0	0	1.0
AF_outer	healthy_vs_degenerated_mild	NR2E1	0.0	1.0	13	0	0	0	1.0
AF_outer	healthy_vs_degenerated_mild	ZFP42	0.0	1.0	13	0	0	0	1.0
AF_outer	healthy_vs_degenerated_mild	HOXD4	0.0	1.0	6	0	0	0	1.0
AF_outer	healthy_vs_degenerated_mild	FOXF1	0.0	1.0	5	0	0	0	1.0
AF_outer	healthy_vs_degenerated_mild	MLXIP	0.0	1.0	5	0	0	0	1.0
AF_outer	healthy_vs_degenerated_mild	KMT2B	0.0	1.0	13	0	0	0	1.0
AF_outer	healthy_vs_degenerated_mild	NFIB	0.0	1.0	20	0	0	0	1.0
AF_outer	healthy_vs_degenerated_mild	EBF3	0.0	1.0	8	0	0	0	1.0
AF_outer	healthy_vs_degenerated_mild	EN1	0.0	1.0	9	0	0	0	1.0
AF_outer	healthy_vs_degenerated_mild	MTA3	0.0	1.0	11	0	0	0	1.0
AF_outer	healthy_vs_degenerated_mild	TBX18	0.0	1.0	10	0	0	0	1.0
AF_outer	healthy_vs_degenerated_mild	PRDM4	0.0	1.0	6	0	0	0	1.0
AF_outer	healthy_vs_degenerated_mild	MEIS2	0.0	1.0	7	0	0	0	1.0
AF_outer	healthy_vs_degenerated_mild	EGR4	0.0	1.0	13	0	0	0	1.0
AF_outer	healthy_vs_degenerated_mild	HSF4	0.0	1.0	10	0	0	0	1.0
AF_outer	healthy_vs_degenerated_mild	DLX1	0.0	1.0	7	0	0	0	1.0
AF_outer	healthy_vs_degenerated_mild	BCLAF1	0.0	1.0	8	0	0	0	1.0
AF_outer	healthy_vs_degenerated_mild	KDM5C	0.0	1.0	12	0	0	0	1.0
AF_outer	healthy_vs_degenerated_mild	AIP	0.0	1.0	5	0	0	0	1.0
AF_outer	healthy_vs_degenerated_mild	PTF1A	0.0	1.0	9	0	0	0	1.0
AF_outer	healthy_vs_degenerated_mild	FOSL2	0.0	1.0	34	0	0	0	1.0
AF_outer	healthy_vs_degenerated_mild	MED1	0.0	1.0	13	0	0	0	1.0
AF_outer	healthy_vs_degenerated_mild	SON	0.0	1.0	5	0	0	0	1.0
AF_outer	healthy_vs_degenerated_mild	LYL1	0.0	1.0	12	0	0	0	1.0
AF_outer	healthy_vs_degenerated_mild	GLIS3	0.0	1.0	5	0	0	0	1.0
AF_outer	healthy_vs_degenerated_mild	HOXD1	0.0	1.0	5	0	0	0	1.0
AF_outer	healthy_vs_degenerated_mild	SALL4	0.0	1.0	19	0	0	0	1.0
AF_outer	healthy_vs_degenerated_mild	KDM5B	0.0	1.0	31	0	0	0	1.0
AF_outer	healthy_vs_degenerated_mild	TADA2A	0.0	1.0	7	0	0	0	1.0
AF_outer	healthy_vs_degenerated_mild	ARID5B	0.0	1.0	8	0	0	0	1.0
AF_outer	healthy_vs_degenerated_mild	FEZF1	0.0	1.0	6	0	0	0	1.0
AF_outer	healthy_vs_degenerated_mild	SATB2	0.0	1.0	23	0	0	0	1.0
AF_outer	healthy_vs_degenerated_mild	NSD2	0.0	1.0	7	0	0	0	1.0
AF_outer	healthy_vs_degenerated_mild	PBRM1	0.0	1.0	8	0	0	0	1.0
AF_outer	healthy_vs_degenerated_mild	ZBTB4	0.0	1.0	13	0	0	0	1.0
AF_outer	healthy_vs_degenerated_mild	THAP11	0.0	1.0	6	0	0	0	1.0
AF_outer	healthy_vs_degenerated_mild	FOXJ1	0.0	1.0	14	0	0	0	1.0
AF_outer	healthy_vs_degenerated_mild	SHOX2	0.0	1.0	5	0	0	0	1.0
AF_outer	healthy_vs_degenerated_mild	TOX3	0.0	1.0	6	0	0	0	1.0
AF_outer	healthy_vs_degenerated_mild	PPARGC1A	0.0	1.0	24	0	0	0	1.0
AF_outer	healthy_vs_degenerated_mild	SOX3	0.0	1.0	5	0	0	0	1.0
AF_outer	healthy_vs_degenerated_mild	BATF	0.0	1.0	12	0	0	0	1.0
AF_outer	healthy_vs_degenerated_mild	ARID3B	0.0	1.0	5	0	0	0	1.0
AF_outer	healthy_vs_degenerated_mild	ZNF300	0.0	1.0	7	0	0	0	1.0
AF_outer	healthy_vs_degenerated_mild	NUPR1	0.0	1.0	6	0	0	0	1.0
AF_outer	healthy_vs_degenerated_mild	CREB3L3	0.0	1.0	5	0	0	0	1.0
AF_outer	healthy_vs_degenerated_mild	ZNF331	0.0	1.0	17	0	0	0	1.0
AF_outer	healthy_vs_degenerated_mild	RFX3	0.0	1.0	5	0	0	0	1.0
AF_outer	healthy_vs_degenerated_mild	ZNF382	0.0	1.0	11	0	0	0	1.0
AF_outer	healthy_vs_degenerated_mild	HOXD8	0.0	1.0	5	0	0	0	1.0
AF_outer	healthy_vs_degenerated_mild	LHX8	0.0	1.0	10	0	0	0	1.0
AF_outer	healthy_vs_degenerated_mild	GRHL2	0.0	1.0	6	0	0	0	1.0
AF_outer	healthy_vs_degenerated_mild	IRX1	0.0	1.0	16	0	0	0	1.0
AF_outer	healthy_vs_degenerated_mild	SOX11	0.0	1.0	11	0	0	0	1.0
AF_outer	healthy_vs_degenerated_mild	IRF6	0.0	1.0	14	0	0	0	1.0
AF_outer	healthy_vs_degenerated_mild	E2F7	0.0	1.0	6	0	0	0	1.0
AF_outer	healthy_vs_degenerated_mild	HEYL	0.0	1.0	5	0	0	0	1.0
AF_outer	healthy_vs_degenerated_mild	MECP2	0.0	1.0	25	0	0	0	1.0
AF_outer	healthy_vs_degenerated_mild	VENTX	0.0	1.0	5	0	0	0	1.0
AF_outer	healthy_vs_degenerated_mild	MAML1	0.0	1.0	5	0	0	0	1.0
AF_outer	healthy_vs_degenerated_mild	DMAP1	0.0	1.0	5	0	0	0	1.0
AF_outer	healthy_vs_degenerated_mild	LMX1A	0.0	1.0	5	0	0	0	1.0
AF_outer	healthy_vs_degenerated_mild	DOT1L	0.0	1.0	8	0	0	0	1.0
AF_outer	healthy_vs_degenerated_mild	ARID3A	0.0	1.0	6	0	0	0	1.0
AF_outer	healthy_vs_degenerated_mild	ARID1A	0.0	1.0	7	0	0	0	1.0
AF_outer	healthy_vs_degenerated_mild	ZBTB18	0.0	1.0	8	0	0	0	1.0
AF_outer	healthy_vs_degenerated_mild	ZNF804A	0.0	1.0	8	0	0	0	1.0
AF_outer	healthy_vs_degenerated_mild	TCF15	0.0	1.0	5	0	0	0	1.0
AF_outer	healthy_vs_degenerated_mild	NPM1	0.0	1.0	12	0	0	0	1.0
AF_outer	healthy_vs_degenerated_mild	SETBP1	0.0	1.0	5	0	0	0	1.0
AF_outer	healthy_vs_degenerated_mild	KDM2A	0.0	1.0	10	0	0	0	1.0
AF_outer	healthy_vs_degenerated_mild	MKX	0.0	1.0	6	0	0	0	1.0
AF_outer	healthy_vs_degenerated_mild	ZFX	0.0	1.0	5	0	0	0	1.0
AF_outer	healthy_vs_degenerated_mild	KLF17	0.0	1.0	5	0	0	0	1.0
AF_outer	healthy_vs_degenerated_mild	HOXA4	0.0	1.0	5	0	0	0	1.0
AF_outer	healthy_vs_degenerated_mild	HDAC3	0.0	1.0	21	0	0	0	1.0
AF_outer	healthy_vs_degenerated_mild	ASXL1	0.0	1.0	5	0	0	0	1.0
AF_outer	healthy_vs_degenerated_mild	BTG2	0.0	1.0	6	0	0	0	1.0
AF_outer	healthy_vs_degenerated_mild	CHD4	0.0	1.0	5	0	0	0	1.0
AF_outer	healthy_vs_degenerated_mild	CREB5	0.0	1.0	12	0	0	0	1.0
AF_outer	healthy_vs_degenerated_mild	CTBP1	0.1111111111111111	0.006368176459918648	9	1	1	0	0.7429539203238423
AF_outer	healthy_vs_degenerated_mild	DACH1	0.0	1.0	6	0	0	0	1.0
AF_outer	healthy_vs_degenerated_mild	HDAC1	0.0	1.0	70	0	0	0	1.0
AF_outer	healthy_vs_degenerated_mild	HCFC1	0.0	1.0	7	0	0	0	1.0
AF_outer	healthy_vs_degenerated_mild	ETV7	0.0	1.0	9	0	0	0	1.0
AF_outer	healthy_vs_degenerated_mild	FHL2	0.0	1.0	7	0	0	0	1.0
AF_outer	healthy_vs_degenerated_mild	HDAC4	0.0	1.0	21	0	0	0	1.0
AF_outer	healthy_vs_degenerated_mild	HDAC5	0.0	1.0	8	0	0	0	1.0
AF_outer	healthy_vs_degenerated_mild	HDAC7	0.0	1.0	12	0	0	0	1.0
AF_outer	healthy_vs_degenerated_mild	HDAC9	0.0	1.0	18	0	0	0	1.0
AF_outer	healthy_vs_degenerated_mild	ING4	0.0	1.0	14	0	0	0	1.0
AF_outer	healthy_vs_degenerated_mild	MYOCD	0.0	1.0	6	0	0	0	1.0
AF_outer	healthy_vs_degenerated_mild	PAWR	0.0	1.0	5	0	0	0	1.0
AF_outer	healthy_vs_degenerated_mild	SIN3A	0.1111111111111111	0.006368176459918648	9	1	1	0	0.7429539203238423
AF_outer	healthy_vs_degenerated_mild	SMARCA4	0.0	1.0	10	0	0	0	1.0
AF_outer	healthy_vs_degenerated_mild	SMARCB1	0.0	1.0	5	0	0	0	1.0
AF_outer	healthy_vs_degenerated_mild	TRIM28	0.0	1.0	5	0	0	0	1.0
AF_outer	healthy_vs_degenerated_mild	WWTR1	0.0	1.0	9	0	0	0	1.0
AF_outer	healthy_vs_degenerated_mild	PIN1	0.0	1.0	5	0	0	0	1.0
AF_outer	healthy_vs_degenerated_mild	FGF2	0.0	1.0	9	0	0	0	1.0
AF_outer	healthy_vs_degenerated_mild	PARK7	0.0	1.0	8	0	0	0	1.0
AF_outer	healthy_vs_degenerated_mild	YAP1	0.0	1.0	9	0	0	0	1.0
AF_outer	healthy_vs_degenerated_mild	BCOR	0.0	1.0	7	0	0	0	1.0
AF_outer	healthy_vs_degenerated_mild	BRD4	0.0	1.0	10	0	0	0	1.0
AF_outer	healthy_vs_degenerated_mild	SRSF2	0.0	1.0	12	0	0	0	1.0
AF_outer	healthy_vs_degenerated_mild	ZMYND8	0.0	1.0	7	0	0	0	1.0
AF_outer	healthy_vs_degenerated_mild	ARID4B	0.0	1.0	12	0	0	0	1.0
AF_outer	healthy_vs_degenerated_mild	AP1	0.0	0.03729954935165174	440	2	1	1	1.0
AF_outer	healthy_vs_degenerated_mild	NFKB	0.0	0.07289652152617956	639	2	1	1	1.0
AF_outer	healthy_vs_degenerated_severe	MYC	-0.005115089514066497	0.003470554753383167	782	12	4	8	0.07361782810206717
AF_outer	healthy_vs_degenerated_severe	SPI1	-0.0199203187250996	0.020698175315215506	251	5	0	5	0.20954072268855112
AF_outer	healthy_vs_degenerated_severe	SMAD3	0.0	0.0003199061993486926	147	6	3	3	0.014928955969605655
AF_outer	healthy_vs_degenerated_severe	SMAD4	-0.01834862385321101	0.004861577834782152	109	4	1	3	0.08955538116703965
AF_outer	healthy_vs_degenerated_severe	STAT5A	0.0	0.020385253611774328	166	4	2	2	0.20954072268855112
AF_outer	healthy_vs_degenerated_severe	STAT5B	0.0	0.09531674356156222	83	2	1	1	0.40519401305095526
AF_outer	healthy_vs_degenerated_severe	RELA	-0.01598173515981735	3.3146091940029037e-06	438	13	3	10	0.0005800566089505082
AF_outer	healthy_vs_degenerated_severe	WT1	0.007874015748031496	0.5510071005028129	127	1	1	0	1.0
AF_outer	healthy_vs_degenerated_severe	NR0B2	0.0	0.11115173106502921	91	2	1	1	0.4280922177863027
AF_outer	healthy_vs_degenerated_severe	SP1	-0.0009514747859181732	0.0021764012082409146	1051	15	7	8	0.05415588433810881
AF_outer	healthy_vs_degenerated_severe	TP53	0.0011806375442739079	0.00023792971658389826	847	15	8	7	0.012811600123748369
AF_outer	healthy_vs_degenerated_severe	ZBTB16	0.023255813953488372	0.23691050368937971	43	1	1	0	0.7020346225209942
AF_outer	healthy_vs_degenerated_severe	ETV6	-0.047619047619047616	0.0002913853029208128	21	3	1	2	0.01456926514604064
AF_outer	healthy_vs_degenerated_severe	RUNX1	-0.006711409395973154	0.06688490717468318	149	3	1	2	0.36035201591182614
AF_outer	healthy_vs_degenerated_severe	STAT1	-0.004048582995951417	0.019460394587488467	247	5	2	3	0.20639812441275646
AF_outer	healthy_vs_degenerated_severe	STAT3	-0.011527377521613832	6.225842643911084e-05	347	10	3	7	0.006225842643911085
AF_outer	healthy_vs_degenerated_severe	ETV4	-0.017857142857142856	0.005184611657155993	56	3	1	2	0.09305713230792809
AF_outer	healthy_vs_degenerated_severe	MTF1	0.0	1.0	29	0	0	0	1.0
AF_outer	healthy_vs_degenerated_severe	CREB1	-0.0028169014084507044	0.006885555338823603	355	7	3	4	0.10954292584492095
AF_outer	healthy_vs_degenerated_severe	FOXA2	0.0	1.0	78	0	0	0	1.0
AF_outer	healthy_vs_degenerated_severe	NFATC2	-0.01639344262295082	0.3187230858615379	61	1	0	1	0.8483123958291884
AF_outer	healthy_vs_degenerated_severe	CEBPB	0.005649717514124294	0.18147144310380606	354	4	3	1	0.5877518295225882
AF_outer	healthy_vs_degenerated_severe	FOS	-0.011811023622047244	0.021659661042338844	254	5	1	4	0.21354595393855197
AF_outer	healthy_vs_degenerated_severe	PLAG1	0.125	0.04900475507499855	8	1	1	0	0.30356927922565474
AF_outer	healthy_vs_degenerated_severe	E2F1	-0.010380622837370242	0.002243600922578794	289	7	2	5	0.05415588433810881
AF_outer	healthy_vs_degenerated_severe	E2F3	-0.014925373134328358	0.34401546555479134	67	1	0	1	0.8952075311834718
AF_outer	healthy_vs_degenerated_severe	HBP1	0.0	1.0	39	0	0	0	1.0
AF_outer	healthy_vs_degenerated_severe	YY1	0.0	0.35237674487218484	198	2	1	1	0.9135693385575162
AF_outer	healthy_vs_degenerated_severe	ESR1	0.0	0.01476024272081598	511	8	4	4	0.17512152380629128
AF_outer	healthy_vs_degenerated_severe	JUN	-0.012096774193548387	6.099925770485115e-05	496	12	3	9	0.006225842643911085
AF_outer	healthy_vs_degenerated_severe	NR1I3	0.0	1.0	41	0	0	0	1.0
AF_outer	healthy_vs_degenerated_severe	CEBPG	0.00684931506849315	0.0022299980375450083	146	5	3	2	0.05415588433810881
AF_outer	healthy_vs_degenerated_severe	MAFK	-0.047619047619047616	0.12361682687656321	21	1	0	1	0.4460400969772899
AF_outer	healthy_vs_degenerated_severe	NFE2L3	0.16666666666666666	0.0369810815838246	6	1	1	0	0.27249218009133913
AF_outer	healthy_vs_degenerated_severe	PHOX2A	0.0	1.0	7	0	0	0	1.0
AF_outer	healthy_vs_degenerated_severe	STAT4	0.0	0.007536943681788419	21	2	1	1	0.11724134616115318
AF_outer	healthy_vs_degenerated_severe	IRF1	-0.007874015748031496	0.04545522111922859	127	3	1	2	0.30356927922565474
AF_outer	healthy_vs_degenerated_severe	ATF2	-0.01020408163265306	0.02357704259542942	98	3	1	2	0.21869643454589707
AF_outer	healthy_vs_degenerated_severe	NR2C2	0.0	1.0	50	0	0	0	1.0
AF_outer	healthy_vs_degenerated_severe	IRF3	-0.03333333333333333	0.0005378853235355609	60	4	1	3	0.020917762581938476
AF_outer	healthy_vs_degenerated_severe	TFAP2A	0.0	0.004741069621041064	249	6	3	3	0.08955538116703965
AF_outer	healthy_vs_degenerated_severe	HNF1A	0.013513513513513514	0.011183755971746657	74	3	2	1	0.1597679424535237
AF_outer	healthy_vs_degenerated_severe	ETS1	-0.005847953216374269	0.0920991034503208	171	3	1	2	0.40519401305095526
AF_outer	healthy_vs_degenerated_severe	ARNT	0.0	1.0	59	0	0	0	1.0
AF_outer	healthy_vs_degenerated_severe	AHR	0.0	0.012727182711185645	144	4	2	2	0.16498199810796207
AF_outer	healthy_vs_degenerated_severe	PAX6	0.008695652173913044	0.03549585448498763	115	3	2	1	0.27249218009133913
AF_outer	healthy_vs_degenerated_severe	NFYA	0.0	1.0	82	0	0	0	1.0
AF_outer	healthy_vs_degenerated_severe	ZNF148	0.0	1.0	23	0	0	0	1.0
AF_outer	healthy_vs_degenerated_severe	NFIC	-0.015625	0.331487645675779	64	1	0	1	0.8756277432945104
AF_outer	healthy_vs_degenerated_severe	RBPJ	-0.009009009009009009	0.5031672626503425	111	1	0	1	1.0
AF_outer	healthy_vs_degenerated_severe	HES1	0.0	0.07298086101062366	71	2	1	1	0.3675295158808386
AF_outer	healthy_vs_degenerated_severe	GATA4	0.0	0.11115173106502921	91	2	1	1	0.4280922177863027
AF_outer	healthy_vs_degenerated_severe	GATA6	-0.03389830508474576	0.05270310068858059	59	2	0	2	0.31534859867793574
AF_outer	healthy_vs_degenerated_severe	HNF4A	0.005291005291005291	0.006677667761859168	189	5	3	2	0.10954292584492095
AF_outer	healthy_vs_degenerated_severe	RXRG	0.0	1.0	6	0	0	0	1.0
AF_outer	healthy_vs_degenerated_severe	RARA	0.013888888888888888	0.012727182711185645	144	4	3	1	0.16498199810796207
AF_outer	healthy_vs_degenerated_severe	DBP	-0.041666666666666664	0.13999476304898759	24	1	0	1	0.4827405622378882
AF_outer	healthy_vs_degenerated_severe	HLF	0.0	1.0	14	0	0	0	1.0
AF_outer	healthy_vs_degenerated_severe	PPARG	-0.006825938566552901	0.0005004457245624416	293	8	3	5	0.020606588658453478
AF_outer	healthy_vs_degenerated_severe	MAX	0.022727272727272728	0.2417004914679423	44	1	1	0	0.7020346225209942
AF_outer	healthy_vs_degenerated_severe	USF2	0.0	0.10117448521669889	86	2	1	1	0.40519401305095526
AF_outer	healthy_vs_degenerated_severe	IRF2	-0.020833333333333332	0.2605646749713241	48	1	0	1	0.7266743923503062
AF_outer	healthy_vs_degenerated_severe	SP3	0.0	0.020954072268855112	344	6	3	3	0.20954072268855112
AF_outer	healthy_vs_degenerated_severe	AR	0.009501187648456057	0.04865589552622073	421	6	5	1	0.30356927922565474
AF_outer	healthy_vs_degenerated_severe	CUX1	0.02197802197802198	0.11115173106502921	91	2	2	0	0.4280922177863027
AF_outer	healthy_vs_degenerated_severe	ATF1	0.014285714285714285	0.35631089133731914	70	1	1	0	0.9136176700956902
AF_outer	healthy_vs_degenerated_severe	KAT7	-0.03076923076923077	0.06255784424726914	65	2	0	2	0.35032392778470717
AF_outer	healthy_vs_degenerated_severe	CREBZF	-0.08333333333333333	0.07260814396529243	12	1	0	1	0.3675295158808386
AF_outer	healthy_vs_degenerated_severe	GLI3	0.02857142857142857	0.19749694148109145	35	1	1	0	0.625555923243276
AF_outer	healthy_vs_degenerated_severe	NKX2-5	-0.038461538461538464	0.04200155559356363	52	2	0	2	0.30356927922565474
AF_outer	healthy_vs_degenerated_severe	TGFB1I1	0.0	1.0	12	0	0	0	1.0
AF_outer	healthy_vs_degenerated_severe	RARB	0.0	1.0	45	0	0	0	1.0
AF_outer	healthy_vs_degenerated_severe	RARG	0.0	1.0	33	0	0	0	1.0
AF_outer	healthy_vs_degenerated_severe	TEAD1	0.0	1.0	16	0	0	0	1.0
AF_outer	healthy_vs_degenerated_severe	PPARA	0.0	0.04223551320079494	209	4	2	2	0.30356927922565474
AF_outer	healthy_vs_degenerated_severe	ESR2	0.0	0.022447659436581644	171	4	2	2	0.21525152884393356
AF_outer	healthy_vs_degenerated_severe	NR3C1	0.0	0.047346142729976406	217	4	2	2	0.30356927922565474
AF_outer	healthy_vs_degenerated_severe	PGR	-0.018018018018018018	0.15328184940920375	111	2	0	2	0.5158523778194357
AF_outer	healthy_vs_degenerated_severe	NRG1	0.0	1.0	30	0	0	0	1.0
AF_outer	healthy_vs_degenerated_severe	TBP	-0.008	0.5452860007138883	125	1	0	1	1.0
AF_outer	healthy_vs_degenerated_severe	REL	-0.036585365853658534	0.00016149298473719633	82	5	1	4	0.011304508931603743
AF_outer	healthy_vs_degenerated_severe	ISL1	-0.043478260869565216	0.1345693918221243	23	1	0	1	0.47099287137743506
AF_outer	healthy_vs_degenerated_severe	ZBTB14	0.0	1.0	6	0	0	0	1.0
AF_outer	healthy_vs_degenerated_severe	MYB	-0.006993006993006993	0.5942833810984747	143	1	0	1	1.0
AF_outer	healthy_vs_degenerated_severe	PITX1	-0.038461538461538464	0.15074472288177426	26	1	0	1	0.512239349598262
AF_outer	healthy_vs_degenerated_severe	EGR1	-0.013114754098360656	0.0006515064041592824	305	8	2	6	0.024002867521657773
AF_outer	healthy_vs_degenerated_severe	MYOD1	-0.008928571428571428	0.03320417752664207	112	3	1	2	0.26716004906493623
AF_outer	healthy_vs_degenerated_severe	ETS2	0.0	0.10117448521669889	86	2	1	1	0.40519401305095526
AF_outer	healthy_vs_degenerated_severe	GTF2I	0.0	1.0	20	0	0	0	1.0
AF_outer	healthy_vs_degenerated_severe	NR2F1	-0.022727272727272728	0.2417004914679423	44	1	0	1	0.7020346225209942
AF_outer	healthy_vs_degenerated_severe	ENO1	-0.06666666666666667	0.08992932441800858	15	1	0	1	0.4035290198243975
AF_outer	healthy_vs_degenerated_severe	JDP2	0.0	1.0	32	0	0	0	1.0
AF_outer	healthy_vs_degenerated_severe	MAZ	0.03225806451612903	0.17704128276325595	31	1	1	0	0.5764134787640891
AF_outer	healthy_vs_degenerated_severe	NR4A1	0.025	0.08956247007092873	80	2	2	0	0.4035290198243975
AF_outer	healthy_vs_degenerated_severe	HMGA1	0.0	0.04347451744602186	53	2	1	1	0.30356927922565474
AF_outer	healthy_vs_degenerated_severe	NFKB1	-0.021021021021021023	1.517196600228857e-07	333	13	3	10	0.00010620376201601999
AF_outer	healthy_vs_degenerated_severe	USF1	0.005952380952380952	0.08845405546029708	168	3	2	1	0.4035290198243975
AF_outer	healthy_vs_degenerated_severe	DDIT3	0.0	0.09725811613522924	84	2	1	1	0.40519401305095526
AF_outer	healthy_vs_degenerated_severe	ATF4	-0.00909090909090909	0.031720980563096114	110	3	1	2	0.2612316046372621
AF_outer	healthy_vs_degenerated_severe	ATF3	-0.010752688172043012	0.02056784995664165	93	3	1	2	0.20954072268855112
AF_outer	healthy_vs_degenerated_severe	TAF1	0.0	1.0	39	0	0	0	1.0
AF_outer	healthy_vs_degenerated_severe	RUNX2	-0.010101010101010102	0.02420603870078988	99	3	1	2	0.220054897279908
AF_outer	healthy_vs_degenerated_severe	TFAP2B	0.0	0.006846890502848645	20	2	1	1	0.10954292584492095
AF_outer	healthy_vs_degenerated_severe	CREM	0.0	1.0	61	0	0	0	1.0
AF_outer	healthy_vs_degenerated_severe	IRF8	-0.02	0.26982184063614617	50	1	0	1	0.7465426420762937
AF_outer	healthy_vs_degenerated_severe	ETV5	-0.0625	0.00012550748807333803	16	3	1	2	0.010981905206417078
AF_outer	healthy_vs_degenerated_severe	DMTF1	0.0	1.0	16	0	0	0	1.0
AF_outer	healthy_vs_degenerated_severe	NR5A1	0.013888888888888888	0.36438084433816853	72	1	1	0	0.930899967287292
AF_outer	healthy_vs_degenerated_severe	NEUROD2	0.0	1.0	9	0	0	0	1.0
AF_outer	healthy_vs_degenerated_severe	NEUROD1	0.044444444444444446	0.032250433066776114	45	2	2	0	0.2625035249621312
AF_outer	healthy_vs_degenerated_severe	HHEX	0.0	1.0	22	0	0	0	1.0
AF_outer	healthy_vs_degenerated_severe	FOXO3	0.005714285714285714	0.09705522607084387	175	3	2	1	0.40519401305095526
AF_outer	healthy_vs_degenerated_severe	MBD1	-0.06666666666666667	0.08992932441800858	15	1	0	1	0.4035290198243975
AF_outer	healthy_vs_degenerated_severe	CEBPD	-0.02857142857142857	0.07120658293421388	70	2	0	2	0.3675295158808386
AF_outer	healthy_vs_degenerated_severe	ELK1	0.0	1.0	52	0	0	0	1.0
AF_outer	healthy_vs_degenerated_severe	FLI1	-0.02666666666666667	0.0802181807295055	75	2	0	2	0.3872601828320955
AF_outer	healthy_vs_degenerated_severe	ELK4	0.0	1.0	6	0	0	0	1.0
AF_outer	healthy_vs_degenerated_severe	PREB	-0.07692307692307693	0.07841781911611695	13	1	0	1	0.3811977318144574
AF_outer	healthy_vs_degenerated_severe	POU1F1	0.0	1.0	39	0	0	0	1.0
AF_outer	healthy_vs_degenerated_severe	PAX5	0.020833333333333332	0.2605646749713241	48	1	1	0	0.7266743923503062
AF_outer	healthy_vs_degenerated_severe	CEBPA	-0.005988023952095809	0.08725301027068387	167	3	1	2	0.4035290198243975
AF_outer	healthy_vs_degenerated_severe	LITAF	0.041666666666666664	0.13999476304898759	24	1	1	0	0.4827405622378882
AF_outer	healthy_vs_degenerated_severe	STAT6	0.011363636363636364	0.01778475245020462	88	3	2	1	0.19460747482994495
AF_outer	healthy_vs_degenerated_severe	HIF1A	-0.005208333333333333	0.0028049032635666746	384	8	3	5	0.06326342214933964
AF_outer	healthy_vs_degenerated_severe	TP73	0.0	0.15328184940920375	111	2	1	1	0.5158523778194357
AF_outer	healthy_vs_degenerated_severe	KLF11	0.0	1.0	18	0	0	0	1.0
AF_outer	healthy_vs_degenerated_severe	TCF4	0.0	1.0	46	0	0	0	1.0
AF_outer	healthy_vs_degenerated_severe	HIVEP2	0.0	1.0	11	0	0	0	1.0
AF_outer	healthy_vs_degenerated_severe	E2F4	-0.025	0.01807069409135203	160	4	0	4	0.19460747482994495
AF_outer	healthy_vs_degenerated_severe	GATA5	-0.0625	0.09563159530047435	16	1	0	1	0.40519401305095526
AF_outer	healthy_vs_degenerated_severe	SRF	-0.012345679012345678	0.014266333079261792	81	3	1	2	0.17512152380629128
AF_outer	healthy_vs_degenerated_severe	ELF1	0.0	1.0	61	0	0	0	1.0
AF_outer	healthy_vs_degenerated_severe	GATA3	-0.006944444444444444	0.59684669198452	144	1	0	1	1.0
AF_outer	healthy_vs_degenerated_severe	MSX1	0.0	1.0	19	0	0	0	1.0
AF_outer	healthy_vs_degenerated_severe	OTX2	0.0	1.0	27	0	0	0	1.0
AF_outer	healthy_vs_degenerated_severe	LHX2	0.0	1.0	24	0	0	0	1.0
AF_outer	healthy_vs_degenerated_severe	GABPA	0.0	1.0	30	0	0	0	1.0
AF_outer	healthy_vs_degenerated_severe	HSF2	0.0	1.0	23	0	0	0	1.0
AF_outer	healthy_vs_degenerated_severe	VDR	-0.00909090909090909	0.031720980563096114	110	3	1	2	0.2612316046372621
AF_outer	healthy_vs_degenerated_severe	HOXC8	0.0	1.0	14	0	0	0	1.0
AF_outer	healthy_vs_degenerated_severe	HR	-0.04225352112676056	0.009993989298074536	71	3	0	3	0.14574567726358698
AF_outer	healthy_vs_degenerated_severe	RELB	0.0	1.0	41	0	0	0	1.0
AF_outer	healthy_vs_degenerated_severe	CEBPE	0.043478260869565216	0.1345693918221243	23	1	1	0	0.47099287137743506
AF_outer	healthy_vs_degenerated_severe	NR0B1	0.0	1.0	38	0	0	0	1.0
AF_outer	healthy_vs_degenerated_severe	LEF1	0.011904761904761904	0.00018093030844594496	84	5	3	2	0.011513746901105588
AF_outer	healthy_vs_degenerated_severe	ID1	0.03125	0.060874402610783925	64	2	2	0	0.34367649761700164
AF_outer	healthy_vs_degenerated_severe	ZNF143	0.0	1.0	25	0	0	0	1.0
AF_outer	healthy_vs_degenerated_severe	SOX9	-0.013157894736842105	0.38022155062649127	76	1	0	1	0.9643300197048692
AF_outer	healthy_vs_degenerated_severe	YBX1	0.012195121951219513	0.014742118028288823	82	3	2	1	0.17512152380629128
AF_outer	healthy_vs_degenerated_severe	HSF1	-0.024096385542168676	0.09531674356156222	83	2	0	2	0.40519401305095526
AF_outer	healthy_vs_degenerated_severe	FOXE1	0.0	1.0	5	0	0	0	1.0
AF_outer	healthy_vs_degenerated_severe	POU4F1	0.0	1.0	21	0	0	0	1.0
AF_outer	healthy_vs_degenerated_severe	NOTO	0.0	1.0	5	0	0	0	1.0
AF_outer	healthy_vs_degenerated_severe	HNF1B	-0.02702702702702703	0.001583267001938102	37	3	1	2	0.04649286184092655
AF_outer	healthy_vs_degenerated_severe	PAX3	0.0	1.0	83	0	0	0	1.0
AF_outer	healthy_vs_degenerated_severe	ID2	0.01818181818181818	0.2924659596150857	55	1	1	0	0.796599890002179
AF_outer	healthy_vs_degenerated_severe	MEF2A	0.0	1.0	83	0	0	0	1.0
AF_outer	healthy_vs_degenerated_severe	PDX1	-0.017241379310344827	0.3057173598761065	58	1	0	1	0.8199316165259561
AF_outer	healthy_vs_degenerated_severe	NR2F2	0.018518518518518517	0.28799344075439254	54	1	1	0	0.7874820645627921
AF_outer	healthy_vs_degenerated_severe	NR1H4	0.0	0.11931171298260843	95	2	1	1	0.4395694688832942
AF_outer	healthy_vs_degenerated_severe	ASCL1	0.0	1.0	50	0	0	0	1.0
AF_outer	healthy_vs_degenerated_severe	RFX1	0.0	1.0	19	0	0	0	1.0
AF_outer	healthy_vs_degenerated_severe	CRX	0.0	1.0	21	0	0	0	1.0
AF_outer	healthy_vs_degenerated_severe	NRL	0.0	1.0	15	0	0	0	1.0
AF_outer	healthy_vs_degenerated_severe	UBTF	0.0	1.0	9	0	0	0	1.0
AF_outer	healthy_vs_degenerated_severe	MYBL2	-0.02127659574468085	0.2558926305127662	47	1	0	1	0.7222775861247432
AF_outer	healthy_vs_degenerated_severe	ELF2	0.0	1.0	8	0	0	0	1.0
AF_outer	healthy_vs_degenerated_severe	JUND	-0.0375	0.013799448867121044	80	3	0	3	0.17512152380629128
AF_outer	healthy_vs_degenerated_severe	TP63	0.0	0.023744184322125966	174	4	2	2	0.21869643454589707
AF_outer	healthy_vs_degenerated_severe	NFKBIB	-0.058823529411764705	0.10129850326273881	17	1	0	1	0.40519401305095526
AF_outer	healthy_vs_degenerated_severe	HOXC6	0.0	1.0	11	0	0	0	1.0
AF_outer	healthy_vs_degenerated_severe	FOXO1	0.004366812227074236	0.014495846984738535	229	5	3	2	0.17512152380629128
AF_outer	healthy_vs_degenerated_severe	PITX2	0.0	1.0	99	0	0	0	1.0
AF_outer	healthy_vs_degenerated_severe	NR5A2	0.0	1.0	43	0	0	0	1.0
AF_outer	healthy_vs_degenerated_severe	POU2F1	-0.024691358024691357	0.0016604593514616625	81	4	1	3	0.04649286184092655
AF_outer	healthy_vs_degenerated_severe	XBP1	-0.02127659574468085	0.2558926305127662	47	1	0	1	0.7222775861247432
AF_outer	healthy_vs_degenerated_severe	SREBF1	0.0	1.0	108	0	0	0	1.0
AF_outer	healthy_vs_degenerated_severe	TCF3	0.0	1.0	92	0	0	0	1.0
AF_outer	healthy_vs_degenerated_severe	LRRFIP1	0.0	1.0	13	0	0	0	1.0
AF_outer	healthy_vs_degenerated_severe	TCF12	-0.02702702702702703	0.20753524578333807	37	1	0	1	0.6485476430729314
AF_outer	healthy_vs_degenerated_severe	E4F1	0.0	1.0	10	0	0	0	1.0
AF_outer	healthy_vs_degenerated_severe	HOXB1	0.0	1.0	6	0	0	0	1.0
AF_outer	healthy_vs_degenerated_severe	BRCA1	-0.017857142857142856	2.5701539958560462e-05	56	5	2	3	0.003598215594198465
AF_outer	healthy_vs_degenerated_severe	ZNF362	0.0	1.0	14	0	0	0	1.0
AF_outer	healthy_vs_degenerated_severe	NRF1	-0.0125	0.3956714489378956	80	1	0	1	0.9962950153112478
AF_outer	healthy_vs_degenerated_severe	GATA1	0.0	1.0	97	0	0	0	1.0
AF_outer	healthy_vs_degenerated_severe	MYCN	0.016666666666666666	0.17313612761713848	120	2	2	0	0.5764134787640891
AF_outer	healthy_vs_degenerated_severe	PKNOX1	-0.08333333333333333	0.07260814396529243	12	1	0	1	0.3675295158808386
AF_outer	healthy_vs_degenerated_severe	NR4A3	0.06451612903225806	0.01602645663723025	31	2	2	0	0.18697532743435288
AF_outer	healthy_vs_degenerated_severe	SSRP1	-0.009174311926605505	0.4968432300219473	109	1	0	1	1.0
AF_outer	healthy_vs_degenerated_severe	ZNF91	0.02857142857142857	0.19749694148109145	35	1	1	0	0.625555923243276
AF_outer	healthy_vs_degenerated_severe	NR2C1	-0.07142857142857142	0.08419147225476814	14	1	0	1	0.392893537188918
AF_outer	healthy_vs_degenerated_severe	ID3	0.03225806451612903	0.17704128276325595	31	1	1	0	0.5764134787640891
AF_outer	healthy_vs_degenerated_severe	ERF	0.0	1.0	15	0	0	0	1.0
AF_outer	healthy_vs_degenerated_severe	ZNF354C	-0.045454545454545456	0.12911014951261962	22	1	0	1	0.4587670287250443
AF_outer	healthy_vs_degenerated_severe	HMGA2	-0.027777777777777776	0.202531725562091	36	1	0	1	0.6386135490696564
AF_outer	healthy_vs_degenerated_severe	POU2F2	0.0	1.0	29	0	0	0	1.0
AF_outer	healthy_vs_degenerated_severe	PHOX2B	0.0	1.0	10	0	0	0	1.0
AF_outer	healthy_vs_degenerated_severe	SREBF2	0.0	1.0	57	0	0	0	1.0
AF_outer	healthy_vs_degenerated_severe	ELF4	0.0	1.0	35	0	0	0	1.0
AF_outer	healthy_vs_degenerated_severe	TTF1	-0.021739130434782608	0.25119137246285633	46	1	0	1	0.7147721980650383
AF_outer	healthy_vs_degenerated_severe	DLX4	0.0	1.0	34	0	0	0	1.0
AF_outer	healthy_vs_degenerated_severe	NR1I2	0.005681818181818182	0.6709265128090237	176	1	1	0	1.0
AF_outer	healthy_vs_degenerated_severe	NR1H3	-0.009900990099009901	0.4707405468111226	101	1	0	1	1.0
AF_outer	healthy_vs_degenerated_severe	MITF	0.011494252873563218	0.4217969646865082	87	1	1	0	1.0
AF_outer	healthy_vs_degenerated_severe	NCOA1	-0.015151515151515152	0.008182821212018592	66	3	1	2	0.12452119235680466
AF_outer	healthy_vs_degenerated_severe	NCOR1	0.0	0.06770180366099314	68	2	1	1	0.36035201591182614
AF_outer	healthy_vs_degenerated_severe	FOSL1	0.022727272727272728	0.002614693983079915	44	3	2	1	0.061009526271864685
AF_outer	healthy_vs_degenerated_severe	JUNB	-0.012345679012345678	0.00015239470304385507	81	5	2	3	0.011304508931603743
AF_outer	healthy_vs_degenerated_severe	MTF2	0.0	1.0	6	0	0	0	1.0
AF_outer	healthy_vs_degenerated_severe	DNMT1	-0.006666666666666667	0.06795209442908721	150	3	1	2	0.36035201591182614
AF_outer	healthy_vs_degenerated_severe	KLF5	-0.015151515151515152	0.33986556013242225	66	1	0	1	0.8877085525846851
AF_outer	healthy_vs_degenerated_severe	NR3C2	-0.023255813953488372	0.23691050368937971	43	1	0	1	0.7020346225209942
AF_outer	healthy_vs_degenerated_severe	MYRF	0.0	1.0	7	0	0	0	1.0
AF_outer	healthy_vs_degenerated_severe	EBF1	0.0	1.0	25	0	0	0	1.0
AF_outer	healthy_vs_degenerated_severe	CREBBP	-0.03225806451612903	0.17704128276325595	31	1	0	1	0.5764134787640891
AF_outer	healthy_vs_degenerated_severe	ZFPM1	0.0	1.0	12	0	0	0	1.0
AF_outer	healthy_vs_degenerated_severe	APEX1	-0.02857142857142857	0.0013457699444404485	35	3	1	2	0.04362624375337393
AF_outer	healthy_vs_degenerated_severe	TEAD2	0.0	1.0	5	0	0	0	1.0
AF_outer	healthy_vs_degenerated_severe	TFAM	0.0	1.0	12	0	0	0	1.0
AF_outer	healthy_vs_degenerated_severe	IRF4	0.0	0.028388071853054656	42	2	1	1	0.25153987717896525
AF_outer	healthy_vs_degenerated_severe	ZBED1	0.0	1.0	19	0	0	0	1.0
AF_outer	healthy_vs_degenerated_severe	NCOA2	0.0	1.0	53	0	0	0	1.0
AF_outer	healthy_vs_degenerated_severe	FOXA1	-0.022222222222222223	0.24646072006796887	45	1	0	1	0.7041734859084825
AF_outer	healthy_vs_degenerated_severe	NR4A2	0.022222222222222223	0.24646072006796887	45	1	1	0	0.7041734859084825
AF_outer	healthy_vs_degenerated_severe	KLF1	0.0	1.0	21	0	0	0	1.0
AF_outer	healthy_vs_degenerated_severe	LHX3	0.0	1.0	7	0	0	0	1.0
AF_outer	healthy_vs_degenerated_severe	CTCF	0.0	1.0	119	0	0	0	1.0
AF_outer	healthy_vs_degenerated_severe	BCL6	-0.03896103896103896	0.012451979580605352	77	3	0	3	0.16498199810796207
AF_outer	healthy_vs_degenerated_severe	RB1	0.0	1.0	32	0	0	0	1.0
AF_outer	healthy_vs_degenerated_severe	TFCP2	0.0	1.0	57	0	0	0	1.0
AF_outer	healthy_vs_degenerated_severe	REST	-0.024390243902439025	0.2272405130963853	41	1	0	1	0.6946216557531428
AF_outer	healthy_vs_degenerated_severe	ESRRA	0.025	0.22236013870810142	40	1	1	0	0.6917870982029822
AF_outer	healthy_vs_degenerated_severe	HOXD3	0.0	0.001356749518322337	9	2	1	1	0.04362624375337393
AF_outer	healthy_vs_degenerated_severe	IRF9	0.0	1.0	17	0	0	0	1.0
AF_outer	healthy_vs_degenerated_severe	TFE3	0.0	1.0	33	0	0	0	1.0
AF_outer	healthy_vs_degenerated_severe	ZNF236	0.0	1.0	7	0	0	0	1.0
AF_outer	healthy_vs_degenerated_severe	TFAP2C	-0.041666666666666664	0.00043743479520791167	24	3	1	2	0.019137772290346137
AF_outer	healthy_vs_degenerated_severe	PAX8	0.0	1.0	24	0	0	0	1.0
AF_outer	healthy_vs_degenerated_severe	NKX2-1	-0.045454545454545456	0.030941029211181418	44	2	0	2	0.2609484391304457
AF_outer	healthy_vs_degenerated_severe	PBX1	-0.023255813953488372	0.23691050368937971	43	1	0	1	0.7020346225209942
AF_outer	healthy_vs_degenerated_severe	SP4	0.024390243902439025	0.2272405130963853	41	1	1	0	0.6946216557531428
AF_outer	healthy_vs_degenerated_severe	CIITA	-0.038461538461538464	0.15074472288177426	26	1	0	1	0.512239349598262
AF_outer	healthy_vs_degenerated_severe	CDX2	0.022727272727272728	0.2417004914679423	44	1	1	0	0.7020346225209942
AF_outer	healthy_vs_degenerated_severe	ELF3	0.0	1.0	22	0	0	0	1.0
AF_outer	healthy_vs_degenerated_severe	ELF5	0.0	1.0	7	0	0	0	1.0
AF_outer	healthy_vs_degenerated_severe	ZEB1	-0.0425531914893617	0.03493350216701599	47	2	0	2	0.27249218009133913
AF_outer	healthy_vs_degenerated_severe	EGR3	0.0	1.0	25	0	0	0	1.0
AF_outer	healthy_vs_degenerated_severe	EWSR1	0.0	1.0	51	0	0	0	1.0
AF_outer	healthy_vs_degenerated_severe	NAB2	0.0	1.0	6	0	0	0	1.0
AF_outer	healthy_vs_degenerated_severe	DEAF1	0.0	1.0	11	0	0	0	1.0
AF_outer	healthy_vs_degenerated_severe	TBPL1	0.0	1.0	30	0	0	0	1.0
AF_outer	healthy_vs_degenerated_severe	MEF2C	0.017543859649122806	0.30132774860690964	57	1	1	0	0.8112670154801414
AF_outer	healthy_vs_degenerated_severe	POU4F2	0.0	1.0	23	0	0	0	1.0
AF_outer	healthy_vs_degenerated_severe	TAL1	0.01282051282051282	0.38799474882660007	78	1	1	0	0.9804921450491698
AF_outer	healthy_vs_degenerated_severe	EPAS1	0.0	1.0	79	0	0	0	1.0
AF_outer	healthy_vs_degenerated_severe	SMARCA1	0.024390243902439025	0.2272405130963853	41	1	1	0	0.6946216557531428
AF_outer	healthy_vs_degenerated_severe	NFATC4	0.0	1.0	33	0	0	0	1.0
AF_outer	healthy_vs_degenerated_severe	FOXM1	0.0	0.0016604593514616625	81	4	2	2	0.04649286184092655
AF_outer	healthy_vs_degenerated_severe	MYF5	0.0	1.0	17	0	0	0	1.0
AF_outer	healthy_vs_degenerated_severe	MYOG	0.0	1.0	42	0	0	0	1.0
AF_outer	healthy_vs_degenerated_severe	SMAD7	0.03636363636363636	0.04647742227696158	55	2	2	0	0.30356927922565474
AF_outer	healthy_vs_degenerated_severe	SOX10	0.0	1.0	25	0	0	0	1.0
AF_outer	healthy_vs_degenerated_severe	POU3F1	0.07142857142857142	0.08419147225476814	14	1	1	0	0.392893537188918
AF_outer	healthy_vs_degenerated_severe	NKRF	0.0	1.0	8	0	0	0	1.0
AF_outer	healthy_vs_degenerated_severe	ATF6	0.0	1.0	47	0	0	0	1.0
AF_outer	healthy_vs_degenerated_severe	HOPX	0.0	1.0	5	0	0	0	1.0
AF_outer	healthy_vs_degenerated_severe	NKX6-1	0.0	1.0	8	0	0	0	1.0
AF_outer	healthy_vs_degenerated_severe	ERG	-0.022222222222222223	0.24646072006796887	45	1	0	1	0.7041734859084825
AF_outer	healthy_vs_degenerated_severe	PITX3	0.05	0.1180892133910977	20	1	1	0	0.43736745700406554
AF_outer	healthy_vs_degenerated_severe	HOXB2	0.0	1.0	6	0	0	0	1.0
AF_outer	healthy_vs_degenerated_severe	SATB1	0.02564102564102564	0.001845465360668918	39	3	2	1	0.04968560586416318
AF_outer	healthy_vs_degenerated_severe	NFKB2	0.0	1.0	52	0	0	0	1.0
AF_outer	healthy_vs_degenerated_severe	RORA	0.0	1.0	55	0	0	0	1.0
AF_outer	healthy_vs_degenerated_severe	PROX1	0.0	1.0	25	0	0	0	1.0
AF_outer	healthy_vs_degenerated_severe	KLF3	0.0	1.0	9	0	0	0	1.0
AF_outer	healthy_vs_degenerated_severe	PEG3	0.0	1.0	7	0	0	0	1.0
AF_outer	healthy_vs_degenerated_severe	NR2E3	0.0	1.0	10	0	0	0	1.0
AF_outer	healthy_vs_degenerated_severe	NCOR2	-0.018867924528301886	0.2834929431493604	53	1	0	1	0.7782159223707933
AF_outer	healthy_vs_degenerated_severe	NCOA3	0.0	0.06770180366099314	68	2	1	1	0.36035201591182614
AF_outer	healthy_vs_degenerated_severe	ZFHX3	0.0	1.0	8	0	0	0	1.0
AF_outer	healthy_vs_degenerated_severe	SMAD1	-0.01694915254237288	0.005998865124829288	59	3	1	2	0.10241964847269518
AF_outer	healthy_vs_degenerated_severe	SPDEF	0.07692307692307693	0.07841781911611695	13	1	1	0	0.3811977318144574
AF_outer	healthy_vs_degenerated_severe	PAX2	0.058823529411764705	0.10129850326273881	17	1	1	0	0.40519401305095526
AF_outer	healthy_vs_degenerated_severe	KLF13	0.0	1.0	14	0	0	0	1.0
AF_outer	healthy_vs_degenerated_severe	GTF2IRD1	0.0	1.0	6	0	0	0	1.0
AF_outer	healthy_vs_degenerated_severe	MAFB	-0.03225806451612903	0.17704128276325595	31	1	0	1	0.5764134787640891
AF_outer	healthy_vs_degenerated_severe	NR2F6	0.0	1.0	7	0	0	0	1.0
AF_outer	healthy_vs_degenerated_severe	ELK3	0.0	1.0	21	0	0	0	1.0
AF_outer	healthy_vs_degenerated_severe	KLF6	-0.041666666666666664	0.00022729519520087995	48	4	1	3	0.012811600123748369
AF_outer	healthy_vs_degenerated_severe	SNAI1	-0.011363636363636364	0.01778475245020462	88	3	1	2	0.19460747482994495
AF_outer	healthy_vs_degenerated_severe	HESX1	0.058823529411764705	0.10129850326273881	17	1	1	0	0.40519401305095526
AF_outer	healthy_vs_degenerated_severe	BACH2	0.0	1.0	6	0	0	0	1.0
AF_outer	healthy_vs_degenerated_severe	PATZ1	0.0	1.0	9	0	0	0	1.0
AF_outer	healthy_vs_degenerated_severe	ZHX2	0.0	1.0	11	0	0	0	1.0
AF_outer	healthy_vs_degenerated_severe	ONECUT1	0.0	1.0	22	0	0	0	1.0
AF_outer	healthy_vs_degenerated_severe	RXRA	-0.025974025974025976	0.0839176123138122	77	2	0	2	0.392893537188918
AF_outer	healthy_vs_degenerated_severe	NR1H2	0.0	1.0	37	0	0	0	1.0
AF_outer	healthy_vs_degenerated_severe	KAT5	0.0	1.0	48	0	0	0	1.0
AF_outer	healthy_vs_degenerated_severe	GBX2	0.0	1.0	6	0	0	0	1.0
AF_outer	healthy_vs_degenerated_severe	YBX3	0.0	1.0	23	0	0	0	1.0
AF_outer	healthy_vs_degenerated_severe	SMAD6	0.0	1.0	23	0	0	0	1.0
AF_outer	healthy_vs_degenerated_severe	MYBL1	0.0	1.0	11	0	0	0	1.0
AF_outer	healthy_vs_degenerated_severe	CDX1	0.0	1.0	26	0	0	0	1.0
AF_outer	healthy_vs_degenerated_severe	TFDP1	-0.03225806451612903	0.17704128276325595	31	1	0	1	0.5764134787640891
AF_outer	healthy_vs_degenerated_severe	KLF12	0.0	1.0	9	0	0	0	1.0
AF_outer	healthy_vs_degenerated_severe	KMT2A	0.0	1.0	66	0	0	0	1.0
AF_outer	healthy_vs_degenerated_severe	GATA2	0.015151515151515152	0.33986556013242225	66	1	1	0	0.8877085525846851
AF_outer	healthy_vs_degenerated_severe	PRDM1	-0.022222222222222223	0.24646072006796887	45	1	0	1	0.7041734859084825
AF_outer	healthy_vs_degenerated_severe	MXD1	0.0	1.0	21	0	0	0	1.0
AF_outer	healthy_vs_degenerated_severe	CLOCK	0.0	1.0	56	0	0	0	1.0
AF_outer	healthy_vs_degenerated_severe	BHLHE40	0.0	1.0	31	0	0	0	1.0
AF_outer	healthy_vs_degenerated_severe	SRY	-0.06060606060606061	0.018051380682771682	33	2	0	2	0.19460747482994495
AF_outer	healthy_vs_degenerated_severe	MAF	-0.024390243902439025	0.2272405130963853	41	1	0	1	0.6946216557531428
AF_outer	healthy_vs_degenerated_severe	AIRE	0.0	1.0	12	0	0	0	1.0
AF_outer	healthy_vs_degenerated_severe	ZGPAT	0.0	1.0	9	0	0	0	1.0
AF_outer	healthy_vs_degenerated_severe	ETV1	-0.05263157894736842	0.11252709724668528	19	1	0	1	0.4280922177863027
AF_outer	healthy_vs_degenerated_severe	KLF4	0.018867924528301886	0.0044032266754809425	106	4	3	1	0.08561829646768498
AF_outer	healthy_vs_degenerated_severe	EGR2	-0.017543859649122806	0.30132774860690964	57	1	0	1	0.8112670154801414
AF_outer	healthy_vs_degenerated_severe	SIX4	0.2	0.03091294886416961	5	1	1	0	0.2609484391304457
AF_outer	healthy_vs_degenerated_severe	NEUROG3	0.0	1.0	18	0	0	0	1.0
AF_outer	healthy_vs_degenerated_severe	CXXC1	0.0	1.0	19	0	0	0	1.0
AF_outer	healthy_vs_degenerated_severe	TBX21	0.0	1.0	34	0	0	0	1.0
AF_outer	healthy_vs_degenerated_severe	HOXA10	0.0	1.0	44	0	0	0	1.0
AF_outer	healthy_vs_degenerated_severe	LMX1B	0.0	1.0	16	0	0	0	1.0
AF_outer	healthy_vs_degenerated_severe	TBX2	0.0	1.0	26	0	0	0	1.0
AF_outer	healthy_vs_degenerated_severe	ZNF699	0.0	1.0	39	0	0	0	1.0
AF_outer	healthy_vs_degenerated_severe	RFX5	0.0	1.0	18	0	0	0	1.0
AF_outer	healthy_vs_degenerated_severe	RFXANK	0.0	1.0	13	0	0	0	1.0
AF_outer	healthy_vs_degenerated_severe	RFXAP	0.0	1.0	12	0	0	0	1.0
AF_outer	healthy_vs_degenerated_severe	BARX2	0.0	1.0	12	0	0	0	1.0
AF_outer	healthy_vs_degenerated_severe	FOXO4	0.0	1.0	26	0	0	0	1.0
AF_outer	healthy_vs_degenerated_severe	DLX5	0.0	1.0	32	0	0	0	1.0
AF_outer	healthy_vs_degenerated_severe	ID4	0.0	1.0	12	0	0	0	1.0
AF_outer	healthy_vs_degenerated_severe	SPIB	0.0	1.0	12	0	0	0	1.0
AF_outer	healthy_vs_degenerated_severe	FOXN1	0.0	1.0	39	0	0	0	1.0
AF_outer	healthy_vs_degenerated_severe	TBX5	0.05263157894736842	0.11252709724668528	19	1	1	0	0.4280922177863027
AF_outer	healthy_vs_degenerated_severe	TLX1	0.125	0.04900475507499855	8	1	1	0	0.30356927922565474
AF_outer	healthy_vs_degenerated_severe	HIVEP1	-0.125	0.04900475507499855	8	1	0	1	0.30356927922565474
AF_outer	healthy_vs_degenerated_severe	SMAD2	0.0	0.09725811613522924	84	2	1	1	0.40519401305095526
AF_outer	healthy_vs_degenerated_severe	NKX3-1	-0.015873015873015872	0.32725931375288847	63	1	0	1	0.8677330288902345
AF_outer	healthy_vs_degenerated_severe	HAND1	0.0	1.0	9	0	0	0	1.0
AF_outer	healthy_vs_degenerated_severe	HAND2	0.0	0.012294702914601236	27	2	1	1	0.16498199810796207
AF_outer	healthy_vs_degenerated_severe	PAX7	0.0	1.0	11	0	0	0	1.0
AF_outer	healthy_vs_degenerated_severe	SFPQ	0.0	1.0	26	0	0	0	1.0
AF_outer	healthy_vs_degenerated_severe	BMAL1	-0.020833333333333332	0.2605646749713241	48	1	0	1	0.7266743923503062
AF_outer	healthy_vs_degenerated_severe	SKIL	0.0	1.0	19	0	0	0	1.0
AF_outer	healthy_vs_degenerated_severe	TBXT	0.0	1.0	11	0	0	0	1.0
AF_outer	healthy_vs_degenerated_severe	MSX2	0.0	1.0	35	0	0	0	1.0
AF_outer	healthy_vs_degenerated_severe	MZF1	-0.05555555555555555	0.10693026533932734	18	1	0	1	0.4228880550142889
AF_outer	healthy_vs_degenerated_severe	HOXA5	0.0	1.0	14	0	0	0	1.0
AF_outer	healthy_vs_degenerated_severe	HOXB4	0.0	1.0	10	0	0	0	1.0
AF_outer	healthy_vs_degenerated_severe	CREB3	0.0	1.0	10	0	0	0	1.0
AF_outer	healthy_vs_degenerated_severe	NFE2	0.0	1.0	15	0	0	0	1.0
AF_outer	healthy_vs_degenerated_severe	ZNF76	0.0	1.0	7	0	0	0	1.0
AF_outer	healthy_vs_degenerated_severe	FOXQ1	0.0	1.0	15	0	0	0	1.0
AF_outer	healthy_vs_degenerated_severe	ZGLP1	0.0	1.0	16	0	0	0	1.0
AF_outer	healthy_vs_degenerated_severe	NFYB	0.0	1.0	35	0	0	0	1.0
AF_outer	healthy_vs_degenerated_severe	ETV3	0.0	1.0	11	0	0	0	1.0
AF_outer	healthy_vs_degenerated_severe	GSC	0.0	1.0	9	0	0	0	1.0
AF_outer	healthy_vs_degenerated_severe	IRF7	-0.07142857142857142	0.08419147225476814	14	1	0	1	0.392893537188918
AF_outer	healthy_vs_degenerated_severe	NFATC3	0.0	1.0	25	0	0	0	1.0
AF_outer	healthy_vs_degenerated_severe	KDM5A	0.0	1.0	15	0	0	0	1.0
AF_outer	healthy_vs_degenerated_severe	GRHL3	0.0	1.0	23	0	0	0	1.0
AF_outer	healthy_vs_degenerated_severe	THRA	0.016666666666666666	0.3144148610312732	60	1	1	0	0.8400397050453864
AF_outer	healthy_vs_degenerated_severe	SOX17	-0.02702702702702703	0.20753524578333807	37	1	0	1	0.6485476430729314
AF_outer	healthy_vs_degenerated_severe	ZIC2	0.0	1.0	6	0	0	0	1.0
AF_outer	healthy_vs_degenerated_severe	TBX15	0.0	1.0	27	0	0	0	1.0
AF_outer	healthy_vs_degenerated_severe	NFAT5	-0.023255813953488372	0.23691050368937971	43	1	0	1	0.7020346225209942
AF_outer	healthy_vs_degenerated_severe	MEF2B	0.0	1.0	5	0	0	0	1.0
AF_outer	healthy_vs_degenerated_severe	BMAL2	0.0	1.0	7	0	0	0	1.0
AF_outer	healthy_vs_degenerated_severe	NFE2L2	0.005813953488372093	0.09332793572589626	172	3	2	1	0.40519401305095526
AF_outer	healthy_vs_degenerated_severe	ZIC1	0.09090909090909091	0.06676222441529464	11	1	1	0	0.36035201591182614
AF_outer	healthy_vs_degenerated_severe	MEIS1	0.0	1.0	16	0	0	0	1.0
AF_outer	healthy_vs_degenerated_severe	HOXA9	0.0	1.0	34	0	0	0	1.0
AF_outer	healthy_vs_degenerated_severe	MAFA	-0.07692307692307693	0.07841781911611695	13	1	0	1	0.3811977318144574
AF_outer	healthy_vs_degenerated_severe	NR1D1	0.047619047619047616	0.12361682687656321	21	1	1	0	0.4460400969772899
AF_outer	healthy_vs_degenerated_severe	MYF6	0.0	1.0	8	0	0	0	1.0
AF_outer	healthy_vs_degenerated_severe	ZNF263	0.0	1.0	9	0	0	0	1.0
AF_outer	healthy_vs_degenerated_severe	NFIA	-0.022727272727272728	0.2417004914679423	44	1	0	1	0.7020346225209942
AF_outer	healthy_vs_degenerated_severe	HEY2	0.0	1.0	15	0	0	0	1.0
AF_outer	healthy_vs_degenerated_severe	HOXB7	0.05555555555555555	0.10693026533932734	18	1	1	0	0.4228880550142889
AF_outer	healthy_vs_degenerated_severe	ZNF350	0.0	1.0	9	0	0	0	1.0
AF_outer	healthy_vs_degenerated_severe	BCL11A	0.0	1.0	9	0	0	0	1.0
AF_outer	healthy_vs_degenerated_severe	TWIST1	0.0	0.0694468142686136	69	2	1	1	0.36550954878217684
AF_outer	healthy_vs_degenerated_severe	ZNF395	0.0	1.0	5	0	0	0	1.0
AF_outer	healthy_vs_degenerated_severe	TFDP2	0.0	1.0	6	0	0	0	1.0
AF_outer	healthy_vs_degenerated_severe	GTF3A	-0.047619047619047616	0.12361682687656321	21	1	0	1	0.4460400969772899
AF_outer	healthy_vs_degenerated_severe	KLF10	0.08333333333333333	0.009785853604271236	24	2	2	0	0.14574567726358698
AF_outer	healthy_vs_degenerated_severe	KLF2	-0.02040816326530612	0.2652076854922836	49	1	0	1	0.7366880152563432
AF_outer	healthy_vs_degenerated_severe	PHF20	0.0	1.0	9	0	0	0	1.0
AF_outer	healthy_vs_degenerated_severe	TGIF1	0.0	1.0	9	0	0	0	1.0
AF_outer	healthy_vs_degenerated_severe	FOXG1	0.0	1.0	16	0	0	0	1.0
AF_outer	healthy_vs_degenerated_severe	SF1	0.0	1.0	8	0	0	0	1.0
AF_outer	healthy_vs_degenerated_severe	MBD2	-0.013157894736842105	0.38022155062649127	76	1	0	1	0.9643300197048692
AF_outer	healthy_vs_degenerated_severe	FOXF2	0.0	1.0	11	0	0	0	1.0
AF_outer	healthy_vs_degenerated_severe	ZBTB32	0.0	1.0	5	0	0	0	1.0
AF_outer	healthy_vs_degenerated_severe	HEY1	0.0	1.0	26	0	0	0	1.0
AF_outer	healthy_vs_degenerated_severe	ZBTB17	0.0	1.0	39	0	0	0	1.0
AF_outer	healthy_vs_degenerated_severe	IRF5	-0.05	0.1180892133910977	20	1	0	1	0.43736745700406554
AF_outer	healthy_vs_degenerated_severe	THRB	-0.023255813953488372	0.23691050368937971	43	1	0	1	0.7020346225209942
AF_outer	healthy_vs_degenerated_severe	POU3F2	0.0	1.0	21	0	0	0	1.0
AF_outer	healthy_vs_degenerated_severe	FOXI1	0.0	1.0	7	0	0	0	1.0
AF_outer	healthy_vs_degenerated_severe	KCNIP3	0.0	1.0	12	0	0	0	1.0
AF_outer	healthy_vs_degenerated_severe	FOSB	0.0	0.017025966712115367	32	2	1	1	0.19460747482994495
AF_outer	healthy_vs_degenerated_severe	NFE2L1	-0.1111111111111111	0.05496075576958309	9	1	0	1	0.31534859867793574
AF_outer	healthy_vs_degenerated_severe	TRERF1	0.0	1.0	11	0	0	0	1.0
AF_outer	healthy_vs_degenerated_severe	FOXP1	-0.058823529411764705	0.10129850326273881	17	1	0	1	0.40519401305095526
AF_outer	healthy_vs_degenerated_severe	FOXP2	0.0	1.0	6	0	0	0	1.0
AF_outer	healthy_vs_degenerated_severe	BARX1	0.0	1.0	8	0	0	0	1.0
AF_outer	healthy_vs_degenerated_severe	ZFPM2	0.0	1.0	8	0	0	0	1.0
AF_outer	healthy_vs_degenerated_severe	IKZF1	0.0	1.0	32	0	0	0	1.0
AF_outer	healthy_vs_degenerated_severe	BCL3	0.041666666666666664	0.13999476304898759	24	1	1	0	0.4827405622378882
AF_outer	healthy_vs_degenerated_severe	SP2	0.0	1.0	19	0	0	0	1.0
AF_outer	healthy_vs_degenerated_severe	SIM2	0.0	1.0	9	0	0	0	1.0
AF_outer	healthy_vs_degenerated_severe	NFATC1	0.0	1.0	87	0	0	0	1.0
AF_outer	healthy_vs_degenerated_severe	POU2F3	0.0	1.0	6	0	0	0	1.0
AF_outer	healthy_vs_degenerated_severe	HOXA7	0.0	1.0	12	0	0	0	1.0
AF_outer	healthy_vs_degenerated_severe	NPAS2	0.0	1.0	8	0	0	0	1.0
AF_outer	healthy_vs_degenerated_severe	DLX2	0.0	1.0	18	0	0	0	1.0
AF_outer	healthy_vs_degenerated_severe	PRRX1	0.0	1.0	6	0	0	0	1.0
AF_outer	healthy_vs_degenerated_severe	VEZF1	0.0	1.0	6	0	0	0	1.0
AF_outer	healthy_vs_degenerated_severe	CTBP2	0.08333333333333333	0.07260814396529243	12	1	1	0	0.3675295158808386
AF_outer	healthy_vs_degenerated_severe	SOX6	-0.05263157894736842	0.11252709724668528	19	1	0	1	0.4280922177863027
AF_outer	healthy_vs_degenerated_severe	HIPK2	0.0	1.0	8	0	0	0	1.0
AF_outer	healthy_vs_degenerated_severe	FOXA3	0.0	1.0	9	0	0	0	1.0
AF_outer	healthy_vs_degenerated_severe	RORC	0.0	1.0	8	0	0	0	1.0
AF_outer	healthy_vs_degenerated_severe	SIX3	0.0	1.0	5	0	0	0	1.0
AF_outer	healthy_vs_degenerated_severe	PPARD	0.023809523809523808	0.09725811613522924	84	2	2	0	0.40519401305095526
AF_outer	healthy_vs_degenerated_severe	MECOM	0.1111111111111111	0.005558547960733272	18	2	2	0	0.09727458931283225
AF_outer	healthy_vs_degenerated_severe	SIRT1	0.019230769230769232	0.004208553921870255	52	3	2	1	0.08561829646768498
AF_outer	healthy_vs_degenerated_severe	ZBTB7B	0.0	1.0	14	0	0	0	1.0
AF_outer	healthy_vs_degenerated_severe	ZBTB7A	0.0	1.0	33	0	0	0	1.0
AF_outer	healthy_vs_degenerated_severe	NR6A1	0.0	1.0	9	0	0	0	1.0
AF_outer	healthy_vs_degenerated_severe	STAT2	-0.05128205128205128	0.024728121303498028	39	2	0	2	0.22191903733908486
AF_outer	healthy_vs_degenerated_severe	ESRRG	0.05	0.1180892133910977	20	1	1	0	0.43736745700406554
AF_outer	healthy_vs_degenerated_severe	PRDM2	0.0	1.0	10	0	0	0	1.0
AF_outer	healthy_vs_degenerated_severe	PURA	0.0	1.0	16	0	0	0	1.0
AF_outer	healthy_vs_degenerated_severe	TBX1	0.0	1.0	9	0	0	0	1.0
AF_outer	healthy_vs_degenerated_severe	SALL2	0.0	1.0	5	0	0	0	1.0
AF_outer	healthy_vs_degenerated_severe	ATOH1	0.0	1.0	5	0	0	0	1.0
AF_outer	healthy_vs_degenerated_severe	NEUROD6	0.0	1.0	9	0	0	0	1.0
AF_outer	healthy_vs_degenerated_severe	NEUROG1	0.0	1.0	10	0	0	0	1.0
AF_outer	healthy_vs_degenerated_severe	NEUROG2	0.0	1.0	15	0	0	0	1.0
AF_outer	healthy_vs_degenerated_severe	AHRR	0.0	1.0	5	0	0	0	1.0
AF_outer	healthy_vs_degenerated_severe	HMGB2	0.0	1.0	9	0	0	0	1.0
AF_outer	healthy_vs_degenerated_severe	DLX3	0.0	1.0	12	0	0	0	1.0
AF_outer	healthy_vs_degenerated_severe	TWIST2	0.030303030303030304	0.18733280735416577	33	1	1	0	0.601527363063835
AF_outer	healthy_vs_degenerated_severe	TFAP4	0.02857142857142857	0.19749694148109145	35	1	1	0	0.625555923243276
AF_outer	healthy_vs_degenerated_severe	KAT6B	0.0	1.0	7	0	0	0	1.0
AF_outer	healthy_vs_degenerated_severe	SALL3	0.0	1.0	9	0	0	0	1.0
AF_outer	healthy_vs_degenerated_severe	MXI1	0.1111111111111111	0.05496075576958309	9	1	1	0	0.31534859867793574
AF_outer	healthy_vs_degenerated_severe	E2F5	0.0	1.0	10	0	0	0	1.0
AF_outer	healthy_vs_degenerated_severe	E2F2	0.0	1.0	49	0	0	0	1.0
AF_outer	healthy_vs_degenerated_severe	FOXD3	0.0	1.0	14	0	0	0	1.0
AF_outer	healthy_vs_degenerated_severe	POU5F1	0.014285714285714285	0.35631089133731914	70	1	1	0	0.9136176700956902
AF_outer	healthy_vs_degenerated_severe	PLAGL1	0.0	1.0	16	0	0	0	1.0
AF_outer	healthy_vs_degenerated_severe	SNAI2	-0.022727272727272728	0.2417004914679423	44	1	0	1	0.7020346225209942
AF_outer	healthy_vs_degenerated_severe	NOTCH1	0.0	1.0	51	0	0	0	1.0
AF_outer	healthy_vs_degenerated_severe	FOXC2	0.0625	0.09563159530047435	16	1	1	0	0.40519401305095526
AF_outer	healthy_vs_degenerated_severe	FOXD1	0.0	1.0	6	0	0	0	1.0
AF_outer	healthy_vs_degenerated_severe	KLF9	0.0	1.0	22	0	0	0	1.0
AF_outer	healthy_vs_degenerated_severe	TBPL2	0.0	1.0	8	0	0	0	1.0
AF_outer	healthy_vs_degenerated_severe	NFIL3	0.0	1.0	22	0	0	0	1.0
AF_outer	healthy_vs_degenerated_severe	ZNF384	0.0	1.0	19	0	0	0	1.0
AF_outer	healthy_vs_degenerated_severe	HOXA11	-0.16666666666666666	0.0369810815838246	6	1	0	1	0.27249218009133913
AF_outer	healthy_vs_degenerated_severe	MEF2D	0.0	1.0	20	0	0	0	1.0
AF_outer	healthy_vs_degenerated_severe	SMAD5	0.0	1.0	31	0	0	0	1.0
AF_outer	healthy_vs_degenerated_severe	PBX2	-0.125	0.04900475507499855	8	1	0	1	0.30356927922565474
AF_outer	healthy_vs_degenerated_severe	EMX2	0.0	1.0	7	0	0	0	1.0
AF_outer	healthy_vs_degenerated_severe	MLXIPL	0.0	1.0	14	0	0	0	1.0
AF_outer	healthy_vs_degenerated_severe	ZBTB33	0.0	1.0	9	0	0	0	1.0
AF_outer	healthy_vs_degenerated_severe	ETV2	0.0	1.0	7	0	0	0	1.0
AF_outer	healthy_vs_degenerated_severe	KLF15	0.0	1.0	19	0	0	0	1.0
AF_outer	healthy_vs_degenerated_severe	DNMT3A	-0.018867924528301886	0.2834929431493604	53	1	0	1	0.7782159223707933
AF_outer	healthy_vs_degenerated_severe	DNMT3B	-0.015384615384615385	0.3356896738230995	65	1	0	1	0.8833938784818408
AF_outer	healthy_vs_degenerated_severe	OLIG1	0.0	1.0	5	0	0	0	1.0
AF_outer	healthy_vs_degenerated_severe	OLIG2	-0.06666666666666667	0.08992932441800858	15	1	0	1	0.4035290198243975
AF_outer	healthy_vs_degenerated_severe	RREB1	0.0	1.0	7	0	0	0	1.0
AF_outer	healthy_vs_degenerated_severe	ZNF202	0.0	1.0	6	0	0	0	1.0
AF_outer	healthy_vs_degenerated_severe	MAFG	-0.1111111111111111	0.05496075576958309	9	1	0	1	0.31534859867793574
AF_outer	healthy_vs_degenerated_severe	TEF	0.0	1.0	12	0	0	0	1.0
AF_outer	healthy_vs_degenerated_severe	HOXD13	-0.058823529411764705	0.10129850326273881	17	1	0	1	0.40519401305095526
AF_outer	healthy_vs_degenerated_severe	ZKSCAN7	0.09090909090909091	0.06676222441529464	11	1	1	0	0.36035201591182614
AF_outer	healthy_vs_degenerated_severe	BACH1	0.07142857142857142	0.08419147225476814	14	1	1	0	0.392893537188918
AF_outer	healthy_vs_degenerated_severe	MYT1	0.0	1.0	6	0	0	0	1.0
AF_outer	healthy_vs_degenerated_severe	ZNF160	0.0	1.0	5	0	0	0	1.0
AF_outer	healthy_vs_degenerated_severe	TEAD4	0.0	1.0	8	0	0	0	1.0
AF_outer	healthy_vs_degenerated_severe	GCM1	0.1111111111111111	0.05496075576958309	9	1	1	0	0.31534859867793574
AF_outer	healthy_vs_degenerated_severe	BHLHE41	0.0	1.0	22	0	0	0	1.0
AF_outer	healthy_vs_degenerated_severe	MTA1	-0.045454545454545456	0.030941029211181418	44	2	0	2	0.2609484391304457
AF_outer	healthy_vs_degenerated_severe	EHF	0.0	1.0	11	0	0	0	1.0
AF_outer	healthy_vs_degenerated_severe	TCF7L2	-0.010309278350515464	0.022957098579917495	97	3	1	2	0.21716174332354388
AF_outer	healthy_vs_degenerated_severe	VSX2	0.0	1.0	28	0	0	0	1.0
AF_outer	healthy_vs_degenerated_severe	TSC22D1	0.0	1.0	7	0	0	0	1.0
AF_outer	healthy_vs_degenerated_severe	SOX5	0.0	1.0	17	0	0	0	1.0
AF_outer	healthy_vs_degenerated_severe	SOX2	0.017857142857142856	0.2969106718693011	56	1	1	0	0.8055715903430649
AF_outer	healthy_vs_degenerated_severe	NKX3-2	0.0	1.0	7	0	0	0	1.0
AF_outer	healthy_vs_degenerated_severe	PAX9	0.0	1.0	8	0	0	0	1.0
AF_outer	healthy_vs_degenerated_severe	TCF21	0.0	1.0	9	0	0	0	1.0
AF_outer	healthy_vs_degenerated_severe	HIC1	0.0	1.0	21	0	0	0	1.0
AF_outer	healthy_vs_degenerated_severe	ZEB2	0.07692307692307693	0.011430178267999934	26	2	2	0	0.16002249575199906
AF_outer	healthy_vs_degenerated_severe	ZNF335	0.0	1.0	7	0	0	0	1.0
AF_outer	healthy_vs_degenerated_severe	NONO	0.0	1.0	17	0	0	0	1.0
AF_outer	healthy_vs_degenerated_severe	CEBPZ	0.0	1.0	16	0	0	0	1.0
AF_outer	healthy_vs_degenerated_severe	SIX1	0.0	1.0	10	0	0	0	1.0
AF_outer	healthy_vs_degenerated_severe	NFIX	-0.047619047619047616	0.12361682687656321	21	1	0	1	0.4460400969772899
AF_outer	healthy_vs_degenerated_severe	MNT	0.0	1.0	10	0	0	0	1.0
AF_outer	healthy_vs_degenerated_severe	KDM5D	0.0	1.0	5	0	0	0	1.0
AF_outer	healthy_vs_degenerated_severe	TBX6	0.0	1.0	8	0	0	0	1.0
AF_outer	healthy_vs_degenerated_severe	HOXA1	0.045454545454545456	0.12911014951261962	22	1	1	0	0.4587670287250443
AF_outer	healthy_vs_degenerated_severe	BCL11B	-0.05	0.1180892133910977	20	1	0	1	0.43736745700406554
AF_outer	healthy_vs_degenerated_severe	RXRB	-0.09090909090909091	0.06676222441529464	11	1	0	1	0.36035201591182614
AF_outer	healthy_vs_degenerated_severe	E2F6	0.0	1.0	37	0	0	0	1.0
AF_outer	healthy_vs_degenerated_severe	HOXA13	0.0	1.0	13	0	0	0	1.0
AF_outer	healthy_vs_degenerated_severe	KAT6A	0.0	1.0	12	0	0	0	1.0
AF_outer	healthy_vs_degenerated_severe	GFI1	0.023809523809523808	0.23209057263890562	42	1	1	0	0.7020346225209942
AF_outer	healthy_vs_degenerated_severe	RUNX3	0.0	1.0	56	0	0	0	1.0
AF_outer	healthy_vs_degenerated_severe	GLI1	0.0	0.23928619973614823	149	2	1	1	0.7020346225209942
AF_outer	healthy_vs_degenerated_severe	KLF8	0.0	1.0	19	0	0	0	1.0
AF_outer	healthy_vs_degenerated_severe	HIF3A	0.0	1.0	6	0	0	0	1.0
AF_outer	healthy_vs_degenerated_severe	BHLHA15	-0.08333333333333333	0.07260814396529243	12	1	0	1	0.3675295158808386
AF_outer	healthy_vs_degenerated_severe	MEOX2	0.0	1.0	6	0	0	0	1.0
AF_outer	healthy_vs_degenerated_severe	JARID2	0.0	1.0	12	0	0	0	1.0
AF_outer	healthy_vs_degenerated_severe	NFYC	0.0	1.0	20	0	0	0	1.0
AF_outer	healthy_vs_degenerated_severe	GFI1B	0.0	1.0	10	0	0	0	1.0
AF_outer	healthy_vs_degenerated_severe	ASCL2	0.0	1.0	8	0	0	0	1.0
AF_outer	healthy_vs_degenerated_severe	MSC	0.043478260869565216	0.1345693918221243	23	1	1	0	0.47099287137743506
AF_outer	healthy_vs_degenerated_severe	HOXB9	0.0	1.0	6	0	0	0	1.0
AF_outer	healthy_vs_degenerated_severe	HLX	-0.07692307692307693	0.07841781911611695	13	1	0	1	0.3811977318144574
AF_outer	healthy_vs_degenerated_severe	RCOR2	0.0	1.0	13	0	0	0	1.0
AF_outer	healthy_vs_degenerated_severe	NKX2-2	0.0	1.0	12	0	0	0	1.0
AF_outer	healthy_vs_degenerated_severe	ARID4A	0.0	1.0	6	0	0	0	1.0
AF_outer	healthy_vs_degenerated_severe	HINFP	0.0	1.0	10	0	0	0	1.0
AF_outer	healthy_vs_degenerated_severe	SMARCC1	0.0	1.0	7	0	0	0	1.0
AF_outer	healthy_vs_degenerated_severe	KAT2B	0.0	1.0	14	0	0	0	1.0
AF_outer	healthy_vs_degenerated_severe	ZNF219	0.0	1.0	5	0	0	0	1.0
AF_outer	healthy_vs_degenerated_severe	HDGF	0.0	1.0	6	0	0	0	1.0
AF_outer	healthy_vs_degenerated_severe	EP300	0.0	1.0	59	0	0	0	1.0
AF_outer	healthy_vs_degenerated_severe	TRPS1	0.0	1.0	15	0	0	0	1.0
AF_outer	healthy_vs_degenerated_severe	CTNNB1	-0.0037735849056603774	0.0013711105179631806	265	7	3	4	0.04362624375337393
AF_outer	healthy_vs_degenerated_severe	PML	0.0	1.0	16	0	0	0	1.0
AF_outer	healthy_vs_degenerated_severe	KLF7	0.0	1.0	9	0	0	0	1.0
AF_outer	healthy_vs_degenerated_severe	PROP1	0.0	1.0	7	0	0	0	1.0
AF_outer	healthy_vs_degenerated_severe	LMO2	0.0	1.0	24	0	0	0	1.0
AF_outer	healthy_vs_degenerated_severe	TBX20	-0.16666666666666666	0.0369810815838246	6	1	0	1	0.27249218009133913
AF_outer	healthy_vs_degenerated_severe	MEOX1	0.0	1.0	7	0	0	0	1.0
AF_outer	healthy_vs_degenerated_severe	FOXL2	0.05263157894736842	0.11252709724668528	19	1	1	0	0.4280922177863027
AF_outer	healthy_vs_degenerated_severe	HTATIP2	-0.125	0.004395261181021412	16	2	0	2	0.08561829646768498
AF_outer	healthy_vs_degenerated_severe	EZH2	-0.007874015748031496	0.04545522111922859	127	3	1	2	0.30356927922565474
AF_outer	healthy_vs_degenerated_severe	GLI2	-0.008	0.04370822793915125	125	3	1	2	0.30356927922565474
AF_outer	healthy_vs_degenerated_severe	TCF7	-0.0625	0.09563159530047435	16	1	0	1	0.40519401305095526
AF_outer	healthy_vs_degenerated_severe	FOXC1	0.0	1.0	15	0	0	0	1.0
AF_outer	healthy_vs_degenerated_severe	HOXB13	0.0	1.0	10	0	0	0	1.0
AF_outer	healthy_vs_degenerated_severe	ABL1	0.0	1.0	10	0	0	0	1.0
AF_outer	healthy_vs_degenerated_severe	TBX3	0.0	1.0	20	0	0	0	1.0
AF_outer	healthy_vs_degenerated_severe	HNF4G	-0.125	0.04900475507499855	8	1	0	1	0.30356927922565474
AF_outer	healthy_vs_degenerated_severe	NFKBIZ	-0.16666666666666666	0.0369810815838246	6	1	0	1	0.27249218009133913
AF_outer	healthy_vs_degenerated_severe	PLAGL2	0.0	1.0	8	0	0	0	1.0
AF_outer	healthy_vs_degenerated_severe	TET1	0.0	1.0	13	0	0	0	1.0
AF_outer	healthy_vs_degenerated_severe	FOXH1	0.0	1.0	12	0	0	0	1.0
AF_outer	healthy_vs_degenerated_severe	FOXP3	0.0	0.022404997597202488	37	2	1	1	0.21525152884393356
AF_outer	healthy_vs_degenerated_severe	IKZF4	0.0	1.0	5	0	0	0	1.0
AF_outer	healthy_vs_degenerated_severe	HOXA2	0.0	1.0	7	0	0	0	1.0
AF_outer	healthy_vs_degenerated_severe	MLX	0.0	1.0	5	0	0	0	1.0
AF_outer	healthy_vs_degenerated_severe	CREB3L1	0.0	1.0	10	0	0	0	1.0
AF_outer	healthy_vs_degenerated_severe	TFDP3	0.0	1.0	5	0	0	0	1.0
AF_outer	healthy_vs_degenerated_severe	SP7	-0.03125	0.18220306715200235	32	1	0	1	0.5877518295225882
AF_outer	healthy_vs_degenerated_severe	OVOL1	0.0	1.0	8	0	0	0	1.0
AF_outer	healthy_vs_degenerated_severe	ZNF436	0.0	1.0	7	0	0	0	1.0
AF_outer	healthy_vs_degenerated_severe	ATF7	-0.16666666666666666	0.0369810815838246	6	1	0	1	0.27249218009133913
AF_outer	healthy_vs_degenerated_severe	HOXB3	0.0	1.0	6	0	0	0	1.0
AF_outer	healthy_vs_degenerated_severe	SCX	0.0	1.0	11	0	0	0	1.0
AF_outer	healthy_vs_degenerated_severe	NANOG	0.0	1.0	43	0	0	0	1.0
AF_outer	healthy_vs_degenerated_severe	ARX	0.0	1.0	19	0	0	0	1.0
AF_outer	healthy_vs_degenerated_severe	VHL	0.0	1.0	23	0	0	0	1.0
AF_outer	healthy_vs_degenerated_severe	SOX4	0.0	1.0	22	0	0	0	1.0
AF_outer	healthy_vs_degenerated_severe	SMAD9	0.0	1.0	5	0	0	0	1.0
AF_outer	healthy_vs_degenerated_severe	ATF5	0.0	1.0	29	0	0	0	1.0
AF_outer	healthy_vs_degenerated_severe	CTCFL	0.0	1.0	10	0	0	0	1.0
AF_outer	healthy_vs_degenerated_severe	SP6	0.0	1.0	6	0	0	0	1.0
AF_outer	healthy_vs_degenerated_severe	SMARCA5	0.0	1.0	8	0	0	0	1.0
AF_outer	healthy_vs_degenerated_severe	EOMES	0.0	1.0	18	0	0	0	1.0
AF_outer	healthy_vs_degenerated_severe	LMO4	0.0	1.0	5	0	0	0	1.0
AF_outer	healthy_vs_degenerated_severe	TLX3	0.0	1.0	5	0	0	0	1.0
AF_outer	healthy_vs_degenerated_severe	ESRRB	0.0	1.0	9	0	0	0	1.0
AF_outer	healthy_vs_degenerated_severe	AEBP1	0.0	1.0	5	0	0	0	1.0
AF_outer	healthy_vs_degenerated_severe	LHX1	0.0	1.0	6	0	0	0	1.0
AF_outer	healthy_vs_degenerated_severe	ZXDC	-0.16666666666666666	0.0369810815838246	6	1	0	1	0.27249218009133913
AF_outer	healthy_vs_degenerated_severe	SPIC	0.0	1.0	7	0	0	0	1.0
AF_outer	healthy_vs_degenerated_severe	SALL1	0.0	1.0	5	0	0	0	1.0
AF_outer	healthy_vs_degenerated_severe	NR2E1	0.0	1.0	13	0	0	0	1.0
AF_outer	healthy_vs_degenerated_severe	ZFP42	-0.07692307692307693	0.07841781911611695	13	1	0	1	0.3811977318144574
AF_outer	healthy_vs_degenerated_severe	HOXD4	0.0	1.0	6	0	0	0	1.0
AF_outer	healthy_vs_degenerated_severe	FOXF1	0.0	1.0	5	0	0	0	1.0
AF_outer	healthy_vs_degenerated_severe	MLXIP	0.0	1.0	5	0	0	0	1.0
AF_outer	healthy_vs_degenerated_severe	KMT2B	0.0	1.0	13	0	0	0	1.0
AF_outer	healthy_vs_degenerated_severe	NFIB	-0.05	0.1180892133910977	20	1	0	1	0.43736745700406554
AF_outer	healthy_vs_degenerated_severe	EBF3	0.0	1.0	8	0	0	0	1.0
AF_outer	healthy_vs_degenerated_severe	EN1	-0.1111111111111111	0.05496075576958309	9	1	0	1	0.31534859867793574
AF_outer	healthy_vs_degenerated_severe	MTA3	0.0	1.0	11	0	0	0	1.0
AF_outer	healthy_vs_degenerated_severe	TBX18	0.0	1.0	10	0	0	0	1.0
AF_outer	healthy_vs_degenerated_severe	PRDM4	0.0	1.0	6	0	0	0	1.0
AF_outer	healthy_vs_degenerated_severe	MEIS2	0.0	1.0	7	0	0	0	1.0
AF_outer	healthy_vs_degenerated_severe	EGR4	0.0	1.0	13	0	0	0	1.0
AF_outer	healthy_vs_degenerated_severe	HSF4	0.0	1.0	10	0	0	0	1.0
AF_outer	healthy_vs_degenerated_severe	DLX1	0.0	1.0	7	0	0	0	1.0
AF_outer	healthy_vs_degenerated_severe	BCLAF1	-0.125	0.04900475507499855	8	1	0	1	0.30356927922565474
AF_outer	healthy_vs_degenerated_severe	KDM5C	0.0	1.0	12	0	0	0	1.0
AF_outer	healthy_vs_degenerated_severe	AIP	0.0	1.0	5	0	0	0	1.0
AF_outer	healthy_vs_degenerated_severe	PTF1A	0.0	1.0	9	0	0	0	1.0
AF_outer	healthy_vs_degenerated_severe	FOSL2	0.0	1.0	34	0	0	0	1.0
AF_outer	healthy_vs_degenerated_severe	MED1	0.0	0.0028920421553983834	13	2	1	1	0.06326342214933964
AF_outer	healthy_vs_degenerated_severe	SON	0.0	1.0	5	0	0	0	1.0
AF_outer	healthy_vs_degenerated_severe	LYL1	0.0	1.0	12	0	0	0	1.0
AF_outer	healthy_vs_degenerated_severe	GLIS3	0.0	1.0	5	0	0	0	1.0
AF_outer	healthy_vs_degenerated_severe	HOXD1	0.0	1.0	5	0	0	0	1.0
AF_outer	healthy_vs_degenerated_severe	SALL4	0.0	1.0	18	0	0	0	1.0
AF_outer	healthy_vs_degenerated_severe	KDM5B	0.03225806451612903	0.17704128276325595	31	1	1	0	0.5764134787640891
AF_outer	healthy_vs_degenerated_severe	TADA2A	0.0	1.0	7	0	0	0	1.0
AF_outer	healthy_vs_degenerated_severe	ARID5B	0.0	1.0	8	0	0	0	1.0
AF_outer	healthy_vs_degenerated_severe	FEZF1	0.0	1.0	6	0	0	0	1.0
AF_outer	healthy_vs_degenerated_severe	SATB2	0.0	1.0	23	0	0	0	1.0
AF_outer	healthy_vs_degenerated_severe	NSD2	0.0	1.0	7	0	0	0	1.0
AF_outer	healthy_vs_degenerated_severe	PBRM1	0.0	1.0	8	0	0	0	1.0
AF_outer	healthy_vs_degenerated_severe	ZBTB4	0.0	1.0	12	0	0	0	1.0
AF_outer	healthy_vs_degenerated_severe	THAP11	0.0	1.0	6	0	0	0	1.0
AF_outer	healthy_vs_degenerated_severe	FOXJ1	0.0	1.0	14	0	0	0	1.0
AF_outer	healthy_vs_degenerated_severe	SHOX2	-0.2	0.03091294886416961	5	1	0	1	0.2609484391304457
AF_outer	healthy_vs_degenerated_severe	TOX3	0.0	1.0	6	0	0	0	1.0
AF_outer	healthy_vs_degenerated_severe	PPARGC1A	0.0	1.0	24	0	0	0	1.0
AF_outer	healthy_vs_degenerated_severe	SOX3	0.0	1.0	5	0	0	0	1.0
AF_outer	healthy_vs_degenerated_severe	BATF	0.0	1.0	12	0	0	0	1.0
AF_outer	healthy_vs_degenerated_severe	ARID3B	0.0	1.0	5	0	0	0	1.0
AF_outer	healthy_vs_degenerated_severe	ZNF300	0.0	1.0	7	0	0	0	1.0
AF_outer	healthy_vs_degenerated_severe	NUPR1	0.0	1.0	6	0	0	0	1.0
AF_outer	healthy_vs_degenerated_severe	CREB3L3	0.0	1.0	5	0	0	0	1.0
AF_outer	healthy_vs_degenerated_severe	ZNF331	0.058823529411764705	0.10129850326273881	17	1	1	0	0.40519401305095526
AF_outer	healthy_vs_degenerated_severe	RFX3	0.0	1.0	5	0	0	0	1.0
AF_outer	healthy_vs_degenerated_severe	ZNF382	0.0	1.0	11	0	0	0	1.0
AF_outer	healthy_vs_degenerated_severe	HOXD8	0.0	1.0	5	0	0	0	1.0
AF_outer	healthy_vs_degenerated_severe	LHX8	0.0	1.0	10	0	0	0	1.0
AF_outer	healthy_vs_degenerated_severe	GRHL2	0.0	1.0	6	0	0	0	1.0
AF_outer	healthy_vs_degenerated_severe	IRX1	0.0	1.0	16	0	0	0	1.0
AF_outer	healthy_vs_degenerated_severe	SOX11	0.0	1.0	11	0	0	0	1.0
AF_outer	healthy_vs_degenerated_severe	IRF6	0.0	1.0	14	0	0	0	1.0
AF_outer	healthy_vs_degenerated_severe	E2F7	0.0	1.0	6	0	0	0	1.0
AF_outer	healthy_vs_degenerated_severe	HEYL	0.0	1.0	5	0	0	0	1.0
AF_outer	healthy_vs_degenerated_severe	MECP2	-0.038461538461538464	0.15074472288177426	26	1	0	1	0.512239349598262
AF_outer	healthy_vs_degenerated_severe	VENTX	0.0	1.0	5	0	0	0	1.0
AF_outer	healthy_vs_degenerated_severe	MAML1	0.0	1.0	5	0	0	0	1.0
AF_outer	healthy_vs_degenerated_severe	DMAP1	0.0	1.0	5	0	0	0	1.0
AF_outer	healthy_vs_degenerated_severe	LMX1A	0.0	1.0	5	0	0	0	1.0
AF_outer	healthy_vs_degenerated_severe	DOT1L	-0.125	0.04900475507499855	8	1	0	1	0.30356927922565474
AF_outer	healthy_vs_degenerated_severe	ARID3A	0.0	1.0	6	0	0	0	1.0
AF_outer	healthy_vs_degenerated_severe	ARID1A	0.0	1.0	7	0	0	0	1.0
AF_outer	healthy_vs_degenerated_severe	ZBTB18	0.125	0.04900475507499855	8	1	1	0	0.30356927922565474
AF_outer	healthy_vs_degenerated_severe	ZNF804A	0.0	1.0	8	0	0	0	1.0
AF_outer	healthy_vs_degenerated_severe	TCF15	0.0	1.0	5	0	0	0	1.0
AF_outer	healthy_vs_degenerated_severe	NPM1	0.0	1.0	12	0	0	0	1.0
AF_outer	healthy_vs_degenerated_severe	SETBP1	0.0	1.0	5	0	0	0	1.0
AF_outer	healthy_vs_degenerated_severe	KDM2A	0.0	1.0	10	0	0	0	1.0
AF_outer	healthy_vs_degenerated_severe	MKX	0.0	1.0	6	0	0	0	1.0
AF_outer	healthy_vs_degenerated_severe	ZFX	0.0	1.0	5	0	0	0	1.0
AF_outer	healthy_vs_degenerated_severe	KLF17	0.0	1.0	5	0	0	0	1.0
AF_outer	healthy_vs_degenerated_severe	HOXA4	0.0	1.0	5	0	0	0	1.0
AF_outer	healthy_vs_degenerated_severe	HDAC3	-0.045454545454545456	0.12911014951261962	22	1	0	1	0.4587670287250443
AF_outer	healthy_vs_degenerated_severe	ASXL1	0.0	1.0	5	0	0	0	1.0
AF_outer	healthy_vs_degenerated_severe	BTG2	0.0	1.0	6	0	0	0	1.0
AF_outer	healthy_vs_degenerated_severe	CHD4	0.0	1.0	5	0	0	0	1.0
AF_outer	healthy_vs_degenerated_severe	CREB5	0.0	1.0	12	0	0	0	1.0
AF_outer	healthy_vs_degenerated_severe	CTBP1	0.1111111111111111	0.05496075576958309	9	1	1	0	0.31534859867793574
AF_outer	healthy_vs_degenerated_severe	DACH1	0.0	1.0	6	0	0	0	1.0
AF_outer	healthy_vs_degenerated_severe	HDAC1	0.014285714285714285	0.35631089133731914	70	1	1	0	0.9136176700956902
AF_outer	healthy_vs_degenerated_severe	HCFC1	0.0	1.0	7	0	0	0	1.0
AF_outer	healthy_vs_degenerated_severe	ETV7	0.1111111111111111	0.05496075576958309	9	1	1	0	0.31534859867793574
AF_outer	healthy_vs_degenerated_severe	FHL2	0.0	1.0	6	0	0	0	1.0
AF_outer	healthy_vs_degenerated_severe	HDAC4	0.0	1.0	21	0	0	0	1.0
AF_outer	healthy_vs_degenerated_severe	HDAC5	0.0	1.0	8	0	0	0	1.0
AF_outer	healthy_vs_degenerated_severe	HDAC7	0.0	1.0	12	0	0	0	1.0
AF_outer	healthy_vs_degenerated_severe	HDAC9	0.0	1.0	18	0	0	0	1.0
AF_outer	healthy_vs_degenerated_severe	ING4	0.0	1.0	14	0	0	0	1.0
AF_outer	healthy_vs_degenerated_severe	MYOCD	0.0	1.0	6	0	0	0	1.0
AF_outer	healthy_vs_degenerated_severe	PAWR	0.0	1.0	5	0	0	0	1.0
AF_outer	healthy_vs_degenerated_severe	SIN3A	0.1111111111111111	0.05496075576958309	9	1	1	0	0.31534859867793574
AF_outer	healthy_vs_degenerated_severe	SMARCA4	0.0	1.0	10	0	0	0	1.0
AF_outer	healthy_vs_degenerated_severe	SMARCB1	0.0	1.0	5	0	0	0	1.0
AF_outer	healthy_vs_degenerated_severe	TRIM28	0.0	1.0	5	0	0	0	1.0
AF_outer	healthy_vs_degenerated_severe	WWTR1	0.0	1.0	9	0	0	0	1.0
AF_outer	healthy_vs_degenerated_severe	PIN1	0.0	1.0	5	0	0	0	1.0
AF_outer	healthy_vs_degenerated_severe	FGF2	0.0	1.0	9	0	0	0	1.0
AF_outer	healthy_vs_degenerated_severe	PARK7	-0.125	0.04900475507499855	8	1	0	1	0.30356927922565474
AF_outer	healthy_vs_degenerated_severe	YAP1	0.0	1.0	9	0	0	0	1.0
AF_outer	healthy_vs_degenerated_severe	BCOR	0.0	1.0	7	0	0	0	1.0
AF_outer	healthy_vs_degenerated_severe	BRD4	0.1	0.060879836720726006	10	1	1	0	0.34367649761700164
AF_outer	healthy_vs_degenerated_severe	SRSF2	0.0	1.0	12	0	0	0	1.0
AF_outer	healthy_vs_degenerated_severe	ZMYND8	0.0	1.0	7	0	0	0	1.0
AF_outer	healthy_vs_degenerated_severe	ARID4B	0.0	1.0	12	0	0	0	1.0
AF_outer	healthy_vs_degenerated_severe	AP1	-0.00909090909090909	5.868474193878512e-07	440	14	5	9	0.00020539659678574793
AF_outer	healthy_vs_degenerated_severe	NFKB	-0.0125	2.09176680841706e-06	640	16	4	12	0.00048807892196398066
AF_outer	mild_vs_severe	MYC	0.001282051282051282	0.8738547135094257	780	1	1	0	1.0
AF_outer	mild_vs_severe	SPI1	-0.004	0.47898113854192875	250	1	0	1	1.0
AF_outer	mild_vs_severe	SMAD3	0.0	1.0	146	0	0	0	1.0
AF_outer	mild_vs_severe	SMAD4	0.0	1.0	109	0	0	0	1.0
AF_outer	mild_vs_severe	STAT5A	0.0	1.0	165	0	0	0	1.0
AF_outer	mild_vs_severe	STAT5B	0.0	1.0	83	0	0	0	1.0
AF_outer	mild_vs_severe	RELA	-0.0022988505747126436	0.6806159711364267	435	1	0	1	1.0
AF_outer	mild_vs_severe	WT1	0.0	1.0	126	0	0	0	1.0
AF_outer	mild_vs_severe	NR0B2	0.0	1.0	89	0	0	0	1.0
AF_outer	mild_vs_severe	SP1	0.0009541984732824427	0.5144834994059868	1048	3	2	1	1.0
AF_outer	mild_vs_severe	TP53	0.002364066193853428	0.6504539327450696	846	2	2	0	1.0
AF_outer	mild_vs_severe	ZBTB16	0.0	1.0	43	0	0	0	1.0
AF_outer	mild_vs_severe	ETV6	0.0	1.0	21	0	0	0	1.0
AF_outer	mild_vs_severe	RUNX1	0.0	1.0	151	0	0	0	1.0
AF_outer	mild_vs_severe	STAT1	0.0	1.0	246	0	0	0	1.0
AF_outer	mild_vs_severe	STAT3	0.0	1.0	346	0	0	0	1.0
AF_outer	mild_vs_severe	ETV4	0.0	1.0	55	0	0	0	1.0
AF_outer	mild_vs_severe	MTF1	0.0	1.0	29	0	0	0	1.0
AF_outer	mild_vs_severe	CREB1	0.0	1.0	354	0	0	0	1.0
AF_outer	mild_vs_severe	FOXA2	0.0	1.0	78	0	0	0	1.0
AF_outer	mild_vs_severe	NFATC2	0.0	1.0	59	0	0	0	1.0
AF_outer	mild_vs_severe	CEBPB	0.002849002849002849	0.6008460971270935	351	1	1	0	1.0
AF_outer	mild_vs_severe	FOS	0.0	1.0	252	0	0	0	1.0
AF_outer	mild_vs_severe	PLAG1	0.0	1.0	8	0	0	0	1.0
AF_outer	mild_vs_severe	E2F1	-0.003472222222222222	0.5285797549030553	288	1	0	1	1.0
AF_outer	mild_vs_severe	E2F3	0.0	1.0	66	0	0	0	1.0
AF_outer	mild_vs_severe	HBP1	0.0	1.0	38	0	0	0	1.0
AF_outer	mild_vs_severe	YY1	0.01020408163265306	0.09096939559739593	196	2	2	0	1.0
AF_outer	mild_vs_severe	ESR1	0.00196078431372549	0.7385420093863453	510	1	1	0	1.0
AF_outer	mild_vs_severe	JUN	-0.0020242914979757085	0.7271150952488648	494	1	0	1	1.0
AF_outer	mild_vs_severe	NR1I3	0.0	1.0	41	0	0	0	1.0
AF_outer	mild_vs_severe	CEBPG	0.0	1.0	144	0	0	0	1.0
AF_outer	mild_vs_severe	MAFK	0.0	1.0	19	0	0	0	1.0
AF_outer	mild_vs_severe	NFE2L3	0.0	1.0	6	0	0	0	1.0
AF_outer	mild_vs_severe	PHOX2A	0.0	1.0	8	0	0	0	1.0
AF_outer	mild_vs_severe	STAT4	0.0	1.0	20	0	0	0	1.0
AF_outer	mild_vs_severe	IRF1	0.0	1.0	126	0	0	0	1.0
AF_outer	mild_vs_severe	ATF2	0.0	1.0	97	0	0	0	1.0
AF_outer	mild_vs_severe	NR2C2	0.0	1.0	49	0	0	0	1.0
AF_outer	mild_vs_severe	IRF3	0.0	1.0	59	0	0	0	1.0
AF_outer	mild_vs_severe	TFAP2A	0.0	1.0	248	0	0	0	1.0
AF_outer	mild_vs_severe	HNF1A	0.0	1.0	73	0	0	0	1.0
AF_outer	mild_vs_severe	ETS1	0.0	1.0	170	0	0	0	1.0
AF_outer	mild_vs_severe	ARNT	0.0	1.0	58	0	0	0	1.0
AF_outer	mild_vs_severe	AHR	0.0	1.0	143	0	0	0	1.0
AF_outer	mild_vs_severe	PAX6	0.0	1.0	114	0	0	0	1.0
AF_outer	mild_vs_severe	NFYA	0.012195121951219513	0.1915827092438463	82	1	1	0	1.0
AF_outer	mild_vs_severe	ZNF148	0.0	1.0	23	0	0	0	1.0
AF_outer	mild_vs_severe	NFIC	0.0	1.0	63	0	0	0	1.0
AF_outer	mild_vs_severe	RBPJ	0.0	1.0	110	0	0	0	1.0
AF_outer	mild_vs_severe	HES1	0.0	1.0	71	0	0	0	1.0
AF_outer	mild_vs_severe	GATA4	0.0	1.0	90	0	0	0	1.0
AF_outer	mild_vs_severe	GATA6	0.0	1.0	57	0	0	0	1.0
AF_outer	mild_vs_severe	HNF4A	0.005319148936170213	0.3869367057226356	188	1	1	0	1.0
AF_outer	mild_vs_severe	RXRG	0.0	1.0	6	0	0	0	1.0
AF_outer	mild_vs_severe	RARA	0.0	1.0	142	0	0	0	1.0
AF_outer	mild_vs_severe	DBP	0.0	1.0	24	0	0	0	1.0
AF_outer	mild_vs_severe	HLF	0.0	1.0	13	0	0	0	1.0
AF_outer	mild_vs_severe	PPARG	0.0	1.0	292	0	0	0	1.0
AF_outer	mild_vs_severe	MAX	0.0	1.0	44	0	0	0	1.0
AF_outer	mild_vs_severe	USF2	0.011627906976744186	0.1999494532629919	86	1	1	0	1.0
AF_outer	mild_vs_severe	IRF2	0.0	1.0	47	0	0	0	1.0
AF_outer	mild_vs_severe	SP3	-0.0029154518950437317	0.5923063648017425	343	1	0	1	1.0
AF_outer	mild_vs_severe	AR	0.0	1.0	420	0	0	0	1.0
AF_outer	mild_vs_severe	CUX1	0.0	1.0	91	0	0	0	1.0
AF_outer	mild_vs_severe	ATF1	0.0	1.0	69	0	0	0	1.0
AF_outer	mild_vs_severe	KAT7	0.0	1.0	64	0	0	0	1.0
AF_outer	mild_vs_severe	CREBZF	0.0	1.0	12	0	0	0	1.0
AF_outer	mild_vs_severe	GLI3	0.0	1.0	35	0	0	0	1.0
AF_outer	mild_vs_severe	NKX2-5	0.0	1.0	52	0	0	0	1.0
AF_outer	mild_vs_severe	TGFB1I1	0.0	1.0	12	0	0	0	1.0
AF_outer	mild_vs_severe	RARB	0.0	1.0	45	0	0	0	1.0
AF_outer	mild_vs_severe	RARG	0.0	1.0	33	0	0	0	1.0
AF_outer	mild_vs_severe	TEAD1	0.0	1.0	16	0	0	0	1.0
AF_outer	mild_vs_severe	PPARA	0.0	1.0	208	0	0	0	1.0
AF_outer	mild_vs_severe	ESR2	0.0058823529411764705	0.3573663812499802	170	1	1	0	1.0
AF_outer	mild_vs_severe	NR3C1	0.0	1.0	215	0	0	0	1.0
AF_outer	mild_vs_severe	PGR	0.0	1.0	111	0	0	0	1.0
AF_outer	mild_vs_severe	NRG1	0.0	1.0	30	0	0	0	1.0
AF_outer	mild_vs_severe	TBP	0.008	0.2772242044314037	125	1	1	0	1.0
AF_outer	mild_vs_severe	REL	0.0	1.0	81	0	0	0	1.0
AF_outer	mild_vs_severe	ISL1	0.0	1.0	23	0	0	0	1.0
AF_outer	mild_vs_severe	ZBTB14	0.0	1.0	6	0	0	0	1.0
AF_outer	mild_vs_severe	MYB	0.007042253521126761	0.3085840665587367	142	1	1	0	1.0
AF_outer	mild_vs_severe	PITX1	0.0	1.0	26	0	0	0	1.0
AF_outer	mild_vs_severe	EGR1	0.0	1.0	303	0	0	0	1.0
AF_outer	mild_vs_severe	MYOD1	0.0	1.0	112	0	0	0	1.0
AF_outer	mild_vs_severe	ETS2	0.0	1.0	86	0	0	0	1.0
AF_outer	mild_vs_severe	GTF2I	0.0	1.0	20	0	0	0	1.0
AF_outer	mild_vs_severe	NR2F1	0.0	1.0	43	0	0	0	1.0
AF_outer	mild_vs_severe	ENO1	0.0	1.0	15	0	0	0	1.0
AF_outer	mild_vs_severe	JDP2	0.0	1.0	31	0	0	0	1.0
AF_outer	mild_vs_severe	MAZ	0.0	1.0	30	0	0	0	1.0
AF_outer	mild_vs_severe	NR4A1	0.0	1.0	79	0	0	0	1.0
AF_outer	mild_vs_severe	HMGA1	0.0	1.0	54	0	0	0	1.0
AF_outer	mild_vs_severe	NFKB1	-0.0030303030303030303	0.5780479676720245	330	1	0	1	1.0
AF_outer	mild_vs_severe	USF1	0.005952380952380952	0.35399618875505773	168	1	1	0	1.0
AF_outer	mild_vs_severe	DDIT3	0.0	1.0	84	0	0	0	1.0
AF_outer	mild_vs_severe	ATF4	0.0	1.0	109	0	0	0	1.0
AF_outer	mild_vs_severe	ATF3	-0.010869565217391304	0.2123414873519373	92	1	0	1	1.0
AF_outer	mild_vs_severe	TAF1	0.0	1.0	38	0	0	0	1.0
AF_outer	mild_vs_severe	RUNX2	0.0	1.0	99	0	0	0	1.0
AF_outer	mild_vs_severe	TFAP2B	0.0	1.0	18	0	0	0	1.0
AF_outer	mild_vs_severe	CREM	0.0	1.0	60	0	0	0	1.0
AF_outer	mild_vs_severe	IRF8	0.0	1.0	49	0	0	0	1.0
AF_outer	mild_vs_severe	ETV5	0.0	1.0	16	0	0	0	1.0
AF_outer	mild_vs_severe	DMTF1	0.0	1.0	16	0	0	0	1.0
AF_outer	mild_vs_severe	NR5A1	0.0	1.0	71	0	0	0	1.0
AF_outer	mild_vs_severe	NEUROD2	0.0	1.0	9	0	0	0	1.0
AF_outer	mild_vs_severe	NEUROD1	0.0	1.0	45	0	0	0	1.0
AF_outer	mild_vs_severe	HHEX	0.0	1.0	22	0	0	0	1.0
AF_outer	mild_vs_severe	FOXO3	0.0	1.0	174	0	0	0	1.0
AF_outer	mild_vs_severe	MBD1	0.0	1.0	15	0	0	0	1.0
AF_outer	mild_vs_severe	CEBPD	0.0	1.0	69	0	0	0	1.0
AF_outer	mild_vs_severe	ELK1	0.0	1.0	51	0	0	0	1.0
AF_outer	mild_vs_severe	FLI1	0.0	1.0	75	0	0	0	1.0
AF_outer	mild_vs_severe	ELK4	0.0	1.0	6	0	0	0	1.0
AF_outer	mild_vs_severe	PREB	0.0	1.0	13	0	0	0	1.0
AF_outer	mild_vs_severe	POU1F1	0.0	1.0	39	0	0	0	1.0
AF_outer	mild_vs_severe	PAX5	0.0	1.0	48	0	0	0	1.0
AF_outer	mild_vs_severe	CEBPA	0.0	1.0	165	0	0	0	1.0
AF_outer	mild_vs_severe	LITAF	0.0	1.0	23	0	0	0	1.0
AF_outer	mild_vs_severe	STAT6	0.0	1.0	87	0	0	0	1.0
AF_outer	mild_vs_severe	HIF1A	0.0026246719160104987	0.6313441204362552	381	1	1	0	1.0
AF_outer	mild_vs_severe	TP73	0.0	1.0	110	0	0	0	1.0
AF_outer	mild_vs_severe	KLF11	0.0	1.0	17	0	0	0	1.0
AF_outer	mild_vs_severe	TCF4	0.0	1.0	46	0	0	0	1.0
AF_outer	mild_vs_severe	HIVEP2	0.0	1.0	11	0	0	0	1.0
AF_outer	mild_vs_severe	E2F4	0.0	1.0	160	0	0	0	1.0
AF_outer	mild_vs_severe	GATA5	0.0	1.0	17	0	0	0	1.0
AF_outer	mild_vs_severe	SRF	0.0	1.0	81	0	0	0	1.0
AF_outer	mild_vs_severe	ELF1	0.0	1.0	61	0	0	0	1.0
AF_outer	mild_vs_severe	GATA3	0.0	1.0	143	0	0	0	1.0
AF_outer	mild_vs_severe	MSX1	0.0	1.0	19	0	0	0	1.0
AF_outer	mild_vs_severe	OTX2	0.0	1.0	27	0	0	0	1.0
AF_outer	mild_vs_severe	LHX2	0.0	1.0	24	0	0	0	1.0
AF_outer	mild_vs_severe	GABPA	0.0	1.0	30	0	0	0	1.0
AF_outer	mild_vs_severe	HSF2	0.0	1.0	23	0	0	0	1.0
AF_outer	mild_vs_severe	VDR	0.0	1.0	109	0	0	0	1.0
AF_outer	mild_vs_severe	HOXC8	0.0	1.0	14	0	0	0	1.0
AF_outer	mild_vs_severe	HR	0.0	1.0	68	0	0	0	1.0
AF_outer	mild_vs_severe	RELB	0.0	1.0	40	0	0	0	1.0
AF_outer	mild_vs_severe	CEBPE	0.0	1.0	21	0	0	0	1.0
AF_outer	mild_vs_severe	NR0B1	0.0	1.0	37	0	0	0	1.0
AF_outer	mild_vs_severe	LEF1	0.0	1.0	84	0	0	0	1.0
AF_outer	mild_vs_severe	ID1	0.0	1.0	63	0	0	0	1.0
AF_outer	mild_vs_severe	ZNF143	0.0	1.0	26	0	0	0	1.0
AF_outer	mild_vs_severe	SOX9	0.0	1.0	76	0	0	0	1.0
AF_outer	mild_vs_severe	YBX1	0.0	1.0	81	0	0	0	1.0
AF_outer	mild_vs_severe	HSF1	0.0	1.0	82	0	0	0	1.0
AF_outer	mild_vs_severe	FOXE1	0.0	1.0	5	0	0	0	1.0
AF_outer	mild_vs_severe	POU4F1	0.0	1.0	21	0	0	0	1.0
AF_outer	mild_vs_severe	NOTO	0.0	1.0	5	0	0	0	1.0
AF_outer	mild_vs_severe	HNF1B	0.0	1.0	37	0	0	0	1.0
AF_outer	mild_vs_severe	PAX3	0.0	1.0	84	0	0	0	1.0
AF_outer	mild_vs_severe	ID2	0.0	1.0	55	0	0	0	1.0
AF_outer	mild_vs_severe	MEF2A	0.0	1.0	83	0	0	0	1.0
AF_outer	mild_vs_severe	PDX1	0.017543859649122806	0.13732433378712156	57	1	1	0	1.0
AF_outer	mild_vs_severe	NR2F2	0.0	1.0	53	0	0	0	1.0
AF_outer	mild_vs_severe	NR1H4	0.010638297872340425	0.21643042506767252	94	1	1	0	1.0
AF_outer	mild_vs_severe	ASCL1	0.0	1.0	50	0	0	0	1.0
AF_outer	mild_vs_severe	RFX1	0.0	1.0	19	0	0	0	1.0
AF_outer	mild_vs_severe	CRX	0.0	1.0	21	0	0	0	1.0
AF_outer	mild_vs_severe	NRL	0.0	1.0	15	0	0	0	1.0
AF_outer	mild_vs_severe	UBTF	0.0	1.0	9	0	0	0	1.0
AF_outer	mild_vs_severe	MYBL2	0.0	1.0	47	0	0	0	1.0
AF_outer	mild_vs_severe	ELF2	0.0	1.0	8	0	0	0	1.0
AF_outer	mild_vs_severe	JUND	0.0	1.0	79	0	0	0	1.0
AF_outer	mild_vs_severe	TP63	0.0	1.0	173	0	0	0	1.0
AF_outer	mild_vs_severe	NFKBIB	0.0	1.0	16	0	0	0	1.0
AF_outer	mild_vs_severe	HOXC6	0.0	1.0	11	0	0	0	1.0
AF_outer	mild_vs_severe	FOXO1	0.0	1.0	228	0	0	0	1.0
AF_outer	mild_vs_severe	PITX2	0.0	1.0	99	0	0	0	1.0
AF_outer	mild_vs_severe	NR5A2	0.0	1.0	43	0	0	0	1.0
AF_outer	mild_vs_severe	POU2F1	0.0	1.0	80	0	0	0	1.0
AF_outer	mild_vs_severe	XBP1	0.0	1.0	47	0	0	0	1.0
AF_outer	mild_vs_severe	SREBF1	0.0	1.0	107	0	0	0	1.0
AF_outer	mild_vs_severe	TCF3	0.0	1.0	90	0	0	0	1.0
AF_outer	mild_vs_severe	LRRFIP1	0.0	1.0	12	0	0	0	1.0
AF_outer	mild_vs_severe	TCF12	0.0	1.0	38	0	0	0	1.0
AF_outer	mild_vs_severe	E4F1	0.0	1.0	10	0	0	0	1.0
AF_outer	mild_vs_severe	HOXB1	0.0	1.0	6	0	0	0	1.0
AF_outer	mild_vs_severe	BRCA1	0.0	1.0	56	0	0	0	1.0
AF_outer	mild_vs_severe	ZNF362	0.0	1.0	14	0	0	0	1.0
AF_outer	mild_vs_severe	NRF1	0.0	1.0	79	0	0	0	1.0
AF_outer	mild_vs_severe	GATA1	0.0	1.0	98	0	0	0	1.0
AF_outer	mild_vs_severe	MYCN	0.0	1.0	120	0	0	0	1.0
AF_outer	mild_vs_severe	PKNOX1	0.0	1.0	12	0	0	0	1.0
AF_outer	mild_vs_severe	NR4A3	0.0	1.0	31	0	0	0	1.0
AF_outer	mild_vs_severe	SSRP1	0.0	1.0	108	0	0	0	1.0
AF_outer	mild_vs_severe	ZNF91	0.02857142857142857	0.08665212090377113	35	1	1	0	1.0
AF_outer	mild_vs_severe	NR2C1	0.0	1.0	14	0	0	0	1.0
AF_outer	mild_vs_severe	ID3	0.0	1.0	31	0	0	0	1.0
AF_outer	mild_vs_severe	ERF	0.0	1.0	15	0	0	0	1.0
AF_outer	mild_vs_severe	ZNF354C	0.0	1.0	21	0	0	0	1.0
AF_outer	mild_vs_severe	HMGA2	0.0	1.0	36	0	0	0	1.0
AF_outer	mild_vs_severe	POU2F2	0.0	1.0	29	0	0	0	1.0
AF_outer	mild_vs_severe	PHOX2B	0.0	1.0	11	0	0	0	1.0
AF_outer	mild_vs_severe	SREBF2	0.017857142857142856	0.13508172465938298	56	1	1	0	1.0
AF_outer	mild_vs_severe	ELF4	0.0	1.0	35	0	0	0	1.0
AF_outer	mild_vs_severe	TTF1	0.022222222222222223	0.11003479140711092	45	1	1	0	1.0
AF_outer	mild_vs_severe	DLX4	0.0	1.0	33	0	0	0	1.0
AF_outer	mild_vs_severe	NR1I2	0.0	1.0	175	0	0	0	1.0
AF_outer	mild_vs_severe	NR1H3	0.0	1.0	100	0	0	0	1.0
AF_outer	mild_vs_severe	MITF	0.0	1.0	87	0	0	0	1.0
AF_outer	mild_vs_severe	NCOA1	0.0	1.0	65	0	0	0	1.0
AF_outer	mild_vs_severe	NCOR1	0.0	1.0	68	0	0	0	1.0
AF_outer	mild_vs_severe	FOSL1	0.0	1.0	44	0	0	0	1.0
AF_outer	mild_vs_severe	JUNB	0.0	1.0	80	0	0	0	1.0
AF_outer	mild_vs_severe	MTF2	0.0	1.0	6	0	0	0	1.0
AF_outer	mild_vs_severe	DNMT1	0.006711409395973154	0.3211077586371343	149	1	1	0	1.0
AF_outer	mild_vs_severe	KLF5	0.0	1.0	67	0	0	0	1.0
AF_outer	mild_vs_severe	NR3C2	0.0	1.0	42	0	0	0	1.0
AF_outer	mild_vs_severe	MYRF	0.0	1.0	7	0	0	0	1.0
AF_outer	mild_vs_severe	EBF1	0.0	1.0	24	0	0	0	1.0
AF_outer	mild_vs_severe	CREBBP	0.0	1.0	31	0	0	0	1.0
AF_outer	mild_vs_severe	ZFPM1	0.0	1.0	12	0	0	0	1.0
AF_outer	mild_vs_severe	APEX1	0.0	1.0	34	0	0	0	1.0
AF_outer	mild_vs_severe	TEAD2	0.0	1.0	5	0	0	0	1.0
AF_outer	mild_vs_severe	TFAM	0.0	1.0	12	0	0	0	1.0
AF_outer	mild_vs_severe	IRF4	0.0	1.0	41	0	0	0	1.0
AF_outer	mild_vs_severe	ZBED1	0.05263157894736842	0.04798857186819323	19	1	1	0	1.0
AF_outer	mild_vs_severe	NCOA2	0.0	1.0	52	0	0	0	1.0
AF_outer	mild_vs_severe	FOXA1	0.0	1.0	45	0	0	0	1.0
AF_outer	mild_vs_severe	NR4A2	0.0	1.0	45	0	0	0	1.0
AF_outer	mild_vs_severe	KLF1	0.0	1.0	21	0	0	0	1.0
AF_outer	mild_vs_severe	LHX3	0.0	1.0	7	0	0	0	1.0
AF_outer	mild_vs_severe	CTCF	0.00847457627118644	0.26391203017727766	118	1	1	0	1.0
AF_outer	mild_vs_severe	BCL6	0.0	1.0	77	0	0	0	1.0
AF_outer	mild_vs_severe	RB1	-0.03125	0.07952126515568227	32	1	0	1	1.0
AF_outer	mild_vs_severe	TFCP2	0.0	1.0	57	0	0	0	1.0
AF_outer	mild_vs_severe	REST	0.0	1.0	41	0	0	0	1.0
AF_outer	mild_vs_severe	ESRRA	0.025	0.09841736222448366	40	1	1	0	1.0
AF_outer	mild_vs_severe	HOXD3	0.0	1.0	9	0	0	0	1.0
AF_outer	mild_vs_severe	IRF9	0.0	1.0	17	0	0	0	1.0
AF_outer	mild_vs_severe	TFE3	0.0	1.0	33	0	0	0	1.0
AF_outer	mild_vs_severe	ZNF236	0.0	1.0	7	0	0	0	1.0
AF_outer	mild_vs_severe	TFAP2C	0.0	1.0	24	0	0	0	1.0
AF_outer	mild_vs_severe	PAX8	0.0	1.0	23	0	0	0	1.0
AF_outer	mild_vs_severe	NKX2-1	0.0	1.0	43	0	0	0	1.0
AF_outer	mild_vs_severe	PBX1	0.0	1.0	43	0	0	0	1.0
AF_outer	mild_vs_severe	SP4	0.0	1.0	41	0	0	0	1.0
AF_outer	mild_vs_severe	CIITA	0.0	1.0	26	0	0	0	1.0
AF_outer	mild_vs_severe	CDX2	0.0	1.0	44	0	0	0	1.0
AF_outer	mild_vs_severe	ELF3	0.0	1.0	22	0	0	0	1.0
AF_outer	mild_vs_severe	ELF5	0.0	1.0	7	0	0	0	1.0
AF_outer	mild_vs_severe	ZEB1	0.0	1.0	47	0	0	0	1.0
AF_outer	mild_vs_severe	EGR3	-0.041666666666666664	0.060239231278246395	24	1	0	1	1.0
AF_outer	mild_vs_severe	EWSR1	0.0	1.0	51	0	0	0	1.0
AF_outer	mild_vs_severe	NAB2	0.0	1.0	6	0	0	0	1.0
AF_outer	mild_vs_severe	DEAF1	0.0	1.0	11	0	0	0	1.0
AF_outer	mild_vs_severe	TBPL1	0.034482758620689655	0.07233613851254017	29	1	1	0	1.0
AF_outer	mild_vs_severe	MEF2C	0.0	1.0	55	0	0	0	1.0
AF_outer	mild_vs_severe	POU4F2	0.0	1.0	23	0	0	0	1.0
AF_outer	mild_vs_severe	TAL1	0.0	1.0	79	0	0	0	1.0
AF_outer	mild_vs_severe	EPAS1	0.0	1.0	80	0	0	0	1.0
AF_outer	mild_vs_severe	SMARCA1	0.0	1.0	41	0	0	0	1.0
AF_outer	mild_vs_severe	NFATC4	0.0	1.0	32	0	0	0	1.0
AF_outer	mild_vs_severe	FOXM1	0.0	1.0	81	0	0	0	1.0
AF_outer	mild_vs_severe	MYF5	0.0	1.0	17	0	0	0	1.0
AF_outer	mild_vs_severe	MYOG	0.0	1.0	42	0	0	0	1.0
AF_outer	mild_vs_severe	SMAD7	0.0	1.0	55	0	0	0	1.0
AF_outer	mild_vs_severe	SOX10	0.0	1.0	25	0	0	0	1.0
AF_outer	mild_vs_severe	POU3F1	0.0	1.0	14	0	0	0	1.0
AF_outer	mild_vs_severe	NKRF	0.0	1.0	8	0	0	0	1.0
AF_outer	mild_vs_severe	ATF6	0.0	1.0	47	0	0	0	1.0
AF_outer	mild_vs_severe	HOPX	0.0	1.0	5	0	0	0	1.0
AF_outer	mild_vs_severe	NKX6-1	0.0	1.0	8	0	0	0	1.0
AF_outer	mild_vs_severe	ERG	0.0	1.0	45	0	0	0	1.0
AF_outer	mild_vs_severe	PITX3	0.0	1.0	19	0	0	0	1.0
AF_outer	mild_vs_severe	HOXB2	0.0	1.0	6	0	0	0	1.0
AF_outer	mild_vs_severe	SATB1	0.0	1.0	39	0	0	0	1.0
AF_outer	mild_vs_severe	NFKB2	0.0	1.0	51	0	0	0	1.0
AF_outer	mild_vs_severe	RORA	0.0	1.0	55	0	0	0	1.0
AF_outer	mild_vs_severe	PROX1	0.0	1.0	25	0	0	0	1.0
AF_outer	mild_vs_severe	KLF3	0.0	1.0	9	0	0	0	1.0
AF_outer	mild_vs_severe	PEG3	0.0	1.0	7	0	0	0	1.0
AF_outer	mild_vs_severe	NR2E3	0.0	1.0	10	0	0	0	1.0
AF_outer	mild_vs_severe	NCOR2	0.0	1.0	52	0	0	0	1.0
AF_outer	mild_vs_severe	NCOA3	0.0	1.0	67	0	0	0	1.0
AF_outer	mild_vs_severe	ZFHX3	0.0	1.0	8	0	0	0	1.0
AF_outer	mild_vs_severe	SMAD1	0.0	1.0	60	0	0	0	1.0
AF_outer	mild_vs_severe	SPDEF	0.0	1.0	13	0	0	0	1.0
AF_outer	mild_vs_severe	PAX2	0.0	1.0	17	0	0	0	1.0
AF_outer	mild_vs_severe	KLF13	0.0	1.0	14	0	0	0	1.0
AF_outer	mild_vs_severe	GTF2IRD1	0.0	1.0	6	0	0	0	1.0
AF_outer	mild_vs_severe	MAFB	0.0	1.0	31	0	0	0	1.0
AF_outer	mild_vs_severe	NR2F6	0.0	1.0	7	0	0	0	1.0
AF_outer	mild_vs_severe	ELK3	0.0	1.0	21	0	0	0	1.0
AF_outer	mild_vs_severe	KLF6	0.0	1.0	48	0	0	0	1.0
AF_outer	mild_vs_severe	SNAI1	0.0	1.0	87	0	0	0	1.0
AF_outer	mild_vs_severe	HESX1	0.0	1.0	17	0	0	0	1.0
AF_outer	mild_vs_severe	BACH2	0.0	1.0	6	0	0	0	1.0
AF_outer	mild_vs_severe	PATZ1	0.0	1.0	9	0	0	0	1.0
AF_outer	mild_vs_severe	ZHX2	0.0	1.0	11	0	0	0	1.0
AF_outer	mild_vs_severe	ONECUT1	0.0	1.0	22	0	0	0	1.0
AF_outer	mild_vs_severe	RXRA	0.0	1.0	76	0	0	0	1.0
AF_outer	mild_vs_severe	NR1H2	0.0	1.0	37	0	0	0	1.0
AF_outer	mild_vs_severe	KAT5	0.0	1.0	46	0	0	0	1.0
AF_outer	mild_vs_severe	GBX2	0.0	1.0	6	0	0	0	1.0
AF_outer	mild_vs_severe	YBX3	0.0	1.0	23	0	0	0	1.0
AF_outer	mild_vs_severe	SMAD6	0.0	1.0	23	0	0	0	1.0
AF_outer	mild_vs_severe	MYBL1	0.0	1.0	11	0	0	0	1.0
AF_outer	mild_vs_severe	CDX1	0.0	1.0	25	0	0	0	1.0
AF_outer	mild_vs_severe	TFDP1	0.0	1.0	31	0	0	0	1.0
AF_outer	mild_vs_severe	KLF12	0.0	1.0	9	0	0	0	1.0
AF_outer	mild_vs_severe	KMT2A	0.0	1.0	66	0	0	0	1.0
AF_outer	mild_vs_severe	GATA2	0.0	1.0	66	0	0	0	1.0
AF_outer	mild_vs_severe	PRDM1	0.0	1.0	44	0	0	0	1.0
AF_outer	mild_vs_severe	MXD1	0.0	1.0	21	0	0	0	1.0
AF_outer	mild_vs_severe	CLOCK	0.0	1.0	56	0	0	0	1.0
AF_outer	mild_vs_severe	BHLHE40	0.0	1.0	31	0	0	0	1.0
AF_outer	mild_vs_severe	SRY	0.0	1.0	34	0	0	0	1.0
AF_outer	mild_vs_severe	MAF	0.0	1.0	41	0	0	0	1.0
AF_outer	mild_vs_severe	AIRE	0.0	1.0	12	0	0	0	1.0
AF_outer	mild_vs_severe	ZGPAT	0.0	1.0	9	0	0	0	1.0
AF_outer	mild_vs_severe	ETV1	0.0	1.0	19	0	0	0	1.0
AF_outer	mild_vs_severe	KLF4	0.0	1.0	104	0	0	0	1.0
AF_outer	mild_vs_severe	EGR2	0.0	1.0	56	0	0	0	1.0
AF_outer	mild_vs_severe	SIX4	0.0	1.0	5	0	0	0	1.0
AF_outer	mild_vs_severe	NEUROG3	0.0	1.0	18	0	0	0	1.0
AF_outer	mild_vs_severe	CXXC1	0.0	1.0	19	0	0	0	1.0
AF_outer	mild_vs_severe	TBX21	0.0	1.0	33	0	0	0	1.0
AF_outer	mild_vs_severe	HOXA10	0.0	1.0	44	0	0	0	1.0
AF_outer	mild_vs_severe	LMX1B	0.0	1.0	16	0	0	0	1.0
AF_outer	mild_vs_severe	TBX2	0.0	1.0	26	0	0	0	1.0
AF_outer	mild_vs_severe	ZNF699	0.0	1.0	39	0	0	0	1.0
AF_outer	mild_vs_severe	RFX5	0.0	1.0	18	0	0	0	1.0
AF_outer	mild_vs_severe	RFXANK	0.0	1.0	13	0	0	0	1.0
AF_outer	mild_vs_severe	RFXAP	0.0	1.0	12	0	0	0	1.0
AF_outer	mild_vs_severe	BARX2	0.0	1.0	12	0	0	0	1.0
AF_outer	mild_vs_severe	FOXO4	0.0	1.0	25	0	0	0	1.0
AF_outer	mild_vs_severe	DLX5	0.0	1.0	32	0	0	0	1.0
AF_outer	mild_vs_severe	ID4	0.0	1.0	12	0	0	0	1.0
AF_outer	mild_vs_severe	SPIB	0.0	1.0	12	0	0	0	1.0
AF_outer	mild_vs_severe	FOXN1	0.0	1.0	39	0	0	0	1.0
AF_outer	mild_vs_severe	TBX5	0.0	1.0	19	0	0	0	1.0
AF_outer	mild_vs_severe	TLX1	0.0	1.0	8	0	0	0	1.0
AF_outer	mild_vs_severe	HIVEP1	0.0	1.0	8	0	0	0	1.0
AF_outer	mild_vs_severe	SMAD2	0.0	1.0	84	0	0	0	1.0
AF_outer	mild_vs_severe	NKX3-1	0.0	1.0	62	0	0	0	1.0
AF_outer	mild_vs_severe	HAND1	0.0	1.0	10	0	0	0	1.0
AF_outer	mild_vs_severe	HAND2	0.0	1.0	28	0	0	0	1.0
AF_outer	mild_vs_severe	PAX7	0.0	1.0	11	0	0	0	1.0
AF_outer	mild_vs_severe	SFPQ	0.0	1.0	26	0	0	0	1.0
AF_outer	mild_vs_severe	BMAL1	0.0	1.0	48	0	0	0	1.0
AF_outer	mild_vs_severe	SKIL	0.0	1.0	19	0	0	0	1.0
AF_outer	mild_vs_severe	TBXT	0.0	1.0	11	0	0	0	1.0
AF_outer	mild_vs_severe	MSX2	0.0	1.0	35	0	0	0	1.0
AF_outer	mild_vs_severe	MZF1	0.0	1.0	18	0	0	0	1.0
AF_outer	mild_vs_severe	HOXA5	0.0	1.0	14	0	0	0	1.0
AF_outer	mild_vs_severe	HOXB4	0.0	1.0	10	0	0	0	1.0
AF_outer	mild_vs_severe	CREB3	0.0	1.0	10	0	0	0	1.0
AF_outer	mild_vs_severe	NFE2	0.0	1.0	14	0	0	0	1.0
AF_outer	mild_vs_severe	ZNF76	0.0	1.0	7	0	0	0	1.0
AF_outer	mild_vs_severe	FOXQ1	0.0	1.0	15	0	0	0	1.0
AF_outer	mild_vs_severe	ZGLP1	0.0	1.0	14	0	0	0	1.0
AF_outer	mild_vs_severe	NFYB	0.0	1.0	35	0	0	0	1.0
AF_outer	mild_vs_severe	ETV3	0.0	1.0	11	0	0	0	1.0
AF_outer	mild_vs_severe	GSC	0.0	1.0	9	0	0	0	1.0
AF_outer	mild_vs_severe	IRF7	0.0	1.0	14	0	0	0	1.0
AF_outer	mild_vs_severe	NFATC3	0.0	1.0	24	0	0	0	1.0
AF_outer	mild_vs_severe	KDM5A	0.0	1.0	15	0	0	0	1.0
AF_outer	mild_vs_severe	GRHL3	0.0	1.0	23	0	0	0	1.0
AF_outer	mild_vs_severe	THRA	0.016666666666666666	0.1440181984325578	60	1	1	0	1.0
AF_outer	mild_vs_severe	SOX17	0.0	1.0	38	0	0	0	1.0
AF_outer	mild_vs_severe	ZIC2	0.0	1.0	6	0	0	0	1.0
AF_outer	mild_vs_severe	TBX15	0.0	1.0	27	0	0	0	1.0
AF_outer	mild_vs_severe	NFAT5	0.0	1.0	42	0	0	0	1.0
AF_outer	mild_vs_severe	MEF2B	0.0	1.0	5	0	0	0	1.0
AF_outer	mild_vs_severe	BMAL2	0.0	1.0	7	0	0	0	1.0
AF_outer	mild_vs_severe	NFE2L2	0.0	1.0	171	0	0	0	1.0
AF_outer	mild_vs_severe	ZIC1	0.0	1.0	11	0	0	0	1.0
AF_outer	mild_vs_severe	MEIS1	0.0	1.0	16	0	0	0	1.0
AF_outer	mild_vs_severe	HOXA9	0.0	1.0	34	0	0	0	1.0
AF_outer	mild_vs_severe	MAFA	0.0	1.0	12	0	0	0	1.0
AF_outer	mild_vs_severe	NR1D1	0.0	1.0	21	0	0	0	1.0
AF_outer	mild_vs_severe	MYF6	0.0	1.0	8	0	0	0	1.0
AF_outer	mild_vs_severe	ZNF263	0.0	1.0	9	0	0	0	1.0
AF_outer	mild_vs_severe	NFIA	0.0	1.0	43	0	0	0	1.0
AF_outer	mild_vs_severe	HEY2	0.0	1.0	15	0	0	0	1.0
AF_outer	mild_vs_severe	HOXB7	0.0	1.0	18	0	0	0	1.0
AF_outer	mild_vs_severe	ZNF350	0.0	1.0	9	0	0	0	1.0
AF_outer	mild_vs_severe	BCL11A	0.0	1.0	9	0	0	0	1.0
AF_outer	mild_vs_severe	TWIST1	0.0	1.0	68	0	0	0	1.0
AF_outer	mild_vs_severe	ZNF395	0.0	1.0	5	0	0	0	1.0
AF_outer	mild_vs_severe	TFDP2	0.0	1.0	6	0	0	0	1.0
AF_outer	mild_vs_severe	GTF3A	0.0	1.0	20	0	0	0	1.0
AF_outer	mild_vs_severe	KLF10	-0.041666666666666664	0.060239231278246395	24	1	0	1	1.0
AF_outer	mild_vs_severe	KLF2	0.0	1.0	47	0	0	0	1.0
AF_outer	mild_vs_severe	PHF20	0.0	1.0	9	0	0	0	1.0
AF_outer	mild_vs_severe	TGIF1	0.0	1.0	9	0	0	0	1.0
AF_outer	mild_vs_severe	FOXG1	0.0	1.0	16	0	0	0	1.0
AF_outer	mild_vs_severe	SF1	0.0	1.0	8	0	0	0	1.0
AF_outer	mild_vs_severe	MBD2	0.013157894736842105	0.17887241432950446	76	1	1	0	1.0
AF_outer	mild_vs_severe	FOXF2	0.0	1.0	11	0	0	0	1.0
AF_outer	mild_vs_severe	ZBTB32	0.0	1.0	5	0	0	0	1.0
AF_outer	mild_vs_severe	HEY1	0.0	1.0	26	0	0	0	1.0
AF_outer	mild_vs_severe	ZBTB17	0.0	1.0	39	0	0	0	1.0
AF_outer	mild_vs_severe	IRF5	0.0	1.0	19	0	0	0	1.0
AF_outer	mild_vs_severe	THRB	0.0	1.0	43	0	0	0	1.0
AF_outer	mild_vs_severe	POU3F2	0.0	1.0	21	0	0	0	1.0
AF_outer	mild_vs_severe	FOXI1	0.0	1.0	7	0	0	0	1.0
AF_outer	mild_vs_severe	KCNIP3	0.0	1.0	12	0	0	0	1.0
AF_outer	mild_vs_severe	FOSB	0.0	1.0	31	0	0	0	1.0
AF_outer	mild_vs_severe	NFE2L1	0.0	1.0	9	0	0	0	1.0
AF_outer	mild_vs_severe	TRERF1	0.0	1.0	11	0	0	0	1.0
AF_outer	mild_vs_severe	FOXP1	0.0	1.0	17	0	0	0	1.0
AF_outer	mild_vs_severe	FOXP2	0.0	1.0	6	0	0	0	1.0
AF_outer	mild_vs_severe	BARX1	0.0	1.0	8	0	0	0	1.0
AF_outer	mild_vs_severe	ZFPM2	0.0	1.0	8	0	0	0	1.0
AF_outer	mild_vs_severe	IKZF1	0.0	1.0	31	0	0	0	1.0
AF_outer	mild_vs_severe	BCL3	0.0	1.0	22	0	0	0	1.0
AF_outer	mild_vs_severe	SP2	0.0	1.0	19	0	0	0	1.0
AF_outer	mild_vs_severe	SIM2	0.0	1.0	9	0	0	0	1.0
AF_outer	mild_vs_severe	NFATC1	0.0	1.0	86	0	0	0	1.0
AF_outer	mild_vs_severe	POU2F3	0.0	1.0	6	0	0	0	1.0
AF_outer	mild_vs_severe	HOXA7	0.0	1.0	12	0	0	0	1.0
AF_outer	mild_vs_severe	NPAS2	0.0	1.0	8	0	0	0	1.0
AF_outer	mild_vs_severe	DLX2	0.0	1.0	18	0	0	0	1.0
AF_outer	mild_vs_severe	PRRX1	0.0	1.0	6	0	0	0	1.0
AF_outer	mild_vs_severe	VEZF1	0.0	1.0	6	0	0	0	1.0
AF_outer	mild_vs_severe	CTBP2	0.0	1.0	12	0	0	0	1.0
AF_outer	mild_vs_severe	SOX6	0.0	1.0	19	0	0	0	1.0
AF_outer	mild_vs_severe	HIPK2	0.0	1.0	8	0	0	0	1.0
AF_outer	mild_vs_severe	FOXA3	0.0	1.0	9	0	0	0	1.0
AF_outer	mild_vs_severe	RORC	0.0	1.0	7	0	0	0	1.0
AF_outer	mild_vs_severe	SIX3	0.0	1.0	5	0	0	0	1.0
AF_outer	mild_vs_severe	PPARD	0.0	1.0	84	0	0	0	1.0
AF_outer	mild_vs_severe	MECOM	0.0	1.0	18	0	0	0	1.0
AF_outer	mild_vs_severe	SIRT1	0.0	1.0	51	0	0	0	1.0
AF_outer	mild_vs_severe	ZBTB7B	0.0	1.0	14	0	0	0	1.0
AF_outer	mild_vs_severe	ZBTB7A	0.0	1.0	33	0	0	0	1.0
AF_outer	mild_vs_severe	NR6A1	0.0	1.0	9	0	0	0	1.0
AF_outer	mild_vs_severe	STAT2	0.0	1.0	39	0	0	0	1.0
AF_outer	mild_vs_severe	ESRRG	0.0	1.0	20	0	0	0	1.0
AF_outer	mild_vs_severe	PRDM2	0.0	1.0	10	0	0	0	1.0
AF_outer	mild_vs_severe	PURA	0.0	1.0	16	0	0	0	1.0
AF_outer	mild_vs_severe	TBX1	0.0	1.0	9	0	0	0	1.0
AF_outer	mild_vs_severe	SALL2	0.0	1.0	5	0	0	0	1.0
AF_outer	mild_vs_severe	ATOH1	0.0	1.0	5	0	0	0	1.0
AF_outer	mild_vs_severe	NEUROD6	0.0	1.0	9	0	0	0	1.0
AF_outer	mild_vs_severe	NEUROG1	0.0	1.0	10	0	0	0	1.0
AF_outer	mild_vs_severe	NEUROG2	0.0	1.0	15	0	0	0	1.0
AF_outer	mild_vs_severe	AHRR	0.0	1.0	5	0	0	0	1.0
AF_outer	mild_vs_severe	HMGB2	0.0	1.0	8	0	0	0	1.0
AF_outer	mild_vs_severe	DLX3	0.0	1.0	12	0	0	0	1.0
AF_outer	mild_vs_severe	TWIST2	0.0	1.0	32	0	0	0	1.0
AF_outer	mild_vs_severe	TFAP4	0.0	1.0	35	0	0	0	1.0
AF_outer	mild_vs_severe	KAT6B	0.0	1.0	7	0	0	0	1.0
AF_outer	mild_vs_severe	SALL3	0.0	1.0	8	0	0	0	1.0
AF_outer	mild_vs_severe	MXI1	0.0	1.0	9	0	0	0	1.0
AF_outer	mild_vs_severe	E2F5	0.0	1.0	10	0	0	0	1.0
AF_outer	mild_vs_severe	E2F2	0.0	1.0	49	0	0	0	1.0
AF_outer	mild_vs_severe	FOXD3	0.0	1.0	14	0	0	0	1.0
AF_outer	mild_vs_severe	POU5F1	0.0	1.0	71	0	0	0	1.0
AF_outer	mild_vs_severe	PLAGL1	0.0	1.0	16	0	0	0	1.0
AF_outer	mild_vs_severe	SNAI2	0.0	1.0	43	0	0	0	1.0
AF_outer	mild_vs_severe	NOTCH1	0.0	1.0	51	0	0	0	1.0
AF_outer	mild_vs_severe	FOXC2	0.0	1.0	17	0	0	0	1.0
AF_outer	mild_vs_severe	FOXD1	0.0	1.0	6	0	0	0	1.0
AF_outer	mild_vs_severe	KLF9	0.0	1.0	22	0	0	0	1.0
AF_outer	mild_vs_severe	TBPL2	0.0	1.0	8	0	0	0	1.0
AF_outer	mild_vs_severe	NFIL3	0.0	1.0	22	0	0	0	1.0
AF_outer	mild_vs_severe	ZNF384	0.0	1.0	18	0	0	0	1.0
AF_outer	mild_vs_severe	HOXA11	0.0	1.0	6	0	0	0	1.0
AF_outer	mild_vs_severe	MEF2D	0.0	1.0	20	0	0	0	1.0
AF_outer	mild_vs_severe	SMAD5	0.0	1.0	32	0	0	0	1.0
AF_outer	mild_vs_severe	PBX2	0.125	0.020486499285197794	8	1	1	0	1.0
AF_outer	mild_vs_severe	EMX2	0.0	1.0	7	0	0	0	1.0
AF_outer	mild_vs_severe	MLXIPL	0.0	1.0	14	0	0	0	1.0
AF_outer	mild_vs_severe	ZBTB33	0.0	1.0	10	0	0	0	1.0
AF_outer	mild_vs_severe	ETV2	0.0	1.0	7	0	0	0	1.0
AF_outer	mild_vs_severe	KLF15	0.0	1.0	19	0	0	0	1.0
AF_outer	mild_vs_severe	DNMT3A	0.0	1.0	53	0	0	0	1.0
AF_outer	mild_vs_severe	DNMT3B	0.0	1.0	65	0	0	0	1.0
AF_outer	mild_vs_severe	OLIG1	0.0	1.0	5	0	0	0	1.0
AF_outer	mild_vs_severe	OLIG2	0.0	1.0	15	0	0	0	1.0
AF_outer	mild_vs_severe	RREB1	0.0	1.0	7	0	0	0	1.0
AF_outer	mild_vs_severe	ZNF202	0.0	1.0	6	0	0	0	1.0
AF_outer	mild_vs_severe	MAFG	0.0	1.0	9	0	0	0	1.0
AF_outer	mild_vs_severe	TEF	0.0	1.0	11	0	0	0	1.0
AF_outer	mild_vs_severe	HOXD13	0.0	1.0	16	0	0	0	1.0
AF_outer	mild_vs_severe	ZKSCAN7	0.0	1.0	11	0	0	0	1.0
AF_outer	mild_vs_severe	BACH1	0.0	1.0	14	0	0	0	1.0
AF_outer	mild_vs_severe	MYT1	0.0	1.0	6	0	0	0	1.0
AF_outer	mild_vs_severe	ZNF160	0.0	1.0	5	0	0	0	1.0
AF_outer	mild_vs_severe	TEAD4	0.0	1.0	8	0	0	0	1.0
AF_outer	mild_vs_severe	GCM1	0.0	1.0	9	0	0	0	1.0
AF_outer	mild_vs_severe	BHLHE41	0.0	1.0	22	0	0	0	1.0
AF_outer	mild_vs_severe	MTA1	0.0	1.0	43	0	0	0	1.0
AF_outer	mild_vs_severe	EHF	0.0	1.0	11	0	0	0	1.0
AF_outer	mild_vs_severe	TCF7L2	0.0	1.0	97	0	0	0	1.0
AF_outer	mild_vs_severe	VSX2	0.03571428571428571	0.06992896663712675	28	1	1	0	1.0
AF_outer	mild_vs_severe	TSC22D1	0.0	1.0	7	0	0	0	1.0
AF_outer	mild_vs_severe	SOX5	0.0	1.0	17	0	0	0	1.0
AF_outer	mild_vs_severe	SOX2	0.0	1.0	56	0	0	0	1.0
AF_outer	mild_vs_severe	NKX3-2	0.0	1.0	7	0	0	0	1.0
AF_outer	mild_vs_severe	PAX9	0.0	1.0	8	0	0	0	1.0
AF_outer	mild_vs_severe	TCF21	0.0	1.0	9	0	0	0	1.0
AF_outer	mild_vs_severe	HIC1	0.0	1.0	21	0	0	0	1.0
AF_outer	mild_vs_severe	ZEB2	0.0	1.0	26	0	0	0	1.0
AF_outer	mild_vs_severe	ZNF335	0.0	1.0	7	0	0	0	1.0
AF_outer	mild_vs_severe	NONO	0.0	1.0	17	0	0	0	1.0
AF_outer	mild_vs_severe	CEBPZ	0.0	1.0	16	0	0	0	1.0
AF_outer	mild_vs_severe	SIX1	0.0	1.0	10	0	0	0	1.0
AF_outer	mild_vs_severe	NFIX	0.0	1.0	21	0	0	0	1.0
AF_outer	mild_vs_severe	MNT	0.0	1.0	10	0	0	0	1.0
AF_outer	mild_vs_severe	KDM5D	0.0	1.0	5	0	0	0	1.0
AF_outer	mild_vs_severe	TBX6	0.0	1.0	8	0	0	0	1.0
AF_outer	mild_vs_severe	HOXA1	0.0	1.0	23	0	0	0	1.0
AF_outer	mild_vs_severe	BCL11B	0.0	1.0	20	0	0	0	1.0
AF_outer	mild_vs_severe	RXRB	0.0	1.0	11	0	0	0	1.0
AF_outer	mild_vs_severe	E2F6	0.0	1.0	37	0	0	0	1.0
AF_outer	mild_vs_severe	HOXA13	0.0	1.0	12	0	0	0	1.0
AF_outer	mild_vs_severe	KAT6A	0.0	1.0	12	0	0	0	1.0
AF_outer	mild_vs_severe	GFI1	0.0	1.0	41	0	0	0	1.0
AF_outer	mild_vs_severe	RUNX3	0.0	1.0	56	0	0	0	1.0
AF_outer	mild_vs_severe	GLI1	0.006711409395973154	0.3211077586371343	149	1	1	0	1.0
AF_outer	mild_vs_severe	KLF8	0.0	1.0	19	0	0	0	1.0
AF_outer	mild_vs_severe	HIF3A	0.0	1.0	6	0	0	0	1.0
AF_outer	mild_vs_severe	BHLHA15	0.0	1.0	12	0	0	0	1.0
AF_outer	mild_vs_severe	MEOX2	0.0	1.0	6	0	0	0	1.0
AF_outer	mild_vs_severe	JARID2	0.0	1.0	12	0	0	0	1.0
AF_outer	mild_vs_severe	NFYC	0.0	1.0	20	0	0	0	1.0
AF_outer	mild_vs_severe	GFI1B	0.0	1.0	10	0	0	0	1.0
AF_outer	mild_vs_severe	ASCL2	0.0	1.0	8	0	0	0	1.0
AF_outer	mild_vs_severe	MSC	0.0	1.0	23	0	0	0	1.0
AF_outer	mild_vs_severe	HOXB9	0.0	1.0	6	0	0	0	1.0
AF_outer	mild_vs_severe	HLX	0.0	1.0	13	0	0	0	1.0
AF_outer	mild_vs_severe	RCOR2	0.0	1.0	12	0	0	0	1.0
AF_outer	mild_vs_severe	NKX2-2	0.0	1.0	12	0	0	0	1.0
AF_outer	mild_vs_severe	ARID4A	0.0	1.0	6	0	0	0	1.0
AF_outer	mild_vs_severe	HINFP	0.0	1.0	10	0	0	0	1.0
AF_outer	mild_vs_severe	SMARCC1	0.0	1.0	7	0	0	0	1.0
AF_outer	mild_vs_severe	KAT2B	0.0	1.0	14	0	0	0	1.0
AF_outer	mild_vs_severe	ZNF219	0.0	1.0	5	0	0	0	1.0
AF_outer	mild_vs_severe	HDGF	0.0	1.0	6	0	0	0	1.0
AF_outer	mild_vs_severe	EP300	0.0	1.0	58	0	0	0	1.0
AF_outer	mild_vs_severe	TRPS1	0.0	1.0	15	0	0	0	1.0
AF_outer	mild_vs_severe	CTNNB1	0.0	1.0	265	0	0	0	1.0
AF_outer	mild_vs_severe	PML	0.0	1.0	16	0	0	0	1.0
AF_outer	mild_vs_severe	KLF7	0.0	1.0	9	0	0	0	1.0
AF_outer	mild_vs_severe	PROP1	0.0	1.0	7	0	0	0	1.0
AF_outer	mild_vs_severe	LMO2	0.0	1.0	24	0	0	0	1.0
AF_outer	mild_vs_severe	TBX20	0.0	1.0	6	0	0	0	1.0
AF_outer	mild_vs_severe	MEOX1	0.0	1.0	7	0	0	0	1.0
AF_outer	mild_vs_severe	FOXL2	0.0	1.0	19	0	0	0	1.0
AF_outer	mild_vs_severe	HTATIP2	0.0	1.0	16	0	0	0	1.0
AF_outer	mild_vs_severe	EZH2	0.0	1.0	127	0	0	0	1.0
AF_outer	mild_vs_severe	GLI2	-0.008	0.2772242044314037	125	1	0	1	1.0
AF_outer	mild_vs_severe	TCF7	0.0	1.0	16	0	0	0	1.0
AF_outer	mild_vs_severe	FOXC1	0.0	1.0	15	0	0	0	1.0
AF_outer	mild_vs_severe	HOXB13	0.0	1.0	10	0	0	0	1.0
AF_outer	mild_vs_severe	ABL1	0.0	1.0	10	0	0	0	1.0
AF_outer	mild_vs_severe	TBX3	0.0	1.0	20	0	0	0	1.0
AF_outer	mild_vs_severe	HNF4G	0.0	1.0	8	0	0	0	1.0
AF_outer	mild_vs_severe	NFKBIZ	0.0	1.0	5	0	0	0	1.0
AF_outer	mild_vs_severe	PLAGL2	0.0	1.0	7	0	0	0	1.0
AF_outer	mild_vs_severe	TET1	0.0	1.0	13	0	0	0	1.0
AF_outer	mild_vs_severe	FOXH1	0.0	1.0	12	0	0	0	1.0
AF_outer	mild_vs_severe	FOXP3	0.0	1.0	37	0	0	0	1.0
AF_outer	mild_vs_severe	IKZF4	0.0	1.0	5	0	0	0	1.0
AF_outer	mild_vs_severe	HOXA2	0.0	1.0	7	0	0	0	1.0
AF_outer	mild_vs_severe	MLX	0.0	1.0	5	0	0	0	1.0
AF_outer	mild_vs_severe	CREB3L1	0.0	1.0	10	0	0	0	1.0
AF_outer	mild_vs_severe	TFDP3	0.0	1.0	5	0	0	0	1.0
AF_outer	mild_vs_severe	SP7	0.0	1.0	31	0	0	0	1.0
AF_outer	mild_vs_severe	OVOL1	0.0	1.0	8	0	0	0	1.0
AF_outer	mild_vs_severe	ZNF436	0.0	1.0	7	0	0	0	1.0
AF_outer	mild_vs_severe	ATF7	0.0	1.0	5	0	0	0	1.0
AF_outer	mild_vs_severe	HOXB3	0.0	1.0	6	0	0	0	1.0
AF_outer	mild_vs_severe	SCX	0.0	1.0	11	0	0	0	1.0
AF_outer	mild_vs_severe	NANOG	0.0	1.0	43	0	0	0	1.0
AF_outer	mild_vs_severe	ARX	0.0	1.0	19	0	0	0	1.0
AF_outer	mild_vs_severe	VHL	0.0	1.0	23	0	0	0	1.0
AF_outer	mild_vs_severe	SOX4	0.0	1.0	22	0	0	0	1.0
AF_outer	mild_vs_severe	SMAD9	0.0	1.0	5	0	0	0	1.0
AF_outer	mild_vs_severe	ATF5	0.0	1.0	29	0	0	0	1.0
AF_outer	mild_vs_severe	CTCFL	0.0	1.0	10	0	0	0	1.0
AF_outer	mild_vs_severe	SP6	0.0	1.0	6	0	0	0	1.0
AF_outer	mild_vs_severe	SMARCA5	0.0	1.0	8	0	0	0	1.0
AF_outer	mild_vs_severe	EOMES	0.0	1.0	18	0	0	0	1.0
AF_outer	mild_vs_severe	LMO4	0.0	1.0	5	0	0	0	1.0
AF_outer	mild_vs_severe	TLX3	0.0	1.0	5	0	0	0	1.0
AF_outer	mild_vs_severe	ESRRB	0.0	1.0	9	0	0	0	1.0
AF_outer	mild_vs_severe	LHX1	0.0	1.0	6	0	0	0	1.0
AF_outer	mild_vs_severe	ZXDC	0.0	1.0	6	0	0	0	1.0
AF_outer	mild_vs_severe	SPIC	0.0	1.0	7	0	0	0	1.0
AF_outer	mild_vs_severe	SALL1	0.0	1.0	5	0	0	0	1.0
AF_outer	mild_vs_severe	NR2E1	0.0	1.0	13	0	0	0	1.0
AF_outer	mild_vs_severe	ZFP42	0.0	1.0	13	0	0	0	1.0
AF_outer	mild_vs_severe	HOXD4	0.0	1.0	6	0	0	0	1.0
AF_outer	mild_vs_severe	FOXF1	0.0	1.0	5	0	0	0	1.0
AF_outer	mild_vs_severe	MLXIP	0.0	1.0	5	0	0	0	1.0
AF_outer	mild_vs_severe	KMT2B	0.0	1.0	13	0	0	0	1.0
AF_outer	mild_vs_severe	NFIB	0.0	1.0	20	0	0	0	1.0
AF_outer	mild_vs_severe	EBF3	0.0	1.0	8	0	0	0	1.0
AF_outer	mild_vs_severe	EN1	0.0	1.0	9	0	0	0	1.0
AF_outer	mild_vs_severe	MTA3	0.0	1.0	11	0	0	0	1.0
AF_outer	mild_vs_severe	TBX18	0.0	1.0	10	0	0	0	1.0
AF_outer	mild_vs_severe	PRDM4	0.0	1.0	6	0	0	0	1.0
AF_outer	mild_vs_severe	MEIS2	0.0	1.0	7	0	0	0	1.0
AF_outer	mild_vs_severe	EGR4	0.0	1.0	12	0	0	0	1.0
AF_outer	mild_vs_severe	HSF4	0.0	1.0	10	0	0	0	1.0
AF_outer	mild_vs_severe	DLX1	0.0	1.0	7	0	0	0	1.0
AF_outer	mild_vs_severe	BCLAF1	0.0	1.0	7	0	0	0	1.0
AF_outer	mild_vs_severe	KDM5C	0.0	1.0	12	0	0	0	1.0
AF_outer	mild_vs_severe	AIP	0.0	1.0	5	0	0	0	1.0
AF_outer	mild_vs_severe	PTF1A	0.0	1.0	9	0	0	0	1.0
AF_outer	mild_vs_severe	FOSL2	0.0	1.0	34	0	0	0	1.0
AF_outer	mild_vs_severe	MED1	0.0	1.0	13	0	0	0	1.0
AF_outer	mild_vs_severe	SON	0.0	1.0	5	0	0	0	1.0
AF_outer	mild_vs_severe	LYL1	0.0	1.0	12	0	0	0	1.0
AF_outer	mild_vs_severe	GLIS3	0.0	1.0	5	0	0	0	1.0
AF_outer	mild_vs_severe	HOXD1	0.0	1.0	5	0	0	0	1.0
AF_outer	mild_vs_severe	SALL4	0.0	1.0	17	0	0	0	1.0
AF_outer	mild_vs_severe	KDM5B	0.0	1.0	31	0	0	0	1.0
AF_outer	mild_vs_severe	TADA2A	0.0	1.0	7	0	0	0	1.0
AF_outer	mild_vs_severe	ARID5B	0.0	1.0	8	0	0	0	1.0
AF_outer	mild_vs_severe	FEZF1	0.0	1.0	6	0	0	0	1.0
AF_outer	mild_vs_severe	SATB2	0.0	1.0	23	0	0	0	1.0
AF_outer	mild_vs_severe	NSD2	0.0	1.0	7	0	0	0	1.0
AF_outer	mild_vs_severe	PBRM1	0.0	1.0	8	0	0	0	1.0
AF_outer	mild_vs_severe	ZBTB4	0.0	1.0	13	0	0	0	1.0
AF_outer	mild_vs_severe	THAP11	0.0	1.0	6	0	0	0	1.0
AF_outer	mild_vs_severe	FOXJ1	0.0	1.0	14	0	0	0	1.0
AF_outer	mild_vs_severe	SHOX2	0.0	1.0	5	0	0	0	1.0
AF_outer	mild_vs_severe	TOX3	0.0	1.0	6	0	0	0	1.0
AF_outer	mild_vs_severe	PPARGC1A	0.0	1.0	24	0	0	0	1.0
AF_outer	mild_vs_severe	SOX3	0.0	1.0	5	0	0	0	1.0
AF_outer	mild_vs_severe	BATF	0.0	1.0	12	0	0	0	1.0
AF_outer	mild_vs_severe	ARID3B	0.0	1.0	5	0	0	0	1.0
AF_outer	mild_vs_severe	ZNF300	0.0	1.0	7	0	0	0	1.0
AF_outer	mild_vs_severe	NUPR1	0.0	1.0	6	0	0	0	1.0
AF_outer	mild_vs_severe	CREB3L3	0.0	1.0	5	0	0	0	1.0
AF_outer	mild_vs_severe	ZNF331	0.0	1.0	17	0	0	0	1.0
AF_outer	mild_vs_severe	RFX3	0.0	1.0	5	0	0	0	1.0
AF_outer	mild_vs_severe	ZNF382	0.0	1.0	11	0	0	0	1.0
AF_outer	mild_vs_severe	HOXD8	0.0	1.0	5	0	0	0	1.0
AF_outer	mild_vs_severe	LHX8	0.0	1.0	10	0	0	0	1.0
AF_outer	mild_vs_severe	GRHL2	0.0	1.0	6	0	0	0	1.0
AF_outer	mild_vs_severe	IRX1	0.0	1.0	16	0	0	0	1.0
AF_outer	mild_vs_severe	SOX11	0.0	1.0	11	0	0	0	1.0
AF_outer	mild_vs_severe	IRF6	0.0	1.0	14	0	0	0	1.0
AF_outer	mild_vs_severe	E2F7	0.0	1.0	6	0	0	0	1.0
AF_outer	mild_vs_severe	HEYL	0.0	1.0	5	0	0	0	1.0
AF_outer	mild_vs_severe	MECP2	0.0	1.0	26	0	0	0	1.0
AF_outer	mild_vs_severe	VENTX	0.0	1.0	5	0	0	0	1.0
AF_outer	mild_vs_severe	MAML1	0.0	1.0	5	0	0	0	1.0
AF_outer	mild_vs_severe	DMAP1	0.0	1.0	5	0	0	0	1.0
AF_outer	mild_vs_severe	LMX1A	0.0	1.0	5	0	0	0	1.0
AF_outer	mild_vs_severe	DOT1L	0.0	1.0	8	0	0	0	1.0
AF_outer	mild_vs_severe	ARID3A	0.0	1.0	6	0	0	0	1.0
AF_outer	mild_vs_severe	ARID1A	0.0	1.0	7	0	0	0	1.0
AF_outer	mild_vs_severe	ZBTB18	0.0	1.0	8	0	0	0	1.0
AF_outer	mild_vs_severe	ZNF804A	0.0	1.0	8	0	0	0	1.0
AF_outer	mild_vs_severe	TCF15	0.0	1.0	5	0	0	0	1.0
AF_outer	mild_vs_severe	NPM1	0.0	1.0	12	0	0	0	1.0
AF_outer	mild_vs_severe	SETBP1	0.0	1.0	5	0	0	0	1.0
AF_outer	mild_vs_severe	KDM2A	0.0	1.0	10	0	0	0	1.0
AF_outer	mild_vs_severe	MKX	0.0	1.0	6	0	0	0	1.0
AF_outer	mild_vs_severe	ZFX	0.0	1.0	5	0	0	0	1.0
AF_outer	mild_vs_severe	KLF17	0.0	1.0	5	0	0	0	1.0
AF_outer	mild_vs_severe	HOXA4	0.0	1.0	5	0	0	0	1.0
AF_outer	mild_vs_severe	HDAC3	0.0	1.0	21	0	0	0	1.0
AF_outer	mild_vs_severe	ASXL1	0.0	1.0	5	0	0	0	1.0
AF_outer	mild_vs_severe	BTG2	0.0	1.0	6	0	0	0	1.0
AF_outer	mild_vs_severe	CHD4	0.0	1.0	5	0	0	0	1.0
AF_outer	mild_vs_severe	CREB5	0.0	1.0	12	0	0	0	1.0
AF_outer	mild_vs_severe	CTBP1	0.0	1.0	9	0	0	0	1.0
AF_outer	mild_vs_severe	DACH1	0.0	1.0	6	0	0	0	1.0
AF_outer	mild_vs_severe	HDAC1	0.0	1.0	70	0	0	0	1.0
AF_outer	mild_vs_severe	HCFC1	0.0	1.0	7	0	0	0	1.0
AF_outer	mild_vs_severe	ETV7	0.0	1.0	9	0	0	0	1.0
AF_outer	mild_vs_severe	FHL2	0.0	1.0	7	0	0	0	1.0
AF_outer	mild_vs_severe	HDAC4	0.0	1.0	21	0	0	0	1.0
AF_outer	mild_vs_severe	HDAC5	0.0	1.0	8	0	0	0	1.0
AF_outer	mild_vs_severe	HDAC7	0.0	1.0	11	0	0	0	1.0
AF_outer	mild_vs_severe	HDAC9	0.0	1.0	18	0	0	0	1.0
AF_outer	mild_vs_severe	ING4	0.0	1.0	14	0	0	0	1.0
AF_outer	mild_vs_severe	MYOCD	0.0	1.0	6	0	0	0	1.0
AF_outer	mild_vs_severe	PAWR	0.0	1.0	5	0	0	0	1.0
AF_outer	mild_vs_severe	SIN3A	0.0	1.0	9	0	0	0	1.0
AF_outer	mild_vs_severe	SMARCA4	0.0	1.0	10	0	0	0	1.0
AF_outer	mild_vs_severe	SMARCB1	0.0	1.0	5	0	0	0	1.0
AF_outer	mild_vs_severe	TRIM28	0.0	1.0	5	0	0	0	1.0
AF_outer	mild_vs_severe	WWTR1	0.0	1.0	9	0	0	0	1.0
AF_outer	mild_vs_severe	PIN1	0.0	1.0	5	0	0	0	1.0
AF_outer	mild_vs_severe	FGF2	0.0	1.0	9	0	0	0	1.0
AF_outer	mild_vs_severe	PARK7	0.0	1.0	8	0	0	0	1.0
AF_outer	mild_vs_severe	YAP1	0.0	1.0	9	0	0	0	1.0
AF_outer	mild_vs_severe	BCOR	0.0	1.0	7	0	0	0	1.0
AF_outer	mild_vs_severe	BRD4	0.0	1.0	9	0	0	0	1.0
AF_outer	mild_vs_severe	SRSF2	0.0	1.0	12	0	0	0	1.0
AF_outer	mild_vs_severe	ZMYND8	0.0	1.0	7	0	0	0	1.0
AF_outer	mild_vs_severe	ARID4B	0.0	1.0	12	0	0	0	1.0
AF_outer	mild_vs_severe	AP1	0.0	1.0	437	0	0	0	1.0
AF_outer	mild_vs_severe	NFKB	-0.0015723270440251573	0.8136175840601596	636	1	0	1	1.0
EP_hyaline	healthy_vs_degenerated_all	MYC	-0.01310615989515072	0.003029541972723277	763	10	0	10	0.14888034837382963
EP_hyaline	healthy_vs_degenerated_all	SPI1	0.0	1.0	234	0	0	0	1.0
EP_hyaline	healthy_vs_degenerated_all	SMAD3	0.0	1.0	135	0	0	0	1.0
EP_hyaline	healthy_vs_degenerated_all	SMAD4	0.0	1.0	103	0	0	0	1.0
EP_hyaline	healthy_vs_degenerated_all	STAT5A	-0.006711409395973154	0.5060352686371918	149	1	0	1	1.0
EP_hyaline	healthy_vs_degenerated_all	STAT5B	-0.0125	0.3147307608157548	80	1	0	1	1.0
EP_hyaline	healthy_vs_degenerated_all	RELA	-0.007263922518159807	0.30744040215164975	413	3	0	3	1.0
EP_hyaline	healthy_vs_degenerated_all	WT1	-0.008333333333333333	0.4330900499820831	120	1	0	1	1.0
EP_hyaline	healthy_vs_degenerated_all	NR0B2	0.0	1.0	84	0	0	0	1.0
EP_hyaline	healthy_vs_degenerated_all	SP1	-0.004970178926441352	0.04638684583414427	1006	9	2	7	0.7978537483472814
EP_hyaline	healthy_vs_degenerated_all	TP53	0.014457831325301205	3.0082525688979344e-05	830	14	13	1	0.0029566825248596843
EP_hyaline	healthy_vs_degenerated_all	ZBTB16	0.025	0.17201411545867648	40	1	1	0	1.0
EP_hyaline	healthy_vs_degenerated_all	ETV6	0.05	0.09001445593547203	20	1	1	0	1.0
EP_hyaline	healthy_vs_degenerated_all	RUNX1	0.006756756756756757	0.5036817214202621	148	1	1	0	1.0
EP_hyaline	healthy_vs_degenerated_all	STAT1	-0.00425531914893617	0.6721121696899157	235	1	0	1	1.0
EP_hyaline	healthy_vs_degenerated_all	STAT3	-0.006134969325153374	0.4552167442524813	326	2	0	2	1.0
EP_hyaline	healthy_vs_degenerated_all	ETV4	0.0	1.0	52	0	0	0	1.0
EP_hyaline	healthy_vs_degenerated_all	MTF1	0.0	1.0	29	0	0	0	1.0
EP_hyaline	healthy_vs_degenerated_all	CREB1	0.0029940119760479044	0.20777356514781348	334	3	2	1	1.0
EP_hyaline	healthy_vs_degenerated_all	FOXA2	0.0	1.0	71	0	0	0	1.0
EP_hyaline	healthy_vs_degenerated_all	NFATC2	0.01694915254237288	0.24313364591710562	59	1	1	0	1.0
EP_hyaline	healthy_vs_degenerated_all	CEBPB	-0.003125	0.781743701724882	320	1	0	1	1.0
EP_hyaline	healthy_vs_degenerated_all	FOS	-0.008298755186721992	0.31359386087145374	241	2	0	2	1.0
EP_hyaline	healthy_vs_degenerated_all	PLAG1	0.0	1.0	7	0	0	0	1.0
EP_hyaline	healthy_vs_degenerated_all	E2F1	-0.05357142857142857	3.2794317016391348e-12	280	15	0	15	1.1281245053638624e-09
EP_hyaline	healthy_vs_degenerated_all	E2F3	-0.14516129032258066	1.2002365166668735e-11	62	9	0	9	2.75254241155603e-09
EP_hyaline	healthy_vs_degenerated_all	HBP1	0.0	1.0	36	0	0	0	1.0
EP_hyaline	healthy_vs_degenerated_all	YY1	-0.005208333333333333	0.5974506327673981	192	1	0	1	1.0
EP_hyaline	healthy_vs_degenerated_all	ESR1	-0.00819672131147541	0.197257513410754	488	4	0	4	1.0
EP_hyaline	healthy_vs_degenerated_all	JUN	-0.00851063829787234	0.18018473835494045	470	4	0	4	1.0
EP_hyaline	healthy_vs_degenerated_all	NR1I3	0.0	1.0	38	0	0	0	1.0
EP_hyaline	healthy_vs_degenerated_all	CEBPG	-0.007575757575757576	0.46448253188951855	132	1	0	1	1.0
EP_hyaline	healthy_vs_degenerated_all	MAFK	-0.0625	0.07267647900373295	16	1	0	1	1.0
EP_hyaline	healthy_vs_degenerated_all	NFE2L3	0.0	1.0	5	0	0	0	1.0
EP_hyaline	healthy_vs_degenerated_all	PHOX2A	0.0	1.0	7	0	0	0	1.0
EP_hyaline	healthy_vs_degenerated_all	STAT4	0.0	1.0	18	0	0	0	1.0
EP_hyaline	healthy_vs_degenerated_all	IRF1	0.016260162601626018	0.1140482140775802	123	2	2	0	1.0
EP_hyaline	healthy_vs_degenerated_all	ATF2	-0.01098901098901099	0.34951948385705844	91	1	0	1	1.0
EP_hyaline	healthy_vs_degenerated_all	NR2C2	0.0	1.0	45	0	0	0	1.0
EP_hyaline	healthy_vs_degenerated_all	IRF3	-0.017857142857142856	0.23231959262793692	56	1	0	1	1.0
EP_hyaline	healthy_vs_degenerated_all	TFAP2A	-0.008733624454148471	0.29274583505249546	229	2	0	2	1.0
EP_hyaline	healthy_vs_degenerated_all	HNF1A	-0.0136986301369863	0.29164184432754064	73	1	0	1	1.0
EP_hyaline	healthy_vs_degenerated_all	ETS1	-0.012195121951219513	0.18032913458904265	164	2	0	2	1.0
EP_hyaline	healthy_vs_degenerated_all	ARNT	0.018518518518518517	0.22502555172135333	54	1	1	0	1.0
EP_hyaline	healthy_vs_degenerated_all	AHR	0.0	1.0	133	0	0	0	1.0
EP_hyaline	healthy_vs_degenerated_all	PAX6	-0.009174311926605505	0.40271984653226134	109	1	0	1	1.0
EP_hyaline	healthy_vs_degenerated_all	NFYA	-0.0125	0.006353073627952611	80	3	1	2	0.2571126268253762
EP_hyaline	healthy_vs_degenerated_all	ZNF148	0.0	1.0	23	0	0	0	1.0
EP_hyaline	healthy_vs_degenerated_all	NFIC	0.0	1.0	60	0	0	0	1.0
EP_hyaline	healthy_vs_degenerated_all	RBPJ	0.0	1.0	111	0	0	0	1.0
EP_hyaline	healthy_vs_degenerated_all	HES1	0.0	1.0	68	0	0	0	1.0
EP_hyaline	healthy_vs_degenerated_all	GATA4	-0.011363636363636364	0.3402085710336814	88	1	0	1	1.0
EP_hyaline	healthy_vs_degenerated_all	GATA6	0.0	1.0	57	0	0	0	1.0
EP_hyaline	healthy_vs_degenerated_all	HNF4A	0.0	1.0	185	0	0	0	1.0
EP_hyaline	healthy_vs_degenerated_all	RXRG	0.0	1.0	5	0	0	0	1.0
EP_hyaline	healthy_vs_degenerated_all	RARA	-0.007462686567164179	0.4695449312274304	134	1	0	1	1.0
EP_hyaline	healthy_vs_degenerated_all	DBP	0.0	1.0	24	0	0	0	1.0
EP_hyaline	healthy_vs_degenerated_all	HLF	0.0	1.0	13	0	0	0	1.0
EP_hyaline	healthy_vs_degenerated_all	PPARG	0.0	0.3684431851562337	273	2	1	1	1.0
EP_hyaline	healthy_vs_degenerated_all	MAX	0.024390243902439025	0.1759166412302773	41	1	1	0	1.0
EP_hyaline	healthy_vs_degenerated_all	USF2	-0.0125	0.3147307608157548	80	1	0	1	1.0
EP_hyaline	healthy_vs_degenerated_all	IRF2	-0.022727272727272728	0.1875154983477592	44	1	0	1	1.0
EP_hyaline	healthy_vs_degenerated_all	SP3	-0.00303951367781155	0.7909736977998998	329	1	0	1	1.0
EP_hyaline	healthy_vs_degenerated_all	AR	-0.004914004914004914	0.012336778335161214	407	6	2	4	0.40417635688528164
EP_hyaline	healthy_vs_degenerated_all	CUX1	-0.033707865168539325	0.008520257854817725	89	3	0	3	0.3160396462320707
EP_hyaline	healthy_vs_degenerated_all	ATF1	-0.014925373134328358	0.2712407321771735	67	1	0	1	1.0
EP_hyaline	healthy_vs_degenerated_all	KAT7	-0.01639344262295082	0.25025924987688897	61	1	0	1	1.0
EP_hyaline	healthy_vs_degenerated_all	CREBZF	0.0	1.0	13	0	0	0	1.0
EP_hyaline	healthy_vs_degenerated_all	GLI3	0.0	1.0	33	0	0	0	1.0
EP_hyaline	healthy_vs_degenerated_all	NKX2-5	0.0	1.0	52	0	0	0	1.0
EP_hyaline	healthy_vs_degenerated_all	TGFB1I1	0.0	1.0	12	0	0	0	1.0
EP_hyaline	healthy_vs_degenerated_all	RARB	0.0	1.0	41	0	0	0	1.0
EP_hyaline	healthy_vs_degenerated_all	RARG	0.0	1.0	27	0	0	0	1.0
EP_hyaline	healthy_vs_degenerated_all	TEAD1	0.0	1.0	16	0	0	0	1.0
EP_hyaline	healthy_vs_degenerated_all	PPARA	0.005076142131979695	0.6069293918133297	197	1	1	0	1.0
EP_hyaline	healthy_vs_degenerated_all	ESR2	0.005988023952095809	0.04413444410306343	167	3	2	1	0.7978537483472814
EP_hyaline	healthy_vs_degenerated_all	NR3C1	0.0	1.0	209	0	0	0	1.0
EP_hyaline	healthy_vs_degenerated_all	PGR	0.0	1.0	105	0	0	0	1.0
EP_hyaline	healthy_vs_degenerated_all	NRG1	0.0	1.0	27	0	0	0	1.0
EP_hyaline	healthy_vs_degenerated_all	TBP	-0.025	0.018997498048861982	120	3	0	3	0.5228111463046817
EP_hyaline	healthy_vs_degenerated_all	REL	-0.012987012987012988	0.3049280104973324	77	1	0	1	1.0
EP_hyaline	healthy_vs_degenerated_all	ISL1	0.0	1.0	21	0	0	0	1.0
EP_hyaline	healthy_vs_degenerated_all	ZBTB14	0.0	1.0	6	0	0	0	1.0
EP_hyaline	healthy_vs_degenerated_all	MYB	-0.007246376811594203	0.4795282906850226	138	1	0	1	1.0
EP_hyaline	healthy_vs_degenerated_all	PITX1	0.0	1.0	25	0	0	0	1.0
EP_hyaline	healthy_vs_degenerated_all	EGR1	-0.003484320557491289	0.1528488052527952	287	3	1	2	1.0
EP_hyaline	healthy_vs_degenerated_all	MYOD1	-0.008849557522123894	0.016211961701139553	113	3	1	2	0.4849491152340875
EP_hyaline	healthy_vs_degenerated_all	ETS2	0.0	1.0	85	0	0	0	1.0
EP_hyaline	healthy_vs_degenerated_all	GTF2I	0.0	1.0	20	0	0	0	1.0
EP_hyaline	healthy_vs_degenerated_all	NR2F1	-0.024390243902439025	0.1759166412302773	41	1	0	1	1.0
EP_hyaline	healthy_vs_degenerated_all	ENO1	0.0	1.0	13	0	0	0	1.0
EP_hyaline	healthy_vs_degenerated_all	JDP2	0.03333333333333333	0.13197051732242668	30	1	1	0	1.0
EP_hyaline	healthy_vs_degenerated_all	MAZ	0.0	1.0	28	0	0	0	1.0
EP_hyaline	healthy_vs_degenerated_all	NR4A1	0.013333333333333334	0.29831599854850205	75	1	1	0	1.0
EP_hyaline	healthy_vs_degenerated_all	HMGA1	0.0	1.0	48	0	0	0	1.0
EP_hyaline	healthy_vs_degenerated_all	NFKB1	-0.006514657980456026	0.4248251705296966	307	2	0	2	1.0
EP_hyaline	healthy_vs_degenerated_all	USF1	-0.01935483870967742	0.03666148455186274	155	3	0	3	0.7958322864485171
EP_hyaline	healthy_vs_degenerated_all	DDIT3	-0.012658227848101266	0.3114784518665782	79	1	0	1	1.0
EP_hyaline	healthy_vs_degenerated_all	ATF4	0.00980392156862745	0.3825620703175205	102	1	1	0	1.0
EP_hyaline	healthy_vs_degenerated_all	ATF3	0.011764705882352941	0.3307659917637516	85	1	1	0	1.0
EP_hyaline	healthy_vs_degenerated_all	TAF1	-0.02631578947368421	0.16415420027423672	38	1	0	1	1.0
EP_hyaline	healthy_vs_degenerated_all	RUNX2	0.0	1.0	97	0	0	0	1.0
EP_hyaline	healthy_vs_degenerated_all	TFAP2B	0.0	1.0	17	0	0	0	1.0
EP_hyaline	healthy_vs_degenerated_all	CREM	0.016666666666666666	0.2467047729037349	60	1	1	0	1.0
EP_hyaline	healthy_vs_degenerated_all	IRF8	0.0	1.0	47	0	0	0	1.0
EP_hyaline	healthy_vs_degenerated_all	ETV5	0.0	1.0	12	0	0	0	1.0
EP_hyaline	healthy_vs_degenerated_all	DMTF1	0.0	1.0	16	0	0	0	1.0
EP_hyaline	healthy_vs_degenerated_all	NR5A1	0.0	1.0	68	0	0	0	1.0
EP_hyaline	healthy_vs_degenerated_all	NEUROD2	0.0	1.0	9	0	0	0	1.0
EP_hyaline	healthy_vs_degenerated_all	NEUROD1	0.0	1.0	43	0	0	0	1.0
EP_hyaline	healthy_vs_degenerated_all	HHEX	0.0	1.0	22	0	0	0	1.0
EP_hyaline	healthy_vs_degenerated_all	FOXO3	0.0	1.0	170	0	0	0	1.0
EP_hyaline	healthy_vs_degenerated_all	MBD1	0.0	1.0	13	0	0	0	1.0
EP_hyaline	healthy_vs_degenerated_all	CEBPD	0.0	1.0	62	0	0	0	1.0
EP_hyaline	healthy_vs_degenerated_all	ELK1	0.0	1.0	52	0	0	0	1.0
EP_hyaline	healthy_vs_degenerated_all	FLI1	-0.014084507042253521	0.2849049708989746	71	1	0	1	1.0
EP_hyaline	healthy_vs_degenerated_all	ELK4	0.0	1.0	6	0	0	0	1.0
EP_hyaline	healthy_vs_degenerated_all	PREB	0.0	1.0	13	0	0	0	1.0
EP_hyaline	healthy_vs_degenerated_all	POU1F1	0.0	1.0	34	0	0	0	1.0
EP_hyaline	healthy_vs_degenerated_all	PAX5	0.0	1.0	45	0	0	0	1.0
EP_hyaline	healthy_vs_degenerated_all	CEBPA	0.013157894736842105	0.16029642940317762	152	2	2	0	1.0
EP_hyaline	healthy_vs_degenerated_all	LITAF	0.0	1.0	21	0	0	0	1.0
EP_hyaline	healthy_vs_degenerated_all	STAT6	0.0	1.0	83	0	0	0	1.0
EP_hyaline	healthy_vs_degenerated_all	HIF1A	-0.005420054200542005	0.5205088387350069	369	2	0	2	1.0
EP_hyaline	healthy_vs_degenerated_all	TP73	0.018691588785046728	0.09035540741271798	107	2	2	0	1.0
EP_hyaline	healthy_vs_degenerated_all	KLF11	0.0	1.0	15	0	0	0	1.0
EP_hyaline	healthy_vs_degenerated_all	TCF4	0.0	1.0	45	0	0	0	1.0
EP_hyaline	healthy_vs_degenerated_all	HIVEP2	0.0	1.0	11	0	0	0	1.0
EP_hyaline	healthy_vs_degenerated_all	E2F4	-0.06329113924050633	2.4687365264602298e-17	158	16	3	13	1.698490730204638e-14
EP_hyaline	healthy_vs_degenerated_all	GATA5	0.0	1.0	16	0	0	0	1.0
EP_hyaline	healthy_vs_degenerated_all	SRF	0.0	1.0	82	0	0	0	1.0
EP_hyaline	healthy_vs_degenerated_all	ELF1	-0.01694915254237288	0.24313364591710562	59	1	0	1	1.0
EP_hyaline	healthy_vs_degenerated_all	GATA3	-0.007246376811594203	0.4795282906850226	138	1	0	1	1.0
EP_hyaline	healthy_vs_degenerated_all	MSX1	0.0	1.0	18	0	0	0	1.0
EP_hyaline	healthy_vs_degenerated_all	OTX2	-0.041666666666666664	0.10703205596949686	24	1	0	1	1.0
EP_hyaline	healthy_vs_degenerated_all	LHX2	0.0	1.0	24	0	0	0	1.0
EP_hyaline	healthy_vs_degenerated_all	GABPA	-0.03225806451612903	0.13605948527582035	31	1	0	1	1.0
EP_hyaline	healthy_vs_degenerated_all	HSF2	0.0	1.0	21	0	0	0	1.0
EP_hyaline	healthy_vs_degenerated_all	VDR	-0.00980392156862745	0.3825620703175205	102	1	0	1	1.0
EP_hyaline	healthy_vs_degenerated_all	HOXC8	0.0	1.0	14	0	0	0	1.0
EP_hyaline	healthy_vs_degenerated_all	HR	0.0	1.0	69	0	0	0	1.0
EP_hyaline	healthy_vs_degenerated_all	RELB	0.0	1.0	36	0	0	0	1.0
EP_hyaline	healthy_vs_degenerated_all	CEBPE	0.0	1.0	18	0	0	0	1.0
EP_hyaline	healthy_vs_degenerated_all	NR0B1	0.0	1.0	33	0	0	0	1.0
EP_hyaline	healthy_vs_degenerated_all	LEF1	0.0	1.0	80	0	0	0	1.0
EP_hyaline	healthy_vs_degenerated_all	ID1	-0.016129032258064516	0.2537971535345679	62	1	0	1	1.0
EP_hyaline	healthy_vs_degenerated_all	ZNF143	-0.04	0.11123708496930422	25	1	0	1	1.0
EP_hyaline	healthy_vs_degenerated_all	SOX9	0.0	1.0	73	0	0	0	1.0
EP_hyaline	healthy_vs_degenerated_all	YBX1	0.013333333333333334	2.718395071642106e-05	75	5	3	2	0.0029566825248596843
EP_hyaline	healthy_vs_degenerated_all	HSF1	0.0	1.0	81	0	0	0	1.0
EP_hyaline	healthy_vs_degenerated_all	FOXE1	0.0	1.0	6	0	0	0	1.0
EP_hyaline	healthy_vs_degenerated_all	POU4F1	0.0	1.0	21	0	0	0	1.0
EP_hyaline	healthy_vs_degenerated_all	NOTO	0.0	1.0	7	0	0	0	1.0
EP_hyaline	healthy_vs_degenerated_all	HNF1B	0.0	1.0	33	0	0	0	1.0
EP_hyaline	healthy_vs_degenerated_all	PAX3	0.0	1.0	76	0	0	0	1.0
EP_hyaline	healthy_vs_degenerated_all	ID2	0.018518518518518517	0.22502555172135333	54	1	1	0	1.0
EP_hyaline	healthy_vs_degenerated_all	MEF2A	0.0	1.0	80	0	0	0	1.0
EP_hyaline	healthy_vs_degenerated_all	PDX1	-0.017543859649122806	0.23594113335686276	57	1	0	1	1.0
EP_hyaline	healthy_vs_degenerated_all	NR2F2	-0.02040816326530612	0.20648949902523084	49	1	0	1	1.0
EP_hyaline	healthy_vs_degenerated_all	NR1H4	0.0	1.0	88	0	0	0	1.0
EP_hyaline	healthy_vs_degenerated_all	ASCL1	-0.022222222222222223	0.1913458215119073	45	1	0	1	1.0
EP_hyaline	healthy_vs_degenerated_all	RFX1	0.0	1.0	20	0	0	0	1.0
EP_hyaline	healthy_vs_degenerated_all	CRX	0.0	1.0	17	0	0	0	1.0
EP_hyaline	healthy_vs_degenerated_all	NRL	0.0	1.0	13	0	0	0	1.0
EP_hyaline	healthy_vs_degenerated_all	UBTF	0.0	1.0	9	0	0	0	1.0
EP_hyaline	healthy_vs_degenerated_all	MYBL2	-0.06382978723404255	0.0014012602980965963	47	3	0	3	0.07415900654541986
EP_hyaline	healthy_vs_degenerated_all	ELF2	0.0	1.0	8	0	0	0	1.0
EP_hyaline	healthy_vs_degenerated_all	JUND	0.0	0.0509609091470189	77	2	1	1	0.8347882260273571
EP_hyaline	healthy_vs_degenerated_all	TP63	-0.005917159763313609	0.5508567977688787	169	1	0	1	1.0
EP_hyaline	healthy_vs_degenerated_all	NFKBIB	0.0	1.0	15	0	0	0	1.0
EP_hyaline	healthy_vs_degenerated_all	HOXC6	0.0	1.0	10	0	0	0	1.0
EP_hyaline	healthy_vs_degenerated_all	FOXO1	0.0047169811320754715	0.07820590683309277	212	3	2	1	1.0
EP_hyaline	healthy_vs_degenerated_all	PITX2	0.0	1.0	93	0	0	0	1.0
EP_hyaline	healthy_vs_degenerated_all	NR5A2	0.0	1.0	42	0	0	0	1.0
EP_hyaline	healthy_vs_degenerated_all	POU2F1	-0.02857142857142857	0.04295026323356943	70	2	0	2	0.7978537483472814
EP_hyaline	healthy_vs_degenerated_all	XBP1	0.0	1.0	47	0	0	0	1.0
EP_hyaline	healthy_vs_degenerated_all	SREBF1	0.0	1.0	104	0	0	0	1.0
EP_hyaline	healthy_vs_degenerated_all	TCF3	0.0	1.0	92	0	0	0	1.0
EP_hyaline	healthy_vs_degenerated_all	LRRFIP1	0.0	1.0	10	0	0	0	1.0
EP_hyaline	healthy_vs_degenerated_all	TCF12	0.0	1.0	38	0	0	0	1.0
EP_hyaline	healthy_vs_degenerated_all	E4F1	0.1	0.046055745107464414	10	1	1	0	0.7978537483472814
EP_hyaline	healthy_vs_degenerated_all	HOXB1	0.0	1.0	7	0	0	0	1.0
EP_hyaline	healthy_vs_degenerated_all	BRCA1	-0.03636363636363636	0.00012929918864931525	55	4	1	3	0.00988420464341432
EP_hyaline	healthy_vs_degenerated_all	ZNF362	0.0	1.0	12	0	0	0	1.0
EP_hyaline	healthy_vs_degenerated_all	NRF1	0.0	1.0	75	0	0	0	1.0
EP_hyaline	healthy_vs_degenerated_all	GATA1	0.0	1.0	94	0	0	0	1.0
EP_hyaline	healthy_vs_degenerated_all	MYCN	-0.008403361344537815	0.43039338336440924	119	1	0	1	1.0
EP_hyaline	healthy_vs_degenerated_all	PKNOX1	0.0	1.0	12	0	0	0	1.0
EP_hyaline	healthy_vs_degenerated_all	NR4A3	0.0	1.0	24	0	0	0	1.0
EP_hyaline	healthy_vs_degenerated_all	SSRP1	-0.009615384615384616	0.3883890507472414	104	1	0	1	1.0
EP_hyaline	healthy_vs_degenerated_all	ZNF91	0.0	1.0	33	0	0	0	1.0
EP_hyaline	healthy_vs_degenerated_all	NR2C1	0.0	1.0	12	0	0	0	1.0
EP_hyaline	healthy_vs_degenerated_all	ID3	0.0	1.0	34	0	0	0	1.0
EP_hyaline	healthy_vs_degenerated_all	ERF	0.0	1.0	14	0	0	0	1.0
EP_hyaline	healthy_vs_degenerated_all	ZNF354C	0.0	1.0	19	0	0	0	1.0
EP_hyaline	healthy_vs_degenerated_all	HMGA2	-0.030303030303030304	0.14418040855319544	33	1	0	1	1.0
EP_hyaline	healthy_vs_degenerated_all	POU2F2	0.0	1.0	27	0	0	0	1.0
EP_hyaline	healthy_vs_degenerated_all	PHOX2B	0.0	1.0	7	0	0	0	1.0
EP_hyaline	healthy_vs_degenerated_all	SREBF2	0.0	1.0	56	0	0	0	1.0
EP_hyaline	healthy_vs_degenerated_all	ELF4	0.0	1.0	36	0	0	0	1.0
EP_hyaline	healthy_vs_degenerated_all	TTF1	0.0	1.0	43	0	0	0	1.0
EP_hyaline	healthy_vs_degenerated_all	DLX4	0.0	1.0	29	0	0	0	1.0
EP_hyaline	healthy_vs_degenerated_all	NR1I2	0.0	1.0	173	0	0	0	1.0
EP_hyaline	healthy_vs_degenerated_all	NR1H3	-0.010309278350515464	0.3677535419891566	97	1	0	1	1.0
EP_hyaline	healthy_vs_degenerated_all	MITF	-0.012345679012345678	0.3179678891529201	81	1	0	1	1.0
EP_hyaline	healthy_vs_degenerated_all	NCOA1	-0.046153846153846156	0.003552315884706611	65	3	0	3	0.15274958304238426
EP_hyaline	healthy_vs_degenerated_all	NCOR1	0.0	1.0	67	0	0	0	1.0
EP_hyaline	healthy_vs_degenerated_all	FOSL1	-0.024390243902439025	0.1759166412302773	41	1	0	1	1.0
EP_hyaline	healthy_vs_degenerated_all	JUNB	-0.013888888888888888	0.2882812837787726	72	1	0	1	1.0
EP_hyaline	healthy_vs_degenerated_all	MTF2	0.0	1.0	6	0	0	0	1.0
EP_hyaline	healthy_vs_degenerated_all	DNMT1	-0.015151515151515152	0.12800507473481781	132	2	0	2	1.0
EP_hyaline	healthy_vs_degenerated_all	KLF5	-0.046875	0.003399794109232484	64	3	0	3	0.15274958304238426
EP_hyaline	healthy_vs_degenerated_all	NR3C2	0.0	1.0	40	0	0	0	1.0
EP_hyaline	healthy_vs_degenerated_all	MYRF	0.0	1.0	7	0	0	0	1.0
EP_hyaline	healthy_vs_degenerated_all	EBF1	0.0	1.0	21	0	0	0	1.0
EP_hyaline	healthy_vs_degenerated_all	CREBBP	0.0	1.0	30	0	0	0	1.0
EP_hyaline	healthy_vs_degenerated_all	ZFPM1	-0.08333333333333333	0.05501216770950369	12	1	0	1	0.8801946833520591
EP_hyaline	healthy_vs_degenerated_all	APEX1	0.0	1.0	32	0	0	0	1.0
EP_hyaline	healthy_vs_degenerated_all	TEAD2	0.0	1.0	5	0	0	0	1.0
EP_hyaline	healthy_vs_degenerated_all	TFAM	0.0	1.0	11	0	0	0	1.0
EP_hyaline	healthy_vs_degenerated_all	IRF4	0.02631578947368421	0.16415420027423672	38	1	1	0	1.0
EP_hyaline	healthy_vs_degenerated_all	ZBED1	0.0	1.0	19	0	0	0	1.0
EP_hyaline	healthy_vs_degenerated_all	NCOA2	0.0	1.0	50	0	0	0	1.0
EP_hyaline	healthy_vs_degenerated_all	FOXA1	-0.025	0.17201411545867648	40	1	0	1	1.0
EP_hyaline	healthy_vs_degenerated_all	NR4A2	0.0	1.0	40	0	0	0	1.0
EP_hyaline	healthy_vs_degenerated_all	KLF1	0.0	1.0	19	0	0	0	1.0
EP_hyaline	healthy_vs_degenerated_all	LHX3	0.0	1.0	7	0	0	0	1.0
EP_hyaline	healthy_vs_degenerated_all	CTCF	0.0	1.0	114	0	0	0	1.0
EP_hyaline	healthy_vs_degenerated_all	BCL6	0.014925373134328358	0.2712407321771735	67	1	1	0	1.0
EP_hyaline	healthy_vs_degenerated_all	RB1	0.0	1.0	32	0	0	0	1.0
EP_hyaline	healthy_vs_degenerated_all	TFCP2	0.0	1.0	53	0	0	0	1.0
EP_hyaline	healthy_vs_degenerated_all	REST	-0.027777777777777776	0.15622056895673098	36	1	0	1	1.0
EP_hyaline	healthy_vs_degenerated_all	ESRRA	0.0	1.0	38	0	0	0	1.0
EP_hyaline	healthy_vs_degenerated_all	HOXD3	0.0	1.0	9	0	0	0	1.0
EP_hyaline	healthy_vs_degenerated_all	IRF9	0.0	1.0	17	0	0	0	1.0
EP_hyaline	healthy_vs_degenerated_all	TFE3	0.0	1.0	33	0	0	0	1.0
EP_hyaline	healthy_vs_degenerated_all	ZNF236	0.0	1.0	7	0	0	0	1.0
EP_hyaline	healthy_vs_degenerated_all	TFAP2C	0.0	1.0	22	0	0	0	1.0
EP_hyaline	healthy_vs_degenerated_all	PAX8	0.0	1.0	21	0	0	0	1.0
EP_hyaline	healthy_vs_degenerated_all	NKX2-1	-0.05128205128205128	0.014467272944533217	39	2	0	2	0.4524310811744933
EP_hyaline	healthy_vs_degenerated_all	PBX1	0.0	1.0	41	0	0	0	1.0
EP_hyaline	healthy_vs_degenerated_all	SP4	0.0	1.0	40	0	0	0	1.0
EP_hyaline	healthy_vs_degenerated_all	CIITA	0.0	1.0	26	0	0	0	1.0
EP_hyaline	healthy_vs_degenerated_all	CDX2	0.0	1.0	40	0	0	0	1.0
EP_hyaline	healthy_vs_degenerated_all	ELF3	0.0	1.0	17	0	0	0	1.0
EP_hyaline	healthy_vs_degenerated_all	ELF5	0.0	1.0	8	0	0	0	1.0
EP_hyaline	healthy_vs_degenerated_all	ZEB1	-0.023809523809523808	0.1798009912744195	42	1	0	1	1.0
EP_hyaline	healthy_vs_degenerated_all	EGR3	0.0	1.0	24	0	0	0	1.0
EP_hyaline	healthy_vs_degenerated_all	EWSR1	-0.02	0.21023142245653847	50	1	0	1	1.0
EP_hyaline	healthy_vs_degenerated_all	NAB2	0.0	1.0	6	0	0	0	1.0
EP_hyaline	healthy_vs_degenerated_all	DEAF1	0.0	1.0	11	0	0	0	1.0
EP_hyaline	healthy_vs_degenerated_all	TBPL1	0.0	1.0	30	0	0	0	1.0
EP_hyaline	healthy_vs_degenerated_all	MEF2C	0.0	1.0	53	0	0	0	1.0
EP_hyaline	healthy_vs_degenerated_all	POU4F2	0.0	1.0	19	0	0	0	1.0
EP_hyaline	healthy_vs_degenerated_all	TAL1	-0.0136986301369863	0.29164184432754064	73	1	0	1	1.0
EP_hyaline	healthy_vs_degenerated_all	EPAS1	0.0	1.0	73	0	0	0	1.0
EP_hyaline	healthy_vs_degenerated_all	SMARCA1	-0.046511627906976744	0.017418157223698553	43	2	0	2	0.49932050707935854
EP_hyaline	healthy_vs_degenerated_all	NFATC4	0.0	1.0	32	0	0	0	1.0
EP_hyaline	healthy_vs_degenerated_all	FOXM1	-0.05333333333333334	0.0004290692711474174	75	4	0	4	0.029519965854942317
EP_hyaline	healthy_vs_degenerated_all	MYF5	0.0	1.0	17	0	0	0	1.0
EP_hyaline	healthy_vs_degenerated_all	MYOG	0.0	1.0	41	0	0	0	1.0
EP_hyaline	healthy_vs_degenerated_all	SMAD7	0.0	1.0	50	0	0	0	1.0
EP_hyaline	healthy_vs_degenerated_all	SOX10	0.0	1.0	22	0	0	0	1.0
EP_hyaline	healthy_vs_degenerated_all	POU3F1	0.0	1.0	11	0	0	0	1.0
EP_hyaline	healthy_vs_degenerated_all	NKRF	0.0	1.0	8	0	0	0	1.0
EP_hyaline	healthy_vs_degenerated_all	ATF6	0.0	1.0	45	0	0	0	1.0
EP_hyaline	healthy_vs_degenerated_all	HOPX	0.0	1.0	5	0	0	0	1.0
EP_hyaline	healthy_vs_degenerated_all	NKX6-1	0.0	1.0	7	0	0	0	1.0
EP_hyaline	healthy_vs_degenerated_all	ERG	-0.022222222222222223	0.1913458215119073	45	1	0	1	1.0
EP_hyaline	healthy_vs_degenerated_all	PITX3	0.0	1.0	16	0	0	0	1.0
EP_hyaline	healthy_vs_degenerated_all	HOXB2	0.0	1.0	6	0	0	0	1.0
EP_hyaline	healthy_vs_degenerated_all	SATB1	0.0	1.0	37	0	0	0	1.0
EP_hyaline	healthy_vs_degenerated_all	NFKB2	0.0	1.0	47	0	0	0	1.0
EP_hyaline	healthy_vs_degenerated_all	RORA	0.0	1.0	51	0	0	0	1.0
EP_hyaline	healthy_vs_degenerated_all	PROX1	0.0	1.0	21	0	0	0	1.0
EP_hyaline	healthy_vs_degenerated_all	KLF3	0.0	1.0	8	0	0	0	1.0
EP_hyaline	healthy_vs_degenerated_all	PEG3	0.0	1.0	6	0	0	0	1.0
EP_hyaline	healthy_vs_degenerated_all	NR2E3	0.0	1.0	9	0	0	0	1.0
EP_hyaline	healthy_vs_degenerated_all	NCOR2	-0.020833333333333332	0.20273005841147554	48	1	0	1	1.0
EP_hyaline	healthy_vs_degenerated_all	NCOA3	-0.01694915254237288	0.24313364591710562	59	1	0	1	1.0
EP_hyaline	healthy_vs_degenerated_all	ZFHX3	0.0	1.0	9	0	0	0	1.0
EP_hyaline	healthy_vs_degenerated_all	SMAD1	0.0	1.0	55	0	0	0	1.0
EP_hyaline	healthy_vs_degenerated_all	SPDEF	0.0	1.0	11	0	0	0	1.0
EP_hyaline	healthy_vs_degenerated_all	PAX2	0.0	1.0	16	0	0	0	1.0
EP_hyaline	healthy_vs_degenerated_all	KLF13	0.0	1.0	11	0	0	0	1.0
EP_hyaline	healthy_vs_degenerated_all	GTF2IRD1	0.0	1.0	6	0	0	0	1.0
EP_hyaline	healthy_vs_degenerated_all	MAFB	0.0	1.0	28	0	0	0	1.0
EP_hyaline	healthy_vs_degenerated_all	NR2F6	0.0	1.0	7	0	0	0	1.0
EP_hyaline	healthy_vs_degenerated_all	ELK3	0.0	1.0	20	0	0	0	1.0
EP_hyaline	healthy_vs_degenerated_all	KLF6	0.0	1.0	44	0	0	0	1.0
EP_hyaline	healthy_vs_degenerated_all	SNAI1	0.0	1.0	84	0	0	0	1.0
EP_hyaline	healthy_vs_degenerated_all	HESX1	0.0	1.0	17	0	0	0	1.0
EP_hyaline	healthy_vs_degenerated_all	BACH2	0.0	1.0	5	0	0	0	1.0
EP_hyaline	healthy_vs_degenerated_all	PATZ1	0.0	1.0	9	0	0	0	1.0
EP_hyaline	healthy_vs_degenerated_all	ZHX2	0.09090909090909091	0.050544391612672386	11	1	1	0	0.8347882260273571
EP_hyaline	healthy_vs_degenerated_all	ONECUT1	0.0	1.0	20	0	0	0	1.0
EP_hyaline	healthy_vs_degenerated_all	RXRA	0.0	1.0	74	0	0	0	1.0
EP_hyaline	healthy_vs_degenerated_all	NR1H2	0.0	1.0	38	0	0	0	1.0
EP_hyaline	healthy_vs_degenerated_all	KAT5	0.0	1.0	45	0	0	0	1.0
EP_hyaline	healthy_vs_degenerated_all	YBX3	0.0	1.0	21	0	0	0	1.0
EP_hyaline	healthy_vs_degenerated_all	SMAD6	0.0	1.0	21	0	0	0	1.0
EP_hyaline	healthy_vs_degenerated_all	MYBL1	0.0	1.0	11	0	0	0	1.0
EP_hyaline	healthy_vs_degenerated_all	CDX1	0.0	1.0	24	0	0	0	1.0
EP_hyaline	healthy_vs_degenerated_all	TFDP1	-0.06666666666666667	0.008727839067455442	30	2	0	2	0.3160396462320707
EP_hyaline	healthy_vs_degenerated_all	KLF12	0.0	1.0	8	0	0	0	1.0
EP_hyaline	healthy_vs_degenerated_all	KMT2A	-0.015384615384615385	0.26431218636887827	65	1	0	1	1.0
EP_hyaline	healthy_vs_degenerated_all	GATA2	0.0	1.0	64	0	0	0	1.0
EP_hyaline	healthy_vs_degenerated_all	PRDM1	0.0	1.0	45	0	0	0	1.0
EP_hyaline	healthy_vs_degenerated_all	MXD1	0.0	1.0	19	0	0	0	1.0
EP_hyaline	healthy_vs_degenerated_all	CLOCK	0.0	1.0	56	0	0	0	1.0
EP_hyaline	healthy_vs_degenerated_all	BHLHE40	0.0	1.0	32	0	0	0	1.0
EP_hyaline	healthy_vs_degenerated_all	SRY	0.0	1.0	28	0	0	0	1.0
EP_hyaline	healthy_vs_degenerated_all	MAF	0.0	1.0	42	0	0	0	1.0
EP_hyaline	healthy_vs_degenerated_all	AIRE	0.0	1.0	13	0	0	0	1.0
EP_hyaline	healthy_vs_degenerated_all	ZGPAT	0.0	1.0	6	0	0	0	1.0
EP_hyaline	healthy_vs_degenerated_all	ETV1	0.0	1.0	20	0	0	0	1.0
EP_hyaline	healthy_vs_degenerated_all	KLF4	0.0	0.07104368671741602	93	2	1	1	1.0
EP_hyaline	healthy_vs_degenerated_all	EGR2	0.0	1.0	55	0	0	0	1.0
EP_hyaline	healthy_vs_degenerated_all	SIX4	0.0	1.0	5	0	0	0	1.0
EP_hyaline	healthy_vs_degenerated_all	NEUROG3	0.0	1.0	19	0	0	0	1.0
EP_hyaline	healthy_vs_degenerated_all	CXXC1	0.0	1.0	17	0	0	0	1.0
EP_hyaline	healthy_vs_degenerated_all	TBX21	0.0	1.0	31	0	0	0	1.0
EP_hyaline	healthy_vs_degenerated_all	HOXA10	0.0	1.0	42	0	0	0	1.0
EP_hyaline	healthy_vs_degenerated_all	LMX1B	0.0	1.0	15	0	0	0	1.0
EP_hyaline	healthy_vs_degenerated_all	TBX2	0.0	1.0	24	0	0	0	1.0
EP_hyaline	healthy_vs_degenerated_all	ZNF699	-0.02702702702702703	0.16019664167117253	37	1	0	1	1.0
EP_hyaline	healthy_vs_degenerated_all	RFX5	0.0	1.0	18	0	0	0	1.0
EP_hyaline	healthy_vs_degenerated_all	RFXANK	0.0	1.0	13	0	0	0	1.0
EP_hyaline	healthy_vs_degenerated_all	RFXAP	0.0	1.0	12	0	0	0	1.0
EP_hyaline	healthy_vs_degenerated_all	BARX2	0.0	1.0	12	0	0	0	1.0
EP_hyaline	healthy_vs_degenerated_all	FOXO4	0.0	1.0	25	0	0	0	1.0
EP_hyaline	healthy_vs_degenerated_all	DLX5	0.0	1.0	31	0	0	0	1.0
EP_hyaline	healthy_vs_degenerated_all	ID4	0.0	1.0	11	0	0	0	1.0
EP_hyaline	healthy_vs_degenerated_all	ZNF423	0.0	1.0	5	0	0	0	1.0
EP_hyaline	healthy_vs_degenerated_all	SPIB	0.0	1.0	11	0	0	0	1.0
EP_hyaline	healthy_vs_degenerated_all	FOXN1	0.0	1.0	39	0	0	0	1.0
EP_hyaline	healthy_vs_degenerated_all	TBX5	0.0	1.0	17	0	0	0	1.0
EP_hyaline	healthy_vs_degenerated_all	TLX1	0.0	1.0	8	0	0	0	1.0
EP_hyaline	healthy_vs_degenerated_all	HIVEP1	0.0	1.0	7	0	0	0	1.0
EP_hyaline	healthy_vs_degenerated_all	SMAD2	0.0	1.0	77	0	0	0	1.0
EP_hyaline	healthy_vs_degenerated_all	NKX3-1	0.0	1.0	58	0	0	0	1.0
EP_hyaline	healthy_vs_degenerated_all	HAND1	0.0	1.0	7	0	0	0	1.0
EP_hyaline	healthy_vs_degenerated_all	HAND2	0.0	1.0	26	0	0	0	1.0
EP_hyaline	healthy_vs_degenerated_all	PAX7	0.0	1.0	10	0	0	0	1.0
EP_hyaline	healthy_vs_degenerated_all	SFPQ	0.0	1.0	26	0	0	0	1.0
EP_hyaline	healthy_vs_degenerated_all	BMAL1	0.0	1.0	49	0	0	0	1.0
EP_hyaline	healthy_vs_degenerated_all	SKIL	0.0	1.0	18	0	0	0	1.0
EP_hyaline	healthy_vs_degenerated_all	TBXT	0.0	1.0	9	0	0	0	1.0
EP_hyaline	healthy_vs_degenerated_all	MSX2	0.0	1.0	33	0	0	0	1.0
EP_hyaline	healthy_vs_degenerated_all	MZF1	0.0	1.0	18	0	0	0	1.0
EP_hyaline	healthy_vs_degenerated_all	HOXA5	0.0	1.0	13	0	0	0	1.0
EP_hyaline	healthy_vs_degenerated_all	HOXB4	0.0	1.0	9	0	0	0	1.0
EP_hyaline	healthy_vs_degenerated_all	CREB3	0.0	1.0	9	0	0	0	1.0
EP_hyaline	healthy_vs_degenerated_all	NFE2	0.0	1.0	14	0	0	0	1.0
EP_hyaline	healthy_vs_degenerated_all	ZNF76	0.0	1.0	7	0	0	0	1.0
EP_hyaline	healthy_vs_degenerated_all	FOXQ1	0.0	1.0	16	0	0	0	1.0
EP_hyaline	healthy_vs_degenerated_all	ZGLP1	0.0	1.0	14	0	0	0	1.0
EP_hyaline	healthy_vs_degenerated_all	NFYB	0.0	1.0	34	0	0	0	1.0
EP_hyaline	healthy_vs_degenerated_all	ETV3	0.0	1.0	11	0	0	0	1.0
EP_hyaline	healthy_vs_degenerated_all	GSC	0.0	1.0	7	0	0	0	1.0
EP_hyaline	healthy_vs_degenerated_all	IRF7	0.0	1.0	12	0	0	0	1.0
EP_hyaline	healthy_vs_degenerated_all	NFATC3	0.0	1.0	25	0	0	0	1.0
EP_hyaline	healthy_vs_degenerated_all	KDM5A	0.0	1.0	15	0	0	0	1.0
EP_hyaline	healthy_vs_degenerated_all	GRHL3	0.0	1.0	20	0	0	0	1.0
EP_hyaline	healthy_vs_degenerated_all	THRA	0.0	1.0	57	0	0	0	1.0
EP_hyaline	healthy_vs_degenerated_all	SOX17	0.0	1.0	36	0	0	0	1.0
EP_hyaline	healthy_vs_degenerated_all	ZIC2	0.0	1.0	6	0	0	0	1.0
EP_hyaline	healthy_vs_degenerated_all	TBX15	0.0	1.0	25	0	0	0	1.0
EP_hyaline	healthy_vs_degenerated_all	NFAT5	0.0	1.0	39	0	0	0	1.0
EP_hyaline	healthy_vs_degenerated_all	MEF2B	0.0	1.0	5	0	0	0	1.0
EP_hyaline	healthy_vs_degenerated_all	BMAL2	0.0	1.0	8	0	0	0	1.0
EP_hyaline	healthy_vs_degenerated_all	NFE2L2	0.0	1.0	164	0	0	0	1.0
EP_hyaline	healthy_vs_degenerated_all	ZIC1	0.0	1.0	11	0	0	0	1.0
EP_hyaline	healthy_vs_degenerated_all	MEIS1	0.0	1.0	15	0	0	0	1.0
EP_hyaline	healthy_vs_degenerated_all	HOXA9	0.0	1.0	33	0	0	0	1.0
EP_hyaline	healthy_vs_degenerated_all	MAFA	0.0	1.0	11	0	0	0	1.0
EP_hyaline	healthy_vs_degenerated_all	NR1D1	0.0	1.0	18	0	0	0	1.0
EP_hyaline	healthy_vs_degenerated_all	MYF6	0.0	1.0	8	0	0	0	1.0
EP_hyaline	healthy_vs_degenerated_all	ZNF263	0.0	1.0	8	0	0	0	1.0
EP_hyaline	healthy_vs_degenerated_all	NFIA	0.0	1.0	40	0	0	0	1.0
EP_hyaline	healthy_vs_degenerated_all	HEY2	0.0	1.0	14	0	0	0	1.0
EP_hyaline	healthy_vs_degenerated_all	HOXB7	0.0	1.0	18	0	0	0	1.0
EP_hyaline	healthy_vs_degenerated_all	ZNF350	0.0	1.0	9	0	0	0	1.0
EP_hyaline	healthy_vs_degenerated_all	BCL11A	0.0	1.0	8	0	0	0	1.0
EP_hyaline	healthy_vs_degenerated_all	TWIST1	0.0	1.0	63	0	0	0	1.0
EP_hyaline	healthy_vs_degenerated_all	ZNF395	0.0	1.0	5	0	0	0	1.0
EP_hyaline	healthy_vs_degenerated_all	TFDP2	0.0	1.0	6	0	0	0	1.0
EP_hyaline	healthy_vs_degenerated_all	GTF3A	0.0	1.0	18	0	0	0	1.0
EP_hyaline	healthy_vs_degenerated_all	KLF10	0.0	1.0	22	0	0	0	1.0
EP_hyaline	healthy_vs_degenerated_all	KLF2	-0.021739130434782608	0.1951583012219032	46	1	0	1	1.0
EP_hyaline	healthy_vs_degenerated_all	PHF20	0.0	1.0	8	0	0	0	1.0
EP_hyaline	healthy_vs_degenerated_all	TGIF1	0.0	1.0	8	0	0	0	1.0
EP_hyaline	healthy_vs_degenerated_all	FOXG1	-0.0625	0.07267647900373295	16	1	0	1	1.0
EP_hyaline	healthy_vs_degenerated_all	SF1	0.0	1.0	6	0	0	0	1.0
EP_hyaline	healthy_vs_degenerated_all	MBD2	0.0	1.0	68	0	0	0	1.0
EP_hyaline	healthy_vs_degenerated_all	FOXF2	0.0	1.0	9	0	0	0	1.0
EP_hyaline	healthy_vs_degenerated_all	ZBTB32	0.0	1.0	5	0	0	0	1.0
EP_hyaline	healthy_vs_degenerated_all	HEY1	0.0	1.0	25	0	0	0	1.0
EP_hyaline	healthy_vs_degenerated_all	ZBTB17	0.0	1.0	38	0	0	0	1.0
EP_hyaline	healthy_vs_degenerated_all	IRF5	0.0	1.0	14	0	0	0	1.0
EP_hyaline	healthy_vs_degenerated_all	THRB	0.0	1.0	38	0	0	0	1.0
EP_hyaline	healthy_vs_degenerated_all	POU3F2	0.0	1.0	20	0	0	0	1.0
EP_hyaline	healthy_vs_degenerated_all	FOXI1	0.0	1.0	7	0	0	0	1.0
EP_hyaline	healthy_vs_degenerated_all	KCNIP3	0.0	1.0	11	0	0	0	1.0
EP_hyaline	healthy_vs_degenerated_all	FOSB	-0.03225806451612903	0.13605948527582035	31	1	0	1	1.0
EP_hyaline	healthy_vs_degenerated_all	NFE2L1	0.0	1.0	8	0	0	0	1.0
EP_hyaline	healthy_vs_degenerated_all	TRERF1	0.0	1.0	11	0	0	0	1.0
EP_hyaline	healthy_vs_degenerated_all	SOX18	0.0	1.0	5	0	0	0	1.0
EP_hyaline	healthy_vs_degenerated_all	FOXP1	0.0	1.0	16	0	0	0	1.0
EP_hyaline	healthy_vs_degenerated_all	FOXP2	0.0	1.0	6	0	0	0	1.0
EP_hyaline	healthy_vs_degenerated_all	BARX1	0.0	1.0	8	0	0	0	1.0
EP_hyaline	healthy_vs_degenerated_all	ZFPM2	0.0	1.0	9	0	0	0	1.0
EP_hyaline	healthy_vs_degenerated_all	IKZF1	0.0	1.0	28	0	0	0	1.0
EP_hyaline	healthy_vs_degenerated_all	BCL3	-0.045454545454545456	0.09856293494322972	22	1	0	1	1.0
EP_hyaline	healthy_vs_degenerated_all	SP2	0.0	1.0	18	0	0	0	1.0
EP_hyaline	healthy_vs_degenerated_all	SIM2	0.0	1.0	10	0	0	0	1.0
EP_hyaline	healthy_vs_degenerated_all	NFATC1	-0.012048192771084338	0.3243968837038197	83	1	0	1	1.0
EP_hyaline	healthy_vs_degenerated_all	POU2F3	0.0	1.0	6	0	0	0	1.0
EP_hyaline	healthy_vs_degenerated_all	HOXA7	0.0	1.0	12	0	0	0	1.0
EP_hyaline	healthy_vs_degenerated_all	NPAS2	0.0	1.0	8	0	0	0	1.0
EP_hyaline	healthy_vs_degenerated_all	DLX2	0.0	1.0	15	0	0	0	1.0
EP_hyaline	healthy_vs_degenerated_all	PRRX1	0.0	1.0	6	0	0	0	1.0
EP_hyaline	healthy_vs_degenerated_all	VEZF1	0.0	1.0	6	0	0	0	1.0
EP_hyaline	healthy_vs_degenerated_all	CTBP2	0.0	1.0	11	0	0	0	1.0
EP_hyaline	healthy_vs_degenerated_all	SOX6	0.058823529411764705	0.07704133251509049	17	1	1	0	1.0
EP_hyaline	healthy_vs_degenerated_all	HIPK2	0.0	1.0	8	0	0	0	1.0
EP_hyaline	healthy_vs_degenerated_all	FOXA3	0.0	1.0	10	0	0	0	1.0
EP_hyaline	healthy_vs_degenerated_all	RORC	0.0	1.0	6	0	0	0	1.0
EP_hyaline	healthy_vs_degenerated_all	PPARD	0.0	1.0	76	0	0	0	1.0
EP_hyaline	healthy_vs_degenerated_all	MECOM	0.0	1.0	18	0	0	0	1.0
EP_hyaline	healthy_vs_degenerated_all	SIRT1	0.0	1.0	53	0	0	0	1.0
EP_hyaline	healthy_vs_degenerated_all	ZBTB7B	0.0	1.0	13	0	0	0	1.0
EP_hyaline	healthy_vs_degenerated_all	ZBTB7A	0.0	0.00989151374636248	32	2	1	1	0.34026807287486927
EP_hyaline	healthy_vs_degenerated_all	NR6A1	0.0	1.0	9	0	0	0	1.0
EP_hyaline	healthy_vs_degenerated_all	STAT2	0.0	1.0	34	0	0	0	1.0
EP_hyaline	healthy_vs_degenerated_all	ESRRG	0.0	1.0	19	0	0	0	1.0
EP_hyaline	healthy_vs_degenerated_all	PRDM2	0.0	1.0	9	0	0	0	1.0
EP_hyaline	healthy_vs_degenerated_all	PURA	0.0	1.0	17	0	0	0	1.0
EP_hyaline	healthy_vs_degenerated_all	TBX1	0.0	1.0	7	0	0	0	1.0
EP_hyaline	healthy_vs_degenerated_all	SALL2	0.0	1.0	6	0	0	0	1.0
EP_hyaline	healthy_vs_degenerated_all	ATOH1	0.0	1.0	5	0	0	0	1.0
EP_hyaline	healthy_vs_degenerated_all	NEUROD6	0.0	1.0	9	0	0	0	1.0
EP_hyaline	healthy_vs_degenerated_all	NEUROG1	0.0	1.0	8	0	0	0	1.0
EP_hyaline	healthy_vs_degenerated_all	NEUROG2	0.0	1.0	15	0	0	0	1.0
EP_hyaline	healthy_vs_degenerated_all	HMGB2	-0.125	0.03701545518365196	8	1	0	1	0.7958322864485171
EP_hyaline	healthy_vs_degenerated_all	DLX3	0.0	1.0	12	0	0	0	1.0
EP_hyaline	healthy_vs_degenerated_all	TWIST2	0.0	1.0	32	0	0	0	1.0
EP_hyaline	healthy_vs_degenerated_all	TFAP4	0.0	1.0	33	0	0	0	1.0
EP_hyaline	healthy_vs_degenerated_all	KAT6B	0.0	1.0	6	0	0	0	1.0
EP_hyaline	healthy_vs_degenerated_all	SALL3	0.0	1.0	7	0	0	0	1.0
EP_hyaline	healthy_vs_degenerated_all	MXI1	0.125	0.03701545518365196	8	1	1	0	0.7958322864485171
EP_hyaline	healthy_vs_degenerated_all	E2F5	-0.1	0.046055745107464414	10	1	0	1	0.7978537483472814
EP_hyaline	healthy_vs_degenerated_all	E2F2	-0.10638297872340426	2.6782917216147983e-06	47	5	0	5	0.00036853294089419624
EP_hyaline	healthy_vs_degenerated_all	FOXD3	0.0	1.0	12	0	0	0	1.0
EP_hyaline	healthy_vs_degenerated_all	POU5F1	0.0	1.0	60	0	0	0	1.0
EP_hyaline	healthy_vs_degenerated_all	PLAGL1	0.0	1.0	14	0	0	0	1.0
EP_hyaline	healthy_vs_degenerated_all	SNAI2	0.02631578947368421	0.16415420027423672	38	1	1	0	1.0
EP_hyaline	healthy_vs_degenerated_all	NOTCH1	0.0	1.0	55	0	0	0	1.0
EP_hyaline	healthy_vs_degenerated_all	FOXC2	0.0	1.0	15	0	0	0	1.0
EP_hyaline	healthy_vs_degenerated_all	FOXD1	0.0	1.0	6	0	0	0	1.0
EP_hyaline	healthy_vs_degenerated_all	KLF9	0.0	1.0	21	0	0	0	1.0
EP_hyaline	healthy_vs_degenerated_all	TBPL2	0.0	1.0	8	0	0	0	1.0
EP_hyaline	healthy_vs_degenerated_all	NFIL3	0.0	1.0	24	0	0	0	1.0
EP_hyaline	healthy_vs_degenerated_all	ZNF384	0.0	1.0	16	0	0	0	1.0
EP_hyaline	healthy_vs_degenerated_all	HOXA11	0.0	1.0	6	0	0	0	1.0
EP_hyaline	healthy_vs_degenerated_all	MEF2D	0.0	1.0	19	0	0	0	1.0
EP_hyaline	healthy_vs_degenerated_all	SMAD5	0.0	1.0	31	0	0	0	1.0
EP_hyaline	healthy_vs_degenerated_all	PBX2	0.0	1.0	7	0	0	0	1.0
EP_hyaline	healthy_vs_degenerated_all	EMX2	0.0	1.0	5	0	0	0	1.0
EP_hyaline	healthy_vs_degenerated_all	MLXIPL	0.0	1.0	13	0	0	0	1.0
EP_hyaline	healthy_vs_degenerated_all	ZBTB33	0.0	1.0	10	0	0	0	1.0
EP_hyaline	healthy_vs_degenerated_all	ETV2	0.0	1.0	7	0	0	0	1.0
EP_hyaline	healthy_vs_degenerated_all	KLF15	0.0	1.0	20	0	0	0	1.0
EP_hyaline	healthy_vs_degenerated_all	DNMT3A	0.0	1.0	48	0	0	0	1.0
EP_hyaline	healthy_vs_degenerated_all	DNMT3B	-0.017543859649122806	0.23594113335686276	57	1	0	1	1.0
EP_hyaline	healthy_vs_degenerated_all	OLIG2	-0.26666666666666666	5.971340064119802e-07	15	4	0	4	0.00010270704910286059
EP_hyaline	healthy_vs_degenerated_all	RREB1	0.0	1.0	6	0	0	0	1.0
EP_hyaline	healthy_vs_degenerated_all	ZNF202	0.0	1.0	6	0	0	0	1.0
EP_hyaline	healthy_vs_degenerated_all	MAFG	0.0	1.0	9	0	0	0	1.0
EP_hyaline	healthy_vs_degenerated_all	TEF	0.0	1.0	10	0	0	0	1.0
EP_hyaline	healthy_vs_degenerated_all	HOXD13	0.0	1.0	14	0	0	0	1.0
EP_hyaline	healthy_vs_degenerated_all	ZKSCAN7	0.0	1.0	9	0	0	0	1.0
EP_hyaline	healthy_vs_degenerated_all	BACH1	0.0	1.0	12	0	0	0	1.0
EP_hyaline	healthy_vs_degenerated_all	MYT1	0.0	1.0	5	0	0	0	1.0
EP_hyaline	healthy_vs_degenerated_all	ZNF160	0.0	1.0	5	0	0	0	1.0
EP_hyaline	healthy_vs_degenerated_all	TEAD4	0.0	1.0	9	0	0	0	1.0
EP_hyaline	healthy_vs_degenerated_all	GCM1	0.0	1.0	8	0	0	0	1.0
EP_hyaline	healthy_vs_degenerated_all	BHLHE41	0.0	1.0	23	0	0	0	1.0
EP_hyaline	healthy_vs_degenerated_all	MTA1	-0.023255813953488372	0.18366724922800823	43	1	0	1	1.0
EP_hyaline	healthy_vs_degenerated_all	EHF	0.0	1.0	7	0	0	0	1.0
EP_hyaline	healthy_vs_degenerated_all	TCF7L2	0.0	1.0	94	0	0	0	1.0
EP_hyaline	healthy_vs_degenerated_all	VSX2	0.0	1.0	22	0	0	0	1.0
EP_hyaline	healthy_vs_degenerated_all	TSC22D1	0.0	1.0	7	0	0	0	1.0
EP_hyaline	healthy_vs_degenerated_all	SOX5	0.0	1.0	16	0	0	0	1.0
EP_hyaline	healthy_vs_degenerated_all	SOX2	0.0	1.0	51	0	0	0	1.0
EP_hyaline	healthy_vs_degenerated_all	NKX3-2	0.0	1.0	7	0	0	0	1.0
EP_hyaline	healthy_vs_degenerated_all	PAX9	-0.125	0.03701545518365196	8	1	0	1	0.7958322864485171
EP_hyaline	healthy_vs_degenerated_all	TCF21	0.0	1.0	9	0	0	0	1.0
EP_hyaline	healthy_vs_degenerated_all	HIC1	-0.15789473684210525	9.207315915851641e-05	19	3	0	3	0.007918291687632412
EP_hyaline	healthy_vs_degenerated_all	ZEB2	0.0	1.0	24	0	0	0	1.0
EP_hyaline	healthy_vs_degenerated_all	ZNF335	0.0	1.0	6	0	0	0	1.0
EP_hyaline	healthy_vs_degenerated_all	NONO	0.0	1.0	16	0	0	0	1.0
EP_hyaline	healthy_vs_degenerated_all	CEBPZ	0.0	1.0	15	0	0	0	1.0
EP_hyaline	healthy_vs_degenerated_all	TFEB	0.0	1.0	5	0	0	0	1.0
EP_hyaline	healthy_vs_degenerated_all	SIX1	0.0	1.0	10	0	0	0	1.0
EP_hyaline	healthy_vs_degenerated_all	NFIX	0.0	1.0	19	0	0	0	1.0
EP_hyaline	healthy_vs_degenerated_all	MNT	0.0	1.0	9	0	0	0	1.0
EP_hyaline	healthy_vs_degenerated_all	KDM5D	0.0	1.0	5	0	0	0	1.0
EP_hyaline	healthy_vs_degenerated_all	TBX6	0.0	1.0	6	0	0	0	1.0
EP_hyaline	healthy_vs_degenerated_all	HOXA1	0.0	1.0	22	0	0	0	1.0
EP_hyaline	healthy_vs_degenerated_all	BCL11B	0.0	1.0	20	0	0	0	1.0
EP_hyaline	healthy_vs_degenerated_all	RXRB	0.0	1.0	10	0	0	0	1.0
EP_hyaline	healthy_vs_degenerated_all	E2F6	-0.02702702702702703	0.16019664167117253	37	1	0	1	1.0
EP_hyaline	healthy_vs_degenerated_all	HOXA13	0.0	1.0	9	0	0	0	1.0
EP_hyaline	healthy_vs_degenerated_all	KAT6A	0.0	1.0	11	0	0	0	1.0
EP_hyaline	healthy_vs_degenerated_all	GFI1	0.0	1.0	40	0	0	0	1.0
EP_hyaline	healthy_vs_degenerated_all	RUNX3	0.0	1.0	57	0	0	0	1.0
EP_hyaline	healthy_vs_degenerated_all	GLI1	-0.014184397163120567	0.14234050523137384	141	2	0	2	1.0
EP_hyaline	healthy_vs_degenerated_all	KLF8	0.0	1.0	16	0	0	0	1.0
EP_hyaline	healthy_vs_degenerated_all	HIF3A	0.0	1.0	5	0	0	0	1.0
EP_hyaline	healthy_vs_degenerated_all	BHLHA15	0.0	1.0	12	0	0	0	1.0
EP_hyaline	healthy_vs_degenerated_all	MEOX2	0.0	1.0	6	0	0	0	1.0
EP_hyaline	healthy_vs_degenerated_all	JARID2	0.0	1.0	11	0	0	0	1.0
EP_hyaline	healthy_vs_degenerated_all	NFYC	0.0	1.0	19	0	0	0	1.0
EP_hyaline	healthy_vs_degenerated_all	GFI1B	0.0	1.0	10	0	0	0	1.0
EP_hyaline	healthy_vs_degenerated_all	ASCL2	0.0	1.0	7	0	0	0	1.0
EP_hyaline	healthy_vs_degenerated_all	MSC	0.045454545454545456	0.09856293494322972	22	1	1	0	1.0
EP_hyaline	healthy_vs_degenerated_all	HOXB9	0.0	1.0	6	0	0	0	1.0
EP_hyaline	healthy_vs_degenerated_all	HLX	-0.07692307692307693	0.05945916927322369	13	1	0	1	0.9090646324439534
EP_hyaline	healthy_vs_degenerated_all	RCOR2	0.0	1.0	12	0	0	0	1.0
EP_hyaline	healthy_vs_degenerated_all	NKX2-2	0.0	1.0	13	0	0	0	1.0
EP_hyaline	healthy_vs_degenerated_all	ARID4A	0.0	1.0	6	0	0	0	1.0
EP_hyaline	healthy_vs_degenerated_all	HINFP	-0.1	0.046055745107464414	10	1	0	1	0.7978537483472814
EP_hyaline	healthy_vs_degenerated_all	SMARCC1	0.0	1.0	6	0	0	0	1.0
EP_hyaline	healthy_vs_degenerated_all	KAT2B	0.07142857142857142	0.06388549174400912	14	1	1	0	0.9555047460843104
EP_hyaline	healthy_vs_degenerated_all	HDGF	0.0	1.0	6	0	0	0	1.0
EP_hyaline	healthy_vs_degenerated_all	EP300	0.0	1.0	53	0	0	0	1.0
EP_hyaline	healthy_vs_degenerated_all	TRPS1	0.0	1.0	15	0	0	0	1.0
EP_hyaline	healthy_vs_degenerated_all	CTNNB1	0.0	1.0	253	0	0	0	1.0
EP_hyaline	healthy_vs_degenerated_all	PML	0.0	1.0	16	0	0	0	1.0
EP_hyaline	healthy_vs_degenerated_all	KLF7	0.0	1.0	9	0	0	0	1.0
EP_hyaline	healthy_vs_degenerated_all	PROP1	0.0	1.0	6	0	0	0	1.0
EP_hyaline	healthy_vs_degenerated_all	LMO2	0.0	1.0	25	0	0	0	1.0
EP_hyaline	healthy_vs_degenerated_all	TBX20	0.0	1.0	6	0	0	0	1.0
EP_hyaline	healthy_vs_degenerated_all	MEOX1	0.0	1.0	7	0	0	0	1.0
EP_hyaline	healthy_vs_degenerated_all	FOXL2	0.0	1.0	18	0	0	0	1.0
EP_hyaline	healthy_vs_degenerated_all	HTATIP2	0.0	1.0	15	0	0	0	1.0
EP_hyaline	healthy_vs_degenerated_all	EZH2	0.0	0.11252332408318585	122	2	1	1	1.0
EP_hyaline	healthy_vs_degenerated_all	GLI2	-0.01680672268907563	0.10798184656433171	119	2	0	2	1.0
EP_hyaline	healthy_vs_degenerated_all	TCF7	0.0	1.0	16	0	0	0	1.0
EP_hyaline	healthy_vs_degenerated_all	FOXC1	0.0	1.0	15	0	0	0	1.0
EP_hyaline	healthy_vs_degenerated_all	HOXB13	0.0	1.0	9	0	0	0	1.0
EP_hyaline	healthy_vs_degenerated_all	ABL1	0.0	1.0	10	0	0	0	1.0
EP_hyaline	healthy_vs_degenerated_all	TBX3	0.0	1.0	20	0	0	0	1.0
EP_hyaline	healthy_vs_degenerated_all	HNF4G	0.0	1.0	8	0	0	0	1.0
EP_hyaline	healthy_vs_degenerated_all	TET1	0.0	1.0	12	0	0	0	1.0
EP_hyaline	healthy_vs_degenerated_all	FOXH1	0.0	1.0	9	0	0	0	1.0
EP_hyaline	healthy_vs_degenerated_all	FOXP3	0.0	1.0	36	0	0	0	1.0
EP_hyaline	healthy_vs_degenerated_all	IKZF4	0.0	1.0	5	0	0	0	1.0
EP_hyaline	healthy_vs_degenerated_all	FEZF2	0.0	1.0	5	0	0	0	1.0
EP_hyaline	healthy_vs_degenerated_all	HOXA2	0.0	1.0	7	0	0	0	1.0
EP_hyaline	healthy_vs_degenerated_all	MLX	0.0	1.0	5	0	0	0	1.0
EP_hyaline	healthy_vs_degenerated_all	CREB3L1	0.1	0.046055745107464414	10	1	1	0	0.7978537483472814
EP_hyaline	healthy_vs_degenerated_all	TFDP3	0.0	1.0	5	0	0	0	1.0
EP_hyaline	healthy_vs_degenerated_all	SP7	0.0	1.0	28	0	0	0	1.0
EP_hyaline	healthy_vs_degenerated_all	OVOL1	0.0	1.0	8	0	0	0	1.0
EP_hyaline	healthy_vs_degenerated_all	ZNF436	0.0	1.0	6	0	0	0	1.0
EP_hyaline	healthy_vs_degenerated_all	HOXB3	-0.2	0.023296070117733853	5	1	0	1	0.6164498554231111
EP_hyaline	healthy_vs_degenerated_all	SCX	0.0	1.0	9	0	0	0	1.0
EP_hyaline	healthy_vs_degenerated_all	NANOG	0.0	1.0	38	0	0	0	1.0
EP_hyaline	healthy_vs_degenerated_all	MESP2	0.0	1.0	5	0	0	0	1.0
EP_hyaline	healthy_vs_degenerated_all	ARX	0.0	1.0	19	0	0	0	1.0
EP_hyaline	healthy_vs_degenerated_all	VHL	0.0	1.0	22	0	0	0	1.0
EP_hyaline	healthy_vs_degenerated_all	SOX4	0.0	1.0	22	0	0	0	1.0
EP_hyaline	healthy_vs_degenerated_all	SMAD9	0.0	1.0	5	0	0	0	1.0
EP_hyaline	healthy_vs_degenerated_all	ATF5	0.0	1.0	27	0	0	0	1.0
EP_hyaline	healthy_vs_degenerated_all	CTCFL	0.0	1.0	10	0	0	0	1.0
EP_hyaline	healthy_vs_degenerated_all	SP6	0.0	1.0	6	0	0	0	1.0
EP_hyaline	healthy_vs_degenerated_all	SMARCA5	0.0	1.0	9	0	0	0	1.0
EP_hyaline	healthy_vs_degenerated_all	EOMES	0.0	1.0	17	0	0	0	1.0
EP_hyaline	healthy_vs_degenerated_all	TLX3	0.0	1.0	5	0	0	0	1.0
EP_hyaline	healthy_vs_degenerated_all	ESRRB	0.125	0.03701545518365196	8	1	1	0	0.7958322864485171
EP_hyaline	healthy_vs_degenerated_all	LHX1	0.0	1.0	5	0	0	0	1.0
EP_hyaline	healthy_vs_degenerated_all	ZXDC	0.0	1.0	6	0	0	0	1.0
EP_hyaline	healthy_vs_degenerated_all	SPIC	0.0	1.0	6	0	0	0	1.0
EP_hyaline	healthy_vs_degenerated_all	SALL1	0.0	1.0	5	0	0	0	1.0
EP_hyaline	healthy_vs_degenerated_all	NR2E1	0.0	1.0	13	0	0	0	1.0
EP_hyaline	healthy_vs_degenerated_all	ZFP42	-0.07692307692307693	0.05945916927322369	13	1	0	1	0.9090646324439534
EP_hyaline	healthy_vs_degenerated_all	HOXD4	0.0	1.0	5	0	0	0	1.0
EP_hyaline	healthy_vs_degenerated_all	KMT2B	0.0	1.0	12	0	0	0	1.0
EP_hyaline	healthy_vs_degenerated_all	NFIB	0.0	1.0	18	0	0	0	1.0
EP_hyaline	healthy_vs_degenerated_all	EBF3	0.0	1.0	7	0	0	0	1.0
EP_hyaline	healthy_vs_degenerated_all	EN1	0.0	1.0	8	0	0	0	1.0
EP_hyaline	healthy_vs_degenerated_all	MTA3	0.0	1.0	11	0	0	0	1.0
EP_hyaline	healthy_vs_degenerated_all	TBX18	0.0	1.0	10	0	0	0	1.0
EP_hyaline	healthy_vs_degenerated_all	PRDM4	0.0	1.0	6	0	0	0	1.0
EP_hyaline	healthy_vs_degenerated_all	MEIS2	0.0	1.0	7	0	0	0	1.0
EP_hyaline	healthy_vs_degenerated_all	EGR4	0.0	1.0	11	0	0	0	1.0
EP_hyaline	healthy_vs_degenerated_all	HSF4	0.0	1.0	9	0	0	0	1.0
EP_hyaline	healthy_vs_degenerated_all	DLX1	0.0	1.0	5	0	0	0	1.0
EP_hyaline	healthy_vs_degenerated_all	HES6	0.0	1.0	5	0	0	0	1.0
EP_hyaline	healthy_vs_degenerated_all	BCLAF1	0.0	1.0	7	0	0	0	1.0
EP_hyaline	healthy_vs_degenerated_all	KDM5C	0.0	1.0	11	0	0	0	1.0
EP_hyaline	healthy_vs_degenerated_all	PTF1A	0.0	1.0	8	0	0	0	1.0
EP_hyaline	healthy_vs_degenerated_all	FOSL2	0.0	1.0	31	0	0	0	1.0
EP_hyaline	healthy_vs_degenerated_all	MED1	-0.18181818181818182	0.0011692800553845452	11	2	0	2	0.07313315255496065
EP_hyaline	healthy_vs_degenerated_all	LYL1	0.0	1.0	12	0	0	0	1.0
EP_hyaline	healthy_vs_degenerated_all	GLIS3	0.0	1.0	5	0	0	0	1.0
EP_hyaline	healthy_vs_degenerated_all	HOXD1	0.0	1.0	5	0	0	0	1.0
EP_hyaline	healthy_vs_degenerated_all	SALL4	0.0	1.0	10	0	0	0	1.0
EP_hyaline	healthy_vs_degenerated_all	KDM5B	-0.03571428571428571	0.12373512911520294	28	1	0	1	1.0
EP_hyaline	healthy_vs_degenerated_all	TADA2A	0.0	1.0	7	0	0	0	1.0
EP_hyaline	healthy_vs_degenerated_all	ARID5B	0.0	1.0	7	0	0	0	1.0
EP_hyaline	healthy_vs_degenerated_all	FEZF1	0.0	1.0	5	0	0	0	1.0
EP_hyaline	healthy_vs_degenerated_all	SATB2	0.0	1.0	21	0	0	0	1.0
EP_hyaline	healthy_vs_degenerated_all	NSD2	0.0	1.0	8	0	0	0	1.0
EP_hyaline	healthy_vs_degenerated_all	PBRM1	0.0	1.0	8	0	0	0	1.0
EP_hyaline	healthy_vs_degenerated_all	NKX6-3	0.0	1.0	5	0	0	0	1.0
EP_hyaline	healthy_vs_degenerated_all	ZBTB4	0.0	1.0	14	0	0	0	1.0
EP_hyaline	healthy_vs_degenerated_all	THAP11	0.0	1.0	6	0	0	0	1.0
EP_hyaline	healthy_vs_degenerated_all	FOXJ1	0.0	1.0	13	0	0	0	1.0
EP_hyaline	healthy_vs_degenerated_all	SHOX2	0.0	1.0	5	0	0	0	1.0
EP_hyaline	healthy_vs_degenerated_all	TOX3	0.0	1.0	6	0	0	0	1.0
EP_hyaline	healthy_vs_degenerated_all	PPARGC1A	0.0	1.0	23	0	0	0	1.0
EP_hyaline	healthy_vs_degenerated_all	BATF	0.0	1.0	12	0	0	0	1.0
EP_hyaline	healthy_vs_degenerated_all	ARID3B	0.0	1.0	6	0	0	0	1.0
EP_hyaline	healthy_vs_degenerated_all	ZNF300	0.0	1.0	7	0	0	0	1.0
EP_hyaline	healthy_vs_degenerated_all	NUPR1	0.0	1.0	6	0	0	0	1.0
EP_hyaline	healthy_vs_degenerated_all	ZNF331	0.058823529411764705	0.07704133251509049	17	1	1	0	1.0
EP_hyaline	healthy_vs_degenerated_all	RFX3	0.0	1.0	5	0	0	0	1.0
EP_hyaline	healthy_vs_degenerated_all	ZNF382	0.0	1.0	11	0	0	0	1.0
EP_hyaline	healthy_vs_degenerated_all	HOXD8	0.0	1.0	5	0	0	0	1.0
EP_hyaline	healthy_vs_degenerated_all	LHX8	0.0	1.0	10	0	0	0	1.0
EP_hyaline	healthy_vs_degenerated_all	GRHL2	0.0	1.0	6	0	0	0	1.0
EP_hyaline	healthy_vs_degenerated_all	IRX1	0.0	1.0	16	0	0	0	1.0
EP_hyaline	healthy_vs_degenerated_all	SOX11	0.0	1.0	11	0	0	0	1.0
EP_hyaline	healthy_vs_degenerated_all	IRF6	0.0	1.0	11	0	0	0	1.0
EP_hyaline	healthy_vs_degenerated_all	E2F7	0.0	1.0	5	0	0	0	1.0
EP_hyaline	healthy_vs_degenerated_all	HEYL	0.0	1.0	5	0	0	0	1.0
EP_hyaline	healthy_vs_degenerated_all	MECP2	0.0	1.0	26	0	0	0	1.0
EP_hyaline	healthy_vs_degenerated_all	MAML1	0.0	1.0	5	0	0	0	1.0
EP_hyaline	healthy_vs_degenerated_all	DMAP1	0.0	1.0	5	0	0	0	1.0
EP_hyaline	healthy_vs_degenerated_all	LMX1A	0.0	1.0	5	0	0	0	1.0
EP_hyaline	healthy_vs_degenerated_all	DOT1L	0.0	1.0	8	0	0	0	1.0
EP_hyaline	healthy_vs_degenerated_all	ARID3A	0.0	1.0	6	0	0	0	1.0
EP_hyaline	healthy_vs_degenerated_all	ARID1A	0.0	1.0	7	0	0	0	1.0
EP_hyaline	healthy_vs_degenerated_all	ZBTB18	0.0	1.0	8	0	0	0	1.0
EP_hyaline	healthy_vs_degenerated_all	ZNF804A	0.0	1.0	6	0	0	0	1.0
EP_hyaline	healthy_vs_degenerated_all	TCF15	0.0	1.0	5	0	0	0	1.0
EP_hyaline	healthy_vs_degenerated_all	NPM1	0.0	1.0	11	0	0	0	1.0
EP_hyaline	healthy_vs_degenerated_all	SETBP1	0.0	1.0	6	0	0	0	1.0
EP_hyaline	healthy_vs_degenerated_all	KDM2A	0.0	1.0	8	0	0	0	1.0
EP_hyaline	healthy_vs_degenerated_all	MKX	0.0	1.0	6	0	0	0	1.0
EP_hyaline	healthy_vs_degenerated_all	KLF17	0.0	1.0	5	0	0	0	1.0
EP_hyaline	healthy_vs_degenerated_all	HOXA4	0.0	1.0	5	0	0	0	1.0
EP_hyaline	healthy_vs_degenerated_all	HDAC3	0.0	1.0	21	0	0	0	1.0
EP_hyaline	healthy_vs_degenerated_all	ASXL1	0.0	1.0	5	0	0	0	1.0
EP_hyaline	healthy_vs_degenerated_all	BTG2	0.0	1.0	6	0	0	0	1.0
EP_hyaline	healthy_vs_degenerated_all	CREB5	0.0	1.0	12	0	0	0	1.0
EP_hyaline	healthy_vs_degenerated_all	CTBP1	0.1111111111111111	0.0415461318815669	9	1	1	0	0.7978537483472814
EP_hyaline	healthy_vs_degenerated_all	HDAC1	0.014925373134328358	0.2712407321771735	67	1	1	0	1.0
EP_hyaline	healthy_vs_degenerated_all	HCFC1	-0.14285714285714285	0.03246361782140035	7	1	0	1	0.7958322864485171
EP_hyaline	healthy_vs_degenerated_all	ETV7	0.0	1.0	9	0	0	0	1.0
EP_hyaline	healthy_vs_degenerated_all	FHL2	0.0	1.0	6	0	0	0	1.0
EP_hyaline	healthy_vs_degenerated_all	HDAC4	0.0	1.0	20	0	0	0	1.0
EP_hyaline	healthy_vs_degenerated_all	HDAC5	0.0	1.0	5	0	0	0	1.0
EP_hyaline	healthy_vs_degenerated_all	HDAC7	0.0	1.0	10	0	0	0	1.0
EP_hyaline	healthy_vs_degenerated_all	HDAC9	0.0	1.0	17	0	0	0	1.0
EP_hyaline	healthy_vs_degenerated_all	ING4	0.0	1.0	14	0	0	0	1.0
EP_hyaline	healthy_vs_degenerated_all	MYOCD	0.0	1.0	6	0	0	0	1.0
EP_hyaline	healthy_vs_degenerated_all	PAWR	0.0	1.0	5	0	0	0	1.0
EP_hyaline	healthy_vs_degenerated_all	POU2AF1	0.0	1.0	5	0	0	0	1.0
EP_hyaline	healthy_vs_degenerated_all	SIN3A	0.0	1.0	9	0	0	0	1.0
EP_hyaline	healthy_vs_degenerated_all	SMARCA4	0.0	1.0	10	0	0	0	1.0
EP_hyaline	healthy_vs_degenerated_all	SMARCB1	0.0	1.0	5	0	0	0	1.0
EP_hyaline	healthy_vs_degenerated_all	TRIM28	0.0	1.0	5	0	0	0	1.0
EP_hyaline	healthy_vs_degenerated_all	WWTR1	0.0	1.0	9	0	0	0	1.0
EP_hyaline	healthy_vs_degenerated_all	PIN1	0.0	1.0	5	0	0	0	1.0
EP_hyaline	healthy_vs_degenerated_all	FGF2	0.0	1.0	7	0	0	0	1.0
EP_hyaline	healthy_vs_degenerated_all	PARK7	0.0	1.0	8	0	0	0	1.0
EP_hyaline	healthy_vs_degenerated_all	YAP1	0.0	1.0	9	0	0	0	1.0
EP_hyaline	healthy_vs_degenerated_all	BCOR	0.0	1.0	7	0	0	0	1.0
EP_hyaline	healthy_vs_degenerated_all	BRD4	0.0	1.0	9	0	0	0	1.0
EP_hyaline	healthy_vs_degenerated_all	SRSF2	-0.16666666666666666	0.001398854547528116	12	2	0	2	0.07415900654541986
EP_hyaline	healthy_vs_degenerated_all	ZMYND8	0.0	1.0	7	0	0	0	1.0
EP_hyaline	healthy_vs_degenerated_all	ARID4B	0.0	1.0	9	0	0	0	1.0
EP_hyaline	healthy_vs_degenerated_all	AP1	-0.004807692307692308	0.5857777984908751	416	2	0	2	1.0
EP_hyaline	healthy_vs_degenerated_all	NFKB	-0.00825082508250825	0.15652750205048122	606	5	0	5	1.0
Macrophage	mild_vs_severe	MYC	0.0014684287812041115	0.27340945448777393	681	1	1	0	1.0
Macrophage	mild_vs_severe	SPI1	0.0	1.0	172	0	0	0	1.0
Macrophage	mild_vs_severe	SMAD3	0.0	1.0	106	0	0	0	1.0
Macrophage	mild_vs_severe	SMAD4	0.0	1.0	78	0	0	0	1.0
Macrophage	mild_vs_severe	STAT5A	-0.008130081300813009	0.05464837950216091	123	1	0	1	1.0
Macrophage	mild_vs_severe	STAT5B	-0.015625	0.02874144869175828	64	1	0	1	1.0
Macrophage	mild_vs_severe	RELA	0.0	1.0	320	0	0	0	1.0
Macrophage	mild_vs_severe	WT1	0.0	1.0	91	0	0	0	1.0
Macrophage	mild_vs_severe	NR0B2	0.0	1.0	65	0	0	0	1.0
Macrophage	mild_vs_severe	SP1	0.0	1.0	788	0	0	0	1.0
Macrophage	mild_vs_severe	TP53	-0.001422475106685633	0.2811181965733834	703	1	0	1	1.0
Macrophage	mild_vs_severe	ZBTB16	0.0	1.0	35	0	0	0	1.0
Macrophage	mild_vs_severe	ETV6	0.0	1.0	17	0	0	0	1.0
Macrophage	mild_vs_severe	RUNX1	0.0	1.0	113	0	0	0	1.0
Macrophage	mild_vs_severe	STAT1	-0.004878048780487805	0.089733536975712	205	1	0	1	1.0
Macrophage	mild_vs_severe	STAT3	-0.0038461538461538464	0.1126767447166723	260	1	0	1	1.0
Macrophage	mild_vs_severe	ETV4	0.0	1.0	40	0	0	0	1.0
Macrophage	mild_vs_severe	MTF1	0.0	1.0	25	0	0	0	1.0
Macrophage	mild_vs_severe	CREB1	-0.0038022813688212928	0.11391475485391678	263	1	0	1	1.0
Macrophage	mild_vs_severe	FOXA2	0.0	1.0	44	0	0	0	1.0
Macrophage	mild_vs_severe	NFATC2	0.0	1.0	48	0	0	0	1.0
Macrophage	mild_vs_severe	CEBPB	0.0	1.0	251	0	0	0	1.0
Macrophage	mild_vs_severe	FOS	0.0	1.0	194	0	0	0	1.0
Macrophage	mild_vs_severe	PLAG1	0.0	1.0	7	0	0	0	1.0
Macrophage	mild_vs_severe	E2F1	-0.003952569169960474	0.10978267258112329	253	1	0	1	1.0
Macrophage	mild_vs_severe	E2F3	-0.01694915254237288	0.02652010992681934	59	1	0	1	1.0
Macrophage	mild_vs_severe	HBP1	0.0	1.0	30	0	0	0	1.0
Macrophage	mild_vs_severe	YY1	0.0	1.0	158	0	0	0	1.0
Macrophage	mild_vs_severe	ESR1	0.0	1.0	388	0	0	0	1.0
Macrophage	mild_vs_severe	JUN	-0.002617801047120419	0.16191962392200465	382	1	0	1	1.0
Macrophage	mild_vs_severe	NR1I3	0.0	1.0	27	0	0	0	1.0
Macrophage	mild_vs_severe	CEBPG	0.0	1.0	96	0	0	0	1.0
Macrophage	mild_vs_severe	MAFK	0.0	1.0	16	0	0	0	1.0
Macrophage	mild_vs_severe	STAT4	0.0	1.0	13	0	0	0	1.0
Macrophage	mild_vs_severe	IRF1	0.010752688172043012	0.04154538734796644	93	1	1	0	1.0
Macrophage	mild_vs_severe	ATF2	0.0	1.0	81	0	0	0	1.0
Macrophage	mild_vs_severe	NR2C2	0.0	1.0	34	0	0	0	1.0
Macrophage	mild_vs_severe	IRF3	0.0	1.0	51	0	0	0	1.0
Macrophage	mild_vs_severe	TFAP2A	0.0	1.0	180	0	0	0	1.0
Macrophage	mild_vs_severe	HNF1A	0.0	1.0	41	0	0	0	1.0
Macrophage	mild_vs_severe	ETS1	0.0	1.0	123	0	0	0	1.0
Macrophage	mild_vs_severe	ARNT	0.0	1.0	42	0	0	0	1.0
Macrophage	mild_vs_severe	AHR	0.0	1.0	94	0	0	0	1.0
Macrophage	mild_vs_severe	PAX6	0.0	1.0	78	0	0	0	1.0
Macrophage	mild_vs_severe	NFYA	0.0	1.0	70	0	0	0	1.0
Macrophage	mild_vs_severe	ZNF148	0.0	1.0	21	0	0	0	1.0
Macrophage	mild_vs_severe	NFIC	0.0	1.0	45	0	0	0	1.0
Macrophage	mild_vs_severe	RBPJ	0.0	1.0	83	0	0	0	1.0
Macrophage	mild_vs_severe	HES1	0.0	1.0	53	0	0	0	1.0
Macrophage	mild_vs_severe	GATA4	0.0	1.0	58	0	0	0	1.0
Macrophage	mild_vs_severe	GATA6	0.0	1.0	34	0	0	0	1.0
Macrophage	mild_vs_severe	HNF4A	0.0	1.0	125	0	0	0	1.0
Macrophage	mild_vs_severe	RARA	0.0	1.0	100	0	0	0	1.0
Macrophage	mild_vs_severe	DBP	0.0	1.0	19	0	0	0	1.0
Macrophage	mild_vs_severe	HLF	0.0	1.0	11	0	0	0	1.0
Macrophage	mild_vs_severe	PPARG	-0.004878048780487805	0.089733536975712	205	1	0	1	1.0
Macrophage	mild_vs_severe	MAX	0.0	1.0	33	0	0	0	1.0
Macrophage	mild_vs_severe	USF2	0.0	1.0	63	0	0	0	1.0
Macrophage	mild_vs_severe	IRF2	0.0	1.0	31	0	0	0	1.0
Macrophage	mild_vs_severe	SP3	0.0	1.0	256	0	0	0	1.0
Macrophage	mild_vs_severe	AR	0.0	1.0	343	0	0	0	1.0
Macrophage	mild_vs_severe	CUX1	0.0	1.0	74	0	0	0	1.0
Macrophage	mild_vs_severe	ATF1	0.0	1.0	59	0	0	0	1.0
Macrophage	mild_vs_severe	KAT7	0.0	1.0	56	0	0	0	1.0
Macrophage	mild_vs_severe	CREBZF	0.0	1.0	11	0	0	0	1.0
Macrophage	mild_vs_severe	GLI3	0.0	1.0	25	0	0	0	1.0
Macrophage	mild_vs_severe	NKX2-5	0.0	1.0	32	0	0	0	1.0
Macrophage	mild_vs_severe	TGFB1I1	0.0	1.0	11	0	0	0	1.0
Macrophage	mild_vs_severe	RARB	0.0	1.0	31	0	0	0	1.0
Macrophage	mild_vs_severe	RARG	0.0	1.0	20	0	0	0	1.0
Macrophage	mild_vs_severe	TEAD1	0.0	1.0	14	0	0	0	1.0
Macrophage	mild_vs_severe	PPARA	0.0	1.0	152	0	0	0	1.0
Macrophage	mild_vs_severe	ESR2	0.0	1.0	122	0	0	0	1.0
Macrophage	mild_vs_severe	NR3C1	-0.00625	0.07061095978621396	160	1	0	1	1.0
Macrophage	mild_vs_severe	PGR	-0.011904761904761904	0.037586290639501876	84	1	0	1	1.0
Macrophage	mild_vs_severe	NRG1	0.0	1.0	26	0	0	0	1.0
Macrophage	mild_vs_severe	TBP	0.0	1.0	103	0	0	0	1.0
Macrophage	mild_vs_severe	REL	0.0	1.0	67	0	0	0	1.0
Macrophage	mild_vs_severe	ISL1	0.0	1.0	10	0	0	0	1.0
Macrophage	mild_vs_severe	ZBTB14	0.0	1.0	5	0	0	0	1.0
Macrophage	mild_vs_severe	MYB	0.0	1.0	107	0	0	0	1.0
Macrophage	mild_vs_severe	PITX1	0.0	1.0	17	0	0	0	1.0
Macrophage	mild_vs_severe	EGR1	0.0	1.0	227	0	0	0	1.0
Macrophage	mild_vs_severe	MYOD1	0.0	1.0	84	0	0	0	1.0
Macrophage	mild_vs_severe	ETS2	0.0	1.0	68	0	0	0	1.0
Macrophage	mild_vs_severe	GTF2I	0.0	1.0	18	0	0	0	1.0
Macrophage	mild_vs_severe	NR2F1	0.0	1.0	21	0	0	0	1.0
Macrophage	mild_vs_severe	ENO1	0.0	1.0	12	0	0	0	1.0
Macrophage	mild_vs_severe	JDP2	0.0	1.0	28	0	0	0	1.0
Macrophage	mild_vs_severe	MAZ	0.0	1.0	21	0	0	0	1.0
Macrophage	mild_vs_severe	NR4A1	0.0	1.0	56	0	0	0	1.0
Macrophage	mild_vs_severe	HMGA1	0.0	1.0	39	0	0	0	1.0
Macrophage	mild_vs_severe	NFKB1	0.0	1.0	235	0	0	0	1.0
Macrophage	mild_vs_severe	USF1	0.0	1.0	123	0	0	0	1.0
Macrophage	mild_vs_severe	DDIT3	0.0	1.0	70	0	0	0	1.0
Macrophage	mild_vs_severe	ATF4	0.0	1.0	84	0	0	0	1.0
Macrophage	mild_vs_severe	ATF3	0.0	1.0	73	0	0	0	1.0
Macrophage	mild_vs_severe	TAF1	0.0	1.0	35	0	0	0	1.0
Macrophage	mild_vs_severe	RUNX2	-0.012658227848101266	0.03538114601076248	79	1	0	1	1.0
Macrophage	mild_vs_severe	TFAP2B	0.0	1.0	12	0	0	0	1.0
Macrophage	mild_vs_severe	CREM	0.0	1.0	42	0	0	0	1.0
Macrophage	mild_vs_severe	IRF8	0.0	1.0	42	0	0	0	1.0
Macrophage	mild_vs_severe	ETV5	0.0	1.0	6	0	0	0	1.0
Macrophage	mild_vs_severe	DMTF1	0.0	1.0	13	0	0	0	1.0
Macrophage	mild_vs_severe	NR5A1	0.0	1.0	43	0	0	0	1.0
Macrophage	mild_vs_severe	NEUROD2	0.0	1.0	8	0	0	0	1.0
Macrophage	mild_vs_severe	NEUROD1	0.0	1.0	25	0	0	0	1.0
Macrophage	mild_vs_severe	HHEX	0.0	1.0	15	0	0	0	1.0
Macrophage	mild_vs_severe	FOXO3	0.0	1.0	155	0	0	0	1.0
Macrophage	mild_vs_severe	MBD1	0.0	1.0	10	0	0	0	1.0
Macrophage	mild_vs_severe	CEBPD	0.0	1.0	49	0	0	0	1.0
Macrophage	mild_vs_severe	ELK1	0.0	1.0	43	0	0	0	1.0
Macrophage	mild_vs_severe	FLI1	0.0	1.0	60	0	0	0	1.0
Macrophage	mild_vs_severe	ELK4	0.0	1.0	6	0	0	0	1.0
Macrophage	mild_vs_severe	PREB	0.0	1.0	8	0	0	0	1.0
Macrophage	mild_vs_severe	POU1F1	0.0	1.0	27	0	0	0	1.0
Macrophage	mild_vs_severe	PAX5	0.0	1.0	36	0	0	0	1.0
Macrophage	mild_vs_severe	CEBPA	0.0	1.0	112	0	0	0	1.0
Macrophage	mild_vs_severe	LITAF	0.0	1.0	20	0	0	0	1.0
Macrophage	mild_vs_severe	STAT6	0.0	1.0	58	0	0	0	1.0
Macrophage	mild_vs_severe	HIF1A	0.0	1.0	307	0	0	0	1.0
Macrophage	mild_vs_severe	TP73	-0.01	0.04461566781866871	100	1	0	1	1.0
Macrophage	mild_vs_severe	KLF11	0.0	1.0	17	0	0	0	1.0
Macrophage	mild_vs_severe	TCF4	0.0	1.0	31	0	0	0	1.0
Macrophage	mild_vs_severe	HIVEP2	0.0	1.0	8	0	0	0	1.0
Macrophage	mild_vs_severe	E2F4	-0.006711409395973154	0.06588802781298807	149	1	0	1	1.0
Macrophage	mild_vs_severe	GATA5	0.0	1.0	8	0	0	0	1.0
Macrophage	mild_vs_severe	SRF	0.0	1.0	60	0	0	0	1.0
Macrophage	mild_vs_severe	ELF1	0.0	1.0	44	0	0	0	1.0
Macrophage	mild_vs_severe	GATA3	0.0	1.0	99	0	0	0	1.0
Macrophage	mild_vs_severe	MSX1	0.0	1.0	14	0	0	0	1.0
Macrophage	mild_vs_severe	OTX2	0.0	1.0	15	0	0	0	1.0
Macrophage	mild_vs_severe	LHX2	0.0	1.0	17	0	0	0	1.0
Macrophage	mild_vs_severe	GABPA	0.0	1.0	25	0	0	0	1.0
Macrophage	mild_vs_severe	HSF2	0.0	1.0	19	0	0	0	1.0
Macrophage	mild_vs_severe	VDR	0.0	1.0	80	0	0	0	1.0
Macrophage	mild_vs_severe	HOXC8	0.0	1.0	12	0	0	0	1.0
Macrophage	mild_vs_severe	HR	0.0	1.0	51	0	0	0	1.0
Macrophage	mild_vs_severe	RELB	0.0	1.0	31	0	0	0	1.0
Macrophage	mild_vs_severe	CEBPE	0.0	1.0	17	0	0	0	1.0
Macrophage	mild_vs_severe	NR0B1	0.0	1.0	21	0	0	0	1.0
Macrophage	mild_vs_severe	LEF1	0.0	1.0	52	0	0	0	1.0
Macrophage	mild_vs_severe	ID1	0.0	1.0	51	0	0	0	1.0
Macrophage	mild_vs_severe	ZNF143	0.0	1.0	22	0	0	0	1.0
Macrophage	mild_vs_severe	SOX9	0.0	1.0	56	0	0	0	1.0
Macrophage	mild_vs_severe	YBX1	0.0	1.0	66	0	0	0	1.0
Macrophage	mild_vs_severe	HSF1	0.0	1.0	67	0	0	0	1.0
Macrophage	mild_vs_severe	POU4F1	0.0	1.0	16	0	0	0	1.0
Macrophage	mild_vs_severe	NOTO	0.0	1.0	5	0	0	0	1.0
Macrophage	mild_vs_severe	HNF1B	0.0	1.0	19	0	0	0	1.0
Macrophage	mild_vs_severe	PAX3	0.0	1.0	57	0	0	0	1.0
Macrophage	mild_vs_severe	ID2	0.0	1.0	41	0	0	0	1.0
Macrophage	mild_vs_severe	MEF2A	0.0	1.0	55	0	0	0	1.0
Macrophage	mild_vs_severe	PDX1	0.0	1.0	45	0	0	0	1.0
Macrophage	mild_vs_severe	NR2F2	0.0	1.0	33	0	0	0	1.0
Macrophage	mild_vs_severe	NR1H4	0.0	1.0	68	0	0	0	1.0
Macrophage	mild_vs_severe	ASCL1	0.0	1.0	31	0	0	0	1.0
Macrophage	mild_vs_severe	RFX1	0.0	1.0	16	0	0	0	1.0
Macrophage	mild_vs_severe	CRX	0.0	1.0	10	0	0	0	1.0
Macrophage	mild_vs_severe	NRL	0.0	1.0	10	0	0	0	1.0
Macrophage	mild_vs_severe	UBTF	0.0	1.0	9	0	0	0	1.0
Macrophage	mild_vs_severe	MYBL2	0.0	1.0	44	0	0	0	1.0
Macrophage	mild_vs_severe	ELF2	0.0	1.0	7	0	0	0	1.0
Macrophage	mild_vs_severe	JUND	-0.017543859649122806	0.02563043725152173	57	1	0	1	1.0
Macrophage	mild_vs_severe	TP63	0.0	1.0	141	0	0	0	1.0
Macrophage	mild_vs_severe	NFKBIB	0.0	1.0	15	0	0	0	1.0
Macrophage	mild_vs_severe	HOXC6	0.0	1.0	8	0	0	0	1.0
Macrophage	mild_vs_severe	FOXO1	0.0	1.0	178	0	0	0	1.0
Macrophage	mild_vs_severe	PITX2	0.0	1.0	61	0	0	0	1.0
Macrophage	mild_vs_severe	NR5A2	0.0	1.0	24	0	0	0	1.0
Macrophage	mild_vs_severe	POU2F1	0.0	1.0	48	0	0	0	1.0
Macrophage	mild_vs_severe	XBP1	0.0	1.0	40	0	0	0	1.0
Macrophage	mild_vs_severe	SREBF1	0.0	1.0	82	0	0	0	1.0
Macrophage	mild_vs_severe	TCF3	0.0	1.0	63	0	0	0	1.0
Macrophage	mild_vs_severe	LRRFIP1	0.0	1.0	9	0	0	0	1.0
Macrophage	mild_vs_severe	TCF12	0.0	1.0	25	0	0	0	1.0
Macrophage	mild_vs_severe	E4F1	0.0	1.0	8	0	0	0	1.0
Macrophage	mild_vs_severe	BRCA1	0.0	1.0	48	0	0	0	1.0
Macrophage	mild_vs_severe	ZNF362	0.0	1.0	11	0	0	0	1.0
Macrophage	mild_vs_severe	NRF1	0.0	1.0	62	0	0	0	1.0
Macrophage	mild_vs_severe	GATA1	0.0	1.0	67	0	0	0	1.0
Macrophage	mild_vs_severe	MYCN	-0.01	0.04461566781866871	100	1	0	1	1.0
Macrophage	mild_vs_severe	PKNOX1	0.0	1.0	9	0	0	0	1.0
Macrophage	mild_vs_severe	NR4A3	0.0	1.0	16	0	0	0	1.0
Macrophage	mild_vs_severe	SSRP1	0.0	1.0	78	0	0	0	1.0
Macrophage	mild_vs_severe	ZNF91	0.0	1.0	25	0	0	0	1.0
Macrophage	mild_vs_severe	NR2C1	0.0	1.0	9	0	0	0	1.0
Macrophage	mild_vs_severe	ID3	0.0	1.0	24	0	0	0	1.0
Macrophage	mild_vs_severe	ERF	0.0	1.0	12	0	0	0	1.0
Macrophage	mild_vs_severe	ZNF354C	0.0	1.0	17	0	0	0	1.0
Macrophage	mild_vs_severe	HMGA2	0.0	1.0	27	0	0	0	1.0
Macrophage	mild_vs_severe	POU2F2	0.0	1.0	17	0	0	0	1.0
Macrophage	mild_vs_severe	SREBF2	0.0	1.0	46	0	0	0	1.0
Macrophage	mild_vs_severe	ELF4	0.0	1.0	30	0	0	0	1.0
Macrophage	mild_vs_severe	TTF1	0.0	1.0	31	0	0	0	1.0
Macrophage	mild_vs_severe	DLX4	0.0	1.0	23	0	0	0	1.0
Macrophage	mild_vs_severe	NR1I2	0.0	1.0	145	0	0	0	1.0
Macrophage	mild_vs_severe	NR1H3	0.0	1.0	72	0	0	0	1.0
Macrophage	mild_vs_severe	MITF	0.0	1.0	60	0	0	0	1.0
Macrophage	mild_vs_severe	NCOA1	0.0	1.0	48	0	0	0	1.0
Macrophage	mild_vs_severe	NCOR1	0.0	1.0	57	0	0	0	1.0
Macrophage	mild_vs_severe	FOSL1	0.0	1.0	34	0	0	0	1.0
Macrophage	mild_vs_severe	JUNB	0.0	1.0	55	0	0	0	1.0
Macrophage	mild_vs_severe	DNMT1	0.0	1.0	117	0	0	0	1.0
Macrophage	mild_vs_severe	KLF5	0.0	1.0	51	0	0	0	1.0
Macrophage	mild_vs_severe	NR3C2	0.0	1.0	35	0	0	0	1.0
Macrophage	mild_vs_severe	MYRF	0.0	1.0	5	0	0	0	1.0
Macrophage	mild_vs_severe	EBF1	0.0	1.0	10	0	0	0	1.0
Macrophage	mild_vs_severe	CREBBP	0.0	1.0	25	0	0	0	1.0
Macrophage	mild_vs_severe	ZFPM1	0.0	1.0	9	0	0	0	1.0
Macrophage	mild_vs_severe	APEX1	0.0	1.0	27	0	0	0	1.0
Macrophage	mild_vs_severe	TFAM	0.0	1.0	11	0	0	0	1.0
Macrophage	mild_vs_severe	IRF4	0.0	1.0	29	0	0	0	1.0
Macrophage	mild_vs_severe	ZBED1	0.0	1.0	16	0	0	0	1.0
Macrophage	mild_vs_severe	NCOA2	0.0	1.0	39	0	0	0	1.0
Macrophage	mild_vs_severe	FOXA1	0.0	1.0	28	0	0	0	1.0
Macrophage	mild_vs_severe	NR4A2	0.0	1.0	28	0	0	0	1.0
Macrophage	mild_vs_severe	KLF1	0.0	1.0	17	0	0	0	1.0
Macrophage	mild_vs_severe	LHX3	0.0	1.0	5	0	0	0	1.0
Macrophage	mild_vs_severe	CTCF	0.0	1.0	92	0	0	0	1.0
Macrophage	mild_vs_severe	BCL6	0.0	1.0	50	0	0	0	1.0
Macrophage	mild_vs_severe	RB1	0.0	1.0	30	0	0	0	1.0
Macrophage	mild_vs_severe	TFCP2	0.0	1.0	39	0	0	0	1.0
Macrophage	mild_vs_severe	REST	0.0	1.0	19	0	0	0	1.0
Macrophage	mild_vs_severe	ESRRA	0.0	1.0	26	0	0	0	1.0
Macrophage	mild_vs_severe	HOXD3	0.0	1.0	5	0	0	0	1.0
Macrophage	mild_vs_severe	IRF9	0.0	1.0	13	0	0	0	1.0
Macrophage	mild_vs_severe	TFE3	0.0	1.0	27	0	0	0	1.0
Macrophage	mild_vs_severe	ZNF236	0.0	1.0	6	0	0	0	1.0
Macrophage	mild_vs_severe	TFAP2C	0.0	1.0	15	0	0	0	1.0
Macrophage	mild_vs_severe	PAX8	0.0	1.0	16	0	0	0	1.0
Macrophage	mild_vs_severe	NKX2-1	0.0	1.0	29	0	0	0	1.0
Macrophage	mild_vs_severe	PBX1	0.041666666666666664	0.010856678210692127	24	1	1	0	1.0
Macrophage	mild_vs_severe	SP4	0.0	1.0	32	0	0	0	1.0
Macrophage	mild_vs_severe	CIITA	0.0	1.0	20	0	0	0	1.0
Macrophage	mild_vs_severe	CDX2	0.0	1.0	30	0	0	0	1.0
Macrophage	mild_vs_severe	ELF3	0.0	1.0	16	0	0	0	1.0
Macrophage	mild_vs_severe	ZEB1	0.0	1.0	33	0	0	0	1.0
Macrophage	mild_vs_severe	EGR3	0.0	1.0	18	0	0	0	1.0
Macrophage	mild_vs_severe	EWSR1	0.0	1.0	44	0	0	0	1.0
Macrophage	mild_vs_severe	NAB2	0.0	1.0	6	0	0	0	1.0
Macrophage	mild_vs_severe	DEAF1	0.0	1.0	7	0	0	0	1.0
Macrophage	mild_vs_severe	TBPL1	0.0	1.0	26	0	0	0	1.0
Macrophage	mild_vs_severe	MEF2C	-0.030303030303030304	0.01490353615151593	33	1	0	1	1.0
Macrophage	mild_vs_severe	POU4F2	0.0	1.0	15	0	0	0	1.0
Macrophage	mild_vs_severe	TAL1	0.0	1.0	60	0	0	0	1.0
Macrophage	mild_vs_severe	EPAS1	0.0	1.0	61	0	0	0	1.0
Macrophage	mild_vs_severe	SMARCA1	0.0	1.0	33	0	0	0	1.0
Macrophage	mild_vs_severe	NFATC4	0.0	1.0	27	0	0	0	1.0
Macrophage	mild_vs_severe	FOXM1	0.0	1.0	58	0	0	0	1.0
Macrophage	mild_vs_severe	MYF5	0.0	1.0	12	0	0	0	1.0
Macrophage	mild_vs_severe	MYOG	0.0	1.0	29	0	0	0	1.0
Macrophage	mild_vs_severe	SMAD7	0.0	1.0	43	0	0	0	1.0
Macrophage	mild_vs_severe	SOX10	0.0	1.0	15	0	0	0	1.0
Macrophage	mild_vs_severe	POU3F1	0.0	1.0	5	0	0	0	1.0
Macrophage	mild_vs_severe	NKRF	0.0	1.0	7	0	0	0	1.0
Macrophage	mild_vs_severe	ATF6	0.0	1.0	39	0	0	0	1.0
Macrophage	mild_vs_severe	NKX6-1	0.0	1.0	6	0	0	0	1.0
Macrophage	mild_vs_severe	ERG	0.0	1.0	34	0	0	0	1.0
Macrophage	mild_vs_severe	PITX3	0.0	1.0	9	0	0	0	1.0
Macrophage	mild_vs_severe	HOXB2	0.0	1.0	5	0	0	0	1.0
Macrophage	mild_vs_severe	SATB1	0.0	1.0	22	0	0	0	1.0
Macrophage	mild_vs_severe	NFKB2	0.0	1.0	42	0	0	0	1.0
Macrophage	mild_vs_severe	RORA	0.0	1.0	34	0	0	0	1.0
Macrophage	mild_vs_severe	PROX1	0.0	1.0	13	0	0	0	1.0
Macrophage	mild_vs_severe	KLF3	0.0	1.0	5	0	0	0	1.0
Macrophage	mild_vs_severe	PEG3	0.0	1.0	6	0	0	0	1.0
Macrophage	mild_vs_severe	NR2E3	0.0	1.0	6	0	0	0	1.0
Macrophage	mild_vs_severe	NCOR2	0.0	1.0	40	0	0	0	1.0
Macrophage	mild_vs_severe	NCOA3	0.0	1.0	49	0	0	0	1.0
Macrophage	mild_vs_severe	ZFHX3	0.0	1.0	5	0	0	0	1.0
Macrophage	mild_vs_severe	SMAD1	0.0	1.0	44	0	0	0	1.0
Macrophage	mild_vs_severe	SPDEF	0.0	1.0	8	0	0	0	1.0
Macrophage	mild_vs_severe	PAX2	0.0	1.0	9	0	0	0	1.0
Macrophage	mild_vs_severe	KLF13	0.0	1.0	8	0	0	0	1.0
Macrophage	mild_vs_severe	MAFB	0.0	1.0	27	0	0	0	1.0
Macrophage	mild_vs_severe	ELK3	0.0	1.0	18	0	0	0	1.0
Macrophage	mild_vs_severe	KLF6	0.0	1.0	37	0	0	0	1.0
Macrophage	mild_vs_severe	SNAI1	0.0	1.0	68	0	0	0	1.0
Macrophage	mild_vs_severe	HESX1	0.0	1.0	14	0	0	0	1.0
Macrophage	mild_vs_severe	BACH2	0.0	1.0	6	0	0	0	1.0
Macrophage	mild_vs_severe	PATZ1	0.0	1.0	8	0	0	0	1.0
Macrophage	mild_vs_severe	ZHX2	0.0	1.0	7	0	0	0	1.0
Macrophage	mild_vs_severe	ONECUT1	0.0	1.0	11	0	0	0	1.0
Macrophage	mild_vs_severe	RXRA	0.0	1.0	49	0	0	0	1.0
Macrophage	mild_vs_severe	NR1H2	0.0	1.0	29	0	0	0	1.0
Macrophage	mild_vs_severe	KAT5	0.0	1.0	40	0	0	0	1.0
Macrophage	mild_vs_severe	YBX3	0.0	1.0	21	0	0	0	1.0
Macrophage	mild_vs_severe	SMAD6	0.0	1.0	17	0	0	0	1.0
Macrophage	mild_vs_severe	MYBL1	0.0	1.0	9	0	0	0	1.0
Macrophage	mild_vs_severe	CDX1	0.0	1.0	18	0	0	0	1.0
Macrophage	mild_vs_severe	TFDP1	0.0	1.0	29	0	0	0	1.0
Macrophage	mild_vs_severe	KMT2A	0.0	1.0	54	0	0	0	1.0
Macrophage	mild_vs_severe	GATA2	0.0	1.0	39	0	0	0	1.0
Macrophage	mild_vs_severe	PRDM1	0.0	1.0	33	0	0	0	1.0
Macrophage	mild_vs_severe	MXD1	0.0	1.0	16	0	0	0	1.0
Macrophage	mild_vs_severe	CLOCK	0.0	1.0	45	0	0	0	1.0
Macrophage	mild_vs_severe	BHLHE40	0.0	1.0	26	0	0	0	1.0
Macrophage	mild_vs_severe	SRY	0.0	1.0	19	0	0	0	1.0
Macrophage	mild_vs_severe	MAF	0.0	1.0	28	0	0	0	1.0
Macrophage	mild_vs_severe	AIRE	0.0	1.0	11	0	0	0	1.0
Macrophage	mild_vs_severe	ETV1	0.0	1.0	13	0	0	0	1.0
Macrophage	mild_vs_severe	KLF4	0.0	1.0	73	0	0	0	1.0
Macrophage	mild_vs_severe	EGR2	0.0	1.0	45	0	0	0	1.0
Macrophage	mild_vs_severe	NEUROG3	0.0	1.0	11	0	0	0	1.0
Macrophage	mild_vs_severe	CXXC1	0.0	1.0	11	0	0	0	1.0
Macrophage	mild_vs_severe	TBX21	0.0	1.0	18	0	0	0	1.0
Macrophage	mild_vs_severe	HOXA10	0.0	1.0	30	0	0	0	1.0
Macrophage	mild_vs_severe	LMX1B	0.0	1.0	13	0	0	0	1.0
Macrophage	mild_vs_severe	TBX2	0.05	0.009053811035693016	20	1	1	0	1.0
Macrophage	mild_vs_severe	ZNF699	0.0	1.0	30	0	0	0	1.0
Macrophage	mild_vs_severe	RFX5	0.0	1.0	13	0	0	0	1.0
Macrophage	mild_vs_severe	RFXANK	0.0	1.0	8	0	0	0	1.0
Macrophage	mild_vs_severe	RFXAP	0.0	1.0	7	0	0	0	1.0
Macrophage	mild_vs_severe	BARX2	0.0	1.0	10	0	0	0	1.0
Macrophage	mild_vs_severe	FOXO4	0.0	1.0	21	0	0	0	1.0
Macrophage	mild_vs_severe	DLX5	0.0	1.0	20	0	0	0	1.0
Macrophage	mild_vs_severe	ID4	0.0	1.0	9	0	0	0	1.0
Macrophage	mild_vs_severe	SPIB	0.0	1.0	9	0	0	0	1.0
Macrophage	mild_vs_severe	FOXN1	0.0	1.0	31	0	0	0	1.0
Macrophage	mild_vs_severe	TBX5	0.0	1.0	11	0	0	0	1.0
Macrophage	mild_vs_severe	TLX1	0.0	1.0	6	0	0	0	1.0
Macrophage	mild_vs_severe	HIVEP1	0.0	1.0	8	0	0	0	1.0
Macrophage	mild_vs_severe	SMAD2	0.0	1.0	57	0	0	0	1.0
Macrophage	mild_vs_severe	NKX3-1	0.0	1.0	50	0	0	0	1.0
Macrophage	mild_vs_severe	HAND2	0.0	1.0	17	0	0	0	1.0
Macrophage	mild_vs_severe	PAX7	0.0	1.0	9	0	0	0	1.0
Macrophage	mild_vs_severe	SFPQ	0.0	1.0	18	0	0	0	1.0
Macrophage	mild_vs_severe	BMAL1	0.0	1.0	44	0	0	0	1.0
Macrophage	mild_vs_severe	SKIL	0.0	1.0	14	0	0	0	1.0
Macrophage	mild_vs_severe	TBXT	0.0	1.0	6	0	0	0	1.0
Macrophage	mild_vs_severe	MSX2	0.0	1.0	22	0	0	0	1.0
Macrophage	mild_vs_severe	MZF1	0.0	1.0	14	0	0	0	1.0
Macrophage	mild_vs_severe	HOXA5	0.0	1.0	9	0	0	0	1.0
Macrophage	mild_vs_severe	HOXB4	0.0	1.0	5	0	0	0	1.0
Macrophage	mild_vs_severe	CREB3	0.0	1.0	8	0	0	0	1.0
Macrophage	mild_vs_severe	NFE2	0.0	1.0	11	0	0	0	1.0
Macrophage	mild_vs_severe	ZNF76	0.0	1.0	6	0	0	0	1.0
Macrophage	mild_vs_severe	FOXQ1	0.0	1.0	9	0	0	0	1.0
Macrophage	mild_vs_severe	ZGLP1	0.0	1.0	9	0	0	0	1.0
Macrophage	mild_vs_severe	NFYB	0.0	1.0	29	0	0	0	1.0
Macrophage	mild_vs_severe	ETV3	0.0	1.0	10	0	0	0	1.0
Macrophage	mild_vs_severe	GSC	0.0	1.0	5	0	0	0	1.0
Macrophage	mild_vs_severe	IRF7	0.0	1.0	8	0	0	0	1.0
Macrophage	mild_vs_severe	NFATC3	0.0	1.0	18	0	0	0	1.0
Macrophage	mild_vs_severe	KDM5A	0.0	1.0	13	0	0	0	1.0
Macrophage	mild_vs_severe	GRHL3	0.0	1.0	14	0	0	0	1.0
Macrophage	mild_vs_severe	THRA	0.0	1.0	40	0	0	0	1.0
Macrophage	mild_vs_severe	SOX17	0.0	1.0	25	0	0	0	1.0
Macrophage	mild_vs_severe	TBX15	0.0	1.0	19	0	0	0	1.0
Macrophage	mild_vs_severe	NFAT5	0.0	1.0	35	0	0	0	1.0
Macrophage	mild_vs_severe	BMAL2	0.0	1.0	6	0	0	0	1.0
Macrophage	mild_vs_severe	NFE2L2	-0.006993006993006993	0.06330380220371042	143	1	0	1	1.0
Macrophage	mild_vs_severe	ZIC1	0.0	1.0	9	0	0	0	1.0
Macrophage	mild_vs_severe	MEIS1	0.0	1.0	9	0	0	0	1.0
Macrophage	mild_vs_severe	HOXA9	0.0	1.0	27	0	0	0	1.0
Macrophage	mild_vs_severe	MAFA	0.0	1.0	11	0	0	0	1.0
Macrophage	mild_vs_severe	NR1D1	0.0	1.0	12	0	0	0	1.0
Macrophage	mild_vs_severe	MYF6	0.0	1.0	6	0	0	0	1.0
Macrophage	mild_vs_severe	ZNF263	0.0	1.0	6	0	0	0	1.0
Macrophage	mild_vs_severe	NFIA	0.0	1.0	31	0	0	0	1.0
Macrophage	mild_vs_severe	HEY2	0.0	1.0	10	0	0	0	1.0
Macrophage	mild_vs_severe	HOXB7	0.0	1.0	11	0	0	0	1.0
Macrophage	mild_vs_severe	ZNF350	0.0	1.0	9	0	0	0	1.0
Macrophage	mild_vs_severe	BCL11A	-0.125	0.00362943094368066	8	1	0	1	1.0
Macrophage	mild_vs_severe	TWIST1	0.0	1.0	53	0	0	0	1.0
Macrophage	mild_vs_severe	ZNF395	0.0	1.0	5	0	0	0	1.0
Macrophage	mild_vs_severe	TFDP2	0.0	1.0	5	0	0	0	1.0
Macrophage	mild_vs_severe	GTF3A	0.0	1.0	16	0	0	0	1.0
Macrophage	mild_vs_severe	KLF10	0.0	1.0	17	0	0	0	1.0
Macrophage	mild_vs_severe	KLF2	0.0	1.0	34	0	0	0	1.0
Macrophage	mild_vs_severe	PHF20	0.0	1.0	6	0	0	0	1.0
Macrophage	mild_vs_severe	TGIF1	0.0	1.0	8	0	0	0	1.0
Macrophage	mild_vs_severe	FOXG1	0.0	1.0	12	0	0	0	1.0
Macrophage	mild_vs_severe	MBD2	0.0	1.0	57	0	0	0	1.0
Macrophage	mild_vs_severe	FOXF2	0.0	1.0	8	0	0	0	1.0
Macrophage	mild_vs_severe	HEY1	0.0	1.0	21	0	0	0	1.0
Macrophage	mild_vs_severe	ZBTB17	0.0	1.0	36	0	0	0	1.0
Macrophage	mild_vs_severe	IRF5	0.0	1.0	12	0	0	0	1.0
Macrophage	mild_vs_severe	THRB	0.0	1.0	30	0	0	0	1.0
Macrophage	mild_vs_severe	POU3F2	0.0	1.0	13	0	0	0	1.0
Macrophage	mild_vs_severe	FOXI1	0.0	1.0	5	0	0	0	1.0
Macrophage	mild_vs_severe	KCNIP3	0.0	1.0	8	0	0	0	1.0
Macrophage	mild_vs_severe	FOSB	0.0	1.0	20	0	0	0	1.0
Macrophage	mild_vs_severe	NFE2L1	0.0	1.0	8	0	0	0	1.0
Macrophage	mild_vs_severe	FOXP1	0.0	1.0	11	0	0	0	1.0
Macrophage	mild_vs_severe	FOXP2	0.0	1.0	5	0	0	0	1.0
Macrophage	mild_vs_severe	BARX1	0.0	1.0	7	0	0	0	1.0
Macrophage	mild_vs_severe	ZFPM2	0.0	1.0	7	0	0	0	1.0
Macrophage	mild_vs_severe	IKZF1	0.0	1.0	14	0	0	0	1.0
Macrophage	mild_vs_severe	BCL3	0.0	1.0	19	0	0	0	1.0
Macrophage	mild_vs_severe	SP2	0.0	1.0	16	0	0	0	1.0
Macrophage	mild_vs_severe	SIM2	0.0	1.0	8	0	0	0	1.0
Macrophage	mild_vs_severe	NFATC1	0.0	1.0	64	0	0	0	1.0
Macrophage	mild_vs_severe	POU2F3	0.0	1.0	5	0	0	0	1.0
Macrophage	mild_vs_severe	HOXA7	0.0	1.0	10	0	0	0	1.0
Macrophage	mild_vs_severe	NPAS2	0.0	1.0	6	0	0	0	1.0
Macrophage	mild_vs_severe	DLX2	0.0	1.0	12	0	0	0	1.0
Macrophage	mild_vs_severe	PRRX1	0.0	1.0	5	0	0	0	1.0
Macrophage	mild_vs_severe	VEZF1	0.0	1.0	6	0	0	0	1.0
Macrophage	mild_vs_severe	CTBP2	0.0	1.0	9	0	0	0	1.0
Macrophage	mild_vs_severe	SOX6	0.0	1.0	15	0	0	0	1.0
Macrophage	mild_vs_severe	HIPK2	0.0	1.0	7	0	0	0	1.0
Macrophage	mild_vs_severe	RORC	0.0	1.0	6	0	0	0	1.0
Macrophage	mild_vs_severe	PPARD	0.0	1.0	60	0	0	0	1.0
Macrophage	mild_vs_severe	MECOM	0.0	1.0	12	0	0	0	1.0
Macrophage	mild_vs_severe	SIRT1	0.0	1.0	39	0	0	0	1.0
Macrophage	mild_vs_severe	ZBTB7B	0.0	1.0	12	0	0	0	1.0
Macrophage	mild_vs_severe	ZBTB7A	0.0	1.0	29	0	0	0	1.0
Macrophage	mild_vs_severe	NR6A1	0.0	1.0	5	0	0	0	1.0
Macrophage	mild_vs_severe	STAT2	0.0	1.0	29	0	0	0	1.0
Macrophage	mild_vs_severe	ESRRG	0.0	1.0	14	0	0	0	1.0
Macrophage	mild_vs_severe	PRDM2	0.0	1.0	7	0	0	0	1.0
Macrophage	mild_vs_severe	PURA	0.0	1.0	13	0	0	0	1.0
Macrophage	mild_vs_severe	NEUROD6	0.0	1.0	8	0	0	0	1.0
Macrophage	mild_vs_severe	NEUROG2	0.0	1.0	8	0	0	0	1.0
Macrophage	mild_vs_severe	HMGB2	0.0	1.0	6	0	0	0	1.0
Macrophage	mild_vs_severe	DLX3	0.0	1.0	10	0	0	0	1.0
Macrophage	mild_vs_severe	TWIST2	0.0	1.0	24	0	0	0	1.0
Macrophage	mild_vs_severe	TFAP4	0.0	1.0	23	0	0	0	1.0
Macrophage	mild_vs_severe	KAT6B	0.0	1.0	6	0	0	0	1.0
Macrophage	mild_vs_severe	MXI1	0.0	1.0	8	0	0	0	1.0
Macrophage	mild_vs_severe	E2F5	-0.1111111111111111	0.004082367832968925	9	1	0	1	1.0
Macrophage	mild_vs_severe	E2F2	-0.023255813953488372	0.019384498878264256	43	1	0	1	1.0
Macrophage	mild_vs_severe	FOXD3	0.0	1.0	8	0	0	0	1.0
Macrophage	mild_vs_severe	POU5F1	0.0	1.0	40	0	0	0	1.0
Macrophage	mild_vs_severe	PLAGL1	0.0	1.0	14	0	0	0	1.0
Macrophage	mild_vs_severe	SNAI2	0.0	1.0	27	0	0	0	1.0
Macrophage	mild_vs_severe	NOTCH1	0.0	1.0	40	0	0	0	1.0
Macrophage	mild_vs_severe	FOXC2	0.0	1.0	11	0	0	0	1.0
Macrophage	mild_vs_severe	FOXD1	0.0	1.0	5	0	0	0	1.0
Macrophage	mild_vs_severe	KLF9	-0.06666666666666667	0.006796531321528591	15	1	0	1	1.0
Macrophage	mild_vs_severe	TBPL2	0.0	1.0	8	0	0	0	1.0
Macrophage	mild_vs_severe	NFIL3	0.0	1.0	15	0	0	0	1.0
Macrophage	mild_vs_severe	ZNF384	0.0	1.0	10	0	0	0	1.0
Macrophage	mild_vs_severe	HOXA11	0.0	1.0	5	0	0	0	1.0
Macrophage	mild_vs_severe	MEF2D	0.0	1.0	17	0	0	0	1.0
Macrophage	mild_vs_severe	SMAD5	0.0	1.0	26	0	0	0	1.0
Macrophage	mild_vs_severe	MLXIPL	0.0	1.0	10	0	0	0	1.0
Macrophage	mild_vs_severe	ZBTB33	0.0	1.0	7	0	0	0	1.0
Macrophage	mild_vs_severe	KLF15	0.0	1.0	12	0	0	0	1.0
Macrophage	mild_vs_severe	DNMT3A	0.0	1.0	40	0	0	0	1.0
Macrophage	mild_vs_severe	DNMT3B	0.0	1.0	51	0	0	0	1.0
Macrophage	mild_vs_severe	OLIG2	0.0	1.0	10	0	0	0	1.0
Macrophage	mild_vs_severe	MAFG	0.0	1.0	9	0	0	0	1.0
Macrophage	mild_vs_severe	TEF	0.0	1.0	9	0	0	0	1.0
Macrophage	mild_vs_severe	HOXD13	0.0	1.0	8	0	0	0	1.0
Macrophage	mild_vs_severe	ZKSCAN7	0.0	1.0	8	0	0	0	1.0
Macrophage	mild_vs_severe	BACH1	0.0	1.0	14	0	0	0	1.0
Macrophage	mild_vs_severe	TEAD4	0.0	1.0	7	0	0	0	1.0
Macrophage	mild_vs_severe	GCM1	0.0	1.0	5	0	0	0	1.0
Macrophage	mild_vs_severe	BHLHE41	0.0	1.0	17	0	0	0	1.0
Macrophage	mild_vs_severe	MTA1	0.0	1.0	40	0	0	0	1.0
Macrophage	mild_vs_severe	EHF	0.0	1.0	8	0	0	0	1.0
Macrophage	mild_vs_severe	TCF7L2	0.0	1.0	74	0	0	0	1.0
Macrophage	mild_vs_severe	VSX2	0.0	1.0	14	0	0	0	1.0
Macrophage	mild_vs_severe	TSC22D1	0.0	1.0	7	0	0	0	1.0
Macrophage	mild_vs_severe	SOX5	0.0	1.0	10	0	0	0	1.0
Macrophage	mild_vs_severe	SOX2	0.0	1.0	34	0	0	0	1.0
Macrophage	mild_vs_severe	NKX3-2	0.0	1.0	6	0	0	0	1.0
Macrophage	mild_vs_severe	PAX9	0.0	1.0	6	0	0	0	1.0
Macrophage	mild_vs_severe	TCF21	0.0	1.0	5	0	0	0	1.0
Macrophage	mild_vs_severe	HIC1	0.0	1.0	17	0	0	0	1.0
Macrophage	mild_vs_severe	ZEB2	0.0	1.0	17	0	0	0	1.0
Macrophage	mild_vs_severe	NONO	0.0	1.0	11	0	0	0	1.0
Macrophage	mild_vs_severe	CEBPZ	0.0	1.0	13	0	0	0	1.0
Macrophage	mild_vs_severe	SIX1	0.0	1.0	7	0	0	0	1.0
Macrophage	mild_vs_severe	NFIX	0.0	1.0	15	0	0	0	1.0
Macrophage	mild_vs_severe	MNT	0.0	1.0	8	0	0	0	1.0
Macrophage	mild_vs_severe	HOXA1	0.0	1.0	14	0	0	0	1.0
Macrophage	mild_vs_severe	BCL11B	0.0	1.0	18	0	0	0	1.0
Macrophage	mild_vs_severe	RXRB	0.0	1.0	7	0	0	0	1.0
Macrophage	mild_vs_severe	E2F6	0.0	1.0	33	0	0	0	1.0
Macrophage	mild_vs_severe	HOXA13	0.0	1.0	6	0	0	0	1.0
Macrophage	mild_vs_severe	KAT6A	0.0	1.0	11	0	0	0	1.0
Macrophage	mild_vs_severe	GFI1	0.0	1.0	32	0	0	0	1.0
Macrophage	mild_vs_severe	RUNX3	0.0	1.0	44	0	0	0	1.0
Macrophage	mild_vs_severe	GLI1	-0.008849557522123894	0.05029674058829563	113	1	0	1	1.0
Macrophage	mild_vs_severe	KLF8	0.0	1.0	15	0	0	0	1.0
Macrophage	mild_vs_severe	HIF3A	0.0	1.0	5	0	0	0	1.0
Macrophage	mild_vs_severe	MEOX2	0.0	1.0	6	0	0	0	1.0
Macrophage	mild_vs_severe	JARID2	0.0	1.0	10	0	0	0	1.0
Macrophage	mild_vs_severe	NFYC	0.0	1.0	18	0	0	0	1.0
Macrophage	mild_vs_severe	GFI1B	0.0	1.0	9	0	0	0	1.0
Macrophage	mild_vs_severe	ASCL2	0.0	1.0	5	0	0	0	1.0
Macrophage	mild_vs_severe	MSC	0.0	1.0	13	0	0	0	1.0
Macrophage	mild_vs_severe	HOXB9	0.0	1.0	5	0	0	0	1.0
Macrophage	mild_vs_severe	HLX	0.0	1.0	12	0	0	0	1.0
Macrophage	mild_vs_severe	RCOR2	0.0	1.0	12	0	0	0	1.0
Macrophage	mild_vs_severe	NKX2-2	0.0	1.0	9	0	0	0	1.0
Macrophage	mild_vs_severe	ARID4A	0.0	1.0	6	0	0	0	1.0
Macrophage	mild_vs_severe	HINFP	0.0	1.0	9	0	0	0	1.0
Macrophage	mild_vs_severe	SMARCC1	0.0	1.0	6	0	0	0	1.0
Macrophage	mild_vs_severe	KAT2B	0.0	1.0	12	0	0	0	1.0
Macrophage	mild_vs_severe	HDGF	0.0	1.0	5	0	0	0	1.0
Macrophage	mild_vs_severe	EP300	0.0	1.0	42	0	0	0	1.0
Macrophage	mild_vs_severe	TRPS1	0.0	1.0	12	0	0	0	1.0
Macrophage	mild_vs_severe	CTNNB1	0.0	1.0	200	0	0	0	1.0
Macrophage	mild_vs_severe	PML	0.0	1.0	15	0	0	0	1.0
Macrophage	mild_vs_severe	KLF7	0.0	1.0	7	0	0	0	1.0
Macrophage	mild_vs_severe	PROP1	0.0	1.0	6	0	0	0	1.0
Macrophage	mild_vs_severe	LMO2	0.0	1.0	18	0	0	0	1.0
Macrophage	mild_vs_severe	MEOX1	0.0	1.0	6	0	0	0	1.0
Macrophage	mild_vs_severe	FOXL2	0.0	1.0	12	0	0	0	1.0
Macrophage	mild_vs_severe	HTATIP2	0.0	1.0	11	0	0	0	1.0
Macrophage	mild_vs_severe	EZH2	0.0	1.0	97	0	0	0	1.0
Macrophage	mild_vs_severe	GLI2	-0.01	0.04461566781866871	100	1	0	1	1.0
Macrophage	mild_vs_severe	TCF7	0.0	1.0	12	0	0	0	1.0
Macrophage	mild_vs_severe	FOXC1	0.0	1.0	9	0	0	0	1.0
Macrophage	mild_vs_severe	HOXB13	0.0	1.0	8	0	0	0	1.0
Macrophage	mild_vs_severe	ABL1	0.0	1.0	10	0	0	0	1.0
Macrophage	mild_vs_severe	TBX3	0.0	1.0	11	0	0	0	1.0
Macrophage	mild_vs_severe	NFKBIZ	0.0	1.0	5	0	0	0	1.0
Macrophage	mild_vs_severe	PLAGL2	0.0	1.0	5	0	0	0	1.0
Macrophage	mild_vs_severe	TET1	0.0	1.0	9	0	0	0	1.0
Macrophage	mild_vs_severe	FOXH1	0.0	1.0	7	0	0	0	1.0
Macrophage	mild_vs_severe	FOXP3	0.0	1.0	27	0	0	0	1.0
Macrophage	mild_vs_severe	CREB3L1	0.0	1.0	7	0	0	0	1.0
Macrophage	mild_vs_severe	TFDP3	0.0	1.0	5	0	0	0	1.0
Macrophage	mild_vs_severe	SP7	0.0	1.0	24	0	0	0	1.0
Macrophage	mild_vs_severe	OVOL1	0.0	1.0	8	0	0	0	1.0
Macrophage	mild_vs_severe	ZNF436	0.0	1.0	5	0	0	0	1.0
Macrophage	mild_vs_severe	ATF7	0.0	1.0	5	0	0	0	1.0
Macrophage	mild_vs_severe	SCX	0.0	1.0	8	0	0	0	1.0
Macrophage	mild_vs_severe	NANOG	0.0	1.0	31	0	0	0	1.0
Macrophage	mild_vs_severe	ARX	0.0	1.0	13	0	0	0	1.0
Macrophage	mild_vs_severe	VHL	0.0	1.0	20	0	0	0	1.0
Macrophage	mild_vs_severe	SOX4	0.0	1.0	18	0	0	0	1.0
Macrophage	mild_vs_severe	ATF5	0.0	1.0	21	0	0	0	1.0
Macrophage	mild_vs_severe	CTCFL	0.0	1.0	6	0	0	0	1.0
Macrophage	mild_vs_severe	SP6	0.0	1.0	5	0	0	0	1.0
Macrophage	mild_vs_severe	SMARCA5	0.0	1.0	8	0	0	0	1.0
Macrophage	mild_vs_severe	EOMES	0.0	1.0	8	0	0	0	1.0
Macrophage	mild_vs_severe	ESRRB	0.0	1.0	5	0	0	0	1.0
Macrophage	mild_vs_severe	ZXDC	0.0	1.0	5	0	0	0	1.0
Macrophage	mild_vs_severe	NR2E1	0.0	1.0	10	0	0	0	1.0
Macrophage	mild_vs_severe	ZFP42	0.0	1.0	12	0	0	0	1.0
Macrophage	mild_vs_severe	KMT2B	0.0	1.0	11	0	0	0	1.0
Macrophage	mild_vs_severe	NFIB	0.0	1.0	14	0	0	0	1.0
Macrophage	mild_vs_severe	EN1	0.0	1.0	5	0	0	0	1.0
Macrophage	mild_vs_severe	MTA3	0.0	1.0	9	0	0	0	1.0
Macrophage	mild_vs_severe	TBX18	0.0	1.0	7	0	0	0	1.0
Macrophage	mild_vs_severe	EGR4	0.0	1.0	9	0	0	0	1.0
Macrophage	mild_vs_severe	HSF4	0.0	1.0	8	0	0	0	1.0
Macrophage	mild_vs_severe	BCLAF1	0.0	1.0	5	0	0	0	1.0
Macrophage	mild_vs_severe	KDM5C	0.0	1.0	10	0	0	0	1.0
Macrophage	mild_vs_severe	FOSL2	0.0	1.0	22	0	0	0	1.0
Macrophage	mild_vs_severe	MED1	0.0	1.0	9	0	0	0	1.0
Macrophage	mild_vs_severe	LYL1	0.0	1.0	12	0	0	0	1.0
Macrophage	mild_vs_severe	HOXD1	0.0	1.0	5	0	0	0	1.0
Macrophage	mild_vs_severe	SALL4	0.0	1.0	7	0	0	0	1.0
Macrophage	mild_vs_severe	KDM5B	0.0	1.0	20	0	0	0	1.0
Macrophage	mild_vs_severe	TADA2A	0.0	1.0	6	0	0	0	1.0
Macrophage	mild_vs_severe	SATB2	0.0	1.0	17	0	0	0	1.0
Macrophage	mild_vs_severe	NSD2	0.0	1.0	6	0	0	0	1.0
Macrophage	mild_vs_severe	PBRM1	0.0	1.0	7	0	0	0	1.0
Macrophage	mild_vs_severe	ZBTB4	0.0	1.0	12	0	0	0	1.0
Macrophage	mild_vs_severe	THAP11	0.0	1.0	6	0	0	0	1.0
Macrophage	mild_vs_severe	FOXJ1	0.0	1.0	8	0	0	0	1.0
Macrophage	mild_vs_severe	PPARGC1A	0.0	1.0	18	0	0	0	1.0
Macrophage	mild_vs_severe	BATF	0.0	1.0	7	0	0	0	1.0
Macrophage	mild_vs_severe	ARID3B	0.0	1.0	5	0	0	0	1.0
Macrophage	mild_vs_severe	ZNF300	0.0	1.0	5	0	0	0	1.0
Macrophage	mild_vs_severe	NUPR1	0.0	1.0	6	0	0	0	1.0
Macrophage	mild_vs_severe	ZNF331	0.0	1.0	17	0	0	0	1.0
Macrophage	mild_vs_severe	ZNF382	0.0	1.0	11	0	0	0	1.0
Macrophage	mild_vs_severe	HOXD8	0.0	1.0	5	0	0	0	1.0
Macrophage	mild_vs_severe	LHX8	0.0	1.0	7	0	0	0	1.0
Macrophage	mild_vs_severe	IRX1	0.0	1.0	11	0	0	0	1.0
Macrophage	mild_vs_severe	SOX11	0.0	1.0	7	0	0	0	1.0
Macrophage	mild_vs_severe	IRF6	0.0	1.0	9	0	0	0	1.0
Macrophage	mild_vs_severe	E2F7	0.0	1.0	5	0	0	0	1.0
Macrophage	mild_vs_severe	HEYL	0.0	1.0	5	0	0	0	1.0
Macrophage	mild_vs_severe	MECP2	0.0	1.0	17	0	0	0	1.0
Macrophage	mild_vs_severe	MAML1	0.0	1.0	5	0	0	0	1.0
Macrophage	mild_vs_severe	DOT1L	0.0	1.0	8	0	0	0	1.0
Macrophage	mild_vs_severe	ARID3A	0.0	1.0	6	0	0	0	1.0
Macrophage	mild_vs_severe	ARID1A	0.0	1.0	5	0	0	0	1.0
Macrophage	mild_vs_severe	ZBTB18	0.0	1.0	6	0	0	0	1.0
Macrophage	mild_vs_severe	TCF15	0.0	1.0	5	0	0	0	1.0
Macrophage	mild_vs_severe	NPM1	0.0	1.0	11	0	0	0	1.0
Macrophage	mild_vs_severe	SETBP1	0.0	1.0	5	0	0	0	1.0
Macrophage	mild_vs_severe	KDM2A	0.0	1.0	8	0	0	0	1.0
Macrophage	mild_vs_severe	MKX	0.0	1.0	6	0	0	0	1.0
Macrophage	mild_vs_severe	HDAC3	0.0	1.0	14	0	0	0	1.0
Macrophage	mild_vs_severe	BTG2	0.0	1.0	6	0	0	0	1.0
Macrophage	mild_vs_severe	CREB5	0.0	1.0	9	0	0	0	1.0
Macrophage	mild_vs_severe	CTBP1	0.0	1.0	8	0	0	0	1.0
Macrophage	mild_vs_severe	HDAC1	0.0	1.0	59	0	0	0	1.0
Macrophage	mild_vs_severe	HCFC1	0.0	1.0	7	0	0	0	1.0
Macrophage	mild_vs_severe	ETV7	0.0	1.0	8	0	0	0	1.0
Macrophage	mild_vs_severe	FHL2	0.0	1.0	6	0	0	0	1.0
Macrophage	mild_vs_severe	HDAC4	0.0	1.0	16	0	0	0	1.0
Macrophage	mild_vs_severe	HDAC7	0.0	1.0	10	0	0	0	1.0
Macrophage	mild_vs_severe	HDAC9	0.0	1.0	14	0	0	0	1.0
Macrophage	mild_vs_severe	ING4	0.0	1.0	14	0	0	0	1.0
Macrophage	mild_vs_severe	SIN3A	0.0	1.0	8	0	0	0	1.0
Macrophage	mild_vs_severe	SMARCA4	0.0	1.0	7	0	0	0	1.0
Macrophage	mild_vs_severe	WWTR1	0.0	1.0	8	0	0	0	1.0
Macrophage	mild_vs_severe	PIN1	0.0	1.0	5	0	0	0	1.0
Macrophage	mild_vs_severe	FGF2	0.0	1.0	8	0	0	0	1.0
Macrophage	mild_vs_severe	PARK7	0.0	1.0	6	0	0	0	1.0
Macrophage	mild_vs_severe	YAP1	0.0	1.0	8	0	0	0	1.0
Macrophage	mild_vs_severe	BCOR	0.0	1.0	5	0	0	0	1.0
Macrophage	mild_vs_severe	BRD4	0.0	1.0	8	0	0	0	1.0
Macrophage	mild_vs_severe	SRSF2	0.0	1.0	12	0	0	0	1.0
Macrophage	mild_vs_severe	ZMYND8	0.0	1.0	6	0	0	0	1.0
Macrophage	mild_vs_severe	ARID4B	0.0	1.0	8	0	0	0	1.0
Macrophage	mild_vs_severe	AP1	-0.003067484662576687	0.13959545270137724	326	1	0	1	1.0
Macrophage	mild_vs_severe	NFKB	-0.0020876826722338203	0.19949031191554512	479	1	0	1	1.0
NP_fibrocartilaginous	healthy_vs_degenerated_all	MYC	0.004405286343612335	0.16641908256549584	681	3	3	0	1.0
NP_fibrocartilaginous	healthy_vs_degenerated_all	SPI1	0.005780346820809248	0.30501745106044664	173	1	1	0	1.0
NP_fibrocartilaginous	healthy_vs_degenerated_all	SMAD3	0.0	1.0	106	0	0	0	1.0
NP_fibrocartilaginous	healthy_vs_degenerated_all	SMAD4	0.0	1.0	78	0	0	0	1.0
NP_fibrocartilaginous	healthy_vs_degenerated_all	STAT5A	0.008130081300813009	0.22749088141039553	123	1	1	0	1.0
NP_fibrocartilaginous	healthy_vs_degenerated_all	STAT5B	0.0	1.0	64	0	0	0	1.0
NP_fibrocartilaginous	healthy_vs_degenerated_all	RELA	0.0	0.14259256396788483	320	2	1	1	1.0
NP_fibrocartilaginous	healthy_vs_degenerated_all	WT1	0.01098901098901099	0.17360404100025636	91	1	1	0	1.0
NP_fibrocartilaginous	healthy_vs_degenerated_all	NR0B2	0.0	1.0	65	0	0	0	1.0
NP_fibrocartilaginous	healthy_vs_degenerated_all	SP1	0.0012642225031605564	0.2256261030093242	791	3	2	1	1.0
NP_fibrocartilaginous	healthy_vs_degenerated_all	TP53	0.004267425320056899	0.17783593739365902	703	3	3	0	1.0
NP_fibrocartilaginous	healthy_vs_degenerated_all	ZBTB16	0.0	1.0	35	0	0	0	1.0
NP_fibrocartilaginous	healthy_vs_degenerated_all	ETV6	0.0	1.0	17	0	0	0	1.0
NP_fibrocartilaginous	healthy_vs_degenerated_all	RUNX1	0.0	1.0	113	0	0	0	1.0
NP_fibrocartilaginous	healthy_vs_degenerated_all	STAT1	0.004878048780487805	0.35066672291022655	205	1	1	0	1.0
NP_fibrocartilaginous	healthy_vs_degenerated_all	STAT3	0.0038314176245210726	0.4237365440642381	261	1	1	0	1.0
NP_fibrocartilaginous	healthy_vs_degenerated_all	ETV4	0.0	1.0	40	0	0	0	1.0
NP_fibrocartilaginous	healthy_vs_degenerated_all	MTF1	0.0	1.0	25	0	0	0	1.0
NP_fibrocartilaginous	healthy_vs_degenerated_all	CREB1	0.003787878787878788	0.42742026260655314	264	1	1	0	1.0
NP_fibrocartilaginous	healthy_vs_degenerated_all	FOXA2	0.022727272727272728	0.08789499285439249	44	1	1	0	0.946798694957842
NP_fibrocartilaginous	healthy_vs_degenerated_all	NFATC2	0.020833333333333332	0.09550823934905618	48	1	1	0	0.9773676493386748
NP_fibrocartilaginous	healthy_vs_degenerated_all	CEBPB	0.00796812749003984	0.09543755978318809	251	2	2	0	0.9773676493386748
NP_fibrocartilaginous	healthy_vs_degenerated_all	FOS	0.005154639175257732	0.33530828740059115	194	1	1	0	1.0
NP_fibrocartilaginous	healthy_vs_degenerated_all	PLAG1	0.0	1.0	7	0	0	0	1.0
NP_fibrocartilaginous	healthy_vs_degenerated_all	E2F1	0.003952569169960474	0.4138021378258207	253	1	1	0	1.0
NP_fibrocartilaginous	healthy_vs_degenerated_all	E2F3	0.0	1.0	59	0	0	0	1.0
NP_fibrocartilaginous	healthy_vs_degenerated_all	HBP1	0.0	1.0	30	0	0	0	1.0
NP_fibrocartilaginous	healthy_vs_degenerated_all	YY1	-0.006329113924050633	0.2825774840306565	158	1	0	1	1.0
NP_fibrocartilaginous	healthy_vs_degenerated_all	ESR1	0.0	0.1937744323877162	389	2	1	1	1.0
NP_fibrocartilaginous	healthy_vs_degenerated_all	JUN	0.005221932114882507	0.18921294347481568	383	2	2	0	1.0
NP_fibrocartilaginous	healthy_vs_degenerated_all	NR1I3	0.0	1.0	27	0	0	0	1.0
NP_fibrocartilaginous	healthy_vs_degenerated_all	CEBPG	0.0	1.0	96	0	0	0	1.0
NP_fibrocartilaginous	healthy_vs_degenerated_all	MAFK	0.0	1.0	16	0	0	0	1.0
NP_fibrocartilaginous	healthy_vs_degenerated_all	STAT4	0.0	1.0	13	0	0	0	1.0
NP_fibrocartilaginous	healthy_vs_degenerated_all	IRF1	0.0	1.0	93	0	0	0	1.0
NP_fibrocartilaginous	healthy_vs_degenerated_all	ATF2	0.012345679012345678	0.15603966853722728	81	1	1	0	1.0
NP_fibrocartilaginous	healthy_vs_degenerated_all	NR2C2	0.0	1.0	34	0	0	0	1.0
NP_fibrocartilaginous	healthy_vs_degenerated_all	IRF3	0.0	1.0	51	0	0	0	1.0
NP_fibrocartilaginous	healthy_vs_degenerated_all	TFAP2A	0.0	1.0	182	0	0	0	1.0
NP_fibrocartilaginous	healthy_vs_degenerated_all	HNF1A	0.0	1.0	41	0	0	0	1.0
NP_fibrocartilaginous	healthy_vs_degenerated_all	ETS1	0.0	1.0	124	0	0	0	1.0
NP_fibrocartilaginous	healthy_vs_degenerated_all	ARNT	0.0	1.0	42	0	0	0	1.0
NP_fibrocartilaginous	healthy_vs_degenerated_all	AHR	0.0	1.0	95	0	0	0	1.0
NP_fibrocartilaginous	healthy_vs_degenerated_all	PAX6	0.02564102564102564	0.011339331983633677	78	2	2	0	0.7744539112569679
NP_fibrocartilaginous	healthy_vs_degenerated_all	NFYA	0.014084507042253521	0.1381185398779212	71	1	1	0	1.0
NP_fibrocartilaginous	healthy_vs_degenerated_all	ZNF148	0.0	1.0	21	0	0	0	1.0
NP_fibrocartilaginous	healthy_vs_degenerated_all	NFIC	0.0	1.0	45	0	0	0	1.0
NP_fibrocartilaginous	healthy_vs_degenerated_all	RBPJ	0.012048192771084338	0.15958086460763465	83	1	1	0	1.0
NP_fibrocartilaginous	healthy_vs_degenerated_all	HES1	0.0	1.0	53	0	0	0	1.0
NP_fibrocartilaginous	healthy_vs_degenerated_all	GATA4	0.0	1.0	58	0	0	0	1.0
NP_fibrocartilaginous	healthy_vs_degenerated_all	GATA6	0.0	1.0	35	0	0	0	1.0
NP_fibrocartilaginous	healthy_vs_degenerated_all	HNF4A	0.008	0.23074473911970558	125	1	1	0	1.0
NP_fibrocartilaginous	healthy_vs_degenerated_all	RARA	0.01	0.18911256025972017	100	1	1	0	1.0
NP_fibrocartilaginous	healthy_vs_degenerated_all	DBP	0.0	1.0	19	0	0	0	1.0
NP_fibrocartilaginous	healthy_vs_degenerated_all	HLF	0.0	1.0	11	0	0	0	1.0
NP_fibrocartilaginous	healthy_vs_degenerated_all	PPARG	0.0	1.0	206	0	0	0	1.0
NP_fibrocartilaginous	healthy_vs_degenerated_all	MAX	0.0	1.0	33	0	0	0	1.0
NP_fibrocartilaginous	healthy_vs_degenerated_all	USF2	0.015625	0.12535778442029508	64	1	1	0	1.0
NP_fibrocartilaginous	healthy_vs_degenerated_all	IRF2	0.0	1.0	31	0	0	0	1.0
NP_fibrocartilaginous	healthy_vs_degenerated_all	SP3	0.0038910505836575876	0.01567766121245582	257	3	2	1	0.7744539112569679
NP_fibrocartilaginous	healthy_vs_degenerated_all	AR	-0.0029069767441860465	0.5177429250046106	344	1	0	1	1.0
NP_fibrocartilaginous	healthy_vs_degenerated_all	CUX1	0.0	1.0	74	0	0	0	1.0
NP_fibrocartilaginous	healthy_vs_degenerated_all	ATF1	0.0	1.0	59	0	0	0	1.0
NP_fibrocartilaginous	healthy_vs_degenerated_all	KAT7	0.0	1.0	56	0	0	0	1.0
NP_fibrocartilaginous	healthy_vs_degenerated_all	CREBZF	0.0	1.0	11	0	0	0	1.0
NP_fibrocartilaginous	healthy_vs_degenerated_all	GLI3	0.0	1.0	25	0	0	0	1.0
NP_fibrocartilaginous	healthy_vs_degenerated_all	NKX2-5	0.03125	0.06468572795770998	32	1	1	0	0.909282250730985
NP_fibrocartilaginous	healthy_vs_degenerated_all	TGFB1I1	0.0	1.0	11	0	0	0	1.0
NP_fibrocartilaginous	healthy_vs_degenerated_all	RARB	0.0	1.0	31	0	0	0	1.0
NP_fibrocartilaginous	healthy_vs_degenerated_all	RARG	0.0	1.0	20	0	0	0	1.0
NP_fibrocartilaginous	healthy_vs_degenerated_all	TEAD1	0.0	1.0	14	0	0	0	1.0
NP_fibrocartilaginous	healthy_vs_degenerated_all	PPARA	0.0	1.0	152	0	0	0	1.0
NP_fibrocartilaginous	healthy_vs_degenerated_all	ESR2	0.0	1.0	122	0	0	0	1.0
NP_fibrocartilaginous	healthy_vs_degenerated_all	NR3C1	0.00625	0.2856090290331605	160	1	1	0	1.0
NP_fibrocartilaginous	healthy_vs_degenerated_all	PGR	0.0	0.013063957807266999	84	2	1	1	0.7744539112569679
NP_fibrocartilaginous	healthy_vs_degenerated_all	NRG1	0.0	1.0	26	0	0	0	1.0
NP_fibrocartilaginous	healthy_vs_degenerated_all	TBP	0.0	1.0	103	0	0	0	1.0
NP_fibrocartilaginous	healthy_vs_degenerated_all	REL	0.0	1.0	67	0	0	0	1.0
NP_fibrocartilaginous	healthy_vs_degenerated_all	ISL1	0.0	1.0	10	0	0	0	1.0
NP_fibrocartilaginous	healthy_vs_degenerated_all	ZBTB14	0.0	1.0	5	0	0	0	1.0
NP_fibrocartilaginous	healthy_vs_degenerated_all	MYB	0.0	1.0	107	0	0	0	1.0
NP_fibrocartilaginous	healthy_vs_degenerated_all	PITX1	0.0	1.0	17	0	0	0	1.0
NP_fibrocartilaginous	healthy_vs_degenerated_all	EGR1	0.004405286343612335	0.3803714177764492	227	1	1	0	1.0
NP_fibrocartilaginous	healthy_vs_degenerated_all	MYOD1	0.0	1.0	84	0	0	0	1.0
NP_fibrocartilaginous	healthy_vs_degenerated_all	ETS2	0.0	1.0	68	0	0	0	1.0
NP_fibrocartilaginous	healthy_vs_degenerated_all	GTF2I	0.0	1.0	18	0	0	0	1.0
NP_fibrocartilaginous	healthy_vs_degenerated_all	NR2F1	0.0	1.0	21	0	0	0	1.0
NP_fibrocartilaginous	healthy_vs_degenerated_all	ENO1	0.0	1.0	12	0	0	0	1.0
NP_fibrocartilaginous	healthy_vs_degenerated_all	JDP2	0.0	1.0	28	0	0	0	1.0
NP_fibrocartilaginous	healthy_vs_degenerated_all	MAZ	0.0	1.0	21	0	0	0	1.0
NP_fibrocartilaginous	healthy_vs_degenerated_all	NR4A1	0.0	0.006188377292911357	57	2	1	1	0.7744539112569679
NP_fibrocartilaginous	healthy_vs_degenerated_all	HMGA1	0.0	1.0	39	0	0	0	1.0
NP_fibrocartilaginous	healthy_vs_degenerated_all	NFKB1	-0.00425531914893617	0.39084729465693485	235	1	0	1	1.0
NP_fibrocartilaginous	healthy_vs_degenerated_all	USF1	0.008064516129032258	0.22911945242117093	124	1	1	0	1.0
NP_fibrocartilaginous	healthy_vs_degenerated_all	DDIT3	0.0	1.0	70	0	0	0	1.0
NP_fibrocartilaginous	healthy_vs_degenerated_all	ATF4	0.011904761904761904	0.1613461285449883	84	1	1	0	1.0
NP_fibrocartilaginous	healthy_vs_degenerated_all	ATF3	0.0	1.0	73	0	0	0	1.0
NP_fibrocartilaginous	healthy_vs_degenerated_all	TAF1	0.0	1.0	35	0	0	0	1.0
NP_fibrocartilaginous	healthy_vs_degenerated_all	RUNX2	0.024691358024691357	0.012188058517543293	81	2	2	0	0.7744539112569679
NP_fibrocartilaginous	healthy_vs_degenerated_all	TFAP2B	0.0	1.0	12	0	0	0	1.0
NP_fibrocartilaginous	healthy_vs_degenerated_all	CREM	-0.023255813953488372	0.0859821256013289	43	1	0	1	0.946798694957842
NP_fibrocartilaginous	healthy_vs_degenerated_all	IRF8	0.023809523809523808	0.08406542145187869	42	1	1	0	0.946798694957842
NP_fibrocartilaginous	healthy_vs_degenerated_all	ETV5	0.0	1.0	6	0	0	0	1.0
NP_fibrocartilaginous	healthy_vs_degenerated_all	DMTF1	0.0	1.0	13	0	0	0	1.0
NP_fibrocartilaginous	healthy_vs_degenerated_all	NR5A1	0.0	1.0	44	0	0	0	1.0
NP_fibrocartilaginous	healthy_vs_degenerated_all	NEUROD2	0.0	1.0	8	0	0	0	1.0
NP_fibrocartilaginous	healthy_vs_degenerated_all	NEUROD1	0.0	1.0	25	0	0	0	1.0
NP_fibrocartilaginous	healthy_vs_degenerated_all	HHEX	0.0	1.0	15	0	0	0	1.0
NP_fibrocartilaginous	healthy_vs_degenerated_all	FOXO3	-0.0064516129032258064	0.2780070837408659	155	1	0	1	1.0
NP_fibrocartilaginous	healthy_vs_degenerated_all	MBD1	0.0	1.0	10	0	0	0	1.0
NP_fibrocartilaginous	healthy_vs_degenerated_all	CEBPD	0.0	1.0	49	0	0	0	1.0
NP_fibrocartilaginous	healthy_vs_degenerated_all	ELK1	0.0	1.0	43	0	0	0	1.0
NP_fibrocartilaginous	healthy_vs_degenerated_all	FLI1	0.0	0.0068370884059512915	60	2	1	1	0.7744539112569679
NP_fibrocartilaginous	healthy_vs_degenerated_all	ELK4	0.0	1.0	6	0	0	0	1.0
NP_fibrocartilaginous	healthy_vs_degenerated_all	PREB	0.0	1.0	8	0	0	0	1.0
NP_fibrocartilaginous	healthy_vs_degenerated_all	POU1F1	0.0	1.0	27	0	0	0	1.0
NP_fibrocartilaginous	healthy_vs_degenerated_all	PAX5	0.0	1.0	36	0	0	0	1.0
NP_fibrocartilaginous	healthy_vs_degenerated_all	CEBPA	0.0	1.0	112	0	0	0	1.0
NP_fibrocartilaginous	healthy_vs_degenerated_all	LITAF	0.0	1.0	20	0	0	0	1.0
NP_fibrocartilaginous	healthy_vs_degenerated_all	STAT6	0.017241379310344827	0.11427634218455159	58	1	1	0	1.0
NP_fibrocartilaginous	healthy_vs_degenerated_all	HIF1A	0.0	1.0	307	0	0	0	1.0
NP_fibrocartilaginous	healthy_vs_degenerated_all	TP73	0.01	0.18911256025972017	100	1	1	0	1.0
NP_fibrocartilaginous	healthy_vs_degenerated_all	KLF11	0.0	1.0	17	0	0	0	1.0
NP_fibrocartilaginous	healthy_vs_degenerated_all	TCF4	0.0	1.0	31	0	0	0	1.0
NP_fibrocartilaginous	healthy_vs_degenerated_all	HIVEP2	0.0	1.0	8	0	0	0	1.0
NP_fibrocartilaginous	healthy_vs_degenerated_all	E2F4	0.0	1.0	149	0	0	0	1.0
NP_fibrocartilaginous	healthy_vs_degenerated_all	GATA5	0.0	1.0	8	0	0	0	1.0
NP_fibrocartilaginous	healthy_vs_degenerated_all	SRF	0.03333333333333333	0.0068370884059512915	60	2	2	0	0.7744539112569679
NP_fibrocartilaginous	healthy_vs_degenerated_all	ELF1	0.0	1.0	44	0	0	0	1.0
NP_fibrocartilaginous	healthy_vs_degenerated_all	GATA3	-0.009900990099009901	0.19081844255314617	101	1	0	1	1.0
NP_fibrocartilaginous	healthy_vs_degenerated_all	MSX1	0.0	1.0	14	0	0	0	1.0
NP_fibrocartilaginous	healthy_vs_degenerated_all	OTX2	0.0	1.0	15	0	0	0	1.0
NP_fibrocartilaginous	healthy_vs_degenerated_all	LHX2	0.058823529411764705	0.034879103341087944	17	1	1	0	0.7850025384254511
NP_fibrocartilaginous	healthy_vs_degenerated_all	GABPA	0.0	1.0	25	0	0	0	1.0
NP_fibrocartilaginous	healthy_vs_degenerated_all	HSF2	0.05263157894736842	0.038905176883392234	19	1	1	0	0.7850025384254511
NP_fibrocartilaginous	healthy_vs_degenerated_all	VDR	-0.0125	0.15426372273451514	80	1	0	1	1.0
NP_fibrocartilaginous	healthy_vs_degenerated_all	HOXC8	0.0	1.0	12	0	0	0	1.0
NP_fibrocartilaginous	healthy_vs_degenerated_all	HR	0.0	1.0	51	0	0	0	1.0
NP_fibrocartilaginous	healthy_vs_degenerated_all	RELB	0.0	1.0	31	0	0	0	1.0
NP_fibrocartilaginous	healthy_vs_degenerated_all	CEBPE	0.0	1.0	17	0	0	0	1.0
NP_fibrocartilaginous	healthy_vs_degenerated_all	NR0B1	0.0	1.0	22	0	0	0	1.0
NP_fibrocartilaginous	healthy_vs_degenerated_all	LEF1	0.0	1.0	52	0	0	0	1.0
NP_fibrocartilaginous	healthy_vs_degenerated_all	ID1	0.019230769230769232	0.10306067969008496	52	1	1	0	1.0
NP_fibrocartilaginous	healthy_vs_degenerated_all	ZNF143	0.0	1.0	22	0	0	0	1.0
NP_fibrocartilaginous	healthy_vs_degenerated_all	SOX9	0.0	1.0	56	0	0	0	1.0
NP_fibrocartilaginous	healthy_vs_degenerated_all	YBX1	0.0	1.0	66	0	0	0	1.0
NP_fibrocartilaginous	healthy_vs_degenerated_all	HSF1	0.0	1.0	67	0	0	0	1.0
NP_fibrocartilaginous	healthy_vs_degenerated_all	POU4F1	0.0	1.0	16	0	0	0	1.0
NP_fibrocartilaginous	healthy_vs_degenerated_all	NOTO	0.0	1.0	5	0	0	0	1.0
NP_fibrocartilaginous	healthy_vs_degenerated_all	HNF1B	0.05263157894736842	0.038905176883392234	19	1	1	0	0.7850025384254511
NP_fibrocartilaginous	healthy_vs_degenerated_all	PAX3	0.0	1.0	57	0	0	0	1.0
NP_fibrocartilaginous	healthy_vs_degenerated_all	ID2	0.024390243902439025	0.08214487306035656	41	1	1	0	0.946798694957842
NP_fibrocartilaginous	healthy_vs_degenerated_all	MEF2A	0.01818181818181818	0.108685385006269	55	1	1	0	1.0
NP_fibrocartilaginous	healthy_vs_degenerated_all	PDX1	0.0	1.0	45	0	0	0	1.0
NP_fibrocartilaginous	healthy_vs_degenerated_all	NR2F2	0.0	1.0	33	0	0	0	1.0
NP_fibrocartilaginous	healthy_vs_degenerated_all	NR1H4	0.0	1.0	68	0	0	0	1.0
NP_fibrocartilaginous	healthy_vs_degenerated_all	ASCL1	0.0	1.0	31	0	0	0	1.0
NP_fibrocartilaginous	healthy_vs_degenerated_all	RFX1	-0.058823529411764705	0.034879103341087944	17	1	0	1	0.7850025384254511
NP_fibrocartilaginous	healthy_vs_degenerated_all	CRX	0.0	1.0	10	0	0	0	1.0
NP_fibrocartilaginous	healthy_vs_degenerated_all	NRL	0.0	1.0	10	0	0	0	1.0
NP_fibrocartilaginous	healthy_vs_degenerated_all	UBTF	0.0	1.0	9	0	0	0	1.0
NP_fibrocartilaginous	healthy_vs_degenerated_all	MYBL2	0.022727272727272728	0.08789499285439249	44	1	1	0	0.946798694957842
NP_fibrocartilaginous	healthy_vs_degenerated_all	ELF2	0.0	1.0	7	0	0	0	1.0
NP_fibrocartilaginous	healthy_vs_degenerated_all	JUND	0.017543859649122806	0.11241642762874444	57	1	1	0	1.0
NP_fibrocartilaginous	healthy_vs_degenerated_all	TP63	0.0	1.0	141	0	0	0	1.0
NP_fibrocartilaginous	healthy_vs_degenerated_all	NFKBIB	0.0	1.0	15	0	0	0	1.0
NP_fibrocartilaginous	healthy_vs_degenerated_all	HOXC6	0.0	1.0	8	0	0	0	1.0
NP_fibrocartilaginous	healthy_vs_degenerated_all	FOXO1	0.0	1.0	178	0	0	0	1.0
NP_fibrocartilaginous	healthy_vs_degenerated_all	PITX2	0.0	1.0	61	0	0	0	1.0
NP_fibrocartilaginous	healthy_vs_degenerated_all	NR5A2	0.04	0.050887235615504525	25	1	1	0	0.892707504797708
NP_fibrocartilaginous	healthy_vs_degenerated_all	POU2F1	0.0	1.0	48	0	0	0	1.0
NP_fibrocartilaginous	healthy_vs_degenerated_all	XBP1	0.025	0.08022047306768453	40	1	1	0	0.946798694957842
NP_fibrocartilaginous	healthy_vs_degenerated_all	SREBF1	0.0	1.0	82	0	0	0	1.0
NP_fibrocartilaginous	healthy_vs_degenerated_all	TCF3	0.0	1.0	63	0	0	0	1.0
NP_fibrocartilaginous	healthy_vs_degenerated_all	LRRFIP1	0.0	1.0	9	0	0	0	1.0
NP_fibrocartilaginous	healthy_vs_degenerated_all	TCF12	0.0	1.0	25	0	0	0	1.0
NP_fibrocartilaginous	healthy_vs_degenerated_all	E4F1	0.0	1.0	8	0	0	0	1.0
NP_fibrocartilaginous	healthy_vs_degenerated_all	BRCA1	0.0	1.0	48	0	0	0	1.0
NP_fibrocartilaginous	healthy_vs_degenerated_all	ZNF362	0.0	1.0	11	0	0	0	1.0
NP_fibrocartilaginous	healthy_vs_degenerated_all	NRF1	0.0	1.0	62	0	0	0	1.0
NP_fibrocartilaginous	healthy_vs_degenerated_all	GATA1	-0.014925373134328358	0.1308486529918233	67	1	0	1	1.0
NP_fibrocartilaginous	healthy_vs_degenerated_all	MYCN	0.0	1.0	100	0	0	0	1.0
NP_fibrocartilaginous	healthy_vs_degenerated_all	PKNOX1	0.0	1.0	9	0	0	0	1.0
NP_fibrocartilaginous	healthy_vs_degenerated_all	NR4A3	0.0	1.0	16	0	0	0	1.0
NP_fibrocartilaginous	healthy_vs_degenerated_all	SSRP1	0.01282051282051282	0.15070110132608364	78	1	1	0	1.0
NP_fibrocartilaginous	healthy_vs_degenerated_all	ZNF91	0.0	1.0	25	0	0	0	1.0
NP_fibrocartilaginous	healthy_vs_degenerated_all	NR2C1	0.0	1.0	9	0	0	0	1.0
NP_fibrocartilaginous	healthy_vs_degenerated_all	ID3	0.0	1.0	24	0	0	0	1.0
NP_fibrocartilaginous	healthy_vs_degenerated_all	ERF	0.0	1.0	12	0	0	0	1.0
NP_fibrocartilaginous	healthy_vs_degenerated_all	ZNF354C	0.0	1.0	17	0	0	0	1.0
NP_fibrocartilaginous	healthy_vs_degenerated_all	HMGA2	0.0	1.0	27	0	0	0	1.0
NP_fibrocartilaginous	healthy_vs_degenerated_all	POU2F2	0.0	1.0	17	0	0	0	1.0
NP_fibrocartilaginous	healthy_vs_degenerated_all	SREBF2	0.0	1.0	46	0	0	0	1.0
NP_fibrocartilaginous	healthy_vs_degenerated_all	ELF4	0.0	1.0	30	0	0	0	1.0
NP_fibrocartilaginous	healthy_vs_degenerated_all	TTF1	0.0	1.0	31	0	0	0	1.0
NP_fibrocartilaginous	healthy_vs_degenerated_all	DLX4	0.0	1.0	23	0	0	0	1.0
NP_fibrocartilaginous	healthy_vs_degenerated_all	NR1I2	0.0	1.0	145	0	0	0	1.0
NP_fibrocartilaginous	healthy_vs_degenerated_all	NR1H3	0.0	1.0	72	0	0	0	1.0
NP_fibrocartilaginous	healthy_vs_degenerated_all	MITF	0.03333333333333333	0.0068370884059512915	60	2	2	0	0.7744539112569679
NP_fibrocartilaginous	healthy_vs_degenerated_all	NCOA1	0.0	1.0	49	0	0	0	1.0
NP_fibrocartilaginous	healthy_vs_degenerated_all	NCOR1	-0.017543859649122806	0.11241642762874444	57	1	0	1	1.0
NP_fibrocartilaginous	healthy_vs_degenerated_all	FOSL1	0.0	1.0	34	0	0	0	1.0
NP_fibrocartilaginous	healthy_vs_degenerated_all	JUNB	0.01818181818181818	0.108685385006269	55	1	1	0	1.0
NP_fibrocartilaginous	healthy_vs_degenerated_all	DNMT1	0.0	0.024786122072858293	118	2	1	1	0.7850025384254511
NP_fibrocartilaginous	healthy_vs_degenerated_all	KLF5	0.0	1.0	52	0	0	0	1.0
NP_fibrocartilaginous	healthy_vs_degenerated_all	NR3C2	0.0	1.0	35	0	0	0	1.0
NP_fibrocartilaginous	healthy_vs_degenerated_all	MYRF	0.0	1.0	5	0	0	0	1.0
NP_fibrocartilaginous	healthy_vs_degenerated_all	EBF1	0.0	1.0	10	0	0	0	1.0
NP_fibrocartilaginous	healthy_vs_degenerated_all	CREBBP	0.0	1.0	25	0	0	0	1.0
NP_fibrocartilaginous	healthy_vs_degenerated_all	ZFPM1	0.0	1.0	9	0	0	0	1.0
NP_fibrocartilaginous	healthy_vs_degenerated_all	APEX1	0.0	1.0	27	0	0	0	1.0
NP_fibrocartilaginous	healthy_vs_degenerated_all	TFAM	0.0	1.0	11	0	0	0	1.0
NP_fibrocartilaginous	healthy_vs_degenerated_all	IRF4	0.034482758620689655	0.05879574930060371	29	1	1	0	0.909282250730985
NP_fibrocartilaginous	healthy_vs_degenerated_all	ZBED1	0.0	1.0	16	0	0	0	1.0
NP_fibrocartilaginous	healthy_vs_degenerated_all	NCOA2	0.0	1.0	39	0	0	0	1.0
NP_fibrocartilaginous	healthy_vs_degenerated_all	FOXA1	0.0	1.0	28	0	0	0	1.0
NP_fibrocartilaginous	healthy_vs_degenerated_all	NR4A2	0.0	1.0	28	0	0	0	1.0
NP_fibrocartilaginous	healthy_vs_degenerated_all	KLF1	0.0	1.0	17	0	0	0	1.0
NP_fibrocartilaginous	healthy_vs_degenerated_all	LHX3	0.0	1.0	5	0	0	0	1.0
NP_fibrocartilaginous	healthy_vs_degenerated_all	CTCF	0.0	1.0	92	0	0	0	1.0
NP_fibrocartilaginous	healthy_vs_degenerated_all	BCL6	0.0	1.0	50	0	0	0	1.0
NP_fibrocartilaginous	healthy_vs_degenerated_all	RB1	0.0	1.0	30	0	0	0	1.0
NP_fibrocartilaginous	healthy_vs_degenerated_all	TFCP2	0.0	1.0	39	0	0	0	1.0
NP_fibrocartilaginous	healthy_vs_degenerated_all	REST	0.0	1.0	19	0	0	0	1.0
NP_fibrocartilaginous	healthy_vs_degenerated_all	ESRRA	0.0	1.0	26	0	0	0	1.0
NP_fibrocartilaginous	healthy_vs_degenerated_all	HOXD3	0.0	1.0	5	0	0	0	1.0
NP_fibrocartilaginous	healthy_vs_degenerated_all	IRF9	0.0	1.0	13	0	0	0	1.0
NP_fibrocartilaginous	healthy_vs_degenerated_all	TFE3	0.0	1.0	27	0	0	0	1.0
NP_fibrocartilaginous	healthy_vs_degenerated_all	ZNF236	0.0	1.0	6	0	0	0	1.0
NP_fibrocartilaginous	healthy_vs_degenerated_all	TFAP2C	0.0	1.0	15	0	0	0	1.0
NP_fibrocartilaginous	healthy_vs_degenerated_all	PAX8	0.0	1.0	16	0	0	0	1.0
NP_fibrocartilaginous	healthy_vs_degenerated_all	NKX2-1	0.0	1.0	29	0	0	0	1.0
NP_fibrocartilaginous	healthy_vs_degenerated_all	PBX1	0.0	1.0	24	0	0	0	1.0
NP_fibrocartilaginous	healthy_vs_degenerated_all	SP4	0.0	1.0	32	0	0	0	1.0
NP_fibrocartilaginous	healthy_vs_degenerated_all	CIITA	0.0	1.0	20	0	0	0	1.0
NP_fibrocartilaginous	healthy_vs_degenerated_all	CDX2	0.0	1.0	30	0	0	0	1.0
NP_fibrocartilaginous	healthy_vs_degenerated_all	ELF3	0.0	1.0	16	0	0	0	1.0
NP_fibrocartilaginous	healthy_vs_degenerated_all	ZEB1	-0.030303030303030304	0.06664120730113082	33	1	0	1	0.909282250730985
NP_fibrocartilaginous	healthy_vs_degenerated_all	EGR3	0.0	1.0	18	0	0	0	1.0
NP_fibrocartilaginous	healthy_vs_degenerated_all	EWSR1	0.022727272727272728	0.08789499285439249	44	1	1	0	0.946798694957842
NP_fibrocartilaginous	healthy_vs_degenerated_all	NAB2	0.0	1.0	6	0	0	0	1.0
NP_fibrocartilaginous	healthy_vs_degenerated_all	DEAF1	0.0	1.0	7	0	0	0	1.0
NP_fibrocartilaginous	healthy_vs_degenerated_all	TBPL1	0.0	1.0	26	0	0	0	1.0
NP_fibrocartilaginous	healthy_vs_degenerated_all	MEF2C	0.030303030303030304	0.06664120730113082	33	1	1	0	0.909282250730985
NP_fibrocartilaginous	healthy_vs_degenerated_all	POU4F2	0.0	1.0	15	0	0	0	1.0
NP_fibrocartilaginous	healthy_vs_degenerated_all	TAL1	0.0	1.0	60	0	0	0	1.0
NP_fibrocartilaginous	healthy_vs_degenerated_all	EPAS1	0.0	1.0	61	0	0	0	1.0
NP_fibrocartilaginous	healthy_vs_degenerated_all	SMARCA1	0.0	1.0	33	0	0	0	1.0
NP_fibrocartilaginous	healthy_vs_degenerated_all	NFATC4	0.037037037037037035	0.054849404559906355	27	1	1	0	0.909282250730985
NP_fibrocartilaginous	healthy_vs_degenerated_all	FOXM1	0.0	1.0	58	0	0	0	1.0
NP_fibrocartilaginous	healthy_vs_degenerated_all	MYF5	0.0	1.0	12	0	0	0	1.0
NP_fibrocartilaginous	healthy_vs_degenerated_all	MYOG	0.0	1.0	29	0	0	0	1.0
NP_fibrocartilaginous	healthy_vs_degenerated_all	SMAD7	0.0	1.0	43	0	0	0	1.0
NP_fibrocartilaginous	healthy_vs_degenerated_all	SOX10	0.0	1.0	15	0	0	0	1.0
NP_fibrocartilaginous	healthy_vs_degenerated_all	POU3F1	0.0	1.0	5	0	0	0	1.0
NP_fibrocartilaginous	healthy_vs_degenerated_all	NKRF	0.0	1.0	7	0	0	0	1.0
NP_fibrocartilaginous	healthy_vs_degenerated_all	ATF6	0.0	1.0	39	0	0	0	1.0
NP_fibrocartilaginous	healthy_vs_degenerated_all	NKX6-1	0.0	1.0	6	0	0	0	1.0
NP_fibrocartilaginous	healthy_vs_degenerated_all	ERG	0.0	1.0	34	0	0	0	1.0
NP_fibrocartilaginous	healthy_vs_degenerated_all	PITX3	0.0	1.0	9	0	0	0	1.0
NP_fibrocartilaginous	healthy_vs_degenerated_all	HOXB2	0.0	1.0	5	0	0	0	1.0
NP_fibrocartilaginous	healthy_vs_degenerated_all	SATB1	-0.08695652173913043	0.001024121592564411	23	2	0	2	0.6288106578345484
NP_fibrocartilaginous	healthy_vs_degenerated_all	NFKB2	0.0	1.0	42	0	0	0	1.0
NP_fibrocartilaginous	healthy_vs_degenerated_all	RORA	0.0	1.0	34	0	0	0	1.0
NP_fibrocartilaginous	healthy_vs_degenerated_all	PROX1	0.0	1.0	14	0	0	0	1.0
NP_fibrocartilaginous	healthy_vs_degenerated_all	KLF3	0.0	1.0	5	0	0	0	1.0
NP_fibrocartilaginous	healthy_vs_degenerated_all	PEG3	0.0	1.0	6	0	0	0	1.0
NP_fibrocartilaginous	healthy_vs_degenerated_all	NR2E3	0.0	1.0	6	0	0	0	1.0
NP_fibrocartilaginous	healthy_vs_degenerated_all	NCOR2	0.0	1.0	41	0	0	0	1.0
NP_fibrocartilaginous	healthy_vs_degenerated_all	NCOA3	0.0	1.0	50	0	0	0	1.0
NP_fibrocartilaginous	healthy_vs_degenerated_all	ZFHX3	0.0	1.0	5	0	0	0	1.0
NP_fibrocartilaginous	healthy_vs_degenerated_all	SMAD1	0.022727272727272728	0.08789499285439249	44	1	1	0	0.946798694957842
NP_fibrocartilaginous	healthy_vs_degenerated_all	SPDEF	0.0	1.0	8	0	0	0	1.0
NP_fibrocartilaginous	healthy_vs_degenerated_all	PAX2	0.0	1.0	9	0	0	0	1.0
NP_fibrocartilaginous	healthy_vs_degenerated_all	KLF13	0.0	1.0	9	0	0	0	1.0
NP_fibrocartilaginous	healthy_vs_degenerated_all	MAFB	0.037037037037037035	0.054849404559906355	27	1	1	0	0.909282250730985
NP_fibrocartilaginous	healthy_vs_degenerated_all	ELK3	0.0	1.0	18	0	0	0	1.0
NP_fibrocartilaginous	healthy_vs_degenerated_all	KLF6	0.0	1.0	37	0	0	0	1.0
NP_fibrocartilaginous	healthy_vs_degenerated_all	SNAI1	0.014705882352941176	0.13267160402056563	68	1	1	0	1.0
NP_fibrocartilaginous	healthy_vs_degenerated_all	HESX1	0.0	1.0	14	0	0	0	1.0
NP_fibrocartilaginous	healthy_vs_degenerated_all	BACH2	0.0	1.0	6	0	0	0	1.0
NP_fibrocartilaginous	healthy_vs_degenerated_all	PATZ1	0.0	1.0	8	0	0	0	1.0
NP_fibrocartilaginous	healthy_vs_degenerated_all	ZHX2	0.0	1.0	7	0	0	0	1.0
NP_fibrocartilaginous	healthy_vs_degenerated_all	ONECUT1	0.0	1.0	11	0	0	0	1.0
NP_fibrocartilaginous	healthy_vs_degenerated_all	RXRA	0.02040816326530612	0.09740203183835726	49	1	1	0	0.9804073368647762
NP_fibrocartilaginous	healthy_vs_degenerated_all	NR1H2	0.0	1.0	29	0	0	0	1.0
NP_fibrocartilaginous	healthy_vs_degenerated_all	KAT5	0.0	1.0	40	0	0	0	1.0
NP_fibrocartilaginous	healthy_vs_degenerated_all	YBX3	0.0	1.0	21	0	0	0	1.0
NP_fibrocartilaginous	healthy_vs_degenerated_all	SMAD6	0.0	1.0	17	0	0	0	1.0
NP_fibrocartilaginous	healthy_vs_degenerated_all	MYBL1	0.0	1.0	9	0	0	0	1.0
NP_fibrocartilaginous	healthy_vs_degenerated_all	CDX1	0.0	1.0	18	0	0	0	1.0
NP_fibrocartilaginous	healthy_vs_degenerated_all	TFDP1	0.0	1.0	29	0	0	0	1.0
NP_fibrocartilaginous	healthy_vs_degenerated_all	KMT2A	0.0	1.0	54	0	0	0	1.0
NP_fibrocartilaginous	healthy_vs_degenerated_all	GATA2	0.0	1.0	39	0	0	0	1.0
NP_fibrocartilaginous	healthy_vs_degenerated_all	PRDM1	0.030303030303030304	0.06664120730113082	33	1	1	0	0.909282250730985
NP_fibrocartilaginous	healthy_vs_degenerated_all	MXD1	0.0	1.0	16	0	0	0	1.0
NP_fibrocartilaginous	healthy_vs_degenerated_all	CLOCK	0.0	1.0	45	0	0	0	1.0
NP_fibrocartilaginous	healthy_vs_degenerated_all	BHLHE40	0.0	1.0	26	0	0	0	1.0
NP_fibrocartilaginous	healthy_vs_degenerated_all	SRY	0.0	1.0	19	0	0	0	1.0
NP_fibrocartilaginous	healthy_vs_degenerated_all	MAF	0.0	1.0	28	0	0	0	1.0
NP_fibrocartilaginous	healthy_vs_degenerated_all	AIRE	0.0	1.0	11	0	0	0	1.0
NP_fibrocartilaginous	healthy_vs_degenerated_all	ZGPAT	0.0	1.0	5	0	0	0	1.0
NP_fibrocartilaginous	healthy_vs_degenerated_all	ETV1	0.0	1.0	13	0	0	0	1.0
NP_fibrocartilaginous	healthy_vs_degenerated_all	KLF4	0.0	1.0	74	0	0	0	1.0
NP_fibrocartilaginous	healthy_vs_degenerated_all	EGR2	-0.022222222222222223	0.08980403054338597	45	1	0	1	0.9506840474765342
NP_fibrocartilaginous	healthy_vs_degenerated_all	NEUROG3	0.0	1.0	11	0	0	0	1.0
NP_fibrocartilaginous	healthy_vs_degenerated_all	CXXC1	0.0	1.0	11	0	0	0	1.0
NP_fibrocartilaginous	healthy_vs_degenerated_all	TBX21	0.0	1.0	18	0	0	0	1.0
NP_fibrocartilaginous	healthy_vs_degenerated_all	HOXA10	0.0	1.0	30	0	0	0	1.0
NP_fibrocartilaginous	healthy_vs_degenerated_all	LMX1B	0.0	1.0	13	0	0	0	1.0
NP_fibrocartilaginous	healthy_vs_degenerated_all	TBX2	-0.05	0.040912184413052825	20	1	0	1	0.7850025384254511
NP_fibrocartilaginous	healthy_vs_degenerated_all	ZNF699	0.03333333333333333	0.060763006458554106	30	1	1	0	0.909282250730985
NP_fibrocartilaginous	healthy_vs_degenerated_all	RFX5	0.0	1.0	13	0	0	0	1.0
NP_fibrocartilaginous	healthy_vs_degenerated_all	RFXANK	0.0	1.0	8	0	0	0	1.0
NP_fibrocartilaginous	healthy_vs_degenerated_all	RFXAP	0.0	1.0	7	0	0	0	1.0
NP_fibrocartilaginous	healthy_vs_degenerated_all	BARX2	0.0	1.0	10	0	0	0	1.0
NP_fibrocartilaginous	healthy_vs_degenerated_all	FOXO4	0.0	1.0	21	0	0	0	1.0
NP_fibrocartilaginous	healthy_vs_degenerated_all	DLX5	0.05	0.040912184413052825	20	1	1	0	0.7850025384254511
NP_fibrocartilaginous	healthy_vs_degenerated_all	ID4	0.0	1.0	9	0	0	0	1.0
NP_fibrocartilaginous	healthy_vs_degenerated_all	SPIB	0.0	1.0	9	0	0	0	1.0
NP_fibrocartilaginous	healthy_vs_degenerated_all	FOXN1	0.0	1.0	31	0	0	0	1.0
NP_fibrocartilaginous	healthy_vs_degenerated_all	TBX5	0.0	1.0	11	0	0	0	1.0
NP_fibrocartilaginous	healthy_vs_degenerated_all	TLX1	0.0	1.0	6	0	0	0	1.0
NP_fibrocartilaginous	healthy_vs_degenerated_all	HIVEP1	0.0	1.0	8	0	0	0	1.0
NP_fibrocartilaginous	healthy_vs_degenerated_all	SMAD2	0.0	1.0	57	0	0	0	1.0
NP_fibrocartilaginous	healthy_vs_degenerated_all	NKX3-1	0.0	1.0	50	0	0	0	1.0
NP_fibrocartilaginous	healthy_vs_degenerated_all	HAND2	0.0	1.0	17	0	0	0	1.0
NP_fibrocartilaginous	healthy_vs_degenerated_all	PAX7	0.0	1.0	9	0	0	0	1.0
NP_fibrocartilaginous	healthy_vs_degenerated_all	SFPQ	0.05263157894736842	0.038905176883392234	19	1	1	0	0.7850025384254511
NP_fibrocartilaginous	healthy_vs_degenerated_all	BMAL1	0.0	1.0	44	0	0	0	1.0
NP_fibrocartilaginous	healthy_vs_degenerated_all	SKIL	0.0	1.0	14	0	0	0	1.0
NP_fibrocartilaginous	healthy_vs_degenerated_all	TBXT	0.0	1.0	6	0	0	0	1.0
NP_fibrocartilaginous	healthy_vs_degenerated_all	MSX2	0.0	1.0	22	0	0	0	1.0
NP_fibrocartilaginous	healthy_vs_degenerated_all	MZF1	0.0	1.0	14	0	0	0	1.0
NP_fibrocartilaginous	healthy_vs_degenerated_all	HOXA5	0.0	1.0	9	0	0	0	1.0
NP_fibrocartilaginous	healthy_vs_degenerated_all	HOXB4	0.0	1.0	5	0	0	0	1.0
NP_fibrocartilaginous	healthy_vs_degenerated_all	CREB3	0.125	0.016561281133509156	8	1	1	0	0.7744539112569679
NP_fibrocartilaginous	healthy_vs_degenerated_all	NFE2	0.0	1.0	11	0	0	0	1.0
NP_fibrocartilaginous	healthy_vs_degenerated_all	ZNF76	0.0	1.0	6	0	0	0	1.0
NP_fibrocartilaginous	healthy_vs_degenerated_all	FOXQ1	0.0	1.0	9	0	0	0	1.0
NP_fibrocartilaginous	healthy_vs_degenerated_all	ZGLP1	0.0	1.0	9	0	0	0	1.0
NP_fibrocartilaginous	healthy_vs_degenerated_all	NFYB	0.034482758620689655	0.05879574930060371	29	1	1	0	0.909282250730985
NP_fibrocartilaginous	healthy_vs_degenerated_all	ETV3	0.0	1.0	10	0	0	0	1.0
NP_fibrocartilaginous	healthy_vs_degenerated_all	GSC	0.0	1.0	5	0	0	0	1.0
NP_fibrocartilaginous	healthy_vs_degenerated_all	IRF7	0.0	1.0	8	0	0	0	1.0
NP_fibrocartilaginous	healthy_vs_degenerated_all	NFATC3	-0.05555555555555555	0.03689415241726395	18	1	0	1	0.7850025384254511
NP_fibrocartilaginous	healthy_vs_degenerated_all	KDM5A	0.0	1.0	13	0	0	0	1.0
NP_fibrocartilaginous	healthy_vs_degenerated_all	GRHL3	0.0	1.0	14	0	0	0	1.0
NP_fibrocartilaginous	healthy_vs_degenerated_all	THRA	0.0	1.0	40	0	0	0	1.0
NP_fibrocartilaginous	healthy_vs_degenerated_all	SOX17	0.0	1.0	25	0	0	0	1.0
NP_fibrocartilaginous	healthy_vs_degenerated_all	TBX15	0.05263157894736842	0.038905176883392234	19	1	1	0	0.7850025384254511
NP_fibrocartilaginous	healthy_vs_degenerated_all	NFAT5	0.02857142857142857	0.07054044057896651	35	1	1	0	0.9415615329453356
NP_fibrocartilaginous	healthy_vs_degenerated_all	BMAL2	0.0	1.0	6	0	0	0	1.0
NP_fibrocartilaginous	healthy_vs_degenerated_all	NFE2L2	0.0	1.0	143	0	0	0	1.0
NP_fibrocartilaginous	healthy_vs_degenerated_all	ZIC1	0.0	1.0	9	0	0	0	1.0
NP_fibrocartilaginous	healthy_vs_degenerated_all	MEIS1	0.0	1.0	9	0	0	0	1.0
NP_fibrocartilaginous	healthy_vs_degenerated_all	HOXA9	0.0	1.0	27	0	0	0	1.0
NP_fibrocartilaginous	healthy_vs_degenerated_all	MAFA	0.0	1.0	11	0	0	0	1.0
NP_fibrocartilaginous	healthy_vs_degenerated_all	NR1D1	0.07692307692307693	0.02677850697521279	13	1	1	0	0.7850025384254511
NP_fibrocartilaginous	healthy_vs_degenerated_all	MYF6	0.0	1.0	6	0	0	0	1.0
NP_fibrocartilaginous	healthy_vs_degenerated_all	ZNF263	0.0	1.0	6	0	0	0	1.0
NP_fibrocartilaginous	healthy_vs_degenerated_all	NFIA	0.0	1.0	31	0	0	0	1.0
NP_fibrocartilaginous	healthy_vs_degenerated_all	HEY2	0.0	1.0	10	0	0	0	1.0
NP_fibrocartilaginous	healthy_vs_degenerated_all	HOXB7	0.0	1.0	11	0	0	0	1.0
NP_fibrocartilaginous	healthy_vs_degenerated_all	ZNF350	0.0	1.0	9	0	0	0	1.0
NP_fibrocartilaginous	healthy_vs_degenerated_all	BCL11A	0.0	1.0	8	0	0	0	1.0
NP_fibrocartilaginous	healthy_vs_degenerated_all	TWIST1	0.0	1.0	53	0	0	0	1.0
NP_fibrocartilaginous	healthy_vs_degenerated_all	ZNF395	0.0	1.0	5	0	0	0	1.0
NP_fibrocartilaginous	healthy_vs_degenerated_all	TFDP2	0.0	1.0	5	0	0	0	1.0
NP_fibrocartilaginous	healthy_vs_degenerated_all	GTF3A	0.0	1.0	16	0	0	0	1.0
NP_fibrocartilaginous	healthy_vs_degenerated_all	KLF10	-0.058823529411764705	0.034879103341087944	17	1	0	1	0.7850025384254511
NP_fibrocartilaginous	healthy_vs_degenerated_all	KLF2	0.0	1.0	34	0	0	0	1.0
NP_fibrocartilaginous	healthy_vs_degenerated_all	PHF20	0.0	1.0	7	0	0	0	1.0
NP_fibrocartilaginous	healthy_vs_degenerated_all	TGIF1	0.0	1.0	8	0	0	0	1.0
NP_fibrocartilaginous	healthy_vs_degenerated_all	FOXG1	0.0	1.0	12	0	0	0	1.0
NP_fibrocartilaginous	healthy_vs_degenerated_all	SF1	0.0	1.0	5	0	0	0	1.0
NP_fibrocartilaginous	healthy_vs_degenerated_all	MBD2	0.0	1.0	57	0	0	0	1.0
NP_fibrocartilaginous	healthy_vs_degenerated_all	FOXF2	0.0	1.0	8	0	0	0	1.0
NP_fibrocartilaginous	healthy_vs_degenerated_all	HEY1	0.0	1.0	21	0	0	0	1.0
NP_fibrocartilaginous	healthy_vs_degenerated_all	ZBTB17	0.0	1.0	36	0	0	0	1.0
NP_fibrocartilaginous	healthy_vs_degenerated_all	IRF5	0.0	1.0	12	0	0	0	1.0
NP_fibrocartilaginous	healthy_vs_degenerated_all	THRB	0.0	1.0	30	0	0	0	1.0
NP_fibrocartilaginous	healthy_vs_degenerated_all	POU3F2	0.0	1.0	13	0	0	0	1.0
NP_fibrocartilaginous	healthy_vs_degenerated_all	FOXI1	0.0	1.0	5	0	0	0	1.0
NP_fibrocartilaginous	healthy_vs_degenerated_all	KCNIP3	0.0	1.0	8	0	0	0	1.0
NP_fibrocartilaginous	healthy_vs_degenerated_all	FOSB	0.0	1.0	20	0	0	0	1.0
NP_fibrocartilaginous	healthy_vs_degenerated_all	NFE2L1	0.0	1.0	8	0	0	0	1.0
NP_fibrocartilaginous	healthy_vs_degenerated_all	TRERF1	0.0	1.0	5	0	0	0	1.0
NP_fibrocartilaginous	healthy_vs_degenerated_all	FOXP1	0.09090909090909091	0.02270386059059515	11	1	1	0	0.7744539112569679
NP_fibrocartilaginous	healthy_vs_degenerated_all	FOXP2	0.0	1.0	5	0	0	0	1.0
NP_fibrocartilaginous	healthy_vs_degenerated_all	BARX1	0.0	1.0	7	0	0	0	1.0
NP_fibrocartilaginous	healthy_vs_degenerated_all	ZFPM2	0.0	1.0	7	0	0	0	1.0
NP_fibrocartilaginous	healthy_vs_degenerated_all	IKZF1	0.0	1.0	14	0	0	0	1.0
NP_fibrocartilaginous	healthy_vs_degenerated_all	BCL3	0.0	1.0	19	0	0	0	1.0
NP_fibrocartilaginous	healthy_vs_degenerated_all	SP2	0.0	1.0	16	0	0	0	1.0
NP_fibrocartilaginous	healthy_vs_degenerated_all	SIM2	0.0	1.0	8	0	0	0	1.0
NP_fibrocartilaginous	healthy_vs_degenerated_all	NFATC1	0.015625	0.12535778442029508	64	1	1	0	1.0
NP_fibrocartilaginous	healthy_vs_degenerated_all	POU2F3	0.0	1.0	5	0	0	0	1.0
NP_fibrocartilaginous	healthy_vs_degenerated_all	HOXA7	0.0	1.0	10	0	0	0	1.0
NP_fibrocartilaginous	healthy_vs_degenerated_all	NPAS2	0.0	1.0	6	0	0	0	1.0
NP_fibrocartilaginous	healthy_vs_degenerated_all	DLX2	0.0	1.0	12	0	0	0	1.0
NP_fibrocartilaginous	healthy_vs_degenerated_all	PRRX1	0.0	1.0	5	0	0	0	1.0
NP_fibrocartilaginous	healthy_vs_degenerated_all	VEZF1	0.0	1.0	6	0	0	0	1.0
NP_fibrocartilaginous	healthy_vs_degenerated_all	CTBP2	0.0	1.0	9	0	0	0	1.0
NP_fibrocartilaginous	healthy_vs_degenerated_all	SOX6	0.0	1.0	15	0	0	0	1.0
NP_fibrocartilaginous	healthy_vs_degenerated_all	HIPK2	0.0	1.0	7	0	0	0	1.0
NP_fibrocartilaginous	healthy_vs_degenerated_all	RORC	0.0	1.0	6	0	0	0	1.0
NP_fibrocartilaginous	healthy_vs_degenerated_all	PPARD	0.0	1.0	60	0	0	0	1.0
NP_fibrocartilaginous	healthy_vs_degenerated_all	MECOM	0.0	1.0	12	0	0	0	1.0
NP_fibrocartilaginous	healthy_vs_degenerated_all	SIRT1	0.0	1.0	39	0	0	0	1.0
NP_fibrocartilaginous	healthy_vs_degenerated_all	ZBTB7B	0.0	1.0	12	0	0	0	1.0
NP_fibrocartilaginous	healthy_vs_degenerated_all	ZBTB7A	0.0	1.0	29	0	0	0	1.0
NP_fibrocartilaginous	healthy_vs_degenerated_all	NR6A1	0.0	1.0	5	0	0	0	1.0
NP_fibrocartilaginous	healthy_vs_degenerated_all	STAT2	0.0	1.0	29	0	0	0	1.0
NP_fibrocartilaginous	healthy_vs_degenerated_all	ESRRG	0.0	1.0	14	0	0	0	1.0
NP_fibrocartilaginous	healthy_vs_degenerated_all	PRDM2	0.0	1.0	7	0	0	0	1.0
NP_fibrocartilaginous	healthy_vs_degenerated_all	PURA	0.0	1.0	13	0	0	0	1.0
NP_fibrocartilaginous	healthy_vs_degenerated_all	NEUROD6	0.0	1.0	8	0	0	0	1.0
NP_fibrocartilaginous	healthy_vs_degenerated_all	NEUROG2	0.0	1.0	8	0	0	0	1.0
NP_fibrocartilaginous	healthy_vs_degenerated_all	HMGB2	0.0	1.0	6	0	0	0	1.0
NP_fibrocartilaginous	healthy_vs_degenerated_all	DLX3	0.0	1.0	10	0	0	0	1.0
NP_fibrocartilaginous	healthy_vs_degenerated_all	TWIST2	0.0	1.0	24	0	0	0	1.0
NP_fibrocartilaginous	healthy_vs_degenerated_all	TFAP4	0.0	1.0	23	0	0	0	1.0
NP_fibrocartilaginous	healthy_vs_degenerated_all	KAT6B	0.0	1.0	6	0	0	0	1.0
NP_fibrocartilaginous	healthy_vs_degenerated_all	SALL3	0.0	1.0	5	0	0	0	1.0
NP_fibrocartilaginous	healthy_vs_degenerated_all	MXI1	0.0	1.0	8	0	0	0	1.0
NP_fibrocartilaginous	healthy_vs_degenerated_all	E2F5	0.0	1.0	9	0	0	0	1.0
NP_fibrocartilaginous	healthy_vs_degenerated_all	E2F2	0.0	1.0	43	0	0	0	1.0
NP_fibrocartilaginous	healthy_vs_degenerated_all	FOXD3	0.0	1.0	8	0	0	0	1.0
NP_fibrocartilaginous	healthy_vs_degenerated_all	POU5F1	0.025	0.08022047306768453	40	1	1	0	0.946798694957842
NP_fibrocartilaginous	healthy_vs_degenerated_all	PLAGL1	0.0	1.0	14	0	0	0	1.0
NP_fibrocartilaginous	healthy_vs_degenerated_all	SNAI2	0.0	1.0	27	0	0	0	1.0
NP_fibrocartilaginous	healthy_vs_degenerated_all	NOTCH1	0.025	0.08022047306768453	40	1	1	0	0.946798694957842
NP_fibrocartilaginous	healthy_vs_degenerated_all	FOXC2	0.0	1.0	11	0	0	0	1.0
NP_fibrocartilaginous	healthy_vs_degenerated_all	FOXD1	0.0	1.0	5	0	0	0	1.0
NP_fibrocartilaginous	healthy_vs_degenerated_all	KLF9	0.0	1.0	16	0	0	0	1.0
NP_fibrocartilaginous	healthy_vs_degenerated_all	TBPL2	0.0	1.0	8	0	0	0	1.0
NP_fibrocartilaginous	healthy_vs_degenerated_all	NFIL3	0.0	1.0	15	0	0	0	1.0
NP_fibrocartilaginous	healthy_vs_degenerated_all	ZNF384	0.1	0.020660423208193678	10	1	1	0	0.7744539112569679
NP_fibrocartilaginous	healthy_vs_degenerated_all	HOXA11	0.0	1.0	5	0	0	0	1.0
NP_fibrocartilaginous	healthy_vs_degenerated_all	MEF2D	0.0	1.0	17	0	0	0	1.0
NP_fibrocartilaginous	healthy_vs_degenerated_all	SMAD5	0.0	1.0	26	0	0	0	1.0
NP_fibrocartilaginous	healthy_vs_degenerated_all	MLXIPL	0.0	1.0	10	0	0	0	1.0
NP_fibrocartilaginous	healthy_vs_degenerated_all	ZBTB33	0.0	1.0	7	0	0	0	1.0
NP_fibrocartilaginous	healthy_vs_degenerated_all	KLF15	0.0	1.0	12	0	0	0	1.0
NP_fibrocartilaginous	healthy_vs_degenerated_all	DNMT3A	0.0	1.0	40	0	0	0	1.0
NP_fibrocartilaginous	healthy_vs_degenerated_all	DNMT3B	0.0	1.0	51	0	0	0	1.0
NP_fibrocartilaginous	healthy_vs_degenerated_all	OLIG2	0.0	1.0	10	0	0	0	1.0
NP_fibrocartilaginous	healthy_vs_degenerated_all	MAFG	0.0	1.0	9	0	0	0	1.0
NP_fibrocartilaginous	healthy_vs_degenerated_all	TEF	0.0	1.0	9	0	0	0	1.0
NP_fibrocartilaginous	healthy_vs_degenerated_all	HOXD13	0.0	1.0	8	0	0	0	1.0
NP_fibrocartilaginous	healthy_vs_degenerated_all	ZKSCAN7	0.0	1.0	8	0	0	0	1.0
NP_fibrocartilaginous	healthy_vs_degenerated_all	BACH1	0.0	1.0	14	0	0	0	1.0
NP_fibrocartilaginous	healthy_vs_degenerated_all	TEAD4	0.0	1.0	7	0	0	0	1.0
NP_fibrocartilaginous	healthy_vs_degenerated_all	GCM1	0.0	1.0	5	0	0	0	1.0
NP_fibrocartilaginous	healthy_vs_degenerated_all	BHLHE41	0.0	1.0	17	0	0	0	1.0
NP_fibrocartilaginous	healthy_vs_degenerated_all	MTA1	-0.025	0.08022047306768453	40	1	0	1	0.946798694957842
NP_fibrocartilaginous	healthy_vs_degenerated_all	EHF	0.0	1.0	8	0	0	0	1.0
NP_fibrocartilaginous	healthy_vs_degenerated_all	TCF7L2	0.0	1.0	74	0	0	0	1.0
NP_fibrocartilaginous	healthy_vs_degenerated_all	VSX2	0.0	1.0	14	0	0	0	1.0
NP_fibrocartilaginous	healthy_vs_degenerated_all	TSC22D1	0.0	1.0	7	0	0	0	1.0
NP_fibrocartilaginous	healthy_vs_degenerated_all	SOX5	0.1	0.020660423208193678	10	1	1	0	0.7744539112569679
NP_fibrocartilaginous	healthy_vs_degenerated_all	SOX2	0.0	1.0	34	0	0	0	1.0
NP_fibrocartilaginous	healthy_vs_degenerated_all	NKX3-2	0.0	1.0	6	0	0	0	1.0
NP_fibrocartilaginous	healthy_vs_degenerated_all	PAX9	0.0	1.0	6	0	0	0	1.0
NP_fibrocartilaginous	healthy_vs_degenerated_all	TCF21	0.0	1.0	6	0	0	0	1.0
NP_fibrocartilaginous	healthy_vs_degenerated_all	HIC1	0.0	1.0	17	0	0	0	1.0
NP_fibrocartilaginous	healthy_vs_degenerated_all	ZEB2	-0.058823529411764705	0.034879103341087944	17	1	0	1	0.7850025384254511
NP_fibrocartilaginous	healthy_vs_degenerated_all	NONO	0.09090909090909091	0.02270386059059515	11	1	1	0	0.7744539112569679
NP_fibrocartilaginous	healthy_vs_degenerated_all	CEBPZ	0.0	1.0	13	0	0	0	1.0
NP_fibrocartilaginous	healthy_vs_degenerated_all	SIX1	0.0	1.0	7	0	0	0	1.0
NP_fibrocartilaginous	healthy_vs_degenerated_all	NFIX	0.0	1.0	15	0	0	0	1.0
NP_fibrocartilaginous	healthy_vs_degenerated_all	MNT	0.0	1.0	8	0	0	0	1.0
NP_fibrocartilaginous	healthy_vs_degenerated_all	HOXA1	0.0	1.0	14	0	0	0	1.0
NP_fibrocartilaginous	healthy_vs_degenerated_all	BCL11B	0.0	1.0	18	0	0	0	1.0
NP_fibrocartilaginous	healthy_vs_degenerated_all	RXRB	0.0	1.0	7	0	0	0	1.0
NP_fibrocartilaginous	healthy_vs_degenerated_all	E2F6	0.0	1.0	33	0	0	0	1.0
NP_fibrocartilaginous	healthy_vs_degenerated_all	HOXA13	0.0	1.0	6	0	0	0	1.0
NP_fibrocartilaginous	healthy_vs_degenerated_all	KAT6A	0.0	1.0	11	0	0	0	1.0
NP_fibrocartilaginous	healthy_vs_degenerated_all	GFI1	0.0	1.0	32	0	0	0	1.0
NP_fibrocartilaginous	healthy_vs_degenerated_all	RUNX3	0.0	1.0	44	0	0	0	1.0
NP_fibrocartilaginous	healthy_vs_degenerated_all	GLI1	0.0	1.0	113	0	0	0	1.0
NP_fibrocartilaginous	healthy_vs_degenerated_all	KLF8	0.0	1.0	15	0	0	0	1.0
NP_fibrocartilaginous	healthy_vs_degenerated_all	HIF3A	0.0	1.0	5	0	0	0	1.0
NP_fibrocartilaginous	healthy_vs_degenerated_all	MEOX2	0.0	1.0	6	0	0	0	1.0
NP_fibrocartilaginous	healthy_vs_degenerated_all	JARID2	0.0	1.0	10	0	0	0	1.0
NP_fibrocartilaginous	healthy_vs_degenerated_all	NFYC	-0.05555555555555555	0.03689415241726395	18	1	0	1	0.7850025384254511
NP_fibrocartilaginous	healthy_vs_degenerated_all	GFI1B	0.0	1.0	9	0	0	0	1.0
NP_fibrocartilaginous	healthy_vs_degenerated_all	ASCL2	0.0	1.0	5	0	0	0	1.0
NP_fibrocartilaginous	healthy_vs_degenerated_all	MSC	0.0	1.0	13	0	0	0	1.0
NP_fibrocartilaginous	healthy_vs_degenerated_all	HOXB9	0.0	1.0	5	0	0	0	1.0
NP_fibrocartilaginous	healthy_vs_degenerated_all	HLX	0.0	1.0	12	0	0	0	1.0
NP_fibrocartilaginous	healthy_vs_degenerated_all	RCOR2	0.0	1.0	12	0	0	0	1.0
NP_fibrocartilaginous	healthy_vs_degenerated_all	NKX2-2	0.1111111111111111	0.018612899322527677	9	1	1	0	0.7744539112569679
NP_fibrocartilaginous	healthy_vs_degenerated_all	ARID4A	0.0	1.0	6	0	0	0	1.0
NP_fibrocartilaginous	healthy_vs_degenerated_all	HINFP	0.0	1.0	9	0	0	0	1.0
NP_fibrocartilaginous	healthy_vs_degenerated_all	SMARCC1	0.0	1.0	6	0	0	0	1.0
NP_fibrocartilaginous	healthy_vs_degenerated_all	KAT2B	0.0	1.0	12	0	0	0	1.0
NP_fibrocartilaginous	healthy_vs_degenerated_all	HDGF	0.0	1.0	5	0	0	0	1.0
NP_fibrocartilaginous	healthy_vs_degenerated_all	EP300	0.0	1.0	42	0	0	0	1.0
NP_fibrocartilaginous	healthy_vs_degenerated_all	TRPS1	0.0	1.0	12	0	0	0	1.0
NP_fibrocartilaginous	healthy_vs_degenerated_all	CTNNB1	0.005	0.3437281752747162	200	1	1	0	1.0
NP_fibrocartilaginous	healthy_vs_degenerated_all	PML	0.0	1.0	15	0	0	0	1.0
NP_fibrocartilaginous	healthy_vs_degenerated_all	KLF7	0.0	1.0	8	0	0	0	1.0
NP_fibrocartilaginous	healthy_vs_degenerated_all	PROP1	0.0	1.0	6	0	0	0	1.0
NP_fibrocartilaginous	healthy_vs_degenerated_all	LMO2	0.0	1.0	18	0	0	0	1.0
NP_fibrocartilaginous	healthy_vs_degenerated_all	MEOX1	0.0	1.0	6	0	0	0	1.0
NP_fibrocartilaginous	healthy_vs_degenerated_all	FOXL2	0.0	1.0	13	0	0	0	1.0
NP_fibrocartilaginous	healthy_vs_degenerated_all	HTATIP2	0.0	1.0	11	0	0	0	1.0
NP_fibrocartilaginous	healthy_vs_degenerated_all	EZH2	0.020618556701030927	0.017165247148739574	97	2	2	0	0.7744539112569679
NP_fibrocartilaginous	healthy_vs_degenerated_all	GLI2	-0.009900990099009901	0.19081844255314617	101	1	0	1	1.0
NP_fibrocartilaginous	healthy_vs_degenerated_all	TCF7	0.0	1.0	12	0	0	0	1.0
NP_fibrocartilaginous	healthy_vs_degenerated_all	FOXC1	0.0	1.0	9	0	0	0	1.0
NP_fibrocartilaginous	healthy_vs_degenerated_all	HOXB13	0.0	1.0	8	0	0	0	1.0
NP_fibrocartilaginous	healthy_vs_degenerated_all	ABL1	0.0	1.0	10	0	0	0	1.0
NP_fibrocartilaginous	healthy_vs_degenerated_all	TBX3	-0.09090909090909091	0.02270386059059515	11	1	0	1	0.7744539112569679
NP_fibrocartilaginous	healthy_vs_degenerated_all	NFKBIZ	0.0	1.0	5	0	0	0	1.0
NP_fibrocartilaginous	healthy_vs_degenerated_all	PLAGL2	0.0	1.0	5	0	0	0	1.0
NP_fibrocartilaginous	healthy_vs_degenerated_all	TET1	0.0	1.0	9	0	0	0	1.0
NP_fibrocartilaginous	healthy_vs_degenerated_all	FOXH1	0.0	1.0	7	0	0	0	1.0
NP_fibrocartilaginous	healthy_vs_degenerated_all	FOXP3	0.0	1.0	27	0	0	0	1.0
NP_fibrocartilaginous	healthy_vs_degenerated_all	CREB3L1	0.0	1.0	7	0	0	0	1.0
NP_fibrocartilaginous	healthy_vs_degenerated_all	TFDP3	0.0	1.0	5	0	0	0	1.0
NP_fibrocartilaginous	healthy_vs_degenerated_all	SP7	0.041666666666666664	0.04890019815138259	24	1	1	0	0.8830800489690857
NP_fibrocartilaginous	healthy_vs_degenerated_all	OVOL1	0.0	1.0	8	0	0	0	1.0
NP_fibrocartilaginous	healthy_vs_degenerated_all	ZNF436	0.0	1.0	5	0	0	0	1.0
NP_fibrocartilaginous	healthy_vs_degenerated_all	ATF7	0.0	1.0	5	0	0	0	1.0
NP_fibrocartilaginous	healthy_vs_degenerated_all	SCX	0.0	1.0	8	0	0	0	1.0
NP_fibrocartilaginous	healthy_vs_degenerated_all	NANOG	0.03225806451612903	0.06272633017494535	31	1	1	0	0.909282250730985
NP_fibrocartilaginous	healthy_vs_degenerated_all	ARX	0.0	1.0	13	0	0	0	1.0
NP_fibrocartilaginous	healthy_vs_degenerated_all	VHL	0.0	1.0	20	0	0	0	1.0
NP_fibrocartilaginous	healthy_vs_degenerated_all	SOX4	0.0	1.0	18	0	0	0	1.0
NP_fibrocartilaginous	healthy_vs_degenerated_all	ATF5	0.0	1.0	21	0	0	0	1.0
NP_fibrocartilaginous	healthy_vs_degenerated_all	CTCFL	0.0	1.0	6	0	0	0	1.0
NP_fibrocartilaginous	healthy_vs_degenerated_all	SP6	0.0	1.0	5	0	0	0	1.0
NP_fibrocartilaginous	healthy_vs_degenerated_all	SMARCA5	0.0	1.0	8	0	0	0	1.0
NP_fibrocartilaginous	healthy_vs_degenerated_all	EOMES	0.0	1.0	8	0	0	0	1.0
NP_fibrocartilaginous	healthy_vs_degenerated_all	ESRRB	0.0	1.0	5	0	0	0	1.0
NP_fibrocartilaginous	healthy_vs_degenerated_all	ZXDC	0.0	1.0	5	0	0	0	1.0
NP_fibrocartilaginous	healthy_vs_degenerated_all	NR2E1	0.0	1.0	10	0	0	0	1.0
NP_fibrocartilaginous	healthy_vs_degenerated_all	ZFP42	0.0	1.0	12	0	0	0	1.0
NP_fibrocartilaginous	healthy_vs_degenerated_all	KMT2B	0.0	1.0	11	0	0	0	1.0
NP_fibrocartilaginous	healthy_vs_degenerated_all	NFIB	0.0	1.0	14	0	0	0	1.0
NP_fibrocartilaginous	healthy_vs_degenerated_all	EN1	0.0	1.0	5	0	0	0	1.0
NP_fibrocartilaginous	healthy_vs_degenerated_all	MTA3	0.0	1.0	9	0	0	0	1.0
NP_fibrocartilaginous	healthy_vs_degenerated_all	TBX18	0.14285714285714285	0.014505560826871936	7	1	1	0	0.7744539112569679
NP_fibrocartilaginous	healthy_vs_degenerated_all	EGR4	0.0	1.0	9	0	0	0	1.0
NP_fibrocartilaginous	healthy_vs_degenerated_all	HSF4	0.0	1.0	8	0	0	0	1.0
NP_fibrocartilaginous	healthy_vs_degenerated_all	BCLAF1	0.0	1.0	5	0	0	0	1.0
NP_fibrocartilaginous	healthy_vs_degenerated_all	KDM5C	0.0	1.0	10	0	0	0	1.0
NP_fibrocartilaginous	healthy_vs_degenerated_all	FOSL2	0.045454545454545456	0.04491417928763794	22	1	1	0	0.8356759418972635
NP_fibrocartilaginous	healthy_vs_degenerated_all	MED1	0.0	1.0	9	0	0	0	1.0
NP_fibrocartilaginous	healthy_vs_degenerated_all	LYL1	0.0	1.0	12	0	0	0	1.0
NP_fibrocartilaginous	healthy_vs_degenerated_all	HOXD1	0.0	1.0	5	0	0	0	1.0
NP_fibrocartilaginous	healthy_vs_degenerated_all	SALL4	0.0	1.0	7	0	0	0	1.0
NP_fibrocartilaginous	healthy_vs_degenerated_all	KDM5B	0.0	1.0	20	0	0	0	1.0
NP_fibrocartilaginous	healthy_vs_degenerated_all	TADA2A	0.0	1.0	6	0	0	0	1.0
NP_fibrocartilaginous	healthy_vs_degenerated_all	SATB2	0.0	1.0	17	0	0	0	1.0
NP_fibrocartilaginous	healthy_vs_degenerated_all	NSD2	0.0	1.0	6	0	0	0	1.0
NP_fibrocartilaginous	healthy_vs_degenerated_all	PBRM1	0.0	1.0	7	0	0	0	1.0
NP_fibrocartilaginous	healthy_vs_degenerated_all	ZBTB4	0.0	1.0	12	0	0	0	1.0
NP_fibrocartilaginous	healthy_vs_degenerated_all	THAP11	0.0	1.0	6	0	0	0	1.0
NP_fibrocartilaginous	healthy_vs_degenerated_all	FOXJ1	0.0	1.0	8	0	0	0	1.0
NP_fibrocartilaginous	healthy_vs_degenerated_all	PPARGC1A	0.0	1.0	18	0	0	0	1.0
NP_fibrocartilaginous	healthy_vs_degenerated_all	BATF	0.0	1.0	7	0	0	0	1.0
NP_fibrocartilaginous	healthy_vs_degenerated_all	ARID3B	0.0	1.0	5	0	0	0	1.0
NP_fibrocartilaginous	healthy_vs_degenerated_all	ZNF300	0.0	1.0	5	0	0	0	1.0
NP_fibrocartilaginous	healthy_vs_degenerated_all	NUPR1	0.0	1.0	6	0	0	0	1.0
NP_fibrocartilaginous	healthy_vs_degenerated_all	ZNF331	0.0	1.0	17	0	0	0	1.0
NP_fibrocartilaginous	healthy_vs_degenerated_all	ZNF382	0.0	1.0	11	0	0	0	1.0
NP_fibrocartilaginous	healthy_vs_degenerated_all	HOXD8	0.0	1.0	5	0	0	0	1.0
NP_fibrocartilaginous	healthy_vs_degenerated_all	LHX8	0.0	1.0	7	0	0	0	1.0
NP_fibrocartilaginous	healthy_vs_degenerated_all	IRX1	0.0	1.0	11	0	0	0	1.0
NP_fibrocartilaginous	healthy_vs_degenerated_all	SOX11	0.0	1.0	7	0	0	0	1.0
NP_fibrocartilaginous	healthy_vs_degenerated_all	IRF6	0.0	1.0	10	0	0	0	1.0
NP_fibrocartilaginous	healthy_vs_degenerated_all	E2F7	0.0	1.0	5	0	0	0	1.0
NP_fibrocartilaginous	healthy_vs_degenerated_all	HEYL	0.0	1.0	5	0	0	0	1.0
NP_fibrocartilaginous	healthy_vs_degenerated_all	MECP2	0.0	1.0	17	0	0	0	1.0
NP_fibrocartilaginous	healthy_vs_degenerated_all	MAML1	0.0	1.0	5	0	0	0	1.0
NP_fibrocartilaginous	healthy_vs_degenerated_all	DOT1L	0.0	1.0	8	0	0	0	1.0
NP_fibrocartilaginous	healthy_vs_degenerated_all	ARID3A	0.0	1.0	6	0	0	0	1.0
NP_fibrocartilaginous	healthy_vs_degenerated_all	ARID1A	0.0	1.0	5	0	0	0	1.0
NP_fibrocartilaginous	healthy_vs_degenerated_all	ZBTB18	0.0	1.0	6	0	0	0	1.0
NP_fibrocartilaginous	healthy_vs_degenerated_all	TCF15	0.0	1.0	5	0	0	0	1.0
NP_fibrocartilaginous	healthy_vs_degenerated_all	NPM1	0.0	1.0	11	0	0	0	1.0
NP_fibrocartilaginous	healthy_vs_degenerated_all	SETBP1	0.0	1.0	5	0	0	0	1.0
NP_fibrocartilaginous	healthy_vs_degenerated_all	KDM2A	0.0	1.0	8	0	0	0	1.0
NP_fibrocartilaginous	healthy_vs_degenerated_all	MKX	0.0	1.0	6	0	0	0	1.0
NP_fibrocartilaginous	healthy_vs_degenerated_all	HDAC3	0.0	1.0	14	0	0	0	1.0
NP_fibrocartilaginous	healthy_vs_degenerated_all	BTG2	0.0	1.0	6	0	0	0	1.0
NP_fibrocartilaginous	healthy_vs_degenerated_all	CREB5	0.0	1.0	9	0	0	0	1.0
NP_fibrocartilaginous	healthy_vs_degenerated_all	CTBP1	0.0	1.0	8	0	0	0	1.0
NP_fibrocartilaginous	healthy_vs_degenerated_all	HDAC1	0.0	1.0	59	0	0	0	1.0
NP_fibrocartilaginous	healthy_vs_degenerated_all	HCFC1	0.0	1.0	7	0	0	0	1.0
NP_fibrocartilaginous	healthy_vs_degenerated_all	ETV7	0.0	1.0	8	0	0	0	1.0
NP_fibrocartilaginous	healthy_vs_degenerated_all	FHL2	0.0	1.0	6	0	0	0	1.0
NP_fibrocartilaginous	healthy_vs_degenerated_all	HDAC4	0.0	1.0	16	0	0	0	1.0
NP_fibrocartilaginous	healthy_vs_degenerated_all	HDAC7	0.0	1.0	10	0	0	0	1.0
NP_fibrocartilaginous	healthy_vs_degenerated_all	HDAC9	0.0	1.0	14	0	0	0	1.0
NP_fibrocartilaginous	healthy_vs_degenerated_all	ING4	0.0	1.0	14	0	0	0	1.0
NP_fibrocartilaginous	healthy_vs_degenerated_all	SIN3A	0.0	1.0	8	0	0	0	1.0
NP_fibrocartilaginous	healthy_vs_degenerated_all	SMARCA4	0.0	1.0	7	0	0	0	1.0
NP_fibrocartilaginous	healthy_vs_degenerated_all	WWTR1	0.0	1.0	8	0	0	0	1.0
NP_fibrocartilaginous	healthy_vs_degenerated_all	PIN1	0.0	1.0	5	0	0	0	1.0
NP_fibrocartilaginous	healthy_vs_degenerated_all	FGF2	0.0	1.0	8	0	0	0	1.0
NP_fibrocartilaginous	healthy_vs_degenerated_all	PARK7	0.0	1.0	6	0	0	0	1.0
NP_fibrocartilaginous	healthy_vs_degenerated_all	YAP1	0.0	1.0	8	0	0	0	1.0
NP_fibrocartilaginous	healthy_vs_degenerated_all	BCOR	0.0	1.0	5	0	0	0	1.0
NP_fibrocartilaginous	healthy_vs_degenerated_all	BRD4	0.0	1.0	8	0	0	0	1.0
NP_fibrocartilaginous	healthy_vs_degenerated_all	SRSF2	0.0	1.0	12	0	0	0	1.0
NP_fibrocartilaginous	healthy_vs_degenerated_all	ZMYND8	0.0	1.0	6	0	0	0	1.0
NP_fibrocartilaginous	healthy_vs_degenerated_all	ARID4B	0.0	1.0	8	0	0	0	1.0
NP_fibrocartilaginous	healthy_vs_degenerated_all	AP1	0.0061162079510703364	0.14763524666650055	327	2	2	0	1.0
NP_fibrocartilaginous	healthy_vs_degenerated_all	NFKB	0.0041753653444676405	0.263617432768148	479	2	2	0	1.0
NP_fibrocartilaginous	healthy_vs_degenerated_severe	MYC	0.005873715124816446	0.2581227358750489	681	10	7	3	1.0
NP_fibrocartilaginous	healthy_vs_degenerated_severe	SPI1	0.017341040462427744	0.3209273978312392	173	3	3	0	1.0
NP_fibrocartilaginous	healthy_vs_degenerated_severe	SMAD3	0.03773584905660377	0.033865329340319376	106	4	4	0	0.5071225256626999
NP_fibrocartilaginous	healthy_vs_degenerated_severe	SMAD4	0.0	0.22636001881453116	78	2	1	1	0.9585175969111871
NP_fibrocartilaginous	healthy_vs_degenerated_severe	STAT5A	0.0	0.4152343336213952	123	2	1	1	1.0
NP_fibrocartilaginous	healthy_vs_degenerated_severe	STAT5B	0.015625	0.5243666175902307	64	1	1	0	1.0
NP_fibrocartilaginous	healthy_vs_degenerated_severe	RELA	0.009375	0.3082824239461448	320	5	4	1	1.0
NP_fibrocartilaginous	healthy_vs_degenerated_severe	WT1	0.06593406593406594	0.0006196095806987319	91	6	6	0	0.054348611792717334
NP_fibrocartilaginous	healthy_vs_degenerated_severe	NR0B2	0.046153846153846156	0.0388188252543109	65	3	3	0	0.5071225256626999
NP_fibrocartilaginous	healthy_vs_degenerated_severe	SP1	0.011378002528445006	0.037978771415535205	791	15	12	3	0.5071225256626999
NP_fibrocartilaginous	healthy_vs_degenerated_severe	TP53	0.012802275960170697	0.0028247407708358453	703	17	13	4	0.14453256944110074
NP_fibrocartilaginous	healthy_vs_degenerated_severe	ZBTB16	0.02857142857142857	0.3335887505193321	35	1	1	0	1.0
NP_fibrocartilaginous	healthy_vs_degenerated_severe	ETV6	0.0	1.0	17	0	0	0	1.0
NP_fibrocartilaginous	healthy_vs_degenerated_severe	RUNX1	0.0	1.0	113	0	0	0	1.0
NP_fibrocartilaginous	healthy_vs_degenerated_severe	STAT1	0.004878048780487805	0.9088978148607163	205	1	1	0	1.0
NP_fibrocartilaginous	healthy_vs_degenerated_severe	STAT3	0.0	0.35371605363067904	261	4	2	2	1.0
NP_fibrocartilaginous	healthy_vs_degenerated_severe	ETV4	0.0	1.0	40	0	0	0	1.0
NP_fibrocartilaginous	healthy_vs_degenerated_severe	MTF1	0.0	1.0	25	0	0	0	1.0
NP_fibrocartilaginous	healthy_vs_degenerated_severe	CREB1	0.011363636363636364	0.5895635735584281	264	3	3	0	1.0
NP_fibrocartilaginous	healthy_vs_degenerated_severe	FOXA2	0.022727272727272728	0.3997561390092275	44	1	1	0	1.0
NP_fibrocartilaginous	healthy_vs_degenerated_severe	NFATC2	0.020833333333333332	0.42703056631215974	48	1	1	0	1.0
NP_fibrocartilaginous	healthy_vs_degenerated_severe	CEBPB	0.01195219123505976	0.16333361736534424	251	5	4	1	0.8667456901554104
NP_fibrocartilaginous	healthy_vs_degenerated_severe	FOS	0.010309278350515464	0.1849215686002534	194	4	3	1	0.8823211238289375
NP_fibrocartilaginous	healthy_vs_degenerated_severe	PLAG1	0.14285714285714285	0.07786714411339547	7	1	1	0	0.6129541857131386
NP_fibrocartilaginous	healthy_vs_degenerated_severe	E2F1	0.011857707509881422	0.1670877906319454	253	5	4	1	0.8694229105763939
NP_fibrocartilaginous	healthy_vs_degenerated_severe	E2F3	0.0	1.0	59	0	0	0	1.0
NP_fibrocartilaginous	healthy_vs_degenerated_severe	HBP1	0.03333333333333333	0.2937531884562952	30	1	1	0	1.0
NP_fibrocartilaginous	healthy_vs_degenerated_severe	YY1	-0.006329113924050633	0.8415778391360441	158	1	0	1	1.0
NP_fibrocartilaginous	healthy_vs_degenerated_severe	ESR1	0.005141388174807198	0.014249880722455734	389	10	6	4	0.33651641398414694
NP_fibrocartilaginous	healthy_vs_degenerated_severe	JUN	0.020887728459530026	0.012896520946708815	383	10	9	1	0.33194485427390596
NP_fibrocartilaginous	healthy_vs_degenerated_severe	NR1I3	0.0	1.0	27	0	0	0	1.0
NP_fibrocartilaginous	healthy_vs_degenerated_severe	CEBPG	0.0	0.3031870900465931	96	2	1	1	1.0
NP_fibrocartilaginous	healthy_vs_degenerated_severe	MAFK	0.0	1.0	16	0	0	0	1.0
NP_fibrocartilaginous	healthy_vs_degenerated_severe	STAT4	0.0	1.0	13	0	0	0	1.0
NP_fibrocartilaginous	healthy_vs_degenerated_severe	IRF1	0.010752688172043012	0.6608339822676644	93	1	1	0	1.0
NP_fibrocartilaginous	healthy_vs_degenerated_severe	ATF2	0.012345679012345678	0.6098519683481345	81	1	1	0	1.0
NP_fibrocartilaginous	healthy_vs_degenerated_severe	NR2C2	0.029411764705882353	0.3258041452319843	34	1	1	0	1.0
NP_fibrocartilaginous	healthy_vs_degenerated_severe	IRF3	0.0196078431372549	0.4466761438480045	51	1	1	0	1.0
NP_fibrocartilaginous	healthy_vs_degenerated_severe	TFAP2A	0.016483516483516484	0.05897946965187131	182	5	4	1	0.5957511935518521
NP_fibrocartilaginous	healthy_vs_degenerated_severe	HNF1A	0.0	0.08061519045880923	41	2	1	1	0.6265535055912514
NP_fibrocartilaginous	healthy_vs_degenerated_severe	ETS1	0.016129032258064516	0.41922964213633696	124	2	2	0	1.0
NP_fibrocartilaginous	healthy_vs_degenerated_severe	ARNT	0.0	1.0	42	0	0	0	1.0
NP_fibrocartilaginous	healthy_vs_degenerated_severe	AHR	0.0	0.29892793408622986	95	2	1	1	1.0
NP_fibrocartilaginous	healthy_vs_degenerated_severe	PAX6	0.05128205128205128	0.012404694206578238	78	4	4	0	0.33194485427390596
NP_fibrocartilaginous	healthy_vs_degenerated_severe	NFYA	0.014084507042253521	0.561611503011799	71	1	1	0	1.0
NP_fibrocartilaginous	healthy_vs_degenerated_severe	ZNF148	0.0	1.0	21	0	0	0	1.0
NP_fibrocartilaginous	healthy_vs_degenerated_severe	NFIC	0.0	1.0	45	0	0	0	1.0
NP_fibrocartilaginous	healthy_vs_degenerated_severe	RBPJ	0.012048192771084338	0.07052125622056155	83	3	2	1	0.6129541857131386
NP_fibrocartilaginous	healthy_vs_degenerated_severe	HES1	0.018867924528301886	0.45940041369046986	53	1	1	0	1.0
NP_fibrocartilaginous	healthy_vs_degenerated_severe	GATA4	0.034482758620689655	0.14365678679029403	58	2	2	0	0.8092226338462435
NP_fibrocartilaginous	healthy_vs_degenerated_severe	GATA6	0.05714285714285714	0.06112756546216073	35	2	2	0	0.5957511935518521
NP_fibrocartilaginous	healthy_vs_degenerated_severe	HNF4A	0.016	0.05609397951758702	125	4	3	1	0.5955241465076679
NP_fibrocartilaginous	healthy_vs_degenerated_severe	RARA	0.01	0.687460650500777	100	1	1	0	1.0
NP_fibrocartilaginous	healthy_vs_degenerated_severe	DBP	0.0	1.0	19	0	0	0	1.0
NP_fibrocartilaginous	healthy_vs_degenerated_severe	HLF	0.0	1.0	11	0	0	0	1.0
NP_fibrocartilaginous	healthy_vs_degenerated_severe	PPARG	-0.02912621359223301	0.031665520916346376	206	6	0	6	0.5071225256626999
NP_fibrocartilaginous	healthy_vs_degenerated_severe	MAX	0.0	1.0	33	0	0	0	1.0
NP_fibrocartilaginous	healthy_vs_degenerated_severe	USF2	-0.015625	0.03733172197355844	64	3	1	2	0.5071225256626999
NP_fibrocartilaginous	healthy_vs_degenerated_severe	IRF2	0.0	1.0	31	0	0	0	1.0
NP_fibrocartilaginous	healthy_vs_degenerated_severe	SP3	0.007782101167315175	0.00963467809083919	257	8	5	3	0.2957846173887631
NP_fibrocartilaginous	healthy_vs_degenerated_severe	AR	0.0	0.20506008012471452	344	6	3	3	0.9072252186957168
NP_fibrocartilaginous	healthy_vs_degenerated_severe	CUX1	0.013513513513513514	0.5766738367324423	74	1	1	0	1.0
NP_fibrocartilaginous	healthy_vs_degenerated_severe	ATF1	0.0	1.0	59	0	0	0	1.0
NP_fibrocartilaginous	healthy_vs_degenerated_severe	KAT7	0.0	1.0	56	0	0	0	1.0
NP_fibrocartilaginous	healthy_vs_degenerated_severe	CREBZF	0.0	1.0	11	0	0	0	1.0
NP_fibrocartilaginous	healthy_vs_degenerated_severe	GLI3	0.04	0.25155626193813907	25	1	1	0	1.0
NP_fibrocartilaginous	healthy_vs_degenerated_severe	NKX2-5	0.0625	0.00046909582368547697	32	4	3	1	0.054348611792717334
NP_fibrocartilaginous	healthy_vs_degenerated_severe	TGFB1I1	0.0	1.0	11	0	0	0	1.0
NP_fibrocartilaginous	healthy_vs_degenerated_severe	RARB	0.0	1.0	31	0	0	0	1.0
NP_fibrocartilaginous	healthy_vs_degenerated_severe	RARG	0.0	1.0	20	0	0	0	1.0
NP_fibrocartilaginous	healthy_vs_degenerated_severe	TEAD1	0.0	1.0	14	0	0	0	1.0
NP_fibrocartilaginous	healthy_vs_degenerated_severe	PPARA	0.0	1.0	152	0	0	0	1.0
NP_fibrocartilaginous	healthy_vs_degenerated_severe	ESR2	0.00819672131147541	0.16588512846563613	122	3	2	1	0.8694229105763939
NP_fibrocartilaginous	healthy_vs_degenerated_severe	NR3C1	0.01875	0.03737094606911308	160	5	4	1	0.5071225256626999
NP_fibrocartilaginous	healthy_vs_degenerated_severe	PGR	0.023809523809523808	0.015923087123220606	84	4	3	1	0.33810005434417273
NP_fibrocartilaginous	healthy_vs_degenerated_severe	NRG1	0.0	1.0	26	0	0	0	1.0
NP_fibrocartilaginous	healthy_vs_degenerated_severe	TBP	0.009708737864077669	0.6982271611415667	103	1	1	0	1.0
NP_fibrocartilaginous	healthy_vs_degenerated_severe	REL	0.0	1.0	67	0	0	0	1.0
NP_fibrocartilaginous	healthy_vs_degenerated_severe	ISL1	0.0	1.0	10	0	0	0	1.0
NP_fibrocartilaginous	healthy_vs_degenerated_severe	ZBTB14	0.0	1.0	5	0	0	0	1.0
NP_fibrocartilaginous	healthy_vs_degenerated_severe	MYB	0.009345794392523364	0.12561671751583808	107	3	2	1	0.734558710044996
NP_fibrocartilaginous	healthy_vs_degenerated_severe	PITX1	0.0	1.0	17	0	0	0	1.0
NP_fibrocartilaginous	healthy_vs_degenerated_severe	EGR1	0.01762114537444934	0.0471414387769747	227	6	5	1	0.5788968681812493
NP_fibrocartilaginous	healthy_vs_degenerated_severe	MYOD1	0.0	0.25193316730804083	84	2	1	1	1.0
NP_fibrocartilaginous	healthy_vs_degenerated_severe	ETS2	0.0	1.0	68	0	0	0	1.0
NP_fibrocartilaginous	healthy_vs_degenerated_severe	GTF2I	0.0	1.0	18	0	0	0	1.0
NP_fibrocartilaginous	healthy_vs_degenerated_severe	NR2F1	0.0	1.0	21	0	0	0	1.0
NP_fibrocartilaginous	healthy_vs_degenerated_severe	ENO1	0.0	1.0	12	0	0	0	1.0
NP_fibrocartilaginous	healthy_vs_degenerated_severe	JDP2	0.0	1.0	28	0	0	0	1.0
NP_fibrocartilaginous	healthy_vs_degenerated_severe	MAZ	0.0	1.0	21	0	0	0	1.0
NP_fibrocartilaginous	healthy_vs_degenerated_severe	NR4A1	0.0	0.13970459448626782	57	2	1	1	0.7942464908756337
NP_fibrocartilaginous	healthy_vs_degenerated_severe	HMGA1	0.02564102564102564	0.3638453987925873	39	1	1	0	1.0
NP_fibrocartilaginous	healthy_vs_degenerated_severe	NFKB1	-0.00425531914893617	0.5104527360400393	235	3	1	2	1.0
NP_fibrocartilaginous	healthy_vs_degenerated_severe	USF1	-0.008064516129032258	0.17152051420995906	124	3	1	2	0.8781677542569893
NP_fibrocartilaginous	healthy_vs_degenerated_severe	DDIT3	0.0	1.0	70	0	0	0	1.0
NP_fibrocartilaginous	healthy_vs_degenerated_severe	ATF4	0.023809523809523808	0.25193316730804083	84	2	2	0	1.0
NP_fibrocartilaginous	healthy_vs_degenerated_severe	ATF3	0.0	1.0	73	0	0	0	1.0
NP_fibrocartilaginous	healthy_vs_degenerated_severe	TAF1	0.0	1.0	35	0	0	0	1.0
NP_fibrocartilaginous	healthy_vs_degenerated_severe	RUNX2	0.037037037037037035	0.0023800657011374816	81	5	4	1	0.14453256944110074
NP_fibrocartilaginous	healthy_vs_degenerated_severe	TFAP2B	0.08333333333333333	0.1297736535446482	12	1	1	0	0.7446824605272336
NP_fibrocartilaginous	healthy_vs_degenerated_severe	CREM	0.0	0.08748697352981855	43	2	1	1	0.6317666047975661
NP_fibrocartilaginous	healthy_vs_degenerated_severe	IRF8	0.023809523809523808	0.3856397749504582	42	1	1	0	1.0
NP_fibrocartilaginous	healthy_vs_degenerated_severe	ETV5	0.0	1.0	6	0	0	0	1.0
NP_fibrocartilaginous	healthy_vs_degenerated_severe	DMTF1	0.0	1.0	13	0	0	0	1.0
NP_fibrocartilaginous	healthy_vs_degenerated_severe	NR5A1	0.0	1.0	44	0	0	0	1.0
NP_fibrocartilaginous	healthy_vs_degenerated_severe	NEUROD2	0.0	1.0	8	0	0	0	1.0
NP_fibrocartilaginous	healthy_vs_degenerated_severe	NEUROD1	0.04	0.25155626193813907	25	1	1	0	1.0
NP_fibrocartilaginous	healthy_vs_degenerated_severe	HHEX	0.0	1.0	15	0	0	0	1.0
NP_fibrocartilaginous	healthy_vs_degenerated_severe	FOXO3	-0.0064516129032258064	0.8358964690620663	155	1	0	1	1.0
NP_fibrocartilaginous	healthy_vs_degenerated_severe	MBD1	0.0	1.0	10	0	0	0	1.0
NP_fibrocartilaginous	healthy_vs_degenerated_severe	CEBPD	0.0	1.0	49	0	0	0	1.0
NP_fibrocartilaginous	healthy_vs_degenerated_severe	ELK1	0.0	1.0	43	0	0	0	1.0
NP_fibrocartilaginous	healthy_vs_degenerated_severe	FLI1	0.0	0.1516307186952819	60	2	1	1	0.8312612614187775
NP_fibrocartilaginous	healthy_vs_degenerated_severe	ELK4	0.0	1.0	6	0	0	0	1.0
NP_fibrocartilaginous	healthy_vs_degenerated_severe	PREB	0.0	1.0	8	0	0	0	1.0
NP_fibrocartilaginous	healthy_vs_degenerated_severe	POU1F1	0.037037037037037035	0.26872710317816323	27	1	1	0	1.0
NP_fibrocartilaginous	healthy_vs_degenerated_severe	PAX5	0.05555555555555555	0.06424905203401043	36	2	2	0	0.6129541857131386
NP_fibrocartilaginous	healthy_vs_degenerated_severe	CEBPA	0.0	0.04020180721066686	112	4	2	2	0.5142481172364469
NP_fibrocartilaginous	healthy_vs_degenerated_severe	LITAF	0.0	1.0	20	0	0	0	1.0
NP_fibrocartilaginous	healthy_vs_degenerated_severe	STAT6	0.017241379310344827	0.4899551183029315	58	1	1	0	1.0
NP_fibrocartilaginous	healthy_vs_degenerated_severe	HIF1A	0.0	1.0	307	0	0	0	1.0
NP_fibrocartilaginous	healthy_vs_degenerated_severe	TP73	0.02	0.02815671375816717	100	4	3	1	0.4672492499328281
NP_fibrocartilaginous	healthy_vs_degenerated_severe	KLF11	0.0	1.0	17	0	0	0	1.0
NP_fibrocartilaginous	healthy_vs_degenerated_severe	TCF4	0.0	1.0	31	0	0	0	1.0
NP_fibrocartilaginous	healthy_vs_degenerated_severe	HIVEP2	0.0	1.0	8	0	0	0	1.0
NP_fibrocartilaginous	healthy_vs_degenerated_severe	E2F4	-0.006711409395973154	0.8239203438809082	149	1	0	1	1.0
NP_fibrocartilaginous	healthy_vs_degenerated_severe	GATA5	0.0	1.0	8	0	0	0	1.0
NP_fibrocartilaginous	healthy_vs_degenerated_severe	SRF	0.03333333333333333	0.004965946304102099	60	4	3	1	0.21779221647990632
NP_fibrocartilaginous	healthy_vs_degenerated_severe	ELF1	0.0	1.0	44	0	0	0	1.0
NP_fibrocartilaginous	healthy_vs_degenerated_severe	GATA3	0.0	0.3244084472043223	101	2	1	1	1.0
NP_fibrocartilaginous	healthy_vs_degenerated_severe	MSX1	-0.07142857142857142	0.0004941670906915054	14	3	1	2	0.054348611792717334
NP_fibrocartilaginous	healthy_vs_degenerated_severe	OTX2	0.0	1.0	15	0	0	0	1.0
NP_fibrocartilaginous	healthy_vs_degenerated_severe	LHX2	0.058823529411764705	0.17878008026404507	17	1	1	0	0.8781677542569893
NP_fibrocartilaginous	healthy_vs_degenerated_severe	GABPA	0.0	1.0	25	0	0	0	1.0
NP_fibrocartilaginous	healthy_vs_degenerated_severe	HSF2	0.05263157894736842	0.19760695348934634	19	1	1	0	0.8987456995737678
NP_fibrocartilaginous	healthy_vs_degenerated_severe	VDR	0.025	0.013515669962292589	80	4	3	1	0.33194485427390596
NP_fibrocartilaginous	healthy_vs_degenerated_severe	HOXC8	0.08333333333333333	0.1297736535446482	12	1	1	0	0.7446824605272336
NP_fibrocartilaginous	healthy_vs_degenerated_severe	HR	0.0	1.0	51	0	0	0	1.0
NP_fibrocartilaginous	healthy_vs_degenerated_severe	RELB	0.0	1.0	31	0	0	0	1.0
NP_fibrocartilaginous	healthy_vs_degenerated_severe	CEBPE	0.0	1.0	17	0	0	0	1.0
NP_fibrocartilaginous	healthy_vs_degenerated_severe	NR0B1	0.0	1.0	22	0	0	0	1.0
NP_fibrocartilaginous	healthy_vs_degenerated_severe	LEF1	0.019230769230769232	0.4530749901174734	52	1	1	0	1.0
NP_fibrocartilaginous	healthy_vs_degenerated_severe	ID1	0.057692307692307696	0.021855466850345333	52	3	3	0	0.40664414079127376
NP_fibrocartilaginous	healthy_vs_degenerated_severe	ZNF143	-0.045454545454545456	0.22504724125280773	22	1	0	1	0.9585175969111871
NP_fibrocartilaginous	healthy_vs_degenerated_severe	SOX9	-0.017857142857142856	0.026524317537697274	56	3	1	2	0.46531231337560364
NP_fibrocartilaginous	healthy_vs_degenerated_severe	YBX1	0.0	1.0	66	0	0	0	1.0
NP_fibrocartilaginous	healthy_vs_degenerated_severe	HSF1	0.014925373134328358	0.5406983179579108	67	1	1	0	1.0
NP_fibrocartilaginous	healthy_vs_degenerated_severe	POU4F1	0.0	1.0	16	0	0	0	1.0
NP_fibrocartilaginous	healthy_vs_degenerated_severe	NOTO	0.0	1.0	5	0	0	0	1.0
NP_fibrocartilaginous	healthy_vs_degenerated_severe	HNF1B	0.05263157894736842	0.19760695348934634	19	1	1	0	0.8987456995737678
NP_fibrocartilaginous	healthy_vs_degenerated_severe	PAX3	-0.017543859649122806	0.4839844574147825	57	1	0	1	1.0
NP_fibrocartilaginous	healthy_vs_degenerated_severe	ID2	0.024390243902439025	0.37845857397657046	41	1	1	0	1.0
NP_fibrocartilaginous	healthy_vs_degenerated_severe	MEF2A	0.03636363636363636	0.0036295943109968735	55	4	3	1	0.1714285313040062
NP_fibrocartilaginous	healthy_vs_degenerated_severe	PDX1	0.0	0.09452702851542152	45	2	1	1	0.659540858050782
NP_fibrocartilaginous	healthy_vs_degenerated_severe	NR2F2	0.06060606060606061	0.05504923174595785	33	2	2	0	0.5955241465076679
NP_fibrocartilaginous	healthy_vs_degenerated_severe	NR1H4	0.014705882352941176	0.5460176060866125	68	1	1	0	1.0
NP_fibrocartilaginous	healthy_vs_degenerated_severe	ASCL1	0.0	1.0	31	0	0	0	1.0
NP_fibrocartilaginous	healthy_vs_degenerated_severe	RFX1	-0.058823529411764705	0.17878008026404507	17	1	0	1	0.8781677542569893
NP_fibrocartilaginous	healthy_vs_degenerated_severe	CRX	0.0	1.0	10	0	0	0	1.0
NP_fibrocartilaginous	healthy_vs_degenerated_severe	NRL	0.0	1.0	10	0	0	0	1.0
NP_fibrocartilaginous	healthy_vs_degenerated_severe	UBTF	0.0	1.0	9	0	0	0	1.0
NP_fibrocartilaginous	healthy_vs_degenerated_severe	MYBL2	0.022727272727272728	0.3997561390092275	44	1	1	0	1.0
NP_fibrocartilaginous	healthy_vs_degenerated_severe	ELF2	0.0	1.0	7	0	0	0	1.0
NP_fibrocartilaginous	healthy_vs_degenerated_severe	JUND	0.017543859649122806	0.4839844574147825	57	1	1	0	1.0
NP_fibrocartilaginous	healthy_vs_degenerated_severe	TP63	0.028368794326241134	0.005721117292746472	141	6	5	1	0.22814436128551738
NP_fibrocartilaginous	healthy_vs_degenerated_severe	NFKBIB	0.0	1.0	15	0	0	0	1.0
NP_fibrocartilaginous	healthy_vs_degenerated_severe	HOXC6	0.0	1.0	8	0	0	0	1.0
NP_fibrocartilaginous	healthy_vs_degenerated_severe	FOXO1	0.016853932584269662	0.05461305153217644	178	5	4	1	0.5955241465076679
NP_fibrocartilaginous	healthy_vs_degenerated_severe	PITX2	0.03278688524590164	0.15565037316621716	61	2	2	0	0.8457462754341357
NP_fibrocartilaginous	healthy_vs_degenerated_severe	NR5A2	0.04	0.25155626193813907	25	1	1	0	1.0
NP_fibrocartilaginous	healthy_vs_degenerated_severe	POU2F1	0.0	1.0	48	0	0	0	1.0
NP_fibrocartilaginous	healthy_vs_degenerated_severe	XBP1	0.025	0.37119410120784474	40	1	1	0	1.0
NP_fibrocartilaginous	healthy_vs_degenerated_severe	SREBF1	-0.012195121951219513	0.6143761465822276	82	1	0	1	1.0
NP_fibrocartilaginous	healthy_vs_degenerated_severe	TCF3	0.0	0.1637500000945075	63	2	1	1	0.8667456901554104
NP_fibrocartilaginous	healthy_vs_degenerated_severe	LRRFIP1	0.0	1.0	9	0	0	0	1.0
NP_fibrocartilaginous	healthy_vs_degenerated_severe	TCF12	0.0	1.0	25	0	0	0	1.0
NP_fibrocartilaginous	healthy_vs_degenerated_severe	E4F1	0.0	1.0	8	0	0	0	1.0
NP_fibrocartilaginous	healthy_vs_degenerated_severe	BRCA1	0.0	1.0	48	0	0	0	1.0
NP_fibrocartilaginous	healthy_vs_degenerated_severe	ZNF362	0.0	1.0	11	0	0	0	1.0
NP_fibrocartilaginous	healthy_vs_degenerated_severe	NRF1	0.0	1.0	62	0	0	0	1.0
NP_fibrocartilaginous	healthy_vs_degenerated_severe	GATA1	-0.014925373134328358	0.5406983179579108	67	1	0	1	1.0
NP_fibrocartilaginous	healthy_vs_degenerated_severe	MYCN	-0.01	0.687460650500777	100	1	0	1	1.0
NP_fibrocartilaginous	healthy_vs_degenerated_severe	PKNOX1	0.0	1.0	9	0	0	0	1.0
NP_fibrocartilaginous	healthy_vs_degenerated_severe	NR4A3	0.0	1.0	16	0	0	0	1.0
NP_fibrocartilaginous	healthy_vs_degenerated_severe	SSRP1	0.02564102564102564	0.22636001881453116	78	2	2	0	0.9585175969111871
NP_fibrocartilaginous	healthy_vs_degenerated_severe	ZNF91	0.08	0.03318566201657983	25	2	2	0	0.5071225256626999
NP_fibrocartilaginous	healthy_vs_degenerated_severe	NR2C1	0.0	1.0	9	0	0	0	1.0
NP_fibrocartilaginous	healthy_vs_degenerated_severe	ID3	0.041666666666666664	0.2428214379412766	24	1	1	0	1.0
NP_fibrocartilaginous	healthy_vs_degenerated_severe	ERF	0.0	1.0	12	0	0	0	1.0
NP_fibrocartilaginous	healthy_vs_degenerated_severe	ZNF354C	0.058823529411764705	0.17878008026404507	17	1	1	0	0.8781677542569893
NP_fibrocartilaginous	healthy_vs_degenerated_severe	HMGA2	0.07407407407407407	0.03825515803091358	27	2	2	0	0.5071225256626999
NP_fibrocartilaginous	healthy_vs_degenerated_severe	POU2F2	0.0	1.0	17	0	0	0	1.0
NP_fibrocartilaginous	healthy_vs_degenerated_severe	SREBF2	0.0	1.0	46	0	0	0	1.0
NP_fibrocartilaginous	healthy_vs_degenerated_severe	ELF4	0.0	1.0	30	0	0	0	1.0
NP_fibrocartilaginous	healthy_vs_degenerated_severe	TTF1	0.0	1.0	31	0	0	0	1.0
NP_fibrocartilaginous	healthy_vs_degenerated_severe	DLX4	0.043478260869565216	0.2339854848601908	23	1	1	0	0.9840211486586107
NP_fibrocartilaginous	healthy_vs_degenerated_severe	NR1I2	0.0	0.4996872422517663	145	2	1	1	1.0
NP_fibrocartilaginous	healthy_vs_degenerated_severe	NR1H3	0.027777777777777776	0.20100677054120977	72	2	2	0	0.9072252186957168
NP_fibrocartilaginous	healthy_vs_degenerated_severe	MITF	0.05	0.0006146335927595363	60	5	4	1	0.054348611792717334
NP_fibrocartilaginous	healthy_vs_degenerated_severe	NCOA1	-0.02040816326530612	0.43365479189962974	49	1	0	1	1.0
NP_fibrocartilaginous	healthy_vs_degenerated_severe	NCOR1	-0.017543859649122806	0.4839844574147825	57	1	0	1	1.0
NP_fibrocartilaginous	healthy_vs_degenerated_severe	FOSL1	-0.029411764705882353	0.3258041452319843	34	1	0	1	1.0
NP_fibrocartilaginous	healthy_vs_degenerated_severe	JUNB	0.01818181818181818	0.4718343267808469	55	1	1	0	1.0
NP_fibrocartilaginous	healthy_vs_degenerated_severe	DNMT1	-0.0423728813559322	0.0004153268061208665	118	7	1	6	0.054348611792717334
NP_fibrocartilaginous	healthy_vs_degenerated_severe	KLF5	0.0	1.0	52	0	0	0	1.0
NP_fibrocartilaginous	healthy_vs_degenerated_severe	NR3C2	0.0	0.06112756546216073	35	2	1	1	0.5957511935518521
NP_fibrocartilaginous	healthy_vs_degenerated_severe	MYRF	0.0	1.0	5	0	0	0	1.0
NP_fibrocartilaginous	healthy_vs_degenerated_severe	EBF1	0.0	1.0	10	0	0	0	1.0
NP_fibrocartilaginous	healthy_vs_degenerated_severe	CREBBP	0.0	1.0	25	0	0	0	1.0
NP_fibrocartilaginous	healthy_vs_degenerated_severe	ZFPM1	0.0	1.0	9	0	0	0	1.0
NP_fibrocartilaginous	healthy_vs_degenerated_severe	APEX1	0.0	1.0	27	0	0	0	1.0
NP_fibrocartilaginous	healthy_vs_degenerated_severe	TFAM	0.0	1.0	11	0	0	0	1.0
NP_fibrocartilaginous	healthy_vs_degenerated_severe	IRF4	0.034482758620689655	0.2855070410750275	29	1	1	0	1.0
NP_fibrocartilaginous	healthy_vs_degenerated_severe	ZBED1	0.0	1.0	16	0	0	0	1.0
NP_fibrocartilaginous	healthy_vs_degenerated_severe	NCOA2	0.0	1.0	39	0	0	0	1.0
NP_fibrocartilaginous	healthy_vs_degenerated_severe	FOXA1	0.03571428571428571	0.27716537847312717	28	1	1	0	1.0
NP_fibrocartilaginous	healthy_vs_degenerated_severe	NR4A2	0.0	1.0	28	0	0	0	1.0
NP_fibrocartilaginous	healthy_vs_degenerated_severe	KLF1	0.0	1.0	17	0	0	0	1.0
NP_fibrocartilaginous	healthy_vs_degenerated_severe	LHX3	0.0	1.0	5	0	0	0	1.0
NP_fibrocartilaginous	healthy_vs_degenerated_severe	CTCF	-0.010869565217391304	0.656850804511792	92	1	0	1	1.0
NP_fibrocartilaginous	healthy_vs_degenerated_severe	BCL6	0.0	1.0	50	0	0	0	1.0
NP_fibrocartilaginous	healthy_vs_degenerated_severe	RB1	0.03333333333333333	0.2937531884562952	30	1	1	0	1.0
NP_fibrocartilaginous	healthy_vs_degenerated_severe	TFCP2	0.0	1.0	39	0	0	0	1.0
NP_fibrocartilaginous	healthy_vs_degenerated_severe	REST	0.0	1.0	19	0	0	0	1.0
NP_fibrocartilaginous	healthy_vs_degenerated_severe	ESRRA	0.0	1.0	26	0	0	0	1.0
NP_fibrocartilaginous	healthy_vs_degenerated_severe	HOXD3	0.0	1.0	5	0	0	0	1.0
NP_fibrocartilaginous	healthy_vs_degenerated_severe	IRF9	0.0	1.0	13	0	0	0	1.0
NP_fibrocartilaginous	healthy_vs_degenerated_severe	TFE3	0.037037037037037035	0.26872710317816323	27	1	1	0	1.0
NP_fibrocartilaginous	healthy_vs_degenerated_severe	ZNF236	0.0	1.0	6	0	0	0	1.0
NP_fibrocartilaginous	healthy_vs_degenerated_severe	TFAP2C	0.0	1.0	15	0	0	0	1.0
NP_fibrocartilaginous	healthy_vs_degenerated_severe	PAX8	0.0	1.0	16	0	0	0	1.0
NP_fibrocartilaginous	healthy_vs_degenerated_severe	NKX2-1	0.0	1.0	29	0	0	0	1.0
NP_fibrocartilaginous	healthy_vs_degenerated_severe	PBX1	-0.041666666666666664	0.2428214379412766	24	1	0	1	1.0
NP_fibrocartilaginous	healthy_vs_degenerated_severe	SP4	0.0	1.0	32	0	0	0	1.0
NP_fibrocartilaginous	healthy_vs_degenerated_severe	CIITA	0.0	1.0	20	0	0	0	1.0
NP_fibrocartilaginous	healthy_vs_degenerated_severe	CDX2	0.0	0.04636876701825979	30	2	1	1	0.5788968681812493
NP_fibrocartilaginous	healthy_vs_degenerated_severe	ELF3	0.0	1.0	16	0	0	0	1.0
NP_fibrocartilaginous	healthy_vs_degenerated_severe	ZEB1	-0.030303030303030304	0.006316700556765139	33	3	1	2	0.22814436128551738
NP_fibrocartilaginous	healthy_vs_degenerated_severe	EGR3	0.0	1.0	18	0	0	0	1.0
NP_fibrocartilaginous	healthy_vs_degenerated_severe	EWSR1	0.022727272727272728	0.3997561390092275	44	1	1	0	1.0
NP_fibrocartilaginous	healthy_vs_degenerated_severe	NAB2	0.0	1.0	6	0	0	0	1.0
NP_fibrocartilaginous	healthy_vs_degenerated_severe	DEAF1	0.0	1.0	7	0	0	0	1.0
NP_fibrocartilaginous	healthy_vs_degenerated_severe	TBPL1	0.0	1.0	26	0	0	0	1.0
NP_fibrocartilaginous	healthy_vs_degenerated_severe	MEF2C	0.09090909090909091	0.006316700556765139	33	3	3	0	0.22814436128551738
NP_fibrocartilaginous	healthy_vs_degenerated_severe	POU4F2	0.0	1.0	15	0	0	0	1.0
NP_fibrocartilaginous	healthy_vs_degenerated_severe	TAL1	0.0	1.0	60	0	0	0	1.0
NP_fibrocartilaginous	healthy_vs_degenerated_severe	EPAS1	0.0	1.0	61	0	0	0	1.0
NP_fibrocartilaginous	healthy_vs_degenerated_severe	SMARCA1	0.0	1.0	33	0	0	0	1.0
NP_fibrocartilaginous	healthy_vs_degenerated_severe	NFATC4	0.037037037037037035	0.26872710317816323	27	1	1	0	1.0
NP_fibrocartilaginous	healthy_vs_degenerated_severe	FOXM1	0.017241379310344827	0.4899551183029315	58	1	1	0	1.0
NP_fibrocartilaginous	healthy_vs_degenerated_severe	MYF5	0.0	1.0	12	0	0	0	1.0
NP_fibrocartilaginous	healthy_vs_degenerated_severe	MYOG	0.0	1.0	29	0	0	0	1.0
NP_fibrocartilaginous	healthy_vs_degenerated_severe	SMAD7	-0.023255813953488372	0.01314772465282702	43	3	1	2	0.33194485427390596
NP_fibrocartilaginous	healthy_vs_degenerated_severe	SOX10	0.0	1.0	15	0	0	0	1.0
NP_fibrocartilaginous	healthy_vs_degenerated_severe	POU3F1	0.0	1.0	5	0	0	0	1.0
NP_fibrocartilaginous	healthy_vs_degenerated_severe	NKRF	0.0	1.0	7	0	0	0	1.0
NP_fibrocartilaginous	healthy_vs_degenerated_severe	ATF6	0.0	1.0	39	0	0	0	1.0
NP_fibrocartilaginous	healthy_vs_degenerated_severe	NKX6-1	0.0	1.0	6	0	0	0	1.0
NP_fibrocartilaginous	healthy_vs_degenerated_severe	ERG	0.0	1.0	34	0	0	0	1.0
NP_fibrocartilaginous	healthy_vs_degenerated_severe	PITX3	0.0	1.0	9	0	0	0	1.0
NP_fibrocartilaginous	healthy_vs_degenerated_severe	HOXB2	0.0	1.0	5	0	0	0	1.0
NP_fibrocartilaginous	healthy_vs_degenerated_severe	SATB1	-0.08695652173913043	0.0001251437946953254	23	4	1	3	0.054348611792717334
NP_fibrocartilaginous	healthy_vs_degenerated_severe	NFKB2	0.0	1.0	42	0	0	0	1.0
NP_fibrocartilaginous	healthy_vs_degenerated_severe	RORA	0.0	1.0	34	0	0	0	1.0
NP_fibrocartilaginous	healthy_vs_degenerated_severe	PROX1	0.07142857142857142	0.14971502433998565	14	1	1	0	0.8281533778806414
NP_fibrocartilaginous	healthy_vs_degenerated_severe	KLF3	0.0	1.0	5	0	0	0	1.0
NP_fibrocartilaginous	healthy_vs_degenerated_severe	PEG3	0.0	1.0	6	0	0	0	1.0
NP_fibrocartilaginous	healthy_vs_degenerated_severe	NR2E3	0.0	1.0	6	0	0	0	1.0
NP_fibrocartilaginous	healthy_vs_degenerated_severe	NCOR2	-0.024390243902439025	0.37845857397657046	41	1	0	1	1.0
NP_fibrocartilaginous	healthy_vs_degenerated_severe	NCOA3	0.02	0.4402030294659763	50	1	1	0	1.0
NP_fibrocartilaginous	healthy_vs_degenerated_severe	ZFHX3	0.0	1.0	5	0	0	0	1.0
NP_fibrocartilaginous	healthy_vs_degenerated_severe	SMAD1	0.045454545454545456	0.09098667429262677	44	2	2	0	0.6421358392606074
NP_fibrocartilaginous	healthy_vs_degenerated_severe	SPDEF	0.0	1.0	8	0	0	0	1.0
NP_fibrocartilaginous	healthy_vs_degenerated_severe	PAX2	0.0	1.0	9	0	0	0	1.0
NP_fibrocartilaginous	healthy_vs_degenerated_severe	KLF13	0.0	1.0	9	0	0	0	1.0
NP_fibrocartilaginous	healthy_vs_degenerated_severe	MAFB	0.07407407407407407	0.03825515803091358	27	2	2	0	0.5071225256626999
NP_fibrocartilaginous	healthy_vs_degenerated_severe	ELK3	0.0	1.0	18	0	0	0	1.0
NP_fibrocartilaginous	healthy_vs_degenerated_severe	KLF6	0.02702702702702703	0.34889141884829716	37	1	1	0	1.0
NP_fibrocartilaginous	healthy_vs_degenerated_severe	SNAI1	0.0	0.18430601333488258	68	2	1	1	0.8823211238289375
NP_fibrocartilaginous	healthy_vs_degenerated_severe	HESX1	0.0	1.0	14	0	0	0	1.0
NP_fibrocartilaginous	healthy_vs_degenerated_severe	BACH2	0.0	1.0	6	0	0	0	1.0
NP_fibrocartilaginous	healthy_vs_degenerated_severe	PATZ1	0.0	1.0	8	0	0	0	1.0
NP_fibrocartilaginous	healthy_vs_degenerated_severe	ZHX2	0.0	1.0	7	0	0	0	1.0
NP_fibrocartilaginous	healthy_vs_degenerated_severe	ONECUT1	0.0	1.0	11	0	0	0	1.0
NP_fibrocartilaginous	healthy_vs_degenerated_severe	RXRA	0.0	0.10906773811361006	49	2	1	1	0.6922905343591873
NP_fibrocartilaginous	healthy_vs_degenerated_severe	NR1H2	0.034482758620689655	0.2855070410750275	29	1	1	0	1.0
NP_fibrocartilaginous	healthy_vs_degenerated_severe	KAT5	0.0	1.0	40	0	0	0	1.0
NP_fibrocartilaginous	healthy_vs_degenerated_severe	YBX3	0.0	1.0	21	0	0	0	1.0
NP_fibrocartilaginous	healthy_vs_degenerated_severe	SMAD6	0.0	1.0	17	0	0	0	1.0
NP_fibrocartilaginous	healthy_vs_degenerated_severe	MYBL1	0.0	1.0	9	0	0	0	1.0
NP_fibrocartilaginous	healthy_vs_degenerated_severe	CDX1	0.05555555555555555	0.18824766648467559	18	1	1	0	0.8823211238289375
NP_fibrocartilaginous	healthy_vs_degenerated_severe	TFDP1	0.0	1.0	29	0	0	0	1.0
NP_fibrocartilaginous	healthy_vs_degenerated_severe	KMT2A	-0.018518518518518517	0.46565325043558026	54	1	0	1	1.0
NP_fibrocartilaginous	healthy_vs_degenerated_severe	GATA2	0.0	1.0	39	0	0	0	1.0
NP_fibrocartilaginous	healthy_vs_degenerated_severe	PRDM1	0.0	0.05504923174595785	33	2	1	1	0.5955241465076679
NP_fibrocartilaginous	healthy_vs_degenerated_severe	MXD1	0.0	1.0	16	0	0	0	1.0
NP_fibrocartilaginous	healthy_vs_degenerated_severe	CLOCK	-0.022222222222222223	0.40669316424772334	45	1	0	1	1.0
NP_fibrocartilaginous	healthy_vs_degenerated_severe	BHLHE40	-0.038461538461538464	0.2601911052097464	26	1	0	1	1.0
NP_fibrocartilaginous	healthy_vs_degenerated_severe	SRY	-0.05263157894736842	0.19760695348934634	19	1	0	1	0.8987456995737678
NP_fibrocartilaginous	healthy_vs_degenerated_severe	MAF	0.03571428571428571	0.27716537847312717	28	1	1	0	1.0
NP_fibrocartilaginous	healthy_vs_degenerated_severe	AIRE	0.09090909090909091	0.11962966584388361	11	1	1	0	0.7062751425783129
NP_fibrocartilaginous	healthy_vs_degenerated_severe	ZGPAT	0.0	1.0	5	0	0	0	1.0
NP_fibrocartilaginous	healthy_vs_degenerated_severe	ETV1	0.0	1.0	13	0	0	0	1.0
NP_fibrocartilaginous	healthy_vs_degenerated_severe	KLF4	0.013513513513513514	0.05352732610464304	74	3	2	1	0.5955241465076679
NP_fibrocartilaginous	healthy_vs_degenerated_severe	EGR2	-0.022222222222222223	0.40669316424772334	45	1	0	1	1.0
NP_fibrocartilaginous	healthy_vs_degenerated_severe	NEUROG3	0.0	1.0	11	0	0	0	1.0
NP_fibrocartilaginous	healthy_vs_degenerated_severe	CXXC1	0.0	1.0	11	0	0	0	1.0
NP_fibrocartilaginous	healthy_vs_degenerated_severe	TBX21	0.0	1.0	18	0	0	0	1.0
NP_fibrocartilaginous	healthy_vs_degenerated_severe	HOXA10	0.0	1.0	30	0	0	0	1.0
NP_fibrocartilaginous	healthy_vs_degenerated_severe	LMX1B	0.15384615384615385	0.009437481509628113	13	2	2	0	0.2957846173887631
NP_fibrocartilaginous	healthy_vs_degenerated_severe	TBX2	-0.05	0.2068591703866455	20	1	0	1	0.9072252186957168
NP_fibrocartilaginous	healthy_vs_degenerated_severe	ZNF699	0.03333333333333333	0.2937531884562952	30	1	1	0	1.0
NP_fibrocartilaginous	healthy_vs_degenerated_severe	RFX5	0.0	1.0	13	0	0	0	1.0
NP_fibrocartilaginous	healthy_vs_degenerated_severe	RFXANK	0.0	1.0	8	0	0	0	1.0
NP_fibrocartilaginous	healthy_vs_degenerated_severe	RFXAP	0.0	1.0	7	0	0	0	1.0
NP_fibrocartilaginous	healthy_vs_degenerated_severe	BARX2	0.0	1.0	10	0	0	0	1.0
NP_fibrocartilaginous	healthy_vs_degenerated_severe	FOXO4	0.0	1.0	21	0	0	0	1.0
NP_fibrocartilaginous	healthy_vs_degenerated_severe	DLX5	0.1	0.021814832440662214	20	2	2	0	0.40664414079127376
NP_fibrocartilaginous	healthy_vs_degenerated_severe	ID4	0.0	1.0	9	0	0	0	1.0
NP_fibrocartilaginous	healthy_vs_degenerated_severe	SPIB	0.0	1.0	9	0	0	0	1.0
NP_fibrocartilaginous	healthy_vs_degenerated_severe	FOXN1	0.0	1.0	31	0	0	0	1.0
NP_fibrocartilaginous	healthy_vs_degenerated_severe	TBX5	0.09090909090909091	0.11962966584388361	11	1	1	0	0.7062751425783129
NP_fibrocartilaginous	healthy_vs_degenerated_severe	TLX1	0.0	1.0	6	0	0	0	1.0
NP_fibrocartilaginous	healthy_vs_degenerated_severe	HIVEP1	0.0	1.0	8	0	0	0	1.0
NP_fibrocartilaginous	healthy_vs_degenerated_severe	SMAD2	0.017543859649122806	0.027768426721840597	57	3	2	1	0.4672492499328281
NP_fibrocartilaginous	healthy_vs_degenerated_severe	NKX3-1	-0.02	0.4402030294659763	50	1	0	1	1.0
NP_fibrocartilaginous	healthy_vs_degenerated_severe	HAND2	0.058823529411764705	0.17878008026404507	17	1	1	0	0.8781677542569893
NP_fibrocartilaginous	healthy_vs_degenerated_severe	PAX7	0.0	1.0	9	0	0	0	1.0
NP_fibrocartilaginous	healthy_vs_degenerated_severe	SFPQ	0.05263157894736842	0.19760695348934634	19	1	1	0	0.8987456995737678
NP_fibrocartilaginous	healthy_vs_degenerated_severe	BMAL1	0.0	1.0	44	0	0	0	1.0
NP_fibrocartilaginous	healthy_vs_degenerated_severe	SKIL	0.0	1.0	14	0	0	0	1.0
NP_fibrocartilaginous	healthy_vs_degenerated_severe	TBXT	0.0	1.0	6	0	0	0	1.0
NP_fibrocartilaginous	healthy_vs_degenerated_severe	MSX2	0.0	0.02612964750548091	22	2	1	1	0.46531231337560364
NP_fibrocartilaginous	healthy_vs_degenerated_severe	MZF1	0.0	1.0	14	0	0	0	1.0
NP_fibrocartilaginous	healthy_vs_degenerated_severe	HOXA5	0.1111111111111111	0.09898843337709134	9	1	1	0	0.6606401966688488
NP_fibrocartilaginous	healthy_vs_degenerated_severe	HOXB4	0.0	1.0	5	0	0	0	1.0
NP_fibrocartilaginous	healthy_vs_degenerated_severe	CREB3	0.125	0.08848848210519655	8	1	1	0	0.6317666047975661
NP_fibrocartilaginous	healthy_vs_degenerated_severe	NFE2	0.0	1.0	11	0	0	0	1.0
NP_fibrocartilaginous	healthy_vs_degenerated_severe	ZNF76	-0.16666666666666666	0.06712302735214791	6	1	0	1	0.6129541857131386
NP_fibrocartilaginous	healthy_vs_degenerated_severe	FOXQ1	0.0	1.0	9	0	0	0	1.0
NP_fibrocartilaginous	healthy_vs_degenerated_severe	ZGLP1	0.0	1.0	9	0	0	0	1.0
NP_fibrocartilaginous	healthy_vs_degenerated_severe	NFYB	0.034482758620689655	0.2855070410750275	29	1	1	0	1.0
NP_fibrocartilaginous	healthy_vs_degenerated_severe	ETV3	0.0	1.0	10	0	0	0	1.0
NP_fibrocartilaginous	healthy_vs_degenerated_severe	GSC	0.0	1.0	5	0	0	0	1.0
NP_fibrocartilaginous	healthy_vs_degenerated_severe	IRF7	0.0	1.0	8	0	0	0	1.0
NP_fibrocartilaginous	healthy_vs_degenerated_severe	NFATC3	-0.05555555555555555	0.18824766648467559	18	1	0	1	0.8823211238289375
NP_fibrocartilaginous	healthy_vs_degenerated_severe	KDM5A	0.0	1.0	13	0	0	0	1.0
NP_fibrocartilaginous	healthy_vs_degenerated_severe	GRHL3	0.07142857142857142	0.14971502433998565	14	1	1	0	0.8281533778806414
NP_fibrocartilaginous	healthy_vs_degenerated_severe	THRA	0.05	0.07724600459754312	40	2	2	0	0.6129541857131386
NP_fibrocartilaginous	healthy_vs_degenerated_severe	SOX17	-0.04	0.25155626193813907	25	1	0	1	1.0
NP_fibrocartilaginous	healthy_vs_degenerated_severe	TBX15	0.0	0.01978050040060581	19	2	1	1	0.3917815240636118
NP_fibrocartilaginous	healthy_vs_degenerated_severe	NFAT5	0.05714285714285714	0.06112756546216073	35	2	2	0	0.5957511935518521
NP_fibrocartilaginous	healthy_vs_degenerated_severe	BMAL2	0.0	1.0	6	0	0	0	1.0
NP_fibrocartilaginous	healthy_vs_degenerated_severe	NFE2L2	-0.006993006993006993	0.8110775890444939	143	1	0	1	1.0
NP_fibrocartilaginous	healthy_vs_degenerated_severe	ZIC1	0.1111111111111111	0.09898843337709134	9	1	1	0	0.6606401966688488
NP_fibrocartilaginous	healthy_vs_degenerated_severe	MEIS1	0.0	1.0	9	0	0	0	1.0
NP_fibrocartilaginous	healthy_vs_degenerated_severe	HOXA9	0.0	1.0	27	0	0	0	1.0
NP_fibrocartilaginous	healthy_vs_degenerated_severe	MAFA	0.0	1.0	11	0	0	0	1.0
NP_fibrocartilaginous	healthy_vs_degenerated_severe	NR1D1	0.15384615384615385	0.009437481509628113	13	2	2	0	0.2957846173887631
NP_fibrocartilaginous	healthy_vs_degenerated_severe	MYF6	0.0	1.0	6	0	0	0	1.0
NP_fibrocartilaginous	healthy_vs_degenerated_severe	ZNF263	0.0	1.0	6	0	0	0	1.0
NP_fibrocartilaginous	healthy_vs_degenerated_severe	NFIA	0.0	1.0	31	0	0	0	1.0
NP_fibrocartilaginous	healthy_vs_degenerated_severe	HEY2	0.0	1.0	10	0	0	0	1.0
NP_fibrocartilaginous	healthy_vs_degenerated_severe	HOXB7	-0.09090909090909091	0.11962966584388361	11	1	0	1	0.7062751425783129
NP_fibrocartilaginous	healthy_vs_degenerated_severe	ZNF350	0.0	1.0	9	0	0	0	1.0
NP_fibrocartilaginous	healthy_vs_degenerated_severe	BCL11A	0.0	1.0	8	0	0	0	1.0
NP_fibrocartilaginous	healthy_vs_degenerated_severe	TWIST1	0.0	1.0	53	0	0	0	1.0
NP_fibrocartilaginous	healthy_vs_degenerated_severe	ZNF395	0.0	1.0	5	0	0	0	1.0
NP_fibrocartilaginous	healthy_vs_degenerated_severe	TFDP2	0.0	1.0	5	0	0	0	1.0
NP_fibrocartilaginous	healthy_vs_degenerated_severe	GTF3A	0.0	1.0	16	0	0	0	1.0
NP_fibrocartilaginous	healthy_vs_degenerated_severe	KLF10	0.0	0.015968895074887638	17	2	1	1	0.33810005434417273
NP_fibrocartilaginous	healthy_vs_degenerated_severe	KLF2	0.0	1.0	34	0	0	0	1.0
NP_fibrocartilaginous	healthy_vs_degenerated_severe	PHF20	0.0	1.0	7	0	0	0	1.0
NP_fibrocartilaginous	healthy_vs_degenerated_severe	TGIF1	0.0	1.0	8	0	0	0	1.0
NP_fibrocartilaginous	healthy_vs_degenerated_severe	FOXG1	0.0	1.0	12	0	0	0	1.0
NP_fibrocartilaginous	healthy_vs_degenerated_severe	SF1	0.0	1.0	5	0	0	0	1.0
NP_fibrocartilaginous	healthy_vs_degenerated_severe	MBD2	-0.017543859649122806	0.4839844574147825	57	1	0	1	1.0
NP_fibrocartilaginous	healthy_vs_degenerated_severe	FOXF2	0.0	1.0	8	0	0	0	1.0
NP_fibrocartilaginous	healthy_vs_degenerated_severe	HEY1	-0.047619047619047616	0.21600553244611123	21	1	0	1	0.9406198363256192
NP_fibrocartilaginous	healthy_vs_degenerated_severe	ZBTB17	-0.027777777777777776	0.3412841704760553	36	1	0	1	1.0
NP_fibrocartilaginous	healthy_vs_degenerated_severe	IRF5	0.0	1.0	12	0	0	0	1.0
NP_fibrocartilaginous	healthy_vs_degenerated_severe	THRB	-0.03333333333333333	0.2937531884562952	30	1	0	1	1.0
NP_fibrocartilaginous	healthy_vs_degenerated_severe	POU3F2	0.0	1.0	13	0	0	0	1.0
NP_fibrocartilaginous	healthy_vs_degenerated_severe	FOXI1	0.0	1.0	5	0	0	0	1.0
NP_fibrocartilaginous	healthy_vs_degenerated_severe	KCNIP3	0.0	1.0	8	0	0	0	1.0
NP_fibrocartilaginous	healthy_vs_degenerated_severe	FOSB	0.05	0.2068591703866455	20	1	1	0	0.9072252186957168
NP_fibrocartilaginous	healthy_vs_degenerated_severe	NFE2L1	0.0	1.0	8	0	0	0	1.0
NP_fibrocartilaginous	healthy_vs_degenerated_severe	TRERF1	0.0	1.0	5	0	0	0	1.0
NP_fibrocartilaginous	healthy_vs_degenerated_severe	FOXP1	0.09090909090909091	0.11962966584388361	11	1	1	0	0.7062751425783129
NP_fibrocartilaginous	healthy_vs_degenerated_severe	FOXP2	0.0	1.0	5	0	0	0	1.0
NP_fibrocartilaginous	healthy_vs_degenerated_severe	BARX1	0.14285714285714285	0.07786714411339547	7	1	1	0	0.6129541857131386
NP_fibrocartilaginous	healthy_vs_degenerated_severe	ZFPM2	0.0	1.0	7	0	0	0	1.0
NP_fibrocartilaginous	healthy_vs_degenerated_severe	IKZF1	0.0	1.0	14	0	0	0	1.0
NP_fibrocartilaginous	healthy_vs_degenerated_severe	BCL3	0.0	1.0	19	0	0	0	1.0
NP_fibrocartilaginous	healthy_vs_degenerated_severe	SP2	0.0	1.0	16	0	0	0	1.0
NP_fibrocartilaginous	healthy_vs_degenerated_severe	SIM2	0.0	1.0	8	0	0	0	1.0
NP_fibrocartilaginous	healthy_vs_degenerated_severe	NFATC1	0.015625	0.5243666175902307	64	1	1	0	1.0
NP_fibrocartilaginous	healthy_vs_degenerated_severe	POU2F3	0.0	1.0	5	0	0	0	1.0
NP_fibrocartilaginous	healthy_vs_degenerated_severe	HOXA7	0.0	1.0	10	0	0	0	1.0
NP_fibrocartilaginous	healthy_vs_degenerated_severe	NPAS2	0.0	1.0	6	0	0	0	1.0
NP_fibrocartilaginous	healthy_vs_degenerated_severe	DLX2	0.0	1.0	12	0	0	0	1.0
NP_fibrocartilaginous	healthy_vs_degenerated_severe	PRRX1	0.0	1.0	5	0	0	0	1.0
NP_fibrocartilaginous	healthy_vs_degenerated_severe	VEZF1	0.0	1.0	6	0	0	0	1.0
NP_fibrocartilaginous	healthy_vs_degenerated_severe	CTBP2	0.0	1.0	9	0	0	0	1.0
NP_fibrocartilaginous	healthy_vs_degenerated_severe	SOX6	-0.06666666666666667	0.15951502360569228	15	1	0	1	0.8591423201218865
NP_fibrocartilaginous	healthy_vs_degenerated_severe	HIPK2	0.0	1.0	7	0	0	0	1.0
NP_fibrocartilaginous	healthy_vs_degenerated_severe	RORC	0.0	1.0	6	0	0	0	1.0
NP_fibrocartilaginous	healthy_vs_degenerated_severe	PPARD	0.0	1.0	60	0	0	0	1.0
NP_fibrocartilaginous	healthy_vs_degenerated_severe	MECOM	0.0	1.0	12	0	0	0	1.0
NP_fibrocartilaginous	healthy_vs_degenerated_severe	SIRT1	-0.05128205128205128	0.07392326594566827	39	2	0	2	0.6129541857131386
NP_fibrocartilaginous	healthy_vs_degenerated_severe	ZBTB7B	0.0	1.0	12	0	0	0	1.0
NP_fibrocartilaginous	healthy_vs_degenerated_severe	ZBTB7A	0.0	1.0	29	0	0	0	1.0
NP_fibrocartilaginous	healthy_vs_degenerated_severe	NR6A1	0.0	1.0	5	0	0	0	1.0
NP_fibrocartilaginous	healthy_vs_degenerated_severe	STAT2	0.0	1.0	29	0	0	0	1.0
NP_fibrocartilaginous	healthy_vs_degenerated_severe	ESRRG	0.0	1.0	14	0	0	0	1.0
NP_fibrocartilaginous	healthy_vs_degenerated_severe	PRDM2	0.0	1.0	7	0	0	0	1.0
NP_fibrocartilaginous	healthy_vs_degenerated_severe	PURA	0.0	1.0	13	0	0	0	1.0
NP_fibrocartilaginous	healthy_vs_degenerated_severe	NEUROD6	0.0	1.0	8	0	0	0	1.0
NP_fibrocartilaginous	healthy_vs_degenerated_severe	NEUROG2	0.0	1.0	8	0	0	0	1.0
NP_fibrocartilaginous	healthy_vs_degenerated_severe	HMGB2	0.0	1.0	6	0	0	0	1.0
NP_fibrocartilaginous	healthy_vs_degenerated_severe	DLX3	0.1	0.10936837432058823	10	1	1	0	0.6922905343591873
NP_fibrocartilaginous	healthy_vs_degenerated_severe	TWIST2	0.0	1.0	24	0	0	0	1.0
NP_fibrocartilaginous	healthy_vs_degenerated_severe	TFAP4	0.0	1.0	23	0	0	0	1.0
NP_fibrocartilaginous	healthy_vs_degenerated_severe	KAT6B	0.0	1.0	6	0	0	0	1.0
NP_fibrocartilaginous	healthy_vs_degenerated_severe	SALL3	0.0	1.0	5	0	0	0	1.0
NP_fibrocartilaginous	healthy_vs_degenerated_severe	MXI1	0.0	1.0	8	0	0	0	1.0
NP_fibrocartilaginous	healthy_vs_degenerated_severe	E2F5	0.0	1.0	9	0	0	0	1.0
NP_fibrocartilaginous	healthy_vs_degenerated_severe	E2F2	0.0	1.0	43	0	0	0	1.0
NP_fibrocartilaginous	healthy_vs_degenerated_severe	FOXD3	0.0	1.0	8	0	0	0	1.0
NP_fibrocartilaginous	healthy_vs_degenerated_severe	POU5F1	0.025	0.37119410120784474	40	1	1	0	1.0
NP_fibrocartilaginous	healthy_vs_degenerated_severe	PLAGL1	0.0	1.0	14	0	0	0	1.0
NP_fibrocartilaginous	healthy_vs_degenerated_severe	SNAI2	-0.07407407407407407	0.03825515803091358	27	2	0	2	0.5071225256626999
NP_fibrocartilaginous	healthy_vs_degenerated_severe	NOTCH1	-0.025	0.010791231560046707	40	3	1	2	0.31551505608898467
NP_fibrocartilaginous	healthy_vs_degenerated_severe	FOXC2	0.09090909090909091	0.11962966584388361	11	1	1	0	0.7062751425783129
NP_fibrocartilaginous	healthy_vs_degenerated_severe	FOXD1	0.0	1.0	5	0	0	0	1.0
NP_fibrocartilaginous	healthy_vs_degenerated_severe	KLF9	0.0	1.0	16	0	0	0	1.0
NP_fibrocartilaginous	healthy_vs_degenerated_severe	TBPL2	0.0	1.0	8	0	0	0	1.0
NP_fibrocartilaginous	healthy_vs_degenerated_severe	NFIL3	0.0	1.0	15	0	0	0	1.0
NP_fibrocartilaginous	healthy_vs_degenerated_severe	ZNF384	0.1	0.10936837432058823	10	1	1	0	0.6922905343591873
NP_fibrocartilaginous	healthy_vs_degenerated_severe	HOXA11	0.2	0.056254723937206416	5	1	1	0	0.5955241465076679
NP_fibrocartilaginous	healthy_vs_degenerated_severe	MEF2D	0.0	1.0	17	0	0	0	1.0
NP_fibrocartilaginous	healthy_vs_degenerated_severe	SMAD5	0.038461538461538464	0.2601911052097464	26	1	1	0	1.0
NP_fibrocartilaginous	healthy_vs_degenerated_severe	MLXIPL	0.0	1.0	10	0	0	0	1.0
NP_fibrocartilaginous	healthy_vs_degenerated_severe	ZBTB33	0.0	1.0	7	0	0	0	1.0
NP_fibrocartilaginous	healthy_vs_degenerated_severe	KLF15	0.0	1.0	12	0	0	0	1.0
NP_fibrocartilaginous	healthy_vs_degenerated_severe	DNMT3A	-0.05	0.07724600459754312	40	2	0	2	0.6129541857131386
NP_fibrocartilaginous	healthy_vs_degenerated_severe	DNMT3B	-0.0784313725490196	0.00275502387443991	51	4	0	4	0.14453256944110074
NP_fibrocartilaginous	healthy_vs_degenerated_severe	OLIG2	0.0	1.0	10	0	0	0	1.0
NP_fibrocartilaginous	healthy_vs_degenerated_severe	MAFG	0.0	1.0	9	0	0	0	1.0
NP_fibrocartilaginous	healthy_vs_degenerated_severe	TEF	0.0	1.0	9	0	0	0	1.0
NP_fibrocartilaginous	healthy_vs_degenerated_severe	HOXD13	0.125	0.08848848210519655	8	1	1	0	0.6317666047975661
NP_fibrocartilaginous	healthy_vs_degenerated_severe	ZKSCAN7	0.0	1.0	8	0	0	0	1.0
NP_fibrocartilaginous	healthy_vs_degenerated_severe	BACH1	0.0	1.0	14	0	0	0	1.0
NP_fibrocartilaginous	healthy_vs_degenerated_severe	TEAD4	0.0	1.0	7	0	0	0	1.0
NP_fibrocartilaginous	healthy_vs_degenerated_severe	GCM1	0.0	1.0	5	0	0	0	1.0
NP_fibrocartilaginous	healthy_vs_degenerated_severe	BHLHE41	-0.058823529411764705	0.17878008026404507	17	1	0	1	0.8781677542569893
NP_fibrocartilaginous	healthy_vs_degenerated_severe	MTA1	-0.05	0.07724600459754312	40	2	0	2	0.6129541857131386
NP_fibrocartilaginous	healthy_vs_degenerated_severe	EHF	0.0	1.0	8	0	0	0	1.0
NP_fibrocartilaginous	healthy_vs_degenerated_severe	TCF7L2	0.013513513513513514	0.05352732610464304	74	3	2	1	0.5955241465076679
NP_fibrocartilaginous	healthy_vs_degenerated_severe	VSX2	0.0	1.0	14	0	0	0	1.0
NP_fibrocartilaginous	healthy_vs_degenerated_severe	TSC22D1	0.0	1.0	7	0	0	0	1.0
NP_fibrocartilaginous	healthy_vs_degenerated_severe	SOX5	0.1	0.10936837432058823	10	1	1	0	0.6922905343591873
NP_fibrocartilaginous	healthy_vs_degenerated_severe	SOX2	0.058823529411764705	0.05806040377256276	34	2	2	0	0.5957511935518521
NP_fibrocartilaginous	healthy_vs_degenerated_severe	NKX3-2	0.0	1.0	6	0	0	0	1.0
NP_fibrocartilaginous	healthy_vs_degenerated_severe	PAX9	0.0	1.0	6	0	0	0	1.0
NP_fibrocartilaginous	healthy_vs_degenerated_severe	TCF21	0.0	1.0	6	0	0	0	1.0
NP_fibrocartilaginous	healthy_vs_degenerated_severe	HIC1	0.0	1.0	17	0	0	0	1.0
NP_fibrocartilaginous	healthy_vs_degenerated_severe	ZEB2	0.0	0.015968895074887638	17	2	1	1	0.33810005434417273
NP_fibrocartilaginous	healthy_vs_degenerated_severe	NONO	0.09090909090909091	0.11962966584388361	11	1	1	0	0.7062751425783129
NP_fibrocartilaginous	healthy_vs_degenerated_severe	CEBPZ	0.0	1.0	13	0	0	0	1.0
NP_fibrocartilaginous	healthy_vs_degenerated_severe	SIX1	0.14285714285714285	0.07786714411339547	7	1	1	0	0.6129541857131386
NP_fibrocartilaginous	healthy_vs_degenerated_severe	NFIX	0.0	1.0	15	0	0	0	1.0
NP_fibrocartilaginous	healthy_vs_degenerated_severe	MNT	0.0	1.0	8	0	0	0	1.0
NP_fibrocartilaginous	healthy_vs_degenerated_severe	HOXA1	0.0	1.0	14	0	0	0	1.0
NP_fibrocartilaginous	healthy_vs_degenerated_severe	BCL11B	-0.05555555555555555	0.18824766648467559	18	1	0	1	0.8823211238289375
NP_fibrocartilaginous	healthy_vs_degenerated_severe	RXRB	-0.14285714285714285	0.07786714411339547	7	1	0	1	0.6129541857131386
NP_fibrocartilaginous	healthy_vs_degenerated_severe	E2F6	0.0	1.0	33	0	0	0	1.0
NP_fibrocartilaginous	healthy_vs_degenerated_severe	HOXA13	0.0	1.0	6	0	0	0	1.0
NP_fibrocartilaginous	healthy_vs_degenerated_severe	KAT6A	0.0	1.0	11	0	0	0	1.0
NP_fibrocartilaginous	healthy_vs_degenerated_severe	GFI1	0.0	1.0	32	0	0	0	1.0
NP_fibrocartilaginous	healthy_vs_degenerated_severe	RUNX3	0.0	1.0	44	0	0	0	1.0
NP_fibrocartilaginous	healthy_vs_degenerated_severe	GLI1	0.017699115044247787	0.3745818455871513	113	2	2	0	1.0
NP_fibrocartilaginous	healthy_vs_degenerated_severe	KLF8	0.0	1.0	15	0	0	0	1.0
NP_fibrocartilaginous	healthy_vs_degenerated_severe	HIF3A	0.0	1.0	5	0	0	0	1.0
NP_fibrocartilaginous	healthy_vs_degenerated_severe	MEOX2	0.0	1.0	6	0	0	0	1.0
NP_fibrocartilaginous	healthy_vs_degenerated_severe	JARID2	0.0	1.0	10	0	0	0	1.0
NP_fibrocartilaginous	healthy_vs_degenerated_severe	NFYC	-0.1111111111111111	0.017831114513325707	18	2	0	2	0.36494347703939944
NP_fibrocartilaginous	healthy_vs_degenerated_severe	GFI1B	0.0	1.0	9	0	0	0	1.0
NP_fibrocartilaginous	healthy_vs_degenerated_severe	ASCL2	0.0	1.0	5	0	0	0	1.0
NP_fibrocartilaginous	healthy_vs_degenerated_severe	MSC	0.0	1.0	13	0	0	0	1.0
NP_fibrocartilaginous	healthy_vs_degenerated_severe	HOXB9	0.0	1.0	5	0	0	0	1.0
NP_fibrocartilaginous	healthy_vs_degenerated_severe	HLX	0.0	1.0	12	0	0	0	1.0
NP_fibrocartilaginous	healthy_vs_degenerated_severe	RCOR2	0.0	1.0	12	0	0	0	1.0
NP_fibrocartilaginous	healthy_vs_degenerated_severe	NKX2-2	0.1111111111111111	0.09898843337709134	9	1	1	0	0.6606401966688488
NP_fibrocartilaginous	healthy_vs_degenerated_severe	ARID4A	0.0	1.0	6	0	0	0	1.0
NP_fibrocartilaginous	healthy_vs_degenerated_severe	HINFP	0.0	1.0	9	0	0	0	1.0
NP_fibrocartilaginous	healthy_vs_degenerated_severe	SMARCC1	0.0	1.0	6	0	0	0	1.0
NP_fibrocartilaginous	healthy_vs_degenerated_severe	KAT2B	0.0	1.0	12	0	0	0	1.0
NP_fibrocartilaginous	healthy_vs_degenerated_severe	HDGF	0.0	1.0	5	0	0	0	1.0
NP_fibrocartilaginous	healthy_vs_degenerated_severe	EP300	0.0	1.0	42	0	0	0	1.0
NP_fibrocartilaginous	healthy_vs_degenerated_severe	TRPS1	0.0	1.0	12	0	0	0	1.0
NP_fibrocartilaginous	healthy_vs_degenerated_severe	CTNNB1	-0.005	0.000495251028803519	200	9	4	5	0.054348611792717334
NP_fibrocartilaginous	healthy_vs_degenerated_severe	PML	0.0	1.0	15	0	0	0	1.0
NP_fibrocartilaginous	healthy_vs_degenerated_severe	KLF7	0.0	1.0	8	0	0	0	1.0
NP_fibrocartilaginous	healthy_vs_degenerated_severe	PROP1	0.0	1.0	6	0	0	0	1.0
NP_fibrocartilaginous	healthy_vs_degenerated_severe	LMO2	0.0	1.0	18	0	0	0	1.0
NP_fibrocartilaginous	healthy_vs_degenerated_severe	MEOX1	0.0	1.0	6	0	0	0	1.0
NP_fibrocartilaginous	healthy_vs_degenerated_severe	FOXL2	0.0	1.0	13	0	0	0	1.0
NP_fibrocartilaginous	healthy_vs_degenerated_severe	HTATIP2	0.0	1.0	11	0	0	0	1.0
NP_fibrocartilaginous	healthy_vs_degenerated_severe	EZH2	0.030927835051546393	0.1010841620329172	97	3	3	0	0.667372854711948
NP_fibrocartilaginous	healthy_vs_degenerated_severe	GLI2	0.0	0.0010730970052060774	101	6	3	3	0.08236019514956644
NP_fibrocartilaginous	healthy_vs_degenerated_severe	TCF7	0.0	1.0	12	0	0	0	1.0
NP_fibrocartilaginous	healthy_vs_degenerated_severe	FOXC1	0.0	1.0	9	0	0	0	1.0
NP_fibrocartilaginous	healthy_vs_degenerated_severe	HOXB13	0.0	1.0	8	0	0	0	1.0
NP_fibrocartilaginous	healthy_vs_degenerated_severe	ABL1	0.0	1.0	10	0	0	0	1.0
NP_fibrocartilaginous	healthy_vs_degenerated_severe	TBX3	-0.09090909090909091	0.11962966584388361	11	1	0	1	0.7062751425783129
NP_fibrocartilaginous	healthy_vs_degenerated_severe	NFKBIZ	0.0	1.0	5	0	0	0	1.0
NP_fibrocartilaginous	healthy_vs_degenerated_severe	PLAGL2	0.0	1.0	5	0	0	0	1.0
NP_fibrocartilaginous	healthy_vs_degenerated_severe	TET1	0.0	1.0	9	0	0	0	1.0
NP_fibrocartilaginous	healthy_vs_degenerated_severe	FOXH1	-0.14285714285714285	0.07786714411339547	7	1	0	1	0.6129541857131386
NP_fibrocartilaginous	healthy_vs_degenerated_severe	FOXP3	0.0	1.0	27	0	0	0	1.0
NP_fibrocartilaginous	healthy_vs_degenerated_severe	CREB3L1	0.0	1.0	7	0	0	0	1.0
NP_fibrocartilaginous	healthy_vs_degenerated_severe	TFDP3	0.0	1.0	5	0	0	0	1.0
NP_fibrocartilaginous	healthy_vs_degenerated_severe	SP7	0.125	0.002526378737236176	24	3	3	0	0.14453256944110074
NP_fibrocartilaginous	healthy_vs_degenerated_severe	OVOL1	0.0	1.0	8	0	0	0	1.0
NP_fibrocartilaginous	healthy_vs_degenerated_severe	ZNF436	0.0	1.0	5	0	0	0	1.0
NP_fibrocartilaginous	healthy_vs_degenerated_severe	ATF7	0.0	1.0	5	0	0	0	1.0
NP_fibrocartilaginous	healthy_vs_degenerated_severe	SCX	0.0	1.0	8	0	0	0	1.0
NP_fibrocartilaginous	healthy_vs_degenerated_severe	NANOG	0.03225806451612903	0.3019049057212275	31	1	1	0	1.0
NP_fibrocartilaginous	healthy_vs_degenerated_severe	ARX	0.0	1.0	13	0	0	0	1.0
NP_fibrocartilaginous	healthy_vs_degenerated_severe	VHL	0.05	0.2068591703866455	20	1	1	0	0.9072252186957168
NP_fibrocartilaginous	healthy_vs_degenerated_severe	SOX4	0.05555555555555555	0.18824766648467559	18	1	1	0	0.8823211238289375
NP_fibrocartilaginous	healthy_vs_degenerated_severe	ATF5	0.0	1.0	21	0	0	0	1.0
NP_fibrocartilaginous	healthy_vs_degenerated_severe	CTCFL	-0.16666666666666666	0.06712302735214791	6	1	0	1	0.6129541857131386
NP_fibrocartilaginous	healthy_vs_degenerated_severe	SP6	0.0	1.0	5	0	0	0	1.0
NP_fibrocartilaginous	healthy_vs_degenerated_severe	SMARCA5	0.0	1.0	8	0	0	0	1.0
NP_fibrocartilaginous	healthy_vs_degenerated_severe	EOMES	0.0	1.0	8	0	0	0	1.0
NP_fibrocartilaginous	healthy_vs_degenerated_severe	ESRRB	0.0	1.0	5	0	0	0	1.0
NP_fibrocartilaginous	healthy_vs_degenerated_severe	ZXDC	0.0	1.0	5	0	0	0	1.0
NP_fibrocartilaginous	healthy_vs_degenerated_severe	NR2E1	0.0	1.0	10	0	0	0	1.0
NP_fibrocartilaginous	healthy_vs_degenerated_severe	ZFP42	0.0	1.0	12	0	0	0	1.0
NP_fibrocartilaginous	healthy_vs_degenerated_severe	KMT2B	0.0	1.0	11	0	0	0	1.0
NP_fibrocartilaginous	healthy_vs_degenerated_severe	NFIB	0.0	1.0	14	0	0	0	1.0
NP_fibrocartilaginous	healthy_vs_degenerated_severe	EN1	-0.2	0.056254723937206416	5	1	0	1	0.5955241465076679
NP_fibrocartilaginous	healthy_vs_degenerated_severe	MTA3	0.0	1.0	9	0	0	0	1.0
NP_fibrocartilaginous	healthy_vs_degenerated_severe	TBX18	0.14285714285714285	0.07786714411339547	7	1	1	0	0.6129541857131386
NP_fibrocartilaginous	healthy_vs_degenerated_severe	EGR4	0.0	1.0	9	0	0	0	1.0
NP_fibrocartilaginous	healthy_vs_degenerated_severe	HSF4	0.0	1.0	8	0	0	0	1.0
NP_fibrocartilaginous	healthy_vs_degenerated_severe	BCLAF1	0.0	1.0	5	0	0	0	1.0
NP_fibrocartilaginous	healthy_vs_degenerated_severe	KDM5C	0.0	1.0	10	0	0	0	1.0
NP_fibrocartilaginous	healthy_vs_degenerated_severe	FOSL2	0.045454545454545456	0.22504724125280773	22	1	1	0	0.9585175969111871
NP_fibrocartilaginous	healthy_vs_degenerated_severe	MED1	0.1111111111111111	0.09898843337709134	9	1	1	0	0.6606401966688488
NP_fibrocartilaginous	healthy_vs_degenerated_severe	LYL1	0.0	1.0	12	0	0	0	1.0
NP_fibrocartilaginous	healthy_vs_degenerated_severe	HOXD1	0.0	1.0	5	0	0	0	1.0
NP_fibrocartilaginous	healthy_vs_degenerated_severe	SALL4	0.0	1.0	7	0	0	0	1.0
NP_fibrocartilaginous	healthy_vs_degenerated_severe	KDM5B	0.0	1.0	20	0	0	0	1.0
NP_fibrocartilaginous	healthy_vs_degenerated_severe	TADA2A	0.0	1.0	6	0	0	0	1.0
NP_fibrocartilaginous	healthy_vs_degenerated_severe	SATB2	0.0	1.0	17	0	0	0	1.0
NP_fibrocartilaginous	healthy_vs_degenerated_severe	NSD2	0.0	1.0	6	0	0	0	1.0
NP_fibrocartilaginous	healthy_vs_degenerated_severe	PBRM1	0.0	1.0	7	0	0	0	1.0
NP_fibrocartilaginous	healthy_vs_degenerated_severe	ZBTB4	0.0	1.0	12	0	0	0	1.0
NP_fibrocartilaginous	healthy_vs_degenerated_severe	THAP11	0.0	1.0	6	0	0	0	1.0
NP_fibrocartilaginous	healthy_vs_degenerated_severe	FOXJ1	0.0	1.0	8	0	0	0	1.0
NP_fibrocartilaginous	healthy_vs_degenerated_severe	PPARGC1A	0.0	1.0	18	0	0	0	1.0
NP_fibrocartilaginous	healthy_vs_degenerated_severe	BATF	0.0	1.0	7	0	0	0	1.0
NP_fibrocartilaginous	healthy_vs_degenerated_severe	ARID3B	0.0	1.0	5	0	0	0	1.0
NP_fibrocartilaginous	healthy_vs_degenerated_severe	ZNF300	0.0	1.0	5	0	0	0	1.0
NP_fibrocartilaginous	healthy_vs_degenerated_severe	NUPR1	0.0	1.0	6	0	0	0	1.0
NP_fibrocartilaginous	healthy_vs_degenerated_severe	ZNF331	0.0	1.0	17	0	0	0	1.0
NP_fibrocartilaginous	healthy_vs_degenerated_severe	ZNF382	0.0	1.0	11	0	0	0	1.0
NP_fibrocartilaginous	healthy_vs_degenerated_severe	HOXD8	0.0	1.0	5	0	0	0	1.0
NP_fibrocartilaginous	healthy_vs_degenerated_severe	LHX8	-0.14285714285714285	0.07786714411339547	7	1	0	1	0.6129541857131386
NP_fibrocartilaginous	healthy_vs_degenerated_severe	IRX1	0.0	1.0	11	0	0	0	1.0
NP_fibrocartilaginous	healthy_vs_degenerated_severe	SOX11	0.0	1.0	7	0	0	0	1.0
NP_fibrocartilaginous	healthy_vs_degenerated_severe	IRF6	0.0	1.0	10	0	0	0	1.0
NP_fibrocartilaginous	healthy_vs_degenerated_severe	E2F7	0.0	1.0	5	0	0	0	1.0
NP_fibrocartilaginous	healthy_vs_degenerated_severe	HEYL	0.0	1.0	5	0	0	0	1.0
NP_fibrocartilaginous	healthy_vs_degenerated_severe	MECP2	0.0	1.0	17	0	0	0	1.0
NP_fibrocartilaginous	healthy_vs_degenerated_severe	MAML1	0.0	1.0	5	0	0	0	1.0
NP_fibrocartilaginous	healthy_vs_degenerated_severe	DOT1L	0.0	1.0	8	0	0	0	1.0
NP_fibrocartilaginous	healthy_vs_degenerated_severe	ARID3A	0.0	1.0	6	0	0	0	1.0
NP_fibrocartilaginous	healthy_vs_degenerated_severe	ARID1A	0.0	1.0	5	0	0	0	1.0
NP_fibrocartilaginous	healthy_vs_degenerated_severe	ZBTB18	0.0	1.0	6	0	0	0	1.0
NP_fibrocartilaginous	healthy_vs_degenerated_severe	TCF15	0.0	1.0	5	0	0	0	1.0
NP_fibrocartilaginous	healthy_vs_degenerated_severe	NPM1	0.0	1.0	11	0	0	0	1.0
NP_fibrocartilaginous	healthy_vs_degenerated_severe	SETBP1	0.0	1.0	5	0	0	0	1.0
NP_fibrocartilaginous	healthy_vs_degenerated_severe	KDM2A	0.0	1.0	8	0	0	0	1.0
NP_fibrocartilaginous	healthy_vs_degenerated_severe	MKX	0.0	1.0	6	0	0	0	1.0
NP_fibrocartilaginous	healthy_vs_degenerated_severe	HDAC3	0.0	1.0	14	0	0	0	1.0
NP_fibrocartilaginous	healthy_vs_degenerated_severe	BTG2	0.0	1.0	6	0	0	0	1.0
NP_fibrocartilaginous	healthy_vs_degenerated_severe	CREB5	0.0	1.0	9	0	0	0	1.0
NP_fibrocartilaginous	healthy_vs_degenerated_severe	CTBP1	-0.125	0.08848848210519655	8	1	0	1	0.6317666047975661
NP_fibrocartilaginous	healthy_vs_degenerated_severe	HDAC1	-0.01694915254237288	0.4958572321959179	59	1	0	1	1.0
NP_fibrocartilaginous	healthy_vs_degenerated_severe	HCFC1	0.0	1.0	7	0	0	0	1.0
NP_fibrocartilaginous	healthy_vs_degenerated_severe	ETV7	0.0	1.0	8	0	0	0	1.0
NP_fibrocartilaginous	healthy_vs_degenerated_severe	FHL2	0.0	1.0	6	0	0	0	1.0
NP_fibrocartilaginous	healthy_vs_degenerated_severe	HDAC4	0.0	1.0	16	0	0	0	1.0
NP_fibrocartilaginous	healthy_vs_degenerated_severe	HDAC7	0.0	1.0	10	0	0	0	1.0
NP_fibrocartilaginous	healthy_vs_degenerated_severe	HDAC9	0.0	1.0	14	0	0	0	1.0
NP_fibrocartilaginous	healthy_vs_degenerated_severe	ING4	0.0	1.0	14	0	0	0	1.0
NP_fibrocartilaginous	healthy_vs_degenerated_severe	SIN3A	0.0	1.0	8	0	0	0	1.0
NP_fibrocartilaginous	healthy_vs_degenerated_severe	SMARCA4	0.0	1.0	7	0	0	0	1.0
NP_fibrocartilaginous	healthy_vs_degenerated_severe	WWTR1	0.0	1.0	8	0	0	0	1.0
NP_fibrocartilaginous	healthy_vs_degenerated_severe	PIN1	0.0	1.0	5	0	0	0	1.0
NP_fibrocartilaginous	healthy_vs_degenerated_severe	FGF2	0.125	0.08848848210519655	8	1	1	0	0.6317666047975661
NP_fibrocartilaginous	healthy_vs_degenerated_severe	PARK7	0.0	1.0	6	0	0	0	1.0
NP_fibrocartilaginous	healthy_vs_degenerated_severe	YAP1	-0.125	0.08848848210519655	8	1	0	1	0.6317666047975661
NP_fibrocartilaginous	healthy_vs_degenerated_severe	BCOR	0.0	1.0	5	0	0	0	1.0
NP_fibrocartilaginous	healthy_vs_degenerated_severe	BRD4	0.0	1.0	8	0	0	0	1.0
NP_fibrocartilaginous	healthy_vs_degenerated_severe	SRSF2	0.0	1.0	12	0	0	0	1.0
NP_fibrocartilaginous	healthy_vs_degenerated_severe	ZMYND8	0.0	1.0	6	0	0	0	1.0
NP_fibrocartilaginous	healthy_vs_degenerated_severe	ARID4B	0.125	0.08848848210519655	8	1	1	0	0.6317666047975661
NP_fibrocartilaginous	healthy_vs_degenerated_severe	AP1	0.01834862385321101	0.1753454769833852	327	6	6	0	0.8781677542569893
NP_fibrocartilaginous	healthy_vs_degenerated_severe	NFKB	0.010438413361169102	0.3138834525970648	479	7	6	1	1.0
NP_fibrocartilaginous	mild_vs_severe	MYC	-0.014684287812041116	0.007098071078872333	681	22	6	16	0.12106154562298925
NP_fibrocartilaginous	mild_vs_severe	SPI1	0.03468208092485549	0.014639615578303865	173	8	7	1	0.16051292794783165
NP_fibrocartilaginous	mild_vs_severe	SMAD3	0.0	0.5841407063045843	106	2	1	1	1.0
NP_fibrocartilaginous	mild_vs_severe	SMAD4	0.02564102564102564	0.055427124186764036	78	4	3	1	0.32723321394878
NP_fibrocartilaginous	mild_vs_severe	STAT5A	-0.008130081300813009	0.3952285148437284	123	3	1	2	0.8116063816523386
NP_fibrocartilaginous	mild_vs_severe	STAT5B	0.0	0.33004689302334655	64	2	1	1	0.7263397574062179
NP_fibrocartilaginous	mild_vs_severe	RELA	0.009375	0.03448097117787517	320	11	7	4	0.2537634172314857
NP_fibrocartilaginous	mild_vs_severe	WT1	0.04395604395604396	0.006577274344375517	91	6	5	1	0.11538418421275907
NP_fibrocartilaginous	mild_vs_severe	NR0B2	-0.015384615384615385	0.7020279729391045	65	1	0	1	1.0
NP_fibrocartilaginous	mild_vs_severe	SP1	0.012642225031605562	0.0027493632811932435	791	26	18	8	0.08077033801122635
NP_fibrocartilaginous	mild_vs_severe	TP53	0.017069701280227598	1.6262126431435755e-06	703	32	22	10	0.0009984945628901554
NP_fibrocartilaginous	mild_vs_severe	ZBTB16	0.0	0.13526331012191847	35	2	1	1	0.4901687094145695
NP_fibrocartilaginous	mild_vs_severe	ETV6	0.0	0.038223034282421305	17	2	1	1	0.2636959893191762
NP_fibrocartilaginous	mild_vs_severe	RUNX1	0.008849557522123894	0.057397948916252516	113	5	3	2	0.33564133937694324
NP_fibrocartilaginous	mild_vs_severe	STAT1	0.024390243902439025	0.08448148425211299	205	7	6	1	0.42881530993691175
NP_fibrocartilaginous	mild_vs_severe	STAT3	0.007662835249042145	0.022555714797617636	261	10	6	4	0.20071317225706128
NP_fibrocartilaginous	mild_vs_severe	ETV4	0.0	1.0	40	0	0	0	1.0
NP_fibrocartilaginous	mild_vs_severe	MTF1	-0.04	0.3717524672191698	25	1	0	1	0.7870897064571388
NP_fibrocartilaginous	mild_vs_severe	CREB1	0.015151515151515152	0.024178921784620173	264	10	7	3	0.20336791747612037
NP_fibrocartilaginous	mild_vs_severe	FOXA2	0.022727272727272728	0.5590387286258574	44	1	1	0	1.0
NP_fibrocartilaginous	mild_vs_severe	NFATC2	0.041666666666666664	0.2208752953865657	48	2	2	0	0.5922158574993508
NP_fibrocartilaginous	mild_vs_severe	CEBPB	0.00398406374501992	0.04249652494271552	251	9	5	4	0.28361811211768834
NP_fibrocartilaginous	mild_vs_severe	FOS	0.020618556701030927	0.003125718599138548	194	10	7	3	0.08344309651613341
NP_fibrocartilaginous	mild_vs_severe	PLAG1	0.0	1.0	7	0	0	0	1.0
NP_fibrocartilaginous	mild_vs_severe	E2F1	-0.015810276679841896	0.09555030540029415	253	8	2	6	0.4478464695861115
NP_fibrocartilaginous	mild_vs_severe	E2F3	-0.05084745762711865	0.09451276297086056	59	3	0	3	0.44639104972391064
NP_fibrocartilaginous	mild_vs_severe	HBP1	-0.03333333333333333	0.427597632549177	30	1	0	1	0.8664849715682992
NP_fibrocartilaginous	mild_vs_severe	YY1	0.0	0.3316376908979546	158	4	2	2	0.7272340793262291
NP_fibrocartilaginous	mild_vs_severe	ESR1	0.02313624678663239	0.00010068028814122264	389	19	14	5	0.01236353938374214
NP_fibrocartilaginous	mild_vs_severe	JUN	0.007832898172323759	7.577736464388582e-06	383	21	12	9	0.0023263650945672945
NP_fibrocartilaginous	mild_vs_severe	NR1I3	0.0	1.0	27	0	0	0	1.0
NP_fibrocartilaginous	mild_vs_severe	CEBPG	0.0	0.1007198960340981	96	4	2	2	0.4497244819371113
NP_fibrocartilaginous	mild_vs_severe	MAFK	-0.1875	0.0028805452094293827	16	3	0	3	0.08077033801122635
NP_fibrocartilaginous	mild_vs_severe	STAT4	0.07692307692307693	0.21460939537967694	13	1	1	0	0.5804853249476725
NP_fibrocartilaginous	mild_vs_severe	IRF1	0.053763440860215055	0.028363768113486502	93	5	5	0	0.22327376438052193
NP_fibrocartilaginous	mild_vs_severe	ATF2	-0.037037037037037035	0.1870779179183462	81	3	0	3	0.5370816195990902
NP_fibrocartilaginous	mild_vs_severe	NR2C2	0.0	1.0	34	0	0	0	1.0
NP_fibrocartilaginous	mild_vs_severe	IRF3	0.0	1.0	51	0	0	0	1.0
NP_fibrocartilaginous	mild_vs_severe	TFAP2A	0.01098901098901099	0.0019636578459845664	182	10	6	4	0.07092270102556023
NP_fibrocartilaginous	mild_vs_severe	HNF1A	0.024390243902439025	0.5336720038392839	41	1	1	0	1.0
NP_fibrocartilaginous	mild_vs_severe	ETS1	0.0	0.6693572909637441	124	2	1	1	1.0
NP_fibrocartilaginous	mild_vs_severe	ARNT	0.0	1.0	42	0	0	0	1.0
NP_fibrocartilaginous	mild_vs_severe	AHR	0.021052631578947368	0.0978540272196468	95	4	3	1	0.4497244819371113
NP_fibrocartilaginous	mild_vs_severe	PAX6	0.02564102564102564	0.055427124186764036	78	4	3	1	0.32723321394878
NP_fibrocartilaginous	mild_vs_severe	NFYA	-0.056338028169014086	0.0019114625550361007	71	6	1	5	0.07092270102556023
NP_fibrocartilaginous	mild_vs_severe	ZNF148	0.0	1.0	21	0	0	0	1.0
NP_fibrocartilaginous	mild_vs_severe	NFIC	0.0	1.0	45	0	0	0	1.0
NP_fibrocartilaginous	mild_vs_severe	RBPJ	-0.012048192771084338	0.018327169647184206	83	5	2	3	0.18149809940921133
NP_fibrocartilaginous	mild_vs_severe	HES1	-0.018867924528301886	0.6271903543704029	53	1	0	1	1.0
NP_fibrocartilaginous	mild_vs_severe	GATA4	0.0	1.0	58	0	0	0	1.0
NP_fibrocartilaginous	mild_vs_severe	GATA6	0.05714285714285714	0.13526331012191847	35	2	2	0	0.4901687094145695
NP_fibrocartilaginous	mild_vs_severe	HNF4A	0.008	0.08077880451766528	125	5	3	2	0.4275705687400559
NP_fibrocartilaginous	mild_vs_severe	RARA	0.03	0.27950763812352064	100	3	3	0	0.6613287666221583
NP_fibrocartilaginous	mild_vs_severe	DBP	0.0	1.0	19	0	0	0	1.0
NP_fibrocartilaginous	mild_vs_severe	HLF	0.0	1.0	11	0	0	0	1.0
NP_fibrocartilaginous	mild_vs_severe	PPARG	-0.014563106796116505	0.32951770495449456	206	5	1	4	0.7263397574062179
NP_fibrocartilaginous	mild_vs_severe	MAX	0.0	0.12285667007013493	33	2	1	1	0.47743035077887874
NP_fibrocartilaginous	mild_vs_severe	USF2	-0.015625	0.6964089927725123	64	1	0	1	1.0
NP_fibrocartilaginous	mild_vs_severe	IRF2	0.03225806451612903	0.4381591377839081	31	1	1	0	0.8763182755678162
NP_fibrocartilaginous	mild_vs_severe	SP3	0.019455252918287938	0.5135581599045798	257	5	5	0	1.0
NP_fibrocartilaginous	mild_vs_severe	AR	0.005813953488372093	0.025276237901082525	344	12	7	5	0.2097244604224955
NP_fibrocartilaginous	mild_vs_severe	CUX1	0.02702702702702703	0.04726633439025899	74	4	3	1	0.3023075970376981
NP_fibrocartilaginous	mild_vs_severe	ATF1	0.01694915254237288	0.66669276212786	59	1	1	0	1.0
NP_fibrocartilaginous	mild_vs_severe	KAT7	-0.017857142857142856	0.6474917404880409	56	1	0	1	1.0
NP_fibrocartilaginous	mild_vs_severe	CREBZF	0.0	1.0	11	0	0	0	1.0
NP_fibrocartilaginous	mild_vs_severe	GLI3	0.0	1.0	25	0	0	0	1.0
NP_fibrocartilaginous	mild_vs_severe	NKX2-5	0.03125	0.4485267130070577	32	1	1	0	0.8941409148906929
NP_fibrocartilaginous	mild_vs_severe	TGFB1I1	0.09090909090909091	0.18485570808214594	11	1	1	0	0.5370816195990902
NP_fibrocartilaginous	mild_vs_severe	RARB	0.03225806451612903	0.4381591377839081	31	1	1	0	0.8763182755678162
NP_fibrocartilaginous	mild_vs_severe	RARG	0.05	0.3104883158512095	20	1	1	0	0.7008817129876568
NP_fibrocartilaginous	mild_vs_severe	TEAD1	0.07142857142857142	0.22907843002328585	14	1	1	0	0.5934774516215084
NP_fibrocartilaginous	mild_vs_severe	PPARA	0.0	0.30660727351823863	152	4	2	2	0.697247651630365
NP_fibrocartilaginous	mild_vs_severe	ESR2	-0.02459016393442623	0.07451734343435035	122	5	1	4	0.4048995475105408
NP_fibrocartilaginous	mild_vs_severe	NR3C1	0.01875	0.17251167700030406	160	5	4	1	0.5346388016659084
NP_fibrocartilaginous	mild_vs_severe	PGR	0.0	0.0689979189180312	84	4	2	2	0.37825644835420674
NP_fibrocartilaginous	mild_vs_severe	NRG1	0.0	1.0	26	0	0	0	1.0
NP_fibrocartilaginous	mild_vs_severe	TBP	-0.009708737864077669	0.04133912708158303	103	5	2	3	0.2789255387702415
NP_fibrocartilaginous	mild_vs_severe	REL	0.029850746268656716	0.0014151905042607106	67	6	4	2	0.05792846464107175
NP_fibrocartilaginous	mild_vs_severe	ISL1	0.1	0.16956092194116015	10	1	1	0	0.5284792186389459
NP_fibrocartilaginous	mild_vs_severe	ZBTB14	-0.2	0.08869632632245568	5	1	0	1	0.42881530993691175
NP_fibrocartilaginous	mild_vs_severe	MYB	-0.028037383177570093	0.00355945336265281	107	7	2	5	0.0840578601795702
NP_fibrocartilaginous	mild_vs_severe	PITX1	0.058823529411764705	0.27091318491978544	17	1	1	0	0.6548846281131822
NP_fibrocartilaginous	mild_vs_severe	EGR1	0.01762114537444934	0.2404167956939856	227	6	5	1	0.6173823436315867
NP_fibrocartilaginous	mild_vs_severe	MYOD1	0.011904761904761904	0.7911287287440847	84	1	1	0	1.0
NP_fibrocartilaginous	mild_vs_severe	ETS2	0.014705882352941176	0.1297106987881674	68	3	2	1	0.4901687094145695
NP_fibrocartilaginous	mild_vs_severe	GTF2I	-0.05555555555555555	0.2843498279938922	18	1	0	1	0.6613287666221583
NP_fibrocartilaginous	mild_vs_severe	NR2F1	-0.047619047619047616	0.32319907428584504	21	1	0	1	0.7190008391721335
NP_fibrocartilaginous	mild_vs_severe	ENO1	-0.08333333333333333	0.0011947614634915677	12	3	1	2	0.053382770627554976
NP_fibrocartilaginous	mild_vs_severe	JDP2	0.0	1.0	28	0	0	0	1.0
NP_fibrocartilaginous	mild_vs_severe	MAZ	0.047619047619047616	0.32319907428584504	21	1	1	0	0.7190008391721335
NP_fibrocartilaginous	mild_vs_severe	NR4A1	0.0	0.2823939002792257	57	2	1	1	0.6613287666221583
NP_fibrocartilaginous	mild_vs_severe	HMGA1	0.0	0.16083479536738235	39	2	1	1	0.5197503387135408
NP_fibrocartilaginous	mild_vs_severe	NFKB1	0.01702127659574468	0.011631959045214952	235	10	7	3	0.14047836703750813
NP_fibrocartilaginous	mild_vs_severe	USF1	0.016129032258064516	0.02689874981246985	124	6	4	2	0.21449132967346088
NP_fibrocartilaginous	mild_vs_severe	DDIT3	0.0	0.3701987413619511	70	2	1	1	0.7865122048312733
NP_fibrocartilaginous	mild_vs_severe	ATF4	0.0	1.0	84	0	0	0	1.0
NP_fibrocartilaginous	mild_vs_severe	ATF3	-0.0136986301369863	0.7434090470604319	73	1	0	1	1.0
NP_fibrocartilaginous	mild_vs_severe	TAF1	0.0	1.0	35	0	0	0	1.0
NP_fibrocartilaginous	mild_vs_severe	RUNX2	0.012345679012345678	0.1870779179183462	81	3	2	1	0.5370816195990902
NP_fibrocartilaginous	mild_vs_severe	TFAP2B	0.0	1.0	12	0	0	0	1.0
NP_fibrocartilaginous	mild_vs_severe	CREM	-0.023255813953488372	0.5507395316956747	43	1	0	1	1.0
NP_fibrocartilaginous	mild_vs_severe	IRF8	0.023809523809523808	0.5422849219741787	42	1	1	0	1.0
NP_fibrocartilaginous	mild_vs_severe	ETV5	0.3333333333333333	0.004813744588284329	6	2	2	0	0.09567752131501846
NP_fibrocartilaginous	mild_vs_severe	DMTF1	0.0	1.0	13	0	0	0	1.0
NP_fibrocartilaginous	mild_vs_severe	NR5A1	0.0	1.0	44	0	0	0	1.0
NP_fibrocartilaginous	mild_vs_severe	NEUROD2	0.0	1.0	8	0	0	0	1.0
NP_fibrocartilaginous	mild_vs_severe	NEUROD1	0.0	1.0	25	0	0	0	1.0
NP_fibrocartilaginous	mild_vs_severe	HHEX	0.0	1.0	15	0	0	0	1.0
NP_fibrocartilaginous	mild_vs_severe	FOXO3	-0.012903225806451613	0.0665665936947892	155	6	2	4	0.37156262298727794
NP_fibrocartilaginous	mild_vs_severe	MBD1	-0.1	0.16956092194116015	10	1	0	1	0.5284792186389459
NP_fibrocartilaginous	mild_vs_severe	CEBPD	-0.061224489795918366	0.06103045089039254	49	3	0	3	0.3477626696823266
NP_fibrocartilaginous	mild_vs_severe	ELK1	0.0	1.0	43	0	0	0	1.0
NP_fibrocartilaginous	mild_vs_severe	FLI1	0.03333333333333333	0.0007895873575934537	60	6	4	2	0.04848066375623805
NP_fibrocartilaginous	mild_vs_severe	ELK4	0.0	1.0	6	0	0	0	1.0
NP_fibrocartilaginous	mild_vs_severe	PREB	0.0	1.0	8	0	0	0	1.0
NP_fibrocartilaginous	mild_vs_severe	POU1F1	-0.037037037037037035	0.3947131088551939	27	1	0	1	0.8116063816523386
NP_fibrocartilaginous	mild_vs_severe	PAX5	0.0	0.141568121259745	36	2	1	1	0.4967018654484767
NP_fibrocartilaginous	mild_vs_severe	CEBPA	-0.017857142857142856	0.01723162837947321	112	6	2	4	0.17411047601545118
NP_fibrocartilaginous	mild_vs_severe	LITAF	0.0	1.0	20	0	0	0	1.0
NP_fibrocartilaginous	mild_vs_severe	STAT6	0.0	1.0	58	0	0	0	1.0
NP_fibrocartilaginous	mild_vs_severe	HIF1A	-0.013029315960912053	0.2051556394308519	307	8	2	6	0.5674124441916355
NP_fibrocartilaginous	mild_vs_severe	TP73	0.06	0.0005007982571354621	100	8	7	1	0.03843626623514672
NP_fibrocartilaginous	mild_vs_severe	KLF11	-0.11764705882352941	0.038223034282421305	17	2	0	2	0.2636959893191762
NP_fibrocartilaginous	mild_vs_severe	TCF4	0.0	0.11075247550722878	31	2	1	1	0.4657672600098526
NP_fibrocartilaginous	mild_vs_severe	HIVEP2	-0.125	0.13810942463960998	8	1	0	1	0.4901687094145695
NP_fibrocartilaginous	mild_vs_severe	E2F4	-0.0738255033557047	9.407173809519491e-05	149	11	0	11	0.01236353938374214
NP_fibrocartilaginous	mild_vs_severe	GATA5	0.0	1.0	8	0	0	0	1.0
NP_fibrocartilaginous	mild_vs_severe	SRF	0.0	0.3028888080592702	60	2	1	1	0.6913521492505276
NP_fibrocartilaginous	mild_vs_severe	ELF1	0.045454545454545456	0.19387406369781746	44	2	2	0	0.5511049773632404
NP_fibrocartilaginous	mild_vs_severe	GATA3	0.019801980198019802	0.5577834812757491	101	2	2	0	1.0
NP_fibrocartilaginous	mild_vs_severe	MSX1	0.0	1.0	14	0	0	0	1.0
NP_fibrocartilaginous	mild_vs_severe	OTX2	0.0	0.030225725188123338	15	2	1	1	0.22911846006799666
NP_fibrocartilaginous	mild_vs_severe	LHX2	0.11764705882352941	0.038223034282421305	17	2	2	0	0.2636959893191762
NP_fibrocartilaginous	mild_vs_severe	GABPA	0.0	1.0	25	0	0	0	1.0
NP_fibrocartilaginous	mild_vs_severe	HSF2	0.0	1.0	19	0	0	0	1.0
NP_fibrocartilaginous	mild_vs_severe	VDR	-0.0125	0.18244596134070878	80	3	1	2	0.5370816195990902
NP_fibrocartilaginous	mild_vs_severe	HOXC8	0.0	1.0	12	0	0	0	1.0
NP_fibrocartilaginous	mild_vs_severe	HR	-0.0196078431372549	0.06719927793947576	51	3	1	2	0.37171492481836144
NP_fibrocartilaginous	mild_vs_severe	RELB	0.03225806451612903	0.4381591377839081	31	1	1	0	0.8763182755678162
NP_fibrocartilaginous	mild_vs_severe	CEBPE	-0.058823529411764705	0.27091318491978544	17	1	0	1	0.6548846281131822
NP_fibrocartilaginous	mild_vs_severe	NR0B1	-0.045454545454545456	0.335676650157244	22	1	0	1	0.7308704368671909
NP_fibrocartilaginous	mild_vs_severe	LEF1	0.09615384615384616	0.0025871290779875132	52	5	5	0	0.08077033801122635
NP_fibrocartilaginous	mild_vs_severe	ID1	0.019230769230769232	0.6201679587071557	52	1	1	0	1.0
NP_fibrocartilaginous	mild_vs_severe	ZNF143	-0.09090909090909091	0.06116998098646787	22	2	0	2	0.3477626696823266
NP_fibrocartilaginous	mild_vs_severe	SOX9	0.03571428571428571	0.2755487393620009	56	2	2	0	0.6613287666221583
NP_fibrocartilaginous	mild_vs_severe	YBX1	0.030303030303030304	0.3435214627659923	66	2	2	0	0.7453080499587253
NP_fibrocartilaginous	mild_vs_severe	HSF1	0.029850746268656716	0.35022695638070045	67	2	2	0	0.7545240393605266
NP_fibrocartilaginous	mild_vs_severe	POU4F1	0.0	1.0	16	0	0	0	1.0
NP_fibrocartilaginous	mild_vs_severe	NOTO	0.0	1.0	5	0	0	0	1.0
NP_fibrocartilaginous	mild_vs_severe	HNF1B	0.05263157894736842	0.29754003908134796	19	1	1	0	0.6816775522236852
NP_fibrocartilaginous	mild_vs_severe	PAX3	-0.017543859649122806	0.0873068141383174	57	3	1	2	0.42881530993691175
NP_fibrocartilaginous	mild_vs_severe	ID2	-0.024390243902439025	0.5336720038392839	41	1	0	1	1.0
NP_fibrocartilaginous	mild_vs_severe	MEF2A	0.0	0.2687004020359978	55	2	1	1	0.6548846281131822
NP_fibrocartilaginous	mild_vs_severe	PDX1	0.0	0.2005871381713762	45	2	1	1	0.5572873431548642
NP_fibrocartilaginous	mild_vs_severe	NR2F2	0.0	0.12285667007013493	33	2	1	1	0.47743035077887874
NP_fibrocartilaginous	mild_vs_severe	NR1H4	0.014705882352941176	0.7182714944959547	68	1	1	0	1.0
NP_fibrocartilaginous	mild_vs_severe	ASCL1	-0.03225806451612903	0.4381591377839081	31	1	0	1	0.8763182755678162
NP_fibrocartilaginous	mild_vs_severe	RFX1	0.0	0.038223034282421305	17	2	1	1	0.2636959893191762
NP_fibrocartilaginous	mild_vs_severe	CRX	0.0	1.0	10	0	0	0	1.0
NP_fibrocartilaginous	mild_vs_severe	NRL	0.0	1.0	10	0	0	0	1.0
NP_fibrocartilaginous	mild_vs_severe	UBTF	0.0	1.0	9	0	0	0	1.0
NP_fibrocartilaginous	mild_vs_severe	MYBL2	0.0	0.008503944220438207	44	4	2	2	0.12238260031261185
NP_fibrocartilaginous	mild_vs_severe	ELF2	0.0	1.0	7	0	0	0	1.0
NP_fibrocartilaginous	mild_vs_severe	JUND	0.0	0.020587935954628628	57	4	2	2	0.18867153247973098
NP_fibrocartilaginous	mild_vs_severe	TP63	0.0070921985815602835	0.001168833916986509	141	9	5	4	0.053382770627554976
NP_fibrocartilaginous	mild_vs_severe	NFKBIB	0.0	1.0	15	0	0	0	1.0
NP_fibrocartilaginous	mild_vs_severe	HOXC6	0.0	1.0	8	0	0	0	1.0
NP_fibrocartilaginous	mild_vs_severe	FOXO1	0.02247191011235955	0.017106427846136772	178	8	6	2	0.17411047601545118
NP_fibrocartilaginous	mild_vs_severe	PITX2	0.03278688524590164	0.3097001428024247	61	2	2	0	0.7008817129876568
NP_fibrocartilaginous	mild_vs_severe	NR5A2	0.0	1.0	25	0	0	0	1.0
NP_fibrocartilaginous	mild_vs_severe	POU2F1	-0.041666666666666664	0.2208752953865657	48	2	0	2	0.5922158574993508
NP_fibrocartilaginous	mild_vs_severe	XBP1	0.0	1.0	40	0	0	0	1.0
NP_fibrocartilaginous	mild_vs_severe	SREBF1	-0.036585365853658534	0.19174040337249285	82	3	0	3	0.547574919398654
NP_fibrocartilaginous	mild_vs_severe	TCF3	0.015873015873015872	0.690684584963932	63	1	1	0	1.0
NP_fibrocartilaginous	mild_vs_severe	LRRFIP1	0.0	1.0	9	0	0	0	1.0
NP_fibrocartilaginous	mild_vs_severe	TCF12	0.0	1.0	25	0	0	0	1.0
NP_fibrocartilaginous	mild_vs_severe	E4F1	0.0	1.0	8	0	0	0	1.0
NP_fibrocartilaginous	mild_vs_severe	BRCA1	0.0	0.011516664691822697	48	4	2	2	0.14047836703750813
NP_fibrocartilaginous	mild_vs_severe	ZNF362	-0.09090909090909091	0.18485570808214594	11	1	0	1	0.5370816195990902
NP_fibrocartilaginous	mild_vs_severe	NRF1	-0.03225806451612903	0.3164981292913649	62	2	0	2	0.711830957453839
NP_fibrocartilaginous	mild_vs_severe	GATA1	-0.029850746268656716	0.0347168192955127	67	4	1	3	0.2537634172314857
NP_fibrocartilaginous	mild_vs_severe	MYCN	0.02	0.5523724150315286	100	2	2	0	1.0
NP_fibrocartilaginous	mild_vs_severe	PKNOX1	0.0	1.0	9	0	0	0	1.0
NP_fibrocartilaginous	mild_vs_severe	NR4A3	0.0625	0.2572255289999406	16	1	1	0	0.6472806344506702
NP_fibrocartilaginous	mild_vs_severe	SSRP1	0.01282051282051282	0.17327869956272926	78	3	2	1	0.5346388016659084
NP_fibrocartilaginous	mild_vs_severe	ZNF91	0.08	0.0010396753077301678	25	4	3	1	0.053382770627554976
NP_fibrocartilaginous	mild_vs_severe	NR2C1	0.1111111111111111	0.15398059543044443	9	1	1	0	0.5028940723100686
NP_fibrocartilaginous	mild_vs_severe	ID3	0.0	1.0	24	0	0	0	1.0
NP_fibrocartilaginous	mild_vs_severe	ERF	0.0	0.01969672034486544	12	2	1	1	0.18323918623859667
NP_fibrocartilaginous	mild_vs_severe	ZNF354C	-0.058823529411764705	0.27091318491978544	17	1	0	1	0.6548846281131822
NP_fibrocartilaginous	mild_vs_severe	HMGA2	0.0	0.08761531654151411	27	2	1	1	0.42881530993691175
NP_fibrocartilaginous	mild_vs_severe	POU2F2	-0.058823529411764705	0.27091318491978544	17	1	0	1	0.6548846281131822
NP_fibrocartilaginous	mild_vs_severe	SREBF2	-0.08695652173913043	0.009936311923578687	46	4	0	4	0.1355754560239403
NP_fibrocartilaginous	mild_vs_severe	ELF4	0.0	1.0	30	0	0	0	1.0
NP_fibrocartilaginous	mild_vs_severe	TTF1	0.0	1.0	31	0	0	0	1.0
NP_fibrocartilaginous	mild_vs_severe	DLX4	0.043478260869565216	0.008288178505885131	23	3	2	1	0.12238260031261185
NP_fibrocartilaginous	mild_vs_severe	NR1I2	0.0	0.2776930539871522	145	4	2	2	0.6613287666221583
NP_fibrocartilaginous	mild_vs_severe	NR1H3	0.0	0.38337927042272457	72	2	1	1	0.8033954677117846
NP_fibrocartilaginous	mild_vs_severe	MITF	0.05	0.004830624040334809	60	5	4	1	0.09567752131501846
NP_fibrocartilaginous	mild_vs_severe	NCOA1	-0.04081632653061224	0.22767720366299865	49	2	0	2	0.5934774516215084
NP_fibrocartilaginous	mild_vs_severe	NCOR1	0.03508771929824561	0.2823939002792257	57	2	2	0	0.6613287666221583
NP_fibrocartilaginous	mild_vs_severe	FOSL1	-0.029411764705882353	0.024169675515287817	34	3	1	2	0.20336791747612037
NP_fibrocartilaginous	mild_vs_severe	JUNB	-0.01818181818181818	0.08034634038571135	55	3	1	2	0.4275705687400559
NP_fibrocartilaginous	mild_vs_severe	DNMT1	-0.025423728813559324	0.006080619258157169	118	7	2	5	0.109808830132603
NP_fibrocartilaginous	mild_vs_severe	KLF5	0.0	0.015141615815889704	52	4	2	2	0.16310442299923295
NP_fibrocartilaginous	mild_vs_severe	NR3C2	0.02857142857142857	0.478500973897548	35	1	1	0	0.9416653781188924
NP_fibrocartilaginous	mild_vs_severe	MYRF	0.0	1.0	5	0	0	0	1.0
NP_fibrocartilaginous	mild_vs_severe	EBF1	-0.1	0.16956092194116015	10	1	0	1	0.5284792186389459
NP_fibrocartilaginous	mild_vs_severe	CREBBP	0.0	0.07667090971220858	25	2	1	1	0.4129468295025971
NP_fibrocartilaginous	mild_vs_severe	ZFPM1	-0.2222222222222222	0.011140058312934244	9	2	0	2	0.14047836703750813
NP_fibrocartilaginous	mild_vs_severe	APEX1	-0.037037037037037035	0.3947131088551939	27	1	0	1	0.8116063816523386
NP_fibrocartilaginous	mild_vs_severe	TFAM	0.0	1.0	11	0	0	0	1.0
NP_fibrocartilaginous	mild_vs_severe	IRF4	0.06896551724137931	0.09899105243738789	29	2	2	0	0.4497244819371113
NP_fibrocartilaginous	mild_vs_severe	ZBED1	0.0	1.0	16	0	0	0	1.0
NP_fibrocartilaginous	mild_vs_severe	NCOA2	0.0	1.0	39	0	0	0	1.0
NP_fibrocartilaginous	mild_vs_severe	FOXA1	0.03571428571428571	0.014336006899013135	28	3	2	1	0.16004196792716482
NP_fibrocartilaginous	mild_vs_severe	NR4A2	0.0	1.0	28	0	0	0	1.0
NP_fibrocartilaginous	mild_vs_severe	KLF1	-0.058823529411764705	0.27091318491978544	17	1	0	1	0.6548846281131822
NP_fibrocartilaginous	mild_vs_severe	LHX3	0.0	1.0	5	0	0	0	1.0
NP_fibrocartilaginous	mild_vs_severe	CTCF	0.0	0.08949256858440216	92	4	2	2	0.42928466492830414
NP_fibrocartilaginous	mild_vs_severe	BCL6	0.0	0.01325018825896792	50	4	2	2	0.15350218096238308
NP_fibrocartilaginous	mild_vs_severe	RB1	-0.06666666666666667	0.10482629756996267	30	2	0	2	0.4497244819371113
NP_fibrocartilaginous	mild_vs_severe	TFCP2	-0.02564102564102564	0.5159593904644765	39	1	0	1	1.0
NP_fibrocartilaginous	mild_vs_severe	REST	-0.05263157894736842	0.29754003908134796	19	1	0	1	0.6816775522236852
NP_fibrocartilaginous	mild_vs_severe	ESRRA	0.0	1.0	26	0	0	0	1.0
NP_fibrocartilaginous	mild_vs_severe	HOXD3	0.0	1.0	5	0	0	0	1.0
NP_fibrocartilaginous	mild_vs_severe	IRF9	0.0	1.0	13	0	0	0	1.0
NP_fibrocartilaginous	mild_vs_severe	TFE3	0.037037037037037035	0.3947131088551939	27	1	1	0	0.8116063816523386
NP_fibrocartilaginous	mild_vs_severe	ZNF236	0.0	1.0	6	0	0	0	1.0
NP_fibrocartilaginous	mild_vs_severe	TFAP2C	0.0	1.0	15	0	0	0	1.0
NP_fibrocartilaginous	mild_vs_severe	PAX8	0.0	1.0	16	0	0	0	1.0
NP_fibrocartilaginous	mild_vs_severe	NKX2-1	-0.06896551724137931	0.09899105243738789	29	2	0	2	0.4497244819371113
NP_fibrocartilaginous	mild_vs_severe	PBX1	-0.041666666666666664	0.3599492049188912	24	1	0	1	0.7673917077090251
NP_fibrocartilaginous	mild_vs_severe	SP4	0.0	1.0	32	0	0	0	1.0
NP_fibrocartilaginous	mild_vs_severe	CIITA	0.0	1.0	20	0	0	0	1.0
NP_fibrocartilaginous	mild_vs_severe	CDX2	0.0	1.0	30	0	0	0	1.0
NP_fibrocartilaginous	mild_vs_severe	ELF3	0.0	1.0	16	0	0	0	1.0
NP_fibrocartilaginous	mild_vs_severe	ZEB1	-0.030303030303030304	0.4587039018488367	33	1	0	1	0.9085296636618895
NP_fibrocartilaginous	mild_vs_severe	EGR3	0.0	1.0	18	0	0	0	1.0
NP_fibrocartilaginous	mild_vs_severe	EWSR1	0.022727272727272728	0.001217196724406791	44	5	3	2	0.053382770627554976
NP_fibrocartilaginous	mild_vs_severe	NAB2	0.0	1.0	6	0	0	0	1.0
NP_fibrocartilaginous	mild_vs_severe	DEAF1	-0.14285714285714285	0.12194200763737754	7	1	0	1	0.47743035077887874
NP_fibrocartilaginous	mild_vs_severe	TBPL1	-0.038461538461538464	0.38333911654728	26	1	0	1	0.8033954677117846
NP_fibrocartilaginous	mild_vs_severe	MEF2C	0.0	1.0	33	0	0	0	1.0
NP_fibrocartilaginous	mild_vs_severe	POU4F2	0.0	1.0	15	0	0	0	1.0
NP_fibrocartilaginous	mild_vs_severe	TAL1	0.0	1.0	60	0	0	0	1.0
NP_fibrocartilaginous	mild_vs_severe	EPAS1	-0.01639344262295082	0.6789115773081944	61	1	0	1	1.0
NP_fibrocartilaginous	mild_vs_severe	SMARCA1	-0.030303030303030304	0.4587039018488367	33	1	0	1	0.9085296636618895
NP_fibrocartilaginous	mild_vs_severe	NFATC4	0.07407407407407407	0.08761531654151411	27	2	2	0	0.42881530993691175
NP_fibrocartilaginous	mild_vs_severe	FOXM1	-0.017241379310344827	0.004174180046112938	58	5	2	3	0.09492394623382755
NP_fibrocartilaginous	mild_vs_severe	MYF5	0.0	1.0	12	0	0	0	1.0
NP_fibrocartilaginous	mild_vs_severe	MYOG	0.0	1.0	29	0	0	0	1.0
NP_fibrocartilaginous	mild_vs_severe	SMAD7	0.046511627906976744	0.18719131367134412	43	2	2	0	0.5370816195990902
NP_fibrocartilaginous	mild_vs_severe	SOX10	0.06666666666666667	0.24328219465436893	15	1	1	0	0.6198143880405913
NP_fibrocartilaginous	mild_vs_severe	POU3F1	0.0	1.0	5	0	0	0	1.0
NP_fibrocartilaginous	mild_vs_severe	NKRF	0.0	1.0	7	0	0	0	1.0
NP_fibrocartilaginous	mild_vs_severe	ATF6	-0.02564102564102564	0.5159593904644765	39	1	0	1	1.0
NP_fibrocartilaginous	mild_vs_severe	NKX6-1	0.0	1.0	6	0	0	0	1.0
NP_fibrocartilaginous	mild_vs_severe	ERG	-0.029411764705882353	0.024169675515287817	34	3	1	2	0.20336791747612037
NP_fibrocartilaginous	mild_vs_severe	PITX3	0.1111111111111111	0.15398059543044443	9	1	1	0	0.5028940723100686
NP_fibrocartilaginous	mild_vs_severe	HOXB2	0.0	1.0	5	0	0	0	1.0
NP_fibrocartilaginous	mild_vs_severe	SATB1	-0.043478260869565216	0.008288178505885131	23	3	1	2	0.12238260031261185
NP_fibrocartilaginous	mild_vs_severe	NFKB2	0.023809523809523808	0.5422849219741787	42	1	1	0	1.0
NP_fibrocartilaginous	mild_vs_severe	RORA	-0.058823529411764705	0.12902460722981293	34	2	0	2	0.4901687094145695
NP_fibrocartilaginous	mild_vs_severe	PROX1	0.0	1.0	14	0	0	0	1.0
NP_fibrocartilaginous	mild_vs_severe	KLF3	0.0	1.0	5	0	0	0	1.0
NP_fibrocartilaginous	mild_vs_severe	PEG3	0.0	1.0	6	0	0	0	1.0
NP_fibrocartilaginous	mild_vs_severe	NR2E3	0.0	1.0	6	0	0	0	1.0
NP_fibrocartilaginous	mild_vs_severe	NCOR2	-0.024390243902439025	0.039236216937968665	41	3	1	2	0.2676781911101418
NP_fibrocartilaginous	mild_vs_severe	NCOA3	-0.04	0.23449374319528438	50	2	0	2	0.6049544467306917
NP_fibrocartilaginous	mild_vs_severe	ZFHX3	0.0	1.0	5	0	0	0	1.0
NP_fibrocartilaginous	mild_vs_severe	SMAD1	0.045454545454545456	0.008503944220438207	44	4	3	1	0.12238260031261185
NP_fibrocartilaginous	mild_vs_severe	SPDEF	0.0	1.0	8	0	0	0	1.0
NP_fibrocartilaginous	mild_vs_severe	PAX2	0.1111111111111111	0.15398059543044443	9	1	1	0	0.5028940723100686
NP_fibrocartilaginous	mild_vs_severe	KLF13	0.0	1.0	9	0	0	0	1.0
NP_fibrocartilaginous	mild_vs_severe	MAFB	0.037037037037037035	0.3947131088551939	27	1	1	0	0.8116063816523386
NP_fibrocartilaginous	mild_vs_severe	ELK3	0.0	1.0	18	0	0	0	1.0
NP_fibrocartilaginous	mild_vs_severe	KLF6	0.05405405405405406	0.14793452905578008	37	2	2	0	0.5028940723100686
NP_fibrocartilaginous	mild_vs_severe	SNAI1	0.014705882352941176	0.7182714944959547	68	1	1	0	1.0
NP_fibrocartilaginous	mild_vs_severe	HESX1	0.0	1.0	14	0	0	0	1.0
NP_fibrocartilaginous	mild_vs_severe	BACH2	0.0	0.004813744588284329	6	2	1	1	0.09567752131501846
NP_fibrocartilaginous	mild_vs_severe	PATZ1	0.125	0.13810942463960998	8	1	1	0	0.4901687094145695
NP_fibrocartilaginous	mild_vs_severe	ZHX2	0.14285714285714285	0.12194200763737754	7	1	1	0	0.47743035077887874
NP_fibrocartilaginous	mild_vs_severe	ONECUT1	0.09090909090909091	0.18485570808214594	11	1	1	0	0.5370816195990902
NP_fibrocartilaginous	mild_vs_severe	RXRA	0.02040816326530612	0.5983012317971239	49	1	1	0	1.0
NP_fibrocartilaginous	mild_vs_severe	NR1H2	0.0	1.0	29	0	0	0	1.0
NP_fibrocartilaginous	mild_vs_severe	KAT5	0.0	0.16736032690650843	40	2	1	1	0.5284792186389459
NP_fibrocartilaginous	mild_vs_severe	YBX3	0.0	1.0	21	0	0	0	1.0
NP_fibrocartilaginous	mild_vs_severe	SMAD6	0.0	1.0	17	0	0	0	1.0
NP_fibrocartilaginous	mild_vs_severe	MYBL1	0.1111111111111111	0.15398059543044443	9	1	1	0	0.5028940723100686
NP_fibrocartilaginous	mild_vs_severe	CDX1	0.0	1.0	18	0	0	0	1.0
NP_fibrocartilaginous	mild_vs_severe	TFDP1	0.0	0.09899105243738789	29	2	1	1	0.4497244819371113
NP_fibrocartilaginous	mild_vs_severe	KMT2A	0.018518518518518517	0.6340835466522878	54	1	1	0	1.0
NP_fibrocartilaginous	mild_vs_severe	GATA2	0.0	0.16083479536738235	39	2	1	1	0.5197503387135408
NP_fibrocartilaginous	mild_vs_severe	PRDM1	-0.030303030303030304	0.022332660706478366	33	3	1	2	0.20071317225706128
NP_fibrocartilaginous	mild_vs_severe	MXD1	0.0	1.0	16	0	0	0	1.0
NP_fibrocartilaginous	mild_vs_severe	CLOCK	0.022222222222222223	0.567185355681641	45	1	1	0	1.0
NP_fibrocartilaginous	mild_vs_severe	BHLHE40	0.0	1.0	26	0	0	0	1.0
NP_fibrocartilaginous	mild_vs_severe	SRY	0.0	1.0	19	0	0	0	1.0
NP_fibrocartilaginous	mild_vs_severe	MAF	0.0	0.09325218651401422	28	2	1	1	0.44385149240003663
NP_fibrocartilaginous	mild_vs_severe	AIRE	0.0	1.0	11	0	0	0	1.0
NP_fibrocartilaginous	mild_vs_severe	ZGPAT	0.0	1.0	5	0	0	0	1.0
NP_fibrocartilaginous	mild_vs_severe	ETV1	-0.07692307692307693	0.21460939537967694	13	1	0	1	0.5804853249476725
NP_fibrocartilaginous	mild_vs_severe	KLF4	0.02702702702702703	0.04726633439025899	74	4	3	1	0.3023075970376981
NP_fibrocartilaginous	mild_vs_severe	EGR2	-0.022222222222222223	0.567185355681641	45	1	0	1	1.0
NP_fibrocartilaginous	mild_vs_severe	NEUROG3	0.0	1.0	11	0	0	0	1.0
NP_fibrocartilaginous	mild_vs_severe	CXXC1	0.0	1.0	11	0	0	0	1.0
NP_fibrocartilaginous	mild_vs_severe	TBX21	0.0	1.0	18	0	0	0	1.0
NP_fibrocartilaginous	mild_vs_severe	HOXA10	0.03333333333333333	0.017297620581339615	30	3	2	1	0.17411047601545118
NP_fibrocartilaginous	mild_vs_severe	LMX1B	-0.07692307692307693	0.21460939537967694	13	1	0	1	0.5804853249476725
NP_fibrocartilaginous	mild_vs_severe	TBX2	0.0	0.05152278045397673	20	2	1	1	0.3101469333209972
NP_fibrocartilaginous	mild_vs_severe	ZNF699	0.03333333333333333	0.427597632549177	30	1	1	0	0.8664849715682992
NP_fibrocartilaginous	mild_vs_severe	RFX5	0.0	1.0	13	0	0	0	1.0
NP_fibrocartilaginous	mild_vs_severe	RFXANK	0.0	1.0	8	0	0	0	1.0
NP_fibrocartilaginous	mild_vs_severe	RFXAP	0.0	1.0	7	0	0	0	1.0
NP_fibrocartilaginous	mild_vs_severe	BARX2	0.0	1.0	10	0	0	0	1.0
NP_fibrocartilaginous	mild_vs_severe	FOXO4	0.0	1.0	21	0	0	0	1.0
NP_fibrocartilaginous	mild_vs_severe	DLX5	0.1	0.05152278045397673	20	2	2	0	0.3101469333209972
NP_fibrocartilaginous	mild_vs_severe	ID4	0.0	1.0	9	0	0	0	1.0
NP_fibrocartilaginous	mild_vs_severe	SPIB	-0.1111111111111111	0.15398059543044443	9	1	0	1	0.5028940723100686
NP_fibrocartilaginous	mild_vs_severe	FOXN1	0.0	1.0	31	0	0	0	1.0
NP_fibrocartilaginous	mild_vs_severe	TBX5	0.0	1.0	11	0	0	0	1.0
NP_fibrocartilaginous	mild_vs_severe	TLX1	0.16666666666666666	0.10547284266928994	6	1	1	0	0.4497244819371113
NP_fibrocartilaginous	mild_vs_severe	HIVEP1	-0.125	0.13810942463960998	8	1	0	1	0.4901687094145695
NP_fibrocartilaginous	mild_vs_severe	SMAD2	0.03508771929824561	0.2823939002792257	57	2	2	0	0.6613287666221583
NP_fibrocartilaginous	mild_vs_severe	NKX3-1	-0.02	0.06408025488814305	50	3	1	2	0.36096583946164984
NP_fibrocartilaginous	mild_vs_severe	HAND2	0.0	1.0	17	0	0	0	1.0
NP_fibrocartilaginous	mild_vs_severe	PAX7	0.0	1.0	9	0	0	0	1.0
NP_fibrocartilaginous	mild_vs_severe	SFPQ	0.05263157894736842	0.29754003908134796	19	1	1	0	0.6816775522236852
NP_fibrocartilaginous	mild_vs_severe	BMAL1	0.0	1.0	44	0	0	0	1.0
NP_fibrocartilaginous	mild_vs_severe	SKIL	-0.07142857142857142	0.22907843002328585	14	1	0	1	0.5934774516215084
NP_fibrocartilaginous	mild_vs_severe	TBXT	0.0	1.0	6	0	0	0	1.0
NP_fibrocartilaginous	mild_vs_severe	MSX2	0.045454545454545456	0.335676650157244	22	1	1	0	0.7308704368671909
NP_fibrocartilaginous	mild_vs_severe	MZF1	0.0	1.0	14	0	0	0	1.0
NP_fibrocartilaginous	mild_vs_severe	HOXA5	0.1111111111111111	0.15398059543044443	9	1	1	0	0.5028940723100686
NP_fibrocartilaginous	mild_vs_severe	HOXB4	0.0	1.0	5	0	0	0	1.0
NP_fibrocartilaginous	mild_vs_severe	CREB3	0.0	1.0	8	0	0	0	1.0
NP_fibrocartilaginous	mild_vs_severe	NFE2	-0.09090909090909091	0.18485570808214594	11	1	0	1	0.5370816195990902
NP_fibrocartilaginous	mild_vs_severe	ZNF76	-0.16666666666666666	0.10547284266928994	6	1	0	1	0.4497244819371113
NP_fibrocartilaginous	mild_vs_severe	FOXQ1	0.0	1.0	9	0	0	0	1.0
NP_fibrocartilaginous	mild_vs_severe	ZGLP1	0.0	1.0	9	0	0	0	1.0
NP_fibrocartilaginous	mild_vs_severe	NFYB	-0.034482758620689655	0.41683858804986945	29	1	0	1	0.8502953257894346
NP_fibrocartilaginous	mild_vs_severe	ETV3	0.0	0.01375765683400265	10	2	1	1	0.15642965363106717
NP_fibrocartilaginous	mild_vs_severe	GSC	0.0	1.0	5	0	0	0	1.0
NP_fibrocartilaginous	mild_vs_severe	IRF7	0.0	1.0	8	0	0	0	1.0
NP_fibrocartilaginous	mild_vs_severe	NFATC3	0.0	1.0	18	0	0	0	1.0
NP_fibrocartilaginous	mild_vs_severe	KDM5A	0.0	1.0	13	0	0	0	1.0
NP_fibrocartilaginous	mild_vs_severe	GRHL3	-0.07142857142857142	0.22907843002328585	14	1	0	1	0.5934774516215084
NP_fibrocartilaginous	mild_vs_severe	THRA	-0.025	0.5248978279916036	40	1	0	1	1.0
NP_fibrocartilaginous	mild_vs_severe	SOX17	0.0	1.0	25	0	0	0	1.0
NP_fibrocartilaginous	mild_vs_severe	TBX15	0.05263157894736842	0.29754003908134796	19	1	1	0	0.6816775522236852
NP_fibrocartilaginous	mild_vs_severe	NFAT5	0.0	1.0	35	0	0	0	1.0
NP_fibrocartilaginous	mild_vs_severe	BMAL2	0.0	1.0	6	0	0	0	1.0
NP_fibrocartilaginous	mild_vs_severe	NFE2L2	-0.027972027972027972	0.048559467262625895	143	6	1	5	0.30737642164177625
NP_fibrocartilaginous	mild_vs_severe	ZIC1	0.0	1.0	9	0	0	0	1.0
NP_fibrocartilaginous	mild_vs_severe	MEIS1	0.1111111111111111	0.15398059543044443	9	1	1	0	0.5028940723100686
NP_fibrocartilaginous	mild_vs_severe	HOXA9	0.037037037037037035	0.3947131088551939	27	1	1	0	0.8116063816523386
NP_fibrocartilaginous	mild_vs_severe	MAFA	-0.09090909090909091	0.18485570808214594	11	1	0	1	0.5370816195990902
NP_fibrocartilaginous	mild_vs_severe	NR1D1	0.07692307692307693	0.21460939537967694	13	1	1	0	0.5804853249476725
NP_fibrocartilaginous	mild_vs_severe	MYF6	0.0	1.0	6	0	0	0	1.0
NP_fibrocartilaginous	mild_vs_severe	ZNF263	0.0	1.0	6	0	0	0	1.0
NP_fibrocartilaginous	mild_vs_severe	NFIA	0.0	1.0	31	0	0	0	1.0
NP_fibrocartilaginous	mild_vs_severe	HEY2	0.1	0.16956092194116015	10	1	1	0	0.5284792186389459
NP_fibrocartilaginous	mild_vs_severe	HOXB7	-0.09090909090909091	0.18485570808214594	11	1	0	1	0.5370816195990902
NP_fibrocartilaginous	mild_vs_severe	ZNF350	0.0	1.0	9	0	0	0	1.0
NP_fibrocartilaginous	mild_vs_severe	BCL11A	0.25	0.008770088621750686	8	2	2	0	0.12238260031261185
NP_fibrocartilaginous	mild_vs_severe	TWIST1	0.03773584905660377	0.2550033842183351	53	2	2	0	0.6469920574795776
NP_fibrocartilaginous	mild_vs_severe	ZNF395	0.0	1.0	5	0	0	0	1.0
NP_fibrocartilaginous	mild_vs_severe	TFDP2	0.2	0.08869632632245568	5	1	1	0	0.42881530993691175
NP_fibrocartilaginous	mild_vs_severe	GTF3A	0.0	1.0	16	0	0	0	1.0
NP_fibrocartilaginous	mild_vs_severe	KLF10	0.0	1.0	17	0	0	0	1.0
NP_fibrocartilaginous	mild_vs_severe	KLF2	-0.08823529411764706	0.024169675515287817	34	3	0	3	0.20336791747612037
NP_fibrocartilaginous	mild_vs_severe	PHF20	0.0	1.0	7	0	0	0	1.0
NP_fibrocartilaginous	mild_vs_severe	TGIF1	0.0	1.0	8	0	0	0	1.0
NP_fibrocartilaginous	mild_vs_severe	FOXG1	0.0	1.0	12	0	0	0	1.0
NP_fibrocartilaginous	mild_vs_severe	SF1	0.0	1.0	5	0	0	0	1.0
NP_fibrocartilaginous	mild_vs_severe	MBD2	-0.03508771929824561	0.2823939002792257	57	2	0	2	0.6613287666221583
NP_fibrocartilaginous	mild_vs_severe	FOXF2	0.0	1.0	8	0	0	0	1.0
NP_fibrocartilaginous	mild_vs_severe	HEY1	0.0	1.0	21	0	0	0	1.0
NP_fibrocartilaginous	mild_vs_severe	ZBTB17	-0.05555555555555555	0.141568121259745	36	2	0	2	0.4967018654484767
NP_fibrocartilaginous	mild_vs_severe	IRF5	0.08333333333333333	0.19987016151280762	12	1	1	0	0.5572873431548642
NP_fibrocartilaginous	mild_vs_severe	THRB	-0.06666666666666667	0.10482629756996267	30	2	0	2	0.4497244819371113
NP_fibrocartilaginous	mild_vs_severe	POU3F2	0.07692307692307693	0.21460939537967694	13	1	1	0	0.5804853249476725
NP_fibrocartilaginous	mild_vs_severe	FOXI1	0.0	1.0	5	0	0	0	1.0
NP_fibrocartilaginous	mild_vs_severe	KCNIP3	-0.125	0.000321145577804781	8	3	1	2	0.028169054967447933
NP_fibrocartilaginous	mild_vs_severe	FOSB	0.0	0.05152278045397673	20	2	1	1	0.3101469333209972
NP_fibrocartilaginous	mild_vs_severe	NFE2L1	-0.25	0.008770088621750686	8	2	0	2	0.12238260031261185
NP_fibrocartilaginous	mild_vs_severe	TRERF1	0.0	1.0	5	0	0	0	1.0
NP_fibrocartilaginous	mild_vs_severe	FOXP1	0.36363636363636365	3.3194982020863954e-05	11	4	4	0	0.006793906320270156
NP_fibrocartilaginous	mild_vs_severe	FOXP2	0.0	1.0	5	0	0	0	1.0
NP_fibrocartilaginous	mild_vs_severe	BARX1	0.0	1.0	7	0	0	0	1.0
NP_fibrocartilaginous	mild_vs_severe	ZFPM2	0.0	1.0	7	0	0	0	1.0
NP_fibrocartilaginous	mild_vs_severe	IKZF1	-0.07142857142857142	0.22907843002328585	14	1	0	1	0.5934774516215084
NP_fibrocartilaginous	mild_vs_severe	BCL3	0.0	1.0	19	0	0	0	1.0
NP_fibrocartilaginous	mild_vs_severe	SP2	-0.0625	0.2572255289999406	16	1	0	1	0.6472806344506702
NP_fibrocartilaginous	mild_vs_severe	SIM2	-0.125	0.13810942463960998	8	1	0	1	0.4901687094145695
NP_fibrocartilaginous	mild_vs_severe	NFATC1	0.03125	0.33004689302334655	64	2	2	0	0.7263397574062179
NP_fibrocartilaginous	mild_vs_severe	POU2F3	0.0	1.0	5	0	0	0	1.0
NP_fibrocartilaginous	mild_vs_severe	HOXA7	0.0	1.0	10	0	0	0	1.0
NP_fibrocartilaginous	mild_vs_severe	NPAS2	0.0	1.0	6	0	0	0	1.0
NP_fibrocartilaginous	mild_vs_severe	DLX2	0.16666666666666666	0.01969672034486544	12	2	2	0	0.18323918623859667
NP_fibrocartilaginous	mild_vs_severe	PRRX1	0.0	1.0	5	0	0	0	1.0
NP_fibrocartilaginous	mild_vs_severe	VEZF1	0.0	1.0	6	0	0	0	1.0
NP_fibrocartilaginous	mild_vs_severe	CTBP2	-0.1111111111111111	0.15398059543044443	9	1	0	1	0.5028940723100686
NP_fibrocartilaginous	mild_vs_severe	SOX6	0.0	1.0	15	0	0	0	1.0
NP_fibrocartilaginous	mild_vs_severe	HIPK2	0.0	1.0	7	0	0	0	1.0
NP_fibrocartilaginous	mild_vs_severe	RORC	0.0	1.0	6	0	0	0	1.0
NP_fibrocartilaginous	mild_vs_severe	PPARD	0.0	1.0	60	0	0	0	1.0
NP_fibrocartilaginous	mild_vs_severe	MECOM	0.0	1.0	12	0	0	0	1.0
NP_fibrocartilaginous	mild_vs_severe	SIRT1	-0.05128205128205128	0.0055324618782170406	39	4	1	3	0.10615411228828947
NP_fibrocartilaginous	mild_vs_severe	ZBTB7B	0.0	1.0	12	0	0	0	1.0
NP_fibrocartilaginous	mild_vs_severe	ZBTB7A	-0.034482758620689655	0.41683858804986945	29	1	0	1	0.8502953257894346
NP_fibrocartilaginous	mild_vs_severe	NR6A1	0.0	1.0	5	0	0	0	1.0
NP_fibrocartilaginous	mild_vs_severe	STAT2	0.0	1.0	29	0	0	0	1.0
NP_fibrocartilaginous	mild_vs_severe	ESRRG	0.0	1.0	14	0	0	0	1.0
NP_fibrocartilaginous	mild_vs_severe	PRDM2	-0.14285714285714285	0.12194200763737754	7	1	0	1	0.47743035077887874
NP_fibrocartilaginous	mild_vs_severe	PURA	0.0	1.0	13	0	0	0	1.0
NP_fibrocartilaginous	mild_vs_severe	NEUROD6	0.0	1.0	8	0	0	0	1.0
NP_fibrocartilaginous	mild_vs_severe	NEUROG2	0.0	1.0	8	0	0	0	1.0
NP_fibrocartilaginous	mild_vs_severe	HMGB2	0.0	1.0	6	0	0	0	1.0
NP_fibrocartilaginous	mild_vs_severe	DLX3	0.0	1.0	10	0	0	0	1.0
NP_fibrocartilaginous	mild_vs_severe	TWIST2	0.041666666666666664	0.3599492049188912	24	1	1	0	0.7673917077090251
NP_fibrocartilaginous	mild_vs_severe	TFAP4	0.0	1.0	23	0	0	0	1.0
NP_fibrocartilaginous	mild_vs_severe	KAT6B	0.0	1.0	6	0	0	0	1.0
NP_fibrocartilaginous	mild_vs_severe	SALL3	0.0	1.0	5	0	0	0	1.0
NP_fibrocartilaginous	mild_vs_severe	MXI1	0.0	0.008770088621750686	8	2	1	1	0.12238260031261185
NP_fibrocartilaginous	mild_vs_severe	E2F5	-0.2222222222222222	0.011140058312934244	9	2	0	2	0.14047836703750813
NP_fibrocartilaginous	mild_vs_severe	E2F2	-0.046511627906976744	0.18719131367134412	43	2	0	2	0.5370816195990902
NP_fibrocartilaginous	mild_vs_severe	FOXD3	-0.125	0.13810942463960998	8	1	0	1	0.4901687094145695
NP_fibrocartilaginous	mild_vs_severe	POU5F1	0.0	0.16736032690650843	40	2	1	1	0.5284792186389459
NP_fibrocartilaginous	mild_vs_severe	PLAGL1	0.07142857142857142	0.22907843002328585	14	1	1	0	0.5934774516215084
NP_fibrocartilaginous	mild_vs_severe	SNAI2	0.0	1.0	27	0	0	0	1.0
NP_fibrocartilaginous	mild_vs_severe	NOTCH1	-0.025	0.03684969612398696	40	3	1	2	0.2636959893191762
NP_fibrocartilaginous	mild_vs_severe	FOXC2	0.0	1.0	11	0	0	0	1.0
NP_fibrocartilaginous	mild_vs_severe	FOXD1	0.0	1.0	5	0	0	0	1.0
NP_fibrocartilaginous	mild_vs_severe	KLF9	0.0	1.0	16	0	0	0	1.0
NP_fibrocartilaginous	mild_vs_severe	TBPL2	0.0	1.0	8	0	0	0	1.0
NP_fibrocartilaginous	mild_vs_severe	NFIL3	0.0	1.0	15	0	0	0	1.0
NP_fibrocartilaginous	mild_vs_severe	ZNF384	0.0	1.0	10	0	0	0	1.0
NP_fibrocartilaginous	mild_vs_severe	HOXA11	0.0	1.0	5	0	0	0	1.0
NP_fibrocartilaginous	mild_vs_severe	MEF2D	0.058823529411764705	0.27091318491978544	17	1	1	0	0.6548846281131822
NP_fibrocartilaginous	mild_vs_severe	SMAD5	-0.038461538461538464	0.38333911654728	26	1	0	1	0.8033954677117846
NP_fibrocartilaginous	mild_vs_severe	MLXIPL	0.0	1.0	10	0	0	0	1.0
NP_fibrocartilaginous	mild_vs_severe	ZBTB33	0.0	1.0	7	0	0	0	1.0
NP_fibrocartilaginous	mild_vs_severe	KLF15	0.0	1.0	12	0	0	0	1.0
NP_fibrocartilaginous	mild_vs_severe	DNMT3A	-0.05	0.16736032690650843	40	2	0	2	0.5284792186389459
NP_fibrocartilaginous	mild_vs_severe	DNMT3B	-0.0392156862745098	0.24132208871592967	51	2	0	2	0.6173823436315867
NP_fibrocartilaginous	mild_vs_severe	OLIG2	-0.3	0.0006696642286606146	10	3	0	3	0.04568598182195749
NP_fibrocartilaginous	mild_vs_severe	MAFG	-0.1111111111111111	0.15398059543044443	9	1	0	1	0.5028940723100686
NP_fibrocartilaginous	mild_vs_severe	TEF	0.0	1.0	9	0	0	0	1.0
NP_fibrocartilaginous	mild_vs_severe	HOXD13	0.0	1.0	8	0	0	0	1.0
NP_fibrocartilaginous	mild_vs_severe	ZKSCAN7	0.0	1.0	8	0	0	0	1.0
NP_fibrocartilaginous	mild_vs_severe	BACH1	0.14285714285714285	0.026511945012762494	14	2	2	0	0.21418860839258122
NP_fibrocartilaginous	mild_vs_severe	TEAD4	0.0	1.0	7	0	0	0	1.0
NP_fibrocartilaginous	mild_vs_severe	GCM1	0.0	1.0	5	0	0	0	1.0
NP_fibrocartilaginous	mild_vs_severe	BHLHE41	0.0	1.0	17	0	0	0	1.0
NP_fibrocartilaginous	mild_vs_severe	MTA1	0.0	0.006060216326701959	40	4	2	2	0.109808830132603
NP_fibrocartilaginous	mild_vs_severe	EHF	-0.125	0.13810942463960998	8	1	0	1	0.4901687094145695
NP_fibrocartilaginous	mild_vs_severe	TCF7L2	0.02702702702702703	0.04726633439025899	74	4	3	1	0.3023075970376981
NP_fibrocartilaginous	mild_vs_severe	VSX2	0.0	1.0	14	0	0	0	1.0
NP_fibrocartilaginous	mild_vs_severe	TSC22D1	0.0	1.0	7	0	0	0	1.0
NP_fibrocartilaginous	mild_vs_severe	SOX5	0.0	1.0	10	0	0	0	1.0
NP_fibrocartilaginous	mild_vs_severe	SOX2	0.029411764705882353	0.4686941835039584	34	1	1	0	0.9253319249885225
NP_fibrocartilaginous	mild_vs_severe	NKX3-2	0.0	1.0	6	0	0	0	1.0
NP_fibrocartilaginous	mild_vs_severe	PAX9	0.0	1.0	6	0	0	0	1.0
NP_fibrocartilaginous	mild_vs_severe	TCF21	0.0	1.0	6	0	0	0	1.0
NP_fibrocartilaginous	mild_vs_severe	HIC1	-0.058823529411764705	0.27091318491978544	17	1	0	1	0.6548846281131822
NP_fibrocartilaginous	mild_vs_severe	ZEB2	0.058823529411764705	0.0034507683835882674	17	3	2	1	0.0840578601795702
NP_fibrocartilaginous	mild_vs_severe	NONO	0.09090909090909091	0.18485570808214594	11	1	1	0	0.5370816195990902
NP_fibrocartilaginous	mild_vs_severe	CEBPZ	0.0	1.0	13	0	0	0	1.0
NP_fibrocartilaginous	mild_vs_severe	SIX1	-0.14285714285714285	0.12194200763737754	7	1	0	1	0.47743035077887874
NP_fibrocartilaginous	mild_vs_severe	NFIX	0.0	1.0	15	0	0	0	1.0
NP_fibrocartilaginous	mild_vs_severe	MNT	0.0	1.0	8	0	0	0	1.0
NP_fibrocartilaginous	mild_vs_severe	HOXA1	0.14285714285714285	0.026511945012762494	14	2	2	0	0.21418860839258122
NP_fibrocartilaginous	mild_vs_severe	BCL11B	0.0	1.0	18	0	0	0	1.0
NP_fibrocartilaginous	mild_vs_severe	RXRB	0.14285714285714285	0.12194200763737754	7	1	1	0	0.47743035077887874
NP_fibrocartilaginous	mild_vs_severe	E2F6	0.0	1.0	33	0	0	0	1.0
NP_fibrocartilaginous	mild_vs_severe	HOXA13	0.0	1.0	6	0	0	0	1.0
NP_fibrocartilaginous	mild_vs_severe	KAT6A	0.0	1.0	11	0	0	0	1.0
NP_fibrocartilaginous	mild_vs_severe	GFI1	0.0625	0.11676430586627697	32	2	2	0	0.47743035077887874
NP_fibrocartilaginous	mild_vs_severe	RUNX3	-0.022727272727272728	0.046853563115405485	44	3	1	2	0.3023075970376981
NP_fibrocartilaginous	mild_vs_severe	GLI1	-0.008849557522123894	0.3450567544517944	113	3	1	2	0.7460029832162034
NP_fibrocartilaginous	mild_vs_severe	KLF8	0.0	0.030225725188123338	15	2	1	1	0.22911846006799666
NP_fibrocartilaginous	mild_vs_severe	HIF3A	0.0	1.0	5	0	0	0	1.0
NP_fibrocartilaginous	mild_vs_severe	MEOX2	0.0	1.0	6	0	0	0	1.0
NP_fibrocartilaginous	mild_vs_severe	JARID2	0.0	1.0	10	0	0	0	1.0
NP_fibrocartilaginous	mild_vs_severe	NFYC	-0.05555555555555555	0.2843498279938922	18	1	0	1	0.6613287666221583
NP_fibrocartilaginous	mild_vs_severe	GFI1B	0.2222222222222222	0.011140058312934244	9	2	2	0	0.14047836703750813
NP_fibrocartilaginous	mild_vs_severe	ASCL2	0.0	1.0	5	0	0	0	1.0
NP_fibrocartilaginous	mild_vs_severe	MSC	0.0	1.0	13	0	0	0	1.0
NP_fibrocartilaginous	mild_vs_severe	HOXB9	0.0	1.0	5	0	0	0	1.0
NP_fibrocartilaginous	mild_vs_severe	HLX	-0.16666666666666666	0.01969672034486544	12	2	0	2	0.18323918623859667
NP_fibrocartilaginous	mild_vs_severe	RCOR2	0.08333333333333333	0.19987016151280762	12	1	1	0	0.5572873431548642
NP_fibrocartilaginous	mild_vs_severe	NKX2-2	0.0	1.0	9	0	0	0	1.0
NP_fibrocartilaginous	mild_vs_severe	ARID4A	0.0	1.0	6	0	0	0	1.0
NP_fibrocartilaginous	mild_vs_severe	HINFP	0.0	1.0	9	0	0	0	1.0
NP_fibrocartilaginous	mild_vs_severe	SMARCC1	0.0	1.0	6	0	0	0	1.0
NP_fibrocartilaginous	mild_vs_severe	KAT2B	0.0	1.0	12	0	0	0	1.0
NP_fibrocartilaginous	mild_vs_severe	HDGF	0.0	1.0	5	0	0	0	1.0
NP_fibrocartilaginous	mild_vs_severe	EP300	-0.023809523809523808	0.5422849219741787	42	1	0	1	1.0
NP_fibrocartilaginous	mild_vs_severe	TRPS1	0.0	1.0	12	0	0	0	1.0
NP_fibrocartilaginous	mild_vs_severe	CTNNB1	0.025	0.011668398565004746	200	9	7	2	0.14047836703750813
NP_fibrocartilaginous	mild_vs_severe	PML	-0.13333333333333333	0.030225725188123338	15	2	0	2	0.22911846006799666
NP_fibrocartilaginous	mild_vs_severe	KLF7	0.0	1.0	8	0	0	0	1.0
NP_fibrocartilaginous	mild_vs_severe	PROP1	-0.16666666666666666	0.10547284266928994	6	1	0	1	0.4497244819371113
NP_fibrocartilaginous	mild_vs_severe	LMO2	-0.05555555555555555	0.2843498279938922	18	1	0	1	0.6613287666221583
NP_fibrocartilaginous	mild_vs_severe	MEOX1	0.0	1.0	6	0	0	0	1.0
NP_fibrocartilaginous	mild_vs_severe	FOXL2	0.0	1.0	13	0	0	0	1.0
NP_fibrocartilaginous	mild_vs_severe	HTATIP2	0.09090909090909091	0.18485570808214594	11	1	1	0	0.5370816195990902
NP_fibrocartilaginous	mild_vs_severe	EZH2	-0.010309278350515464	0.8362612718796303	97	1	0	1	1.0
NP_fibrocartilaginous	mild_vs_severe	GLI2	-0.06930693069306931	0.002574391538567238	101	7	0	7	0.08077033801122635
NP_fibrocartilaginous	mild_vs_severe	TCF7	0.0	1.0	12	0	0	0	1.0
NP_fibrocartilaginous	mild_vs_severe	FOXC1	0.1111111111111111	0.15398059543044443	9	1	1	0	0.5028940723100686
NP_fibrocartilaginous	mild_vs_severe	HOXB13	-0.25	0.008770088621750686	8	2	0	2	0.12238260031261185
NP_fibrocartilaginous	mild_vs_severe	ABL1	0.0	1.0	10	0	0	0	1.0
NP_fibrocartilaginous	mild_vs_severe	TBX3	-0.09090909090909091	0.18485570808214594	11	1	0	1	0.5370816195990902
NP_fibrocartilaginous	mild_vs_severe	NFKBIZ	0.2	0.08869632632245568	5	1	1	0	0.42881530993691175
NP_fibrocartilaginous	mild_vs_severe	PLAGL2	0.0	1.0	5	0	0	0	1.0
NP_fibrocartilaginous	mild_vs_severe	TET1	0.0	1.0	9	0	0	0	1.0
NP_fibrocartilaginous	mild_vs_severe	FOXH1	0.0	1.0	7	0	0	0	1.0
NP_fibrocartilaginous	mild_vs_severe	FOXP3	-0.037037037037037035	0.012972702452683735	27	3	1	2	0.15317767896053489
NP_fibrocartilaginous	mild_vs_severe	CREB3L1	0.0	1.0	7	0	0	0	1.0
NP_fibrocartilaginous	mild_vs_severe	TFDP3	0.0	1.0	5	0	0	0	1.0
NP_fibrocartilaginous	mild_vs_severe	SP7	0.041666666666666664	0.3599492049188912	24	1	1	0	0.7673917077090251
NP_fibrocartilaginous	mild_vs_severe	OVOL1	-0.125	0.13810942463960998	8	1	0	1	0.4901687094145695
NP_fibrocartilaginous	mild_vs_severe	ZNF436	0.0	1.0	5	0	0	0	1.0
NP_fibrocartilaginous	mild_vs_severe	ATF7	0.2	0.08869632632245568	5	1	1	0	0.42881530993691175
NP_fibrocartilaginous	mild_vs_severe	SCX	0.0	1.0	8	0	0	0	1.0
NP_fibrocartilaginous	mild_vs_severe	NANOG	0.0	0.11075247550722878	31	2	1	1	0.4657672600098526
NP_fibrocartilaginous	mild_vs_severe	ARX	0.0	1.0	13	0	0	0	1.0
NP_fibrocartilaginous	mild_vs_severe	VHL	0.1	0.05152278045397673	20	2	2	0	0.3101469333209972
NP_fibrocartilaginous	mild_vs_severe	SOX4	0.0	1.0	18	0	0	0	1.0
NP_fibrocartilaginous	mild_vs_severe	ATF5	-0.047619047619047616	0.32319907428584504	21	1	0	1	0.7190008391721335
NP_fibrocartilaginous	mild_vs_severe	CTCFL	0.16666666666666666	0.10547284266928994	6	1	1	0	0.4497244819371113
NP_fibrocartilaginous	mild_vs_severe	SP6	0.0	1.0	5	0	0	0	1.0
NP_fibrocartilaginous	mild_vs_severe	SMARCA5	0.0	1.0	8	0	0	0	1.0
NP_fibrocartilaginous	mild_vs_severe	EOMES	0.0	1.0	8	0	0	0	1.0
NP_fibrocartilaginous	mild_vs_severe	ESRRB	0.0	1.0	5	0	0	0	1.0
NP_fibrocartilaginous	mild_vs_severe	ZXDC	0.0	1.0	5	0	0	0	1.0
NP_fibrocartilaginous	mild_vs_severe	NR2E1	0.0	1.0	10	0	0	0	1.0
NP_fibrocartilaginous	mild_vs_severe	ZFP42	0.0	0.01969672034486544	12	2	1	1	0.18323918623859667
NP_fibrocartilaginous	mild_vs_severe	KMT2B	0.0	1.0	11	0	0	0	1.0
NP_fibrocartilaginous	mild_vs_severe	NFIB	0.0	1.0	14	0	0	0	1.0
NP_fibrocartilaginous	mild_vs_severe	EN1	0.0	1.0	5	0	0	0	1.0
NP_fibrocartilaginous	mild_vs_severe	MTA3	0.0	1.0	9	0	0	0	1.0
NP_fibrocartilaginous	mild_vs_severe	TBX18	0.14285714285714285	0.12194200763737754	7	1	1	0	0.47743035077887874
NP_fibrocartilaginous	mild_vs_severe	EGR4	0.0	1.0	9	0	0	0	1.0
NP_fibrocartilaginous	mild_vs_severe	HSF4	0.0	1.0	8	0	0	0	1.0
NP_fibrocartilaginous	mild_vs_severe	BCLAF1	0.0	1.0	5	0	0	0	1.0
NP_fibrocartilaginous	mild_vs_severe	KDM5C	0.0	1.0	10	0	0	0	1.0
NP_fibrocartilaginous	mild_vs_severe	FOSL2	0.0	0.06116998098646787	22	2	1	1	0.3477626696823266
NP_fibrocartilaginous	mild_vs_severe	MED1	-0.1111111111111111	0.15398059543044443	9	1	0	1	0.5028940723100686
NP_fibrocartilaginous	mild_vs_severe	LYL1	0.0	1.0	12	0	0	0	1.0
NP_fibrocartilaginous	mild_vs_severe	HOXD1	0.0	1.0	5	0	0	0	1.0
NP_fibrocartilaginous	mild_vs_severe	SALL4	0.0	1.0	7	0	0	0	1.0
NP_fibrocartilaginous	mild_vs_severe	KDM5B	0.1	0.05152278045397673	20	2	2	0	0.3101469333209972
NP_fibrocartilaginous	mild_vs_severe	TADA2A	0.0	1.0	6	0	0	0	1.0
NP_fibrocartilaginous	mild_vs_severe	SATB2	0.058823529411764705	0.27091318491978544	17	1	1	0	0.6548846281131822
NP_fibrocartilaginous	mild_vs_severe	NSD2	0.0	1.0	6	0	0	0	1.0
NP_fibrocartilaginous	mild_vs_severe	PBRM1	0.0	1.0	7	0	0	0	1.0
NP_fibrocartilaginous	mild_vs_severe	ZBTB4	0.08333333333333333	0.19987016151280762	12	1	1	0	0.5572873431548642
NP_fibrocartilaginous	mild_vs_severe	THAP11	-0.16666666666666666	0.10547284266928994	6	1	0	1	0.4497244819371113
NP_fibrocartilaginous	mild_vs_severe	FOXJ1	-0.125	0.13810942463960998	8	1	0	1	0.4901687094145695
NP_fibrocartilaginous	mild_vs_severe	PPARGC1A	0.0	1.0	18	0	0	0	1.0
NP_fibrocartilaginous	mild_vs_severe	BATF	0.0	1.0	7	0	0	0	1.0
NP_fibrocartilaginous	mild_vs_severe	ARID3B	0.0	1.0	5	0	0	0	1.0
NP_fibrocartilaginous	mild_vs_severe	ZNF300	0.2	0.08869632632245568	5	1	1	0	0.42881530993691175
NP_fibrocartilaginous	mild_vs_severe	NUPR1	0.0	1.0	6	0	0	0	1.0
NP_fibrocartilaginous	mild_vs_severe	ZNF331	0.17647058823529413	0.0034507683835882674	17	3	3	0	0.0840578601795702
NP_fibrocartilaginous	mild_vs_severe	ZNF382	-0.18181818181818182	0.01661306053130313	11	2	0	2	0.17411047601545118
NP_fibrocartilaginous	mild_vs_severe	HOXD8	0.0	1.0	5	0	0	0	1.0
NP_fibrocartilaginous	mild_vs_severe	LHX8	0.14285714285714285	0.12194200763737754	7	1	1	0	0.47743035077887874
NP_fibrocartilaginous	mild_vs_severe	IRX1	-0.09090909090909091	0.18485570808214594	11	1	0	1	0.5370816195990902
NP_fibrocartilaginous	mild_vs_severe	SOX11	-0.14285714285714285	0.12194200763737754	7	1	0	1	0.47743035077887874
NP_fibrocartilaginous	mild_vs_severe	IRF6	0.0	1.0	10	0	0	0	1.0
NP_fibrocartilaginous	mild_vs_severe	E2F7	0.0	1.0	5	0	0	0	1.0
NP_fibrocartilaginous	mild_vs_severe	HEYL	0.2	0.08869632632245568	5	1	1	0	0.42881530993691175
NP_fibrocartilaginous	mild_vs_severe	MECP2	-0.058823529411764705	0.27091318491978544	17	1	0	1	0.6548846281131822
NP_fibrocartilaginous	mild_vs_severe	MAML1	0.0	1.0	5	0	0	0	1.0
NP_fibrocartilaginous	mild_vs_severe	DOT1L	0.0	1.0	8	0	0	0	1.0
NP_fibrocartilaginous	mild_vs_severe	ARID3A	-0.16666666666666666	0.10547284266928994	6	1	0	1	0.4497244819371113
NP_fibrocartilaginous	mild_vs_severe	ARID1A	0.0	1.0	5	0	0	0	1.0
NP_fibrocartilaginous	mild_vs_severe	ZBTB18	0.0	1.0	6	0	0	0	1.0
NP_fibrocartilaginous	mild_vs_severe	TCF15	0.0	1.0	5	0	0	0	1.0
NP_fibrocartilaginous	mild_vs_severe	NPM1	0.0	1.0	11	0	0	0	1.0
NP_fibrocartilaginous	mild_vs_severe	SETBP1	0.0	1.0	5	0	0	0	1.0
NP_fibrocartilaginous	mild_vs_severe	KDM2A	0.0	1.0	8	0	0	0	1.0
NP_fibrocartilaginous	mild_vs_severe	MKX	0.0	1.0	6	0	0	0	1.0
NP_fibrocartilaginous	mild_vs_severe	HDAC3	-0.07142857142857142	0.22907843002328585	14	1	0	1	0.5934774516215084
NP_fibrocartilaginous	mild_vs_severe	BTG2	0.0	1.0	6	0	0	0	1.0
NP_fibrocartilaginous	mild_vs_severe	CREB5	-0.1111111111111111	0.15398059543044443	9	1	0	1	0.5028940723100686
NP_fibrocartilaginous	mild_vs_severe	CTBP1	0.0	1.0	8	0	0	0	1.0
NP_fibrocartilaginous	mild_vs_severe	HDAC1	0.01694915254237288	0.66669276212786	59	1	1	0	1.0
NP_fibrocartilaginous	mild_vs_severe	HCFC1	-0.14285714285714285	0.12194200763737754	7	1	0	1	0.47743035077887874
NP_fibrocartilaginous	mild_vs_severe	ETV7	0.125	0.13810942463960998	8	1	1	0	0.4901687094145695
NP_fibrocartilaginous	mild_vs_severe	FHL2	0.0	1.0	6	0	0	0	1.0
NP_fibrocartilaginous	mild_vs_severe	HDAC4	0.0	1.0	16	0	0	0	1.0
NP_fibrocartilaginous	mild_vs_severe	HDAC7	0.0	1.0	10	0	0	0	1.0
NP_fibrocartilaginous	mild_vs_severe	HDAC9	0.0	1.0	14	0	0	0	1.0
NP_fibrocartilaginous	mild_vs_severe	ING4	-0.07142857142857142	0.22907843002328585	14	1	0	1	0.5934774516215084
NP_fibrocartilaginous	mild_vs_severe	SIN3A	0.375	0.000321145577804781	8	3	3	0	0.028169054967447933
NP_fibrocartilaginous	mild_vs_severe	SMARCA4	0.0	1.0	7	0	0	0	1.0
NP_fibrocartilaginous	mild_vs_severe	WWTR1	0.0	1.0	8	0	0	0	1.0
NP_fibrocartilaginous	mild_vs_severe	PIN1	0.2	0.08869632632245568	5	1	1	0	0.42881530993691175
NP_fibrocartilaginous	mild_vs_severe	FGF2	0.125	0.13810942463960998	8	1	1	0	0.4901687094145695
NP_fibrocartilaginous	mild_vs_severe	PARK7	0.0	0.004813744588284329	6	2	1	1	0.09567752131501846
NP_fibrocartilaginous	mild_vs_severe	YAP1	-0.125	0.13810942463960998	8	1	0	1	0.4901687094145695
NP_fibrocartilaginous	mild_vs_severe	BCOR	0.0	1.0	5	0	0	0	1.0
NP_fibrocartilaginous	mild_vs_severe	BRD4	0.0	1.0	8	0	0	0	1.0
NP_fibrocartilaginous	mild_vs_severe	SRSF2	-0.08333333333333333	0.19987016151280762	12	1	0	1	0.5572873431548642
NP_fibrocartilaginous	mild_vs_severe	ZMYND8	0.0	1.0	6	0	0	0	1.0
NP_fibrocartilaginous	mild_vs_severe	ARID4B	0.0	1.0	8	0	0	0	1.0
NP_fibrocartilaginous	mild_vs_severe	AP1	0.01834862385321101	0.0028940511990993155	327	14	10	4	0.08077033801122635
NP_fibrocartilaginous	mild_vs_severe	NFKB	0.006263048016701462	0.031144747811613697	479	15	9	6	0.23320579458940013
NP_mature_chondrocyte	healthy_vs_degenerated_all	MYC	-0.0014684287812041115	0.27284444935641344	681	1	0	1	1.0
NP_mature_chondrocyte	healthy_vs_degenerated_all	SPI1	0.0	1.0	173	0	0	0	1.0
NP_mature_chondrocyte	healthy_vs_degenerated_all	SMAD3	0.0	1.0	106	0	0	0	1.0
NP_mature_chondrocyte	healthy_vs_degenerated_all	SMAD4	0.0	1.0	78	0	0	0	1.0
NP_mature_chondrocyte	healthy_vs_degenerated_all	STAT5A	0.0	1.0	123	0	0	0	1.0
NP_mature_chondrocyte	healthy_vs_degenerated_all	STAT5B	0.0	1.0	64	0	0	0	1.0
NP_mature_chondrocyte	healthy_vs_degenerated_all	RELA	0.0	1.0	320	0	0	0	1.0
NP_mature_chondrocyte	healthy_vs_degenerated_all	WT1	0.0	1.0	91	0	0	0	1.0
NP_mature_chondrocyte	healthy_vs_degenerated_all	NR0B2	0.0	1.0	65	0	0	0	1.0
NP_mature_chondrocyte	healthy_vs_degenerated_all	SP1	0.0	1.0	791	0	0	0	1.0
NP_mature_chondrocyte	healthy_vs_degenerated_all	TP53	0.0	1.0	703	0	0	0	1.0
NP_mature_chondrocyte	healthy_vs_degenerated_all	ZBTB16	0.0	1.0	35	0	0	0	1.0
NP_mature_chondrocyte	healthy_vs_degenerated_all	ETV6	0.0	1.0	17	0	0	0	1.0
NP_mature_chondrocyte	healthy_vs_degenerated_all	RUNX1	0.0	1.0	113	0	0	0	1.0
NP_mature_chondrocyte	healthy_vs_degenerated_all	STAT1	0.0	1.0	205	0	0	0	1.0
NP_mature_chondrocyte	healthy_vs_degenerated_all	STAT3	0.0	1.0	261	0	0	0	1.0
NP_mature_chondrocyte	healthy_vs_degenerated_all	ETV4	0.0	1.0	40	0	0	0	1.0
NP_mature_chondrocyte	healthy_vs_degenerated_all	MTF1	0.0	1.0	25	0	0	0	1.0
NP_mature_chondrocyte	healthy_vs_degenerated_all	CREB1	0.0	1.0	264	0	0	0	1.0
NP_mature_chondrocyte	healthy_vs_degenerated_all	FOXA2	0.0	1.0	44	0	0	0	1.0
NP_mature_chondrocyte	healthy_vs_degenerated_all	NFATC2	0.0	1.0	48	0	0	0	1.0
NP_mature_chondrocyte	healthy_vs_degenerated_all	CEBPB	-0.00398406374501992	0.10870928874352245	251	1	0	1	1.0
NP_mature_chondrocyte	healthy_vs_degenerated_all	FOS	0.0	1.0	194	0	0	0	1.0
NP_mature_chondrocyte	healthy_vs_degenerated_all	PLAG1	0.0	1.0	7	0	0	0	1.0
NP_mature_chondrocyte	healthy_vs_degenerated_all	E2F1	0.0	1.0	253	0	0	0	1.0
NP_mature_chondrocyte	healthy_vs_degenerated_all	E2F3	0.0	1.0	59	0	0	0	1.0
NP_mature_chondrocyte	healthy_vs_degenerated_all	HBP1	0.0	1.0	30	0	0	0	1.0
NP_mature_chondrocyte	healthy_vs_degenerated_all	YY1	0.0	1.0	158	0	0	0	1.0
NP_mature_chondrocyte	healthy_vs_degenerated_all	ESR1	0.0	1.0	389	0	0	0	1.0
NP_mature_chondrocyte	healthy_vs_degenerated_all	JUN	0.0	1.0	383	0	0	0	1.0
NP_mature_chondrocyte	healthy_vs_degenerated_all	NR1I3	0.0	1.0	27	0	0	0	1.0
NP_mature_chondrocyte	healthy_vs_degenerated_all	CEBPG	-0.010416666666666666	0.04276291933451771	96	1	0	1	1.0
NP_mature_chondrocyte	healthy_vs_degenerated_all	MAFK	0.0	1.0	16	0	0	0	1.0
NP_mature_chondrocyte	healthy_vs_degenerated_all	STAT4	0.0	1.0	13	0	0	0	1.0
NP_mature_chondrocyte	healthy_vs_degenerated_all	IRF1	0.0	1.0	93	0	0	0	1.0
NP_mature_chondrocyte	healthy_vs_degenerated_all	ATF2	0.0	1.0	81	0	0	0	1.0
NP_mature_chondrocyte	healthy_vs_degenerated_all	NR2C2	0.0	1.0	34	0	0	0	1.0
NP_mature_chondrocyte	healthy_vs_degenerated_all	IRF3	0.0	1.0	51	0	0	0	1.0
NP_mature_chondrocyte	healthy_vs_degenerated_all	TFAP2A	0.0	1.0	182	0	0	0	1.0
NP_mature_chondrocyte	healthy_vs_degenerated_all	HNF1A	0.0	1.0	41	0	0	0	1.0
NP_mature_chondrocyte	healthy_vs_degenerated_all	ETS1	0.0	1.0	124	0	0	0	1.0
NP_mature_chondrocyte	healthy_vs_degenerated_all	ARNT	0.0	1.0	42	0	0	0	1.0
NP_mature_chondrocyte	healthy_vs_degenerated_all	AHR	0.0	1.0	95	0	0	0	1.0
NP_mature_chondrocyte	healthy_vs_degenerated_all	PAX6	0.0	1.0	78	0	0	0	1.0
NP_mature_chondrocyte	healthy_vs_degenerated_all	NFYA	0.014084507042253521	0.03177041754716669	71	1	1	0	1.0
NP_mature_chondrocyte	healthy_vs_degenerated_all	ZNF148	0.0	1.0	21	0	0	0	1.0
NP_mature_chondrocyte	healthy_vs_degenerated_all	NFIC	0.0	1.0	45	0	0	0	1.0
NP_mature_chondrocyte	healthy_vs_degenerated_all	RBPJ	0.0	1.0	83	0	0	0	1.0
NP_mature_chondrocyte	healthy_vs_degenerated_all	HES1	-0.018867924528301886	0.023793468386348826	53	1	0	1	1.0
NP_mature_chondrocyte	healthy_vs_degenerated_all	GATA4	0.0	1.0	58	0	0	0	1.0
NP_mature_chondrocyte	healthy_vs_degenerated_all	GATA6	0.0	1.0	35	0	0	0	1.0
NP_mature_chondrocyte	healthy_vs_degenerated_all	HNF4A	0.008	0.05538890262672497	125	1	1	0	1.0
NP_mature_chondrocyte	healthy_vs_degenerated_all	RARA	-0.01	0.04451241552502456	100	1	0	1	1.0
NP_mature_chondrocyte	healthy_vs_degenerated_all	DBP	0.0	1.0	19	0	0	0	1.0
NP_mature_chondrocyte	healthy_vs_degenerated_all	HLF	0.0	1.0	11	0	0	0	1.0
NP_mature_chondrocyte	healthy_vs_degenerated_all	PPARG	0.0	1.0	206	0	0	0	1.0
NP_mature_chondrocyte	healthy_vs_degenerated_all	MAX	0.0	1.0	33	0	0	0	1.0
NP_mature_chondrocyte	healthy_vs_degenerated_all	USF2	0.0	1.0	64	0	0	0	1.0
NP_mature_chondrocyte	healthy_vs_degenerated_all	IRF2	0.0	1.0	31	0	0	0	1.0
NP_mature_chondrocyte	healthy_vs_degenerated_all	SP3	0.0	1.0	257	0	0	0	1.0
NP_mature_chondrocyte	healthy_vs_degenerated_all	AR	0.0	1.0	344	0	0	0	1.0
NP_mature_chondrocyte	healthy_vs_degenerated_all	CUX1	0.0	1.0	74	0	0	0	1.0
NP_mature_chondrocyte	healthy_vs_degenerated_all	ATF1	0.0	1.0	59	0	0	0	1.0
NP_mature_chondrocyte	healthy_vs_degenerated_all	KAT7	0.0	1.0	56	0	0	0	1.0
NP_mature_chondrocyte	healthy_vs_degenerated_all	CREBZF	0.0	1.0	11	0	0	0	1.0
NP_mature_chondrocyte	healthy_vs_degenerated_all	GLI3	0.0	1.0	25	0	0	0	1.0
NP_mature_chondrocyte	healthy_vs_degenerated_all	NKX2-5	0.0	1.0	32	0	0	0	1.0
NP_mature_chondrocyte	healthy_vs_degenerated_all	TGFB1I1	0.0	1.0	11	0	0	0	1.0
NP_mature_chondrocyte	healthy_vs_degenerated_all	RARB	0.0	1.0	31	0	0	0	1.0
NP_mature_chondrocyte	healthy_vs_degenerated_all	RARG	0.0	1.0	20	0	0	0	1.0
NP_mature_chondrocyte	healthy_vs_degenerated_all	TEAD1	0.0	1.0	14	0	0	0	1.0
NP_mature_chondrocyte	healthy_vs_degenerated_all	PPARA	0.006578947368421052	0.06702402515249122	152	1	1	0	1.0
NP_mature_chondrocyte	healthy_vs_degenerated_all	ESR2	0.0	1.0	122	0	0	0	1.0
NP_mature_chondrocyte	healthy_vs_degenerated_all	NR3C1	0.0	1.0	160	0	0	0	1.0
NP_mature_chondrocyte	healthy_vs_degenerated_all	PGR	0.0	1.0	84	0	0	0	1.0
NP_mature_chondrocyte	healthy_vs_degenerated_all	NRG1	0.0	1.0	26	0	0	0	1.0
NP_mature_chondrocyte	healthy_vs_degenerated_all	TBP	0.0	1.0	103	0	0	0	1.0
NP_mature_chondrocyte	healthy_vs_degenerated_all	REL	0.0	1.0	67	0	0	0	1.0
NP_mature_chondrocyte	healthy_vs_degenerated_all	ISL1	0.0	1.0	10	0	0	0	1.0
NP_mature_chondrocyte	healthy_vs_degenerated_all	ZBTB14	0.0	1.0	5	0	0	0	1.0
NP_mature_chondrocyte	healthy_vs_degenerated_all	MYB	0.0	1.0	107	0	0	0	1.0
NP_mature_chondrocyte	healthy_vs_degenerated_all	PITX1	0.0	1.0	17	0	0	0	1.0
NP_mature_chondrocyte	healthy_vs_degenerated_all	EGR1	0.0	1.0	227	0	0	0	1.0
NP_mature_chondrocyte	healthy_vs_degenerated_all	MYOD1	0.0	1.0	84	0	0	0	1.0
NP_mature_chondrocyte	healthy_vs_degenerated_all	ETS2	0.0	1.0	68	0	0	0	1.0
NP_mature_chondrocyte	healthy_vs_degenerated_all	GTF2I	0.0	1.0	18	0	0	0	1.0
NP_mature_chondrocyte	healthy_vs_degenerated_all	NR2F1	0.0	1.0	21	0	0	0	1.0
NP_mature_chondrocyte	healthy_vs_degenerated_all	ENO1	0.0	1.0	12	0	0	0	1.0
NP_mature_chondrocyte	healthy_vs_degenerated_all	JDP2	0.0	1.0	28	0	0	0	1.0
NP_mature_chondrocyte	healthy_vs_degenerated_all	MAZ	0.0	1.0	21	0	0	0	1.0
NP_mature_chondrocyte	healthy_vs_degenerated_all	NR4A1	0.0	1.0	57	0	0	0	1.0
NP_mature_chondrocyte	healthy_vs_degenerated_all	HMGA1	0.0	1.0	39	0	0	0	1.0
NP_mature_chondrocyte	healthy_vs_degenerated_all	NFKB1	0.0	1.0	235	0	0	0	1.0
NP_mature_chondrocyte	healthy_vs_degenerated_all	USF1	0.0	1.0	124	0	0	0	1.0
NP_mature_chondrocyte	healthy_vs_degenerated_all	DDIT3	0.0	1.0	70	0	0	0	1.0
NP_mature_chondrocyte	healthy_vs_degenerated_all	ATF4	0.0	1.0	84	0	0	0	1.0
NP_mature_chondrocyte	healthy_vs_degenerated_all	ATF3	0.0	1.0	73	0	0	0	1.0
NP_mature_chondrocyte	healthy_vs_degenerated_all	TAF1	0.0	1.0	35	0	0	0	1.0
NP_mature_chondrocyte	healthy_vs_degenerated_all	RUNX2	0.0	1.0	81	0	0	0	1.0
NP_mature_chondrocyte	healthy_vs_degenerated_all	TFAP2B	0.0	1.0	12	0	0	0	1.0
NP_mature_chondrocyte	healthy_vs_degenerated_all	CREM	0.0	1.0	43	0	0	0	1.0
NP_mature_chondrocyte	healthy_vs_degenerated_all	IRF8	0.0	1.0	42	0	0	0	1.0
NP_mature_chondrocyte	healthy_vs_degenerated_all	ETV5	0.0	1.0	6	0	0	0	1.0
NP_mature_chondrocyte	healthy_vs_degenerated_all	DMTF1	0.0	1.0	13	0	0	0	1.0
NP_mature_chondrocyte	healthy_vs_degenerated_all	NR5A1	0.0	1.0	44	0	0	0	1.0
NP_mature_chondrocyte	healthy_vs_degenerated_all	NEUROD2	0.0	1.0	8	0	0	0	1.0
NP_mature_chondrocyte	healthy_vs_degenerated_all	NEUROD1	0.0	1.0	25	0	0	0	1.0
NP_mature_chondrocyte	healthy_vs_degenerated_all	HHEX	0.0	1.0	15	0	0	0	1.0
NP_mature_chondrocyte	healthy_vs_degenerated_all	FOXO3	0.0	1.0	155	0	0	0	1.0
NP_mature_chondrocyte	healthy_vs_degenerated_all	MBD1	0.0	1.0	10	0	0	0	1.0
NP_mature_chondrocyte	healthy_vs_degenerated_all	CEBPD	0.0	1.0	49	0	0	0	1.0
NP_mature_chondrocyte	healthy_vs_degenerated_all	ELK1	0.0	1.0	43	0	0	0	1.0
NP_mature_chondrocyte	healthy_vs_degenerated_all	FLI1	0.0	1.0	60	0	0	0	1.0
NP_mature_chondrocyte	healthy_vs_degenerated_all	ELK4	0.0	1.0	6	0	0	0	1.0
NP_mature_chondrocyte	healthy_vs_degenerated_all	PREB	0.0	1.0	8	0	0	0	1.0
NP_mature_chondrocyte	healthy_vs_degenerated_all	POU1F1	0.0	1.0	27	0	0	0	1.0
NP_mature_chondrocyte	healthy_vs_degenerated_all	PAX5	0.0	1.0	36	0	0	0	1.0
NP_mature_chondrocyte	healthy_vs_degenerated_all	CEBPA	0.0	1.0	112	0	0	0	1.0
NP_mature_chondrocyte	healthy_vs_degenerated_all	LITAF	0.0	1.0	20	0	0	0	1.0
NP_mature_chondrocyte	healthy_vs_degenerated_all	STAT6	0.0	1.0	58	0	0	0	1.0
NP_mature_chondrocyte	healthy_vs_degenerated_all	HIF1A	0.003257328990228013	0.13162041973083743	307	1	1	0	1.0
NP_mature_chondrocyte	healthy_vs_degenerated_all	TP73	0.0	1.0	100	0	0	0	1.0
NP_mature_chondrocyte	healthy_vs_degenerated_all	KLF11	0.0	1.0	17	0	0	0	1.0
NP_mature_chondrocyte	healthy_vs_degenerated_all	TCF4	0.0	1.0	31	0	0	0	1.0
NP_mature_chondrocyte	healthy_vs_degenerated_all	HIVEP2	0.0	1.0	8	0	0	0	1.0
NP_mature_chondrocyte	healthy_vs_degenerated_all	E2F4	0.0	1.0	149	0	0	0	1.0
NP_mature_chondrocyte	healthy_vs_degenerated_all	GATA5	0.0	1.0	8	0	0	0	1.0
NP_mature_chondrocyte	healthy_vs_degenerated_all	SRF	0.0	1.0	60	0	0	0	1.0
NP_mature_chondrocyte	healthy_vs_degenerated_all	ELF1	0.0	1.0	44	0	0	0	1.0
NP_mature_chondrocyte	healthy_vs_degenerated_all	GATA3	0.0	1.0	101	0	0	0	1.0
NP_mature_chondrocyte	healthy_vs_degenerated_all	MSX1	0.0	1.0	14	0	0	0	1.0
NP_mature_chondrocyte	healthy_vs_degenerated_all	OTX2	0.0	1.0	15	0	0	0	1.0
NP_mature_chondrocyte	healthy_vs_degenerated_all	LHX2	0.0	1.0	17	0	0	0	1.0
NP_mature_chondrocyte	healthy_vs_degenerated_all	GABPA	0.0	1.0	25	0	0	0	1.0
NP_mature_chondrocyte	healthy_vs_degenerated_all	HSF2	0.0	1.0	19	0	0	0	1.0
NP_mature_chondrocyte	healthy_vs_degenerated_all	VDR	0.0	1.0	80	0	0	0	1.0
NP_mature_chondrocyte	healthy_vs_degenerated_all	HOXC8	0.0	1.0	12	0	0	0	1.0
NP_mature_chondrocyte	healthy_vs_degenerated_all	HR	0.0	1.0	51	0	0	0	1.0
NP_mature_chondrocyte	healthy_vs_degenerated_all	RELB	0.0	1.0	31	0	0	0	1.0
NP_mature_chondrocyte	healthy_vs_degenerated_all	CEBPE	0.0	1.0	17	0	0	0	1.0
NP_mature_chondrocyte	healthy_vs_degenerated_all	NR0B1	0.0	1.0	22	0	0	0	1.0
NP_mature_chondrocyte	healthy_vs_degenerated_all	LEF1	0.0	1.0	52	0	0	0	1.0
NP_mature_chondrocyte	healthy_vs_degenerated_all	ID1	0.0	1.0	52	0	0	0	1.0
NP_mature_chondrocyte	healthy_vs_degenerated_all	ZNF143	0.0	1.0	22	0	0	0	1.0
NP_mature_chondrocyte	healthy_vs_degenerated_all	SOX9	0.0	1.0	56	0	0	0	1.0
NP_mature_chondrocyte	healthy_vs_degenerated_all	YBX1	0.0	1.0	66	0	0	0	1.0
NP_mature_chondrocyte	healthy_vs_degenerated_all	HSF1	0.0	1.0	67	0	0	0	1.0
NP_mature_chondrocyte	healthy_vs_degenerated_all	POU4F1	0.0	1.0	16	0	0	0	1.0
NP_mature_chondrocyte	healthy_vs_degenerated_all	NOTO	0.0	1.0	5	0	0	0	1.0
NP_mature_chondrocyte	healthy_vs_degenerated_all	HNF1B	0.0	1.0	19	0	0	0	1.0
NP_mature_chondrocyte	healthy_vs_degenerated_all	PAX3	0.0	1.0	57	0	0	0	1.0
NP_mature_chondrocyte	healthy_vs_degenerated_all	ID2	0.0	1.0	41	0	0	0	1.0
NP_mature_chondrocyte	healthy_vs_degenerated_all	MEF2A	0.0	1.0	55	0	0	0	1.0
NP_mature_chondrocyte	healthy_vs_degenerated_all	PDX1	0.0	1.0	45	0	0	0	1.0
NP_mature_chondrocyte	healthy_vs_degenerated_all	NR2F2	-0.030303030303030304	0.01486861877967949	33	1	0	1	1.0
NP_mature_chondrocyte	healthy_vs_degenerated_all	NR1H4	0.0	1.0	68	0	0	0	1.0
NP_mature_chondrocyte	healthy_vs_degenerated_all	ASCL1	0.0	1.0	31	0	0	0	1.0
NP_mature_chondrocyte	healthy_vs_degenerated_all	RFX1	0.0	1.0	17	0	0	0	1.0
NP_mature_chondrocyte	healthy_vs_degenerated_all	CRX	0.0	1.0	10	0	0	0	1.0
NP_mature_chondrocyte	healthy_vs_degenerated_all	NRL	0.0	1.0	10	0	0	0	1.0
NP_mature_chondrocyte	healthy_vs_degenerated_all	UBTF	0.0	1.0	9	0	0	0	1.0
NP_mature_chondrocyte	healthy_vs_degenerated_all	MYBL2	0.0	1.0	44	0	0	0	1.0
NP_mature_chondrocyte	healthy_vs_degenerated_all	ELF2	0.0	1.0	7	0	0	0	1.0
NP_mature_chondrocyte	healthy_vs_degenerated_all	JUND	0.0	1.0	57	0	0	0	1.0
NP_mature_chondrocyte	healthy_vs_degenerated_all	TP63	-0.0070921985815602835	0.06229771269022173	141	1	0	1	1.0
NP_mature_chondrocyte	healthy_vs_degenerated_all	NFKBIB	0.0	1.0	15	0	0	0	1.0
NP_mature_chondrocyte	healthy_vs_degenerated_all	HOXC6	0.0	1.0	8	0	0	0	1.0
NP_mature_chondrocyte	healthy_vs_degenerated_all	FOXO1	0.0	1.0	178	0	0	0	1.0
NP_mature_chondrocyte	healthy_vs_degenerated_all	PITX2	0.0	1.0	61	0	0	0	1.0
NP_mature_chondrocyte	healthy_vs_degenerated_all	NR5A2	0.0	1.0	25	0	0	0	1.0
NP_mature_chondrocyte	healthy_vs_degenerated_all	POU2F1	0.0	1.0	48	0	0	0	1.0
NP_mature_chondrocyte	healthy_vs_degenerated_all	XBP1	0.0	1.0	40	0	0	0	1.0
NP_mature_chondrocyte	healthy_vs_degenerated_all	SREBF1	0.0	1.0	82	0	0	0	1.0
NP_mature_chondrocyte	healthy_vs_degenerated_all	TCF3	0.0	1.0	63	0	0	0	1.0
NP_mature_chondrocyte	healthy_vs_degenerated_all	LRRFIP1	0.0	1.0	9	0	0	0	1.0
NP_mature_chondrocyte	healthy_vs_degenerated_all	TCF12	0.0	1.0	25	0	0	0	1.0
NP_mature_chondrocyte	healthy_vs_degenerated_all	E4F1	0.0	1.0	8	0	0	0	1.0
NP_mature_chondrocyte	healthy_vs_degenerated_all	BRCA1	0.0	1.0	48	0	0	0	1.0
NP_mature_chondrocyte	healthy_vs_degenerated_all	ZNF362	0.0	1.0	11	0	0	0	1.0
NP_mature_chondrocyte	healthy_vs_degenerated_all	NRF1	0.0	1.0	62	0	0	0	1.0
NP_mature_chondrocyte	healthy_vs_degenerated_all	GATA1	0.0	1.0	67	0	0	0	1.0
NP_mature_chondrocyte	healthy_vs_degenerated_all	MYCN	0.0	1.0	100	0	0	0	1.0
NP_mature_chondrocyte	healthy_vs_degenerated_all	PKNOX1	0.0	1.0	9	0	0	0	1.0
NP_mature_chondrocyte	healthy_vs_degenerated_all	NR4A3	0.0	1.0	16	0	0	0	1.0
NP_mature_chondrocyte	healthy_vs_degenerated_all	SSRP1	0.0	1.0	78	0	0	0	1.0
NP_mature_chondrocyte	healthy_vs_degenerated_all	ZNF91	0.0	1.0	25	0	0	0	1.0
NP_mature_chondrocyte	healthy_vs_degenerated_all	NR2C1	0.0	1.0	9	0	0	0	1.0
NP_mature_chondrocyte	healthy_vs_degenerated_all	ID3	0.0	1.0	24	0	0	0	1.0
NP_mature_chondrocyte	healthy_vs_degenerated_all	ERF	0.0	1.0	12	0	0	0	1.0
NP_mature_chondrocyte	healthy_vs_degenerated_all	ZNF354C	0.0	1.0	17	0	0	0	1.0
NP_mature_chondrocyte	healthy_vs_degenerated_all	HMGA2	0.0	1.0	27	0	0	0	1.0
NP_mature_chondrocyte	healthy_vs_degenerated_all	POU2F2	0.0	1.0	17	0	0	0	1.0
NP_mature_chondrocyte	healthy_vs_degenerated_all	SREBF2	0.0	1.0	46	0	0	0	1.0
NP_mature_chondrocyte	healthy_vs_degenerated_all	ELF4	0.0	1.0	30	0	0	0	1.0
NP_mature_chondrocyte	healthy_vs_degenerated_all	TTF1	0.0	1.0	31	0	0	0	1.0
NP_mature_chondrocyte	healthy_vs_degenerated_all	DLX4	0.0	1.0	23	0	0	0	1.0
NP_mature_chondrocyte	healthy_vs_degenerated_all	NR1I2	0.0	1.0	145	0	0	0	1.0
NP_mature_chondrocyte	healthy_vs_degenerated_all	NR1H3	0.0	1.0	72	0	0	0	1.0
NP_mature_chondrocyte	healthy_vs_degenerated_all	MITF	0.0	1.0	60	0	0	0	1.0
NP_mature_chondrocyte	healthy_vs_degenerated_all	NCOA1	0.0	1.0	49	0	0	0	1.0
NP_mature_chondrocyte	healthy_vs_degenerated_all	NCOR1	0.0	1.0	57	0	0	0	1.0
NP_mature_chondrocyte	healthy_vs_degenerated_all	FOSL1	0.0	1.0	34	0	0	0	1.0
NP_mature_chondrocyte	healthy_vs_degenerated_all	JUNB	0.0	1.0	55	0	0	0	1.0
NP_mature_chondrocyte	healthy_vs_degenerated_all	DNMT1	0.0	1.0	118	0	0	0	1.0
NP_mature_chondrocyte	healthy_vs_degenerated_all	KLF5	0.0	1.0	52	0	0	0	1.0
NP_mature_chondrocyte	healthy_vs_degenerated_all	NR3C2	0.0	1.0	35	0	0	0	1.0
NP_mature_chondrocyte	healthy_vs_degenerated_all	MYRF	0.0	1.0	5	0	0	0	1.0
NP_mature_chondrocyte	healthy_vs_degenerated_all	EBF1	0.0	1.0	10	0	0	0	1.0
NP_mature_chondrocyte	healthy_vs_degenerated_all	CREBBP	0.0	1.0	25	0	0	0	1.0
NP_mature_chondrocyte	healthy_vs_degenerated_all	ZFPM1	0.0	1.0	9	0	0	0	1.0
NP_mature_chondrocyte	healthy_vs_degenerated_all	APEX1	0.0	1.0	27	0	0	0	1.0
NP_mature_chondrocyte	healthy_vs_degenerated_all	TFAM	0.0	1.0	11	0	0	0	1.0
NP_mature_chondrocyte	healthy_vs_degenerated_all	IRF4	0.0	1.0	29	0	0	0	1.0
NP_mature_chondrocyte	healthy_vs_degenerated_all	ZBED1	0.0	1.0	16	0	0	0	1.0
NP_mature_chondrocyte	healthy_vs_degenerated_all	NCOA2	0.0	1.0	39	0	0	0	1.0
NP_mature_chondrocyte	healthy_vs_degenerated_all	FOXA1	0.0	1.0	28	0	0	0	1.0
NP_mature_chondrocyte	healthy_vs_degenerated_all	NR4A2	0.0	1.0	28	0	0	0	1.0
NP_mature_chondrocyte	healthy_vs_degenerated_all	KLF1	0.0	1.0	17	0	0	0	1.0
NP_mature_chondrocyte	healthy_vs_degenerated_all	LHX3	0.0	1.0	5	0	0	0	1.0
NP_mature_chondrocyte	healthy_vs_degenerated_all	CTCF	0.0	1.0	92	0	0	0	1.0
NP_mature_chondrocyte	healthy_vs_degenerated_all	BCL6	0.0	1.0	50	0	0	0	1.0
NP_mature_chondrocyte	healthy_vs_degenerated_all	RB1	0.0	1.0	30	0	0	0	1.0
NP_mature_chondrocyte	healthy_vs_degenerated_all	TFCP2	0.0	1.0	39	0	0	0	1.0
NP_mature_chondrocyte	healthy_vs_degenerated_all	REST	0.0	1.0	19	0	0	0	1.0
NP_mature_chondrocyte	healthy_vs_degenerated_all	ESRRA	0.0	1.0	26	0	0	0	1.0
NP_mature_chondrocyte	healthy_vs_degenerated_all	HOXD3	0.0	1.0	5	0	0	0	1.0
NP_mature_chondrocyte	healthy_vs_degenerated_all	IRF9	0.0	1.0	13	0	0	0	1.0
NP_mature_chondrocyte	healthy_vs_degenerated_all	TFE3	0.0	1.0	27	0	0	0	1.0
NP_mature_chondrocyte	healthy_vs_degenerated_all	ZNF236	0.0	1.0	6	0	0	0	1.0
NP_mature_chondrocyte	healthy_vs_degenerated_all	TFAP2C	0.0	1.0	15	0	0	0	1.0
NP_mature_chondrocyte	healthy_vs_degenerated_all	PAX8	0.0	1.0	16	0	0	0	1.0
NP_mature_chondrocyte	healthy_vs_degenerated_all	NKX2-1	0.0	1.0	29	0	0	0	1.0
NP_mature_chondrocyte	healthy_vs_degenerated_all	PBX1	0.0	1.0	24	0	0	0	1.0
NP_mature_chondrocyte	healthy_vs_degenerated_all	SP4	0.0	1.0	32	0	0	0	1.0
NP_mature_chondrocyte	healthy_vs_degenerated_all	CIITA	0.0	1.0	20	0	0	0	1.0
NP_mature_chondrocyte	healthy_vs_degenerated_all	CDX2	0.0	1.0	30	0	0	0	1.0
NP_mature_chondrocyte	healthy_vs_degenerated_all	ELF3	0.0	1.0	16	0	0	0	1.0
NP_mature_chondrocyte	healthy_vs_degenerated_all	ZEB1	0.0	1.0	33	0	0	0	1.0
NP_mature_chondrocyte	healthy_vs_degenerated_all	EGR3	0.0	1.0	18	0	0	0	1.0
NP_mature_chondrocyte	healthy_vs_degenerated_all	EWSR1	0.0	1.0	44	0	0	0	1.0
NP_mature_chondrocyte	healthy_vs_degenerated_all	NAB2	0.0	1.0	6	0	0	0	1.0
NP_mature_chondrocyte	healthy_vs_degenerated_all	DEAF1	0.0	1.0	7	0	0	0	1.0
NP_mature_chondrocyte	healthy_vs_degenerated_all	TBPL1	0.0	1.0	26	0	0	0	1.0
NP_mature_chondrocyte	healthy_vs_degenerated_all	MEF2C	0.0	1.0	33	0	0	0	1.0
NP_mature_chondrocyte	healthy_vs_degenerated_all	POU4F2	0.0	1.0	15	0	0	0	1.0
NP_mature_chondrocyte	healthy_vs_degenerated_all	TAL1	0.0	1.0	60	0	0	0	1.0
NP_mature_chondrocyte	healthy_vs_degenerated_all	EPAS1	0.0	1.0	61	0	0	0	1.0
NP_mature_chondrocyte	healthy_vs_degenerated_all	SMARCA1	0.0	1.0	33	0	0	0	1.0
NP_mature_chondrocyte	healthy_vs_degenerated_all	NFATC4	0.0	1.0	27	0	0	0	1.0
NP_mature_chondrocyte	healthy_vs_degenerated_all	FOXM1	0.0	1.0	58	0	0	0	1.0
NP_mature_chondrocyte	healthy_vs_degenerated_all	MYF5	0.0	1.0	12	0	0	0	1.0
NP_mature_chondrocyte	healthy_vs_degenerated_all	MYOG	0.0	1.0	29	0	0	0	1.0
NP_mature_chondrocyte	healthy_vs_degenerated_all	SMAD7	0.0	1.0	43	0	0	0	1.0
NP_mature_chondrocyte	healthy_vs_degenerated_all	SOX10	0.0	1.0	15	0	0	0	1.0
NP_mature_chondrocyte	healthy_vs_degenerated_all	POU3F1	0.0	1.0	5	0	0	0	1.0
NP_mature_chondrocyte	healthy_vs_degenerated_all	NKRF	0.0	1.0	7	0	0	0	1.0
NP_mature_chondrocyte	healthy_vs_degenerated_all	ATF6	0.0	1.0	39	0	0	0	1.0
NP_mature_chondrocyte	healthy_vs_degenerated_all	NKX6-1	0.0	1.0	6	0	0	0	1.0
NP_mature_chondrocyte	healthy_vs_degenerated_all	ERG	0.0	1.0	34	0	0	0	1.0
NP_mature_chondrocyte	healthy_vs_degenerated_all	PITX3	-0.1111111111111111	0.004072761417523664	9	1	0	1	1.0
NP_mature_chondrocyte	healthy_vs_degenerated_all	HOXB2	0.0	1.0	5	0	0	0	1.0
NP_mature_chondrocyte	healthy_vs_degenerated_all	SATB1	0.0	1.0	23	0	0	0	1.0
NP_mature_chondrocyte	healthy_vs_degenerated_all	NFKB2	0.0	1.0	42	0	0	0	1.0
NP_mature_chondrocyte	healthy_vs_degenerated_all	RORA	0.0	1.0	34	0	0	0	1.0
NP_mature_chondrocyte	healthy_vs_degenerated_all	PROX1	0.0	1.0	14	0	0	0	1.0
NP_mature_chondrocyte	healthy_vs_degenerated_all	KLF3	0.0	1.0	5	0	0	0	1.0
NP_mature_chondrocyte	healthy_vs_degenerated_all	PEG3	0.0	1.0	6	0	0	0	1.0
NP_mature_chondrocyte	healthy_vs_degenerated_all	NR2E3	0.0	1.0	6	0	0	0	1.0
NP_mature_chondrocyte	healthy_vs_degenerated_all	NCOR2	0.0	1.0	41	0	0	0	1.0
NP_mature_chondrocyte	healthy_vs_degenerated_all	NCOA3	0.0	1.0	50	0	0	0	1.0
NP_mature_chondrocyte	healthy_vs_degenerated_all	ZFHX3	0.0	1.0	5	0	0	0	1.0
NP_mature_chondrocyte	healthy_vs_degenerated_all	SMAD1	0.0	1.0	44	0	0	0	1.0
NP_mature_chondrocyte	healthy_vs_degenerated_all	SPDEF	0.0	1.0	8	0	0	0	1.0
NP_mature_chondrocyte	healthy_vs_degenerated_all	PAX2	0.0	1.0	9	0	0	0	1.0
NP_mature_chondrocyte	healthy_vs_degenerated_all	KLF13	0.0	1.0	9	0	0	0	1.0
NP_mature_chondrocyte	healthy_vs_degenerated_all	MAFB	0.0	1.0	27	0	0	0	1.0
NP_mature_chondrocyte	healthy_vs_degenerated_all	ELK3	0.0	1.0	18	0	0	0	1.0
NP_mature_chondrocyte	healthy_vs_degenerated_all	KLF6	0.0	1.0	37	0	0	0	1.0
NP_mature_chondrocyte	healthy_vs_degenerated_all	SNAI1	0.0	1.0	68	0	0	0	1.0
NP_mature_chondrocyte	healthy_vs_degenerated_all	HESX1	0.0	1.0	14	0	0	0	1.0
NP_mature_chondrocyte	healthy_vs_degenerated_all	BACH2	0.0	1.0	6	0	0	0	1.0
NP_mature_chondrocyte	healthy_vs_degenerated_all	PATZ1	0.0	1.0	8	0	0	0	1.0
NP_mature_chondrocyte	healthy_vs_degenerated_all	ZHX2	0.0	1.0	7	0	0	0	1.0
NP_mature_chondrocyte	healthy_vs_degenerated_all	ONECUT1	0.0	1.0	11	0	0	0	1.0
NP_mature_chondrocyte	healthy_vs_degenerated_all	RXRA	0.0	1.0	49	0	0	0	1.0
NP_mature_chondrocyte	healthy_vs_degenerated_all	NR1H2	0.0	1.0	29	0	0	0	1.0
NP_mature_chondrocyte	healthy_vs_degenerated_all	KAT5	0.0	1.0	40	0	0	0	1.0
NP_mature_chondrocyte	healthy_vs_degenerated_all	YBX3	0.0	1.0	21	0	0	0	1.0
NP_mature_chondrocyte	healthy_vs_degenerated_all	SMAD6	0.0	1.0	17	0	0	0	1.0
NP_mature_chondrocyte	healthy_vs_degenerated_all	MYBL1	0.0	1.0	9	0	0	0	1.0
NP_mature_chondrocyte	healthy_vs_degenerated_all	CDX1	0.0	1.0	18	0	0	0	1.0
NP_mature_chondrocyte	healthy_vs_degenerated_all	TFDP1	0.0	1.0	29	0	0	0	1.0
NP_mature_chondrocyte	healthy_vs_degenerated_all	KMT2A	0.0	1.0	54	0	0	0	1.0
NP_mature_chondrocyte	healthy_vs_degenerated_all	GATA2	0.0	1.0	39	0	0	0	1.0
NP_mature_chondrocyte	healthy_vs_degenerated_all	PRDM1	0.0	1.0	33	0	0	0	1.0
NP_mature_chondrocyte	healthy_vs_degenerated_all	MXD1	0.0	1.0	16	0	0	0	1.0
NP_mature_chondrocyte	healthy_vs_degenerated_all	CLOCK	0.0	1.0	45	0	0	0	1.0
NP_mature_chondrocyte	healthy_vs_degenerated_all	BHLHE40	0.0	1.0	26	0	0	0	1.0
NP_mature_chondrocyte	healthy_vs_degenerated_all	SRY	0.0	1.0	19	0	0	0	1.0
NP_mature_chondrocyte	healthy_vs_degenerated_all	MAF	0.0	1.0	28	0	0	0	1.0
NP_mature_chondrocyte	healthy_vs_degenerated_all	AIRE	0.0	1.0	11	0	0	0	1.0
NP_mature_chondrocyte	healthy_vs_degenerated_all	ZGPAT	0.0	1.0	5	0	0	0	1.0
NP_mature_chondrocyte	healthy_vs_degenerated_all	ETV1	0.0	1.0	13	0	0	0	1.0
NP_mature_chondrocyte	healthy_vs_degenerated_all	KLF4	0.0	1.0	74	0	0	0	1.0
NP_mature_chondrocyte	healthy_vs_degenerated_all	EGR2	0.0	1.0	45	0	0	0	1.0
NP_mature_chondrocyte	healthy_vs_degenerated_all	NEUROG3	0.0	1.0	11	0	0	0	1.0
NP_mature_chondrocyte	healthy_vs_degenerated_all	CXXC1	0.0	1.0	11	0	0	0	1.0
NP_mature_chondrocyte	healthy_vs_degenerated_all	TBX21	0.0	1.0	18	0	0	0	1.0
NP_mature_chondrocyte	healthy_vs_degenerated_all	HOXA10	0.0	1.0	30	0	0	0	1.0
NP_mature_chondrocyte	healthy_vs_degenerated_all	LMX1B	0.0	1.0	13	0	0	0	1.0
NP_mature_chondrocyte	healthy_vs_degenerated_all	TBX2	0.0	1.0	20	0	0	0	1.0
NP_mature_chondrocyte	healthy_vs_degenerated_all	ZNF699	0.0	1.0	30	0	0	0	1.0
NP_mature_chondrocyte	healthy_vs_degenerated_all	RFX5	0.0	1.0	13	0	0	0	1.0
NP_mature_chondrocyte	healthy_vs_degenerated_all	RFXANK	0.0	1.0	8	0	0	0	1.0
NP_mature_chondrocyte	healthy_vs_degenerated_all	RFXAP	0.0	1.0	7	0	0	0	1.0
NP_mature_chondrocyte	healthy_vs_degenerated_all	BARX2	0.0	1.0	10	0	0	0	1.0
NP_mature_chondrocyte	healthy_vs_degenerated_all	FOXO4	0.0	1.0	21	0	0	0	1.0
NP_mature_chondrocyte	healthy_vs_degenerated_all	DLX5	0.0	1.0	20	0	0	0	1.0
NP_mature_chondrocyte	healthy_vs_degenerated_all	ID4	0.0	1.0	9	0	0	0	1.0
NP_mature_chondrocyte	healthy_vs_degenerated_all	SPIB	0.0	1.0	9	0	0	0	1.0
NP_mature_chondrocyte	healthy_vs_degenerated_all	FOXN1	0.0	1.0	31	0	0	0	1.0
NP_mature_chondrocyte	healthy_vs_degenerated_all	TBX5	0.0	1.0	11	0	0	0	1.0
NP_mature_chondrocyte	healthy_vs_degenerated_all	TLX1	0.0	1.0	6	0	0	0	1.0
NP_mature_chondrocyte	healthy_vs_degenerated_all	HIVEP1	0.0	1.0	8	0	0	0	1.0
NP_mature_chondrocyte	healthy_vs_degenerated_all	SMAD2	0.0	1.0	57	0	0	0	1.0
NP_mature_chondrocyte	healthy_vs_degenerated_all	NKX3-1	0.0	1.0	50	0	0	0	1.0
NP_mature_chondrocyte	healthy_vs_degenerated_all	HAND2	0.0	1.0	17	0	0	0	1.0
NP_mature_chondrocyte	healthy_vs_degenerated_all	PAX7	0.0	1.0	9	0	0	0	1.0
NP_mature_chondrocyte	healthy_vs_degenerated_all	SFPQ	0.0	1.0	19	0	0	0	1.0
NP_mature_chondrocyte	healthy_vs_degenerated_all	BMAL1	0.0	1.0	44	0	0	0	1.0
NP_mature_chondrocyte	healthy_vs_degenerated_all	SKIL	0.0	1.0	14	0	0	0	1.0
NP_mature_chondrocyte	healthy_vs_degenerated_all	TBXT	0.0	1.0	6	0	0	0	1.0
NP_mature_chondrocyte	healthy_vs_degenerated_all	MSX2	0.0	1.0	22	0	0	0	1.0
NP_mature_chondrocyte	healthy_vs_degenerated_all	MZF1	0.0	1.0	14	0	0	0	1.0
NP_mature_chondrocyte	healthy_vs_degenerated_all	HOXA5	0.0	1.0	9	0	0	0	1.0
NP_mature_chondrocyte	healthy_vs_degenerated_all	HOXB4	0.0	1.0	5	0	0	0	1.0
NP_mature_chondrocyte	healthy_vs_degenerated_all	CREB3	0.0	1.0	8	0	0	0	1.0
NP_mature_chondrocyte	healthy_vs_degenerated_all	NFE2	0.0	1.0	11	0	0	0	1.0
NP_mature_chondrocyte	healthy_vs_degenerated_all	ZNF76	0.0	1.0	6	0	0	0	1.0
NP_mature_chondrocyte	healthy_vs_degenerated_all	FOXQ1	0.0	1.0	9	0	0	0	1.0
NP_mature_chondrocyte	healthy_vs_degenerated_all	ZGLP1	0.0	1.0	9	0	0	0	1.0
NP_mature_chondrocyte	healthy_vs_degenerated_all	NFYB	0.0	1.0	29	0	0	0	1.0
NP_mature_chondrocyte	healthy_vs_degenerated_all	ETV3	0.0	1.0	10	0	0	0	1.0
NP_mature_chondrocyte	healthy_vs_degenerated_all	GSC	0.0	1.0	5	0	0	0	1.0
NP_mature_chondrocyte	healthy_vs_degenerated_all	IRF7	0.0	1.0	8	0	0	0	1.0
NP_mature_chondrocyte	healthy_vs_degenerated_all	NFATC3	0.0	1.0	18	0	0	0	1.0
NP_mature_chondrocyte	healthy_vs_degenerated_all	KDM5A	0.0	1.0	13	0	0	0	1.0
NP_mature_chondrocyte	healthy_vs_degenerated_all	GRHL3	0.0	1.0	14	0	0	0	1.0
NP_mature_chondrocyte	healthy_vs_degenerated_all	THRA	0.0	1.0	40	0	0	0	1.0
NP_mature_chondrocyte	healthy_vs_degenerated_all	SOX17	0.0	1.0	25	0	0	0	1.0
NP_mature_chondrocyte	healthy_vs_degenerated_all	TBX15	0.0	1.0	19	0	0	0	1.0
NP_mature_chondrocyte	healthy_vs_degenerated_all	NFAT5	0.0	1.0	35	0	0	0	1.0
NP_mature_chondrocyte	healthy_vs_degenerated_all	BMAL2	0.0	1.0	6	0	0	0	1.0
NP_mature_chondrocyte	healthy_vs_degenerated_all	NFE2L2	0.0	1.0	143	0	0	0	1.0
NP_mature_chondrocyte	healthy_vs_degenerated_all	ZIC1	0.0	1.0	9	0	0	0	1.0
NP_mature_chondrocyte	healthy_vs_degenerated_all	MEIS1	0.0	1.0	9	0	0	0	1.0
NP_mature_chondrocyte	healthy_vs_degenerated_all	HOXA9	0.0	1.0	27	0	0	0	1.0
NP_mature_chondrocyte	healthy_vs_degenerated_all	MAFA	0.0	1.0	11	0	0	0	1.0
NP_mature_chondrocyte	healthy_vs_degenerated_all	NR1D1	0.0	1.0	13	0	0	0	1.0
NP_mature_chondrocyte	healthy_vs_degenerated_all	MYF6	0.0	1.0	6	0	0	0	1.0
NP_mature_chondrocyte	healthy_vs_degenerated_all	ZNF263	0.0	1.0	6	0	0	0	1.0
NP_mature_chondrocyte	healthy_vs_degenerated_all	NFIA	0.0	1.0	31	0	0	0	1.0
NP_mature_chondrocyte	healthy_vs_degenerated_all	HEY2	0.0	1.0	10	0	0	0	1.0
NP_mature_chondrocyte	healthy_vs_degenerated_all	HOXB7	0.0	1.0	11	0	0	0	1.0
NP_mature_chondrocyte	healthy_vs_degenerated_all	ZNF350	0.0	1.0	9	0	0	0	1.0
NP_mature_chondrocyte	healthy_vs_degenerated_all	BCL11A	0.0	1.0	8	0	0	0	1.0
NP_mature_chondrocyte	healthy_vs_degenerated_all	TWIST1	0.0	1.0	53	0	0	0	1.0
NP_mature_chondrocyte	healthy_vs_degenerated_all	ZNF395	0.0	1.0	5	0	0	0	1.0
NP_mature_chondrocyte	healthy_vs_degenerated_all	TFDP2	0.0	1.0	5	0	0	0	1.0
NP_mature_chondrocyte	healthy_vs_degenerated_all	GTF3A	0.0	1.0	16	0	0	0	1.0
NP_mature_chondrocyte	healthy_vs_degenerated_all	KLF10	0.0	1.0	17	0	0	0	1.0
NP_mature_chondrocyte	healthy_vs_degenerated_all	KLF2	0.0	1.0	34	0	0	0	1.0
NP_mature_chondrocyte	healthy_vs_degenerated_all	PHF20	0.0	1.0	7	0	0	0	1.0
NP_mature_chondrocyte	healthy_vs_degenerated_all	TGIF1	0.0	1.0	8	0	0	0	1.0
NP_mature_chondrocyte	healthy_vs_degenerated_all	FOXG1	0.0	1.0	12	0	0	0	1.0
NP_mature_chondrocyte	healthy_vs_degenerated_all	SF1	0.0	1.0	5	0	0	0	1.0
NP_mature_chondrocyte	healthy_vs_degenerated_all	MBD2	0.0	1.0	57	0	0	0	1.0
NP_mature_chondrocyte	healthy_vs_degenerated_all	FOXF2	0.0	1.0	8	0	0	0	1.0
NP_mature_chondrocyte	healthy_vs_degenerated_all	HEY1	0.0	1.0	21	0	0	0	1.0
NP_mature_chondrocyte	healthy_vs_degenerated_all	ZBTB17	0.0	1.0	36	0	0	0	1.0
NP_mature_chondrocyte	healthy_vs_degenerated_all	IRF5	0.0	1.0	12	0	0	0	1.0
NP_mature_chondrocyte	healthy_vs_degenerated_all	THRB	0.0	1.0	30	0	0	0	1.0
NP_mature_chondrocyte	healthy_vs_degenerated_all	POU3F2	0.0	1.0	13	0	0	0	1.0
NP_mature_chondrocyte	healthy_vs_degenerated_all	FOXI1	0.0	1.0	5	0	0	0	1.0
NP_mature_chondrocyte	healthy_vs_degenerated_all	KCNIP3	0.0	1.0	8	0	0	0	1.0
NP_mature_chondrocyte	healthy_vs_degenerated_all	FOSB	0.0	1.0	20	0	0	0	1.0
NP_mature_chondrocyte	healthy_vs_degenerated_all	NFE2L1	0.0	1.0	8	0	0	0	1.0
NP_mature_chondrocyte	healthy_vs_degenerated_all	TRERF1	0.0	1.0	5	0	0	0	1.0
NP_mature_chondrocyte	healthy_vs_degenerated_all	FOXP1	0.0	1.0	11	0	0	0	1.0
NP_mature_chondrocyte	healthy_vs_degenerated_all	FOXP2	0.0	1.0	5	0	0	0	1.0
NP_mature_chondrocyte	healthy_vs_degenerated_all	BARX1	0.0	1.0	7	0	0	0	1.0
NP_mature_chondrocyte	healthy_vs_degenerated_all	ZFPM2	0.0	1.0	7	0	0	0	1.0
NP_mature_chondrocyte	healthy_vs_degenerated_all	IKZF1	0.0	1.0	14	0	0	0	1.0
NP_mature_chondrocyte	healthy_vs_degenerated_all	BCL3	0.0	1.0	19	0	0	0	1.0
NP_mature_chondrocyte	healthy_vs_degenerated_all	SP2	0.0	1.0	16	0	0	0	1.0
NP_mature_chondrocyte	healthy_vs_degenerated_all	SIM2	0.0	1.0	8	0	0	0	1.0
NP_mature_chondrocyte	healthy_vs_degenerated_all	NFATC1	0.0	1.0	64	0	0	0	1.0
NP_mature_chondrocyte	healthy_vs_degenerated_all	POU2F3	0.0	1.0	5	0	0	0	1.0
NP_mature_chondrocyte	healthy_vs_degenerated_all	HOXA7	0.0	1.0	10	0	0	0	1.0
NP_mature_chondrocyte	healthy_vs_degenerated_all	NPAS2	0.0	1.0	6	0	0	0	1.0
NP_mature_chondrocyte	healthy_vs_degenerated_all	DLX2	0.0	1.0	12	0	0	0	1.0
NP_mature_chondrocyte	healthy_vs_degenerated_all	PRRX1	0.0	1.0	5	0	0	0	1.0
NP_mature_chondrocyte	healthy_vs_degenerated_all	VEZF1	0.0	1.0	6	0	0	0	1.0
NP_mature_chondrocyte	healthy_vs_degenerated_all	CTBP2	0.0	1.0	9	0	0	0	1.0
NP_mature_chondrocyte	healthy_vs_degenerated_all	SOX6	0.0	1.0	15	0	0	0	1.0
NP_mature_chondrocyte	healthy_vs_degenerated_all	HIPK2	0.0	1.0	7	0	0	0	1.0
NP_mature_chondrocyte	healthy_vs_degenerated_all	RORC	0.0	1.0	6	0	0	0	1.0
NP_mature_chondrocyte	healthy_vs_degenerated_all	PPARD	0.0	1.0	60	0	0	0	1.0
NP_mature_chondrocyte	healthy_vs_degenerated_all	MECOM	0.0	1.0	12	0	0	0	1.0
NP_mature_chondrocyte	healthy_vs_degenerated_all	SIRT1	0.0	1.0	39	0	0	0	1.0
NP_mature_chondrocyte	healthy_vs_degenerated_all	ZBTB7B	0.0	1.0	12	0	0	0	1.0
NP_mature_chondrocyte	healthy_vs_degenerated_all	ZBTB7A	0.0	1.0	29	0	0	0	1.0
NP_mature_chondrocyte	healthy_vs_degenerated_all	NR6A1	0.0	1.0	5	0	0	0	1.0
NP_mature_chondrocyte	healthy_vs_degenerated_all	STAT2	0.0	1.0	29	0	0	0	1.0
NP_mature_chondrocyte	healthy_vs_degenerated_all	ESRRG	0.0	1.0	14	0	0	0	1.0
NP_mature_chondrocyte	healthy_vs_degenerated_all	PRDM2	0.0	1.0	7	0	0	0	1.0
NP_mature_chondrocyte	healthy_vs_degenerated_all	PURA	0.0	1.0	13	0	0	0	1.0
NP_mature_chondrocyte	healthy_vs_degenerated_all	NEUROD6	0.0	1.0	8	0	0	0	1.0
NP_mature_chondrocyte	healthy_vs_degenerated_all	NEUROG2	0.0	1.0	8	0	0	0	1.0
NP_mature_chondrocyte	healthy_vs_degenerated_all	HMGB2	0.0	1.0	6	0	0	0	1.0
NP_mature_chondrocyte	healthy_vs_degenerated_all	DLX3	0.0	1.0	10	0	0	0	1.0
NP_mature_chondrocyte	healthy_vs_degenerated_all	TWIST2	0.0	1.0	24	0	0	0	1.0
NP_mature_chondrocyte	healthy_vs_degenerated_all	TFAP4	0.0	1.0	23	0	0	0	1.0
NP_mature_chondrocyte	healthy_vs_degenerated_all	KAT6B	0.0	1.0	6	0	0	0	1.0
NP_mature_chondrocyte	healthy_vs_degenerated_all	SALL3	0.0	1.0	5	0	0	0	1.0
NP_mature_chondrocyte	healthy_vs_degenerated_all	MXI1	0.0	1.0	8	0	0	0	1.0
NP_mature_chondrocyte	healthy_vs_degenerated_all	E2F5	0.0	1.0	9	0	0	0	1.0
NP_mature_chondrocyte	healthy_vs_degenerated_all	E2F2	0.0	1.0	43	0	0	0	1.0
NP_mature_chondrocyte	healthy_vs_degenerated_all	FOXD3	0.0	1.0	8	0	0	0	1.0
NP_mature_chondrocyte	healthy_vs_degenerated_all	POU5F1	0.0	1.0	40	0	0	0	1.0
NP_mature_chondrocyte	healthy_vs_degenerated_all	PLAGL1	0.0	1.0	14	0	0	0	1.0
NP_mature_chondrocyte	healthy_vs_degenerated_all	SNAI2	0.0	1.0	27	0	0	0	1.0
NP_mature_chondrocyte	healthy_vs_degenerated_all	NOTCH1	0.0	1.0	40	0	0	0	1.0
NP_mature_chondrocyte	healthy_vs_degenerated_all	FOXC2	0.0	1.0	11	0	0	0	1.0
NP_mature_chondrocyte	healthy_vs_degenerated_all	FOXD1	0.0	1.0	5	0	0	0	1.0
NP_mature_chondrocyte	healthy_vs_degenerated_all	KLF9	0.0	1.0	16	0	0	0	1.0
NP_mature_chondrocyte	healthy_vs_degenerated_all	TBPL2	0.0	1.0	8	0	0	0	1.0
NP_mature_chondrocyte	healthy_vs_degenerated_all	NFIL3	0.0	1.0	15	0	0	0	1.0
NP_mature_chondrocyte	healthy_vs_degenerated_all	ZNF384	0.0	1.0	10	0	0	0	1.0
NP_mature_chondrocyte	healthy_vs_degenerated_all	HOXA11	0.0	1.0	5	0	0	0	1.0
NP_mature_chondrocyte	healthy_vs_degenerated_all	MEF2D	0.0	1.0	17	0	0	0	1.0
NP_mature_chondrocyte	healthy_vs_degenerated_all	SMAD5	0.0	1.0	26	0	0	0	1.0
NP_mature_chondrocyte	healthy_vs_degenerated_all	MLXIPL	0.0	1.0	10	0	0	0	1.0
NP_mature_chondrocyte	healthy_vs_degenerated_all	ZBTB33	0.0	1.0	7	0	0	0	1.0
NP_mature_chondrocyte	healthy_vs_degenerated_all	KLF15	0.0	1.0	12	0	0	0	1.0
NP_mature_chondrocyte	healthy_vs_degenerated_all	DNMT3A	0.0	1.0	40	0	0	0	1.0
NP_mature_chondrocyte	healthy_vs_degenerated_all	DNMT3B	0.0	1.0	51	0	0	0	1.0
NP_mature_chondrocyte	healthy_vs_degenerated_all	OLIG2	0.0	1.0	10	0	0	0	1.0
NP_mature_chondrocyte	healthy_vs_degenerated_all	MAFG	0.0	1.0	9	0	0	0	1.0
NP_mature_chondrocyte	healthy_vs_degenerated_all	TEF	0.0	1.0	9	0	0	0	1.0
NP_mature_chondrocyte	healthy_vs_degenerated_all	HOXD13	0.0	1.0	8	0	0	0	1.0
NP_mature_chondrocyte	healthy_vs_degenerated_all	ZKSCAN7	0.0	1.0	8	0	0	0	1.0
NP_mature_chondrocyte	healthy_vs_degenerated_all	BACH1	0.0	1.0	14	0	0	0	1.0
NP_mature_chondrocyte	healthy_vs_degenerated_all	TEAD4	0.0	1.0	7	0	0	0	1.0
NP_mature_chondrocyte	healthy_vs_degenerated_all	GCM1	0.0	1.0	5	0	0	0	1.0
NP_mature_chondrocyte	healthy_vs_degenerated_all	BHLHE41	0.0	1.0	17	0	0	0	1.0
NP_mature_chondrocyte	healthy_vs_degenerated_all	MTA1	0.0	1.0	40	0	0	0	1.0
NP_mature_chondrocyte	healthy_vs_degenerated_all	EHF	0.0	1.0	8	0	0	0	1.0
NP_mature_chondrocyte	healthy_vs_degenerated_all	TCF7L2	0.0	1.0	74	0	0	0	1.0
NP_mature_chondrocyte	healthy_vs_degenerated_all	VSX2	0.0	1.0	14	0	0	0	1.0
NP_mature_chondrocyte	healthy_vs_degenerated_all	TSC22D1	0.0	1.0	7	0	0	0	1.0
NP_mature_chondrocyte	healthy_vs_degenerated_all	SOX5	0.0	1.0	10	0	0	0	1.0
NP_mature_chondrocyte	healthy_vs_degenerated_all	SOX2	0.0	1.0	34	0	0	0	1.0
NP_mature_chondrocyte	healthy_vs_degenerated_all	NKX3-2	0.0	1.0	6	0	0	0	1.0
NP_mature_chondrocyte	healthy_vs_degenerated_all	PAX9	0.0	1.0	6	0	0	0	1.0
NP_mature_chondrocyte	healthy_vs_degenerated_all	TCF21	0.0	1.0	6	0	0	0	1.0
NP_mature_chondrocyte	healthy_vs_degenerated_all	HIC1	0.0	1.0	17	0	0	0	1.0
NP_mature_chondrocyte	healthy_vs_degenerated_all	ZEB2	0.0	1.0	17	0	0	0	1.0
NP_mature_chondrocyte	healthy_vs_degenerated_all	NONO	0.0	1.0	11	0	0	0	1.0
NP_mature_chondrocyte	healthy_vs_degenerated_all	CEBPZ	0.0	1.0	13	0	0	0	1.0
NP_mature_chondrocyte	healthy_vs_degenerated_all	SIX1	0.0	1.0	7	0	0	0	1.0
NP_mature_chondrocyte	healthy_vs_degenerated_all	NFIX	0.0	1.0	15	0	0	0	1.0
NP_mature_chondrocyte	healthy_vs_degenerated_all	MNT	0.0	1.0	8	0	0	0	1.0
NP_mature_chondrocyte	healthy_vs_degenerated_all	HOXA1	0.0	1.0	14	0	0	0	1.0
NP_mature_chondrocyte	healthy_vs_degenerated_all	BCL11B	0.0	1.0	18	0	0	0	1.0
NP_mature_chondrocyte	healthy_vs_degenerated_all	RXRB	0.0	1.0	7	0	0	0	1.0
NP_mature_chondrocyte	healthy_vs_degenerated_all	E2F6	0.0	1.0	33	0	0	0	1.0
NP_mature_chondrocyte	healthy_vs_degenerated_all	HOXA13	0.0	1.0	6	0	0	0	1.0
NP_mature_chondrocyte	healthy_vs_degenerated_all	KAT6A	0.0	1.0	11	0	0	0	1.0
NP_mature_chondrocyte	healthy_vs_degenerated_all	GFI1	0.0	1.0	32	0	0	0	1.0
NP_mature_chondrocyte	healthy_vs_degenerated_all	RUNX3	0.0	1.0	44	0	0	0	1.0
NP_mature_chondrocyte	healthy_vs_degenerated_all	GLI1	0.0	1.0	113	0	0	0	1.0
NP_mature_chondrocyte	healthy_vs_degenerated_all	KLF8	0.0	1.0	15	0	0	0	1.0
NP_mature_chondrocyte	healthy_vs_degenerated_all	HIF3A	0.0	1.0	5	0	0	0	1.0
NP_mature_chondrocyte	healthy_vs_degenerated_all	MEOX2	0.0	1.0	6	0	0	0	1.0
NP_mature_chondrocyte	healthy_vs_degenerated_all	JARID2	0.0	1.0	10	0	0	0	1.0
NP_mature_chondrocyte	healthy_vs_degenerated_all	NFYC	0.0	1.0	18	0	0	0	1.0
NP_mature_chondrocyte	healthy_vs_degenerated_all	GFI1B	0.0	1.0	9	0	0	0	1.0
NP_mature_chondrocyte	healthy_vs_degenerated_all	ASCL2	0.0	1.0	5	0	0	0	1.0
NP_mature_chondrocyte	healthy_vs_degenerated_all	MSC	0.0	1.0	13	0	0	0	1.0
NP_mature_chondrocyte	healthy_vs_degenerated_all	HOXB9	0.0	1.0	5	0	0	0	1.0
NP_mature_chondrocyte	healthy_vs_degenerated_all	HLX	0.0	1.0	12	0	0	0	1.0
NP_mature_chondrocyte	healthy_vs_degenerated_all	RCOR2	0.0	1.0	12	0	0	0	1.0
NP_mature_chondrocyte	healthy_vs_degenerated_all	NKX2-2	0.0	1.0	9	0	0	0	1.0
NP_mature_chondrocyte	healthy_vs_degenerated_all	ARID4A	0.0	1.0	6	0	0	0	1.0
NP_mature_chondrocyte	healthy_vs_degenerated_all	HINFP	0.0	1.0	9	0	0	0	1.0
NP_mature_chondrocyte	healthy_vs_degenerated_all	SMARCC1	0.0	1.0	6	0	0	0	1.0
NP_mature_chondrocyte	healthy_vs_degenerated_all	KAT2B	0.0	1.0	12	0	0	0	1.0
NP_mature_chondrocyte	healthy_vs_degenerated_all	HDGF	0.0	1.0	5	0	0	0	1.0
NP_mature_chondrocyte	healthy_vs_degenerated_all	EP300	0.0	1.0	42	0	0	0	1.0
NP_mature_chondrocyte	healthy_vs_degenerated_all	TRPS1	0.0	1.0	12	0	0	0	1.0
NP_mature_chondrocyte	healthy_vs_degenerated_all	CTNNB1	0.0	1.0	200	0	0	0	1.0
NP_mature_chondrocyte	healthy_vs_degenerated_all	PML	0.0	1.0	15	0	0	0	1.0
NP_mature_chondrocyte	healthy_vs_degenerated_all	KLF7	0.0	1.0	8	0	0	0	1.0
NP_mature_chondrocyte	healthy_vs_degenerated_all	PROP1	0.0	1.0	6	0	0	0	1.0
NP_mature_chondrocyte	healthy_vs_degenerated_all	LMO2	0.0	1.0	18	0	0	0	1.0
NP_mature_chondrocyte	healthy_vs_degenerated_all	MEOX1	0.0	1.0	6	0	0	0	1.0
NP_mature_chondrocyte	healthy_vs_degenerated_all	FOXL2	0.0	1.0	13	0	0	0	1.0
NP_mature_chondrocyte	healthy_vs_degenerated_all	HTATIP2	0.0	1.0	11	0	0	0	1.0
NP_mature_chondrocyte	healthy_vs_degenerated_all	EZH2	0.0	1.0	97	0	0	0	1.0
NP_mature_chondrocyte	healthy_vs_degenerated_all	GLI2	0.0	1.0	101	0	0	0	1.0
NP_mature_chondrocyte	healthy_vs_degenerated_all	TCF7	0.0	1.0	12	0	0	0	1.0
NP_mature_chondrocyte	healthy_vs_degenerated_all	FOXC1	0.0	1.0	9	0	0	0	1.0
NP_mature_chondrocyte	healthy_vs_degenerated_all	HOXB13	0.0	1.0	8	0	0	0	1.0
NP_mature_chondrocyte	healthy_vs_degenerated_all	ABL1	0.0	1.0	10	0	0	0	1.0
NP_mature_chondrocyte	healthy_vs_degenerated_all	TBX3	0.0	1.0	11	0	0	0	1.0
NP_mature_chondrocyte	healthy_vs_degenerated_all	NFKBIZ	0.0	1.0	5	0	0	0	1.0
NP_mature_chondrocyte	healthy_vs_degenerated_all	PLAGL2	0.0	1.0	5	0	0	0	1.0
NP_mature_chondrocyte	healthy_vs_degenerated_all	TET1	0.0	1.0	9	0	0	0	1.0
NP_mature_chondrocyte	healthy_vs_degenerated_all	FOXH1	0.0	1.0	7	0	0	0	1.0
NP_mature_chondrocyte	healthy_vs_degenerated_all	FOXP3	0.0	1.0	27	0	0	0	1.0
NP_mature_chondrocyte	healthy_vs_degenerated_all	CREB3L1	0.0	1.0	7	0	0	0	1.0
NP_mature_chondrocyte	healthy_vs_degenerated_all	TFDP3	0.0	1.0	5	0	0	0	1.0
NP_mature_chondrocyte	healthy_vs_degenerated_all	SP7	0.0	1.0	24	0	0	0	1.0
NP_mature_chondrocyte	healthy_vs_degenerated_all	OVOL1	0.0	1.0	8	0	0	0	1.0
NP_mature_chondrocyte	healthy_vs_degenerated_all	ZNF436	0.0	1.0	5	0	0	0	1.0
NP_mature_chondrocyte	healthy_vs_degenerated_all	ATF7	0.0	1.0	5	0	0	0	1.0
NP_mature_chondrocyte	healthy_vs_degenerated_all	SCX	0.0	1.0	8	0	0	0	1.0
NP_mature_chondrocyte	healthy_vs_degenerated_all	NANOG	0.0	1.0	31	0	0	0	1.0
NP_mature_chondrocyte	healthy_vs_degenerated_all	ARX	0.0	1.0	13	0	0	0	1.0
NP_mature_chondrocyte	healthy_vs_degenerated_all	VHL	0.0	1.0	20	0	0	0	1.0
NP_mature_chondrocyte	healthy_vs_degenerated_all	SOX4	0.0	1.0	18	0	0	0	1.0
NP_mature_chondrocyte	healthy_vs_degenerated_all	ATF5	0.0	1.0	21	0	0	0	1.0
NP_mature_chondrocyte	healthy_vs_degenerated_all	CTCFL	0.0	1.0	6	0	0	0	1.0
NP_mature_chondrocyte	healthy_vs_degenerated_all	SP6	0.0	1.0	5	0	0	0	1.0
NP_mature_chondrocyte	healthy_vs_degenerated_all	SMARCA5	0.0	1.0	8	0	0	0	1.0
NP_mature_chondrocyte	healthy_vs_degenerated_all	EOMES	0.0	1.0	8	0	0	0	1.0
NP_mature_chondrocyte	healthy_vs_degenerated_all	ESRRB	0.0	1.0	5	0	0	0	1.0
NP_mature_chondrocyte	healthy_vs_degenerated_all	ZXDC	0.0	1.0	5	0	0	0	1.0
NP_mature_chondrocyte	healthy_vs_degenerated_all	NR2E1	0.0	1.0	10	0	0	0	1.0
NP_mature_chondrocyte	healthy_vs_degenerated_all	ZFP42	0.0	1.0	12	0	0	0	1.0
NP_mature_chondrocyte	healthy_vs_degenerated_all	KMT2B	0.0	1.0	11	0	0	0	1.0
NP_mature_chondrocyte	healthy_vs_degenerated_all	NFIB	0.0	1.0	14	0	0	0	1.0
NP_mature_chondrocyte	healthy_vs_degenerated_all	EN1	0.0	1.0	5	0	0	0	1.0
NP_mature_chondrocyte	healthy_vs_degenerated_all	MTA3	0.0	1.0	9	0	0	0	1.0
NP_mature_chondrocyte	healthy_vs_degenerated_all	TBX18	0.0	1.0	7	0	0	0	1.0
NP_mature_chondrocyte	healthy_vs_degenerated_all	EGR4	0.0	1.0	9	0	0	0	1.0
NP_mature_chondrocyte	healthy_vs_degenerated_all	HSF4	0.0	1.0	8	0	0	0	1.0
NP_mature_chondrocyte	healthy_vs_degenerated_all	BCLAF1	0.0	1.0	5	0	0	0	1.0
NP_mature_chondrocyte	healthy_vs_degenerated_all	KDM5C	0.0	1.0	10	0	0	0	1.0
NP_mature_chondrocyte	healthy_vs_degenerated_all	FOSL2	0.0	1.0	22	0	0	0	1.0
NP_mature_chondrocyte	healthy_vs_degenerated_all	MED1	0.0	1.0	9	0	0	0	1.0
NP_mature_chondrocyte	healthy_vs_degenerated_all	LYL1	0.0	1.0	12	0	0	0	1.0
NP_mature_chondrocyte	healthy_vs_degenerated_all	HOXD1	0.0	1.0	5	0	0	0	1.0
NP_mature_chondrocyte	healthy_vs_degenerated_all	SALL4	0.0	1.0	7	0	0	0	1.0
NP_mature_chondrocyte	healthy_vs_degenerated_all	KDM5B	0.0	1.0	20	0	0	0	1.0
NP_mature_chondrocyte	healthy_vs_degenerated_all	TADA2A	0.0	1.0	6	0	0	0	1.0
NP_mature_chondrocyte	healthy_vs_degenerated_all	SATB2	0.0	1.0	17	0	0	0	1.0
NP_mature_chondrocyte	healthy_vs_degenerated_all	NSD2	0.0	1.0	6	0	0	0	1.0
NP_mature_chondrocyte	healthy_vs_degenerated_all	PBRM1	0.0	1.0	7	0	0	0	1.0
NP_mature_chondrocyte	healthy_vs_degenerated_all	ZBTB4	0.0	1.0	12	0	0	0	1.0
NP_mature_chondrocyte	healthy_vs_degenerated_all	THAP11	0.0	1.0	6	0	0	0	1.0
NP_mature_chondrocyte	healthy_vs_degenerated_all	FOXJ1	0.0	1.0	8	0	0	0	1.0
NP_mature_chondrocyte	healthy_vs_degenerated_all	PPARGC1A	0.0	1.0	18	0	0	0	1.0
NP_mature_chondrocyte	healthy_vs_degenerated_all	BATF	0.0	1.0	7	0	0	0	1.0
NP_mature_chondrocyte	healthy_vs_degenerated_all	ARID3B	0.0	1.0	5	0	0	0	1.0
NP_mature_chondrocyte	healthy_vs_degenerated_all	ZNF300	0.0	1.0	5	0	0	0	1.0
NP_mature_chondrocyte	healthy_vs_degenerated_all	NUPR1	0.0	1.0	6	0	0	0	1.0
NP_mature_chondrocyte	healthy_vs_degenerated_all	ZNF331	0.0	1.0	17	0	0	0	1.0
NP_mature_chondrocyte	healthy_vs_degenerated_all	ZNF382	0.0	1.0	11	0	0	0	1.0
NP_mature_chondrocyte	healthy_vs_degenerated_all	HOXD8	0.0	1.0	5	0	0	0	1.0
NP_mature_chondrocyte	healthy_vs_degenerated_all	LHX8	0.0	1.0	7	0	0	0	1.0
NP_mature_chondrocyte	healthy_vs_degenerated_all	IRX1	0.0	1.0	11	0	0	0	1.0
NP_mature_chondrocyte	healthy_vs_degenerated_all	SOX11	0.0	1.0	7	0	0	0	1.0
NP_mature_chondrocyte	healthy_vs_degenerated_all	IRF6	0.0	1.0	10	0	0	0	1.0
NP_mature_chondrocyte	healthy_vs_degenerated_all	E2F7	0.0	1.0	5	0	0	0	1.0
NP_mature_chondrocyte	healthy_vs_degenerated_all	HEYL	0.0	1.0	5	0	0	0	1.0
NP_mature_chondrocyte	healthy_vs_degenerated_all	MECP2	0.0	1.0	17	0	0	0	1.0
NP_mature_chondrocyte	healthy_vs_degenerated_all	MAML1	0.0	1.0	5	0	0	0	1.0
NP_mature_chondrocyte	healthy_vs_degenerated_all	DOT1L	0.0	1.0	8	0	0	0	1.0
NP_mature_chondrocyte	healthy_vs_degenerated_all	ARID3A	0.0	1.0	6	0	0	0	1.0
NP_mature_chondrocyte	healthy_vs_degenerated_all	ARID1A	0.0	1.0	5	0	0	0	1.0
NP_mature_chondrocyte	healthy_vs_degenerated_all	ZBTB18	0.0	1.0	6	0	0	0	1.0
NP_mature_chondrocyte	healthy_vs_degenerated_all	TCF15	0.0	1.0	5	0	0	0	1.0
NP_mature_chondrocyte	healthy_vs_degenerated_all	NPM1	0.0	1.0	11	0	0	0	1.0
NP_mature_chondrocyte	healthy_vs_degenerated_all	SETBP1	0.0	1.0	5	0	0	0	1.0
NP_mature_chondrocyte	healthy_vs_degenerated_all	KDM2A	0.0	1.0	8	0	0	0	1.0
NP_mature_chondrocyte	healthy_vs_degenerated_all	MKX	0.0	1.0	6	0	0	0	1.0
NP_mature_chondrocyte	healthy_vs_degenerated_all	HDAC3	0.0	1.0	14	0	0	0	1.0
NP_mature_chondrocyte	healthy_vs_degenerated_all	BTG2	0.0	1.0	6	0	0	0	1.0
NP_mature_chondrocyte	healthy_vs_degenerated_all	CREB5	0.0	1.0	9	0	0	0	1.0
NP_mature_chondrocyte	healthy_vs_degenerated_all	CTBP1	0.0	1.0	8	0	0	0	1.0
NP_mature_chondrocyte	healthy_vs_degenerated_all	HDAC1	0.0	1.0	59	0	0	0	1.0
NP_mature_chondrocyte	healthy_vs_degenerated_all	HCFC1	0.0	1.0	7	0	0	0	1.0
NP_mature_chondrocyte	healthy_vs_degenerated_all	ETV7	0.0	1.0	8	0	0	0	1.0
NP_mature_chondrocyte	healthy_vs_degenerated_all	FHL2	0.0	1.0	6	0	0	0	1.0
NP_mature_chondrocyte	healthy_vs_degenerated_all	HDAC4	0.0	1.0	16	0	0	0	1.0
NP_mature_chondrocyte	healthy_vs_degenerated_all	HDAC7	0.0	1.0	10	0	0	0	1.0
NP_mature_chondrocyte	healthy_vs_degenerated_all	HDAC9	0.0	1.0	14	0	0	0	1.0
NP_mature_chondrocyte	healthy_vs_degenerated_all	ING4	0.0	1.0	14	0	0	0	1.0
NP_mature_chondrocyte	healthy_vs_degenerated_all	SIN3A	0.0	1.0	8	0	0	0	1.0
NP_mature_chondrocyte	healthy_vs_degenerated_all	SMARCA4	0.0	1.0	7	0	0	0	1.0
NP_mature_chondrocyte	healthy_vs_degenerated_all	WWTR1	0.0	1.0	8	0	0	0	1.0
NP_mature_chondrocyte	healthy_vs_degenerated_all	PIN1	0.0	1.0	5	0	0	0	1.0
NP_mature_chondrocyte	healthy_vs_degenerated_all	FGF2	0.0	1.0	8	0	0	0	1.0
NP_mature_chondrocyte	healthy_vs_degenerated_all	PARK7	0.0	1.0	6	0	0	0	1.0
NP_mature_chondrocyte	healthy_vs_degenerated_all	YAP1	0.0	1.0	8	0	0	0	1.0
NP_mature_chondrocyte	healthy_vs_degenerated_all	BCOR	0.0	1.0	5	0	0	0	1.0
NP_mature_chondrocyte	healthy_vs_degenerated_all	BRD4	0.0	1.0	8	0	0	0	1.0
NP_mature_chondrocyte	healthy_vs_degenerated_all	SRSF2	0.0	1.0	12	0	0	0	1.0
NP_mature_chondrocyte	healthy_vs_degenerated_all	ZMYND8	0.0	1.0	6	0	0	0	1.0
NP_mature_chondrocyte	healthy_vs_degenerated_all	ARID4B	0.0	1.0	8	0	0	0	1.0
NP_mature_chondrocyte	healthy_vs_degenerated_all	AP1	0.0	1.0	327	0	0	0	1.0
NP_mature_chondrocyte	healthy_vs_degenerated_all	NFKB	0.0	1.0	479	0	0	0	1.0
NP_mature_chondrocyte	healthy_vs_degenerated_severe	MYC	0.007342143906020558	0.11077590160114219	681	15	10	5	0.48791876929055306
NP_mature_chondrocyte	healthy_vs_degenerated_severe	SPI1	0.017341040462427744	0.01862970452547889	173	7	5	2	0.23882181715118092
NP_mature_chondrocyte	healthy_vs_degenerated_severe	SMAD3	0.009433962264150943	0.8124205789445138	106	1	1	0	1.0
NP_mature_chondrocyte	healthy_vs_degenerated_severe	SMAD4	0.02564102564102564	0.34400903294297747	78	2	2	0	0.814102064400353
NP_mature_chondrocyte	healthy_vs_degenerated_severe	STAT5A	0.016260162601626018	0.12576520029621535	123	4	3	1	0.48791876929055306
NP_mature_chondrocyte	healthy_vs_degenerated_severe	STAT5B	-0.015625	0.6352335321418119	64	1	0	1	1.0
NP_mature_chondrocyte	healthy_vs_degenerated_severe	RELA	0.03125	0.004333935708544284	320	12	11	1	0.1023475586556227
NP_mature_chondrocyte	healthy_vs_degenerated_severe	WT1	-0.01098901098901099	0.16929778298987846	91	3	1	2	0.5736839721677679
NP_mature_chondrocyte	healthy_vs_degenerated_severe	NR0B2	0.015384615384615385	0.6409532725440008	65	1	1	0	1.0
NP_mature_chondrocyte	healthy_vs_degenerated_severe	SP1	0.011378002528445006	0.0027158457937424404	791	23	16	7	0.07579678715262993
NP_mature_chondrocyte	healthy_vs_degenerated_severe	TP53	0.005689900426742532	0.02578072064451933	703	18	11	7	0.27509730617422257
NP_mature_chondrocyte	healthy_vs_degenerated_severe	ZBTB16	0.0	0.10296457763711184	35	2	1	1	0.4809558649910141
NP_mature_chondrocyte	healthy_vs_degenerated_severe	ETV6	0.058823529411764705	0.23456122339521784	17	1	1	0	0.657628270158282
NP_mature_chondrocyte	healthy_vs_degenerated_severe	RUNX1	0.017699115044247787	0.008422977961432598	113	6	4	2	0.15595804509704794
NP_mature_chondrocyte	healthy_vs_degenerated_severe	STAT1	0.014634146341463415	0.6235287851297313	205	3	3	0	1.0
NP_mature_chondrocyte	healthy_vs_degenerated_severe	STAT3	0.011494252873563218	0.021069681759154704	261	9	6	3	0.25873569200241975
NP_mature_chondrocyte	healthy_vs_degenerated_severe	ETV4	0.0	0.12848428594090325	40	2	1	1	0.48791876929055306
NP_mature_chondrocyte	healthy_vs_degenerated_severe	MTF1	0.0	1.0	25	0	0	0	1.0
NP_mature_chondrocyte	healthy_vs_degenerated_severe	CREB1	0.030303030303030304	0.008361996910182827	264	10	9	1	0.15595804509704794
NP_mature_chondrocyte	healthy_vs_degenerated_severe	FOXA2	0.022727272727272728	0.4997796876359313	44	1	1	0	1.0
NP_mature_chondrocyte	healthy_vs_degenerated_severe	NFATC2	0.041666666666666664	0.17183570076145466	48	2	2	0	0.5736839721677679
NP_mature_chondrocyte	healthy_vs_degenerated_severe	CEBPB	0.00796812749003984	0.042832078186020056	251	8	5	3	0.3602588494002235
NP_mature_chondrocyte	healthy_vs_degenerated_severe	FOS	0.04639175257731959	0.00022484457301351522	194	11	10	1	0.02761091356605967
NP_mature_chondrocyte	healthy_vs_degenerated_severe	PLAG1	0.14285714285714285	0.10418099355668548	7	1	1	0	0.4809558649910141
NP_mature_chondrocyte	healthy_vs_degenerated_severe	E2F1	0.023715415019762844	0.20298103431643816	253	6	6	0	0.6292462131820407
NP_mature_chondrocyte	healthy_vs_degenerated_severe	E2F3	0.0	1.0	59	0	0	0	1.0
NP_mature_chondrocyte	healthy_vs_degenerated_severe	HBP1	0.0	0.07910876582444257	30	2	1	1	0.46430026281738
NP_mature_chondrocyte	healthy_vs_degenerated_severe	YY1	0.012658227848101266	0.7096672229994547	158	2	2	0	1.0
NP_mature_chondrocyte	healthy_vs_degenerated_severe	ESR1	0.005141388174807198	0.01867010948413141	389	12	7	5	0.23882181715118092
NP_mature_chondrocyte	healthy_vs_degenerated_severe	JUN	0.020887728459530026	0.002659502601975037	383	14	11	3	0.07579678715262993
NP_mature_chondrocyte	healthy_vs_degenerated_severe	NR1I3	0.037037037037037035	0.34605967232653445	27	1	1	0	0.814102064400353
NP_mature_chondrocyte	healthy_vs_degenerated_severe	CEBPG	0.010416666666666666	0.017009908825578467	96	5	3	2	0.22704530475880824
NP_mature_chondrocyte	healthy_vs_degenerated_severe	MAFK	0.0	0.02512330302917475	16	2	1	1	0.27509730617422257
NP_mature_chondrocyte	healthy_vs_degenerated_severe	STAT4	0.0	1.0	13	0	0	0	1.0
NP_mature_chondrocyte	healthy_vs_degenerated_severe	IRF1	0.0	0.42707715941372437	93	2	1	1	0.9466620067871002
NP_mature_chondrocyte	healthy_vs_degenerated_severe	ATF2	0.04938271604938271	0.03757468190413148	81	4	4	0	0.339277274840246
NP_mature_chondrocyte	healthy_vs_degenerated_severe	NR2C2	0.029411764705882353	0.41434720659052615	34	1	1	0	0.9285006746225659
NP_mature_chondrocyte	healthy_vs_degenerated_severe	IRF3	0.0	1.0	51	0	0	0	1.0
NP_mature_chondrocyte	healthy_vs_degenerated_severe	TFAP2A	0.016483516483516484	0.023832484978888433	182	7	5	2	0.274328522764017
NP_mature_chondrocyte	healthy_vs_degenerated_severe	HNF1A	0.024390243902439025	0.4755409494329658	41	1	1	0	1.0
NP_mature_chondrocyte	healthy_vs_degenerated_severe	ETS1	0.04838709677419355	0.012954973095502538	124	6	6	0	0.19400862147898923
NP_mature_chondrocyte	healthy_vs_degenerated_severe	ARNT	0.023809523809523808	0.48374755029700633	42	1	1	0	1.0
NP_mature_chondrocyte	healthy_vs_degenerated_severe	AHR	0.0	0.06100124991673649	95	4	2	2	0.46126731220876516
NP_mature_chondrocyte	healthy_vs_degenerated_severe	PAX6	0.038461538461538464	0.12201452347270522	78	3	3	0	0.48791876929055306
NP_mature_chondrocyte	healthy_vs_degenerated_severe	NFYA	0.04225352112676056	0.09894462445030787	71	3	3	0	0.4809558649910141
NP_mature_chondrocyte	healthy_vs_degenerated_severe	ZNF148	0.0	1.0	21	0	0	0	1.0
NP_mature_chondrocyte	healthy_vs_degenerated_severe	NFIC	-0.022222222222222223	0.50760914379451	45	1	0	1	1.0
NP_mature_chondrocyte	healthy_vs_degenerated_severe	RBPJ	0.060240963855421686	0.00948576015759768	83	5	5	0	0.16178490935458267
NP_mature_chondrocyte	healthy_vs_degenerated_severe	HES1	0.0	0.2000010657213999	53	2	1	1	0.6233535753956321
NP_mature_chondrocyte	healthy_vs_degenerated_severe	GATA4	0.017241379310344827	0.06163743236416678	58	3	2	1	0.46126731220876516
NP_mature_chondrocyte	healthy_vs_degenerated_severe	GATA6	0.05714285714285714	0.002048244335013873	35	4	3	1	0.07397776598226576
NP_mature_chondrocyte	healthy_vs_degenerated_severe	HNF4A	0.008	0.3092188380995664	125	3	2	1	0.7655659943271522
NP_mature_chondrocyte	healthy_vs_degenerated_severe	RARA	-0.03	0.01994571557257142	100	5	1	4	0.24993202778691534
NP_mature_chondrocyte	healthy_vs_degenerated_severe	DBP	0.0	1.0	19	0	0	0	1.0
NP_mature_chondrocyte	healthy_vs_degenerated_severe	HLF	0.0	1.0	11	0	0	0	1.0
NP_mature_chondrocyte	healthy_vs_degenerated_severe	PPARG	-0.0048543689320388345	0.0423906119776492	206	7	3	4	0.3602588494002235
NP_mature_chondrocyte	healthy_vs_degenerated_severe	MAX	0.0	1.0	33	0	0	0	1.0
NP_mature_chondrocyte	healthy_vs_degenerated_severe	USF2	0.046875	0.07789048908678105	64	3	3	0	0.46430026281738
NP_mature_chondrocyte	healthy_vs_degenerated_severe	IRF2	-0.06451612903225806	0.08372662045171948	31	2	0	2	0.46430026281738
NP_mature_chondrocyte	healthy_vs_degenerated_severe	SP3	0.01556420233463035	0.0006891295085323299	257	12	8	4	0.05160155497203928
NP_mature_chondrocyte	healthy_vs_degenerated_severe	AR	-0.00872093023255814	0.08939112224786362	344	9	3	6	0.46430026281738
NP_mature_chondrocyte	healthy_vs_degenerated_severe	CUX1	0.013513513513513514	0.6885795288786914	74	1	1	0	1.0
NP_mature_chondrocyte	healthy_vs_degenerated_severe	ATF1	0.05084745762711865	0.002204061047223866	59	5	4	1	0.07518297127752521
NP_mature_chondrocyte	healthy_vs_degenerated_severe	KAT7	0.017857142857142856	0.056614204566150926	56	3	2	1	0.4514431377093074
NP_mature_chondrocyte	healthy_vs_degenerated_severe	CREBZF	0.0	1.0	11	0	0	0	1.0
NP_mature_chondrocyte	healthy_vs_degenerated_severe	GLI3	0.0	0.057354641396451904	25	2	1	1	0.45148397201822393
NP_mature_chondrocyte	healthy_vs_degenerated_severe	NKX2-5	0.0	0.0884246712334034	32	2	1	1	0.46430026281738
NP_mature_chondrocyte	healthy_vs_degenerated_severe	TGFB1I1	0.0	1.0	11	0	0	0	1.0
NP_mature_chondrocyte	healthy_vs_degenerated_severe	RARB	-0.03225806451612903	0.3859953613878968	31	1	0	1	0.8713277643094435
NP_mature_chondrocyte	healthy_vs_degenerated_severe	RARG	-0.05	0.269861367216813	20	1	0	1	0.7050845934941411
NP_mature_chondrocyte	healthy_vs_degenerated_severe	TEAD1	0.0	1.0	14	0	0	0	1.0
NP_mature_chondrocyte	healthy_vs_degenerated_severe	PPARA	-0.02631578947368421	0.0025938403651061745	152	8	2	6	0.07579678715262993
NP_mature_chondrocyte	healthy_vs_degenerated_severe	ESR2	0.02459016393442623	0.29641096394896976	122	3	3	0	0.748956098208508
NP_mature_chondrocyte	healthy_vs_degenerated_severe	NR3C1	0.0	0.23953225032533115	160	4	2	2	0.6667783546677856
NP_mature_chondrocyte	healthy_vs_degenerated_severe	PGR	0.0	0.37780511583068865	84	2	1	1	0.8591568189631217
NP_mature_chondrocyte	healthy_vs_degenerated_severe	NRG1	0.038461538461538464	0.3356787091184276	26	1	1	0	0.8051044039012287
NP_mature_chondrocyte	healthy_vs_degenerated_severe	TBP	0.0	0.47935129983324476	103	2	1	1	1.0
NP_mature_chondrocyte	healthy_vs_degenerated_severe	REL	0.04477611940298507	0.08665040738701514	67	3	3	0	0.46430026281738
NP_mature_chondrocyte	healthy_vs_degenerated_severe	ISL1	0.0	1.0	10	0	0	0	1.0
NP_mature_chondrocyte	healthy_vs_degenerated_severe	ZBTB14	0.2	0.07556848619770717	5	1	1	0	0.46430026281738
NP_mature_chondrocyte	healthy_vs_degenerated_severe	MYB	0.0	0.499439156350606	107	2	1	1	1.0
NP_mature_chondrocyte	healthy_vs_degenerated_severe	PITX1	0.0	1.0	17	0	0	0	1.0
NP_mature_chondrocyte	healthy_vs_degenerated_severe	EGR1	0.03524229074889868	1.2163581334063194e-05	227	14	11	3	0.0037342194695574003
NP_mature_chondrocyte	healthy_vs_degenerated_severe	MYOD1	0.0	0.37780511583068865	84	2	1	1	0.8591568189631217
NP_mature_chondrocyte	healthy_vs_degenerated_severe	ETS2	0.014705882352941176	0.6575829493928183	68	1	1	0	1.0
NP_mature_chondrocyte	healthy_vs_degenerated_severe	GTF2I	0.05555555555555555	0.24651251874525623	18	1	1	0	0.6667783546677856
NP_mature_chondrocyte	healthy_vs_degenerated_severe	NR2F1	0.09523809523809523	0.041796634920966434	21	2	2	0	0.3602588494002235
NP_mature_chondrocyte	healthy_vs_degenerated_severe	ENO1	-0.08333333333333333	0.17191832390695325	12	1	0	1	0.5736839721677679
NP_mature_chondrocyte	healthy_vs_degenerated_severe	JDP2	-0.03571428571428571	0.35627934671866923	28	1	0	1	0.8317700337842697
NP_mature_chondrocyte	healthy_vs_degenerated_severe	MAZ	0.0	1.0	21	0	0	0	1.0
NP_mature_chondrocyte	healthy_vs_degenerated_severe	NR4A1	0.017543859649122806	0.5925776951873907	57	1	1	0	1.0
NP_mature_chondrocyte	healthy_vs_degenerated_severe	HMGA1	0.05128205128205128	0.12326640228141973	39	2	2	0	0.48791876929055306
NP_mature_chondrocyte	healthy_vs_degenerated_severe	NFKB1	0.03829787234042553	0.0011264970109437049	235	11	10	1	0.05431880480983966
NP_mature_chondrocyte	healthy_vs_degenerated_severe	USF1	0.008064516129032258	0.30494659043435984	124	3	2	1	0.758045370553429
NP_mature_chondrocyte	healthy_vs_degenerated_severe	DDIT3	0.014285714285714285	0.09580744819722439	70	3	2	1	0.4809558649910141
NP_mature_chondrocyte	healthy_vs_degenerated_severe	ATF4	0.0	0.0019590585478912385	84	6	3	3	0.07397776598226576
NP_mature_chondrocyte	healthy_vs_degenerated_severe	ATF3	0.0136986301369863	0.683614352661333	73	1	1	0	1.0
NP_mature_chondrocyte	healthy_vs_degenerated_severe	TAF1	-0.02857142857142857	0.4235055192068028	35	1	0	1	0.9421463362064382
NP_mature_chondrocyte	healthy_vs_degenerated_severe	RUNX2	0.012345679012345678	4.39512822986564e-06	81	9	5	4	0.002698608733137503
NP_mature_chondrocyte	healthy_vs_degenerated_severe	TFAP2B	0.25	0.0007385607161836578	12	3	3	0	0.05160155497203928
NP_mature_chondrocyte	healthy_vs_degenerated_severe	CREM	-0.023255813953488372	0.4918264713550454	43	1	0	1	1.0
NP_mature_chondrocyte	healthy_vs_degenerated_severe	IRF8	0.023809523809523808	0.027410943171582148	42	3	2	1	0.27509730617422257
NP_mature_chondrocyte	healthy_vs_degenerated_severe	ETV5	0.16666666666666666	0.08998653302160947	6	1	1	0	0.46430026281738
NP_mature_chondrocyte	healthy_vs_degenerated_severe	DMTF1	0.0	1.0	13	0	0	0	1.0
NP_mature_chondrocyte	healthy_vs_degenerated_severe	NR5A1	0.022727272727272728	0.4997796876359313	44	1	1	0	1.0
NP_mature_chondrocyte	healthy_vs_degenerated_severe	NEUROD2	0.0	1.0	8	0	0	0	1.0
NP_mature_chondrocyte	healthy_vs_degenerated_severe	NEUROD1	0.0	1.0	25	0	0	0	1.0
NP_mature_chondrocyte	healthy_vs_degenerated_severe	HHEX	0.0	1.0	15	0	0	0	1.0
NP_mature_chondrocyte	healthy_vs_degenerated_severe	FOXO3	0.0064516129032258064	0.09492210101618383	155	5	3	2	0.4809558649910141
NP_mature_chondrocyte	healthy_vs_degenerated_severe	MBD1	0.0	1.0	10	0	0	0	1.0
NP_mature_chondrocyte	healthy_vs_degenerated_severe	CEBPD	0.02040816326530612	0.5377272230223632	49	1	1	0	1.0
NP_mature_chondrocyte	healthy_vs_degenerated_severe	ELK1	0.023255813953488372	0.4918264713550454	43	1	1	0	1.0
NP_mature_chondrocyte	healthy_vs_degenerated_severe	FLI1	-0.03333333333333333	0.014127952879791175	60	4	1	3	0.20173402484166933
NP_mature_chondrocyte	healthy_vs_degenerated_severe	ELK4	0.0	1.0	6	0	0	0	1.0
NP_mature_chondrocyte	healthy_vs_degenerated_severe	PREB	0.0	1.0	8	0	0	0	1.0
NP_mature_chondrocyte	healthy_vs_degenerated_severe	POU1F1	0.0	1.0	27	0	0	0	1.0
NP_mature_chondrocyte	healthy_vs_degenerated_severe	PAX5	0.0	0.1079484384307486	36	2	1	1	0.48791876929055306
NP_mature_chondrocyte	healthy_vs_degenerated_severe	CEBPA	0.0	0.5238454953257159	112	2	1	1	1.0
NP_mature_chondrocyte	healthy_vs_degenerated_severe	LITAF	0.0	1.0	20	0	0	0	1.0
NP_mature_chondrocyte	healthy_vs_degenerated_severe	STAT6	0.034482758620689655	0.22865930265979992	58	2	2	0	0.657628270158282
NP_mature_chondrocyte	healthy_vs_degenerated_severe	HIF1A	0.016286644951140065	0.008636113246416336	307	11	8	3	0.15595804509704794
NP_mature_chondrocyte	healthy_vs_degenerated_severe	TP73	0.01	0.20465905010575902	100	3	2	1	0.6292462131820407
NP_mature_chondrocyte	healthy_vs_degenerated_severe	KLF11	0.0	1.0	17	0	0	0	1.0
NP_mature_chondrocyte	healthy_vs_degenerated_severe	TCF4	0.0	0.08372662045171948	31	2	1	1	0.46430026281738
NP_mature_chondrocyte	healthy_vs_degenerated_severe	HIVEP2	0.0	1.0	8	0	0	0	1.0
NP_mature_chondrocyte	healthy_vs_degenerated_severe	E2F4	0.0	1.0	149	0	0	0	1.0
NP_mature_chondrocyte	healthy_vs_degenerated_severe	GATA5	0.0	1.0	8	0	0	0	1.0
NP_mature_chondrocyte	healthy_vs_degenerated_severe	SRF	0.05	0.06686122277944641	60	3	3	0	0.46126731220876516
NP_mature_chondrocyte	healthy_vs_degenerated_severe	ELF1	0.022727272727272728	0.4997796876359313	44	1	1	0	1.0
NP_mature_chondrocyte	healthy_vs_degenerated_severe	GATA3	0.009900990099009901	0.20869111970420667	101	3	2	1	0.6292462131820407
NP_mature_chondrocyte	healthy_vs_degenerated_severe	MSX1	0.07142857142857142	0.1975648147096986	14	1	1	0	0.6189020215905865
NP_mature_chondrocyte	healthy_vs_degenerated_severe	OTX2	-0.06666666666666667	0.2100903480493784	15	1	0	1	0.6292462131820407
NP_mature_chondrocyte	healthy_vs_degenerated_severe	LHX2	0.058823529411764705	0.23456122339521784	17	1	1	0	0.657628270158282
NP_mature_chondrocyte	healthy_vs_degenerated_severe	GABPA	0.04	0.3251339267234822	25	1	1	0	0.7859536653866853
NP_mature_chondrocyte	healthy_vs_degenerated_severe	HSF2	0.05263157894736842	0.003002299108837049	19	3	2	1	0.08014833273156297
NP_mature_chondrocyte	healthy_vs_degenerated_severe	VDR	0.0125	0.1289393068005695	80	3	2	1	0.48791876929055306
NP_mature_chondrocyte	healthy_vs_degenerated_severe	HOXC8	0.08333333333333333	0.17191832390695325	12	1	1	0	0.5736839721677679
NP_mature_chondrocyte	healthy_vs_degenerated_severe	HR	0.0	0.1886615240912309	51	2	1	1	0.609674609431662
NP_mature_chondrocyte	healthy_vs_degenerated_severe	RELB	0.06451612903225806	0.08372662045171948	31	2	2	0	0.46430026281738
NP_mature_chondrocyte	healthy_vs_degenerated_severe	CEBPE	-0.058823529411764705	0.23456122339521784	17	1	0	1	0.657628270158282
NP_mature_chondrocyte	healthy_vs_degenerated_severe	NR0B1	0.0	1.0	22	0	0	0	1.0
NP_mature_chondrocyte	healthy_vs_degenerated_severe	LEF1	0.038461538461538464	0.1943204778087714	52	2	2	0	0.6189020215905865
NP_mature_chondrocyte	healthy_vs_degenerated_severe	ID1	0.057692307692307696	0.04718768115271577	52	3	3	0	0.38630981637023315
NP_mature_chondrocyte	healthy_vs_degenerated_severe	ZNF143	-0.045454545454545456	0.2924907651230116	22	1	0	1	0.7421046685352444
NP_mature_chondrocyte	healthy_vs_degenerated_severe	SOX9	-0.03571428571428571	0.2171525777463781	56	2	0	2	0.6441144093539911
NP_mature_chondrocyte	healthy_vs_degenerated_severe	YBX1	-0.030303030303030304	0.27496654634432194	66	2	0	2	0.7153790654890411
NP_mature_chondrocyte	healthy_vs_degenerated_severe	HSF1	0.07462686567164178	0.0038482428676138228	67	5	5	0	0.09451284482859548
NP_mature_chondrocyte	healthy_vs_degenerated_severe	POU4F1	0.0	1.0	16	0	0	0	1.0
NP_mature_chondrocyte	healthy_vs_degenerated_severe	NOTO	0.0	1.0	5	0	0	0	1.0
NP_mature_chondrocyte	healthy_vs_degenerated_severe	HNF1B	0.05263157894736842	0.2582782787793747	19	1	1	0	0.6865059011711518
NP_mature_chondrocyte	healthy_vs_degenerated_severe	PAX3	-0.03508771929824561	0.22289992782201956	57	2	0	2	0.6455686588807548
NP_mature_chondrocyte	healthy_vs_degenerated_severe	ID2	0.024390243902439025	0.4755409494329658	41	1	1	0	1.0
NP_mature_chondrocyte	healthy_vs_degenerated_severe	MEF2A	0.07272727272727272	0.010489420418462164	55	4	4	0	0.16948695097199393
NP_mature_chondrocyte	healthy_vs_degenerated_severe	PDX1	0.0	1.0	45	0	0	0	1.0
NP_mature_chondrocyte	healthy_vs_degenerated_severe	NR2F2	0.030303030303030304	0.00014476063127550132	33	5	3	2	0.02222075690078945
NP_mature_chondrocyte	healthy_vs_degenerated_severe	NR1H4	-0.029411764705882353	0.2865518373026199	68	2	0	2	0.7361624606853918
NP_mature_chondrocyte	healthy_vs_degenerated_severe	ASCL1	0.0	1.0	31	0	0	0	1.0
NP_mature_chondrocyte	healthy_vs_degenerated_severe	RFX1	-0.058823529411764705	0.23456122339521784	17	1	0	1	0.657628270158282
NP_mature_chondrocyte	healthy_vs_degenerated_severe	CRX	0.0	1.0	10	0	0	0	1.0
NP_mature_chondrocyte	healthy_vs_degenerated_severe	NRL	0.0	1.0	10	0	0	0	1.0
NP_mature_chondrocyte	healthy_vs_degenerated_severe	UBTF	0.0	1.0	9	0	0	0	1.0
NP_mature_chondrocyte	healthy_vs_degenerated_severe	MYBL2	0.0	1.0	44	0	0	0	1.0
NP_mature_chondrocyte	healthy_vs_degenerated_severe	ELF2	0.0	1.0	7	0	0	0	1.0
NP_mature_chondrocyte	healthy_vs_degenerated_severe	JUND	0.07017543859649122	0.011861774764611803	57	4	4	0	0.18598719235166478
NP_mature_chondrocyte	healthy_vs_degenerated_severe	TP63	0.0	0.022953347821842128	141	6	3	3	0.2710260685117513
NP_mature_chondrocyte	healthy_vs_degenerated_severe	NFKBIB	0.13333333333333333	0.022207347954181247	15	2	2	0	0.267359051840535
NP_mature_chondrocyte	healthy_vs_degenerated_severe	HOXC6	0.125	0.11815531507929114	8	1	1	0	0.48791876929055306
NP_mature_chondrocyte	healthy_vs_degenerated_severe	FOXO1	0.0056179775280898875	0.14539000063633978	178	5	3	2	0.5222844386307702
NP_mature_chondrocyte	healthy_vs_degenerated_severe	PITX2	0.0	0.24599223639308823	61	2	1	1	0.6667783546677856
NP_mature_chondrocyte	healthy_vs_degenerated_severe	NR5A2	0.0	1.0	25	0	0	0	1.0
NP_mature_chondrocyte	healthy_vs_degenerated_severe	POU2F1	0.0	1.0	48	0	0	0	1.0
NP_mature_chondrocyte	healthy_vs_degenerated_severe	XBP1	0.05	0.12848428594090325	40	2	2	0	0.48791876929055306
NP_mature_chondrocyte	healthy_vs_degenerated_severe	SREBF1	0.012195121951219513	0.725610511100838	82	1	1	0	1.0
NP_mature_chondrocyte	healthy_vs_degenerated_severe	TCF3	0.0	1.0	63	0	0	0	1.0
NP_mature_chondrocyte	healthy_vs_degenerated_severe	LRRFIP1	-0.1111111111111111	0.13191289202317885	9	1	0	1	0.48791876929055306
NP_mature_chondrocyte	healthy_vs_degenerated_severe	TCF12	0.0	1.0	25	0	0	0	1.0
NP_mature_chondrocyte	healthy_vs_degenerated_severe	E4F1	0.125	0.11815531507929114	8	1	1	0	0.48791876929055306
NP_mature_chondrocyte	healthy_vs_degenerated_severe	BRCA1	0.020833333333333332	0.5303739521779955	48	1	1	0	1.0
NP_mature_chondrocyte	healthy_vs_degenerated_severe	ZNF362	0.0	1.0	11	0	0	0	1.0
NP_mature_chondrocyte	healthy_vs_degenerated_severe	NRF1	0.0	1.0	62	0	0	0	1.0
NP_mature_chondrocyte	healthy_vs_degenerated_severe	GATA1	0.04477611940298507	0.08665040738701514	67	3	3	0	0.46430026281738
NP_mature_chondrocyte	healthy_vs_degenerated_severe	MYCN	0.0	0.46396856139886977	100	2	1	1	1.0
NP_mature_chondrocyte	healthy_vs_degenerated_severe	PKNOX1	0.0	1.0	9	0	0	0	1.0
NP_mature_chondrocyte	healthy_vs_degenerated_severe	NR4A3	0.0	1.0	16	0	0	0	1.0
NP_mature_chondrocyte	healthy_vs_degenerated_severe	SSRP1	0.02564102564102564	0.03337588504153152	78	4	3	1	0.30586258829105006
NP_mature_chondrocyte	healthy_vs_degenerated_severe	ZNF91	0.0	1.0	25	0	0	0	1.0
NP_mature_chondrocyte	healthy_vs_degenerated_severe	NR2C1	0.0	1.0	9	0	0	0	1.0
NP_mature_chondrocyte	healthy_vs_degenerated_severe	ID3	0.041666666666666664	0.31442275531040076	24	1	1	0	0.7691457042254425
NP_mature_chondrocyte	healthy_vs_degenerated_severe	ERF	0.0	1.0	12	0	0	0	1.0
NP_mature_chondrocyte	healthy_vs_degenerated_severe	ZNF354C	0.11764705882352941	0.028185660205509968	17	2	2	0	0.27509730617422257
NP_mature_chondrocyte	healthy_vs_degenerated_severe	HMGA2	0.037037037037037035	0.34605967232653445	27	1	1	0	0.814102064400353
NP_mature_chondrocyte	healthy_vs_degenerated_severe	POU2F2	0.0	1.0	17	0	0	0	1.0
NP_mature_chondrocyte	healthy_vs_degenerated_severe	SREBF2	0.021739130434782608	0.5153167545760303	46	1	1	0	1.0
NP_mature_chondrocyte	healthy_vs_degenerated_severe	ELF4	0.06666666666666667	0.07910876582444257	30	2	2	0	0.46430026281738
NP_mature_chondrocyte	healthy_vs_degenerated_severe	TTF1	-0.06451612903225806	0.08372662045171948	31	2	0	2	0.46430026281738
NP_mature_chondrocyte	healthy_vs_degenerated_severe	DLX4	0.043478260869565216	0.3035425849757807	23	1	1	0	0.7576225494923957
NP_mature_chondrocyte	healthy_vs_degenerated_severe	NR1I2	0.013793103448275862	0.6642206075998689	145	2	2	0	1.0
NP_mature_chondrocyte	healthy_vs_degenerated_severe	NR1H3	-0.041666666666666664	0.005239060509415845	72	5	1	4	0.11092355699245961
NP_mature_chondrocyte	healthy_vs_degenerated_severe	MITF	0.05	0.06686122277944641	60	3	3	0	0.46126731220876516
NP_mature_chondrocyte	healthy_vs_degenerated_severe	NCOA1	-0.02040816326530612	0.5377272230223632	49	1	0	1	1.0
NP_mature_chondrocyte	healthy_vs_degenerated_severe	NCOR1	-0.017543859649122806	0.059100450666236495	57	3	1	2	0.45933767986163554
NP_mature_chondrocyte	healthy_vs_degenerated_severe	FOSL1	0.0	0.09804710169039643	34	2	1	1	0.4809558649910141
NP_mature_chondrocyte	healthy_vs_degenerated_severe	JUNB	0.0	0.21141906441851288	55	2	1	1	0.6301519687037228
NP_mature_chondrocyte	healthy_vs_degenerated_severe	DNMT1	0.025423728813559324	9.204146458039916e-05	118	9	6	3	0.01883781975078836
NP_mature_chondrocyte	healthy_vs_degenerated_severe	KLF5	0.038461538461538464	0.1943204778087714	52	2	2	0	0.6189020215905865
NP_mature_chondrocyte	healthy_vs_degenerated_severe	NR3C2	0.02857142857142857	0.4235055192068028	35	1	1	0	0.9421463362064382
NP_mature_chondrocyte	healthy_vs_degenerated_severe	MYRF	0.0	1.0	5	0	0	0	1.0
NP_mature_chondrocyte	healthy_vs_degenerated_severe	EBF1	-0.1	0.14545706678479106	10	1	0	1	0.5222844386307702
NP_mature_chondrocyte	healthy_vs_degenerated_severe	CREBBP	0.04	0.3251339267234822	25	1	1	0	0.7859536653866853
NP_mature_chondrocyte	healthy_vs_degenerated_severe	ZFPM1	0.0	1.0	9	0	0	0	1.0
NP_mature_chondrocyte	healthy_vs_degenerated_severe	APEX1	0.0	1.0	27	0	0	0	1.0
NP_mature_chondrocyte	healthy_vs_degenerated_severe	TFAM	0.0	1.0	11	0	0	0	1.0
NP_mature_chondrocyte	healthy_vs_degenerated_severe	IRF4	0.0	0.000999095264181374	29	4	2	2	0.05431880480983966
NP_mature_chondrocyte	healthy_vs_degenerated_severe	ZBED1	0.0	1.0	16	0	0	0	1.0
NP_mature_chondrocyte	healthy_vs_degenerated_severe	NCOA2	0.0	0.12326640228141973	39	2	1	1	0.48791876929055306
NP_mature_chondrocyte	healthy_vs_degenerated_severe	FOXA1	0.07142857142857142	0.07012846373889373	28	2	2	0	0.46430026281738
NP_mature_chondrocyte	healthy_vs_degenerated_severe	NR4A2	0.03571428571428571	0.35627934671866923	28	1	1	0	0.8317700337842697
NP_mature_chondrocyte	healthy_vs_degenerated_severe	KLF1	-0.058823529411764705	0.23456122339521784	17	1	0	1	0.657628270158282
NP_mature_chondrocyte	healthy_vs_degenerated_severe	LHX3	0.0	1.0	5	0	0	0	1.0
NP_mature_chondrocyte	healthy_vs_degenerated_severe	CTCF	0.010869565217391304	0.7658005305864214	92	1	1	0	1.0
NP_mature_chondrocyte	healthy_vs_degenerated_severe	BCL6	-0.02	0.5449660174178614	50	1	0	1	1.0
NP_mature_chondrocyte	healthy_vs_degenerated_severe	RB1	0.03333333333333333	0.376244756841568	30	1	1	0	0.8591568189631217
NP_mature_chondrocyte	healthy_vs_degenerated_severe	TFCP2	0.0	1.0	39	0	0	0	1.0
NP_mature_chondrocyte	healthy_vs_degenerated_severe	REST	0.0	1.0	19	0	0	0	1.0
NP_mature_chondrocyte	healthy_vs_degenerated_severe	ESRRA	0.0	1.0	26	0	0	0	1.0
NP_mature_chondrocyte	healthy_vs_degenerated_severe	HOXD3	0.0	1.0	5	0	0	0	1.0
NP_mature_chondrocyte	healthy_vs_degenerated_severe	IRF9	0.0	1.0	13	0	0	0	1.0
NP_mature_chondrocyte	healthy_vs_degenerated_severe	TFE3	0.037037037037037035	0.34605967232653445	27	1	1	0	0.814102064400353
NP_mature_chondrocyte	healthy_vs_degenerated_severe	ZNF236	0.0	1.0	6	0	0	0	1.0
NP_mature_chondrocyte	healthy_vs_degenerated_severe	TFAP2C	-0.06666666666666667	0.2100903480493784	15	1	0	1	0.6292462131820407
NP_mature_chondrocyte	healthy_vs_degenerated_severe	PAX8	-0.0625	0.22242148438405854	16	1	0	1	0.6455686588807548
NP_mature_chondrocyte	healthy_vs_degenerated_severe	NKX2-1	0.034482758620689655	0.3663402238076641	29	1	1	0	0.842445308681295
NP_mature_chondrocyte	healthy_vs_degenerated_severe	PBX1	0.041666666666666664	0.31442275531040076	24	1	1	0	0.7691457042254425
NP_mature_chondrocyte	healthy_vs_degenerated_severe	SP4	0.0	1.0	32	0	0	0	1.0
NP_mature_chondrocyte	healthy_vs_degenerated_severe	CIITA	0.0	1.0	20	0	0	0	1.0
NP_mature_chondrocyte	healthy_vs_degenerated_severe	CDX2	0.0	0.07910876582444257	30	2	1	1	0.46430026281738
NP_mature_chondrocyte	healthy_vs_degenerated_severe	ELF3	0.0625	0.22242148438405854	16	1	1	0	0.6455686588807548
NP_mature_chondrocyte	healthy_vs_degenerated_severe	ZEB1	0.0	1.0	33	0	0	0	1.0
NP_mature_chondrocyte	healthy_vs_degenerated_severe	EGR3	0.05555555555555555	0.24651251874525623	18	1	1	0	0.6667783546677856
NP_mature_chondrocyte	healthy_vs_degenerated_severe	EWSR1	0.0	0.14983817127696794	44	2	1	1	0.5348874253724321
NP_mature_chondrocyte	healthy_vs_degenerated_severe	NAB2	0.0	1.0	6	0	0	0	1.0
NP_mature_chondrocyte	healthy_vs_degenerated_severe	DEAF1	0.0	1.0	7	0	0	0	1.0
NP_mature_chondrocyte	healthy_vs_degenerated_severe	TBPL1	0.038461538461538464	0.3356787091184276	26	1	1	0	0.8051044039012287
NP_mature_chondrocyte	healthy_vs_degenerated_severe	MEF2C	0.06060606060606061	0.09319933047706566	33	2	2	0	0.4768699076076526
NP_mature_chondrocyte	healthy_vs_degenerated_severe	POU4F2	0.0	1.0	15	0	0	0	1.0
NP_mature_chondrocyte	healthy_vs_degenerated_severe	TAL1	-0.016666666666666666	0.6114344061401092	60	1	0	1	1.0
NP_mature_chondrocyte	healthy_vs_degenerated_severe	EPAS1	0.01639344262295082	0.06954679700079164	61	3	2	1	0.46430026281738
NP_mature_chondrocyte	healthy_vs_degenerated_severe	SMARCA1	-0.030303030303030304	0.4050442623287576	33	1	0	1	0.9109786705855575
NP_mature_chondrocyte	healthy_vs_degenerated_severe	NFATC4	0.037037037037037035	0.34605967232653445	27	1	1	0	0.814102064400353
NP_mature_chondrocyte	healthy_vs_degenerated_severe	FOXM1	0.05172413793103448	0.0020426203304320873	58	5	4	1	0.07397776598226576
NP_mature_chondrocyte	healthy_vs_degenerated_severe	MYF5	0.08333333333333333	0.17191832390695325	12	1	1	0	0.5736839721677679
NP_mature_chondrocyte	healthy_vs_degenerated_severe	MYOG	0.034482758620689655	0.3663402238076641	29	1	1	0	0.842445308681295
NP_mature_chondrocyte	healthy_vs_degenerated_severe	SMAD7	-0.023255813953488372	0.4918264713550454	43	1	0	1	1.0
NP_mature_chondrocyte	healthy_vs_degenerated_severe	SOX10	0.0	1.0	15	0	0	0	1.0
NP_mature_chondrocyte	healthy_vs_degenerated_severe	POU3F1	0.0	1.0	5	0	0	0	1.0
NP_mature_chondrocyte	healthy_vs_degenerated_severe	NKRF	0.14285714285714285	0.10418099355668548	7	1	1	0	0.4809558649910141
NP_mature_chondrocyte	healthy_vs_degenerated_severe	ATF6	-0.02564102564102564	0.4587366534648226	39	1	0	1	1.0
NP_mature_chondrocyte	healthy_vs_degenerated_severe	NKX6-1	0.0	1.0	6	0	0	0	1.0
NP_mature_chondrocyte	healthy_vs_degenerated_severe	ERG	0.0	1.0	34	0	0	0	1.0
NP_mature_chondrocyte	healthy_vs_degenerated_severe	PITX3	-0.1111111111111111	0.000291894694342781	9	3	1	2	0.029870557054411252
NP_mature_chondrocyte	healthy_vs_degenerated_severe	HOXB2	0.0	0.0023428159508644404	5	2	1	1	0.07570994704372455
NP_mature_chondrocyte	healthy_vs_degenerated_severe	SATB1	-0.043478260869565216	0.3035425849757807	23	1	0	1	0.7576225494923957
NP_mature_chondrocyte	healthy_vs_degenerated_severe	NFKB2	0.07142857142857142	0.027410943171582148	42	3	3	0	0.27509730617422257
NP_mature_chondrocyte	healthy_vs_degenerated_severe	RORA	0.0	0.09804710169039643	34	2	1	1	0.4809558649910141
NP_mature_chondrocyte	healthy_vs_degenerated_severe	PROX1	0.07142857142857142	0.1975648147096986	14	1	1	0	0.6189020215905865
NP_mature_chondrocyte	healthy_vs_degenerated_severe	KLF3	0.0	1.0	5	0	0	0	1.0
NP_mature_chondrocyte	healthy_vs_degenerated_severe	PEG3	0.0	1.0	6	0	0	0	1.0
NP_mature_chondrocyte	healthy_vs_degenerated_severe	NR2E3	0.0	1.0	6	0	0	0	1.0
NP_mature_chondrocyte	healthy_vs_degenerated_severe	NCOR2	0.0	1.0	41	0	0	0	1.0
NP_mature_chondrocyte	healthy_vs_degenerated_severe	NCOA3	-0.02	0.5449660174178614	50	1	0	1	1.0
NP_mature_chondrocyte	healthy_vs_degenerated_severe	ZFHX3	0.0	1.0	5	0	0	0	1.0
NP_mature_chondrocyte	healthy_vs_degenerated_severe	SMAD1	0.045454545454545456	0.004764170049603581	44	4	3	1	0.1078742228749386
NP_mature_chondrocyte	healthy_vs_degenerated_severe	SPDEF	-0.125	0.11815531507929114	8	1	0	1	0.48791876929055306
NP_mature_chondrocyte	healthy_vs_degenerated_severe	PAX2	0.0	1.0	9	0	0	0	1.0
NP_mature_chondrocyte	healthy_vs_degenerated_severe	KLF13	-0.1111111111111111	0.13191289202317885	9	1	0	1	0.48791876929055306
NP_mature_chondrocyte	healthy_vs_degenerated_severe	MAFB	0.07407407407407407	0.000756374584280706	27	4	3	1	0.05160155497203928
NP_mature_chondrocyte	healthy_vs_degenerated_severe	ELK3	0.05555555555555555	0.24651251874525623	18	1	1	0	0.6667783546677856
NP_mature_chondrocyte	healthy_vs_degenerated_severe	KLF6	-0.02702702702702703	0.44139715763748066	37	1	0	1	0.971390160535531
NP_mature_chondrocyte	healthy_vs_degenerated_severe	SNAI1	0.0	0.2865518373026199	68	2	1	1	0.7361624606853918
NP_mature_chondrocyte	healthy_vs_degenerated_severe	HESX1	0.0	1.0	14	0	0	0	1.0
NP_mature_chondrocyte	healthy_vs_degenerated_severe	BACH2	-0.16666666666666666	0.08998653302160947	6	1	0	1	0.46430026281738
NP_mature_chondrocyte	healthy_vs_degenerated_severe	PATZ1	0.0	1.0	8	0	0	0	1.0
NP_mature_chondrocyte	healthy_vs_degenerated_severe	ZHX2	0.0	1.0	7	0	0	0	1.0
NP_mature_chondrocyte	healthy_vs_degenerated_severe	ONECUT1	0.0	1.0	11	0	0	0	1.0
NP_mature_chondrocyte	healthy_vs_degenerated_severe	RXRA	0.0	0.17741695164832133	49	2	1	1	0.5888324773625367
NP_mature_chondrocyte	healthy_vs_degenerated_severe	NR1H2	-0.06896551724137931	0.0745747882268121	29	2	0	2	0.46430026281738
NP_mature_chondrocyte	healthy_vs_degenerated_severe	KAT5	0.0	0.12848428594090325	40	2	1	1	0.48791876929055306
NP_mature_chondrocyte	healthy_vs_degenerated_severe	YBX3	0.0	1.0	21	0	0	0	1.0
NP_mature_chondrocyte	healthy_vs_degenerated_severe	SMAD6	0.0	1.0	17	0	0	0	1.0
NP_mature_chondrocyte	healthy_vs_degenerated_severe	MYBL1	-0.1111111111111111	0.13191289202317885	9	1	0	1	0.48791876929055306
NP_mature_chondrocyte	healthy_vs_degenerated_severe	CDX1	0.05555555555555555	0.24651251874525623	18	1	1	0	0.6667783546677856
NP_mature_chondrocyte	healthy_vs_degenerated_severe	TFDP1	-0.034482758620689655	0.3663402238076641	29	1	0	1	0.842445308681295
NP_mature_chondrocyte	healthy_vs_degenerated_severe	KMT2A	0.0	1.0	54	0	0	0	1.0
NP_mature_chondrocyte	healthy_vs_degenerated_severe	GATA2	0.0	1.0	39	0	0	0	1.0
NP_mature_chondrocyte	healthy_vs_degenerated_severe	PRDM1	0.12121212121212122	0.0016399164246882288	33	4	4	0	0.0719220489113266
NP_mature_chondrocyte	healthy_vs_degenerated_severe	MXD1	0.0	1.0	16	0	0	0	1.0
NP_mature_chondrocyte	healthy_vs_degenerated_severe	CLOCK	0.022222222222222223	0.50760914379451	45	1	1	0	1.0
NP_mature_chondrocyte	healthy_vs_degenerated_severe	BHLHE40	0.0	1.0	26	0	0	0	1.0
NP_mature_chondrocyte	healthy_vs_degenerated_severe	SRY	0.0	1.0	19	0	0	0	1.0
NP_mature_chondrocyte	healthy_vs_degenerated_severe	MAF	0.0	1.0	28	0	0	0	1.0
NP_mature_chondrocyte	healthy_vs_degenerated_severe	AIRE	0.09090909090909091	0.15879113051635374	11	1	1	0	0.550834769135826
NP_mature_chondrocyte	healthy_vs_degenerated_severe	ZGPAT	0.0	1.0	5	0	0	0	1.0
NP_mature_chondrocyte	healthy_vs_degenerated_severe	ETV1	0.0	1.0	13	0	0	0	1.0
NP_mature_chondrocyte	healthy_vs_degenerated_severe	KLF4	0.02702702702702703	0.028226596561850198	74	4	3	1	0.27509730617422257
NP_mature_chondrocyte	healthy_vs_degenerated_severe	EGR2	0.022222222222222223	0.032761095574562984	45	3	2	1	0.3047774648906314
NP_mature_chondrocyte	healthy_vs_degenerated_severe	NEUROG3	0.0	1.0	11	0	0	0	1.0
NP_mature_chondrocyte	healthy_vs_degenerated_severe	CXXC1	0.0	1.0	11	0	0	0	1.0
NP_mature_chondrocyte	healthy_vs_degenerated_severe	TBX21	0.0	1.0	18	0	0	0	1.0
NP_mature_chondrocyte	healthy_vs_degenerated_severe	HOXA10	0.0	0.07910876582444257	30	2	1	1	0.46430026281738
NP_mature_chondrocyte	healthy_vs_degenerated_severe	LMX1B	0.0	1.0	13	0	0	0	1.0
NP_mature_chondrocyte	healthy_vs_degenerated_severe	TBX2	0.05	0.269861367216813	20	1	1	0	0.7050845934941411
NP_mature_chondrocyte	healthy_vs_degenerated_severe	ZNF699	0.0	1.0	30	0	0	0	1.0
NP_mature_chondrocyte	healthy_vs_degenerated_severe	RFX5	0.0	1.0	13	0	0	0	1.0
NP_mature_chondrocyte	healthy_vs_degenerated_severe	RFXANK	0.0	1.0	8	0	0	0	1.0
NP_mature_chondrocyte	healthy_vs_degenerated_severe	RFXAP	0.0	1.0	7	0	0	0	1.0
NP_mature_chondrocyte	healthy_vs_degenerated_severe	BARX2	0.1	0.14545706678479106	10	1	1	0	0.5222844386307702
NP_mature_chondrocyte	healthy_vs_degenerated_severe	FOXO4	0.047619047619047616	0.28126460383160556	21	1	1	0	0.7286770749055097
NP_mature_chondrocyte	healthy_vs_degenerated_severe	DLX5	0.05	0.269861367216813	20	1	1	0	0.7050845934941411
NP_mature_chondrocyte	healthy_vs_degenerated_severe	ID4	0.0	1.0	9	0	0	0	1.0
NP_mature_chondrocyte	healthy_vs_degenerated_severe	SPIB	-0.1111111111111111	0.13191289202317885	9	1	0	1	0.48791876929055306
NP_mature_chondrocyte	healthy_vs_degenerated_severe	FOXN1	0.0	1.0	31	0	0	0	1.0
NP_mature_chondrocyte	healthy_vs_degenerated_severe	TBX5	0.18181818181818182	0.012116429469163829	11	2	2	0	0.18598719235166478
NP_mature_chondrocyte	healthy_vs_degenerated_severe	TLX1	0.16666666666666666	0.08998653302160947	6	1	1	0	0.46430026281738
NP_mature_chondrocyte	healthy_vs_degenerated_severe	HIVEP1	-0.125	0.11815531507929114	8	1	0	1	0.48791876929055306
NP_mature_chondrocyte	healthy_vs_degenerated_severe	SMAD2	-0.017543859649122806	0.5925776951873907	57	1	0	1	1.0
NP_mature_chondrocyte	healthy_vs_degenerated_severe	NKX3-1	0.06	0.04279264777732076	50	3	3	0	0.3602588494002235
NP_mature_chondrocyte	healthy_vs_degenerated_severe	HAND2	0.11764705882352941	0.028185660205509968	17	2	2	0	0.27509730617422257
NP_mature_chondrocyte	healthy_vs_degenerated_severe	PAX7	0.0	1.0	9	0	0	0	1.0
NP_mature_chondrocyte	healthy_vs_degenerated_severe	SFPQ	0.05263157894736842	0.2582782787793747	19	1	1	0	0.6865059011711518
NP_mature_chondrocyte	healthy_vs_degenerated_severe	BMAL1	0.0	1.0	44	0	0	0	1.0
NP_mature_chondrocyte	healthy_vs_degenerated_severe	SKIL	0.0	1.0	14	0	0	0	1.0
NP_mature_chondrocyte	healthy_vs_degenerated_severe	TBXT	0.0	1.0	6	0	0	0	1.0
NP_mature_chondrocyte	healthy_vs_degenerated_severe	MSX2	0.045454545454545456	0.2924907651230116	22	1	1	0	0.7421046685352444
NP_mature_chondrocyte	healthy_vs_degenerated_severe	MZF1	0.0	1.0	14	0	0	0	1.0
NP_mature_chondrocyte	healthy_vs_degenerated_severe	HOXA5	0.0	0.008094699528189532	9	2	1	1	0.15595804509704794
NP_mature_chondrocyte	healthy_vs_degenerated_severe	HOXB4	0.0	1.0	5	0	0	0	1.0
NP_mature_chondrocyte	healthy_vs_degenerated_severe	CREB3	0.0	1.0	8	0	0	0	1.0
NP_mature_chondrocyte	healthy_vs_degenerated_severe	NFE2	0.0	1.0	11	0	0	0	1.0
NP_mature_chondrocyte	healthy_vs_degenerated_severe	ZNF76	0.0	1.0	6	0	0	0	1.0
NP_mature_chondrocyte	healthy_vs_degenerated_severe	FOXQ1	-0.1111111111111111	0.13191289202317885	9	1	0	1	0.48791876929055306
NP_mature_chondrocyte	healthy_vs_degenerated_severe	ZGLP1	0.0	1.0	9	0	0	0	1.0
NP_mature_chondrocyte	healthy_vs_degenerated_severe	NFYB	0.06896551724137931	0.0745747882268121	29	2	2	0	0.46430026281738
NP_mature_chondrocyte	healthy_vs_degenerated_severe	ETV3	0.0	1.0	10	0	0	0	1.0
NP_mature_chondrocyte	healthy_vs_degenerated_severe	GSC	-0.2	0.07556848619770717	5	1	0	1	0.46430026281738
NP_mature_chondrocyte	healthy_vs_degenerated_severe	IRF7	0.0	1.0	8	0	0	0	1.0
NP_mature_chondrocyte	healthy_vs_degenerated_severe	NFATC3	0.0	0.03138920244456591	18	2	1	1	0.29650723539943796
NP_mature_chondrocyte	healthy_vs_degenerated_severe	KDM5A	0.0	1.0	13	0	0	0	1.0
NP_mature_chondrocyte	healthy_vs_degenerated_severe	GRHL3	0.0	1.0	14	0	0	0	1.0
NP_mature_chondrocyte	healthy_vs_degenerated_severe	THRA	0.025	0.4672046628885124	40	1	1	0	1.0
NP_mature_chondrocyte	healthy_vs_degenerated_severe	SOX17	-0.04	0.3251339267234822	25	1	0	1	0.7859536653866853
NP_mature_chondrocyte	healthy_vs_degenerated_severe	TBX15	0.05263157894736842	0.2582782787793747	19	1	1	0	0.6865059011711518
NP_mature_chondrocyte	healthy_vs_degenerated_severe	NFAT5	0.02857142857142857	0.016908748569593235	35	3	2	1	0.22704530475880824
NP_mature_chondrocyte	healthy_vs_degenerated_severe	BMAL2	0.0	1.0	6	0	0	0	1.0
NP_mature_chondrocyte	healthy_vs_degenerated_severe	NFE2L2	0.013986013986013986	0.18420068915336163	143	4	3	1	0.6004914735576252
NP_mature_chondrocyte	healthy_vs_degenerated_severe	ZIC1	0.0	1.0	9	0	0	0	1.0
NP_mature_chondrocyte	healthy_vs_degenerated_severe	MEIS1	0.1111111111111111	0.13191289202317885	9	1	1	0	0.48791876929055306
NP_mature_chondrocyte	healthy_vs_degenerated_severe	HOXA9	0.0	1.0	27	0	0	0	1.0
NP_mature_chondrocyte	healthy_vs_degenerated_severe	MAFA	0.0	1.0	11	0	0	0	1.0
NP_mature_chondrocyte	healthy_vs_degenerated_severe	NR1D1	0.07692307692307693	0.18484183795177714	13	1	1	0	0.6004914735576252
NP_mature_chondrocyte	healthy_vs_degenerated_severe	MYF6	0.0	1.0	6	0	0	0	1.0
NP_mature_chondrocyte	healthy_vs_degenerated_severe	ZNF263	0.0	1.0	6	0	0	0	1.0
NP_mature_chondrocyte	healthy_vs_degenerated_severe	NFIA	-0.03225806451612903	0.3859953613878968	31	1	0	1	0.8713277643094435
NP_mature_chondrocyte	healthy_vs_degenerated_severe	HEY2	0.0	1.0	10	0	0	0	1.0
NP_mature_chondrocyte	healthy_vs_degenerated_severe	HOXB7	0.09090909090909091	0.15879113051635374	11	1	1	0	0.550834769135826
NP_mature_chondrocyte	healthy_vs_degenerated_severe	ZNF350	0.0	1.0	9	0	0	0	1.0
NP_mature_chondrocyte	healthy_vs_degenerated_severe	BCL11A	0.0	1.0	8	0	0	0	1.0
NP_mature_chondrocyte	healthy_vs_degenerated_severe	TWIST1	0.07547169811320754	0.009224266418888415	53	4	4	0	0.16178490935458267
NP_mature_chondrocyte	healthy_vs_degenerated_severe	ZNF395	0.0	1.0	5	0	0	0	1.0
NP_mature_chondrocyte	healthy_vs_degenerated_severe	TFDP2	0.0	1.0	5	0	0	0	1.0
NP_mature_chondrocyte	healthy_vs_degenerated_severe	GTF3A	0.0625	0.22242148438405854	16	1	1	0	0.6455686588807548
NP_mature_chondrocyte	healthy_vs_degenerated_severe	KLF10	0.0	0.028185660205509968	17	2	1	1	0.27509730617422257
NP_mature_chondrocyte	healthy_vs_degenerated_severe	KLF2	-0.058823529411764705	0.09804710169039643	34	2	0	2	0.4809558649910141
NP_mature_chondrocyte	healthy_vs_degenerated_severe	PHF20	0.0	1.0	7	0	0	0	1.0
NP_mature_chondrocyte	healthy_vs_degenerated_severe	TGIF1	0.0	1.0	8	0	0	0	1.0
NP_mature_chondrocyte	healthy_vs_degenerated_severe	FOXG1	0.0	1.0	12	0	0	0	1.0
NP_mature_chondrocyte	healthy_vs_degenerated_severe	SF1	0.0	1.0	5	0	0	0	1.0
NP_mature_chondrocyte	healthy_vs_degenerated_severe	MBD2	0.017543859649122806	0.5925776951873907	57	1	1	0	1.0
NP_mature_chondrocyte	healthy_vs_degenerated_severe	FOXF2	-0.125	0.11815531507929114	8	1	0	1	0.48791876929055306
NP_mature_chondrocyte	healthy_vs_degenerated_severe	HEY1	0.0	0.041796634920966434	21	2	1	1	0.3602588494002235
NP_mature_chondrocyte	healthy_vs_degenerated_severe	ZBTB17	0.027777777777777776	0.4325214358004042	36	1	1	0	0.9552811567677992
NP_mature_chondrocyte	healthy_vs_degenerated_severe	IRF5	0.08333333333333333	0.17191832390695325	12	1	1	0	0.5736839721677679
NP_mature_chondrocyte	healthy_vs_degenerated_severe	THRB	0.0	1.0	30	0	0	0	1.0
NP_mature_chondrocyte	healthy_vs_degenerated_severe	POU3F2	0.0	1.0	13	0	0	0	1.0
NP_mature_chondrocyte	healthy_vs_degenerated_severe	FOXI1	0.0	1.0	5	0	0	0	1.0
NP_mature_chondrocyte	healthy_vs_degenerated_severe	KCNIP3	0.0	1.0	8	0	0	0	1.0
NP_mature_chondrocyte	healthy_vs_degenerated_severe	FOSB	0.05	0.269861367216813	20	1	1	0	0.7050845934941411
NP_mature_chondrocyte	healthy_vs_degenerated_severe	NFE2L1	0.0	1.0	8	0	0	0	1.0
NP_mature_chondrocyte	healthy_vs_degenerated_severe	TRERF1	0.0	1.0	5	0	0	0	1.0
NP_mature_chondrocyte	healthy_vs_degenerated_severe	FOXP1	0.0	1.0	11	0	0	0	1.0
NP_mature_chondrocyte	healthy_vs_degenerated_severe	FOXP2	0.2	0.07556848619770717	5	1	1	0	0.46430026281738
NP_mature_chondrocyte	healthy_vs_degenerated_severe	BARX1	0.14285714285714285	0.10418099355668548	7	1	1	0	0.4809558649910141
NP_mature_chondrocyte	healthy_vs_degenerated_severe	ZFPM2	0.0	1.0	7	0	0	0	1.0
NP_mature_chondrocyte	healthy_vs_degenerated_severe	IKZF1	0.0	1.0	14	0	0	0	1.0
NP_mature_chondrocyte	healthy_vs_degenerated_severe	BCL3	0.0	1.0	19	0	0	0	1.0
NP_mature_chondrocyte	healthy_vs_degenerated_severe	SP2	0.0	1.0	16	0	0	0	1.0
NP_mature_chondrocyte	healthy_vs_degenerated_severe	SIM2	0.0	1.0	8	0	0	0	1.0
NP_mature_chondrocyte	healthy_vs_degenerated_severe	NFATC1	0.015625	0.003153762779297227	64	5	3	2	0.08068376443702072
NP_mature_chondrocyte	healthy_vs_degenerated_severe	POU2F3	0.0	1.0	5	0	0	0	1.0
NP_mature_chondrocyte	healthy_vs_degenerated_severe	HOXA7	0.0	1.0	10	0	0	0	1.0
NP_mature_chondrocyte	healthy_vs_degenerated_severe	NPAS2	0.0	1.0	6	0	0	0	1.0
NP_mature_chondrocyte	healthy_vs_degenerated_severe	DLX2	0.08333333333333333	0.17191832390695325	12	1	1	0	0.5736839721677679
NP_mature_chondrocyte	healthy_vs_degenerated_severe	PRRX1	0.2	0.07556848619770717	5	1	1	0	0.46430026281738
NP_mature_chondrocyte	healthy_vs_degenerated_severe	VEZF1	0.0	1.0	6	0	0	0	1.0
NP_mature_chondrocyte	healthy_vs_degenerated_severe	CTBP2	-0.1111111111111111	0.13191289202317885	9	1	0	1	0.48791876929055306
NP_mature_chondrocyte	healthy_vs_degenerated_severe	SOX6	-0.06666666666666667	0.2100903480493784	15	1	0	1	0.6292462131820407
NP_mature_chondrocyte	healthy_vs_degenerated_severe	HIPK2	0.0	1.0	7	0	0	0	1.0
NP_mature_chondrocyte	healthy_vs_degenerated_severe	RORC	0.0	1.0	6	0	0	0	1.0
NP_mature_chondrocyte	healthy_vs_degenerated_severe	PPARD	0.016666666666666666	0.06686122277944641	60	3	2	1	0.46126731220876516
NP_mature_chondrocyte	healthy_vs_degenerated_severe	MECOM	0.0	1.0	12	0	0	0	1.0
NP_mature_chondrocyte	healthy_vs_degenerated_severe	SIRT1	0.0	0.12326640228141973	39	2	1	1	0.48791876929055306
NP_mature_chondrocyte	healthy_vs_degenerated_severe	ZBTB7B	0.0	1.0	12	0	0	0	1.0
NP_mature_chondrocyte	healthy_vs_degenerated_severe	ZBTB7A	0.0	1.0	29	0	0	0	1.0
NP_mature_chondrocyte	healthy_vs_degenerated_severe	NR6A1	0.0	1.0	5	0	0	0	1.0
NP_mature_chondrocyte	healthy_vs_degenerated_severe	STAT2	0.034482758620689655	0.3663402238076641	29	1	1	0	0.842445308681295
NP_mature_chondrocyte	healthy_vs_degenerated_severe	ESRRG	0.0	1.0	14	0	0	0	1.0
NP_mature_chondrocyte	healthy_vs_degenerated_severe	PRDM2	0.0	1.0	7	0	0	0	1.0
NP_mature_chondrocyte	healthy_vs_degenerated_severe	PURA	0.07692307692307693	0.18484183795177714	13	1	1	0	0.6004914735576252
NP_mature_chondrocyte	healthy_vs_degenerated_severe	NEUROD6	0.0	1.0	8	0	0	0	1.0
NP_mature_chondrocyte	healthy_vs_degenerated_severe	NEUROG2	0.0	1.0	8	0	0	0	1.0
NP_mature_chondrocyte	healthy_vs_degenerated_severe	HMGB2	0.0	1.0	6	0	0	0	1.0
NP_mature_chondrocyte	healthy_vs_degenerated_severe	DLX3	0.1	0.14545706678479106	10	1	1	0	0.5222844386307702
NP_mature_chondrocyte	healthy_vs_degenerated_severe	TWIST2	0.08333333333333333	0.053298667279522094	24	2	2	0	0.4305971277582443
NP_mature_chondrocyte	healthy_vs_degenerated_severe	TFAP4	0.043478260869565216	0.3035425849757807	23	1	1	0	0.7576225494923957
NP_mature_chondrocyte	healthy_vs_degenerated_severe	KAT6B	0.0	1.0	6	0	0	0	1.0
NP_mature_chondrocyte	healthy_vs_degenerated_severe	SALL3	0.0	1.0	5	0	0	0	1.0
NP_mature_chondrocyte	healthy_vs_degenerated_severe	MXI1	0.0	1.0	8	0	0	0	1.0
NP_mature_chondrocyte	healthy_vs_degenerated_severe	E2F5	0.0	1.0	9	0	0	0	1.0
NP_mature_chondrocyte	healthy_vs_degenerated_severe	E2F2	0.0	1.0	43	0	0	0	1.0
NP_mature_chondrocyte	healthy_vs_degenerated_severe	FOXD3	0.0	1.0	8	0	0	0	1.0
NP_mature_chondrocyte	healthy_vs_degenerated_severe	POU5F1	0.0	1.0	40	0	0	0	1.0
NP_mature_chondrocyte	healthy_vs_degenerated_severe	PLAGL1	-0.07142857142857142	0.1975648147096986	14	1	0	1	0.6189020215905865
NP_mature_chondrocyte	healthy_vs_degenerated_severe	SNAI2	0.07407407407407407	0.06577366570765358	27	2	2	0	0.46126731220876516
NP_mature_chondrocyte	healthy_vs_degenerated_severe	NOTCH1	0.025	0.024126612751232762	40	3	2	1	0.274328522764017
NP_mature_chondrocyte	healthy_vs_degenerated_severe	FOXC2	-0.09090909090909091	0.15879113051635374	11	1	0	1	0.550834769135826
NP_mature_chondrocyte	healthy_vs_degenerated_severe	FOXD1	0.0	1.0	5	0	0	0	1.0
NP_mature_chondrocyte	healthy_vs_degenerated_severe	KLF9	0.0	1.0	16	0	0	0	1.0
NP_mature_chondrocyte	healthy_vs_degenerated_severe	TBPL2	0.0	1.0	8	0	0	0	1.0
NP_mature_chondrocyte	healthy_vs_degenerated_severe	NFIL3	-0.06666666666666667	0.2100903480493784	15	1	0	1	0.6292462131820407
NP_mature_chondrocyte	healthy_vs_degenerated_severe	ZNF384	0.1	0.14545706678479106	10	1	1	0	0.5222844386307702
NP_mature_chondrocyte	healthy_vs_degenerated_severe	HOXA11	0.0	1.0	5	0	0	0	1.0
NP_mature_chondrocyte	healthy_vs_degenerated_severe	MEF2D	0.058823529411764705	0.23456122339521784	17	1	1	0	0.657628270158282
NP_mature_chondrocyte	healthy_vs_degenerated_severe	SMAD5	0.0	0.06151436684984238	26	2	1	1	0.46126731220876516
NP_mature_chondrocyte	healthy_vs_degenerated_severe	MLXIPL	0.0	1.0	10	0	0	0	1.0
NP_mature_chondrocyte	healthy_vs_degenerated_severe	ZBTB33	0.0	1.0	7	0	0	0	1.0
NP_mature_chondrocyte	healthy_vs_degenerated_severe	KLF15	0.0	1.0	12	0	0	0	1.0
NP_mature_chondrocyte	healthy_vs_degenerated_severe	DNMT3A	0.0	1.0	40	0	0	0	1.0
NP_mature_chondrocyte	healthy_vs_degenerated_severe	DNMT3B	0.0196078431372549	0.044963249659971775	51	3	2	1	0.3730734498813874
NP_mature_chondrocyte	healthy_vs_degenerated_severe	OLIG2	0.0	1.0	10	0	0	0	1.0
NP_mature_chondrocyte	healthy_vs_degenerated_severe	MAFG	0.0	1.0	9	0	0	0	1.0
NP_mature_chondrocyte	healthy_vs_degenerated_severe	TEF	0.0	1.0	9	0	0	0	1.0
NP_mature_chondrocyte	healthy_vs_degenerated_severe	HOXD13	0.125	0.11815531507929114	8	1	1	0	0.48791876929055306
NP_mature_chondrocyte	healthy_vs_degenerated_severe	ZKSCAN7	0.0	1.0	8	0	0	0	1.0
NP_mature_chondrocyte	healthy_vs_degenerated_severe	BACH1	0.0	1.0	14	0	0	0	1.0
NP_mature_chondrocyte	healthy_vs_degenerated_severe	TEAD4	-0.14285714285714285	0.10418099355668548	7	1	0	1	0.4809558649910141
NP_mature_chondrocyte	healthy_vs_degenerated_severe	GCM1	0.0	1.0	5	0	0	0	1.0
NP_mature_chondrocyte	healthy_vs_degenerated_severe	BHLHE41	0.0	1.0	17	0	0	0	1.0
NP_mature_chondrocyte	healthy_vs_degenerated_severe	MTA1	0.0	1.0	40	0	0	0	1.0
NP_mature_chondrocyte	healthy_vs_degenerated_severe	EHF	0.0	1.0	8	0	0	0	1.0
NP_mature_chondrocyte	healthy_vs_degenerated_severe	TCF7L2	0.02702702702702703	0.0010145083812247897	74	6	4	2	0.05431880480983966
NP_mature_chondrocyte	healthy_vs_degenerated_severe	VSX2	0.0	1.0	14	0	0	0	1.0
NP_mature_chondrocyte	healthy_vs_degenerated_severe	TSC22D1	0.0	1.0	7	0	0	0	1.0
NP_mature_chondrocyte	healthy_vs_degenerated_severe	SOX5	0.0	0.010015319168668779	10	2	1	1	0.16620016133953053
NP_mature_chondrocyte	healthy_vs_degenerated_severe	SOX2	0.0	1.0	34	0	0	0	1.0
NP_mature_chondrocyte	healthy_vs_degenerated_severe	NKX3-2	0.0	1.0	6	0	0	0	1.0
NP_mature_chondrocyte	healthy_vs_degenerated_severe	PAX9	0.0	1.0	6	0	0	0	1.0
NP_mature_chondrocyte	healthy_vs_degenerated_severe	TCF21	0.0	1.0	6	0	0	0	1.0
NP_mature_chondrocyte	healthy_vs_degenerated_severe	HIC1	0.0	1.0	17	0	0	0	1.0
NP_mature_chondrocyte	healthy_vs_degenerated_severe	ZEB2	0.0	1.0	17	0	0	0	1.0
NP_mature_chondrocyte	healthy_vs_degenerated_severe	NONO	0.0	1.0	11	0	0	0	1.0
NP_mature_chondrocyte	healthy_vs_degenerated_severe	CEBPZ	0.0	1.0	13	0	0	0	1.0
NP_mature_chondrocyte	healthy_vs_degenerated_severe	SIX1	0.0	1.0	7	0	0	0	1.0
NP_mature_chondrocyte	healthy_vs_degenerated_severe	NFIX	0.0	1.0	15	0	0	0	1.0
NP_mature_chondrocyte	healthy_vs_degenerated_severe	MNT	0.0	1.0	8	0	0	0	1.0
NP_mature_chondrocyte	healthy_vs_degenerated_severe	HOXA1	0.0	1.0	14	0	0	0	1.0
NP_mature_chondrocyte	healthy_vs_degenerated_severe	BCL11B	0.0	1.0	18	0	0	0	1.0
NP_mature_chondrocyte	healthy_vs_degenerated_severe	RXRB	0.0	1.0	7	0	0	0	1.0
NP_mature_chondrocyte	healthy_vs_degenerated_severe	E2F6	0.0	1.0	33	0	0	0	1.0
NP_mature_chondrocyte	healthy_vs_degenerated_severe	HOXA13	-0.16666666666666666	0.08998653302160947	6	1	0	1	0.46430026281738
NP_mature_chondrocyte	healthy_vs_degenerated_severe	KAT6A	0.0	1.0	11	0	0	0	1.0
NP_mature_chondrocyte	healthy_vs_degenerated_severe	GFI1	0.0	1.0	32	0	0	0	1.0
NP_mature_chondrocyte	healthy_vs_degenerated_severe	RUNX3	-0.022727272727272728	0.4997796876359313	44	1	0	1	1.0
NP_mature_chondrocyte	healthy_vs_degenerated_severe	GLI1	0.008849557522123894	0.2582643893518336	113	3	2	1	0.6865059011711518
NP_mature_chondrocyte	healthy_vs_degenerated_severe	KLF8	0.06666666666666667	0.2100903480493784	15	1	1	0	0.6292462131820407
NP_mature_chondrocyte	healthy_vs_degenerated_severe	HIF3A	0.0	1.0	5	0	0	0	1.0
NP_mature_chondrocyte	healthy_vs_degenerated_severe	MEOX2	0.0	1.0	6	0	0	0	1.0
NP_mature_chondrocyte	healthy_vs_degenerated_severe	JARID2	0.0	1.0	10	0	0	0	1.0
NP_mature_chondrocyte	healthy_vs_degenerated_severe	NFYC	0.0	0.03138920244456591	18	2	1	1	0.29650723539943796
NP_mature_chondrocyte	healthy_vs_degenerated_severe	GFI1B	0.0	1.0	9	0	0	0	1.0
NP_mature_chondrocyte	healthy_vs_degenerated_severe	ASCL2	0.0	1.0	5	0	0	0	1.0
NP_mature_chondrocyte	healthy_vs_degenerated_severe	MSC	0.0	1.0	13	0	0	0	1.0
NP_mature_chondrocyte	healthy_vs_degenerated_severe	HOXB9	0.0	1.0	5	0	0	0	1.0
NP_mature_chondrocyte	healthy_vs_degenerated_severe	HLX	0.0	1.0	12	0	0	0	1.0
NP_mature_chondrocyte	healthy_vs_degenerated_severe	RCOR2	0.0	1.0	12	0	0	0	1.0
NP_mature_chondrocyte	healthy_vs_degenerated_severe	NKX2-2	-0.1111111111111111	0.13191289202317885	9	1	0	1	0.48791876929055306
NP_mature_chondrocyte	healthy_vs_degenerated_severe	ARID4A	0.0	1.0	6	0	0	0	1.0
NP_mature_chondrocyte	healthy_vs_degenerated_severe	HINFP	0.1111111111111111	0.13191289202317885	9	1	1	0	0.48791876929055306
NP_mature_chondrocyte	healthy_vs_degenerated_severe	SMARCC1	0.0	1.0	6	0	0	0	1.0
NP_mature_chondrocyte	healthy_vs_degenerated_severe	KAT2B	0.0	1.0	12	0	0	0	1.0
NP_mature_chondrocyte	healthy_vs_degenerated_severe	HDGF	0.0	1.0	5	0	0	0	1.0
NP_mature_chondrocyte	healthy_vs_degenerated_severe	EP300	0.023809523809523808	0.48374755029700633	42	1	1	0	1.0
NP_mature_chondrocyte	healthy_vs_degenerated_severe	TRPS1	0.0	1.0	12	0	0	0	1.0
NP_mature_chondrocyte	healthy_vs_degenerated_severe	CTNNB1	0.02	0.001150072414540579	200	10	7	3	0.05431880480983966
NP_mature_chondrocyte	healthy_vs_degenerated_severe	PML	0.0	1.0	15	0	0	0	1.0
NP_mature_chondrocyte	healthy_vs_degenerated_severe	KLF7	0.0	1.0	8	0	0	0	1.0
NP_mature_chondrocyte	healthy_vs_degenerated_severe	PROP1	0.0	1.0	6	0	0	0	1.0
NP_mature_chondrocyte	healthy_vs_degenerated_severe	LMO2	0.0	1.0	18	0	0	0	1.0
NP_mature_chondrocyte	healthy_vs_degenerated_severe	MEOX1	0.0	1.0	6	0	0	0	1.0
NP_mature_chondrocyte	healthy_vs_degenerated_severe	FOXL2	0.0	0.01683615536906663	13	2	1	1	0.22704530475880824
NP_mature_chondrocyte	healthy_vs_degenerated_severe	HTATIP2	0.0	1.0	11	0	0	0	1.0
NP_mature_chondrocyte	healthy_vs_degenerated_severe	EZH2	0.020618556701030927	0.06485795521303647	97	4	3	1	0.46126731220876516
NP_mature_chondrocyte	healthy_vs_degenerated_severe	GLI2	0.0	0.004919345668563975	101	6	3	3	0.1078742228749386
NP_mature_chondrocyte	healthy_vs_degenerated_severe	TCF7	0.0	1.0	12	0	0	0	1.0
NP_mature_chondrocyte	healthy_vs_degenerated_severe	FOXC1	0.1111111111111111	0.13191289202317885	9	1	1	0	0.48791876929055306
NP_mature_chondrocyte	healthy_vs_degenerated_severe	HOXB13	0.0	1.0	8	0	0	0	1.0
NP_mature_chondrocyte	healthy_vs_degenerated_severe	ABL1	0.0	1.0	10	0	0	0	1.0
NP_mature_chondrocyte	healthy_vs_degenerated_severe	TBX3	-0.09090909090909091	0.15879113051635374	11	1	0	1	0.550834769135826
NP_mature_chondrocyte	healthy_vs_degenerated_severe	NFKBIZ	0.0	1.0	5	0	0	0	1.0
NP_mature_chondrocyte	healthy_vs_degenerated_severe	PLAGL2	0.0	1.0	5	0	0	0	1.0
NP_mature_chondrocyte	healthy_vs_degenerated_severe	TET1	0.0	1.0	9	0	0	0	1.0
NP_mature_chondrocyte	healthy_vs_degenerated_severe	FOXH1	0.0	1.0	7	0	0	0	1.0
NP_mature_chondrocyte	healthy_vs_degenerated_severe	FOXP3	0.0	0.06577366570765358	27	2	1	1	0.46126731220876516
NP_mature_chondrocyte	healthy_vs_degenerated_severe	CREB3L1	0.0	1.0	7	0	0	0	1.0
NP_mature_chondrocyte	healthy_vs_degenerated_severe	TFDP3	0.0	1.0	5	0	0	0	1.0
NP_mature_chondrocyte	healthy_vs_degenerated_severe	SP7	0.041666666666666664	0.31442275531040076	24	1	1	0	0.7691457042254425
NP_mature_chondrocyte	healthy_vs_degenerated_severe	OVOL1	0.0	1.0	8	0	0	0	1.0
NP_mature_chondrocyte	healthy_vs_degenerated_severe	ZNF436	0.0	1.0	5	0	0	0	1.0
NP_mature_chondrocyte	healthy_vs_degenerated_severe	ATF7	0.0	1.0	5	0	0	0	1.0
NP_mature_chondrocyte	healthy_vs_degenerated_severe	SCX	-0.125	0.11815531507929114	8	1	0	1	0.48791876929055306
NP_mature_chondrocyte	healthy_vs_degenerated_severe	NANOG	0.0	1.0	31	0	0	0	1.0
NP_mature_chondrocyte	healthy_vs_degenerated_severe	ARX	0.07692307692307693	0.18484183795177714	13	1	1	0	0.6004914735576252
NP_mature_chondrocyte	healthy_vs_degenerated_severe	VHL	0.0	1.0	20	0	0	0	1.0
NP_mature_chondrocyte	healthy_vs_degenerated_severe	SOX4	0.05555555555555555	0.24651251874525623	18	1	1	0	0.6667783546677856
NP_mature_chondrocyte	healthy_vs_degenerated_severe	ATF5	0.0	1.0	21	0	0	0	1.0
NP_mature_chondrocyte	healthy_vs_degenerated_severe	CTCFL	0.0	1.0	6	0	0	0	1.0
NP_mature_chondrocyte	healthy_vs_degenerated_severe	SP6	0.0	1.0	5	0	0	0	1.0
NP_mature_chondrocyte	healthy_vs_degenerated_severe	SMARCA5	0.0	1.0	8	0	0	0	1.0
NP_mature_chondrocyte	healthy_vs_degenerated_severe	EOMES	0.0	1.0	8	0	0	0	1.0
NP_mature_chondrocyte	healthy_vs_degenerated_severe	ESRRB	0.0	1.0	5	0	0	0	1.0
NP_mature_chondrocyte	healthy_vs_degenerated_severe	ZXDC	0.0	1.0	5	0	0	0	1.0
NP_mature_chondrocyte	healthy_vs_degenerated_severe	NR2E1	0.0	1.0	10	0	0	0	1.0
NP_mature_chondrocyte	healthy_vs_degenerated_severe	ZFP42	0.0	1.0	12	0	0	0	1.0
NP_mature_chondrocyte	healthy_vs_degenerated_severe	KMT2B	0.0	1.0	11	0	0	0	1.0
NP_mature_chondrocyte	healthy_vs_degenerated_severe	NFIB	0.0	1.0	14	0	0	0	1.0
NP_mature_chondrocyte	healthy_vs_degenerated_severe	EN1	0.0	1.0	5	0	0	0	1.0
NP_mature_chondrocyte	healthy_vs_degenerated_severe	MTA3	0.0	1.0	9	0	0	0	1.0
NP_mature_chondrocyte	healthy_vs_degenerated_severe	TBX18	0.0	1.0	7	0	0	0	1.0
NP_mature_chondrocyte	healthy_vs_degenerated_severe	EGR4	0.0	1.0	9	0	0	0	1.0
NP_mature_chondrocyte	healthy_vs_degenerated_severe	HSF4	0.0	1.0	8	0	0	0	1.0
NP_mature_chondrocyte	healthy_vs_degenerated_severe	BCLAF1	0.0	1.0	5	0	0	0	1.0
NP_mature_chondrocyte	healthy_vs_degenerated_severe	KDM5C	0.0	1.0	10	0	0	0	1.0
NP_mature_chondrocyte	healthy_vs_degenerated_severe	FOSL2	0.045454545454545456	0.2924907651230116	22	1	1	0	0.7421046685352444
NP_mature_chondrocyte	healthy_vs_degenerated_severe	MED1	-0.1111111111111111	0.13191289202317885	9	1	0	1	0.48791876929055306
NP_mature_chondrocyte	healthy_vs_degenerated_severe	LYL1	0.0	1.0	12	0	0	0	1.0
NP_mature_chondrocyte	healthy_vs_degenerated_severe	HOXD1	0.0	1.0	5	0	0	0	1.0
NP_mature_chondrocyte	healthy_vs_degenerated_severe	SALL4	0.0	1.0	7	0	0	0	1.0
NP_mature_chondrocyte	healthy_vs_degenerated_severe	KDM5B	0.0	1.0	20	0	0	0	1.0
NP_mature_chondrocyte	healthy_vs_degenerated_severe	TADA2A	-0.16666666666666666	0.08998653302160947	6	1	0	1	0.46430026281738
NP_mature_chondrocyte	healthy_vs_degenerated_severe	SATB2	0.0	0.028185660205509968	17	2	1	1	0.27509730617422257
NP_mature_chondrocyte	healthy_vs_degenerated_severe	NSD2	0.0	1.0	6	0	0	0	1.0
NP_mature_chondrocyte	healthy_vs_degenerated_severe	PBRM1	0.0	1.0	7	0	0	0	1.0
NP_mature_chondrocyte	healthy_vs_degenerated_severe	ZBTB4	0.0	1.0	12	0	0	0	1.0
NP_mature_chondrocyte	healthy_vs_degenerated_severe	THAP11	0.0	1.0	6	0	0	0	1.0
NP_mature_chondrocyte	healthy_vs_degenerated_severe	FOXJ1	0.0	1.0	8	0	0	0	1.0
NP_mature_chondrocyte	healthy_vs_degenerated_severe	PPARGC1A	0.05555555555555555	0.24651251874525623	18	1	1	0	0.6667783546677856
NP_mature_chondrocyte	healthy_vs_degenerated_severe	BATF	0.0	1.0	7	0	0	0	1.0
NP_mature_chondrocyte	healthy_vs_degenerated_severe	ARID3B	0.0	1.0	5	0	0	0	1.0
NP_mature_chondrocyte	healthy_vs_degenerated_severe	ZNF300	0.0	1.0	5	0	0	0	1.0
NP_mature_chondrocyte	healthy_vs_degenerated_severe	NUPR1	0.0	1.0	6	0	0	0	1.0
NP_mature_chondrocyte	healthy_vs_degenerated_severe	ZNF331	0.0	1.0	17	0	0	0	1.0
NP_mature_chondrocyte	healthy_vs_degenerated_severe	ZNF382	0.0	1.0	11	0	0	0	1.0
NP_mature_chondrocyte	healthy_vs_degenerated_severe	HOXD8	0.0	1.0	5	0	0	0	1.0
NP_mature_chondrocyte	healthy_vs_degenerated_severe	LHX8	0.14285714285714285	0.10418099355668548	7	1	1	0	0.4809558649910141
NP_mature_chondrocyte	healthy_vs_degenerated_severe	IRX1	0.09090909090909091	0.15879113051635374	11	1	1	0	0.550834769135826
NP_mature_chondrocyte	healthy_vs_degenerated_severe	SOX11	0.0	1.0	7	0	0	0	1.0
NP_mature_chondrocyte	healthy_vs_degenerated_severe	IRF6	0.0	1.0	10	0	0	0	1.0
NP_mature_chondrocyte	healthy_vs_degenerated_severe	E2F7	0.0	1.0	5	0	0	0	1.0
NP_mature_chondrocyte	healthy_vs_degenerated_severe	HEYL	0.0	1.0	5	0	0	0	1.0
NP_mature_chondrocyte	healthy_vs_degenerated_severe	MECP2	0.0	1.0	17	0	0	0	1.0
NP_mature_chondrocyte	healthy_vs_degenerated_severe	MAML1	0.0	1.0	5	0	0	0	1.0
NP_mature_chondrocyte	healthy_vs_degenerated_severe	DOT1L	0.0	1.0	8	0	0	0	1.0
NP_mature_chondrocyte	healthy_vs_degenerated_severe	ARID3A	0.0	1.0	6	0	0	0	1.0
NP_mature_chondrocyte	healthy_vs_degenerated_severe	ARID1A	0.0	1.0	5	0	0	0	1.0
NP_mature_chondrocyte	healthy_vs_degenerated_severe	ZBTB18	0.0	1.0	6	0	0	0	1.0
NP_mature_chondrocyte	healthy_vs_degenerated_severe	TCF15	0.0	1.0	5	0	0	0	1.0
NP_mature_chondrocyte	healthy_vs_degenerated_severe	NPM1	0.0	1.0	11	0	0	0	1.0
NP_mature_chondrocyte	healthy_vs_degenerated_severe	SETBP1	-0.2	0.07556848619770717	5	1	0	1	0.46430026281738
NP_mature_chondrocyte	healthy_vs_degenerated_severe	KDM2A	0.125	0.11815531507929114	8	1	1	0	0.48791876929055306
NP_mature_chondrocyte	healthy_vs_degenerated_severe	MKX	0.0	1.0	6	0	0	0	1.0
NP_mature_chondrocyte	healthy_vs_degenerated_severe	HDAC3	0.0	1.0	14	0	0	0	1.0
NP_mature_chondrocyte	healthy_vs_degenerated_severe	BTG2	0.16666666666666666	0.08998653302160947	6	1	1	0	0.46430026281738
NP_mature_chondrocyte	healthy_vs_degenerated_severe	CREB5	-0.1111111111111111	0.13191289202317885	9	1	0	1	0.48791876929055306
NP_mature_chondrocyte	healthy_vs_degenerated_severe	CTBP1	0.0	1.0	8	0	0	0	1.0
NP_mature_chondrocyte	healthy_vs_degenerated_severe	HDAC1	-0.01694915254237288	0.06422455928446358	59	3	1	2	0.46126731220876516
NP_mature_chondrocyte	healthy_vs_degenerated_severe	HCFC1	0.0	1.0	7	0	0	0	1.0
NP_mature_chondrocyte	healthy_vs_degenerated_severe	ETV7	0.0	1.0	8	0	0	0	1.0
NP_mature_chondrocyte	healthy_vs_degenerated_severe	FHL2	0.0	1.0	6	0	0	0	1.0
NP_mature_chondrocyte	healthy_vs_degenerated_severe	HDAC4	0.0625	0.22242148438405854	16	1	1	0	0.6455686588807548
NP_mature_chondrocyte	healthy_vs_degenerated_severe	HDAC7	0.0	1.0	10	0	0	0	1.0
NP_mature_chondrocyte	healthy_vs_degenerated_severe	HDAC9	0.0	1.0	14	0	0	0	1.0
NP_mature_chondrocyte	healthy_vs_degenerated_severe	ING4	-0.07142857142857142	0.1975648147096986	14	1	0	1	0.6189020215905865
NP_mature_chondrocyte	healthy_vs_degenerated_severe	SIN3A	0.0	1.0	8	0	0	0	1.0
NP_mature_chondrocyte	healthy_vs_degenerated_severe	SMARCA4	-0.14285714285714285	0.10418099355668548	7	1	0	1	0.4809558649910141
NP_mature_chondrocyte	healthy_vs_degenerated_severe	WWTR1	0.0	1.0	8	0	0	0	1.0
NP_mature_chondrocyte	healthy_vs_degenerated_severe	PIN1	0.0	1.0	5	0	0	0	1.0
NP_mature_chondrocyte	healthy_vs_degenerated_severe	FGF2	0.125	0.11815531507929114	8	1	1	0	0.48791876929055306
NP_mature_chondrocyte	healthy_vs_degenerated_severe	PARK7	0.0	1.0	6	0	0	0	1.0
NP_mature_chondrocyte	healthy_vs_degenerated_severe	YAP1	0.0	1.0	8	0	0	0	1.0
NP_mature_chondrocyte	healthy_vs_degenerated_severe	BCOR	0.0	1.0	5	0	0	0	1.0
NP_mature_chondrocyte	healthy_vs_degenerated_severe	BRD4	-0.125	0.11815531507929114	8	1	0	1	0.48791876929055306
NP_mature_chondrocyte	healthy_vs_degenerated_severe	SRSF2	0.0	1.0	12	0	0	0	1.0
NP_mature_chondrocyte	healthy_vs_degenerated_severe	ZMYND8	-0.16666666666666666	0.08998653302160947	6	1	0	1	0.46430026281738
NP_mature_chondrocyte	healthy_vs_degenerated_severe	ARID4B	0.0	0.006360742898445813	8	2	1	1	0.13018320465485764
NP_mature_chondrocyte	healthy_vs_degenerated_severe	AP1	0.021406727828746176	0.013410489060062912	327	11	9	2	0.19604857816377685
NP_mature_chondrocyte	healthy_vs_degenerated_severe	NFKB	0.016701461377870562	0.0712705494427418	479	12	10	2	0.46430026281738
NP_mature_chondrocyte	mild_vs_severe	MYC	0.013215859030837005	0.019971140731201868	681	29	19	10	0.11761017126447994
NP_mature_chondrocyte	mild_vs_severe	SPI1	0.028901734104046242	8.926323955914656e-06	173	17	11	6	0.0009134604848219331
NP_mature_chondrocyte	mild_vs_severe	SMAD3	0.05660377358490566	0.01083458225214986	106	8	7	1	0.08937857986685281
NP_mature_chondrocyte	mild_vs_severe	SMAD4	0.05128205128205128	0.02379812451145743	78	6	5	1	0.1352967449077302
NP_mature_chondrocyte	mild_vs_severe	STAT5A	0.024390243902439025	0.0007732872042890789	123	11	7	4	0.02158174288334066
NP_mature_chondrocyte	mild_vs_severe	STAT5B	0.0	0.10975039417062017	64	4	2	2	0.32548090445990413
NP_mature_chondrocyte	mild_vs_severe	RELA	0.0375	1.5209722839797461e-06	320	26	19	7	0.00031129232745452136
NP_mature_chondrocyte	mild_vs_severe	WT1	0.01098901098901099	0.01515549610596207	91	7	4	3	0.10470458500070368
NP_mature_chondrocyte	mild_vs_severe	NR0B2	-0.046153846153846156	0.283635045582341	65	3	0	3	0.5047881680798765
NP_mature_chondrocyte	mild_vs_severe	SP1	0.029077117572692796	6.136947742845426e-06	791	45	34	11	0.0007536171828214183
NP_mature_chondrocyte	mild_vs_severe	TP53	0.008534850640113799	0.005912662049013338	703	32	19	13	0.07623047961162761
NP_mature_chondrocyte	mild_vs_severe	ZBTB16	0.0	0.26392707053678244	35	2	1	1	0.4885784118778557
NP_mature_chondrocyte	mild_vs_severe	ETV6	-0.058823529411764705	0.01164541757222838	17	3	1	2	0.08937857986685281
NP_mature_chondrocyte	mild_vs_severe	RUNX1	0.035398230088495575	0.015514181075904777	113	8	6	2	0.10470458500070368
NP_mature_chondrocyte	mild_vs_severe	STAT1	0.05365853658536585	0.005959386028270563	205	13	12	1	0.07623047961162761
NP_mature_chondrocyte	mild_vs_severe	STAT3	0.02681992337164751	0.03674803190780067	261	13	10	3	0.1714576333517868
NP_mature_chondrocyte	mild_vs_severe	ETV4	0.1	0.026578678908523994	40	4	4	0	0.1391901493099273
NP_mature_chondrocyte	mild_vs_severe	MTF1	0.0	1.0	25	0	0	0	1.0
NP_mature_chondrocyte	mild_vs_severe	CREB1	0.03787878787878788	0.019337810783025215	264	14	12	2	0.11761017126447994
NP_mature_chondrocyte	mild_vs_severe	FOXA2	0.13636363636363635	0.0014605103266871974	44	6	6	0	0.030922528985722043
NP_mature_chondrocyte	mild_vs_severe	NFATC2	0.041666666666666664	0.4000421394424219	48	2	2	0	0.6396507125459558
NP_mature_chondrocyte	mild_vs_severe	CEBPB	-0.00398406374501992	0.10512485843698084	251	11	5	6	0.31829421504397015
NP_mature_chondrocyte	mild_vs_severe	FOS	0.08762886597938144	3.986216870783575e-05	194	17	17	0	0.002225033780601014
NP_mature_chondrocyte	mild_vs_severe	PLAG1	0.14285714285714285	0.1835743558184951	7	1	1	0	0.4128741922071648
NP_mature_chondrocyte	mild_vs_severe	E2F1	0.04743083003952569	0.05911460037671528	253	12	12	0	0.22972382678039988
NP_mature_chondrocyte	mild_vs_severe	E2F3	0.03389830508474576	0.0875177028812739	59	4	3	1	0.27987432067240714
NP_mature_chondrocyte	mild_vs_severe	HBP1	0.06666666666666667	0.009945130922432384	30	4	3	1	0.089238394670173
NP_mature_chondrocyte	mild_vs_severe	YY1	-0.02531645569620253	0.08302035520873793	158	8	2	6	0.2680727644180135
NP_mature_chondrocyte	mild_vs_severe	ESR1	0.02313624678663239	0.003873170449760459	389	21	15	6	0.05800308917446151
NP_mature_chondrocyte	mild_vs_severe	JUN	0.04699738903394256	3.7899021002239055e-05	383	26	22	4	0.002225033780601014
NP_mature_chondrocyte	mild_vs_severe	NR1I3	0.0	1.0	27	0	0	0	1.0
NP_mature_chondrocyte	mild_vs_severe	CEBPG	0.020833333333333332	0.29379951980809926	96	4	3	1	0.5110280599494984
NP_mature_chondrocyte	mild_vs_severe	MAFK	0.0625	0.00979429999260059	16	3	2	1	0.089238394670173
NP_mature_chondrocyte	mild_vs_severe	STAT4	0.07692307692307693	0.313925238695909	13	1	1	0	0.5369083469618053
NP_mature_chondrocyte	mild_vs_severe	IRF1	0.053763440860215055	0.016911264382544682	93	7	6	1	0.111075161954623
NP_mature_chondrocyte	mild_vs_severe	ATF2	0.07407407407407407	0.002127082487441656	81	8	7	1	0.0420407174342718
NP_mature_chondrocyte	mild_vs_severe	NR2C2	0.058823529411764705	0.2532555668255433	34	2	2	0	0.471208842517829
NP_mature_chondrocyte	mild_vs_severe	IRF3	0.058823529411764705	0.17789886253044684	51	3	3	0	0.4128741922071648
NP_mature_chondrocyte	mild_vs_severe	TFAP2A	0.005494505494505495	0.26418246375154414	182	7	4	3	0.4885784118778557
NP_mature_chondrocyte	mild_vs_severe	HNF1A	-0.024390243902439025	0.6957192250570434	41	1	0	1	0.9842663690899186
NP_mature_chondrocyte	mild_vs_severe	ETS1	0.07258064516129033	0.0008274519537011544	124	11	10	1	0.022089369546630818
NP_mature_chondrocyte	mild_vs_severe	ARNT	0.023809523809523808	0.7044390616752232	42	1	1	0	0.9943116870542231
NP_mature_chondrocyte	mild_vs_severe	AHR	0.05263157894736842	0.13525967905167058	95	5	5	0	0.3564353774151319
NP_mature_chondrocyte	mild_vs_severe	PAX6	0.0641025641025641	0.006756282994309669	78	7	6	1	0.07888519304200187
NP_mature_chondrocyte	mild_vs_severe	NFYA	0.014084507042253521	0.3307445979981917	71	3	2	1	0.5580143567719779
NP_mature_chondrocyte	mild_vs_severe	ZNF148	-0.14285714285714285	0.020944975233459655	21	3	0	3	0.12018892330228252
NP_mature_chondrocyte	mild_vs_severe	NFIC	0.0	0.3694212549519119	45	2	1	1	0.5996157292127567
NP_mature_chondrocyte	mild_vs_severe	RBPJ	0.03614457831325301	0.009415936488426232	83	7	5	2	0.089238394670173
NP_mature_chondrocyte	mild_vs_severe	HES1	0.0	0.06410149863875418	53	4	2	2	0.24350163482804618
NP_mature_chondrocyte	mild_vs_severe	GATA4	0.06896551724137931	0.08336044548573267	58	4	4	0	0.2680727644180135
NP_mature_chondrocyte	mild_vs_severe	GATA6	0.05714285714285714	0.01700499222106606	35	4	3	1	0.111075161954623
NP_mature_chondrocyte	mild_vs_severe	HNF4A	0.008	0.06676699934869226	125	7	4	3	0.24350163482804618
NP_mature_chondrocyte	mild_vs_severe	RARA	0.08	0.007735461850882763	100	8	8	0	0.0808489356148031
NP_mature_chondrocyte	mild_vs_severe	DBP	0.10526315789473684	0.10106779727554577	19	2	2	0	0.3166103445264546
NP_mature_chondrocyte	mild_vs_severe	HLF	-0.09090909090909091	0.2729608283517331	11	1	0	1	0.4900524813098366
NP_mature_chondrocyte	mild_vs_severe	PPARG	-0.02912621359223301	0.00027425797650470633	206	16	5	11	0.010248196990672058
NP_mature_chondrocyte	mild_vs_severe	MAX	0.0	0.242594548870337	33	2	1	1	0.4583170861734982
NP_mature_chondrocyte	mild_vs_severe	USF2	-0.03125	0.5494365673081594	64	2	0	2	0.8129013309089393
NP_mature_chondrocyte	mild_vs_severe	IRF2	0.06451612903225806	0.22134372588343376	31	2	2	0	0.436448126233183
NP_mature_chondrocyte	mild_vs_severe	SP3	0.038910505836575876	0.06493145436360483	257	12	11	1	0.24350163482804618
NP_mature_chondrocyte	mild_vs_severe	AR	0.014534883720930232	0.06841960228620861	344	15	10	5	0.24659693495151075
NP_mature_chondrocyte	mild_vs_severe	CUX1	0.05405405405405406	0.018848703533238115	74	6	5	1	0.11761017126447994
NP_mature_chondrocyte	mild_vs_severe	ATF1	0.01694915254237288	0.8197806617256491	59	1	1	0	1.0
NP_mature_chondrocyte	mild_vs_severe	KAT7	0.03571428571428571	0.07534750564556238	56	4	3	1	0.2584545724378508
NP_mature_chondrocyte	mild_vs_severe	CREBZF	0.0	1.0	11	0	0	0	1.0
NP_mature_chondrocyte	mild_vs_severe	GLI3	0.0	1.0	25	0	0	0	1.0
NP_mature_chondrocyte	mild_vs_severe	NKX2-5	0.0	1.0	32	0	0	0	1.0
NP_mature_chondrocyte	mild_vs_severe	TGFB1I1	0.18181818181818182	0.03769833958060459	11	2	2	0	0.1714576333517868
NP_mature_chondrocyte	mild_vs_severe	RARB	0.22580645161290322	2.1083546539802505e-05	31	7	7	0	0.0014785716911837024
NP_mature_chondrocyte	mild_vs_severe	RARG	0.1	0.11026063212973951	20	2	2	0	0.32548090445990413
NP_mature_chondrocyte	mild_vs_severe	TEAD1	0.0	1.0	14	0	0	0	1.0
NP_mature_chondrocyte	mild_vs_severe	PPARA	0.006578947368421052	0.030162970805363638	152	9	5	4	0.15305838078093617
NP_mature_chondrocyte	mild_vs_severe	ESR2	0.00819672131147541	0.06017354225655692	122	7	4	3	0.23236827009764746
NP_mature_chondrocyte	mild_vs_severe	NR3C1	0.00625	0.000664429294084617	160	13	7	6	0.01942664697942642
NP_mature_chondrocyte	mild_vs_severe	PGR	0.03571428571428571	0.01002841894501944	84	7	5	2	0.089238394670173
NP_mature_chondrocyte	mild_vs_severe	NRG1	0.038461538461538464	0.03689750061945267	26	3	2	1	0.1714576333517868
NP_mature_chondrocyte	mild_vs_severe	TBP	0.009708737864077669	0.17147647621100276	103	5	3	2	0.4128741922071648
NP_mature_chondrocyte	mild_vs_severe	REL	0.14925373134328357	3.492716965899406e-07	67	12	11	1	0.00010722641085311177
NP_mature_chondrocyte	mild_vs_severe	ISL1	0.1	0.2515733293725396	10	1	1	0	0.47093300071566874
NP_mature_chondrocyte	mild_vs_severe	ZBTB14	-0.4	0.007674839984009775	5	2	0	2	0.0808489356148031
NP_mature_chondrocyte	mild_vs_severe	MYB	0.018691588785046728	0.0009468781984248217	107	10	6	4	0.024224300576368353
NP_mature_chondrocyte	mild_vs_severe	PITX1	0.058823529411764705	0.389079368150506	17	1	1	0	0.6253788796974101
NP_mature_chondrocyte	mild_vs_severe	EGR1	0.022026431718061675	0.0021910471626982045	227	15	10	5	0.0420407174342718
NP_mature_chondrocyte	mild_vs_severe	MYOD1	0.047619047619047616	0.2185524140601026	84	4	4	0	0.436448126233183
NP_mature_chondrocyte	mild_vs_severe	ETS2	0.058823529411764705	2.0885193249942657e-05	68	10	7	3	0.0014785716911837024
NP_mature_chondrocyte	mild_vs_severe	GTF2I	0.0	0.09210406100144637	18	2	1	1	0.29150460543756734
NP_mature_chondrocyte	mild_vs_severe	NR2F1	0.09523809523809523	0.11966228022408479	21	2	2	0	0.34986971455994315
NP_mature_chondrocyte	mild_vs_severe	ENO1	0.0	0.04440060971979299	12	2	1	1	0.19562602701934945
NP_mature_chondrocyte	mild_vs_severe	JDP2	0.03571428571428571	0.044605283033727884	28	3	2	1	0.19562602701934945
NP_mature_chondrocyte	mild_vs_severe	MAZ	0.047619047619047616	0.45602420573195035	21	1	1	0	0.7070678341399432
NP_mature_chondrocyte	mild_vs_severe	NR4A1	0.017543859649122806	0.2220333287407961	57	3	2	1	0.436448126233183
NP_mature_chondrocyte	mild_vs_severe	HMGA1	0.0	0.3065403943710496	39	2	1	1	0.5301853581516182
NP_mature_chondrocyte	mild_vs_severe	NFKB1	0.05531914893617021	2.464166000636398e-07	235	23	18	5	0.00010722641085311177
NP_mature_chondrocyte	mild_vs_severe	USF1	0.008064516129032258	0.06452265806567475	124	7	4	3	0.24350163482804618
NP_mature_chondrocyte	mild_vs_severe	DDIT3	0.0	0.5983671392172464	70	2	1	1	0.8624352663835428
NP_mature_chondrocyte	mild_vs_severe	ATF4	0.07142857142857142	0.03274287288789162	84	6	6	0	0.16213003188036657
NP_mature_chondrocyte	mild_vs_severe	ATF3	0.0410958904109589	0.3464649788621845	73	3	3	0	0.5765027019549629
NP_mature_chondrocyte	mild_vs_severe	TAF1	-0.02857142857142857	0.637744567765212	35	1	0	1	0.9085270640553136
NP_mature_chondrocyte	mild_vs_severe	RUNX2	0.012345679012345678	0.4087733095177359	81	3	2	1	0.6485447339635396
NP_mature_chondrocyte	mild_vs_severe	TFAP2B	0.08333333333333333	0.293739030045546	12	1	1	0	0.5110280599494984
NP_mature_chondrocyte	mild_vs_severe	CREM	0.023255813953488372	0.12371745959818627	43	3	2	1	0.3564353774151319
NP_mature_chondrocyte	mild_vs_severe	IRF8	0.0	1.0	42	0	0	0	1.0
NP_mature_chondrocyte	mild_vs_severe	ETV5	0.3333333333333333	0.011296026607215712	6	2	2	0	0.08937857986685281
NP_mature_chondrocyte	mild_vs_severe	DMTF1	0.07692307692307693	0.313925238695909	13	1	1	0	0.5369083469618053
NP_mature_chondrocyte	mild_vs_severe	NR5A1	0.045454545454545456	0.03615906595234317	44	4	3	1	0.1714576333517868
NP_mature_chondrocyte	mild_vs_severe	NEUROD2	0.125	0.20689868720949584	8	1	1	0	0.4252113965501334
NP_mature_chondrocyte	mild_vs_severe	NEUROD1	0.0	1.0	25	0	0	0	1.0
NP_mature_chondrocyte	mild_vs_severe	HHEX	0.0	0.0668056165354582	15	2	1	1	0.24350163482804618
NP_mature_chondrocyte	mild_vs_severe	FOXO3	0.01935483870967742	0.03359622569723414	155	9	6	3	0.16502466062481408
NP_mature_chondrocyte	mild_vs_severe	MBD1	0.2	0.0314272828251029	10	2	2	0	0.15688090776108277
NP_mature_chondrocyte	mild_vs_severe	CEBPD	-0.02040816326530612	0.16377582508369115	49	3	1	2	0.39904109762454903
NP_mature_chondrocyte	mild_vs_severe	ELK1	0.046511627906976744	0.34866877561965004	43	2	2	0	0.578601697920176
NP_mature_chondrocyte	mild_vs_severe	FLI1	0.06666666666666667	0.0002837448678199104	60	8	6	2	0.010248196990672058
NP_mature_chondrocyte	mild_vs_severe	ELK4	0.0	1.0	6	0	0	0	1.0
NP_mature_chondrocyte	mild_vs_severe	PREB	0.0	0.02030403608149002	8	2	1	1	0.11761017126447994
NP_mature_chondrocyte	mild_vs_severe	POU1F1	0.07407407407407407	0.17943814934495342	27	2	2	0	0.4128741922071648
NP_mature_chondrocyte	mild_vs_severe	PAX5	0.0	1.0	36	0	0	0	1.0
NP_mature_chondrocyte	mild_vs_severe	CEBPA	-0.008928571428571428	0.21611344212354033	112	5	2	3	0.436448126233183
NP_mature_chondrocyte	mild_vs_severe	LITAF	0.0	0.11026063212973951	20	2	1	1	0.32548090445990413
NP_mature_chondrocyte	mild_vs_severe	STAT6	0.017241379310344827	0.22959730419107185	58	3	2	1	0.436448126233183
NP_mature_chondrocyte	mild_vs_severe	HIF1A	0.02280130293159609	0.10160097241264011	307	13	10	3	0.3166649597023402
NP_mature_chondrocyte	mild_vs_severe	TP73	0.03	0.5473727775928595	100	3	3	0	0.81180407111598
NP_mature_chondrocyte	mild_vs_severe	KLF11	-0.11764705882352941	0.08339071336130387	17	2	0	2	0.2680727644180135
NP_mature_chondrocyte	mild_vs_severe	TCF4	0.06451612903225806	0.01116727054420051	31	4	3	1	0.08937857986685281
NP_mature_chondrocyte	mild_vs_severe	HIVEP2	-0.125	0.20689868720949584	8	1	0	1	0.4252113965501334
NP_mature_chondrocyte	mild_vs_severe	E2F4	-0.013422818791946308	0.6193827662263682	149	4	1	3	0.8864825605197904
NP_mature_chondrocyte	mild_vs_severe	GATA5	0.0	1.0	8	0	0	0	1.0
NP_mature_chondrocyte	mild_vs_severe	SRF	0.05	0.02793593459006827	60	5	4	1	0.14414003225463798
NP_mature_chondrocyte	mild_vs_severe	ELF1	0.045454545454545456	0.03615906595234317	44	4	3	1	0.1714576333517868
NP_mature_chondrocyte	mild_vs_severe	GATA3	0.019801980198019802	0.06889047998449686	101	6	4	2	0.24659693495151075
NP_mature_chondrocyte	mild_vs_severe	MSX1	-0.07142857142857142	0.3335362686242929	14	1	0	1	0.5580143567719779
NP_mature_chondrocyte	mild_vs_severe	OTX2	0.06666666666666667	0.008127364721426887	15	3	2	1	0.08180658916321489
NP_mature_chondrocyte	mild_vs_severe	LHX2	0.17647058823529413	8.571713701823753e-05	17	5	4	1	0.003832892065470726
NP_mature_chondrocyte	mild_vs_severe	GABPA	0.04	0.5156539328514644	25	1	1	0	0.7779152697071232
NP_mature_chondrocyte	mild_vs_severe	HSF2	0.05263157894736842	0.4235196542312459	19	1	1	0	0.6633700706581249
NP_mature_chondrocyte	mild_vs_severe	VDR	0.1	8.739493308890907e-05	80	10	9	1	0.003832892065470726
NP_mature_chondrocyte	mild_vs_severe	HOXC8	0.0	1.0	12	0	0	0	1.0
NP_mature_chondrocyte	mild_vs_severe	HR	0.0196078431372549	0.17789886253044684	51	3	2	1	0.4128741922071648
NP_mature_chondrocyte	mild_vs_severe	RELB	0.12903225806451613	0.01116727054420051	31	4	4	0	0.08937857986685281
NP_mature_chondrocyte	mild_vs_severe	CEBPE	-0.11764705882352941	0.08339071336130387	17	2	0	2	0.2680727644180135
NP_mature_chondrocyte	mild_vs_severe	NR0B1	0.045454545454545456	0.47158471928030093	22	1	1	0	0.7238825440952619
NP_mature_chondrocyte	mild_vs_severe	LEF1	0.07692307692307693	0.06056357371511049	52	4	4	0	0.2324127141317365
NP_mature_chondrocyte	mild_vs_severe	ID1	0.057692307692307696	0.015960768519702375	52	5	4	1	0.1065207812075789
NP_mature_chondrocyte	mild_vs_severe	ZNF143	-0.045454545454545456	0.47158471928030093	22	1	0	1	0.7238825440952619
NP_mature_chondrocyte	mild_vs_severe	SOX9	0.017857142857142856	0.8033292128588003	56	1	1	0	1.0
NP_mature_chondrocyte	mild_vs_severe	YBX1	0.0	0.5662001337713364	66	2	1	1	0.8334655970349311
NP_mature_chondrocyte	mild_vs_severe	HSF1	0.05970149253731343	0.01196871916368027	67	6	5	1	0.08961943373780105
NP_mature_chondrocyte	mild_vs_severe	POU4F1	-0.0625	0.3710976825746703	16	1	0	1	0.5996157292127567
NP_mature_chondrocyte	mild_vs_severe	NOTO	0.0	1.0	5	0	0	0	1.0
NP_mature_chondrocyte	mild_vs_severe	HNF1B	0.05263157894736842	0.4235196542312459	19	1	1	0	0.6633700706581249
NP_mature_chondrocyte	mild_vs_severe	PAX3	-0.05263157894736842	0.2220333287407961	57	3	0	3	0.436448126233183
NP_mature_chondrocyte	mild_vs_severe	ID2	-0.024390243902439025	0.11126747782802941	41	3	1	2	0.32688148988712945
NP_mature_chondrocyte	mild_vs_severe	MEF2A	0.05454545454545454	0.20706548463923435	55	3	3	0	0.4252113965501334
NP_mature_chondrocyte	mild_vs_severe	PDX1	0.0	0.3694212549519119	45	2	1	1	0.5996157292127567
NP_mature_chondrocyte	mild_vs_severe	NR2F2	0.09090909090909091	0.0670224369477847	33	3	3	0	0.24350163482804618
NP_mature_chondrocyte	mild_vs_severe	NR1H4	0.014705882352941176	0.044466433940659154	68	5	3	2	0.19562602701934945
NP_mature_chondrocyte	mild_vs_severe	ASCL1	0.03225806451612903	0.5931023195737612	31	1	1	0	0.8568584099253869
NP_mature_chondrocyte	mild_vs_severe	RFX1	-0.11764705882352941	0.08339071336130387	17	2	0	2	0.2680727644180135
NP_mature_chondrocyte	mild_vs_severe	CRX	0.0	1.0	10	0	0	0	1.0
NP_mature_chondrocyte	mild_vs_severe	NRL	0.0	1.0	10	0	0	0	1.0
NP_mature_chondrocyte	mild_vs_severe	UBTF	-0.1111111111111111	0.22955872471779595	9	1	0	1	0.436448126233183
NP_mature_chondrocyte	mild_vs_severe	MYBL2	0.022727272727272728	0.13012417132836987	44	3	2	1	0.3564353774151319
NP_mature_chondrocyte	mild_vs_severe	ELF2	0.0	1.0	7	0	0	0	1.0
NP_mature_chondrocyte	mild_vs_severe	JUND	0.07017543859649122	0.07930324935148857	57	4	4	0	0.2680727644180135
NP_mature_chondrocyte	mild_vs_severe	TP63	0.02127659574468085	0.10897898213779776	141	7	5	2	0.32548090445990413
NP_mature_chondrocyte	mild_vs_severe	NFKBIB	0.06666666666666667	0.35258845805920963	15	1	1	0	0.580400303614892
NP_mature_chondrocyte	mild_vs_severe	HOXC6	0.125	0.20689868720949584	8	1	1	0	0.4252113965501334
NP_mature_chondrocyte	mild_vs_severe	FOXO1	0.028089887640449437	0.06907927168022776	178	9	7	2	0.24659693495151075
NP_mature_chondrocyte	mild_vs_severe	PITX2	0.0	0.5234523231202118	61	2	1	1	0.7858184019457458
NP_mature_chondrocyte	mild_vs_severe	NR5A2	0.0	0.15898427895257536	25	2	1	1	0.39189488232594266
NP_mature_chondrocyte	mild_vs_severe	POU2F1	0.020833333333333332	0.011527490757739497	48	5	3	2	0.08937857986685281
NP_mature_chondrocyte	mild_vs_severe	XBP1	0.025	0.6867429706922716	40	1	1	0	0.9738110485105191
NP_mature_chondrocyte	mild_vs_severe	SREBF1	-0.012195121951219513	0.9078299690807508	82	1	0	1	1.0
NP_mature_chondrocyte	mild_vs_severe	TCF3	0.06349206349206349	0.10511657765288371	63	4	4	0	0.31829421504397015
NP_mature_chondrocyte	mild_vs_severe	LRRFIP1	-0.1111111111111111	0.22955872471779595	9	1	0	1	0.436448126233183
NP_mature_chondrocyte	mild_vs_severe	TCF12	0.0	1.0	25	0	0	0	1.0
NP_mature_chondrocyte	mild_vs_severe	E4F1	0.125	0.20689868720949584	8	1	1	0	0.4252113965501334
NP_mature_chondrocyte	mild_vs_severe	BRCA1	0.0	0.4000421394424219	48	2	1	1	0.6396507125459558
NP_mature_chondrocyte	mild_vs_severe	ZNF362	-0.09090909090909091	0.2729608283517331	11	1	0	1	0.4900524813098366
NP_mature_chondrocyte	mild_vs_severe	NRF1	0.016129032258064516	0.8348599542323373	62	1	1	0	1.0
NP_mature_chondrocyte	mild_vs_severe	GATA1	-0.05970149253731343	0.01196871916368027	67	6	1	5	0.08961943373780105
NP_mature_chondrocyte	mild_vs_severe	MYCN	0.01	0.157474432298584	100	5	3	2	0.39189488232594266
NP_mature_chondrocyte	mild_vs_severe	PKNOX1	0.1111111111111111	0.22955872471779595	9	1	1	0	0.436448126233183
NP_mature_chondrocyte	mild_vs_severe	NR4A3	0.0625	0.00979429999260059	16	3	2	1	0.089238394670173
NP_mature_chondrocyte	mild_vs_severe	SSRP1	0.038461538461538464	0.07190084959980618	78	5	4	1	0.25124552621840807
NP_mature_chondrocyte	mild_vs_severe	ZNF91	0.0	0.005132513750224861	25	4	2	2	0.06850790092691446
NP_mature_chondrocyte	mild_vs_severe	NR2C1	0.0	0.02561838714309491	9	2	1	1	0.13797973426193225
NP_mature_chondrocyte	mild_vs_severe	ID3	0.08333333333333333	0.14893149723483046	24	2	2	0	0.3891231459667485
NP_mature_chondrocyte	mild_vs_severe	ERF	-0.08333333333333333	0.293739030045546	12	1	0	1	0.5110280599494984
NP_mature_chondrocyte	mild_vs_severe	ZNF354C	0.058823529411764705	0.01164541757222838	17	3	2	1	0.08937857986685281
NP_mature_chondrocyte	mild_vs_severe	HMGA2	0.0	0.17943814934495342	27	2	1	1	0.4128741922071648
NP_mature_chondrocyte	mild_vs_severe	POU2F2	-0.058823529411764705	0.01164541757222838	17	3	1	2	0.08937857986685281
NP_mature_chondrocyte	mild_vs_severe	SREBF2	-0.021739130434782608	0.7368972006261181	46	1	0	1	1.0
NP_mature_chondrocyte	mild_vs_severe	ELF4	0.06666666666666667	0.009945130922432384	30	4	3	1	0.089238394670173
NP_mature_chondrocyte	mild_vs_severe	TTF1	0.03225806451612903	0.5931023195737612	31	1	1	0	0.8568584099253869
NP_mature_chondrocyte	mild_vs_severe	DLX4	0.08695652173913043	0.0037573496153528022	23	4	3	1	0.05800308917446151
NP_mature_chondrocyte	mild_vs_severe	NR1I2	0.013793103448275862	0.05595496135669831	145	8	5	3	0.22904230848675175
NP_mature_chondrocyte	mild_vs_severe	NR1H3	0.013888888888888888	0.05453072705780356	72	5	3	2	0.22471051284222407
NP_mature_chondrocyte	mild_vs_severe	MITF	0.0	0.5145704920674737	60	2	1	1	0.7779152697071232
NP_mature_chondrocyte	mild_vs_severe	NCOA1	0.061224489795918366	0.16377582508369115	49	3	3	0	0.39904109762454903
NP_mature_chondrocyte	mild_vs_severe	NCOR1	0.03508771929824561	0.4872799566712476	57	2	2	0	0.7461094598407632
NP_mature_chondrocyte	mild_vs_severe	FOSL1	0.029411764705882353	0.07201826158703553	34	3	2	1	0.25124552621840807
NP_mature_chondrocyte	mild_vs_severe	JUNB	0.03636363636363636	0.07149451394801627	55	4	3	1	0.25124552621840807
NP_mature_chondrocyte	mild_vs_severe	DNMT1	0.07627118644067797	0.0005446097883291342	118	11	10	1	0.017599495264952022
NP_mature_chondrocyte	mild_vs_severe	KLF5	0.11538461538461539	0.0034815130430450453	52	6	6	0	0.05777429752512588
NP_mature_chondrocyte	mild_vs_severe	NR3C2	-0.02857142857142857	0.637744567765212	35	1	0	1	0.9085270640553136
NP_mature_chondrocyte	mild_vs_severe	MYRF	0.0	1.0	5	0	0	0	1.0
NP_mature_chondrocyte	mild_vs_severe	EBF1	0.0	1.0	10	0	0	0	1.0
NP_mature_chondrocyte	mild_vs_severe	CREBBP	0.04	0.5156539328514644	25	1	1	0	0.7779152697071232
NP_mature_chondrocyte	mild_vs_severe	ZFPM1	-0.1111111111111111	0.22955872471779595	9	1	0	1	0.436448126233183
NP_mature_chondrocyte	mild_vs_severe	APEX1	0.07407407407407407	0.006809308194179314	27	4	3	1	0.07888519304200187
NP_mature_chondrocyte	mild_vs_severe	TFAM	0.09090909090909091	0.2729608283517331	11	1	1	0	0.4900524813098366
NP_mature_chondrocyte	mild_vs_severe	IRF4	0.0	0.20025989131827954	29	2	1	1	0.4252113965501334
NP_mature_chondrocyte	mild_vs_severe	ZBED1	0.0	1.0	16	0	0	0	1.0
NP_mature_chondrocyte	mild_vs_severe	NCOA2	0.0	1.0	39	0	0	0	1.0
NP_mature_chondrocyte	mild_vs_severe	FOXA1	0.07142857142857142	0.007768871663311697	28	4	3	1	0.0808489356148031
NP_mature_chondrocyte	mild_vs_severe	NR4A2	0.0	0.18980990829197064	28	2	1	1	0.4252113965501334
NP_mature_chondrocyte	mild_vs_severe	KLF1	-0.17647058823529413	0.01164541757222838	17	3	0	3	0.08937857986685281
NP_mature_chondrocyte	mild_vs_severe	LHX3	0.0	1.0	5	0	0	0	1.0
NP_mature_chondrocyte	mild_vs_severe	CTCF	-0.06521739130434782	0.04770452599913824	92	6	0	6	0.20773460257780768
NP_mature_chondrocyte	mild_vs_severe	BCL6	0.1	0.013622902001870746	50	5	5	0	0.09884628700542111
NP_mature_chondrocyte	mild_vs_severe	RB1	0.06666666666666667	0.009945130922432384	30	4	3	1	0.089238394670173
NP_mature_chondrocyte	mild_vs_severe	TFCP2	0.0	0.02445361347078173	39	4	2	2	0.13649562428236348
NP_mature_chondrocyte	mild_vs_severe	REST	0.0	1.0	19	0	0	0	1.0
NP_mature_chondrocyte	mild_vs_severe	ESRRA	0.038461538461538464	0.5295137630796426	26	1	1	0	0.7910497579827264
NP_mature_chondrocyte	mild_vs_severe	HOXD3	0.2	0.13485460457227436	5	1	1	0	0.3564353774151319
NP_mature_chondrocyte	mild_vs_severe	IRF9	0.0	1.0	13	0	0	0	1.0
NP_mature_chondrocyte	mild_vs_severe	TFE3	0.037037037037037035	0.5429782097617462	27	1	1	0	0.807236369960562
NP_mature_chondrocyte	mild_vs_severe	ZNF236	0.0	1.0	6	0	0	0	1.0
NP_mature_chondrocyte	mild_vs_severe	TFAP2C	0.0	0.0668056165354582	15	2	1	1	0.24350163482804618
NP_mature_chondrocyte	mild_vs_severe	PAX8	0.0625	0.3710976825746703	16	1	1	0	0.5996157292127567
NP_mature_chondrocyte	mild_vs_severe	NKX2-1	0.034482758620689655	0.568765611005922	29	1	1	0	0.8334655970349311
NP_mature_chondrocyte	mild_vs_severe	PBX1	0.125	0.02994146823309994	24	3	3	0	0.15305838078093617
NP_mature_chondrocyte	mild_vs_severe	SP4	0.0	1.0	32	0	0	0	1.0
NP_mature_chondrocyte	mild_vs_severe	CIITA	0.0	1.0	20	0	0	0	1.0
NP_mature_chondrocyte	mild_vs_severe	CDX2	-0.03333333333333333	0.5811101068740733	30	1	0	1	0.8475097520681258
NP_mature_chondrocyte	mild_vs_severe	ELF3	-0.0625	0.3710976825746703	16	1	0	1	0.5996157292127567
NP_mature_chondrocyte	mild_vs_severe	ZEB1	0.0	0.01389194162641106	33	4	2	2	0.09918200184437664
NP_mature_chondrocyte	mild_vs_severe	EGR3	0.0	1.0	18	0	0	0	1.0
NP_mature_chondrocyte	mild_vs_severe	EWSR1	0.022727272727272728	0.13012417132836987	44	3	2	1	0.3564353774151319
NP_mature_chondrocyte	mild_vs_severe	NAB2	0.0	1.0	6	0	0	0	1.0
NP_mature_chondrocyte	mild_vs_severe	DEAF1	0.14285714285714285	0.1835743558184951	7	1	1	0	0.4128741922071648
NP_mature_chondrocyte	mild_vs_severe	TBPL1	0.0	0.16915817714700213	26	2	1	1	0.41052616904450323
NP_mature_chondrocyte	mild_vs_severe	MEF2C	0.030303030303030304	0.6160697001673748	33	1	1	0	0.8838009250064677
NP_mature_chondrocyte	mild_vs_severe	POU4F2	0.06666666666666667	0.35258845805920963	15	1	1	0	0.580400303614892
NP_mature_chondrocyte	mild_vs_severe	TAL1	0.0	0.5145704920674737	60	2	1	1	0.7779152697071232
NP_mature_chondrocyte	mild_vs_severe	EPAS1	-0.03278688524590164	0.5234523231202118	61	2	0	2	0.7858184019457458
NP_mature_chondrocyte	mild_vs_severe	SMARCA1	-0.030303030303030304	0.0670224369477847	33	3	1	2	0.24350163482804618
NP_mature_chondrocyte	mild_vs_severe	NFATC4	0.037037037037037035	0.5429782097617462	27	1	1	0	0.807236369960562
NP_mature_chondrocyte	mild_vs_severe	FOXM1	0.017241379310344827	0.22959730419107185	58	3	2	1	0.436448126233183
NP_mature_chondrocyte	mild_vs_severe	MYF5	0.08333333333333333	0.293739030045546	12	1	1	0	0.5110280599494984
NP_mature_chondrocyte	mild_vs_severe	MYOG	0.034482758620689655	0.568765611005922	29	1	1	0	0.8334655970349311
NP_mature_chondrocyte	mild_vs_severe	SMAD7	0.06976744186046512	0.007271991939584201	43	5	4	1	0.0808489356148031
NP_mature_chondrocyte	mild_vs_severe	SOX10	0.0	1.0	15	0	0	0	1.0
NP_mature_chondrocyte	mild_vs_severe	POU3F1	-0.2	0.13485460457227436	5	1	0	1	0.3564353774151319
NP_mature_chondrocyte	mild_vs_severe	NKRF	0.0	1.0	7	0	0	0	1.0
NP_mature_chondrocyte	mild_vs_severe	ATF6	0.05128205128205128	0.3065403943710496	39	2	2	0	0.5301853581516182
NP_mature_chondrocyte	mild_vs_severe	NKX6-1	0.0	1.0	6	0	0	0	1.0
NP_mature_chondrocyte	mild_vs_severe	ERG	0.08823529411764706	0.002589636258046129	34	5	4	1	0.04676578418942127
NP_mature_chondrocyte	mild_vs_severe	PITX3	0.0	1.0	9	0	0	0	1.0
NP_mature_chondrocyte	mild_vs_severe	HOXB2	0.2	0.13485460457227436	5	1	1	0	0.3564353774151319
NP_mature_chondrocyte	mild_vs_severe	SATB1	-0.043478260869565216	0.026749898401582116	23	3	1	2	0.1391901493099273
NP_mature_chondrocyte	mild_vs_severe	NFKB2	0.14285714285714285	0.0011384416458751056	42	6	6	0	0.02691693843858184
NP_mature_chondrocyte	mild_vs_severe	RORA	0.0	0.2532555668255433	34	2	1	1	0.471208842517829
NP_mature_chondrocyte	mild_vs_severe	PROX1	0.07142857142857142	0.006640585926786547	14	3	2	1	0.07888519304200187
NP_mature_chondrocyte	mild_vs_severe	KLF3	-0.2	0.13485460457227436	5	1	0	1	0.3564353774151319
NP_mature_chondrocyte	mild_vs_severe	PEG3	0.0	1.0	6	0	0	0	1.0
NP_mature_chondrocyte	mild_vs_severe	NR2E3	0.0	1.0	6	0	0	0	1.0
NP_mature_chondrocyte	mild_vs_severe	NCOR2	0.0	0.32769279610140667	41	2	1	1	0.5580143567719779
NP_mature_chondrocyte	mild_vs_severe	NCOA3	0.02	0.7658008927272838	50	1	1	0	1.0
NP_mature_chondrocyte	mild_vs_severe	ZFHX3	0.0	1.0	5	0	0	0	1.0
NP_mature_chondrocyte	mild_vs_severe	SMAD1	0.045454545454545456	0.03615906595234317	44	4	3	1	0.1714576333517868
NP_mature_chondrocyte	mild_vs_severe	SPDEF	0.0	0.02030403608149002	8	2	1	1	0.11761017126447994
NP_mature_chondrocyte	mild_vs_severe	PAX2	0.1111111111111111	0.22955872471779595	9	1	1	0	0.436448126233183
NP_mature_chondrocyte	mild_vs_severe	KLF13	0.0	1.0	9	0	0	0	1.0
NP_mature_chondrocyte	mild_vs_severe	MAFB	0.14814814814814814	0.006809308194179314	27	4	4	0	0.07888519304200187
NP_mature_chondrocyte	mild_vs_severe	ELK3	0.0	0.09210406100144637	18	2	1	1	0.29150460543756734
NP_mature_chondrocyte	mild_vs_severe	KLF6	0.13513513513513514	0.003783681414872523	37	5	5	0	0.05800308917446151
NP_mature_chondrocyte	mild_vs_severe	SNAI1	0.08823529411764706	0.012821625976118828	68	6	6	0	0.09484913673899951
NP_mature_chondrocyte	mild_vs_severe	HESX1	0.0	0.0589818496269207	14	2	1	1	0.22972382678039988
NP_mature_chondrocyte	mild_vs_severe	BACH2	0.16666666666666666	0.1595663201652861	6	1	1	0	0.39189488232594266
NP_mature_chondrocyte	mild_vs_severe	PATZ1	0.25	0.02030403608149002	8	2	2	0	0.11761017126447994
NP_mature_chondrocyte	mild_vs_severe	ZHX2	0.0	1.0	7	0	0	0	1.0
NP_mature_chondrocyte	mild_vs_severe	ONECUT1	0.0	1.0	11	0	0	0	1.0
NP_mature_chondrocyte	mild_vs_severe	RXRA	0.08163265306122448	6.566062377850418e-05	49	8	6	2	0.0033596352500001305
NP_mature_chondrocyte	mild_vs_severe	NR1H2	-0.06896551724137931	0.20025989131827954	29	2	0	2	0.4252113965501334
NP_mature_chondrocyte	mild_vs_severe	KAT5	0.075	0.10523408086958622	40	3	3	0	0.31829421504397015
NP_mature_chondrocyte	mild_vs_severe	YBX3	0.0	1.0	21	0	0	0	1.0
NP_mature_chondrocyte	mild_vs_severe	SMAD6	0.0	1.0	17	0	0	0	1.0
NP_mature_chondrocyte	mild_vs_severe	MYBL1	0.1111111111111111	0.22955872471779595	9	1	1	0	0.436448126233183
NP_mature_chondrocyte	mild_vs_severe	CDX1	0.0	1.0	18	0	0	0	1.0
NP_mature_chondrocyte	mild_vs_severe	TFDP1	0.06896551724137931	0.20025989131827954	29	2	2	0	0.4252113965501334
NP_mature_chondrocyte	mild_vs_severe	KMT2A	0.05555555555555555	0.018551762446842247	54	5	4	1	0.11743074373568184
NP_mature_chondrocyte	mild_vs_severe	GATA2	0.05128205128205128	0.02445361347078173	39	4	3	1	0.13649562428236348
NP_mature_chondrocyte	mild_vs_severe	PRDM1	0.030303030303030304	0.0670224369477847	33	3	2	1	0.24350163482804618
NP_mature_chondrocyte	mild_vs_severe	MXD1	0.0	1.0	16	0	0	0	1.0
NP_mature_chondrocyte	mild_vs_severe	CLOCK	0.022222222222222223	0.729132056636352	45	1	1	0	1.0
NP_mature_chondrocyte	mild_vs_severe	BHLHE40	0.0	1.0	26	0	0	0	1.0
NP_mature_chondrocyte	mild_vs_severe	SRY	0.0	1.0	19	0	0	0	1.0
NP_mature_chondrocyte	mild_vs_severe	MAF	0.03571428571428571	0.5560585172235896	28	1	1	0	0.8207209845559712
NP_mature_chondrocyte	mild_vs_severe	AIRE	0.09090909090909091	0.2729608283517331	11	1	1	0	0.4900524813098366
NP_mature_chondrocyte	mild_vs_severe	ZGPAT	-0.2	0.13485460457227436	5	1	0	1	0.3564353774151319
NP_mature_chondrocyte	mild_vs_severe	ETV1	0.15384615384615385	0.05150452624118725	13	2	2	0	0.21660122679512997
NP_mature_chondrocyte	mild_vs_severe	KLF4	0.06756756756756757	0.005067520795004317	74	7	6	1	0.06850790092691446
NP_mature_chondrocyte	mild_vs_severe	EGR2	0.06666666666666667	0.1366454031452506	45	3	3	0	0.3585481945777088
NP_mature_chondrocyte	mild_vs_severe	NEUROG3	0.0	1.0	11	0	0	0	1.0
NP_mature_chondrocyte	mild_vs_severe	CXXC1	0.18181818181818182	0.03769833958060459	11	2	2	0	0.1714576333517868
NP_mature_chondrocyte	mild_vs_severe	TBX21	0.0	1.0	18	0	0	0	1.0
NP_mature_chondrocyte	mild_vs_severe	HOXA10	0.03333333333333333	0.05304513816062078	30	3	2	1	0.22006564074744023
NP_mature_chondrocyte	mild_vs_severe	LMX1B	0.15384615384615385	0.05150452624118725	13	2	2	0	0.21660122679512997
NP_mature_chondrocyte	mild_vs_severe	TBX2	-0.05	0.018332283587802124	20	3	1	2	0.11725023044698442
NP_mature_chondrocyte	mild_vs_severe	ZNF699	-0.03333333333333333	0.5811101068740733	30	1	0	1	0.8475097520681258
NP_mature_chondrocyte	mild_vs_severe	RFX5	0.0	1.0	13	0	0	0	1.0
NP_mature_chondrocyte	mild_vs_severe	RFXANK	0.0	1.0	8	0	0	0	1.0
NP_mature_chondrocyte	mild_vs_severe	RFXAP	0.0	1.0	7	0	0	0	1.0
NP_mature_chondrocyte	mild_vs_severe	BARX2	0.0	1.0	10	0	0	0	1.0
NP_mature_chondrocyte	mild_vs_severe	FOXO4	-0.047619047619047616	0.45602420573195035	21	1	0	1	0.7070678341399432
NP_mature_chondrocyte	mild_vs_severe	DLX5	0.05	0.44000697118395676	20	1	1	0	0.6856961429110392
NP_mature_chondrocyte	mild_vs_severe	ID4	0.0	1.0	9	0	0	0	1.0
NP_mature_chondrocyte	mild_vs_severe	SPIB	0.0	1.0	9	0	0	0	1.0
NP_mature_chondrocyte	mild_vs_severe	FOXN1	-0.03225806451612903	0.5931023195737612	31	1	0	1	0.8568584099253869
NP_mature_chondrocyte	mild_vs_severe	TBX5	0.2727272727272727	0.003207527425345294	11	3	3	0	0.054706162198944745
NP_mature_chondrocyte	mild_vs_severe	TLX1	0.3333333333333333	0.011296026607215712	6	2	2	0	0.08937857986685281
NP_mature_chondrocyte	mild_vs_severe	HIVEP1	-0.125	0.20689868720949584	8	1	0	1	0.4252113965501334
NP_mature_chondrocyte	mild_vs_severe	SMAD2	0.017543859649122806	0.2220333287407961	57	3	2	1	0.436448126233183
NP_mature_chondrocyte	mild_vs_severe	NKX3-1	0.12	0.0028497957646815755	50	6	6	0	0.049993559986128214
NP_mature_chondrocyte	mild_vs_severe	HAND2	0.11764705882352941	0.08339071336130387	17	2	2	0	0.2680727644180135
NP_mature_chondrocyte	mild_vs_severe	PAX7	0.0	1.0	9	0	0	0	1.0
NP_mature_chondrocyte	mild_vs_severe	SFPQ	0.05263157894736842	0.4235196542312459	19	1	1	0	0.6633700706581249
NP_mature_chondrocyte	mild_vs_severe	BMAL1	0.022727272727272728	0.7211384832655865	44	1	1	0	1.0
NP_mature_chondrocyte	mild_vs_severe	SKIL	-0.07142857142857142	0.3335362686242929	14	1	0	1	0.5580143567719779
NP_mature_chondrocyte	mild_vs_severe	TBXT	0.0	1.0	6	0	0	0	1.0
NP_mature_chondrocyte	mild_vs_severe	MSX2	0.045454545454545456	0.47158471928030093	22	1	1	0	0.7238825440952619
NP_mature_chondrocyte	mild_vs_severe	MZF1	0.0	0.0589818496269207	14	2	1	1	0.22972382678039988
NP_mature_chondrocyte	mild_vs_severe	HOXA5	0.1111111111111111	0.22955872471779595	9	1	1	0	0.436448126233183
NP_mature_chondrocyte	mild_vs_severe	HOXB4	0.0	1.0	5	0	0	0	1.0
NP_mature_chondrocyte	mild_vs_severe	CREB3	0.125	0.20689868720949584	8	1	1	0	0.4252113965501334
NP_mature_chondrocyte	mild_vs_severe	NFE2	-0.18181818181818182	0.03769833958060459	11	2	0	2	0.1714576333517868
NP_mature_chondrocyte	mild_vs_severe	ZNF76	-0.16666666666666666	0.1595663201652861	6	1	0	1	0.39189488232594266
NP_mature_chondrocyte	mild_vs_severe	FOXQ1	0.1111111111111111	0.0017038073658729386	9	3	2	1	0.034871257421532804
NP_mature_chondrocyte	mild_vs_severe	ZGLP1	0.2222222222222222	0.02561838714309491	9	2	2	0	0.13797973426193225
NP_mature_chondrocyte	mild_vs_severe	NFYB	0.0	0.20025989131827954	29	2	1	1	0.4252113965501334
NP_mature_chondrocyte	mild_vs_severe	ETV3	-0.1	0.2515733293725396	10	1	0	1	0.47093300071566874
NP_mature_chondrocyte	mild_vs_severe	GSC	0.2	0.13485460457227436	5	1	1	0	0.3564353774151319
NP_mature_chondrocyte	mild_vs_severe	IRF7	0.25	0.02030403608149002	8	2	2	0	0.11761017126447994
NP_mature_chondrocyte	mild_vs_severe	NFATC3	0.0	1.0	18	0	0	0	1.0
NP_mature_chondrocyte	mild_vs_severe	KDM5A	0.0	1.0	13	0	0	0	1.0
NP_mature_chondrocyte	mild_vs_severe	GRHL3	0.07142857142857142	0.3335362686242929	14	1	1	0	0.5580143567719779
NP_mature_chondrocyte	mild_vs_severe	THRA	0.025	0.6867429706922716	40	1	1	0	0.9738110485105191
NP_mature_chondrocyte	mild_vs_severe	SOX17	0.04	0.5156539328514644	25	1	1	0	0.7779152697071232
NP_mature_chondrocyte	mild_vs_severe	TBX15	0.05263157894736842	0.4235196542312459	19	1	1	0	0.6633700706581249
NP_mature_chondrocyte	mild_vs_severe	NFAT5	0.08571428571428572	0.07717575559009514	35	3	3	0	0.26325507740176896
NP_mature_chondrocyte	mild_vs_severe	BMAL2	0.0	1.0	6	0	0	0	1.0
NP_mature_chondrocyte	mild_vs_severe	NFE2L2	0.0	0.05237003001781914	143	8	4	4	0.21874284646898606
NP_mature_chondrocyte	mild_vs_severe	ZIC1	0.0	1.0	9	0	0	0	1.0
NP_mature_chondrocyte	mild_vs_severe	MEIS1	0.2222222222222222	0.02561838714309491	9	2	2	0	0.13797973426193225
NP_mature_chondrocyte	mild_vs_severe	HOXA9	0.0	1.0	27	0	0	0	1.0
NP_mature_chondrocyte	mild_vs_severe	MAFA	0.0	1.0	11	0	0	0	1.0
NP_mature_chondrocyte	mild_vs_severe	NR1D1	0.0	0.05150452624118725	13	2	1	1	0.21660122679512997
NP_mature_chondrocyte	mild_vs_severe	MYF6	0.16666666666666666	0.1595663201652861	6	1	1	0	0.39189488232594266
NP_mature_chondrocyte	mild_vs_severe	ZNF263	0.0	1.0	6	0	0	0	1.0
NP_mature_chondrocyte	mild_vs_severe	NFIA	0.0	0.22134372588343376	31	2	1	1	0.436448126233183
NP_mature_chondrocyte	mild_vs_severe	HEY2	0.0	1.0	10	0	0	0	1.0
NP_mature_chondrocyte	mild_vs_severe	HOXB7	0.09090909090909091	0.2729608283517331	11	1	1	0	0.4900524813098366
NP_mature_chondrocyte	mild_vs_severe	ZNF350	0.0	1.0	9	0	0	0	1.0
NP_mature_chondrocyte	mild_vs_severe	BCL11A	0.25	0.02030403608149002	8	2	2	0	0.11761017126447994
NP_mature_chondrocyte	mild_vs_severe	TWIST1	0.03773584905660377	0.0038338096642784266	53	6	4	2	0.05800308917446151
NP_mature_chondrocyte	mild_vs_severe	ZNF395	0.0	1.0	5	0	0	0	1.0
NP_mature_chondrocyte	mild_vs_severe	TFDP2	0.2	0.13485460457227436	5	1	1	0	0.3564353774151319
NP_mature_chondrocyte	mild_vs_severe	GTF3A	0.125	0.07495009032729501	16	2	2	0	0.2584545724378508
NP_mature_chondrocyte	mild_vs_severe	KLF10	0.0	1.0	17	0	0	0	1.0
NP_mature_chondrocyte	mild_vs_severe	KLF2	0.0	0.015398915675526396	34	4	2	2	0.10470458500070368
NP_mature_chondrocyte	mild_vs_severe	PHF20	0.14285714285714285	0.1835743558184951	7	1	1	0	0.4128741922071648
NP_mature_chondrocyte	mild_vs_severe	TGIF1	0.0	1.0	8	0	0	0	1.0
NP_mature_chondrocyte	mild_vs_severe	FOXG1	0.0	1.0	12	0	0	0	1.0
NP_mature_chondrocyte	mild_vs_severe	SF1	0.0	1.0	5	0	0	0	1.0
NP_mature_chondrocyte	mild_vs_severe	MBD2	0.05263157894736842	0.2220333287407961	57	3	3	0	0.436448126233183
NP_mature_chondrocyte	mild_vs_severe	FOXF2	-0.125	0.20689868720949584	8	1	0	1	0.4252113965501334
NP_mature_chondrocyte	mild_vs_severe	HEY1	0.0	1.0	21	0	0	0	1.0
NP_mature_chondrocyte	mild_vs_severe	ZBTB17	0.05555555555555555	0.2745998014087345	36	2	2	0	0.49155766199697665
NP_mature_chondrocyte	mild_vs_severe	IRF5	0.08333333333333333	0.293739030045546	12	1	1	0	0.5110280599494984
NP_mature_chondrocyte	mild_vs_severe	THRB	0.0	1.0	30	0	0	0	1.0
NP_mature_chondrocyte	mild_vs_severe	POU3F2	0.07692307692307693	0.313925238695909	13	1	1	0	0.5369083469618053
NP_mature_chondrocyte	mild_vs_severe	FOXI1	0.0	1.0	5	0	0	0	1.0
NP_mature_chondrocyte	mild_vs_severe	KCNIP3	0.0	1.0	8	0	0	0	1.0
NP_mature_chondrocyte	mild_vs_severe	FOSB	0.15	0.018332283587802124	20	3	3	0	0.11725023044698442
NP_mature_chondrocyte	mild_vs_severe	NFE2L1	-0.125	0.20689868720949584	8	1	0	1	0.4252113965501334
NP_mature_chondrocyte	mild_vs_severe	TRERF1	0.2	0.13485460457227436	5	1	1	0	0.3564353774151319
NP_mature_chondrocyte	mild_vs_severe	FOXP1	0.09090909090909091	0.2729608283517331	11	1	1	0	0.4900524813098366
NP_mature_chondrocyte	mild_vs_severe	FOXP2	0.2	0.13485460457227436	5	1	1	0	0.3564353774151319
NP_mature_chondrocyte	mild_vs_severe	BARX1	0.0	1.0	7	0	0	0	1.0
NP_mature_chondrocyte	mild_vs_severe	ZFPM2	-0.14285714285714285	0.1835743558184951	7	1	0	1	0.4128741922071648
NP_mature_chondrocyte	mild_vs_severe	IKZF1	-0.07142857142857142	0.3335362686242929	14	1	0	1	0.5580143567719779
NP_mature_chondrocyte	mild_vs_severe	BCL3	0.05263157894736842	0.4235196542312459	19	1	1	0	0.6633700706581249
NP_mature_chondrocyte	mild_vs_severe	SP2	0.0	0.07495009032729501	16	2	1	1	0.2584545724378508
NP_mature_chondrocyte	mild_vs_severe	SIM2	0.0	1.0	8	0	0	0	1.0
NP_mature_chondrocyte	mild_vs_severe	NFATC1	0.046875	0.27582762475837513	64	3	3	0	0.4923202372140766
NP_mature_chondrocyte	mild_vs_severe	POU2F3	-0.2	0.13485460457227436	5	1	0	1	0.3564353774151319
NP_mature_chondrocyte	mild_vs_severe	HOXA7	0.1	0.00238280441506293	10	3	2	1	0.044334603359049665
NP_mature_chondrocyte	mild_vs_severe	NPAS2	0.0	1.0	6	0	0	0	1.0
NP_mature_chondrocyte	mild_vs_severe	DLX2	0.25	0.0041869888846626764	12	3	3	0	0.061209789885306745
NP_mature_chondrocyte	mild_vs_severe	PRRX1	0.2	0.13485460457227436	5	1	1	0	0.3564353774151319
NP_mature_chondrocyte	mild_vs_severe	VEZF1	0.0	1.0	6	0	0	0	1.0
NP_mature_chondrocyte	mild_vs_severe	CTBP2	0.1111111111111111	0.22955872471779595	9	1	1	0	0.436448126233183
NP_mature_chondrocyte	mild_vs_severe	SOX6	0.0	1.0	15	0	0	0	1.0
NP_mature_chondrocyte	mild_vs_severe	HIPK2	-0.14285714285714285	0.1835743558184951	7	1	0	1	0.4128741922071648
NP_mature_chondrocyte	mild_vs_severe	RORC	-0.16666666666666666	0.1595663201652861	6	1	0	1	0.39189488232594266
NP_mature_chondrocyte	mild_vs_severe	PPARD	-0.016666666666666666	0.824953715448669	60	1	0	1	1.0
NP_mature_chondrocyte	mild_vs_severe	MECOM	0.0	1.0	12	0	0	0	1.0
NP_mature_chondrocyte	mild_vs_severe	SIRT1	-0.07692307692307693	0.09933492572250655	39	3	0	3	0.3127776635570206
NP_mature_chondrocyte	mild_vs_severe	ZBTB7B	0.08333333333333333	0.293739030045546	12	1	1	0	0.5110280599494984
NP_mature_chondrocyte	mild_vs_severe	ZBTB7A	0.0	0.008813211540419356	29	4	2	2	0.08727922396479813
NP_mature_chondrocyte	mild_vs_severe	NR6A1	0.0	1.0	5	0	0	0	1.0
NP_mature_chondrocyte	mild_vs_severe	STAT2	0.06896551724137931	0.20025989131827954	29	2	2	0	0.4252113965501334
NP_mature_chondrocyte	mild_vs_severe	ESRRG	0.07142857142857142	0.3335362686242929	14	1	1	0	0.5580143567719779
NP_mature_chondrocyte	mild_vs_severe	PRDM2	-0.14285714285714285	0.1835743558184951	7	1	0	1	0.4128741922071648
NP_mature_chondrocyte	mild_vs_severe	PURA	0.07692307692307693	0.313925238695909	13	1	1	0	0.5369083469618053
NP_mature_chondrocyte	mild_vs_severe	NEUROD6	0.0	1.0	8	0	0	0	1.0
NP_mature_chondrocyte	mild_vs_severe	NEUROG2	0.0	1.0	8	0	0	0	1.0
NP_mature_chondrocyte	mild_vs_severe	HMGB2	0.0	1.0	6	0	0	0	1.0
NP_mature_chondrocyte	mild_vs_severe	DLX3	0.0	1.0	10	0	0	0	1.0
NP_mature_chondrocyte	mild_vs_severe	TWIST2	0.08333333333333333	0.004408909580957121	24	4	3	1	0.0629551275048296
NP_mature_chondrocyte	mild_vs_severe	TFAP4	0.13043478260869565	0.026749898401582116	23	3	3	0	0.1391901493099273
NP_mature_chondrocyte	mild_vs_severe	KAT6B	0.0	1.0	6	0	0	0	1.0
NP_mature_chondrocyte	mild_vs_severe	SALL3	0.0	1.0	5	0	0	0	1.0
NP_mature_chondrocyte	mild_vs_severe	MXI1	-0.125	0.20689868720949584	8	1	0	1	0.4252113965501334
NP_mature_chondrocyte	mild_vs_severe	E2F5	-0.1111111111111111	0.22955872471779595	9	1	0	1	0.436448126233183
NP_mature_chondrocyte	mild_vs_severe	E2F2	0.06976744186046512	0.12371745959818627	43	3	3	0	0.3564353774151319
NP_mature_chondrocyte	mild_vs_severe	FOXD3	0.125	0.20689868720949584	8	1	1	0	0.4252113965501334
NP_mature_chondrocyte	mild_vs_severe	POU5F1	-0.025	0.10523408086958622	40	3	1	2	0.31829421504397015
NP_mature_chondrocyte	mild_vs_severe	PLAGL1	0.14285714285714285	0.0589818496269207	14	2	2	0	0.22972382678039988
NP_mature_chondrocyte	mild_vs_severe	SNAI2	0.07407407407407407	0.17943814934495342	27	2	2	0	0.4128741922071648
NP_mature_chondrocyte	mild_vs_severe	NOTCH1	0.025	0.10523408086958622	40	3	2	1	0.31829421504397015
NP_mature_chondrocyte	mild_vs_severe	FOXC2	0.0	1.0	11	0	0	0	1.0
NP_mature_chondrocyte	mild_vs_severe	FOXD1	0.0	1.0	5	0	0	0	1.0
NP_mature_chondrocyte	mild_vs_severe	KLF9	-0.0625	0.3710976825746703	16	1	0	1	0.5996157292127567
NP_mature_chondrocyte	mild_vs_severe	TBPL2	-0.125	0.20689868720949584	8	1	0	1	0.4252113965501334
NP_mature_chondrocyte	mild_vs_severe	NFIL3	0.0	1.0	15	0	0	0	1.0
NP_mature_chondrocyte	mild_vs_severe	ZNF384	0.1	0.2515733293725396	10	1	1	0	0.47093300071566874
NP_mature_chondrocyte	mild_vs_severe	HOXA11	0.2	0.13485460457227436	5	1	1	0	0.3564353774151319
NP_mature_chondrocyte	mild_vs_severe	MEF2D	0.058823529411764705	0.389079368150506	17	1	1	0	0.6253788796974101
NP_mature_chondrocyte	mild_vs_severe	SMAD5	-0.038461538461538464	0.5295137630796426	26	1	0	1	0.7910497579827264
NP_mature_chondrocyte	mild_vs_severe	MLXIPL	0.0	1.0	10	0	0	0	1.0
NP_mature_chondrocyte	mild_vs_severe	ZBTB33	0.14285714285714285	0.1835743558184951	7	1	1	0	0.4128741922071648
NP_mature_chondrocyte	mild_vs_severe	KLF15	0.0	1.0	12	0	0	0	1.0
NP_mature_chondrocyte	mild_vs_severe	DNMT3A	0.025	0.10523408086958622	40	3	2	1	0.31829421504397015
NP_mature_chondrocyte	mild_vs_severe	DNMT3B	0.0196078431372549	0.17789886253044684	51	3	2	1	0.4128741922071648
NP_mature_chondrocyte	mild_vs_severe	OLIG2	0.0	1.0	10	0	0	0	1.0
NP_mature_chondrocyte	mild_vs_severe	MAFG	0.1111111111111111	0.22955872471779595	9	1	1	0	0.436448126233183
NP_mature_chondrocyte	mild_vs_severe	TEF	-0.1111111111111111	0.22955872471779595	9	1	0	1	0.436448126233183
NP_mature_chondrocyte	mild_vs_severe	HOXD13	0.125	0.20689868720949584	8	1	1	0	0.4252113965501334
NP_mature_chondrocyte	mild_vs_severe	ZKSCAN7	0.125	0.20689868720949584	8	1	1	0	0.4252113965501334
NP_mature_chondrocyte	mild_vs_severe	BACH1	0.0	0.0589818496269207	14	2	1	1	0.22972382678039988
NP_mature_chondrocyte	mild_vs_severe	TEAD4	0.0	1.0	7	0	0	0	1.0
NP_mature_chondrocyte	mild_vs_severe	GCM1	0.0	1.0	5	0	0	0	1.0
NP_mature_chondrocyte	mild_vs_severe	BHLHE41	0.0	1.0	17	0	0	0	1.0
NP_mature_chondrocyte	mild_vs_severe	MTA1	0.1	0.026578678908523994	40	4	4	0	0.1391901493099273
NP_mature_chondrocyte	mild_vs_severe	EHF	0.125	0.0011603167396604525	8	3	2	1	0.02691693843858184
NP_mature_chondrocyte	mild_vs_severe	TCF7L2	0.05405405405405406	0.0011836438727063675	74	8	6	2	0.02691693843858184
NP_mature_chondrocyte	mild_vs_severe	VSX2	0.0	1.0	14	0	0	0	1.0
NP_mature_chondrocyte	mild_vs_severe	TSC22D1	0.0	1.0	7	0	0	0	1.0
NP_mature_chondrocyte	mild_vs_severe	SOX5	0.0	1.0	10	0	0	0	1.0
NP_mature_chondrocyte	mild_vs_severe	SOX2	0.08823529411764706	0.07201826158703553	34	3	3	0	0.25124552621840807
NP_mature_chondrocyte	mild_vs_severe	NKX3-2	0.0	1.0	6	0	0	0	1.0
NP_mature_chondrocyte	mild_vs_severe	PAX9	0.16666666666666666	0.1595663201652861	6	1	1	0	0.39189488232594266
NP_mature_chondrocyte	mild_vs_severe	TCF21	0.0	1.0	6	0	0	0	1.0
NP_mature_chondrocyte	mild_vs_severe	HIC1	-0.11764705882352941	0.08339071336130387	17	2	0	2	0.2680727644180135
NP_mature_chondrocyte	mild_vs_severe	ZEB2	0.0	0.08339071336130387	17	2	1	1	0.2680727644180135
NP_mature_chondrocyte	mild_vs_severe	NONO	0.0	1.0	11	0	0	0	1.0
NP_mature_chondrocyte	mild_vs_severe	CEBPZ	0.0	1.0	13	0	0	0	1.0
NP_mature_chondrocyte	mild_vs_severe	SIX1	0.0	1.0	7	0	0	0	1.0
NP_mature_chondrocyte	mild_vs_severe	NFIX	0.06666666666666667	0.35258845805920963	15	1	1	0	0.580400303614892
NP_mature_chondrocyte	mild_vs_severe	MNT	0.0	1.0	8	0	0	0	1.0
NP_mature_chondrocyte	mild_vs_severe	HOXA1	0.21428571428571427	0.006640585926786547	14	3	3	0	0.07888519304200187
NP_mature_chondrocyte	mild_vs_severe	BCL11B	0.0	1.0	18	0	0	0	1.0
NP_mature_chondrocyte	mild_vs_severe	RXRB	0.14285714285714285	0.1835743558184951	7	1	1	0	0.4128741922071648
NP_mature_chondrocyte	mild_vs_severe	E2F6	-0.030303030303030304	0.6160697001673748	33	1	0	1	0.8838009250064677
NP_mature_chondrocyte	mild_vs_severe	HOXA13	0.16666666666666666	0.1595663201652861	6	1	1	0	0.39189488232594266
NP_mature_chondrocyte	mild_vs_severe	KAT6A	0.0	1.0	11	0	0	0	1.0
NP_mature_chondrocyte	mild_vs_severe	GFI1	0.0625	0.2319538148144248	32	2	2	0	0.43956679721005193
NP_mature_chondrocyte	mild_vs_severe	RUNX3	-0.022727272727272728	0.7211384832655865	44	1	0	1	1.0
NP_mature_chondrocyte	mild_vs_severe	GLI1	0.008849557522123894	0.0003754042021221155	113	11	6	5	0.012805454450165498
NP_mature_chondrocyte	mild_vs_severe	KLF8	0.06666666666666667	0.008127364721426887	15	3	2	1	0.08180658916321489
NP_mature_chondrocyte	mild_vs_severe	HIF3A	0.0	1.0	5	0	0	0	1.0
NP_mature_chondrocyte	mild_vs_severe	MEOX2	0.16666666666666666	0.1595663201652861	6	1	1	0	0.39189488232594266
NP_mature_chondrocyte	mild_vs_severe	JARID2	0.0	1.0	10	0	0	0	1.0
NP_mature_chondrocyte	mild_vs_severe	NFYC	-0.05555555555555555	0.4065485038651566	18	1	0	1	0.6466859621067518
NP_mature_chondrocyte	mild_vs_severe	GFI1B	0.2222222222222222	0.02561838714309491	9	2	2	0	0.13797973426193225
NP_mature_chondrocyte	mild_vs_severe	ASCL2	0.0	1.0	5	0	0	0	1.0
NP_mature_chondrocyte	mild_vs_severe	MSC	0.15384615384615385	0.05150452624118725	13	2	2	0	0.21660122679512997
NP_mature_chondrocyte	mild_vs_severe	HOXB9	0.0	1.0	5	0	0	0	1.0
NP_mature_chondrocyte	mild_vs_severe	HLX	0.0	0.04440060971979299	12	2	1	1	0.19562602701934945
NP_mature_chondrocyte	mild_vs_severe	RCOR2	0.08333333333333333	0.293739030045546	12	1	1	0	0.5110280599494984
NP_mature_chondrocyte	mild_vs_severe	NKX2-2	0.0	1.0	9	0	0	0	1.0
NP_mature_chondrocyte	mild_vs_severe	ARID4A	0.0	1.0	6	0	0	0	1.0
NP_mature_chondrocyte	mild_vs_severe	HINFP	0.1111111111111111	0.22955872471779595	9	1	1	0	0.436448126233183
NP_mature_chondrocyte	mild_vs_severe	SMARCC1	0.0	1.0	6	0	0	0	1.0
NP_mature_chondrocyte	mild_vs_severe	KAT2B	0.0	1.0	12	0	0	0	1.0
NP_mature_chondrocyte	mild_vs_severe	HDGF	0.2	0.13485460457227436	5	1	1	0	0.3564353774151319
NP_mature_chondrocyte	mild_vs_severe	EP300	-0.047619047619047616	0.3382059237116751	42	2	0	2	0.5642892314102406
NP_mature_chondrocyte	mild_vs_severe	TRPS1	0.0	0.04440060971979299	12	2	1	1	0.19562602701934945
NP_mature_chondrocyte	mild_vs_severe	CTNNB1	0.015	0.004856455295654047	200	13	8	5	0.0677696261711724
NP_mature_chondrocyte	mild_vs_severe	PML	0.0	1.0	15	0	0	0	1.0
NP_mature_chondrocyte	mild_vs_severe	KLF7	0.0	1.0	8	0	0	0	1.0
NP_mature_chondrocyte	mild_vs_severe	PROP1	0.0	1.0	6	0	0	0	1.0
NP_mature_chondrocyte	mild_vs_severe	LMO2	-0.05555555555555555	0.01368393224016416	18	3	1	2	0.09884628700542111
NP_mature_chondrocyte	mild_vs_severe	MEOX1	0.0	0.011296026607215712	6	2	1	1	0.08937857986685281
NP_mature_chondrocyte	mild_vs_severe	FOXL2	0.0	1.0	13	0	0	0	1.0
NP_mature_chondrocyte	mild_vs_severe	HTATIP2	0.09090909090909091	0.2729608283517331	11	1	1	0	0.4900524813098366
NP_mature_chondrocyte	mild_vs_severe	EZH2	0.0	0.05889728961679667	97	6	3	3	0.22972382678039988
NP_mature_chondrocyte	mild_vs_severe	GLI2	-0.039603960396039604	0.0006016951727830961	101	10	3	7	0.01847204180444105
NP_mature_chondrocyte	mild_vs_severe	TCF7	0.0	1.0	12	0	0	0	1.0
NP_mature_chondrocyte	mild_vs_severe	FOXC1	0.1111111111111111	0.22955872471779595	9	1	1	0	0.436448126233183
NP_mature_chondrocyte	mild_vs_severe	HOXB13	-0.125	0.20689868720949584	8	1	0	1	0.4252113965501334
NP_mature_chondrocyte	mild_vs_severe	ABL1	0.0	1.0	10	0	0	0	1.0
NP_mature_chondrocyte	mild_vs_severe	TBX3	-0.18181818181818182	0.03769833958060459	11	2	0	2	0.1714576333517868
NP_mature_chondrocyte	mild_vs_severe	NFKBIZ	0.2	0.00022090697781003727	5	3	2	1	0.009042458958357525
NP_mature_chondrocyte	mild_vs_severe	PLAGL2	0.0	1.0	5	0	0	0	1.0
NP_mature_chondrocyte	mild_vs_severe	TET1	0.0	1.0	9	0	0	0	1.0
NP_mature_chondrocyte	mild_vs_severe	FOXH1	0.0	1.0	7	0	0	0	1.0
NP_mature_chondrocyte	mild_vs_severe	FOXP3	-0.07407407407407407	0.17943814934495342	27	2	0	2	0.4128741922071648
NP_mature_chondrocyte	mild_vs_severe	CREB3L1	0.0	1.0	7	0	0	0	1.0
NP_mature_chondrocyte	mild_vs_severe	TFDP3	0.0	1.0	5	0	0	0	1.0
NP_mature_chondrocyte	mild_vs_severe	SP7	0.041666666666666664	0.5013871466955084	24	1	1	0	0.7658002688334383
NP_mature_chondrocyte	mild_vs_severe	OVOL1	-0.125	0.20689868720949584	8	1	0	1	0.4252113965501334
NP_mature_chondrocyte	mild_vs_severe	ZNF436	0.0	1.0	5	0	0	0	1.0
NP_mature_chondrocyte	mild_vs_severe	ATF7	0.2	0.13485460457227436	5	1	1	0	0.3564353774151319
NP_mature_chondrocyte	mild_vs_severe	SCX	0.0	1.0	8	0	0	0	1.0
NP_mature_chondrocyte	mild_vs_severe	NANOG	0.03225806451612903	0.5931023195737612	31	1	1	0	0.8568584099253869
NP_mature_chondrocyte	mild_vs_severe	ARX	0.15384615384615385	0.05150452624118725	13	2	2	0	0.21660122679512997
NP_mature_chondrocyte	mild_vs_severe	VHL	-0.05	0.44000697118395676	20	1	0	1	0.6856961429110392
NP_mature_chondrocyte	mild_vs_severe	SOX4	0.05555555555555555	0.4065485038651566	18	1	1	0	0.6466859621067518
NP_mature_chondrocyte	mild_vs_severe	ATF5	0.0	1.0	21	0	0	0	1.0
NP_mature_chondrocyte	mild_vs_severe	CTCFL	0.16666666666666666	0.1595663201652861	6	1	1	0	0.39189488232594266
NP_mature_chondrocyte	mild_vs_severe	SP6	0.0	1.0	5	0	0	0	1.0
NP_mature_chondrocyte	mild_vs_severe	SMARCA5	0.0	1.0	8	0	0	0	1.0
NP_mature_chondrocyte	mild_vs_severe	EOMES	0.0	1.0	8	0	0	0	1.0
NP_mature_chondrocyte	mild_vs_severe	ESRRB	0.2	0.13485460457227436	5	1	1	0	0.3564353774151319
NP_mature_chondrocyte	mild_vs_severe	ZXDC	0.4	0.007674839984009775	5	2	2	0	0.0808489356148031
NP_mature_chondrocyte	mild_vs_severe	NR2E1	0.0	1.0	10	0	0	0	1.0
NP_mature_chondrocyte	mild_vs_severe	ZFP42	0.0	1.0	12	0	0	0	1.0
NP_mature_chondrocyte	mild_vs_severe	KMT2B	0.0	0.03769833958060459	11	2	1	1	0.1714576333517868
NP_mature_chondrocyte	mild_vs_severe	NFIB	0.14285714285714285	0.0589818496269207	14	2	2	0	0.22972382678039988
NP_mature_chondrocyte	mild_vs_severe	EN1	0.0	1.0	5	0	0	0	1.0
NP_mature_chondrocyte	mild_vs_severe	MTA3	0.0	1.0	9	0	0	0	1.0
NP_mature_chondrocyte	mild_vs_severe	TBX18	0.14285714285714285	0.1835743558184951	7	1	1	0	0.4128741922071648
NP_mature_chondrocyte	mild_vs_severe	EGR4	0.1111111111111111	0.22955872471779595	9	1	1	0	0.436448126233183
NP_mature_chondrocyte	mild_vs_severe	HSF4	-0.125	0.20689868720949584	8	1	0	1	0.4252113965501334
NP_mature_chondrocyte	mild_vs_severe	BCLAF1	0.0	1.0	5	0	0	0	1.0
NP_mature_chondrocyte	mild_vs_severe	KDM5C	0.0	1.0	10	0	0	0	1.0
NP_mature_chondrocyte	mild_vs_severe	FOSL2	0.045454545454545456	0.47158471928030093	22	1	1	0	0.7238825440952619
NP_mature_chondrocyte	mild_vs_severe	MED1	0.0	1.0	9	0	0	0	1.0
NP_mature_chondrocyte	mild_vs_severe	LYL1	0.0	1.0	12	0	0	0	1.0
NP_mature_chondrocyte	mild_vs_severe	HOXD1	0.0	1.0	5	0	0	0	1.0
NP_mature_chondrocyte	mild_vs_severe	SALL4	0.14285714285714285	0.1835743558184951	7	1	1	0	0.4128741922071648
NP_mature_chondrocyte	mild_vs_severe	KDM5B	0.0	0.11026063212973951	20	2	1	1	0.32548090445990413
NP_mature_chondrocyte	mild_vs_severe	TADA2A	0.0	1.0	6	0	0	0	1.0
NP_mature_chondrocyte	mild_vs_severe	SATB2	0.11764705882352941	0.08339071336130387	17	2	2	0	0.2680727644180135
NP_mature_chondrocyte	mild_vs_severe	NSD2	0.16666666666666666	0.1595663201652861	6	1	1	0	0.39189488232594266
NP_mature_chondrocyte	mild_vs_severe	PBRM1	0.0	1.0	7	0	0	0	1.0
NP_mature_chondrocyte	mild_vs_severe	ZBTB4	0.0	1.0	12	0	0	0	1.0
NP_mature_chondrocyte	mild_vs_severe	THAP11	-0.16666666666666666	0.1595663201652861	6	1	0	1	0.39189488232594266
NP_mature_chondrocyte	mild_vs_severe	FOXJ1	0.0	1.0	8	0	0	0	1.0
NP_mature_chondrocyte	mild_vs_severe	PPARGC1A	0.0	1.0	18	0	0	0	1.0
NP_mature_chondrocyte	mild_vs_severe	BATF	0.14285714285714285	0.1835743558184951	7	1	1	0	0.4128741922071648
NP_mature_chondrocyte	mild_vs_severe	ARID3B	0.0	1.0	5	0	0	0	1.0
NP_mature_chondrocyte	mild_vs_severe	ZNF300	0.2	0.13485460457227436	5	1	1	0	0.3564353774151319
NP_mature_chondrocyte	mild_vs_severe	NUPR1	0.0	1.0	6	0	0	0	1.0
NP_mature_chondrocyte	mild_vs_severe	ZNF331	0.0	0.08339071336130387	17	2	1	1	0.2680727644180135
NP_mature_chondrocyte	mild_vs_severe	ZNF382	-0.09090909090909091	0.2729608283517331	11	1	0	1	0.4900524813098366
NP_mature_chondrocyte	mild_vs_severe	HOXD8	0.2	0.13485460457227436	5	1	1	0	0.3564353774151319
NP_mature_chondrocyte	mild_vs_severe	LHX8	0.2857142857142857	0.015518106246032629	7	2	2	0	0.10470458500070368
NP_mature_chondrocyte	mild_vs_severe	IRX1	-0.09090909090909091	0.2729608283517331	11	1	0	1	0.4900524813098366
NP_mature_chondrocyte	mild_vs_severe	SOX11	-0.14285714285714285	0.1835743558184951	7	1	0	1	0.4128741922071648
NP_mature_chondrocyte	mild_vs_severe	IRF6	0.2	0.0314272828251029	10	2	2	0	0.15688090776108277
NP_mature_chondrocyte	mild_vs_severe	E2F7	0.0	1.0	5	0	0	0	1.0
NP_mature_chondrocyte	mild_vs_severe	HEYL	0.0	1.0	5	0	0	0	1.0
NP_mature_chondrocyte	mild_vs_severe	MECP2	0.0	1.0	17	0	0	0	1.0
NP_mature_chondrocyte	mild_vs_severe	MAML1	0.0	1.0	5	0	0	0	1.0
NP_mature_chondrocyte	mild_vs_severe	DOT1L	0.0	1.0	8	0	0	0	1.0
NP_mature_chondrocyte	mild_vs_severe	ARID3A	-0.16666666666666666	0.1595663201652861	6	1	0	1	0.39189488232594266
NP_mature_chondrocyte	mild_vs_severe	ARID1A	0.0	1.0	5	0	0	0	1.0
NP_mature_chondrocyte	mild_vs_severe	ZBTB18	0.0	1.0	6	0	0	0	1.0
NP_mature_chondrocyte	mild_vs_severe	TCF15	0.0	1.0	5	0	0	0	1.0
NP_mature_chondrocyte	mild_vs_severe	NPM1	0.09090909090909091	0.2729608283517331	11	1	1	0	0.4900524813098366
NP_mature_chondrocyte	mild_vs_severe	SETBP1	0.0	0.007674839984009775	5	2	1	1	0.0808489356148031
NP_mature_chondrocyte	mild_vs_severe	KDM2A	0.125	0.20689868720949584	8	1	1	0	0.4252113965501334
NP_mature_chondrocyte	mild_vs_severe	MKX	0.0	1.0	6	0	0	0	1.0
NP_mature_chondrocyte	mild_vs_severe	HDAC3	-0.14285714285714285	0.0589818496269207	14	2	0	2	0.22972382678039988
NP_mature_chondrocyte	mild_vs_severe	BTG2	0.0	1.0	6	0	0	0	1.0
NP_mature_chondrocyte	mild_vs_severe	CREB5	0.0	1.0	9	0	0	0	1.0
NP_mature_chondrocyte	mild_vs_severe	CTBP1	-0.125	0.20689868720949584	8	1	0	1	0.4252113965501334
NP_mature_chondrocyte	mild_vs_severe	HDAC1	-0.05084745762711865	0.001380845762706995	59	7	2	5	0.030279974939360528
NP_mature_chondrocyte	mild_vs_severe	HCFC1	0.0	1.0	7	0	0	0	1.0
NP_mature_chondrocyte	mild_vs_severe	ETV7	0.125	0.20689868720949584	8	1	1	0	0.4252113965501334
NP_mature_chondrocyte	mild_vs_severe	FHL2	0.0	1.0	6	0	0	0	1.0
NP_mature_chondrocyte	mild_vs_severe	HDAC4	-0.0625	0.3710976825746703	16	1	0	1	0.5996157292127567
NP_mature_chondrocyte	mild_vs_severe	HDAC7	0.0	1.0	10	0	0	0	1.0
NP_mature_chondrocyte	mild_vs_severe	HDAC9	0.07142857142857142	0.3335362686242929	14	1	1	0	0.5580143567719779
NP_mature_chondrocyte	mild_vs_severe	ING4	0.0	1.0	14	0	0	0	1.0
NP_mature_chondrocyte	mild_vs_severe	SIN3A	0.0	1.0	8	0	0	0	1.0
NP_mature_chondrocyte	mild_vs_severe	SMARCA4	0.0	0.015518106246032629	7	2	1	1	0.10470458500070368
NP_mature_chondrocyte	mild_vs_severe	WWTR1	0.0	1.0	8	0	0	0	1.0
NP_mature_chondrocyte	mild_vs_severe	PIN1	0.2	0.13485460457227436	5	1	1	0	0.3564353774151319
NP_mature_chondrocyte	mild_vs_severe	FGF2	0.25	0.02030403608149002	8	2	2	0	0.11761017126447994
NP_mature_chondrocyte	mild_vs_severe	PARK7	0.16666666666666666	0.1595663201652861	6	1	1	0	0.39189488232594266
NP_mature_chondrocyte	mild_vs_severe	YAP1	0.0	1.0	8	0	0	0	1.0
NP_mature_chondrocyte	mild_vs_severe	BCOR	0.0	1.0	5	0	0	0	1.0
NP_mature_chondrocyte	mild_vs_severe	BRD4	0.0	1.0	8	0	0	0	1.0
NP_mature_chondrocyte	mild_vs_severe	SRSF2	0.08333333333333333	0.293739030045546	12	1	1	0	0.5110280599494984
NP_mature_chondrocyte	mild_vs_severe	ZMYND8	-0.16666666666666666	0.1595663201652861	6	1	0	1	0.39189488232594266
NP_mature_chondrocyte	mild_vs_severe	ARID4B	0.0	1.0	8	0	0	0	1.0
NP_mature_chondrocyte	mild_vs_severe	AP1	0.04281345565749235	2.1672874952204105e-05	327	24	19	5	0.0014785716911837024
NP_mature_chondrocyte	mild_vs_severe	NFKB	0.03549060542797495	2.384523658479751e-06	479	33	25	8	0.00036602438157664176
T_cell	mild_vs_severe	MYC	0.0014727540500736377	0.02691510792536699	679	7	4	3	0.12324286260562778
T_cell	mild_vs_severe	SPI1	0.005813953488372093	0.03900130876818679	172	3	2	1	0.1503278293659858
T_cell	mild_vs_severe	SMAD3	0.05714285714285714	1.459277088547332e-08	105	8	7	1	4.443498734626626e-06
T_cell	mild_vs_severe	SMAD4	0.05263157894736842	0.0003264313100224343	76	4	4	0	0.005679904794390356
T_cell	mild_vs_severe	STAT5A	0.01652892561983471	0.0018724711122878632	121	4	3	1	0.02073336195242379
T_cell	mild_vs_severe	STAT5B	0.015873015873015872	0.2416192502317484	63	1	1	0	0.5109240395525514
T_cell	mild_vs_severe	RELA	0.01892744479495268	8.557584685734957e-07	317	10	8	2	8.68594845602098e-05
T_cell	mild_vs_severe	WT1	0.011363636363636364	0.3207477887405952	88	1	1	0	0.6644061338198044
T_cell	mild_vs_severe	NR0B2	0.06349206349206349	0.0001579873662372678	63	4	4	0	0.00310368729156439
T_cell	mild_vs_severe	SP1	0.007633587786259542	1.0368528079465837e-07	786	16	11	5	2.104811200131565e-05
T_cell	mild_vs_severe	TP53	0.01002865329512894	0.03069393705498185	698	7	7	0	0.1312315659842161
T_cell	mild_vs_severe	ZBTB16	0.029411764705882353	0.13848419194289183	34	1	1	0	0.32562499186571864
T_cell	mild_vs_severe	ETV6	-0.11764705882352941	0.002436851042397967	17	2	0	2	0.024734038080339367
T_cell	mild_vs_severe	RUNX1	-0.008928571428571428	0.012781328668685577	112	3	1	2	0.07862453696191431
T_cell	mild_vs_severe	STAT1	0.014778325123152709	0.058598409994382414	203	3	3	0	0.18111660692219697
T_cell	mild_vs_severe	STAT3	0.011583011583011582	0.005241143419448323	259	5	4	1	0.042126471603509345
T_cell	mild_vs_severe	ETV4	0.05	0.01311212046556036	40	2	2	0	0.0798528136352626
T_cell	mild_vs_severe	MTF1	0.04	0.103770936770654	25	1	1	0	0.27239870902296676
T_cell	mild_vs_severe	CREB1	0.0038022813688212928	0.10701851817171479	263	3	2	1	0.27673421392342407
T_cell	mild_vs_severe	FOXA2	0.0	1.0	44	0	0	0	1.0
T_cell	mild_vs_severe	NFATC2	0.0625	0.001178515451102566	48	3	3	0	0.01521454036182563
T_cell	mild_vs_severe	CEBPB	0.024291497975708502	1.0088413377240257e-05	247	8	7	1	0.0004095895831159545
T_cell	mild_vs_severe	FOS	0.03664921465968586	1.7298233629867577e-05	191	7	7	0	0.0006196837812111384
T_cell	mild_vs_severe	PLAG1	0.0	1.0	7	0	0	0	1.0
T_cell	mild_vs_severe	E2F1	0.0	0.023878753757647076	252	4	2	2	0.11669179499532285
T_cell	mild_vs_severe	E2F3	0.01694915254237288	0.2281478575714768	59	1	1	0	0.48751594828431355
T_cell	mild_vs_severe	HBP1	0.03333333333333333	0.1232217221287529	30	1	1	0	0.3025888257113327
T_cell	mild_vs_severe	YY1	0.0	0.004575534775465667	155	4	2	2	0.03870139830914711
T_cell	mild_vs_severe	ESR1	0.018229166666666668	0.0012867926259068874	384	7	7	0	0.015992994064842746
T_cell	mild_vs_severe	JUN	0.023809523809523808	4.974331530177434e-09	378	13	11	2	3.0293679018780573e-06
T_cell	mild_vs_severe	NR1I3	0.0	1.0	27	0	0	0	1.0
T_cell	mild_vs_severe	CEBPG	0.010638297872340425	0.00793872461714277	94	3	2	1	0.05810196750519712
T_cell	mild_vs_severe	MAFK	0.0625	0.06768925700436358	16	1	1	0	0.19723807423759532
T_cell	mild_vs_severe	STAT4	0.0	0.0011991755950207393	12	2	1	1	0.01521454036182563
T_cell	mild_vs_severe	IRF1	0.01098901098901099	0.007260793408480641	91	3	2	1	0.05459040970079889
T_cell	mild_vs_severe	ATF2	0.0375	0.005077503614005767	80	3	3	0	0.04178648244499341
T_cell	mild_vs_severe	NR2C2	0.029411764705882353	0.13848419194289183	34	1	1	0	0.32562499186571864
T_cell	mild_vs_severe	IRF3	0.0196078431372549	0.2004984119547141	51	1	1	0	0.44080697790765666
T_cell	mild_vs_severe	TFAP2A	0.005555555555555556	0.043675674043768625	180	3	2	1	0.16218588715033594
T_cell	mild_vs_severe	HNF1A	0.05128205128205128	2.355694635155155e-05	39	4	3	1	0.0007970100182274941
T_cell	mild_vs_severe	ETS1	0.03305785123966942	1.3234997068127549e-05	121	6	5	1	0.0005037570759056048
T_cell	mild_vs_severe	ARNT	0.0	0.01439397005948393	42	2	1	1	0.08510609481772537
T_cell	mild_vs_severe	AHR	0.031578947368421054	0.008172737792890579	95	3	3	0	0.05855526253965133
T_cell	mild_vs_severe	PAX6	0.0	1.0	76	0	0	0	1.0
T_cell	mild_vs_severe	NFYA	0.014084507042253521	0.2678749718392552	71	1	1	0	0.562537440862436
T_cell	mild_vs_severe	ZNF148	0.09523809523809523	0.003721145103118401	21	2	2	0	0.032373962397130085
T_cell	mild_vs_severe	NFIC	0.06976744186046512	1.0911923656351114e-06	43	5	4	1	9.493373581025469e-05
T_cell	mild_vs_severe	RBPJ	0.060240963855421686	2.8884409812384013e-05	83	5	5	0	0.0008795302787870931
T_cell	mild_vs_severe	HES1	0.03773584905660377	8.019016368791097e-05	53	4	3	1	0.001953432387437511
T_cell	mild_vs_severe	GATA4	0.017241379310344827	0.22474356621462943	58	1	1	0	0.48363544814384923
T_cell	mild_vs_severe	GATA6	0.029411764705882353	0.13848419194289183	34	1	1	0	0.32562499186571864
T_cell	mild_vs_severe	HNF4A	0.02459016393442623	0.016062962984021722	122	3	3	0	0.08974627942448833
T_cell	mild_vs_severe	RARA	0.01020408163265306	0.3500832037426957	98	1	1	0	0.7202725374300732
T_cell	mild_vs_severe	DBP	0.0	1.0	19	0	0	0	1.0
T_cell	mild_vs_severe	HLF	0.09090909090909091	0.04703324784305036	11	1	1	0	0.16556790714692293
T_cell	mild_vs_severe	PPARG	-0.0049261083743842365	2.5644464871665397e-05	203	7	3	4	0.0008219725845707488
T_cell	mild_vs_severe	MAX	0.030303030303030304	0.13469314328257462	33	1	1	0	0.32294537109877147
T_cell	mild_vs_severe	USF2	0.03225806451612903	0.029918446757444844	62	2	2	0	0.1303795578323288
T_cell	mild_vs_severe	IRF2	0.03333333333333333	0.1232217221287529	30	1	1	0	0.3025888257113327
T_cell	mild_vs_severe	SP3	0.00784313725490196	0.0007978945767613362	255	6	4	2	0.011569471363039376
T_cell	mild_vs_severe	AR	0.01466275659824047	0.016048195703732133	341	5	5	0	0.08974627942448833
T_cell	mild_vs_severe	CUX1	0.0	0.040343469303333074	73	2	1	1	0.1535573300358115
T_cell	mild_vs_severe	ATF1	0.0	0.027294667517486486	59	2	1	1	0.12404815312051694
T_cell	mild_vs_severe	KAT7	0.05454545454545454	0.001749761254689878	55	3	3	0	0.02010574724728558
T_cell	mild_vs_severe	CREBZF	0.0	1.0	11	0	0	0	1.0
T_cell	mild_vs_severe	GLI3	0.0	1.0	24	0	0	0	1.0
T_cell	mild_vs_severe	NKX2-5	0.0	1.0	32	0	0	0	1.0
T_cell	mild_vs_severe	TGFB1I1	0.0	1.0	11	0	0	0	1.0
T_cell	mild_vs_severe	RARB	0.0	1.0	30	0	0	0	1.0
T_cell	mild_vs_severe	RARG	0.0	1.0	19	0	0	0	1.0
T_cell	mild_vs_severe	TEAD1	0.0	1.0	14	0	0	0	1.0
T_cell	mild_vs_severe	PPARA	-0.006666666666666667	0.027564545437118473	150	3	1	2	0.12434672719411222
T_cell	mild_vs_severe	ESR2	0.03333333333333333	0.0018163469116678891	120	4	4	0	0.02048435683714342
T_cell	mild_vs_severe	NR3C1	-0.01282051282051282	0.004681051749751855	156	4	1	3	0.039051513912313415
T_cell	mild_vs_severe	PGR	0.024096385542168676	0.0508322881299404	83	2	2	0	0.1713230156341881
T_cell	mild_vs_severe	NRG1	0.0	1.0	24	0	0	0	1.0
T_cell	mild_vs_severe	TBP	0.0	0.07182845733309778	101	2	1	1	0.2006583968617273
T_cell	mild_vs_severe	REL	0.030303030303030304	0.03356651018010857	66	2	2	0	0.13702599621290826
T_cell	mild_vs_severe	ISL1	0.0	1.0	10	0	0	0	1.0
T_cell	mild_vs_severe	ZBTB14	0.0	1.0	5	0	0	0	1.0
T_cell	mild_vs_severe	MYB	0.02830188679245283	0.011017084519761357	106	3	3	0	0.07292830948407246
T_cell	mild_vs_severe	PITX1	0.058823529411764705	0.07176753237698644	17	1	1	0	0.2006583968617273
T_cell	mild_vs_severe	EGR1	0.03111111111111111	4.515214561669737e-07	225	9	8	1	6.874414170142175e-05
T_cell	mild_vs_severe	MYOD1	0.0	1.0	83	0	0	0	1.0
T_cell	mild_vs_severe	ETS2	0.046153846153846156	8.714381782499161e-06	65	5	4	1	0.0003790756075387135
T_cell	mild_vs_severe	GTF2I	0.05555555555555555	0.07582833792254831	18	1	1	0	0.20801557565239606
T_cell	mild_vs_severe	NR2F1	0.047619047619047616	0.08790666658321367	21	1	1	0	0.2368812387131731
T_cell	mild_vs_severe	ENO1	0.08333333333333333	0.05119998168378035	12	1	1	0	0.1713230156341881
T_cell	mild_vs_severe	JDP2	0.07142857142857142	0.006569090167372982	28	2	2	0	0.0506402014168373
T_cell	mild_vs_severe	MAZ	0.0	1.0	21	0	0	0	1.0
T_cell	mild_vs_severe	NR4A1	-0.01818181818181818	0.21444223958751082	55	1	0	1	0.466411871102836
T_cell	mild_vs_severe	HMGA1	0.02631578947368421	0.15348642165447843	38	1	1	0	0.3540652681347627
T_cell	mild_vs_severe	NFKB1	0.017241379310344827	6.371084377139701e-06	232	8	6	2	0.00032333253213983986
T_cell	mild_vs_severe	USF1	0.02459016393442623	0.016062962984021722	122	3	3	0	0.08974627942448833
T_cell	mild_vs_severe	DDIT3	0.0	1.0	70	0	0	0	1.0
T_cell	mild_vs_severe	ATF4	0.023809523809523808	0.05193021386049216	84	2	2	0	0.17281694120786734
T_cell	mild_vs_severe	ATF3	0.0273972602739726	0.040343469303333074	73	2	2	0	0.1535573300358115
T_cell	mild_vs_severe	TAF1	0.029411764705882353	0.13848419194289183	34	1	1	0	0.32562499186571864
T_cell	mild_vs_severe	RUNX2	0.05063291139240506	0.00037863959519394356	79	4	4	0	0.006237923035120909
T_cell	mild_vs_severe	TFAP2B	0.08333333333333333	0.05119998168378035	12	1	1	0	0.1713230156341881
T_cell	mild_vs_severe	CREM	0.0	0.015054463612863122	43	2	1	1	0.08815546480993885
T_cell	mild_vs_severe	IRF8	0.024390243902439025	0.16456992754809754	41	1	1	0	0.3725765274230164
T_cell	mild_vs_severe	ETV5	0.16666666666666666	0.025929330789238664	6	1	1	0	0.120541698096537
T_cell	mild_vs_severe	DMTF1	0.07692307692307693	0.05534887490407536	13	1	1	0	0.17740770956095733
T_cell	mild_vs_severe	NR5A1	0.023255813953488372	0.17187985797397165	43	1	1	0	0.3834242985573214
T_cell	mild_vs_severe	NEUROD2	0.0	1.0	8	0	0	0	1.0
T_cell	mild_vs_severe	NEUROD1	0.04	0.103770936770654	25	1	1	0	0.27239870902296676
T_cell	mild_vs_severe	HHEX	0.07142857142857142	0.0594800022732995	14	1	1	0	0.18111660692219697
T_cell	mild_vs_severe	FOXO3	0.03289473684210526	0.0005026170945311109	152	5	5	0	0.007848559245370425
T_cell	mild_vs_severe	MBD1	0.0	1.0	10	0	0	0	1.0
T_cell	mild_vs_severe	CEBPD	0.0425531914893617	0.017824082041543145	47	2	2	0	0.09691844610089086
T_cell	mild_vs_severe	ELK1	0.023255813953488372	0.17187985797397165	43	1	1	0	0.3834242985573214
T_cell	mild_vs_severe	FLI1	-0.016666666666666666	0.0022477418044408496	60	3	1	2	0.02360128894662892
T_cell	mild_vs_severe	ELK4	0.0	1.0	6	0	0	0	1.0
T_cell	mild_vs_severe	PREB	0.0	1.0	8	0	0	0	1.0
T_cell	mild_vs_severe	POU1F1	0.0	1.0	26	0	0	0	1.0
T_cell	mild_vs_severe	PAX5	0.027777777777777776	0.14601756360230247	36	1	1	0	0.3394072375335962
T_cell	mild_vs_severe	CEBPA	0.009009009009009009	0.00011637377938041199	111	5	3	2	0.0026248752460248485
T_cell	mild_vs_severe	LITAF	0.05	0.08389783222701866	20	1	1	0	0.22809723136720697
T_cell	mild_vs_severe	STAT6	0.017543859649122806	4.534381393167144e-06	57	5	3	2	0.00027670897799752435
T_cell	mild_vs_severe	HIF1A	0.019801980198019802	4.3993974175390174e-05	303	8	7	1	0.0011648839249048964
T_cell	mild_vs_severe	TP73	0.010101010101010102	0.3529475877497058	99	1	1	0	0.7237208112443463
T_cell	mild_vs_severe	KLF11	0.11764705882352941	0.002436851042397967	17	2	2	0	0.024734038080339367
T_cell	mild_vs_severe	TCF4	0.0	1.0	31	0	0	0	1.0
T_cell	mild_vs_severe	HIVEP2	0.0	1.0	8	0	0	0	1.0
T_cell	mild_vs_severe	E2F4	0.0	0.1378159932160184	149	2	1	1	0.32562499186571864
T_cell	mild_vs_severe	GATA5	0.0	1.0	8	0	0	0	1.0
T_cell	mild_vs_severe	SRF	0.017241379310344827	0.22474356621462943	58	1	1	0	0.48363544814384923
T_cell	mild_vs_severe	ELF1	0.023255813953488372	0.17187985797397165	43	1	1	0	0.3834242985573214
T_cell	mild_vs_severe	GATA3	0.01	0.3557996094014975	100	1	1	0	0.7271206782735302
T_cell	mild_vs_severe	MSX1	0.07142857142857142	0.0594800022732995	14	1	1	0	0.18111660692219697
T_cell	mild_vs_severe	OTX2	0.0	1.0	15	0	0	0	1.0
T_cell	mild_vs_severe	LHX2	0.0	1.0	17	0	0	0	1.0
T_cell	mild_vs_severe	GABPA	0.0	1.0	25	0	0	0	1.0
T_cell	mild_vs_severe	HSF2	0.0	1.0	19	0	0	0	1.0
T_cell	mild_vs_severe	VDR	0.02564102564102564	0.04547403700249063	78	2	2	0	0.16556790714692293
T_cell	mild_vs_severe	HOXC8	0.08333333333333333	0.05119998168378035	12	1	1	0	0.1713230156341881
T_cell	mild_vs_severe	HR	0.02040816326530612	0.1934359063248308	49	1	1	0	0.42837260709753433
T_cell	mild_vs_severe	RELB	0.06451612903225806	0.008014064483475464	31	2	2	0	0.05810196750519712
T_cell	mild_vs_severe	CEBPE	0.0	0.002156157002473713	16	2	1	1	0.023448207401901632
T_cell	mild_vs_severe	NR0B1	0.0	1.0	20	0	0	0	1.0
T_cell	mild_vs_severe	LEF1	0.0	0.02079224286694795	51	2	1	1	0.10809233720326575
T_cell	mild_vs_severe	ID1	0.0196078431372549	0.001406019154303379	51	3	2	1	0.01655148445204141
T_cell	mild_vs_severe	ZNF143	0.0	1.0	21	0	0	0	1.0
T_cell	mild_vs_severe	SOX9	0.0	0.024770345725340745	56	2	1	1	0.11972333767248027
T_cell	mild_vs_severe	YBX1	-0.015384615384615385	0.0028256773192225576	65	3	1	2	0.027314880752484724
T_cell	mild_vs_severe	HSF1	0.05970149253731343	0.0002007088882285259	67	4	4	0	0.003703991300944614
T_cell	mild_vs_severe	POU4F1	0.0	1.0	15	0	0	0	1.0
T_cell	mild_vs_severe	NOTO	0.0	1.0	5	0	0	0	1.0
T_cell	mild_vs_severe	HNF1B	0.058823529411764705	0.07176753237698644	17	1	1	0	0.2006583968617273
T_cell	mild_vs_severe	PAX3	0.017857142857142856	0.2178908194759142	56	1	1	0	0.47222601089263966
T_cell	mild_vs_severe	ID2	0.0	0.013746481755478341	41	2	1	1	0.08207458224594422
T_cell	mild_vs_severe	MEF2A	0.018867924528301886	0.20750035357398033	53	1	1	0	0.4545601270739354
T_cell	mild_vs_severe	PDX1	0.0	1.0	45	0	0	0	1.0
T_cell	mild_vs_severe	NR2F2	0.09090909090909091	0.00038923000875959696	33	3	3	0	0.006237923035120909
T_cell	mild_vs_severe	NR1H4	-0.04477611940298507	0.003080147736311138	67	3	0	3	0.02885861494482282
T_cell	mild_vs_severe	ASCL1	0.0	1.0	31	0	0	0	1.0
T_cell	mild_vs_severe	RFX1	0.058823529411764705	0.07176753237698644	17	1	1	0	0.2006583968617273
T_cell	mild_vs_severe	CRX	0.0	1.0	10	0	0	0	1.0
T_cell	mild_vs_severe	NRL	0.0	1.0	10	0	0	0	1.0
T_cell	mild_vs_severe	UBTF	0.1111111111111111	0.03864595768256322	9	1	1	0	0.14990693139287262
T_cell	mild_vs_severe	MYBL2	-0.022727272727272728	0.17551130021928943	44	1	0	1	0.3900962840640411
T_cell	mild_vs_severe	ELF2	0.0	1.0	6	0	0	0	1.0
T_cell	mild_vs_severe	JUND	0.03636363636363636	0.023951517856182852	55	2	2	0	0.11669179499532285
T_cell	mild_vs_severe	TP63	0.007194244604316547	0.45792130599753056	139	1	1	0	0.929580251174987
T_cell	mild_vs_severe	NFKBIB	0.07142857142857142	0.0594800022732995	14	1	1	0	0.18111660692219697
T_cell	mild_vs_severe	HOXC6	0.0	1.0	8	0	0	0	1.0
T_cell	mild_vs_severe	FOXO1	0.0056179775280898875	0.5441382199121394	178	1	1	0	1.0
T_cell	mild_vs_severe	PITX2	0.01639344262295082	0.23491258560662207	61	1	1	0	0.49847304750673466
T_cell	mild_vs_severe	NR5A2	0.0	1.0	24	0	0	0	1.0
T_cell	mild_vs_severe	POU2F1	0.0425531914893617	0.017824082041543145	47	2	2	0	0.09691844610089086
T_cell	mild_vs_severe	XBP1	0.02631578947368421	0.15348642165447843	38	1	1	0	0.3540652681347627
T_cell	mild_vs_severe	SREBF1	-0.012195121951219513	0.30252831413011233	82	1	0	1	0.6288045846595167
T_cell	mild_vs_severe	TCF3	0.031746031746031744	0.030814637004503948	63	2	2	0	0.1312315659842161
T_cell	mild_vs_severe	LRRFIP1	-0.125	0.034425250280090254	8	1	0	1	0.13702599621290826
T_cell	mild_vs_severe	TCF12	0.04	0.103770936770654	25	1	1	0	0.27239870902296676
T_cell	mild_vs_severe	E4F1	0.0	1.0	8	0	0	0	1.0
T_cell	mild_vs_severe	BRCA1	0.0	1.0	47	0	0	0	1.0
T_cell	mild_vs_severe	ZNF362	0.0	1.0	11	0	0	0	1.0
T_cell	mild_vs_severe	NRF1	0.03278688524590164	0.029032983608293907	61	2	2	0	0.13000799277537492
T_cell	mild_vs_severe	GATA1	-0.015151515151515152	0.2515714443690444	66	1	0	1	0.5301280609714465
T_cell	mild_vs_severe	MYCN	-0.010101010101010102	0.00914939543354522	99	3	1	2	0.06331797521623908
T_cell	mild_vs_severe	PKNOX1	0.0	1.0	9	0	0	0	1.0
T_cell	mild_vs_severe	NR4A3	0.0	1.0	16	0	0	0	1.0
T_cell	mild_vs_severe	SSRP1	0.025974025974025976	0.04442932381880859	77	2	2	0	0.16398459518578443
T_cell	mild_vs_severe	ZNF91	0.0	1.0	25	0	0	0	1.0
T_cell	mild_vs_severe	NR2C1	0.0	1.0	9	0	0	0	1.0
T_cell	mild_vs_severe	ID3	0.041666666666666664	0.00014843214847534188	24	3	2	1	0.00310368729156439
T_cell	mild_vs_severe	ERF	0.0	1.0	11	0	0	0	1.0
T_cell	mild_vs_severe	ZNF354C	0.0625	0.06768925700436358	16	1	1	0	0.19723807423759532
T_cell	mild_vs_severe	HMGA2	0.0	1.0	27	0	0	0	1.0
T_cell	mild_vs_severe	POU2F2	0.0625	0.06768925700436358	16	1	1	0	0.19723807423759532
T_cell	mild_vs_severe	SREBF2	0.0	1.0	46	0	0	0	1.0
T_cell	mild_vs_severe	ELF4	0.034482758620689655	0.1193649261850377	29	1	1	0	0.2979231149454425
T_cell	mild_vs_severe	TTF1	0.03225806451612903	0.1270619773835954	31	1	1	0	0.3105742458229751
T_cell	mild_vs_severe	DLX4	0.043478260869565216	0.09587287145942702	23	1	1	0	0.25608148560873273
T_cell	mild_vs_severe	NR1I2	0.013888888888888888	0.13042314734770108	144	2	2	0	0.3163072566800186
T_cell	mild_vs_severe	NR1H3	0.028169014084507043	0.038357715287712736	71	2	2	0	0.14990693139287262
T_cell	mild_vs_severe	MITF	0.05	0.0022477418044408496	60	3	3	0	0.02360128894662892
T_cell	mild_vs_severe	NCOA1	0.0425531914893617	0.017824082041543145	47	2	2	0	0.09691844610089086
T_cell	mild_vs_severe	NCOR1	0.0	1.0	55	0	0	0	1.0
T_cell	mild_vs_severe	FOSL1	-0.03125	0.1308857613848353	32	1	0	1	0.3163072566800186
T_cell	mild_vs_severe	JUNB	0.07692307692307693	7.437570186536705e-05	52	4	4	0	0.0018872834348336888
T_cell	mild_vs_severe	DNMT1	0.02608695652173913	0.013720764922846343	115	3	3	0	0.08207458224594422
T_cell	mild_vs_severe	KLF5	0.0	1.0	48	0	0	0	1.0
T_cell	mild_vs_severe	NR3C2	0.058823529411764705	0.009588537492103484	34	2	2	0	0.06416944321638486
T_cell	mild_vs_severe	MYRF	0.0	1.0	5	0	0	0	1.0
T_cell	mild_vs_severe	EBF1	0.1	0.04284859830471595	10	1	1	0	0.160090775261178
T_cell	mild_vs_severe	CREBBP	0.0	1.0	24	0	0	0	1.0
T_cell	mild_vs_severe	ZFPM1	0.0	1.0	9	0	0	0	1.0
T_cell	mild_vs_severe	APEX1	0.07692307692307693	0.005679466880539525	26	2	2	0	0.04491941987335806
T_cell	mild_vs_severe	TFAM	0.0	1.0	10	0	0	0	1.0
T_cell	mild_vs_severe	IRF4	0.034482758620689655	0.1193649261850377	29	1	1	0	0.2979231149454425
T_cell	mild_vs_severe	ZBED1	0.0	1.0	16	0	0	0	1.0
T_cell	mild_vs_severe	NCOA2	0.05405405405405406	0.011289028032575416	37	2	2	0	0.07392492550363902
T_cell	mild_vs_severe	FOXA1	0.0	1.0	28	0	0	0	1.0
T_cell	mild_vs_severe	NR4A2	0.0	6.074458917804855e-06	28	4	2	2	0.00032333253213983986
T_cell	mild_vs_severe	KLF1	-0.058823529411764705	0.07176753237698644	17	1	0	1	0.2006583968617273
T_cell	mild_vs_severe	LHX3	0.2	0.0216539657451534	5	1	1	0	0.10809233720326575
T_cell	mild_vs_severe	CTCF	0.0	0.05984972832760428	91	2	1	1	0.1813357440373682
T_cell	mild_vs_severe	BCL6	0.04081632653061224	0.019283813391387655	49	2	2	0	0.10392780845446975
T_cell	mild_vs_severe	RB1	0.03333333333333333	0.1232217221287529	30	1	1	0	0.3025888257113327
T_cell	mild_vs_severe	TFCP2	0.0	0.01188326988428124	38	2	1	1	0.07617801431081342
T_cell	mild_vs_severe	REST	0.0	1.0	19	0	0	0	1.0
T_cell	mild_vs_severe	ESRRA	0.038461538461538464	0.10769459556625863	26	1	1	0	0.27673421392342407
T_cell	mild_vs_severe	HOXD3	0.0	1.0	5	0	0	0	1.0
T_cell	mild_vs_severe	IRF9	0.0	1.0	13	0	0	0	1.0
T_cell	mild_vs_severe	TFE3	0.038461538461538464	0.10769459556625863	26	1	1	0	0.27673421392342407
T_cell	mild_vs_severe	ZNF236	0.0	1.0	6	0	0	0	1.0
T_cell	mild_vs_severe	TFAP2C	0.0	1.0	14	0	0	0	1.0
T_cell	mild_vs_severe	PAX8	0.0625	0.06768925700436358	16	1	1	0	0.19723807423759532
T_cell	mild_vs_severe	NKX2-1	0.0	0.007036141913945737	29	2	1	1	0.05356263031991192
T_cell	mild_vs_severe	PBX1	0.0	1.0	24	0	0	0	1.0
T_cell	mild_vs_severe	SP4	0.0	1.0	31	0	0	0	1.0
T_cell	mild_vs_severe	CIITA	-0.1	0.003376125482643823	20	2	0	2	0.030236182631324826
T_cell	mild_vs_severe	CDX2	0.0	1.0	30	0	0	0	1.0
T_cell	mild_vs_severe	ELF3	0.0	1.0	15	0	0	0	1.0
T_cell	mild_vs_severe	ZEB1	-0.06060606060606061	0.009049540657182583	33	2	0	2	0.06331797521623908
T_cell	mild_vs_severe	EGR3	0.05555555555555555	0.07582833792254831	18	1	1	0	0.20801557565239606
T_cell	mild_vs_severe	EWSR1	0.0	1.0	44	0	0	0	1.0
T_cell	mild_vs_severe	NAB2	0.0	1.0	6	0	0	0	1.0
T_cell	mild_vs_severe	DEAF1	0.0	1.0	7	0	0	0	1.0
T_cell	mild_vs_severe	TBPL1	0.038461538461538464	0.10769459556625863	26	1	1	0	0.27673421392342407
T_cell	mild_vs_severe	MEF2C	0.030303030303030304	0.13469314328257462	33	1	1	0	0.32294537109877147
T_cell	mild_vs_severe	POU4F2	0.0	1.0	14	0	0	0	1.0
T_cell	mild_vs_severe	TAL1	0.0	1.0	60	0	0	0	1.0
T_cell	mild_vs_severe	EPAS1	-0.016666666666666666	0.23153751016402657	60	1	0	1	0.49302917374088173
T_cell	mild_vs_severe	SMARCA1	0.0	1.0	33	0	0	0	1.0
T_cell	mild_vs_severe	NFATC4	0.08	0.00525716230191578	25	2	2	0	0.042126471603509345
T_cell	mild_vs_severe	FOXM1	0.0	1.0	57	0	0	0	1.0
T_cell	mild_vs_severe	MYF5	0.0	1.0	12	0	0	0	1.0
T_cell	mild_vs_severe	MYOG	0.0	1.0	28	0	0	0	1.0
T_cell	mild_vs_severe	SMAD7	-0.09302325581395349	3.489514411688307e-05	43	4	0	4	0.0009659610348718996
T_cell	mild_vs_severe	SOX10	0.0	1.0	15	0	0	0	1.0
T_cell	mild_vs_severe	POU3F1	0.0	1.0	5	0	0	0	1.0
T_cell	mild_vs_severe	NKRF	0.0	1.0	6	0	0	0	1.0
T_cell	mild_vs_severe	ATF6	0.0	1.0	39	0	0	0	1.0
T_cell	mild_vs_severe	NKX6-1	0.0	1.0	6	0	0	0	1.0
T_cell	mild_vs_severe	ERG	0.0	0.009588537492103484	34	2	1	1	0.06416944321638486
T_cell	mild_vs_severe	PITX3	0.1111111111111111	0.03864595768256322	9	1	1	0	0.14990693139287262
T_cell	mild_vs_severe	HOXB2	0.0	1.0	5	0	0	0	1.0
T_cell	mild_vs_severe	SATB1	-0.043478260869565216	0.09587287145942702	23	1	0	1	0.25608148560873273
T_cell	mild_vs_severe	NFKB2	0.024390243902439025	0.16456992754809754	41	1	1	0	0.3725765274230164
T_cell	mild_vs_severe	RORA	0.0	1.0	34	0	0	0	1.0
T_cell	mild_vs_severe	PROX1	0.0	1.0	14	0	0	0	1.0
T_cell	mild_vs_severe	KLF3	-0.2	0.0216539657451534	5	1	0	1	0.10809233720326575
T_cell	mild_vs_severe	PEG3	0.0	1.0	6	0	0	0	1.0
T_cell	mild_vs_severe	NR2E3	0.0	1.0	6	0	0	0	1.0
T_cell	mild_vs_severe	NCOR2	0.025	0.16089130691900938	40	1	1	0	0.3669768011748192
T_cell	mild_vs_severe	NCOA3	0.06	0.0013273635898406813	50	3	3	0	0.0161672885242595
T_cell	mild_vs_severe	ZFHX3	0.0	1.0	5	0	0	0	1.0
T_cell	mild_vs_severe	SMAD1	0.09302325581395349	3.489514411688307e-05	43	4	4	0	0.0009659610348718996
T_cell	mild_vs_severe	SPDEF	0.0	1.0	8	0	0	0	1.0
T_cell	mild_vs_severe	PAX2	0.0	1.0	9	0	0	0	1.0
T_cell	mild_vs_severe	KLF13	0.0	1.0	7	0	0	0	1.0
T_cell	mild_vs_severe	MAFB	0.037037037037037035	0.00021254285400846857	27	3	2	1	0.0038070175909163924
T_cell	mild_vs_severe	ELK3	0.0625	0.06768925700436358	16	1	1	0	0.19723807423759532
T_cell	mild_vs_severe	KLF6	0.027777777777777776	0.14601756360230247	36	1	1	0	0.3394072375335962
T_cell	mild_vs_severe	SNAI1	0.015151515151515152	0.0029512176386357982	66	3	2	1	0.028082680342643766
T_cell	mild_vs_severe	HESX1	-0.07142857142857142	0.0594800022732995	14	1	0	1	0.18111660692219697
T_cell	mild_vs_severe	BACH2	0.0	1.0	6	0	0	0	1.0
T_cell	mild_vs_severe	PATZ1	0.0	1.0	8	0	0	0	1.0
T_cell	mild_vs_severe	ZHX2	0.0	1.0	7	0	0	0	1.0
T_cell	mild_vs_severe	ONECUT1	0.0	1.0	10	0	0	0	1.0
T_cell	mild_vs_severe	RXRA	0.0	1.0	49	0	0	0	1.0
T_cell	mild_vs_severe	NR1H2	0.0	1.0	29	0	0	0	1.0
T_cell	mild_vs_severe	KAT5	0.025	0.16089130691900938	40	1	1	0	0.3669768011748192
T_cell	mild_vs_severe	YBX3	0.0	1.0	21	0	0	0	1.0
T_cell	mild_vs_severe	SMAD6	0.058823529411764705	0.07176753237698644	17	1	1	0	0.2006583968617273
T_cell	mild_vs_severe	MYBL1	0.0	1.0	9	0	0	0	1.0
T_cell	mild_vs_severe	CDX1	0.0	1.0	17	0	0	0	1.0
T_cell	mild_vs_severe	TFDP1	-0.034482758620689655	0.1193649261850377	29	1	0	1	0.2979231149454425
T_cell	mild_vs_severe	KMT2A	0.0	1.0	54	0	0	0	1.0
T_cell	mild_vs_severe	GATA2	0.0	0.01249100873308036	39	2	1	1	0.07762269712699939
T_cell	mild_vs_severe	PRDM1	0.0	0.009049540657182583	33	2	1	1	0.06331797521623908
T_cell	mild_vs_severe	MXD1	0.0	1.0	16	0	0	0	1.0
T_cell	mild_vs_severe	CLOCK	0.0	1.0	45	0	0	0	1.0
T_cell	mild_vs_severe	BHLHE40	0.0	1.0	26	0	0	0	1.0
T_cell	mild_vs_severe	SRY	0.0	1.0	18	0	0	0	1.0
T_cell	mild_vs_severe	MAF	0.0	1.0	28	0	0	0	1.0
T_cell	mild_vs_severe	AIRE	0.09090909090909091	0.04703324784305036	11	1	1	0	0.16556790714692293
T_cell	mild_vs_severe	ETV1	0.07692307692307693	0.05534887490407536	13	1	1	0	0.17740770956095733
T_cell	mild_vs_severe	KLF4	-0.013888888888888888	0.2710936933406026	72	1	0	1	0.5673404097746633
T_cell	mild_vs_severe	EGR2	0.045454545454545456	0.01572784142530348	44	2	2	0	0.08974627942448833
T_cell	mild_vs_severe	NEUROG3	0.0	1.0	11	0	0	0	1.0
T_cell	mild_vs_severe	CXXC1	0.0	1.0	10	0	0	0	1.0
T_cell	mild_vs_severe	TBX21	0.1111111111111111	0.0027338381024349383	18	2	2	0	0.026853345231981893
T_cell	mild_vs_severe	HOXA10	0.0	1.0	30	0	0	0	1.0
T_cell	mild_vs_severe	LMX1B	0.07692307692307693	0.05534887490407536	13	1	1	0	0.17740770956095733
T_cell	mild_vs_severe	TBX2	-0.05	0.08389783222701866	20	1	0	1	0.22809723136720697
T_cell	mild_vs_severe	ZNF699	0.0	1.0	29	0	0	0	1.0
T_cell	mild_vs_severe	RFX5	-0.07692307692307693	0.05534887490407536	13	1	0	1	0.17740770956095733
T_cell	mild_vs_severe	RFXANK	0.0	1.0	8	0	0	0	1.0
T_cell	mild_vs_severe	RFXAP	0.0	1.0	7	0	0	0	1.0
T_cell	mild_vs_severe	BARX2	0.0	1.0	9	0	0	0	1.0
T_cell	mild_vs_severe	FOXO4	0.047619047619047616	0.08790666658321367	21	1	1	0	0.2368812387131731
T_cell	mild_vs_severe	DLX5	0.1	0.003376125482643823	20	2	2	0	0.030236182631324826
T_cell	mild_vs_severe	ID4	0.0	1.0	9	0	0	0	1.0
T_cell	mild_vs_severe	SPIB	0.0	1.0	9	0	0	0	1.0
T_cell	mild_vs_severe	FOXN1	0.03333333333333333	0.1232217221287529	30	1	1	0	0.3025888257113327
T_cell	mild_vs_severe	TBX5	0.0	1.0	11	0	0	0	1.0
T_cell	mild_vs_severe	TLX1	0.0	1.0	6	0	0	0	1.0
T_cell	mild_vs_severe	HIVEP1	0.0	1.0	8	0	0	0	1.0
T_cell	mild_vs_severe	SMAD2	0.03508771929824561	0.00010679794004410959	57	4	3	1	0.002501536364879336
T_cell	mild_vs_severe	NKX3-1	0.02	0.1969747615804441	50	1	1	0	0.43462909348728423
T_cell	mild_vs_severe	HAND2	0.0	1.0	17	0	0	0	1.0
T_cell	mild_vs_severe	PAX7	0.0	1.0	9	0	0	0	1.0
T_cell	mild_vs_severe	SFPQ	0.0	1.0	18	0	0	0	1.0
T_cell	mild_vs_severe	BMAL1	0.0	1.0	44	0	0	0	1.0
T_cell	mild_vs_severe	SKIL	0.0	1.0	14	0	0	0	1.0
T_cell	mild_vs_severe	TBXT	0.0	1.0	6	0	0	0	1.0
T_cell	mild_vs_severe	MSX2	0.0	0.004081896334843824	22	2	1	1	0.03501232208337872
T_cell	mild_vs_severe	MZF1	0.0	1.0	14	0	0	0	1.0
T_cell	mild_vs_severe	HOXA5	0.0	1.0	9	0	0	0	1.0
T_cell	mild_vs_severe	HOXB4	0.0	1.0	5	0	0	0	1.0
T_cell	mild_vs_severe	CREB3	0.0	1.0	8	0	0	0	1.0
T_cell	mild_vs_severe	NFE2	-0.09090909090909091	0.04703324784305036	11	1	0	1	0.16556790714692293
T_cell	mild_vs_severe	ZNF76	0.0	1.0	6	0	0	0	1.0
T_cell	mild_vs_severe	FOXQ1	0.0	1.0	9	0	0	0	1.0
T_cell	mild_vs_severe	ZGLP1	0.125	0.034425250280090254	8	1	1	0	0.13702599621290826
T_cell	mild_vs_severe	NFYB	0.034482758620689655	0.1193649261850377	29	1	1	0	0.2979231149454425
T_cell	mild_vs_severe	ETV3	0.0	1.0	10	0	0	0	1.0
T_cell	mild_vs_severe	GSC	0.2	0.0216539657451534	5	1	1	0	0.10809233720326575
T_cell	mild_vs_severe	IRF7	0.0	1.0	8	0	0	0	1.0
T_cell	mild_vs_severe	NFATC3	0.05555555555555555	0.07582833792254831	18	1	1	0	0.20801557565239606
T_cell	mild_vs_severe	KDM5A	0.0	1.0	12	0	0	0	1.0
T_cell	mild_vs_severe	GRHL3	0.07142857142857142	0.0594800022732995	14	1	1	0	0.18111660692219697
T_cell	mild_vs_severe	THRA	0.0	0.01249100873308036	39	2	1	1	0.07762269712699939
T_cell	mild_vs_severe	SOX17	0.0	1.0	25	0	0	0	1.0
T_cell	mild_vs_severe	TBX15	0.0	1.0	18	0	0	0	1.0
T_cell	mild_vs_severe	NFAT5	0.02857142857142857	0.14225897594898418	35	1	1	0	0.3332142936651207
T_cell	mild_vs_severe	BMAL2	0.0	1.0	6	0	0	0	1.0
T_cell	mild_vs_severe	NFE2L2	0.0	0.12749353276805217	142	2	1	1	0.3105742458229751
T_cell	mild_vs_severe	ZIC1	0.0	1.0	9	0	0	0	1.0
T_cell	mild_vs_severe	MEIS1	0.0	1.0	9	0	0	0	1.0
T_cell	mild_vs_severe	HOXA9	-0.037037037037037035	0.11160143305716617	27	1	0	1	0.2855683728227487
T_cell	mild_vs_severe	MAFA	0.09090909090909091	0.04703324784305036	11	1	1	0	0.16556790714692293
T_cell	mild_vs_severe	NR1D1	0.0	1.0	13	0	0	0	1.0
T_cell	mild_vs_severe	MYF6	0.0	1.0	6	0	0	0	1.0
T_cell	mild_vs_severe	ZNF263	0.0	1.0	6	0	0	0	1.0
T_cell	mild_vs_severe	NFIA	0.034482758620689655	0.1193649261850377	29	1	1	0	0.2979231149454425
T_cell	mild_vs_severe	HEY2	0.1	0.04284859830471595	10	1	1	0	0.160090775261178
T_cell	mild_vs_severe	HOXB7	0.0	1.0	10	0	0	0	1.0
T_cell	mild_vs_severe	ZNF350	0.0	1.0	9	0	0	0	1.0
T_cell	mild_vs_severe	BCL11A	0.0	1.0	8	0	0	0	1.0
T_cell	mild_vs_severe	TWIST1	0.03773584905660377	0.02234844793454656	53	2	2	0	0.1106520714808037
T_cell	mild_vs_severe	ZNF395	0.0	1.0	5	0	0	0	1.0
T_cell	mild_vs_severe	TFDP2	0.0	1.0	5	0	0	0	1.0
T_cell	mild_vs_severe	GTF3A	0.0625	0.06768925700436358	16	1	1	0	0.19723807423759532
T_cell	mild_vs_severe	KLF10	0.0	1.0	16	0	0	0	1.0
T_cell	mild_vs_severe	KLF2	0.0	0.009588537492103484	34	2	1	1	0.06416944321638486
T_cell	mild_vs_severe	PHF20	0.0	1.0	6	0	0	0	1.0
T_cell	mild_vs_severe	TGIF1	0.0	1.0	8	0	0	0	1.0
T_cell	mild_vs_severe	FOXG1	0.0	1.0	12	0	0	0	1.0
T_cell	mild_vs_severe	MBD2	0.0	1.0	57	0	0	0	1.0
T_cell	mild_vs_severe	FOXF2	0.0	1.0	8	0	0	0	1.0
T_cell	mild_vs_severe	HEY1	0.09523809523809523	0.003721145103118401	21	2	2	0	0.032373962397130085
T_cell	mild_vs_severe	ZBTB17	0.0	1.0	36	0	0	0	1.0
T_cell	mild_vs_severe	IRF5	0.18181818181818182	0.0010021029213717239	11	2	2	0	0.013561792869230663
T_cell	mild_vs_severe	THRB	0.034482758620689655	0.1193649261850377	29	1	1	0	0.2979231149454425
T_cell	mild_vs_severe	POU3F2	0.0	1.0	12	0	0	0	1.0
T_cell	mild_vs_severe	FOXI1	0.0	1.0	5	0	0	0	1.0
T_cell	mild_vs_severe	KCNIP3	0.0	1.0	8	0	0	0	1.0
T_cell	mild_vs_severe	FOSB	0.1	0.003376125482643823	20	2	2	0	0.030236182631324826
T_cell	mild_vs_severe	NFE2L1	0.0	1.0	7	0	0	0	1.0
T_cell	mild_vs_severe	FOXP1	0.0	1.0	11	0	0	0	1.0
T_cell	mild_vs_severe	FOXP2	0.0	1.0	5	0	0	0	1.0
T_cell	mild_vs_severe	BARX1	0.0	1.0	7	0	0	0	1.0
T_cell	mild_vs_severe	ZFPM2	0.0	1.0	7	0	0	0	1.0
T_cell	mild_vs_severe	IKZF1	0.07692307692307693	0.05534887490407536	13	1	1	0	0.17740770956095733
T_cell	mild_vs_severe	BCL3	0.058823529411764705	0.07176753237698644	17	1	1	0	0.2006583968617273
T_cell	mild_vs_severe	SP2	-0.0625	0.06768925700436358	16	1	0	1	0.19723807423759532
T_cell	mild_vs_severe	SIM2	0.125	0.034425250280090254	8	1	1	0	0.13702599621290826
T_cell	mild_vs_severe	NFATC1	0.06349206349206349	0.0001579873662372678	63	4	4	0	0.00310368729156439
T_cell	mild_vs_severe	POU2F3	0.0	1.0	5	0	0	0	1.0
T_cell	mild_vs_severe	HOXA7	0.0	1.0	9	0	0	0	1.0
T_cell	mild_vs_severe	NPAS2	0.0	1.0	6	0	0	0	1.0
T_cell	mild_vs_severe	DLX2	-0.08333333333333333	0.05119998168378035	12	1	0	1	0.1713230156341881
T_cell	mild_vs_severe	PRRX1	0.0	1.0	5	0	0	0	1.0
T_cell	mild_vs_severe	VEZF1	0.0	1.0	6	0	0	0	1.0
T_cell	mild_vs_severe	CTBP2	0.0	1.0	9	0	0	0	1.0
T_cell	mild_vs_severe	SOX6	0.06666666666666667	0.06359343825424546	15	1	1	0	0.19172477176651231
T_cell	mild_vs_severe	HIPK2	0.0	1.0	7	0	0	0	1.0
T_cell	mild_vs_severe	RORC	0.16666666666666666	0.025929330789238664	6	1	1	0	0.120541698096537
T_cell	mild_vs_severe	PPARD	0.01694915254237288	0.2281478575714768	59	1	1	0	0.48751594828431355
T_cell	mild_vs_severe	MECOM	0.0	1.0	12	0	0	0	1.0
T_cell	mild_vs_severe	SIRT1	0.0	0.01249100873308036	39	2	1	1	0.07762269712699939
T_cell	mild_vs_severe	ZBTB7B	0.16666666666666666	0.0011991755950207393	12	2	2	0	0.01521454036182563
T_cell	mild_vs_severe	ZBTB7A	0.0	1.0	29	0	0	0	1.0
T_cell	mild_vs_severe	NR6A1	0.0	1.0	5	0	0	0	1.0
T_cell	mild_vs_severe	STAT2	0.0	1.0	28	0	0	0	1.0
T_cell	mild_vs_severe	ESRRG	0.07142857142857142	0.0594800022732995	14	1	1	0	0.18111660692219697
T_cell	mild_vs_severe	PRDM2	0.14285714285714285	0.030186400089258394	7	1	1	0	0.1303795578323288
T_cell	mild_vs_severe	PURA	0.0	1.0	13	0	0	0	1.0
T_cell	mild_vs_severe	NEUROD6	0.0	1.0	8	0	0	0	1.0
T_cell	mild_vs_severe	NEUROG2	0.0	1.0	8	0	0	0	1.0
T_cell	mild_vs_severe	HMGB2	0.16666666666666666	0.025929330789238664	6	1	1	0	0.120541698096537
T_cell	mild_vs_severe	DLX3	0.0	1.0	10	0	0	0	1.0
T_cell	mild_vs_severe	TWIST2	0.041666666666666664	0.09983038579190441	24	1	1	0	0.2654877945295624
T_cell	mild_vs_severe	TFAP4	0.0	1.0	23	0	0	0	1.0
T_cell	mild_vs_severe	KAT6B	0.16666666666666666	0.025929330789238664	6	1	1	0	0.120541698096537
T_cell	mild_vs_severe	MXI1	0.0	1.0	8	0	0	0	1.0
T_cell	mild_vs_severe	E2F5	0.0	1.0	9	0	0	0	1.0
T_cell	mild_vs_severe	E2F2	-0.023255813953488372	0.17187985797397165	43	1	0	1	0.3834242985573214
T_cell	mild_vs_severe	FOXD3	0.125	0.034425250280090254	8	1	1	0	0.13702599621290826
T_cell	mild_vs_severe	POU5F1	0.025	0.16089130691900938	40	1	1	0	0.3669768011748192
T_cell	mild_vs_severe	PLAGL1	0.07142857142857142	0.0594800022732995	14	1	1	0	0.18111660692219697
T_cell	mild_vs_severe	SNAI2	0.0	1.0	27	0	0	0	1.0
T_cell	mild_vs_severe	NOTCH1	0.075	7.532554625979e-07	40	5	4	1	8.68594845602098e-05
T_cell	mild_vs_severe	FOXC2	0.09090909090909091	0.04703324784305036	11	1	1	0	0.16556790714692293
T_cell	mild_vs_severe	FOXD1	0.0	1.0	5	0	0	0	1.0
T_cell	mild_vs_severe	KLF9	0.0	1.0	15	0	0	0	1.0
T_cell	mild_vs_severe	TBPL2	0.0	1.0	8	0	0	0	1.0
T_cell	mild_vs_severe	NFIL3	0.0	1.0	15	0	0	0	1.0
T_cell	mild_vs_severe	ZNF384	0.2	0.0008221920831886666	10	2	2	0	0.011644534387486
T_cell	mild_vs_severe	MEF2D	0.0	1.0	17	0	0	0	1.0
T_cell	mild_vs_severe	SMAD5	0.038461538461538464	0.10769459556625863	26	1	1	0	0.27673421392342407
T_cell	mild_vs_severe	MLXIPL	0.0	1.0	10	0	0	0	1.0
T_cell	mild_vs_severe	ZBTB33	0.0	1.0	6	0	0	0	1.0
T_cell	mild_vs_severe	KLF15	0.09090909090909091	0.04703324784305036	11	1	1	0	0.16556790714692293
T_cell	mild_vs_severe	DNMT3A	0.0	1.0	40	0	0	0	1.0
T_cell	mild_vs_severe	DNMT3B	0.0	1.0	50	0	0	0	1.0
T_cell	mild_vs_severe	OLIG2	0.0	1.0	10	0	0	0	1.0
T_cell	mild_vs_severe	MAFG	0.0	1.0	8	0	0	0	1.0
T_cell	mild_vs_severe	TEF	0.1111111111111111	0.03864595768256322	9	1	1	0	0.14990693139287262
T_cell	mild_vs_severe	HOXD13	0.0	1.0	8	0	0	0	1.0
T_cell	mild_vs_severe	ZKSCAN7	0.0	1.0	8	0	0	0	1.0
T_cell	mild_vs_severe	BACH1	-0.07142857142857142	0.0594800022732995	14	1	0	1	0.18111660692219697
T_cell	mild_vs_severe	TEAD4	0.0	1.0	7	0	0	0	1.0
T_cell	mild_vs_severe	GCM1	0.0	1.0	5	0	0	0	1.0
T_cell	mild_vs_severe	BHLHE41	0.0	1.0	17	0	0	0	1.0
T_cell	mild_vs_severe	MTA1	0.05263157894736842	0.01188326988428124	38	2	2	0	0.07617801431081342
T_cell	mild_vs_severe	EHF	0.0	1.0	8	0	0	0	1.0
T_cell	mild_vs_severe	TCF7L2	0.0136986301369863	0.2742985575633427	73	1	1	0	0.5720815806714921
T_cell	mild_vs_severe	VSX2	0.0	1.0	14	0	0	0	1.0
T_cell	mild_vs_severe	TSC22D1	0.14285714285714285	0.030186400089258394	7	1	1	0	0.1303795578323288
T_cell	mild_vs_severe	SOX5	0.0	1.0	10	0	0	0	1.0
T_cell	mild_vs_severe	SOX2	0.030303030303030304	0.00038923000875959696	33	3	2	1	0.006237923035120909
T_cell	mild_vs_severe	NKX3-2	0.0	1.0	6	0	0	0	1.0
T_cell	mild_vs_severe	PAX9	0.0	1.0	6	0	0	0	1.0
T_cell	mild_vs_severe	TCF21	0.0	1.0	5	0	0	0	1.0
T_cell	mild_vs_severe	HIC1	-0.058823529411764705	0.07176753237698644	17	1	0	1	0.2006583968617273
T_cell	mild_vs_severe	ZEB2	-0.058823529411764705	0.07176753237698644	17	1	0	1	0.2006583968617273
T_cell	mild_vs_severe	NONO	0.0	1.0	11	0	0	0	1.0
T_cell	mild_vs_severe	CEBPZ	0.15384615384615385	0.001413263040239989	13	2	2	0	0.01655148445204141
T_cell	mild_vs_severe	SIX1	0.0	1.0	7	0	0	0	1.0
T_cell	mild_vs_severe	NFIX	0.0	1.0	14	0	0	0	1.0
T_cell	mild_vs_severe	MNT	0.0	1.0	8	0	0	0	1.0
T_cell	mild_vs_severe	HOXA1	0.0	1.0	14	0	0	0	1.0
T_cell	mild_vs_severe	BCL11B	0.0	1.0	17	0	0	0	1.0
T_cell	mild_vs_severe	RXRB	0.0	1.0	7	0	0	0	1.0
T_cell	mild_vs_severe	E2F6	0.0	1.0	33	0	0	0	1.0
T_cell	mild_vs_severe	HOXA13	0.0	1.0	5	0	0	0	1.0
T_cell	mild_vs_severe	KAT6A	0.0	1.0	11	0	0	0	1.0
T_cell	mild_vs_severe	GFI1	0.06451612903225806	0.008014064483475464	31	2	2	0	0.05810196750519712
T_cell	mild_vs_severe	RUNX3	0.0	0.01572784142530348	44	2	1	1	0.08974627942448833
T_cell	mild_vs_severe	GLI1	0.008928571428571428	0.389078400770714	112	1	1	0	0.7924707226400162
T_cell	mild_vs_severe	KLF8	0.0	1.0	15	0	0	0	1.0
T_cell	mild_vs_severe	HIF3A	0.0	1.0	5	0	0	0	1.0
T_cell	mild_vs_severe	MEOX2	0.0	1.0	6	0	0	0	1.0
T_cell	mild_vs_severe	JARID2	0.0	1.0	10	0	0	0	1.0
T_cell	mild_vs_severe	NFYC	0.05555555555555555	0.07582833792254831	18	1	1	0	0.20801557565239606
T_cell	mild_vs_severe	GFI1B	0.0	1.0	8	0	0	0	1.0
T_cell	mild_vs_severe	ASCL2	0.0	1.0	5	0	0	0	1.0
T_cell	mild_vs_severe	MSC	0.0	1.0	13	0	0	0	1.0
T_cell	mild_vs_severe	HOXB9	0.0	1.0	5	0	0	0	1.0
T_cell	mild_vs_severe	HLX	0.0	1.0	12	0	0	0	1.0
T_cell	mild_vs_severe	RCOR2	0.08333333333333333	0.05119998168378035	12	1	1	0	0.1713230156341881
T_cell	mild_vs_severe	NKX2-2	0.0	1.0	9	0	0	0	1.0
T_cell	mild_vs_severe	ARID4A	0.0	1.0	6	0	0	0	1.0
T_cell	mild_vs_severe	HINFP	0.0	1.0	9	0	0	0	1.0
T_cell	mild_vs_severe	SMARCC1	0.0	1.0	6	0	0	0	1.0
T_cell	mild_vs_severe	KAT2B	0.0	1.0	12	0	0	0	1.0
T_cell	mild_vs_severe	HDGF	0.0	1.0	5	0	0	0	1.0
T_cell	mild_vs_severe	EP300	0.07142857142857142	0.0007967156753667129	42	3	3	0	0.011569471363039376
T_cell	mild_vs_severe	TRPS1	0.0	1.0	12	0	0	0	1.0
T_cell	mild_vs_severe	CTNNB1	0.010101010101010102	0.21410469773847204	198	2	2	0	0.466411871102836
T_cell	mild_vs_severe	PML	0.0	1.0	14	0	0	0	1.0
T_cell	mild_vs_severe	KLF7	0.0	1.0	8	0	0	0	1.0
T_cell	mild_vs_severe	PROP1	0.0	1.0	6	0	0	0	1.0
T_cell	mild_vs_severe	LMO2	0.1111111111111111	0.0027338381024349383	18	2	2	0	0.026853345231981893
T_cell	mild_vs_severe	MEOX1	0.0	1.0	6	0	0	0	1.0
T_cell	mild_vs_severe	FOXL2	0.08333333333333333	0.05119998168378035	12	1	1	0	0.1713230156341881
T_cell	mild_vs_severe	HTATIP2	-0.1	0.04284859830471595	10	1	0	1	0.160090775261178
T_cell	mild_vs_severe	EZH2	-0.010416666666666666	0.34431713868210995	96	1	0	1	0.7108106354488304
T_cell	mild_vs_severe	GLI2	0.0	1.0	99	0	0	0	1.0
T_cell	mild_vs_severe	TCF7	0.0	1.0	12	0	0	0	1.0
T_cell	mild_vs_severe	FOXC1	0.0	1.0	9	0	0	0	1.0
T_cell	mild_vs_severe	HOXB13	0.0	1.0	8	0	0	0	1.0
T_cell	mild_vs_severe	ABL1	0.0	1.0	10	0	0	0	1.0
T_cell	mild_vs_severe	TBX3	-0.09090909090909091	0.04703324784305036	11	1	0	1	0.16556790714692293
T_cell	mild_vs_severe	NFKBIZ	0.2	0.0216539657451534	5	1	1	0	0.10809233720326575
T_cell	mild_vs_severe	PLAGL2	0.2	0.0216539657451534	5	1	1	0	0.10809233720326575
T_cell	mild_vs_severe	TET1	0.0	1.0	9	0	0	0	1.0
T_cell	mild_vs_severe	FOXH1	0.14285714285714285	0.030186400089258394	7	1	1	0	0.1303795578323288
T_cell	mild_vs_severe	FOXP3	-0.07407407407407407	0.006116820802662007	27	2	0	2	0.04775825472847644
T_cell	mild_vs_severe	CREB3L1	0.16666666666666666	0.025929330789238664	6	1	1	0	0.120541698096537
T_cell	mild_vs_severe	TFDP3	0.0	1.0	5	0	0	0	1.0
T_cell	mild_vs_severe	SP7	0.13043478260869565	0.00013027727599389174	23	3	3	0	0.0028335307528671453
T_cell	mild_vs_severe	OVOL1	0.0	1.0	8	0	0	0	1.0
T_cell	mild_vs_severe	ZNF436	0.0	1.0	5	0	0	0	1.0
T_cell	mild_vs_severe	ATF7	0.4	0.00018527705344971695	5	2	2	0	0.0035260539234649255
T_cell	mild_vs_severe	SCX	0.375	4.313696175605883e-06	8	3	3	0	0.00027670897799752435
T_cell	mild_vs_severe	NANOG	0.0	1.0	31	0	0	0	1.0
T_cell	mild_vs_severe	ARX	0.07692307692307693	0.05534887490407536	13	1	1	0	0.17740770956095733
T_cell	mild_vs_severe	VHL	0.0	1.0	20	0	0	0	1.0
T_cell	mild_vs_severe	SOX4	0.0	1.0	17	0	0	0	1.0
T_cell	mild_vs_severe	ATF5	0.0	1.0	21	0	0	0	1.0
T_cell	mild_vs_severe	CTCFL	0.0	1.0	6	0	0	0	1.0
T_cell	mild_vs_severe	SP6	0.0	1.0	5	0	0	0	1.0
T_cell	mild_vs_severe	SMARCA5	0.0	1.0	8	0	0	0	1.0
T_cell	mild_vs_severe	EOMES	0.125	0.034425250280090254	8	1	1	0	0.13702599621290826
T_cell	mild_vs_severe	ESRRB	0.0	1.0	5	0	0	0	1.0
T_cell	mild_vs_severe	ZXDC	0.0	1.0	5	0	0	0	1.0
T_cell	mild_vs_severe	NR2E1	0.0	1.0	9	0	0	0	1.0
T_cell	mild_vs_severe	ZFP42	0.08333333333333333	0.05119998168378035	12	1	1	0	0.1713230156341881
T_cell	mild_vs_severe	KMT2B	0.0	1.0	11	0	0	0	1.0
T_cell	mild_vs_severe	NFIB	0.0	1.0	13	0	0	0	1.0
T_cell	mild_vs_severe	EN1	0.0	1.0	5	0	0	0	1.0
T_cell	mild_vs_severe	MTA3	0.0	1.0	9	0	0	0	1.0
T_cell	mild_vs_severe	TBX18	0.0	1.0	7	0	0	0	1.0
T_cell	mild_vs_severe	EGR4	0.2222222222222222	0.0006595910603065114	9	2	2	0	0.010042273893166635
T_cell	mild_vs_severe	HSF4	0.0	1.0	8	0	0	0	1.0
T_cell	mild_vs_severe	BCLAF1	0.0	1.0	5	0	0	0	1.0
T_cell	mild_vs_severe	KDM5C	0.0	1.0	10	0	0	0	1.0
T_cell	mild_vs_severe	FOSL2	0.0	1.0	21	0	0	0	1.0
T_cell	mild_vs_severe	MED1	0.0	1.0	9	0	0	0	1.0
T_cell	mild_vs_severe	LYL1	0.0	1.0	12	0	0	0	1.0
T_cell	mild_vs_severe	HOXD1	0.0	1.0	5	0	0	0	1.0
T_cell	mild_vs_severe	SALL4	0.14285714285714285	0.030186400089258394	7	1	1	0	0.1303795578323288
T_cell	mild_vs_severe	KDM5B	0.0	1.0	20	0	0	0	1.0
T_cell	mild_vs_severe	TADA2A	0.0	1.0	6	0	0	0	1.0
T_cell	mild_vs_severe	SATB2	0.0	1.0	17	0	0	0	1.0
T_cell	mild_vs_severe	NSD2	0.0	1.0	6	0	0	0	1.0
T_cell	mild_vs_severe	PBRM1	0.0	1.0	7	0	0	0	1.0
T_cell	mild_vs_severe	ZBTB4	0.0	1.0	12	0	0	0	1.0
T_cell	mild_vs_severe	THAP11	0.0	1.0	6	0	0	0	1.0
T_cell	mild_vs_severe	FOXJ1	0.0	1.0	8	0	0	0	1.0
T_cell	mild_vs_severe	PPARGC1A	0.0	1.0	18	0	0	0	1.0
T_cell	mild_vs_severe	BATF	0.0	1.0	7	0	0	0	1.0
T_cell	mild_vs_severe	ARID3B	0.0	1.0	5	0	0	0	1.0
T_cell	mild_vs_severe	ZNF300	0.0	1.0	5	0	0	0	1.0
T_cell	mild_vs_severe	NUPR1	0.0	1.0	6	0	0	0	1.0
T_cell	mild_vs_severe	ZNF331	0.0	1.0	17	0	0	0	1.0
T_cell	mild_vs_severe	ZNF382	0.0	1.0	11	0	0	0	1.0
T_cell	mild_vs_severe	HOXD8	0.0	1.0	5	0	0	0	1.0
T_cell	mild_vs_severe	LHX8	0.0	1.0	7	0	0	0	1.0
T_cell	mild_vs_severe	IRX1	0.18181818181818182	0.0010021029213717239	11	2	2	0	0.013561792869230663
T_cell	mild_vs_severe	SOX11	0.0	1.0	7	0	0	0	1.0
T_cell	mild_vs_severe	IRF6	0.0	1.0	8	0	0	0	1.0
T_cell	mild_vs_severe	E2F7	0.0	1.0	5	0	0	0	1.0
T_cell	mild_vs_severe	HEYL	-0.2	0.0216539657451534	5	1	0	1	0.10809233720326575
T_cell	mild_vs_severe	MECP2	0.0	1.0	17	0	0	0	1.0
T_cell	mild_vs_severe	MAML1	-0.2	0.0216539657451534	5	1	0	1	0.10809233720326575
T_cell	mild_vs_severe	DOT1L	0.0	1.0	8	0	0	0	1.0
T_cell	mild_vs_severe	ARID3A	0.0	1.0	6	0	0	0	1.0
T_cell	mild_vs_severe	ARID1A	0.0	1.0	5	0	0	0	1.0
T_cell	mild_vs_severe	ZBTB18	0.0	1.0	6	0	0	0	1.0
T_cell	mild_vs_severe	TCF15	0.0	1.0	5	0	0	0	1.0
T_cell	mild_vs_severe	NPM1	0.0	1.0	11	0	0	0	1.0
T_cell	mild_vs_severe	SETBP1	0.0	1.0	5	0	0	0	1.0
T_cell	mild_vs_severe	KDM2A	0.0	1.0	8	0	0	0	1.0
T_cell	mild_vs_severe	MKX	0.0	1.0	6	0	0	0	1.0
T_cell	mild_vs_severe	HDAC3	0.07692307692307693	0.05534887490407536	13	1	1	0	0.17740770956095733
T_cell	mild_vs_severe	BTG2	0.0	1.0	6	0	0	0	1.0
T_cell	mild_vs_severe	CREB5	0.0	1.0	9	0	0	0	1.0
T_cell	mild_vs_severe	CTBP1	0.0	1.0	8	0	0	0	1.0
T_cell	mild_vs_severe	HDAC1	0.0	0.02644203078110593	58	2	1	1	0.12199391474010236
T_cell	mild_vs_severe	HCFC1	0.0	1.0	7	0	0	0	1.0
T_cell	mild_vs_severe	ETV7	0.125	0.034425250280090254	8	1	1	0	0.13702599621290826
T_cell	mild_vs_severe	FHL2	0.0	1.0	6	0	0	0	1.0
T_cell	mild_vs_severe	HDAC4	0.0	1.0	16	0	0	0	1.0
T_cell	mild_vs_severe	HDAC7	0.0	1.0	10	0	0	0	1.0
T_cell	mild_vs_severe	HDAC9	0.0	1.0	14	0	0	0	1.0
T_cell	mild_vs_severe	ING4	-0.07142857142857142	0.0594800022732995	14	1	0	1	0.18111660692219697
T_cell	mild_vs_severe	SIN3A	-0.125	0.034425250280090254	8	1	0	1	0.13702599621290826
T_cell	mild_vs_severe	SMARCA4	0.0	1.0	7	0	0	0	1.0
T_cell	mild_vs_severe	WWTR1	0.0	1.0	8	0	0	0	1.0
T_cell	mild_vs_severe	PIN1	0.0	1.0	5	0	0	0	1.0
T_cell	mild_vs_severe	FGF2	0.125	0.034425250280090254	8	1	1	0	0.13702599621290826
T_cell	mild_vs_severe	PARK7	0.0	1.0	6	0	0	0	1.0
T_cell	mild_vs_severe	YAP1	0.0	1.0	8	0	0	0	1.0
T_cell	mild_vs_severe	BCOR	0.0	1.0	5	0	0	0	1.0
T_cell	mild_vs_severe	BRD4	0.125	0.034425250280090254	8	1	1	0	0.13702599621290826
T_cell	mild_vs_severe	SRSF2	0.08333333333333333	0.05119998168378035	12	1	1	0	0.1713230156341881
T_cell	mild_vs_severe	ZMYND8	-0.2	0.0216539657451534	5	1	0	1	0.10809233720326575
T_cell	mild_vs_severe	ARID4B	0.0	1.0	8	0	0	0	1.0
T_cell	mild_vs_severe	AP1	0.01557632398753894	8.50430653785988e-06	321	9	7	2	0.0003790756075387135
T_cell	mild_vs_severe	NFKB	0.0189873417721519	4.543661379269694e-06	474	11	10	1	0.00027670897799752435
