group	names	scores	logfoldchanges	pvals	pvals_adj
0	MT1E	173.0068	4.1197133	0.0	0.0
0	RPS3A	168.71667	1.805683	0.0	0.0
0	ACAN	166.21713	3.5094607	0.0	0.0
0	RPL8	165.68019	1.7589391	0.0	0.0
0	MT1X	160.41408	3.3746552	0.0	0.0
0	RPL19	154.70966	1.5685203	0.0	0.0
0	S100B	153.4776	2.9571228	0.0	0.0
0	FBXO2	153.44627	2.8435555	0.0	0.0
0	RPS27A	151.58026	1.3318982	0.0	0.0
0	RPS11	147.81625	1.547358	0.0	0.0
0	RPL30	146.93095	1.6025631	0.0	0.0
0	RPL11	145.2331	1.2783158	0.0	0.0
0	RPL13	144.81886	1.4308031	0.0	0.0
0	MT1G	143.77786	3.7874658	0.0	0.0
0	RPL24	142.68335	1.4518838	0.0	0.0
0	RPS12	141.98363	1.4949536	0.0	0.0
0	RPL18	141.77837	1.512942	0.0	0.0
0	CHRDL2	140.9601	4.1551423	0.0	0.0
0	JUND	140.4078	2.579765	0.0	0.0
0	NACA	138.87582	1.4878947	0.0	0.0
0	COL9A3	137.85869	2.8827555	0.0	0.0
0	TPT1	137.16948	1.3479462	0.0	0.0
0	RPL9	137.0954	1.407434	0.0	0.0
0	RPL6	137.00974	1.3210468	0.0	0.0
0	MT2A	134.57635	2.604283	0.0	0.0
0	RPL10	134.53587	1.5731069	0.0	0.0
0	CIRBP	134.41359	1.798836	0.0	0.0
0	RPS9	133.6521	1.4749433	0.0	0.0
0	RPS23	133.15813	1.571569	0.0	0.0
0	EEF1A1	132.0008	1.1431581	0.0	0.0
0	RPS3	131.71565	1.2460072	0.0	0.0
0	CP	130.56444	2.534348	0.0	0.0
0	RPL5	130.49257	1.1208354	0.0	0.0
0	RPS4X	130.14523	1.3769621	0.0	0.0
0	CAPS	129.08514	2.4398673	0.0	0.0
0	RPS6	129.08464	1.0448928	0.0	0.0
0	RPS16	126.91612	1.2297897	0.0	0.0
0	RPL23A	126.01841	1.4358326	0.0	0.0
0	RPS10	125.97959	2.1715965	0.0	0.0
0	RPS8	125.5839	1.3497148	0.0	0.0
0	SLPI	125.2406	2.8037143	0.0	0.0
0	EIF3H	124.550606	1.7313378	0.0	0.0
0	MIA	124.53999	2.4004655	0.0	0.0
0	COL9A2	124.0182	2.4782264	0.0	0.0
0	SLC30A1	123.93158	3.2795014	0.0	0.0
0	RBP4	123.135414	2.349591	0.0	0.0
0	RPL14	122.84326	1.1722347	0.0	0.0
0	EEF1D	122.573555	1.6622083	0.0	0.0
0	RPL7A	122.341354	1.4147567	0.0	0.0
0	S100A1	121.97617	2.3213556	0.0	0.0
1	MGP	174.36029	4.6834702	0.0	0.0
1	SOD3	156.00352	3.275307	0.0	0.0
1	JUNB	154.95035	3.192922	0.0	0.0
1	CLU	154.34329	3.1320417	0.0	0.0
1	CHAD	152.13649	3.7392313	0.0	0.0
1	NR4A1	141.93094	3.6636	0.0	0.0
1	FOS	140.22478	3.1492326	0.0	0.0
1	EGR1	136.34799	2.6822145	0.0	0.0
1	RASD1	132.55238	3.7983956	0.0	0.0
1	BTG2	131.8935	2.8857296	0.0	0.0
1	DCN	131.42567	2.049278	0.0	0.0
1	GPX3	129.36073	2.6355004	0.0	0.0
1	IER2	128.2777	2.6790237	0.0	0.0
1	LUM	126.72471	1.975355	0.0	0.0
1	NR4A2	123.03434	3.094713	0.0	0.0
1	GADD45B	119.924446	2.3426523	0.0	0.0
1	F13A1	119.7973	2.8688455	0.0	0.0
1	COMP	115.05903	2.7856212	0.0	0.0
1	DUSP1	115.05479	2.2011313	0.0	0.0
1	PRELP	114.50825	2.6645415	0.0	0.0
1	JUN	114.02256	2.3219984	0.0	0.0
1	MFGE8	111.274734	1.9585255	0.0	0.0
1	FGFBP2	109.623055	2.5344665	0.0	0.0
1	CYTL1	108.89189	4.166172	0.0	0.0
1	SERPINA1	108.576065	2.177428	0.0	0.0
1	SERPING1	105.87201	2.0776138	0.0	0.0
1	ATF3	105.76855	2.2891774	0.0	0.0
1	EIF4A3	105.34102	2.4378083	0.0	0.0
1	IER3	105.0945	2.342371	0.0	0.0
1	FN1	104.82325	2.1432772	0.0	0.0
1	KLF4	104.07237	2.0502815	0.0	0.0
1	BHLHE40	101.518036	2.349201	0.0	0.0
1	MT-ND5	96.81914	1.5672883	0.0	0.0
1	FOSB	95.18451	2.0284877	0.0	0.0
1	SOX9	94.48003	1.8448367	0.0	0.0
1	ID2	93.91714	1.8193421	0.0	0.0
1	RGS2	93.077614	2.2893946	0.0	0.0
1	HES1	92.56158	2.6027033	0.0	0.0
1	SGK1	91.58614	2.3245583	0.0	0.0
1	RGCC	91.37464	1.8215218	0.0	0.0
1	CPE	91.11166	1.8243924	0.0	0.0
1	BTG1	89.727715	1.366057	0.0	0.0
1	BAMBI	88.92576	2.1799269	0.0	0.0
1	C11orf96	87.622856	2.11542	0.0	0.0
1	RPS27	84.030045	0.9563614	0.0	0.0
1	TSC22D1	81.827805	1.4964269	0.0	0.0
1	RPL31	78.75407	0.9880655	0.0	0.0
1	ZFP36	78.62245	1.6890752	0.0	0.0
1	ABI3BP	78.446945	1.6157068	0.0	0.0
1	HAPLN1	74.96753	1.4768193	0.0	0.0
2	S100A6	181.0053	2.9907873	0.0	0.0
2	LGALS1	177.25684	3.9634395	0.0	0.0
2	TMSB10	173.78435	3.7157524	0.0	0.0
2	S100A4	170.5573	3.3020198	0.0	0.0
2	CD63	167.54799	2.5914922	0.0	0.0
2	VIM	164.61806	2.3037722	0.0	0.0
2	RPL17	158.31096	3.8095944	0.0	0.0
2	FTH1	154.3075	4.2121067	0.0	0.0
2	SH3BGRL3	151.1286	2.6526678	0.0	0.0
2	TMSB4X	151.12639	3.524132	0.0	0.0
2	GPX4	150.1174	2.7913964	0.0	0.0
2	S100A10	149.72914	2.2381587	0.0	0.0
2	GAPDH	149.41411	2.2629054	0.0	0.0
2	TIMP1	147.34317	2.5046608	0.0	0.0
2	TPM2	145.1956	3.0243847	0.0	0.0
2	ANXA2	144.4899	2.1902194	0.0	0.0
2	CD59	142.08171	2.4716907	0.0	0.0
2	POLR2L	141.61537	2.7088957	0.0	0.0
2	FTL	137.85234	2.0670002	0.0	0.0
2	S100A11	135.30731	1.9634507	0.0	0.0
2	RPS2	133.13733	1.4080445	0.0	0.0
2	CSTB	132.90512	2.1812398	0.0	0.0
2	SERF2	131.72304	1.4975985	0.0	0.0
2	RPS27L	130.72205	2.2764049	0.0	0.0
2	RPL28	129.40004	1.838935	0.0	0.0
2	BAG1	126.80238	3.3057425	0.0	0.0
2	RNASEK	125.776405	3.5300581	0.0	0.0
2	PPIA	125.75931	1.5266137	0.0	0.0
2	GABARAP	125.51392	3.1178482	0.0	0.0
2	EIF4A1	122.09542	3.191963	0.0	0.0
2	B2M	120.272804	1.2375124	0.0	0.0
2	HINT1	119.11135	1.6631275	0.0	0.0
2	IGFBP6	118.991066	2.9281988	0.0	0.0
2	MGST3	118.18293	1.9742657	0.0	0.0
2	HMGA1	117.22759	3.482458	0.0	0.0
2	THY1	115.724075	2.5110106	0.0	0.0
2	PFN1	115.7114	1.970222	0.0	0.0
2	MYL6	113.90276	1.372137	0.0	0.0
2	CAMK2N1	113.46239	3.0520887	0.0	0.0
2	BRI3	113.36806	2.012909	0.0	0.0
2	RPL12	112.37006	1.3547733	0.0	0.0
2	RPS18	112.26384	1.2434623	0.0	0.0
2	CD151	111.17387	2.203417	0.0	0.0
2	S100A13	110.58706	1.5609714	0.0	0.0
2	RPS19	110.29428	1.1604276	0.0	0.0
2	RPL29	110.231636	1.3379233	0.0	0.0
2	CAV1	109.63299	2.035088	0.0	0.0
2	PPP1R14B	108.2767	2.5784645	0.0	0.0
2	RPL36A	107.99039	2.0804427	0.0	0.0
2	DRAP1	107.984474	2.3198152	0.0	0.0
3	RPL17	140.32018	3.662166	0.0	0.0
3	MT-CO2	139.74185	2.5628953	0.0	0.0
3	FTH1	137.19981	4.11013	0.0	0.0
3	FTL	130.25676	2.1419878	0.0	0.0
3	MT-CO1	130.23596	2.4675157	0.0	0.0
3	MT-CYB	126.603714	2.2261846	0.0	0.0
3	CHI3L1	125.76689	4.003183	0.0	0.0
3	GAS6	123.01382	3.252537	0.0	0.0
3	CALD1	121.933464	2.6135018	0.0	0.0
3	MT-ATP6	114.78852	1.9397265	0.0	0.0
3	TMSB4X	113.77716	2.9468133	0.0	0.0
3	MT-CO3	111.043564	1.9774356	0.0	0.0
3	PTX3	110.89813	3.945023	0.0	0.0
3	VIM	110.22775	1.5962366	0.0	0.0
3	CD63	109.33604	1.5612339	0.0	0.0
3	ITGB1	109.11064	2.0803268	0.0	0.0
3	CCDC80	108.51306	2.1425629	0.0	0.0
3	PRSS23	108.43514	2.808241	0.0	0.0
3	IGFBP4	106.887955	3.14023	0.0	0.0
3	LIMA1	102.631004	2.7932785	0.0	0.0
3	RPS27L	102.290825	1.8985045	0.0	0.0
3	CAMK2N1	98.97173	2.8149602	0.0	0.0
3	RPS17	98.91287	2.060413	0.0	0.0
3	PLIN2	97.91651	2.8491533	0.0	0.0
3	MARCKS	97.11927	2.5539007	0.0	0.0
3	MT-ND1	96.56397	1.6719551	0.0	0.0
3	ZFP36L1	96.404015	2.2453313	0.0	0.0
3	TMSB10	95.96441	2.1271234	0.0	0.0
3	DAB2	95.661095	2.2913046	0.0	0.0
3	RND3	93.09337	2.2158313	0.0	0.0
3	ITGBL1	92.146935	2.5743015	0.0	0.0
3	RNASEK	92.047104	2.7319643	0.0	0.0
3	TPM4	91.94048	1.8775707	0.0	0.0
3	GABARAP	91.507515	2.424295	0.0	0.0
3	MT-ND4	91.442024	1.5200148	0.0	0.0
3	S100A6	91.00868	1.2694513	0.0	0.0
3	RPL36A	90.108215	1.9029913	0.0	0.0
3	GPX4	89.648285	1.723078	0.0	0.0
3	TPM2	87.77689	1.9322499	0.0	0.0
3	MGST1	87.55517	2.5881007	0.0	0.0
3	TPT1	87.00455	1.0777919	0.0	0.0
3	GREM1	86.78394	3.0400283	0.0	0.0
3	SULF1	86.76174	2.978223	0.0	0.0
3	TPM1	86.300545	1.8594303	0.0	0.0
3	TRAM1	84.54806	1.5891582	0.0	0.0
3	IGFBP3	83.21852	3.2874696	0.0	0.0
3	COL12A1	83.11856	2.6438012	0.0	0.0
3	TXNIP	82.38612	1.9006195	0.0	0.0
3	RPS19	80.90039	0.97023565	0.0	0.0
3	CTSD	79.68649	1.5684551	0.0	0.0
4	DDX5	152.92535	2.6611536	0.0	0.0
4	DCN	143.72246	2.75104	0.0	0.0
4	HSP90AB1	139.32486	2.1040037	0.0	0.0
4	PRELP	139.11687	3.7965596	0.0	0.0
4	GPX3	138.12796	3.5857947	0.0	0.0
4	EIF5	134.73798	2.5094638	0.0	0.0
4	PABPC1	132.87143	2.2347698	0.0	0.0
4	RPL31	130.34811	2.0243518	0.0	0.0
4	HSPD1	128.49274	2.86771	0.0	0.0
4	DNAJB1	127.145836	3.1741674	0.0	0.0
4	HSP90AA1	126.18468	2.3344033	0.0	0.0
4	HSPA8	123.59646	2.4340813	0.0	0.0
4	SKIL	123.44178	2.9345427	0.0	0.0
4	CRYAB	122.76695	3.0515869	0.0	0.0
4	EIF4G2	118.95098	2.0547297	0.0	0.0
4	APOD	115.19252	4.3736324	0.0	0.0
4	SRSF3	113.377975	1.9902337	0.0	0.0
4	PDIA3	112.28604	1.9107689	0.0	0.0
4	DNAJA1	112.27027	2.1723053	0.0	0.0
4	RPL21	109.899536	1.394521	0.0	0.0
4	NOP58	109.12726	3.0291495	0.0	0.0
4	RBBP6	108.802376	2.7126148	0.0	0.0
4	ITM2C	108.64611	2.3510423	0.0	0.0
4	ABI3BP	108.46109	2.8917398	0.0	0.0
4	HSPH1	108.08051	2.6900256	0.0	0.0
4	MAP1LC3B	107.97647	2.0773904	0.0	0.0
4	GPRC5A	106.70548	2.8248916	0.0	0.0
4	SRSF5	106.558685	1.910923	0.0	0.0
4	YWHAZ	106.37589	1.8093092	0.0	0.0
4	MT-ND6	105.191086	2.8199432	0.0	0.0
4	NCL	105.04084	1.7222005	0.0	0.0
4	UAP1	104.4311	2.2742376	0.0	0.0
4	MORF4L2	103.97154	1.8222251	0.0	0.0
4	RBP4	103.842896	2.5601954	0.0	0.0
4	HNRNPA2B1	103.84002	1.6250759	0.0	0.0
4	EMP1	103.144936	2.3398046	0.0	0.0
4	SCRG1	103.133026	2.6194823	0.0	0.0
4	GOLGB1	102.97852	2.2074444	0.0	0.0
4	F13A1	101.608955	2.862743	0.0	0.0
4	COL11A1	101.59683	2.2974415	0.0	0.0
4	NUCB2	99.61571	1.8669726	0.0	0.0
4	NPM1	99.535446	1.2341375	0.0	0.0
4	SRSF7	99.460976	2.012123	0.0	0.0
4	BAG3	98.88534	2.5270555	0.0	0.0
4	SERPING1	97.94927	2.0702355	0.0	0.0
4	S100B	97.21459	2.344091	0.0	0.0
4	ANXA1	96.83133	1.6299043	0.0	0.0
4	CILP	96.35932	3.043985	0.0	0.0
4	ARF4	95.60097	1.5601705	0.0	0.0
4	TIPARP	95.246574	2.619361	0.0	0.0
5	COL1A2	101.48247	3.1680145	0.0	0.0
5	COL3A1	100.120476	3.6755078	0.0	0.0
5	MT-ND2	97.490166	2.138166	0.0	0.0
5	MT-ND4L	94.99922	2.2503178	0.0	0.0
5	SPARC	93.61556	2.6323004	0.0	0.0
5	FN1	90.33305	2.5131023	0.0	0.0
5	TNC	88.34654	3.5052924	0.0	0.0
5	MT-ND4	87.80849	1.6388983	0.0	0.0
5	COL5A2	84.97145	2.3595915	0.0	0.0
5	MT-ATP8	84.084305	2.6745963	0.0	0.0
5	HSPH1	84.07416	2.5714228	0.0	0.0
5	COL5A1	83.4812	2.6039968	0.0	0.0
5	DNAJA1	82.935005	1.8761566	0.0	0.0
5	MT-ND5	82.82831	1.7847413	0.0	0.0
5	EMP1	80.4472	2.0822442	0.0	0.0
5	MT-ND6	79.474144	2.6138244	0.0	0.0
5	COL1A1	79.464806	3.4648232	0.0	0.0
5	HSPA8	78.96949	1.748584	0.0	0.0
5	HSP90AA1	77.22464	1.5459036	0.0	0.0
5	LTBP1	76.50385	2.7438	0.0	0.0
5	CRTAC1	76.32503	2.6811838	0.0	0.0
5	CLIC4	76.25545	1.6975694	0.0	0.0
5	HSPA1A	76.07596	2.2425678	0.0	0.0
5	ISLR	75.796585	1.8642851	0.0	0.0
5	LUM	71.99928	1.5801989	0.0	0.0
5	EIF4G2	69.597084	1.300789	0.0	0.0
5	MXRA5	69.29411	2.8549376	0.0	0.0
5	DNAJB1	69.27358	1.9273357	0.0	0.0
5	COL12A1	69.04205	2.6541502	0.0	0.0
5	HSP90AB1	68.9808	1.1330211	0.0	0.0
5	AHNAK	68.91959	1.43783	0.0	0.0
5	UGDH	68.83532	1.9751577	0.0	0.0
5	CALM1	68.777275	1.1206372	0.0	0.0
5	TGFBI	68.68369	2.1240795	0.0	0.0
5	MT-ND1	67.67849	1.3484274	0.0	0.0
5	ERRFI1	66.3992	1.9950153	0.0	0.0
5	PMP22	65.74497	1.4643266	0.0	0.0
5	ANXA5	65.69645	1.0685766	0.0	0.0
5	SLC39A14	65.384605	1.7650902	0.0	0.0
5	EDIL3	64.261345	1.4447669	0.0	0.0
5	COL6A3	63.865566	1.8308452	0.0	0.0
5	PABPC1	62.82309	1.083951	0.0	0.0
5	PLS3	61.893982	1.7900125	0.0	0.0
5	TIMP3	61.739147	1.8243691	0.0	0.0
5	SLC38A2	61.444393	1.5288876	0.0	0.0
5	CD109	61.19814	1.513643	0.0	0.0
5	NFKBIZ	61.141914	2.1945658	0.0	0.0
5	HSPA1B	60.812492	1.8198676	0.0	0.0
5	FSTL1	60.70663	1.49314	0.0	0.0
5	COL15A1	60.506813	2.9081597	0.0	0.0
6	MT1E	126.82486	3.9112356	0.0	0.0
6	ACAN	120.77327	3.5548315	0.0	0.0
6	MT1G	108.57855	3.8353162	0.0	0.0
6	MT1X	105.878685	2.8795083	0.0	0.0
6	MT2A	100.19625	2.4540327	0.0	0.0
6	CHRDL2	89.43857	4.0793138	0.0	0.0
6	COL9A3	78.318344	2.6346455	0.0	0.0
6	SLPI	76.24042	2.5166817	0.0	0.0
6	JUND	68.79351	1.7628869	0.0	0.0
6	MT1M	64.35289	2.7565353	0.0	0.0
6	COL9A2	63.60729	2.3369493	0.0	0.0
6	SCRG1	62.336723	1.8164653	0.0	0.0
6	SLC30A1	61.85988	3.1825614	0.0	0.0
6	COL11A2	60.666904	2.0701573	0.0	0.0
6	CP	56.910217	2.0010746	0.0	0.0
6	PLXDC2	55.686394	1.4028839	0.0	0.0
6	MGP	55.320847	2.0268235	0.0	0.0
6	FRZB	55.133343	2.5762093	0.0	0.0
6	COL2A1	53.412548	1.6720104	0.0	0.0
6	VCAN	52.82561	1.4876056	0.0	0.0
6	KLF2	51.424297	1.5996063	0.0	0.0
6	CCNL1	49.62849	1.5730959	0.0	0.0
6	CAPS	48.169613	1.4456443	0.0	0.0
6	S100B	47.79904	1.4182633	0.0	0.0
6	C11orf96	47.487988	1.5177146	0.0	0.0
6	DST	46.429085	1.0587199	0.0	0.0
6	GADD45B	44.36445	1.1824563	0.0	0.0
6	OGN	43.382175	1.4065012	0.0	0.0
6	SERPINA5	36.78167	1.3085483	3.6256098543226365e-296	4.132371231688187e-295
6	A2M	35.986404	1.677323	1.3650464115704922e-283	1.4650347333518716e-282
6	AHI1	35.75437	1.903621	5.657798883360158e-280	5.9677337552688934e-279
6	BGN	34.500774	0.78861505	7.809858533057114e-261	7.434527109164723e-260
6	FBXO2	33.96512	1.2533484	7.296438226479405e-253	6.714061964365912e-252
6	CLEC3A	32.9687	1.1385343	2.2826303981376472e-238	1.9552997812618526e-237
6	MIA	32.636196	1.0478551	1.2580378731611168e-233	1.0523071914015618e-232
6	COMP	31.352047	1.1429912	9.123845899814594e-216	7.103979662149217e-215
6	SRSF5	31.240307	0.66607004	3.0232235763685454e-214	2.3325332669981933e-213
6	FUS	30.336117	0.9883413	3.8305116450315962e-202	2.756818981058943e-201
6	RRBP1	27.804632	0.69543856	3.812953038867424e-170	2.2900550287329497e-169
6	RNMT	26.961393	1.7391583	4.194062031446263e-160	2.3729787893818777e-159
6	RPL8	26.84778	0.4024672	8.953473774849387e-159	5.032281006516214e-158
6	S100A1	25.931799	0.7684017	2.917647397146578e-148	1.536534784377957e-147
6	GOLGB1	24.089209	0.9661114	3.243449488114571e-128	1.5305807614357596e-127
6	COL27A1	23.94552	1.8918684	1.0288405240182032e-126	4.79966067716399e-126
6	SYNE1	23.672468	1.6702532	6.929669517667849e-124	3.161414931972945e-123
6	MT1F	23.431282	1.3115511	2.0516594677954587e-121	9.190401505557164e-121
6	ZRANB2	21.774927	1.1501536	4.0111565231914074e-105	1.6151492671668176e-104
6	RPS3A	21.318623	0.4769625	7.626948095439411e-101	2.9797492328959993e-100
6	APOD	20.626667	1.0541673	1.5818293570205625e-94	5.944251803817393e-94
6	MT1A	20.415888	2.2705665	1.2081438660861892e-92	4.4819943761025304e-92
7	CHI3L2	106.900345	3.9516397	0.0	0.0
7	FN1	100.12866	2.8782372	0.0	0.0
7	HSPA1B	95.52107	2.8309255	0.0	0.0
7	HSPA1A	94.247856	2.8596148	0.0	0.0
7	VEGFA	89.036255	2.6472063	0.0	0.0
7	C11orf96	87.78937	2.7787766	0.0	0.0
7	MT2A	87.27296	2.230291	0.0	0.0
7	MT1E	86.3475	2.316755	0.0	0.0
7	CRTAC1	85.60812	2.6621387	0.0	0.0
7	MT1G	84.987656	2.8700774	0.0	0.0
7	CRLF1	83.69117	3.1697433	0.0	0.0
7	SLC25A37	83.66334	2.0462463	0.0	0.0
7	PGK1	82.49018	1.5981418	0.0	0.0
7	SLC39A14	81.39577	2.0579045	0.0	0.0
7	TIMP3	79.8357	2.4261937	0.0	0.0
7	HTRA1	79.17891	1.8912466	0.0	0.0
7	ENO1	75.51788	1.3232698	0.0	0.0
7	RHOB	75.42118	2.2716618	0.0	0.0
7	NR4A1	75.22553	2.3345823	0.0	0.0
7	MT1X	74.952065	2.185561	0.0	0.0
7	TREM1	74.460144	3.682011	0.0	0.0
7	IER5	72.86699	2.0425148	0.0	0.0
7	HSPH1	70.158844	1.994596	0.0	0.0
7	LDHA	70.03892	1.20063	0.0	0.0
7	DNAJB1	69.92916	1.9519958	0.0	0.0
7	HSP90AA1	69.68586	1.376567	0.0	0.0
7	JUND	69.186424	1.7640762	0.0	0.0
7	PNP	68.934814	2.254696	0.0	0.0
7	PMEPA1	68.92228	1.7138238	0.0	0.0
7	FOSB	68.0134	2.0473413	0.0	0.0
7	PAPSS2	67.73428	1.6045933	0.0	0.0
7	EGR1	67.63595	1.9398283	0.0	0.0
7	FMOD	65.859665	1.8814145	0.0	0.0
7	PTGS2	65.44349	2.0583549	0.0	0.0
7	RPS20	65.13513	1.0626187	0.0	0.0
7	ATF4	65.08084	1.3638117	0.0	0.0
7	CD55	64.68639	1.6918228	0.0	0.0
7	KLF2	64.340004	1.8038512	0.0	0.0
7	DNAJA1	63.181065	1.4073014	0.0	0.0
7	PTGES	63.10814	3.619708	0.0	0.0
7	PLOD2	62.723095	1.2505758	0.0	0.0
7	NDRG1	62.583366	1.7100712	0.0	0.0
7	PRELP	62.48274	2.0890193	0.0	0.0
7	RPS29	62.255077	0.8838743	0.0	0.0
7	SLC1A5	61.37618	1.7306428	0.0	0.0
7	CDKN1A	61.104927	1.5370609	0.0	0.0
7	CDK2AP1	60.38804	1.4649595	0.0	0.0
7	COL5A1	60.311108	1.7078124	0.0	0.0
7	PPP1R15A	59.729122	1.5512711	0.0	0.0
7	PLA2G2A	59.616493	2.2310605	0.0	0.0
8	CHI3L2	133.75473	6.2674723	0.0	0.0
8	SOD2	123.88722	4.107718	0.0	0.0
8	SLC39A14	117.95046	3.0646207	0.0	0.0
8	FN1	116.16376	3.4471114	0.0	0.0
8	MT2A	115.44184	3.138611	0.0	0.0
8	HSPD1	115.137596	2.9969547	0.0	0.0
8	HSP90AA1	115.0034	2.5391958	0.0	0.0
8	SERPINE2	114.26499	3.169941	0.0	0.0
8	MT-ND6	113.43995	3.5534465	0.0	0.0
8	MMP3	112.708565	5.3606567	0.0	0.0
8	MT-CO1	112.21699	2.462728	0.0	0.0
8	CHI3L1	112.066154	4.382405	0.0	0.0
8	PDE4B	107.47835	4.5413	0.0	0.0
8	HSP90AB1	106.3433	1.78966	0.0	0.0
8	SLC7A2	105.58314	4.604043	0.0	0.0
8	CD55	105.54361	2.978452	0.0	0.0
8	MT-CO3	105.10625	2.1173754	0.0	0.0
8	ERRFI1	104.41418	3.107995	0.0	0.0
8	HSPH1	104.10186	2.992928	0.0	0.0
8	DDX5	102.93451	1.9150149	0.0	0.0
8	CLIC4	102.33035	2.2841399	0.0	0.0
8	CRTAC1	100.35139	3.0033488	0.0	0.0
8	BMP2	99.91344	3.8722167	0.0	0.0
8	EIF4G2	99.41773	1.9245737	0.0	0.0
8	HSPA8	98.225525	2.1379929	0.0	0.0
8	PDPN	97.92312	2.476997	0.0	0.0
8	PABPC1	97.87851	1.8201276	0.0	0.0
8	GPX3	95.78498	3.000861	0.0	0.0
8	BZW1	95.42969	1.9929823	0.0	0.0
8	BAG3	92.26762	2.587918	0.0	0.0
8	IFITM3	91.57756	1.9051386	0.0	0.0
8	UAP1	91.49748	2.2055645	0.0	0.0
8	SERPING1	91.45821	2.2272668	0.0	0.0
8	LUM	90.684586	1.9660463	0.0	0.0
8	CLU	90.40555	2.5234709	0.0	0.0
8	MT1G	89.08436	3.174698	0.0	0.0
8	DCN	88.34279	1.9492792	0.0	0.0
8	CHORDC1	87.59079	2.7043266	0.0	0.0
8	STIP1	86.51431	2.5074847	0.0	0.0
8	ARID5B	85.804855	2.3496473	0.0	0.0
8	MAP1LC3B	85.29246	1.7732252	0.0	0.0
8	DNAJA1	84.34485	1.8617787	0.0	0.0
8	ELL2	84.01024	2.0816014	0.0	0.0
8	PMP22	83.89817	1.8578119	0.0	0.0
8	IFITM2	83.47516	1.8536932	0.0	0.0
8	HMOX1	83.457634	2.549243	0.0	0.0
8	C1S	83.44633	1.8475193	0.0	0.0
8	WTAP	83.03887	2.1645205	0.0	0.0
8	ACKR3	82.59313	2.6122925	0.0	0.0
8	GPRC5A	82.17323	2.2566452	0.0	0.0
9	RPS10	93.13684	2.2644484	0.0	0.0
9	IER2	90.73882	2.4763315	0.0	0.0
9	IER5	90.685844	2.6097622	0.0	0.0
9	SOCS3	89.77018	2.714415	0.0	0.0
9	NDUFA4L2	88.99357	2.3536284	0.0	0.0
9	SERTAD1	85.43066	2.4749167	0.0	0.0
9	MFGE8	83.37991	1.9281875	0.0	0.0
9	JUNB	82.669304	2.3644207	0.0	0.0
9	HSPA1A	81.357765	2.594128	0.0	0.0
9	PCOLCE	81.20764	2.101816	0.0	0.0
9	GADD45B	80.71282	2.2651281	0.0	0.0
9	NNMT	80.54786	1.805248	0.0	0.0
9	HSPE1	79.3746	1.8679525	0.0	0.0
9	KLF2	77.867424	2.252405	0.0	0.0
9	RPS4X	77.11794	1.1815351	0.0	0.0
9	ZFP36	76.51482	2.1699069	0.0	0.0
9	JUN	75.7822	2.1498606	0.0	0.0
9	YBX3	75.30755	1.4647828	0.0	0.0
9	CEBPD	75.05644	1.9437586	0.0	0.0
9	RGS16	74.68053	2.3572588	0.0	0.0
9	ZNF503	74.114624	2.608948	0.0	0.0
9	HSPA1B	73.127495	2.0948174	0.0	0.0
9	UBC	72.8853	1.240482	0.0	0.0
9	UBE2S	72.21591	1.9851068	0.0	0.0
9	BTG1	71.19823	1.508968	0.0	0.0
9	FOS	70.85776	2.3031633	0.0	0.0
9	MAFB	69.14316	2.4065063	0.0	0.0
9	LUM	68.73884	1.6051942	0.0	0.0
9	NRN1	68.708244	1.7540685	0.0	0.0
9	PPP1R15A	68.54658	1.718625	0.0	0.0
9	HSPA2	68.267944	1.8203946	0.0	0.0
9	VIM	68.23737	1.2683874	0.0	0.0
9	TUBB4B	68.01382	1.6074044	0.0	0.0
9	RPL8	67.97785	1.1047356	0.0	0.0
9	SNAI1	67.733536	2.2289302	0.0	0.0
9	JUND	67.52103	1.7731578	0.0	0.0
9	RPL41	67.391685	1.5549747	0.0	0.0
9	DUSP1	66.569435	1.5949191	0.0	0.0
9	RASD1	65.249664	1.820021	0.0	0.0
9	TIMP4	65.06732	1.9846721	0.0	0.0
9	RPL10	64.85514	1.1996967	0.0	0.0
9	INTS6	64.42246	1.910628	0.0	0.0
9	RPS25	64.28372	1.0341995	0.0	0.0
9	KLF4	63.339638	1.687276	0.0	0.0
9	BRD2	63.168682	1.4749166	0.0	0.0
9	NBL1	62.7291	2.3780687	0.0	0.0
9	CRTAC1	62.453823	2.1275332	0.0	0.0
9	SSPN	62.369698	1.5678506	0.0	0.0
9	LSP1	61.98048	1.8365337	0.0	0.0
9	CRYAB	61.498596	1.628803	0.0	0.0
10	RPS10	91.98879	2.3651776	0.0	0.0
10	RPS26	91.90818	1.7931122	0.0	0.0
10	RPL9	86.3088	1.3634764	0.0	0.0
10	RPL41	86.293625	1.8970599	0.0	0.0
10	RPS11	85.384476	1.3686398	0.0	0.0
10	RPS3A	83.52251	1.3646828	0.0	0.0
10	ACAN	83.29213	2.6826336	0.0	0.0
10	CAPS	82.101	2.3449466	0.0	0.0
10	RPL30	81.725334	1.3858075	0.0	0.0
10	RPS21	81.6047	1.2680038	0.0	0.0
10	CPE	81.46825	2.062214	0.0	0.0
10	MIA	81.17121	2.360311	0.0	0.0
10	RPS23	81.00265	1.468769	0.0	0.0
10	S100A1	80.335205	2.2960572	0.0	0.0
10	EEF1A1	79.70048	1.0628885	0.0	0.0
10	RPS25	78.911995	1.2708592	0.0	0.0
10	RPS27A	78.4096	1.0636255	0.0	0.0
10	HNRNPA1	78.01996	1.4100224	0.0	0.0
10	RPL34	78.01256	0.9921732	0.0	0.0
10	RPS12	77.50008	1.276477	0.0	0.0
10	RPL24	77.457954	1.2291707	0.0	0.0
10	RPS8	76.12187	1.2554917	0.0	0.0
10	ABI3BP	75.07985	2.3386374	0.0	0.0
10	VCAN	75.055336	2.138519	0.0	0.0
10	CLEC3A	74.02857	2.3590891	0.0	0.0
10	RPL7	73.97147	1.2329072	0.0	0.0
10	RPL13	73.675316	1.1423489	0.0	0.0
10	S100B	73.40148	2.0538738	0.0	0.0
10	NOVA1	73.09156	1.9775854	0.0	0.0
10	RPL22	72.96492	1.3185347	0.0	0.0
10	KLF4	72.56674	2.023112	0.0	0.0
10	COL2A1	71.84455	2.6898794	0.0	0.0
10	FGFBP2	70.67217	2.4738567	0.0	0.0
10	FBXO2	70.567215	1.8826854	0.0	0.0
10	A2M	70.54264	2.4598668	0.0	0.0
10	INHBA	70.491135	2.0592191	0.0	0.0
10	PPP1R10	69.314354	1.9531119	0.0	0.0
10	RPL18	69.25005	1.1809916	0.0	0.0
10	PPP1R15A	68.47395	1.7165557	0.0	0.0
10	TUBB4B	68.23331	1.6556634	0.0	0.0
10	JUND	67.85189	1.879491	0.0	0.0
10	KLF2	67.48145	1.9945769	0.0	0.0
10	RPL26	67.44072	1.549896	0.0	0.0
10	RPS24	67.22761	1.024366	0.0	0.0
10	PLXDC2	67.14916	1.6125255	0.0	0.0
10	TPT1	67.12963	1.0672019	0.0	0.0
10	RPS14	66.655304	1.0093331	0.0	0.0
10	FOS	66.28846	2.3027196	0.0	0.0
10	COL9A3	65.87835	1.9363675	0.0	0.0
10	RPL39	65.67903	1.1503307	0.0	0.0
11	EMP1	90.03827	3.222475	0.0	0.0
11	HERPUD1	87.93147	2.3098905	0.0	0.0
11	INHBA	86.574135	3.5283732	0.0	0.0
11	LUM	81.538864	2.0023875	0.0	0.0
11	RPS20	80.777954	1.6745194	0.0	0.0
11	OGN	79.275444	2.8070457	0.0	0.0
11	MT-ND2	77.94708	1.9359261	0.0	0.0
11	SCRG1	77.048355	2.5893836	0.0	0.0
11	ANXA1	76.662605	1.7359631	0.0	0.0
11	DNAJA1	75.96649	1.9296733	0.0	0.0
11	RPL31	75.61599	1.5357887	0.0	0.0
11	RGCC	75.5333	2.4875414	0.0	0.0
11	MT-ND6	74.578	2.8162863	0.0	0.0
11	ATF4	73.77634	1.7962713	0.0	0.0
11	MT-ATP8	73.698425	2.8261878	0.0	0.0
11	CYCS	73.29734	2.0996497	0.0	0.0
11	ACTG1	72.33535	1.5438118	0.0	0.0
11	MT-ND3	71.71778	1.8152792	0.0	0.0
11	PNRC2	71.08524	2.2275345	0.0	0.0
11	DCN	70.85109	1.7351978	0.0	0.0
11	PCOLCE2	70.68746	1.9181328	0.0	0.0
11	MT-ND5	70.36129	1.7627641	0.0	0.0
11	MT-ND4L	70.12095	2.0473533	0.0	0.0
11	ERRFI1	69.31271	2.698426	0.0	0.0
11	FGFBP2	68.86058	2.5058155	0.0	0.0
11	MT-ND1	67.98261	1.5653515	0.0	0.0
11	DDX5	67.28148	1.3933967	0.0	0.0
11	RAB1A	67.237854	1.883184	0.0	0.0
11	ANXA5	66.54999	1.2668892	0.0	0.0
11	RCAN1	66.49561	2.863878	0.0	0.0
11	HSPB8	65.332726	3.207462	0.0	0.0
11	CD55	65.08107	2.3264897	0.0	0.0
11	KLF4	64.493126	2.3007143	0.0	0.0
11	SOX9	64.11365	2.1055214	0.0	0.0
11	UAP1	63.624893	1.9495766	0.0	0.0
11	SOD1	62.547497	1.1901213	0.0	0.0
11	ARF4	62.044647	1.3748	0.0	0.0
11	FHL2	62.01906	2.8461132	0.0	0.0
11	RPL23	61.857464	1.0961912	0.0	0.0
11	YWHAZ	61.12854	1.359885	0.0	0.0
11	GFPT2	60.56807	2.5738153	0.0	0.0
11	CALM1	60.543552	1.133837	0.0	0.0
11	SERPINE2	59.92369	1.7515512	0.0	0.0
11	HSP90AA1	59.663956	1.3253108	0.0	0.0
11	F13A1	58.871746	2.2117705	0.0	0.0
11	FMOD	58.841473	1.8900982	0.0	0.0
11	INSIG1	58.353355	2.5302439	0.0	0.0
11	SLC39A14	58.279247	1.8825216	0.0	0.0
11	HBEGF	58.152412	2.610832	0.0	0.0
11	HSPA8	57.50078	1.4310989	0.0	0.0
12	COL3A1	103.20237	4.6087847	0.0	0.0
12	COL1A2	99.445885	3.7536461	0.0	0.0
12	ASPN	97.41343	4.748478	0.0	0.0
12	SERPINF1	86.37961	6.0409675	0.0	0.0
12	BGN	84.76504	2.3675146	0.0	0.0
12	COMP	82.25756	3.1927433	0.0	0.0
12	PRRX1	80.857475	2.9297392	0.0	0.0
12	ITM2B	80.12807	1.3440194	0.0	0.0
12	COL12A1	79.30675	3.6701257	0.0	0.0
12	COL1A1	78.38663	4.1222405	0.0	0.0
12	PDGFRL	74.61532	2.6812692	0.0	0.0
12	CST3	74.27774	1.6703384	0.0	0.0
12	CILP	73.34532	2.911644	0.0	0.0
12	MGP	71.48451	2.9994857	0.0	0.0
12	GSN	71.081215	1.9651814	0.0	0.0
12	COL5A2	70.403625	2.085153	0.0	0.0
12	AEBP1	69.602715	1.9214938	0.0	0.0
12	TNC	68.85616	3.1130228	0.0	0.0
12	IGFBP7	68.76181	1.9292235	0.0	0.0
12	CD9	68.25331	2.0024848	0.0	0.0
12	IFITM3	67.64519	1.6378838	0.0	0.0
12	COL14A1	67.21309	3.8271964	0.0	0.0
12	NNMT	67.11061	1.6710807	0.0	0.0
12	FBLN1	66.01098	4.4717674	0.0	0.0
12	SPARCL1	65.920616	4.52704	0.0	0.0
12	PCOLCE	65.25015	1.9239204	0.0	0.0
12	PPIC	64.41862	1.8150128	0.0	0.0
12	SMOC2	64.317505	2.7261016	0.0	0.0
12	PLA2G2A	64.06328	3.4260457	0.0	0.0
12	COL6A1	62.36087	1.6635032	0.0	0.0
12	SSPN	61.449226	1.9742464	0.0	0.0
12	PLAC9	61.40356	1.6034067	0.0	0.0
12	FSTL1	60.550358	1.8101269	0.0	0.0
12	THBS4	59.778374	5.5703797	0.0	0.0
12	HSPA1A	59.596935	2.1343596	0.0	0.0
12	ECM2	59.445427	2.0237298	0.0	0.0
12	SPARC	58.865135	1.7759384	0.0	0.0
12	NTRK2	58.846504	3.1924627	0.0	0.0
12	DPYSL2	58.81352	1.9608065	0.0	0.0
12	LRP1	58.443275	1.3796356	0.0	0.0
12	CRTAC1	58.277622	2.0895472	0.0	0.0
12	COL5A1	58.240158	1.844348	0.0	0.0
12	AQP1	56.926163	3.7587907	0.0	0.0
12	DPT	56.909077	2.2794244	0.0	0.0
12	MXRA5	56.678913	2.4127884	0.0	0.0
12	COL6A3	56.184685	1.8195844	0.0	0.0
12	ID3	55.31843	1.7559056	0.0	0.0
12	IL32	55.20408	3.7475686	0.0	0.0
12	MFGE8	55.105568	1.4794644	0.0	0.0
12	GAS1	54.73532	2.1376438	0.0	0.0
13	COL2A1	108.17549	5.47642	0.0	0.0
13	BGN	108.09438	3.3214214	0.0	0.0
13	FOSB	98.31086	3.7708557	0.0	0.0
13	ACAN	94.64395	3.5867028	0.0	0.0
13	RHOB	94.28696	3.5565867	0.0	0.0
13	EGR1	93.52166	3.5267334	0.0	0.0
13	FMOD	93.24639	3.1080084	0.0	0.0
13	OGN	90.0798	3.4598699	0.0	0.0
13	JUND	89.9455	2.946274	0.0	0.0
13	COL11A2	89.461266	3.5227897	0.0	0.0
13	COL6A1	89.45923	2.9104435	0.0	0.0
13	CHRDL2	89.30456	4.5604625	0.0	0.0
13	TIMP2	89.20048	2.3247466	0.0	0.0
13	COL9A2	89.040245	3.401242	0.0	0.0
13	WWP2	88.90118	3.1185765	0.0	0.0
13	VCAN	88.59431	3.2041345	0.0	0.0
13	SPARC	86.42588	3.0759466	0.0	0.0
13	ISLR	86.350624	2.873592	0.0	0.0
13	C11orf96	85.25461	3.4753659	0.0	0.0
13	NR4A1	84.31331	3.526094	0.0	0.0
13	KLF4	84.17105	2.9748354	0.0	0.0
13	PLXDC2	83.61313	2.6269367	0.0	0.0
13	HLA-B	83.5928	2.258808	0.0	0.0
13	KLF2	83.15125	3.1558847	0.0	0.0
13	COL11A1	81.90198	2.7730012	0.0	0.0
13	MT-ND6	80.331116	3.3171794	0.0	0.0
13	SOX9	80.259834	2.6656082	0.0	0.0
13	ABI3BP	78.8401	2.8626304	0.0	0.0
13	SDC2	78.64062	2.3259754	0.0	0.0
13	MT-ND2	77.158554	1.9954857	0.0	0.0
13	ZFP36	77.13397	2.900319	0.0	0.0
13	FOS	76.83025	2.9229028	0.0	0.0
13	COL5A2	76.38343	2.610821	0.0	0.0
13	COL6A2	76.20143	2.1907604	0.0	0.0
13	JUNB	75.847275	2.5646474	0.0	0.0
13	SOCS3	75.07869	2.8516395	0.0	0.0
13	PAX1	74.544044	2.589409	0.0	0.0
13	NFIX	73.00564	2.5067449	0.0	0.0
13	RGCC	72.8011	2.4333868	0.0	0.0
13	COL3A1	72.4578	2.8159266	0.0	0.0
13	CD109	71.922295	2.4187338	0.0	0.0
13	MT-ATP8	71.43936	2.8378656	0.0	0.0
13	SLC26A2	71.21637	3.017891	0.0	0.0
13	PAPSS2	71.200264	2.120533	0.0	0.0
13	INHBA	70.31459	2.5856464	0.0	0.0
13	PRELP	70.29573	2.6961658	0.0	0.0
13	ADM	70.25235	2.3873897	0.0	0.0
13	MT-ND1	69.81889	1.6797875	0.0	0.0
13	COL5A1	69.393196	2.7279508	0.0	0.0
13	COL1A2	68.675865	2.5535052	0.0	0.0
14	RNASEK	107.26336	4.4144287	0.0	0.0
14	CD63	107.161606	2.6724083	0.0	0.0
14	BRI3	104.850174	2.9045422	0.0	0.0
14	TRAPPC5	104.09191	3.9028924	0.0	0.0
14	BAG1	102.971214	3.372589	0.0	0.0
14	CSTB	102.92944	2.8166053	0.0	0.0
14	NDUFA13	102.671234	2.878746	0.0	0.0
14	AP2S1	101.11162	2.963133	0.0	0.0
14	SERF2	100.93805	1.8803021	0.0	0.0
14	LGALS1	100.478836	3.487473	0.0	0.0
14	EIF4A1	100.03356	3.566478	0.0	0.0
14	FTL	99.91298	2.5253525	0.0	0.0
14	CTSD	99.654465	3.1376374	0.0	0.0
14	CLTA	99.62946	2.5028024	0.0	0.0
14	THY1	99.43771	3.286075	0.0	0.0
14	S100A6	99.05146	2.4811563	0.0	0.0
14	TMSB10	98.23835	3.2779114	0.0	0.0
14	GABARAP	97.98238	3.4612875	0.0	0.0
14	HOMER3	97.38551	3.230296	0.0	0.0
14	SQSTM1	97.31193	2.6187868	0.0	0.0
14	MRPS24	97.078156	3.4733305	0.0	0.0
14	CTSA	96.39169	2.9901383	0.0	0.0
14	FTH1	95.90527	4.134558	0.0	0.0
14	PPP1R14B	95.8825	3.115384	0.0	0.0
14	MGST3	95.83282	2.3537838	0.0	0.0
14	POLR2L	95.418564	2.634722	0.0	0.0
14	ATP6V0E1	95.132866	2.277414	0.0	0.0
14	KRTCAP2	95.04674	2.818513	0.0	0.0
14	PLIN2	94.66324	3.3675826	0.0	0.0
14	HINT1	93.85116	2.009863	0.0	0.0
14	RPS27L	93.75339	2.508105	0.0	0.0
14	CD59	93.70876	2.423146	0.0	0.0
14	TSPAN4	91.89456	2.620654	0.0	0.0
14	MRPL14	91.631516	2.623579	0.0	0.0
14	ARPC1B	91.57788	2.8903077	0.0	0.0
14	TOMM5	91.46503	3.0145302	0.0	0.0
14	AHNAK2	90.69508	2.9558032	0.0	0.0
14	GPX4	90.40159	2.4640849	0.0	0.0
14	RNH1	90.164986	2.3797443	0.0	0.0
14	BLOC1S1	90.14094	2.5610619	0.0	0.0
14	BLVRB	90.09408	2.5640233	0.0	0.0
14	ERP29	90.07876	2.2383041	0.0	0.0
14	PERP	89.83953	2.629851	0.0	0.0
14	GUK1	89.79519	2.1724606	0.0	0.0
14	S100A4	89.72026	2.8062706	0.0	0.0
14	LAMTOR1	89.60132	2.2984152	0.0	0.0
14	VIM	89.52727	1.9501337	0.0	0.0
14	MGAT4B	89.2493	2.9759455	0.0	0.0
14	CD151	89.236534	2.4400928	0.0	0.0
14	APRT	89.169716	2.3887799	0.0	0.0
15	RPS10	114.56104	3.5039349	0.0	0.0
15	RPS4X	106.81208	1.9879096	0.0	0.0
15	RPS27A	99.01612	1.548033	0.0	0.0
15	RPS23	97.65485	1.9393127	0.0	0.0
15	RPL41	97.57223	2.3345625	0.0	0.0
15	RPL30	96.525085	1.8388846	0.0	0.0
15	RPS21	94.169975	1.6847519	0.0	0.0
15	RPS24	93.43494	1.5212506	0.0	0.0
15	RPL39	90.147766	1.7501404	0.0	0.0
15	RPL24	88.97986	1.5527303	0.0	0.0
15	RPL10	88.86287	1.7307061	0.0	0.0
15	RPS12	87.328865	1.5605204	0.0	0.0
15	RPS15A	86.23402	1.8303006	0.0	0.0
15	FAU	84.29292	1.4490219	0.0	0.0
15	S100A1	83.15062	2.6789668	0.0	0.0
15	RPL34	82.68171	1.187213	0.0	0.0
15	RPS3	81.77265	1.3183209	0.0	0.0
15	RPL13	81.183235	1.3795416	0.0	0.0
15	RPL32	80.374146	1.2496681	0.0	0.0
15	RPL26	79.70385	1.8928254	0.0	0.0
15	CAPS	79.340515	2.581119	0.0	0.0
15	RPL9	78.05344	1.4116749	0.0	0.0
15	RPL18	77.33016	1.445151	0.0	0.0
15	JUND	76.70621	2.4257755	0.0	0.0
15	MIA	76.61901	2.524433	0.0	0.0
15	TUBB4B	76.09507	2.1681824	0.0	0.0
15	RPS25	74.61293	1.3616397	0.0	0.0
15	RPL11	74.5144	1.1407083	0.0	0.0
15	S100A13	73.96073	1.6776309	0.0	0.0
15	RPS28	73.75313	1.466678	0.0	0.0
15	COMMD6	73.10232	1.4891609	0.0	0.0
15	RPS8	72.88516	1.342193	0.0	0.0
15	RPLP1	72.79195	1.1125743	0.0	0.0
15	EEF1D	72.58302	1.6634612	0.0	0.0
15	RPS9	71.95614	1.3800662	0.0	0.0
15	EEF1B2	71.38873	1.3729444	0.0	0.0
15	RPL8	71.04372	1.3219048	0.0	0.0
15	RPL12	70.89083	1.3809131	0.0	0.0
15	NACA	70.72259	1.336549	0.0	0.0
15	RPL36	70.52275	1.2420088	0.0	0.0
15	RPS7	69.41737	1.2593596	0.0	0.0
15	C12orf57	69.3131	1.6016093	0.0	0.0
15	RPL35A	69.040794	1.075086	0.0	0.0
15	RPL7A	67.51318	1.365396	0.0	0.0
15	RPS15	67.37001	1.2835689	0.0	0.0
15	RPL22	67.20181	1.3812677	0.0	0.0
15	FOS	66.88216	2.5702615	0.0	0.0
15	RGCC	66.87563	2.2350063	0.0	0.0
15	RPS13	66.35691	1.0265135	0.0	0.0
15	SERTAD1	65.88115	2.075066	0.0	0.0
16	HSP90AA1	74.720726	1.9760486	0.0	0.0
16	FN1	71.78048	2.6463015	0.0	0.0
16	HSPH1	69.188835	2.5766304	0.0	0.0
16	HSPA8	66.7158	1.8745159	0.0	0.0
16	DNAJA1	65.41217	1.8246866	0.0	0.0
16	DNAJB1	61.449417	2.1962214	0.0	0.0
16	EMP1	60.948704	2.0967338	0.0	0.0
16	HSP90AB1	60.223278	1.2717924	0.0	0.0
16	ANXA1	59.537838	1.4766072	0.0	0.0
16	SLC39A14	56.79374	1.9159149	0.0	0.0
16	DDX5	54.9204	1.3231599	0.0	0.0
16	HSPD1	54.754208	1.7005378	0.0	0.0
16	ERRFI1	54.239956	2.146548	0.0	0.0
16	GPRC5A	54.09291	2.0278409	0.0	0.0
16	PABPC1	53.993347	1.3065512	0.0	0.0
16	EIF4G2	53.828403	1.366088	0.0	0.0
16	RPL31	52.306614	1.2050287	0.0	0.0
16	HSPA1A	50.71428	1.9222287	0.0	0.0
16	UAP1	50.402164	1.6015227	0.0	0.0
16	CLIC4	48.54524	1.4383779	0.0	0.0
16	HSPA1B	48.39726	1.7164096	0.0	0.0
16	BAG3	47.98045	1.7729346	0.0	0.0
16	HERPUD1	47.85857	1.3515326	0.0	0.0
16	PDIA3	47.755054	1.2202314	0.0	0.0
16	HSPA5	47.663055	1.3133819	0.0	0.0
16	CD55	46.781437	1.6646738	0.0	0.0
16	TIMP3	46.737015	1.7343575	0.0	0.0
16	PMP22	46.37072	1.3396877	0.0	0.0
16	BTG1	46.3405	1.2042681	0.0	0.0
16	HSP90B1	46.206783	1.1018369	0.0	0.0
16	YWHAZ	46.183624	1.1489824	0.0	0.0
16	BCAT1	45.999207	1.4608136	0.0	0.0
16	INHBA	45.795303	1.9584814	0.0	0.0
16	ATF4	44.952435	1.1816616	0.0	0.0
16	UGDH	44.878876	1.5941067	0.0	0.0
16	XBP1	44.734734	1.2770842	0.0	0.0
16	GFPT2	44.678722	1.8479791	0.0	0.0
16	HSPA9	44.497677	1.4622427	0.0	0.0
16	ANXA5	44.11192	0.97156435	0.0	0.0
16	FOSB	43.940186	1.6598116	0.0	0.0
16	ID2	43.909576	1.4342397	0.0	0.0
16	DDX3X	43.797714	1.2538987	0.0	0.0
16	CALM1	43.640526	0.9669164	0.0	0.0
16	FMOD	43.636974	1.5760746	0.0	0.0
16	RBBP6	43.389595	1.5859843	0.0	0.0
16	CYCS	42.89353	1.2819583	0.0	0.0
16	EIF5	42.311127	1.1072192	0.0	0.0
16	LUM	42.296703	1.2259737	0.0	0.0
16	SERPINE1	42.29298	1.519832	0.0	0.0
16	AMD1	42.192703	1.381877	0.0	0.0
17	JUND	86.61968	2.774961	0.0	0.0
17	RPS10	85.87043	2.5079143	0.0	0.0
17	HBB	84.74787	2.8567336	0.0	0.0
17	FGFBP2	77.9132	3.0722854	0.0	0.0
17	RGCC	77.61627	2.5903084	0.0	0.0
17	RPL8	75.483665	1.4097859	0.0	0.0
17	PMEPA1	75.0156	2.1494381	0.0	0.0
17	CPE	74.53685	2.1592646	0.0	0.0
17	S100A1	73.37448	2.3716104	0.0	0.0
17	NFATC1	72.40422	2.722766	0.0	0.0
17	KLF2	71.431526	2.5331938	0.0	0.0
17	GLIS3	71.10588	2.7733111	0.0	0.0
17	ACAN	70.57238	2.5812323	0.0	0.0
17	EIF1	69.837135	0.93873066	0.0	0.0
17	GNAS	69.78146	1.4164174	0.0	0.0
17	COL9A3	69.07743	2.4203923	0.0	0.0
17	CAPS	69.0477	2.1806552	0.0	0.0
17	MIDN	68.406006	2.2088199	0.0	0.0
17	RGS3	68.39518	2.1366556	0.0	0.0
17	SERTAD1	68.01962	2.0102339	0.0	0.0
17	INHBA	67.65055	2.3653762	0.0	0.0
17	COMP	66.63837	2.7670202	0.0	0.0
17	FOSB	66.45586	2.3633196	0.0	0.0
17	COL2A1	66.16707	2.9178078	0.0	0.0
17	CLEC3A	65.709755	2.456548	0.0	0.0
17	VCAN	65.40309	2.1211183	0.0	0.0
17	RPS3A	64.694595	1.1988102	0.0	0.0
17	MT1G	64.30837	2.7072055	0.0	0.0
17	RPL9	64.110085	1.1488843	0.0	0.0
17	FBXO2	63.63552	1.9161624	0.0	0.0
17	SCX	63.270927	2.524824	0.0	0.0
17	HLA-C	62.1169	1.351052	0.0	0.0
17	NDUFA4L2	61.141087	2.032168	0.0	0.0
17	SPINT2	61.087234	2.0127032	0.0	0.0
17	RPS9	61.0594	1.2153431	0.0	0.0
17	ID4	60.965786	1.884867	0.0	0.0
17	MDFI	60.91557	1.9276916	0.0	0.0
17	NOVA1	60.907307	1.821552	0.0	0.0
17	RPL18	60.86621	1.1789255	0.0	0.0
17	S100B	60.607098	1.9237325	0.0	0.0
17	PER2	60.54575	2.285448	0.0	0.0
17	RPL3	59.907784	1.0945911	0.0	0.0
17	EEF1B2	59.87146	1.1833961	0.0	0.0
17	RPS3	59.599445	1.0185727	0.0	0.0
17	MPP6	59.47034	1.8836709	0.0	0.0
17	RPL13	58.61567	1.0536126	0.0	0.0
17	PDE4DIP	58.61544	1.7109672	0.0	0.0
17	TUBB4B	58.604862	1.6154946	0.0	0.0
17	SRSF5	58.014015	1.3825892	0.0	0.0
17	MT1E	57.93371	1.9783156	0.0	0.0
18	RPL31	74.72972	1.7829393	0.0	0.0
18	SCRG1	70.07488	2.6375976	0.0	0.0
18	RHOB	69.13955	2.46529	0.0	0.0
18	JUNB	64.29913	2.2457383	0.0	0.0
18	EGR1	63.626396	2.2517405	0.0	0.0
18	RGCC	63.232025	2.2276	0.0	0.0
18	RPS29	61.738182	1.2326884	0.0	0.0
18	ID2	61.647163	2.0303092	0.0	0.0
18	FXYD6	61.368313	1.9402767	0.0	0.0
18	COL1A1	60.37492	2.3078966	0.0	0.0
18	GPX3	58.7125	2.111254	0.0	0.0
18	SPARC	58.357815	2.0292788	0.0	0.0
18	SERPINA1	55.571003	1.9518448	0.0	0.0
18	FOS	55.003597	2.1933916	0.0	0.0
18	HERPUD1	54.760876	1.5089834	0.0	0.0
18	PRELP	52.73238	2.1740856	0.0	0.0
18	COL3A1	52.683	1.8456447	0.0	0.0
18	PSAP	52.50334	1.0451425	0.0	0.0
18	ATF4	52.502087	1.4807148	0.0	0.0
18	CRTAP	52.44925	1.3639983	0.0	0.0
18	FMOD	51.53414	1.8404071	0.0	0.0
18	BGN	51.141815	1.5744354	0.0	0.0
18	COL2A1	50.39758	2.4067893	0.0	0.0
18	CDKN1A	49.965954	1.7072432	0.0	0.0
18	SDC2	49.587276	1.4538926	0.0	0.0
18	SERPINA5	49.032276	1.803014	0.0	0.0
18	DCN	49.007584	1.4060941	0.0	0.0
18	FOSB	48.826767	1.8443855	0.0	0.0
18	RPS20	48.8199	1.2357798	0.0	0.0
18	FGFBP2	48.42321	1.9860141	0.0	0.0
18	ADM	48.10009	1.7424747	0.0	0.0
18	MT1X	47.751595	1.8887615	0.0	0.0
18	KLF4	47.222603	1.5897434	0.0	0.0
18	DNAJB1	46.975784	1.6906636	0.0	0.0
18	C11orf96	46.26083	1.8078814	0.0	0.0
18	CRIP2	45.854748	1.6375787	0.0	0.0
18	ATF3	45.129787	1.7324862	0.0	0.0
18	HAPLN1	45.019196	1.6190279	0.0	0.0
18	PGK1	44.834915	1.1105525	0.0	0.0
18	TOB1	44.343777	1.5393318	0.0	0.0
18	PCBP1	43.833088	1.1969512	0.0	0.0
18	CPE	43.76733	1.4342531	0.0	0.0
18	EIF4A2	43.556732	0.99779266	0.0	0.0
18	RPL34	43.448883	0.8326992	0.0	0.0
18	BTG2	43.14461	1.4794307	0.0	0.0
18	NDUFA4L2	43.047173	1.5248563	0.0	0.0
18	HTRA1	42.71639	1.1974503	0.0	0.0
18	RPL37A	42.453686	0.8429025	0.0	0.0
18	PPDPF	42.263557	0.9828059	0.0	0.0
18	ZNF90	42.193707	3.6994872	0.0	0.0
19	LGALS1	84.472824	3.0348313	0.0	0.0
19	TGFBI	84.08531	3.916569	0.0	0.0
19	ANXA2	83.74251	2.1347284	0.0	0.0
19	COL1A1	83.48999	4.8145113	0.0	0.0
19	COL1A2	81.83335	3.2832527	0.0	0.0
19	TNC	81.2153	3.9410355	0.0	0.0
19	CD99	78.41847	1.8079394	0.0	0.0
19	PCOLCE	77.80416	2.8150206	0.0	0.0
19	SPARC	77.189804	2.8378024	0.0	0.0
19	PFN1	76.950874	2.1984768	0.0	0.0
19	TPI1	74.66308	1.7226905	0.0	0.0
19	MMP14	74.15386	3.2381568	0.0	0.0
19	SERPINH1	73.761505	2.761942	0.0	0.0
19	COL5A1	72.031296	2.6688602	0.0	0.0
19	COL6A2	71.41582	2.0500772	0.0	0.0
19	RCN3	71.24182	2.2927332	0.0	0.0
19	ECM1	70.88883	2.5557423	0.0	0.0
19	PDIA3	70.47151	1.7282104	0.0	0.0
19	OLFML2B	70.17135	3.6754365	0.0	0.0
19	TPM4	69.93711	2.2005553	0.0	0.0
19	COL6A1	69.57151	2.0958078	0.0	0.0
19	COL6A3	69.5635	2.4145255	0.0	0.0
19	P4HB	69.177345	1.7987288	0.0	0.0
19	COL3A1	68.986046	2.957813	0.0	0.0
19	BSG	68.51435	1.8769115	0.0	0.0
19	GAPDH	68.45291	1.74499	0.0	0.0
19	ENO1	67.615906	1.5326533	0.0	0.0
19	CLEC11A	67.11921	2.2073572	0.0	0.0
19	FSTL1	67.06999	2.0167186	0.0	0.0
19	MYL6	66.29965	1.3482827	0.0	0.0
19	FAP	66.23708	2.2673407	0.0	0.0
19	EMP3	66.17451	1.7555394	0.0	0.0
19	TAGLN2	65.80686	1.979244	0.0	0.0
19	CAPZB	65.443085	2.0575976	0.0	0.0
19	THY1	65.117165	2.2932801	0.0	0.0
19	ISLR	64.5648	2.0827827	0.0	0.0
19	PPIB	64.53374	1.8516649	0.0	0.0
19	PKM	64.366455	1.437581	0.0	0.0
19	CERCAM	63.661694	2.922673	0.0	0.0
19	P3H1	63.41988	2.7535944	0.0	0.0
19	FKBP10	63.140434	1.9892864	0.0	0.0
19	ANPEP	62.758076	3.4565184	0.0	0.0
19	CTSB	62.6443	1.8006216	0.0	0.0
19	S100A10	62.467564	1.5288811	0.0	0.0
19	COL5A2	62.400463	2.0330431	0.0	0.0
19	SMOC1	62.156727	2.3431878	0.0	0.0
19	PSMA7	61.87204	1.5524627	0.0	0.0
19	TMSB10	61.870182	2.1056502	0.0	0.0
19	PTTG1IP	61.687637	1.7026516	0.0	0.0
19	PLOD1	61.120247	1.9698923	0.0	0.0
20	JUN	112.14773	4.921532	0.0	0.0
20	ATF3	106.502205	4.6896925	0.0	0.0
20	GADD45B	106.48198	3.9649389	0.0	0.0
20	IER2	103.60785	4.2756906	0.0	0.0
20	HSPA1B	102.834206	4.2970753	0.0	0.0
20	JUNB	102.40889	3.8287928	0.0	0.0
20	FOS	101.48509	4.1772094	0.0	0.0
20	SERPINA1	99.1396	3.5328825	0.0	0.0
20	NR4A1	99.138824	4.4508514	0.0	0.0
20	DNAJB1	98.91982	3.7989085	0.0	0.0
20	DUSP1	97.57201	3.4706655	0.0	0.0
20	HSPA1A	96.7657	3.9648077	0.0	0.0
20	NFKBIA	96.41588	3.980878	0.0	0.0
20	RASD1	95.807396	4.437846	0.0	0.0
20	C11orf96	92.59321	4.172299	0.0	0.0
20	ABI3BP	92.46873	3.7157943	0.0	0.0
20	BAMBI	92.450714	3.6638303	0.0	0.0
20	TUBB4B	91.48522	2.8235242	0.0	0.0
20	EGR1	91.44543	3.201323	0.0	0.0
20	OTUD1	88.92807	4.6277604	0.0	0.0
20	RRAD	86.59484	4.944402	0.0	0.0
20	RHOB	86.35499	3.0374165	0.0	0.0
20	CILP	85.807625	4.0883493	0.0	0.0
20	TPI1	84.37168	1.9714702	0.0	0.0
20	ID2	83.70264	2.7451756	0.0	0.0
20	HSPB1	83.053215	3.2901793	0.0	0.0
20	CITED2	80.74512	2.756896	0.0	0.0
20	ADM	80.68686	2.8026826	0.0	0.0
20	SERPINE1	79.62463	3.1725833	0.0	0.0
20	CD83	79.546715	4.2184243	0.0	0.0
20	NDUFA4L2	78.616745	2.504794	0.0	0.0
20	GADD45G	78.47712	4.2241735	0.0	0.0
20	PLOD2	77.4191	1.9640504	0.0	0.0
20	FMOD	77.35851	2.6792731	0.0	0.0
20	LUM	75.81094	2.0716648	0.0	0.0
20	PRG4	75.486565	3.6293569	0.0	0.0
20	RGCC	74.74134	2.5217793	0.0	0.0
20	TIMP3	73.823456	2.8600347	0.0	0.0
20	SOCS1	73.74585	3.9362097	0.0	0.0
20	COMP	73.084724	3.0352826	0.0	0.0
20	FXYD6	73.047585	2.1828396	0.0	0.0
20	ZFP36	72.968124	2.5844424	0.0	0.0
20	TNFRSF11B	72.48691	2.7562544	0.0	0.0
20	FOSB	71.97949	2.5556908	0.0	0.0
20	CDO1	71.66786	2.7412605	0.0	0.0
20	EIF4A3	70.97682	2.5279136	0.0	0.0
20	BRD2	70.00357	2.1549618	0.0	0.0
20	CLU	69.5733	2.421608	0.0	0.0
20	UBE2S	69.34379	2.4600055	0.0	0.0
20	COL9A3	68.991325	2.4647238	0.0	0.0
21	RPS10	89.16367	2.7167087	0.0	0.0
21	COMP	86.81938	3.7404757	0.0	0.0
21	FAM133B	75.26553	2.3642464	0.0	0.0
21	RPL12	73.997894	1.509926	0.0	0.0
21	MIA	72.96328	2.4837844	0.0	0.0
21	RPL3	72.87308	1.380529	0.0	0.0
21	COL11A1	71.39511	2.4104104	0.0	0.0
21	MIDN	71.11188	2.2581584	0.0	0.0
21	COL9A3	70.73336	2.5598166	0.0	0.0
21	STK38L	69.8223	2.3367708	0.0	0.0
21	NRP2	68.55708	2.1192176	0.0	0.0
21	NR4A1	68.341736	2.4011366	0.0	0.0
21	RPS21	67.78266	1.2556994	0.0	0.0
21	COL2A1	67.773926	3.0552924	0.0	0.0
21	COL11A2	67.50067	2.235185	0.0	0.0
21	FGFBP2	67.22025	2.7445705	0.0	0.0
21	INHBA	66.92045	2.6254756	0.0	0.0
21	CCNI	66.91803	1.4075619	0.0	0.0
21	RPL41	66.825714	1.8316746	0.0	0.0
21	GLIS3	66.57207	2.5712533	0.0	0.0
21	HSPH1	66.41382	2.3394156	0.0	0.0
21	FN1	66.30363	2.4625258	0.0	0.0
21	TRIB1	66.21865	2.2875233	0.0	0.0
21	TIAM2	65.20895	2.4877698	0.0	0.0
21	MDFI	64.54819	2.0082936	0.0	0.0
21	HSPA1A	63.582233	2.5179846	0.0	0.0
21	P4HA1	63.128635	1.6338668	0.0	0.0
21	CRLF1	62.632893	2.650037	0.0	0.0
21	CA9	62.599354	2.0776863	0.0	0.0
21	F13A1	62.447144	2.1419926	0.0	0.0
21	VEGFA	61.40372	1.8712392	0.0	0.0
21	PMEPA1	61.304436	1.7907969	0.0	0.0
21	TUBB2B	61.224087	2.134437	0.0	0.0
21	PFKP	61.202614	1.9168751	0.0	0.0
21	TSPAN2	60.98008	2.3403852	0.0	0.0
21	SHC4	60.911427	2.4656703	0.0	0.0
21	RPL37A	60.904873	0.9329712	0.0	0.0
21	LRP1	60.80297	1.501548	0.0	0.0
21	NDUFA4L2	60.54862	2.1014097	0.0	0.0
21	NR4A2	60.54413	2.0491986	0.0	0.0
21	HSPA1B	60.30507	2.0977356	0.0	0.0
21	PAPSS2	60.064274	1.6892065	0.0	0.0
21	NOVA1	59.79054	1.8420857	0.0	0.0
21	AHSA1	59.269707	1.7371358	0.0	0.0
21	PGAM1	59.235607	1.6171641	0.0	0.0
21	HSP90AA1	59.229733	1.5287664	0.0	0.0
21	EGR3	58.974533	2.3838313	0.0	0.0
21	RCAN1	58.93631	2.4143586	0.0	0.0
21	DIXDC1	58.72304	1.8990088	0.0	0.0
21	S100A1	58.43891	2.029977	0.0	0.0
22	PPP1R14B	97.89713	3.6538026	0.0	0.0
22	ARPC1B	96.42344	3.5173392	0.0	0.0
22	CD59	95.485756	2.7859313	0.0	0.0
22	RNASEK	94.76379	4.164696	0.0	0.0
22	TXN	93.98344	2.3851762	0.0	0.0
22	BRI3	92.99017	2.7744007	0.0	0.0
22	TOMM5	91.92167	3.2960966	0.0	0.0
22	AP2S1	91.00836	2.8421235	0.0	0.0
22	CYP51A1	90.96822	3.7323158	0.0	0.0
22	MYL12A	90.207054	2.6015186	0.0	0.0
22	TRAPPC5	90.183235	3.4772875	0.0	0.0
22	GUK1	90.161385	2.4145014	0.0	0.0
22	MGST1	89.927444	3.5826733	0.0	0.0
22	NQO1	89.38438	3.4966805	0.0	0.0
22	TMSB4X	89.20041	3.5408924	0.0	0.0
22	CSTB	89.015305	2.401256	0.0	0.0
22	EIF4A1	89.00498	3.379398	0.0	0.0
22	CLTA	88.818016	2.3764663	0.0	0.0
22	PRSS23	88.55179	3.4848568	0.0	0.0
22	MRPS24	88.21891	3.291095	0.0	0.0
22	NDUFA4	88.18376	2.1022065	0.0	0.0
22	C12orf75	87.843575	3.2682137	0.0	0.0
22	PFN1	87.76477	2.5243933	0.0	0.0
22	CD63	87.751884	2.1861646	0.0	0.0
22	UBE2V1	87.14158	3.1065636	0.0	0.0
22	TPM1	87.12655	2.9608898	0.0	0.0
22	GABARAP	86.779106	3.2921944	0.0	0.0
22	S100A11	86.668976	2.112841	0.0	0.0
22	S100A16	86.634	2.96754	0.0	0.0
22	MRPL14	86.556984	2.6648939	0.0	0.0
22	ATP6V0E1	85.967224	2.2154973	0.0	0.0
22	HOMER3	85.73101	2.9411516	0.0	0.0
22	THY1	85.55447	2.9744525	0.0	0.0
22	DYNLL1	85.478676	1.8915222	0.0	0.0
22	MGST3	84.75454	2.230183	0.0	0.0
22	ITGB1	84.70373	2.4363608	0.0	0.0
22	KRTCAP2	84.43436	2.658366	0.0	0.0
22	FABP5	84.3377	3.3540387	0.0	0.0
22	MGAT4B	84.16864	2.91478	0.0	0.0
22	COX16	84.100586	2.8356168	0.0	0.0
22	NOP10	84.065956	2.282301	0.0	0.0
22	PSMA6	84.055084	3.0265167	0.0	0.0
22	DRAP1	83.97836	2.5062675	0.0	0.0
22	HINT1	83.55778	1.9091289	0.0	0.0
22	COTL1	83.33687	2.8736677	0.0	0.0
22	NDUFV2	83.160065	2.5901668	0.0	0.0
22	ABRACL	83.01275	2.870818	0.0	0.0
22	TMSB10	83.00679	2.9610722	0.0	0.0
22	NDUFC2	82.90809	2.194291	0.0	0.0
22	LMO7	82.90391	3.054006	0.0	0.0
23	CRYAB	94.64106	4.334516	0.0	0.0
23	ID2	82.94041	3.1639943	0.0	0.0
23	RPL31	81.7292	2.0390785	0.0	0.0
23	DNAJB1	81.19555	3.132357	0.0	0.0
23	HSP90AA1	75.348236	2.1658537	0.0	0.0
23	HSPB1	72.02755	2.7220962	0.0	0.0
23	HSPA8	71.6987	2.2284765	0.0	0.0
23	GPRC5A	71.16549	2.8080704	0.0	0.0
23	DCN	71.147224	2.069917	0.0	0.0
23	RPS27	70.29651	1.5421327	0.0	0.0
23	ADPRHL1	69.55593	4.373241	0.0	0.0
23	FN1	68.95085	2.624779	0.0	0.0
23	HSPH1	68.27806	2.6619573	0.0	0.0
23	PRELP	67.61458	2.8425832	0.0	0.0
23	ABI3BP	67.60486	2.7376277	0.0	0.0
23	SKIL	67.20309	2.4854083	0.0	0.0
23	FMOD	67.005356	2.4609969	0.0	0.0
23	MAP1LC3B	64.60329	1.9974114	0.0	0.0
23	RPL21	64.33318	1.3697346	0.0	0.0
23	ATF3	62.872265	2.5726259	0.0	0.0
23	SERPINE1	62.30099	2.5587337	0.0	0.0
23	HSPD1	62.274902	2.050142	0.0	0.0
23	DNAJA1	61.81954	1.8517936	0.0	0.0
23	UAP1	61.730972	2.0731277	0.0	0.0
23	SRSF7	60.2368	1.8946545	0.0	0.0
23	HSPE1	60.171543	1.9285638	0.0	0.0
23	HSP90AB1	60.13311	1.3665221	0.0	0.0
23	DDX5	59.683933	1.467067	0.0	0.0
23	FOSB	58.926598	2.2562964	0.0	0.0
23	PDIA3	58.73621	1.5501868	0.0	0.0
23	EIF4A3	58.231236	2.1155057	0.0	0.0
23	RPS29	57.91784	1.0788031	0.0	0.0
23	COL11A1	57.64685	1.9752504	0.0	0.0
23	BAG3	55.754745	2.2187638	0.0	0.0
23	BTG2	55.65219	2.0472662	0.0	0.0
23	STK38L	55.54028	2.3114877	0.0	0.0
23	GADD45B	55.50919	1.9805034	0.0	0.0
23	NR4A2	55.24289	2.259827	0.0	0.0
23	KLF10	54.619648	1.9978257	0.0	0.0
23	RPLP2	54.10668	0.9994487	0.0	0.0
23	NR4A3	54.10545	2.6448393	0.0	0.0
23	HSP90B1	53.509987	1.2972544	0.0	0.0
23	HSPA1A	53.39512	2.140311	0.0	0.0
23	MT-ND2	52.57471	1.4961306	0.0	0.0
23	SCRG1	52.572163	2.1159418	0.0	0.0
23	GPX3	52.220924	1.8367916	0.0	0.0
23	COL2A1	51.71573	2.2064238	0.0	0.0
23	HSPA1B	51.4673	1.8209668	0.0	0.0
23	MT-ND6	51.333504	1.9819006	0.0	0.0
23	KLF4	51.18394	1.7753807	0.0	0.0
24	RPL13A	100.388985	2.1104321	0.0	0.0
24	RPL7	100.11264	2.3193102	0.0	0.0
24	RPLP2	99.04239	1.880916	0.0	0.0
24	RPS28	99.036026	2.2541106	0.0	0.0
24	RPS15A	98.1033	2.369293	0.0	0.0
24	RPL41	97.91337	2.6669872	0.0	0.0
24	RPS27	97.51057	2.3170612	0.0	0.0
24	RPL39	97.115875	2.2837944	0.0	0.0
24	RPL10	96.426056	2.0446267	0.0	0.0
24	RPL15	96.39234	1.4890864	0.0	0.0
24	RPS25	96.34748	2.0083177	0.0	0.0
24	RPL34	95.74994	1.6565408	0.0	0.0
24	RPL23A	95.33469	2.0252428	0.0	0.0
24	RPL36	95.22573	1.9074156	0.0	0.0
24	RPS17	95.02255	3.5584157	0.0	0.0
24	EEF1A1	94.47837	1.6119223	0.0	0.0
24	PPDPF	94.23026	2.6287782	0.0	0.0
24	RPL37A	94.14366	1.6069506	0.0	0.0
24	RPS2	93.75872	1.8186607	0.0	0.0
24	RPL35	92.27306	1.9952863	0.0	0.0
24	RPL32	91.97814	1.549583	0.0	0.0
24	RPL18A	91.97319	1.9079145	0.0	0.0
24	RPL12	91.63253	1.8943248	0.0	0.0
24	RPL21	91.15395	1.8492626	0.0	0.0
24	RPS29	90.60234	1.745523	0.0	0.0
24	TOMM7	90.57228	1.9018654	0.0	0.0
24	RPS6	90.542854	1.4249667	0.0	0.0
24	RPL19	90.49217	1.7047976	0.0	0.0
24	RPL38	88.88979	1.8596687	0.0	0.0
24	S100A1	88.76476	3.060977	0.0	0.0
24	RPS14	88.40219	1.5056596	0.0	0.0
24	NBEAL1	88.27691	3.8026156	0.0	0.0
24	RPS26	88.25604	2.127595	0.0	0.0
24	EIF3E	86.9092	2.3145912	0.0	0.0
24	EEF1D	86.777954	2.1252868	0.0	0.0
24	RPS18	86.7342	1.5497396	0.0	0.0
24	RPS16	86.568	1.5302113	0.0	0.0
24	RPL27A	86.43229	1.4478973	0.0	0.0
24	RPS9	86.1842	1.7109681	0.0	0.0
24	RPS19	85.775566	1.5461279	0.0	0.0
24	RPL4	85.478165	1.7229543	0.0	0.0
24	RPS3A	85.05226	1.6862584	0.0	0.0
24	RPL3	84.5218	1.5867351	0.0	0.0
24	RPLP1	84.45626	1.3236058	0.0	0.0
24	RPS15	84.408745	1.6162314	0.0	0.0
24	RPL35A	84.265785	1.3921543	0.0	0.0
24	RPL28	83.30936	1.9671514	0.0	0.0
24	RPL22	82.167915	1.7266562	0.0	0.0
24	RPL13	81.67637	1.4707206	0.0	0.0
24	RPS27A	80.90946	1.3379104	0.0	0.0
25	FTH1	76.39426	3.759553	0.0	0.0
25	S100A6	76.239265	2.2289503	0.0	0.0
25	SERF2	70.339905	1.678112	0.0	0.0
25	TMSB4X	69.63036	3.070382	0.0	0.0
25	TMSB10	69.53964	2.761919	0.0	0.0
25	FTL	69.251495	2.0343826	0.0	0.0
25	S100A11	62.756092	1.7895073	0.0	0.0
25	GAPDH	61.298923	1.730852	0.0	0.0
25	RPL17	59.651833	2.6941853	0.0	0.0
25	MT-CO2	58.042267	1.9993235	0.0	0.0
25	POLR2L	53.675526	2.1414886	0.0	0.0
25	RNASEK	53.613647	3.0262868	0.0	0.0
25	TPM2	52.88945	2.2758853	0.0	0.0
25	LGALS1	52.22777	2.0452588	0.0	0.0
25	VIM	51.47101	1.326775	0.0	0.0
25	ANXA2	49.12233	1.3790114	0.0	0.0
25	MT-CO1	49.014988	1.6136639	0.0	0.0
25	MYL12A	48.162434	1.8557924	0.0	0.0
25	SH3BGRL3	46.120834	1.5103887	0.0	0.0
25	SRP14	46.03109	1.0107944	0.0	0.0
25	RPS27L	45.566822	1.5743698	0.0	0.0
25	S100A4	45.226994	1.5658896	0.0	0.0
25	OST4	44.406197	1.1820896	0.0	0.0
25	TPM1	44.302086	1.9107348	0.0	0.0
25	PRSS23	43.965225	2.2246304	0.0	0.0
25	MYL6	43.90753	0.95922756	0.0	0.0
25	S100A10	43.827465	1.206083	0.0	0.0
25	MT-CYB	42.58013	1.2739068	0.0	0.0
25	C12orf75	42.36966	2.5184836	0.0	0.0
25	MT-ATP6	41.585022	1.2015976	0.0	0.0
25	TXN	41.16766	1.1846447	0.0	0.0
25	HINT1	41.144287	1.1065557	0.0	0.0
25	RPL41	41.04171	1.3502359	0.0	0.0
25	PPIA	40.336067	0.8654987	0.0	0.0
25	RPS28	40.180817	0.86957145	0.0	0.0
25	CALD1	39.987236	1.7047595	0.0	0.0
25	BRI3	39.982323	1.474863	0.0	0.0
25	TSPO	38.64556	1.0235425	0.0	0.0
25	OAZ1	38.502647	0.6741118	0.0	0.0
25	DSTN	37.321613	0.7478463	7.323055634519774e-305	3.048878219458742e-303
25	RPL36A	37.241104	1.4603472	1.476115370794697e-303	6.099618309355017e-302
25	MT-CO3	37.21557	1.0761825	3.821852667533534e-303	1.5733768836155778e-301
25	RPL35	37.1456	0.78754884	5.163578226990802e-302	2.109991058458871e-300
25	PFN1	35.919697	1.2316844	1.504972516617728e-282	5.667017670936312e-281
25	CSTB	35.838745	1.2094502	2.753694081014663e-281	1.0229463567621139e-279
25	UQCR11	35.727676	1.4844228	1.469982601067971e-279	5.424186634643119e-278
25	GABARAP	35.312023	1.8608977	3.839814043587148e-273	1.3710248654659226e-271
25	NDUFA13	35.169155	1.5711881	5.924370620719612e-271	2.1085026147870803e-269
25	RPS19	34.997574	0.6692515	2.449416525423857e-268	8.552029280063738e-267
25	GPX4	34.963394	1.2588792	8.104516370370106e-268	2.8118594061098546e-266
26	COL1A2	78.56286	4.385216	0.0	0.0
26	COL3A1	74.492256	4.83618	0.0	0.0
26	COL5A1	71.253876	3.8945153	0.0	0.0
26	COL5A2	71.11774	3.4270349	0.0	0.0
26	SPARC	69.763245	3.0228298	0.0	0.0
26	COL6A1	65.763504	2.6722753	0.0	0.0
26	HTRA1	63.50721	2.0243256	0.0	0.0
26	COL6A2	61.081596	2.3055568	0.0	0.0
26	FN1	60.915665	2.634173	0.0	0.0
26	COL6A3	60.698513	2.9436564	0.0	0.0
26	BGN	59.79192	2.080214	0.0	0.0
26	COL1A1	59.21061	5.0111375	0.0	0.0
26	TIMP2	57.929714	1.9199216	0.0	0.0
26	TGFBI	53.95866	3.087468	0.0	0.0
26	MT-ND2	53.06475	1.8089749	0.0	0.0
26	MXRA5	51.56514	3.2823415	0.0	0.0
26	MT-ND4	51.299427	1.4427131	0.0	0.0
26	FSTL1	51.115395	2.251839	0.0	0.0
26	TNC	50.341763	3.5403461	0.0	0.0
26	AHNAK	50.170288	1.6225733	0.0	0.0
26	DST	46.901077	1.530597	0.0	0.0
26	ISLR	45.31271	1.9509424	0.0	0.0
26	AEBP1	44.37924	1.7874197	0.0	0.0
26	ASPN	44.34502	3.3634374	0.0	0.0
26	PSAP	43.780296	0.9880325	0.0	0.0
26	LTBP2	43.72603	2.3905225	0.0	0.0
26	MT-ND5	43.607635	1.4756938	0.0	0.0
26	COL12A1	42.203384	2.9143343	0.0	0.0
26	DPT	41.406696	2.6299045	0.0	0.0
26	MT-ND1	41.235336	1.2183611	0.0	0.0
26	COL11A1	40.589626	1.7866614	0.0	0.0
26	LOXL2	40.020515	2.4870393	0.0	0.0
26	LRP1	39.27843	1.3914095	0.0	0.0
26	ADAMTS2	38.572784	2.9667602	0.0	0.0
26	CRTAC1	38.132874	2.1540217	0.0	0.0
26	ITGB5	38.060368	1.8497142	0.0	0.0
26	LRRC15	37.776833	3.5348988	0.0	0.0
26	PLXDC2	37.594234	1.3778156	2.67052167865015e-309	1.3640678555808846e-307
26	FMOD	37.439377	1.6083529	8.944145010439366e-307	4.5059704064008e-305
26	NBL1	36.899063	2.4326358	4.783440085332891e-298	2.3147234412928855e-296
26	LTBP1	36.817715	2.3592584	9.614103533502009e-297	4.631982719874571e-295
26	ANGPTL2	36.714993	1.8199657	4.210469477512449e-295	2.0110004218785648e-293
26	APP	36.301914	1.4611771	1.509321063982538e-288	7.086101829327379e-287
26	MT-ND4L	35.916203	1.5362581	1.7064384208962181e-282	7.779807891631394e-281
26	PCOLCE	35.870056	1.6793358	8.954220457283338e-282	4.015931475821425e-280
26	MT-ATP8	35.856136	2.35698	1.4755781947998373e-281	6.591115070132229e-280
26	ABI3BP	35.303158	1.573467	5.2524577029380245e-273	2.2288602244813548e-271
26	THBS2	35.077538	2.2326918	1.4835477105643317e-269	6.223567258804666e-268
26	FNDC1	35.02939	3.0813544	8.032944620539315e-269	3.357101439333722e-267
26	MT-ND6	34.912056	2.071315	4.878950803493143e-267	2.016084802057672e-265
27	ACAN	70.24749	3.003574	0.0	0.0
27	MT1X	64.24354	2.6764467	0.0	0.0
27	COMP	63.68578	3.0299928	0.0	0.0
27	WWP2	63.05227	2.4668949	0.0	0.0
27	PRELP	61.8686	2.7494905	0.0	0.0
27	COL9A3	60.940224	2.636985	0.0	0.0
27	ABI3BP	60.78509	2.5147367	0.0	0.0
27	APOD	59.185562	3.0858405	0.0	0.0
27	COL2A1	58.82083	2.873105	0.0	0.0
27	CILP	58.735916	2.794522	0.0	0.0
27	SLC14A1	58.56845	2.7919877	0.0	0.0
27	CP	55.76516	2.3676033	0.0	0.0
27	FOS	54.19073	2.4346333	0.0	0.0
27	RBP4	50.13889	2.128891	0.0	0.0
27	ANGPTL5	49.025017	2.2534554	0.0	0.0
27	DDX17	48.189342	1.712215	0.0	0.0
27	TXNIP	47.877777	1.896827	0.0	0.0
27	N4BP2L2	46.955593	1.7157137	0.0	0.0
27	RPS11	46.22702	0.90691286	0.0	0.0
27	S100B	46.161297	1.8497648	0.0	0.0
27	RPL38	45.940964	0.9325841	0.0	0.0
27	PNISR	45.135445	1.6565017	0.0	0.0
27	VCAN	44.237823	1.7035211	0.0	0.0
27	CAPS	44.103184	1.7499423	0.0	0.0
27	RPS25	43.762547	0.8409134	0.0	0.0
27	RPS28	43.205963	0.96119636	0.0	0.0
27	LPP	42.589314	1.9874551	0.0	0.0
27	CHAD	42.463543	1.784582	0.0	0.0
27	ENPP1	42.01865	1.7717518	0.0	0.0
27	HBB	41.748962	2.4568887	0.0	0.0
27	TRPS1	38.79674	1.5842932	0.0	0.0
27	NDRG2	38.774525	2.2939131	0.0	0.0
27	COL11A1	38.543167	1.4077753	0.0	0.0
27	EIF3H	38.431503	1.1275865	0.0	0.0
27	OMD	37.721725	2.0014117	0.0	0.0
27	RPL37A	36.54778	0.52513176	1.934110893994792e-292	2.667380686680567e-290
27	OGN	36.24019	1.6980381	1.4184223254305955e-287	1.885476327286236e-285
27	ZFP36	36.12902	1.4878074	7.945178573860095e-286	1.0435613714928384e-283
27	RPL41	36.06848	1.1981062	7.079073436548568e-285	8.977404278786247e-283
27	RPL8	36.067482	0.73958707	7.338658454216427e-285	9.200843036973846e-283
27	S100A1	35.91266	1.4219378	1.938284439762129e-282	2.376121358210619e-280
27	FGFBP2	35.666904	1.7131582	1.2888924771999635e-278	1.545690293581217e-276
27	NKTR	35.58169	1.9481418	2.689308382879715e-277	3.1565041902459466e-275
27	RPL39	35.55783	0.74795854	6.288159488433228e-277	7.302869856408823e-275
27	ITGA10	35.136574	1.6862032	1.863988309731311e-270	2.0985084715577097e-268
27	EEF1A1	34.79801	0.58934295	2.606598405758906e-265	2.904909112195758e-263
27	ZRANB2	34.68545	1.4256307	1.3056057340269683e-263	1.4262126795563903e-261
27	RPL30	34.508087	0.71476257	6.066759507918936e-261	6.498500742802876e-259
27	COL9A2	34.29125	1.4414544	1.0597445689416229e-257	1.092725404591862e-255
27	XYLT1	34.24944	1.8138815	4.446245382781098e-257	4.5421690100207275e-255
28	RPL41	99.024055	3.1591089	0.0	0.0
28	RPS28	97.01299	2.456035	0.0	0.0
28	RPL36	95.954216	2.247606	0.0	0.0
28	PPDPF	95.94126	3.1960304	0.0	0.0
28	RPS15A	95.60827	2.564909	0.0	0.0
28	RPL39	93.185135	2.3629405	0.0	0.0
28	RPS17	93.04149	3.5335307	0.0	0.0
28	NBEAL1	92.9863	4.334786	0.0	0.0
28	RPS27	92.6968	2.380814	0.0	0.0
28	RPS26	92.64835	2.5041168	0.0	0.0
28	RPL13A	87.98293	1.867086	0.0	0.0
28	RPL38	86.4402	1.9875506	0.0	0.0
28	RPS25	86.29484	1.9060822	0.0	0.0
28	RPL32	86.2076	1.6007946	0.0	0.0
28	RPL35	86.14689	1.9998562	0.0	0.0
28	RPL37A	84.896866	1.5140854	0.0	0.0
28	RPS15	84.141365	1.7705151	0.0	0.0
28	RPL12	84.108635	1.8967224	0.0	0.0
28	RPLP2	83.64532	1.5935212	0.0	0.0
28	RPL7	82.79284	1.8580343	0.0	0.0
28	RPL27A	81.89412	1.4648566	0.0	0.0
28	RPL15	80.64755	1.3069735	0.0	0.0
28	RPL18A	80.55159	1.807332	0.0	0.0
28	RPL21	80.53084	1.7720019	0.0	0.0
28	RPS2	79.970955	1.6110485	0.0	0.0
28	SEC61G	79.786385	2.2494085	0.0	0.0
28	BNIP3	79.59029	2.6291325	0.0	0.0
28	RPS14	79.567665	1.4748105	0.0	0.0
28	RPS29	79.44653	1.5873926	0.0	0.0
28	EEF1D	78.81182	2.1489902	0.0	0.0
28	RPL10	78.46571	1.7980254	0.0	0.0
28	RPL28	77.348976	1.9961172	0.0	0.0
28	COX7C	76.09144	1.7541354	0.0	0.0
28	GAPDH	75.752106	2.177473	0.0	0.0
28	SERPINE2	75.50586	3.0563028	0.0	0.0
28	MRPS6	75.37558	3.0759373	0.0	0.0
28	MT2A	75.321526	3.150299	0.0	0.0
28	RPS19	74.784	1.4787596	0.0	0.0
28	RPL34	74.56106	1.2729183	0.0	0.0
28	SPP1	74.25649	4.8170815	0.0	0.0
28	RPL23A	74.154526	1.6591358	0.0	0.0
28	RPL35A	74.0876	1.3299909	0.0	0.0
28	TOMM7	74.07298	1.6428717	0.0	0.0
28	RPL26	73.40087	2.0089467	0.0	0.0
28	SOD2	73.3781	3.2771726	0.0	0.0
28	CIRBP	72.81128	2.0893846	0.0	0.0
28	EIF3E	72.69925	2.0855622	0.0	0.0
28	EIF1	72.30115	1.3467852	0.0	0.0
28	TMEM258	71.05489	1.7800517	0.0	0.0
28	EIF4A2	70.94594	1.981711	0.0	0.0
29	SRGN	101.034615	8.9535265	0.0	0.0
29	NAMPT	98.733665	7.0889106	0.0	0.0
29	CXCL8	97.503845	10.355888	0.0	0.0
29	B2M	95.64672	3.0465355	0.0	0.0
29	C5AR1	94.23097	10.181775	0.0	0.0
29	IFITM2	93.97562	4.6306424	0.0	0.0
29	BCL2A1	93.96565	9.241811	0.0	0.0
29	SAT1	93.73012	4.422148	0.0	0.0
29	LCP1	92.169365	9.141652	0.0	0.0
29	G0S2	90.62056	8.105317	0.0	0.0
29	HLA-B	90.44675	4.281884	0.0	0.0
29	LITAF	89.06299	5.1118016	0.0	0.0
29	SOD2	88.61106	4.584923	0.0	0.0
29	HLA-C	87.72678	3.5677567	0.0	0.0
29	BASP1	84.42782	5.950357	0.0	0.0
29	ACTB	83.17359	2.2550383	0.0	0.0
29	PLAUR	83.04358	5.4330077	0.0	0.0
29	CD55	80.88753	4.379468	0.0	0.0
29	MCL1	78.39905	3.7959156	0.0	0.0
29	MXD1	77.23785	5.5855155	0.0	0.0
29	HLA-A	74.38489	2.8559208	0.0	0.0
29	SDCBP	74.084595	3.9275959	0.0	0.0
29	RGS2	73.75355	4.51061	0.0	0.0
29	CTSS	72.90067	7.165665	0.0	0.0
29	SMAP2	69.82018	6.5143642	0.0	0.0
29	TNFAIP3	69.542465	6.65915	0.0	0.0
29	RNF149	65.08505	5.3102455	0.0	0.0
29	HLA-E	64.02532	3.6166215	0.0	0.0
29	NFKBIA	63.47945	3.3062694	0.0	0.0
29	IVNS1ABP	63.283596	3.3195693	0.0	0.0
29	EVI2B	62.570274	7.4169927	0.0	0.0
29	ACTG1	60.625835	1.6473395	0.0	0.0
29	PTGS2	60.303146	3.9343402	0.0	0.0
29	NCF2	58.350235	7.486019	0.0	0.0
29	RAC2	58.117268	6.5566726	0.0	0.0
29	GCA	58.005787	5.85027	0.0	0.0
29	VNN2	57.757988	9.162574	0.0	0.0
29	LYZ	54.132538	5.757246	0.0	0.0
29	IER3	53.611717	2.7545211	0.0	0.0
29	SYAP1	52.009083	3.774733	0.0	0.0
29	IL1R2	51.42521	8.998385	0.0	0.0
29	FCER1G	50.953304	6.1693797	0.0	0.0
29	GLUL	50.885513	3.7617607	0.0	0.0
29	SLC2A3	50.46606	5.164858	0.0	0.0
29	S100P	50.40337	7.0103855	0.0	0.0
29	TMSB4X	50.15912	2.2590878	0.0	0.0
29	LAPTM5	49.435677	5.806179	0.0	0.0
29	ZFP36	48.94189	2.7517138	0.0	0.0
29	FGD4	48.600647	6.382031	0.0	0.0
29	ARHGDIB	48.33552	4.720429	0.0	0.0
30	FTH1	87.47257	4.692448	0.0	0.0
30	FTL	86.24122	2.7887955	0.0	0.0
30	RPL17	86.23556	4.0317664	0.0	0.0
30	CHI3L1	85.1811	5.306292	0.0	0.0
30	GAS6	85.12511	3.8188257	0.0	0.0
30	IGFBP4	83.109	4.030463	0.0	0.0
30	GABARAP	81.61957	3.7005389	0.0	0.0
30	RPS27L	80.220245	2.721478	0.0	0.0
30	RPS19	79.55485	1.6057979	0.0	0.0
30	RPS2	78.52346	1.6395526	0.0	0.0
30	GPX4	78.299866	2.7481375	0.0	0.0
30	RPL7A	77.263214	1.7542777	0.0	0.0
30	RPL36A	77.0165	2.7760873	0.0	0.0
30	GAPDH	76.12059	2.2799797	0.0	0.0
30	RNASEK	75.98824	3.8049166	0.0	0.0
30	RPL29	75.13138	1.7250673	0.0	0.0
30	EEF1A1	74.706985	1.3565326	0.0	0.0
30	CTSD	74.633224	2.6554427	0.0	0.0
30	PTX3	74.54571	3.9090369	0.0	0.0
30	MGST1	74.372734	3.3931928	0.0	0.0
30	TPM2	74.280685	2.8571062	0.0	0.0
30	EIF4A1	74.015526	3.287497	0.0	0.0
30	TIMP1	73.9956	2.3109932	0.0	0.0
30	RPLP0	73.61677	1.4213313	0.0	0.0
30	CD151	73.61417	2.6245937	0.0	0.0
30	PDLIM2	73.400986	2.819084	0.0	0.0
30	CD63	73.175606	2.0985632	0.0	0.0
30	TPT1	73.139	1.4574897	0.0	0.0
30	GYPC	71.76037	2.8736105	0.0	0.0
30	PLTP	71.15108	4.3094916	0.0	0.0
30	RPL26	70.93263	1.9936329	0.0	0.0
30	NDUFA13	70.89705	2.477898	0.0	0.0
30	RPL10A	70.84074	1.6146992	0.0	0.0
30	RPS18	70.055405	1.4291129	0.0	0.0
30	RPL3	69.98111	1.4930102	0.0	0.0
30	RPL28	69.08111	1.9038043	0.0	0.0
30	RPSA	68.52838	1.7598386	0.0	0.0
30	NNMT	68.49629	2.1115608	0.0	0.0
30	EIF3F	68.48799	2.242157	0.0	0.0
30	MYL12A	68.26839	2.2425387	0.0	0.0
30	RPL14	68.11693	1.3249047	0.0	0.0
30	PRSS23	67.80021	3.0107992	0.0	0.0
30	TMSB10	67.74121	2.8160872	0.0	0.0
30	PPIA	67.53249	1.5679221	0.0	0.0
30	MDK	66.70457	3.7888823	0.0	0.0
30	VIM	66.544624	1.7705526	0.0	0.0
30	NACA	66.129616	1.475575	0.0	0.0
30	TAF10	66.07714	2.8950899	0.0	0.0
30	S100A11	66.04694	1.8533564	0.0	0.0
30	HEBP2	65.98643	2.263064	0.0	0.0
31	CD63	88.30537	2.90065	0.0	0.0
31	BAG1	87.873314	3.9041843	0.0	0.0
31	PERP	85.25825	3.550208	0.0	0.0
31	CAMK2N1	84.52039	4.0354066	0.0	0.0
31	FTH1	84.15399	4.611566	0.0	0.0
31	VIM	82.95779	2.486	0.0	0.0
31	GABARAP	82.178444	3.7194324	0.0	0.0
31	THY1	82.04134	3.4789634	0.0	0.0
31	ATP6V0E1	77.47264	2.3697958	0.0	0.0
31	FTL	76.469505	2.4124777	0.0	0.0
31	CAV1	75.97333	2.8145864	0.0	0.0
31	CD59	75.51361	2.467781	0.0	0.0
31	NDUFV2	75.51022	2.8118486	0.0	0.0
31	CTSA	75.41963	2.8769553	0.0	0.0
31	EIF4A1	75.03581	3.2749188	0.0	0.0
31	CLTA	74.84545	2.3340228	0.0	0.0
31	TPM2	74.3882	2.9381697	0.0	0.0
31	ARPC1B	74.278305	2.9434798	0.0	0.0
31	SUMO2	74.20222	1.9285512	0.0	0.0
31	BASP1	74.07708	3.028267	0.0	0.0
31	HOMER3	74.03898	3.0148988	0.0	0.0
31	PRSS23	73.84893	3.4274495	0.0	0.0
31	TSPAN5	73.4217	3.0410836	0.0	0.0
31	KDELR1	72.9734	2.014241	0.0	0.0
31	ARHGAP29	72.93942	2.8430636	0.0	0.0
31	MRPS24	72.882996	3.0793457	0.0	0.0
31	BRI3	72.36867	2.424377	0.0	0.0
31	TRAPPC5	72.35073	3.0539477	0.0	0.0
31	PDLIM2	71.91431	2.6119168	0.0	0.0
31	UBE2V1	71.85873	2.935798	0.0	0.0
31	BAX	71.72727	2.6280406	0.0	0.0
31	LOXL1	71.625534	3.0959654	0.0	0.0
31	FBN1	71.553535	2.7494917	0.0	0.0
31	GAPDH	71.25812	2.1792717	0.0	0.0
31	PEBP1	71.2089	1.8752465	0.0	0.0
31	MAP1B	71.0611	3.0100713	0.0	0.0
31	KHDRBS3	70.89036	3.0919535	0.0	0.0
31	MGAT4B	70.80123	2.861469	0.0	0.0
31	MYL12A	70.728294	2.3242893	0.0	0.0
31	PSMA6	70.683815	2.9777753	0.0	0.0
31	AHNAK2	70.65671	2.8634784	0.0	0.0
31	MYOF	70.62619	2.863628	0.0	0.0
31	ARL4C	70.524475	3.2873163	0.0	0.0
31	ARPC1A	70.52362	2.4499714	0.0	0.0
31	PARK7	70.4795	1.8435793	0.0	0.0
31	NTAN1	70.336845	2.6342163	0.0	0.0
31	MGST1	70.28016	3.0828083	0.0	0.0
31	RTN4	70.24641	2.1901007	0.0	0.0
31	MRPS6	70.077446	2.4527452	0.0	0.0
31	PSMA2	70.02413	2.6186016	0.0	0.0
32	RPL36A	77.005066	3.004424	0.0	0.0
32	RPL39	70.00398	1.7717471	0.0	0.0
32	IGFBP4	68.9667	3.3922954	0.0	0.0
32	RPL17	68.66259	3.3734672	0.0	0.0
32	MGST1	68.24543	3.2238178	0.0	0.0
32	RPS27L	67.21104	2.3717477	0.0	0.0
32	RPL41	66.878075	2.1241043	0.0	0.0
32	TMSB10	66.30429	2.863879	0.0	0.0
32	GAS6	66.23246	3.0295444	0.0	0.0
32	RPL37	65.173325	1.2127345	0.0	0.0
32	FTH1	64.97657	3.705193	0.0	0.0
32	KRTCAP2	64.32925	2.4477363	0.0	0.0
32	GABARAP	63.78658	2.9556532	0.0	0.0
32	RNASEK	63.513073	3.3010397	0.0	0.0
32	COX7C	63.138397	1.5258209	0.0	0.0
32	RPS19	63.088974	1.3863307	0.0	0.0
32	RPS28	63.001617	1.5568546	0.0	0.0
32	RPL26	62.750465	1.8865414	0.0	0.0
32	BASP1	62.722652	2.6803086	0.0	0.0
32	UQCR11	62.601852	2.0230734	0.0	0.0
32	NDUFA13	62.309376	2.210218	0.0	0.0
32	C1R	61.96053	2.2927938	0.0	0.0
32	CHI3L1	61.89624	4.014901	0.0	0.0
32	TRAPPC5	60.895367	2.800262	0.0	0.0
32	COX16	60.6675	2.615308	0.0	0.0
32	PLTP	60.584217	3.6532838	0.0	0.0
32	GPX4	60.28715	2.1704383	0.0	0.0
32	RPL28	60.113148	1.7831941	0.0	0.0
32	CAMK2N1	60.067753	2.7145464	0.0	0.0
32	POLR2L	59.869644	2.1369095	0.0	0.0
32	RPS15A	59.84727	1.6453524	0.0	0.0
32	PTX3	59.709312	3.5441124	0.0	0.0
32	MRPS24	59.699986	2.733644	0.0	0.0
32	ITGB1	59.46502	2.0526984	0.0	0.0
32	RPL36	59.398304	1.2950608	0.0	0.0
32	CTHRC1	58.97418	2.8226082	0.0	0.0
32	PDLIM2	58.641903	2.2519393	0.0	0.0
32	GYPC	58.48643	2.2537684	0.0	0.0
32	LIMA1	58.35159	2.3609424	0.0	0.0
32	DAB2	58.313812	2.1731367	0.0	0.0
32	CALD1	58.118397	2.1297305	0.0	0.0
32	GPNMB	58.05779	2.7531374	0.0	0.0
32	EIF4A1	57.671837	2.483985	0.0	0.0
32	S100A6	57.58171	1.7308369	0.0	0.0
32	TOMM5	57.452507	2.400464	0.0	0.0
32	CTSD	57.05015	2.111082	0.0	0.0
32	ZFP36L1	56.733707	2.2363205	0.0	0.0
32	PET100	56.733597	2.2035954	0.0	0.0
32	UBE2V1	56.647717	2.5314777	0.0	0.0
32	RPS17	56.514957	2.1726942	0.0	0.0
33	FMOD	75.327515	3.3828719	0.0	0.0
33	ABI3BP	73.72901	3.8662655	0.0	0.0
33	NDUFA4L2	71.16702	2.9478498	0.0	0.0
33	PRELP	70.00813	3.4972272	0.0	0.0
33	COMP	69.477806	3.7006028	0.0	0.0
33	BGN	69.15512	2.7069619	0.0	0.0
33	SPARC	68.72345	3.3570766	0.0	0.0
33	CLU	68.598816	3.1283734	0.0	0.0
33	CILP	67.432495	4.3648896	0.0	0.0
33	CHAD	66.66163	3.5896168	0.0	0.0
33	IGFBP7	65.11389	2.7025168	0.0	0.0
33	COL2A1	63.6545	3.7274544	0.0	0.0
33	PLOD2	62.22715	2.108173	0.0	0.0
33	CRIP2	62.03683	2.9985871	0.0	0.0
33	TPI1	61.68059	1.9047985	0.0	0.0
33	FGFBP2	61.210224	3.0903242	0.0	0.0
33	LUM	59.93883	2.087274	0.0	0.0
33	FXYD6	59.82452	2.405272	0.0	0.0
33	SERPINA1	59.666546	2.7374713	0.0	0.0
33	PRG4	58.336155	4.5463133	0.0	0.0
33	DCN	58.260937	2.0449998	0.0	0.0
33	OGN	58.1854	2.882789	0.0	0.0
33	SERPINA5	57.759674	2.5907645	0.0	0.0
33	TSPAN2	56.189877	3.254889	0.0	0.0
33	HAPLN1	54.565346	2.3160563	0.0	0.0
33	SLC29A1	53.889973	2.4534976	0.0	0.0
33	VCAN	51.325737	2.3878598	0.0	0.0
33	RPL31	50.88686	1.47789	0.0	0.0
33	MFGE8	50.88182	1.9232707	0.0	0.0
33	RPL23A	50.15277	1.3799516	0.0	0.0
33	RGCC	49.445934	2.1800823	0.0	0.0
33	CA9	48.605892	3.0149252	0.0	0.0
33	TGFBI	48.21406	2.5296595	0.0	0.0
33	COL11A1	48.185463	2.061517	0.0	0.0
33	S100A1	47.55026	2.0489872	0.0	0.0
33	HTRA1	47.504578	1.6098433	0.0	0.0
33	CAPS	47.084225	2.1374316	0.0	0.0
33	RPS27	46.871273	1.2605418	0.0	0.0
33	LDHA	46.82169	1.2539681	0.0	0.0
33	AEBP1	46.55775	1.8648578	0.0	0.0
33	PCBP1	45.30206	1.5842534	0.0	0.0
33	NGF	44.270153	3.9246268	0.0	0.0
33	EMP3	42.964546	1.4608456	0.0	0.0
33	MORF4L1	42.890774	1.117743	0.0	0.0
33	LOXL2	42.52848	2.7427108	0.0	0.0
33	TNFRSF11B	41.69131	2.168116	0.0	0.0
33	PMEPA1	41.65447	1.721718	0.0	0.0
33	DPT	41.483887	2.6804826	0.0	0.0
33	RRBP1	41.4228	1.4086632	0.0	0.0
33	FHL1	41.208553	1.8454288	0.0	0.0
34	SERPINF1	66.94684	6.2014976	0.0	0.0
34	GSN	65.73543	3.39303	0.0	0.0
34	FBLN1	59.580765	5.5870404	0.0	0.0
34	SERPING1	58.495872	2.838612	0.0	0.0
34	SPARCL1	55.804333	5.381836	0.0	0.0
34	C1R	53.738758	3.0636365	0.0	0.0
34	CST3	52.92819	1.5258683	0.0	0.0
34	LTBP4	49.47448	4.3316917	0.0	0.0
34	TCF4	47.888996	2.4286728	0.0	0.0
34	C1S	47.84819	2.2453897	0.0	0.0
34	CD9	46.42805	2.0179918	0.0	0.0
34	ITM2B	46.35155	1.0728707	0.0	0.0
34	IGFBP6	43.60422	2.984275	0.0	0.0
34	PLA2G2A	43.12038	4.0626144	0.0	0.0
34	IGFBP5	43.077896	3.0152535	0.0	0.0
34	CALD1	43.049393	1.8343352	0.0	0.0
34	IFITM3	42.887928	1.5067537	0.0	0.0
34	APOD	42.17185	3.9538975	0.0	0.0
34	MT-ND3	40.148087	1.4410722	0.0	0.0
34	IGFBP7	40.084106	1.6193103	0.0	0.0
34	NFIB	39.690796	3.329547	0.0	0.0
34	HBB	39.36577	3.1778848	0.0	0.0
34	LRP1	37.259235	1.4822907	7.509454185242865e-304	1.2945595004028834e-301
34	CFH	37.05936	3.4503942	1.2692650653543022e-300	2.090119621799107e-298
34	COL14A1	36.756657	2.8300393	9.101052358760992e-296	1.4142522630170427e-293
34	PDGFRA	36.51946	2.472909	5.447097199738817e-292	8.121327487124104e-290
34	THBS4	36.41314	4.8286595	2.637526122949855e-290	3.779198144741006e-288
34	METTL7A	36.370274	3.671388	1.2566281292312862e-289	1.7330472687260976e-287
34	COL12A1	36.336803	2.6740453	4.246605500871329e-289	5.784296110013996e-287
34	PDGFRL	35.34216	2.45681	1.3231404612452413e-273	1.6220231898798608e-271
34	TXNIP	35.078506	1.8673683	1.4338059983177143e-269	1.7009872666063809e-267
34	IFI16	33.792828	2.3945265	2.5138403941772588e-250	2.616528402731858e-248
34	ZFP36L1	33.683	1.7345556	1.0255484617596327e-248	1.0476737202401877e-246
34	N4BP2L2	33.630775	1.5751874	5.956141177511298e-248	6.028817028576344e-246
34	THBS2	31.809917	2.3778841	4.720528946505902e-222	4.0373330129302026e-220
34	RPL39	31.558302	0.9145949	1.3794769080475694e-218	1.1191006416535906e-216
34	EPB41L2	31.555016	1.8207688	1.530406331945722e-218	1.2324797854275292e-216
34	PRRX1	31.539865	2.03297	2.469395508093468e-218	1.9742638145503793e-216
34	NFIA	31.393932	1.8319013	2.448433257260325e-216	1.915855611869019e-214
34	PDGFRB	31.066454	3.2106957	6.839948825928176e-212	5.133684040575889e-210
34	PIK3R1	30.883345	2.296389	1.9991649991564934e-209	1.470452495712906e-207
34	NTRK2	30.74655	3.0677257	1.3598182545861925e-207	9.935678677383751e-206
34	NR2F2	29.813997	3.385481	2.5727059290977334e-195	1.659921901504988e-193
34	GPNMB	29.54396	2.3764555	7.85168279280695e-192	4.922023650740858e-190
34	COL1A1	29.506117	1.2915335	2.4030499112606097e-191	1.4894859365695676e-189
34	PLPP3	29.32003	2.803434	5.761851878325999e-189	3.4177694501919755e-187
34	DDX17	29.046436	1.3009439	1.7068767352790667e-185	9.859670691274315e-184
34	PNISR	28.757715	1.3935387	7.253554074040997e-182	4.0623584821773765e-180
34	MXRA8	28.66487	1.5505651	1.0463197638154805e-180	5.801028117676481e-179
34	MARCKS	28.19223	1.627769	7.281736010068944e-175	3.8439901147890265e-173
35	LYZ	84.36684	9.843497	0.0	0.0
35	SRGN	70.94956	6.322014	0.0	0.0
35	CD24	68.01817	6.5559344	0.0	0.0
35	GCA	67.07802	6.380889	0.0	0.0
35	LCP1	64.601326	6.5549254	0.0	0.0
35	ARHGDIB	63.218884	5.6177096	0.0	0.0
35	ACTB	61.78824	1.9212589	0.0	0.0
35	SERPINB1	61.589104	4.4015	0.0	0.0
35	S100P	61.178154	7.174788	0.0	0.0
35	RAC2	60.72176	6.456016	0.0	0.0
35	PFN1	59.809837	2.4577067	0.0	0.0
35	BPI	59.381447	7.972113	0.0	0.0
35	HMGB2	58.291893	3.6410744	0.0	0.0
35	HSP90AA1	57.8523	2.1134439	0.0	0.0
35	HBB	57.568645	4.689603	0.0	0.0
35	FAM107B	56.26102	4.445646	0.0	0.0
35	TMSB4X	55.593605	2.815518	0.0	0.0
35	LAPTM5	53.787003	5.673649	0.0	0.0
35	MT-ND3	53.5466	2.0808399	0.0	0.0
35	ACTR2	52.291286	2.8151395	0.0	0.0
35	CFL1	52.20074	1.97438	0.0	0.0
35	TKT	51.89469	3.2337444	0.0	0.0
35	MT-ND1	51.789772	1.9362012	0.0	0.0
35	FCER1G	51.773083	5.952495	0.0	0.0
35	BASP1	51.404675	3.4346077	0.0	0.0
35	PABPC1	49.970825	1.6413188	0.0	0.0
35	MT-CO3	49.363884	1.8131464	0.0	0.0
35	HLA-B	49.35025	2.363382	0.0	0.0
35	RAB27A	49.23572	4.559474	0.0	0.0
35	GMFG	48.4858	5.5346904	0.0	0.0
35	HSPA1A	48.121193	2.5860257	0.0	0.0
35	RTN3	47.914433	3.0239444	0.0	0.0
35	LCN2	47.67999	6.664449	0.0	0.0
35	HSPH1	47.429783	2.6037648	0.0	0.0
35	PGD	47.16546	4.347251	0.0	0.0
35	TPM3	47.087746	2.297341	0.0	0.0
35	HBA2	47.00565	4.370536	0.0	0.0
35	MT-CO2	46.36746	1.7208686	0.0	0.0
35	ARPC5	45.850098	2.3058999	0.0	0.0
35	PLAC8	45.573647	8.2891245	0.0	0.0
35	HLA-A	44.6884	1.68085	0.0	0.0
35	CDA	43.76577	6.1426616	0.0	0.0
35	RAB31	43.57932	3.345999	0.0	0.0
35	YWHAB	42.876312	1.9981914	0.0	0.0
35	ACTR3	42.594395	2.4463437	0.0	0.0
35	CNN2	41.557915	4.0776396	0.0	0.0
35	LBR	41.411877	4.2144217	0.0	0.0
35	BCL2A1	40.924854	4.3476524	0.0	0.0
35	B4GALT5	40.902584	4.2406173	0.0	0.0
35	HBA1	40.706245	4.0715904	0.0	0.0
36	SPARCL1	71.85631	6.830502	0.0	0.0
36	IFI27	70.033485	6.858724	0.0	0.0
36	B2M	67.33253	1.8916684	0.0	0.0
36	IFITM3	63.15575	2.3591595	0.0	0.0
36	GNG11	63.079323	3.8719482	0.0	0.0
36	HLA-E	62.929237	3.0675738	0.0	0.0
36	HLA-B	59.224316	2.2873151	0.0	0.0
36	A2M	59.007637	3.5765302	0.0	0.0
36	AQP1	58.42176	5.5078444	0.0	0.0
36	SPTBN1	58.25178	2.9753692	0.0	0.0
36	COL4A1	57.328037	5.76428	0.0	0.0
36	ITGA6	57.1639	5.434315	0.0	0.0
36	TMSB10	56.973827	2.588192	0.0	0.0
36	CD34	56.78185	8.169859	0.0	0.0
36	SYNE2	54.73261	4.475524	0.0	0.0
36	CRIP2	54.65894	2.8626413	0.0	0.0
36	ENG	54.60345	4.3445783	0.0	0.0
36	PODXL	54.388123	7.511351	0.0	0.0
36	TMSB4X	54.076817	2.7844076	0.0	0.0
36	GSN	51.799305	2.120122	0.0	0.0
36	TCF4	51.712708	2.4704556	0.0	0.0
36	IFITM2	50.449837	2.0408945	0.0	0.0
36	NPDC1	50.23619	3.27674	0.0	0.0
36	ELK3	50.04937	3.2149491	0.0	0.0
36	EPAS1	49.335896	3.1903293	0.0	0.0
36	FLT1	49.054104	4.0609317	0.0	0.0
36	COL15A1	48.959003	4.0696487	0.0	0.0
36	HLA-C	48.751118	1.6122546	0.0	0.0
36	PTMA	48.73432	1.0982189	0.0	0.0
36	FKBP1A	48.72209	2.4926827	0.0	0.0
36	MT-ND2	48.388023	1.7632914	0.0	0.0
36	UTRN	48.35734	3.1527095	0.0	0.0
36	IGFBP4	47.671844	2.7936146	0.0	0.0
36	CD74	47.506092	5.0930815	0.0	0.0
36	TIE1	46.800747	8.905722	0.0	0.0
36	PLXND1	46.59626	4.1020885	0.0	0.0
36	ADAM15	46.44182	4.0453973	0.0	0.0
36	MEF2C	45.834362	3.2783113	0.0	0.0
36	IGFBP7	45.28984	1.8899037	0.0	0.0
36	NFIB	45.028458	3.358423	0.0	0.0
36	MYH9	44.917812	2.465374	0.0	0.0
36	HYAL2	44.606766	3.9950278	0.0	0.0
36	IFI16	43.51526	2.71162	0.0	0.0
36	COL18A1	43.306297	3.8900907	0.0	0.0
36	TGFBR2	43.242294	2.295651	0.0	0.0
36	ECE1	42.824257	3.8955953	0.0	0.0
36	LPAR6	42.816113	6.5931773	0.0	0.0
36	MT-ND1	41.942505	1.4525096	0.0	0.0
36	TM4SF1	41.78964	2.2158892	0.0	0.0
36	BMPR2	41.563496	3.0839071	0.0	0.0
37	CD74	72.47381	8.07998	0.0	0.0
37	LAPTM5	64.50472	6.3121557	0.0	0.0
37	SRGN	62.64871	4.5789437	0.0	0.0
37	B2M	62.420826	1.808396	0.0	0.0
37	MT-ND1	61.435905	2.291081	0.0	0.0
37	HLA-DRB1	59.202866	6.6296864	0.0	0.0
37	MT-ATP6	57.173023	1.9262551	0.0	0.0
37	MT-ND2	56.99879	2.2758949	0.0	0.0
37	MT-ND3	56.94467	2.3276725	0.0	0.0
37	HLA-B	55.624207	2.2541244	0.0	0.0
37	CTSS	55.345215	5.316526	0.0	0.0
37	MT-CO3	54.68454	1.9775624	0.0	0.0
37	MT-CO1	53.57455	2.2345674	0.0	0.0
37	MT-CO2	53.229107	1.9504132	0.0	0.0
37	ARHGDIB	53.14357	4.211001	0.0	0.0
37	HLA-DPA1	53.080875	5.647367	0.0	0.0
37	LCP1	53.003548	4.8375645	0.0	0.0
37	MT-ND4	51.74148	1.7935827	0.0	0.0
37	MT-CYB	51.592678	1.8804735	0.0	0.0
37	FCER1G	51.25067	6.0133343	0.0	0.0
37	HLA-DPB1	48.31547	4.5073247	0.0	0.0
37	TMSB4X	47.796715	2.522812	0.0	0.0
37	HLA-E	47.740353	2.1635323	0.0	0.0
37	LYZ	45.923943	5.4298205	0.0	0.0
37	TNFAIP3	45.60023	4.2205043	0.0	0.0
37	VAMP8	45.156834	4.502882	0.0	0.0
37	PABPC1	44.82336	1.4969264	0.0	0.0
37	MT-ND5	43.14473	1.7949444	0.0	0.0
37	CXCL8	41.66523	4.8614492	0.0	0.0
37	GMFG	40.692116	4.1311245	0.0	0.0
37	HLA-DMA	39.713356	4.71766	0.0	0.0
37	NFKBIA	39.427826	2.0117447	0.0	0.0
37	SPI1	39.385967	5.4557867	0.0	0.0
37	REL	38.797474	3.4228256	0.0	0.0
37	HSP90AA1	38.715645	1.637413	0.0	0.0
37	EVI2B	38.528908	4.1595116	0.0	0.0
37	CTSZ	38.261414	2.7026677	0.0	0.0
37	SAMHD1	38.025734	5.0384064	0.0	0.0
37	CYBA	37.60486	2.6023774	1.79056093815017e-309	1.6462715692175667e-307
37	ZEB2	37.575035	3.0700479	5.4980409765665e-309	5.0132137268147265e-307
37	RGS1	37.400677	7.786973	3.809500972766496e-306	3.3357320819470436e-304
37	HLA-C	35.954952	1.1915205	4.2353178453071956e-283	3.3140611196648434e-281
37	RAC2	35.69559	3.6450093	4.6275170044957756e-279	3.5455135493473535e-277
37	HSPH1	35.4919	2.0461516	6.554340707823992e-276	4.853291344256517e-274
37	CD83	35.37162	2.928085	4.664979703380149e-274	3.4085245739995486e-272
37	HCST	35.314327	5.3438907	3.5395941452507605e-273	2.5524406669641593e-271
37	HLA-A	35.271454	1.2664403	1.6091703925630807e-272	1.1528556455291215e-270
37	GPR183	35.131382	4.611534	2.2373754759808857e-270	1.562339470031463e-268
37	TPM3	34.841255	1.534357	5.776106746227363e-266	3.862290044310697e-264
37	CXCL2	34.610138	4.2519617	1.778436494433254e-262	1.1679458239929815e-260
38	SLC4A7	57.634914	4.506613	0.0	0.0
38	DST	51.186504	2.134452	0.0	0.0
38	VMP1	49.422176	3.3831277	0.0	0.0
38	N4BP2L2	45.065372	2.4544296	0.0	0.0
38	POLR2J3	42.630417	5.0453014	0.0	0.0
38	GLS	41.80324	2.3877606	0.0	0.0
38	DDX17	41.313698	2.1151254	0.0	0.0
38	CALD1	41.11259	2.1188664	0.0	0.0
38	NABP1	40.306026	4.046775	0.0	0.0
38	PNISR	39.57689	2.1514375	0.0	0.0
38	TPM1	39.1513	2.0057979	0.0	0.0
38	LIMA1	35.94707	2.4799168	5.623898817672893e-283	1.6815305055659898e-281
38	WSB1	35.864956	1.8347259	1.0752095827983623e-281	3.1718682692551686e-280
38	MACF1	32.544815	2.31016	2.4792114636963648e-232	5.616661207179054e-231
38	NKTR	31.125984	2.543292	1.0721898782585337e-212	2.170545124188331e-211
38	LMO7	27.730362	2.7732284	3.0064413792995315e-169	4.568879853693075e-168
38	FTH1	27.002455	1.4120923	1.3830044481567852e-160	1.973957060351075e-159
38	ABL2	26.515976	2.5604627	6.3422774830557e-155	8.768715221873878e-154
38	LUC7L3	26.471468	1.7282622	2.0658052347687844e-154	2.84544683585568e-153
38	UACA	26.276306	1.9515637	3.578369154604036e-152	4.826423824296617e-151
38	ARHGAP29	25.991165	1.9984305	6.232755187431175e-149	8.215769173587592e-148
38	RND3	25.724846	1.5291626	6.164463281459372e-146	7.954681097583772e-145
38	CCDC14	25.301378	2.4959803	3.0846679134168066e-141	3.823948436935688e-140
38	ARID1B	24.866415	2.4794552	1.7183513788065941e-136	2.0810725315448028e-135
38	HERC4	23.772692	2.7944481	6.401879213498849e-125	7.17804200838748e-124
38	CACNA1A	23.365755	3.991711	9.532085956812078e-121	1.0361330478966271e-119
38	LENG8	23.240833	3.2518263	1.76109077779691e-119	1.895620931847152e-118
38	STXBP5	22.102352	2.7575476	3.0002985549241267e-108	2.908813177194894e-107
38	ZNF207	21.799067	1.8433254	2.3679486305251145e-105	2.2541481657104043e-104
38	ZRANB2	20.73755	1.45903	1.5880766951606215e-95	1.40057955057611e-94
38	DDX39B	20.359709	2.606685	3.808360046062314e-92	3.285194400954301e-91
38	TTC14	20.155672	2.2706606	2.399792310437166e-90	2.0477114123011023e-89
38	ARGLU1	20.082853	1.5554273	1.0423402410872611e-89	8.832672718829303e-89
38	MDM4	20.039446	2.3362164	2.49531187608116e-89	2.1064097879727192e-88
38	LPIN1	19.774584	2.850949	4.9287773396101995e-87	4.064215275629247e-86
38	STX16	19.649622	2.4236412	5.824564463013507e-86	4.742614001507603e-85
38	CCNL2	19.521364	2.4271543	7.228164473894693e-85	5.816800776110879e-84
38	FUS	19.491241	1.0339535	1.3028048910077187e-84	1.0446109275064069e-83
38	PLCG2	19.469536	3.3351712	1.9906645150256958e-84	1.5938317557531569e-83
38	KLF7	19.093557	2.7738683	2.856443944616483e-81	2.222506772986859e-80
38	PNN	19.08525	1.443995	3.34862600122197e-81	2.6036216118028186e-80
38	PABPN1	18.907677	2.3263195	9.86055172623308e-80	7.544484548927155e-79
38	MAP1B	18.71879	1.7244185	3.479692538029685e-78	2.601046597024493e-77
38	KANSL1	18.580004	2.457865	4.664712384161972e-77	3.43334034252562e-76
38	VPS13A	18.389013	2.865501	1.6088038718818629e-75	1.1631673078946652e-74
38	ANKRD28	18.335737	1.7841961	4.2915593166327147e-75	3.082602470078694e-74
38	SRGAP1	18.126503	2.603764	1.9688897910776693e-73	1.382734631760657e-72
38	HMGA2	17.719591	3.187381	2.9605693164373014e-70	2.027558117209978e-69
38	SUGP2	17.597723	2.6461284	2.564264529134245e-69	1.7378090018389514e-68
38	PCSK7	17.446198	2.9978218	3.6792765008730702e-68	2.46469080960125e-67
39	HBB	82.89385	13.393616	0.0	0.0
39	HBA1	80.67563	12.49559	0.0	0.0
39	HBA2	79.97652	12.329248	0.0	0.0
39	SLC25A37	69.89276	4.352112	0.0	0.0
39	BLVRB	65.015884	4.309234	0.0	0.0
39	FECH	63.36076	6.134778	0.0	0.0
39	CAT	62.738686	4.5692334	0.0	0.0
39	GLRX5	62.711533	4.061258	0.0	0.0
39	HMBS	62.404396	6.300285	0.0	0.0
39	CA2	61.075718	7.1698174	0.0	0.0
39	SLC25A39	59.308865	4.0969625	0.0	0.0
39	TFRC	58.971176	4.005455	0.0	0.0
39	FBXO7	56.366096	3.626189	0.0	0.0
39	SELENBP1	55.568836	4.130652	0.0	0.0
39	RBM38	55.55629	6.518705	0.0	0.0
39	FAM210B	54.552074	3.4280872	0.0	0.0
39	UROD	54.150673	3.9239821	0.0	0.0
39	GYPC	54.042126	3.0881426	0.0	0.0
39	TOP1	53.964237	2.9111667	0.0	0.0
39	MPP1	53.18955	4.6494136	0.0	0.0
39	EIF2AK1	53.16936	3.2464194	0.0	0.0
39	TRAK2	52.662514	4.4562182	0.0	0.0
39	PRDX2	51.496677	2.8325667	0.0	0.0
39	SLC2A1	51.154545	3.1666036	0.0	0.0
39	EPB41	50.247627	4.5620527	0.0	0.0
39	RHCE	50.035545	6.7535915	0.0	0.0
39	UCP2	49.508305	5.502587	0.0	0.0
39	USP15	47.93194	3.003683	0.0	0.0
39	STOM	47.701725	2.9864028	0.0	0.0
39	STRADB	46.570377	4.4753757	0.0	0.0
39	CPOX	46.394913	5.3454237	0.0	0.0
39	NCOA4	46.012154	3.1263695	0.0	0.0
39	WNK1	45.37678	2.717481	0.0	0.0
39	ERMAP	44.507915	5.2533193	0.0	0.0
39	CCNDBP1	44.320843	2.994741	0.0	0.0
39	ALAD	44.144627	4.7492194	0.0	0.0
39	UBAC1	43.685387	3.4376495	0.0	0.0
39	RAD23A	43.241848	2.1369221	0.0	0.0
39	FAM117A	43.082508	5.4887652	0.0	0.0
39	RFESD	42.656296	5.5481334	0.0	0.0
39	MAP2K3	42.525387	2.5924911	0.0	0.0
39	ABCB10	42.356205	5.9904504	0.0	0.0
39	HAGH	41.454487	3.077014	0.0	0.0
39	GCLC	41.40415	3.8835332	0.0	0.0
39	SOX6	41.036034	3.261267	0.0	0.0
39	TFDP1	40.82273	3.409441	0.0	0.0
39	UBB	40.188293	1.2614312	0.0	0.0
39	TFDP2	40.085228	2.8461435	0.0	0.0
39	HDGF	39.831673	2.549242	0.0	0.0
39	MXI1	39.769894	2.4344459	0.0	0.0
40	CALD1	77.60562	4.1530347	0.0	0.0
40	NR2F2	77.2611	6.3829093	0.0	0.0
40	SPARCL1	76.23606	7.2573442	0.0	0.0
40	ZEB2	68.67637	4.8129387	0.0	0.0
40	IFITM3	66.50609	2.6416414	0.0	0.0
40	IGFBP5	65.034164	5.4284515	0.0	0.0
40	PTMA	64.53855	1.6884775	0.0	0.0
40	IGFBP7	63.79595	2.9028285	0.0	0.0
40	MCAM	62.147076	7.20841	0.0	0.0
40	LPP	61.181225	3.1319702	0.0	0.0
40	EPAS1	59.5639	3.4609091	0.0	0.0
40	ZFP36L1	58.788677	2.8209283	0.0	0.0
40	JAG1	57.510162	3.791242	0.0	0.0
40	SYNPO2	56.60122	6.704497	0.0	0.0
40	PDGFRB	56.30569	4.3684998	0.0	0.0
40	COL4A1	55.025784	4.638647	0.0	0.0
40	PRRX1	54.424107	3.0554814	0.0	0.0
40	EPS8	53.827824	2.9385693	0.0	0.0
40	COL14A1	53.80428	3.3765676	0.0	0.0
40	COL18A1	53.78155	4.3865504	0.0	0.0
40	IFITM2	53.009697	2.1670933	0.0	0.0
40	MAP1B	52.78902	2.9279542	0.0	0.0
40	FILIP1L	51.506973	4.1880054	0.0	0.0
40	IFI16	51.4273	2.9030356	0.0	0.0
40	TPM2	51.271957	2.5264456	0.0	0.0
40	CHCHD10	49.831116	3.1079204	0.0	0.0
40	PTMS	49.178715	1.7664987	0.0	0.0
40	STOM	49.02759	2.6053052	0.0	0.0
40	NFIB	48.93948	3.4249904	0.0	0.0
40	TNS1	48.71718	3.2349048	0.0	0.0
40	PPP1R12A	48.488434	2.5913796	0.0	0.0
40	ID4	47.858116	2.561181	0.0	0.0
40	TIMP3	47.22093	2.4076536	0.0	0.0
40	HMGB1	46.714233	1.4031352	0.0	0.0
40	MT-ND3	46.518665	1.8455594	0.0	0.0
40	RPL38	46.440357	1.2362927	0.0	0.0
40	MYH9	46.202488	2.3192754	0.0	0.0
40	C11orf96	46.144863	2.5885918	0.0	0.0
40	C1QTNF1	45.746548	3.7176104	0.0	0.0
40	IFITM1	45.263783	4.070181	0.0	0.0
40	RPS8	44.7929	1.2269256	0.0	0.0
40	PDLIM1	44.716137	3.6583827	0.0	0.0
40	RPS24	44.175106	1.0900862	0.0	0.0
40	TMSB4X	43.93689	2.3895025	0.0	0.0
40	PALLD	43.100677	2.6458704	0.0	0.0
40	RPL39	42.90359	1.2352654	0.0	0.0
40	CAV1	42.80246	1.7243891	0.0	0.0
40	RPL35	42.743847	1.2531863	0.0	0.0
40	IGFBP4	42.62471	2.3738017	0.0	0.0
40	KANK2	42.453674	2.5515563	0.0	0.0
41	FN1	73.165474	4.4217653	0.0	0.0
41	TGFBI	63.707138	4.160181	0.0	0.0
41	AEBP1	63.000755	3.0376284	0.0	0.0
41	COL11A1	56.86447	3.0988255	0.0	0.0
41	HAPLN1	55.875256	2.8581364	0.0	0.0
41	NDUFA4L2	52.28212	2.464593	0.0	0.0
41	COL2A1	52.0879	3.6793482	0.0	0.0
41	TPI1	51.891956	1.7510428	0.0	0.0
41	BGN	51.4814	2.2439408	0.0	0.0
41	FMOD	50.7962	2.6269512	0.0	0.0
41	COMP	50.197857	3.0917377	0.0	0.0
41	SPARC	49.69766	2.5922809	0.0	0.0
41	FXYD6	49.658546	2.288542	0.0	0.0
41	LUM	48.06726	2.0367918	0.0	0.0
41	SERPINA5	46.156384	2.435667	0.0	0.0
41	PLOD2	45.912407	1.7586651	0.0	0.0
41	SLC29A1	45.584805	2.4689398	0.0	0.0
41	PLD3	44.791092	2.0950937	0.0	0.0
41	PKM	44.71467	1.4591353	0.0	0.0
41	PAM	44.266033	1.9556625	0.0	0.0
41	FGFBP2	43.910557	2.5881376	0.0	0.0
41	MDFI	43.15606	2.4814732	0.0	0.0
41	SMOC2	43.095516	3.7089806	0.0	0.0
41	HTRA1	42.63793	1.9190711	0.0	0.0
41	CHAD	42.36015	2.5992002	0.0	0.0
41	P4HB	41.34821	1.5638055	0.0	0.0
41	COL9A3	41.307446	2.330003	0.0	0.0
41	MFGE8	40.98063	1.7757459	0.0	0.0
41	GAPDH	40.113613	1.4769253	0.0	0.0
41	COL3A1	38.656227	1.9463174	0.0	0.0
41	ID2	38.35828	1.8880512	0.0	0.0
41	PDIA3	38.326183	1.3608044	0.0	0.0
41	IER2	38.173687	2.3089716	0.0	0.0
41	PDIA6	38.156425	1.4678794	0.0	0.0
41	SERPINA1	38.120647	2.037008	0.0	0.0
41	CTSB	37.691498	1.4854938	0.0	0.0
41	TRPV4	37.26593	2.8714633	5.850228238424501e-304	6.454556815453752e-302
41	COL5A1	37.22462	2.0992267	2.727941440892667e-303	2.979938407660277e-301
41	CLEC11A	37.222565	1.8389809	2.945342018055479e-303	3.1858782828633433e-301
41	PSAP	37.165684	1.0882651	2.4467103890404035e-302	2.6208306526488127e-300
41	FKBP10	37.130535	1.8066959	9.037937158921097e-302	9.588034680228507e-300
41	LOXL2	37.08384	2.6665037	5.118265451247432e-301	5.378078354629802e-299
41	JUN	36.402977	2.0185347	3.8194420008617615e-290	3.901842925509983e-288
41	TSC22D1	36.09032	1.740258	3.2174043761661796e-285	3.256662613049675e-283
41	CST3	35.968674	1.1504533	2.584684752684706e-283	2.5924388069427602e-281
41	COL11A2	35.947605	2.0445108	5.516991912507844e-283	5.4836911505134275e-281
41	COL1A2	35.671715	1.7342899	1.0854997181073863e-278	1.0693141419534635e-276
41	CRTAC1	35.420475	2.2175386	8.264821020162603e-275	8.069537196057875e-273
41	ENO1	35.23514	1.1436551	5.79427422272223e-272	5.558976304286467e-270
41	CPE	34.613857	1.6567695	1.5633503861790664e-262	1.4869348974753136e-260
42	HBB	64.67749	3.6596437	0.0	0.0
42	HBA2	64.280075	3.7525985	0.0	0.0
42	RPS21	62.187305	1.7607878	0.0	0.0
42	RPS29	59.174835	1.5886241	0.0	0.0
42	MIA	57.578285	2.9929795	0.0	0.0
42	RPL37A	55.55044	1.2702796	0.0	0.0
42	HBA1	53.93812	3.1648333	0.0	0.0
42	COMP	52.643753	3.2658358	0.0	0.0
42	RPS4X	52.22725	1.460723	0.0	0.0
42	RPL37	51.605682	1.1746006	0.0	0.0
42	S100A1	50.79539	2.4798226	0.0	0.0
42	RPL38	50.08545	1.4354934	0.0	0.0
42	NDUFA4L2	49.016907	2.3655713	0.0	0.0
42	PMEPA1	48.996822	2.1284993	0.0	0.0
42	RPL41	48.056812	1.8811166	0.0	0.0
42	F13A1	47.98783	2.5883224	0.0	0.0
42	RPS28	47.865597	1.4293927	0.0	0.0
42	PRG4	47.346283	4.0766177	0.0	0.0
42	RPL3	46.968998	1.2979316	0.0	0.0
42	HTRA1	46.789326	2.1675189	0.0	0.0
42	RPS11	46.300674	1.2846494	0.0	0.0
42	RPS26	46.080032	1.5738145	0.0	0.0
42	CHAD	45.642925	2.4323487	0.0	0.0
42	FBXO2	44.858654	2.035206	0.0	0.0
42	MDFI	44.784363	2.0933464	0.0	0.0
42	CCDC80	43.868866	2.1608942	0.0	0.0
42	NOVA1	43.584778	2.0785859	0.0	0.0
42	RPS25	43.069107	1.2081631	0.0	0.0
42	RPL36	43.04998	1.1766692	0.0	0.0
42	SERPINA1	42.432934	2.2137923	0.0	0.0
42	ACAN	42.224213	2.3780825	0.0	0.0
42	RPL39	41.931015	1.2646598	0.0	0.0
42	RPS8	41.858467	1.2101415	0.0	0.0
42	MRC2	41.56927	1.748929	0.0	0.0
42	RPS27	41.317364	1.2474816	0.0	0.0
42	RPS10	40.662304	1.8654585	0.0	0.0
42	RGS16	40.650436	2.096954	0.0	0.0
42	RPL36A	40.418007	1.8582362	0.0	0.0
42	NGEF	40.35242	1.8979642	0.0	0.0
42	RPS9	40.082226	1.2215848	0.0	0.0
42	LTBP3	40.0031	1.8461498	0.0	0.0
42	RPL13	38.7504	1.0907131	0.0	0.0
42	RPL23A	38.684597	1.2209339	0.0	0.0
42	FOS	38.669647	2.3030767	0.0	0.0
42	EEF1A1	38.36865	0.9242706	0.0	0.0
42	NFKBIA	38.317158	1.9914576	0.0	0.0
42	JUN	37.906925	1.9488109	0.0	0.0
42	PET100	37.418743	1.6939209	1.9372048644203686e-306	4.274636253829985e-304
42	TUBB2B	37.261784	1.9488854	6.828531996269569e-304	1.4772390885263166e-301
42	FXYD6	37.252686	1.6070328	9.58601711937808e-304	2.0338947476557377e-301
43	S100A6	63.795315	2.582897	0.0	0.0
43	CD63	62.12575	2.395908	0.0	0.0
43	CAMK2N1	61.615116	3.5270221	0.0	0.0
43	LGALS1	61.480675	3.3853173	0.0	0.0
43	TRAPPC5	61.026386	3.494229	0.0	0.0
43	TMSB10	60.87055	3.2428176	0.0	0.0
43	RNASEK	60.580017	3.8152452	0.0	0.0
43	RPL17	60.471317	3.6187322	0.0	0.0
43	MRPS24	60.38815	3.3709974	0.0	0.0
43	EIF4A1	60.032986	3.3361926	0.0	0.0
43	BAG1	59.89519	3.1793752	0.0	0.0
43	VIM	59.72133	2.1461327	0.0	0.0
43	NDUFA13	58.616592	2.5459347	0.0	0.0
43	GPX4	58.55453	2.5616925	0.0	0.0
43	GABARAP	58.27012	3.204022	0.0	0.0
43	FTH1	58.11834	3.9786623	0.0	0.0
43	FTL	57.922245	2.3247077	0.0	0.0
43	S100A4	57.756443	2.8538766	0.0	0.0
43	BRI3	57.358154	2.4592762	0.0	0.0
43	PERP	56.67144	2.6307583	0.0	0.0
43	POLR2L	56.615356	2.4495869	0.0	0.0
43	THY1	56.49172	2.9109902	0.0	0.0
43	CSTB	56.426117	2.3568099	0.0	0.0
43	AP2S1	56.237217	2.5589976	0.0	0.0
43	PLIN2	56.083282	3.1367521	0.0	0.0
43	PSMA6	56.025013	3.0030036	0.0	0.0
43	RTN4	55.833313	2.1813633	0.0	0.0
43	PPP1R14B	55.80112	2.8661752	0.0	0.0
43	TPM2	55.710983	2.6887548	0.0	0.0
43	UBE2V1	55.69053	2.9106193	0.0	0.0
43	ARPC1B	55.530872	2.737245	0.0	0.0
43	MGST3	55.174767	2.1345887	0.0	0.0
43	CAV1	55.115314	2.5717788	0.0	0.0
43	DRAP1	55.06458	2.4549701	0.0	0.0
43	RPS27L	55.051083	2.3140337	0.0	0.0
43	ITGB1	54.499817	2.3360553	0.0	0.0
43	NDUFV2	54.2799	2.4593027	0.0	0.0
43	C12orf75	54.065186	2.8516855	0.0	0.0
43	CCDC85B	53.766117	2.430197	0.0	0.0
43	LIMA1	53.753384	2.647984	0.0	0.0
43	CLTA	53.649887	2.096754	0.0	0.0
43	LOXL1	53.409687	3.0696712	0.0	0.0
43	SLC4A7	53.333035	2.6701224	0.0	0.0
43	HOMER3	53.23435	2.711435	0.0	0.0
43	MAP1B	53.20897	2.7928464	0.0	0.0
43	TOMM5	53.186142	2.6592407	0.0	0.0
43	PSMA2	53.040916	2.4856393	0.0	0.0
43	HINT1	52.98004	1.7895178	0.0	0.0
43	KRTCAP2	52.87219	2.4183762	0.0	0.0
43	SQSTM1	52.728504	2.243377	0.0	0.0
44	COL1A1	72.79394	7.733015	0.0	0.0
44	PCOLCE	71.461815	4.134747	0.0	0.0
44	SERPINH1	71.14056	4.4119825	0.0	0.0
44	COL3A1	69.40714	5.6485395	0.0	0.0
44	COL6A2	69.173485	3.4573221	0.0	0.0
44	COL1A2	68.96529	4.863234	0.0	0.0
44	TGFBI	68.176155	5.1778164	0.0	0.0
44	COL6A3	66.99447	3.8384871	0.0	0.0
44	COL6A1	66.18556	3.3721485	0.0	0.0
44	TPM4	65.73837	3.193407	0.0	0.0
44	PFN1	65.335396	3.0086133	0.0	0.0
44	SPARC	65.057236	3.8813813	0.0	0.0
44	OLFML2B	64.84279	4.9792104	0.0	0.0
44	MMP14	64.06983	3.9787226	0.0	0.0
44	RCN3	63.761665	3.2108514	0.0	0.0
44	ACTB	63.69911	2.3552763	0.0	0.0
44	CERCAM	62.93581	4.30019	0.0	0.0
44	IFITM3	62.282135	2.6458642	0.0	0.0
44	COL4A1	61.974655	5.4301176	0.0	0.0
44	LGALS1	61.62658	3.4251938	0.0	0.0
44	B2M	61.281784	1.9209983	0.0	0.0
44	PPIB	61.11861	2.6054902	0.0	0.0
44	THY1	60.654026	3.5186443	0.0	0.0
44	P3H1	60.32512	3.9324303	0.0	0.0
44	LOXL2	60.29258	3.8593044	0.0	0.0
44	COL5A2	59.42788	3.011567	0.0	0.0
44	COL5A1	59.04059	3.4269512	0.0	0.0
44	FKBP10	58.92271	2.7887886	0.0	0.0
44	CNN3	58.642757	2.9870412	0.0	0.0
44	CAPZB	58.197468	2.6783414	0.0	0.0
44	IGFBP7	58.161613	2.8918722	0.0	0.0
44	COL18A1	57.893944	4.8275127	0.0	0.0
44	IFITM2	57.450863	2.56741	0.0	0.0
44	NT5DC2	57.01145	3.6135485	0.0	0.0
44	TUBA1B	56.32663	2.929653	0.0	0.0
44	PRSS23	56.105984	3.2302065	0.0	0.0
44	TAGLN2	55.91231	2.3461313	0.0	0.0
44	BSG	55.812584	2.2394924	0.0	0.0
44	CAP1	55.809956	2.9484527	0.0	0.0
44	P4HB	55.730453	2.1750667	0.0	0.0
44	COL12A1	55.70078	3.5716558	0.0	0.0
44	SERPINF1	55.390404	4.4766273	0.0	0.0
44	MYL6	55.32764	1.7628897	0.0	0.0
44	ILK	55.186848	3.1542213	0.0	0.0
44	TUBA1A	55.173813	2.7239995	0.0	0.0
44	PALLD	54.88453	3.331073	0.0	0.0
44	RAB31	54.675358	3.1822386	0.0	0.0
44	MXRA8	54.611282	2.544215	0.0	0.0
44	RHOC	54.484737	2.3434367	0.0	0.0
44	ARPC2	53.93677	1.9495059	0.0	0.0
45	ARPC1B	67.779015	3.793992	0.0	0.0
45	BRI3	67.58007	3.1397128	0.0	0.0
45	PPP1R14B	67.37446	3.8290894	0.0	0.0
45	MGST1	66.06367	4.1511507	0.0	0.0
45	GUK1	65.149506	2.7056904	0.0	0.0
45	RNASEK	64.03223	4.2208767	0.0	0.0
45	AP2S1	63.495014	3.031918	0.0	0.0
45	CD59	63.186	2.755569	0.0	0.0
45	CYP51A1	62.987503	3.8602183	0.0	0.0
45	PRSS23	62.48798	3.7384994	0.0	0.0
45	TOMM5	62.433277	3.379344	0.0	0.0
45	TXN	61.81634	2.3619893	0.0	0.0
45	MRPL14	61.171185	2.8999915	0.0	0.0
45	CSTB	61.149357	2.49796	0.0	0.0
45	S100A16	61.126038	3.1850467	0.0	0.0
45	TMSB4X	60.703636	3.60456	0.0	0.0
45	MRPS24	60.45739	3.4012136	0.0	0.0
45	TRAPPC5	60.16801	3.43672	0.0	0.0
45	GABARAP	60.087505	3.4383776	0.0	0.0
45	RPL17	59.95765	3.644193	0.0	0.0
45	FTL	59.405804	2.436098	0.0	0.0
45	ABRACL	59.337063	3.1547277	0.0	0.0
45	NOP10	58.6367	2.4189253	0.0	0.0
45	SERF2	58.37828	1.738399	0.0	0.0
45	ARL4C	58.30394	3.3768961	0.0	0.0
45	DYNLL1	58.161293	1.9477382	0.0	0.0
45	C12orf75	58.00946	3.082814	0.0	0.0
45	UBE2V1	57.91247	3.0534601	0.0	0.0
45	SH3BGRL3	57.730686	2.4788918	0.0	0.0
45	SERPINE2	57.727238	3.2657828	0.0	0.0
45	CLTA	57.62517	2.299759	0.0	0.0
45	FTH1	57.612587	4.050827	0.0	0.0
45	ATP6V0E1	57.549065	2.2321227	0.0	0.0
45	RPS27L	57.339516	2.4708009	0.0	0.0
45	MGST3	57.180824	2.2684808	0.0	0.0
45	THY1	57.05888	2.9746828	0.0	0.0
45	DBI	57.047672	2.1794477	0.0	0.0
45	MGAT4B	56.987476	2.9827788	0.0	0.0
45	COX16	56.91749	2.8611927	0.0	0.0
45	RTN4	56.70873	2.208729	0.0	0.0
45	GYPC	56.585464	2.7786849	0.0	0.0
45	RPL22L1	56.57468	2.5314977	0.0	0.0
45	TPM1	56.41958	2.7462196	0.0	0.0
45	HINT1	56.362446	1.9866358	0.0	0.0
45	PFN1	56.18929	2.361421	0.0	0.0
45	COTL1	56.18549	2.8784058	0.0	0.0
45	HOMER3	56.038635	2.8281739	0.0	0.0
45	NDUFA4	56.006233	2.0129206	0.0	0.0
45	TMEM255B	55.918163	3.2845948	0.0	0.0
45	GREM1	55.35469	3.2874742	0.0	0.0
46	RPL7A	53.578335	1.8405482	0.0	0.0
46	RPL12	53.527363	1.8718234	0.0	0.0
46	COL14A1	53.506313	4.254926	0.0	0.0
46	RPL17	52.141235	3.6771848	0.0	0.0
46	RPL26	51.61091	2.1252942	0.0	0.0
46	RPL28	51.5643	2.078596	0.0	0.0
46	GABARAP	50.335903	3.308781	0.0	0.0
46	IFITM3	50.32135	2.3728294	0.0	0.0
46	RPS23	49.87671	1.7975984	0.0	0.0
46	GPX4	49.778923	2.5827782	0.0	0.0
46	FTH1	49.681797	4.063949	0.0	0.0
46	C1R	48.712852	2.7077532	0.0	0.0
46	RPL10	48.55152	1.7410852	0.0	0.0
46	CEBPD	48.343704	2.7146404	0.0	0.0
46	CAMK2N1	47.76559	3.1381664	0.0	0.0
46	NACA	47.464283	1.5766573	0.0	0.0
46	ARHGAP29	47.15813	2.9157417	0.0	0.0
46	RNASEK	46.792892	3.3397937	0.0	0.0
46	GYPC	46.694656	2.6831412	0.0	0.0
46	PLPP3	45.80022	3.9244246	0.0	0.0
46	PFDN5	44.838737	2.0132992	0.0	0.0
46	TPM2	44.723747	2.5495071	0.0	0.0
46	RPL41	44.35503	2.0445337	0.0	0.0
46	RPL39	44.061325	1.5538661	0.0	0.0
46	ARID5B	43.968056	2.498099	0.0	0.0
46	RPL29	43.94924	1.5389867	0.0	0.0
46	TIMP1	43.84629	2.213759	0.0	0.0
46	PDLIM2	43.745667	2.399355	0.0	0.0
46	IGFBP7	43.381836	2.415793	0.0	0.0
46	RPL14	43.381123	1.27516	0.0	0.0
46	RPS4X	43.108234	1.4257739	0.0	0.0
46	RPL11	42.881294	1.1873546	0.0	0.0
46	CCDC80	42.824207	2.4123542	0.0	0.0
46	RPS15A	42.766346	1.6781324	0.0	0.0
46	RPS3	42.764133	1.2748197	0.0	0.0
46	RPL3	42.685635	1.4028567	0.0	0.0
46	MRPS24	42.673138	2.8706372	0.0	0.0
46	RPS8	42.46065	1.4012141	0.0	0.0
46	CFH	42.24938	2.736196	0.0	0.0
46	EEF1A1	42.142815	1.162436	0.0	0.0
46	KRTCAP2	42.110943	2.3362508	0.0	0.0
46	HINT1	41.852795	1.69528	0.0	0.0
46	IFITM2	41.577633	2.0757117	0.0	0.0
46	SLPI	41.503723	2.8435824	0.0	0.0
46	RPS9	41.37715	1.4495006	0.0	0.0
46	FTL	41.058678	1.8260024	0.0	0.0
46	NDUFA13	40.983498	2.0748227	0.0	0.0
46	PSMA2	40.853058	2.4074502	0.0	0.0
46	UBE2V1	40.78184	2.7598968	0.0	0.0
46	RPS12	40.582333	1.3678175	0.0	0.0
47	SERF2	48.06053	2.4304872	0.0	0.0
47	FTH1	45.693993	4.6426225	0.0	0.0
47	S100A6	45.54674	2.8346162	0.0	0.0
47	RNASEK	44.58471	4.3716183	0.0	0.0
47	OST4	42.993538	2.3307245	0.0	0.0
47	TMSB10	42.931526	3.3887796	0.0	0.0
47	RPS27L	42.588463	2.7535148	0.0	0.0
47	HINT1	42.38353	2.304647	0.0	0.0
47	BRI3	41.85523	2.7832599	0.0	0.0
47	UQCR11	41.484562	2.5805397	0.0	0.0
47	POLR2L	41.43535	2.8040352	0.0	0.0
47	FTL	41.258545	2.4845474	0.0	0.0
47	UQCRQ	41.249207	2.5058162	0.0	0.0
47	PRSS23	41.1836	3.6294272	0.0	0.0
47	ITGB1	41.17815	2.6381643	0.0	0.0
47	C4orf3	40.907627	2.3125653	0.0	0.0
47	TOMM5	40.833843	3.4890008	0.0	0.0
47	GABARAP	40.514153	3.3885586	0.0	0.0
47	DHCR24	39.977276	3.7783017	0.0	0.0
47	ATOX1	39.13004	2.5898015	0.0	0.0
47	SEC61G	39.10845	2.1006727	0.0	0.0
47	C12orf75	38.753532	3.157972	0.0	0.0
47	RPL39	38.642387	1.8194929	0.0	0.0
47	CSTB	37.96699	2.364999	0.0	0.0
47	NOP10	37.88483	2.401818	0.0	0.0
47	UBL5	37.738865	1.8997207	0.0	0.0
47	ATP6V0E1	37.62148	2.1950288	9.57753891187605e-310	3.913666178323276e-307
47	CAMK2N1	37.560528	3.1284518	9.48484946302702e-309	3.737369433056325e-306
47	RPS28	37.450645	1.6876527	5.863133394133099e-307	2.2306189909472578e-304
47	CTSK	37.21841	2.6775064	3.438112370818355e-303	1.264423126241297e-300
47	KRTCAP2	37.18031	2.780454	1.419999783446036e-302	5.053825035729069e-300
47	RTN4	36.971256	2.18098	3.318248756839406e-299	1.109401167703308e-296
47	GUK1	36.948147	2.1398282	7.800468891665124e-299	2.531252155345333e-296
47	CAV1	36.93613	2.4114041	1.2161821956958081e-298	3.8337537614605286e-296
47	SEC61B	36.823395	1.9204795	7.79804593471923e-297	2.3898844666043687e-294
47	PERP	35.930294	2.5811927	1.0282717281059763e-282	3.066195128700875e-280
47	COTL1	35.79763	3.0127053	1.2023185515012128e-280	3.4908369943981264e-278
47	DAB2	35.565586	2.482484	4.771587374706593e-277	1.3498698334650728e-274
47	UQCR10	35.48732	2.0949688	7.712250266730728e-276	2.127231429821003e-273
47	NDUFA4	35.43878	1.8963432	4.318455091851876e-275	1.1620857324000426e-272
47	GPX4	35.21163	2.2456455	1.3271908801255357e-271	3.4864040429583415e-269
47	S100A13	35.12855	1.8399291	2.4713148194885897e-270	6.340934047306421e-268
47	TMA7	35.094288	1.8572575	8.23861384689162e-270	2.065832422108074e-267
47	CD59	35.066246	2.0903451	2.2050222715299003e-269	5.4062246048420865e-267
47	RPS15A	34.909134	1.7160572	5.403449576524465e-267	1.2960056342998786e-264
47	RPL41	34.791565	2.0139408	3.2629214881464797e-265	7.659534633770237e-263
47	UQCRH	34.442417	1.657338	5.848519448932183e-260	1.3168717363279342e-257
47	MRPS24	34.428764	2.9984813	9.36270091204493e-260	2.0659735832518343e-257
47	PDLIM2	34.075554	2.357148	1.6983590364485248e-254	3.674116715516975e-252
47	SH3BGRL3	33.991653	2.1008337	2.959386713476959e-253	6.279021848036787e-251
48	RPS3A	36.48043	2.0366592	2.2661315358819448e-291	2.5002229235385497e-287
48	TPT1	35.563778	1.7500243	5.088721868279907e-277	2.807193418636611e-273
48	RPS12	35.41026	1.901921	1.187058841984659e-274	4.3656067345389143e-271
48	CHI3L2	34.195446	4.951244	2.8256731049426225e-256	7.793912841707989e-253
48	PLA2G2A	33.770885	5.0349355	5.278646203235706e-250	1.164786071205991e-246
48	EEF1A1	32.38934	1.3923388	3.878224716902378e-230	7.131408883597322e-227
48	RPS8	32.31025	1.7449646	5.0214555797459835e-229	7.914531344476776e-226
48	RPL8	32.241016	1.6997403	4.7010824339034995e-228	6.454701393086172e-225
48	RPS13	32.237507	1.4002622	5.2653233515612746e-228	6.454701393086172e-225
48	RPS23	32.232628	1.8535639	6.163075746366478e-228	6.799721470966134e-225
48	FRZB	32.07917	4.2423987	8.60739482051169e-226	8.633217004973225e-223
48	RPL18	31.58396	1.6688486	6.131463806568688e-219	5.6373700148226946e-216
48	MT1E	31.475582	3.848173	1.8753553094558842e-217	1.5915996253251363e-214
48	EEF1B2	31.37818	1.7587842	4.016285990351117e-216	3.1651202379674194e-213
48	MT1G	31.32685	4.506049	2.011177183997584e-215	1.4792878580696896e-212
48	RPS27A	31.143469	1.3741982	6.217545132826441e-213	4.287385965654633e-210
48	S100B	31.015848	2.8904755	3.296067540512192e-211	2.1391478337924124e-208
48	RPS9	30.70231	1.6569868	5.3014614853570704e-207	3.2495013648858085e-204
48	RPS10	30.508623	2.6139677	2.0026119134921918e-204	1.1628851179768079e-201
48	RPL9	30.379326	1.5477954	1.0303085687099756e-202	5.683697219288581e-200
48	RPS3	30.188232	1.4226918	3.380491563245269e-200	1.7760458770135742e-197
48	RPL30	30.12473	1.625353	2.299116047594199e-199	1.153006697868491e-196
48	COL9A3	30.103336	3.149942	4.381831974145974e-199	2.1019457465544577e-196
48	RPS26	29.99375	1.9692365	1.183990775132585e-197	5.4429042591824206e-195
48	RPL19	29.906538	1.502914	1.6179871497427443e-196	7.140500889244679e-194
48	RPL12	29.770723	1.6700526	9.352648703149754e-195	3.968760505455817e-192
48	RPS4X	29.524878	1.5681802	1.380430715947277e-191	5.439390031802252e-189
48	RPL6	29.506865	1.4258661	2.350625974035938e-191	8.94291599018569e-189
48	RPL5	29.28902	1.255327	1.4311038629118901e-188	5.263122973168961e-186
48	RPS25	29.072668	1.5079292	7.956970652231047e-186	2.831911522776295e-183
48	RPL32	29.068071	1.3099701	9.095926445820252e-186	3.136104889897964e-183
48	RPL10	28.822956	1.6483563	1.1062116847481091e-182	3.698434399341178e-180
48	RPS7	28.72512	1.4440641	1.8531378307275404e-181	6.0134322607108684e-179
48	RPL7	28.572048	1.5684955	1.4953144069902732e-179	4.713658243521053e-177
48	LGALS3	28.53473	1.8070557	4.345608483356968e-179	1.3318082888021508e-176
48	RPLP0	28.413671	1.3427542	1.3707078857577699e-177	4.0873027306933716e-175
48	MIA	28.122412	2.6823425	5.213049426628835e-174	1.513567745368314e-171
48	RPL26	28.047657	1.9223421	4.26615276443951e-173	1.2068836782066951e-170
48	RPL18A	27.997952	1.5763183	1.720825217096933e-172	4.7464661550576155e-170
48	KRT8	27.849339	4.017353	1.0971913383034585e-170	2.9525151306102577e-168
48	RPL13	27.770723	1.3785222	9.794667410104752e-170	2.5729658460877556e-167
48	EIF3E	27.617077	1.8120847	6.939963496264595e-168	1.7806655175415646e-165
48	RPLP1	27.613077	1.1934725	7.751605408090358e-168	1.9437150560786574e-165
48	RPS6	27.471298	1.1327864	3.8680782456608945e-166	9.483668285417033e-164
48	MT1M	27.374071	3.5417776	5.584127321447283e-165	1.33934079864191e-162
48	RPL7A	27.332787	1.535129	1.7300541757458904e-164	4.0612101534051936e-162
48	RHOBTB3	27.294052	2.2170644	4.990516379044504e-164	1.1470909835416252e-161
48	CIRBP	27.09877	1.7848481	1.0180755605459207e-161	2.2923321754088047e-159
48	RPS18	27.051655	1.3555965	3.651957570932758e-161	8.058409576020223e-159
48	ACAN	27.009731	2.8412325	1.135933838390283e-160	2.4574035370509784e-158
49	VIM	10.127019	3.161974	4.19237661236868e-24	4.625449116426365e-20
49	TMSB4X	9.760691	4.231585	1.6602033479140805e-22	7.300335819352729e-19
49	ITGBL1	9.742553	4.256114	1.9850455413811463e-22	7.300335819352729e-19
49	LIMA1	9.6944	4.187865	3.1850609441899573e-22	8.78519434931195e-19
49	APLP2	9.633373	3.4517539	5.780012540285751e-22	1.2754175671394537e-18
49	ITGB1	9.470158	3.1726518	2.794229575786939e-21	5.138122484942883e-18
49	AKAP12	8.951613	4.4725456	3.503248296387024e-19	5.52161977914829e-16
49	RPL17	8.870134	3.8962684	7.305801352657551e-19	1.0075613290483846e-15
49	KHDRBS3	8.850063	3.9807694	8.746947059686247e-19	1.0722785212168708e-15
49	MT-CO2	8.562021	2.646746	1.1090555961746315e-17	1.223621039259471e-14
49	DAB2	8.54607	2.9324322	1.2735051670217535e-17	1.277325682522819e-14
49	MT-CO1	8.532975	2.7108004	1.426312754813849e-17	1.3113757186550997e-14
49	CD63	8.446962	2.3720438	2.9898109579082246e-17	2.5374295614308804e-14
49	HMGA1	8.39444	3.6151454	4.68122528931497e-17	3.689139901215147e-14
49	CLGN	8.173359	4.349645	2.9992007052585886e-16	2.206012092074534e-13
49	TFPI	8.164182	3.8753054	3.2362150491986637e-16	2.223029100154156e-13
49	RPS27L	8.157323	2.5476801	3.425314484058792e-16	2.223029100154156e-13
49	CAMK2D	7.953718	3.1721652	1.8099560103827244e-15	9.9846223312763e-13
49	CTSK	7.94486	2.659806	1.9441009962449045e-15	1.0213936329319064e-12
49	AHNAK2	7.9120593	2.9899418	2.5316587652663976e-15	1.2431510052842519e-12
49	S100A6	7.909149	2.175015	2.5915411149766877e-15	1.2431510052842519e-12
49	RPS18	7.8905935	1.4881933	3.0075312658676318e-15	1.3825871856798992e-12
49	SERPINE2	7.883763	2.7403836	3.176667382545456e-15	1.4019268492649606e-12
49	DPP4	7.873508	4.2890644	3.448328813114407e-15	1.4632850690419712e-12
49	PDE5A	7.787422	4.128507	6.8390018641917266e-15	2.794618798801012e-12
49	RPL36A	7.7516646	2.5737774	9.069556889511203e-15	3.573729327213468e-12
49	MT-CYB	7.6972666	2.2503664	1.3900756106531168e-14	5.288518693908909e-12
49	THY1	7.6813865	2.8657908	1.57375633517851e-14	5.7877512153415e-12
49	ARL4C	7.6367426	3.30607	2.227860260900746e-14	7.929026535005785e-12
49	MDM2	7.6201386	3.2793217	2.5340354279797905e-14	8.736879024031571e-12
49	SOD2	7.6095843	2.7416105	2.7497908907164994e-14	9.19346754462883e-12
49	RPL7A	7.5506153	1.6063386	4.3320651326313463e-14	1.4057551355388718e-11
49	GPX4	7.5036674	2.3770852	6.205656136372095e-14	1.9562001186455237e-11
49	ASPH	7.476336	2.266124	7.642341557805831e-14	2.3421654002019927e-11
49	TPM2	7.4429655	2.6219707	9.844970636444287e-14	2.8584095008392056e-11
49	IGFBP6	7.4113026	2.6686738	1.2506487070831835e-13	3.53805312442276e-11
49	SAP30	7.389283	3.0282917	1.4762250561407952e-13	4.0717977611003484e-11
49	FTH1	7.3794675	3.865213	1.5892364147296517e-13	4.1882248603011694e-11
49	RPS2	7.3790393	1.4509757	1.5943573292182462e-13	4.1882248603011694e-11
49	SEMA3C	7.348542	3.1352324	2.0038005734886477e-13	5.1413794714651743e-11
49	TRIM38	7.294796	3.7062747	2.991119549544771e-13	7.500232270483513e-11
49	CTHRC1	7.2134323	2.9724464	5.455892788593196e-13	1.2807418114159304e-10
49	S100A4	7.207251	2.4122002	5.709272161702768e-13	1.3122999950013884e-10
49	PLIN2	7.0933366	2.8306465	1.3091647773718725e-12	2.932624310433589e-10
49	RAB23	7.0912538	4.266853	1.329023978262299e-12	2.932624310433589e-10
49	RPS17	6.995252	2.3975725	2.6478258834878647e-12	5.72812999461208e-10
49	EIF4A1	6.895291	2.5955215	5.37547799621197e-12	1.1405317063885896e-09
49	RNASEK	6.8427167	2.9292257	7.770533264182351e-12	1.5876350648837757e-09
49	ARL6IP5	6.8303566	1.7346122	8.4703773896513e-12	1.6991577043640509e-09
49	ZNF106	6.8267307	2.564541	8.687139826751528e-12	1.711521673366957e-09
50	CDC20	9.748976	8.069675	1.8633891460987989e-22	7.746236371553495e-19
50	UBE2S	9.730698	4.9717374	2.2305692928490125e-22	7.746236371553495e-19
50	CCNB1	9.729607	7.289817	2.254623850975851e-22	7.746236371553495e-19
50	STMN1	9.699623	6.3152776	3.026157186554434e-22	7.746236371553495e-19
50	CCNB2	9.684463	6.8792915	3.5104850772924387e-22	7.746236371553495e-19
50	KNSTRN	9.663305	6.481418	4.317073327351739e-22	7.938378336778622e-19
50	TUBA1B	9.636346	4.424064	5.615115247826433e-22	8.698528831114324e-19
50	TM4SF1	9.615215	4.5957127	6.896512698963705e-22	8.698528831114324e-19
50	TUBB	9.605257	3.9775689	7.5968477345738e-22	8.698528831114324e-19
50	TUBA1C	9.597422	4.8300343	8.196947251274215e-22	8.698528831114324e-19
50	KPNA2	9.591605	5.526716	8.672511297222655e-22	8.698528831114324e-19
50	CKS2	9.574328	4.984724	1.02521034710779e-21	9.425954799700206e-19
50	CTSL	9.556007	3.9601521	1.2238716725017915e-21	1.0386904740547896e-18
50	ANXA2	9.488766	3.417895	2.337856019712229e-21	1.8423975332489302e-18
50	PTTG1	9.469536	5.2274666	2.8109001936057202e-21	2.0675107890701276e-18
50	UBE2C	9.440367	7.960136	3.714774130341709e-21	2.4827985586208135e-18
50	TUBB4B	9.432242	3.7356846	4.0141351485382044e-21	2.4827985586208135e-18
50	ARL6IP1	9.4312935	3.7555227	4.050609449394964e-21	2.4827985586208135e-18
50	CALM2	9.419616	2.4463263	4.527431603541476e-21	2.629008046414374e-18
50	PFN1	9.405801	3.6142924	5.16353907947536e-21	2.848466333192582e-18
50	PPIA	9.369613	2.4930055	7.279902306470877e-21	3.824722007013961e-18
50	GAS6	9.352964	4.4373264	8.52250726227316e-21	4.27403739202999e-18
50	VIM	9.298673	2.7004037	1.4220928337538524e-20	6.821717493394023e-18
50	CDKN3	9.274019	5.8644233	1.7925983360747468e-20	8.240723934130284e-18
50	TUBB6	9.248069	4.0863724	2.2858575581508977e-20	1.0087946575631541e-17
50	MYL12A	9.236874	3.3094685	2.5380367022487557e-20	1.0770061129196354e-17
50	CKS1B	8.930641	3.858061	4.235477341727881e-19	1.7307415374549525e-16
50	HMGN2	8.8951025	3.0231225	5.836548493862599e-19	2.299808554742359e-16
50	CENPW	8.886169	5.4005885	6.32518014333844e-19	2.406403880050104e-16
50	RHOC	8.8055315	3.1336434	1.302334663300746e-18	4.78955278006571e-16
50	GAPDH	8.740072	2.6049435	2.3296208217078262e-18	8.291195653516919e-16
50	CSTB	8.713591	2.9651344	2.9439812184601217e-18	1.0150295244772039e-15
50	BUB3	8.709531	3.5770445	3.0513598344724427e-18	1.02017130465862e-15
50	CFL1	8.651388	2.538399	5.087659405865872e-18	1.6509454772034754e-15
50	SMS	8.601483	3.6169615	7.86922124536457e-18	2.4806033714316373e-15
50	TUBA1A	8.581388	3.0117676	9.37349008505597e-18	2.87271433634507e-15
50	CLTA	8.569773	2.8210106	1.0368949196700523e-17	3.015916330036441e-15
50	GSTO1	8.569568	2.9194183	1.0387457676188231e-17	3.015916330036441e-15
50	HMGB2	8.55933	3.2410066	1.1352496072404112e-17	3.211592029918835e-15
50	CAPG	8.521609	3.1421938	1.5735098257094998e-17	4.340133476763228e-15
50	S100A10	8.514711	2.4484951	1.6700570726676342e-17	4.49408284944927e-15
50	TMSB4X	8.486154	3.730688	2.1358983965709936e-17	5.610801668897089e-15
50	TAGLN2	8.483396	2.736747	2.1871479661847528e-17	5.611814769980553e-15
50	TUBG1	8.46271	4.6643233	2.6123418299801464e-17	6.436127432749718e-15
50	CDCA3	8.462143	6.8121004	2.625085964594737e-17	6.436127432749718e-15
50	MGST1	8.438501	3.7842355	3.214332397725277e-17	7.709506379152822e-15
50	LMNA	8.435112	2.6989467	3.308851980369539e-17	7.76735402115258e-15
50	RAB32	8.419411	3.5042539	3.783822875021795e-17	8.697274537524055e-15
50	DYNLL1	8.408441	2.1532676	4.1549653957334314e-17	9.355455757372847e-15
50	CDK1	8.398044	6.346276	4.5397889338953746e-17	1.0017498261533533e-14
51	GAPDH	7.1387005	4.2695694	9.421734263288317e-13	3.75049441541732e-09
51	S100A10	7.068203	3.422825	1.5695270527284348e-12	3.75049441541732e-09
51	PKM	7.0544	3.1092632	1.7334725372138924e-12	3.75049441541732e-09
51	CD151	7.050434	4.1295056	1.7836070887343658e-12	3.75049441541732e-09
51	GAS6	7.039443	4.9133067	1.9300971658783013e-12	3.75049441541732e-09
51	ANXA2	7.031749	3.478187	2.039605410360185e-12	3.75049441541732e-09
51	LDHA	7.0090895	2.8709834	2.398743935369606e-12	3.780763119847551e-09
51	IGFBP3	6.9710255	6.399451	3.146389755438441e-12	4.33926477146904e-09
51	PRSS23	6.946379	4.653667	3.747803013389419e-12	4.594390071858385e-09
51	HEBP2	6.8432493	3.4878504	7.741678418490608e-12	8.541393799120687e-09
51	TUBA1B	6.813336	3.7199962	9.536126229985737e-12	9.564734608675695e-09
51	VKORC1	6.784824	2.8477833	1.1622814684173748e-11	1.0286598802609403e-08
51	PPIA	6.7787676	2.431216	1.2120527910262145e-11	1.0286598802609403e-08
51	PFN1	6.761754	3.40457	1.3633110829951207e-11	1.0646639481817358e-08
51	TPM2	6.753072	3.790291	1.4474720586174239e-11	1.0646639481817358e-08
51	IGFBP4	6.727693	4.6084185	1.72374040114294e-11	1.1886267403631287e-08
51	TMEM158	6.7009144	4.979186	2.0711959359959475e-11	1.3442061624613699e-08
51	CD63	6.6894903	2.9016416	2.2394943817781043e-11	1.3726856396754347e-08
51	FTH1	6.649269	4.7245994	2.945520939558162e-11	1.7104175013760634e-08
51	TUBB	6.6007233	3.2203522	4.0915632100857885e-11	2.2571108448438253e-08
51	EEF1A1	6.5545797	1.588864	5.5798761163735393e-11	2.93156062818806e-08
51	SERF2	6.537323	2.0958493	6.262965620675976e-11	3.116288374096233e-08
51	SH3BGRL3	6.531846	3.068399	6.496386531697034e-11	3.116288374096233e-08
51	HSPB6	6.5201774	3.8337333	7.022432838619103e-11	3.2282708961868564e-08
51	TM4SF1	6.501297	3.4258869	7.963050712822608e-11	3.514253540582873e-08
51	RPS27L	6.482906	3.0103695	8.997255129571484e-11	3.8179506094062377e-08
51	GABARAP	6.467958	3.9352708	9.933606748232939e-11	4.059166046416816e-08
51	TMSB10	6.4521894	3.6434891	1.1024565982637557e-10	4.344072731658577e-08
51	CYBA	6.3946395	3.5611272	1.6092668655405942e-10	6.12242804396875e-08
51	PRDX5	6.3859205	2.5281909	1.703696874553965e-10	6.265629205651298e-08
51	RNASEK	6.3753963	4.3553133	1.8249058782913593e-10	6.494898888770505e-08
51	C4orf3	6.3616776	2.541619	1.995621997284566e-10	6.836965108107013e-08
51	COX6A1	6.3579264	2.5598009	2.0449546684268236e-10	6.836965108107013e-08
51	VIM	6.3521237	2.3869183	2.1236254352475023e-10	6.891164537378145e-08
51	TAF10	6.3264437	3.512162	2.5087578573239534e-10	7.908321554244336e-08
51	GPX4	6.3048124	2.9952693	2.885430586704146e-10	8.526831068637072e-08
51	PGAM1	6.3030214	2.7717755	2.91898469472401e-10	8.526831068637072e-08
51	TPI1	6.3020773	2.2999065	2.9368220847295276e-10	8.526831068637072e-08
51	EFEMP2	6.2932863	3.1167614	3.108143953403413e-10	8.79285954817945e-08
51	S100A4	6.2886844	3.2303464	3.2016724139168397e-10	8.831012935686123e-08
51	GLIPR1	6.2635803	3.5156713	3.762367479557218e-10	1.0124439122427997e-07
51	CITED2	6.2512603	3.1626396	4.071542346710496e-10	1.0695553978870691e-07
51	THY1	6.2314887	3.4315975	4.620238412851829e-10	1.1854672188138192e-07
51	METRNL	6.2245994	3.0022063	4.827885462115018e-10	1.210592279625341e-07
51	PDLIM2	6.212962	3.1529374	5.199500616904544e-10	1.2748020068068408e-07
51	MAP1LC3A	6.197199	3.250572	5.747691574792623e-10	1.3552137771713116e-07
51	S100A6	6.196503	2.6724007	5.773139447752347e-10	1.3552137771713116e-07
51	NME4	6.1868596	2.9639604	6.13746306239948e-10	1.4107214576552805e-07
51	CCL2	6.167595	4.445427	6.933640326033146e-10	1.561201096267831e-07
51	C1orf122	6.157585	2.828124	7.386251018131909e-10	1.629850149660987e-07
