source	target	ligand_complex	receptor_complex	lr_means	cellphone_pvals	expr_prod	scaled_weight	lr_logfc	spec_weight	lrscore	specificity_rank	magnitude_rank	condition	is_pain_relevant	pain_categories
unassigned	AF_inner	CXCL8	SDC2	2.3279512	0.0	4.7196193	1.486794625680902	2.478942653528001	0.09860429	0.88571274	3.6881486374867005e-05	0.00012801674994588187	degenerated	True	pain_ligand:CXCL8
unassigned	Pericyte_SMC	PTGS2	CAV1	2.1840787	0.0	4.7467184	1.0436719268050387	1.7682437204347612	0.06249985	0.8860022	0.0006756150755370841	0.00015157087232109336	degenerated	True	pain_ligand:PTGS2
unassigned	NP_mature_chondrocyte	CXCL8	SDC2	2.2680156	0.0	4.340293	1.4244508338030206	2.681906230587906	0.090679236	0.8814031	5.3327542733771986e-05	0.0002078031648813861	degenerated	True	pain_ligand:CXCL8
AF_inner	Pericyte_SMC	VEGFA	ITGB1	1.9632134	0.0	3.8074484	0.80626169151074	0.8277847490986561	0.036463898	0.87438434	0.017254243231760363	0.0008801334166238513	degenerated	True	pain_ligand:VEGFA
AF_outer	AF_outer	TNFSF9	HLA-DPA1	0.11241919	1.0	0.012297918	-0.05525247276557489	-0.18527814152197827	0.0033500937	0.28346288	1.0	0.0009994817519705934	degenerated	True	pain_ligand:TNF
AF_inner	EP_ossification	VEGFA	ITGB1	1.9370952	0.0	3.716192	0.7813160971686812	0.8151196887520156	0.035589937	0.873046	0.019573354760102413	0.0010946787831046683	degenerated	True	pain_ligand:VEGFA
AF_inner	NP_fibrocartilaginous	VEGFA	ITGB1	1.9018548	0.0	3.593064	0.7476589480058395	0.8915162524086497	0.03441074	0.87116694	0.022358887538781447	0.0014306452419121378	degenerated	True	pain_ligand:VEGFA
unassigned	Pericyte_SMC	CXCL8	SDC2	2.096665	0.0	3.2558303	1.2462116470005415	2.213244032232912	0.068022184	0.8655342	0.0003827257156595672	0.0014980604242713323	degenerated	True	pain_ligand:CXCL8
unassigned	NP_fibrocartilaginous	PTGS2	CAV1	1.8942722	0.0	3.5696154	0.7691774575964275	1.560078847400004	0.047000986	0.8707991	0.004022316220488194	0.0015583104135677996	degenerated	True	pain_ligand:PTGS2
unassigned	AF_outer	PTGS2	CAV1	1.855837	0.0	3.4135034	0.7327723546220329	1.5310290785335776	0.044945464	0.8682625	0.005193646957205672	0.002122952875413281	degenerated	True	pain_ligand:PTGS2
AF_inner	AF_outer	VEGFA	ITGB1	1.8012168	0.0	3.2414398	0.6515400391313031	0.776239309180996	0.031043237	0.8652763	0.022358887538781447	0.0030337535525116793	degenerated	True	pain_ligand:VEGFA
unassigned	AF_outer	CXCL8	SDC2	2.0207431	0.0	2.7753277	1.167238509345637	2.081583660060848	0.057983324	0.85596806	0.0011377020406636454	0.004231501741578906	degenerated	True	pain_ligand:CXCL8
AF_outer	EP_hyaline	TNFSF9	PVR	0.12144895	0.97	0.014661231	-0.02056707315984157	-0.11490402816136563	0.011693566	0.3016484	1.0	0.004662349062444069	degenerated	True	pain_ligand:TNF
NP_mature_chondrocyte	Pericyte_SMC	PTGS2	CAV1	1.7436857	0.0	2.688046	0.6558642188293822	0.5997892877960918	0.035393395	0.85398704	0.022358887538781447	0.005143852153068086	degenerated	True	pain_ligand:PTGS2
AF_inner	EP_hyaline	VEGFA	ITGB1	1.73212	0.0	3.0000188	0.5855484463985942	0.620074350611058	0.028731152	0.86070085	0.022358887538781447	0.00552678404009099	degenerated	True	pain_ligand:VEGFA
AF_inner	Pericyte_SMC	PTGS2	CAV1	1.732902	0.0	2.6376367	0.6463691040331876	0.44834356670252506	0.03472966	0.8528029	0.022358887538781447	0.005657429334885058	degenerated	True	pain_ligand:PTGS2
NP_mature_chondrocyte	Pericyte_SMC	VEGFA	ITGB1	1.726012	0.0	2.77351	0.5758162747406261	0.756346689007433	0.026561882	0.8559277	0.022358887538781447	0.005789573737076403	degenerated	True	pain_ligand:VEGFA
NP_mature_chondrocyte	EP_ossification	VEGFA	ITGB1	1.6998936	0.0	2.7070348	0.5508706803985675	0.7436816286607925	0.025925249	0.85442543	0.022358887538781447	0.0071011617721063545	degenerated	True	pain_ligand:VEGFA
unassigned	NP_fibrocartilaginous	CXCL8	SDC2	1.9771612	0.0	2.499502	1.1219043361867964	2.0170976129067917	0.052220654	0.8493945	0.002186807740966908	0.007379212427553901	degenerated	True	pain_ligand:CXCL8
unassigned	NP_mature_chondrocyte	PTGS2	CAV1	1.6850758	0.0	2.7199247	0.5710329138691588	1.2450089806726299	0.035813138	0.8547206	0.018779312379432846	0.007854249407640315	degenerated	True	pain_ligand:PTGS2
AF_inner	AF_outer	TNFSF9	HLA-DPA1	0.13148244	0.65	0.015880888	-0.014344023205389734	-0.07199121008183892	0.0043261363	0.31013125	1.0	0.008322232175513384	degenerated	True	pain_ligand:TNF
AF_inner	EP_ossification	VEGFA	CD44	1.6771398	0.0	2.807921	0.6602084157981286	0.7271669110005521	0.031726915	0.85668635	0.022358887538781447	0.008343785676704745	degenerated	True	pain_ligand:VEGFA
unassigned	Macrophage	PTGS2	CAV1	1.6666336	0.0	2.6450183	0.5535656824683514	1.4428163985060236	0.034826852	0.8529781	0.021672754909964884	0.00911558570298012	degenerated	True	pain_ligand:PTGS2
NP_mature_chondrocyte	NP_fibrocartilaginous	VEGFA	ITGB1	1.6646533	0.0	2.6173432	0.5172135312357258	0.8200781923174266	0.025066271	0.85231745	0.022358887538781447	0.009324235171440801	degenerated	True	pain_ligand:VEGFA
EP_hyaline	AF_outer	SLIT3	ROBO1	0.12889338	0.0	0.016601203	0.14732853038619081	0.06695426453013535	0.0069881217	0.3148964	1.0	0.01131446439092363	degenerated	True	pain_receptor:ROBO1
AF_outer	AF_inner	TNFSF9	HLA-DPA1	0.12992148	0.82	0.016878705	-0.015011910401776418	-0.115451369028165	0.0045979526	0.31668735	1.0	0.012311430876230229	degenerated	True	pain_ligand:TNF
unassigned	EP_hyaline	CXCL8	SDC2	1.9396528	0.0	2.2621152	1.0828882165191502	2.0118766236953785	0.04726107	0.8428998	0.0038336127704512845	0.012559364204638422	degenerated	True	pain_ligand:CXCL8
unassigned	EP_hyaline	PTGS2	CAV1	1.6185428	0.0	2.4496884	0.5080154423095101	1.158928564476608	0.03225495	0.8481023	0.022358887538781447	0.01280310408775557	degenerated	True	pain_ligand:PTGS2
NP_mature_chondrocyte	AF_outer	VEGFA	ITGB1	1.5640153	0.0	2.3612049	0.4210946223611892	0.7048012490897729	0.022613237	0.84571743	0.022358887538781447	0.018357590959781855	degenerated	True	pain_ligand:VEGFA
EP_hyaline	NP_fibrocartilaginous	SEMA3B	NRP2_PLXNA3	0.13596345	0.0	0.018201914	0.048090750813387345	0.028833237131003053	0.017013717	0.3249094	0.4549316816640752	0.01862040791843838	degenerated	True	pain_receptor:NRP2
unassigned	EP_ossification	PTGS2	CAV1	1.5531806	0.0	2.1842077	0.44610669551009907	1.1028454227877933	0.028759373	0.8405653	0.022358887538781447	0.019542121566809508	degenerated	True	pain_ligand:PTGS2
EP_hyaline	NP_fibrocartilaginous	SEMA3B	NRP2_PLXNA1	0.13635086	0.0	0.018320316	0.11260112714178191	0.11089796401320004	0.024765396	0.32562092	0.22306269211986204	0.020610868335629497	degenerated	True	pain_receptor:NRP2
AF_inner	NP_fibrocartilaginous	VEGFA	CD44	1.5440965	0.0	2.343074	0.528882106336938	0.5458989972809045	0.026474576	0.84521395	0.022358887538781447	0.02063875382068144	degenerated	True	pain_ligand:VEGFA
AF_inner	EP_hyaline	VEGFA	CD44	1.5382192	0.0	2.3225389	0.5230799566331251	0.5333320414552472	0.026242547	0.8446372	0.022358887538781447	0.021606205603820625	degenerated	True	pain_ligand:VEGFA
NP_mature_chondrocyte	AF_outer	TNFSF9	HLA-DPA1	0.14585891	0.02	0.018582972	0.016506748457345503	-0.012907495421232262	0.0050622146	0.32718578	1.0	0.02260044471227821	degenerated	True	pain_ligand:TNF
AF_inner	Macrophage	VEGFA	ITGB1	1.5288751	0.0	2.2898912	0.39143229833432475	0.41950124022918867	0.021930268	0.8437061	0.022358887538781447	0.023081101228867997	degenerated	True	pain_ligand:VEGFA
unassigned	AF_inner	PTGS2	CAV1	1.5209581	0.0	2.0533297	0.4155867732403755	1.0280907817794969	0.027036112	0.8363812	0.022358887538781447	0.024168033192738504	degenerated	True	pain_ligand:PTGS2
AF_inner	AF_outer	VEGFA	CD44	1.516896	0.0	2.2480369	0.5020312286798069	0.5080895216631651	0.025400741	0.84248596	0.022358887538781447	0.024872233926471282	degenerated	True	pain_ligand:VEGFA
AF_inner	EP_hyaline	TNFSF9	PVR	0.1405122	0.12	0.018932749	0.02034137640034359	-0.0016170967212262854	0.0151004605	0.32924157	0.6525708968258211	0.025251832356900032	degenerated	True	pain_ligand:TNF
EP_hyaline	AF_outer	SEMA3B	NRP2_PLXNA1	0.13914694	0.0	0.019174913	0.1212445706755744	0.1154758461532509	0.025920639	0.33064649	0.21501677237132477	0.02624569676866008	degenerated	True	pain_receptor:NRP2
AF_inner	NP_mature_chondrocyte	VEGFA	ITGB1	1.5017464	0.0	2.195105	0.36552244256025845	0.22091109489242755	0.0210225	0.8408985	0.08178633625659919	0.02725435147653859	degenerated	True	pain_ligand:VEGFA
unassigned	B_cell	CXCL8	CD79A	1.8745321	0.0	1.8499724	3.375339314079202	3.2292005319341195	0.45471916	0.82911944	2.7389925504565212e-09	0.028430524272151973	degenerated	True	pain_ligand:CXCL8
AF_inner	AF_inner	VEGFA	CD44	1.495672	0.0	2.173881	0.48108108756011186	0.517215294591258	0.024562849	0.8402475	0.022358887538781447	0.028973015843855348	degenerated	True	pain_ligand:VEGFA
NP_mature_chondrocyte	EP_hyaline	VEGFA	ITGB1	1.4949185	0.0	2.1853435	0.3551030296284804	0.5486362905198349	0.020929014	0.84060013	0.022358887538781447	0.029227858785146898	degenerated	True	pain_ligand:VEGFA
AF_outer	NP_fibrocartilaginous	TNFSF9	PVR	0.14228544	0.01	0.020114662	0.032908146257813804	-0.001929138053086532	0.016043134	0.33596244	0.5351558024410297	0.031873418146015416	degenerated	True	pain_ligand:TNF
EP_hyaline	Pericyte_SMC	VEGFA	ITGB1	1.4965109	0.0	1.7731367	0.3528516172733695	0.3201386196801832	0.016981315	0.82609326	0.0730036229913797	0.03248414667087081	degenerated	True	pain_ligand:VEGFA
EP_hyaline	NP_fibrocartilaginous	SLIT3	ROBO1	0.14353427	0.0	0.02027273	0.18392060628214532	0.14411735914517776	0.008533617	0.33683613	0.9796371139170079	0.032865807078512985	degenerated	True	pain_receptor:ROBO1
EP_hyaline	AF_outer	NGF	ERBB2	0.14472681	0.0	0.020662695	0.07930144146257612	0.0632114286296526	0.028487999	0.3389675	0.32580869027759624	0.03518052096890398	degenerated	True	pain_ligand:NGF
EP_hyaline	EP_ossification	VEGFA	ITGB1	1.4703925	0.0	1.7306385	0.32790602293131077	0.3074735593335427	0.016574308	0.8243438	0.08313987904928834	0.03530294983577398	degenerated	True	pain_ligand:VEGFA
NP_mature_chondrocyte	NP_fibrocartilaginous	PTGS2	CAV1	1.4538794	0.0	2.0214577	0.38136974962077086	0.3916244147613346	0.026616454	0.835308	0.022358887538781447	0.03781965019889685	degenerated	True	pain_ligand:PTGS2
AF_inner	Pericyte_SMC	VEGFA	CD44	1.4437466	0.0	1.9924561	0.429825647283952	0.43762369400661716	0.022512915	0.8343116	0.022358887538781447	0.04012106648095707	degenerated	True	pain_ligand:VEGFA
EP_hyaline	NP_mature_chondrocyte	SEMA3B	NRP2_PLXNA3	0.1455044	0.0	0.02111801	0.0721576759542293	0.07536388881747169	0.019739456	0.34141368	0.34274707065173293	0.040136571940635093	degenerated	True	pain_receptor:NRP2
AF_inner	NP_fibrocartilaginous	PTGS2	CAV1	1.4430957	0.0	1.983549	0.3718746348245764	0.2401786936677679	0.026117312	0.8340016	0.06852218023505746	0.04041860224151582	degenerated	True	pain_ligand:PTGS2
EP_hyaline	NP_fibrocartilaginous	NGF	SORCS2	0.14653414	0.0	0.021246657	0.09285620375670595	0.0657261823744287	0.016643846	0.34209678	0.3191766692135129	0.04079696058313757	degenerated	True	pain_ligand:NGF
NP_mature_chondrocyte	EP_ossification	VEGFA	CD44	1.4399383	0.0	2.045411	0.42976299902801474	0.655728850909329	0.023111256	0.8361166	0.022358887538781447	0.041188482096600136	degenerated	True	pain_ligand:VEGFA
EP_hyaline	NP_fibrocartilaginous	VEGFA	ITGB1	1.4351522	0.0	1.6732975	0.29424887376846903	0.38387012299017687	0.016025156	0.821891	0.10042789561629331	0.042530522213270874	degenerated	True	pain_ligand:VEGFA
AF_inner	NP_mature_chondrocyte	VEGFA	CD44	1.428987	0.0	1.9408875	0.4152563730150413	0.38302937768339906	0.021930236	0.8324911	0.022358887538781447	0.0438486662874559	degenerated	True	pain_ligand:VEGFA
AF_inner	AF_inner	TNFSF9	HLA-DPA1	0.14898473	0.16	0.021796279	0.02589653915840874	-0.0021644375880256472	0.0059375563	0.3449766	1.0	0.04409743040894869	degenerated	True	pain_ligand:TNF
EP_hyaline	Pericyte_SMC	PTGS2	CAV1	1.5137801	0.0	1.6133237	0.4534118950116164	0.33608100085075	0.02124257	0.8192037	0.02344821101351378	0.045096102332016746	degenerated	True	pain_ligand:PTGS2
EP_hyaline	NP_fibrocartilaginous	NGF	ERBB2	0.14870487	0.0	0.021948038	0.09201947168992747	0.07248743422060536	0.030260123	0.345761	0.30423887058709337	0.04541693504375642	degenerated	True	pain_ligand:NGF
EP_hyaline	AF_inner	NGF	SORT1	0.1487267	0.98	0.02195509	-0.0678827445615212	-0.1791621967073955	0.008999428	0.3457973	1.0	0.04574674879749605	degenerated	True	pain_ligand:NGF
NP_mature_chondrocyte	AF_outer	PTGS2	CAV1	1.4154441	0.0	1.9330523	0.34496464664637627	0.3625746458949082	0.02545242	0.8322089	0.022358887538781447	0.04796322908557077	degenerated	True	pain_ligand:PTGS2
AF_outer	NP_fibrocartilaginous	SEMA3B	NRP2_PLXNA3	0.15241854	0.0	0.022121735	0.09013449497962961	0.10950294916932096	0.02067766	0.3466531	0.27578282388340375	0.048054757859781624	degenerated	True	pain_receptor:NRP2
NP_mature_chondrocyte	EP_hyaline	TNFSF9	PVR	0.15488867	0.0	0.022154097	0.05119214806307883	0.05746661793938038	0.017669756	0.3468187	0.43901942228209084	0.049043536500697676	degenerated	True	pain_ligand:TNF
Macrophage	Pericyte_SMC	PTGS2	CAV1	1.5020909	0.0	1.558681	0.4431182685954643	0.22555778739846533	0.020523092	0.816638	0.07822666653565084	0.05029800523192276	degenerated	True	pain_ligand:PTGS2
AF_outer	NP_fibrocartilaginous	SEMA3B	NRP2_PLXNA1	0.15280594	0.0	0.022265637	0.15464487130802418	0.19156767605151795	0.030098679	0.34738773	0.11539583400908007	0.050361564521533744	degenerated	True	pain_receptor:NRP2
EP_hyaline	AF_outer	NGF	SORT1	0.14981464	1.0	0.022306614	-0.06597553626065841	-0.18728255982553552	0.009143519	0.3475962	1.0	0.05069101019347744	degenerated	True	pain_ligand:NGF
EP_hyaline	AF_outer	SEMA3B	NRP2_PLXNA3	0.14940542	0.0	0.02231032	0.08199793449740106	0.07453673223876081	0.020853937	0.34761503	0.30286852385006524	0.05134982794384001	degenerated	True	pain_receptor:NRP2
AF_inner	AF_outer	PTGS2	CAV1	1.4046605	0.0	1.8968014	0.33546953185018175	0.2111289248013415	0.024975108	0.830883	0.09026474069491439	0.05162830022925313	degenerated	True	pain_ligand:PTGS2
unassigned	Macrophage	CXCL8	SDC2	1.825552	0.0	1.5399812	0.9642006609756409	1.9351668781903761	0.032173943	0.81573266	0.022358887538781447	0.05196342761399337	degenerated	True	pain_ligand:CXCL8
AF_inner	T_cell	VEGFA	CD44	1.4009371	0.0	1.842882	0.38756849239716235	0.6483352089567396	0.020822866	0.82884717	0.022358887538781447	0.052926553806007706	degenerated	True	pain_ligand:VEGFA
AF_inner	AF_inner	VEGFA	ITGB1	1.3851418	0.0	1.7876943	0.2541553322251823	0.11314946495592104	0.017120732	0.8266798	0.21921323519408165	0.05706230771934778	degenerated	True	pain_ligand:VEGFA
AF_outer	AF_outer	SEMA3B	NRP2_PLXNA1	0.15560202	0.0	0.023304272	0.16328831484181666	0.19614555819156881	0.031502705	0.35257363	0.10295461593616677	0.05924799392196477	degenerated	True	pain_receptor:NRP2
unassigned	EP_ossification	CXCL8	SDC2	1.8123412	0.0	1.4563719	0.9504589410547115	1.8226842224480442	0.030427141	0.81150025	0.022358887538781447	0.061240000904701386	degenerated	True	pain_ligand:CXCL8
EP_hyaline	Pericyte_SMC	SLIT3	ROBO1	0.15749742	0.0	0.023774294	0.21881879587172698	0.1664694193473043	0.010007567	0.35485598	0.7320631998657146	0.06614730932208192	degenerated	True	pain_receptor:ROBO1
EP_hyaline	EP_hyaline	SLIT3	ROBO1	0.15818083	0.0	0.023945676	0.22052675479254497	0.15735625683488536	0.010079709	0.35567862	0.7169331704791053	0.06778841040787241	degenerated	True	pain_receptor:ROBO1
EP_hyaline	AF_outer	TNFSF9	HLA-DPA1	0.1754085	0.0	0.02413687	0.07991802947815979	0.12945147639634547	0.0065751593	0.3565904	1.0	0.06975692787513432	degenerated	True	pain_ligand:TNF
T_cell	AF_inner	CXCL8	SDC2	1.348573	0.0	1.7982359	0.6133907011337232	0.6064901053366802	0.037569508	0.82710063	0.022358887538781447	0.07100300620525943	degenerated	True	pain_ligand:CXCL8
Macrophage	AF_inner	CXCL8	SDC2	1.3462956	0.0	1.7914424	0.6113593797724591	0.6128363447390854	0.037427574	0.82682985	0.022358887538781447	0.07194918587123894	degenerated	True	pain_ligand:CXCL8
EP_hyaline	EP_hyaline	SEMA3B	NRP2_PLXNA3	0.15613896	0.0	0.024368357	0.0989829686400239	0.1390931790086722	0.022777626	0.35768613	0.24555035475238093	0.07238023744268003	degenerated	True	pain_receptor:NRP2
EP_hyaline	AF_outer	VEGFA	ITGB1	1.3345141	0.0	1.5095453	0.19812996489393256	0.26859317976252317	0.014456902	0.81422764	0.16871936469101687	0.076882228099432	degenerated	True	pain_ligand:VEGFA
AF_inner	Pericyte_SMC	VEGFA	ITGAV	1.3258183	0.0	1.580421	0.717802635392329	0.8443255171130365	0.050290357	0.81767285	0.0038071383859810673	0.08149254490968043	degenerated	True	pain_ligand:VEGFA
AF_inner	NP_mature_chondrocyte	VEGFA	NRP2	1.3206363	0.0	1.5623151	0.5823050384934174	0.8265716792480954	0.046546012	0.8168123	0.011640190797434852	0.08405398718181657	degenerated	True	pain_ligand:VEGFA; pain_receptor:NRP2
NP_mature_chondrocyte	AF_inner	TNFSF9	HLA-DPA1	0.1633612	0.0	0.025504848	0.05674731082114398	0.056919277072581015	0.0069478126	0.36293924	1.0	0.08645373578152446	degenerated	True	pain_ligand:TNF
AF_outer	NP_mature_chondrocyte	SEMA3B	NRP2_PLXNA3	0.16195948	0.0	0.02566582	0.11420142012047156	0.1560336008557896	0.023990393	0.36366692	0.2027250119202163	0.08939363870958965	degenerated	True	pain_receptor:NRP2
AF_inner	EP_hyaline	ADAM10	IL6R	0.16142847	1.0	0.025774412	-0.15902952292740646	-0.5035549935874959	0.0019209086	0.36415556	1.0	0.09037316395275156	degenerated	True	pain_receptor:IL6R
NP_mature_chondrocyte	NP_fibrocartilaginous	VEGFA	CD44	1.306895	0.0	1.7067965	0.29843668956682423	0.4744609371896814	0.019285226	0.8233372	0.03494595021125614	0.09139475121554254	degenerated	True	pain_ligand:VEGFA
unassigned	Pericyte_SMC	VEGFA	ITGB1	1.3811929	0.0	1.2704769	0.2408182828324785	0.541703479569656	0.012167347	0.80083317	0.3381346228575884	0.09145710935870507	degenerated	True	pain_ligand:VEGFA
AF_inner	NP_fibrocartilaginous	TNFSF9	PVR	0.16134869	0.0	0.025975024	0.07381659581799896	0.11135779338705282	0.020717267	0.36505362	0.33641215003107316	0.09298415681255766	degenerated	True	pain_ligand:TNF
NP_mature_chondrocyte	EP_ossification	FGF2	CD44	1.3017015	0.0	1.601034	0.39749671338164394	0.6890706187904609	0.029456036	0.8186367	0.022358887538781447	0.09485337989954583	degenerated	True	pain_ligand:FGF2
NP_mature_chondrocyte	EP_hyaline	VEGFA	CD44	1.3010176	0.0	1.6918378	0.29263453986301136	0.46189398136402404	0.019116206	0.8226961	0.03721672190238588	0.09517071760412589	degenerated	True	pain_ligand:VEGFA
AF_inner	B_cell	VEGFA	CD44	1.2994653	0.0	1.4883446	0.2874055533813151	0.39451743053751454	0.016816918	0.8131556	0.07714806610009997	0.09593430712551174	degenerated	True	pain_ligand:VEGFA
AF_inner	Macrophage	VEGFA	CD44	1.2984042	0.0	1.4846373	0.2863580705510565	0.4210885143589014	0.01677503	0.81296605	0.07825764892708696	0.09702083650092061	degenerated	True	pain_ligand:VEGFA
unassigned	EP_ossification	VEGFA	ITGB1	1.3550744	0.0	1.2400264	0.21587268849041977	0.5290384192230155	0.011875721	0.79889137	0.40525017950214254	0.0973414688111559	degenerated	True	pain_ligand:VEGFA
NP_mature_chondrocyte	Macrophage	VEGFA	ITGB1	1.2916737	0.0	1.6680559	0.16098688156421093	0.34806318013796556	0.015974956	0.82166123	0.10634537137296297	0.1011614033847105	degenerated	True	pain_ligand:VEGFA
AF_outer	EP_ossification	TNFSF9	PVR	0.16710868	0.13	0.026611526	0.09661510567514323	0.07894555868263439	0.02122493	0.36786386	0.6656445032144811	0.10178472499628867	degenerated	True	pain_ligand:TNF
T_cell	NP_mature_chondrocyte	CXCL8	SDC2	1.2886374	0.0	1.6537075	0.551046909255842	0.8094536823965848	0.03454996	0.82102734	0.022358887538781447	0.10280023445974668	degenerated	True	pain_ligand:CXCL8
Macrophage	NP_mature_chondrocyte	CXCL8	SDC2	1.28636	0.0	1.64746	0.5490155878945779	0.81579992179899	0.034419432	0.82074916	0.022358887538781447	0.10425232847857575	degenerated	True	pain_ligand:CXCL8
Pericyte_SMC	Pericyte_SMC	ANGPT1	ITGB1	1.368243	0.0	1.2140297	0.8981059975872617	0.8296173723765499	0.048074577	0.79718405	0.004309448079631192	0.10445105988725614	degenerated	True	pain_ligand:ANGPT1
EP_hyaline	NP_fibrocartilaginous	NGF	SORT1	0.16408436	1.0	0.026917275	-0.04095994402572541	-0.16173176589420102	0.011033437	0.36919317	1.0	0.10471429581959953	degenerated	True	pain_ligand:NGF
NP_mature_chondrocyte	AF_outer	VEGFA	CD44	1.2796946	0.0	1.6375673	0.2715858119096931	0.436651461571942	0.018503	0.82030565	0.044391657993307326	0.10859668104516082	degenerated	True	pain_ligand:VEGFA
unassigned	NP_fibrocartilaginous	VEGFA	ITGB1	1.3198342	0.0	1.1989408	0.18221553932757803	0.6054349828796497	0.011482244	0.79617107	0.459940644453378	0.10879913474366953	degenerated	True	pain_ligand:VEGFA
AF_outer	AF_outer	SEMA3B	NRP2_PLXNA3	0.1658605	0.0	0.027114898	0.12404167866364332	0.15520644427707872	0.025344877	0.37004536	0.1757740594798828	0.10959253382478022	degenerated	True	pain_receptor:NRP2
T_cell	AF_outer	TNFSF13B	CD40	0.1665569	0.0	0.02728158	0.20255046961734058	0.15372055540228194	0.017019624	0.37075993	0.15406122035616385	0.11121739192546683	degenerated	True	pain_ligand:TNF
Pericyte_SMC	EP_ossification	ANGPT1	ITGB1	1.3421246	0.0	1.184932	0.8731604032452029	0.8169523120299094	0.04692233	0.7952157	0.004783930020928579	0.11260964900558183	degenerated	True	pain_ligand:ANGPT1
AF_outer	AF_outer	TNFSF9	PVR	0.17102613	0.0	0.027636819	0.10666879871167148	0.11083998840310558	0.02204269	0.37227032	0.22313067572015197	0.11771073484377521	degenerated	True	pain_ligand:TNF
EP_hyaline	EP_hyaline	VEGFA	ITGB1	1.2654173	0.0	1.3971151	0.13213837216122368	0.11242822119258511	0.013380159	0.8083026	0.2415570113654978	0.1180159791771283	degenerated	True	pain_ligand:VEGFA
NP_mature_chondrocyte	NP_mature_chondrocyte	VEGFA	ITGB1	1.264545	0.0	1.5990094	0.13507702579014463	0.14947303480120444	0.015313698	0.8185428	0.15964603698806937	0.11850676309287946	degenerated	True	pain_ligand:VEGFA
AF_inner	EP_ossification	VEGFA	EGFR	1.2620785	0.0	1.3577173	1.038360700329565	1.0774685178238401	0.0871724	0.8060767	0.0005905306205283313	0.12069128104369414	degenerated	True	pain_ligand:VEGFA
NP_mature_chondrocyte	AF_inner	VEGFA	CD44	1.2584704	0.0	1.5835489	0.25063567078999804	0.4457772345000349	0.017892642	0.8178202	0.054020497831188036	0.12296512875520801	degenerated	True	pain_ligand:VEGFA
Pericyte_SMC	NP_fibrocartilaginous	ANGPT1	ITGB1	1.3068843	0.0	1.1456718	0.8395032540823613	0.8933488756865435	0.045367662	0.79245853	0.004923267353053483	0.12382274949133071	degenerated	True	pain_ligand:ANGPT1
AF_inner	Macrophage	VEGFA	NRP2	1.2531633	0.0	1.326568	0.5034956142191971	0.6111887308150569	0.039522406	0.80425626	0.022358887538781447	0.12655624837501292	degenerated	True	pain_ligand:VEGFA; pain_receptor:NRP2
EP_hyaline	EP_hyaline	NGF	SORCS2	0.16884957	0.0	0.028456952	0.16521076107778673	0.10168315654510866	0.022292126	0.37569356	0.24249646387488338	0.1287270818485246	degenerated	True	pain_ligand:NGF
NP_mature_chondrocyte	NP_mature_chondrocyte	PTGS2	CAV1	1.2446828	0.0	1.5402815	0.18322520589350205	0.07655454803396045	0.020280825	0.8157473	0.2934887750351523	0.1325460012707055	degenerated	True	pain_ligand:PTGS2
EP_hyaline	EP_hyaline	TNFSF9	PVR	0.18443826	0.0	0.028775295	0.11460342908389312	0.1998255897569581	0.022950718	0.37699905	0.20139955218539948	0.1329317817759138	degenerated	True	pain_ligand:TNF
NP_mature_chondrocyte	AF_inner	FGF2	SDC2	1.2437737	0.0	1.4856303	0.44723147081686526	0.7004213719627277	0.046264533	0.8130169	0.022358887538781447	0.13328495075525265	degenerated	True	pain_ligand:FGF2
AF_inner	Pericyte_SMC	ADAM10	IL6R	0.1727013	1.0	0.029033482	-0.14250693815417367	-0.42815295697067746	0.0021637997	0.37804863	1.0	0.1361633715799415	degenerated	True	pain_receptor:IL6R
EP_ossification	AF_outer	GRN	TNFRSF1A	1.2362579	0.0	1.3155725	0.5439439014891347	0.4833971701317603	0.021857273	0.8036002	0.022358887538781447	0.13865957616033572	degenerated	True	pain_receptor:TNFRSF1A
AF_inner	NP_mature_chondrocyte	PTGS2	CAV1	1.2338992	0.0	1.5113964	0.17373009109730755	-0.07489117305960624	0.019900497	0.81432027	0.6519746766645718	0.1408511555693321	degenerated	True	pain_ligand:PTGS2
EP_hyaline	Macrophage	NGF	MAGED1	0.17188984	1.0	0.029439285	-0.26160771938908667	-0.4551825177004477	0.005816824	0.37968183	1.0	0.14261926444898748	degenerated	True	pain_ligand:NGF
NP_mature_chondrocyte	EP_hyaline	ADAM10	IL6R	0.17195839	1.0	0.029529437	-0.14162449421657902	-0.571649471287788	0.002200762	0.380042	1.0	0.14423172026162573	degenerated	True	pain_receptor:IL6R
AF_outer	EP_hyaline	SEMA3B	NRP2_PLXNA3	0.17259404	0.0	0.029616138	0.14102671280626616	0.21976289104699012	0.027682837	0.3803874	0.14013959806688264	0.14552126427534987	degenerated	True	pain_receptor:NRP2
NP_mature_chondrocyte	Macrophage	PTGS2	CAV1	1.2262406	0.0	1.4978625	0.16575797449269464	0.2743619658673542	0.019722294	0.8136393	0.09920062842141594	0.14635839695977806	degenerated	True	pain_ligand:PTGS2
EP_ossification	AF_outer	NGF	ERBB2	0.17997462	0.08	0.029679053	0.15307670300755666	0.25332525310812726	0.040919002	0.38063753	0.5859597794384245	0.1477770037169187	degenerated	True	pain_ligand:NGF
EP_hyaline	NP_fibrocartilaginous	PTGS2	CAV1	1.2239738	0.0	1.2132477	0.17891742580300513	0.12791612781599282	0.015974784	0.79713196	0.193277343171073	0.14891392700223852	degenerated	True	pain_ligand:PTGS2
Pericyte_SMC	Pericyte_SMC	VEGFA	ITGB1	1.3344007	0.0	1.0665144	0.19535882665243123	-0.06316273717992882	0.010213999	0.7865094	0.7413892586018922	0.1500040164665889	degenerated	True	pain_ligand:VEGFA
unassigned	AF_outer	VEGFA	ITGB1	1.2191961	0.0	1.0816101	0.08609663045304156	0.490158039651996	0.010358569	0.787687	0.6534026009349826	0.15243031281497987	degenerated	True	pain_ligand:VEGFA
NP_mature_chondrocyte	EP_hyaline	CXCL2	DPP4	0.18082047	0.07	0.030024387	0.006504663878470984	-0.10732293054080794	0.008823374	0.3820021	1.0	0.15325027980033468	degenerated	True	pain_ligand:CXCL2
T_cell	Pericyte_SMC	VEGFA	ITGB1	1.3316551	0.0	1.0545468	0.19269151043814955	0.15391626136781256	0.010099385	0.78556037	0.7125376918191457	0.15463663709915326	degenerated	True	pain_ligand:VEGFA
AF_inner	Macrophage	PTGS2	CAV1	1.2154571	0.0	1.4697728	0.15626285969650014	0.12291624477378749	0.01935244	0.81219983	0.20089632875113908	0.1562211700755385	degenerated	True	pain_ligand:PTGS2
NP_mature_chondrocyte	AF_inner	PIGF	FLT1	0.17584607	0.99	0.030361649	-0.05060060371489455	-0.15718838446518074	0.0081029255	0.38332146	1.0	0.15710955012029634	degenerated	True	pain_receptor:FLT1
NP_mature_chondrocyte	AF_outer	CXCL8	SDC1	0.19848065	1.0	0.030371256	0.003439055411751782	-0.7853379931528675	0.008585419	0.3833589	1.0	0.15807382240051912	degenerated	True	pain_ligand:CXCL8
Macrophage	NP_fibrocartilaginous	PTGS2	CAV1	1.2122846	0.0	1.1721554	0.16862379938685307	0.017392914363708156	0.015433724	0.79433167	0.45238483455630013	0.15845150702659996	degenerated	True	pain_ligand:PTGS2
NP_mature_chondrocyte	NP_fibrocartilaginous	TNFSF9	PVR	0.17572516	0.0	0.030394593	0.1046673674807342	0.17044150804765948	0.024242243	0.38344967	0.22855067665488588	0.15871654943548713	degenerated	True	pain_ligand:TNF
EP_ossification	AF_inner	VEGFA	GPC1	0.17493513	1.0	0.030469824	-0.439299491180975	-0.9259830885962361	0.001741354	0.38374195	1.0	0.16000171277387165	degenerated	True	pain_ligand:VEGFA
Pericyte_SMC	EP_ossification	VEGFA	ITGB1	1.3082823	0.09	1.0409523	0.1704132323103725	-0.07582779752656932	0.009969191	0.78446555	0.7949904768269401	0.1600531498195149	degenerated	True	pain_ligand:VEGFA
EP_hyaline	EP_ossification	VEGFA	CD44	1.2104372	0.02	1.3076547	0.20679834156075808	0.21952078158207922	0.014775291	0.8031235	0.4434763784350897	0.16021370507348864	degenerated	True	pain_ligand:VEGFA
EP_ossification	NP_fibrocartilaginous	NGF	SORCS2	0.18178193	0.07	0.030517831	0.1666314653016865	0.2558400068529033	0.023906542	0.38392812	0.5691921959822556	0.16064414909190217	degenerated	True	pain_ligand:NGF
EP_ossification	NP_mature_chondrocyte	SEMA3A	NRP2	1.2090076	0.0	1.3626566	1.032475059919726	1.3044818057780074	0.08484764	0.8063603	0.0004374586494457522	0.1611785276706854	degenerated	True	pain_ligand:SEMA3A; pain_receptor:NRP2
AF_inner	EP_hyaline	VEGFA	NRP2	1.2066556	0.0	1.1640723	0.44917411330921275	0.5258136244724498	0.03468117	0.7937657	0.022358887538781447	0.16319678983494543	degenerated	True	pain_ligand:VEGFA; pain_receptor:NRP2
NP_mature_chondrocyte	Pericyte_SMC	VEGFA	CD44	1.206545	0.0	1.4513912	0.19938023051383819	0.36618563391539405	0.016399382	0.8112381	0.08777329923444857	0.16335872750310415	degenerated	True	pain_ligand:VEGFA
Pericyte_SMC	AF_outer	ANGPT1	ITGB1	1.2062463	0.0	1.0335541	0.7433843452078248	0.7780719324588898	0.04092789	0.78386194	0.009259220764119065	0.163601750334636	degenerated	True	pain_ligand:ANGPT1
EP_ossification	Pericyte_SMC	VEGFA	GPC1	0.17573404	1.0	0.030767731	-0.4379750002177619	-0.8996620252027969	0.0017583794	0.38489303	1.0	0.16417581710979512	degenerated	True	pain_ligand:VEGFA
T_cell	EP_ossification	VEGFA	ITGB1	1.3055367	0.03	1.0292716	0.16774591609609082	0.14125120102117206	0.009857325	0.78350997	0.7628694465682596	0.16449427116232468	degenerated	True	pain_ligand:VEGFA
EP_ossification	NP_fibrocartilaginous	GRN	TNFRSF1A	1.2047894	0.0	1.2087356	0.5055747536074046	0.44936164182896066	0.020082254	0.79683053	0.026982712717363168	0.16506332495280301	degenerated	True	pain_receptor:TNFRSF1A
AF_inner	NP_fibrocartilaginous	VEGFA	NRP2	1.1958201	0.0	1.1262133	0.4365178445929607	0.446925118472448	0.033553243	0.7910464	0.022358887538781447	0.17113200940469092	degenerated	True	pain_ligand:VEGFA; pain_receptor:NRP2
AF_inner	B_cell	VEGFA	ITGB1	1.1940558	0.06	1.120049	0.07165251122478083	0.001002598258064924	0.010726699	0.79059243	0.5829329419621893	0.1722080313538511	degenerated	True	pain_ligand:VEGFA
AF_inner	EP_ossification	VEGFA	NRP2	1.1920483	0.0	1.113035	0.4321126225631996	0.45989846063294715	0.03316062	0.79007196	0.022358887538781447	0.1739525059126253	degenerated	True	pain_ligand:VEGFA; pain_receptor:NRP2
NP_mature_chondrocyte	NP_mature_chondrocyte	VEGFA	CD44	1.1917856	0.0	1.4138263	0.1848109562449275	0.31159131759217595	0.015974933	0.80922216	0.1024227481833714	0.17420232601296537	degenerated	True	pain_ligand:VEGFA
EP_ossification	NP_fibrocartilaginous	NGF	ERBB2	0.18395266	0.07	0.031525265	0.165794733234908	0.26260125869908	0.043464407	0.3877763	0.5691921959822556	0.17443310648835478	degenerated	True	pain_ligand:NGF
EP_ossification	AF_inner	NGF	SORT1	0.18397449	0.55	0.031535394	0.005892516983459356	0.010951627771079137	0.012926412	0.3878144	1.0	0.17475324759823843	degenerated	True	pain_ligand:NGF
Pericyte_SMC	NP_fibrocartilaginous	VEGFA	ITGB1	1.273042	0.03	1.0064627	0.13675608314753077	0.0005687661300648461	0.009638883	0.7816034	0.8167209838377556	0.1750362491499951	degenerated	True	pain_ligand:VEGFA
T_cell	NP_fibrocartilaginous	VEGFA	ITGB1	1.2702965	0.0	0.9951689	0.1340887669332491	0.21764776467780622	0.009530723	0.7806387	0.8409151204419074	0.180076319307336	degenerated	True	pain_ligand:VEGFA
EP_hyaline	AF_outer	PTGS2	CAV1	1.1855385	0.0	1.1601881	0.14251232282861048	0.09886635894956641	0.01527615	0.7934921	0.2472348967052669	0.18058376154310637	degenerated	True	pain_ligand:PTGS2
NP_mature_chondrocyte	NP_mature_chondrocyte	FGF2	SDC2	1.1838381	0.0	1.3662267	0.38488767893898407	0.9033849490226322	0.042546146	0.8065645	0.022358887538781447	0.18261975661186647	degenerated	True	pain_ligand:FGF2
EP_hyaline	AF_outer	NGF	SORCS2	0.17957622	0.0	0.03192282	0.19999052661109848	0.16535164893825974	0.02500716	0.38926488	0.13756720502121875	0.18466564804917657	degenerated	True	pain_ligand:NGF
AF_inner	unassigned	VEGFA	CD44	1.1795335	0.0	1.069309	0.16902085798288335	0.49147489060936467	0.012082204	0.78672904	0.37637755247474297	0.18637821983945596	degenerated	True	pain_ligand:VEGFA
EP_ossification	AF_outer	NGF	SORT1	0.18506244	0.52	0.032040313	0.007799725284322143	0.0028312646529391194	0.013133378	0.38970166	1.0	0.1865814920842208	degenerated	True	pain_ligand:NGF
NP_mature_chondrocyte	EP_hyaline	PTGS2	CAV1	1.1781499	0.0	1.387248	0.12020773433385341	-0.009525868162061357	0.01826584	0.8077529	0.5401526161583504	0.188011502188695	degenerated	True	pain_ligand:PTGS2
EP_ossification	EP_ossification	GRN	TNFRSF1A	1.1775997	0.0	1.1164256	0.4724213220512081	0.41445117435990275	0.018548591	0.7903241	0.04380720056988644	0.18887360247446894	degenerated	True	pain_receptor:TNFRSF1A
EP_hyaline	EP_ossification	FGF2	CD44	1.1758978	0.01	1.1966244	0.25613636763882586	0.28520440402425395	0.022015655	0.7960141	0.38818642579131674	0.19103632548441685	degenerated	True	pain_ligand:FGF2
Macrophage	AF_outer	PTGS2	CAV1	1.1738493	0.0	1.1208929	0.13221869641245848	-0.01165685450271825	0.014758753	0.7906547	0.5482468856710315	0.19277420645647997	degenerated	True	pain_ligand:PTGS2
EP_ossification	EP_hyaline	GRN	TNFRSF1A	1.1708316	0.0	1.0934474	0.4641685971972189	0.38723122271810806	0.018166827	0.78859574	0.049697925824693324	0.19565662781003834	degenerated	True	pain_receptor:TNFRSF1A
EP_hyaline	Pericyte_SMC	ANGPT1	ITGA5	0.18908894	0.95	0.03279606	-0.09263666644878552	-0.20733374507859192	0.0044454434	0.39247757	1.0	0.19646617464166888	degenerated	True	pain_ligand:ANGPT1
NP_mature_chondrocyte	NP_fibrocartilaginous	FGF2	CD44	1.1686583	0.0	1.3359855	0.26617040392045344	0.5078027050708134	0.024579637	0.8048125	0.022358887538781447	0.1979406442338095	degenerated	True	pain_ligand:FGF2
AF_inner	EP_hyaline	PTGS2	CAV1	1.1673663	0.0	1.3612328	0.11071261953765892	-0.16097158925562804	0.017923297	0.8062787	1.0	0.19944021485927987	degenerated	True	pain_ligand:PTGS2
EP_hyaline	AF_inner	ANGPT1	ITGA5	0.18976602	1.0	0.03297846	-0.0916887023322696	-0.2480568178402343	0.0044701677	0.393139	1.0	0.20028627880251398	degenerated	True	pain_ligand:ANGPT1
AF_inner	NP_mature_chondrocyte	VEGFA	ITGAV	1.1662854	0.0	1.0230206	0.5040092215591988	0.6427818587008896	0.032553397	0.78299284	0.022358887538781447	0.20085605587526906	degenerated	True	pain_ligand:VEGFA
NP_mature_chondrocyte	T_cell	VEGFA	CD44	1.1637356	0.0	1.342435	0.15712307562704853	0.5768971488655165	0.015168277	0.80519044	0.1340997907533729	0.2027209211499597	degenerated	True	pain_ligand:VEGFA
EP_hyaline	AF_inner	TNFSF9	HLA-DPA1	0.19291079	0.0	0.033127487	0.12015859184195828	0.19927824889015874	0.009024306	0.39367694	0.9723000868818823	0.20314907848915725	degenerated	True	pain_ligand:TNF
NP_mature_chondrocyte	EP_hyaline	FGF2	CD44	1.1627809	0.0	1.3242766	0.26036825421664056	0.495235749245156	0.024364216	0.8041201	0.024210279492892287	0.20441454573665235	degenerated	True	pain_ligand:FGF2
NP_mature_chondrocyte	Pericyte_SMC	ADAM10	IL6R	0.1832312	0.99	0.033263315	-0.12510190944334626	-0.49624743467096954	0.0024790396	0.3941654	1.0	0.20569215041406524	degenerated	True	pain_receptor:IL6R
EP_ossification	Macrophage	GRN	TNFRSF1A	1.1614761	0.0	1.0616857	0.4527615356174903	0.4492006538078961	0.017639128	0.78612816	0.05861909407981997	0.20611427295135842	degenerated	True	pain_receptor:TNFRSF1A
B_cell	EP_hyaline	VEGFB	ADRB2	0.1856707	1.0	0.033479284	-0.2679017069994874	-0.4122834405918391	0.0043156636	0.39493838	1.0	0.208868837893928	degenerated	True	pain_ligand:VEGFB
EP_hyaline	EP_ossification	SEMA3B	NRP2_PLXNA3	0.18712762	0.03	0.033839747	0.17715116468480097	0.24020922459227384	0.03163074	0.39621866	0.4838309971864258	0.21172578295646527	degenerated	True	pain_receptor:NRP2
AF_inner	NP_fibrocartilaginous	VEGFA	ITGAV	1.1564178	0.0	0.9885436	0.49078507134141514	0.5495049232974122	0.03145631	0.7800662	0.022358887538781447	0.2119747930240152	degenerated	True	pain_ligand:VEGFA
AF_inner	EP_ossification	FGF2	CD44	1.1536809	0.01	1.1252058	0.23117221759480552	0.1983666597801319	0.020701684	0.79097235	0.38818642579131674	0.2150683431049933	degenerated	True	pain_ligand:FGF2
AF_inner	AF_inner	ADAM10	IL6R	0.19008896	1.0	0.034060404	-0.11702186278897332	-0.4007318130286259	0.002538445	0.39699635	1.0	0.21616604363006453	degenerated	True	pain_receptor:IL6R
Pericyte_SMC	AF_inner	PIGF	FLT1	0.18549205	0.59	0.034210674	-0.031634378012488855	-0.08357398935863758	0.009130154	0.3975234	1.0	0.2183844051186894	degenerated	True	pain_receptor:FLT1
unassigned	EP_hyaline	VEGFA	ITGB1	1.1500993	0.02	1.0010523	0.020105037720332675	0.33399308108205794	0.009587068	0.781143	0.8293886999046057	0.21928424593181195	degenerated	True	pain_ligand:VEGFA
T_cell	Pericyte_SMC	PTGS2	CAV1	1.3639879	0.0	0.91310126	0.32150585445946556	0.14406619862551162	0.012022769	0.7731808	0.38418653408470177	0.21928424593181195	degenerated	True	pain_ligand:PTGS2
AF_inner	EP_ossification	TNFSF9	PVR	0.18617192	0.07	0.034364734	0.1375235552353284	0.19223249012277374	0.027408766	0.39806157	0.5691921959822556	0.22060158779291525	degenerated	True	pain_ligand:TNF
NP_mature_chondrocyte	AF_inner	VEGFA	ITGB1	1.1479404	0.2	1.3022338	0.023709915455068425	0.04171140486469793	0.012471481	0.80279475	0.7481624991200764	0.2211281513293187	degenerated	True	pain_ligand:VEGFA
Pericyte_SMC	AF_outer	VEGFA	ITGB1	1.1724039	0.21	0.9079683	0.04063717427299429	-0.11470817709758885	0.008695603	0.77268606	1.0	0.22159013896450858	degenerated	True	pain_ligand:VEGFA
EP_ossification	unassigned	GRN	TNFRSF1A	1.146485	0.0	1.01079	0.43448251717012315	0.9632118037109182	0.016793534	0.78196937	0.07779387827034451	0.22288594483410168	degenerated	True	pain_receptor:TNFRSF1A
B_cell	Pericyte_SMC	VEGFA	ITGB1	1.2966785	0.0	0.9020872	0.15871108441375506	-0.027033502493832073	0.008639282	0.7721149	1.0	0.22427790131346984	degenerated	True	pain_ligand:VEGFA
AF_inner	NP_mature_chondrocyte	ADAM10	IL6R	0.19170275	1.0	0.034526963	-0.11465641758464765	-0.4642236864888346	0.0025732166	0.39862597	1.0	0.2243997307319331	degenerated	True	pain_receptor:IL6R
T_cell	AF_outer	VEGFA	ITGB1	1.1696584	0.04	0.89777976	0.03796985805871261	0.10237082145015253	0.008598028	0.77169347	1.0	0.22660597936413934	degenerated	True	pain_ligand:VEGFA
AF_inner	AF_inner	VEGFA	NRP2	1.1419095	0.0	0.9378522	0.37354997458735884	0.36943895812342076	0.027941404	0.7755174	0.022358887538781447	0.22697942454256315	degenerated	True	pain_ligand:VEGFA; pain_receptor:NRP2
EP_ossification	Macrophage	SEMA3A	NRP2	1.1415347	0.0	1.1570373	0.9536656356455057	1.0890988573449691	0.07204447	0.79326916	0.0006692852556902573	0.22744661777902223	degenerated	True	pain_ligand:SEMA3A; pain_receptor:NRP2
NP_mature_chondrocyte	AF_outer	FGF2	CD44	1.1414578	0.0	1.2817967	0.23931952626332229	0.469993229453074	0.023582663	0.80153966	0.03362777805811271	0.22772709977523586	degenerated	True	pain_ligand:FGF2
AF_inner	Macrophage	VEGFA	ITGAV	1.1396718	0.0	0.9300342	0.4683436530245062	0.5825867581730652	0.02959449	0.7747879	0.022358887538781447	0.2304462006389762	degenerated	True	pain_ligand:VEGFA
NP_mature_chondrocyte	EP_hyaline	ADAM17	IL6R	0.18721546	1.0	0.03497019	-0.08712740735243515	-0.3927016208704608	0.0033584463	0.4001558	1.0	0.23135400293459768	degenerated	True	pain_receptor:IL6R
Pericyte_SMC	EP_hyaline	ANGPT1	ITGB1	1.1371495	0.0	0.9565755	0.6773927524751159	0.6219069738889518	0.0378796	0.7772334	0.022358887538781447	0.23327345707814073	degenerated	True	pain_ligand:ANGPT1
AF_inner	AF_outer	VEGFA	ITGAV	1.1362191	0.0	0.91797066	0.46371685641775795	0.4763974313503201	0.029210618	0.77364683	0.022358887538781447	0.23469254748899943	degenerated	True	pain_ligand:VEGFA
B_cell	EP_ossification	VEGFA	ITGB1	1.2705601	0.08	0.8804661	0.13376549007169633	-0.03969856284047257	0.008432216	0.7699735	1.0	0.236590363802127	degenerated	True	pain_ligand:VEGFA
T_cell	NP_mature_chondrocyte	TNFSF13B	CD40	0.18767442	0.0	0.035221584	0.2508342920063851	0.27272851723024627	0.021972997	0.4010158	0.048453287521458104	0.23766597992256216	degenerated	True	pain_ligand:TNF
NP_fibrocartilaginous	Pericyte_SMC	VEGFA	ITGB1	1.291081	0.0	0.8776878	0.15327291617683053	-0.18632208554404628	0.008405608	0.76969355	1.0	0.23859005005520173	degenerated	True	pain_ligand:VEGFA
EP_ossification	AF_inner	GRN	TNFRSF1A	1.1310474	0.0	0.9583788	0.4156592825934686	0.3344765542400022	0.01592276	0.77739644	0.10394786292824926	0.24184267986801136	degenerated	True	pain_receptor:TNFRSF1A
AF_inner	AF_outer	TNFSF9	PVR	0.19008937	0.0	0.035688743	0.14757724827185664	0.22412691984324493	0.028464777	0.40259933	0.12678256465411145	0.2445980819354126	degenerated	True	pain_ligand:TNF
EP_ossification	AF_outer	SLIT3	ROBO1	0.20106104	0.0	0.03571131	0.41187065395166467	0.38043098739642744	0.015032344	0.40267536	0.14009163585194045	0.24491290089802475	degenerated	True	pain_receptor:ROBO1
B_cell	AF_inner	VEGFB	ADRB2	0.19323929	1.0	0.035812493	-0.25426821823676665	-0.5020537545930723	0.0046164272	0.40301564	1.0	0.24711596222749388	degenerated	True	pain_ligand:VEGFB
NP_mature_chondrocyte	AF_outer	NGF	ERBB2	0.2042872	0.0	0.035898197	0.20396402410338743	0.3767209221386375	0.04949344	0.40330324	0.056940845902006924	0.24931784881531222	degenerated	True	pain_ligand:NGF
T_cell	Pericyte_SMC	TNFSF13B	TFRC	0.18981919	1.0	0.036027998	-0.02481122567868002	-0.27013868650474127	0.0064147366	0.40373757	1.0	0.2512042454153205	degenerated	True	pain_ligand:TNF
EP_ossification	EP_ossification	FGF2	CD44	1.1233758	0.06	1.0277864	0.1971195514855566	0.21710088043912934	0.018909348	0.7833875	0.5527870740140701	0.25171172431323074	degenerated	True	pain_ligand:FGF2
Macrophage	AF_outer	TNFSF13B	CD40	0.19683254	0.0	0.03606867	0.2964037837131647	0.24582947901367463	0.022501452	0.40387338	0.06500191425911601	0.25214712020997965	degenerated	True	pain_ligand:TNF
NP_mature_chondrocyte	AF_inner	FGF2	CD44	1.1202337	0.0	1.2395141	0.21836938514362725	0.4791190023811669	0.022804745	0.7988583	0.046326371537513886	0.25425386589377463	degenerated	True	pain_ligand:FGF2
NP_fibrocartilaginous	EP_ossification	VEGFA	ITGB1	1.2649626	0.09	0.8566515	0.1283273218347718	-0.19898714589068678	0.0082041435	0.7675363	1.0	0.254351874247813	degenerated	True	pain_ligand:VEGFA
EP_hyaline	AF_inner	FGF2	SDC2	1.11797	0.0	1.1103708	0.3058711250740472	0.2965551571965207	0.03457845	0.7898731	0.037234470562292295	0.2570035259491061	degenerated	True	pain_ligand:FGF2
B_cell	NP_fibrocartilaginous	VEGFA	ITGB1	1.2353199	0.0	0.8512938	0.10010834090885459	0.03669800081616159	0.008152833	0.76697606	1.0	0.25779141750420037	degenerated	True	pain_ligand:VEGFA
T_cell	Pericyte_SMC	CXCL8	SDC2	1.1172868	0.0	1.2405133	0.37280772245336297	0.3407914840415911	0.025917329	0.7989229	0.022358887538781447	0.2584816703023818	degenerated	True	pain_ligand:CXCL8
unassigned	Macrophage	CXCL8	SDC3	1.6854337	0.0	0.65318614	1.404240928866064	2.43912513624269	0.1072422	0.742474	5.411844853892792e-05	0.26030967159472695	degenerated	True	pain_ligand:CXCL8
Macrophage	Pericyte_SMC	CXCL8	SDC2	1.1150093	0.0	1.2358267	0.3707764010920989	0.3471377234439963	0.025819417	0.79861873	0.022358887538781447	0.2616468425217528	degenerated	True	pain_ligand:CXCL8
AF_inner	AF_outer	VEGFA	NRP2	1.1150801	0.0	0.84411186	0.3422131809318688	0.2556694692690049	0.0251486	0.7662182	0.05864404766604892	0.26283792916435306	degenerated	True	pain_ligand:VEGFA; pain_receptor:NRP2
NP_mature_chondrocyte	EP_ossification	PTGS2	CAV1	1.1127877	0.21	1.2369072	0.05829898753444243	-0.06560900985087614	0.01628631	0.798689	0.7606880410828734	0.2646287902466788	degenerated	True	pain_ligand:PTGS2
Pericyte_SMC	Pericyte_SMC	PDGFA	PDGFRB	1.1114726	0.0	1.224115	1.9926100946962721	1.7218724837501513	0.2814491	0.797852	9.815198307491097e-06	0.2659253222174528	degenerated	True	pain_ligand:PDGFA
NP_mature_chondrocyte	NP_fibrocartilaginous	NGF	SORCS2	0.20609453	0.0	0.03691274	0.21751878639751726	0.37923567588341367	0.028916078	0.40666112	0.046935817175541385	0.2662643794583103	degenerated	True	pain_ligand:NGF
Macrophage	Pericyte_SMC	VEGFA	ITGB1	1.2809525	0.01	0.8335389	0.14343294352234298	-0.10361473726233517	0.007982795	0.76508737	1.0	0.27154059245584117	degenerated	True	pain_ligand:VEGFA
NP_fibrocartilaginous	NP_fibrocartilaginous	VEGFA	ITGB1	1.2297223	0.0	0.82826823	0.09467017267193006	-0.12259058223405261	0.0079323165	0.7645169	1.0	0.27548000918047505	degenerated	True	pain_ligand:VEGFA
Pericyte_SMC	EP_hyaline	VEGFA	ITGB1	1.1033071	0.61	0.84034324	-0.02535441845971459	-0.2708731356675269	0.008047959	0.76581717	1.0	0.2756826636513058	degenerated	True	pain_ligand:VEGFA
AF_inner	EP_ossification	PTGS2	CAV1	1.102004	0.28	1.2137114	0.04880387273824793	-0.21705473094444283	0.01598089	0.79716283	1.0	0.277102973480202	degenerated	True	pain_ligand:PTGS2
T_cell	EP_hyaline	VEGFA	ITGB1	1.1005616	0.85	0.83091354	-0.028021734673996268	-0.053794137119785534	0.007957651	0.7648037	1.0	0.27862806617010216	degenerated	True	pain_ligand:VEGFA
AF_inner	EP_hyaline	VEGFA	GPC1	1.1091479	0.0	0.8233851	0.5739618039692522	0.6207092221153157	0.047056556	0.76398414	0.022358887538781447	0.2793409913617271	degenerated	True	pain_ligand:VEGFA
EP_hyaline	Macrophage	SEMA3B	NRP2_PLXNA2	0.19944862	0.0	0.03760554	0.42313541833452656	0.35533689878852526	0.060361613	0.40890637	0.022358887538781447	0.27939678713286914	degenerated	True	pain_receptor:NRP2
NP_mature_chondrocyte	NP_fibrocartilaginous	TNFSF10	RIPK1	0.20790347	0.0	0.037628673	0.04572561517714865	0.07251364006107802	0.010385109	0.40898073	0.6486971043440787	0.28064529457906695	degenerated	True	pain_ligand:TNF
EP_ossification	Pericyte_SMC	GRN	TNFRSF1A	1.0958797	0.0	0.83898306	0.3727785716391015	0.32970737550095197	0.013939088	0.7656719	0.20177758972045376	0.28414713770877337	degenerated	True	pain_receptor:TNFRSF1A
AF_inner	AF_inner	FGF2	SDC2	1.0957531	0.0	1.0441	0.2809069750300268	0.20971741295239865	0.032514688	0.7847207	0.0911647848440854	0.2845577318456634	degenerated	True	pain_ligand:FGF2
Macrophage	AF_inner	PDGFC	FLT1	0.19462311	0.99	0.037854232	-0.07379448573970035	-0.15398430678496983	0.008783039	0.4097032	1.0	0.2850120939432547	degenerated	True	pain_receptor:FLT1
unassigned	EP_ossification	VEGFA	CD44	1.0951192	0.29	0.93695265	0.09476500711986707	0.44108564147155205	0.0105866995	0.7754339	0.8421246415594643	0.28558528665185795	degenerated	True	pain_ligand:VEGFA
EP_ossification	EP_hyaline	SEMA3A	NRP2	1.095027	0.0	1.0153079	0.8993441347355213	1.003723751002362	0.0632195	0.7823492	0.0010251653247706867	0.28568810541380973	degenerated	True	pain_ligand:SEMA3A; pain_receptor:NRP2
EP_ossification	NP_mature_chondrocyte	GRN	TNFRSF1A	1.0944473	0.0	0.8341201	0.3710318532521513	0.18492505560273376	0.013858293	0.76515	0.20706190451855738	0.28661436780232086	degenerated	True	pain_receptor:TNFRSF1A
Pericyte_SMC	EP_hyaline	ADAM17	IL6R	0.19574392	0.9	0.03801148	-0.07154190761998769	-0.3221996123084895	0.0036505237	0.41020456	1.0	0.2881283501135821	degenerated	True	pain_receptor:IL6R
Macrophage	EP_ossification	VEGFA	ITGB1	1.254834	0.12	0.8135608	0.11848734918028425	-0.11627979760897567	0.007791464	0.76290023	1.0	0.2882640678795644	degenerated	True	pain_ligand:VEGFA
unassigned	NP_fibrocartilaginous	CXCL8	SDC3	1.6600424	0.0	0.4924865	1.3251075998097093	2.336983382702855	0.080858015	0.71456707	0.00011511359381132714	0.2890627617571155	degenerated	True	pain_ligand:CXCL8
NP_mature_chondrocyte	EP_ossification	FGF2	FGFR1	1.0922529	0.0	1.1837707	0.3774890968146959	0.6925937582211346	0.03780895	0.79513586	0.022358887538781447	0.2896072969285065	degenerated	True	pain_ligand:FGF2
NP_mature_chondrocyte	NP_fibrocartilaginous	NGF	ERBB2	0.20826527	0.0	0.038131278	0.21668205433073878	0.38599692772959027	0.052572224	0.4105853	0.047487311090697905	0.2903083100257797	degenerated	True	pain_ligand:NGF
unassigned	AF_outer	CXCL8	SDC3	1.6590929	0.0	0.4864776	1.3221487141206185	2.3030509821076497	0.07987145	0.71331346	0.00012802644249527577	0.29061963746997893	degenerated	True	pain_ligand:CXCL8
NP_mature_chondrocyte	AF_inner	NGF	SORT1	0.20828709	0.05	0.03814353	0.0567798380792901	0.13434729680158944	0.015635097	0.41062415	0.5347861461252998	0.29093094106681816	degenerated	True	pain_ligand:NGF
EP_hyaline	B_cell	NGF	MAGED1	0.19886449	1.0	0.038155016	-0.22857086558115855	-0.3561419020698563	0.0075389403	0.41066056	1.0	0.29155347672207027	degenerated	True	pain_ligand:NGF
AF_inner	AF_outer	VEGFA	GPC1	1.1046118	0.0	0.8075359	0.5664415783924308	0.674130662931856	0.046150766	0.76222736	0.01628342149490452	0.29271689650518545	degenerated	True	pain_ligand:VEGFA
T_cell	Pericyte_SMC	TNFSF13B	CD40	0.19597138	0.01	0.038341172	0.26980471340832285	0.2841151949643953	0.023919152	0.41124964	0.38818642579131674	0.29497571813155715	degenerated	True	pain_ligand:TNF
NP_mature_chondrocyte	Pericyte_SMC	VEGFA	ITGAV	1.0886168	0.0	1.1512469	0.48735721862221526	0.7728874570218134	0.03663367	0.79285747	0.022358887538781447	0.29521438756731544	degenerated	True	pain_ligand:VEGFA
NP_mature_chondrocyte	B_cell	TNFSF12	TNFRSF12A	0.1978311	1.0	0.038344666	-0.5193187750134832	-0.9111157482408128	0.0016440675	0.4112607	1.0	0.2955976339573061	degenerated	True	pain_ligand:TNF
unassigned	NP_fibrocartilaginous	CXCL8	SDC1	1.6526529	0.0	0.44571874	1.3492253383448962	2.342456538524163	0.12599683	0.7042836	7.3059194268623e-05	0.29590855612060496	degenerated	True	pain_ligand:CXCL8
EP_ossification	NP_fibrocartilaginous	NGF	SORT1	0.19933215	0.36	0.038662877	0.03281531751925514	0.028382058584273617	0.01584798	0.41226158	0.9149156850850841	0.30056952926166997	degenerated	True	pain_ligand:NGF
EP_ossification	NP_fibrocartilaginous	SEMA3A	NRP2	1.0841913	0.0	0.9822871	0.8866878660192693	0.9248352450023601	0.06116342	0.77952117	0.001973724709201581	0.3012858342090822	degenerated	True	pain_ligand:SEMA3A; pain_receptor:NRP2
NP_mature_chondrocyte	AF_outer	NGF	SORT1	0.20937504	0.0	0.038754247	0.05868704638015289	0.12622693368344942	0.015885433	0.4125476	0.402703279547736	0.30150108070167625	degenerated	True	pain_ligand:NGF
NP_mature_chondrocyte	NP_mature_chondrocyte	VEGFA	NRP2	1.0834348	0.0	1.1380578	0.35185962172330365	0.7551336191568723	0.03390613	0.7919097	0.022358887538781447	0.30265362631588644	degenerated	True	pain_ligand:VEGFA; pain_receptor:NRP2
AF_inner	T_cell	VEGFA	ITGB1	1.1007755	0.79	0.79413235	-0.01743781231171604	-0.09384242294600076	0.007605398	0.7607073	1.0	0.3033911448782724	degenerated	True	pain_ligand:VEGFA
NP_mature_chondrocyte	AF_inner	ADAM10	IL6R	0.20061888	1.0	0.039022602	-0.09961683407814591	-0.46882629072891807	0.0029082661	0.41338402	1.0	0.30553532712426074	degenerated	True	pain_receptor:IL6R
NP_mature_chondrocyte	AF_inner	PTGS2	CAV1	1.0805652	0.04	1.1627917	0.027779065264718877	-0.14036365085917257	0.015310433	0.79367566	1.0	0.306454485490553	degenerated	True	pain_ligand:PTGS2
EP_ossification	EP_ossification	SEMA3A	NRP2	1.0804195	0.0	0.97079295	0.8822826439895082	0.9378085871628593	0.06044772	0.778508	0.0017232606570950102	0.30656031961638464	degenerated	True	pain_ligand:SEMA3A; pain_receptor:NRP2
NP_fibrocartilaginous	EP_ossification	FGF2	CD44	1.0794777	0.08	0.8866712	0.14779286291941401	0.0699125819485864	0.016313093	0.7705949	0.5859597794384245	0.3079378164127039	degenerated	True	pain_ligand:FGF2
AF_inner	NP_fibrocartilaginous	VEGFA	GPC1	1.0989907	0.0	0.7878963	0.5571226260028865	0.653430210926948	0.045028362	0.759989	0.019458619904239395	0.3085744223083866	degenerated	True	pain_ligand:VEGFA
Macrophage	NP_fibrocartilaginous	VEGFA	ITGB1	1.2195938	0.01	0.78660524	0.08483020001744251	-0.0398832339523415	0.007533311	0.7598395	1.0	0.31006191600097355	degenerated	True	pain_ligand:VEGFA
EP_hyaline	NP_fibrocartilaginous	VEGFA	CD44	1.0773939	0.0	1.0911746	0.07547203209956752	0.03825286786243165	0.012329266	0.7884222	0.3920126386318391	0.31006191600097355	degenerated	True	pain_ligand:VEGFA
AF_inner	B_cell	TNFSF12	TNFRSF12A	0.19989738	1.0	0.039278556	-0.515397290612896	-0.8455540537503707	0.0016841089	0.41417694	1.0	0.3114242977200827	degenerated	True	pain_ligand:TNF
unassigned	AF_outer	CXCL8	SDC1	1.6339718	0.0	0.32748786	1.2836022329319268	2.269925717393063	0.09257504	0.67120975	9.537168666173988e-05	0.31235335007842296	degenerated	True	pain_ligand:CXCL8
Pericyte_SMC	EP_hyaline	CXCL2	DPP4	0.2167891	0.12	0.03931382	0.06277473563928658	-0.05586942170742554	0.011553293	0.4142858	0.7104285735852043	0.31235335007842296	degenerated	True	pain_ligand:CXCL2
NP_mature_chondrocyte	Pericyte_SMC	ADAM17	IL6R	0.1984883	0.86	0.03939203	-0.07060482257920236	-0.3172995842536423	0.0037831084	0.41452697	1.0	0.3139012950193627	degenerated	True	pain_receptor:IL6R
EP_hyaline	NP_fibrocartilaginous	TNFSF9	PVR	0.20527475	0.0	0.03947863	0.1680786485015485	0.3128004798652372	0.03148753	0.41479343	0.09583851195386522	0.31606741925027	degenerated	True	pain_ligand:TNF
NP_mature_chondrocyte	Macrophage	TNFSF10	TNFRSF10A	0.21126638	0.0	0.0395301	0.22587532057370477	0.27076709989249503	0.027284455	0.41495156	0.04943392680226774	0.3179231700245415	degenerated	True	pain_ligand:TNF
EP_hyaline	EP_hyaline	VEGFA	CD44	1.0715165	0.0	1.0816113	0.06966988239575465	0.025685912036774283	0.01222121	0.78768706	0.42738967431380687	0.3180800017084357	degenerated	True	pain_ligand:VEGFA
NP_mature_chondrocyte	NP_mature_chondrocyte	ADAM10	IL6R	0.20223266	1.0	0.039557133	-0.09725138887382023	-0.5323181641891268	0.0029481037	0.4150346	1.0	0.31946897540270036	degenerated	True	pain_receptor:IL6R
AF_inner	AF_inner	PTGS2	CAV1	1.0697815	0.16	1.1409857	0.01828395046852438	-0.29180937195273926	0.015023314	0.79212135	1.0	0.3201244338289208	degenerated	True	pain_ligand:PTGS2
NP_mature_chondrocyte	Pericyte_SMC	FGF2	CD44	1.0683082	0.0	1.1360683	0.1671139448674674	0.399527401796526	0.020901537	0.7917656	0.09721667847735076	0.32174220384982066	degenerated	True	pain_ligand:FGF2
AF_inner	Macrophage	VEGFA	SIRPA	1.0941689	0.0	0.77104926	0.5547120583878677	0.6649248153448799	0.038397532	0.75801224	0.017699432838089908	0.32325507370647527	degenerated	True	pain_ligand:VEGFA
NP_mature_chondrocyte	AF_outer	TNFSF10	RIPK1	0.21189141	0.0	0.039883494	0.05380104527970611	0.07695042515125666	0.011007414	0.41603234	0.5326704364174895	0.32348528946821975	degenerated	True	pain_ligand:TNF
AF_inner	EP_hyaline	VEGFA	EGFR	1.0938857	0.0	0.7700596	0.6943119894253151	0.7294683682423947	0.049441762	0.7578944	0.010424602901905968	0.32390432347195336	degenerated	True	pain_ligand:VEGFA
AF_outer	EP_ossification	FGF2	CD44	1.0663142	0.1	0.8443559	0.13300205419359556	0.028353161210305733	0.01553457	0.76624405	0.6195139642268302	0.325095957737149	degenerated	True	pain_ligand:FGF2
B_cell	AF_outer	VEGFA	ITGB1	1.1346818	0.35	0.7679845	0.003989432034318119	-0.0785789424114921	0.0073549803	0.75764674	1.0	0.326180812408417	degenerated	True	pain_ligand:VEGFA
T_cell	NP_fibrocartilaginous	TNFSF13B	HLA-DPB1	0.20047441	0.0	0.04003427	0.17459428156529697	0.10183826846374575	0.010687774	0.41649076	0.5906554301697549	0.3268805739101914	degenerated	True	pain_ligand:TNF
EP_ossification	AF_inner	FGF2	SDC2	1.0654478	0.0	0.9537027	0.2468543089207779	0.2284516336113961	0.02969959	0.7769729	0.07629324812774728	0.3277020549498776	degenerated	True	pain_ligand:FGF2
NP_mature_chondrocyte	EP_ossification	TNFSF9	PVR	0.20054841	0.04	0.040211786	0.16837432689806364	0.2513162047833804	0.03207228	0.4170285	0.5127802429974624	0.3299647033462306	degenerated	True	pain_ligand:TNF
B_cell	Macrophage	VEGFB	ADRB2	0.2077684	1.0	0.040291466	-0.22809671230164186	-0.39653810784668897	0.005193791	0.41726908	1.0	0.33150587808112086	degenerated	True	pain_ligand:VEGFB
NP_mature_chondrocyte	B_cell	VEGFA	CD44	1.0622637	0.09	1.0841745	0.056960136611201306	0.3230793704462914	0.012250171	0.7878849	0.6027668311920042	0.3332678029761396	degenerated	True	pain_ligand:VEGFA
EP_hyaline	Macrophage	VEGFA	ITGB1	1.0621724	0.99	1.0664072	-0.06197777590304576	-0.0881448891892842	0.010212972	0.7865009	1.0	0.333486833818823	degenerated	True	pain_ligand:VEGFA
NP_mature_chondrocyte	AF_outer	TNFSF10	TNFRSF10D	0.2129884	1.0	0.040503744	-0.031181211305101597	-0.12397687503564275	0.008833818	0.4179081	1.0	0.3342784978926077	degenerated	True	pain_ligand:TNF
NP_mature_chondrocyte	Macrophage	VEGFA	CD44	1.0612028	0.01	1.081474	0.05591265378094268	0.34965045426767827	0.012219658	0.78767645	0.4162095293483549	0.3344731650901791	degenerated	True	pain_ligand:VEGFA
B_cell	EP_hyaline	ADAM10	IL6R	0.20306209	1.0	0.04062118	-0.09021299894488506	-0.3804936438986422	0.0030274047	0.4182603	1.0	0.3370491964996099	degenerated	True	pain_receptor:IL6R
AF_outer	Pericyte_SMC	VEGFA	ITGB1	1.2625399	0.0	0.75327986	0.12554472797926472	-0.2683985030786695	0.007214155	0.7558674	1.0	0.3379896514855353	degenerated	True	pain_ligand:VEGFA
EP_hyaline	NP_mature_chondrocyte	FGF2	SDC2	1.0580344	0.0	1.0211277	0.24352733319616598	0.49951873425642523	0.031799298	0.78283554	0.031383794711731645	0.3396430938868538	degenerated	True	pain_ligand:FGF2
Macrophage	AF_outer	GRN	TNFRSF1A	1.0571743	0.0	1.0379938	0.3560899869108447	0.4016721526998617	0.017245503	0.78422475	0.06644264641577877	0.3405262374365393	degenerated	True	pain_receptor:TNFRSF1A
Pericyte_SMC	EP_hyaline	TNFSF12	TNFRSF12A	1.0563977	0.0	0.9631768	0.5429629332623056	0.611193146005125	0.0412972	0.7778282	0.022358887538781447	0.34196327806759186	degenerated	True	pain_ligand:TNF
EP_ossification	EP_hyaline	NGF	SORCS2	0.20409736	0.04	0.040874407	0.23898602262276727	0.2917969810235833	0.032019503	0.41901657	0.3855237084607459	0.34350669230545167	degenerated	True	pain_ligand:NGF
NP_fibrocartilaginous	AF_outer	VEGFA	ITGB1	1.1290842	0.37	0.74721223	-0.00144873620260641	-0.2378675254617063	0.0071560442	0.75512046	1.0	0.34551095045675867	degenerated	True	pain_ligand:VEGFA
NP_mature_chondrocyte	NP_mature_chondrocyte	FGF2	CD44	1.0535488	0.0	1.1066647	0.1525446705985567	0.3449330854733079	0.020360563	0.78959554	0.118960893967177	0.3465113856481807	degenerated	True	pain_ligand:FGF2
AF_outer	EP_ossification	SEMA3B	NRP2_PLXNA3	0.2035827	0.01	0.041127212	0.21919490885104326	0.32087893663059175	0.03844249	0.41976726	0.38818642579131674	0.3481128230808354	degenerated	True	pain_receptor:NRP2
NP_mature_chondrocyte	NP_fibrocartilaginous	CXCL8	SDC1	0.21716174	1.0	0.041336	0.06906216082472123	-0.7128071720217678	0.011684958	0.42038408	1.0	0.3511805964456357	degenerated	True	pain_ligand:CXCL8
EP_hyaline	AF_outer	VEGFA	CD44	1.0501933	0.0	1.0469155	0.04862115444243639	0.00044339224469225336	0.01182918	0.7849481	0.5067789636496363	0.35119519127881255	degenerated	True	pain_ligand:VEGFA
AF_inner	EP_ossification	VEGFA	GPC1	1.085576	0.0	0.74102587	0.5348833405864645	0.663621876495877	0.042349715	0.7543509	0.017843443236729983	0.35141885319490385	degenerated	True	pain_ligand:VEGFA
Pericyte_SMC	EP_ossification	VEGFA	CD44	1.048327	0.39	0.78653413	0.04930555093981981	-0.1637805752780328	0.008887109	0.7598312	1.0	0.35421937331911346	degenerated	True	pain_ligand:VEGFA
AF_outer	EP_ossification	VEGFA	ITGB1	1.2364215	0.18	0.7352254	0.10059913363720599	-0.28106356342531	0.007041247	0.7536221	1.0	0.3572538779415998	degenerated	True	pain_ligand:VEGFA
NP_mature_chondrocyte	AF_outer	TNFSF9	PVR	0.20446585	0.0	0.041761074	0.1784280199345919	0.2832106345038516	0.03330797	0.421631	0.08301025150963177	0.357921367879225	degenerated	True	pain_ligand:TNF
T_cell	EP_ossification	VEGFA	CD44	1.0455815	0.47	0.7777083	0.04663823472553813	0.05329842326970857	0.008787385	0.7588	1.0	0.35804224607115637	degenerated	True	pain_ligand:VEGFA
Pericyte_SMC	AF_outer	TNFSF12	TNFRSF12A	1.044379	0.0	0.94717985	0.5313158870084219	0.6149727651446111	0.04061132	0.77637774	0.022358887538781447	0.3601856517011102	degenerated	True	pain_ligand:TNF
EP_hyaline	NP_fibrocartilaginous	FGF2	CD44	1.0428545	0.0	0.9985252	0.12481005817763532	0.10393649030460639	0.018370999	0.7809268	0.23775515625001956	0.3622208876137349	degenerated	True	pain_ligand:FGF2
T_cell	AF_outer	CXCL8	SDC2	1.0413649	0.0	1.0574356	0.2938345847984583	0.20913111186952704	0.022092393	0.78579074	0.09182675352621064	0.36482807428596825	degenerated	True	pain_ligand:CXCL8
EP_ossification	Macrophage	NGF	MAGED1	0.20713763	1.0	0.04228539	-0.18783245784410613	-0.2650686932219731	0.0083550485	0.42315304	1.0	0.3649563002057319	degenerated	True	pain_ligand:NGF
Pericyte_SMC	EP_ossification	PDGFA	PDGFRA	1.040331	0.0	1.0810667	1.2776178019524502	1.217226183463303	0.12923317	0.787645	0.00021100438472246058	0.3667598217449597	degenerated	True	pain_ligand:PDGFA
EP_hyaline	T_cell	NGF	SORT1	0.21225616	0.03	0.04248197	0.04348770122858285	0.08501122455008092	0.017413432	0.42371926	0.4838309971864258	0.3689270368176324	degenerated	True	pain_ligand:NGF
Macrophage	AF_outer	CXCL8	SDC2	1.0390874	0.0	1.0534408	0.29180326343719426	0.21547735127193224	0.022008931	0.78547204	0.08586407208848569	0.3694938612229611	degenerated	True	pain_ligand:CXCL8
EP_hyaline	EP_hyaline	FGF2	CD44	1.0369772	0.0	0.9897739	0.11900790847382246	0.09136953447894902	0.018209992	0.78017294	0.2625581710758773	0.3736098720195715	degenerated	True	pain_ligand:FGF2
Pericyte_SMC	Pericyte_SMC	ADAM17	IL6R	0.20701674	0.72	0.04281788	-0.055019322846754905	-0.246797575691671	0.004112118	0.4246811	1.0	0.37441839155737905	degenerated	True	pain_receptor:IL6R
AF_inner	NP_mature_chondrocyte	FGF2	SDC2	1.0358175	0.0	0.96018326	0.21856318315214562	0.4126809900123032	0.029901406	0.7775591	0.046117600479069154	0.37544495002681716	degenerated	True	pain_ligand:FGF2
NP_fibrocartilaginous	Macrophage	VEGFB	ADRB2	0.6851083	0.0	0.2898438	0.33205662841559064	0.535007746866298	0.03736246	0.6575977	0.022358887538781447	0.37654317515408353	degenerated	True	pain_ligand:VEGFB
EP_hyaline	NP_mature_chondrocyte	VEGFA	ITGB1	1.0350437	1.0	1.0222651	-0.08788763167711207	-0.2867350345260453	0.009790223	0.7829302	1.0	0.37693856746769244	degenerated	True	pain_ligand:VEGFA
AF_inner	Pericyte_SMC	VEGFA	GPC1	0.9559993	0.0	0.28829128	0.3200666114653097	0.31634860467694415	0.016475879	0.65699285	0.08613013660372758	0.378132381984545	degenerated	True	pain_ligand:VEGFA
NP_mature_chondrocyte	AF_inner	FGF2	FGFR3	0.64395463	0.0	0.29067194	0.39241546390681536	0.6376424942082646	0.080361106	0.6579189	0.022358887538781447	0.37871904001673484	degenerated	True	pain_ligand:FGF2
NP_fibrocartilaginous	NP_mature_chondrocyte	ANGPT1	ITGB1	0.74408466	1.0	0.29107478	0.06294286869753286	-0.07208650555677334	0.011526323	0.65807474	1.0	0.38023029746870496	degenerated	True	pain_ligand:ANGPT1
unassigned	unassigned	ADAM10	IL6R	0.65834576	0.0	0.29179934	0.5821693720046115	1.6084515759537774	0.021747146	0.65835434	0.022358887538781447	0.3817457056894093	degenerated	True	pain_receptor:IL6R
AF_outer	NP_fibrocartilaginous	VEGFA	ITGB1	1.2011812	0.0	0.7108653	0.06694198447436425	-0.20466699976867586	0.006807951	0.7504807	1.0	0.3831675257123808	degenerated	True	pain_ligand:VEGFA
B_cell	EP_hyaline	VEGFA	ITGB1	1.065585	0.94	0.7107854	-0.06200216069839076	-0.23474390098143016	0.006807185	0.7504702	1.0	0.38328322932173653	degenerated	True	pain_ligand:VEGFA
EP_hyaline	EP_ossification	ANGPT1	ITGB1	1.1309555	0.0	0.28652772	0.36120846323439304	0.3112647913802925	0.011346264	0.65630114	0.32576981406733696	0.3835185603450503	degenerated	True	pain_ligand:ANGPT1
Macrophage	AF_outer	VEGFA	ITGB1	1.1189557	0.56	0.7096265	-0.01128870885709396	-0.1551601771799952	0.0067960857	0.75031734	1.0	0.3843254079450269	degenerated	True	pain_ligand:VEGFA
EP_ossification	AF_inner	SEMA3A	NRP2	1.0302807	0.0	0.81799793	0.8237199960136674	0.8473490846533329	0.050933734	0.76339185	0.0037219244562474063	0.385136712416361	degenerated	True	pain_ligand:SEMA3A; pain_receptor:NRP2
Pericyte_SMC	EP_hyaline	ADAM10	IL6R	0.21138325	0.93	0.043588556	-0.07645881109151277	-0.3391766629213977	0.0032485565	0.4268618	1.0	0.3859861487899535	degenerated	True	pain_receptor:IL6R
AF_inner	AF_inner	VEGFA	GPC1	0.9552004	0.0	0.2854999	0.3187421205020966	0.29002754128350494	0.016316352	0.6558957	0.09043730622556607	0.3862307244607881	degenerated	True	pain_ligand:VEGFA
T_cell	B_cell	TNFSF13B	CD40	0.20993355	0.0	0.04359082	0.30172832283212614	0.455978375272195	0.02719415	0.42686817	0.022358887538781447	0.386290103732145	degenerated	True	pain_ligand:TNF
EP_ossification	NP_fibrocartilaginous	SLIT3	ROBO1	0.21570194	0.0	0.043609235	0.4484627298476192	0.45759408201146984	0.0183569	0.42691982	0.04672498845898372	0.3872018271825741	degenerated	True	pain_receptor:ROBO1
EP_hyaline	AF_inner	VEGFA	CD44	1.0289693	0.1	1.012381	0.027671013322741345	0.009569165172785166	0.01143897	0.78210336	0.6195139642268302	0.3874584624603644	degenerated	True	pain_ligand:VEGFA
EP_hyaline	NP_mature_chondrocyte	NGF	SORT1	0.2158271	0.0	0.04363577	0.049747664049844056	0.014132187655881867	0.017886376	0.42699423	0.4632244557469344	0.387809525011873	degenerated	True	pain_ligand:NGF
EP_hyaline	Pericyte_SMC	ANGPT1	ITGB1	1.1570739	0.0	0.29356384	0.38615405757645177	0.323929851726933	0.011624888	0.65903205	0.29795551360820527	0.38810276956981304	degenerated	True	pain_ligand:ANGPT1
NP_mature_chondrocyte	EP_hyaline	TNFSF10	TNFRSF11B	0.64460695	0.0	0.28454465	0.1290922624910588	0.1853301988732362	0.028224915	0.6555174	0.16483887906768935	0.3887849976174321	degenerated	True	pain_ligand:TNF
Macrophage	Macrophage	TNFSF13B	HLA-DPB1	0.6962872	0.0	0.28434455	1.097152747665948	1.245860634812983	0.075910226	0.65543795	0.0002884578709699087	0.3892972273699474	degenerated	True	pain_ligand:TNF
AF_inner	AF_inner	PIGF	FLT1	0.20929359	0.33	0.043708175	0.015165121227285779	-0.01101360520051925	0.011664851	0.42719704	0.8854306336536782	0.3896320531194081	degenerated	True	pain_receptor:FLT1
Macrophage	NP_fibrocartilaginous	GRN	TNFRSF1A	1.0257057	0.0	0.9536988	0.3177208390291145	0.367636624397062	0.015845004	0.77697253	0.10661863974944659	0.39352037237786874	degenerated	True	pain_receptor:TNFRSF1A
AF_inner	AF_inner	VEGFA	ITGAV	1.0738424	0.0	0.7000294	0.3801241724314119	0.3556090794087882	0.022275537	0.7490397	0.022358887538781447	0.3936373289174361	degenerated	True	pain_ligand:VEGFA
NP_mature_chondrocyte	T_cell	FGF2	CD44	1.0254989	0.0	1.0507835	0.12485678998067773	0.6102389167466484	0.019332454	0.7852591	0.17334211780444522	0.393988185210823	degenerated	True	pain_ligand:FGF2
AF_inner	EP_hyaline	ADAM17	IL6R	0.21293315	0.99	0.044141255	-0.0401290767736518	-0.3152251474397584	0.0042392113	0.42840382	1.0	0.3947912787512715	degenerated	True	pain_receptor:IL6R
NP_mature_chondrocyte	EP_ossification	VEGFA	EGFR	1.0248771	0.0	0.98902	0.8079152835594512	1.0060304577326171	0.06350014	0.78010756	0.0019142574922497296	0.39515865952380225	degenerated	True	pain_ligand:VEGFA
AF_outer	Macrophage	VEGFB	ADRB2	0.6976897	0.0	0.29642135	0.3468209479318491	0.5353364328489791	0.03821034	0.6601196	0.022358887538781447	0.3957376213380419	degenerated	True	pain_ligand:VEGFB
EP_ossification	EP_ossification	VEGFA	SIRPA	0.21196307	1.0	0.044277173	-0.36894767641008647	-0.8153774075959396	0.002204962	0.4287803	1.0	0.3966105575813328	degenerated	True	pain_ligand:VEGFA
NP_fibrocartilaginous	AF_inner	FGF2	SDC2	1.0215497	0.0	0.8227592	0.19752762035463534	0.08126333512085315	0.025621833	0.7639156	0.2831886793155602	0.3997363636298378	degenerated	True	pain_ligand:FGF2
AF_inner	NP_fibrocartilaginous	FGF2	CD44	1.0206376	0.0	0.9389298	0.09984590813361496	0.017098746060484338	0.017274555	0.7756173	0.4530783659544056	0.4006778929917154	degenerated	True	pain_ligand:FGF2
EP_ossification	EP_ossification	VEGFA	CD44	0.89687455	0.85	0.29967386	-0.09783319588494302	-0.488843718879189	0.003386038	0.6613427	1.0	0.4050484597327093	degenerated	True	pain_ligand:VEGFA
AF_inner	AF_inner	TNFSF11	TNFRSF11B	0.76301444	0.0	0.2997953	0.34005384721247833	0.31625886900899236	0.103595145	0.66138804	0.02970099584815942	0.4058381805901606	degenerated	True	pain_ligand:TNF
NP_fibrocartilaginous	EP_hyaline	VEGFA	ITGB1	1.0599874	1.0	0.69156027	-0.06744032893531529	-0.39403248403164437	0.006623066	0.747894	1.0	0.4058715632046406	degenerated	True	pain_ligand:VEGFA
AF_inner	NP_mature_chondrocyte	TNFSF11	TNFRSF11B	0.7635577	0.0	0.30004692	0.3405634558479026	0.6112012212011102	0.103682086	0.661482	0.022358887538781447	0.40680475664917726	degenerated	True	pain_ligand:TNF
B_cell	AF_inner	CXCL8	SDC2	1.016823	0.0	0.8086599	0.31753774361429243	-0.14769595137333824	0.016894866	0.76235336	0.5863045424711277	0.4070555338771471	degenerated	True	pain_ligand:CXCL8
EP_ossification	EP_hyaline	VEGFA	SIRPA	0.21381682	1.0	0.04496842	-0.36593593327546536	-0.869041412598691	0.0022393854	0.43067843	1.0	0.40781076172309355	degenerated	True	pain_ligand:VEGFA
NP_mature_chondrocyte	Macrophage	VEGFA	NRP2	1.0159619	0.0	0.9663295	0.27305019744908327	0.5397506707238338	0.02878983	0.77811044	0.022358887538781447	0.4087153203113244	degenerated	True	pain_ligand:VEGFA; pain_receptor:NRP2
EP_hyaline	AF_outer	FGF2	CD44	1.0156541	0.0	0.9580241	0.0979591805205042	0.06612701468686699	0.017625853	0.7773644	0.31819954184202126	0.40930875403005684	degenerated	True	pain_ligand:FGF2
EP_ossification	Pericyte_SMC	ANGPT1	ITGB1	1.247636	0.0	0.6883156	0.6057101706614724	0.650386635492904	0.027256731	0.7474503	0.022358887538781447	0.4097837199927623	degenerated	True	pain_ligand:ANGPT1
EP_hyaline	NP_mature_chondrocyte	PTGS2	CAV1	1.0147773	0.96	0.9244532	-0.019227117924263695	-0.18715373891138132	0.012172238	0.77426237	1.0	0.4102588974643464	degenerated	True	pain_ligand:PTGS2
AF_inner	EP_hyaline	FGF2	CD44	1.0147603	0.0	0.9307008	0.0940437584298021	0.004531790234826971	0.017123155	0.7748504	0.4912371404844678	0.4103777009517293	degenerated	True	pain_ligand:FGF2
T_cell	NP_fibrocartilaginous	PTGS2	CAV1	1.0741816	0.05	0.68666816	0.0470113852508543	-0.06409867440924555	0.009041333	0.7472241	0.9671836716008444	0.4107342863278969	degenerated	True	pain_ligand:PTGS2
NP_mature_chondrocyte	Pericyte_SMC	CXCL8	SDC2	0.6611738	0.71	0.301946	-0.0339515305196333	-0.8420196783130187	0.0063083842	0.66218805	1.0	0.41121783688095526	degenerated	True	pain_ligand:CXCL8
EP_hyaline	NP_fibrocartilaginous	ANGPT1	ITGB1	1.0957152	0.0	0.27703425	0.3275513140715513	0.38766135503692667	0.01097033	0.652491	0.2600098472956938	0.4114837231398566	degenerated	True	pain_ligand:ANGPT1
NP_mature_chondrocyte	EP_ossification	VEGFA	SIRPA	0.7550268	0.0	0.30221194	0.15864851850287132	0.3291951621925784	0.015049873	0.6622865	0.13908727021483383	0.4121930753707554	degenerated	True	pain_ligand:VEGFA
NP_mature_chondrocyte	AF_outer	CXCL8	SDC3	0.22360185	1.0	0.04511598	0.04198553660044363	-0.7522127284382808	0.007407287	0.43108013	1.0	0.41264411399952294	degenerated	True	pain_ligand:CXCL8
NP_mature_chondrocyte	Pericyte_SMC	FGF2	SDC2	1.0124874	0.0	1.0248623	0.20664849213650505	0.43472275066763855	0.031915594	0.7831456	0.054656892800221145	0.41418714274909124	degenerated	True	pain_ligand:FGF2
NP_fibrocartilaginous	Macrophage	ANGPT1	ITGB1	0.77121335	0.35	0.3036436	0.08885272447159917	0.12650363977998777	0.012024038	0.66281486	0.9045245761843789	0.4158412856235244	degenerated	True	pain_ligand:ANGPT1
AF_outer	unassigned	ADAM17	IL6R	0.66442597	0.0	0.30438128	0.6300561842810233	1.3370133432801021	0.02923199	0.66308594	0.022358887538781447	0.4184346053887913	degenerated	True	pain_receptor:IL6R
NP_mature_chondrocyte	NP_fibrocartilaginous	CXCL8	SDC3	0.22455129	1.0	0.045673247	0.0449444222895343	-0.7182803278430756	0.0074987803	0.43258613	1.0	0.42018419286984443	degenerated	True	pain_ligand:CXCL8
AF_outer	Macrophage	SEMA3B	NRP2_PLXNA2	0.2159037	0.0	0.045703974	0.46517916250076885	0.4360066108268432	0.07336062	0.4326687	0.022358887538781447	0.42078676554336025	degenerated	True	pain_receptor:NRP2
EP_hyaline	EP_hyaline	ADAM10	IL6R	0.21734458	1.0	0.045714393	-0.06660530725723986	-0.4192720293535629	0.00340699	0.43269664	1.0	0.42108801669089924	degenerated	True	pain_receptor:IL6R
NP_mature_chondrocyte	EP_ossification	FGF2	FGFRL1	0.65134454	0.22	0.30539408	0.024833966458919	0.21636856901932405	0.01798979	0.66345686	0.7732712861846088	0.42121878842957483	degenerated	True	pain_ligand:FGF2
AF_outer	AF_inner	FGF2	SDC2	1.0083863	0.0	0.783494	0.18273681162881683	0.03970391438257248	0.024399063	0.7594777	0.38829078061558653	0.42148617008816663	degenerated	True	pain_ligand:FGF2
B_cell	Pericyte_SMC	ADAM10	IL6R	0.2143349	0.89	0.045757562	-0.07369041417165229	-0.3050916072818237	0.0034102078	0.4328125	1.0	0.42169044861210647	degenerated	True	pain_receptor:IL6R
AF_outer	AF_outer	GRN	TNFRSF1A	1.0075967	0.0	0.96114886	0.304084404494787	0.29839410629800767	0.015968783	0.777646	0.10276442596071352	0.4230479576300024	degenerated	True	pain_receptor:TNFRSF1A
EP_ossification	AF_outer	NGF	SORCS2	0.21482402	0.04	0.04585264	0.273765788156079	0.3554654734167344	0.035919264	0.43306726	0.2381248262232077	0.42379822150659324	degenerated	True	pain_ligand:NGF
NP_mature_chondrocyte	EP_hyaline	VEGFA	SIRPA	0.7568806	0.0	0.30693	0.16166026163749245	0.2755311571898269	0.015284828	0.6640167	0.1290220894916651	0.4257354646960999	degenerated	True	pain_ligand:VEGFA
T_cell	AF_outer	TNFSF13B	HLA-DPB1	0.21634325	0.0	0.046000816	0.20284240591213015	0.10236451462774784	0.0122806365	0.43346336	0.3515553482953076	0.42650652686896584	degenerated	True	pain_ligand:TNF
EP_ossification	T_cell	VEGFA	SIRPA	0.21671686	1.0	0.04604981	-0.36122443846132124	-0.7607466767165976	0.0022932377	0.4335941	1.0	0.4268073324657259	degenerated	True	pain_ligand:VEGFA
EP_ossification	NP_mature_chondrocyte	FGF2	SDC2	1.0055122	0.02	0.8770514	0.1845105170428967	0.4314152106713006	0.027312566	0.76962924	0.4434763784350897	0.42726378221420214	degenerated	True	pain_ligand:FGF2
NP_fibrocartilaginous	NP_mature_chondrocyte	SEMA3A	NRP2	0.61902267	0.0	0.30741304	0.1469128384364084	0.31232741129883534	0.019141484	0.66419214	0.12825734964128574	0.4275510201509727	degenerated	True	pain_ligand:SEMA3A; pain_receptor:NRP2
EP_ossification	EP_ossification	ANGPT1	ITGB1	1.2215176	0.0	0.6718181	0.5807645763194136	0.6377215751462635	0.026603444	0.7451537	0.022358887538781447	0.4282296244066126	degenerated	True	pain_ligand:ANGPT1
Pericyte_SMC	NP_fibrocartilaginous	PDGFA	PDGFRB	0.6374848	0.0	0.27104288	1.0314995554778896	0.963072351962921	0.06231831	0.650008	0.00138318997108925	0.42918945614272125	degenerated	True	pain_ligand:PDGFA
NP_mature_chondrocyte	Pericyte_SMC	PDGFA	PDGFRB	0.720078	0.0	0.27101472	1.144587450369776	1.0907918741163247	0.06231183	0.6499962	0.0006948414866625355	0.42937187670431287	degenerated	True	pain_ligand:PDGFA
EP_ossification	T_cell	GRN	TNFRSF1A	1.0461344	0.0	0.6700958	0.31212317227066866	0.28936638494562117	0.01113315	0.74490994	0.39064308929015373	0.4296799399611408	degenerated	True	pain_receptor:TNFRSF1A
NP_mature_chondrocyte	AF_inner	ADAM17	IL6R	0.21587595	0.97	0.046212457	-0.045119747214002026	-0.2898784403115908	0.0044381246	0.4340271	1.0	0.42981409933413506	degenerated	True	pain_receptor:IL6R
EP_ossification	AF_outer	SEMA3A	NRP2	1.0034513	0.0	0.7362373	0.7923832023581774	0.7335795957989171	0.045842797	0.7537498	0.010159237657976421	0.43052679213214623	degenerated	True	pain_ligand:SEMA3A; pain_receptor:NRP2
Macrophage	NP_mature_chondrocyte	PTGS2	CAV1	1.0030881	0.82	0.8931423	-0.029520744340415725	-0.297676952363666	0.0117599685	0.77123696	1.0	0.4312531895345571	degenerated	True	pain_ligand:PTGS2
AF_outer	AF_inner	PDGFC	FLT1	0.2157856	1.0	0.046298675	-0.04010120212690765	-0.13799493876331698	0.010742339	0.43425608	1.0	0.43221782569733036	degenerated	True	pain_receptor:FLT1
T_cell	NP_mature_chondrocyte	TNFSF13B	HLA-DPB1	0.2171948	0.0	0.04632099	0.20435818205307194	0.15124040632714228	0.012366112	0.43431523	0.34284089363031867	0.43251818607304027	degenerated	True	pain_ligand:TNF
AF_outer	NP_mature_chondrocyte	VEGFA	NRP2	0.61996263	1.0	0.30909428	-0.09841192503805785	-0.2696115729292302	0.009208838	0.6648001	1.0	0.4331206099896594	degenerated	True	pain_ligand:VEGFA; pain_receptor:NRP2
B_cell	EP_ossification	VEGFA	CD44	1.0106049	0.54	0.6652722	0.012657808701143636	-0.12765134059193606	0.0075169615	0.7442229	1.0	0.4345277401176807	degenerated	True	pain_ligand:VEGFA
Macrophage	NP_mature_chondrocyte	TNFSF13B	CD40	0.21795006	0.0	0.046566058	0.3446876061022092	0.36483744084163894	0.029050251	0.43496352	0.022358887538781447	0.4379206682933031	degenerated	True	pain_ligand:TNF
Macrophage	EP_ossification	GRN	TNFRSF1A	0.9985161	0.0	0.8808658	0.28456740747291803	0.3327261569280041	0.014634937	0.7700137	0.15922330878107377	0.43939608906427485	degenerated	True	pain_receptor:TNFRSF1A
AF_inner	EP_hyaline	VEGFA	ITGAV	1.0629046	0.0	0.66181326	0.3654661384073625	0.3608694558495032	0.021059468	0.7437265	0.022358887538781447	0.43939608906427485	degenerated	True	pain_ligand:VEGFA
NP_fibrocartilaginous	Macrophage	PDGFC	FLT1	0.61340207	0.0	0.279274	0.7034333075582204	0.7940297846555073	0.06479788	0.6534033	0.005902800376226464	0.4396638651654678	degenerated	True	pain_receptor:FLT1
T_cell	NP_fibrocartilaginous	CXCL8	SDC2	0.99778306	0.0	0.95234245	0.24850041163961775	0.14464506471547078	0.019896742	0.77684915	0.1667433316191644	0.44159351898320426	degenerated	True	pain_ligand:CXCL8
NP_mature_chondrocyte	NP_fibrocartilaginous	NGF	SORT1	0.22364476	0.0	0.04676455	0.0837026386150859	0.15177772761478392	0.019168869	0.43548635	0.29768650252846	0.4421173554431117	degenerated	True	pain_ligand:NGF
EP_ossification	Macrophage	VEGFA	ITGA9	0.21883069	0.98	0.04683804	0.33489777240748964	-0.3591271860498475	0.01226844	0.43567935	1.0	0.44331556660917915	degenerated	True	pain_ligand:VEGFA
NP_mature_chondrocyte	NP_mature_chondrocyte	ADAM17	IL6R	0.21748975	1.0	0.046845473	-0.04275430200967635	-0.3533703137717995	0.004498918	0.43569887	1.0	0.4436150609217337	degenerated	True	pain_receptor:IL6R
EP_hyaline	Macrophage	PTGS2	CAV1	0.99633515	0.84	0.8989939	-0.03669434932507111	0.01065367892201241	0.011837017	0.77181256	1.0	0.44391748055840363	degenerated	True	pain_ligand:PTGS2
AF_outer	Pericyte_SMC	VEGFA	ITGAV	0.6251447	0.77	0.31267643	0.03708567186085379	-0.2518577350642891	0.009949634	0.66608274	1.0	0.4447776422216795	degenerated	True	pain_ligand:VEGFA
Macrophage	NP_fibrocartilaginous	CXCL8	SDC2	0.9955056	0.0	0.9487446	0.2464690902783537	0.15099130411787598	0.019821575	0.77652097	0.1577503682671118	0.44538762472210597	degenerated	True	pain_ligand:CXCL8
Macrophage	EP_hyaline	VEGFA	ITGB1	1.0498589	0.99	0.65677387	-0.07728030158980284	-0.31132513574993326	0.006289917	0.74299735	1.0	0.44587807870577645	degenerated	True	pain_ligand:VEGFA
EP_hyaline	unassigned	ADAM17	IL6R	0.6687249	0.0	0.31327724	0.6379123201797485	1.3342314398800785	0.030086335	0.6662962	0.022358887538781447	0.4459920204914397	degenerated	True	pain_receptor:IL6R
T_cell	AF_outer	PTGS2	CAV1	1.0357463	0.57	0.6566377	0.010606282276459683	-0.09314844327567195	0.008645923	0.7429775	1.0	0.44612338174355537	degenerated	True	pain_ligand:PTGS2
NP_fibrocartilaginous	unassigned	ADAM17	IL6R	0.6688075	0.0	0.31344813	0.6380631404973397	1.3433309244728795	0.030102747	0.6663568	0.022358887538781447	0.44627269102795597	degenerated	True	pain_receptor:IL6R
EP_hyaline	AF_inner	FGF2	CD44	0.99442995	0.0	0.9264218	0.07700903940080916	0.0752527876149599	0.01704443	0.7744482	0.32256952379750675	0.44673688572008996	degenerated	True	pain_ligand:FGF2
EP_hyaline	unassigned	ADAM10	IL6R	0.6455282	0.0	0.2652754	0.5609830639050624	1.1477325997842827	0.019770375	0.64755756	0.029641107280740337	0.4472087579830809	degenerated	True	pain_receptor:IL6R
AF_inner	AF_outer	FGF2	CD44	0.9934372	0.0	0.90084594	0.07299503047648384	-0.02071072955725506	0.016573882	0.7719937	0.5811187461930343	0.44808762921938516	degenerated	True	pain_ligand:FGF2
NP_mature_chondrocyte	T_cell	VEGFA	SIRPA	0.7597806	0.0	0.314311	0.16637175645163654	0.38382589307192044	0.015652396	0.66666234	0.11256127122959607	0.4488031195845755	degenerated	True	pain_ligand:VEGFA
NP_mature_chondrocyte	NP_mature_chondrocyte	TNFSF11	TNFRSF11B	0.7497747	0.0	0.26433507	0.3053359149929611	0.7146213822531666	0.09134176	0.64715225	0.022358887538781447	0.45049537485845914	degenerated	True	pain_ligand:TNF
Macrophage	EP_hyaline	GRN	TNFRSF1A	0.99174786	0.0	0.8627359	0.27631468261892883	0.3055062052862094	0.014333722	0.76816714	0.17645728443053568	0.451286429605529	degenerated	True	pain_receptor:TNFRSF1A
NP_mature_chondrocyte	AF_inner	TNFSF11	TNFRSF11B	0.7492315	0.0	0.2641134	0.3048263063575368	0.4196790300610488	0.091265164	0.64705646	0.022358887538781447	0.4513430953636627	degenerated	True	pain_ligand:TNF
Macrophage	Pericyte_SMC	TNFSF13B	TFRC	0.22009483	0.96	0.04763221	0.06904208841714413	-0.17802976289334854	0.008480851	0.43774736	1.0	0.45288778782123135	degenerated	True	pain_ligand:TNF
EP_ossification	NP_fibrocartilaginous	FGF2	CD44	0.9903325	0.22	0.85763806	0.06579324202436602	0.035832966719481774	0.015778936	0.767639	0.7732712861846088	0.4537528396231232	degenerated	True	pain_ligand:FGF2
AF_outer	AF_inner	VEGFB	ADRB2	0.6831606	0.0	0.2634699	0.3206494419967243	0.4298207861025957	0.033962715	0.6467778	0.022358887538781447	0.4540819907327896	degenerated	True	pain_ligand:VEGFB
EP_hyaline	Macrophage	TNFSF9	HLA-DPA1	0.74421215	0.0	0.3163212	1.3876900872655138	1.37933739478153	0.08616952	0.66737026	7.354527073494835e-05	0.4540819907327896	degenerated	True	pain_ligand:TNF
T_cell	EP_ossification	TNFSF13B	HLA-DPB1	0.22084	0.08	0.04769156	0.2108472164772958	0.1611784363028744	0.012732008	0.43790063	0.5859597794384245	0.4540826328350183	degenerated	True	pain_ligand:TNF
EP_ossification	NP_fibrocartilaginous	ANGPT1	ITGB1	1.1862773	0.0	0.6495589	0.5471074271565719	0.7141181388028977	0.025721997	0.7419413	0.022358887538781447	0.4541232595224274	degenerated	True	pain_ligand:ANGPT1
EP_ossification	NP_mature_chondrocyte	VEGFA	GPC1	0.22139817	1.0	0.04779543	-0.3622713052668735	-0.830566642652286	0.0027315144	0.43816838	1.0	0.457366529781085	degenerated	True	pain_ligand:VEGFA
NP_fibrocartilaginous	EP_ossification	VEGFA	CD44	1.0050073	0.57	0.6472781	0.007219640464219107	-0.28693992364215026	0.0073136445	0.7416044	1.0	0.4574619170658881	degenerated	True	pain_ligand:VEGFA
NP_mature_chondrocyte	unassigned	IL11	IL6R	0.67113054	0.0	0.31825536	0.7083276905999956	1.6832928431358047	0.10143275	0.66804653	0.0029556184308375598	0.4585443092957025	degenerated	True	pain_receptor:IL6R
EP_ossification	NP_mature_chondrocyte	VEGFA	SIRPA	0.22172244	1.0	0.047916345	-0.3530923500750913	-0.8518631110419239	0.0023861893	0.43847942	1.0	0.4591565554846	degenerated	True	pain_ligand:VEGFA
AF_outer	Macrophage	ANGPT1	ITGB1	0.75525343	0.58	0.26180395	0.0501605378516596	0.03312673442255876	0.010367221	0.6460529	1.0	0.45978360678414354	degenerated	True	pain_ligand:ANGPT1
EP_hyaline	AF_inner	NGF	KIDINS220	0.22972783	1.0	0.04812721	-0.07624410663262213	-0.2226092947267605	0.009040928	0.43902007	1.0	0.46213806437354604	degenerated	True	pain_ligand:NGF
NP_mature_chondrocyte	NP_mature_chondrocyte	FGF2	FGFR1	0.98476	0.0	0.9696237	0.2565784251458057	0.6132044771550486	0.03096922	0.778404	0.02583044737282902	0.46254908266925876	degenerated	True	pain_ligand:FGF2
NP_mature_chondrocyte	Macrophage	VEGFA	ITGA9	0.76189446	0.0	0.31969103	0.8624939673204475	0.7854453837386705	0.08373771	0.6685454	0.006474186902331203	0.46255650865392306	degenerated	True	pain_ligand:VEGFA
NP_mature_chondrocyte	Pericyte_SMC	TNFSF10	RIPK1	0.22651559	0.09	0.048152134	0.08341388717391195	0.12353108757060624	0.013289469	0.4390838	0.6027668311920042	0.46273408612456146	degenerated	True	pain_ligand:TNF
Macrophage	Macrophage	PTGS2	CAV1	0.98464596	0.85	0.8685453	-0.04698797574122314	-0.09986953453027225	0.011436101	0.76876414	1.0	0.4627977736648925	degenerated	True	pain_ligand:PTGS2
T_cell	B_cell	TNFSF13B	TFRC	0.944715	0.0	0.31986234	0.8669092563255415	1.220991639687082	0.056951057	0.6686048	0.001290257153032701	0.4629399197322154	degenerated	True	pain_ligand:TNF
EP_ossification	EP_hyaline	FGF2	CD44	0.9844551	0.24	0.8501215	0.05999109232055316	0.023266010893824407	0.015640646	0.766853	0.7920351564952068	0.4631709283593297	degenerated	True	pain_ligand:FGF2
EP_ossification	EP_hyaline	VEGFA	ITGB1	0.9518547	0.97	0.3201754	-0.17249316528447742	-0.5959362792686831	0.003066317	0.66871315	1.0	0.4634192884002711	degenerated	True	pain_ligand:VEGFA
AF_inner	NP_fibrocartilaginous	VEGFA	SIRPA	1.0575843	0.0	0.6432244	0.4952746780943637	0.503554784341159	0.032031976	0.74100196	0.022358887538781447	0.4642909626458133	degenerated	True	pain_ligand:VEGFA
Pericyte_SMC	NP_fibrocartilaginous	TNFSF12	TNFRSF12A	0.98327005	0.0	0.8658436	0.47209608866125885	0.5493028922210368	0.03712394	0.7684871	0.022358887538781447	0.46553665103169245	degenerated	True	pain_ligand:TNF
Pericyte_SMC	NP_mature_chondrocyte	TNFSF12	TNFRSF12A	0.9832102	0.0	0.865764	0.47203715972807603	0.5708646537072206	0.03712053	0.768479	0.022358887538781447	0.4656613130891627	degenerated	True	pain_ligand:TNF
AF_inner	AF_outer	VEGFA	SIRPA	1.0570599	0.0	0.64139205	0.4944228973184751	0.4875062475373483	0.031940725	0.7407282	0.022358887538781447	0.466159984782373	degenerated	True	pain_ligand:VEGFA
AF_outer	AF_outer	VEGFA	ITGB1	1.1005431	1.0	0.6412986	-0.02917692440017222	-0.31994394299632956	0.006141711	0.74071413	1.0	0.4662846585474288	degenerated	True	pain_ligand:VEGFA
EP_hyaline	NP_mature_chondrocyte	VEGFB	ADRB2	0.6055221	0.0	0.32143372	0.2799315184200403	0.46906031047122515	0.041434575	0.6691475	0.022358887538781447	0.4664957067162888	degenerated	True	pain_ligand:VEGFB
Macrophage	Macrophage	GRN	TNFRSF1A	0.98239255	0.0	0.8376757	0.26490762103920024	0.36747563637599745	0.013917365	0.76553196	0.20304155948368577	0.46740752990590484	degenerated	True	pain_receptor:TNFRSF1A
EP_ossification	Macrophage	SEMA3C	NRP2_PLXNA2	0.6498132	0.0	0.25925428	0.7680247782270873	0.8135354169389246	0.1041861	0.64493316	0.004962437491072839	0.4681355582313005	degenerated	True	pain_receptor:NRP2
EP_ossification	Macrophage	PIGF	FLT1	0.60263175	0.0	0.25935248	0.7633653182501039	0.9346791119246458	0.06921606	0.64497656	0.002549120357135314	0.4689085901454787	degenerated	True	pain_receptor:FLT1
AF_outer	Pericyte_SMC	ANGPT1	ITGA5	0.22160697	0.84	0.048631143	-0.0138007929971624	-0.08985335351349877	0.006591859	0.44030315	1.0	0.47106862473556643	degenerated	True	pain_ligand:ANGPT1
EP_ossification	AF_inner	ANGPT1	ITGB1	0.66956437	1.0	0.32318175	0.053603811375914606	-0.06424864864983104	0.01279773	0.66974753	1.0	0.4716209810180303	degenerated	True	pain_ligand:ANGPT1
NP_fibrocartilaginous	AF_inner	VEGFB	ADRB2	0.6705792	0.0	0.25762355	0.30588512248046584	0.4294921001199146	0.033209093	0.6442104	0.022358887538781447	0.47395412870139975	degenerated	True	pain_ligand:VEGFB
EP_hyaline	Pericyte_SMC	VEGFA	CD44	0.97704387	0.62	0.927891	-0.023584426953418516	-0.07002243541185571	0.010484313	0.7745866	1.0	0.4760491422867093	degenerated	True	pain_ligand:VEGFA
Macrophage	Macrophage	VEGFA	CD44	0.6161432	1.0	0.3250216	-0.37647067743734053	-0.5103109720020899	0.003672444	0.67037505	1.0	0.4761972901108963	degenerated	True	pain_ligand:VEGFA
Pericyte_SMC	EP_ossification	SLIT3	ROBO2	0.9767469	0.0	0.9467078	3.901959934479566	2.0022180900948743	0.506483	0.7763344	1.423594348684933e-07	0.4765518980219752	degenerated	True	pain_receptor:ROBO2
Macrophage	B_cell	VEGFA	CD44	0.61720425	1.0	0.3258332	-0.3754231946070819	-0.5368820558234767	0.0036816143	0.67065054	1.0	0.477761903663974	degenerated	True	pain_ligand:VEGFA
AF_outer	NP_fibrocartilaginous	GRN	TNFRSF1A	0.9761282	0.0	0.88309443	0.26571525661305684	0.264358577995208	0.0146719655	0.7702374	0.15733141159027858	0.47780969328546047	degenerated	True	pain_receptor:TNFRSF1A
EP_hyaline	AF_inner	VEGFA	ITGAV	0.60713977	1.0	0.32600516	-0.07328590180595863	-0.15203705000968465	0.010373765	0.67070884	1.0	0.47815351296833597	degenerated	True	pain_ligand:VEGFA
AF_outer	AF_inner	ANGPT1	ITGA5	0.22228405	0.99	0.04890161	-0.012852828880646483	-0.13057642627514116	0.0066285203	0.4409866	1.0	0.4784947096452771	degenerated	True	pain_ligand:ANGPT1
NP_mature_chondrocyte	NP_mature_chondrocyte	VEGFA	GPC1	0.76446193	0.0	0.32622564	0.16532488964608424	0.31400592713623193	0.018643834	0.67078346	0.09979425371457948	0.47903557408657205	degenerated	True	pain_ligand:VEGFA
AF_outer	B_cell	VEGFA	CD44	0.5987916	1.0	0.29445967	-0.39331141015016013	-0.7016658216398111	0.0033271224	0.6593743	1.0	0.4799188773946683	degenerated	True	pain_ligand:VEGFA
AF_inner	unassigned	ADAM17	IL6R	0.64111674	0.0	0.25614664	0.5874592943886504	1.2517794816980872	0.024599658	0.64355123	0.022358887538781447	0.48031166433067807	degenerated	True	pain_receptor:IL6R
NP_mature_chondrocyte	NP_mature_chondrocyte	VEGFA	SIRPA	0.7647862	0.0	0.32705095	0.17450384483786646	0.292709458746594	0.016286831	0.6710624	0.09168709308983204	0.48109803937682716	degenerated	True	pain_ligand:VEGFA
Pericyte_SMC	Pericyte_SMC	ADAM10	IL6R	0.22265609	0.77	0.049100153	-0.059936226318279995	-0.2637746263045792	0.0036593233	0.44148612	1.0	0.4817575761487748	degenerated	True	pain_receptor:IL6R
NP_mature_chondrocyte	NP_mature_chondrocyte	PIGF	FLT1	0.23748377	0.0	0.04912141	0.06631116148263928	0.13626712558312026	0.013109535	0.44153953	0.3675994447485514	0.48264696005063473	degenerated	True	pain_receptor:FLT1
AF_outer	Macrophage	VEGFA	CD44	0.5977305	1.0	0.2937262	-0.3943588929804188	-0.6750947378184242	0.0033188353	0.65909415	1.0	0.4833636675748191	degenerated	True	pain_ligand:VEGFA
AF_inner	AF_inner	FGF2	CD44	0.97221303	0.03	0.87112975	0.0520448893567888	-0.011584956629162146	0.01602716	0.7690281	0.5479800664105262	0.4851285693268228	degenerated	True	pain_ligand:FGF2
NP_mature_chondrocyte	AF_outer	FGF2	FGFR1	0.9720644	0.0	0.9443315	0.242297424259435	0.5270119275496281	0.030161403	0.77611613	0.03196557939997098	0.48538172495751286	degenerated	True	pain_ligand:FGF2
unassigned	T_cell	GRN	TNFRSF1A	0.5967041	1.0	0.31527045	-0.15931668206388577	0.2092211280785251	0.0052379873	0.6670009	1.0	0.48642857223385805	degenerated	True	pain_receptor:TNFRSF1A
EP_hyaline	EP_hyaline	VEGFA	ITGAV	0.59620196	1.0	0.30820784	-0.08794393583000802	-0.14677667356896967	0.0098074395	0.66448003	1.0	0.4875688417716987	degenerated	True	pain_ligand:VEGFA
B_cell	EP_ossification	VEGFA	EGFR	0.5955436	0.06	0.32167983	0.3908100932325801	0.22265026623135198	0.020653492	0.6692322	0.5527870740140701	0.4892078867552192	degenerated	True	pain_ligand:VEGFA
NP_mature_chondrocyte	EP_hyaline	VEGFA	NRP2	0.96945417	0.0	0.8479606	0.21872869653909896	0.4543755643812267	0.025263267	0.7666254	0.04595109233175317	0.4894379693501895	degenerated	True	pain_ligand:VEGFA; pain_receptor:NRP2
NP_mature_chondrocyte	EP_hyaline	NGF	SORCS2	0.22840998	0.0	0.0494395	0.289873343718598	0.4151926500540936	0.03872908	0.4423355	0.022358887538781447	0.4897544938227939	degenerated	True	pain_ligand:NGF
Pericyte_SMC	AF_outer	PDGFA	PDGFRB	0.66725296	0.0	0.33089927	1.0918607282265207	1.0337381744560816	0.07608052	0.6723522	0.0008058796166102456	0.4929968681927446	degenerated	True	pain_ligand:PDGFA
Macrophage	unassigned	GRN	TNFRSF1A	0.9674013	0.0	0.79751873	0.2466286025918331	0.8814867862790196	0.013250187	0.76109433	0.2527135784882513	0.49312456228829604	degenerated	True	pain_receptor:TNFRSF1A
EP_hyaline	AF_outer	FGF2	FGFRL1	0.5945933	0.92	0.33107167	-0.027025468155697785	-0.1361205507087001	0.019502375	0.6724096	1.0	0.49319678601313477	degenerated	True	pain_ligand:FGF2
Pericyte_SMC	unassigned	ADAM10	IL6R	0.6395669	0.0	0.2529394	0.5511295600707894	1.2278279662164477	0.018851	0.64210474	0.040458485341883704	0.4939971589199931	degenerated	True	pain_receptor:IL6R
AF_inner	Pericyte_SMC	ADAM17	IL6R	0.22420597	0.63	0.04972274	-0.02360649200041902	-0.2398231108229399	0.0047752424	0.44304016	1.0	0.4941899015348816	degenerated	True	pain_receptor:IL6R
EP_hyaline	EP_ossification	FGF2	FGFR1	0.96644914	0.01	0.8847588	0.23612875107187778	0.28872754345492757	0.028258685	0.7704039	0.38818642579131674	0.494780432626159	degenerated	True	pain_ligand:FGF2
EP_hyaline	EP_ossification	TNFSF12	TNFRSF12A	0.59983736	0.93	0.2525846	-0.08204128877965436	-0.10979092864405748	0.010829827	0.64194345	1.0	0.4950991857433482	degenerated	True	pain_ligand:TNF
NP_mature_chondrocyte	Macrophage	SEMA3A	NRP2	0.59280664	0.01	0.32368264	0.13002990276607765	0.3125212873164193	0.02015453	0.6699188	0.38818642579131674	0.4957008052790247	degenerated	True	pain_ligand:SEMA3A; pain_receptor:NRP2
Macrophage	NP_mature_chondrocyte	TNFSF10	TNFRSF11B	0.96550494	0.0	0.8232964	0.5940372177425077	0.9333783631492878	0.081665464	0.7639744	0.01047565358614191	0.49822608003890434	degenerated	True	pain_ligand:TNF
AF_inner	EP_hyaline	TNFSF12	TNFRSF12A	0.8105529	0.0	0.25155798	0.07638058831951285	0.07764340512107021	0.010785809	0.64147526	0.5712850503663344	0.49861615304653406	degenerated	True	pain_ligand:TNF
Macrophage	AF_inner	TNFSF10	TNFRSF11B	0.96496177	0.0	0.822606	0.5935276091070835	0.6384360109571698	0.081596985	0.7638988	0.022358887538781447	0.4995043899466812	degenerated	True	pain_ligand:TNF
EP_hyaline	NP_fibrocartilaginous	VEGFA	SIRPA	0.5908817	0.06	0.29955098	0.0418646038569932	-0.004091345077313957	0.014917359	0.6612968	0.5527870740140701	0.4999267686395966	degenerated	True	pain_ligand:VEGFA
EP_ossification	Macrophage	SEMA3E	NRP2	0.5908797	0.01	0.32075614	0.22066393360437372	0.3700068233323985	0.0418749	0.66891384	0.38818642579131674	0.5000276552467131	degenerated	True	pain_receptor:NRP2
AF_outer	NP_mature_chondrocyte	ANGPT1	ITGB1	0.72812474	1.0	0.250967	0.02425068207759329	-0.16546341091420236	0.009938087	0.6412047	1.0	0.5001285554257147	degenerated	True	pain_ligand:ANGPT1
EP_hyaline	AF_outer	VEGFA	SIRPA	0.59035724	0.06	0.29869762	0.0410128230811046	-0.02013988188112459	0.014874863	0.6609772	0.5777805906519144	0.5015429090853522	degenerated	True	pain_ligand:VEGFA
EP_ossification	AF_inner	VEGFA	SIRPA	0.22771189	1.0	0.05014975	-0.3433613311939708	-0.8010257559838327	0.0024974109	0.44409546	1.0	0.5021604635357214	degenerated	True	pain_ligand:VEGFA
EP_ossification	AF_outer	FGF2	CD44	0.9631319	0.33	0.8228514	0.0389423643672349	-0.001976508898257623	0.015138928	0.7639257	0.8854306336536782	0.5023210196212174	degenerated	True	pain_ligand:FGF2
NP_fibrocartilaginous	EP_ossification	VEGFA	EGFR	0.58994603	0.05	0.31297913	0.3853719249956556	0.06336168318113777	0.020094862	0.6661903	0.5347861461252998	0.5023522838152131	degenerated	True	pain_ligand:VEGFA
EP_ossification	NP_fibrocartilaginous	VEGFA	CD44	0.76383126	0.98	0.25006333	-0.22915950534613358	-0.6701116325988365	0.002825485	0.6407897	1.0	0.5029599267439768	degenerated	True	pain_ligand:VEGFA
Macrophage	EP_ossification	VEGFA	CD44	0.9948788	0.59	0.61471915	-0.002620332190268443	-0.20423257536043915	0.0069457586	0.73662865	1.0	0.5029619258721936	degenerated	True	pain_ligand:VEGFA
NP_mature_chondrocyte	EP_hyaline	FGF2	FGFR1	0.96256137	0.0	0.9253996	0.2316079126383561	0.49400895610063444	0.02955673	0.7743518	0.03782374634840922	0.5030901220081813	degenerated	True	pain_ligand:FGF2
Pericyte_SMC	AF_inner	ADAM17	IL6R	0.2244044	0.61	0.050231464	-0.029534247481554563	-0.21937643174961952	0.004824099	0.44429642	1.0	0.5033398480926687	degenerated	True	pain_receptor:IL6R
EP_hyaline	AF_outer	ANGPT1	ITGB1	0.99507713	0.0	0.24992314	0.2314324051970148	0.272384411809273	0.0098967515	0.64072514	0.4402870420949327	0.503365185336633	degenerated	True	pain_ligand:ANGPT1
EP_hyaline	NP_mature_chondrocyte	VEGFA	CD44	0.96228445	1.0	0.90387535	-0.03815370122232921	-0.1246167517350738	0.010212958	0.77228904	1.0	0.5038597538612284	degenerated	True	pain_ligand:VEGFA
unassigned	EP_hyaline	ADAM10	IL6R	0.23016217	1.0	0.050285213	-0.04541899915769068	0.04144694681593203	0.0037476432	0.44442847	1.0	0.5042241428424039	degenerated	True	pain_receptor:IL6R
unassigned	NP_fibrocartilaginous	VEGFA	CD44	0.9620759	0.99	0.78184164	-0.03656130234132349	0.2598177277519045	0.008834089	0.7592848	1.0	0.5042447295273079	degenerated	True	pain_ligand:VEGFA
T_cell	T_cell	GRN	TNFRSF1A	0.58926666	1.0	0.3093986	-0.1671184540894416	-0.041344010127470354	0.0051404303	0.6649097	1.0	0.5042779763655263	degenerated	True	pain_receptor:TNFRSF1A
EP_hyaline	Pericyte_SMC	NGF	MAGED1	0.23651797	1.0	0.050321158	-0.18245533986713625	-0.31184088179152414	0.009942813	0.44451663	1.0	0.5048135566568923	degenerated	True	pain_ligand:NGF
NP_fibrocartilaginous	NP_mature_chondrocyte	FGF2	SDC2	0.96161413	0.0	0.75663215	0.13518382847675414	0.2842269121807577	0.023562547	0.75627685	0.15185864326413281	0.5060425166415039	degenerated	True	pain_ligand:FGF2
T_cell	EP_hyaline	CXCL8	SDC2	0.9602747	0.0	0.8618951	0.20948429197197155	0.13942407550405778	0.018007077	0.76808023	0.17435704820640616	0.5075853619921373	degenerated	True	pain_ligand:CXCL8
T_cell	Macrophage	CXCL8	SDC3	0.70605564	0.0	0.24887234	0.5308370043188855	0.5666725880513689	0.04086066	0.6402401	0.022358887538781447	0.5076343718380215	degenerated	True	pain_ligand:CXCL8
NP_fibrocartilaginous	AF_inner	TNFSF12	TNFRSF12A	0.63889706	1.0	0.33643976	0.0016203682016280307	0.01699863505583088	0.014425203	0.6741786	1.0	0.5094715288761873	degenerated	True	pain_ligand:TNF
EP_hyaline	Macrophage	PDGFC	FLT1	0.6443531	0.0	0.33652288	0.7527111582274066	0.8715098095117555	0.078080915	0.6742057	0.0031136704517479917	0.509675875770238	degenerated	True	pain_receptor:FLT1
B_cell	Macrophage	VEGFA	NRP2	0.58662844	1.0	0.31429976	-0.14405499287778786	-0.24362952077743127	0.009363924	0.66665834	1.0	0.5101869820472067	degenerated	True	pain_ligand:VEGFA; pain_receptor:NRP2
Macrophage	Macrophage	CXCL8	SDC3	0.70377815	0.0	0.24793214	0.5288056829576213	0.5730188274537741	0.04070629	0.639804	0.022358887538781447	0.5104939744928322	degenerated	True	pain_ligand:CXCL8
NP_mature_chondrocyte	NP_fibrocartilaginous	VEGFA	NRP2	0.9586185	0.0	0.8203824	0.2060724278228469	0.37548705838122487	0.024441632	0.76365465	0.05506046008817424	0.5105472454031112	degenerated	True	pain_ligand:VEGFA; pain_receptor:NRP2
EP_ossification	EP_hyaline	VEGFA	CD44	0.7579539	1.0	0.24787173	-0.23496165504994643	-0.6826785884244939	0.0028007217	0.63977593	1.0	0.5109032695308602	degenerated	True	pain_ligand:VEGFA
Pericyte_SMC	NP_fibrocartilaginous	GRN	TNFRSF1A	0.5863035	0.99	0.32793692	-0.14319993213741833	-0.3571038099385142	0.005448431	0.6713609	1.0	0.511108163924306	degenerated	True	pain_receptor:TNFRSF1A
Macrophage	EP_hyaline	CXCL8	SDC2	0.9579972	0.0	0.85863894	0.2074529706107075	0.14577031490646297	0.017939048	0.767743	0.16483887906768935	0.5118369989182989	degenerated	True	pain_ligand:CXCL8
EP_hyaline	NP_fibrocartilaginous	SEMA3C	NRP2_PLXNA3	0.27210265	0.93	0.050632104	-0.019471843091041555	-0.1169895199140025	0.011849036	0.4452773	1.0	0.5118792856205789	degenerated	True	pain_receptor:NRP2
AF_inner	AF_outer	TNFSF12	TNFRSF12A	0.7985342	0.0	0.24737997	0.06473354206562913	0.08142302426055631	0.010606674	0.6395471	0.604892598738337	0.5122353194010388	degenerated	True	pain_ligand:TNF
EP_hyaline	AF_outer	SEMA3A	NRP2	0.59059757	0.0	0.33726797	0.17269307445677823	0.13184205721760228	0.021000441	0.67444855	0.18694660446684316	0.5123378551638288	degenerated	True	pain_ligand:SEMA3A; pain_receptor:NRP2
AF_inner	EP_ossification	VEGFA	ITGAV	1.0478987	0.0	0.6093829	0.3453563761207862	0.3787665711740902	0.01939109	0.735782	0.0334144903901519	0.5128696038528858	degenerated	True	pain_ligand:VEGFA
B_cell	NP_mature_chondrocyte	CXCL8	SDC2	0.9568875	0.0	0.74366605	0.25519395173641124	0.05526762568656629	0.015536986	0.75468034	0.34462719279724097	0.513386187209164	degenerated	True	pain_ligand:CXCL8
NP_mature_chondrocyte	B_cell	VEGFA	ITGB1	0.9568543	1.0	0.8158921	-0.15879290554533299	-0.07043546183315819	0.007813792	0.76315904	1.0	0.5135153362903446	degenerated	True	pain_ligand:VEGFA
Macrophage	Pericyte_SMC	TNFSF13B	CD40	0.22624703	0.0	0.05069043	0.363658027504147	0.37622411857578797	0.03162324	0.44541952	0.022358887538781447	0.5136436311969461	degenerated	True	pain_ligand:TNF
NP_mature_chondrocyte	AF_outer	CXCL8	SDC2	0.5852519	1.0	0.25738418	-0.11292466817453797	-0.9736800504850828	0.0053773792	0.6441038	1.0	0.5141861705056022	degenerated	True	pain_ligand:CXCL8
unassigned	EP_hyaline	VEGFA	CD44	0.9561985	0.98	0.77498937	-0.04236345204513635	0.24725077192624711	0.0087566655	0.7584794	1.0	0.514807677776753	degenerated	True	pain_ligand:VEGFA
EP_hyaline	AF_inner	TNFSF12	TNFRSF12A	0.5895754	1.0	0.24699403	-0.09198598637549268	-0.1462661154022742	0.010590125	0.6393671	1.0	0.515009087269451	degenerated	True	pain_ligand:TNF
NP_mature_chondrocyte	EP_ossification	VEGFA	NRP2	0.9548468	0.01	0.8107828	0.2016672057930858	0.38846040054172404	0.02415563	0.76259077	0.38818642579131674	0.5179141815930666	degenerated	True	pain_ligand:VEGFA; pain_receptor:NRP2
Pericyte_SMC	NP_mature_chondrocyte	ADAM17	IL6R	0.22601819	0.59	0.050919537	-0.027168802277228888	-0.2828683052098282	0.0048901797	0.44597656	1.0	0.5180508456327457	degenerated	True	pain_receptor:IL6R
AF_outer	EP_hyaline	VEGFB	ADRB2	0.675592	0.0	0.24630463	0.30701595323400355	0.519591100103829	0.03175002	0.63904476	0.022358887538781447	0.5185164040983128	degenerated	True	pain_ligand:VEGFB
EP_hyaline	NP_fibrocartilaginous	SEMA3C	NRP2_PLXNA1	0.27249005	0.18	0.050961465	0.045038533237353004	-0.03492479303180551	0.017247615	0.44607827	0.724140899155029	0.5189316630877461	degenerated	True	pain_receptor:NRP2
AF_inner	Macrophage	FGF2	SDC2	0.59335387	1.0	0.34068307	-0.24168698967523405	-0.33405836238522624	0.010609332	0.6755537	1.0	0.5210016322112265	degenerated	True	pain_ligand:FGF2
Macrophage	Pericyte_SMC	PDGFA	PDGFRB	0.7096523	0.0	0.24562684	1.1219985321519244	0.989162533014504	0.05647464	0.6387269	0.001369652503901866	0.521209050502806	degenerated	True	pain_ligand:PDGFA
EP_ossification	Pericyte_SMC	SLIT3	ROBO1	0.22966507	0.0	0.05114155	0.48336091943720083	0.4799461422135964	0.021527559	0.4465141	0.022358887538781447	0.5212795202815548	degenerated	True	pain_receptor:ROBO1
NP_mature_chondrocyte	EP_hyaline	TNFSF12	TNFRSF12A	0.8084866	0.0	0.24557695	0.07245910391892557	0.012081710630628184	0.010529366	0.63870347	0.6205561935015454	0.5215202811490423	degenerated	True	pain_ligand:TNF
NP_mature_chondrocyte	Macrophage	NGF	MAGED1	0.23145023	1.0	0.05114615	-0.13694513674827538	-0.14167302419146277	0.01010582	0.44652522	1.0	0.5218662456721419	degenerated	True	pain_ligand:NGF
EP_ossification	EP_ossification	ADAM10	IL6R	0.5829711	0.0	0.33816123	0.5037158141251261	0.46307799464027477	0.025202392	0.6747389	0.022358887538781447	0.5220394413802226	degenerated	True	pain_receptor:IL6R
unassigned	NP_mature_chondrocyte	VEGFA	ITGAV	0.58426476	1.0	0.34136352	-0.061434187119062705	0.3567005891718895	0.010862482	0.6757723	1.0	0.52266285484319	degenerated	True	pain_ligand:VEGFA
Macrophage	AF_inner	GRN	TNFRSF1A	0.9519637	0.0	0.756166	0.22780536801517856	0.2527515368081036	0.012563142	0.7562201	0.3217635201754096	0.523626818895339	degenerated	True	pain_receptor:TNFRSF1A
Macrophage	NP_mature_chondrocyte	VEGFA	NRP2	0.6383753	1.0	0.34202707	-0.08052370949497958	-0.10482780711289585	0.010190004	0.675985	1.0	0.5243276049518925	degenerated	True	pain_ligand:VEGFA; pain_receptor:NRP2
NP_fibrocartilaginous	Macrophage	VEGFA	CD44	0.62627167	1.0	0.34223655	-0.366630704782853	-0.593018320283801	0.003866957	0.67605203	1.0	0.5250568964405461	degenerated	True	pain_ligand:VEGFA
NP_mature_chondrocyte	AF_inner	VEGFA	SIRPA	0.7707756	0.0	0.34229496	0.184234863718987	0.3435468138046852	0.01704597	0.67607075	0.07659772045494492	0.5251613039791427	degenerated	True	pain_ligand:VEGFA
EP_ossification	Macrophage	VEGFA	ITGB1	0.74860984	1.0	0.24438742	-0.36660931334874686	-0.7965093896505524	0.002340496	0.63814306	1.0	0.5254741058320038	degenerated	True	pain_ligand:VEGFA
NP_fibrocartilaginous	unassigned	FGF2	CD44	0.5818714	1.0	0.33766103	-0.3433946948958312	-0.165779438442601	0.006212332	0.67457646	1.0	0.5257870318696658	degenerated	True	pain_ligand:FGF2
EP_hyaline	EP_ossification	FGF2	SDC2	0.60236007	1.0	0.34263626	-0.23046455955214318	-0.35970327388343604	0.010670157	0.6761798	1.0	0.525995886278524	degenerated	True	pain_ligand:FGF2
AF_inner	NP_fibrocartilaginous	FGF2	FGFRL1	0.58129627	0.92	0.32380107	-0.04042825172604369	-0.16461890733875661	0.019074086	0.66995925	1.0	0.5266222767966343	degenerated	True	pain_ligand:FGF2
AF_outer	EP_hyaline	ANGPT1	ITGB1	0.9584983	0.0	0.34299305	0.24427668591592905	0.23369984480442807	0.013582243	0.6762938	0.2259314091939743	0.5268313523176851	degenerated	True	pain_ligand:ANGPT1
NP_fibrocartilaginous	B_cell	VEGFA	CD44	0.6273327	1.0	0.34309113	-0.36558322195259435	-0.6195894041051878	0.003876613	0.6763251	1.0	0.5272493327290331	degenerated	True	pain_ligand:VEGFA
EP_hyaline	EP_ossification	VEGFA	ITGAV	0.58119595	0.9	0.28379092	-0.10805369811658434	-0.12887955824438269	0.009030472	0.6552178	1.0	0.5273538623641684	degenerated	True	pain_ligand:VEGFA
NP_mature_chondrocyte	B_cell	TNFSF10	RIPK1	0.23240581	0.02	0.05148252	0.0953411517271324	0.15397495189240867	0.01420862	0.4473354	0.4434763784350897	0.527435519764292	degenerated	True	pain_ligand:TNF
NP_fibrocartilaginous	Macrophage	VEGFA	NRP2	0.58103085	1.0	0.30579865	-0.1494931611147124	-0.4029181038276455	0.00911065	0.6636047	1.0	0.5276677025642749	degenerated	True	pain_ligand:VEGFA; pain_receptor:NRP2
EP_hyaline	Pericyte_SMC	ADAM10	IL6R	0.2286174	0.77	0.051494792	-0.050082722484007074	-0.3438699927367444	0.0038377903	0.44736484	1.0	0.5277284080858259	degenerated	True	pain_receptor:IL6R
EP_ossification	EP_hyaline	SLIT3	ROBO1	0.2303485	0.0	0.05151021	0.4850688783580188	0.47083297970117743	0.021682745	0.44740188	0.022358887538781447	0.5280212732770008	degenerated	True	pain_receptor:ROBO1
NP_mature_chondrocyte	Macrophage	TNFSF9	HLA-DPA1	0.71466255	0.0	0.24353565	1.3242788062446995	1.2369784229639522	0.0663419	0.63773984	0.00044866851292665026	0.5290285533363249	degenerated	True	pain_ligand:TNF
NP_fibrocartilaginous	AF_outer	GRN	TNFRSF1A	0.94936657	0.0	0.87089235	0.2430026480221329	0.194409286362637	0.014469238	0.76900387	0.1682237187627707	0.529361816325086	degenerated	True	pain_receptor:TNFRSF1A
EP_hyaline	Macrophage	PIGF	FLT1	0.59405375	0.0	0.24348605	0.7464989154401529	0.8531095894895511	0.06498163	0.6377163	0.0035300690000641386	0.5295526837239325	degenerated	True	pain_receptor:FLT1
NP_fibrocartilaginous	EP_ossification	TNFSF12	TNFRSF12A	0.6491591	0.74	0.34405488	0.011565065797466342	0.053473821814047584	0.01475171	0.67663205	1.0	0.529867226741001	degenerated	True	pain_ligand:TNF
AF_inner	EP_ossification	FGF2	SDC2	0.58014315	1.0	0.32218656	-0.25542870959616354	-0.4465410181275581	0.010033325	0.6694064	1.0	0.5303919108297902	degenerated	True	pain_ligand:FGF2
AF_outer	EP_ossification	GRN	TNFRSF1A	0.9489385	0.01	0.8156534	0.23256182505686035	0.2294481105261501	0.013551482	0.7631325	0.38818642579131674	0.5304069332993713	degenerated	True	pain_receptor:TNFRSF1A
EP_hyaline	NP_fibrocartilaginous	FGF2	FGFRL1	0.6035132	0.68	0.34435326	-0.015464101682023328	-0.07778116309463456	0.02028475	0.6767269	1.0	0.5307067860482733	degenerated	True	pain_ligand:FGF2
AF_outer	NP_mature_chondrocyte	FGF2	SDC2	0.9484507	0.0	0.72052276	0.12039301975093565	0.242667491442477	0.022438053	0.75174195	0.18522586160493568	0.5317144129735292	degenerated	True	pain_ligand:FGF2
Macrophage	EP_ossification	VEGFA	EGFR	0.5798176	0.13	0.29723585	0.37553195234116804	0.1460690314628489	0.019084064	0.66042733	0.6656445032144811	0.5319678717576669	degenerated	True	pain_ligand:VEGFA
EP_hyaline	EP_hyaline	PTGS2	CAV1	0.94824433	1.0	0.83260477	-0.08224458948391233	-0.2732341551074031	0.010962875	0.7649866	1.0	0.5327611781406042	degenerated	True	pain_ligand:PTGS2
Pericyte_SMC	Macrophage	ANGPT1	TIE1	0.5791893	0.0	0.33496937	2.81503575383468	1.2866285915170947	0.30656868	0.67369735	1.7381705748448108e-05	0.5330201882813228	degenerated	True	pain_ligand:ANGPT1
EP_hyaline	EP_ossification	VEGFA	GPC1	0.61887336	0.16	0.34509733	0.08147326634909396	0.15597574707740408	0.019722352	0.6769629	0.700886198960217	0.5335469513809019	degenerated	True	pain_ligand:VEGFA
NP_mature_chondrocyte	NP_mature_chondrocyte	SEMA3E	NRP2	0.6401769	0.0	0.34524935	0.2673189033880677	0.6492964689004288	0.045072503	0.6770111	0.022358887538781447	0.5338630739330009	degenerated	True	pain_receptor:NRP2
AF_outer	AF_inner	TNFSF12	TNFRSF12A	0.6439732	1.0	0.34564534	0.011254273720484653	-0.016634377373955955	0.014819902	0.67713636	1.0	0.5348123606601772	degenerated	True	pain_ligand:TNF
unassigned	Macrophage	VEGFA	ITGB1	0.9468545	1.0	0.7640955	-0.17401111034393676	0.13341997070018863	0.0073177353	0.75718033	1.0	0.5357747229983919	degenerated	True	pain_ligand:VEGFA
EP_ossification	AF_outer	VEGFA	ITGB1	1.0209515	0.89	0.34594092	-0.10650157255176854	-0.439771320698745	0.003313073	0.6772298	1.0	0.5359740895448191	degenerated	True	pain_ligand:VEGFA
AF_outer	EP_hyaline	VEGFA	ITGB1	1.0314463	1.0	0.593535	-0.0951685171328811	-0.4761089015662676	0.0056842794	0.7332127	1.0	0.5361681557129884	degenerated	True	pain_ligand:VEGFA
Macrophage	Pericyte_SMC	VEGFA	ITGAV	0.64355737	0.6	0.34599087	0.054973887403932054	-0.08707396924795474	0.011009728	0.67724556	1.0	0.5363970615023419	degenerated	True	pain_ligand:VEGFA
AF_inner	EP_ossification	GRN	TNFRSF1A	0.5780858	1.0	0.32784772	-0.15645233911597792	-0.39129951553837106	0.005446949	0.67133087	1.0	0.5367143087225829	degenerated	True	pain_receptor:TNFRSF1A
NP_fibrocartilaginous	Macrophage	FGF2	FGFR1	0.57787013	1.0	0.3332464	-0.20084386809814275	-0.29840834172492925	0.010643697	0.6731303	1.0	0.5373493488360124	degenerated	True	pain_ligand:FGF2
NP_fibrocartilaginous	NP_fibrocartilaginous	FGF2	CD44	0.9464344	0.0	0.7398842	0.016466553458223468	-0.11135533177106116	0.013612487	0.7542081	0.9465176660290316	0.5373493846855142	degenerated	True	pain_ligand:FGF2
T_cell	Macrophage	TNFSF13B	CD40	0.23243129	0.0	0.052049786	0.35316800249780755	0.36283645736423875	0.032471277	0.44869038	0.022358887538781447	0.5373807226370343	degenerated	True	pain_ligand:TNF
Pericyte_SMC	EP_hyaline	VEGFA	NRP2	0.57784283	0.99	0.32607135	-0.161728751549096	-0.36513386180613505	0.009714635	0.67073125	1.0	0.5375610833019521	degenerated	True	pain_ligand:VEGFA; pain_receptor:NRP2
AF_inner	EP_ossification	FGF2	SDC4	0.5973637	0.87	0.34629735	-0.08684628740765149	-0.1919713937726356	0.016817553	0.67734236	1.0	0.5376669713894257	degenerated	True	pain_ligand:FGF2
EP_hyaline	Pericyte_SMC	PDGFA	PDGFRB	0.70796365	0.0	0.24151461	1.118339690070701	1.053571575820889	0.055529155	0.6367767	0.0015343205452523297	0.5385147474203911	degenerated	True	pain_ligand:PDGFA
NP_mature_chondrocyte	AF_outer	TNFSF12	TNFRSF12A	0.7964679	0.0	0.24149828	0.06081205766504186	0.015861329770114285	0.010354489	0.6367689	0.6544686656160686	0.5386209314261412	degenerated	True	pain_ligand:TNF
Macrophage	EP_ossification	TNFSF10	RIPK1	0.5906518	0.0	0.3468582	0.7930875946864921	0.9116508666914247	0.095729135	0.67751914	0.00217306744574504	0.5392573034379797	degenerated	True	pain_ligand:TNF
NP_fibrocartilaginous	AF_outer	FGF2	SDC4	0.5904087	1.0	0.34708023	-0.09191478677456845	-0.2550021811630767	0.016855571	0.67758906	1.0	0.5395758482501876	degenerated	True	pain_ligand:FGF2
AF_outer	AF_outer	FGF2	SDC4	0.57724524	1.0	0.33051625	-0.10670559550038693	-0.2965616019013574	0.01605116	0.67222464	1.0	0.5402129720378901	degenerated	True	pain_ligand:FGF2
EP_hyaline	EP_ossification	TNFSF9	PVR	0.23009798	0.02	0.05222989	0.23178560791887792	0.39367517660095813	0.041657727	0.44911763	0.37110942697109495	0.5403007073184983	degenerated	True	pain_ligand:TNF
NP_fibrocartilaginous	EP_hyaline	VEGFB	ADRB2	0.6630106	0.0	0.24083917	0.2922516337177451	0.5192624141211479	0.031045495	0.63645273	0.022358887538781447	0.5408507683622363	degenerated	True	pain_ligand:VEGFB
AF_inner	EP_ossification	FGF2	FGFR1	0.9442322	0.02	0.8319533	0.21116460102785742	0.20188979921080552	0.026572108	0.76491624	0.4434763784350897	0.541951398741064	degenerated	True	pain_ligand:FGF2
EP_ossification	EP_ossification	SLIT3	ROBO2	0.5804358	0.0	0.24036221	2.449217467330647	1.3757296746426957	0.12859236	0.6362234	5.3327542733771986e-05	0.5433001615912674	degenerated	True	pain_receptor:ROBO2
AF_outer	EP_hyaline	ADAM17	IL6R	0.23624235	0.78	0.05245344	0.0024678131187211017	-0.22999128585774326	0.005037492	0.44964606	1.0	0.5446763550478867	degenerated	True	pain_receptor:IL6R
EP_hyaline	Pericyte_SMC	FGF2	CD44	0.9425045	0.41	0.8491057	0.0257535991246493	-0.004338812969680972	0.015621959	0.7667461	0.9681034706851174	0.5457751256168333	degenerated	True	pain_ligand:FGF2
EP_hyaline	AF_inner	PIGF	FLT1	0.23139535	0.01	0.05252742	0.05862224367316531	0.025890734548134453	0.014018533	0.4498204	0.4266152926003605	0.5458423173745615	degenerated	True	pain_receptor:FLT1
EP_ossification	AF_outer	VEGFA	CD44	0.73663074	1.0	0.23992053	-0.25601038300326473	-0.707921108216576	0.0027108807	0.63601047	1.0	0.5459708760428122	degenerated	True	pain_ligand:VEGFA
NP_mature_chondrocyte	unassigned	VEGFA	CD44	0.942332	1.0	0.7789309	-0.061424558787230465	0.42003683051814156	0.0088012	0.75894374	1.0	0.5463032681603233	degenerated	True	pain_ligand:VEGFA
NP_mature_chondrocyte	AF_inner	GRN	TNFRSF1A	0.5923498	1.0	0.35010695	-0.14941920757517213	-0.490504841144334	0.0058167693	0.6785368	1.0	0.5463990905023964	degenerated	True	pain_receptor:TNFRSF1A
AF_inner	Macrophage	ADAM10	IL6R	0.2542884	0.67	0.052621014	-0.02292478941417321	-0.16201428414721977	0.0039217253	0.45004076	1.0	0.5464251600918666	degenerated	True	pain_receptor:IL6R
AF_outer	EP_hyaline	GRN	TNFRSF1A	0.9421704	0.0	0.7988657	0.22430910020287115	0.2022281588843554	0.013272567	0.7612477	0.25077836817290766	0.5464353053061652	degenerated	True	pain_receptor:TNFRSF1A
T_cell	EP_hyaline	VEGFA	NRP2	0.5750973	1.0	0.32241243	-0.16439606776337767	-0.14805486325839368	0.009605625	0.6694839	1.0	0.5468273563526893	degenerated	True	pain_ligand:VEGFA; pain_receptor:NRP2
EP_ossification	AF_inner	FGF2	CD44	0.9419079	0.41	0.79570806	0.017992223247539862	0.007149264029835289	0.0146395415	0.7608876	0.9681034706851174	0.5468315904417851	degenerated	True	pain_ligand:FGF2
T_cell	Pericyte_SMC	TNFSF13B	HLA-DPB1	0.23404038	0.0	0.052654784	0.23434526758282598	0.20406505821849233	0.014057017	0.45012012	0.1945011946173084	0.5481731345473377	degenerated	True	pain_ligand:TNF
NP_fibrocartilaginous	Macrophage	PIGF	FLT1	0.6523218	0.0	0.3512624	0.8610678063526376	1.027728528854325	0.09374501	0.678896	0.0012935031148362634	0.5487578406858487	degenerated	True	pain_receptor:FLT1
NP_fibrocartilaginous	EP_hyaline	FGF2	CD44	0.940557	0.09	0.7333997	0.010664403754410606	-0.12392228759671853	0.013493184	0.7533912	0.9981873234806367	0.5489466746091072	degenerated	True	pain_ligand:FGF2
unassigned	NP_fibrocartilaginous	VEGFA	ITGAV	0.57439715	1.0	0.3298592	-0.07465833733684638	0.26342365376841215	0.010496404	0.67200536	1.0	0.5489725613462498	degenerated	True	pain_ligand:VEGFA
NP_mature_chondrocyte	EP_ossification	PDGFA	PDGFRA	0.6489363	0.0	0.23934433	0.42959515762595396	0.5861455738294761	0.028611762	0.63573205	0.022358887538781447	0.5489725613462498	degenerated	True	pain_ligand:PDGFA
B_cell	Macrophage	VEGFA	CD44	0.63186926	1.0	0.3517506	-0.3611925365459284	-0.43372973723358677	0.0039744573	0.67904735	1.0	0.5498321771868183	degenerated	True	pain_ligand:VEGFA
NP_mature_chondrocyte	Macrophage	FGF2	SDC4	0.61810184	0.94	0.23916796	-0.06874246512080409	0.0815700116416127	0.011614931	0.63564676	1.0	0.5498321771868183	degenerated	True	pain_ligand:FGF2
EP_ossification	AF_outer	ANGPT1	ITGB1	1.0856392	0.0	0.58599174	0.45098851828203546	0.598841195575244	0.02320479	0.7319599	0.022358887538781447	0.549872845827168	degenerated	True	pain_ligand:ANGPT1
Pericyte_SMC	AF_outer	PDGFA	PDGFRA	0.9400303	0.0	0.87938684	1.1507199035907223	1.1048235793928365	0.105123885	0.7698649	0.00046335814507920275	0.550005292080882	degenerated	True	pain_ligand:PDGFA
B_cell	B_cell	VEGFA	CD44	0.6329303	1.0	0.35262898	-0.36014505371566985	-0.4603008210549736	0.0039843814	0.6793191	1.0	0.5523085920281006	degenerated	True	pain_ligand:VEGFA
Macrophage	NP_fibrocartilaginous	TNFSF13B	HLA-DPB1	0.23075005	0.0	0.052928858	0.26844759566112114	0.19394719207513844	0.014130184	0.4507627	0.18921948542275724	0.5528303991485075	degenerated	True	pain_ligand:TNF
NP_mature_chondrocyte	EP_ossification	FGF2	FGFR2	0.67512673	0.0	0.3527729	0.4686100335652462	0.8437904463576273	0.0735983	0.6793635	0.022358887538781447	0.5530637717955904	degenerated	True	pain_ligand:FGF2
NP_mature_chondrocyte	Macrophage	SEMA3E	NRP2	0.57270396	0.0	0.29315263	0.1885094791138473	0.43391352046739023	0.038271245	0.6588745	0.07200869888379142	0.5534955126534519	degenerated	True	pain_receptor:NRP2
AF_outer	EP_ossification	TNFSF12	TNFRSF12A	0.6542351	0.74	0.3534688	0.021198971316322965	0.01984080938426075	0.015155342	0.6795781	1.0	0.5544679250318323	degenerated	True	pain_ligand:TNF
EP_ossification	EP_ossification	ADAM17	IL6R	0.5971876	0.0	0.3535665	0.5963309190837544	0.575550213431904	0.033955608	0.6796082	0.022358887538781447	0.5547924314886211	degenerated	True	pain_receptor:IL6R
EP_hyaline	AF_outer	VEGFA	EGFR	0.57239836	0.0	0.269476	0.12883634287066156	0.1599143728997485	0.017301738	0.6493483	0.16532702907687843	0.5550087233381288	degenerated	True	pain_ligand:VEGFA
AF_inner	AF_outer	FGF2	FGFRL1	0.5723764	0.97	0.31131217	-0.051989618199718146	-0.22295829495282216	0.018338405	0.66559625	1.0	0.5552250713961486	degenerated	True	pain_ligand:FGF2
AF_outer	AF_inner	VEGFA	ITGB1	0.68446815	1.0	0.35368416	-0.42656163130629304	-0.9830337872214046	0.00338723	0.6796444	1.0	0.5553332665056325	degenerated	True	pain_ligand:VEGFA
NP_fibrocartilaginous	Pericyte_SMC	FGF2	FGFR1	0.5723462	1.0	0.32715192	-0.2070573219216187	-0.37226545398899313	0.0104490435	0.67109644	1.0	0.555441475669983	degenerated	True	pain_ligand:FGF2
Macrophage	EP_ossification	TNFSF10	TNFRSF11B	0.5722437	0.45	0.3234615	0.22546697402482463	0.07900187487062255	0.032085206	0.66984326	1.0	0.555549698890113	degenerated	True	pain_ligand:TNF
NP_mature_chondrocyte	AF_outer	FGF2	SDC2	0.9365656	0.0	0.87361085	0.1276753544816004	0.3030623784955745	0.027205423	0.7692807	0.167838972003674	0.555973296852625	degenerated	True	pain_ligand:FGF2
Macrophage	EP_hyaline	PTGS2	CAV1	0.93655515	0.99	0.80440474	-0.09253821590006436	-0.3837573685596878	0.010591566	0.7618751	1.0	0.5561061489526423	degenerated	True	pain_ligand:PTGS2
EP_hyaline	NP_mature_chondrocyte	TNFSF12	TNFRSF12A	0.78665525	0.0	0.3543601	0.09900058079629001	0.11250847795577279	0.015193557	0.67985225	0.24547730961705072	0.5572835320354623	degenerated	True	pain_ligand:TNF
EP_hyaline	NP_fibrocartilaginous	TNFSF12	TNFRSF12A	0.78671503	0.0	0.35439268	0.09905950972947283	0.09094671646958896	0.015194954	0.67986226	0.26325020087676976	0.5575006455059801	degenerated	True	pain_ligand:TNF
NP_fibrocartilaginous	AF_inner	ANGPT1	ITGB1	0.6274801	1.0	0.23705141	-0.04842424163754333	-0.17984813549327985	0.009387041	0.63461673	1.0	0.5580432388623233	degenerated	True	pain_ligand:ANGPT1
NP_mature_chondrocyte	NP_fibrocartilaginous	SEMA3C	NRP2_PLXNA3	0.2832682	0.74	0.05329189	-0.004815812766914817	-0.0048439015128335094	0.012471485	0.45160896	1.0	0.5586436084180721	degenerated	True	pain_receptor:NRP2
AF_inner	EP_hyaline	GRN	TNFRSF1A	0.57131755	1.0	0.3211	-0.16470506396996712	-0.41851946718016575	0.0053348406	0.66903245	1.0	0.5591298315794485	degenerated	True	pain_receptor:TNFRSF1A
AF_inner	NP_fibrocartilaginous	GRN	TNFRSF1A	0.6052754	1.0	0.35495532	-0.12329890755978141	-0.35638904806931315	0.0058973217	0.6800349	1.0	0.5591298315794485	degenerated	True	pain_receptor:TNFRSF1A
EP_hyaline	AF_outer	SEMA3C	NRP2_PLXNA1	0.27528614	0.14	0.05333869	0.0536819767711455	-0.030346910891754647	0.018052174	0.45171764	0.6781065007716052	0.5600954708537187	degenerated	True	pain_receptor:NRP2
unassigned	AF_outer	VEGFA	CD44	0.93487537	1.0	0.7501294	-0.06341217999845461	0.22200825213416508	0.00847577	0.7554806	1.0	0.5604974464325418	degenerated	True	pain_ligand:VEGFA
Macrophage	Macrophage	VEGFA	NRP2	0.5709024	1.0	0.29041657	-0.15933313376919994	-0.32021075554593437	0.008652373	0.65782	1.0	0.5610889705458629	degenerated	True	pain_ligand:VEGFA; pain_receptor:NRP2
T_cell	EP_hyaline	TNFSF13B	HLA-DPB1	0.2359991	0.0	0.053391248	0.23783198005739245	0.16086083712545632	0.0142536275	0.45183966	0.1810631547347489	0.5612565462752213	degenerated	True	pain_ligand:TNF
EP_hyaline	T_cell	VEGFA	CD44	0.9342344	1.0	0.8582341	-0.06584158184020818	0.1406890795382667	0.009697253	0.76770085	1.0	0.5620972364617847	degenerated	True	pain_ligand:VEGFA
AF_inner	AF_outer	VEGFA	EGFR	1.039101	0.0	0.5786446	0.582246417108032	0.6675605023182214	0.03715194	0.7307203	0.017183691456795894	0.5623639687514158	degenerated	True	pain_ligand:VEGFA
EP_hyaline	NP_fibrocartilaginous	PDGFA	PDGFRB	0.23397577	0.0	0.053476032	0.15722915085231848	0.2947714440336584	0.012295236	0.45203614	0.3492661804681521	0.5627073724892351	degenerated	True	pain_ligand:PDGFA
unassigned	unassigned	VEGFA	CD44	0.5975129	1.0	0.35680914	-0.39642255069537813	0.20539362108036463	0.004031614	0.6806013	1.0	0.5630526806027033	degenerated	True	pain_ligand:VEGFA
Pericyte_SMC	Macrophage	ANGPT1	ITGB1	0.9339046	0.0	0.7301467	0.48327660441084647	0.42133386350708246	0.02891321	0.752978	0.022358887538781447	0.5631646446419409	degenerated	True	pain_ligand:ANGPT1
Pericyte_SMC	AF_outer	GRN	TNFRSF1A	0.617772	0.99	0.3569224	-0.10483078425568819	-0.32306828163571455	0.0059300032	0.6806358	1.0	0.5633803517585085	degenerated	True	pain_receptor:TNFRSF1A
EP_hyaline	NP_fibrocartilaginous	VEGFA	EGFR	0.57007	0.0	0.26568747	0.12407353660539847	0.17463424135074826	0.017058494	0.64773464	0.17554675934377778	0.5638176203598888	degenerated	True	pain_ligand:VEGFA
B_cell	unassigned	ADAM10	IL6R	0.6312457	0.0	0.23572004	0.537375372217417	1.1865109852392033	0.017567683	0.6339636	0.05992728103033192	0.5639269288437224	degenerated	True	pain_receptor:IL6R
Pericyte_SMC	B_cell	ANGPT1	ITGB1	0.5990853	0.99	0.3571349	0.16349681730130255	0.0028352215359587207	0.014142248	0.6807005	1.0	0.5644738593313213	degenerated	True	pain_ligand:ANGPT1
NP_mature_chondrocyte	NP_fibrocartilaginous	SEMA3C	NRP2_PLXNA1	0.2836556	0.0	0.053638555	0.059694563561479744	0.07722082536936348	0.01815366	0.452412	0.3980651643442384	0.5647375623427712	degenerated	True	pain_receptor:NRP2
AF_outer	NP_fibrocartilaginous	FGF2	CD44	0.93327093	0.14	0.7045741	0.0016757447324049907	-0.15291475250934183	0.012962848	0.74964744	1.0	0.5647670768149229	degenerated	True	pain_ligand:FGF2
NP_mature_chondrocyte	NP_fibrocartilaginous	FGF2	FGFR1	0.9330268	0.0	0.8665609	0.19838671123485518	0.4460600344073399	0.027677454	0.76856077	0.06216478990184777	0.5651678513436771	degenerated	True	pain_ligand:FGF2
B_cell	AF_inner	ADAM10	IL6R	0.23172256	0.88	0.053680133	-0.04820533880645193	-0.27767046333977224	0.004000659	0.45250797	1.0	0.5656072984749031	degenerated	True	pain_receptor:IL6R
AF_outer	Macrophage	GRN	TNFRSF1A	0.93281496	0.0	0.7756607	0.21290203862314255	0.26419758997414344	0.012887034	0.7585587	0.2886752046561136	0.5657024785609883	degenerated	True	pain_receptor:TNFRSF1A
EP_hyaline	EP_hyaline	ANGPT1	ITGA5	0.2666287	0.33	0.05368468	0.015925308334605735	-0.0627494388926001	0.0072768563	0.4525185	1.0	0.5658971644944891	degenerated	True	pain_ligand:ANGPT1
Macrophage	EP_ossification	ADAM10	IL6R	0.56925	0.0	0.32329267	0.48103609405448255	0.4819923625030573	0.024094272	0.6697855	0.022358887538781447	0.5664454545353411	degenerated	True	pain_receptor:IL6R
Pericyte_SMC	Macrophage	ANGPT2	TIE1	0.59825826	0.0	0.35790345	3.8759103079667	1.5023962746210429	0.5068683	0.6809341	5.555688514520996e-06	0.5671037305910704	degenerated	True	pain_ligand:ANGPT2
AF_outer	unassigned	FGF2	CD44	0.56870794	1.0	0.32154655	-0.3581855036216497	-0.20733885918088168	0.005915856	0.66918635	1.0	0.5679821660946314	degenerated	True	pain_ligand:FGF2
EP_ossification	NP_mature_chondrocyte	VEGFA	ITGB1	0.72148114	1.0	0.2342714	-0.39251916912281315	-0.9950995349873135	0.002243615	0.63324803	1.0	0.5690814412362447	degenerated	True	pain_ligand:VEGFA
EP_hyaline	EP_hyaline	VEGFA	EGFR	0.627183	0.0	0.35861838	0.24090191518794457	0.22182223882392182	0.023025135	0.6811508	0.08108396913033218	0.5698518303406888	degenerated	True	pain_ligand:VEGFA
EP_ossification	T_cell	ADAM17	IL6R	0.5680101	0.0	0.31548622	0.5535656329437296	0.6667573179879901	0.030298475	0.6670768	0.022358887538781447	0.5704024070412873	degenerated	True	pain_receptor:IL6R
NP_mature_chondrocyte	EP_hyaline	TNFSF10	RIPK1	0.23660499	0.0	0.05385677	0.10384414330381517	0.15979954056678047	0.014863889	0.45291498	0.23154197853926345	0.5705318919728635	degenerated	True	pain_ligand:TNF
EP_hyaline	Macrophage	VEGFA	SIRPA	0.6274663	0.01	0.35907927	0.10130198415049728	0.15727868592640704	0.017881813	0.68129027	0.38818642579131674	0.5711739875802363	degenerated	True	pain_ligand:VEGFA
Macrophage	EP_hyaline	TNFSF12	TNFRSF12A	0.93032587	0.0	0.5982512	0.3036946427180691	0.37206742032900136	0.02565064	0.73398614	0.022358887538781447	0.571192584714603	degenerated	True	pain_ligand:TNF
EP_hyaline	EP_hyaline	ADAM17	IL6R	0.24054128	0.62	0.053986464	0.010323949017446404	-0.23277318925776697	0.00518472	0.45321298	1.0	0.5716896538526132	degenerated	True	pain_receptor:IL6R
NP_fibrocartilaginous	EP_hyaline	ADAM17	IL6R	0.24062386	0.55	0.054015912	0.010474769335037493	-0.22367370466496594	0.0051875478	0.45328057	1.0	0.5722683968342002	degenerated	True	pain_receptor:IL6R
EP_ossification	EP_ossification	FGF2	SDC4	0.56705856	0.89	0.31631523	-0.12089895351690043	-0.17323717311363818	0.015361504	0.66736823	1.0	0.5726087937006503	degenerated	True	pain_ligand:FGF2
EP_ossification	EP_ossification	SEMA3C	NRP2_PLXNA3	0.6374922	0.0	0.23329276	0.5220405245773617	0.6984077427426733	0.054595683	0.6327617	0.02007557822346794	0.5728296914138262	degenerated	True	pain_receptor:NRP2
Pericyte_SMC	NP_fibrocartilaginous	VEGFA	NRP2	0.56700724	1.0	0.31546658	-0.17438502026534805	-0.4440223678061369	0.009398687	0.6670699	1.0	0.5728296914138262	degenerated	True	pain_ligand:VEGFA; pain_receptor:NRP2
NP_mature_chondrocyte	NP_mature_chondrocyte	VEGFA	ITGAV	0.9290839	0.0	0.74521244	0.273563804789085	0.5713437986096664	0.023713302	0.75487256	0.022358887538781447	0.5734742866694518	degenerated	True	pain_ligand:VEGFA
AF_inner	EP_hyaline	TNFSF11	TNFRSF11B	0.6190574	0.0	0.23311287	0.20513522706503226	0.18886683159311668	0.08055284	0.63267213	0.11029941411355668	0.5737140284398016	degenerated	True	pain_ligand:TNF
NP_fibrocartilaginous	NP_mature_chondrocyte	VEGFA	NRP2	0.6485037	1.0	0.36014274	-0.07068373684049203	-0.18753515539460697	0.010729723	0.68161124	1.0	0.5744885918329241	degenerated	True	pain_ligand:VEGFA; pain_receptor:NRP2
EP_hyaline	AF_outer	GRN	TNFRSF1A	0.92816174	0.0	0.8380249	0.22075944608632017	0.16411274494315375	0.013923168	0.7655693	0.20266174684968696	0.5753556606723974	degenerated	True	pain_receptor:TNFRSF1A
EP_hyaline	NP_mature_chondrocyte	FGF2	CD44	0.9277451	0.16	0.8271292	0.011184324855738604	-0.05893312929289907	0.015217632	0.7643929	0.7208573066165451	0.5761626915479785	degenerated	True	pain_ligand:FGF2
AF_outer	EP_hyaline	FGF2	CD44	0.92739356	0.34	0.69839907	-0.004126404971407871	-0.1654817083349992	0.012849239	0.74882054	1.0	0.5765663531598539	degenerated	True	pain_ligand:FGF2
EP_hyaline	AF_outer	TNFSF9	PVR	0.23401543	0.0	0.054242212	0.24183930095540618	0.4255696063214293	0.043262728	0.4537986	0.03223558093209777	0.5771839999313476	degenerated	True	pain_ligand:TNF
AF_inner	NP_fibrocartilaginous	VEGFA	EGFR	1.0367727	0.0	0.57050943	0.577483610842769	0.6822803707692211	0.036629625	0.72932506	0.016833727365795813	0.5777778137010586	degenerated	True	pain_ligand:VEGFA
EP_ossification	AF_inner	VEGFA	CD44	0.71540666	1.0	0.23200628	-0.27696052412295974	-0.698795335288483	0.002621457	0.63211906	1.0	0.5782605213504293	degenerated	True	pain_ligand:VEGFA
EP_hyaline	Macrophage	FGF2	SDC2	0.6155708	1.0	0.36230677	-0.2167228396312137	-0.2472206181411042	0.011282723	0.68226093	1.0	0.5791504375705688	degenerated	True	pain_ligand:FGF2
Pericyte_SMC	B_cell	VEGFA	ITGB1	0.565243	1.0	0.3137399	-0.5392503536335279	-0.88994488802052	0.0030046839	0.6664602	1.0	0.5795958274995174	degenerated	True	pain_ligand:VEGFA
AF_outer	AF_outer	FGF2	SDC1	0.3144069	1.0	0.05436556	-0.020455581120158287	-0.16931302175236546	0.02290716	0.45408016	1.0	0.5800724292407846	degenerated	True	pain_ligand:FGF2
Macrophage	NP_fibrocartilaginous	PDGFA	PDGFRB	0.23566446	0.0	0.05438656	0.1608879929335419	0.23036240122727356	0.012504584	0.454128	0.32798164608799546	0.5803611458439261	degenerated	True	pain_ligand:PDGFA
EP_hyaline	EP_hyaline	ANGPT1	ITGB1	0.9259803	0.0	0.231309	0.16544081246430592	0.11621945323933491	0.009159646	0.631769	0.9335220784732858	0.5811562210197895	degenerated	True	pain_ligand:ANGPT1
B_cell	NP_mature_chondrocyte	ADAM10	IL6R	0.23333636	0.91	0.054415442	-0.04583989360212626	-0.3411623367999809	0.00405546	0.45419383	1.0	0.5818043844023346	degenerated	True	pain_receptor:IL6R
EP_hyaline	unassigned	VEGFA	SIRPA	0.56472635	0.6	0.2569926	-0.0006286041801510413	0.36968775199444576	0.012797992	0.64392936	1.0	0.5818256634530466	degenerated	True	pain_ligand:VEGFA
AF_outer	Macrophage	FGF2	FGFR1	0.5647067	1.0	0.31734264	-0.21563467682396126	-0.3399677624632099	0.010135741	0.667728	1.0	0.582049104903078	degenerated	True	pain_ligand:FGF2
NP_mature_chondrocyte	B_cell	FGF2	CD44	0.924027	0.5	0.84863156	0.02469385096483051	0.3564211383274234	0.015613235	0.76669616	1.0	0.5833078382760761	degenerated	True	pain_ligand:FGF2
T_cell	NP_fibrocartilaginous	VEGFA	NRP2	0.5642617	1.0	0.31192666	-0.17705233647962973	-0.22694336925839553	0.009293222	0.66581565	1.0	0.584173300857691	degenerated	True	pain_ligand:VEGFA; pain_receptor:NRP2
NP_fibrocartilaginous	Pericyte_SMC	VEGFA	ITGAV	0.6536858	0.6	0.36431646	0.0648138600584196	-0.16978131752966585	0.011592864	0.6828602	1.0	0.5846212619375669	degenerated	True	pain_ligand:VEGFA
NP_mature_chondrocyte	Macrophage	FGF2	CD44	0.922966	0.43	0.84651774	0.023646368134571882	0.38299222214881024	0.015574344	0.76647294	0.9870896623501859	0.5850650134549455	degenerated	True	pain_ligand:FGF2
AF_outer	T_cell	VEGFA	CD44	0.7002634	1.0	0.3646027	-0.29314847113431297	-0.447848043220586	0.004119674	0.68294525	1.0	0.5851813097181519	degenerated	True	pain_ligand:VEGFA
B_cell	B_cell	CXCL8	CD79A	0.563404	0.0	0.3169744	2.2060824320125927	0.6025619270327804	0.07791161	0.6675992	0.010642270066263802	0.5873132957736406	degenerated	True	pain_ligand:CXCL8
EP_ossification	B_cell	NGF	MAGED1	0.23411229	1.0	0.05480431	-0.154795604036178	-0.16602807759138166	0.010828626	0.4550766	1.0	0.5878597194689685	degenerated	True	pain_ligand:NGF
Pericyte_SMC	EP_ossification	VEGFA	NRP2	0.5632355	0.97	0.31177515	-0.17879024229510915	-0.43104902564563774	0.009288709	0.6657616	1.0	0.588212473414043	degenerated	True	pain_ligand:VEGFA; pain_receptor:NRP2
NP_mature_chondrocyte	EP_hyaline	IL11	IL6R	0.24294695	0.0	0.054844335	0.08073931943769345	0.11628821399795924	0.017479708	0.4551671	0.3077716105043318	0.5884358902640248	degenerated	True	pain_receptor:IL6R
EP_hyaline	AF_outer	ANGPT1	ITGA5	0.27106446	0.13	0.054879636	0.022135872302818015	-0.09548883923314322	0.0074388306	0.45524693	1.0	0.589011969301228	degenerated	True	pain_ligand:ANGPT1
EP_ossification	Macrophage	FGF2	SDC2	0.56304866	0.99	0.311187	-0.275739655784483	-0.3153241417262288	0.009690784	0.66555154	1.0	0.5891125683480487	degenerated	True	pain_ligand:FGF2
NP_mature_chondrocyte	AF_inner	TNFSF10	TNFRSF11B	0.788564	0.0	0.36593926	0.26401088263850486	0.3127222362891119	0.03629871	0.68334126	0.03064092433154063	0.5892251220781113	degenerated	True	pain_ligand:TNF
AF_outer	NP_mature_chondrocyte	FGF2	FGFRL1	0.6110042	0.56	0.36598507	0.013145250393289468	0.023219917868374518	0.02155901	0.6833548	1.0	0.5893376901433349	degenerated	True	pain_ligand:FGF2
Macrophage	NP_mature_chondrocyte	TNFSF10	TNFRSF10D	0.5626742	0.0	0.31129873	0.5627376753354667	0.8492748480533572	0.06789388	0.6655914	0.014105514191254977	0.5900135810433067	degenerated	True	pain_ligand:TNF
NP_mature_chondrocyte	NP_mature_chondrocyte	TNFSF10	TNFRSF11B	0.7891072	0.0	0.36624637	0.26452049127392907	0.6076645884812297	0.036329176	0.68343204	0.022777862175101766	0.5902389323057843	degenerated	True	pain_ligand:TNF
AF_inner	Pericyte_SMC	FGF2	CD44	0.9202876	0.52	0.7984282	0.0007894490806289369	-0.09117655721380302	0.014689586	0.76119804	1.0	0.5911616620898931	degenerated	True	pain_ligand:FGF2
T_cell	B_cell	VEGFA	ITGB1	0.56249744	1.0	0.31021935	-0.5419176698478096	-0.6728658894727786	0.0029709677	0.66520476	1.0	0.5912539047628684	degenerated	True	pain_ligand:VEGFA
EP_hyaline	NP_fibrocartilaginous	VEGFA	GPC1	0.63228804	0.0	0.36692497	0.10371255176551607	0.1457840815084751	0.020969804	0.68363225	0.23224181778222153	0.5919312596834008	degenerated	True	pain_ligand:VEGFA
unassigned	EP_hyaline	CXCL2	DPP4	0.2774979	0.0	0.05499277	0.15774866586016403	0.7592332178058825	0.016160922	0.4555023	0.11094214777749468	0.5921787641607552	degenerated	True	pain_ligand:CXCL2
unassigned	NP_mature_chondrocyte	VEGFA	ITGB1	0.9197258	1.0	0.732467	-0.19992096611800309	-0.06517017463657249	0.0070148297	0.753273	1.0	0.5922477527890093	degenerated	True	pain_ligand:VEGFA
AF_inner	Macrophage	GRN	TNFRSF1A	0.56196225	1.0	0.31177288	-0.1761121255496957	-0.3565500360903777	0.0051798774	0.6657608	1.0	0.592722130373082	degenerated	True	pain_receptor:TNFRSF1A
T_cell	Macrophage	VEGFA	NRP2	0.62160504	1.0	0.3674188	-0.11007456685339337	-0.06267975691578664	0.010946498	0.6837777	1.0	0.5930612124686357	degenerated	True	pain_ligand:VEGFA; pain_receptor:NRP2
NP_fibrocartilaginous	AF_outer	FGF2	CD44	0.9192338	0.63	0.70987386	-0.010384324198907655	-0.14916480738880056	0.013060352	0.75035	1.0	0.5934703888685948	degenerated	True	pain_ligand:FGF2
NP_mature_chondrocyte	NP_fibrocartilaginous	VEGFA	ITGAV	0.9192163	0.0	0.7200979	0.2603396545713013	0.4780668632061891	0.022914138	0.75168693	0.024235997487697412	0.593742153684778	degenerated	True	pain_ligand:VEGFA
AF_outer	EP_ossification	VEGFA	EGFR	0.56140494	0.18	0.2686159	0.3576437367980898	-0.018714734353485474	0.017246515	0.64898425	0.724140899155029	0.5948721994031243	degenerated	True	pain_ligand:VEGFA
EP_hyaline	AF_inner	VEGFA	ITGB1	0.91843915	1.0	0.832533	-0.19925474201218826	-0.3944966644625518	0.007973161	0.7649788	1.0	0.59510194093452	degenerated	True	pain_ligand:VEGFA
EP_hyaline	EP_ossification	FGF2	SDC4	0.6195806	0.73	0.36827743	-0.06188213736363113	-0.10513364952851356	0.017884992	0.68403	1.0	0.5954389563894839	degenerated	True	pain_ligand:FGF2
Macrophage	AF_outer	TNFSF12	TNFRSF12A	0.9183072	0.0	0.5883151	0.29204759646418543	0.37584703946848746	0.02522462	0.73234785	0.022358887538781447	0.5957821762600133	degenerated	True	pain_ligand:TNF
NP_fibrocartilaginous	NP_fibrocartilaginous	GRN	TNFRSF1A	0.91789806	0.0	0.8001677	0.20463350014040277	0.16037375805983733	0.013294198	0.76139575	0.2487067479580169	0.597007286814432	degenerated	True	pain_receptor:TNFRSF1A
AF_outer	unassigned	GRN	TNFRSF1A	0.9178238	0.0	0.7384767	0.19462302017577543	0.7782087398771655	0.012269248	0.75403154	0.35241668062665293	0.5972797105289657	degenerated	True	pain_receptor:TNFRSF1A
Pericyte_SMC	NP_mature_chondrocyte	PIGF	FLT1	0.24712975	0.03	0.055348657	0.08527738718504498	0.20988152068966343	0.014771464	0.45630237	0.4838309971864258	0.5973548085681344	degenerated	True	pain_receptor:FLT1
NP_mature_chondrocyte	unassigned	GRN	TNFRSF1A	0.60778743	1.0	0.3692534	-0.13059597299851758	0.13823040832658195	0.0061348733	0.6843159	1.0	0.5978228641641652	degenerated	True	pain_receptor:TNFRSF1A
NP_mature_chondrocyte	AF_outer	NGF	SORCS2	0.23913662	0.0	0.055460904	0.32465310925190977	0.47886114244724465	0.043446023	0.45655364	0.022358887538781447	0.5985040323805793	degenerated	True	pain_ligand:NGF
NP_mature_chondrocyte	AF_inner	FGF2	FGFRL1	0.9174025	0.0	0.83543414	0.36967942700649653	0.6632559886681435	0.049212757	0.76529145	0.022358887538781447	0.598505864666277	degenerated	True	pain_ligand:FGF2
T_cell	EP_ossification	VEGFA	NRP2	0.56048995	0.99	0.30827665	-0.18145755850939083	-0.21397002709789636	0.009184478	0.6645049	1.0	0.5986189728098644	degenerated	True	pain_ligand:VEGFA; pain_receptor:NRP2
NP_mature_chondrocyte	Macrophage	TNFSF12	TNFRSF12A	0.24831693	1.0	0.05547756	-0.4703936880051438	-0.8030909230237107	0.002378658	0.4565909	1.0	0.5990785068381775	degenerated	True	pain_ligand:TNF
EP_hyaline	T_cell	VEGFA	ITGB1	0.6340729	1.0	0.36982912	-0.47084788654908655	-0.6014885523644736	0.00354185	0.6844842	1.0	0.5991881067213729	degenerated	True	pain_ligand:VEGFA
Macrophage	Pericyte_SMC	GRN	TNFRSF1A	0.91679597	0.0	0.66196215	0.1849246570608114	0.24798235806905333	0.010998014	0.74374783	0.5351558024410297	0.5993238475298112	degenerated	True	pain_receptor:TNFRSF1A
unassigned	AF_inner	VEGFA	NRP2	0.55988884	1.0	0.31294438	-0.1918934340909027	0.08335768859442072	0.009323544	0.666178	1.0	0.6003272729908218	degenerated	True	pain_ligand:VEGFA; pain_receptor:NRP2
B_cell	NP_mature_chondrocyte	VEGFA	NRP2	0.6541014	0.99	0.3701546	-0.0652455686035675	-0.028246572344392762	0.011028006	0.68457913	1.0	0.6005552426521301	degenerated	True	pain_ligand:VEGFA; pain_receptor:NRP2
AF_outer	Pericyte_SMC	FGF2	FGFR1	0.55918276	1.0	0.311539	-0.2218481306474372	-0.4138248747272738	0.009950375	0.6656773	1.0	0.6016961404984884	degenerated	True	pain_ligand:FGF2
Pericyte_SMC	EP_ossification	GRN	TNFRSF1A	0.55911374	0.96	0.3028927	-0.17635336369361485	-0.3920142774075721	0.005032339	0.6625381	1.0	0.6018104751358115	degenerated	True	pain_receptor:TNFRSF1A
AF_outer	AF_outer	ANGPT1	ITGB1	1.0275952	0.0	0.37059477	0.31026827864863793	0.38986480337436613	0.0146752475	0.68470746	0.15722680294256944	0.6021530142520992	degenerated	True	pain_ligand:ANGPT1
Macrophage	NP_mature_chondrocyte	GRN	TNFRSF1A	0.9153636	0.0	0.6581252	0.18317793867386128	0.10320003817083512	0.010934266	0.7431935	0.5453172270591056	0.6030091184945159	degenerated	True	pain_receptor:TNFRSF1A
EP_hyaline	NP_mature_chondrocyte	ANGPT1	ITGA5	0.27441013	0.04	0.055780936	0.026820086825135737	-0.027094873844686007	0.0075609996	0.45726755	1.0	0.6030972630157081	degenerated	True	pain_ligand:ANGPT1
Pericyte_SMC	NP_fibrocartilaginous	VEGFA	CD44	0.91528374	0.92	0.6563247	-0.08202075852137075	-0.34504848899768037	0.007415863	0.742932	1.0	0.6031458422600158	degenerated	True	pain_ligand:VEGFA
AF_inner	NP_fibrocartilaginous	TNFSF12	TNFRSF12A	0.73742527	0.0	0.22613695	0.005513743718466066	0.01575315133698202	0.009695857	0.6291347	0.8018893608082893	0.6040968932293463	degenerated	True	pain_ligand:TNF
AF_inner	NP_mature_chondrocyte	TNFSF12	TNFRSF12A	0.7373655	0.0	0.22611617	0.0054548147852832435	0.03731491282316585	0.009694966	0.629124	0.8020668435821697	0.6043258161571478	degenerated	True	pain_ligand:TNF
AF_outer	EP_ossification	VEGFA	CD44	0.9764662	0.68	0.55552965	-0.020508547733346705	-0.3690163411767735	0.006276972	0.72669077	1.0	0.6043760567146366	degenerated	True	pain_ligand:VEGFA
unassigned	EP_ossification	VEGFA	NRP2	0.6100277	0.99	0.3713997	-0.13333078611506188	0.1738171911039471	0.011065101	0.6849416	1.0	0.6046694933866796	degenerated	True	pain_ligand:VEGFA; pain_receptor:NRP2
Pericyte_SMC	Macrophage	VEGFA	NRP2	0.6243506	0.97	0.3715885	-0.10740725063911169	-0.279758755463528	0.0110707255	0.6849964	1.0	0.605586295296987	degenerated	True	pain_ligand:VEGFA; pain_receptor:NRP2
NP_mature_chondrocyte	NP_fibrocartilaginous	TNFSF10	TNFRSF10D	0.24023637	0.79	0.055909976	0.010393596351310985	-0.036316499194496366	0.012193899	0.45755428	1.0	0.6056783795590894	degenerated	True	pain_ligand:TNF
EP_ossification	EP_ossification	FGF2	FGFR1	0.91392696	0.1	0.7599235	0.1771119349186085	0.22062401986980296	0.024271516	0.7566767	0.6195139642268302	0.6064283668684569	degenerated	True	pain_ligand:FGF2
unassigned	Macrophage	VEGFA	ITGAV	0.5576512	1.0	0.31033567	-0.0970997556537553	0.2965054886440651	0.009875149	0.66524655	1.0	0.6067335540533398	degenerated	True	pain_ligand:VEGFA
EP_ossification	AF_inner	PIGF	FLT1	0.23997335	0.19	0.05595029	0.07548864648311629	0.1074602569832292	0.01493203	0.45764378	0.7361735343518007	0.6068249474265021	degenerated	True	pain_receptor:FLT1
NP_fibrocartilaginous	unassigned	ADAM10	IL6R	0.69709843	0.0	0.37199175	0.6462238232392774	1.3344573067832222	0.027723705	0.68511343	0.022358887538781447	0.6070779585368596	degenerated	True	pain_receptor:IL6R
unassigned	AF_inner	VEGFA	CD44	0.9136513	1.0	0.72538495	-0.08436232111814965	0.231134025062258	0.008196181	0.75236905	1.0	0.6072498814172158	degenerated	True	pain_ligand:VEGFA
NP_mature_chondrocyte	Pericyte_SMC	GRN	TNFRSF1A	0.5571821	1.0	0.3064903	-0.1922999185295393	-0.49527401988338426	0.005092111	0.66385674	1.0	0.6086872732542451	degenerated	True	pain_receptor:TNFRSF1A
T_cell	NP_fibrocartilaginous	VEGFA	CD44	0.9125382	1.0	0.64895993	-0.08468807473565243	-0.127969490449939	0.007332648	0.741853	1.0	0.6104027263335781	degenerated	True	pain_ligand:VEGFA
B_cell	AF_outer	CXCL8	SDC1	0.32284364	0.12	0.05611179	0.1143453508653173	-0.3567128875082762	0.015861815	0.45800146	1.0	0.6108350523391639	degenerated	True	pain_ligand:CXCL8
NP_mature_chondrocyte	AF_outer	SEMA3C	NRP2_PLXNA1	0.2864517	0.0	0.056140658	0.06833800709527224	0.08179870750941434	0.019000484	0.45806527	0.3589757860640016	0.6111213168630203	degenerated	True	pain_receptor:NRP2
NP_mature_chondrocyte	NP_mature_chondrocyte	GRN	TNFRSF1A	0.5557497	1.0	0.30471382	-0.19404663691648943	-0.6400563397816025	0.005062596	0.6632079	1.0	0.6116834086832655	degenerated	True	pain_receptor:TNFRSF1A
unassigned	B_cell	VEGFA	ITGB1	0.61203516	1.0	0.37374017	-0.4937908974534807	-0.2850786712709351	0.0035793062	0.685619	1.0	0.6123762751500434	degenerated	True	pain_ligand:VEGFA
B_cell	Pericyte_SMC	VEGFA	ITGAV	0.6592834	0.52	0.37444434	0.07025202829534413	-0.010492734479451649	0.011915143	0.68582183	1.0	0.6142263523448424	degenerated	True	pain_ligand:VEGFA
EP_hyaline	AF_inner	SEMA3A	NRP2	0.6174269	0.0	0.37472227	0.20402986811226825	0.24561154607201813	0.023332583	0.68590176	0.06502887901447423	0.6146895463572737	degenerated	True	pain_ligand:SEMA3A; pain_receptor:NRP2
EP_hyaline	AF_inner	NGF	MAGED1	0.2549918	1.0	0.056290198	-0.15982981504064728	-0.2775499754161223	0.011122218	0.45839548	1.0	0.6148406750807298	degenerated	True	pain_ligand:NGF
AF_inner	unassigned	VEGFA	SIRPA	1.031429	0.0	0.55183905	0.45278147005721947	0.8773338814129186	0.02748107	0.7260284	0.022358887538781447	0.6149358769530265	degenerated	True	pain_ligand:VEGFA
Macrophage	AF_inner	TNFSF12	TNFRSF12A	0.6600586	0.93	0.37481654	0.04178230201205682	0.07296433467305002	0.016070647	0.6859289	1.0	0.6150369547585331	degenerated	True	pain_ligand:TNF
AF_outer	EP_hyaline	TNFSF12	TNFRSF12A	0.9142405	0.0	0.5516905	0.2731666144264969	0.2824687082819954	0.023654304	0.72600156	0.04396785023159808	0.6152110316887591	degenerated	True	pain_ligand:TNF
Macrophage	EP_ossification	TNFSF10	TNFRSF10D	0.6129586	0.0	0.37521014	0.6394613615017671	0.8094116859786307	0.081832886	0.6860419	0.006913398581863837	0.6161961148460474	degenerated	True	pain_ligand:TNF
unassigned	AF_outer	VEGFA	ITGAV	0.5541985	1.0	0.30631027	-0.10172655226050355	0.19031616182132005	0.009747057	0.66379124	1.0	0.6166602984834482	degenerated	True	pain_ligand:VEGFA
NP_fibrocartilaginous	Pericyte_SMC	ANGPT1	ITGA5	0.23756686	0.69	0.05640303	0.024891393622777175	0.003523551843930245	0.0076453234	0.45864406	1.0	0.616841806420572	degenerated	True	pain_ligand:ANGPT1
AF_outer	EP_hyaline	FGF2	SDC2	0.620088	1.0	0.37552893	-0.2211695975329348	-0.42736211545005	0.011694479	0.6861334	1.0	0.6171245282420277	degenerated	True	pain_ligand:FGF2
Pericyte_SMC	EP_hyaline	VEGFA	CD44	0.90940636	0.91	0.65057254	-0.08782290822518361	-0.35761544482333774	0.007350869	0.74209046	1.0	0.6172756169892051	degenerated	True	pain_ligand:VEGFA
unassigned	NP_fibrocartilaginous	VEGFA	NRP2	0.61379945	1.0	0.37579706	-0.1289255640853008	0.16084384894344794	0.011196112	0.6862102	1.0	0.6179376779341907	degenerated	True	pain_ligand:VEGFA; pain_receptor:NRP2
EP_ossification	T_cell	ADAM10	IL6R	0.55379367	0.0	0.30174014	0.46095052798510133	0.5542850991963608	0.02248801	0.66211176	0.022358887538781447	0.6181700840729387	degenerated	True	pain_receptor:IL6R
T_cell	EP_ossification	VEGFA	EGFR	0.6305202	0.01	0.37604618	0.42479051925697464	0.4036000300929966	0.024144089	0.68628156	0.15667471193788013	0.6188678393927607	degenerated	True	pain_ligand:VEGFA
EP_hyaline	AF_outer	VEGFA	GPC1	0.63790905	0.0	0.37607118	0.11303150415506028	0.1664845335133831	0.021492511	0.6862887	0.2055873045675771	0.6189841517504494	degenerated	True	pain_ligand:VEGFA
AF_outer	AF_inner	VEGFA	GPC1	0.25452673	1.0	0.05648437	-0.36197484302937866	-0.8061557108938207	0.0032280886	0.45882303	1.0	0.6194130444848338	degenerated	True	pain_ligand:VEGFA
unassigned	Pericyte_SMC	ADAM10	IL6R	0.24143499	0.68	0.056643575	-0.0288964143844579	0.11684898343275052	0.0042215176	0.45917243	1.0	0.6216970362344776	degenerated	True	pain_receptor:IL6R
NP_fibrocartilaginous	AF_inner	ANGPT1	ITGA5	0.23824394	0.93	0.056716725	0.025839357739293092	-0.03719952091771214	0.0076878443	0.4593327	1.0	0.6228384840757937	degenerated	True	pain_ligand:ANGPT1
AF_outer	Macrophage	VEGFA	NRP2	0.55248976	1.0	0.2624532	-0.1772213493122782	-0.4849945213622687	0.007819261	0.6463361	1.0	0.6231820498136202	degenerated	True	pain_ligand:VEGFA; pain_receptor:NRP2
Pericyte_SMC	EP_hyaline	GRN	TNFRSF1A	0.55234563	1.0	0.29665858	-0.18460608854760405	-0.4192342290493668	0.0049287644	0.6602093	1.0	0.6237664572225569	degenerated	True	pain_receptor:TNFRSF1A
Pericyte_SMC	NP_mature_chondrocyte	ANGPT1	ITGB1	0.9067759	0.0	0.69992346	0.4573667486367802	0.22274371817032135	0.027716393	0.74902546	0.08032292032216472	0.624450605944823	degenerated	True	pain_ligand:ANGPT1
EP_ossification	NP_mature_chondrocyte	SEMA3E	NRP2	0.6583526	0.0	0.37775835	0.2994733578785941	0.585389771765437	0.049316574	0.6867704	0.022358887538781447	0.6245854296781144	degenerated	True	pain_receptor:NRP2
T_cell	EP_hyaline	VEGFA	CD44	0.9066608	1.0	0.6432723	-0.09049022443946529	-0.14053644627559636	0.007268383	0.7410092	1.0	0.6248653062585144	degenerated	True	pain_ligand:VEGFA
AF_inner	Macrophage	TNFSF12	TNFRSF12A	0.2503832	1.0	0.05682872	-0.46647220360455655	-0.7375292285332686	0.0024365904	0.45957765	1.0	0.6251202839836949	degenerated	True	pain_ligand:TNF
NP_fibrocartilaginous	Macrophage	SEMA3A	NRP2	0.55154973	0.03	0.26102567	0.06810341416218804	0.09694446286579683	0.01625311	0.64571244	0.4838309971864258	0.6257565525091526	degenerated	True	pain_ligand:SEMA3A; pain_receptor:NRP2
AF_outer	AF_outer	FGF2	CD44	0.90607035	0.95	0.67599595	-0.025175132924726132	-0.19072422812708123	0.012437062	0.74574184	1.0	0.6262486354721564	degenerated	True	pain_ligand:FGF2
AF_inner	NP_mature_chondrocyte	FGF2	CD44	0.9055282	0.77	0.77776325	-0.013779825188281757	-0.14577087353702112	0.01430939	0.7588065	1.0	0.6269406252822521	degenerated	True	pain_ligand:FGF2
AF_outer	NP_mature_chondrocyte	SEMA3E	NRP2	0.57090235	0.0	0.22134534	0.14476837956785002	0.29525362840471564	0.02889676	0.62663275	0.13285112249114267	0.627398695954411	degenerated	True	pain_receptor:NRP2
EP_ossification	NP_fibrocartilaginous	FGF2	FGFRL1	0.55099106	0.82	0.29576665	-0.07448091783529262	-0.14588468667975918	0.017422667	0.65987146	1.0	0.6282208439289905	degenerated	True	pain_ligand:FGF2
NP_mature_chondrocyte	AF_inner	VEGFA	NRP2	0.9047079	0.0	0.6831721	0.14310455781724502	0.29800089803219765	0.020353727	0.7467418	0.13605963343565564	0.6283254769943648	degenerated	True	pain_ligand:VEGFA; pain_receptor:NRP2
AF_outer	Pericyte_SMC	VEGFA	GPC1	0.25532565	1.0	0.057036627	-0.3606503520661656	-0.7798346475003815	0.00325965	0.4600312	1.0	0.6285402452855611	degenerated	True	pain_ligand:VEGFA
Pericyte_SMC	unassigned	VEGFA	CD44	0.55072075	1.0	0.29952696	-0.44188200687542545	-0.3994725956692202	0.0033843783	0.6612878	1.0	0.6288085860882643	degenerated	True	pain_ligand:VEGFA
NP_fibrocartilaginous	AF_outer	FGF2	SDC1	0.32757035	1.0	0.05709012	-0.005664772394339809	-0.12775360101408478	0.024055162	0.46014762	1.0	0.6288250937636093	degenerated	True	pain_ligand:FGF2
EP_ossification	Pericyte_SMC	FGF2	FGFR1	0.6162443	0.97	0.37921873	-0.15773063335547613	-0.2250771554984502	0.012112026	0.6871852	1.0	0.6290437098226238	degenerated	True	pain_ligand:FGF2
NP_mature_chondrocyte	NP_fibrocartilaginous	TNFSF12	TNFRSF12A	0.73535895	0.0	0.22076033	0.0015922593178787914	-0.049808543153460005	0.009465328	0.6263231	0.8577759784110239	0.6310450079192694	degenerated	True	pain_ligand:TNF
NP_mature_chondrocyte	NP_mature_chondrocyte	TNFSF12	TNFRSF12A	0.7352992	0.0	0.22074004	0.001533330384695969	-0.028246781667276177	0.009464458	0.6263124	0.8581493709306521	0.6312806887833002	degenerated	True	pain_ligand:TNF
EP_hyaline	NP_fibrocartilaginous	ANGPT1	ITGA5	0.28017664	0.0	0.05733439	0.03489371677800886	-0.06546288398229261	0.007771568	0.46067798	1.0	0.6313877036951764	degenerated	True	pain_ligand:ANGPT1
Pericyte_SMC	NP_fibrocartilaginous	PDGFA	PDGFRA	0.9033807	0.0	0.8056936	1.1043523098055577	1.0766022158131445	0.09631444	0.7620203	0.0005963587900484753	0.6319306254120881	degenerated	True	pain_ligand:PDGFA
AF_outer	NP_fibrocartilaginous	FGF2	SDC4	0.6244017	1.0	0.38006112	-0.05179208484849179	-0.19329034501921116	0.018457253	0.68742365	1.0	0.6321062238583693	degenerated	True	pain_ligand:FGF2
Pericyte_SMC	unassigned	ADAM17	IL6R	0.62392753	0.0	0.22057627	0.5560464635423145	1.244805016829356	0.02118357	0.6262255	0.022358887538781447	0.6330505462645195	degenerated	True	pain_receptor:IL6R
EP_ossification	EP_ossification	FGF2	SDC2	0.54983795	1.0	0.2942919	-0.2894813757054125	-0.42780679746856065	0.009164648	0.6593103	1.0	0.6332869163664148	degenerated	True	pain_ligand:FGF2
NP_mature_chondrocyte	Macrophage	VEGFA	ITGAV	0.90247035	0.0	0.6774771	0.23789823625439238	0.511148698081842	0.021557907	0.7459493	0.03432384502960588	0.6333191143011729	degenerated	True	pain_ligand:VEGFA
Pericyte_SMC	AF_inner	ADAM10	IL6R	0.24004376	0.71	0.057601467	-0.03445115095307965	-0.23635348236252773	0.0042929067	0.46125537	1.0	0.6333795677813836	degenerated	True	pain_receptor:IL6R
Pericyte_SMC	EP_ossification	VEGFA	EGFR	0.6332658	0.09	0.38031378	0.42745783547125626	0.18652103154525523	0.02441809	0.68749505	0.6027668311920042	0.6334050283741328	degenerated	True	pain_ligand:VEGFA
AF_outer	AF_inner	GRN	TNFRSF1A	0.9023862	0.0	0.70018536	0.17579978559912088	0.14947349040624958	0.0116330655	0.74906063	0.43665221443275276	0.6337357566041688	degenerated	True	pain_receptor:TNFRSF1A
EP_ossification	EP_hyaline	ANGPT1	ITGB1	1.0165424	0.0	0.5423474	0.3849969255493265	0.4426762370053059	0.021476509	0.72429943	0.022358887538781447	0.6337357566041688	degenerated	True	pain_ligand:ANGPT1
AF_outer	AF_outer	TNFSF12	TNFRSF12A	0.9022218	0.0	0.5425278	0.26151956817261324	0.2862483274214815	0.023261443	0.72433263	0.04228336032469586	0.6340136802477387	degenerated	True	pain_ligand:TNF
Macrophage	AF_outer	CXCL2	DPP4	0.7025201	0.0	0.38075197	0.8811083842877607	1.1296084208142794	0.111892946	0.6876188	0.0011258026503964326	0.6342324140287809	degenerated	True	pain_ligand:CXCL2
EP_hyaline	EP_ossification	FGF2	FGFR2	0.549323	0.0	0.26366502	0.32724968782242814	0.4399242315914203	0.055007905	0.6468624	0.022358887538781447	0.634587146713194	degenerated	True	pain_ligand:FGF2
Macrophage	B_cell	TNFSF13B	CD40	0.24020919	0.0	0.057630934	0.3955816369279503	0.5480872988835876	0.03595308	0.4613189	0.022358887538781447	0.6348016439427986	degenerated	True	pain_ligand:TNF
NP_mature_chondrocyte	AF_outer	TNFSF10	TNFRSF10B	0.24335852	0.0	0.057675272	0.046200320739092804	-0.0031775711370786164	0.012689596	0.4614145	0.5180674155746844	0.6350859907969394	degenerated	True	pain_ligand:TNF
NP_mature_chondrocyte	NP_mature_chondrocyte	SEMA3A	NRP2	0.6602796	0.0	0.3812049	0.208839327040298	0.5279042357494579	0.023736231	0.6877464	0.05253421041307064	0.6352971994308428	degenerated	True	pain_ligand:SEMA3A; pain_receptor:NRP2
Pericyte_SMC	T_cell	ANGPT1	ITGA5	0.5487858	0.0	0.30109784	0.6272662728858686	0.7369046944217483	0.04081324	0.66187334	0.009836823154522556	0.6364816700959985	degenerated	True	pain_ligand:ANGPT1
NP_mature_chondrocyte	NP_mature_chondrocyte	FGF2	SDC4	0.9003204	0.0	0.8014033	0.25990147350026127	0.6668123562666272	0.038919277	0.7615359	0.024494305865456135	0.636933688075365	degenerated	True	pain_ligand:FGF2
NP_mature_chondrocyte	AF_inner	FGF2	SDC4	0.9003005	0.0	0.8013636	0.25987802974441776	0.5308728685472421	0.038917348	0.7615314	0.024507275250765074	0.6370728196729611	degenerated	True	pain_ligand:FGF2
EP_hyaline	EP_ossification	SLIT3	ROBO1	0.2934006	0.0	0.057855	0.5584825119296929	0.5392138710536382	0.024353523	0.46180105	0.022358887538781447	0.637644087017582	degenerated	True	pain_receptor:ROBO1
Pericyte_SMC	Macrophage	VEGFA	ITGB1	0.9000623	1.0	0.6414275	-0.21947056652398403	-0.4714462460493962	0.006142945	0.7407334	1.0	0.6381864567515928	degenerated	True	pain_ligand:VEGFA
AF_outer	Macrophage	PIGF	FLT1	0.6692992	0.0	0.3826647	0.8944492513250236	1.011995342757515	0.10212567	0.68815666	0.001036353477666216	0.6384987047905479	degenerated	True	pain_receptor:FLT1
EP_hyaline	T_cell	FGF2	CD44	0.89969516	0.79	0.7853632	-0.01650355576214036	0.20637270198044144	0.0144492155	0.7596952	1.0	0.6394401473045073	degenerated	True	pain_ligand:FGF2
Macrophage	EP_ossification	TNFSF12	TNFRSF12A	0.6703206	0.64	0.38330027	0.05172699960789513	0.10943952143126673	0.016434398	0.6883347	1.0	0.6396871502189695	degenerated	True	pain_ligand:TNF
EP_hyaline	EP_hyaline	VEGFA	GPC1	0.64244527	0.0	0.3834522	0.12055172973188177	0.11306309269684278	0.021914337	0.6883772	0.21954889831863944	0.6399251693402487	degenerated	True	pain_ligand:VEGFA
T_cell	unassigned	VEGFA	CD44	0.5479752	1.0	0.29616588	-0.44454932308970707	-0.18239359712147885	0.0033464013	0.66002285	1.0	0.6400441052710704	degenerated	True	pain_ligand:VEGFA
EP_ossification	NP_fibrocartilaginous	VEGFA	ITGB1	1.1215895	0.51	0.38346785	-0.010382663677232062	-0.32449437747109133	0.003672468	0.6883816	1.0	0.6400441052710704	degenerated	True	pain_ligand:VEGFA
NP_mature_chondrocyte	AF_outer	VEGFA	ITGAV	0.8990177	0.0	0.66868955	0.23327143964764413	0.404959371259097	0.021278277	0.74471027	0.03689832972209866	0.6405551428933394	degenerated	True	pain_ligand:VEGFA
AF_outer	NP_mature_chondrocyte	VEGFA	CD44	0.72831345	1.0	0.38399246	-0.265460590516434	-0.7131538744939265	0.0043387604	0.68852824	1.0	0.6414726779278157	degenerated	True	pain_ligand:VEGFA
NP_fibrocartilaginous	NP_mature_chondrocyte	FGF2	FGFRL1	0.6241676	0.02	0.38432658	0.027936059119107945	0.06477933860665519	0.022639448	0.68862146	0.5611692214830692	0.6420686553211685	degenerated	True	pain_ligand:FGF2
NP_mature_chondrocyte	EP_hyaline	FGF2	FGFRL1	0.89818805	0.0	0.7971552	0.3447748856356222	0.7110129239777477	0.046957865	0.76105297	0.022358887538781447	0.6426473937366894	degenerated	True	pain_ligand:FGF2
Pericyte_SMC	EP_ossification	ANGPT2	ITGA5_ITGB1	0.5470536	0.0	0.29695222	1.6590174768270167	0.761394874655569	0.062285442	0.6603202	0.007976952132168228	0.643261525120362	degenerated	True	pain_ligand:ANGPT2
AF_inner	unassigned	GRN	TNFRSF1A	0.546971	1.0	0.29682693	-0.19439114399706284	0.15746111381264438	0.0049315616	0.6602729	1.0	0.643500237790704	degenerated	True	pain_receptor:TNFRSF1A
NP_fibrocartilaginous	AF_inner	FGF2	CD44	0.8980098	0.87	0.6864573	-0.0313344653186027	-0.14003903446070765	0.01262953	0.74719507	1.0	0.6436246104801647	degenerated	True	pain_ligand:FGF2
EP_ossification	NP_mature_chondrocyte	VEGFB	ADRB2	0.5468068	0.04	0.2752994	0.21102998492650996	0.4232890119605261	0.035487607	0.6517784	0.45309131032996014	0.6443363895924038	degenerated	True	pain_ligand:VEGFB
T_cell	NP_mature_chondrocyte	GRN	TNFRSF1A	0.6375796	1.0	0.38513234	-0.10820977310795891	-0.14578533947035777	0.006398691	0.688846	1.0	0.6445753680918965	degenerated	True	pain_receptor:TNFRSF1A
T_cell	Macrophage	VEGFA	ITGB1	0.89731675	1.0	0.6342299	-0.2221378827382657	-0.25436724750165485	0.0060740137	0.73964834	1.0	0.6450214940434582	degenerated	True	pain_ligand:VEGFA
NP_fibrocartilaginous	EP_hyaline	TNFSF12	TNFRSF12A	0.90916437	0.0	0.5369974	0.26353270890764036	0.3161017207117822	0.023024319	0.7233085	0.029745971794449544	0.6453009222134369	degenerated	True	pain_ligand:TNF
NP_mature_chondrocyte	EP_hyaline	SEMA3A	NRP2	0.5462989	0.0	0.28403366	0.07570840185609334	0.22714618097381228	0.017685734	0.6553144	0.32716551797046145	0.6456518878973898	degenerated	True	pain_ligand:SEMA3A; pain_receptor:NRP2
Macrophage	Pericyte_SMC	TNFSF12	TNFRSF12A	0.54626167	1.0	0.28073862	-0.06849675793101478	-0.10127701788512494	0.012036959	0.6539954	1.0	0.6461305542996356	degenerated	True	pain_ligand:TNF
AF_inner	AF_inner	ADAM17	IL6R	0.24159363	0.56	0.058331843	0.0018785833647813228	-0.21240196688088842	0.005602039	0.4628213	1.0	0.6464411864212071	degenerated	True	pain_receptor:IL6R
EP_hyaline	NP_fibrocartilaginous	GRN	TNFRSF1A	0.8966931	0.0	0.76996934	0.18239029820459002	0.1300772166403541	0.012792475	0.75788367	0.2981932387824286	0.6465590639473934	degenerated	True	pain_receptor:TNFRSF1A
EP_ossification	Macrophage	FGF2	FGFR1	0.62176824	0.97	0.38628316	-0.1515171795320002	-0.15122004323438631	0.01233766	0.68916565	1.0	0.6475683589299188	degenerated	True	pain_ligand:FGF2
AF_inner	AF_outer	GRN	TNFRSF1A	0.636744	1.0	0.38632888	-0.08492975967805126	-0.3223535197665135	0.006418571	0.6891783	1.0	0.6476882399938044	degenerated	True	pain_receptor:TNFRSF1A
Pericyte_SMC	NP_mature_chondrocyte	ADAM10	IL6R	0.24165754	0.71	0.05839049	-0.032085705748753975	-0.2998453558227364	0.0043517114	0.46294624	1.0	0.6481413242777283	degenerated	True	pain_receptor:IL6R
T_cell	Pericyte_SMC	GRN	TNFRSF1A	0.639012	0.95	0.38737768	-0.10646305472100878	-0.0010030195721395518	0.006435996	0.6894686	1.0	0.6506906581054924	degenerated	True	pain_receptor:TNFRSF1A
Macrophage	EP_ossification	PDGFA	PDGFRA	0.63851064	0.0	0.21692325	0.40700623940810254	0.48451623272765537	0.025931496	0.624269	0.022358887538781447	0.6506906581054924	degenerated	True	pain_ligand:PDGFA
T_cell	B_cell	CXCL8	CD79A	0.895154	0.0	0.7048633	2.5019353895320235	1.356747983742799	0.17325386	0.74968594	6.245996456937884e-05	0.6513194229939352	degenerated	True	pain_ligand:CXCL8
B_cell	EP_hyaline	CXCL8	SDC2	0.6285247	0.94	0.38759097	-0.0863686655474592	-0.6147619812059607	0.008097715	0.6895275	1.0	0.6518941797900458	degenerated	True	pain_ligand:CXCL8
EP_hyaline	AF_outer	TNFSF12	TNFRSF12A	0.847824	0.0	0.3876839	0.1582793080766359	0.15661658939316325	0.01662235	0.6895532	0.14973017190234345	0.6523761200770155	degenerated	True	pain_ligand:TNF
NP_mature_chondrocyte	Macrophage	GRN	TNFRSF1A	0.62277865	1.0	0.38784617	-0.11231695455115047	-0.37578074157644015	0.0064437785	0.68959796	1.0	0.6527375855851784	degenerated	True	pain_receptor:TNFRSF1A
EP_ossification	EP_hyaline	SEMA3E	NRP2	0.54437196	0.03	0.28146565	0.16634243269438942	0.28463171698979145	0.036745504	0.65428793	0.4838309971864258	0.6530991845880991	degenerated	True	pain_receptor:NRP2
EP_hyaline	EP_hyaline	NGF	KIDINS220	0.26255345	0.99	0.058733433	-0.030876020728810682	-0.15882089627655327	0.011033357	0.46367434	1.0	0.6543681580265395	degenerated	True	pain_ligand:NGF
NP_mature_chondrocyte	NP_mature_chondrocyte	FGF2	FGFR3	0.6065404	0.0	0.2161353	0.30095394097509426	0.684205369940633	0.0597542	0.6238422	0.022358887538781447	0.6544265789064324	degenerated	True	pain_ligand:FGF2
NP_mature_chondrocyte	NP_fibrocartilaginous	FGF2	SDC2	0.8929837	0.0	0.78678703	0.08234118132275983	0.23857633134151823	0.024501612	0.7598606	0.3015880329928462	0.654546100865212	degenerated	True	pain_ligand:FGF2
EP_hyaline	NP_mature_chondrocyte	SEMA3C	NRP2_PLXNA3	0.2816436	0.66	0.058743786	0.004595082049800393	-0.07045886822753386	0.01374735	0.4636962	1.0	0.6549336881923872	degenerated	True	pain_receptor:NRP2
Macrophage	B_cell	CXCL8	CD79A	0.8928765	0.0	0.7022004	2.4999040681707596	1.3630942231452041	0.17259933	0.74933064	5.653782262374234e-05	0.6549672654469767	degenerated	True	pain_ligand:CXCL8
unassigned	EP_hyaline	VEGFA	NRP2	0.624635	1.0	0.38842994	-0.11626929536904873	0.2397323549434498	0.011572483	0.68975896	1.0	0.6550303572259102	degenerated	True	pain_ligand:VEGFA; pain_receptor:NRP2
Macrophage	EP_ossification	TNFSF10	TNFRSF10B	0.54325575	0.0	0.28661785	0.579357026910001	0.7345585758885717	0.06306107	0.65633655	0.011985674338574726	0.6566023082515118	degenerated	True	pain_ligand:TNF
AF_outer	EP_hyaline	FGF2	SDC4	0.6331105	1.0	0.3892111	-0.041650350205712686	-0.16513711307409973	0.01890161	0.68997383	1.0	0.6569653330192761	degenerated	True	pain_ligand:FGF2
EP_ossification	unassigned	VEGFA	SIRPA	0.25116378	1.0	0.058894727	-0.30526014162585213	-0.33867674846682244	0.0029329024	0.46401528	1.0	0.6571948998629877	degenerated	True	pain_ligand:VEGFA
Pericyte_SMC	Macrophage	GRN	TNFRSF1A	0.5429902	1.0	0.2880414	-0.19601315012733264	-0.3572647979595788	0.0047855964	0.65689516	1.0	0.657813106181852	degenerated	True	pain_receptor:TNFRSF1A
AF_outer	Pericyte_SMC	ADAM17	IL6R	0.24751517	0.43	0.059085965	0.018990397891953885	-0.15458924924092476	0.0056744628	0.46441847	1.0	0.6583249604049118	degenerated	True	pain_receptor:IL6R
AF_inner	NP_mature_chondrocyte	ADAM17	IL6R	0.24320742	0.46	0.059130874	0.004244028569106998	-0.2758938403410971	0.0056787757	0.46451294	1.0	0.659172267293455	degenerated	True	pain_receptor:IL6R
NP_fibrocartilaginous	EP_ossification	GRN	TNFRSF1A	0.8907083	0.02	0.7390596	0.17148006858420625	0.12546329059077943	0.012278933	0.75410473	0.4434763784350897	0.6594660574537337	degenerated	True	pain_receptor:TNFRSF1A
NP_mature_chondrocyte	NP_fibrocartilaginous	TNFSF10	TNFRSF10B	0.24606371	0.0	0.059204806	0.05066096816295665	0.015752383223222532	0.013026121	0.46466833	0.45783886276692826	0.6597370249862323	degenerated	True	pain_ligand:TNF
EP_ossification	AF_outer	FGF2	FGFRL1	0.54207116	0.88	0.28435904	-0.08604228430896708	-0.20422407429382472	0.01675068	0.6554437	1.0	0.6598749358098432	degenerated	True	pain_ligand:FGF2
T_cell	Macrophage	TNFSF13B	HLA-DPB1	0.6660116	0.0	0.21507223	1.003299433570124	1.1537517112015903	0.057416894	0.6232634	0.0012295996389754126	0.6602393612649782	degenerated	True	pain_ligand:TNF
NP_mature_chondrocyte	NP_fibrocartilaginous	CXCL8	SDC2	0.54167	1.0	0.23180406	-0.15825884133337853	-1.038166097639139	0.0048429486	0.6320176	1.0	0.6608467090374325	degenerated	True	pain_ligand:CXCL8
EP_ossification	Pericyte_SMC	FGF2	CD44	0.88998246	0.66	0.7293009	-0.03326321702862	-0.07244233655480559	0.013417774	0.75287026	1.0	0.6610148471774835	degenerated	True	pain_ligand:FGF2
NP_mature_chondrocyte	AF_inner	TNFSF10	TNFRSF10B	0.24629799	0.03	0.059337277	0.05104729411314583	0.03714283781891037	0.013055268	0.46494633	0.4838309971864258	0.6617129615586527	degenerated	True	pain_ligand:TNF
Pericyte_SMC	AF_inner	PDGFA	PDGFRA	0.69712746	0.0	0.39096943	0.8434065985641387	0.651449394299903	0.046737365	0.69045573	0.019842763446079652	0.6618194358598031	degenerated	True	pain_ligand:PDGFA
EP_hyaline	AF_inner	VEGFA	SIRPA	0.5412745	0.99	0.21883309	-0.03872979374826968	-0.09266125552256455	0.010897684	0.6252965	1.0	0.6623062549907113	degenerated	True	pain_ligand:VEGFA
AF_outer	Macrophage	PDGFC	FLT1	0.578444	0.0	0.21461327	0.64777546964008	0.6892239161780996	0.049795132	0.6230126	0.014323647154404796	0.6626713789456175	degenerated	True	pain_receptor:FLT1
Macrophage	AF_inner	VEGFA	ITGB1	0.70288086	1.0	0.39136782	-0.4086734157632148	-0.8182500214050702	0.0037481259	0.6905646	1.0	0.6627931167446035	degenerated	True	pain_ligand:VEGFA
EP_ossification	unassigned	FGF2	CD44	0.6257695	1.0	0.39140034	-0.29406800632968866	-0.018591139952058078	0.0072010346	0.69057345	1.0	0.6629148694521197	degenerated	True	pain_ligand:FGF2
EP_hyaline	Macrophage	NGF	SORT1	0.26477087	0.0	0.059449896	0.135548695964948	0.14699615277944073	0.024368612	0.46518224	0.16338091341104452	0.6642518734915135	degenerated	True	pain_ligand:NGF
Pericyte_SMC	AF_outer	VEGFA	CD44	0.8880832	0.96	0.6297036	-0.10887163617850187	-0.38285796461541977	0.007115069	0.7389582	1.0	0.6642569843687871	degenerated	True	pain_ligand:VEGFA
NP_mature_chondrocyte	NP_fibrocartilaginous	TNFSF10	TNFRSF11B	0.54059565	0.97	0.22573575	0.0316113040909157	-0.03882931187751715	0.022391468	0.6289275	1.0	0.6654757115240584	degenerated	True	pain_ligand:TNF
NP_fibrocartilaginous	AF_outer	TNFSF12	TNFRSF12A	0.8971457	0.0	0.5280787	0.2518856626537566	0.3198813398512683	0.02264192	0.7216295	0.028534874489510413	0.6659505488236046	degenerated	True	pain_ligand:TNF
EP_hyaline	Pericyte_SMC	FGF2	SDC2	0.8866837	0.14	0.7659894	0.06528814639368696	0.03085653590143156	0.023853946	0.75740784	0.6781065007716052	0.6667979084007343	degenerated	True	pain_ligand:FGF2
unassigned	NP_mature_chondrocyte	GRN	TNFRSF1A	0.6450171	1.0	0.39244154	-0.10040800108240308	0.1047797987356377	0.0065201274	0.69085723	1.0	0.6669420627814606	degenerated	True	pain_receptor:TNFRSF1A
B_cell	EP_hyaline	VEGFA	NRP2	0.5401207	1.0	0.2758001	-0.19837649378777217	-0.3290046271200383	0.008216905	0.6519846	1.0	0.6670643230424199	degenerated	True	pain_ligand:VEGFA; pain_receptor:NRP2
Macrophage	T_cell	ADAM10	IL6R	0.54007256	0.0	0.28847298	0.4382708079144578	0.5731994670591434	0.021499239	0.65706384	0.022358887538781447	0.6671865982438654	degenerated	True	pain_receptor:IL6R
EP_hyaline	Macrophage	VEGFB	ADRB2	0.53978944	0.0	0.21387139	0.16152597900316357	0.19702689685287045	0.027569199	0.62260586	0.10521885163802257	0.6680431401452687	degenerated	True	pain_ligand:VEGFB
EP_hyaline	AF_outer	VEGFA	NRP2	0.6483774	1.0	0.39310467	-0.11119689330550168	-0.25197666014946796	0.011711757	0.6910375	1.0	0.6687777330876853	degenerated	True	pain_ligand:VEGFA; pain_receptor:NRP2
EP_hyaline	EP_ossification	PDGFA	PDGFRA	0.636822	0.0	0.21329159	0.4033473973268791	0.5489252755340402	0.025497356	0.62228686	0.022358887538781447	0.6695130617177075	degenerated	True	pain_ligand:PDGFA
NP_mature_chondrocyte	EP_ossification	NGF	MAGED1	0.53920126	0.0	0.22390208	0.23996847038863928	0.47419464861257926	0.044240166	0.6279753	0.03330006430658428	0.6701262800691135	degenerated	True	pain_ligand:NGF
T_cell	AF_outer	VEGFA	CD44	0.88533765	1.0	0.6226375	-0.11153895239278355	-0.1657789660676784	0.007035229	0.7378683	1.0	0.6708980537425493	degenerated	True	pain_ligand:VEGFA
AF_outer	AF_inner	FGF2	CD44	0.8848463	0.95	0.6536969	-0.046125274044421176	-0.18159845519898832	0.012026802	0.7425487	1.0	0.6720305546026475	degenerated	True	pain_ligand:FGF2
AF_outer	Pericyte_SMC	VEGFA	CD44	0.74307287	1.0	0.394195	-0.2508913162475233	-0.6585595581707084	0.00445404	0.69133306	1.0	0.6720908573606567	degenerated	True	pain_ligand:VEGFA
EP_hyaline	EP_hyaline	TNFSF12	TNFRSF12A	0.85984266	0.0	0.3942315	0.1699263543305196	0.15283697025367715	0.016903084	0.69134295	0.15545642438693513	0.6722137460285811	degenerated	True	pain_ligand:TNF
NP_fibrocartilaginous	EP_hyaline	FGF2	SDC2	0.6332514	1.0	0.39434877	-0.2063787888071163	-0.3858026947117693	0.012280553	0.69137466	1.0	0.6725825019089995	degenerated	True	pain_ligand:FGF2
EP_ossification	Pericyte_SMC	VEGFA	CD44	0.66348124	1.0	0.21264382	-0.3282159643991196	-0.7783869358731239	0.0024026788	0.62192935	1.0	0.673074584231788	degenerated	True	pain_ligand:VEGFA
unassigned	Pericyte_SMC	GRN	TNFRSF1A	0.64644945	0.97	0.3947295	-0.09866128269545293	0.2495621186338559	0.0065581403	0.69147766	1.0	0.6740592705433577	degenerated	True	pain_receptor:TNFRSF1A
NP_mature_chondrocyte	NP_fibrocartilaginous	PDGFA	PDGFRB	0.2460901	0.0	0.060007926	0.18347691115139333	0.33199174232909434	0.013797052	0.4663446	0.21049008925069346	0.6746700816014555	degenerated	True	pain_ligand:PDGFA
T_cell	AF_inner	PTGS2	CAV1	0.7008675	1.0	0.39498827	-0.30657929910519766	-0.5960867400297527	0.005200795	0.6915475	1.0	0.6749216832785414	degenerated	True	pain_ligand:PTGS2
NP_fibrocartilaginous	EP_hyaline	GRN	TNFRSF1A	0.8839402	0.0	0.7238484	0.16322734373021705	0.09824333894898474	0.012026209	0.75217146	0.38357371506411575	0.6750062484167912	degenerated	True	pain_receptor:TNFRSF1A
Pericyte_SMC	NP_mature_chondrocyte	VEGFA	ITGAV	0.5374726	0.98	0.28656098	-0.10689364329910997	-0.24816562757769534	0.0091186175	0.6563142	1.0	0.6759081698255557	degenerated	True	pain_ligand:VEGFA
EP_ossification	Macrophage	ANGPT2	ITGA5_ITGB1	0.5369289	0.0	0.2511611	1.1245954175693331	0.7182858792316328	0.052680798	0.64129364	0.011449575119758998	0.6780076195469932	degenerated	True	pain_ligand:ANGPT2
EP_hyaline	EP_ossification	PTGS2	CAV1	0.8828821	0.96	0.74237263	-0.14415333628332333	-0.3293172967962179	0.009774791	0.7545192	1.0	0.6784122128115713	degenerated	True	pain_ligand:PTGS2
EP_ossification	EP_ossification	VEGFA	ITGB1	1.1568298	0.45	0.3966086	0.023274485485609675	-0.4008909411277255	0.003798317	0.691984	1.0	0.679492116489695	degenerated	True	pain_ligand:VEGFA
NP_fibrocartilaginous	AF_inner	PDGFC	FLT1	0.2507437	0.33	0.060247973	0.015556635791232828	-0.03318907028590923	0.013978892	0.4668414	0.8854306336536782	0.679727178155473	degenerated	True	pain_receptor:FLT1
NP_mature_chondrocyte	AF_inner	FGF2	FGFR1	0.88235486	0.0	0.76561236	0.14138948267328819	0.34613455579112273	0.024453215	0.7573626	0.1394692467019525	0.6799751337871276	degenerated	True	pain_ligand:FGF2
NP_mature_chondrocyte	Macrophage	ADAM10	IL6R	0.26481834	0.52	0.06028727	-0.005519760703345797	-0.2301087618475119	0.004493074	0.46692255	1.0	0.6805693140798059	degenerated	True	pain_receptor:IL6R
EP_ossification	NP_mature_chondrocyte	ANGPT1	ITGB1	0.78616893	0.26	0.396834	0.16497092171099081	0.04351298128667547	0.015714299	0.69204456	0.8107284445580092	0.6807310840790439	degenerated	True	pain_ligand:ANGPT1
NP_mature_chondrocyte	NP_fibrocartilaginous	SEMA3A	NRP2	0.53546333	0.0	0.27479604	0.06305213313984127	0.14825767497381043	0.017110543	0.65157074	0.38357371506411575	0.6825921579765799	degenerated	True	pain_ligand:SEMA3A; pain_receptor:NRP2
NP_fibrocartilaginous	EP_hyaline	ANGPT1	ITGB1	0.9744582	0.0	0.3978078	0.2829688725358686	0.3270767501618571	0.015752861	0.6923056	0.1094202202667469	0.6829646993292507	degenerated	True	pain_ligand:ANGPT1
EP_hyaline	AF_inner	ADAM10	IL6R	0.24600506	0.84	0.06041072	-0.02459764711880673	-0.3164488487946929	0.004502274	0.46717712	1.0	0.6830944992008801	degenerated	True	pain_receptor:IL6R
NP_mature_chondrocyte	AF_outer	TNFSF10	TNFRSF11B	0.53512245	0.99	0.22264117	0.026482243903028377	0.07386259592124567	0.022084506	0.6273154	1.0	0.6837103887828005	degenerated	True	pain_ligand:TNF
T_cell	NP_mature_chondrocyte	VEGFA	ITGAV	0.53472704	1.0	0.28334543	-0.10956095951339165	-0.03108662902995396	0.009016296	0.6550404	1.0	0.6845810122073194	degenerated	True	pain_ligand:VEGFA
Pericyte_SMC	AF_outer	PGF	NRP2	0.65400314	0.0	0.39854118	1.2466249601151014	0.6346070590923202	0.062264662	0.6925018	0.022358887538781447	0.6849542767870942	degenerated	True	pain_receptor:NRP2
NP_fibrocartilaginous	EP_hyaline	VEGFA	NRP2	0.53452307	1.0	0.26834035	-0.2038146620246967	-0.4882932101702525	0.007994656	0.6488673	1.0	0.6855768864042003	degenerated	True	pain_ligand:VEGFA; pain_receptor:NRP2
NP_mature_chondrocyte	Pericyte_SMC	VEGFA	GPC1	0.7187978	0.0	0.21000382	0.08962119469519586	0.24491054458572106	0.012001743	0.6204595	0.3876730571043378	0.685950512860527	degenerated	True	pain_ligand:VEGFA
T_cell	EP_hyaline	CXCL2	DPP4	0.29884884	0.0	0.060506966	0.19115060907980472	0.4540321397567215	0.0177814	0.46737525	0.0695375152774286	0.6864585607618372	degenerated	True	pain_ligand:CXCL2
NP_fibrocartilaginous	NP_fibrocartilaginous	FGF2	SDC4	0.63756514	1.0	0.39910805	-0.037001276122673316	-0.1517309242809305	0.019382246	0.6926531	1.0	0.6868230365314982	degenerated	True	pain_ligand:FGF2
B_cell	NP_mature_chondrocyte	VEGFB	ADRB2	0.2735011	1.0	0.060555246	-0.1096911728847651	-0.12450469422833427	0.007805904	0.46747452	1.0	0.6870189209051647	degenerated	True	pain_ligand:VEGFB
NP_mature_chondrocyte	EP_hyaline	GRN	TNFRSF1A	0.63213396	1.0	0.3994491	-0.10090989297142186	-0.4377501726662282	0.006636553	0.692744	1.0	0.6876962997844425	degenerated	True	pain_receptor:TNFRSF1A
NP_mature_chondrocyte	Macrophage	CXCL8	SDC3	0.24994266	0.89	0.06057655	0.12407775134588915	-0.6161385743032409	0.009945652	0.4675183	1.0	0.6884194253853434	degenerated	True	pain_ligand:CXCL8
EP_ossification	NP_fibrocartilaginous	SEMA3E	NRP2	0.5335364	0.04	0.27231157	0.15368616397813736	0.2057432109897896	0.035550434	0.6505391	0.5127802429974624	0.6889450160706543	degenerated	True	pain_receptor:NRP2
unassigned	AF_outer	VEGFA	NRP2	0.5330595	1.0	0.2816649	-0.22323022774639267	-0.030411800259995125	0.0083916355	0.654368	1.0	0.6906958779508564	degenerated	True	pain_ligand:VEGFA; pain_receptor:NRP2
EP_hyaline	NP_mature_chondrocyte	VEGFA	SIRPA	0.535285	1.0	0.20908742	-0.04846081262939024	-0.14349861058065577	0.010412359	0.6199444	1.0	0.6909461853787514	degenerated	True	pain_ligand:VEGFA
NP_fibrocartilaginous	NP_mature_chondrocyte	RARRES1	NRP2	0.5638692	0.0	0.20876588	0.27834912904773434	0.5665688002189799	0.0642653	0.61976314	0.022358887538781447	0.6919482215861498	degenerated	True	pain_receptor:NRP2
NP_mature_chondrocyte	AF_outer	VEGFA	NRP2	0.8778786	0.0	0.61488754	0.111767764161755	0.1842314091777818	0.01831933	0.73665524	0.20919147300088659	0.6925192519031442	degenerated	True	pain_ligand:VEGFA; pain_receptor:NRP2
Macrophage	EP_hyaline	VEGFB	ADRB2	0.24852777	1.0	0.060784843	-0.19413966821000148	-0.24588811501694108	0.007835501	0.46794558	1.0	0.6926175465893889	degenerated	True	pain_ligand:VEGFB
EP_hyaline	NP_mature_chondrocyte	VEGFA	GPC1	0.53496075	1.0	0.2085598	-0.057639767821172444	-0.12220214219101783	0.011919216	0.6196467	1.0	0.6930766445478768	degenerated	True	pain_ligand:VEGFA
EP_hyaline	Pericyte_SMC	ADAM17	IL6R	0.25181413	0.39	0.060812835	0.026846533790679188	-0.15737115264094848	0.0058403066	0.4680029	1.0	0.6931769117436603	degenerated	True	pain_receptor:IL6R
Macrophage	AF_outer	TNFSF13B	HLA-DPB1	0.2466189	0.0	0.06081716	0.2966957200079543	0.19447343823914054	0.016236091	0.46801174	0.1047939011069763	0.6934565604166987	degenerated	True	pain_ligand:TNF
NP_mature_chondrocyte	unassigned	VEGFA	SIRPA	0.79422754	0.0	0.40198344	0.22233605328710565	0.8058958213216956	0.020018399	0.6934167	0.04358702660088936	0.693578671665164	degenerated	True	pain_ligand:VEGFA
B_cell	NP_fibrocartilaginous	VEGFA	CD44	0.87756157	1.0	0.55513746	-0.11866850076004692	-0.3089192543115836	0.0062725414	0.72662055	1.0	0.694092381359033	degenerated	True	pain_ligand:VEGFA
AF_inner	T_cell	FGF2	CD44	0.87747824	0.96	0.73849	-0.04146770580616072	0.11953495773631939	0.013586836	0.7540332	1.0	0.694235417397522	degenerated	True	pain_ligand:FGF2
NP_fibrocartilaginous	Pericyte_SMC	ADAM17	IL6R	0.25189668	0.36	0.06084601	0.026997354108270276	-0.14827166804814745	0.0058434927	0.46807083	1.0	0.6942953708303846	degenerated	True	pain_receptor:IL6R
EP_ossification	AF_outer	FGF2	SDC4	0.6343068	0.69	0.40231863	-0.04258809820842589	-0.10781388267253378	0.019538164	0.6935053	1.0	0.6943318634740991	degenerated	True	pain_ligand:FGF2
NP_mature_chondrocyte	NP_mature_chondrocyte	CXCL8	SDC2	0.8325245	0.0	0.4025192	0.14428765628284573	-0.37335747995802504	0.008409602	0.6935582	1.0	0.6953371695820243	degenerated	True	pain_ligand:CXCL8
AF_inner	Macrophage	TNFSF9	HLA-DPA1	0.70028603	0.0	0.208124	1.2934280345819644	1.1778947083033455	0.056695364	0.6194002	0.0013295644251015938	0.6953371695820243	degenerated	True	pain_ligand:TNF
EP_ossification	NP_fibrocartilaginous	VEGFA	EGFR	0.2565074	1.0	0.060887314	-0.18055800084030263	-0.53373025911052	0.0039092773	0.46815532	1.0	0.6954134683367309	degenerated	True	pain_ligand:VEGFA
NP_mature_chondrocyte	EP_ossification	SEMA3A	NRP2	0.53169155	0.33	0.27158055	0.058646911110080184	0.1612310171343096	0.016910324	0.65023345	0.8854306336536782	0.6962176333578848	degenerated	True	pain_ligand:SEMA3A; pain_receptor:NRP2
NP_mature_chondrocyte	AF_inner	VEGFA	GPC1	0.71799886	0.0	0.20797047	0.08829670373198278	0.2185894811922818	0.011885537	0.6193132	0.4040813553867017	0.6963434455939939	degenerated	True	pain_ligand:VEGFA
AF_inner	AF_inner	GRN	TNFRSF1A	0.5315334	1.0	0.28143594	-0.2132143785737174	-0.4712741356582716	0.0046758517	0.654276	1.0	0.6969729368625938	degenerated	True	pain_receptor:TNFRSF1A
Macrophage	T_cell	VEGFA	CD44	0.7186761	1.0	0.4034497	-0.2752602555912347	-0.28306427740425166	0.0045586093	0.69380355	1.0	0.6982328543108657	degenerated	True	pain_ligand:VEGFA
EP_ossification	T_cell	NGF	SORT1	0.24750395	0.09	0.06101937	0.1172629627735634	0.27512504902855556	0.025011944	0.468425	0.6027668311920042	0.6984863725575992	degenerated	True	pain_ligand:NGF
AF_outer	AF_inner	FGF2	FGFR1	0.6469675	1.0	0.40376985	-0.12310517651476022	-0.3145829017890325	0.0128961755	0.6938878	1.0	0.6989896143476924	degenerated	True	pain_ligand:FGF2
EP_ossification	NP_mature_chondrocyte	VEGFA	CD44	0.6487218	1.0	0.20714018	-0.3427852386680303	-0.832981252196342	0.0023404928	0.61884147	1.0	0.6994942892128303	degenerated	True	pain_ligand:VEGFA
EP_ossification	NP_mature_chondrocyte	FGF2	CD44	0.87522304	0.76	0.7104252	-0.04783249129753069	-0.12703665287802368	0.013070495	0.7504227	1.0	0.6998221884642242	degenerated	True	pain_ligand:FGF2
NP_fibrocartilaginous	Macrophage	GRN	TNFRSF1A	0.8745848	0.0	0.70282245	0.15182028215048846	0.16021277003877277	0.01167688	0.7494137	0.4308317586925579	0.7012568871521134	degenerated	True	pain_receptor:TNFRSF1A
AF_outer	Pericyte_SMC	TNFSF12	TNFRSF12A	0.5301763	0.99	0.25888932	-0.09902478622258695	-0.19087572993213092	0.011100148	0.6447719	1.0	0.7016424784128218	degenerated	True	pain_ligand:TNF
EP_ossification	EP_ossification	SEMA3E	NRP2	0.5297646	0.2	0.26912513	0.14928094194837627	0.21871655315028876	0.035134442	0.64919996	0.7481624991200764	0.7031612643861165	degenerated	True	pain_receptor:NRP2
EP_hyaline	T_cell	ANGPT1	ITGB1	0.29463586	1.0	0.061229598	-0.4375454462460043	-0.5976973203177238	0.002424642	0.46885327	1.0	0.7037876801601957	degenerated	True	pain_ligand:ANGPT1
EP_hyaline	NP_mature_chondrocyte	ADAM10	IL6R	0.24761885	0.98	0.061238226	-0.022232201914481053	-0.3799407222549016	0.0045639463	0.46887082	1.0	0.7040664706178152	degenerated	True	pain_receptor:IL6R
Macrophage	NP_mature_chondrocyte	TNFSF13B	HLA-DPB1	0.24747044	0.0	0.061240457	0.2982114961488961	0.24334932993853498	0.016349096	0.46887532	0.08943986127454132	0.7043452385086294	degenerated	True	pain_ligand:TNF
Macrophage	NP_mature_chondrocyte	PDGFC	FLT1	0.2562608	0.31	0.06124349	0.043117279457833474	0.13947120326333118	0.014209874	0.4688815	0.8644877852626199	0.7046239838335515	degenerated	True	pain_receptor:FLT1
Pericyte_SMC	NP_mature_chondrocyte	VEGFA	ITGB1	0.8729336	1.0	0.6148766	-0.24538042229805035	-0.6700363913861573	0.005888668	0.7366535	1.0	0.7047040454055243	degenerated	True	pain_ligand:VEGFA
B_cell	NP_fibrocartilaginous	VEGFA	NRP2	0.5292851	1.0	0.2668303	-0.21103276250402422	-0.40789313312004016	0.007949668	0.6482242	1.0	0.7058246663789925	degenerated	True	pain_ligand:VEGFA; pain_receptor:NRP2
EP_ossification	Pericyte_SMC	VEGFA	ITGB1	1.1829482	0.31	0.4063479	0.048220079827668405	-0.388225880781085	0.0038915903	0.6945633	1.0	0.7063326254765474	degenerated	True	pain_ligand:VEGFA
Pericyte_SMC	Macrophage	ANGPT1	ITGA5	0.6433294	0.0	0.40642586	0.7596351167585115	0.7605419073709447	0.05509025	0.69458365	0.008030601754311783	0.7070952256722502	degenerated	True	pain_ligand:ANGPT1
NP_fibrocartilaginous	NP_fibrocartilaginous	VEGFA	CD44	0.871964	1.0	0.5401223	-0.12410666899697145	-0.46820783736179783	0.006102883	0.72388875	1.0	0.7077245986385117	degenerated	True	pain_ligand:VEGFA
NP_mature_chondrocyte	EP_hyaline	VEGFA	GPC1	0.87194645	0.0	0.5997893	0.34351638719913846	0.5492711620240925	0.03427803	0.7342367	0.022358887538781447	0.707868623021974	degenerated	True	pain_ligand:VEGFA
NP_mature_chondrocyte	Macrophage	FGF2	SDC3	0.6012563	0.0	0.20560832	0.3646777740020275	0.6606038546774163	0.050317384	0.6179657	0.022358887538781447	0.7079855852701913	degenerated	True	pain_ligand:FGF2
EP_hyaline	B_cell	TNFSF12	TNFRSF12A	0.24918716	1.0	0.06155576	-0.4218515246018892	-0.7703604886177637	0.0026392671	0.46951482	1.0	0.7085240494752847	degenerated	True	pain_ligand:TNF
B_cell	EP_hyaline	VEGFA	CD44	0.8716842	1.0	0.5502721	-0.12447065046385979	-0.321486210137241	0.0062175673	0.7257455	1.0	0.7087323809707576	degenerated	True	pain_ligand:VEGFA
NP_mature_chondrocyte	EP_hyaline	TNFSF11	TNFRSF11B	0.60527444	0.0	0.20536758	0.16990768621009078	0.2922869926451731	0.070965365	0.6178274	0.0932674902116492	0.7092587357201453	degenerated	True	pain_ligand:TNF
NP_mature_chondrocyte	Macrophage	PDGFC	FLT1	0.6826272	0.0	0.40731707	0.8136478474632916	1.0598230511773399	0.09450678	0.694816	0.0018150775937315496	0.7096409167125839	degenerated	True	pain_receptor:FLT1
Pericyte_SMC	unassigned	GRN	TNFRSF1A	0.52799904	1.0	0.27423313	-0.21429216857469977	0.15674635194344333	0.0045561823	0.6513379	1.0	0.7096409167125839	degenerated	True	pain_receptor:TNFRSF1A
Pericyte_SMC	EP_ossification	ANGPT1	ITGA5	0.5279846	0.0	0.27792382	0.5981429226949967	0.545627191551621	0.037672043	0.6528543	0.022358887538781447	0.7097685460833509	degenerated	True	pain_ligand:ANGPT1
Macrophage	EP_ossification	PTGS2	CAV1	0.87119293	0.97	0.7172287	-0.15444696269947533	-0.43984051024850257	0.009443723	0.75131416	1.0	0.7098846442981555	degenerated	True	pain_ligand:PTGS2
Macrophage	Macrophage	TNFSF10	TNFRSF10D	0.5278348	0.0	0.2670178	0.5095798149632232	0.7118404443323512	0.058236264	0.6483043	0.022358887538781447	0.7107886941883503	degenerated	True	pain_ligand:TNF
NP_mature_chondrocyte	EP_ossification	GRN	TNFRSF1A	0.6389022	0.91	0.40784332	-0.09265716811743266	-0.4105302210244335	0.006776016	0.69495285	1.0	0.7110438324956829	degenerated	True	pain_receptor:TNFRSF1A
Pericyte_SMC	NP_fibrocartilaginous	VEGFA	ITGAV	0.527605	0.98	0.27690357	-0.12011779351689364	-0.3414425629811727	0.00881131	0.65243745	1.0	0.7114266544229545	degenerated	True	pain_ligand:VEGFA
T_cell	NP_mature_chondrocyte	VEGFA	ITGB1	0.87018806	1.0	0.607977	-0.24804773851233203	-0.45295739283841596	0.0058225896	0.73555744	1.0	0.7116141277058526	degenerated	True	pain_ligand:VEGFA
B_cell	B_cell	VEGFA	ITGB1	0.52752084	1.0	0.2653698	-0.5758980958722041	-0.8538156533344232	0.0025414443	0.64759815	1.0	0.7118098193291087	degenerated	True	pain_ligand:VEGFA
EP_ossification	AF_outer	VEGFA	EGFR	0.25883576	1.0	0.061755534	-0.17579519457503953	-0.5484501275615197	0.003965021	0.4699183	1.0	0.7118634446456326	degenerated	True	pain_ligand:VEGFA
NP_mature_chondrocyte	Pericyte_SMC	IL11	IL6R	0.25421977	0.14	0.06177918	0.09726190421092623	0.19169025061477774	0.019689947	0.46996602	0.6781065007716052	0.7121415810367254	degenerated	True	pain_receptor:IL6R
NP_fibrocartilaginous	EP_ossification	FGF2	FGFR1	0.87002885	0.09	0.6555859	0.1277852463524659	0.07343572137926002	0.020939033	0.74282444	0.6027668311920042	0.7121909119518631	degenerated	True	pain_ligand:FGF2
NP_mature_chondrocyte	NP_mature_chondrocyte	SEMA3C	NRP2_PLXNA3	0.29280916	0.04	0.061829694	0.019251112373927133	0.04168675017363513	0.01446952	0.47006783	0.6137027086144288	0.7129758549717518	degenerated	True	pain_receptor:NRP2
unassigned	EP_hyaline	VEGFA	GPC1	0.5271273	1.0	0.27474877	0.008518395290990771	0.3346279525863156	0.015701925	0.6515512	1.0	0.7133432370589539	degenerated	True	pain_ligand:VEGFA
EP_hyaline	EP_ossification	GRN	TNFRSF1A	0.8695035	0.06	0.7111675	0.14923686664839353	0.0951667491712962	0.011815526	0.75052047	0.5527870740140701	0.7133449144075781	degenerated	True	pain_receptor:TNFRSF1A
AF_inner	EP_ossification	FGF2	FGFR2	0.5271061	0.0	0.24792857	0.3022855377784078	0.35308648734729825	0.05172484	0.63980234	0.022358887538781447	0.7134711040238397	degenerated	True	pain_ligand:FGF2
NP_fibrocartilaginous	EP_hyaline	FGF2	SDC4	0.646274	0.98	0.40871662	-0.02685954147989421	-0.12357769233581906	0.019848874	0.6951795	1.0	0.7139829307003174	degenerated	True	pain_ligand:FGF2
AF_outer	AF_inner	ANGPT1	ITGB1	0.6115202	1.0	0.20438762	-0.0871164282574829	-0.27322504085070887	0.008093582	0.61726254	1.0	0.7144947959853752	degenerated	True	pain_ligand:ANGPT1
EP_hyaline	Macrophage	VEGFA	ITGA9	0.5323933	0.0	0.20438214	0.6395293098531907	0.3492373144114207	0.053534474	0.6172594	0.022358887538781447	0.7146228005206479	degenerated	True	pain_ligand:VEGFA
NP_fibrocartilaginous	Pericyte_SMC	ANGPT1	ITGB1	1.2055517	0.0	0.50487435	0.5036821176480144	0.5347871486494552	0.01999261	0.7170937	0.027629818907235402	0.7152213713435278	degenerated	True	pain_ligand:ANGPT1
NP_mature_chondrocyte	EP_hyaline	FGF2	SDC4	0.86849797	0.0	0.73800665	0.22284430898233573	0.4955803445060555	0.035840485	0.7539725	0.04322853342505439	0.7163768886169073	degenerated	True	pain_ligand:FGF2
NP_mature_chondrocyte	EP_hyaline	SEMA3E	NRP2	0.52619624	0.0	0.25724337	0.134187978203863	0.3485384141247832	0.033583272	0.6440411	0.1539582468646593	0.716673365861831	degenerated	True	pain_receptor:NRP2
EP_hyaline	AF_outer	SEMA3C	NRP2_PLXNA3	0.28554463	0.46	0.06206043	0.014435340592972155	-0.07128602480624474	0.014523518	0.4705318	1.0	0.7168664517620356	degenerated	True	pain_receptor:NRP2
NP_mature_chondrocyte	AF_outer	VEGFA	GPC1	0.86741024	0.0	0.5882441	0.33599616162231694	0.6026926028406329	0.033618215	0.73233604	0.022358887538781447	0.7188343594303149	degenerated	True	pain_ligand:VEGFA
EP_hyaline	EP_ossification	FGF2	FGFRL1	0.5255408	0.89	0.22825375	-0.11652637928389908	-0.18749764574688293	0.0134457	0.630221	1.0	0.7194993445651565	degenerated	True	pain_ligand:FGF2
AF_outer	Pericyte_SMC	GRN	TNFRSF1A	0.8672185	0.01	0.61295563	0.13291907464475372	0.14470431166719933	0.010183807	0.7363498	0.6905453445626878	0.719557583357985	degenerated	True	pain_receptor:TNFRSF1A
AF_outer	NP_fibrocartilaginous	ANGPT1	ITGB1	1.1282332	0.0	0.41079608	0.4063871875231744	0.5051417466020198	0.016267186	0.695717	0.09235190161503071	0.7197565629777434	degenerated	True	pain_ligand:ANGPT1
B_cell	EP_ossification	VEGFA	NRP2	0.52551335	0.99	0.263708	-0.21543798453378532	-0.394919790959541	0.007856646	0.646881	1.0	0.7197565629777434	degenerated	True	pain_ligand:VEGFA; pain_receptor:NRP2
Macrophage	T_cell	GRN	TNFRSF1A	0.86705065	0.0	0.5287092	0.12426925769237858	0.20764136751372253	0.008784114	0.7217493	1.0	0.7201363468992239	degenerated	True	pain_receptor:TNFRSF1A
T_cell	Macrophage	VEGFA	CD44	0.66684586	1.0	0.41119915	-0.327212110521534	-0.25277997337194213	0.0046461704	0.69582075	1.0	0.7205287932924482	degenerated	True	pain_ligand:VEGFA
Pericyte_SMC	AF_inner	VEGFA	CD44	0.86685914	0.98	0.60893154	-0.1298217772981969	-0.37373219168732685	0.0068803644	0.73570997	1.0	0.7210048187269836	degenerated	True	pain_ligand:VEGFA
NP_fibrocartilaginous	Pericyte_SMC	TNFSF12	TNFRSF12A	0.5251002	1.0	0.25199434	-0.10865869174144357	-0.1572427175023441	0.010804517	0.64167446	1.0	0.7220749105861631	degenerated	True	pain_ligand:TNF
Pericyte_SMC	T_cell	ANGPT2	ITGA5_ITGB1	0.52487403	1.0	0.27055088	1.1352810478968256	0.12375788343584104	0.016578365	0.6498014	0.3774047122126804	0.7224616813701241	degenerated	True	pain_ligand:ANGPT2
T_cell	NP_fibrocartilaginous	VEGFA	ITGAV	0.5248594	1.0	0.27379638	-0.12278510973117532	-0.12436356443343133	0.008712436	0.6511569	1.0	0.7225906356498066	degenerated	True	pain_ligand:VEGFA
NP_mature_chondrocyte	unassigned	ADAM17	IL6R	0.61539906	0.0	0.202928	0.540460963809867	1.1743030082673847	0.01948868	0.6164156	0.032411196889648386	0.7227196052735252	degenerated	True	pain_receptor:IL6R
NP_fibrocartilaginous	EP_hyaline	VEGFA	CD44	0.8660866	1.0	0.53538847	-0.1299088187007843	-0.4807747931874552	0.006049396	0.72300816	1.0	0.72288745489883	degenerated	True	pain_ligand:VEGFA
Pericyte_SMC	EP_hyaline	SLIT3	ROBO1	0.62665963	0.0	0.20288181	1.9378113455069377	1.097321395153356	0.08540121	0.61638874	0.0005005968923434161	0.7231068139850889	degenerated	True	pain_receptor:ROBO1
NP_fibrocartilaginous	AF_inner	VEGFA	ITGB1	0.7130093	1.0	0.41209686	-0.39883344310872726	-0.9009573696867813	0.0039466475	0.6960515	1.0	0.7234939531329223	degenerated	True	pain_ligand:VEGFA
T_cell	B_cell	VEGFA	CD44	0.6679069	1.0	0.41222593	-0.3261646276912753	-0.279351057193329	0.0046577724	0.6960846	1.0	0.7237521226487589	degenerated	True	pain_ligand:VEGFA
AF_outer	NP_mature_chondrocyte	GRN	TNFRSF1A	0.8657861	0.0	0.6094028	0.1311723562578036	-7.800823101888898e-05	0.010124779	0.7357852	0.7055792494985139	0.7241916915484428	degenerated	True	pain_receptor:TNFRSF1A
Macrophage	EP_hyaline	VEGFA	NRP2	0.52439463	1.0	0.25484246	-0.21365463467918425	-0.4055858618885414	0.0075925146	0.64296556	1.0	0.7247856229637587	degenerated	True	pain_ligand:VEGFA; pain_receptor:NRP2
AF_inner	Macrophage	PIGF	FLT1	0.571952	0.0	0.20260526	0.7030417929942734	0.8162052497408974	0.05407135	0.6162274	0.004806971407136375	0.7251735691932221	degenerated	True	pain_receptor:FLT1
Macrophage	AF_inner	VEGFA	GPC1	0.27293938	1.0	0.062502556	-0.3440866274863004	-0.6413719450774863	0.0035720288	0.47141618	1.0	0.7257426702134835	degenerated	True	pain_ligand:VEGFA
T_cell	NP_mature_chondrocyte	PTGS2	CAV1	0.86498517	1.0	0.5232176	-0.1511331584764145	-0.3791685411366197	0.006889186	0.72069967	1.0	0.726512163807296	degenerated	True	pain_ligand:PTGS2
NP_fibrocartilaginous	NP_fibrocartilaginous	VEGFA	NRP2	0.5236875	1.0	0.25961313	-0.21647093074094875	-0.5671817161702544	0.007734647	0.6450916	1.0	0.7268555742836512	degenerated	True	pain_ligand:VEGFA; pain_receptor:NRP2
EP_ossification	NP_mature_chondrocyte	NGF	SORT1	0.2510749	0.08	0.06267664	0.12352292559482461	0.2042460121343565	0.025691262	0.47176272	0.5859597794384245	0.72823495492978	degenerated	True	pain_ligand:NGF
AF_inner	Pericyte_SMC	FGF2	SDC2	0.8644668	0.28	0.72027254	0.0403239963496666	-0.05598120834269049	0.02243026	0.75170964	0.8308983934449269	0.7285444968660765	degenerated	True	pain_ligand:FGF2
NP_fibrocartilaginous	EP_ossification	FGF2	SDC4	0.52316046	1.0	0.2728851	-0.17022564208304297	-0.3204254716041811	0.013252367	0.6507782	1.0	0.7287997556147907	degenerated	True	pain_ligand:FGF2
EP_ossification	Macrophage	ANGPT1	ITGB1	0.8132976	0.18	0.41396958	0.1908807774850571	0.24210312662343658	0.016392855	0.6965309	0.6493801246570243	0.7291891327913369	degenerated	True	pain_ligand:ANGPT1
EP_hyaline	unassigned	NGF	SORT1	0.2749837	0.0	0.06274975	0.15345229257091764	0.48435504650099115	0.02572123	0.47190797	0.11735704463597797	0.7293420523154485	degenerated	True	pain_ligand:NGF
T_cell	AF_inner	VEGFA	CD44	0.86411357	1.0	0.6020986	-0.1324890935124786	-0.15665319313958548	0.006803158	0.73461145	1.0	0.7295611963057989	degenerated	True	pain_ligand:VEGFA
NP_mature_chondrocyte	T_cell	TNFSF10	TNFRSF10B	0.25235274	0.0	0.06276069	0.06103104867884607	0.25398396204366197	0.0138084795	0.47192967	0.3917014660548969	0.7298954661025	degenerated	True	pain_ligand:TNF
EP_ossification	Macrophage	ANGPT1	ITGA5	0.52272236	0.0	0.23043032	0.4672392898327221	0.5813111704872989	0.03123439	0.6313262	0.022358887538781447	0.7307474007014066	degenerated	True	pain_ligand:ANGPT1
AF_inner	EP_ossification	VEGFA	SIRPA	0.9922283	0.0	0.4148737	0.38909393527298514	0.4006332222838015	0.020660324	0.6967614	0.022582029998247075	0.7307474007014066	degenerated	True	pain_ligand:VEGFA
NP_mature_chondrocyte	T_cell	VEGFA	ITGB1	0.863574	1.0	0.57848036	-0.24788322908182986	-0.16528048303722387	0.005540101	0.73069245	1.0	0.7308692170424336	degenerated	True	pain_ligand:VEGFA
AF_outer	NP_fibrocartilaginous	FGF2	SDC2	0.6575963	1.0	0.414937	-0.18215347786528857	-0.422141126238637	0.012921699	0.6967775	1.0	0.7308773390380561	degenerated	True	pain_ligand:FGF2
unassigned	AF_outer	VEGFA	GPC1	0.5225911	1.0	0.26946017	0.0009981697141692725	0.38804939340285594	0.0153996805	0.6493416	1.0	0.7316575019434792	degenerated	True	pain_ligand:VEGFA
AF_inner	Pericyte_SMC	FGF2	FGFR1	0.6465496	0.98	0.4151632	-0.1236779672462272	-0.24381137615744763	0.013260072	0.6968351	1.0	0.7319176097481588	degenerated	True	pain_ligand:FGF2
Pericyte_SMC	Pericyte_SMC	SLIT3	ROBO1	0.6259762	0.0	0.20142975	1.9361033865861197	1.106434557665775	0.08478998	0.61553913	0.0004584268097213421	0.7324382198327675	degenerated	True	pain_receptor:ROBO1
NP_mature_chondrocyte	NP_fibrocartilaginous	VEGFA	EGFR	0.79957116	0.0	0.41558376	0.3470381940726551	0.610842310677998	0.026682602	0.69694203	0.022358887538781447	0.7324382198327675	degenerated	True	pain_ligand:VEGFA
NP_mature_chondrocyte	AF_inner	FGF2	FGFR2	0.59915054	0.0	0.20141327	0.28065057693015255	0.5406870446990609	0.042020444	0.6155294	0.022358887538781447	0.7327634906525194	degenerated	True	pain_ligand:FGF2
Pericyte_SMC	Macrophage	VEGFA	CD44	0.6695914	1.0	0.41586566	-0.32454479430725225	-0.4698589719196835	0.004698898	0.6970136	1.0	0.7329588670807736	degenerated	True	pain_ligand:VEGFA
EP_hyaline	EP_hyaline	GRN	TNFRSF1A	0.8627353	0.0	0.69653034	0.14098414179440433	0.0679467975295015	0.01157234	0.7485684	0.44629316389201934	0.733050602295028	degenerated	True	pain_receptor:TNFRSF1A
B_cell	Macrophage	VEGFA	ITGB1	0.86234015	1.0	0.54253703	-0.2561183087626602	-0.4353170113632995	0.005195872	0.72433424	1.0	0.7339238035884571	degenerated	True	pain_ligand:VEGFA
NP_fibrocartilaginous	B_cell	VEGFA	ITGB1	0.52192324	1.0	0.25819215	-0.5813362641091286	-1.0131042363846374	0.0024727038	0.644463	1.0	0.7347834953793123	degenerated	True	pain_ligand:VEGFA
Macrophage	NP_fibrocartilaginous	VEGFA	CD44	0.86183554	1.0	0.5129534	-0.133946641651459	-0.3855004890800867	0.0057959	0.71870124	1.0	0.735234080184624	degenerated	True	pain_ligand:VEGFA
NP_mature_chondrocyte	NP_fibrocartilaginous	VEGFA	GPC1	0.8617892	0.0	0.5739377	0.32667720923277277	0.5819921508357249	0.032800607	0.72991604	0.022358887538781447	0.7353796842072697	degenerated	True	pain_ligand:VEGFA
EP_hyaline	NP_mature_chondrocyte	NGF	KIDINS220	0.27589163	0.93	0.0630431	-0.012441292419906802	-0.11492628536213217	0.011842948	0.47248918	1.0	0.7354246591691602	degenerated	True	pain_ligand:NGF
unassigned	Pericyte_SMC	VEGFA	CD44	0.86172587	0.99	0.6648467	-0.1356177613943095	0.15154242447761712	0.0075121545	0.744162	1.0	0.7355254142215386	degenerated	True	pain_ligand:VEGFA
AF_outer	T_cell	TNFSF9	HLA-DPA1	0.3063138	0.0	0.063044995	0.3905429133208857	0.5541911504970951	0.017174179	0.47249293	0.06785149509783756	0.7357008828940178	degenerated	True	pain_ligand:TNF
EP_hyaline	T_cell	VEGFA	SIRPA	0.53027946	0.99	0.20094264	-0.05659290101562016	-0.052382176255329316	0.010006756	0.6152526	1.0	0.7358274683848639	degenerated	True	pain_ligand:VEGFA
Macrophage	EP_ossification	TNFSF13B	HLA-DPB1	0.25111565	0.04	0.063052475	0.30470053057311997	0.2532873599142671	0.016832843	0.4725077	0.5127802429974624	0.736253262956605	degenerated	True	pain_ligand:TNF
Pericyte_SMC	B_cell	VEGFA	CD44	0.67065245	1.0	0.41690412	-0.3234973114769937	-0.49643005574107035	0.0047106314	0.69727695	1.0	0.7363497203514446	degenerated	True	pain_ligand:VEGFA
NP_mature_chondrocyte	Macrophage	TNFSF10	RIPK1	0.2528723	0.0	0.063054435	0.13678426618730738	0.210611674279704	0.017402343	0.4725116	0.14877467782239748	0.7365294192961611	degenerated	True	pain_ligand:TNF
Macrophage	Pericyte_SMC	VEGFA	GPC1	0.2737383	1.0	0.06311366	-0.34276213652308735	-0.6150508816840471	0.0036069527	0.4726286	1.0	0.7387378615314802	degenerated	True	pain_ligand:VEGFA
AF_outer	unassigned	ADAM10	IL6R	0.7195257	0.0	0.41840142	0.6832943058032224	1.3652810742737809	0.031182515	0.69765514	0.022358887538781447	0.7401442832501782	degenerated	True	pain_receptor:IL6R
Pericyte_SMC	NP_mature_chondrocyte	PDGFA	PDGFRA	0.7109709	0.0	0.4188052	0.8609207394244506	0.6207281643140792	0.050064918	0.6977569	0.022358887538781447	0.7410621684088733	degenerated	True	pain_ligand:PDGFA
NP_mature_chondrocyte	NP_fibrocartilaginous	FGF2	SDC4	0.859789	0.0	0.72065675	0.21270257433955664	0.46742711256094405	0.03499791	0.75175935	0.04980823692111855	0.7412121738134942	degenerated	True	pain_ligand:FGF2
NP_fibrocartilaginous	EP_ossification	ANGPT1	ITGB1	1.1794333	0.0	0.49277362	0.47873652330595573	0.5221220883028147	0.01951343	0.7146265	0.03210830920709922	0.7413582525828538	degenerated	True	pain_ligand:ANGPT1
NP_fibrocartilaginous	unassigned	GRN	TNFRSF1A	0.85959363	0.0	0.6691302	0.13354126370312133	0.6742239199417949	0.011117107	0.74477285	0.5143686569945091	0.741942301850776	degenerated	True	pain_receptor:TNFRSF1A
Pericyte_SMC	NP_mature_chondrocyte	PGF	NRP2	0.8595593	0.0	0.73763555	1.48671681767665	1.2055092690714106	0.11524187	0.7539258	0.00022298327188749462	0.7420883064545919	degenerated	True	pain_receptor:NRP2
NP_fibrocartilaginous	EP_ossification	VEGFA	NRP2	0.51991576	1.0	0.2565753	-0.22087615277070985	-0.5542083740097552	0.0076441406	0.643743	1.0	0.7426372997435644	degenerated	True	pain_ligand:VEGFA; pain_receptor:NRP2
EP_hyaline	Pericyte_SMC	VEGFA	ITGAV	0.8591157	0.0	0.73600537	0.26439256115495857	0.3366793876945636	0.023420326	0.7537206	0.023260538687557925	0.7434029727739386	degenerated	True	pain_ligand:VEGFA
T_cell	EP_ossification	PTGS2	CAV1	0.73309	1.0	0.42016456	-0.2760593768354741	-0.5213320990214563	0.00553229	0.6980985	1.0	0.7436886968699091	degenerated	True	pain_ligand:PTGS2
EP_hyaline	NP_mature_chondrocyte	FGF2	FGFR1	0.8589563	0.0	0.7247037	0.11521807940298763	0.20933826238884157	0.02314662	0.75228155	0.1994548135124042	0.7436952813974997	degenerated	True	pain_ligand:FGF2
AF_outer	EP_hyaline	FGF2	FGFRL1	0.66280067	0.0	0.42040497	0.08028022644757378	0.050295466397592525	0.024764713	0.69815874	0.35839338782885943	0.7443464031659988	degenerated	True	pain_ligand:FGF2
NP_fibrocartilaginous	Macrophage	FGF2	SDC2	0.51915056	1.0	0.268461	-0.32506634435062554	-0.46251244021677174	0.008360238	0.6489185	1.0	0.7451361200524526	degenerated	True	pain_ligand:FGF2
unassigned	T_cell	VEGFA	ITGB1	0.5187549	1.0	0.26498765	-0.5828812209899775	-0.3799236924750008	0.0025377844	0.6474337	1.0	0.7456627667937266	degenerated	True	pain_ligand:VEGFA
AF_inner	EP_hyaline	VEGFA	SIRPA	0.9940821	0.0	0.4213506	0.39210567840760624	0.34696921728105	0.020982867	0.69839543	0.022358887538781447	0.7467170168706798	degenerated	True	pain_ligand:VEGFA
NP_mature_chondrocyte	AF_outer	VEGFA	EGFR	0.8018995	0.0	0.42150974	0.3518010003379183	0.5961224422269983	0.027063081	0.6984352	0.022358887538781447	0.7469808938000496	degenerated	True	pain_ligand:VEGFA
EP_hyaline	AF_inner	FGF2	FGFR3	0.5181509	0.0	0.2172503	0.2510551181639973	0.23377627944205756	0.06006247	0.6244457	0.07247562306202043	0.7480363856350883	degenerated	True	pain_ligand:FGF2
Macrophage	NP_fibrocartilaginous	TNFSF12	TNFRSF12A	0.85719824	0.0	0.5377953	0.23282779811702234	0.3101771665449132	0.023058532	0.7234571	0.03714579070747311	0.7485223565427059	degenerated	True	pain_ligand:TNF
Macrophage	NP_mature_chondrocyte	TNFSF12	TNFRSF12A	0.85713845	0.0	0.5377459	0.23276886918383952	0.331738928031097	0.023056412	0.72344786	0.037181243619012316	0.748668749274709	degenerated	True	pain_ligand:TNF
NP_mature_chondrocyte	Macrophage	VEGFA	SIRPA	0.85696745	0.0	0.56166565	0.324266641617754	0.5934867552536568	0.027970424	0.7277802	0.022358887538781447	0.749108096844392	degenerated	True	pain_ligand:VEGFA
AF_outer	EP_ossification	FGF2	FGFR1	0.8568654	0.12	0.6242988	0.11299443762664745	0.03187630064097935	0.019939745	0.73812586	0.6525708968258211	0.7492545238978476	degenerated	True	pain_ligand:FGF2
NP_fibrocartilaginous	Macrophage	VEGFA	ITGB1	0.85674256	1.0	0.5278626	-0.26155647699958473	-0.5946055944135137	0.0050553354	0.7215883	1.0	0.7495475216385845	degenerated	True	pain_ligand:VEGFA
NP_mature_chondrocyte	EP_hyaline	VEGFA	EGFR	0.8566842	0.0	0.56094474	0.46386657265520126	0.6580303081511716	0.036015518	0.72765297	0.022358887538781447	0.7496939744156773	degenerated	True	pain_ligand:VEGFA
AF_outer	AF_inner	FGF2	SDC4	0.66491306	0.6	0.42262438	-0.004616629443630657	-0.12984458903291307	0.020524291	0.69871324	1.0	0.7500179255499642	degenerated	True	pain_ligand:FGF2
AF_outer	NP_mature_chondrocyte	FGF2	SDC4	0.664933	0.8	0.42264533	-0.004593185687787174	0.00609489868647195	0.02052531	0.6987185	1.0	0.7501503512108272	degenerated	True	pain_ligand:FGF2
Macrophage	B_cell	TNFSF13B	TFRC	0.97499067	0.0	0.42288637	0.9607625704213656	1.3131005632984747	0.075294346	0.69877845	0.0006301040707655901	0.7504148233625456	degenerated	True	pain_ligand:TNF
AF_inner	Macrophage	FGF2	FGFR1	0.6520734	1.0	0.42289722	-0.11746451342275127	-0.16995426389338375	0.013507093	0.6987812	1.0	0.7505470827457091	degenerated	True	pain_ligand:FGF2
Macrophage	EP_hyaline	VEGFA	CD44	0.85595816	1.0	0.5084577	-0.13974879135527185	-0.3980674449057441	0.005745103	0.7178106	1.0	0.7513058740776432	degenerated	True	pain_ligand:VEGFA
B_cell	AF_inner	VEGFA	ITGB1	0.7186069	1.0	0.423553	-0.3933952748718027	-0.7416687866365671	0.004056363	0.6989442	1.0	0.7524007728466381	degenerated	True	pain_ligand:VEGFA
NP_mature_chondrocyte	EP_hyaline	FGF2	SDC2	0.85547537	0.0	0.7120631	0.04332506165511363	0.23335534213010523	0.022174606	0.7506383	0.48123772929510616	0.7527720495926701	degenerated	True	pain_ligand:FGF2
unassigned	NP_fibrocartilaginous	VEGFA	GPC1	0.5169701	1.0	0.2629068	-0.008320782675374935	0.36734894139794794	0.015025154	0.6465334	1.0	0.7538592608597472	degenerated	True	pain_ligand:VEGFA
NP_fibrocartilaginous	AF_inner	FGF2	FGFR1	0.6601309	1.0	0.42400497	-0.10831436778894174	-0.2730234810507518	0.013542473	0.69905645	1.0	0.7539919246396849	degenerated	True	pain_ligand:FGF2
NP_fibrocartilaginous	EP_hyaline	ADAM10	IL6R	0.26891482	0.16	0.06410462	0.018635452076975298	-0.23254732235462328	0.004777572	0.47457054	1.0	0.7549807760770024	degenerated	True	pain_receptor:IL6R
NP_fibrocartilaginous	T_cell	VEGFA	CD44	0.7288045	1.0	0.42481866	-0.26542028293674713	-0.3657716256859628	0.0048000584	0.699258	1.0	0.7570481315134291	degenerated	True	pain_ligand:VEGFA
AF_outer	EP_ossification	ANGPT1	ITGB1	1.1634735	0.0	0.42487332	0.4400443366860161	0.42874518294538566	0.016824635	0.69927156	0.07690310319400995	0.7571811691363868	degenerated	True	pain_ligand:ANGPT1
Macrophage	NP_mature_chondrocyte	VEGFA	CD44	0.7467261	1.0	0.42490536	-0.2475723749733557	-0.5483701086775922	0.004801038	0.6992795	1.0	0.757314222344415	degenerated	True	pain_ligand:VEGFA
Pericyte_SMC	EP_hyaline	PDGFA	PDGFRA	0.85414636	0.0	0.7066956	1.0420623177612773	0.9310803626261048	0.08447999	0.7499295	0.0018601043396348318	0.7579106082507561	degenerated	True	pain_ligand:PDGFA
EP_hyaline	NP_mature_chondrocyte	VEGFA	NRP2	0.85393363	0.0	0.72757345	0.12889496425604693	0.3189255498296225	0.021676576	0.75264955	0.16521845772668645	0.7587924837387352	degenerated	True	pain_ligand:VEGFA; pain_receptor:NRP2
NP_mature_chondrocyte	NP_fibrocartilaginous	SEMA3E	NRP2	0.51536065	0.0	0.24887708	0.12153170948761094	0.26964990812478135	0.032491047	0.6402423	0.18187835980337347	0.7590457618962332	degenerated	True	pain_receptor:NRP2
EP_hyaline	Macrophage	GRN	TNFRSF1A	0.85337996	0.0	0.67629796	0.1295770802146757	0.12991622861928953	0.011236194	0.7457842	0.49419305326415414	0.7602631105203697	degenerated	True	pain_receptor:TNFRSF1A
EP_ossification	T_cell	VEGFA	CD44	0.6206718	1.0	0.1966806	-0.37047311928590926	-0.5676754209230015	0.0022223094	0.612712	1.0	0.7609134132419437	degenerated	True	pain_ligand:VEGFA
B_cell	Macrophage	CXCL8	SDC2	0.51442385	1.0	0.2638605	-0.20505622109096844	-0.6914717267109631	0.0055126855	0.646947	1.0	0.7627839103806334	degenerated	True	pain_ligand:CXCL8
B_cell	AF_outer	GRN	TNFRSF1A	0.514362	1.0	0.19663739	-0.2133050519775957	-0.485899435653831	0.003266986	0.612686	1.0	0.7629178344362546	degenerated	True	pain_receptor:TNFRSF1A
EP_hyaline	T_cell	GRN	TNFRSF1A	0.73803806	0.37	0.4268537	-0.011061283132145938	-0.02991804024298539	0.0070918608	0.6997603	1.0	0.7639882825644762	degenerated	True	pain_receptor:TNFRSF1A
EP_hyaline	EP_hyaline	VEGFA	SIRPA	0.5273794	0.99	0.19622387	-0.06130439582976424	-0.16067691213742286	0.009771766	0.6124362	1.0	0.7646576860651934	degenerated	True	pain_ligand:VEGFA
EP_hyaline	AF_inner	PTGS2	CAV1	0.8506596	1.0	0.6978896	-0.17467325855304688	-0.40407193780451434	0.009189085	0.7487519	1.0	0.7652692836443067	degenerated	True	pain_ligand:PTGS2
EP_hyaline	AF_outer	VEGFA	ITGAV	0.6695165	0.4	0.42750087	0.010306782180387452	-0.03124869806815278	0.013603447	0.69991946	0.9585394363131019	0.7653276962486432	degenerated	True	pain_ligand:VEGFA
NP_mature_chondrocyte	EP_hyaline	NGF	MAGED1	0.51377547	0.0	0.20962931	0.2088286840154415	0.3709568477202501	0.041420054	0.62024933	0.05258018718346412	0.7654617020736045	degenerated	True	pain_ligand:NGF
B_cell	AF_outer	VEGFA	CD44	0.85036105	1.0	0.53262055	-0.14551937841717805	-0.346728729929323	0.006018121	0.72248876	1.0	0.7660064019055612	degenerated	True	pain_ligand:VEGFA
Macrophage	NP_fibrocartilaginous	VEGFA	NRP2	0.51355904	1.0	0.24655424	-0.2263109033954363	-0.48447436788854326	0.007345584	0.63916165	1.0	0.766132181770776	degenerated	True	pain_ligand:VEGFA; pain_receptor:NRP2
B_cell	NP_fibrocartilaginous	CXCL8	SDC2	0.666033	0.75	0.42826483	-0.047352545879812996	-0.6095409919945477	0.008947491	0.7001069	1.0	0.7672056337841515	degenerated	True	pain_ligand:CXCL8
Pericyte_SMC	AF_inner	VEGFA	NRP2	0.51309663	1.0	0.26270425	-0.23735289027094997	-0.5215085281551641	0.007826741	0.64644533	1.0	0.7676083555742155	degenerated	True	pain_ligand:VEGFA; pain_receptor:NRP2
Macrophage	unassigned	ADAM17	IL6R	0.72437835	0.0	0.42844313	0.7396172527717931	1.449198641260118	0.041146565	0.7001506	0.008863737901528725	0.767742627482257	degenerated	True	pain_receptor:IL6R
AF_inner	unassigned	FGF2	CD44	0.65607464	1.0	0.42849946	-0.2600153402204397	-0.037325360611055514	0.00788359	0.70016444	1.0	0.7682800880278755	degenerated	True	pain_ligand:FGF2
B_cell	unassigned	VEGFA	CD44	0.5129986	1.0	0.25334814	-0.4785297491141016	-0.3633433609831235	0.0028626001	0.64229023	1.0	0.7684144382562554	degenerated	True	pain_ligand:VEGFA
Macrophage	AF_inner	VEGFB	ADRB2	0.25609636	1.0	0.065021016	-0.1805061794472807	-0.3356584290181744	0.008381566	0.47634047	1.0	0.7695053839098682	degenerated	True	pain_ligand:VEGFB
Pericyte_SMC	AF_inner	GRN	TNFRSF1A	0.51256144	1.0	0.26001367	-0.23311540315135432	-0.47198889752747264	0.004319936	0.645268	1.0	0.7702972030649289	degenerated	True	pain_receptor:TNFRSF1A
EP_ossification	EP_ossification	VEGFA	ITGAV	0.26763335	1.0	0.065036066	-0.4126852355622854	-0.8372440587056509	0.0020695038	0.47636938	1.0	0.770325652816165	degenerated	True	pain_ligand:VEGFA
unassigned	Macrophage	VEGFA	SIRPA	0.5121483	1.0	0.25728527	-0.010731350290393724	0.37884354581587987	0.012812565	0.6440598	1.0	0.7709705030453451	degenerated	True	pain_ligand:VEGFA
NP_mature_chondrocyte	EP_ossification	VEGFA	GPC1	0.8483745	0.0	0.5397953	0.30443792381635065	0.5921838164046538	0.030849364	0.72382826	0.022358887538781447	0.7717623041474719	degenerated	True	pain_ligand:VEGFA
unassigned	EP_hyaline	VEGFA	EGFR	0.5118651	0.62	0.25695503	0.12886858074705357	0.44338709871339466	0.016497826	0.64391255	0.9704921499842338	0.7720484686769877	degenerated	True	pain_ligand:VEGFA
Macrophage	B_cell	VEGFA	ITGB1	0.5117948	1.0	0.24520475	-0.5911762367636162	-0.9303968881029263	0.0023483236	0.63852847	1.0	0.7723180627215024	degenerated	True	pain_ligand:VEGFA
NP_fibrocartilaginous	AF_outer	ANGPT1	ITGB1	1.043555	0.0	0.42982063	0.3489604652685775	0.48324170873179517	0.017020542	0.70048743	0.07197959122961958	0.772722788617882	degenerated	True	pain_ligand:ANGPT1
NP_mature_chondrocyte	EP_ossification	SEMA3E	NRP2	0.5115889	0.19	0.24596485	0.11712648745784984	0.2826232502852805	0.032110855	0.63888556	0.7361735343518007	0.7731274386433518	degenerated	True	pain_receptor:NRP2
NP_mature_chondrocyte	AF_outer	PDGFA	PDGFRA	0.5486356	0.0	0.19469312	0.30269725926422614	0.4737429697590099	0.023274057	0.61150634	0.022358887538781447	0.7733972837940689	degenerated	True	pain_ligand:PDGFA
AF_outer	AF_inner	VEGFA	CD44	0.7949983	1.0	0.4300888	-0.19963587597136342	-0.5789679575860676	0.0048596067	0.7005529	1.0	0.773667409069436	degenerated	True	pain_ligand:VEGFA
EP_ossification	T_cell	FGF2	CD44	0.847173	0.88	0.67455214	-0.07552037191540965	0.13826917839531683	0.012410498	0.74553907	1.0	0.774571113704347	degenerated	True	pain_ligand:FGF2
EP_hyaline	AF_outer	PDGFA	PDGFRB	0.26374394	0.0	0.06528554	0.21759032360094957	0.36543726652681896	0.015010483	0.4768469	0.14143923959064075	0.7746970790306462	degenerated	True	pain_ligand:PDGFA
unassigned	NP_mature_chondrocyte	VEGFA	CD44	0.84696645	1.0	0.64763916	-0.1501870356632202	0.09694810815439903	0.007317725	0.74165785	1.0	0.7751628163051372	degenerated	True	pain_ligand:VEGFA
NP_mature_chondrocyte	AF_outer	SEMA3C	NRP2_PLXNA3	0.2967102	0.0	0.06532057	0.029091370917098895	0.04085959359492425	0.015286462	0.4769138	0.5544106664586869	0.7752430983597013	degenerated	True	pain_receptor:NRP2
Macrophage	Macrophage	VEGFA	ITGB1	0.8466141	1.0	0.5013104	-0.2713964496540723	-0.5118982461318026	0.004801045	0.7163746	1.0	0.7757546510021679	degenerated	True	pain_ligand:VEGFA
T_cell	Macrophage	PTGS2	CAV1	0.846543	1.0	0.5088083	-0.16860038987722192	-0.18136112330322596	0.0066994587	0.71788037	1.0	0.7759026005214336	degenerated	True	pain_ligand:PTGS2
NP_mature_chondrocyte	NP_mature_chondrocyte	FGF2	FGFRL1	0.84639156	0.0	0.6939663	0.2776399095813379	0.6839373754485297	0.040879335	0.74822116	0.022358887538781447	0.7766427100516655	degenerated	True	pain_ligand:FGF2
EP_hyaline	AF_outer	FGF2	FGFR1	0.84626067	0.0	0.70580024	0.10093707851661694	0.12314571278342112	0.022542851	0.7498106	0.23968629790860302	0.7769387162173018	degenerated	True	pain_ligand:FGF2
T_cell	Macrophage	CXCL8	SDC2	0.8461738	0.0	0.5867527	0.09079673642846231	0.06271432999905535	0.012258687	0.73208714	0.3541440925331118	0.7770867316472028	degenerated	True	pain_ligand:CXCL8
NP_fibrocartilaginous	Pericyte_SMC	FGF2	CD44	0.84608436	0.87	0.6291678	-0.08258990559476256	-0.21963063504534852	0.011575512	0.73887604	1.0	0.7773829063836709	degenerated	True	pain_ligand:FGF2
Pericyte_SMC	Macrophage	VEGFA	ITGAV	0.5108591	0.99	0.26051435	-0.14255921183380257	-0.30836072810551973	0.008289791	0.64548814	1.0	0.7774533712089953	degenerated	True	pain_ligand:VEGFA
AF_inner	T_cell	VEGFA	SIRPA	0.9969821	0.0	0.43148318	0.39681717322175036	0.45526395316314355	0.02148746	0.70089227	0.022358887538781447	0.7777242219534103	degenerated	True	pain_ligand:VEGFA
NP_fibrocartilaginous	NP_fibrocartilaginous	ANGPT1	ITGB1	1.144193	0.0	0.47644663	0.44507937414311394	0.5985186519594489	0.018866895	0.71117836	0.040288719800228905	0.7778271706174966	degenerated	True	pain_ligand:ANGPT1
Pericyte_SMC	NP_fibrocartilaginous	ANGPT2	ITGA5_ITGB1	0.5104148	0.0	0.25333938	1.6077202109208388	0.6559923197712723	0.053137697	0.6422863	0.019041638200783858	0.7801653656594136	degenerated	True	pain_ligand:ANGPT2
T_cell	AF_inner	VEGFA	NRP2	0.51035106	1.0	0.2597564	-0.24002020648523165	-0.30442952960742276	0.007738915	0.64515465	1.0	0.7805726095968087	degenerated	True	pain_ligand:VEGFA; pain_receptor:NRP2
T_cell	NP_mature_chondrocyte	VEGFA	NRP2	0.689078	1.0	0.43271354	-0.03126514257917301	0.15270319151725187	0.0128918225	0.70119065	1.0	0.7807083890625915	degenerated	True	pain_ligand:VEGFA; pain_receptor:NRP2
EP_hyaline	Macrophage	VEGFA	ITGAV	0.6729692	0.34	0.43311888	0.0149335787871357	0.07494062875459229	0.013782217	0.70128876	0.8946635235654539	0.780979995229611	degenerated	True	pain_ligand:VEGFA
AF_outer	EP_ossification	FGF2	SDC4	0.509997	1.0	0.259862	-0.18501645080886148	-0.3619848923424618	0.0126199145	0.64520127	1.0	0.7812518831439286	degenerated	True	pain_ligand:FGF2
NP_fibrocartilaginous	AF_outer	VEGFA	CD44	0.84476346	1.0	0.5182144	-0.15095754665410258	-0.5060173129795372	0.0058553442	0.71973157	1.0	0.781680237545014	degenerated	True	pain_ligand:VEGFA
Macrophage	EP_ossification	VEGFA	NRP2	0.5097873	0.99	0.24366921	-0.2307161254251974	-0.4715010257280441	0.00725963	0.63780314	1.0	0.7819313317697154	degenerated	True	pain_ligand:VEGFA; pain_receptor:NRP2
NP_fibrocartilaginous	AF_inner	VEGFA	GPC1	0.28306782	1.0	0.06581304	-0.3342466548318129	-0.7240792933591974	0.0037612233	0.4778508	1.0	0.782877993206436	degenerated	True	pain_ligand:VEGFA
T_cell	EP_ossification	ADAM10	IL6R	0.50942314	0.01	0.25846294	0.38214778090215284	0.4998341836866502	0.019262658	0.64458305	0.35364924445424145	0.783019487868214	degenerated	True	pain_receptor:IL6R
Pericyte_SMC	Macrophage	ANGPT2	ITGA5_ITGB1	0.66239834	0.0	0.4342523	1.8205096708905315	0.9763095904748927	0.091084	0.7015624	0.0012264603026349912	0.7832918488976482	degenerated	True	pain_ligand:ANGPT2
NP_fibrocartilaginous	AF_inner	GRN	TNFRSF1A	0.844156	0.0	0.63443464	0.11471802912646678	0.0454886704708789	0.010540665	0.7396794	0.6167578499876655	0.7833121019278193	degenerated	True	pain_receptor:TNFRSF1A
AF_outer	NP_mature_chondrocyte	VEGFA	ITGB1	0.8010727	1.0	0.43428782	-0.31519452097121686	-0.875272157284898	0.0041591707	0.701571	1.0	0.7834279435099556	degenerated	True	pain_ligand:VEGFA
NP_mature_chondrocyte	AF_outer	NGF	MAGED1	0.5093126	0.0	0.20712411	0.2033632002234469	0.35519343506832773	0.04092506	0.61883235	0.0578247752493745	0.7837001800248062	degenerated	True	pain_ligand:NGF
EP_hyaline	EP_ossification	VEGFA	SIRPA	0.5255257	0.81	0.19320756	-0.06431613896438537	-0.10701290713467138	0.009621557	0.6105961	1.0	0.7839724795993912	degenerated	True	pain_ligand:VEGFA
Macrophage	Macrophage	CXCL8	SDC2	0.8438963	0.0	0.584536	0.08876541506719826	0.06906056940146055	0.012212375	0.7317158	0.36053231835635585	0.7840541413950108	degenerated	True	pain_ligand:CXCL8
EP_ossification	unassigned	ADAM17	IL6R	0.8436167	0.0	0.6751879	0.9575218578344695	1.6935402733974463	0.06484329	0.7456285	0.0006484689979835686	0.784796504027045	degenerated	True	pain_receptor:IL6R
AF_outer	Pericyte_SMC	ANGPT1	ITGB1	1.1895919	0.0	0.4353067	0.46498993102807484	0.44141024329202616	0.017237788	0.7018162	0.066634706797439	0.7860171764734066	degenerated	True	pain_ligand:ANGPT1
EP_ossification	Macrophage	ADAM17	IL6R	0.50829303	0.0	0.23754786	0.46603822018540053	0.468076353699877	0.02281348	0.6348593	0.022358887538781447	0.7865631313111318	degenerated	True	pain_receptor:IL6R
NP_fibrocartilaginous	NP_mature_chondrocyte	VEGFB	ADRB2	0.75084096	0.0	0.4356149	0.4504621678324674	0.8070411604846528	0.05615316	0.70189023	0.022358887538781447	0.7866996045662219	degenerated	True	pain_ligand:VEGFB
NP_fibrocartilaginous	NP_fibrocartilaginous	FGF2	SDC2	0.67075974	1.0	0.43573177	-0.16736266913947012	-0.3805817055003563	0.013569276	0.7019183	1.0	0.7869725984323754	degenerated	True	pain_ligand:FGF2
T_cell	Macrophage	VEGFA	ITGAV	0.5081135	1.0	0.25759104	-0.14522652804808425	-0.09128172955777836	0.008196769	0.6441959	1.0	0.7872456554459117	degenerated	True	pain_ligand:VEGFA
Macrophage	Pericyte_SMC	VEGFA	CD44	0.7614855	0.99	0.43619493	-0.23300310070444502	-0.4937757923543741	0.0049286005	0.70202947	1.0	0.7883387352014952	degenerated	True	pain_ligand:VEGFA
B_cell	T_cell	VEGFA	CD44	0.7344021	1.0	0.43662846	-0.25998211469982263	-0.20648304263574857	0.004933499	0.70213336	1.0	0.7894328263065318	degenerated	True	pain_ligand:VEGFA
EP_hyaline	AF_inner	VEGFA	NRP2	0.6752068	0.99	0.43675977	-0.07986009965001169	-0.1382071712950521	0.013012371	0.70216477	1.0	0.7895696312896352	degenerated	True	pain_ligand:VEGFA; pain_receptor:NRP2
EP_ossification	AF_outer	FGF2	SDC1	0.37146845	0.54	0.06617611	0.04366191617180275	0.01943469747645815	0.027883582	0.4785372	1.0	0.7910388323606132	degenerated	True	pain_ligand:FGF2
NP_mature_chondrocyte	T_cell	GRN	TNFRSF1A	0.50743675	1.0	0.24479383	-0.2529553178979721	-0.5356150104387151	0.0040670694	0.6383349	1.0	0.7912129653072388	degenerated	True	pain_receptor:TNFRSF1A
Pericyte_SMC	NP_mature_chondrocyte	VEGFA	NRP2	0.6918235	0.77	0.43762422	-0.028597826364891332	-0.0643758070304895	0.013038126	0.7023715	1.0	0.7913499758669791	degenerated	True	pain_ligand:VEGFA; pain_receptor:NRP2
NP_mature_chondrocyte	AF_inner	CXCL8	SDC2	0.89246005	0.0	0.43769798	0.20663144816072693	-0.5763210570179296	0.009144573	0.7023891	1.0	0.7914870022427813	degenerated	True	pain_ligand:CXCL8
T_cell	Pericyte_SMC	VEGFA	ITGAV	0.69426	0.31	0.4377283	0.10423245431973863	0.17045702938219298	0.013928891	0.70239633	0.8644877852626199	0.791624044435559	degenerated	True	pain_ligand:VEGFA
Pericyte_SMC	AF_outer	VEGFA	ITGAV	0.50740635	0.99	0.25713518	-0.1471860084405508	-0.4145500549282648	0.008182263	0.6439929	1.0	0.791624044435559	degenerated	True	pain_ligand:VEGFA
NP_fibrocartilaginous	unassigned	VEGFA	CD44	0.507401	1.0	0.24649563	-0.4839679173510261	-0.5226319440333377	0.0027851732	0.6391342	1.0	0.7917611024462238	degenerated	True	pain_ligand:VEGFA
AF_outer	NP_fibrocartilaginous	TNFSF12	TNFRSF12A	0.84111285	0.0	0.4959398	0.20229976982545017	0.2205784544979072	0.021263935	0.7152791	0.08210709804958567	0.7917836930037088	degenerated	True	pain_ligand:TNF
AF_outer	NP_mature_chondrocyte	TNFSF12	TNFRSF12A	0.841053	0.0	0.49589422	0.20224084089226735	0.24214021598409102	0.02126198	0.71526974	0.06726869509831455	0.7919326422877888	degenerated	True	pain_ligand:TNF
NP_mature_chondrocyte	B_cell	NGF	MAGED1	0.25842488	1.0	0.06628837	-0.10390828294034726	-0.04263240856087136	0.013097729	0.47874862	1.0	0.7929401422323374	degenerated	True	pain_ligand:NGF
NP_fibrocartilaginous	NP_fibrocartilaginous	FGF2	FGFRL1	0.50709295	1.0	0.25515786	-0.12380760640143518	-0.2930729851703021	0.015030532	0.6431075	1.0	0.7932702268019973	degenerated	True	pain_ligand:FGF2
AF_inner	AF_inner	VEGFA	SIRPA	1.0079771	0.0	0.4698993	0.4146802804891008	0.4149848738959083	0.023400545	0.7097552	0.022358887538781447	0.7934216189011681	degenerated	True	pain_ligand:VEGFA
Macrophage	AF_outer	PDGFA	PDGFRB	0.26543263	0.0	0.066397145	0.22124916568217298	0.3010282237204341	0.015266064	0.47895327	0.12997148372227388	0.7940261150168235	degenerated	True	pain_ligand:PDGFA
AF_inner	Macrophage	VEGFA	ITGA9	0.9990959	0.0	0.43886882	1.0929393840905612	0.8568834438298936	0.11495433	0.70266825	0.0034304514650514255	0.7940939519515999	degenerated	True	pain_ligand:VEGFA
unassigned	AF_inner	ADAM10	IL6R	0.25882265	0.54	0.066450976	-0.003411339019257555	0.144270127374802	0.004952441	0.4790544	1.0	0.7945689677966263	degenerated	True	pain_receptor:IL6R
NP_fibrocartilaginous	Pericyte_SMC	VEGFA	GPC1	0.28386673	1.0	0.06645651	-0.3329221638685998	-0.6977582299657582	0.003797997	0.47906476	1.0	0.7948403607866144	degenerated	True	pain_ligand:VEGFA
Macrophage	NP_mature_chondrocyte	TNFSF13B	TFRC	0.5087092	0.0	0.19110066	0.40996766271572255	0.5379331294523433	0.034025215	0.6092918	0.022358887538781447	0.7950559064315563	degenerated	True	pain_ligand:TNF
Macrophage	AF_inner	PTGS2	CAV1	0.8389704	1.0	0.6742524	-0.18496688496919889	-0.514595151256799	0.008877855	0.745497	1.0	0.7965511776219408	degenerated	True	pain_ligand:PTGS2
AF_outer	Macrophage	FGF2	SDC2	0.5059871	1.0	0.255649	-0.33985715307644404	-0.5040718609550524	0.007961256	0.6433282	1.0	0.7975331652723399	degenerated	True	pain_ligand:FGF2
EP_hyaline	unassigned	GRN	TNFRSF1A	0.83838874	0.0	0.6438772	0.11129806176730858	0.6439273785223116	0.010697547	0.7410993	0.5882603368424983	0.7975951880192259	degenerated	True	pain_receptor:TNFRSF1A
EP_ossification	AF_inner	VEGFA	ITGB1	0.6048766	1.0	0.19079071	-0.5038862794578893	-1.10286116492382	0.0018272009	0.60909855	1.0	0.7976709044689214	degenerated	True	pain_ligand:VEGFA
AF_outer	EP_hyaline	VEGFA	NRP2	0.505982	1.0	0.23030443	-0.2315428502222625	-0.5703696277048758	0.006861454	0.63126254	1.0	0.7976709044689214	degenerated	True	pain_ligand:VEGFA; pain_receptor:NRP2
NP_fibrocartilaginous	EP_ossification	FGF2	SDC2	0.50593984	1.0	0.2538856	-0.338808064271555	-0.5749950959591036	0.007906341	0.64253366	1.0	0.7979464304371802	degenerated	True	pain_ligand:FGF2
Pericyte_SMC	T_cell	ANGPT1	ITGB1	0.505805	1.0	0.25321424	0.07440649376480568	-0.09200979966810696	0.010027076	0.6422295	1.0	0.7980842172106829	degenerated	True	pain_ligand:ANGPT1
AF_inner	AF_outer	FGF2	SDC4	0.66461194	0.64	0.44045267	-0.008535432099176957	-0.12654810333153121	0.021390101	0.7030445	1.0	0.7983598383409991	degenerated	True	pain_ligand:FGF2
AF_outer	AF_inner	FGF2	FGFRL1	0.68201506	0.0	0.4405926	0.10518476781844811	0.002538531087988294	0.025953902	0.7030776	0.5001448784704318	0.7989114930053569	degenerated	True	pain_ligand:FGF2
NP_fibrocartilaginous	EP_hyaline	SEMA3A	NRP2	0.505042	0.11	0.22905174	0.013781913252203739	0.0115693565231898	0.014262212	0.6306276	0.6428134394160764	0.8008439518710544	degenerated	True	pain_ligand:SEMA3A; pain_receptor:NRP2
NP_fibrocartilaginous	EP_hyaline	FGF2	FGFRL1	0.6759641	0.0	0.44147378	0.09507103517339226	0.0918548871358732	0.026005808	0.7032861	0.2618675065738693	0.8012583598679676	degenerated	True	pain_ligand:FGF2
EP_hyaline	Pericyte_SMC	FGF2	FGFR1	0.6687665	0.98	0.44151428	-0.09871381720220684	-0.15697363191332558	0.014101711	0.70329565	1.0	0.8013965276293187	degenerated	True	pain_ligand:FGF2
NP_mature_chondrocyte	NP_fibrocartilaginous	GRN	TNFRSF1A	0.6660918	1.0	0.44156522	-0.059503736561236156	-0.3756197535553756	0.007336281	0.7033077	1.0	0.8015347112733816	degenerated	True	pain_receptor:TNFRSF1A
EP_hyaline	AF_inner	VEGFB	ADRB2	0.5252603	0.0	0.19009654	0.1353544730680388	0.09151125010648703	0.02450449	0.6086645	0.2623277979640922	0.8022260904249776	degenerated	True	pain_ligand:VEGFB
T_cell	AF_outer	VEGFA	ITGAV	0.50466084	1.0	0.2542498	-0.14985332465483248	-0.19747105638052342	0.008090449	0.6426983	1.0	0.8027793017035924	degenerated	True	pain_ligand:VEGFA
Pericyte_SMC	NP_mature_chondrocyte	ANGPT2	ITGA5_ITGB1	0.50464827	0.0	0.24647525	1.5996465809679659	0.6943603299088789	0.051697947	0.63912463	0.013569622273041211	0.8029176442505671	degenerated	True	pain_ligand:ANGPT2
EP_hyaline	EP_hyaline	FGF2	FGFR1	0.83675766	0.0	0.6916504	0.090247566895538	0.09014274133442746	0.022090916	0.74790627	0.275225345155387	0.802970393006482	degenerated	True	pain_ligand:FGF2
AF_inner	NP_mature_chondrocyte	FGF2	FGFR1	0.83673936	0.0	0.6814509	0.09025392935896727	0.12250051814471952	0.021765148	0.7465031	0.2751457743864644	0.8031198209881287	degenerated	True	pain_ligand:FGF2
NP_mature_chondrocyte	NP_mature_chondrocyte	NGF	MAGED1	0.50437695	0.0	0.20435347	0.19731851216679497	0.49213102660292235	0.040377617	0.6172428	0.06345225169745673	0.8033329901150942	degenerated	True	pain_ligand:NGF
NP_mature_chondrocyte	AF_inner	VEGFA	ITGAV	0.8366409	0.0	0.5099316	0.14967875566129807	0.2841710193175651	0.016226465	0.71810365	0.12317301520342026	0.8035682727168423	degenerated	True	pain_ligand:VEGFA
T_cell	AF_inner	GRN	TNFRSF1A	0.67417973	0.98	0.44250542	-0.06358234376664162	0.0037661591669106986	0.007351903	0.7035296	1.0	0.8043023900577241	degenerated	True	pain_receptor:TNFRSF1A
NP_mature_chondrocyte	EP_hyaline	CXCL8	SDC2	0.5041617	1.0	0.2097888	-0.1972749610010247	-1.0433870868505521	0.0043829964	0.62033886	1.0	0.8043023900577241	degenerated	True	pain_ligand:CXCL8
unassigned	Macrophage	VEGFA	NRP2	0.67114276	0.99	0.44265187	-0.061947794459064426	0.32510746128605683	0.013187915	0.7035641	1.0	0.804440907526414	degenerated	True	pain_ligand:VEGFA; pain_receptor:NRP2
Pericyte_SMC	Pericyte_SMC	VEGFA	ITGAV	0.69700557	0.34	0.4426959	0.1068997705340203	-0.046621969165548394	0.014086965	0.7035745	0.8946635235654539	0.8048565553529237	degenerated	True	pain_ligand:VEGFA
Pericyte_SMC	AF_inner	PGF	NRP2	0.6808325	0.0	0.4428	1.2779617537705914	0.748376547946736	0.06917928	0.703599	0.008840823111948037	0.8051337334300914	degenerated	True	pain_receptor:NRP2
NP_fibrocartilaginous	NP_fibrocartilaginous	TNFSF12	TNFRSF12A	0.83603674	0.0	0.48273146	0.19266586430659355	0.25421146692769403	0.020697612	0.7125224	0.06779582778861529	0.805512224800704	degenerated	True	pain_ligand:TNF
NP_mature_chondrocyte	AF_outer	FGF2	FGFRL1	0.720397	0.0	0.44296023	0.1143348775871203	0.2677456640575069	0.026093371	0.7036367	0.20202991023951347	0.8056885037789405	degenerated	True	pain_ligand:FGF2
NP_fibrocartilaginous	NP_mature_chondrocyte	TNFSF12	TNFRSF12A	0.83597696	0.0	0.4826871	0.19260693537341073	0.27577322841387786	0.020695709	0.71251297	0.06790719668144096	0.8061106413804242	degenerated	True	pain_ligand:TNF
unassigned	EP_ossification	VEGFA	GPC1	0.50355536	0.92	0.247267	-0.030560068091797038	0.3775406069668769	0.0141313365	0.6394944	1.0	0.8062433055076392	degenerated	True	pain_ligand:VEGFA
AF_inner	EP_ossification	FGF2	FGFRL1	0.5033239	0.95	0.21463078	-0.14149052932791945	-0.274335389991005	0.012643213	0.62302214	1.0	0.8067985853749238	degenerated	True	pain_ligand:FGF2
NP_fibrocartilaginous	T_cell	GRN	TNFRSF1A	0.75924295	0.09	0.44359496	0.011181918803666799	0.0003785011764978474	0.0073700044	0.70378596	1.0	0.8073538965339092	degenerated	True	pain_receptor:TNFRSF1A
AF_outer	NP_fibrocartilaginous	VEGFA	CD44	0.8434229	1.0	0.4635626	-0.15183485719453726	-0.5502842548964211	0.00523783	0.7083547	1.0	0.8076072941505046	degenerated	True	pain_ligand:VEGFA
NP_fibrocartilaginous	AF_inner	FGF2	SDC4	0.6780765	0.38	0.4438044	0.01017417928218782	-0.0882851682946324	0.021552876	0.7038352	0.9391663090784497	0.8079096861535009	degenerated	True	pain_ligand:FGF2
NP_fibrocartilaginous	NP_mature_chondrocyte	FGF2	SDC4	0.6780965	0.2	0.4438264	0.010197623038031303	0.04765431942475262	0.021553945	0.7038403	0.7481624991200764	0.8080486174685463	degenerated	True	pain_ligand:FGF2
NP_mature_chondrocyte	EP_ossification	VEGFA	ITGAV	0.8106971	0.02	0.44390088	0.11491095935067235	0.3073285110828671	0.014125309	0.70385784	0.4434763784350897	0.8086047258405826	degenerated	True	pain_ligand:VEGFA
EP_hyaline	EP_ossification	ANGPT1	ITGA5	0.31681544	0.13	0.06720461	0.08619098268418673	0.03993967090200412	0.009109457	0.4804617	0.9475229153003749	0.8086518995531602	degenerated	True	pain_ligand:ANGPT1
B_cell	NP_mature_chondrocyte	VEGFA	ITGB1	0.83521146	1.0	0.52007955	-0.2820281645367265	-0.6339071567000606	0.0049807974	0.7200938	1.0	0.8089548691960945	degenerated	True	pain_ligand:VEGFA
Macrophage	AF_outer	VEGFA	CD44	0.834635	1.0	0.4921475	-0.16079751930859013	-0.4233099646978261	0.0055608125	0.71449685	1.0	0.809404242275487	degenerated	True	pain_ligand:VEGFA
unassigned	NP_mature_chondrocyte	ADAM10	IL6R	0.26043645	0.6	0.06736122	-0.0010458938149318798	0.08077825391459331	0.0050202794	0.48075226	1.0	0.810002859387306	degenerated	True	pain_receptor:IL6R
EP_ossification	Pericyte_SMC	FGF2	SDC2	0.83416164	0.45	0.65791196	0.0062713302404176705	-0.037246987683693056	0.020488266	0.7431626	1.0	0.8104530134587662	degenerated	True	pain_ligand:FGF2
EP_hyaline	EP_ossification	SEMA3A	NRP2	0.66756576	0.05	0.44471717	0.262592516088109	0.3360710485815445	0.02769091	0.7040493	0.2688191177429267	0.8118064594791864	degenerated	True	pain_ligand:SEMA3A; pain_receptor:NRP2
AF_outer	NP_mature_chondrocyte	SEMA3A	NRP2	0.5527065	0.0	0.18880032	0.047372933303800574	0.10380032858729182	0.011755904	0.60784936	0.458421966921779	0.8118064594791864	degenerated	True	pain_ligand:SEMA3A; pain_receptor:NRP2
AF_outer	AF_outer	VEGFA	CD44	0.8162223	1.0	0.44476005	-0.1786857348516684	-0.5880937305141605	0.0050253784	0.7040593	1.0	0.8119460616129204	degenerated	True	pain_ligand:VEGFA
Macrophage	Macrophage	TNFSF10	TNFRSF10B	0.5018809	0.0	0.23403044	0.5111334815679642	0.6196578380384917	0.0514909	0.63312846	0.022358887538781447	0.8127826628740755	degenerated	True	pain_ligand:TNF
EP_ossification	NP_mature_chondrocyte	FGF2	FGFRL1	0.6680657	0.26	0.4454928	0.0772627476852505	0.21196763709719812	0.026242554	0.7042308	0.8107284445580092	0.8136200633700074	degenerated	True	pain_ligand:FGF2
T_cell	EP_ossification	CXCL8	SDC2	0.8329631	0.12	0.5548965	0.07705501650753283	-0.0497683257432765	0.011593133	0.7265775	0.686271862433615	0.8137514889852253	degenerated	True	pain_ligand:CXCL8
AF_outer	NP_mature_chondrocyte	VEGFB	ADRB2	0.76342237	0.0	0.4455005	0.46522648734872585	0.8073698464673338	0.057427462	0.7042326	0.022358887538781447	0.8137596485500735	degenerated	True	pain_ligand:VEGFB
AF_outer	Pericyte_SMC	FGF2	CD44	0.8329209	0.93	0.59914154	-0.09738071432058104	-0.2611900557836292	0.011023085	0.7341312	1.0	0.814351628054209	degenerated	True	pain_ligand:FGF2
EP_hyaline	B_cell	VEGFA	CD44	0.8327626	1.0	0.6931252	-0.16600452085605538	-0.11312869888095833	0.007831675	0.74810696	1.0	0.8149518915324505	degenerated	True	pain_ligand:VEGFA
Pericyte_SMC	AF_outer	ANGPT2	ITGA5_ITGB1	0.5013026	0.0	0.24249275	1.594962366445648	0.6259663645204216	0.05086262	0.6372439	0.022358887538781447	0.8158557927855646	degenerated	True	pain_ligand:ANGPT2
B_cell	EP_ossification	CXCL8	SDC2	0.50121313	0.99	0.24953486	-0.21879794101189792	-0.803954382453295	0.0052133882	0.64054614	1.0	0.8162753630159209	degenerated	True	pain_ligand:CXCL8
AF_outer	Macrophage	SEMA3E	NRP2	0.5034294	0.03	0.18794522	0.06595895529362965	0.07987067997167713	0.024536354	0.6073082	0.4838309971864258	0.8164154769954615	degenerated	True	pain_receptor:NRP2
AF_outer	Macrophage	FGF2	CD44	0.68757856	1.0	0.44643787	-0.24084829105347655	-0.277725235431345	0.0082136225	0.70445144	1.0	0.8168352390733404	degenerated	True	pain_ligand:FGF2
B_cell	AF_inner	VEGFA	GPC1	0.2886654	1.0	0.06764262	-0.32880848659488837	-0.5647907103089832	0.003865784	0.48127258	1.0	0.817018900762007	degenerated	True	pain_ligand:VEGFA
EP_hyaline	Macrophage	VEGFA	CD44	0.8317015	1.0	0.69139874	-0.167052003686314	-0.08655761505957149	0.007812167	0.74787194	1.0	0.8175043663083945	degenerated	True	pain_ligand:VEGFA
NP_fibrocartilaginous	NP_mature_chondrocyte	FGF2	CD44	0.83132493	1.0	0.6128837	-0.09715917986367326	-0.2742249513685666	0.0112759145	0.7363385	1.0	0.8182556197294439	degenerated	True	pain_ligand:FGF2
T_cell	NP_fibrocartilaginous	CXCL8	SDC3	0.6806643	0.0	0.1876437	0.4517036752625306	0.4645308345115342	0.030807946	0.60711676	0.022358887538781447	0.8187964826995645	degenerated	True	pain_ligand:CXCL8
AF_outer	EP_hyaline	VEGFA	CD44	0.8375455	1.0	0.45949984	-0.15763700689835014	-0.5628512107220784	0.005191924	0.7074446	1.0	0.819157209518731	degenerated	True	pain_ligand:VEGFA
Macrophage	EP_ossification	CXCL8	SDC2	0.8306856	0.15	0.5528001	0.07502369514626878	-0.0434220863408713	0.011549336	0.72620136	0.6891082037426672	0.8193074813347537	degenerated	True	pain_ligand:CXCL8
EP_hyaline	EP_hyaline	SEMA3C	NRP2_PLXNA3	0.29227817	0.25	0.06778525	0.03142037473559499	-0.006729578036333339	0.015863253	0.48153543	0.8008330750727443	0.8199827092640803	degenerated	True	pain_receptor:NRP2
NP_fibrocartilaginous	NP_mature_chondrocyte	VEGFA	CD44	0.75685453	1.0	0.4474107	-0.23773240231886816	-0.6310774569593033	0.005055328	0.704678	1.0	0.8200588738945152	degenerated	True	pain_ligand:VEGFA
B_cell	NP_mature_chondrocyte	VEGFA	ITGAV	0.49975044	1.0	0.24238117	-0.14354138553778614	-0.2120363928915986	0.0077127777	0.63719076	1.0	0.8203395311446078	degenerated	True	pain_ligand:VEGFA
AF_outer	B_cell	FGF2	CD44	0.68863964	1.0	0.44755265	-0.23980080822321792	-0.3042963192527318	0.008234132	0.70471096	1.0	0.8207606370736342	degenerated	True	pain_ligand:FGF2
AF_inner	NP_mature_chondrocyte	VEGFA	GPC1	1.0016634	0.0	0.4478395	0.3957703064161981	0.38544398722745504	0.025594078	0.70477766	0.022358887538781447	0.8218845169893315	degenerated	True	pain_ligand:VEGFA
NP_fibrocartilaginous	NP_mature_chondrocyte	VEGFA	ITGB1	0.82961386	1.0	0.5060126	-0.287466332773651	-0.7931957397502748	0.004846078	0.7173221	1.0	0.8221647146374074	degenerated	True	pain_ligand:VEGFA
Macrophage	NP_fibrocartilaginous	CXCL8	SDC3	0.6783868	0.0	0.18693481	0.44967235390126653	0.4708770739139394	0.030691557	0.60666525	0.022358887538781447	0.8225875475704741	degenerated	True	pain_ligand:CXCL8
EP_ossification	unassigned	ADAM10	IL6R	0.8294003	0.0	0.6457692	0.8649067528758412	1.581068054605817	0.04812772	0.7413807	0.0034366228713963404	0.8230676264986276	degenerated	True	pain_receptor:IL6R
AF_inner	NP_mature_chondrocyte	VEGFA	SIRPA	1.0019877	0.0	0.44897246	0.4049492616079803	0.3641475188378171	0.022358408	0.70504045	0.022358887538781447	0.8231503059052379	degenerated	True	pain_ligand:VEGFA
B_cell	AF_inner	VEGFA	CD44	0.82913697	1.0	0.51505107	-0.16646951953687308	-0.3376029570012301	0.0058196015	0.7191136	1.0	0.8238201832223649	degenerated	True	pain_ligand:VEGFA
EP_hyaline	Macrophage	FGF2	FGFR1	0.6742903	0.99	0.44973922	-0.09250036337873091	-0.0831165196492617	0.014364412	0.70521784	1.0	0.8245579843754807	degenerated	True	pain_ligand:FGF2
EP_hyaline	NP_fibrocartilaginous	SEMA3A	NRP2	0.6713375	0.0	0.4499826	0.26699773811787014	0.32309770642104535	0.02801877	0.7052741	0.027502305052775934	0.825262311581849	degenerated	True	pain_ligand:SEMA3A; pain_receptor:NRP2
unassigned	AF_inner	GRN	TNFRSF1A	0.6816172	0.99	0.45090345	-0.0557805717410858	0.25433129737290616	0.0074914293	0.7054865	1.0	0.8272370158145996	degenerated	True	pain_receptor:TNFRSF1A
NP_fibrocartilaginous	AF_outer	FGF2	FGFRL1	0.49817306	1.0	0.2453165	-0.13536897287510963	-0.35141237278436765	0.01445081	0.638581	1.0	0.8283667987692231	degenerated	True	pain_ligand:FGF2
Pericyte_SMC	Pericyte_SMC	TNFSF12	TNFRSF12A	0.6723335	0.62	0.4519856	0.17077153261322173	0.13784870779099873	0.01937935	0.70573545	1.0	0.8292148676121291	degenerated	True	pain_ligand:TNF
AF_outer	Macrophage	VEGFA	ITGB1	0.8282014	1.0	0.4530407	-0.2892846651971505	-0.6766820119481369	0.004338767	0.7059775	1.0	0.8307709735362472	degenerated	True	pain_ligand:VEGFA
unassigned	EP_ossification	VEGFA	EGFR	0.68005794	0.0	0.4530458	0.4729172916513036	0.7913872482948401	0.029087858	0.7059787	0.022358887538781447	0.8310542973933022	degenerated	True	pain_ligand:VEGFA
Macrophage	unassigned	VEGFA	CD44	0.49727255	1.0	0.23409657	-0.49380789000551367	-0.43992459575162657	0.0026450753	0.63316137	1.0	0.8316206822106781	degenerated	True	pain_ligand:VEGFA
B_cell	Pericyte_SMC	VEGFA	GPC1	0.28946435	1.0	0.06830398	-0.3274839956316753	-0.538469646915544	0.0039035801	0.48248717	1.0	0.8320794460887411	degenerated	True	pain_ligand:VEGFA
T_cell	AF_outer	CXCL8	SDC3	0.67971486	0.0	0.18535425	0.4487447895734399	0.430598433916329	0.030432055	0.6056517	0.022358887538781447	0.8326127029995122	degenerated	True	pain_ligand:CXCL8
Pericyte_SMC	EP_hyaline	ANGPT2	ITGA5_ITGB1	0.49686688	0.0	0.23721269	1.5887518024774356	0.6587057648609648	0.049755134	0.6346956	0.01864902864697737	0.8333218373206785	degenerated	True	pain_ligand:ANGPT2
EP_ossification	EP_ossification	FGF2	FGFR2	0.4968009	0.13	0.22646312	0.2682328716691588	0.3718207080062957	0.047246546	0.62930286	0.2526737451271395	0.8336055123803638	degenerated	True	pain_ligand:FGF2
NP_mature_chondrocyte	EP_hyaline	VEGFA	ITGAV	0.82570314	0.0	0.4820934	0.13502072163724865	0.2894313957582801	0.015340628	0.7123869	0.15201154032122227	0.8336211284768036	degenerated	True	pain_ligand:VEGFA
EP_ossification	EP_ossification	NGF	MAGED1	0.51488864	0.07	0.1851124	0.18908114929280856	0.35079897958206896	0.036575828	0.6054958	0.5665493704915557	0.8338892518108647	degenerated	True	pain_ligand:NGF
EP_ossification	AF_outer	VEGFA	SIRPA	0.27679464	1.0	0.068452224	-0.2636187143645965	-0.7285043823423928	0.003408857	0.48275787	1.0	0.8347615185772519	degenerated	True	pain_ligand:VEGFA
AF_inner	Pericyte_SMC	GRN	TNFRSF1A	0.4963657	1.0	0.24637438	-0.2560950895280845	-0.47604331439732184	0.0040933294	0.6390774	1.0	0.835309143520026	degenerated	True	pain_receptor:TNFRSF1A
AF_inner	NP_fibrocartilaginous	TNFSF11	TNFRSF11B	0.5150461	0.57	0.18493375	0.10765426866488917	-0.035292679157636675	0.063904405	0.6053804	0.5033109797811224	0.8357355852853953	degenerated	True	pain_ligand:TNF
Pericyte_SMC	Macrophage	TNFSF12	TNFRSF12A	0.49622798	1.0	0.21758841	0.00011014133823622485	-0.20397948764921375	0.009329328	0.62462795	1.0	0.8358776885058093	degenerated	True	pain_ligand:TNF
AF_inner	AF_inner	FGF2	FGFR3	0.49593404	0.0	0.20428406	0.2260909681199769	0.1469385351979355	0.056477733	0.6172027	0.16359629565211664	0.8365886752081759	degenerated	True	pain_ligand:FGF2
AF_inner	AF_outer	FGF2	FGFR1	0.82404375	0.0	0.6636756	0.07597292847259658	0.036307968539299074	0.021197416	0.7439941	0.39775039502931014	0.8375505295533272	degenerated	True	pain_ligand:FGF2
EP_ossification	NP_fibrocartilaginous	VEGFA	SIRPA	0.27731907	1.0	0.06864778	-0.2627669335887079	-0.7124558455385821	0.0034185955	0.48311406	1.0	0.8377092423103762	degenerated	True	pain_ligand:VEGFA
Macrophage	AF_outer	CXCL8	SDC3	0.67743737	0.0	0.184654	0.44671346821217583	0.4369446733187342	0.030317087	0.6051996	0.022358887538781447	0.8390087243625224	degenerated	True	pain_ligand:CXCL8
NP_fibrocartilaginous	AF_inner	VEGFA	CD44	0.8235394	1.0	0.5011201	-0.1719076877737976	-0.4968915400514443	0.0056621945	0.716336	1.0	0.8390631041013976	degenerated	True	pain_ligand:VEGFA
EP_hyaline	unassigned	FGF2	CD44	0.67829156	1.0	0.45569703	-0.23505119017641934	0.04951238363306654	0.008383974	0.7065839	1.0	0.8391511983599713	degenerated	True	pain_ligand:FGF2
EP_hyaline	AF_inner	GRN	TNFRSF1A	0.82295114	0.0	0.61049104	0.09247482719065403	0.015192129051395664	0.010142861	0.73595864	0.7025208787180454	0.8402737507931546	degenerated	True	pain_receptor:TNFRSF1A
AF_outer	NP_fibrocartilaginous	VEGFA	NRP2	0.4951464	1.0	0.22281426	-0.24419911893851456	-0.6492581337048776	0.0066382997	0.6274062	1.0	0.8402918006830042	degenerated	True	pain_ligand:VEGFA; pain_receptor:NRP2
Macrophage	Macrophage	TNFSF13B	CD40	0.26270694	0.0	0.068814434	0.4470213165936317	0.4549453809756315	0.042929906	0.4834168	0.022358887538781447	0.8409218883876947	degenerated	True	pain_ligand:TNF
AF_inner	NP_mature_chondrocyte	GRN	TNFRSF1A	0.4949333	1.0	0.24494635	-0.2578418079150347	-0.62082563429554	0.0040696035	0.63840675	1.0	0.8414334361012057	degenerated	True	pain_receptor:TNFRSF1A
AF_outer	NP_fibrocartilaginous	FGF2	FGFR1	0.6976394	1.0	0.45700824	-0.06610794795319322	-0.21465742317281533	0.01459658	0.70688164	1.0	0.8422903984177712	degenerated	True	pain_ligand:FGF2
EP_ossification	EP_hyaline	FGF2	SDC2	0.67714953	0.98	0.45711005	-0.15705210024097374	-0.23861439622122638	0.014235023	0.7069047	1.0	0.8427189826393293	degenerated	True	pain_ligand:FGF2
NP_fibrocartilaginous	NP_fibrocartilaginous	SEMA3A	NRP2	0.49420643	0.51	0.22160232	0.0011256445359516768	-0.06731914947681206	0.013798364	0.62676847	1.0	0.8430047862078628	degenerated	True	pain_ligand:SEMA3A; pain_receptor:NRP2
NP_fibrocartilaginous	NP_mature_chondrocyte	VEGFA	ITGAV	0.49415284	1.0	0.2358253	-0.14897955377471067	-0.3713249759418128	0.0075041642	0.6340153	1.0	0.8432906543882446	degenerated	True	pain_ligand:VEGFA
EP_ossification	Macrophage	ADAM10	IL6R	0.4940766	0.0	0.22719763	0.37342311522677224	0.3556041349082477	0.016932527	0.62968045	0.07424683973025621	0.8437198080937085	degenerated	True	pain_receptor:IL6R
EP_ossification	AF_inner	NGF	KIDINS220	0.26497564	0.73	0.06912796	-0.002468845087641572	-0.03249547024828586	0.01298602	0.48398438	1.0	0.8438640171057984	degenerated	True	pain_ligand:NGF
AF_outer	NP_fibrocartilaginous	FGF2	FGFRL1	0.4939295	1.0	0.24298073	-0.13859841512725365	-0.3346324059085828	0.014313219	0.63747627	1.0	0.8447214256312485	degenerated	True	pain_ligand:FGF2
EP_hyaline	Pericyte_SMC	NGF	SORT1	0.29512882	0.01	0.069258794	0.1887678196793833	0.17803033812706137	0.028389296	0.48422053	0.38818642579131674	0.845200464301971	degenerated	True	pain_ligand:NGF
NP_mature_chondrocyte	EP_ossification	FGF2	SDC2	0.7281638	0.9	0.45843318	-0.0891042138093251	0.04416294088277095	0.01427623	0.70720404	1.0	0.8464401631420784	degenerated	True	pain_ligand:FGF2
AF_outer	AF_inner	ADAM17	IL6R	0.26490283	0.09	0.069316246	0.04447547325715423	-0.1271681052988733	0.006656952	0.4843241	1.0	0.8465363591334039	degenerated	True	pain_receptor:IL6R
Macrophage	EP_hyaline	TNFSF10	TNFRSF11B	0.8210047	0.0	0.63963664	0.4586089889596374	0.5110439735412942	0.06344765	0.7404649	0.022358887538781447	0.8466375196799332	degenerated	True	pain_ligand:TNF
AF_outer	B_cell	VEGFA	ITGB1	0.49338213	1.0	0.2215947	-0.6090644523066945	-1.0951806539192606	0.0021222106	0.6267645	1.0	0.8468703846239461	degenerated	True	pain_ligand:VEGFA
NP_fibrocartilaginous	Pericyte_SMC	VEGFA	CD44	0.77161396	1.0	0.45929825	-0.22316312804995747	-0.5764831406360852	0.0051896465	0.7073992	1.0	0.8477308028750257	degenerated	True	pain_ligand:VEGFA
AF_outer	EP_ossification	FGF2	SDC2	0.4927764	1.0	0.24176921	-0.3535988729973735	-0.6165545166973843	0.0075290203	0.63689846	1.0	0.8481614615391244	degenerated	True	pain_ligand:FGF2
NP_mature_chondrocyte	NP_mature_chondrocyte	TNFSF10	RIPK1	0.26405972	0.0	0.0693799	0.1594379024775029	0.30265042000930326	0.019148106	0.48443872	0.10815078855631101	0.8484056841420307	degenerated	True	pain_ligand:TNF
NP_mature_chondrocyte	NP_fibrocartilaginous	VEGFA	SIRPA	0.82038283	0.0	0.46855247	0.2648292613242499	0.4321167242499358	0.023333477	0.7094595	0.022655318473528484	0.8484581205017447	degenerated	True	pain_ligand:VEGFA
B_cell	NP_mature_chondrocyte	VEGFA	CD44	0.7624521	1.0	0.45984858	-0.23229423408194363	-0.4717888739090891	0.0051958645	0.7075231	1.0	0.849166590561473	degenerated	True	pain_ligand:VEGFA
NP_mature_chondrocyte	AF_outer	VEGFA	SIRPA	0.8198584	0.0	0.46721768	0.2639774805483613	0.41606818744612517	0.023267007	0.70916533	0.023012064069232226	0.8498242365140058	degenerated	True	pain_ligand:VEGFA
Macrophage	NP_mature_chondrocyte	VEGFA	ITGB1	0.8194854	1.0	0.48055947	-0.2973063054281386	-0.7104883914685637	0.004602314	0.71206033	1.0	0.8504316038428756	degenerated	True	pain_ligand:VEGFA
EP_hyaline	NP_fibrocartilaginous	VEGFA	ITGAV	0.68971515	0.04	0.46036687	0.03737499710404463	0.041858793878939315	0.01464927	0.70763963	0.5127802429974624	0.8507475505998614	degenerated	True	pain_ligand:VEGFA
T_cell	EP_hyaline	TNFSF13B	TFRC	0.2790177	1.0	0.06956586	0.080554531252595	-0.08352730429506225	0.012386109	0.48477298	1.0	0.85134100871116	degenerated	True	pain_ligand:TNF
unassigned	T_cell	VEGFA	CD44	0.81891644	1.0	0.61493653	-0.17787491628109917	0.36225393942773954	0.0069482154	0.7366629	1.0	0.8517985789112466	degenerated	True	pain_ligand:VEGFA
unassigned	AF_inner	VEGFA	ITGAV	0.49182177	1.0	0.23358718	-0.18531923624684965	0.06952780987978818	0.0074329455	0.6329083	1.0	0.8520425640770334	degenerated	True	pain_ligand:VEGFA
AF_outer	AF_outer	FGF2	SDC2	0.7011782	1.0	0.46072626	-0.13681930470644804	-0.3576550790845807	0.014347638	0.7077204	1.0	0.8523304716863502	degenerated	True	pain_ligand:FGF2
Macrophage	Pericyte_SMC	TNFSF13B	HLA-DPB1	0.26431602	0.0	0.06961429	0.3281985816786501	0.296173981829885	0.018584622	0.48485988	0.04332789219217272	0.8524077371921766	degenerated	True	pain_ligand:TNF
NP_mature_chondrocyte	NP_fibrocartilaginous	FGF2	FGFRL1	0.7293169	0.0	0.46073043	0.12589624406079475	0.3260850516715724	0.027140157	0.7077213	0.1710468761647406	0.8524744498090135	degenerated	True	pain_ligand:FGF2
AF_outer	NP_mature_chondrocyte	FGF2	CD44	0.8181615	1.0	0.58363456	-0.11194998858949173	-0.3157843721068473	0.010737786	0.7315643	1.0	0.8536221754938007	degenerated	True	pain_ligand:FGF2
AF_outer	EP_ossification	VEGFA	NRP2	0.49137464	1.0	0.22020702	-0.24860434096827566	-0.6362847915443784	0.006560622	0.62602943	1.0	0.8546365322540187	degenerated	True	pain_ligand:VEGFA; pain_receptor:NRP2
Pericyte_SMC	NP_fibrocartilaginous	ANGPT1	ITGA5	0.49134576	0.0	0.23710567	0.5468456567888188	0.44022463666732425	0.03213922	0.6346433	0.022358887538781447	0.8549252561798686	degenerated	True	pain_ligand:ANGPT1
AF_inner	AF_outer	TNFSF11	TNFRSF11B	0.50957286	0.68	0.18239851	0.10252520847700185	0.07739922864112614	0.06302834	0.60373044	0.5188152628670007	0.8550695263585628	degenerated	True	pain_ligand:TNF
AF_outer	T_cell	GRN	TNFRSF1A	0.8174731	0.0	0.4895677	0.0722636752763209	0.10436332111186852	0.008133808	0.71396047	1.0	0.8554468233660395	degenerated	True	pain_receptor:TNFRSF1A
AF_inner	T_cell	ADAM10	IL6R	0.31400546	0.0	0.06988573	0.06460262334415587	0.03666668014089333	0.0052084248	0.48534593	1.0	0.8561385064483702	degenerated	True	pain_receptor:IL6R
EP_ossification	NP_fibrocartilaginous	FGF2	SDC4	0.68146324	0.49	0.46262679	0.012325412443469245	-0.0045426257903875555	0.022466963	0.708146	1.0	0.8566578023020807	degenerated	True	pain_ligand:FGF2
NP_fibrocartilaginous	AF_inner	FGF2	FGFRL1	0.6951785	0.0	0.4626731	0.11997557654426659	0.044097951826268966	0.027254593	0.7081563	0.37637755247474297	0.8570912460877063	degenerated	True	pain_ligand:FGF2
NP_fibrocartilaginous	EP_ossification	SEMA3A	NRP2	0.49043465	0.53	0.21900925	-0.0032795774938094214	-0.05434580731631289	0.013636904	0.6253907	1.0	0.8583929205022824	degenerated	True	pain_ligand:SEMA3A; pain_receptor:NRP2
B_cell	NP_fibrocartilaginous	VEGFA	ITGAV	0.48988283	1.0	0.23421265	-0.1567655357555698	-0.30531332829507596	0.0074528484	0.6332188	1.0	0.8609997549230621	degenerated	True	pain_ligand:VEGFA
Macrophage	unassigned	ADAM10	IL6R	0.81567913	0.0	0.6173755	0.8422270328051977	1.5999824224685995	0.0460116	0.7370467	0.004490938323905411	0.861079497305469	degenerated	True	pain_receptor:IL6R
Pericyte_SMC	Pericyte_SMC	VEGFA	CD44	0.8149337	0.98	0.55811214	-0.18107721757435677	-0.45332379227196773	0.0063061523	0.7271511	1.0	0.8630608303204013	degenerated	True	pain_ligand:VEGFA
AF_outer	NP_mature_chondrocyte	ADAM17	IL6R	0.26651663	0.0	0.07026574	0.046840918461479905	-0.19065997875908197	0.006748139	0.48602322	1.0	0.8633213550055632	degenerated	True	pain_receptor:IL6R
AF_inner	EP_hyaline	FGF2	FGFR1	0.81454074	0.0	0.6503703	0.06528341685151764	0.003304997090305406	0.020772452	0.7420607	0.49629488146775524	0.8638231862347887	degenerated	True	pain_ligand:FGF2
EP_hyaline	EP_hyaline	SEMA3A	NRP2	0.68217313	0.0	0.46510932	0.27965400683412217	0.4019862124210472	0.028960655	0.7086987	0.022358887538781447	0.8643384874148958	degenerated	True	pain_ligand:SEMA3A; pain_receptor:NRP2
Macrophage	AF_inner	VEGFA	CD44	0.81341094	1.0	0.47591305	-0.18174766042828516	-0.4141841917697332	0.0053773783	0.71106327	1.0	0.8670271362174908	degenerated	True	pain_ligand:VEGFA
T_cell	unassigned	GRN	TNFRSF1A	0.68961734	0.97	0.46670488	-0.04475910918998708	0.6325014086378267	0.007753959	0.7090521	1.0	0.867102959813884	degenerated	True	pain_receptor:TNFRSF1A
Macrophage	EP_hyaline	TNFSF13B	HLA-DPB1	0.26627475	0.0	0.07058796	0.33168529415321657	0.252969760736849	0.018844558	0.48659468	0.060410691346950714	0.869427408474331	degenerated	True	pain_ligand:TNF
NP_mature_chondrocyte	AF_outer	FGF2	SDC4	0.81263256	0.0	0.6267118	0.1577890636876615	0.3641558556787978	0.030435573	0.7384986	0.11078120171961378	0.8699287202327786	degenerated	True	pain_ligand:FGF2
EP_hyaline	AF_outer	FGF2	SDC4	0.68682885	0.09	0.4684089	0.016428717944843404	-0.039710359087409164	0.022747768	0.70942783	0.650515561502248	0.8703114453586547	degenerated	True	pain_ligand:FGF2
EP_ossification	EP_hyaline	VEGFA	ITGAV	0.28263938	1.0	0.07063167	-0.39257547327570913	-0.8551411740302379	0.0022475605	0.486672	1.0	0.8704881418848449	degenerated	True	pain_ligand:VEGFA
NP_fibrocartilaginous	Macrophage	FGF2	CD44	0.700742	1.0	0.4688113	-0.22605748232765804	-0.2361658146930643	0.008625252	0.70951635	1.0	0.8711879011791885	degenerated	True	pain_ligand:FGF2
T_cell	Pericyte_SMC	VEGFA	CD44	0.81218815	0.99	0.5518494	-0.18374453378863845	-0.23624479372422635	0.0062353895	0.72603023	1.0	0.8714569461113237	degenerated	True	pain_ligand:VEGFA
NP_fibrocartilaginous	B_cell	FGF2	CD44	0.7018031	1.0	0.46998197	-0.22500999949739942	-0.26273689851445114	0.00864679	0.7097733	1.0	0.8738205631032663	degenerated	True	pain_ligand:FGF2
Pericyte_SMC	AF_outer	VEGFA	NRP2	0.48626733	1.0	0.2364464	-0.26868968392643994	-0.63527801700958	0.007044441	0.63432044	1.0	0.8741133556699483	degenerated	True	pain_ligand:VEGFA; pain_receptor:NRP2
AF_inner	NP_mature_chondrocyte	PIGF	FLT1	0.2709313	0.0	0.070714444	0.1320768864248196	0.28244190484778176	0.01887229	0.4868183	0.15901225977182962	0.8741979362200902	degenerated	True	pain_receptor:FLT1
EP_hyaline	AF_outer	FGF2	SDC2	0.81076187	0.83	0.6529431	-0.0136849912612177	-0.1008038362706325	0.02033353	0.74243844	1.0	0.8745153991218662	degenerated	True	pain_ligand:FGF2
Pericyte_SMC	NP_mature_chondrocyte	VEGFB	ADRB2	0.4861666	0.1	0.22765264	0.1398694050891159	0.29746781258836547	0.029345676	0.6299137	0.6195139642268302	0.8745526671416977	degenerated	True	pain_ligand:VEGFB
T_cell	EP_hyaline	PTGS2	CAV1	0.7984522	1.0	0.47123373	-0.21415063003606316	-0.4652489573326415	0.006204716	0.7100472	1.0	0.8766052060631255	degenerated	True	pain_ligand:PTGS2
Macrophage	NP_mature_chondrocyte	PGF	NRP2	0.54726017	0.0	0.17905907	0.3982086329016541	0.5534819848759847	0.027974661	0.601518	0.022358887538781447	0.8767519049996747	degenerated	True	pain_receptor:NRP2
Pericyte_SMC	NP_mature_chondrocyte	ANGPT1	ITGA5	0.48557925	0.0	0.23068137	0.5387720268359457	0.47859264680493085	0.031268418	0.6314529	0.022358887538781447	0.8771923363295688	degenerated	True	pain_ligand:ANGPT1
B_cell	Pericyte_SMC	VEGFA	CD44	0.77721155	1.0	0.47206658	-0.21772495981303294	-0.417194557585871	0.0053339167	0.7102289	1.0	0.8783671467050194	degenerated	True	pain_ligand:VEGFA
EP_hyaline	Macrophage	FGF2	SDC4	0.49229813	1.0	0.17875585	-0.21010281086362217	-0.3222962031245943	0.008681083	0.60131484	1.0	0.8792487650001453	degenerated	True	pain_ligand:FGF2
AF_outer	AF_outer	FGF2	FGFRL1	0.4850096	1.0	0.23360907	-0.15015978160092813	-0.3929717935226483	0.013761164	0.6329192	1.0	0.8798370749395463	degenerated	True	pain_ligand:FGF2
NP_fibrocartilaginous	Pericyte_SMC	GRN	TNFRSF1A	0.80898833	0.04	0.5553962	0.07183731817209962	0.04071949173182865	0.009227499	0.7266668	0.9155536426599031	0.8804873880831674	degenerated	True	pain_receptor:TNFRSF1A
NP_fibrocartilaginous	NP_fibrocartilaginous	VEGFA	ITGAV	0.48428524	1.0	0.22787772	-0.16220370399249434	-0.46460191134529016	0.0072512655	0.63002884	1.0	0.8820451593253782	degenerated	True	pain_ligand:VEGFA
Macrophage	NP_mature_chondrocyte	VEGFA	ITGAV	0.4840244	1.0	0.22396298	-0.15881952642919822	-0.2886176276601017	0.007126695	0.62800705	1.0	0.8826344785545617	degenerated	True	pain_ligand:VEGFA
NP_mature_chondrocyte	NP_fibrocartilaginous	PDGFA	PDGFRA	0.511986	0.0	0.1783777	0.25632966547906133	0.44552160617931796	0.021323673	0.6010609	0.025911505199811193	0.8826344785545617	degenerated	True	pain_ligand:PDGFA
EP_ossification	EP_hyaline	FGF2	SDC4	0.6901721	0.42	0.47376454	0.022467147086248352	0.02361060615472388	0.023007855	0.71059823	0.9778568448742124	0.8826344785545617	degenerated	True	pain_ligand:FGF2
NP_fibrocartilaginous	AF_outer	SEMA3E	NRP2	0.31537452	1.0	0.071300834	-0.1837265664672011	-0.3980200170220253	0.009308365	0.4878499	1.0	0.8839817001052146	degenerated	True	pain_receptor:NRP2
EP_hyaline	AF_inner	ADAM17	IL6R	0.2692018	0.03	0.0713421	0.05233160915587953	-0.129950008698897	0.0068515106	0.48792222	1.0	0.8845096924224032	degenerated	True	pain_receptor:IL6R
NP_mature_chondrocyte	EP_hyaline	SEMA3C	NRP2_PLXNA3	0.30344373	0.0	0.07134612	0.04607640505972173	0.10541604036483565	0.016696574	0.4879292	0.46546274894558787	0.8847736556414262	degenerated	True	pain_receptor:NRP2
T_cell	AF_outer	VEGFA	NRP2	0.48352176	1.0	0.23379318	-0.2713570001407216	-0.4181990184618386	0.0069653937	0.6330106	1.0	0.8848472388469302	degenerated	True	pain_ligand:VEGFA; pain_receptor:NRP2
EP_hyaline	AF_outer	NGF	KIDINS220	0.30165473	0.01	0.07136737	0.023165673499450097	-0.07872171827764679	0.013406703	0.48796642	0.806157084987268	0.8853015162048967	degenerated	True	pain_ligand:NGF
NP_fibrocartilaginous	NP_mature_chondrocyte	GRN	TNFRSF1A	0.8075559	0.0	0.55217695	0.07009059978514949	-0.10406282816638956	0.009174014	0.7260892	0.9291540345502188	0.8855490758704372	degenerated	True	pain_receptor:TNFRSF1A
NP_fibrocartilaginous	AF_inner	ADAM17	IL6R	0.26928437	0.02	0.071381025	0.05248242947347062	-0.12085052410609598	0.0068552485	0.48799035	1.0	0.885829288941689	degenerated	True	pain_receptor:IL6R
NP_mature_chondrocyte	Macrophage	ADAM17	IL6R	0.2800754	0.07	0.071395114	0.048977326160798085	-0.05116091143018464	0.006856601	0.48801503	1.0	0.8863569738591102	degenerated	True	pain_receptor:IL6R
B_cell	AF_outer	CXCL8	SDC2	0.70961493	0.42	0.47552484	-0.002018372720972446	-0.5450549448404914	0.009934866	0.71097946	1.0	0.8864724049629502	degenerated	True	pain_ligand:CXCL8
unassigned	unassigned	GRN	TNFRSF1A	0.6970548	0.99	0.47556219	-0.036957337164431246	0.8830665468438221	0.007901116	0.7109875	0.8306680753350904	0.8866202026572538	degenerated	True	pain_receptor:TNFRSF1A
EP_hyaline	NP_fibrocartilaginous	FGF2	FGFR1	0.8072231	0.0	0.64767385	0.057026365492037115	0.04219381964113289	0.02068633	0.7416629	0.4102728333613405	0.8866236257420912	degenerated	True	pain_ligand:FGF2
EP_hyaline	EP_hyaline	VEGFB	ADRB2	0.51769173	0.0	0.1777116	0.12172098430531803	0.18128156410772034	0.022908004	0.60061234	0.18152864987120734	0.8873594375500123	degenerated	True	pain_ligand:VEGFB
B_cell	NP_fibrocartilaginous	GRN	TNFRSF1A	0.48289344	1.0	0.18066858	-0.2516741998593258	-0.5199349639566306	0.0030016757	0.6025899	1.0	0.8878034138799413	degenerated	True	pain_receptor:TNFRSF1A
EP_hyaline	NP_mature_chondrocyte	VEGFA	ITGAV	0.6995827	0.0	0.47642285	0.0505991473218283	0.13513572928241668	0.015160185	0.71117324	0.44128284182430727	0.8888396166263111	degenerated	True	pain_ligand:VEGFA
EP_ossification	NP_mature_chondrocyte	FGF2	FGFR1	0.80643415	0.29	0.6224515	0.05620126324971833	0.14123473880371695	0.019880738	0.73783934	0.8421246415594643	0.8895422475619255	degenerated	True	pain_ligand:FGF2
Pericyte_SMC	AF_outer	ANGPT1	ITGA5	0.48223358	0.0	0.22695407	0.534087812313628	0.41019868141647364	0.03076319	0.62955534	0.022358887538781447	0.8903212021431928	degenerated	True	pain_ligand:ANGPT1
NP_fibrocartilaginous	Macrophage	RARRES1	NRP2	0.49639627	0.0	0.17726395	0.199539704773514	0.3511858517859414	0.054567926	0.6003098	0.061154159362722324	0.8907659270027538	degenerated	True	pain_receptor:NRP2
NP_mature_chondrocyte	AF_inner	SEMA3A	NRP2	0.48155272	0.77	0.22883596	8.426313423938459e-05	0.0707715146247832	0.014248775	0.6305178	1.0	0.8929922511748325	degenerated	True	pain_ligand:SEMA3A; pain_receptor:NRP2
EP_hyaline	Macrophage	NGF	KIDINS220	0.30295107	0.23	0.071786225	0.024957252629883096	0.005278680196241614	0.013485386	0.48869756	0.7837094994282893	0.8937353457609573	degenerated	True	pain_ligand:NGF
EP_ossification	Macrophage	VEGFB	ADRB2	0.4810741	0.2	0.18317515	0.09262444550963322	0.1512555983421714	0.023612283	0.60423857	0.7481624991200764	0.8944784464430745	degenerated	True	pain_ligand:VEGFB
NP_mature_chondrocyte	unassigned	FGF2	CD44	0.80409527	1.0	0.6097038	-0.09369084443360126	0.4533785983992735	0.011217412	0.73583317	1.0	0.8952328957229294	degenerated	True	pain_ligand:FGF2
EP_hyaline	Macrophage	ANGPT1	ITGB1	0.72273546	0.92	0.17655636	-0.02867533559996351	-0.0843536571425344	0.0069914875	0.59982985	1.0	0.895371050442986	degenerated	True	pain_ligand:ANGPT1
Macrophage	AF_outer	PDGFA	PDGFRA	0.5382099	0.0	0.17645484	0.2801083410463747	0.37211362865718917	0.02109381	0.59976083	0.022358887538781447	0.8959665294498405	degenerated	True	pain_ligand:PDGFA
unassigned	EP_hyaline	VEGFA	ITGAV	0.48088402	1.0	0.22083516	-0.199977270270899	0.07478818632050316	0.0070271655	0.6263628	1.0	0.8962642480677798	degenerated	True	pain_ligand:VEGFA
T_cell	Macrophage	TNFSF13B	TFRC	0.2852854	0.85	0.07192247	0.08795820991440167	-0.0059041946854319904	0.0128057	0.48893443	1.0	0.8966292873188426	degenerated	True	pain_ligand:TNF
NP_fibrocartilaginous	T_cell	FGF2	CD44	0.80327487	1.0	0.58193606	-0.12484706048155222	-0.008919120095226107	0.010706536	0.73127806	1.0	0.8973886215789557	degenerated	True	pain_ligand:FGF2
unassigned	AF_inner	VEGFA	ITGB1	0.8031212	1.0	0.5965214	-0.31128807645307927	-0.172931804573079	0.00571288	0.7337033	1.0	0.8983129465289672	degenerated	True	pain_ligand:VEGFA
NP_fibrocartilaginous	NP_fibrocartilaginous	FGF2	FGFR1	0.71080285	1.0	0.47991145	-0.05131713922737474	-0.17309800243453466	0.015328093	0.71192193	1.0	0.8987979999547362	degenerated	True	pain_ligand:FGF2
Macrophage	Macrophage	ADAM10	IL6R	0.48035547	0.0	0.21720803	0.35074339515612873	0.37451850277103027	0.016188024	0.62442285	0.09451074358613572	0.8995442277915338	degenerated	True	pain_receptor:IL6R
Pericyte_SMC	EP_hyaline	VEGFA	GPC1	0.48033515	0.93	0.23064059	-0.03694106088905649	-0.27023826416326924	0.013181136	0.6314323	1.0	0.8996934748366922	degenerated	True	pain_ligand:VEGFA
T_cell	T_cell	ADAM10	IL6R	0.4802457	0.0	0.23062561	0.3393824947621281	0.5910412882427363	0.017188005	0.6314248	0.0676845959370659	0.9001413150190809	degenerated	True	pain_receptor:IL6R
AF_outer	EP_hyaline	ADAM10	IL6R	0.2913421	0.01	0.07210231	0.055705934640920204	-0.20172355486406446	0.0053736223	0.48924646	1.0	0.9003086502810699	degenerated	True	pain_receptor:IL6R
NP_mature_chondrocyte	AF_outer	GRN	TNFRSF1A	0.6975604	1.0	0.480594	-0.021134588679506003	-0.3415842252525759	0.007984716	0.71206766	1.0	0.9004399576888962	degenerated	True	pain_receptor:TNFRSF1A
Macrophage	Macrophage	PDGFC	FLT1	0.5572815	0.0	0.17546985	0.6140821860272873	0.6732345481564468	0.04071297	0.5990887	0.016317469810419892	0.9023832269179369	degenerated	True	pain_receptor:FLT1
NP_fibrocartilaginous	Pericyte_SMC	ADAM10	IL6R	0.28018767	0.27	0.07221039	0.03515803685020808	-0.15714528573780479	0.0053816773	0.4894336	1.0	0.9026716877581105	degenerated	True	pain_receptor:IL6R
EP_ossification	Pericyte_SMC	NGF	MAGED1	0.27176577	0.98	0.07227926	-0.1086800783221557	-0.1217270573130495	0.014281451	0.48955274	1.0	0.9029341379836697	degenerated	True	pain_ligand:NGF
EP_ossification	AF_inner	SEMA3E	NRP2	0.47962576	0.23	0.226767	0.09071829397253546	0.12825705064076237	0.029604563	0.6294592	0.7837094994282893	0.9029818105667499	degenerated	True	pain_receptor:NRP2
EP_hyaline	NP_mature_chondrocyte	ADAM17	IL6R	0.27081555	0.0	0.07231935	0.05469705436020521	-0.19344188215910568	0.006945363	0.48962197	1.0	0.9039837199403074	degenerated	True	pain_receptor:IL6R
NP_fibrocartilaginous	NP_mature_chondrocyte	ADAM17	IL6R	0.27089816	0.0	0.0723588	0.054847874677796296	-0.18434239756630466	0.0069491514	0.48969015	1.0	0.9045083795640539	degenerated	True	pain_receptor:IL6R
NP_mature_chondrocyte	EP_ossification	NGF	KIDINS220	0.4791902	0.0	0.19021489	0.3108807559786423	0.48837277400334816	0.035732783	0.60873866	0.022358887538781447	0.905528201163692	degenerated	True	pain_ligand:NGF
AF_inner	AF_outer	FGF2	SDC1	0.40177366	0.07	0.07244865	0.07771458228105169	0.0007004768174607157	0.030526545	0.4898452	0.5691921959822556	0.906343998760337	degenerated	True	pain_ligand:FGF2
NP_mature_chondrocyte	AF_inner	IL11	IL6R	0.27160743	0.0	0.07247577	0.12274697957612658	0.2191113945568292	0.02309911	0.4898919	0.179037131291644	0.9066061425323871	degenerated	True	pain_receptor:IL6R
AF_outer	unassigned	VEGFA	CD44	0.47885987	1.0	0.21155609	-0.5116961055485919	-0.6047083615679609	0.0023903889	0.6213262	1.0	0.9068782120481942	degenerated	True	pain_ligand:VEGFA
NP_fibrocartilaginous	AF_outer	FGF2	SDC2	0.71434164	1.0	0.4838158	-0.12202849598062956	-0.31609565834630005	0.015066677	0.7127521	1.0	0.9082295640462967	degenerated	True	pain_ligand:FGF2
EP_ossification	B_cell	ANGPT1	ITGB1	0.4784783	1.0	0.20248394	-0.1288990096244868	-0.17639551534768716	0.0080181975	0.6161566	1.0	0.9086802322044698	degenerated	True	pain_ligand:ANGPT1
EP_hyaline	AF_inner	PDGFC	FLT1	0.2816947	0.0	0.072598316	0.064834486460419	0.044290954570338825	0.016844451	0.49010307	0.3756735967894655	0.9089644518695701	degenerated	True	pain_receptor:FLT1
Pericyte_SMC	NP_mature_chondrocyte	VEGFA	CD44	0.8001743	1.0	0.5436671	-0.19564649184326746	-0.5079181085951858	0.006142936	0.72454196	1.0	0.9091138492678813	degenerated	True	pain_ligand:VEGFA
NP_mature_chondrocyte	Macrophage	FGF2	FGFR1	0.800094	0.13	0.6017325	0.04885998236408717	0.3207496951169453	0.019218989	0.73455215	0.6656445032144811	0.9092683548514942	degenerated	True	pain_ligand:FGF2
NP_mature_chondrocyte	Macrophage	FGF2	SDC2	0.7413745	0.99	0.4847515	-0.07536249388839561	0.1566455966251028	0.015095818	0.7129499	1.0	0.9097326130837503	degenerated	True	pain_ligand:FGF2
EP_hyaline	T_cell	ANGPT1	ITGA5	0.33761668	0.0	0.0728083	0.11531433287505855	0.23121717377213147	0.009869028	0.4904639	0.7609907215955494	0.911320989375034	degenerated	True	pain_ligand:ANGPT1
Macrophage	EP_ossification	ADAM17	IL6R	0.4779492	0.01	0.22435702	0.37842631402107807	0.3312085812945759	0.021546664	0.62821233	0.28119133712685673	0.9118398118283881	degenerated	True	pain_receptor:IL6R
Pericyte_SMC	EP_hyaline	ANGPT1	ITGA5	0.47779787	0.0	0.22201234	0.5278772483454157	0.44293808175701677	0.030093348	0.6269847	0.022358887538781447	0.9122916733802751	degenerated	True	pain_ligand:ANGPT1
T_cell	EP_hyaline	VEGFA	GPC1	0.4775896	1.0	0.22805251	-0.03960837710333817	-0.05315926561552786	0.013033227	0.6301182	1.0	0.9128946303203761	degenerated	True	pain_ligand:VEGFA
Pericyte_SMC	Pericyte_SMC	GRN	TNFRSF1A	0.47739372	1.0	0.22762093	-0.27599611410572145	-0.4767580762665229	0.0037817545	0.6298975	1.0	0.9137994423500098	degenerated	True	pain_receptor:TNFRSF1A
AF_outer	EP_hyaline	FGF2	FGFR2	0.3320952	1.0	0.07294977	-0.06218821382961284	-0.18279455007657974	0.015219363	0.49070647	1.0	0.9149831941631333	degenerated	True	pain_ligand:FGF2
EP_hyaline	B_cell	FGF2	CD44	0.7982233	0.99	0.63427335	-0.11666649477798757	-0.047445076438783595	0.011669445	0.739655	1.0	0.9154552454615079	degenerated	True	pain_ligand:FGF2
EP_hyaline	unassigned	NGF	KIDINS220	0.30663753	0.02	0.07297735	0.03005230382048535	0.40775869985258967	0.013709145	0.49075368	0.5503849491085879	0.9160287515542115	degenerated	True	pain_ligand:NGF
AF_inner	NP_mature_chondrocyte	FGF2	FGFRL1	0.69837093	0.0	0.48771912	0.11131541379449944	0.1932334164382007	0.028729971	0.713574	0.20996991938132953	0.9160637227813853	degenerated	True	pain_ligand:FGF2
AF_outer	EP_hyaline	FGF2	FGFR1	0.727174	0.99	0.4880387	-0.032886746549692335	-0.16670850147952077	0.015587675	0.7136409	1.0	0.9168194755457474	degenerated	True	pain_ligand:FGF2
EP_hyaline	AF_outer	PDGFA	PDGFRA	0.53652126	0.0	0.17350067	0.27644949896515125	0.43652267146357404	0.020740662	0.5977327	0.022358887538781447	0.9180293981991952	degenerated	True	pain_ligand:PDGFA
T_cell	NP_mature_chondrocyte	VEGFA	CD44	0.7974287	1.0	0.5375665	-0.19831380805754914	-0.29083911004744445	0.0060740053	0.7234145	1.0	0.9180879547569891	degenerated	True	pain_ligand:VEGFA
EP_hyaline	Macrophage	FGF2	CD44	0.7971623	1.0	0.63269347	-0.1177139776082462	-0.020873992617396753	0.011640378	0.7394148	1.0	0.918707668511299	degenerated	True	pain_ligand:FGF2
EP_ossification	EP_hyaline	NGF	MAGED1	0.48946285	0.04	0.17331232	0.15794136291961075	0.2475611786897398	0.034244284	0.5976021	0.5127802429974624	0.9189375993662716	degenerated	True	pain_ligand:NGF
Pericyte_SMC	NP_mature_chondrocyte	GRN	TNFRSF1A	0.47596133	1.0	0.22630158	-0.2777428324926716	-0.6215403961647411	0.0037598344	0.62921965	1.0	0.9190889838061795	degenerated	True	pain_receptor:TNFRSF1A
Macrophage	Macrophage	VEGFB	ADRB2	0.27062547	1.0	0.07315301	-0.1543346735121559	-0.23014278227179097	0.0094298255	0.49105412	1.0	0.9196854497312354	degenerated	True	pain_ligand:VEGFB
Pericyte_SMC	AF_outer	VEGFA	GPC1	0.47579896	0.95	0.22620101	-0.04446128646587799	-0.21681682334672892	0.012927414	0.62916774	1.0	0.9201493844124331	degenerated	True	pain_ligand:VEGFA
EP_hyaline	Pericyte_SMC	TNFSF12	TNFRSF12A	0.47577846	1.0	0.18499923	-0.2022650463185643	-0.32050746796044915	0.007932033	0.60542274	1.0	0.9203009019045889	degenerated	True	pain_ligand:TNF
Pericyte_SMC	EP_ossification	SLIT3	ROBO1	0.7618794	0.0	0.49018148	2.2757671026440858	1.4791790093721087	0.20633732	0.7140884	1.9040087436632927e-05	0.9206039867866906	degenerated	True	pain_receptor:ROBO1
Pericyte_SMC	EP_ossification	TNFSF12	TNFRSF12A	0.7963923	0.17	0.6171086	0.29099529015213166	0.3485652471073904	0.026459169	0.7370048	0.24301021312323196	0.9207224275401946	degenerated	True	pain_ligand:TNF
T_cell	Macrophage	GRN	TNFRSF1A	0.70460856	0.81	0.49020457	-0.02648009074261996	0.11849025873480457	0.008144389	0.71409315	1.0	0.9207555541784622	degenerated	True	pain_receptor:TNFRSF1A
NP_mature_chondrocyte	AF_outer	PDGFA	PDGFRB	0.27585828	0.0	0.07325992	0.24383808390002443	0.40265756482225484	0.016843958	0.49123663	0.07638449434046318	0.9209903759774126	degenerated	True	pain_ligand:PDGFA
EP_hyaline	NP_mature_chondrocyte	SEMA3A	NRP2	0.7961538	0.0	0.6242287	0.4127849320183269	0.7027442671966928	0.038868435	0.7381151	0.022358887538781447	0.9216526391770605	degenerated	True	pain_ligand:SEMA3A; pain_receptor:NRP2
unassigned	NP_fibrocartilaginous	VEGFA	SIRPA	0.4755637	1.0	0.2146324	-0.0701687305838978	0.21747351481215887	0.010688493	0.62302303	1.0	0.9216655521407284	degenerated	True	pain_ligand:VEGFA
AF_inner	NP_mature_chondrocyte	SEMA3E	NRP2	0.543852	0.0	0.17296322	0.09691449766284777	0.29196306890038776	0.022580449	0.5973596	0.2521169405226387	0.9224243823569314	degenerated	True	pain_receptor:NRP2
EP_ossification	Macrophage	PDGFC	FLT1	0.7279846	0.0	0.491213	0.8858631177261119	1.099459657982757	0.11397252	0.7143029	0.00108480144195062	0.9225761494829285	degenerated	True	pain_receptor:FLT1
B_cell	AF_inner	VEGFA	NRP2	0.4753745	1.0	0.22220248	-0.27400063250962614	-0.4853792934690674	0.0066200728	0.6270848	1.0	0.9231833844559225	degenerated	True	pain_ligand:VEGFA; pain_receptor:NRP2
EP_ossification	AF_inner	FGF2	FGFR1	0.704029	0.8	0.49148607	-0.05898767922279918	-0.12583518256020887	0.015697781	0.71435964	1.0	0.9231833844559225	degenerated	True	pain_ligand:FGF2
EP_hyaline	EP_ossification	VEGFA	EGFR	0.79537594	0.0	0.6322918	0.5849506260921945	0.5698223884053673	0.04059637	0.73935366	0.022358887538781447	0.9232036774546559	degenerated	True	pain_ligand:VEGFA
NP_mature_chondrocyte	NP_mature_chondrocyte	IL11	IL6R	0.27322122	0.0	0.07346854	0.12511242478045226	0.15561952109662053	0.02341552	0.491592	0.17283631743289918	0.9246412661152493	degenerated	True	pain_receptor:IL6R
unassigned	AF_outer	VEGFA	SIRPA	0.47503924	1.0	0.21402097	-0.0710205113597864	0.20142497800834824	0.010658045	0.622688	1.0	0.9251592279275701	degenerated	True	pain_ligand:VEGFA
NP_mature_chondrocyte	Pericyte_SMC	FGF2	FGFR1	0.7945702	0.31	0.59072787	0.04264652854061124	0.2468925828528814	0.018867508	0.73274875	0.8644877852626199	0.9253760682615773	degenerated	True	pain_ligand:FGF2
T_cell	AF_inner	TNFSF13B	HLA-DPB1	0.28954762	0.0	0.073525034	0.3331540308044577	0.3031683814195062	0.019628655	0.49168804	0.03440742408640075	0.925683591965727	degenerated	True	pain_ligand:TNF
NP_mature_chondrocyte	EP_ossification	FGF2	SDC4	0.74538434	0.19	0.49274	0.07947820837918695	0.2987325652376934	0.02392938	0.7146195	0.7361735343518007	0.9260721245866733	degenerated	True	pain_ligand:FGF2
Macrophage	NP_mature_chondrocyte	TNFSF10	TNFRSF10B	0.47473887	0.0	0.1995329	0.4663784426896723	0.5326771540861446	0.043900825	0.6144189	0.022358887538781447	0.9274424726307751	degenerated	True	pain_ligand:TNF
T_cell	unassigned	ADAM10	IL6R	0.7558523	0.0	0.49357346	0.743338719652868	1.6178242436521924	0.036784913	0.7147918	0.01645412315679819	0.9283568704133942	degenerated	True	pain_receptor:IL6R
EP_ossification	AF_outer	FGF2	FGFR1	0.7937386	0.37	0.6062152	0.04192026236334764	0.05504218919829651	0.01936216	0.73527515	0.9267549035174565	0.9284817638163602	degenerated	True	pain_ligand:FGF2
Macrophage	NP_fibrocartilaginous	CXCL2	DPP4	0.7570038	0.0	0.4938984	0.9931531973484702	1.3592843852909422	0.14514369	0.7148589	0.0005252943896187598	0.9289666390275371	degenerated	True	pain_ligand:CXCL2
NP_fibrocartilaginous	NP_fibrocartilaginous	SEMA3C	NRP2_PLXNA3	0.36934942	0.0	0.07379759	0.10817398356845015	0.12570540183764436	0.017270274	0.49215043	0.21814169919779766	0.929589205600894	degenerated	True	pain_receptor:NRP2
NP_mature_chondrocyte	T_cell	NGF	SORT1	0.27181655	0.0	0.07380577	0.16815028386939415	0.39852071805906586	0.03025311	0.49216428	0.09573033699935143	0.9298494053906676	degenerated	True	pain_ligand:NGF
Macrophage	NP_fibrocartilaginous	VEGFA	ITGAV	0.4741568	1.0	0.21641517	-0.1720436766469819	-0.38189456306357905	0.006886517	0.623994	1.0	0.9300346222046425	degenerated	True	pain_ligand:VEGFA
Macrophage	EP_hyaline	ADAM17	IL6R	0.29619473	0.02	0.07383277	0.112028881609491	-0.11780598787772728	0.0070907073	0.49220997	1.0	0.9303697395669418	degenerated	True	pain_receptor:IL6R
AF_outer	NP_fibrocartilaginous	FGF2	SDC1	0.33308798	1.0	0.07399282	0.045167524292811165	-0.0967822006212657	0.031177187	0.4924806	1.0	0.9316701935311575	degenerated	True	pain_ligand:FGF2
Pericyte_SMC	NP_fibrocartilaginous	SLIT3	ROBO1	0.6120131	0.0	0.17176245	1.901205196996538	1.0840824974636485	0.0723018	0.59652156	0.0005526354711938215	0.9318671785549292	degenerated	True	pain_receptor:ROBO1
T_cell	AF_inner	VEGFA	ITGB1	0.7535835	1.0	0.49513668	-0.3594148488474082	-0.5607190227749225	0.004741919	0.715114	1.0	0.9323258780623642	degenerated	True	pain_ligand:VEGFA
unassigned	Macrophage	VEGFA	CD44	0.7163836	1.0	0.4953967	-0.27908533812720504	0.13500724482990134	0.0055975253	0.7151675	1.0	0.9327844818664996	degenerated	True	pain_ligand:VEGFA
Pericyte_SMC	Macrophage	PGF	NRP2	0.7920864	0.0	0.6263293	1.4079073934024295	0.9901263206383721	0.097852334	0.7384396	0.0011317420356568757	0.9343897008318174	degenerated	True	pain_receptor:NRP2
NP_fibrocartilaginous	NP_fibrocartilaginous	SEMA3C	NRP2_PLXNA1	0.36973682	0.0	0.07427765	0.17268435989684472	0.20777012871984135	0.025138842	0.49296075	0.09287929894231674	0.9347890601724641	degenerated	True	pain_receptor:NRP2
NP_mature_chondrocyte	unassigned	ADAM10	IL6R	0.600142	0.0	0.17135593	0.48596387694572313	0.9953551578500575	0.01277077	0.5962364	0.2600098472956938	0.9353865710219975	degenerated	True	pain_receptor:IL6R
EP_hyaline	AF_inner	FGF2	FGFRL1	0.7915988	0.0	0.6244095	0.22831908126367845	0.2593897739019365	0.03678197	0.7381431	0.056526975827502886	0.9357902479175546	degenerated	True	pain_ligand:FGF2
B_cell	Macrophage	VEGFA	ITGAV	0.4731369	1.0	0.22035018	-0.17920695407247875	-0.272231493419423	0.007011733	0.6261055	1.0	0.9359996603892409	degenerated	True	pain_ligand:VEGFA
unassigned	B_cell	VEGFA	CD44	0.71744466	1.0	0.49663377	-0.27803785529694636	0.1084361610085145	0.005611503	0.7154215	1.0	0.9363061820961152	degenerated	True	pain_ligand:VEGFA
EP_ossification	AF_outer	NGF	MAGED1	0.48500007	0.04	0.17124113	0.15247587912761618	0.23179776603781743	0.033835042	0.59615564	0.5127802429974624	0.9363061820961152	degenerated	True	pain_ligand:NGF
AF_outer	EP_ossification	ADAM10	IL6R	0.47309658	0.01	0.21909863	0.32210336705250725	0.24729101430823874	0.016328925	0.6254385	0.38818642579131674	0.9364594680413331	degenerated	True	pain_receptor:IL6R
T_cell	AF_outer	VEGFA	GPC1	0.4730534	1.0	0.22366276	-0.04712860268015967	0.00026217520101246006	0.012782352	0.62785035	1.0	0.9367660901198946	degenerated	True	pain_ligand:VEGFA
EP_ossification	EP_ossification	FGF2	FGFRL1	0.47301874	0.89	0.19604823	-0.17554319543716837	-0.25560116933200755	0.011548574	0.6123299	1.0	0.9372263957072187	degenerated	True	pain_ligand:FGF2
EP_hyaline	unassigned	VEGFA	CD44	0.7128309	1.0	0.49797943	-0.28438921625448715	-0.0161712388091082	0.0056267083	0.7156968	1.0	0.9387612597293666	degenerated	True	pain_ligand:VEGFA
AF_outer	AF_outer	FGF2	FGFR1	0.73667705	0.95	0.49802306	-0.02219723492861339	-0.1337055300305271	0.015906569	0.71570575	1.0	0.9389148135031824	degenerated	True	pain_ligand:FGF2
EP_ossification	Macrophage	ANGPT2	TIE1	0.47278878	0.0	0.20700277	3.1799960546455015	1.244372563377783	0.29316047	0.61876327	9.498679787455028e-06	0.9390683840206777	degenerated	True	pain_ligand:ANGPT2
NP_fibrocartilaginous	Pericyte_SMC	FGF2	SDC2	0.79026353	0.7	0.5675806	-0.04305535832572489	-0.184435286174236	0.017675225	0.72881675	1.0	0.9393718596898364	degenerated	True	pain_ligand:FGF2
Pericyte_SMC	AF_inner	ANGPT1	ITGB1	0.7901713	0.28	0.57001793	0.345999638301704	0.11498208823381484	0.02257224	0.72924	0.8308983934449269	0.939839299230508	degenerated	True	pain_ligand:ANGPT1
AF_outer	T_cell	FGF2	CD44	0.7901114	1.0	0.5541639	-0.1396378692073707	-0.05047854083350678	0.010195579	0.7264463	1.0	0.940462598025767	degenerated	True	pain_ligand:FGF2
NP_mature_chondrocyte	NP_fibrocartilaginous	NGF	MAGED1	0.47251797	0.0	0.18646944	0.15829889747387138	0.2949977708629871	0.036843963	0.6063678	0.10985915755544941	0.9406055054563158	degenerated	True	pain_ligand:NGF
T_cell	AF_inner	TNFSF13B	CD40	0.29269758	0.0	0.074709386	0.49096302189745655	0.44124937274950515	0.046607476	0.4936851	0.022358887538781447	0.9410173843275125	degenerated	True	pain_ligand:TNF
EP_ossification	AF_inner	VEGFA	ITGAV	0.29357716	1.0	0.07471026	-0.3779174392516597	-0.8604015504709528	0.0023773448	0.49368653	1.0	0.9412766257199365	degenerated	True	pain_ligand:VEGFA
unassigned	Macrophage	GRN	TNFRSF1A	0.712046	0.76	0.49950787	-0.018678318717064126	0.36905539694080003	0.008298956	0.71600854	1.0	0.9415282856671348	degenerated	True	pain_receptor:TNFRSF1A
T_cell	NP_fibrocartilaginous	CXCL2	DPP4	0.47211087	0.0	0.22287609	0.5474608175914051	1.0203778588257548	0.0654974	0.6274386	0.015878418475078218	0.9424519171118284	degenerated	True	pain_ligand:CXCL2
Pericyte_SMC	T_cell	VEGFA	ITGB1	0.47196275	1.0	0.2224465	-0.6283406771700248	-0.9847899092245856	0.0021303683	0.6272131	1.0	0.9436842823585998	degenerated	True	pain_ligand:VEGFA
AF_outer	NP_mature_chondrocyte	PDGFC	FLT1	0.2774233	0.0	0.07490555	0.07681056307062618	0.15546057128498403	0.017379781	0.4940128	0.3235566946323534	0.9441268449978832	degenerated	True	pain_receptor:FLT1
AF_inner	EP_hyaline	FGF2	SDC2	0.70745474	1.0	0.5004375	-0.12299943413172482	-0.2573486168802238	0.015584299	0.71619755	1.0	0.9443009917558189	degenerated	True	pain_ligand:FGF2
Macrophage	AF_outer	TNFSF10	TNFRSF11B	0.7115202	0.0	0.5004819	0.355998970371607	0.3995763705893037	0.049644437	0.71620655	0.022358887538781447	0.9444551490122362	degenerated	True	pain_ligand:TNF
T_cell	AF_inner	TNFSF13B	TFRC	0.29322538	0.86	0.07490784	0.09733734074101888	-0.07120959578310446	0.01333724	0.49401662	1.0	0.944644783884083	degenerated	True	pain_ligand:TNF
Pericyte_SMC	AF_inner	VEGFA	ITGB1	0.75632906	1.0	0.5007558	-0.35674753263312653	-0.7777980213226638	0.0047957334	0.7162621	1.0	0.9456892595660329	degenerated	True	pain_ligand:VEGFA
AF_inner	AF_outer	FGF2	SDC2	0.78854495	0.95	0.61397314	-0.03864914130523806	-0.18764158051475455	0.019119954	0.7365108	1.0	0.9462328212793564	degenerated	True	pain_ligand:FGF2
EP_hyaline	Pericyte_SMC	GRN	TNFRSF1A	0.7877834	0.1	0.5344355	0.04959411623628689	0.010422950312345414	0.008879254	0.7228297	1.0	0.9479499755070911	degenerated	True	pain_receptor:TNFRSF1A
T_cell	NP_fibrocartilaginous	CXCL8	SDC1	0.67327476	0.0	0.16982459	0.4758214137977175	0.47000399033284207	0.048006415	0.59515536	0.022358887538781447	0.9483152819634622	degenerated	True	pain_ligand:CXCL8
unassigned	AF_outer	GRN	TNFRSF1A	0.7868278	0.0	0.618958	0.07250404715458034	0.40325191326466425	0.010283533	0.7372947	0.6706167092621268	0.9501364233149237	degenerated	True	pain_receptor:TNFRSF1A
EP_hyaline	Macrophage	VEGFA	NRP2	0.78646076	0.11	0.6177856	0.05008553998182658	0.103542601396584	0.018405668	0.73711103	0.6369496915651633	0.9513864001172376	degenerated	True	pain_ligand:VEGFA; pain_receptor:NRP2
EP_hyaline	NP_mature_chondrocyte	GRN	TNFRSF1A	0.786351	0.0	0.5313378	0.047847397849336754	-0.1343593695858728	0.008827787	0.722247	1.0	0.9518552742719724	degenerated	True	pain_receptor:TNFRSF1A
Pericyte_SMC	NP_fibrocartilaginous	VEGFA	GPC1	0.47017792	0.96	0.22069971	-0.0537802388554222	-0.23751727535163691	0.012613014	0.626291	1.0	0.9518759406733118	degenerated	True	pain_ligand:VEGFA
NP_mature_chondrocyte	EP_hyaline	TNFSF10	TNFRSF10D	0.27478266	0.0	0.07544275	0.06310406791064382	0.09481289314018154	0.016453972	0.49490598	0.38336960506992857	0.9529199793948535	degenerated	True	pain_ligand:TNF
NP_fibrocartilaginous	AF_inner	VEGFA	NRP2	0.46977687	1.0	0.21619241	-0.27943880074655064	-0.6446678765192816	0.0064410144	0.6238732	1.0	0.9531165058359683	degenerated	True	pain_ligand:VEGFA; pain_receptor:NRP2
Pericyte_SMC	AF_inner	TNFSF12	TNFRSF12A	0.78613037	0.03	0.6034498	0.28105059255629333	0.3120900603491737	0.025873536	0.73482996	0.32378988656536284	0.9534184189859265	degenerated	True	pain_ligand:TNF
EP_hyaline	NP_mature_chondrocyte	ANGPT1	ITGB1	0.69560677	1.0	0.1692481	-0.054585191374029826	-0.2829438024792955	0.006702086	0.59474564	1.0	0.9537370674760406	degenerated	True	pain_ligand:ANGPT1
T_cell	EP_hyaline	GRN	TNFRSF1A	0.71396387	0.8	0.5048697	-0.015073029162891355	0.056520827645016536	0.00838804	0.7170928	1.0	0.9537370674760406	degenerated	True	pain_receptor:TNFRSF1A
Macrophage	NP_fibrocartilaginous	CXCL8	SDC1	0.67099726	0.0	0.16918302	0.4737900924364534	0.47635022973524727	0.047825053	0.5946993	0.022358887538781447	0.9540476992123552	degenerated	True	pain_ligand:CXCL8
B_cell	AF_outer	VEGFA	ITGAV	0.4696842	1.0	0.21749201	-0.18383375067922697	-0.37842082024216805	0.0069207833	0.62457603	1.0	0.9540476992123552	degenerated	True	pain_ligand:VEGFA
EP_ossification	NP_fibrocartilaginous	FGF2	SDC2	0.71465784	0.96	0.5050792	-0.11803598057332755	-0.23339340700981337	0.01572885	0.7171349	1.0	0.9543581484035387	degenerated	True	pain_ligand:FGF2
EP_hyaline	NP_fibrocartilaginous	NGF	KIDINS220	0.31471986	0.0	0.075588815	0.04122292461655325	-0.02562498621012904	0.014199723	0.49514768	0.5983119091270342	0.9544691015587334	degenerated	True	pain_ligand:NGF
NP_fibrocartilaginous	Macrophage	ANGPT1	ITGA5	0.48063812	0.0	0.16901894	0.36521123681926415	0.46571168364385007	0.022910194	0.5945823	0.022358887538781447	0.955445501098521	degenerated	True	pain_ligand:ANGPT1
B_cell	Pericyte_SMC	CXCL8	SDC2	0.78553677	0.17	0.5578542	0.07695476493393222	-0.4133945726684274	0.0116549255	0.72710526	1.0	0.9559208231103704	degenerated	True	pain_ligand:CXCL8
EP_ossification	NP_mature_chondrocyte	NGF	MAGED1	0.48006433	0.04	0.16895047	0.14643119107096422	0.36873535757241205	0.033382438	0.5945335	0.5127802429974624	0.9560670731364858	degenerated	True	pain_ligand:NGF
T_cell	T_cell	VEGFA	ITGB1	0.46921718	1.0	0.2199504	-0.6310079933843065	-0.7677109106768443	0.0021064628	0.6258929	1.0	0.9570001870097267	degenerated	True	pain_ligand:VEGFA
AF_inner	NP_fibrocartilaginous	FGF2	SDC4	0.7117684	0.03	0.5064771	0.04637807855271818	-0.02327684644938499	0.02459651	0.7174151	0.5899502331851827	0.9576224330667118	degenerated	True	pain_ligand:FGF2
AF_inner	NP_fibrocartilaginous	FGF2	FGFR1	0.78500617	0.03	0.60901845	0.032062215448016754	-0.04464392460298916	0.019451696	0.7357239	0.6684465558414749	0.9581117687711664	degenerated	True	pain_ligand:FGF2
NP_fibrocartilaginous	AF_inner	PIGF	FLT1	0.28966346	0.0	0.07577809	0.17319113458564991	0.2005096739129083	0.020223679	0.4954603	0.09890481089268034	0.9588540364686551	degenerated	True	pain_receptor:FLT1
EP_ossification	Pericyte_SMC	VEGFA	ITGAV	0.5455531	0.88	0.16866958	-0.04023897629074252	-0.3716851127667046	0.0053672115	0.59433293	1.0	0.9590239743524326	degenerated	True	pain_ligand:VEGFA
NP_mature_chondrocyte	NP_mature_chondrocyte	NGF	SORT1	0.2753875	0.0	0.07581032	0.17441024669065536	0.3276416811648668	0.031074777	0.49551344	0.08746974615171083	0.9593694987943193	degenerated	True	pain_ligand:NGF
Macrophage	NP_fibrocartilaginous	TNFSF10	TNFRSF11B	0.7169934	0.0	0.5074383	0.3611280305594943	0.28688446279054086	0.05033447	0.71760726	0.041913544328882925	0.9599587599006104	degenerated	True	pain_ligand:TNF
EP_ossification	EP_hyaline	FGF2	FGFR1	0.78423554	0.37	0.5940618	0.031230750742268703	0.022039217749302842	0.01897399	0.7332995	0.9267549035174565	0.9599906143803152	degenerated	True	pain_ligand:FGF2
AF_inner	Macrophage	FGF2	SDC4	0.4700812	1.0	0.1680871	-0.23506696090764254	-0.40913394736871633	0.008162966	0.5939159	1.0	0.9627675151465476	degenerated	True	pain_ligand:FGF2
EP_ossification	EP_hyaline	SEMA3C	NRP2_PLXNA3	0.6065035	0.0	0.16799656	0.4438723285325846	0.5972916971590716	0.039314922	0.5938509	0.022358887538781447	0.9635484864198353	degenerated	True	pain_receptor:NRP2
NP_fibrocartilaginous	Macrophage	VEGFA	ITGAV	0.4675393	1.0	0.2143902	-0.18464512230940328	-0.4315200764696372	0.0068220813	0.6228905	1.0	0.9665207852036024	degenerated	True	pain_ligand:VEGFA
T_cell	T_cell	VEGFA	CD44	0.7693787	1.0	0.510422	-0.2260016886754281	-0.02553327877410394	0.0057672975	0.7182009	1.0	0.9665207852036024	degenerated	True	pain_ligand:VEGFA
T_cell	NP_fibrocartilaginous	VEGFA	GPC1	0.46743238	1.0	0.21822318	-0.05644755506970388	-0.02043827680389554	0.01247148	0.6249695	1.0	0.9674604351930938	degenerated	True	pain_ligand:VEGFA
B_cell	NP_fibrocartilaginous	CXCL8	SDC1	0.34152472	0.08	0.07636948	0.17996845627828675	-0.2841820663771764	0.021588305	0.496432	1.0	0.9686329868036645	degenerated	True	pain_ligand:CXCL8
AF_outer	NP_mature_chondrocyte	FGF2	FGFR1	0.7493726	0.78	0.51136166	-0.007916234042242704	-0.047512980425106655	0.016332597	0.718387	1.0	0.9688713042910552	degenerated	True	pain_ligand:FGF2
AF_outer	Macrophage	SEMA3C	NRP2_PLXNA2	0.4669491	0.0	0.16925699	0.5279976800252847	0.575344429330908	0.06801904	0.59475195	0.022358887538781447	0.9699696508982917	degenerated	True	pain_receptor:NRP2
EP_ossification	EP_hyaline	FGF2	FGFRL1	0.7198622	0.07	0.5117351	0.14439772373953483	0.23904318562641613	0.030144675	0.71846086	0.5691921959822556	0.9702837971501149	degenerated	True	pain_ligand:FGF2
NP_fibrocartilaginous	EP_hyaline	FGF2	FGFR2	0.34525865	1.0	0.07660568	-0.047397405103794366	-0.14123512933829907	0.015982088	0.49681792	1.0	0.9727410776666476	degenerated	True	pain_ligand:FGF2
NP_fibrocartilaginous	EP_hyaline	FGF2	FGFR1	0.74033743	0.91	0.512497	-0.018095937823873857	-0.1251490807412401	0.016368859	0.71861124	1.0	0.9732696705896551	degenerated	True	pain_ligand:FGF2
EP_ossification	NP_mature_chondrocyte	VEGFA	NRP2	0.54037106	0.98	0.16673724	-0.17573657318965416	-0.3894389506316457	0.0049675982	0.5929432	1.0	0.9732696705896551	degenerated	True	pain_ligand:VEGFA; pain_receptor:NRP2
T_cell	AF_outer	GRN	TNFRSF1A	0.77939034	0.0	0.60743	0.0647022751290245	0.1526867750586688	0.010092003	0.7354699	0.7148142981390659	0.9739522993447809	degenerated	True	pain_receptor:TNFRSF1A
unassigned	EP_ossification	VEGFA	ITGAV	0.46587795	1.0	0.2033401	-0.22008703255747536	0.09268530164509015	0.0064704577	0.6166554	1.0	0.9746861805035378	degenerated	True	pain_ligand:VEGFA
EP_ossification	AF_inner	FGF2	FGFR3	0.46562883	0.22	0.18659732	0.19203830201072797	0.16567275585693295	0.051587936	0.60644966	0.7732712861846088	0.9751585711820959	degenerated	True	pain_ligand:FGF2
AF_outer	NP_mature_chondrocyte	VEGFA	ITGAV	0.46561173	1.0	0.20239824	-0.17670774197227648	-0.45340139347643604	0.0064404868	0.6161065	1.0	0.9753163222860091	degenerated	True	pain_ligand:VEGFA
AF_outer	NP_mature_chondrocyte	FGF2	FGFR2	0.33576354	1.0	0.07680389	-0.05311301092572558	-0.13681164114906957	0.01602344	0.49714094	1.0	0.9758185084470821	degenerated	True	pain_ligand:FGF2
Pericyte_SMC	Macrophage	VEGFA	SIRPA	0.46535617	0.94	0.21598065	-0.05619080647044099	-0.22602267093370498	0.010755634	0.62375814	1.0	0.977050168086238	degenerated	True	pain_ligand:VEGFA
EP_ossification	Pericyte_SMC	ANGPT1	ITGA5	0.2796511	0.37	0.07689652	0.1269194466362351	0.11912303868737906	0.010423177	0.49729162	0.9267549035174565	0.9770998515320694	degenerated	True	pain_ligand:ANGPT1
EP_ossification	AF_inner	FGF2	SDC4	0.7219746	0.27	0.51443666	0.05950086784833038	0.058903130195910536	0.024983052	0.71899307	0.8200948322632146	0.9773655872022966	degenerated	True	pain_ligand:FGF2
unassigned	EP_hyaline	GRN	TNFRSF1A	0.72140133	0.75	0.5144513	-0.007271257137335521	0.307085965851012	0.008547231	0.7189959	1.0	0.9775233222136586	degenerated	True	pain_receptor:TNFRSF1A
EP_ossification	NP_mature_chondrocyte	FGF2	SDC4	0.7219946	0.29	0.5144621	0.05952431160417386	0.19484261791529556	0.02498429	0.7189981	0.8421246415594643	0.9776810741951254	degenerated	True	pain_ligand:FGF2
NP_mature_chondrocyte	AF_inner	TNFSF10	TNFRSF10D	0.2774408	0.03	0.07694569	0.0671599683431232	0.08173172355987651	0.016781764	0.4973715	0.4838309971864258	0.9783807053016921	degenerated	True	pain_ligand:TNF
Pericyte_SMC	EP_hyaline	VEGFA	EGFR	0.4650729	0.78	0.21570343	0.0834091245670063	-0.1614791180361902	0.013849263	0.6236074	1.0	0.9795759307146379	degenerated	True	pain_ligand:VEGFA
T_cell	EP_ossification	GRN	TNFRSF1A	0.7207321	0.51	0.51547927	-0.006820304308902153	0.08374077928681123	0.008564309	0.7191976	1.0	0.9795759307146379	degenerated	True	pain_receptor:TNFRSF1A
EP_hyaline	AF_outer	FGF2	SDC1	0.42399058	0.0	0.07704709	0.10267873232507205	0.08753822106158277	0.032464117	0.49753615	0.2700890264318253	0.9799169541807157	degenerated	True	pain_ligand:FGF2
Pericyte_SMC	T_cell	VEGFA	CD44	0.7721243	1.0	0.51621455	-0.22333437246114643	-0.24261227732184532	0.005832748	0.71934146	1.0	0.9808404427209877	degenerated	True	pain_ligand:VEGFA
EP_hyaline	AF_inner	PDGFA	PDGFRA	0.29361838	1.0	0.07713722	-0.03086380606143245	-0.01685151362935955	0.009221157	0.49768224	1.0	0.9811965669060208	degenerated	True	pain_ligand:PDGFA
AF_outer	Pericyte_SMC	FGF2	SDC2	0.7771001	0.78	0.5404935	-0.05784616705154337	-0.22599470691251666	0.016831696	0.7239575	1.0	0.9826037225129218	degenerated	True	pain_ligand:FGF2
NP_fibrocartilaginous	AF_outer	VEGFA	ITGAV	0.4640866	1.0	0.21160933	-0.18927191891615153	-0.5377094032923823	0.0067335917	0.62135583	1.0	0.9832143668061266	degenerated	True	pain_ligand:VEGFA
EP_ossification	AF_inner	ANGPT1	ITGA5	0.2803282	0.3	0.07732419	0.12786741075275104	0.07839996592573667	0.010481147	0.49798486	0.8527189399581856	0.9840098125347047	degenerated	True	pain_ligand:ANGPT1
NP_mature_chondrocyte	AF_outer	FGF2	FGFR2	0.5809411	0.0	0.16513646	0.23560181532554014	0.5019681189208479	0.03445209	0.59177846	0.03545653642746309	0.9849575576232152	degenerated	True	pain_ligand:FGF2
AF_inner	B_cell	FGF2	CD44	0.7760064	1.0	0.5964177	-0.14163064482200793	-0.13428282068290565	0.010972971	0.7336863	1.0	0.9859115775027174	degenerated	True	pain_ligand:FGF2
EP_hyaline	EP_ossification	VEGFA	NRP2	0.7253456	0.61	0.51834273	-0.021297451674170895	-0.04774766878552572	0.015442971	0.7197566	1.0	0.9862266957488834	degenerated	True	pain_ligand:VEGFA; pain_receptor:NRP2
AF_inner	EP_hyaline	FGF2	SDC4	0.72047734	0.01	0.5186706	0.05651981319549729	0.004876385495726443	0.025188671	0.7198204	0.49062299817415334	0.9868618012499024	degenerated	True	pain_ligand:FGF2
EP_hyaline	NP_mature_chondrocyte	FGF2	FGFRL1	0.72058785	0.0	0.51867545	0.1362795638385198	0.28007116068232274	0.030553512	0.7198212	0.15003286083255682	0.9870205563026009	degenerated	True	pain_ligand:FGF2
AF_inner	Macrophage	FGF2	CD44	0.7749454	1.0	0.59493214	-0.14267812765226656	-0.1077117368615188	0.01094564	0.73344254	1.0	0.9887489879900997	degenerated	True	pain_ligand:FGF2
Pericyte_SMC	Macrophage	ADAM17	IL6R	0.28860384	0.15	0.077604204	0.06456282589324555	0.019341097131786666	0.007452906	0.49843672	1.0	0.9888628969463236	degenerated	True	pain_receptor:IL6R
EP_hyaline	NP_mature_chondrocyte	FGF2	SDC4	0.7745167	0.0	0.59897465	0.11854112775744316	0.26294614150042017	0.029088551	0.7341041	0.19036366650531736	0.9893797610731415	degenerated	True	pain_ligand:FGF2
EP_hyaline	AF_inner	FGF2	SDC4	0.7744968	0.0	0.5989449	0.11851768400159968	0.12700665378103515	0.029087108	0.73409915	0.19480806347988497	0.9895374368605769	degenerated	True	pain_ligand:FGF2
T_cell	Macrophage	VEGFA	SIRPA	0.4626106	1.0	0.21355708	-0.058858122684722666	-0.008943672385963608	0.010634943	0.62243307	1.0	0.9903588590318316	degenerated	True	pain_ligand:VEGFA
T_cell	EP_hyaline	VEGFA	EGFR	0.46232736	1.0	0.21328297	0.08074180835272463	0.05559988051155118	0.013693857	0.6222821	1.0	0.9911549351917965	degenerated	True	pain_ligand:VEGFA
NP_fibrocartilaginous	NP_fibrocartilaginous	FGF2	SDC1	0.34625143	1.0	0.07770101	0.05995833301862964	-0.05522277988298503	0.032739647	0.49859256	1.0	0.9914140206288287	degenerated	True	pain_ligand:FGF2
unassigned	NP_mature_chondrocyte	VEGFA	NRP2	0.73861563	0.75	0.5213164	0.016861629815155932	0.5404904097190953	0.015531566	0.72033316	1.0	0.9916326317235243	degenerated	True	pain_ligand:VEGFA; pain_receptor:NRP2
EP_hyaline	B_cell	VEGFA	ITGB1	0.7273531	1.0	0.5216092	-0.3817575630125897	-0.506643531160408	0.004995446	0.72038966	1.0	0.9924293902402058	degenerated	True	pain_ligand:VEGFA
NP_fibrocartilaginous	AF_outer	SEMA3C	NRP2_PLXNA1	0.3725329	0.0	0.07774251	0.1813278034306372	0.21234801085989222	0.026311506	0.4986593	0.0889271908315506	0.9934533655479082	degenerated	True	pain_receptor:NRP2
NP_mature_chondrocyte	AF_inner	SEMA3E	NRP2	0.46145004	0.16	0.20725197	0.05856383948200905	0.19216374777575412	0.027056864	0.6189051	0.700886198960217	0.994183452754356	degenerated	True	pain_receptor:NRP2
NP_fibrocartilaginous	AF_outer	FGF2	FGFR1	0.7498405	0.8	0.52298176	-0.0074064262027949135	-0.09214610929224643	0.016703732	0.72065425	1.0	0.9960995651719984	degenerated	True	pain_ligand:FGF2
EP_hyaline	EP_hyaline	FGF2	FGFRL1	0.77238435	0.0	0.59579957	0.2034145398928041	0.30714670921154075	0.03509665	0.73358506	0.05770139603208977	0.9966401139807319	degenerated	True	pain_ligand:FGF2
Macrophage	EP_hyaline	TNFSF10	TNFRSF10B	0.46070695	0.0	0.18169835	0.44324119887113195	0.47672159189160074	0.039976906	0.6032703	0.022358887538781447	0.998017880433951	degenerated	True	pain_ligand:TNF
NP_mature_chondrocyte	EP_ossification	NGF	SORCS2	0.46026403	0.0	0.17959069	1.041625435926376	1.0313099771486647	0.14068472	0.6018732	0.00081064451049238	0.9994585542839993	degenerated	True	pain_ligand:NGF
AF_inner	NP_mature_chondrocyte	SEMA3A	NRP2	0.53850085	0.0	0.16339222	0.026050421260146006	0.11743478261132817	0.010173835	0.5904952	0.6938829378959468	0.9999389148953395	degenerated	True	pain_ligand:SEMA3A; pain_receptor:NRP2
AF_inner	AF_inner	FGF2	FGFR1	0.73433423	0.79	0.5380719	-0.02493501311355025	-0.1445694032192063	0.017185705	0.7235085	1.0	1.0	degenerated	True	pain_ligand:FGF2
AF_inner	AF_inner	FGF2	FGFR2	0.4511299	0.02	0.14155312	0.1143260811433141	0.049983085688731915	0.029531943	0.5730421	0.4434763784350897	1.0	degenerated	True	pain_ligand:FGF2
AF_inner	AF_inner	FGF2	FGFRL1	0.7693819	0.0	0.5871426	0.20335493121965809	0.17255202965781447	0.034586694	0.7321523	0.1280330745479947	1.0	degenerated	True	pain_ligand:FGF2
AF_inner	AF_inner	FGF2	SDC4	0.7522799	0.0	0.56319785	0.09355353395757932	0.0401689095369131	0.027351087	0.72805	0.38643982150184364	1.0	degenerated	True	pain_ligand:FGF2
NP_fibrocartilaginous	AF_outer	ANGPT1	ITGA5	0.31954238	0.0	0.094382614	0.1396639323743807	0.11536845768937895	0.012793384	0.52288765	0.29802425487293005	1.0	degenerated	True	pain_ligand:ANGPT1
NP_fibrocartilaginous	AF_inner	VEGFA	ITGAV	0.40170985	1.0	0.1613698	-0.2728646029024976	-0.6584977552339142	0.005134926	0.5889885	1.0	1.0	degenerated	True	pain_ligand:VEGFA
NP_fibrocartilaginous	AF_inner	VEGFA	SIRPA	0.33584458	1.0	0.10832054	-0.23830849484480865	-0.599121960746794	0.005394262	0.540035	1.0	1.0	degenerated	True	pain_ligand:VEGFA
NP_fibrocartilaginous	AF_inner	RARRES1	NRP2	0.38514233	0.41	0.12532142	0.06959406514167572	0.10943607909430533	0.03857823	0.55808085	0.9681034706851174	1.0	degenerated	True	pain_receptor:NRP2
NP_fibrocartilaginous	AF_inner	SEMA3A	NRP2	0.44029582	1.0	0.18453896	-0.06184222546965022	-0.14480530982583928	0.011490565	0.6051251	1.0	1.0	degenerated	True	pain_ligand:SEMA3A; pain_receptor:NRP2
NP_fibrocartilaginous	AF_inner	SEMA3E	NRP2	0.34220386	1.0	0.07921894	-0.1523897728117111	-0.28425052816760943	0.010342079	0.50101095	1.0	1.0	degenerated	True	pain_receptor:NRP2
NP_mature_chondrocyte	NP_fibrocartilaginous	NGF	KIDINS220	0.37428027	0.0	0.13132374	0.16588550725736456	0.2878845072988559	0.024669794	0.5638418	0.0989417518553079	1.0	degenerated	True	pain_ligand:NGF
NP_fibrocartilaginous	AF_outer	FGF2	FGFR2	0.35871717	1.0	0.091454476	-0.01410203513668979	-0.11718991792102662	0.019079965	0.5189551	1.0	1.0	degenerated	True	pain_ligand:FGF2
NP_fibrocartilaginous	AF_outer	FGF2	SDC3	0.35269156	1.0	0.0848064	0.03288170879435204	-0.09462833629949804	0.0207542	0.50952923	1.0	1.0	degenerated	True	pain_ligand:FGF2
NP_mature_chondrocyte	NP_fibrocartilaginous	FGF2	SDC1	0.56847537	0.0	0.14030226	0.3096621834808596	0.5639352569588895	0.059116945	0.57195586	0.022358887538781447	1.0	degenerated	True	pain_ligand:FGF2
NP_mature_chondrocyte	NP_fibrocartilaginous	FGF2	SDC3	0.5758649	0.0	0.1550237	0.28554444494567266	0.5584621011375817	0.03793809	0.5841238	0.022358887538781447	1.0	degenerated	True	pain_ligand:FGF2
NP_fibrocartilaginous	AF_inner	FGF2	FGFR2	0.3769266	0.98	0.111545004	0.03094672646792261	-0.07847099214281358	0.023271408	0.54367596	1.0	1.0	degenerated	True	pain_ligand:FGF2
NP_fibrocartilaginous	AF_inner	FGF2	FGFR3	0.42173073	0.01	0.16097748	0.14271161344458538	0.01848445736639001	0.044504907	0.5886938	0.4490439836005068	1.0	degenerated	True	pain_ligand:FGF2
NP_fibrocartilaginous	AF_inner	ADAM10	IL6R	0.29757532	0.0	0.08471306	0.060643112215408426	-0.1297241417957533	0.006313473	0.50939167	1.0	1.0	degenerated	True	pain_receptor:IL6R
Macrophage	unassigned	VEGFA	SIRPA	0.34916803	1.0	0.12081039	-0.21004727793117756	-0.05406560494807261	0.0060162446	0.5535556	1.0	1.0	degenerated	True	pain_ligand:VEGFA
NP_mature_chondrocyte	NP_fibrocartilaginous	TNFSF11	TNFRSF11B	0.50126314	0.97	0.16292278	0.07242672780994769	0.06812748189441975	0.056298446	0.59014726	0.671038061246754	1.0	degenerated	True	pain_ligand:TNF
Macrophage	T_cell	TNFSF10	TNFRSF10B	0.4287505	0.0	0.14108168	0.39054777514742467	0.57969773671172	0.031040503	0.5726339	0.022358887538781447	1.0	degenerated	True	pain_ligand:TNF
Macrophage	T_cell	TNFSF13B	HLA-DPB1	0.34013665	0.0	0.107304275	0.46316725011023413	0.7224669098039718	0.028646551	0.538864	0.022358887538781447	1.0	degenerated	True	pain_ligand:TNF
Macrophage	T_cell	TNFSF13B	TFRC	0.43709823	0.0	0.15550329	0.3253773236001845	0.4595730148529871	0.027687153	0.5844989	0.022358887538781447	1.0	degenerated	True	pain_ligand:TNF
Macrophage	T_cell	VEGFA	ITGB1	0.41851455	1.0	0.17385402	-0.680266560300113	-1.025241909306992	0.0016649984	0.5979773	1.0	1.0	degenerated	True	pain_ligand:VEGFA
Macrophage	T_cell	VEGFA	SIRPA	0.3147211	1.0	0.094461694	-0.26601157476664666	-0.4761355331978477	0.0047041043	0.52299213	1.0	1.0	degenerated	True	pain_ligand:VEGFA
NP_mature_chondrocyte	NP_fibrocartilaginous	CXCL2	DPP4	0.35408247	0.0	0.110594176	0.36281487239007126	0.45902278852822537	0.032500707	0.54261374	0.022358887538781447	1.0	degenerated	True	pain_ligand:CXCL2
NP_fibrocartilaginous	AF_outer	RARRES1	NRP2	0.358313	1.0	0.11279527	0.038257271486185726	-0.004333409760110513	0.034722254	0.54505825	1.0	1.0	degenerated	True	pain_receptor:NRP2
Macrophage	Pericyte_SMC	TNFSF10	RIPK1	0.40291333	0.0	0.10824265	0.41293061364249056	0.4492448622386642	0.029873805	0.53994566	0.022358887538781447	1.0	degenerated	True	pain_ligand:TNF
Macrophage	T_cell	ADAM17	IL6R	0.44877172	0.0	0.20019302	0.33566102788105334	0.42241568585066197	0.019226016	0.6148101	0.03550790099164739	1.0	degenerated	True	pain_receptor:IL6R
NP_fibrocartilaginous	AF_outer	SEMA3A	NRP2	0.41346645	1.0	0.16609389	-0.09317901912514022	-0.2585747986802551	0.010342058	0.5924765	1.0	1.0	degenerated	True	pain_ligand:SEMA3A; pain_receptor:NRP2
NP_fibrocartilaginous	AF_outer	SEMA3C	NRP2_PLXNA3	0.3827914	0.0	0.09045467	0.14208116725246386	0.17140889694540212	0.021168401	0.51758283	0.13766184235886547	1.0	degenerated	True	pain_receptor:NRP2
Macrophage	NP_mature_chondrocyte	VEGFA	GPC1	0.31940243	1.0	0.098042466	-0.26705844157219893	-0.5459554991335362	0.0056031384	0.527631	1.0	1.0	degenerated	True	pain_ligand:VEGFA
Macrophage	NP_mature_chondrocyte	VEGFA	SIRPA	0.3197267	1.0	0.0982905	-0.25787948638041674	-0.5672519675231742	0.0048947753	0.5279458	1.0	1.0	degenerated	True	pain_ligand:VEGFA
Macrophage	NP_mature_chondrocyte	VEGFB	ADRB2	0.33635813	1.0	0.109943844	-0.035929134095279175	0.041890631346563734	0.014172367	0.54188186	1.0	1.0	degenerated	True	pain_ligand:VEGFB
Macrophage	Pericyte_SMC	ADAM10	IL6R	0.39876837	0.0	0.119843856	0.23116124641612829	0.10837982994757261	0.008931692	0.55256283	0.9977691031769652	1.0	degenerated	True	pain_receptor:IL6R
Macrophage	Pericyte_SMC	ADAM17	IL6R	0.30746755	0.08	0.08316863	0.12855146638272377	-0.04240395126090879	0.007987299	0.5070923	1.0	1.0	degenerated	True	pain_receptor:IL6R
Macrophage	NP_mature_chondrocyte	TNFSF10	RIPK1	0.44045743	0.0	0.15596122	0.4889546289460815	0.6283641946773613	0.043043613	0.5848559	0.022358887538781447	1.0	degenerated	True	pain_ligand:TNF
NP_mature_chondrocyte	NP_mature_chondrocyte	FGF2	FGFR2	0.57115096	0.0	0.14563249	0.21138164826232284	0.5239058164310857	0.030383011	0.576514	0.05063025682458048	1.0	degenerated	True	pain_ligand:FGF2
Macrophage	NP_mature_chondrocyte	PDGFA	PDGFRA	0.30915058	0.93	0.08403606	-0.00969082311989717	-0.11198178642156825	0.01004586	0.50838894	1.0	1.0	degenerated	True	pain_ligand:PDGFA
NP_mature_chondrocyte	NP_mature_chondrocyte	NGF	KIDINS220	0.33545202	0.0	0.10952751	0.11222129022090449	0.19858320814685276	0.020575268	0.5414109	0.2078344026243779	1.0	degenerated	True	pain_ligand:NGF
NP_fibrocartilaginous	AF_outer	VEGFA	EGFR	0.36696845	1.0	0.13338836	-0.0707423582258774	-0.34654633232448095	0.008564214	0.565759	1.0	1.0	degenerated	True	pain_ligand:VEGFA
NP_fibrocartilaginous	AF_outer	VEGFA	GPC1	0.4324792	1.0	0.18615207	-0.0865471969414787	-0.3399761717108464	0.010638611	0.6061645	1.0	1.0	degenerated	True	pain_ligand:VEGFA
NP_fibrocartilaginous	AF_outer	VEGFA	NRP2	0.44294757	1.0	0.1945835	-0.31077559440204067	-0.7584373653736974	0.005797221	0.6114394	1.0	1.0	degenerated	True	pain_ligand:VEGFA; pain_receptor:NRP2
NP_fibrocartilaginous	AF_outer	VEGFA	SIRPA	0.38492733	1.0	0.14785281	-0.15856587801543437	-0.5266005871053541	0.0073629324	0.57836	1.0	1.0	degenerated	True	pain_ligand:VEGFA
NP_fibrocartilaginous	B_cell	ANGPT1	ITGB1	0.43639404	1.0	0.14852047	-0.23092706263794474	-0.29199500219113594	0.0058812886	0.5789093	1.0	1.0	degenerated	True	pain_ligand:ANGPT1
Macrophage	NP_fibrocartilaginous	VEGFA	EGFR	0.35451168	1.0	0.12489777	-0.08534513714562805	-0.2491191155917701	0.008019076	0.55766326	1.0	1.0	degenerated	True	pain_ligand:VEGFA
Macrophage	NP_fibrocartilaginous	VEGFA	GPC1	0.41672972	1.0	0.17248881	-0.10570612198551045	-0.27796927543404326	0.009857755	0.59702927	1.0	1.0	degenerated	True	pain_ligand:VEGFA
Macrophage	NP_fibrocartilaginous	VEGFA	SIRPA	0.37532336	1.0	0.14081676	-0.16755406989403332	-0.4278447020198323	0.0070125437	0.5724039	1.0	1.0	degenerated	True	pain_ligand:VEGFA
Macrophage	NP_mature_chondrocyte	ADAM10	IL6R	0.4177698	0.0	0.14251974	0.2590117669856543	0.07230910042941541	0.010621674	0.5738744	0.6014524599750245	1.0	degenerated	True	pain_receptor:IL6R
Macrophage	NP_mature_chondrocyte	ADAM17	IL6R	0.326469	0.0	0.09890513	0.1564019869522498	-0.078474680779066	0.009498592	0.5287225	0.8505191492550775	1.0	degenerated	True	pain_receptor:IL6R
NP_mature_chondrocyte	NP_mature_chondrocyte	PDGFA	PDGFRA	0.3195762	1.0	0.092721984	0.012898095097954282	-0.010352445319747494	0.011084195	0.5206729	1.0	1.0	degenerated	True	pain_ligand:PDGFA
NP_mature_chondrocyte	NP_mature_chondrocyte	PDGFC	FLT1	0.38160652	0.0	0.14216414	0.24268294089383774	0.5260597062842242	0.032985296	0.5735689	0.031791778691119044	1.0	degenerated	True	pain_receptor:FLT1
Macrophage	NP_fibrocartilaginous	TNFSF10	RIPK1	0.3843012	0.0	0.08458665	0.37524234164572723	0.39822741472913603	0.023345005	0.5092051	0.022358887538781447	1.0	degenerated	True	pain_ligand:TNF
Macrophage	NP_fibrocartilaginous	TNFSF10	TNFRSF10B	0.42246142	0.0	0.13308829	0.3801776946315353	0.34146615789128054	0.029281817	0.5654823	0.022358887538781447	1.0	degenerated	True	pain_ligand:TNF
Macrophage	NP_fibrocartilaginous	TNFSF10	TNFRSF10D	0.41663408	0.0	0.12568176	0.3399103228198896	0.28939727547356164	0.027411038	0.5584349	0.04070464870368535	1.0	degenerated	True	pain_ligand:TNF
Macrophage	NP_fibrocartilaginous	TNFSF13B	TFRC	0.3627263	0.0	0.118533455	0.23752557564743576	0.05853444879785158	0.021104721	0.5512033	0.3371528397743286	1.0	degenerated	True	pain_ligand:TNF
Macrophage	NP_fibrocartilaginous	PDGFA	PDGFRA	0.50156033	0.0	0.1616678	0.23374074726120986	0.3438922650774972	0.019326134	0.58921176	0.03654696138910821	1.0	degenerated	True	pain_ligand:PDGFA
Macrophage	NP_fibrocartilaginous	PGF	NRP2	0.42244393	0.0	0.12907685	0.2524214390011974	0.1738354241003373	0.020165864	0.5617187	0.1260278095256187	1.0	degenerated	True	pain_receptor:NRP2
NP_mature_chondrocyte	NP_mature_chondrocyte	TNFSF10	TNFRSF10B	0.29834116	0.0	0.088762924	0.1368617162210937	0.20696337941808662	0.01952944	0.51522547	0.14872451566906977	1.0	degenerated	True	pain_ligand:TNF
NP_mature_chondrocyte	NP_mature_chondrocyte	TNFSF10	TNFRSF10D	0.3862765	0.0	0.13848236	0.23322094886688813	0.5235610733852991	0.030202838	0.5703569	0.036968906303924395	1.0	degenerated	True	pain_ligand:TNF
NP_mature_chondrocyte	NP_mature_chondrocyte	VEGFB	ADRB2	0.3855966	1.0	0.14863192	0.02185144381537793	-0.036758857977722714	0.01915947	0.5790007	1.0	1.0	degenerated	True	pain_ligand:VEGFB
Macrophage	Macrophage	TNFSF10	TNFRSF10A	0.3876641	0.0	0.088860914	0.5553920470422834	0.596480874560553	0.061333563	0.5153632	0.022358887538781447	1.0	degenerated	True	pain_ligand:TNF
Macrophage	Macrophage	TNFSF12	TNFRSF12A	0.3701562	1.0	0.13514915	-0.2391581492060003	-0.4431052133253374	0.00579466	0.5673692	1.0	1.0	degenerated	True	pain_ligand:TNF
Macrophage	Macrophage	TNFSF13B	TFRC	0.31556106	0.5	0.095087886	0.18181152401022582	0.0862047289259607	0.016930271	0.52381617	1.0	1.0	degenerated	True	pain_ligand:TNF
Macrophage	Macrophage	VEGFA	ITGA9	0.31683493	1.0	0.09607858	0.4301106361021642	-0.07451604253109767	0.025166174	0.5251087	0.7052515333565343	1.0	degenerated	True	pain_ligand:VEGFA
Macrophage	Macrophage	VEGFA	ITGAV	0.45741087	1.0	0.2036061	-0.19448509496389083	-0.3488127281879261	0.0064789215	0.6168099	1.0	1.0	degenerated	True	pain_ligand:VEGFA
Macrophage	Macrophage	VEGFA	SIRPA	0.41190797	1.0	0.1688006	-0.10811668960052924	-0.26647467101611133	0.008406112	0.5944266	1.0	1.0	degenerated	True	pain_ligand:VEGFA
Macrophage	Macrophage	TNFSF10	RIPK1	0.42927	0.0	0.14174199	0.466300992655886	0.536325448947762	0.039119262	0.57320523	0.022358887538781447	1.0	degenerated	True	pain_ligand:TNF
NP_fibrocartilaginous	B_cell	TNFSF12	TNFRSF12A	0.29850885	1.0	0.08384739	-0.3282451700247685	-0.6070957381596587	0.003595044	0.5081081	1.0	1.0	degenerated	True	pain_ligand:TNF
Macrophage	Macrophage	PGF	NRP2	0.47978726	0.0	0.1520398	0.31939920862743376	0.3380990364429462	0.023753397	0.5817611	0.022950257714346146	1.0	degenerated	True	pain_receptor:NRP2
NP_mature_chondrocyte	Pericyte_SMC	NGF	KIDINS220	0.4213073	0.0	0.15772234	0.23088120101177603	0.45583752820839724	0.029628899	0.5862185	0.0382566833574231	1.0	degenerated	True	pain_ligand:NGF
NP_mature_chondrocyte	Pericyte_SMC	NGF	MAGED1	0.29607838	0.98	0.08742513	-0.05779275722632496	0.0016686117174607995	0.01727408	0.51332873	1.0	1.0	degenerated	True	pain_ligand:NGF
NP_mature_chondrocyte	Pericyte_SMC	NGF	SORT1	0.3546892	0.0	0.1203263	0.3134304023201946	0.4915398316360463	0.049321957	0.5530594	0.022358887538781447	1.0	degenerated	True	pain_ligand:NGF
NP_fibrocartilaginous	EP_hyaline	ANGPT1	ITGA5	0.31510663	0.0	0.09232751	0.13345336840616842	0.14810785802992207	0.012514818	0.52014095	0.32671277212166167	1.0	degenerated	True	pain_ligand:ANGPT1
Macrophage	Macrophage	ADAM17	IL6R	0.38905466	0.0	0.15073693	0.24813361512272425	0.22373472156254887	0.014476382	0.5807138	0.1675645572284064	1.0	degenerated	True	pain_receptor:IL6R
NP_mature_chondrocyte	Pericyte_SMC	TNFSF12	TNFRSF12A	0.4244224	1.0	0.115240775	-0.29973229673015833	-0.4612627275834981	0.0049410677	0.5477163	1.0	1.0	degenerated	True	pain_ligand:TNF
Macrophage	EP_ossification	VEGFA	GPC1	0.403315	1.0	0.16222778	-0.12794540740193255	-0.2677776098651143	0.009271337	0.58963025	1.0	1.0	degenerated	True	pain_ligand:VEGFA
Macrophage	EP_ossification	VEGFA	ITGAV	0.3656376	1.0	0.13340808	-0.31747237186761085	-0.552632915186901	0.00424516	0.5657772	1.0	1.0	degenerated	True	pain_ligand:VEGFA
Macrophage	EP_ossification	VEGFA	SIRPA	0.30996734	1.0	0.09082549	-0.2737348127154119	-0.5307662640771897	0.004523025	0.5180936	1.0	1.0	degenerated	True	pain_ligand:VEGFA
NP_mature_chondrocyte	T_cell	ADAM10	IL6R	0.3245354	0.0	0.08006725	0.08200765205498328	-0.031427797559398785	0.0059672305	0.5023424	1.0	1.0	degenerated	True	pain_receptor:IL6R
NP_mature_chondrocyte	T_cell	ADAM17	IL6R	0.33979246	0.0	0.094819516	0.13650473891912718	0.14752005285792846	0.00910622	0.52346367	0.9489316092261179	1.0	degenerated	True	pain_receptor:IL6R
Macrophage	EP_ossification	TNFSF13B	TFRC	0.38263637	0.15	0.12843063	0.26104427877435177	0.14392783370201018	0.0228669	0.5611008	0.6891082037426672	1.0	degenerated	True	pain_ligand:TNF
Macrophage	EP_ossification	PGF	NRP2	0.41867217	0.19	0.12756647	0.2480162169714363	0.18680876626083648	0.019929895	0.5602693	0.7361735343518007	1.0	degenerated	True	pain_receptor:NRP2
NP_mature_chondrocyte	T_cell	IL11	IL6R	0.39552397	0.0	0.14870703	0.3043714657092558	0.6565098877263484	0.04739515	0.5790623	0.022358887538781447	1.0	degenerated	True	pain_receptor:IL6R
NP_mature_chondrocyte	T_cell	NGF	KIDINS220	0.385253	0.0	0.1374833	0.18105082237164483	0.48253769098896787	0.025826897	0.5694696	0.08035452330031882	1.0	degenerated	True	pain_ligand:NGF
Macrophage	EP_hyaline	VEGFA	GPC1	0.42688695	1.0	0.18025814	-0.08886694401914474	-0.3106902642456756	0.010301773	0.6023176	1.0	1.0	degenerated	True	pain_ligand:VEGFA
Macrophage	EP_hyaline	VEGFA	ITGAV	0.38064364	1.0	0.1448863	-0.29736260958103455	-0.570530030511488	0.004610407	0.5758868	1.0	1.0	degenerated	True	pain_ligand:VEGFA
Macrophage	EP_hyaline	VEGFA	SIRPA	0.31182107	1.0	0.09224344	-0.27072306958079073	-0.5844302690799412	0.0045936373	0.5200272	1.0	1.0	degenerated	True	pain_ligand:VEGFA
Macrophage	EP_hyaline	TNFSF10	RIPK1	0.41300273	0.0	0.12106628	0.43336086977239374	0.4855133152348385	0.03341299	0.55381703	0.022358887538781447	1.0	degenerated	True	pain_ligand:TNF
Macrophage	EP_hyaline	TNFSF10	TNFRSF10D	0.45118037	0.0	0.16959006	0.3926207943792224	0.42052666780823955	0.036987387	0.5949889	0.022358887538781447	1.0	degenerated	True	pain_ligand:TNF
NP_mature_chondrocyte	T_cell	TNFSF9	HLA-DPA1	0.33975357	0.0	0.09526518	0.4623021345438061	0.726561796597841	0.025951326	0.5240485	0.022358887538781447	1.0	degenerated	True	pain_ligand:TNF
Macrophage	EP_hyaline	TNFSF13B	TFRC	0.30929333	0.7	0.09197224	0.17440784534841913	0.008581619316330447	0.016375534	0.51965976	1.0	1.0	degenerated	True	pain_ligand:TNF
Macrophage	EP_hyaline	VEGFA	EGFR	0.4116247	1.0	0.16858393	0.03148324143691805	-0.20193111811859654	0.010823951	0.59427166	1.0	1.0	degenerated	True	pain_ligand:VEGFA
NP_mature_chondrocyte	unassigned	NGF	KIDINS220	0.3661979	0.0	0.12678671	0.15471488646129666	0.7212681933615745	0.023817493	0.55951387	0.1151886509130307	1.0	degenerated	True	pain_ligand:NGF
NP_mature_chondrocyte	unassigned	NGF	SORT1	0.33454412	0.0	0.10901786	0.27811487521172895	0.7978645400099761	0.044686608	0.5408318	0.022358887538781447	1.0	degenerated	True	pain_ligand:NGF
Macrophage	EP_hyaline	PDGFA	PDGFRA	0.45232606	0.0	0.14180319	0.17145075521692962	0.1983704118904574	0.016951473	0.5732579	0.10076457216079023	1.0	degenerated	True	pain_ligand:PDGFA
Macrophage	EP_hyaline	PGF	NRP2	0.4332795	0.0	0.13341592	0.26507770771744943	0.25272393010033917	0.020843763	0.5657844	0.060666289430462095	1.0	degenerated	True	pain_receptor:NRP2
Macrophage	EP_hyaline	CXCL2	DPP4	0.5837417	0.0	0.13408479	0.6368429888368698	0.7929386662219089	0.039403975	0.56639856	0.011517417735486082	1.0	degenerated	True	pain_ligand:CXCL2
Pericyte_SMC	AF_inner	ANGPT1	ITGA5	0.40093517	0.0	0.13638201	0.4202632376785404	0.25763070280938255	0.018486323	0.56848335	0.05765209966921887	1.0	degenerated	True	pain_ligand:ANGPT1
Pericyte_SMC	AF_inner	ANGPT2	ITGA5_ITGB1	0.4200042	0.0	0.14571957	1.4811377918105604	0.47339838591333055	0.030564543	0.576587	0.022358887538781447	1.0	degenerated	True	pain_ligand:ANGPT2
Macrophage	B_cell	TNFSF10	RIPK1	0.40880355	0.0	0.11572913	0.424857878195711	0.4796887265604667	0.03193999	0.54824	0.022358887538781447	1.0	degenerated	True	pain_ligand:TNF
Macrophage	B_cell	TNFSF12	TNFRSF12A	0.31967038	1.0	0.09341163	-0.28808323621433973	-0.5511300385424396	0.0040051206	0.52159756	1.0	1.0	degenerated	True	pain_ligand:TNF
Macrophage	B_cell	TNFSF13B	HLA-DPB1	0.4195482	0.0	0.14677928	0.6045281966711225	0.8982212868408668	0.03918502	0.57747126	0.011916052722016745	1.0	degenerated	True	pain_ligand:TNF
Macrophage	EP_hyaline	ADAM10	IL6R	0.38749552	0.0	0.106391124	0.21463866164289552	0.032977793330754124	0.00792909	0.53780204	1.0	1.0	degenerated	True	pain_receptor:IL6R
Macrophage	AF_outer	TNFSF13B	TFRC	0.36181498	0.0	0.11808043	0.23644920579297102	0.02891085719495251	0.021024061	0.5507296	0.35295628777529486	1.0	degenerated	True	pain_ligand:TNF
Macrophage	AF_outer	VEGFA	EGFR	0.35684	1.0	0.12667875	-0.08058233088036496	-0.26383898404276984	0.0081334235	0.55940884	1.0	1.0	degenerated	True	pain_ligand:VEGFA
Macrophage	AF_outer	VEGFA	GPC1	0.42235076	1.0	0.17678837	-0.09638716959596624	-0.25726882342913526	0.010103475	0.59998745	1.0	1.0	degenerated	True	pain_ligand:VEGFA
Macrophage	AF_outer	VEGFA	ITGAV	0.45395815	1.0	0.2009651	-0.19911189157063908	-0.45500205501067115	0.006394883	0.6152658	1.0	1.0	degenerated	True	pain_ligand:VEGFA
Macrophage	AF_outer	VEGFA	NRP2	0.43281913	1.0	0.1847957	-0.3206155670565282	-0.6757300170919863	0.005505613	0.60529125	1.0	1.0	degenerated	True	pain_ligand:VEGFA; pain_receptor:NRP2
Macrophage	AF_outer	VEGFA	SIRPA	0.3747989	1.0	0.14041562	-0.16840585066992192	-0.44389323882364295	0.0069925673	0.57205474	1.0	1.0	degenerated	True	pain_ligand:VEGFA
Macrophage	AF_outer	TNFSF10	RIPK1	0.38828915	0.0	0.089655325	0.38331777174828474	0.40266419981931467	0.024743903	0.51647466	0.022358887538781447	1.0	degenerated	True	pain_ligand:TNF
Macrophage	AF_outer	TNFSF10	TNFRSF10B	0.41975623	0.0	0.12965001	0.3757170472076714	0.3225362035309794	0.028525332	0.56226397	0.027700851247768374	1.0	degenerated	True	pain_ligand:TNF
Macrophage	AF_outer	TNFSF10	TNFRSF10D	0.38938612	0.0	0.091049604	0.298335515163477	0.20173689963241526	0.019857809	0.51840127	0.09772815181939351	1.0	degenerated	True	pain_ligand:TNF
Macrophage	AF_outer	PGF	NRP2	0.34170398	0.75	0.09674482	0.1581167753401055	-0.017420225103105758	0.015114584	0.5259702	1.0	1.0	degenerated	True	pain_receptor:NRP2
NP_fibrocartilaginous	EP_hyaline	RARRES1	NRP2	0.44988853	0.0	0.15555029	0.14521820386352968	0.2658107454433344	0.04788372	0.58453554	0.13174853419327304	1.0	degenerated	True	pain_receptor:NRP2
NP_fibrocartilaginous	EP_hyaline	SEMA3C	NRP2_PLXNA3	0.38952494	0.0	0.098798744	0.1590662013950867	0.23596534371531352	0.023121098	0.5285884	0.10854629294748476	1.0	degenerated	True	pain_receptor:NRP2
NP_fibrocartilaginous	EP_hyaline	SEMA3E	NRP2	0.40695006	1.0	0.098327406	-0.07676563408985713	-0.12787586181858038	0.012836699	0.52799255	1.0	1.0	degenerated	True	pain_receptor:NRP2
NP_mature_chondrocyte	Macrophage	VEGFB	ADRB2	0.31986392	1.0	0.098894775	-0.09655409560149882	-0.3087922715960774	0.012748079	0.5287095	1.0	1.0	degenerated	True	pain_ligand:VEGFB
Macrophage	AF_outer	CXCL8	SDC1	0.65231615	0.0	0.124305695	0.408166987023484	0.4038194086041475	0.03513903	0.55707717	0.022358887538781447	1.0	degenerated	True	pain_ligand:CXCL8
NP_mature_chondrocyte	Macrophage	TNFSF10	TNFRSF10B	0.3254832	0.0	0.10410928	0.18161675509938563	0.2939440633704337	0.022905912	0.53510636	0.07975565915014872	1.0	degenerated	True	pain_ligand:TNF
NP_mature_chondrocyte	Macrophage	TNFSF10	TNFRSF10D	0.3514371	0.0	0.11878384	0.18006308849464464	0.38612666966429315	0.025906611	0.5514643	0.08133884977987275	1.0	degenerated	True	pain_ligand:TNF
Pericyte_SMC	AF_inner	VEGFA	GPC1	0.32638758	1.0	0.079972126	-0.2921607443562122	-0.60091994499508	0.0045704166	0.50219375	1.0	1.0	degenerated	True	pain_ligand:VEGFA
Macrophage	AF_inner	VEGFA	SIRPA	0.32571614	1.0	0.10287187	-0.2481484674992962	-0.5164146124650829	0.0051229233	0.53361875	1.0	1.0	degenerated	True	pain_ligand:VEGFA
Pericyte_SMC	AF_inner	VEGFA	ITGAV	0.44502962	1.0	0.19608706	-0.23077869242689691	-0.5353384068697966	0.0062396596	0.61235344	1.0	1.0	degenerated	True	pain_ligand:VEGFA
Pericyte_SMC	AF_inner	VEGFA	SIRPA	0.37916434	1.0	0.13162473	-0.19622258436920795	-0.47596261238267656	0.0065547884	0.5641233	1.0	1.0	degenerated	True	pain_ligand:VEGFA
Pericyte_SMC	AF_inner	VEGFB	ADRB2	0.40590477	0.48	0.13463423	-0.004707640262885615	-0.08008124777637265	0.017355092	0.5669006	1.0	1.0	degenerated	True	pain_ligand:VEGFB
Macrophage	AF_inner	TNFSF10	TNFRSF10B	0.42269573	0.0	0.13338608	0.38056402058172445	0.3628566124869684	0.029347334	0.56575686	0.022358887538781447	1.0	degenerated	True	pain_ligand:TNF
Macrophage	AF_inner	TNFSF10	TNFRSF10D	0.45383853	0.0	0.17296858	0.3966766948117018	0.4074454982279345	0.037724238	0.59736335	0.022358887538781447	1.0	degenerated	True	pain_ligand:TNF
Macrophage	AF_inner	TNFSF13B	CD40	0.32297322	0.0	0.09877244	0.5848163359932808	0.5333582963608978	0.06161922	0.5285553	0.022358887538781447	1.0	degenerated	True	pain_ligand:TNF
Macrophage	AF_inner	TNFSF13B	HLA-DPB1	0.31982327	0.0	0.097206615	0.42700734490028186	0.39527730503089886	0.025950823	0.5265638	0.022358887538781447	1.0	degenerated	True	pain_ligand:TNF
Macrophage	AF_inner	TNFSF13B	TFRC	0.32350102	0.31	0.0990348	0.19119065483684303	0.02089932782828824	0.017633013	0.5288858	0.8644877852626199	1.0	degenerated	True	pain_ligand:TNF
Macrophage	AF_inner	VEGFA	ITGAV	0.39158142	1.0	0.15325269	-0.28270457555698514	-0.5757904069522031	0.0048766327	0.5827275	1.0	1.0	degenerated	True	pain_ligand:VEGFA
Macrophage	AF_inner	VEGFA	NRP2	0.45964843	1.0	0.20531763	-0.2892787734010382	-0.5619605282375705	0.0061170226	0.6177987	1.0	1.0	degenerated	True	pain_ligand:VEGFA; pain_receptor:NRP2
NP_fibrocartilaginous	EP_hyaline	VEGFA	EGFR	0.42175314	1.0	0.17751308	0.0413232140914056	-0.28463846640030765	0.011397247	0.60047823	1.0	1.0	degenerated	True	pain_ligand:VEGFA
NP_fibrocartilaginous	EP_hyaline	VEGFA	GPC1	0.43701538	1.0	0.18980561	-0.0790269713646572	-0.3933976125273867	0.010847413	0.60848206	1.0	1.0	degenerated	True	pain_ligand:VEGFA
NP_fibrocartilaginous	EP_hyaline	VEGFA	ITGAV	0.39077207	1.0	0.1525603	-0.287522636926547	-0.6532373787931991	0.0048546	0.58217686	1.0	1.0	degenerated	True	pain_ligand:VEGFA
NP_fibrocartilaginous	EP_hyaline	VEGFA	SIRPA	0.3219495	1.0	0.097129166	-0.2608830969263032	-0.6671376173616523	0.0048369416	0.52646446	1.0	1.0	degenerated	True	pain_ligand:VEGFA
NP_fibrocartilaginous	EP_ossification	ADAM10	IL6R	0.4506693	0.01	0.19479589	0.28503288448856234	0.21646724681767993	0.0145176975	0.611569	0.38818642579131674	1.0	degenerated	True	pain_receptor:IL6R
NP_fibrocartilaginous	EP_ossification	ADAM17	IL6R	0.42237833	0.01	0.16413915	0.2768722017466245	0.22534086450733726	0.015763499	0.5910465	0.38818642579131674	1.0	degenerated	True	pain_receptor:IL6R
Macrophage	AF_inner	PDGFA	PDGFRA	0.2953071	0.95	0.07845062	-0.02720496398020903	-0.08126055643574442	0.009378164	0.4997927	1.0	1.0	degenerated	True	pain_ligand:PDGFA
Macrophage	AF_inner	PGF	NRP2	0.3685333	0.21	0.10748853	0.1894535689955955	0.09634926375131009	0.016793089	0.53907716	0.7606880410828734	1.0	degenerated	True	pain_receptor:NRP2
EP_ossification	unassigned	VEGFA	CD44	0.39926827	1.0	0.11412142	-0.5890207537001882	-0.7245357392703764	0.0012894669	0.54650706	1.0	1.0	degenerated	True	pain_ligand:VEGFA
Macrophage	AF_inner	ADAM10	IL6R	0.41615602	0.0	0.14059389	0.2566463217813286	0.1358009738896241	0.010478145	0.5722101	0.6301288081599354	1.0	degenerated	True	pain_receptor:IL6R
Macrophage	AF_inner	ADAM17	IL6R	0.3248552	0.0	0.09756864	0.1540365417479241	-0.014982807318857316	0.0093702385	0.5270272	0.8809673614107879	1.0	degenerated	True	pain_receptor:IL6R
NP_fibrocartilaginous	EP_ossification	ANGPT1	ITGA5	0.36529335	0.06	0.11557923	0.20371904275574942	0.2507969678245263	0.015666544	0.54807955	0.5527870740140701	1.0	degenerated	True	pain_ligand:ANGPT1
EP_ossification	unassigned	NGF	KIDINS220	0.34188533	0.13	0.10482169	0.1038275653654659	0.5978725243310643	0.019691257	0.5359544	0.6656445032144811	1.0	degenerated	True	pain_ligand:NGF
EP_ossification	unassigned	NGF	SORT1	0.3102315	0.02	0.09013118	0.22722755411589818	0.6744688709794657	0.036944926	0.5171356	0.22171660633798312	1.0	degenerated	True	pain_ligand:NGF
EP_ossification	T_cell	NGF	KIDINS220	0.36094043	0.05	0.11366515	0.13016350127581405	0.35914202195845757	0.021352544	0.5460106	0.5347861461252998	1.0	degenerated	True	pain_ligand:NGF
EP_ossification	T_cell	VEGFA	ITGB1	0.32051027	1.0	0.08475335	-0.7754794239947876	-1.309853052825742	0.0008116821	0.50945103	1.0	1.0	degenerated	True	pain_ligand:VEGFA
EP_ossification	T_cell	ANGPT1	ITGA5	0.42817885	0.0	0.17071274	0.3348704459600792	0.5576739575381024	0.023139788	0.5957836	0.022358887538781447	1.0	degenerated	True	pain_ligand:ANGPT1
EP_ossification	T_cell	ANGPT1	ITGB1	0.38519806	1.0	0.1435643	-0.21798933316098368	-0.27124053655175284	0.005685028	0.574767	1.0	1.0	degenerated	True	pain_ligand:ANGPT1
Pericyte_SMC	AF_outer	CXCL2	DPP4	0.3355674	0.0	0.11163694	0.3070401310901774	0.280800332884945	0.032807145	0.5437781	0.04461487142147707	1.0	degenerated	True	pain_ligand:CXCL2
EP_ossification	T_cell	ANGPT2	ITGA5_ITGB1	0.39940453	1.0	0.15648013	0.43936679457562733	-0.1342658278074189	0.009588528	0.585259	1.0	1.0	degenerated	True	pain_ligand:ANGPT2
EP_ossification	Pericyte_SMC	NGF	KIDINS220	0.3969947	0.05	0.1303979	0.1799938799159453	0.33244185917788693	0.024495874	0.5629717	0.5347861461252998	1.0	degenerated	True	pain_ligand:NGF
EP_ossification	Pericyte_SMC	NGF	SORT1	0.33037663	0.01	0.09948051	0.2625430812243639	0.368144162605536	0.04077723	0.5294451	0.26813046592254003	1.0	degenerated	True	pain_ligand:NGF
EP_ossification	Pericyte_SMC	ANGPT2	ITGA5_ITGB1	0.2938576	0.06	0.08381456	0.7842755743728461	0.256097747431713	0.017580023	0.50805914	0.5036850060825401	1.0	degenerated	True	pain_ligand:ANGPT2
EP_ossification	NP_mature_chondrocyte	VEGFA	ITGAV	0.38602012	1.0	0.10918132	-0.2540323901238728	-0.5732287711788515	0.003474244	0.5410179	1.0	1.0	degenerated	True	pain_ligand:VEGFA
EP_ossification	Pericyte_SMC	ADAM10	IL6R	0.41248947	0.0	0.12535559	0.2538409664867718	0.08946546208479006	0.009342468	0.55811447	0.8866944178851275	1.0	degenerated	True	pain_receptor:IL6R
EP_ossification	Pericyte_SMC	ADAM17	IL6R	0.42670596	0.0	0.13106629	0.3464560714454001	0.20193768087641933	0.012587266	0.5636005	0.3197105953575041	1.0	degenerated	True	pain_receptor:IL6R
NP_fibrocartilaginous	EP_ossification	FGF2	FGFR2	0.4529028	0.11	0.19536972	0.2189061831030163	0.22463240951575275	0.04075959	0.61191833	0.6056451408775527	1.0	degenerated	True	pain_ligand:FGF2
NP_fibrocartilaginous	EP_ossification	FGF2	FGFRL1	0.42912063	1.0	0.16913077	-0.22486988400331093	-0.4027894678225505	0.009962953	0.5946621	1.0	1.0	degenerated	True	pain_ligand:FGF2
NP_mature_chondrocyte	Macrophage	SEMA3C	NRP2_PLXNA2	0.34675336	0.0	0.11010218	0.3702288547542244	0.3216597601446887	0.044246588	0.5420605	0.027957702240050335	1.0	degenerated	True	pain_receptor:NRP2
EP_ossification	NP_mature_chondrocyte	NGF	KIDINS220	0.3111394	0.26	0.09055254	0.06133396912507375	0.07518753911634246	0.01701073	0.5177179	0.8107284445580092	1.0	degenerated	True	pain_ligand:NGF
EP_ossification	NP_mature_chondrocyte	PDGFC	FLT1	0.42696393	0.0	0.17144597	0.31489821115665817	0.5656963130896413	0.03977934	0.5962996	0.022358887538781447	1.0	degenerated	True	pain_receptor:FLT1
EP_ossification	NP_mature_chondrocyte	PIGF	FLT1	0.30161107	0.02	0.09052068	0.1924004116806501	0.4009157670315302	0.024158185	0.51767397	0.4434763784350897	1.0	degenerated	True	pain_receptor:FLT1
EP_ossification	NP_mature_chondrocyte	SEMA3C	NRP2_PLXNA3	0.59586895	0.0	0.14558852	0.41704703584679004	0.533562406967871	0.034070943	0.57647717	0.022358887538781447	1.0	degenerated	True	pain_receptor:NRP2
NP_mature_chondrocyte	Macrophage	PIGF	FLT1	0.5385045	0.0	0.14073865	0.6372760680520931	0.6700304704762359	0.03756037	0.572336	0.016833727365795813	1.0	degenerated	True	pain_receptor:FLT1
EP_ossification	NP_mature_chondrocyte	FGF2	FGFR2	0.3928251	0.56	0.09348901	0.011004486366235456	0.05193607807975403	0.019504422	0.52170086	1.0	1.0	degenerated	True	pain_ligand:FGF2
EP_ossification	NP_mature_chondrocyte	FGF2	FGFR3	0.42821455	0.37	0.13874839	0.10057677907900688	0.2122356315893013	0.038359303	0.57059205	0.9267549035174565	1.0	degenerated	True	pain_ligand:FGF2
Pericyte_SMC	AF_outer	SLIT3	ROBO1	0.5973722	0.0	0.14065512	1.8646131211005836	1.006919402848606	0.05920746	0.57226336	0.0010002838834955168	1.0	degenerated	True	pain_receptor:ROBO1
EP_ossification	NP_mature_chondrocyte	ANGPT2	ITGA5_ITGB1	0.37917876	0.0	0.14255537	0.9037323276467674	0.4363366186656189	0.02990085	0.57390493	0.022358887538781447	1.0	degenerated	True	pain_ligand:ANGPT2
EP_ossification	NP_mature_chondrocyte	ADAM10	IL6R	0.43149096	0.0	0.14907438	0.2816914870562978	0.05339473256663285	0.011110176	0.5793629	0.5153870194265049	1.0	degenerated	True	pain_receptor:IL6R
EP_ossification	NP_mature_chondrocyte	ADAM17	IL6R	0.44570738	0.0	0.15586561	0.3743065920149261	0.16586695135826213	0.014968928	0.5847814	0.14343002865477117	1.0	degenerated	True	pain_receptor:IL6R
EP_ossification	NP_mature_chondrocyte	ANGPT1	ITGA5	0.3649723	0.0	0.13078888	0.24637619991015636	0.299361909921285	0.017728183	0.56334	0.05677015455097926	1.0	degenerated	True	pain_ligand:ANGPT1
Pericyte_SMC	AF_outer	VEGFA	EGFR	0.4102882	0.96	0.16208567	-0.028656447750276703	-0.22338698396036352	0.010406729	0.58952415	1.0	1.0	degenerated	True	pain_ligand:VEGFA
EP_ossification	NP_fibrocartilaginous	VEGFA	GPC1	0.31872547	1.0	0.08408781	-0.200918985680185	-0.5625804189527931	0.004805628	0.5084659	1.0	1.0	degenerated	True	pain_ligand:VEGFA
EP_ossification	NP_fibrocartilaginous	VEGFA	ITGAV	0.37615252	1.0	0.105501786	-0.26725654034165647	-0.6665057065823289	0.0033571578	0.53675854	1.0	1.0	degenerated	True	pain_ligand:VEGFA
EP_ossification	NP_fibrocartilaginous	VEGFA	NRP2	0.41555482	1.0	0.12019451	-0.3215237670901109	-0.7690855114072931	0.0035809518	0.5529239	1.0	1.0	degenerated	True	pain_ligand:VEGFA; pain_receptor:NRP2
EP_ossification	NP_fibrocartilaginous	SEMA3C	NRP2_PLXNA1	0.5867154	0.0	0.1263011	0.45749048703434264	0.5690964821635994	0.042745877	0.5590409	0.022358887538781447	1.0	degenerated	True	pain_receptor:NRP2
EP_ossification	NP_fibrocartilaginous	SEMA3C	NRP2_PLXNA3	0.586328	0.0	0.12548481	0.39298011070594807	0.4870317552814024	0.02936623	0.55824155	0.022358887538781447	1.0	degenerated	True	pain_receptor:NRP2
Pericyte_SMC	AF_outer	VEGFA	SIRPA	0.4282471	0.99	0.17966202	-0.11647996753983367	-0.4034412387412366	0.008947001	0.6019208	1.0	1.0	degenerated	True	pain_ligand:VEGFA
NP_mature_chondrocyte	Macrophage	NGF	KIDINS220	0.36251146	0.0	0.12471732	0.1496198352706944	0.31878817370522655	0.023428747	0.5574849	0.1232601248288745	1.0	degenerated	True	pain_ligand:NGF
NP_mature_chondrocyte	Macrophage	NGF	SORT1	0.32433128	0.0	0.10328489	0.2602112786057593	0.46050564628842566	0.04233665	0.5341173	0.02431327442119572	1.0	degenerated	True	pain_ligand:NGF
EP_ossification	NP_fibrocartilaginous	NGF	KIDINS220	0.34996766	0.09	0.1085727	0.1149981861615338	0.1644888382683456	0.020395903	0.54032373	0.6027668311920042	1.0	degenerated	True	pain_ligand:NGF
EP_ossification	NP_fibrocartilaginous	NGF	MAGED1	0.44820535	0.09	0.15416475	0.10741157637804062	0.17160210183247682	0.03046097	0.58344877	0.6027668311920042	1.0	degenerated	True	pain_ligand:NGF
EP_ossification	NP_fibrocartilaginous	FGF2	FGFR1	0.75470096	0.54	0.55629015	-0.001990450661232185	-0.025909703943991724	0.017767586	0.7268266	1.0	1.0	degenerated	True	pain_ligand:FGF2
EP_ossification	NP_fibrocartilaginous	FGF2	SDC1	0.39014953	0.41	0.09006725	0.1092850215847722	0.0919655186075579	0.037950214	0.517047	0.9681034706851174	1.0	degenerated	True	pain_ligand:FGF2
EP_ossification	NP_fibrocartilaginous	FGF2	SDC3	0.39753908	0.41	0.09951771	0.08516728304958526	0.08649236278625007	0.024354415	0.52949166	0.9681034706851174	1.0	degenerated	True	pain_ligand:FGF2
NP_fibrocartilaginous	EP_ossification	RARRES1	NRP2	0.4352812	0.24	0.14873038	0.12815671311751653	0.19989558160383172	0.045784317	0.5790814	0.7920351564952068	1.0	degenerated	True	pain_receptor:NRP2
NP_fibrocartilaginous	EP_ossification	SEMA3C	NRP2_PLXNA3	0.4205136	0.0	0.13719943	0.23723439743986377	0.3370813892989152	0.03210771	0.56921613	0.034625444004514096	1.0	degenerated	True	pain_receptor:NRP2
NP_fibrocartilaginous	EP_ossification	SEMA3E	NRP2	0.39234272	0.75	0.09401636	-0.0938271248358703	-0.19379102565808307	0.01227389	0.5224026	1.0	1.0	degenerated	True	pain_receptor:NRP2
EP_ossification	NP_fibrocartilaginous	ANGPT1	ITGA5	0.3707388	0.0	0.13443124	0.2544498298630295	0.2609938997836784	0.0182219	0.5667154	0.055346673703019884	1.0	degenerated	True	pain_ligand:ANGPT1
EP_ossification	NP_fibrocartilaginous	ANGPT2	ITGA5_ITGB1	0.38494527	0.0	0.14652543	0.9118059575996404	0.3979686085280123	0.030733567	0.57726	0.022358887538781447	1.0	degenerated	True	pain_ligand:ANGPT2
Pericyte_SMC	B_cell	TNFSF12	TNFRSF12A	0.44574213	1.0	0.15039153	-0.048814945670103194	-0.31200431286631586	0.006448193	0.58043444	1.0	1.0	degenerated	True	pain_ligand:TNF
EP_ossification	Macrophage	VEGFA	NRP2	0.47289813	1.0	0.14157726	-0.2545459974638745	-0.6048218990646842	0.0042180074	0.57306296	1.0	1.0	degenerated	True	pain_ligand:VEGFA; pain_receptor:NRP2
EP_ossification	Macrophage	VEGFA	SIRPA	0.3139037	1.0	0.08228982	-0.2033295532952038	-0.5510858145348612	0.004097956	0.50576466	1.0	1.0	degenerated	True	pain_ligand:VEGFA
EP_ossification	Macrophage	VEGFA	CD44	0.51813895	1.0	0.15844712	-0.4716835411320151	-0.7949221155208397	0.0017903062	0.58677435	1.0	1.0	degenerated	True	pain_ligand:VEGFA
EP_ossification	Macrophage	VEGFA	ITGAV	0.3594066	1.0	0.0992574	-0.2896979586585654	-0.6334238717066759	0.0031584562	0.52916545	1.0	1.0	degenerated	True	pain_ligand:VEGFA
EP_ossification	Macrophage	NGF	KIDINS220	0.33819884	0.11	0.103110805	0.09873251417486364	0.19539250467471625	0.01936986	0.5339074	0.6369496915651633	1.0	degenerated	True	pain_ligand:NGF
EP_ossification	Macrophage	NGF	SORT1	0.30001867	0.02	0.08539141	0.20932395750992855	0.33710997725791536	0.035002083	0.5103882	0.4434763784350897	1.0	degenerated	True	pain_ligand:NGF
EP_ossification	Macrophage	FGF2	CD44	0.7446401	0.98	0.5434234	-0.1767307937615155	-0.08897751620252137	0.009997975	0.72449726	1.0	1.0	degenerated	True	pain_ligand:FGF2
EP_ossification	Macrophage	FGF2	SDC3	0.42293048	0.34	0.1319906	0.16430061210594013	0.18863411632608473	0.032301325	0.56446457	0.7535431309572034	1.0	degenerated	True	pain_ligand:FGF2
EP_ossification	Macrophage	FGF2	SDC4	0.439776	0.99	0.15353425	-0.26911962701689146	-0.3903997267097189	0.007456223	0.58295065	1.0	1.0	degenerated	True	pain_ligand:FGF2
NP_mature_chondrocyte	Macrophage	IL11	IL6R	0.3358069	0.0	0.11197014	0.21684405295092668	0.4578289234382354	0.035686556	0.5441478	0.04725339698854838	1.0	degenerated	True	pain_receptor:IL6R
NP_fibrocartilaginous	EP_ossification	VEGFA	GPC1	0.41344345	1.0	0.17082027	-0.118105434747445	-0.3504849581468254	0.009762398	0.5958594	1.0	1.0	degenerated	True	pain_ligand:VEGFA
NP_fibrocartilaginous	EP_ossification	VEGFA	ITGAV	0.37576604	1.0	0.14047411	-0.3076323992131233	-0.6353402634686122	0.0044700075	0.57210577	1.0	1.0	degenerated	True	pain_ligand:VEGFA
NP_fibrocartilaginous	EP_ossification	VEGFA	SIRPA	0.32009578	1.0	0.095636114	-0.26389484006092434	-0.6134736123589009	0.0047625895	0.5245331	1.0	1.0	degenerated	True	pain_ligand:VEGFA
EP_ossification	EP_ossification	VEGFA	GPC1	0.30531073	1.0	0.07908559	-0.22315827109660713	-0.5523887533838641	0.004519751	0.5008004	1.0	1.0	degenerated	True	pain_ligand:VEGFA
EP_ossification	EP_ossification	VEGFA	NRP2	0.41178304	0.99	0.118788056	-0.325928989119872	-0.7561121692467939	0.0035390495	0.5514687	1.0	1.0	degenerated	True	pain_ligand:VEGFA; pain_receptor:NRP2
EP_ossification	Macrophage	ANGPT1	TIE1	0.45858228	0.0	0.1899168	2.5226399269088904	1.107397854633449	0.17381454	0.6085519	0.0001515964014802273	1.0	degenerated	True	pain_ligand:ANGPT1
EP_ossification	EP_ossification	VEGFA	EGFR	0.4818133	0.61	0.14490165	0.28031908864649346	-0.13854211205590095	0.009303427	0.5758997	1.0	1.0	degenerated	True	pain_ligand:VEGFA
NP_fibrocartilaginous	Macrophage	ADAM10	IL6R	0.36177477	0.0	0.13087593	0.15474018559020852	0.10899338708565287	0.009753888	0.5634218	0.7886618760404462	1.0	degenerated	True	pain_receptor:IL6R
NP_fibrocartilaginous	Macrophage	ADAM17	IL6R	0.33348382	0.0	0.11027884	0.14657950284827073	0.1178670047753102	0.010590893	0.5422595	0.6067621575184651	1.0	degenerated	True	pain_receptor:IL6R
NP_fibrocartilaginous	Macrophage	ANGPT1	TIE1	0.41649804	0.0	0.13930257	2.4206118738954325	0.9917983677900002	0.12749168	0.5710803	0.0007249416572147471	1.0	degenerated	True	pain_ligand:ANGPT1
EP_ossification	EP_ossification	SLIT3	ROBO1	0.36556825	0.0	0.12445351	0.8230246354951667	0.8526905939199303	0.052387543	0.5572238	0.003548955788587429	1.0	degenerated	True	pain_receptor:ROBO1
EP_ossification	EP_ossification	NGF	KIDINS220	0.45487761	0.03	0.15726133	0.2599934348828115	0.36497710497283786	0.029542295	0.58586335	0.27606301701423464	1.0	degenerated	True	pain_ligand:NGF
EP_ossification	EP_ossification	NGF	SORCS2	0.4359514	0.0	0.1484777	0.9907381148305451	0.9079143081181543	0.11631195	0.5788742	0.00224233980093223	1.0	degenerated	True	pain_ligand:NGF
EP_ossification	EP_hyaline	VEGFA	NRP2	0.4263904	1.0	0.12423499	-0.30886749837385885	-0.6901970054072912	0.0037013297	0.5570069	1.0	1.0	degenerated	True	pain_ligand:VEGFA; pain_receptor:NRP2
EP_ossification	EP_hyaline	VEGFB	ADRB2	0.45897642	0.35	0.15220526	0.05281945081178766	0.13551026559702128	0.019620094	0.58189344	0.9045245761843789	1.0	degenerated	True	pain_ligand:VEGFB
Pericyte_SMC	EP_hyaline	PGF	NRP2	0.74557865	0.0	0.5496081	1.3535858924924453	0.9047512142957651	0.08586607	0.7256253	0.002313047663629183	1.0	degenerated	True	pain_receptor:NRP2
EP_ossification	EP_ossification	ANGPT1	ITGA5	0.4073776	0.03	0.15757382	0.30574709576920733	0.3663964546679751	0.02135883	0.58610415	0.2232926608440799	1.0	degenerated	True	pain_ligand:ANGPT1
EP_ossification	EP_ossification	ANGPT2	ITGA5_ITGB1	0.4215841	0.0	0.17175004	0.9631032235058183	0.503371163412309	0.036024403	0.59651285	0.022358887538781447	1.0	degenerated	True	pain_ligand:ANGPT2
EP_ossification	EP_hyaline	VEGFA	EGFR	0.31362045	0.98	0.082184196	-0.06372962225775652	-0.4865422616373464	0.005276646	0.50560415	1.0	1.0	degenerated	True	pain_ligand:VEGFA
EP_ossification	EP_hyaline	VEGFA	GPC1	0.3288827	1.0	0.08787534	-0.18407980771381932	-0.5953014077644254	0.0050220857	0.51397026	1.0	1.0	degenerated	True	pain_ligand:VEGFA
EP_ossification	EP_hyaline	NGF	KIDINS220	0.29780126	0.4	0.08436231	0.04289924081616987	0.031292928201921366	0.015847865	0.50887316	0.9585394363131019	1.0	degenerated	True	pain_ligand:NGF
EP_ossification	EP_hyaline	FGF2	FGFR2	0.38915676	0.57	0.0887976	0.0019292834623481914	0.0059531691522438646	0.018525664	0.5152742	1.0	1.0	degenerated	True	pain_ligand:FGF2
Pericyte_SMC	EP_hyaline	VEGFA	ITGAV	0.43409184	1.0	0.18538226	-0.24543672645094627	-0.5300780304290817	0.0058990233	0.60566974	1.0	1.0	degenerated	True	pain_ligand:VEGFA
Pericyte_SMC	EP_hyaline	VEGFA	SIRPA	0.36526927	1.0	0.11802563	-0.2187971864507025	-0.5439782689975349	0.0058775665	0.5506722	1.0	1.0	degenerated	True	pain_ligand:VEGFA
Pericyte_SMC	EP_hyaline	VEGFB	ADRB2	0.3983362	0.57	0.1258627	-0.018341129025606376	0.009689066224860654	0.016224394	0.5586123	1.0	1.0	degenerated	True	pain_ligand:VEGFB
Pericyte_SMC	EP_ossification	ADAM10	IL6R	0.39313772	0.06	0.13245335	0.18993862132007427	0.1098379062509055	0.009871448	0.56489474	0.7603084099799438	1.0	degenerated	True	pain_receptor:IL6R
Pericyte_SMC	EP_ossification	ADAM17	IL6R	0.3774984	0.04	0.11550619	0.19485552479159934	0.12681495686381372	0.011092914	0.5480012	0.5190912639099639	1.0	degenerated	True	pain_receptor:IL6R
NP_fibrocartilaginous	Macrophage	FGF2	SDC3	0.37903237	0.73	0.113868274	0.11497392353979756	0.0414458178355418	0.027866349	0.54623187	1.0	1.0	degenerated	True	pain_ligand:FGF2
NP_fibrocartilaginous	Macrophage	FGF2	SDC4	0.3958779	1.0	0.13245398	-0.31844631558303405	-0.5375880252002618	0.0064324825	0.5648953	1.0	1.0	degenerated	True	pain_ligand:FGF2
NP_mature_chondrocyte	Macrophage	CXCL8	SDC2	0.39006084	1.0	0.14281802	-0.31596251654453394	-1.1200968323555545	0.0029838146	0.57413	1.0	1.0	degenerated	True	pain_ligand:CXCL8
EP_ossification	B_cell	VEGFA	ITGB1	0.41379052	1.0	0.11953663	-0.6863891004582907	-1.215008031621676	0.0011448013	0.55224544	1.0	1.0	degenerated	True	pain_ligand:VEGFA
EP_ossification	EP_hyaline	ADAM10	IL6R	0.40121666	0.0	0.11128416	0.23731838171353903	0.014063425467971569	0.008293756	0.5433855	1.0	1.0	degenerated	True	pain_receptor:IL6R
EP_ossification	EP_hyaline	ADAM17	IL6R	0.4154331	0.0	0.116353825	0.3299334866721673	0.12653564425960084	0.011174318	0.5489066	0.5043931653784317	1.0	degenerated	True	pain_receptor:IL6R
EP_ossification	EP_hyaline	ANGPT1	ITGA5	0.35719088	0.03	0.12587382	0.23548142141962636	0.2637073448733709	0.017061956	0.55862314	0.4838309971864258	1.0	degenerated	True	pain_ligand:ANGPT1
EP_ossification	EP_hyaline	ANGPT2	ITGA5_ITGB1	0.37139738	0.0	0.13719812	0.8928375491562374	0.4006820536177048	0.028777173	0.569215	0.022358887538781447	1.0	degenerated	True	pain_ligand:ANGPT2
EP_ossification	B_cell	FGF2	CD44	0.7457012	0.98	0.5447804	-0.17568331093125686	-0.11554860002390821	0.01002294	0.72474605	1.0	1.0	degenerated	True	pain_ligand:FGF2
EP_ossification	B_cell	NGF	KIDINS220	0.36390078	0.09	0.11503906	0.13425498976413008	0.4411373740816419	0.02161064	0.5474993	0.6027668311920042	1.0	degenerated	True	pain_ligand:NGF
EP_ossification	B_cell	VEGFA	CD44	0.5192	1.0	0.15884277	-0.4706360583017565	-0.8214931993422265	0.0017947766	0.5870767	1.0	1.0	degenerated	True	pain_ligand:VEGFA
EP_ossification	AF_outer	VEGFA	GPC1	0.32434648	0.99	0.08618384	-0.19160003329064082	-0.5418799669478851	0.004925416	0.51154226	1.0	1.0	degenerated	True	pain_ligand:VEGFA
EP_ossification	AF_outer	VEGFA	ITGAV	0.35595393	1.0	0.09796993	-0.29432475526531365	-0.739613198529421	0.0031174875	0.5275387	1.0	1.0	degenerated	True	pain_ligand:VEGFA
EP_ossification	AF_outer	VEGFA	NRP2	0.33481485	1.0	0.090087384	-0.4158284307512028	-0.9603411606107362	0.002683971	0.51707494	1.0	1.0	degenerated	True	pain_ligand:VEGFA; pain_receptor:NRP2
EP_ossification	AF_outer	SEMA3C	NRP2_PLXNA3	0.59976995	0.0	0.15380837	0.4268872943899618	0.5327352503891603	0.03599457	0.5831675	0.022358887538781447	1.0	degenerated	True	pain_receptor:NRP2
EP_ossification	AF_outer	SEMA3E	NRP2	0.4527964	0.37	0.20410115	0.05938150031704546	0.014487561786346526	0.026645523	0.61709684	0.9267549035174565	1.0	degenerated	True	pain_receptor:NRP2
EP_ossification	AF_outer	NGF	KIDINS220	0.33690253	0.13	0.10250918	0.09694093504443065	0.11139210620082785	0.019256843	0.5331792	0.6656445032144811	1.0	degenerated	True	pain_ligand:NGF
EP_ossification	AF_outer	SEMA3C	NRP2_PLXNA1	0.5895115	0.0	0.13219272	0.4661339305681351	0.5736743643036503	0.044739865	0.5646526	0.022358887538781447	1.0	degenerated	True	pain_receptor:NRP2
EP_ossification	AF_outer	FGF2	FGFR2	0.40261528	0.51	0.10600961	0.035224653429452774	0.029998380569516314	0.022116572	0.53735554	1.0	1.0	degenerated	True	pain_ligand:FGF2
EP_ossification	AF_outer	FGF2	SDC2	0.75823975	0.86	0.5608159	-0.072701807414487	-0.1689073598557571	0.017464563	0.72763026	1.0	1.0	degenerated	True	pain_ligand:FGF2
EP_ossification	AF_outer	FGF2	SDC3	0.39658967	0.44	0.09830348	0.0822083973604946	0.05255996219104489	0.024057264	0.5279622	0.9943556360071145	1.0	degenerated	True	pain_ligand:FGF2
EP_ossification	AF_outer	ANGPT2	ITGA5_ITGB1	0.3758331	0.0	0.140252	0.8990481131244497	0.3679426532771617	0.02941772	0.571912	0.022358887538781447	1.0	degenerated	True	pain_ligand:ANGPT2
EP_ossification	AF_inner	VEGFA	NRP2	0.3616442	1.0	0.10009178	-0.38449163709571277	-0.8465716717563203	0.0029820316	0.5302082	1.0	1.0	degenerated	True	pain_ligand:VEGFA; pain_receptor:NRP2
EP_ossification	AF_inner	VEGFB	ADRB2	0.466545	0.33	0.16281262	0.06645293957450843	0.045739951595787975	0.020987442	0.5900655	0.8854306336536782	1.0	degenerated	True	pain_ligand:VEGFB
EP_ossification	AF_outer	ANGPT1	ITGA5	0.36162663	0.01	0.12867562	0.24169198538783865	0.23096794453282776	0.017441735	0.5613354	0.38818642579131674	1.0	degenerated	True	pain_ligand:ANGPT1
EP_ossification	AF_inner	PDGFC	FLT1	0.36532623	0.0	0.10596973	0.19798644595912432	0.27224080304134024	0.024587374	0.53730875	0.062661661179771	1.0	degenerated	True	pain_receptor:FLT1
EP_ossification	AF_inner	NGF	MAGED1	0.29023957	1.0	0.08085295	-0.08605455349566674	-0.08743615093764767	0.015975501	0.503563	1.0	1.0	degenerated	True	pain_ligand:NGF
Pericyte_SMC	EP_ossification	PGF	NRP2	0.73097134	0.0	0.5255112	1.3365244017464322	0.8388360504562624	0.08210138	0.72113967	0.004029165744731374	1.0	degenerated	True	pain_receptor:NRP2
EP_ossification	AF_inner	FGF2	FGFR2	0.4208247	0.42	0.12929757	0.08027341503406517	0.06871730634772935	0.026975092	0.5619289	0.9778568448742124	1.0	degenerated	True	pain_ligand:FGF2
EP_ossification	AF_inner	FGF2	FGFRL1	0.7390766	0.05	0.5363083	0.16930226511040916	0.1912862503168119	0.031592205	0.72318	0.5347861461252998	1.0	degenerated	True	pain_ligand:FGF2
EP_ossification	AF_inner	ANGPT2	ITGA5_ITGB1	0.29453468	0.0	0.08428071	0.785223538489362	0.2153746746700706	0.017677797	0.5087522	0.08599702717377304	1.0	degenerated	True	pain_ligand:ANGPT2
EP_ossification	AF_inner	ADAM10	IL6R	0.42987716	0.0	0.14705995	0.27932604185197213	0.11688660602684153	0.010960045	0.57770425	0.5412090199327642	1.0	degenerated	True	pain_receptor:IL6R
EP_ossification	AF_inner	ADAM17	IL6R	0.4440936	0.0	0.1537594	0.3719411468106004	0.2293588248184708	0.014766654	0.58312875	0.15288013898933744	1.0	degenerated	True	pain_receptor:IL6R
Pericyte_SMC	EP_ossification	VEGFA	GPC1	0.4567632	0.92	0.20757072	-0.0760195242718443	-0.22732560978270794	0.011862691	0.6190864	1.0	1.0	degenerated	True	pain_ligand:VEGFA
Pericyte_SMC	EP_ossification	VEGFA	ITGAV	0.4190858	1.0	0.17069586	-0.2655464887375226	-0.5121809151044947	0.0054316893	0.5957717	1.0	1.0	degenerated	True	pain_ligand:VEGFA
Pericyte_SMC	EP_ossification	VEGFA	SIRPA	0.36341554	1.0	0.11621137	-0.22180892958532364	-0.4903142639947834	0.0057872175	0.54875493	1.0	1.0	degenerated	True	pain_ligand:VEGFA
Pericyte_SMC	Macrophage	ADAM10	IL6R	0.3042432	0.28	0.08899036	0.05964592242172047	0.0023640465188784487	0.0066322503	0.515545	1.0	1.0	degenerated	True	pain_receptor:IL6R
EP_hyaline	T_cell	TNFSF9	HLA-DPA1	0.36930314	0.0	0.123737104	0.5257134155646204	0.8689207684154188	0.033707403	0.5565114	0.022358887538781447	1.0	degenerated	True	pain_ligand:TNF
EP_hyaline	T_cell	NGF	KIDINS220	0.32569262	0.0	0.07913421	0.05638823973083351	0.16902819747998293	0.014865741	0.5008772	0.41415143613420263	1.0	degenerated	True	pain_ligand:NGF
EP_hyaline	T_cell	ADAM10	IL6R	0.36992157	0.0	0.123951755	0.15702683901432246	0.12094964437482636	0.009237844	0.5567253	0.913595030369891	1.0	degenerated	True	pain_receptor:IL6R
EP_hyaline	T_cell	ADAM17	IL6R	0.3931183	0.0	0.14638098	0.23395609528900874	0.3074484844706223	0.014058048	0.5771397	0.19437854864043533	1.0	degenerated	True	pain_receptor:IL6R
EP_hyaline	Pericyte_SMC	VEGFA	GPC1	0.48929664	0.97	0.13425785	-0.13334346277206083	-0.1912975247415287	0.007672852	0.566557	1.0	1.0	degenerated	True	pain_ligand:VEGFA
NP_fibrocartilaginous	Macrophage	SEMA3C	NRP2_PLXNA2	0.43283457	0.0	0.15246738	0.4832186510895894	0.4522090634951666	0.061271828	0.5821028	0.022358887538781447	1.0	degenerated	True	pain_receptor:NRP2
NP_fibrocartilaginous	Macrophage	SEMA3E	NRP2	0.4534578	0.43	0.11205318	-0.02244413317987283	-0.042500755475973345	0.014628607	0.5442397	0.9870896623501859	1.0	degenerated	True	pain_receptor:NRP2
EP_hyaline	Pericyte_SMC	NGF	KIDINS220	0.3617469	0.02	0.09078363	0.10621861837096473	0.1423280346994123	0.01705414	0.51803607	0.4434763784350897	1.0	degenerated	True	pain_ligand:NGF
NP_fibrocartilaginous	Macrophage	TNFSF12	TNFRSF12A	0.34899467	1.0	0.121311486	-0.2793200830164291	-0.49907091294255657	0.005201356	0.55406696	1.0	1.0	degenerated	True	pain_ligand:TNF
EP_hyaline	NP_mature_chondrocyte	SEMA3E	NRP2	0.5289074	0.0	0.1462335	0.07047668848031856	0.22046653055079737	0.019090869	0.5770167	0.3488857421558626	1.0	degenerated	True	pain_receptor:NRP2
EP_hyaline	NP_mature_chondrocyte	NGF	MAGED1	0.44481656	0.0	0.117624104	0.07265592952598367	0.1786215330939374	0.02324101	0.55025053	0.3407812326995486	1.0	degenerated	True	pain_ligand:NGF
EP_hyaline	NP_mature_chondrocyte	PDGFA	PDGFRA	0.30746186	1.0	0.08262915	-0.013349665201120589	-0.04757274361518338	0.009877674	0.506279	1.0	1.0	degenerated	True	pain_ligand:PDGFA
EP_hyaline	NP_mature_chondrocyte	PDGFC	FLT1	0.3433324	0.0	0.11745514	0.18174625165795283	0.33774646461863983	0.027252246	0.55007267	0.07950450985743836	1.0	degenerated	True	pain_receptor:FLT1
EP_hyaline	NP_mature_chondrocyte	PIGF	FLT1	0.29303306	0.0	0.084982894	0.17553400887069914	0.31934624459643546	0.022680258	0.50978905	0.0865303921558654	1.0	degenerated	True	pain_receptor:FLT1
EP_hyaline	NP_mature_chondrocyte	FGF2	FGFR2	0.44534722	0.0	0.108846776	0.07002130251950475	0.12003960166487865	0.022708483	0.54063684	0.3511730411483792	1.0	degenerated	True	pain_ligand:FGF2
EP_hyaline	NP_mature_chondrocyte	FGF2	FGFR3	0.48073667	0.0	0.16154107	0.15959359523227618	0.2803391551744259	0.044660725	0.5891169	0.1078745792678082	1.0	degenerated	True	pain_ligand:FGF2
NP_fibrocartilaginous	Macrophage	VEGFA	ITGA9	0.32696337	1.0	0.10116744	0.43995060875665176	-0.15722339081280878	0.026499115	0.5315392	0.6083151935926192	1.0	degenerated	True	pain_ligand:VEGFA
NP_fibrocartilaginous	Macrophage	VEGFA	SIRPA	0.4220364	1.0	0.17774123	-0.09827671694604169	-0.34918201929782244	0.008851347	0.6006323	1.0	1.0	degenerated	True	pain_ligand:VEGFA
NP_fibrocartilaginous	NP_fibrocartilaginous	ANGPT1	ITGA5	0.32865456	0.0	0.09860433	0.15242177684957153	0.14539441294022956	0.013365629	0.52834296	0.24271364918549443	1.0	degenerated	True	pain_ligand:ANGPT1
EP_hyaline	NP_fibrocartilaginous	VEGFA	NRP2	0.7291174	0.9	0.5244799	-0.016892229644409795	-0.06072101094602489	0.015625816	0.7209422	1.0	1.0	degenerated	True	pain_ligand:VEGFA; pain_receptor:NRP2
Pericyte_SMC	Macrophage	PIGF	FLT1	0.5481504	0.0	0.15858045	0.6562422937544988	0.743644865582779	0.042321995	0.58687633	0.009259220764119065	1.0	degenerated	True	pain_receptor:FLT1
EP_hyaline	NP_fibrocartilaginous	PDGFA	PDGFRA	0.49987164	0.0	0.15896119	0.23008190517998645	0.4083013078838821	0.019002581	0.587167	0.03869332637690607	1.0	degenerated	True	pain_ligand:PDGFA
EP_hyaline	NP_fibrocartilaginous	SEMA3E	NRP2	0.4040912	1.0	0.105414145	-0.07531050542013817	-0.15918003022485003	0.013761878	0.53665525	1.0	1.0	degenerated	True	pain_receptor:NRP2
EP_hyaline	NP_fibrocartilaginous	NGF	MAGED1	0.41295758	0.0	0.10733021	0.03363631483306007	-0.01851172264599782	0.02120707	0.53889406	0.5725246160630411	1.0	degenerated	True	pain_ligand:NGF
Pericyte_SMC	Macrophage	VEGFA	ITGA9	0.37028313	0.8	0.1229327	0.48203651923225244	-0.03406404244869132	0.03220016	0.55570644	0.34461288558221376	1.0	degenerated	True	pain_ligand:VEGFA
Pericyte_SMC	Macrophage	VEGFB	ADRB2	0.42043388	0.39	0.15147257	0.021463865672239176	0.025434398970010763	0.019525645	0.58130634	0.9490464409335623	1.0	degenerated	True	pain_ligand:VEGFB
EP_hyaline	NP_fibrocartilaginous	FGF2	SDC1	0.44267166	0.0	0.10486292	0.1683018377380415	0.16006904219268253	0.04418443	0.53600335	0.14455597253936311	1.0	degenerated	True	pain_ligand:FGF2
EP_hyaline	NP_fibrocartilaginous	FGF2	SDC2	0.76717997	1.0	0.58805037	-0.05901916442005825	-0.16528988342468875	0.018312683	0.7323038	1.0	1.0	degenerated	True	pain_ligand:FGF2
EP_hyaline	NP_fibrocartilaginous	FGF2	SDC3	0.4500612	0.0	0.11586583	0.14418409920285458	0.15459588637137467	0.028355202	0.5483862	0.1529825712396753	1.0	degenerated	True	pain_ligand:FGF2
EP_hyaline	NP_fibrocartilaginous	FGF2	SDC4	0.7339853	0.0	0.5386241	0.07134222859673854	0.06356089779473706	0.026157692	0.723611	0.3452870593570344	1.0	degenerated	True	pain_ligand:FGF2
EP_hyaline	Macrophage	TNFSF12	TNFRSF12A	0.299673	1.0	0.089059666	-0.37292643759354976	-0.6623356634006616	0.0038185257	0.5156422	1.0	1.0	degenerated	True	pain_ligand:TNF
EP_hyaline	Macrophage	SEMA3A	NRP2	0.72868085	0.0	0.5300351	0.3339755077441065	0.48736131876365424	0.033003345	0.7220008	0.022358887538781447	1.0	degenerated	True	pain_ligand:SEMA3A; pain_receptor:NRP2
EP_hyaline	Macrophage	SEMA3C	NRP2_PLXNA2	0.3355878	0.0	0.104607	0.3555728244300977	0.20951414174351973	0.04203825	0.5356995	0.09130384827172837	1.0	degenerated	True	pain_receptor:NRP2
EP_hyaline	Macrophage	SEMA3E	NRP2	0.46143454	0.28	0.12416746	-0.0083327357939018	0.005083582117758861	0.016210133	0.5569399	0.8308983934449269	1.0	degenerated	True	pain_receptor:NRP2
NP_fibrocartilaginous	NP_fibrocartilaginous	FGF2	SDC3	0.35364097	1.0	0.08585391	0.035840594483442706	-0.06069593570429287	0.02101055	0.5110631	1.0	1.0	degenerated	True	pain_ligand:FGF2
NP_mature_chondrocyte	EP_ossification	TNFSF12	TNFRSF12A	0.54848135	0.98	0.15734145	-0.17950853919124843	-0.25054618826710645	0.006746178	0.58592516	1.0	1.0	degenerated	True	pain_ligand:TNF
Pericyte_SMC	NP_fibrocartilaginous	CXCL2	DPP4	0.39005113	0.0	0.1448116	0.4190849441508869	0.5104762973616077	0.042556304	0.57582384	0.022358887538781447	1.0	degenerated	True	pain_ligand:CXCL2
EP_hyaline	Macrophage	FGF2	SDC3	0.4754526	0.0	0.15367316	0.22331742825920942	0.25673763991120935	0.03760758	0.5830605	0.058146487233731545	1.0	degenerated	True	pain_ligand:FGF2
EP_hyaline	Macrophage	ADAM17	IL6R	0.33340123	0.0	0.11021872	0.14642868253067964	0.10876752018250918	0.010585119	0.5421918	0.6092135001917155	1.0	degenerated	True	pain_receptor:IL6R
EP_hyaline	Macrophage	ANGPT1	ITGA5	0.4321602	0.0	0.098277606	0.2476831767477015	0.2548543867213279	0.013321343	0.5279295	0.2462084947826457	1.0	degenerated	True	pain_ligand:ANGPT1
EP_hyaline	Macrophage	ANGPT1	TIE1	0.36802012	0.0	0.080998756	2.30308381382387	0.780941070867478	0.074131206	0.5037882	0.006748888730949727	1.0	degenerated	True	pain_ligand:ANGPT1
NP_mature_chondrocyte	EP_ossification	TNFSF10	RIPK1	0.41425407	0.0	0.15430112	0.4635708682179135	0.5859370920233666	0.04258545	0.5835561	0.022358887538781447	1.0	degenerated	True	pain_ligand:TNF
NP_mature_chondrocyte	EP_ossification	TNFSF10	TNFRSF10B	0.366858	0.02	0.12750298	0.24984030044142244	0.40884480122051364	0.028052947	0.5602079	0.30660493875595307	1.0	degenerated	True	pain_ligand:TNF
NP_mature_chondrocyte	EP_ossification	TNFSF10	TNFRSF10D	0.43656087	0.0	0.16691358	0.3099446350331885	0.4836979113105726	0.036403652	0.59307075	0.022358887538781447	1.0	degenerated	True	pain_ligand:TNF
EP_hyaline	Macrophage	ADAM10	IL6R	0.3102045	0.04	0.093330465	0.06949942625599338	-0.07773131991328674	0.0069557084	0.52148914	1.0	1.0	degenerated	True	pain_receptor:IL6R
EP_hyaline	EP_ossification	SEMA3C	NRP2_PLXNA3	0.32326683	0.15	0.09413174	0.10958857078037207	0.09438646754726829	0.022028916	0.5225556	0.6891082037426672	1.0	degenerated	True	pain_receptor:NRP2
EP_hyaline	EP_ossification	SEMA3E	NRP2	0.40031946	0.69	0.10418065	-0.07971572744989927	-0.14620668806435086	0.013600844	0.53519154	1.0	1.0	degenerated	True	pain_receptor:NRP2
EP_hyaline	EP_ossification	SLIT3	ROBO2	0.5082681	0.0	0.11173776	2.184675343765173	1.0622529517764037	0.059779033	0.5438901	0.0008945154579187089	1.0	degenerated	True	pain_receptor:ROBO2
Pericyte_SMC	NP_fibrocartilaginous	PGF	NRP2	0.7347431	0.0	0.5317333	1.3409296237761932	0.8258627082957632	0.08307346	0.7223216	0.004476238486928848	1.0	degenerated	True	pain_receptor:NRP2
EP_hyaline	EP_ossification	NGF	KIDINS220	0.4196298	0.04	0.109486066	0.18621817333783097	0.17486328049436323	0.020567484	0.54136395	0.5127802429974624	1.0	degenerated	True	pain_ligand:NGF
EP_hyaline	EP_ossification	NGF	MAGED1	0.47964087	0.08	0.12887612	0.11530588774782799	0.16068515510359432	0.025464261	0.561527	0.5859597794384245	1.0	degenerated	True	pain_ligand:NGF
EP_hyaline	EP_ossification	NGF	SORCS2	0.40070364	0.0	0.10337087	0.9169628532855645	0.7178004836396796	0.080976926	0.5342209	0.011531017485331274	1.0	degenerated	True	pain_ligand:NGF
NP_mature_chondrocyte	EP_ossification	TNFSF10	TNFRSF11B	0.39584595	0.95	0.143893	-0.10404975244375397	-0.24671189979743546	0.014273219	0.5750465	1.0	1.0	degenerated	True	pain_ligand:TNF
NP_mature_chondrocyte	EP_ossification	TNFSF11	TNFRSF11B	0.35651347	0.95	0.1038535	-0.06323432872472198	-0.13975510602549857	0.035886884	0.53480035	1.0	1.0	degenerated	True	pain_ligand:TNF
Pericyte_SMC	NP_fibrocartilaginous	VEGFA	EGFR	0.40795988	0.96	0.1598069	-0.0334192540155398	-0.20866711550936376	0.010260421	0.58781	1.0	1.0	degenerated	True	pain_ligand:VEGFA
Pericyte_SMC	NP_fibrocartilaginous	VEGFA	SIRPA	0.42877156	0.98	0.18017529	-0.11562818676394507	-0.387392701937426	0.008972561	0.6022625	1.0	1.0	degenerated	True	pain_ligand:VEGFA
NP_fibrocartilaginous	NP_fibrocartilaginous	RARRES1	NRP2	0.43905294	0.0	0.15049134	0.13256193514727763	0.18692223944333256	0.046326403	0.58051527	0.15759316158420195	1.0	degenerated	True	pain_receptor:NRP2
NP_fibrocartilaginous	NP_fibrocartilaginous	SEMA3E	NRP2	0.39611447	1.0	0.09512951	-0.0894219028061092	-0.20676436781858223	0.012419214	0.52387077	1.0	1.0	degenerated	True	pain_receptor:NRP2
EP_hyaline	EP_ossification	ADAM17	IL6R	0.42229575	0.02	0.16404967	0.27672138142903346	0.21624137991453624	0.015754905	0.5909806	0.4434763784350897	1.0	degenerated	True	pain_receptor:IL6R
EP_hyaline	EP_hyaline	VEGFA	NRP2	0.739953	0.57	0.5421109	-0.004235960928157733	0.018167495053976968	0.016151095	0.72425586	1.0	1.0	degenerated	True	pain_ligand:VEGFA; pain_receptor:NRP2
EP_hyaline	EP_ossification	ADAM10	IL6R	0.39909905	0.03	0.13891317	0.1997921251543472	0.02974253981874031	0.010352884	0.5707375	0.6553834731628883	1.0	degenerated	True	pain_receptor:IL6R
EP_hyaline	EP_hyaline	NGF	MAGED1	0.45421508	0.0	0.12066084	0.0841661013746302	0.05744735421126518	0.023841029	0.55340254	0.34003457091577555	1.0	degenerated	True	pain_ligand:NGF
EP_hyaline	EP_hyaline	PDGFA	PDGFRA	0.45063734	0.0	0.13942915	0.16779191313570618	0.2627794546968423	0.016667675	0.57119155	0.0961997573582195	1.0	degenerated	True	pain_ligand:PDGFA
EP_hyaline	EP_hyaline	SEMA3E	NRP2	0.4149268	1.0	0.10895777	-0.0626542367038861	-0.08029152422484817	0.014224499	0.54076344	1.0	1.0	degenerated	True	pain_receptor:NRP2
NP_mature_chondrocyte	EP_ossification	SEMA3C	NRP2_PLXNA3	0.3344324	0.08	0.09907663	0.12424460110449881	0.20653208594843728	0.02318613	0.52893835	0.5859597794384245	1.0	degenerated	True	pain_receptor:NRP2
EP_hyaline	EP_hyaline	FGF2	SDC2	0.72967166	1.0	0.5322011	-0.09803528408770446	-0.17051087263610176	0.01657346	0.7224099	1.0	1.0	degenerated	True	pain_ligand:FGF2
EP_hyaline	EP_hyaline	FGF2	SDC4	0.74269426	0.0	0.5515915	0.08148396323951765	0.0917141297398485	0.026787437	0.7259837	0.3047539475665249	1.0	degenerated	True	pain_ligand:FGF2
EP_hyaline	EP_hyaline	FGF2	FGFR2	0.44167888	0.0	0.10338469	0.06094609961561749	0.07405669273736848	0.021568941	0.53423744	0.3920126386318391	1.0	degenerated	True	pain_ligand:FGF2
NP_fibrocartilaginous	NP_fibrocartilaginous	VEGFA	EGFR	0.36464012	1.0	0.13151306	-0.0755051644911405	-0.33182646387348125	0.008443811	0.56401896	1.0	1.0	degenerated	True	pain_ligand:VEGFA
NP_fibrocartilaginous	NP_fibrocartilaginous	VEGFA	GPC1	0.42685816	1.0	0.18162477	-0.0958661493310229	-0.3606766237157544	0.010379877	0.6032218	1.0	1.0	degenerated	True	pain_ligand:VEGFA
NP_fibrocartilaginous	NP_fibrocartilaginous	VEGFA	SIRPA	0.3854518	1.0	0.14827521	-0.15771409723954577	-0.5105520503015435	0.007383967	0.5787078	1.0	1.0	degenerated	True	pain_ligand:VEGFA
NP_fibrocartilaginous	NP_mature_chondrocyte	ADAM10	IL6R	0.2991891	0.0	0.08587346	0.0630085574197341	-0.193216015255962	0.006399955	0.51109153	1.0	1.0	degenerated	True	pain_receptor:IL6R
NP_fibrocartilaginous	NP_mature_chondrocyte	ANGPT1	ITGA5	0.32288805	0.0	0.09593268	0.14434814689669842	0.18376242307783616	0.013003492	0.5249192	0.27546416101624094	1.0	degenerated	True	pain_ligand:ANGPT1
EP_hyaline	B_cell	TNFSF9	HLA-DPA1	0.45938286	0.0	0.17000946	0.7328214212833049	1.1185056425290667	0.046312522	0.5952864	0.004330968621211913	1.0	degenerated	True	pain_ligand:TNF
EP_hyaline	B_cell	NGF	KIDINS220	0.328653	0.1	0.080090724	0.06047972821914954	0.25102354960316725	0.015045428	0.50237906	0.6195139642268302	1.0	degenerated	True	pain_ligand:NGF
EP_hyaline	B_cell	ANGPT1	ITGB1	0.38791612	1.0	0.08635859	-0.3484551227095074	-0.5028522991136581	0.0034197294	0.51179534	1.0	1.0	degenerated	True	pain_ligand:ANGPT1
EP_hyaline	AF_outer	SEMA3E	NRP2	0.32335126	1.0	0.07900931	-0.16961516908123006	-0.3504356794282931	0.01031471	0.50067973	1.0	1.0	degenerated	True	pain_receptor:NRP2
EP_hyaline	AF_outer	NGF	MAGED1	0.44975227	0.0	0.11921887	0.0787006175826356	0.041683941559342796	0.023556113	0.55191636	0.38275776382180166	1.0	degenerated	True	pain_ligand:NGF
Pericyte_SMC	NP_mature_chondrocyte	VEGFA	GPC1	0.37285063	1.0	0.1254455	-0.2151325584421107	-0.5055034990511298	0.007169225	0.55820286	1.0	1.0	degenerated	True	pain_ligand:VEGFA
Pericyte_SMC	NP_mature_chondrocyte	VEGFA	SIRPA	0.3731749	1.0	0.12576286	-0.2059536032503285	-0.5267999674407677	0.006262873	0.5585144	1.0	1.0	degenerated	True	pain_ligand:VEGFA
EP_hyaline	AF_outer	FGF2	FGFR2	0.4551374	0.0	0.12342418	0.09424146958272206	0.09810190415464093	0.025749741	0.5561989	0.26140782118450145	1.0	degenerated	True	pain_ligand:FGF2
EP_hyaline	AF_outer	FGF2	SDC3	0.4491118	0.0	0.11445213	0.14122521351376388	0.1206634857761695	0.028009238	0.54686564	0.20507625115607706	1.0	degenerated	True	pain_ligand:FGF2
Pericyte_SMC	Pericyte_SMC	ANGPT1	ITGA5	0.4002581	0.0	0.1356277	0.41931527356202447	0.29835377557102494	0.018384077	0.56780297	0.04634728755796646	1.0	degenerated	True	pain_ligand:ANGPT1
Pericyte_SMC	Pericyte_SMC	ANGPT2	ITGA5_ITGB1	0.4193271	0.0	0.14491361	1.4801898276940446	0.5141214586749729	0.030395493	0.5759098	0.022358887538781447	1.0	degenerated	True	pain_ligand:ANGPT2
NP_fibrocartilaginous	NP_mature_chondrocyte	FGF2	FGFR1	0.76253605	0.2	0.5369888	0.006874574683575774	-0.005953559686825982	0.017151112	0.7233069	0.7481624991200764	1.0	degenerated	True	pain_ligand:FGF2
NP_fibrocartilaginous	NP_mature_chondrocyte	FGF2	FGFR2	0.348927	1.0	0.08065296	-0.038322202199907104	-0.0952522204107889	0.016826462	0.50325346	1.0	1.0	degenerated	True	pain_ligand:FGF2
NP_fibrocartilaginous	NP_mature_chondrocyte	FGF2	FGFR3	0.38431644	0.97	0.11969823	0.05125009051286432	0.06504733309875838	0.033092566	0.5524125	1.0	1.0	degenerated	True	pain_ligand:FGF2
EP_hyaline	AF_inner	VEGFA	GPC1	0.48849773	1.0	0.1329579	-0.1346679537352739	-0.21761858813496796	0.00759856	0.5653619	1.0	1.0	degenerated	True	pain_ligand:VEGFA
EP_hyaline	AF_inner	SEMA3E	NRP2	0.3501806	1.0	0.087783456	-0.13827837542574006	-0.23666619057387725	0.01146018	0.51383966	1.0	1.0	degenerated	True	pain_receptor:NRP2
EP_hyaline	AF_inner	FGF2	FGFR1	0.75655115	0.49	0.5722242	2.9136930470109734e-05	-0.057731658975084255	0.01827651	0.72962123	1.0	1.0	degenerated	True	pain_ligand:FGF2
EP_hyaline	AF_inner	FGF2	FGFR2	0.47334683	0.0	0.15053773	0.13929023118733447	0.13682082993285397	0.031406384	0.58055276	0.17823150144379804	1.0	degenerated	True	pain_ligand:FGF2
EP_hyaline	AF_inner	ANGPT1	ITGB1	0.5790022	1.0	0.13783573	-0.16595230170910602	-0.390705432415802	0.0054581813	0.56978333	1.0	1.0	degenerated	True	pain_ligand:ANGPT1
B_cell	unassigned	VEGFA	SIRPA	0.3648941	1.0	0.13074556	-0.19476913703976548	0.022515629820430483	0.0065110065	0.5632992	1.0	1.0	degenerated	True	pain_ligand:VEGFA
NP_mature_chondrocyte	EP_ossification	IL11	IL6R	0.4247014	0.01	0.1666565	0.3471367518492805	0.5653027831702624	0.053115916	0.59288466	0.10878862722414684	1.0	degenerated	True	pain_receptor:IL6R
B_cell	T_cell	VEGFA	ITGB1	0.43424058	1.0	0.18815137	-0.664988419408701	-0.9486606745384889	0.001801924	0.6074389	1.0	1.0	degenerated	True	pain_ligand:VEGFA
B_cell	T_cell	VEGFA	SIRPA	0.33044714	1.0	0.102230005	-0.2507334338752346	-0.3995542984293446	0.005090959	0.53283983	1.0	1.0	degenerated	True	pain_ligand:VEGFA
B_cell	unassigned	GRN	TNFRSF1A	0.42458904	1.0	0.15108185	-0.3227664362966073	-0.006084802074673101	0.0025101139	0.580992	1.0	1.0	degenerated	True	pain_receptor:TNFRSF1A
B_cell	T_cell	GRN	TNFRSF1A	0.32423836	1.0	0.100158595	-0.4451257811960618	-0.6799302208399701	0.0016640616	0.53029126	1.0	1.0	degenerated	True	pain_receptor:TNFRSF1A
B_cell	T_cell	ADAM10	IL6R	0.3556391	0.0	0.11014182	0.13341914732667726	0.15972802982974704	0.008208621	0.5421052	0.9349047881567484	1.0	degenerated	True	pain_receptor:IL6R
Pericyte_SMC	Pericyte_SMC	VEGFA	GPC1	0.3271865	1.0	0.08075403	-0.2908362533929991	-0.5745988816016407	0.004615102	0.50341	1.0	1.0	degenerated	True	pain_ligand:VEGFA
Pericyte_SMC	T_cell	ADAM10	IL6R	0.36396027	0.04	0.11818768	0.14717333518004955	0.20104501080699155	0.00880826	0.5508419	1.0	1.0	degenerated	True	pain_receptor:IL6R
Pericyte_SMC	T_cell	ADAM17	IL6R	0.3483209	0.01	0.10306579	0.15209023865157462	0.21802206141989977	0.00989817	0.5338531	0.7548664211883019	1.0	degenerated	True	pain_receptor:IL6R
B_cell	Pericyte_SMC	GRN	TNFRSF1A	0.3739837	1.0	0.12540202	-0.38447038182762894	-0.6395892302846393	0.0020834624	0.5581601	1.0	1.0	degenerated	True	pain_receptor:TNFRSF1A
B_cell	NP_mature_chondrocyte	VEGFA	GPC1	0.3351285	1.0	0.10610525	-0.2517803006807869	-0.4693742643650331	0.0060639274	0.53746754	1.0	1.0	degenerated	True	pain_ligand:VEGFA
B_cell	NP_mature_chondrocyte	VEGFA	SIRPA	0.33545274	1.0	0.10637368	-0.24260134548900467	-0.49067073275467105	0.00529731	0.5377816	1.0	1.0	degenerated	True	pain_ligand:VEGFA
B_cell	NP_mature_chondrocyte	GRN	TNFRSF1A	0.37255132	1.0	0.124675155	-0.3862171002145791	-0.7843715501828575	0.002071386	0.55744326	1.0	1.0	degenerated	True	pain_receptor:TNFRSF1A
NP_fibrocartilaginous	NP_mature_chondrocyte	PDGFC	FLT1	0.3123814	0.0	0.0974738	0.13246840098876667	0.2602664397623918	0.022616124	0.52690595	0.1578027966221967	1.0	degenerated	True	pain_receptor:FLT1
B_cell	NP_fibrocartilaginous	VEGFA	SIRPA	0.39104939	1.0	0.15239722	-0.15227592900262124	-0.35126346725132923	0.007589239	0.58204675	1.0	1.0	degenerated	True	pain_ligand:VEGFA
Pericyte_SMC	T_cell	GRN	TNFRSF1A	0.42764837	1.0	0.18180086	-0.3366515134741543	-0.5170990668218537	0.0030204875	0.60333776	1.0	1.0	degenerated	True	pain_receptor:TNFRSF1A
B_cell	NP_fibrocartilaginous	VEGFA	EGFR	0.3702377	1.0	0.13516907	-0.07006699625421597	-0.17253788082326701	0.008678546	0.56738734	1.0	1.0	degenerated	True	pain_ligand:VEGFA
B_cell	NP_fibrocartilaginous	VEGFA	GPC1	0.43245578	1.0	0.18667388	-0.09042798109409837	-0.20138804066554017	0.010668434	0.6064986	1.0	1.0	degenerated	True	pain_ligand:VEGFA
B_cell	NP_fibrocartilaginous	CXCL8	SDC3	0.34891427	0.08	0.08438267	0.15585071774309983	-0.2896552221984843	0.013854217	0.5089033	1.0	1.0	degenerated	True	pain_ligand:CXCL8
Pericyte_SMC	T_cell	VEGFA	SIRPA	0.3681693	1.0	0.12086389	-0.2140856916365584	-0.43568353311544133	0.006018909	0.55361027	1.0	1.0	degenerated	True	pain_ligand:VEGFA
NP_fibrocartilaginous	NP_mature_chondrocyte	PIGF	FLT1	0.35130116	0.0	0.12259962	0.2901028997831837	0.4939651839612093	0.03271942	0.55537146	0.022358887538781447	1.0	degenerated	True	pain_receptor:FLT1
NP_fibrocartilaginous	NP_mature_chondrocyte	SEMA3C	NRP2_PLXNA3	0.37889037	0.0	0.08562058	0.1322409087092921	0.172236053524113	0.020037116	0.51072305	0.1584855551569031	1.0	degenerated	True	pain_receptor:NRP2
NP_fibrocartilaginous	NP_mature_chondrocyte	SEMA3E	NRP2	0.5209307	0.0	0.13196637	0.05636529109434753	0.17288219295706517	0.017228287	0.564442	0.41436771731564426	1.0	degenerated	True	pain_receptor:NRP2
B_cell	Macrophage	VEGFA	ITGA9	0.332561	0.99	0.10397986	0.44538877699357626	0.002065192237405422	0.027235782	0.53495157	0.5633783918837989	1.0	degenerated	True	pain_ligand:VEGFA
B_cell	Macrophage	VEGFA	SIRPA	0.427634	1.0	0.18268237	-0.09283854870911716	-0.18989343624760824	0.009097411	0.6039164	1.0	1.0	degenerated	True	pain_ligand:VEGFA
B_cell	Macrophage	GRN	TNFRSF1A	0.43958023	1.0	0.15868917	-0.30448741784924016	-0.5200959519776952	0.002636504	0.5869594	1.0	1.0	degenerated	True	pain_receptor:TNFRSF1A
B_cell	Macrophage	CXCL8	SDC3	0.37430567	0.04	0.11191696	0.23498404679945467	-0.1875134686586496	0.018374885	0.54408884	1.0	1.0	degenerated	True	pain_ligand:CXCL8
B_cell	EP_ossification	VEGFA	GPC1	0.41904104	1.0	0.17556901	-0.11266726651052048	-0.1911963750966112	0.01003379	0.5991566	1.0	1.0	degenerated	True	pain_ligand:VEGFA
B_cell	EP_ossification	VEGFA	ITGAV	0.38136363	1.0	0.14437924	-0.3021942309761988	-0.47605168041839796	0.0045942725	0.57545865	1.0	1.0	degenerated	True	pain_ligand:VEGFA
B_cell	EP_ossification	VEGFA	SIRPA	0.32569337	1.0	0.09829477	-0.2584566718239998	-0.45418502930868665	0.004894988	0.5279512	1.0	1.0	degenerated	True	pain_ligand:VEGFA
B_cell	Macrophage	ADAM10	IL6R	0.29592204	0.26	0.08293217	0.04589173456834818	-0.03895293445836606	0.006180747	0.5067365	1.0	1.0	degenerated	True	pain_receptor:IL6R
Pericyte_SMC	unassigned	VEGFA	SIRPA	0.40261623	1.0	0.15457709	-0.1581213948010893	-0.013613604865666262	0.007697795	0.5837733	1.0	1.0	degenerated	True	pain_ligand:VEGFA
B_cell	EP_ossification	GRN	TNFRSF1A	0.45570377	1.0	0.1668711	-0.28482763141552236	-0.5548454314256885	0.0027724407	0.59304005	1.0	1.0	degenerated	True	pain_receptor:TNFRSF1A
T_cell	AF_inner	ADAM10	IL6R	0.35632917	0.0	0.11240066	0.15775800862899894	0.153642795073217	0.008376967	0.5446237	0.9292620880608502	1.0	degenerated	True	pain_receptor:IL6R
B_cell	EP_hyaline	VEGFA	EGFR	0.42735076	0.99	0.18244788	0.04676138232833013	-0.12534988335009345	0.011714088	0.6037628	1.0	1.0	degenerated	True	pain_ligand:VEGFA
B_cell	EP_hyaline	VEGFA	GPC1	0.442613	1.0	0.19508214	-0.07358880312773267	-0.2341090294771725	0.011148968	0.6117434	1.0	1.0	degenerated	True	pain_ligand:VEGFA
B_cell	EP_hyaline	VEGFA	ITGAV	0.3963697	1.0	0.15680142	-0.28208446868962245	-0.49394879574298495	0.0049895565	0.585508	1.0	1.0	degenerated	True	pain_ligand:VEGFA
B_cell	EP_hyaline	VEGFA	SIRPA	0.32754713	1.0	0.09982932	-0.2554449286893787	-0.5078490343114381	0.0049714074	0.5298811	1.0	1.0	degenerated	True	pain_ligand:VEGFA
B_cell	EP_ossification	ADAM10	IL6R	0.38481653	0.06	0.123436324	0.17618443346670198	0.06852092527366099	0.009199431	0.55621105	0.923025103659916	1.0	degenerated	True	pain_receptor:IL6R
B_cell	EP_hyaline	GRN	TNFRSF1A	0.4489356	1.0	0.16343658	-0.29308035626951157	-0.5820653830674832	0.0027153785	0.590528	1.0	1.0	degenerated	True	pain_receptor:TNFRSF1A
B_cell	AF_outer	VEGFA	EGFR	0.37256604	1.0	0.13709651	-0.06530418998895288	-0.18725774927426678	0.0088022975	0.56912416	1.0	1.0	degenerated	True	pain_ligand:VEGFA
B_cell	AF_outer	VEGFA	GPC1	0.4380768	1.0	0.19132704	-0.08110902870455416	-0.18068758866063217	0.010934362	0.60943264	1.0	1.0	degenerated	True	pain_ligand:VEGFA
B_cell	AF_outer	VEGFA	NRP2	0.44854516	1.0	0.19999287	-0.3053374261651161	-0.5991487823234832	0.005958382	0.6146916	1.0	1.0	degenerated	True	pain_ligand:VEGFA; pain_receptor:NRP2
B_cell	AF_outer	VEGFA	SIRPA	0.39052492	1.0	0.15196307	-0.15312770977850984	-0.36731200405513986	0.0075676194	0.5816997	1.0	1.0	degenerated	True	pain_ligand:VEGFA
NP_fibrocartilaginous	NP_mature_chondrocyte	VEGFA	GPC1	0.32953086	1.0	0.10323535	-0.2572184689177114	-0.6286628474152474	0.0058999117	0.53405756	1.0	1.0	degenerated	True	pain_ligand:VEGFA
NP_fibrocartilaginous	NP_mature_chondrocyte	VEGFA	SIRPA	0.32985514	1.0	0.103496514	-0.2480395137259292	-0.6499593158048853	0.0051540295	0.534372	1.0	1.0	degenerated	True	pain_ligand:VEGFA
NP_mature_chondrocyte	EP_ossification	CXCL8	SDC2	0.37685013	1.0	0.13506408	-0.32970423646546343	-1.2325794880978864	0.0028218161	0.5672919	1.0	1.0	degenerated	True	pain_ligand:CXCL8
T_cell	AF_inner	VEGFA	GPC1	0.32364202	1.0	0.07907474	-0.2948280605704938	-0.38384094644733857	0.004519131	0.5007832	1.0	1.0	degenerated	True	pain_ligand:VEGFA
T_cell	AF_inner	VEGFA	ITGAV	0.44228405	1.0	0.19388673	-0.2334460086411786	-0.3182594083220553	0.006169643	0.61101323	1.0	1.0	degenerated	True	pain_ligand:VEGFA
T_cell	AF_inner	VEGFA	SIRPA	0.37641877	1.0	0.13014774	-0.19888990058348963	-0.2588836138349352	0.006481236	0.56273544	1.0	1.0	degenerated	True	pain_ligand:VEGFA
B_cell	AF_outer	CXCL8	SDC3	0.34796485	0.08	0.08335311	0.15289183205400914	-0.32358762279368947	0.013685181	0.5073692	1.0	1.0	degenerated	True	pain_ligand:CXCL8
B_cell	AF_inner	VEGFA	ITGAV	0.40730745	1.0	0.16585582	-0.2674264346655731	-0.4992091721836999	0.0052776756	0.59230334	1.0	1.0	degenerated	True	pain_ligand:VEGFA
B_cell	AF_inner	VEGFA	SIRPA	0.34144217	1.0	0.11133181	-0.23287032660788412	-0.4398333776965798	0.0055442206	0.5434386	1.0	1.0	degenerated	True	pain_ligand:VEGFA
B_cell	AF_inner	GRN	TNFRSF1A	0.40915143	1.0	0.14324798	-0.3415896708732618	-0.6348200515455891	0.00237996	0.57449746	1.0	1.0	degenerated	True	pain_receptor:TNFRSF1A
T_cell	AF_outer	CXCL2	DPP4	0.41762716	0.0	0.17181775	0.43541600453069557	0.790701894349092	0.0504927	0.5965603	0.022358887538781447	1.0	degenerated	True	pain_ligand:CXCL2
T_cell	AF_outer	CXCL8	SDC1	0.65459365	0.0	0.12477709	0.410198308384748	0.3974731692017423	0.035272285	0.557544	0.022358887538781447	1.0	degenerated	True	pain_ligand:CXCL8
AF_outer	unassigned	VEGFA	SIRPA	0.33075535	1.0	0.10917791	-0.22793549347425582	-0.21884937076440697	0.0054369583	0.541014	1.0	1.0	degenerated	True	pain_ligand:VEGFA
AF_outer	T_cell	VEGFA	ITGB1	0.40010187	1.0	0.15711413	-0.6981547758431913	-1.1900256751233265	0.0015046806	0.58574975	1.0	1.0	degenerated	True	pain_ligand:VEGFA
AF_outer	T_cell	VEGFA	SIRPA	0.29630846	1.0	0.08536626	-0.28389979030972495	-0.6409192990141821	0.00425116	0.5103514	1.0	1.0	degenerated	True	pain_ligand:VEGFA
AF_outer	T_cell	ADAM17	IL6R	0.38881934	0.0	0.14222427	0.22609995939028343	0.310230387870646	0.013658849	0.5736206	0.21988494677563175	1.0	degenerated	True	pain_receptor:IL6R
AF_outer	T_cell	ANGPT1	ITGA5	0.3701347	0.0	0.1079627	0.19415020632668167	0.3486975653372246	0.014634138	0.53962404	0.15932891203314536	1.0	degenerated	True	pain_ligand:ANGPT1
AF_outer	T_cell	ANGPT1	ITGB1	0.3271539	1.0	0.090793386	-0.3587095727943812	-0.48021692875263067	0.0035953436	0.5180494	1.0	1.0	degenerated	True	pain_ligand:ANGPT1
AF_outer	T_cell	ADAM10	IL6R	0.44391912	0.0	0.19550097	0.2793380809124825	0.3384981188643248	0.014570245	0.611998	0.1625215104525622	1.0	degenerated	True	pain_receptor:IL6R
T_cell	AF_outer	TNFSF13B	TFRC	0.33153933	0.1	0.08931355	0.14259589169714687	-0.06319806641644019	0.015902156	0.5159977	0.7417239715801314	1.0	degenerated	True	pain_ligand:TNF
T_cell	AF_outer	VEGFA	EGFR	0.40754265	1.0	0.16026686	-0.03132376396455838	-0.006307985412622147	0.010289952	0.5881581	1.0	1.0	degenerated	True	pain_ligand:VEGFA
T_cell	AF_outer	VEGFA	SIRPA	0.42550153	1.0	0.17764598	-0.11914728375411535	-0.18636224019349523	0.008846604	0.60056806	1.0	1.0	degenerated	True	pain_ligand:VEGFA
AF_outer	Pericyte_SMC	ADAM10	IL6R	0.30261493	0.16	0.08121935	0.07222851941415298	-0.12632151824724597	0.006053095	0.5041281	1.0	1.0	degenerated	True	pain_receptor:IL6R
AF_outer	NP_mature_chondrocyte	VEGFA	GPC1	0.30098975	1.0	0.088602245	-0.2849466571152772	-0.7107392649498705	0.005063629	0.51499915	1.0	1.0	degenerated	True	pain_ligand:VEGFA
AF_outer	NP_mature_chondrocyte	VEGFA	SIRPA	0.30131403	1.0	0.088826396	-0.27576770192349503	-0.7320357333395084	0.0044234716	0.5153147	1.0	1.0	degenerated	True	pain_ligand:VEGFA
AF_outer	NP_mature_chondrocyte	SEMA3C	NRP2_PLXNA3	0.41300488	0.0	0.09504905	0.17701993764498739	0.29537141935985445	0.022243587	0.5237652	0.0846415332497232	1.0	degenerated	True	pain_receptor:NRP2
T_cell	B_cell	TNFSF13B	HLA-DPB1	0.38927257	0.0	0.11102075	0.5106748825752983	0.806112363229474	0.029638724	0.5430915	0.022358887538781447	1.0	degenerated	True	pain_ligand:TNF
AF_outer	NP_mature_chondrocyte	PIGF	FLT1	0.3682785	0.0	0.13355984	0.3234843447555698	0.47823199786439935	0.035644487	0.56591684	0.022358887538781447	1.0	degenerated	True	pain_receptor:FLT1
T_cell	EP_hyaline	ADAM10	IL6R	0.3276687	0.0	0.08505656	0.11575034849056583	0.05081961451434702	0.0063390727	0.5098973	1.0	1.0	degenerated	True	pain_receptor:IL6R
AF_outer	NP_mature_chondrocyte	FGF2	FGFR3	0.371153	1.0	0.11398577	0.03645928178704584	0.023487912360477703	0.031513266	0.5463597	1.0	1.0	degenerated	True	pain_ligand:FGF2
NP_fibrocartilaginous	T_cell	ADAM10	IL6R	0.42149183	0.0	0.17381573	0.24226759834853762	0.307674351373766	0.012954093	0.59795076	0.28051529156865695	1.0	degenerated	True	pain_receptor:IL6R
NP_fibrocartilaginous	T_cell	ADAM17	IL6R	0.39320087	0.0	0.14646082	0.2341069156065998	0.3165479690634233	0.014065716	0.5772062	0.19394974444186347	1.0	degenerated	True	pain_receptor:IL6R
NP_fibrocartilaginous	T_cell	ANGPT1	ITGA5	0.3860946	0.0	0.12521654	0.23284239294662123	0.44207447069465367	0.016972864	0.5579776	0.07320973341967564	1.0	degenerated	True	pain_ligand:ANGPT1
NP_fibrocartilaginous	T_cell	ANGPT1	ITGB1	0.34311378	1.0	0.10530335	-0.32001738617444164	-0.3868400233952016	0.004169926	0.5365245	1.0	1.0	degenerated	True	pain_ligand:ANGPT1
AF_outer	NP_mature_chondrocyte	ANGPT1	ITGA5	0.30692813	0.0	0.08271392	0.10565596027675885	0.09038551772040715	0.011211714	0.50640714	0.49977132242026645	1.0	degenerated	True	pain_ligand:ANGPT1
AF_outer	NP_fibrocartilaginous	VEGFA	EGFR	0.336099	1.0	0.11287173	-0.10323335268870631	-0.4139028814081045	0.0072469427	0.5451423	1.0	1.0	degenerated	True	pain_ligand:VEGFA
AF_outer	NP_fibrocartilaginous	VEGFA	GPC1	0.39831704	1.0	0.15588036	-0.12359433752858871	-0.4427530412503776	0.008908581	0.584793	1.0	1.0	degenerated	True	pain_ligand:VEGFA
AF_outer	NP_fibrocartilaginous	VEGFA	ITGAV	0.45574412	1.0	0.19557719	-0.18993189219006015	-0.5466783288799134	0.006223435	0.61204433	1.0	1.0	degenerated	True	pain_ligand:VEGFA
AF_outer	NP_fibrocartilaginous	VEGFA	SIRPA	0.35691068	1.0	0.12725794	-0.18544228543711158	-0.5926284678361666	0.0063373265	0.5599709	1.0	1.0	degenerated	True	pain_ligand:VEGFA
AF_outer	NP_mature_chondrocyte	ADAM10	IL6R	0.3216164	0.0	0.09658703	0.10007903998367901	-0.16239224776540317	0.0071984134	0.5257668	1.0	1.0	degenerated	True	pain_receptor:IL6R
AF_outer	NP_fibrocartilaginous	SEMA3A	NRP2	0.42789024	1.0	0.13609894	-0.09841426059665616	-0.2758462321883556	0.008474382	0.56822854	1.0	1.0	degenerated	True	pain_ligand:SEMA3A; pain_receptor:NRP2
AF_outer	NP_fibrocartilaginous	SEMA3C	NRP2_PLXNA1	0.40385133	0.0	0.08245704	0.21746338883254002	0.3309054945555828	0.027907113	0.50601846	0.04702034811708581	1.0	degenerated	True	pain_receptor:NRP2
AF_outer	NP_fibrocartilaginous	SEMA3C	NRP2_PLXNA3	0.40346393	0.0	0.08192413	0.15295301250414545	0.24884076767338584	0.019172065	0.505208	0.11832584456956673	1.0	degenerated	True	pain_receptor:NRP2
AF_outer	NP_fibrocartilaginous	SEMA3E	NRP2	0.4460861	0.54	0.1595594	-0.0010188143326067152	-0.08439293237093176	0.02083057	0.58762217	1.0	1.0	degenerated	True	pain_receptor:NRP2
T_cell	EP_hyaline	VEGFA	ITGAV	0.4313463	1.0	0.18330204	-0.24810404266522795	-0.3129990318813403	0.005832829	0.60432136	1.0	1.0	degenerated	True	pain_ligand:VEGFA
T_cell	EP_hyaline	VEGFA	SIRPA	0.36252373	1.0	0.11670124	-0.2214645026649842	-0.3268992704497935	0.005811613	0.54927576	1.0	1.0	degenerated	True	pain_ligand:VEGFA
AF_outer	NP_fibrocartilaginous	FGF2	SDC3	0.34047753	1.0	0.08175664	0.02104978575762423	-0.10225535644257354	0.020007849	0.5049523	1.0	1.0	degenerated	True	pain_ligand:FGF2
AF_outer	NP_fibrocartilaginous	ANGPT1	ITGA5	0.31269464	0.0	0.085017435	0.11372959022963197	0.05201750758280055	0.011523952	0.5098398	0.45400431454199697	1.0	degenerated	True	pain_ligand:ANGPT1
AF_outer	Macrophage	VEGFA	ITGA9	0.29842228	1.0	0.08682746	0.412222420559086	-0.23929980834743203	0.022742998	0.5124718	0.9299790748789538	1.0	degenerated	True	pain_ligand:VEGFA
AF_outer	Macrophage	VEGFA	ITGAV	0.4389982	1.0	0.18400146	-0.2123733105069691	-0.5135964940042604	0.0058550853	0.60477656	1.0	1.0	degenerated	True	pain_ligand:VEGFA
AF_outer	Macrophage	VEGFA	SIRPA	0.3934953	1.0	0.15254728	-0.12600490514360752	-0.4312584368324457	0.0075967126	0.5821665	1.0	1.0	degenerated	True	pain_ligand:VEGFA
AF_outer	Macrophage	TNFSF12	TNFRSF12A	0.35407078	1.0	0.12463077	-0.26968617749757245	-0.5327039253723433	0.0053436738	0.5573993	1.0	1.0	degenerated	True	pain_ligand:TNF
AF_outer	Macrophage	TNFSF9	HLA-DPA1	0.6812228	0.0	0.16116805	1.2525195850217792	1.0646077768632063	0.043904025	0.5888371	0.005982324347489454	1.0	degenerated	True	pain_ligand:TNF
AF_outer	Macrophage	SEMA3A	NRP2	0.48523358	0.57	0.1603111	-0.031436490970419784	-0.11158261984574669	0.009981985	0.58819157	1.0	1.0	degenerated	True	pain_ligand:SEMA3A; pain_receptor:NRP2
T_cell	EP_ossification	TNFSF13B	TFRC	0.35236073	0.28	0.09714222	0.16719096467852765	0.05181891009061748	0.01729604	0.5264813	0.8308983934449269	1.0	degenerated	True	pain_ligand:TNF
T_cell	EP_ossification	VEGFA	GPC1	0.45401764	0.99	0.20524152	-0.07868684048612598	-0.010246611234966563	0.011729576	0.61775494	1.0	1.0	degenerated	True	pain_ligand:VEGFA
T_cell	EP_ossification	VEGFA	ITGAV	0.41634023	1.0	0.16878045	-0.2682138049518043	-0.29510191655675333	0.0053707394	0.59441215	1.0	1.0	degenerated	True	pain_ligand:VEGFA
T_cell	EP_ossification	VEGFA	SIRPA	0.36066997	1.0	0.11490733	-0.22447624579960532	-0.273235265447042	0.005722278	0.5473574	1.0	1.0	degenerated	True	pain_ligand:VEGFA
T_cell	Macrophage	ADAM10	IL6R	0.42052865	0.0	0.1736514	0.2518550820037991	0.39236032395462317	0.012941846	0.5978371	0.28197114528462663	1.0	degenerated	True	pain_receptor:IL6R
AF_outer	Macrophage	FGF2	SDC3	0.36586893	0.94	0.108434044	0.10018311481397908	-0.00011360290273887408	0.026536463	0.54016507	1.0	1.0	degenerated	True	pain_ligand:FGF2
AF_outer	Macrophage	FGF2	SDC4	0.38271445	1.0	0.12613277	-0.3332371243088525	-0.5791474459385425	0.0061255004	0.5588765	1.0	1.0	degenerated	True	pain_ligand:FGF2
NP_fibrocartilaginous	T_cell	VEGFA	ITGB1	0.428643	1.0	0.1830623	-0.6704265876456255	-1.107949257588703	0.001753186	0.6041649	1.0	1.0	degenerated	True	pain_ligand:VEGFA
NP_fibrocartilaginous	T_cell	VEGFA	SIRPA	0.32484955	1.0	0.099464916	-0.2561716021121591	-0.5588428814795587	0.00495326	0.52942556	1.0	1.0	degenerated	True	pain_ligand:VEGFA
NP_mature_chondrocyte	EP_ossification	ADAM17	IL6R	0.36896992	0.04	0.10626457	0.1792700250591519	0.056312948301842414	0.010205373	0.5376541	0.6861139672083766	1.0	degenerated	True	pain_receptor:IL6R
AF_outer	Macrophage	ADAM17	IL6R	0.32910228	0.0	0.10708889	0.13857254663195434	0.11154942358253289	0.010284539	0.5386144	0.6703063642870408	1.0	degenerated	True	pain_receptor:IL6R
AF_outer	Macrophage	ANGPT1	ITGA5	0.46467823	0.0	0.14572947	0.3265190501993246	0.37233477828642103	0.019753352	0.5765953	0.029775984123298002	1.0	degenerated	True	pain_ligand:ANGPT1
AF_outer	Macrophage	ANGPT1	TIE1	0.40053815	0.0	0.120107785	2.381919687275493	0.8984214624325711	0.10992434	0.55283475	0.0017804609385704898	1.0	degenerated	True	pain_ligand:ANGPT1
AF_outer	EP_ossification	VEGFA	GPC1	0.38490233	1.0	0.14660734	-0.14583362294501082	-0.43256137568144865	0.008378627	0.57732826	1.0	1.0	degenerated	True	pain_ligand:VEGFA
AF_outer	EP_ossification	VEGFA	ITGAV	0.34722495	1.0	0.120562606	-0.33536058741068914	-0.7174166810032354	0.0038364064	0.5533019	1.0	1.0	degenerated	True	pain_ligand:VEGFA
AF_outer	EP_ossification	VEGFA	SIRPA	0.29155466	1.0	0.08208017	-0.2916230282584902	-0.6955500298935241	0.004087516	0.5054459	1.0	1.0	degenerated	True	pain_ligand:VEGFA
AF_outer	Macrophage	ADAM10	IL6R	0.38420206	0.0	0.14720401	0.19181066815415343	0.1398171545762117	0.0109707825	0.5778237	0.5393613288109332	1.0	degenerated	True	pain_receptor:IL6R
AF_outer	EP_ossification	SEMA3E	NRP2	0.44231436	0.53	0.15769231	-0.005424036362367813	-0.07141959021043259	0.020586822	0.58619535	1.0	1.0	degenerated	True	pain_receptor:NRP2
AF_outer	EP_ossification	SEMA3A	NRP2	0.4241185	0.82	0.13450637	-0.10281948262641726	-0.2628728900278564	0.008375219	0.56678396	1.0	1.0	degenerated	True	pain_ligand:SEMA3A; pain_receptor:NRP2
AF_outer	EP_ossification	SEMA3C	NRP2_PLXNA3	0.4546281	0.0	0.15230772	0.28201342637555904	0.46021675513465665	0.035643388	0.5819753	0.022358887538781447	1.0	degenerated	True	pain_receptor:NRP2
AF_outer	EP_ossification	FGF2	FGFRL1	0.41595718	1.0	0.16105922	-0.23966069272912943	-0.44434888856083116	0.009487484	0.58875525	1.0	1.0	degenerated	True	pain_ligand:FGF2
T_cell	Macrophage	VEGFA	ITGA9	0.3675376	1.0	0.12155325	0.4793692030179708	0.18301495609905005	0.031838834	0.5543129	0.3570190460777526	1.0	degenerated	True	pain_ligand:VEGFA
NP_mature_chondrocyte	EP_hyaline	VEGFB	ADRB2	0.2977662	1.0	0.08217438	-0.13635909029934437	-0.3245376043412275	0.01059273	0.5055893	1.0	1.0	degenerated	True	pain_ligand:VEGFB
NP_mature_chondrocyte	EP_ossification	ADAM10	IL6R	0.35371286	0.07	0.08973165	0.12477293819500801	-0.12263490211548483	0.0066874963	0.5165809	1.0	1.0	degenerated	True	pain_receptor:IL6R
AF_outer	EP_ossification	FGF2	FGFR2	0.43973935	0.14	0.18604593	0.2041153743771978	0.18307298877747208	0.03881439	0.60609645	0.6781065007716052	1.0	degenerated	True	pain_ligand:FGF2
AF_outer	EP_hyaline	VEGFA	SIRPA	0.2934084	1.0	0.08336159	-0.288611285123869	-0.7492140348962756	0.0041513294	0.5073819	1.0	1.0	degenerated	True	pain_ligand:VEGFA
AF_outer	EP_ossification	ADAM17	IL6R	0.41799682	0.02	0.15939124	0.26886524553030816	0.21902328331455995	0.0153075205	0.58749443	0.4434763784350897	1.0	degenerated	True	pain_receptor:IL6R
AF_outer	EP_ossification	ANGPT1	ITGA5	0.34933347	0.08	0.09965333	0.16502685613580986	0.15742006246709728	0.01350782	0.52966136	0.5859597794384245	1.0	degenerated	True	pain_ligand:ANGPT1
AF_outer	EP_hyaline	VEGFA	EGFR	0.39321202	1.0	0.15235148	0.01359502589383979	-0.3667148839349309	0.009781744	0.58201027	1.0	1.0	degenerated	True	pain_ligand:VEGFA
AF_outer	EP_hyaline	VEGFA	GPC1	0.40847427	1.0	0.16290161	-0.106755159562223	-0.47547403006200994	0.009309846	0.5901316	1.0	1.0	degenerated	True	pain_ligand:VEGFA
AF_outer	EP_hyaline	VEGFA	ITGAV	0.36223096	1.0	0.13093562	-0.3152508251241128	-0.7353137963278225	0.004166485	0.5634779	1.0	1.0	degenerated	True	pain_ligand:VEGFA
NP_fibrocartilaginous	unassigned	VEGFA	SIRPA	0.35929647	1.0	0.12720919	-0.20020730527669	-0.13677295322978372	0.0063348985	0.5599237	1.0	1.0	degenerated	True	pain_ligand:VEGFA
AF_outer	EP_hyaline	SEMA3A	NRP2	0.43872583	1.0	0.14067405	-0.08575799188040409	-0.19695772618835372	0.008759258	0.5722799	1.0	1.0	degenerated	True	pain_ligand:SEMA3A; pain_receptor:NRP2
AF_outer	EP_hyaline	SEMA3C	NRP2_PLXNA3	0.42363942	0.0	0.10967839	0.203845230330782	0.359100709551055	0.025667176	0.54158175	0.05706300374689753	1.0	degenerated	True	pain_receptor:NRP2
AF_outer	EP_hyaline	SEMA3E	NRP2	0.4569217	0.19	0.16492318	0.011637454383645347	-0.005504426370929905	0.021530814	0.5916223	0.7361735343518007	1.0	degenerated	True	pain_receptor:NRP2
T_cell	NP_fibrocartilaginous	GRN	TNFRSF1A	0.7479217	0.22	0.5581009	0.02633312724729435	0.11865124675586913	0.009272436	0.727149	0.9042373989633085	1.0	degenerated	True	pain_receptor:TNFRSF1A
NP_mature_chondrocyte	EP_hyaline	TNFSF10	TNFRSF10B	0.28430924	0.0	0.080829166	0.11372447240255337	0.15100781722354273	0.017783869	0.5035262	0.20424782222329055	1.0	degenerated	True	pain_ligand:TNF
T_cell	NP_fibrocartilaginous	TNFSF13B	TFRC	0.33245066	0.06	0.089656204	0.1436722615516116	-0.033574474813541116	0.015963167	0.51647586	0.6279099817975669	1.0	degenerated	True	pain_ligand:TNF
T_cell	NP_fibrocartilaginous	VEGFA	EGFR	0.4052143	1.0	0.15801367	-0.03608657022982148	0.008411883038377616	0.010145286	0.58644223	1.0	1.0	degenerated	True	pain_ligand:VEGFA
AF_outer	EP_hyaline	ANGPT1	ITGA5	0.2991467	0.0	0.07960552	0.09476118178622885	0.05473095267249306	0.010790376	0.50161946	0.5704597922122524	1.0	degenerated	True	pain_ligand:ANGPT1
T_cell	NP_fibrocartilaginous	VEGFA	SIRPA	0.426026	1.0	0.1781535	-0.11829550297822675	-0.1703137033896846	0.008871878	0.6009102	1.0	1.0	degenerated	True	pain_ligand:VEGFA
T_cell	NP_mature_chondrocyte	ADAM10	IL6R	0.35794297	0.0	0.11394032	0.16012345383332463	0.0901509216130083	0.0084917145	0.5463103	1.0	1.0	degenerated	True	pain_receptor:IL6R
AF_outer	B_cell	TNFSF12	TNFRSF12A	0.30358493	1.0	0.0861416	-0.3186112645059119	-0.6407287505894455	0.0036934107	0.51148105	1.0	1.0	degenerated	True	pain_ligand:TNF
AF_outer	B_cell	TNFSF9	HLA-DPA1	0.39639354	0.0	0.08662111	0.5976509190395702	0.803776024610743	0.023596583	0.51217455	0.022358887538781447	1.0	degenerated	True	pain_ligand:TNF
AF_outer	B_cell	ANGPT1	ITGB1	0.42043415	1.0	0.12805553	-0.26961924925788433	-0.385371907548565	0.005070894	0.56074053	1.0	1.0	degenerated	True	pain_ligand:ANGPT1
AF_outer	AF_outer	VEGFA	EGFR	0.33842736	1.0	0.11448122	-0.09847054642344322	-0.4286227498591042	0.00735028	0.5468971	1.0	1.0	degenerated	True	pain_ligand:VEGFA
AF_outer	AF_outer	VEGFA	GPC1	0.40393808	1.0	0.15976593	-0.1142753851390445	-0.4220525892454696	0.009130642	0.5877789	1.0	1.0	degenerated	True	pain_ligand:VEGFA
AF_outer	AF_outer	VEGFA	ITGAV	0.4355455	1.0	0.18161477	-0.2170001071137173	-0.6197858208270055	0.0057791388	0.6032152	1.0	1.0	degenerated	True	pain_ligand:VEGFA
AF_outer	AF_outer	VEGFA	NRP2	0.41440645	1.0	0.16700226	-0.33850378259960645	-0.8405137829083207	0.004975494	0.5931348	1.0	1.0	degenerated	True	pain_ligand:VEGFA; pain_receptor:NRP2
AF_outer	AF_outer	VEGFA	SIRPA	0.35638624	1.0	0.12689541	-0.18629406621300018	-0.6086770046399773	0.0063192733	0.5596194	1.0	1.0	degenerated	True	pain_ligand:VEGFA
AF_outer	AF_outer	SEMA3A	NRP2	0.3471503	1.0	0.10200796	-0.19271892425774806	-0.46710188139179865	0.006351662	0.53256917	1.0	1.0	degenerated	True	pain_ligand:SEMA3A; pain_receptor:NRP2
AF_outer	AF_outer	SEMA3C	NRP2_PLXNA1	0.4066474	0.0	0.08630346	0.2261068323663325	0.33548337669563366	0.02920891	0.5117156	0.04091381668705938	1.0	degenerated	True	pain_receptor:NRP2
AF_outer	AF_outer	SEMA3C	NRP2_PLXNA3	0.4169059	0.0	0.10041547	0.18686019618815916	0.2945442627811436	0.02349945	0.53061026	0.07383068391089719	1.0	degenerated	True	pain_receptor:NRP2
AF_outer	AF_outer	SEMA3E	NRP2	0.36534616	1.0	0.11959189	-0.09532347799369861	-0.27564858157437483	0.015612789	0.5523026	1.0	1.0	degenerated	True	pain_receptor:NRP2
T_cell	NP_mature_chondrocyte	TNFSF13B	TFRC	0.47843352	0.0	0.1445445	0.3161143486198984	0.4458242058409505	0.025735954	0.57559836	0.022358887538781447	1.0	degenerated	True	pain_ligand:TNF
T_cell	NP_mature_chondrocyte	VEGFA	GPC1	0.3701051	1.0	0.12403785	-0.2177998746563924	-0.28842450050338847	0.007088777	0.556811	1.0	1.0	degenerated	True	pain_ligand:VEGFA
AF_outer	AF_outer	FGF2	FGFR2	0.34555373	1.0	0.087089926	-0.028892843862508268	-0.1587493386593073	0.018169397	0.5128488	1.0	1.0	degenerated	True	pain_ligand:FGF2
AF_outer	AF_outer	FGF2	SDC3	0.3395281	1.0	0.080759116	0.01809090006853356	-0.13618775703777872	0.01976373	0.5034178	1.0	1.0	degenerated	True	pain_ligand:FGF2
T_cell	NP_mature_chondrocyte	VEGFA	SIRPA	0.37042934	1.0	0.12435164	-0.20862091946461017	-0.3097209688930264	0.0061925957	0.5571227	1.0	1.0	degenerated	True	pain_ligand:VEGFA
T_cell	Pericyte_SMC	ADAM10	IL6R	0.3389415	0.01	0.09581162	0.1322729332637986	0.1262216511311655	0.007140623	0.5247618	1.0	1.0	degenerated	True	pain_receptor:IL6R
AF_outer	AF_outer	ANGPT1	ITGA5	0.30358246	0.0	0.08137744	0.10097174575444112	0.021991552331949937	0.011030557	0.50437117	0.5285041370766863	1.0	degenerated	True	pain_ligand:ANGPT1
AF_outer	AF_inner	VEGFA	ITGAV	0.37316877	1.0	0.13849643	-0.30059279110006343	-0.7405741727685373	0.004407076	0.5703694	1.0	1.0	degenerated	True	pain_ligand:VEGFA
AF_outer	AF_inner	VEGFA	NRP2	0.44123578	1.0	0.1855482	-0.3071669889441165	-0.7267442940539048	0.005528033	0.60577655	1.0	1.0	degenerated	True	pain_ligand:VEGFA; pain_receptor:NRP2
AF_outer	AF_inner	VEGFA	SIRPA	0.3073035	1.0	0.09296664	-0.26603668304237443	-0.6811983782814173	0.004629652	0.52100176	1.0	1.0	degenerated	True	pain_ligand:VEGFA
AF_outer	AF_inner	PIGF	FLT1	0.3066408	0.0	0.08255253	0.20657257955803598	0.18477648781609834	0.022031644	0.50616306	0.11403357641736103	1.0	degenerated	True	pain_receptor:FLT1
AF_outer	AF_inner	SEMA3A	NRP2	0.37397963	1.0	0.11333616	-0.16138213060225803	-0.3533323925373828	0.0070570274	0.5456513	1.0	1.0	degenerated	True	pain_ligand:SEMA3A; pain_receptor:NRP2
AF_outer	AF_inner	SEMA3E	NRP2	0.3921755	1.0	0.13287282	-0.06398668433820862	-0.16187909271995898	0.017346622	0.56528324	1.0	1.0	degenerated	True	pain_receptor:NRP2
NP_mature_chondrocyte	AF_inner	NGF	KIDINS220	0.28928822	0.49	0.08361349	0.048418476008189174	0.09090019878222444	0.015707197	0.50775903	1.0	1.0	degenerated	True	pain_ligand:NGF
NP_mature_chondrocyte	AF_inner	NGF	MAGED1	0.3145522	1.0	0.097795404	-0.03516723239983599	0.03595951809286263	0.019323112	0.5273165	1.0	1.0	degenerated	True	pain_ligand:NGF
NP_mature_chondrocyte	AF_inner	PDGFA	PDGFRA	0.30573273	0.98	0.086559236	-0.004616045762357579	0.020368784666076334	0.0103474865	0.51208526	1.0	1.0	degenerated	True	pain_ligand:PDGFA
NP_mature_chondrocyte	AF_inner	PDGFC	FLT1	0.31996882	0.0	0.08787081	0.1257711756963039	0.23260419623592316	0.020388015	0.5139639	0.1713813330494511	1.0	degenerated	True	pain_receptor:FLT1
T_cell	Pericyte_SMC	VEGFA	GPC1	0.32444096	1.0	0.07984787	-0.29350356960728075	-0.35751988305389937	0.004563315	0.50199944	1.0	1.0	degenerated	True	pain_ligand:VEGFA
AF_outer	AF_inner	FGF2	FGFR2	0.36376315	1.0	0.106221646	0.016155917742104134	-0.12003041288109426	0.02216081	0.5376039	1.0	1.0	degenerated	True	pain_ligand:FGF2
AF_outer	AF_inner	FGF2	FGFR3	0.40856728	0.22	0.15329503	0.12792080471876693	-0.02307496337189066	0.042380966	0.58276105	0.7732712861846088	1.0	degenerated	True	pain_ligand:FGF2
AF_outer	AF_inner	ADAM10	IL6R	0.32000262	0.0	0.09528186	0.09771359477935333	-0.0989003743051945	0.007101142	0.5240703	1.0	1.0	degenerated	True	pain_receptor:IL6R
NP_mature_chondrocyte	EP_hyaline	PDGFA	PDGFRA	0.4627517	0.0	0.1564599	0.19403967343478107	0.29999975299227816	0.01870357	0.5852434	0.06649747838844813	1.0	degenerated	True	pain_ligand:PDGFA
T_cell	T_cell	TNFSF13B	HLA-DPB1	0.309861	0.0	0.08116269	0.36931393601441	0.630357986192579	0.021667648	0.5040409	0.022358887538781447	1.0	degenerated	True	pain_ligand:TNF
T_cell	T_cell	TNFSF13B	TFRC	0.4068226	0.0	0.11761941	0.23152400950436036	0.3674640912415944	0.020941978	0.55024564	0.03787766152144277	1.0	degenerated	True	pain_ligand:TNF
AF_inner	T_cell	TNFSF9	HLA-DPA1	0.32537708	0.0	0.081413016	0.43145136288107083	0.6674780819372345	0.022177838	0.50442576	0.022358887538781447	1.0	degenerated	True	pain_ligand:TNF
AF_inner	unassigned	ADAM10	IL6R	0.58961207	0.0	0.14956595	0.4685588482348957	1.0634496355503495	0.011146812	0.57976407	0.2600098472956938	1.0	degenerated	True	pain_receptor:IL6R
T_cell	T_cell	VEGFA	SIRPA	0.36542374	1.0	0.119507656	-0.2167530078508401	-0.21860453456769996	0.0059513696	0.5522155	1.0	1.0	degenerated	True	pain_ligand:VEGFA
AF_inner	T_cell	GRN	TNFRSF1A	0.44662035	1.0	0.19677924	-0.31675048889651736	-0.5163843049526526	0.0032693427	0.6127715	1.0	1.0	degenerated	True	pain_receptor:TNFRSF1A
AF_inner	T_cell	ADAM17	IL6R	0.36551017	0.0	0.11968629	0.1835030694979105	0.22499652628863087	0.01149436	0.5524002	0.458188658463153	1.0	degenerated	True	pain_receptor:IL6R
T_cell	unassigned	VEGFA	SIRPA	0.3998707	1.0	0.15284255	-0.16078871101537098	0.2034653936820751	0.0076114163	0.5824017	1.0	1.0	degenerated	True	pain_ligand:VEGFA
NP_mature_chondrocyte	AF_inner	TNFSF12	TNFRSF12A	0.53821933	1.0	0.15385894	-0.18945323678708673	-0.28702137502532316	0.0065968614	0.5832074	1.0	1.0	degenerated	True	pain_ligand:TNF
NP_mature_chondrocyte	AF_inner	VEGFB	ADRB2	0.3053348	1.0	0.08790122	-0.12272560153662361	-0.41430791834246083	0.011330949	0.51400703	1.0	1.0	degenerated	True	pain_ligand:VEGFB
AF_inner	Pericyte_SMC	TNFSF12	TNFRSF12A	0.4264887	1.0	0.118047476	-0.29581081232957107	-0.3957010330930561	0.0050614076	0.55069506	1.0	1.0	degenerated	True	pain_ligand:TNF
AF_inner	NP_mature_chondrocyte	VEGFB	ADRB2	0.39653242	0.87	0.15722452	0.03468471997623768	0.12781870878095264	0.020267103	0.585835	1.0	1.0	degenerated	True	pain_ligand:VEGFB
unassigned	AF_inner	VEGFA	GPC1	0.37317973	1.0	0.09526617	-0.2467012881761649	0.0039462717545048764	0.005444473	0.52404976	1.0	1.0	degenerated	True	pain_ligand:VEGFA
unassigned	AF_inner	VEGFA	SIRPA	0.4259565	1.0	0.15679693	-0.15076312818916068	0.1289036043669083	0.0078083407	0.58550453	1.0	1.0	degenerated	True	pain_ligand:VEGFA
NP_mature_chondrocyte	EP_hyaline	NGF	KIDINS220	0.32211387	0.0	0.10204014	0.09378656191200062	0.15468859723243167	0.01916873	0.5326085	0.2629424634058787	1.0	degenerated	True	pain_ligand:NGF
AF_inner	NP_mature_chondrocyte	FGF2	FGFR2	0.4231303	0.1	0.10235042	0.04505715247548439	0.0332018574207566	0.021353163	0.5329864	0.6195139642268302	1.0	degenerated	True	pain_ligand:FGF2
AF_inner	NP_mature_chondrocyte	FGF2	FGFR3	0.45851976	0.0	0.15189976	0.13462944518825581	0.19350141093030387	0.041995216	0.58164907	0.15303380666309374	1.0	degenerated	True	pain_ligand:FGF2
AF_inner	NP_mature_chondrocyte	FGF2	SDC4	0.7522998	0.0	0.56322575	0.0935769777134228	0.17610839725629812	0.027352445	0.72805494	0.2637123134646414	1.0	degenerated	True	pain_ligand:FGF2
unassigned	AF_outer	CXCL2	DPP4	0.39627624	0.0	0.15615945	0.4020140613110549	1.095902972398253	0.045891132	0.5850101	0.022358887538781447	1.0	degenerated	True	pain_ligand:CXCL2
AF_inner	NP_fibrocartilaginous	SEMA3A	NRP2	0.4136846	1.0	0.1177832	-0.11973677264031073	-0.26221177816431923	0.0073339287	0.5504178	1.0	1.0	degenerated	True	pain_ligand:SEMA3A; pain_receptor:NRP2
AF_inner	NP_fibrocartilaginous	SEMA3E	NRP2	0.41903573	0.98	0.124682575	-0.04887269623760897	-0.08768349187525964	0.016277382	0.5574506	1.0	1.0	degenerated	True	pain_receptor:NRP2
unassigned	AF_outer	VEGFA	EGFR	0.45708036	1.0	0.19308327	0.01680300842977056	0.38147923278922136	0.0123969335	0.6105196	1.0	1.0	degenerated	True	pain_ligand:VEGFA
AF_inner	NP_fibrocartilaginous	FGF2	SDC1	0.42045474	0.01	0.09860434	0.14333768769402114	0.07323129794856047	0.04154735	0.528343	0.38818642579131674	1.0	degenerated	True	pain_ligand:FGF2
AF_inner	NP_fibrocartilaginous	FGF2	SDC2	0.74496305	1.0	0.5529535	-0.08398331446407861	-0.2521276276688108	0.017219719	0.7262289	1.0	1.0	degenerated	True	pain_ligand:FGF2
AF_inner	NP_fibrocartilaginous	FGF2	SDC3	0.4278443	0.01	0.108950555	0.1192199491588342	0.06775814212725263	0.026662864	0.54075515	0.38818642579131674	1.0	degenerated	True	pain_ligand:FGF2
NP_mature_chondrocyte	AF_outer	CXCL2	DPP4	0.29959878	0.0	0.08525833	0.2507700593293618	0.2293468240515626	0.025055168	0.51019335	0.07571725240532276	1.0	degenerated	True	pain_ligand:CXCL2
AF_inner	Macrophage	VEGFB	ADRB2	0.33079976	1.0	0.10461201	-0.08372081944063907	-0.14421470483740206	0.013485062	0.53570545	1.0	1.0	degenerated	True	pain_ligand:VEGFB
AF_inner	Macrophage	SEMA3A	NRP2	0.47102794	0.73	0.138737	-0.05275900301407435	-0.09794816582171034	0.008638644	0.57058203	1.0	1.0	degenerated	True	pain_ligand:SEMA3A; pain_receptor:NRP2
AF_inner	Macrophage	SEMA3E	NRP2	0.47637907	0.15	0.14686377	0.0181050733886274	0.07658012046734924	0.019173149	0.5775414	0.6891082037426672	1.0	degenerated	True	pain_receptor:NRP2
NP_mature_chondrocyte	AF_outer	FGF2	SDC1	0.5497943	0.0	0.103085816	0.24403907806789013	0.49140443582778975	0.043435648	0.5338773	0.03111916750158586	1.0	degenerated	True	pain_ligand:FGF2
NP_mature_chondrocyte	AF_outer	FGF2	SDC3	0.57491547	0.0	0.15313223	0.28258555925658196	0.5245297005423765	0.037475202	0.5826319	0.022358887538781447	1.0	degenerated	True	pain_ligand:FGF2
unassigned	EP_hyaline	VEGFA	SIRPA	0.41206145	1.0	0.1405971	-0.17333773027065524	0.060887947752049976	0.007001605	0.5722129	1.0	1.0	degenerated	True	pain_ligand:VEGFA
unassigned	EP_ossification	ADAM10	IL6R	0.4119166	0.02	0.15280262	0.22097843325389638	0.49046151598823523	0.011388034	0.58236986	0.47401838881529007	1.0	degenerated	True	pain_receptor:IL6R
unassigned	EP_ossification	GRN	TNFRSF1A	0.72816956	0.54	0.52526224	0.0009814677166536806	0.3343059174928067	0.0087268455	0.721092	1.0	1.0	degenerated	True	pain_receptor:TNFRSF1A
AF_inner	Macrophage	FGF2	SDC3	0.4532357	0.0	0.1445014	0.19835327821518906	0.1698998956670873	0.03536303	0.5755619	0.1312911538428937	1.0	degenerated	True	pain_ligand:FGF2
AF_inner	Macrophage	ADAM17	IL6R	0.3057931	0.0	0.09011874	0.09597565673958144	0.026315562000517767	0.00865477	0.51711833	1.0	1.0	degenerated	True	pain_receptor:IL6R
AF_inner	EP_ossification	TNFSF11	TNFRSF11B	0.3702964	0.94	0.11788418	-0.028006787869780503	-0.243175267077555	0.040735226	0.5505238	1.0	1.0	degenerated	True	pain_ligand:TNF
AF_inner	EP_ossification	TNFSF12	TNFRSF12A	0.5505476	0.98	0.16117351	-0.17558705479066114	-0.18498449377666443	0.0069104815	0.5888412	1.0	1.0	degenerated	True	pain_ligand:TNF
unassigned	EP_ossification	VEGFA	SIRPA	0.4102077	1.0	0.13843589	-0.17634947340527637	0.11455195275480146	0.006893978	0.5703158	1.0	1.0	degenerated	True	pain_ligand:VEGFA
NP_mature_chondrocyte	AF_outer	NGF	KIDINS220	0.3612151	0.0	0.12398963	0.1478282561402614	0.23478777523133815	0.023292048	0.556763	0.126249445540745	1.0	degenerated	True	pain_ligand:NGF
NP_mature_chondrocyte	EP_hyaline	FGF2	FGFR2	0.5674826	0.0	0.13832445	0.20230644535843556	0.47792290750357547	0.028858352	0.5702172	0.05884396327534338	1.0	degenerated	True	pain_ligand:FGF2
AF_inner	EP_ossification	SEMA3A	NRP2	0.40991285	0.84	0.11640497	-0.12414199467007182	-0.24923843600382006	0.007248111	0.54896104	1.0	1.0	degenerated	True	pain_ligand:SEMA3A; pain_receptor:NRP2
AF_inner	EP_ossification	SEMA3E	NRP2	0.41526398	0.64	0.12322361	-0.053277918267370064	-0.07471014971476048	0.016086914	0.5559982	1.0	1.0	degenerated	True	pain_receptor:NRP2
unassigned	Macrophage	ADAM10	IL6R	0.32302213	0.01	0.10266225	0.09068573435554256	0.3829876562562082	0.0076511856	0.53336495	1.0	1.0	degenerated	True	pain_receptor:IL6R
NP_mature_chondrocyte	AF_outer	SEMA3A	NRP2	0.45472336	1.0	0.2059633	-0.03125253052125061	-0.04299797422963264	0.012824579	0.6181693	1.0	1.0	degenerated	True	pain_ligand:SEMA3A; pain_receptor:NRP2
NP_mature_chondrocyte	AF_outer	SEMA3E	NRP2	0.43462068	0.96	0.18653668	0.027227045826519053	0.07839425892133828	0.02435247	0.60641086	1.0	1.0	degenerated	True	pain_receptor:NRP2
AF_inner	EP_hyaline	VEGFB	ADRB2	0.30870205	1.0	0.086924985	-0.12352581413848462	-0.15996003758255217	0.011205109	0.51261204	1.0	1.0	degenerated	True	pain_ligand:VEGFB
AF_inner	EP_ossification	ADAM10	IL6R	0.34318292	0.09	0.07832118	0.1073679094841806	-0.05454042441519272	0.0058371006	0.49958625	1.0	1.0	degenerated	True	pain_receptor:IL6R
AF_inner	EP_ossification	ADAM17	IL6R	0.3946876	0.02	0.13413285	0.22626835563793524	0.13378942173254482	0.01288177	0.56644255	0.4434763784350897	1.0	degenerated	True	pain_receptor:IL6R
AF_inner	EP_hyaline	SEMA3A	NRP2	0.4245202	1.0	0.12174263	-0.10708050392405866	-0.18332327216431737	0.0075804675	0.5545052	1.0	1.0	degenerated	True	pain_ligand:SEMA3A; pain_receptor:NRP2
AF_inner	EP_hyaline	SEMA3E	NRP2	0.42987132	0.87	0.12887393	-0.036216427521356905	-0.008794985875257788	0.016824566	0.561525	1.0	1.0	degenerated	True	pain_receptor:NRP2
unassigned	Macrophage	VEGFA	ITGA9	0.4170753	0.83	0.14644262	0.5274959754122998	0.5708021743008935	0.03835819	0.57719105	0.03997052316898378	1.0	degenerated	True	pain_ligand:VEGFA
AF_inner	EP_hyaline	FGF2	FGFR2	0.41946197	0.14	0.09721433	0.03598194957159713	-0.012781051506753571	0.020281631	0.5265737	0.6781065007716052	1.0	degenerated	True	pain_ligand:FGF2
AF_inner	EP_hyaline	FGF2	FGFRL1	0.7501674	0.0	0.5602402	0.17845038984878375	0.2203089649674187	0.03300196	0.72752845	0.08288077561067307	1.0	degenerated	True	pain_ligand:FGF2
unassigned	NP_fibrocartilaginous	CXCL2	DPP4	0.45075992	0.0	0.20256467	0.5140588743717643	1.3255789368749158	0.059528407	0.61620367	0.02150948333912324	1.0	degenerated	True	pain_ligand:CXCL2
NP_mature_chondrocyte	AF_outer	TNFSF11	TNFRSF11B	0.49578997	0.97	0.16068928	0.06729766762206037	0.18081938969318256	0.055526655	0.58847684	0.6916356215619432	1.0	degenerated	True	pain_ligand:TNF
unassigned	NP_fibrocartilaginous	GRN	TNFRSF1A	0.7553592	0.03	0.56869274	0.03413489927285018	0.3692163849618646	0.009448412	0.72901016	0.8617026829256489	1.0	degenerated	True	pain_receptor:TNFRSF1A
AF_inner	B_cell	TNFSF9	HLA-DPA1	0.4154568	0.0	0.11185798	0.6385593685997554	0.9170629560508824	0.030471396	0.5440235	0.022358887538781447	1.0	degenerated	True	pain_ligand:TNF
unassigned	NP_fibrocartilaginous	VEGFA	EGFR	0.45475203	1.0	0.19036873	0.012040202164507463	0.39619910124022106	0.012222646	0.6088349	1.0	1.0	degenerated	True	pain_ligand:VEGFA
NP_mature_chondrocyte	B_cell	CXCL8	CD79A	0.43904102	0.0	0.17156662	2.095176136559027	0.1739368213881891	0.0421707	0.5963843	0.11889851557751005	1.0	degenerated	True	pain_ligand:CXCL8
AF_inner	AF_outer	SEMA3A	NRP2	0.33294466	1.0	0.08828008	-0.2140414363014026	-0.4534674273677623	0.0054968772	0.5145442	1.0	1.0	degenerated	True	pain_ligand:SEMA3A; pain_receptor:NRP2
AF_inner	AF_outer	SEMA3E	NRP2	0.3382958	1.0	0.093451254	-0.14317735989870087	-0.2789391410787027	0.012200115	0.52165043	1.0	1.0	degenerated	True	pain_receptor:NRP2
AF_inner	AF_outer	FGF2	FGFR2	0.4329205	0.06	0.1160578	0.0692773195387017	0.011264159910518878	0.024212906	0.54859126	0.5527870740140701	1.0	degenerated	True	pain_ligand:FGF2
AF_inner	AF_outer	FGF2	SDC3	0.42689487	0.02	0.10762124	0.11626106346974353	0.033825741532047454	0.02633755	0.53923047	0.4434763784350897	1.0	degenerated	True	pain_ligand:FGF2
unassigned	NP_mature_chondrocyte	VEGFA	GPC1	0.4196428	1.0	0.14943597	-0.16967310226206345	0.099362717698455	0.008540283	0.57965815	1.0	1.0	degenerated	True	pain_ligand:VEGFA
unassigned	NP_mature_chondrocyte	VEGFA	SIRPA	0.41996706	1.0	0.14981402	-0.16049414707028123	0.07806624930881706	0.0074605984	0.5799659	1.0	1.0	degenerated	True	pain_ligand:VEGFA
NP_mature_chondrocyte	B_cell	NGF	KIDINS220	0.3882134	0.01	0.13914509	0.18514231085996086	0.5645330431121522	0.026139075	0.5709418	0.38818642579131674	1.0	degenerated	True	pain_ligand:NGF
NP_mature_chondrocyte	B_cell	TNFSF9	HLA-DPA1	0.4298333	0.0	0.13089027	0.6694101402624906	0.976146670711489	0.035656005	0.5634352	0.019249400879762735	1.0	degenerated	True	pain_ligand:TNF
AF_inner	AF_inner	TNFSF12	TNFRSF12A	0.5402856	1.0	0.15760618	-0.18553175238649944	-0.22145968053488113	0.0067575285	0.58612907	1.0	1.0	degenerated	True	pain_ligand:TNF
AF_inner	AF_inner	VEGFB	ADRB2	0.31627065	1.0	0.092982896	-0.10989232537576386	-0.24973035158378548	0.011986006	0.5210235	1.0	1.0	degenerated	True	pain_ligand:VEGFB
unassigned	Pericyte_SMC	VEGFA	GPC1	0.37397867	1.0	0.096197605	-0.24537679721295183	0.030267335147944135	0.0054977043	0.5252631	1.0	1.0	degenerated	True	pain_ligand:VEGFA
AF_inner	AF_inner	SEMA3A	NRP2	0.359774	1.0	0.098083764	-0.18270464264591263	-0.33969793851334645	0.006107317	0.52768344	1.0	1.0	degenerated	True	pain_ligand:SEMA3A; pain_receptor:NRP2
AF_inner	AF_inner	SEMA3E	NRP2	0.36512512	1.0	0.103829205	-0.11184056624321087	-0.16516965222428687	0.013554963	0.5347712	1.0	1.0	degenerated	True	pain_receptor:NRP2
unassigned	Pericyte_SMC	VEGFA	ITGAV	0.7437977	0.08	0.527358	0.15235922671406757	0.5582442475840365	0.016780987	0.7214923	0.5859597794384245	1.0	degenerated	True	pain_ligand:VEGFA
unassigned	T_cell	ADAM10	IL6R	0.3827392	0.0	0.13634525	0.17821314711387165	0.5816686205443213	0.010161503	0.56845033	0.6269118508135982	1.0	degenerated	True	pain_receptor:IL6R
unassigned	T_cell	VEGFA	SIRPA	0.41496146	1.0	0.14397816	-0.16862623545651115	0.16918268363414352	0.0071699787	0.57511884	1.0	1.0	degenerated	True	pain_ligand:VEGFA
unassigned	unassigned	VEGFA	SIRPA	0.4494084	1.0	0.18413875	-0.11266193862104204	0.5912526118839185	0.009169938	0.6048658	1.0	1.0	degenerated	True	pain_ligand:VEGFA
